full_name,gw,total_points,position,team,opponent_team,was_home,team_strength_attack,team_strength_defence,team_strength_overall,opponent_strength_attack,opponent_strength_defence,opponent_strength_overall,xP,assists,bonus,bps,clean_sheets,creativity,expected_assists,expected_goal_involvements,expected_goals,expected_goals_conceded,goals_conceded,goals_scored,ict_index,influence,minutes,own_goals,penalties_missed,penalties_saved,red_cards,saves,starts,threat,ewma_total_points,transfers_balance,transfers_in,transfers_out,value,yellow_cards,opponent_team_name,ewma_team_goals,ewma_team_points,team_name_nw_opponent,team_nw_opponent,ewma_team_goals_nw_opponent,ewma_team_points_nw_opponent,predicted_points,owner,fixture_diff_index,predicted_points_adj
aaron_anselmino,1,0,DEF,Chelsea,10,0,0,0,4,0,0,2,1.7,0.0,0.0,0.0,0.0,0.0,0.0,0.0,0.0,0.0,0.0,0.0,0.0,0.0,0.0,0.0,0.0,0.0,0.0,0.0,0.0,0.0,0.0,0.0,0.0,0.0,45.0,0.0,Fulham,3.0,3.0,Hull City,Hull City,2.0,3.0,0.6545815875202331,,0.5,0.32729079376011655
aaron_hickey,1,1,DEF,Brentford,19,1,0,0,3,0,0,3,1.7,0.0,0.0,2.0,0.0,0.3,0.0,0.0,0.0,0.1,0.0,0.0,0.0,0.0,14.0,0.0,0.0,0.0,0.0,0.0,0.0,0.0,1.0,0.0,0.0,0.0,45.0,0.0,Spurs,3.0,3.0,Bournemouth,Bournemouth,1.0,0.0,1.4711682825373542,,2.0,2.9423365650747084
abdoul_ouattara,1,1,DEF,Ipswich Town,20,1,0,0,2,0,0,3,1.0,0.0,0.0,4.0,0.0,10.0,0.0,0.0,0.0,0.03,0.0,0.0,1.5,5.2,10.0,0.0,0.0,0.0,0.0,0.0,0.0,0.0,1.0,0.0,0.0,0.0,40.0,0.0,Sunderland,2.0,3.0,Crystal Palace,Crystal Palace,0.0,0.0,0.9470011585946718,,2.0,1.8940023171893436
abdukodir_khusanov,1,2,DEF,Man City,3,1,0,0,4,0,0,3,2.5,0.0,0.0,14.0,0.0,3.4,0.02,0.02,0.0,0.65,1.0,0.0,2.0,17.0,90.0,0.0,0.0,0.0,0.0,0.0,1.0,0.0,2.0,0.0,0.0,0.0,55.0,0.0,Bournemouth,2.0,3.0,Man Utd,Man Utd,0.0,0.0,3.211374150410104,14972.0,2.0,6.422748300820208
abdul_fatawu,1,2,MID,Ipswich Town,20,1,0,0,2,0,0,3,2.0,0.0,0.0,22.0,0.0,28.4,0.41,0.41,0.0,0.63,1.0,0.0,5.5,18.6,65.0,0.0,0.0,0.0,0.0,0.0,1.0,8.0,2.0,0.0,0.0,0.0,55.0,0.0,Sunderland,2.0,3.0,Crystal Palace,Crystal Palace,0.0,0.0,2.414171937370041,,1.5646884625857231,3.7774269771011264
abdulkadir_omur,1,0,MID,Hull City,16,1,0,0,2,0,0,4,1.5,0.0,0.0,0.0,0.0,0.0,0.0,0.0,0.0,0.0,0.0,0.0,0.0,0.0,0.0,0.0,0.0,0.0,0.0,0.0,0.0,0.0,0.0,0.0,0.0,0.0,50.0,0.0,Man Utd,2.0,3.0,Chelsea,Chelsea,3.0,3.0,0.4265963310772205,,0.532607108061187,0.2272082382045511
abu_kamara,1,0,MID,Hull City,16,1,0,0,2,0,0,4,0.0,0.0,0.0,0.0,0.0,0.0,0.0,0.0,0.0,0.0,0.0,0.0,0.0,0.0,0.0,0.0,0.0,0.0,0.0,0.0,0.0,0.0,0.0,0.0,0.0,0.0,50.0,0.0,Man Utd,2.0,3.0,Chelsea,Chelsea,3.0,3.0,0.28492034886660567,,0.532607108061187,0.15175060303762736
adam_aznou,1,0,DEF,Everton,8,1,0,0,3,0,0,3,1.0,0.0,0.0,0.0,0.0,0.0,0.0,0.0,0.0,0.0,0.0,0.0,0.0,0.0,0.0,0.0,0.0,0.0,0.0,0.0,0.0,0.0,0.0,0.0,0.0,0.0,40.0,0.0,Crystal Palace,2.0,3.0,Spurs,Spurs,0.0,0.0,0.2051375336961483,,2.0,0.4102750673922966
adam_smith,1,1,DEF,Bournemouth,15,0,0,0,3,0,0,4,1.7,0.0,0.0,4.0,0.0,0.6,0.0,0.0,0.0,2.25,2.0,0.0,0.8,7.0,90.0,0.0,0.0,0.0,0.0,0.0,1.0,0.0,1.0,0.0,0.0,0.0,45.0,0.0,Man City,1.0,0.0,Brentford,Brentford,3.0,3.0,2.0666951576095713,,0.5,1.0333475788047857
adam_wharton,1,4,MID,Crystal Palace,9,0,0,0,3,0,0,3,2.0,0.0,0.0,20.0,0.0,30.9,0.24,0.24,0.0,1.12,2.0,0.0,4.8,16.8,90.0,0.0,0.0,0.0,0.0,0.0,1.0,0.0,4.0,0.0,0.0,0.0,55.0,0.0,Everton,0.0,0.0,Ipswich Town,Ipswich Town,2.0,3.0,4.1876455795069,,0.7133184921308123,2.9871250303521237
adrien_truffert,1,1,DEF,Bournemouth,15,0,0,0,3,0,0,4,2.5,0.0,0.0,0.0,0.0,1.3,0.0,0.0,0.0,2.25,2.0,0.0,1.7,15.4,90.0,0.0,0.0,0.0,0.0,0.0,1.0,0.0,1.0,0.0,0.0,0.0,55.0,0.0,Man City,1.0,0.0,Brentford,Brentford,3.0,3.0,2.607223026268241,61014.0,0.5,1.3036115131341206
aladji_bamba,1,1,MID,Newcastle,14,1,0,0,2,0,0,4,1.5,0.0,0.0,5.0,0.0,0.0,0.0,0.0,0.0,1.04,1.0,0.0,0.4,4.0,14.0,0.0,0.0,0.0,0.0,0.0,0.0,0.0,1.0,0.0,0.0,0.0,50.0,0.0,Liverpool,2.0,1.0,Leeds,Leeds,1.0,3.0,1.2116511013021611,,0.6479143129270348,0.7850460908074748
alejandro_garnacho_ferreyra,1,1,MID,Aston Villa,5,0,0,0,4,0,0,2,2.2,0.0,0.0,2.0,0.0,0.0,0.0,0.0,0.0,0.14,0.0,0.0,0.0,0.0,4.0,0.0,0.0,0.0,0.0,0.0,0.0,0.0,1.0,0.0,0.0,0.0,60.0,0.0,Brighton,0.0,0.0,Nott'm Forest,Nott'm Forest,0.0,0.0,1.3280043546284008,,0.5162344193969673,0.6855615569682368
alex_iwobi,1,2,MID,Fulham,6,1,0,0,2,0,0,4,2.0,0.0,0.0,17.0,0.0,11.3,0.04,0.04,0.0,2.24,3.0,0.0,2.4,12.4,90.0,0.0,0.0,0.0,0.0,0.0,1.0,0.0,2.0,0.0,0.0,0.0,55.0,0.0,Chelsea,2.0,0.0,Liverpool,Liverpool,2.0,1.0,2.623363282804571,,0.7684565106809018,2.0159405945523967
alex_murphy,1,0,DEF,Newcastle,14,1,0,0,2,0,0,4,0.0,0.0,0.0,0.0,0.0,0.0,0.0,0.0,0.0,0.0,0.0,0.0,0.0,0.0,0.0,0.0,0.0,0.0,0.0,0.0,0.0,0.0,0.0,0.0,0.0,0.0,40.0,0.0,Liverpool,2.0,1.0,Leeds,Leeds,1.0,3.0,0.14137696278564782,,1.1454902161551892,0.16194592766069585
alex_palmer,1,0,GK,Ipswich Town,20,1,0,0,2,0,0,3,1.0,0.0,0.0,0.0,0.0,0.0,0.0,0.0,0.0,0.0,0.0,0.0,0.0,0.0,0.0,0.0,0.0,0.0,0.0,0.0,0.0,0.0,0.0,0.0,0.0,0.0,40.0,0.0,Sunderland,2.0,3.0,Crystal Palace,Crystal Palace,0.0,0.0,-0.012962135363476568,,2.0,-0.025924270726953136
alex_scott,1,2,MID,Bournemouth,15,0,0,0,3,0,0,4,2.2,0.0,0.0,17.0,0.0,4.8,0.01,0.01,0.0,2.25,2.0,0.0,1.6,11.4,90.0,0.0,0.0,0.0,0.0,0.0,1.0,0.0,2.0,0.0,0.0,0.0,60.0,0.0,Man City,1.0,0.0,Brentford,Brentford,3.0,3.0,2.7592780861239143,14973.0,0.5,1.3796390430619572
alex_toth,1,1,MID,Bournemouth,15,0,0,0,3,0,0,4,1.5,0.0,0.0,5.0,0.0,0.6,0.0,0.0,0.0,0.31,2.0,0.0,0.3,2.8,15.0,0.0,0.0,0.0,0.0,0.0,0.0,0.0,1.0,0.0,0.0,0.0,50.0,0.0,Man City,1.0,0.0,Brentford,Brentford,3.0,3.0,1.3722035408642548,,0.5,0.6861017704321274
alexander_isak,1,2,FWD,Liverpool,17,0,0,0,4,0,0,2,2.7,0.0,0.0,6.0,0.0,14.6,0.01,1.1,1.09,1.58,2.0,0.0,9.2,11.4,90.0,0.0,0.0,0.0,0.0,0.0,1.0,66.0,2.0,0.0,0.0,0.0,90.0,0.0,Newcastle,2.0,1.0,Fulham,Fulham,2.0,0.0,4.08940625992348,14973.0,1.43679012345679,5.8756185250604265
alexis_mac_allister,1,1,MID,Liverpool,17,0,0,0,4,0,0,2,2.0,0.0,0.0,9.0,0.0,1.4,0.01,0.01,0.0,1.07,0.0,0.0,0.7,5.8,27.0,0.0,0.0,0.0,0.0,0.0,0.0,0.0,1.0,0.0,0.0,0.0,55.0,0.0,Newcastle,2.0,1.0,Fulham,Fulham,2.0,0.0,1.843359141381625,,2.0,3.68671828276325
alfie_cresswell,1,0,MID,Leeds,18,0,0,0,3,0,0,3,1.0,0.0,0.0,0.0,0.0,0.0,0.0,0.0,0.0,0.0,0.0,0.0,0.0,0.0,0.0,0.0,0.0,0.0,0.0,0.0,0.0,0.0,0.0,0.0,0.0,0.0,45.0,0.0,Nott'm Forest,1.0,3.0,Newcastle,Newcastle,2.0,1.0,0.2422073866533545,,1.9644625221347685,0.47580733366471983
alfie_mcnally,1,0,GK,Fulham,6,1,0,0,2,0,0,4,1.0,0.0,0.0,0.0,0.0,0.0,0.0,0.0,0.0,0.0,0.0,0.0,0.0,0.0,0.0,0.0,0.0,0.0,0.0,0.0,0.0,0.0,0.0,0.0,0.0,0.0,40.0,0.0,Chelsea,2.0,0.0,Liverpool,Liverpool,2.0,1.0,0.015409310836905776,,0.5,0.007704655418452888
ali_al_hamadi,1,0,FWD,Ipswich Town,20,1,0,0,2,0,0,3,1.4,0.0,0.0,0.0,0.0,0.0,0.0,0.0,0.0,0.0,0.0,0.0,0.0,0.0,0.0,0.0,0.0,0.0,0.0,0.0,0.0,0.0,0.0,0.0,0.0,0.0,50.0,0.0,Sunderland,2.0,3.0,Crystal Palace,Crystal Palace,0.0,0.0,0.2331433489429462,,2.0,0.4662866978858924
alisson_becker,1,2,GK,Liverpool,17,0,0,0,4,0,0,2,3.3,0.0,0.0,7.0,0.0,0.0,0.0,0.0,0.0,1.58,2.0,0.0,1.8,17.8,90.0,0.0,0.0,0.0,0.0,3.0,1.0,0.0,2.0,0.0,0.0,0.0,55.0,0.0,Newcastle,2.0,1.0,Fulham,Fulham,2.0,0.0,3.1014189272027153,15210.0,1.0,3.1014189272027153
altay_bayindir,1,0,GK,Man Utd,11,0,0,0,4,0,0,2,0.0,0.0,0.0,0.0,0.0,0.0,0.0,0.0,0.0,0.0,0.0,0.0,0.0,0.0,0.0,0.0,0.0,0.0,0.0,0.0,0.0,0.0,0.0,0.0,0.0,0.0,45.0,0.0,Hull City,0.0,0.0,Man City,Man City,2.0,3.0,0.3118337837868672,,0.5,0.1559168918934336
alvaro_rodriguez,1,0,FWD,Bournemouth,15,0,0,0,3,0,0,4,1.5,0.0,0.0,0.0,0.0,0.0,0.0,0.0,0.0,0.0,0.0,0.0,0.0,0.0,0.0,0.0,0.0,0.0,0.0,0.0,0.0,0.0,0.0,0.0,0.0,0.0,60.0,0.0,Man City,1.0,0.0,Brentford,Brentford,3.0,3.0,0.45268431375455664,50210.0,1.0017674536043424,0.4534844122765314
alysson_edward_franco_da_rocha_dos_santos,1,1,MID,Aston Villa,5,0,0,0,4,0,0,2,1.5,0.0,0.0,5.0,0.0,0.0,0.0,0.0,0.0,0.14,0.0,0.0,0.4,4.0,8.0,0.0,0.0,0.0,0.0,0.0,0.0,0.0,1.0,0.0,0.0,0.0,50.0,0.0,Brighton,0.0,0.0,Nott'm Forest,Nott'm Forest,0.0,0.0,1.0852641314721732,,0.5162344193969673,0.5602506988028914
amad_diallo,1,0,MID,Man Utd,11,0,0,0,4,0,0,2,2.2,0.0,0.0,0.0,0.0,0.0,0.0,0.0,0.0,0.0,0.0,0.0,0.0,0.0,0.0,0.0,0.0,0.0,0.0,0.0,0.0,0.0,0.0,0.0,0.0,0.0,60.0,0.0,Hull City,0.0,0.0,Man City,Man City,2.0,3.0,0.7389464898545839,,0.5,0.36947324492729194
amadou_onana,1,0,MID,Aston Villa,5,0,0,0,4,0,0,2,0.0,0.0,0.0,0.0,0.0,0.0,0.0,0.0,0.0,0.0,0.0,0.0,0.0,0.0,0.0,0.0,0.0,0.0,0.0,0.0,0.0,0.0,0.0,0.0,0.0,0.0,50.0,0.0,Brighton,0.0,0.0,Nott'm Forest,Nott'm Forest,0.0,0.0,0.21944740995434997,,0.5162344193969673,0.11328630626595212
amar_dedic,1,1,DEF,Newcastle,14,1,0,0,2,0,0,4,1.7,0.0,0.0,-1.0,0.0,1.2,0.0,0.03,0.03,2.98,2.0,0.0,2.3,16.4,90.0,0.0,0.0,0.0,0.0,0.0,1.0,5.0,1.0,0.0,0.0,0.0,45.0,0.0,Liverpool,2.0,1.0,Leeds,Leeds,1.0,3.0,1.8859114551364227,,1.1454902161551892,2.160293120393768
amine_adli,1,0,MID,Bournemouth,15,0,0,0,3,0,0,4,0.0,0.0,0.0,0.0,0.0,0.0,0.0,0.0,0.0,0.0,0.0,0.0,0.0,0.0,0.0,0.0,0.0,0.0,0.0,0.0,0.0,0.0,0.0,0.0,0.0,0.0,50.0,0.0,Man City,1.0,0.0,Brentford,Brentford,3.0,3.0,0.3015612032800683,,0.5,0.15078060164003415
anan_khalaili,1,1,DEF,Crystal Palace,9,0,0,0,3,0,0,3,2.2,0.0,0.0,12.0,0.0,26.5,0.16,0.16,0.0,0.27,0.0,0.0,5.5,24.0,35.0,0.0,0.0,0.0,0.0,0.0,0.0,4.0,1.0,0.0,0.0,0.0,50.0,0.0,Everton,0.0,0.0,Ipswich Town,Ipswich Town,2.0,3.0,2.4443774851675015,,0.5,1.2221887425837508
andres_garcia,1,0,DEF,Aston Villa,5,0,0,0,4,0,0,2,1.0,0.0,0.0,0.0,0.0,0.0,0.0,0.0,0.0,0.0,0.0,0.0,0.0,0.0,0.0,0.0,0.0,0.0,0.0,0.0,0.0,0.0,0.0,0.0,0.0,0.0,40.0,0.0,Brighton,0.0,0.0,Nott'm Forest,Nott'm Forest,0.0,0.0,0.08715912985043506,,0.5,0.04357956492521753
andrew_robertson,1,3,DEF,Spurs,4,0,0,0,3,0,0,3,1.7,0.0,0.0,13.0,0.0,19.2,0.06,0.06,0.0,3.87,3.0,0.0,5.3,31.8,90.0,0.0,0.0,0.0,0.0,0.0,1.0,2.0,3.0,0.0,0.0,0.0,45.0,0.0,Brentford,0.0,0.0,Everton,Everton,2.0,3.0,2.4259398772734677,,0.585388320151504,1.420116869545661
andrey_nascimento_dos_santos,1,2,MID,Man Utd,11,0,0,0,4,0,0,2,1.5,0.0,0.0,17.0,0.0,4.2,0.23,0.23,0.0,0.94,2.0,0.0,1.8,11.4,66.0,0.0,0.0,0.0,0.0,0.0,1.0,2.0,2.0,0.0,0.0,0.0,50.0,0.0,Hull City,0.0,0.0,Man City,Man City,2.0,3.0,1.987405771315983,,0.5,0.9937028856579915
anis_mehmeti,1,0,MID,Ipswich Town,20,1,0,0,2,0,0,3,1.5,0.0,0.0,0.0,0.0,0.0,0.0,0.0,0.0,0.0,0.0,0.0,0.0,0.0,0.0,0.0,0.0,0.0,0.0,0.0,0.0,0.0,0.0,0.0,0.0,0.0,50.0,0.0,Sunderland,2.0,3.0,Crystal Palace,Crystal Palace,0.0,0.0,0.3242989531225442,,1.5646884625857231,0.5074268303794732
anthony_elanga,1,9,MID,Newcastle,14,1,0,0,2,0,0,4,2.2,0.0,2.0,31.0,0.0,3.5,0.01,0.23,0.22,1.94,1.0,1.0,6.9,37.4,75.0,0.0,0.0,0.0,0.0,0.0,1.0,28.0,9.0,0.0,0.0,0.0,60.0,0.0,Liverpool,2.0,1.0,Leeds,Leeds,1.0,3.0,2.68342430597766,,0.6479143129270348,1.738629015499221
anthony_patterson,1,0,GK,Sunderland,12,0,0,0,3,0,0,2,0.0,0.0,0.0,0.0,0.0,0.0,0.0,0.0,0.0,0.0,0.0,0.0,0.0,0.0,0.0,0.0,0.0,0.0,0.0,0.0,0.0,0.0,0.0,0.0,0.0,0.0,40.0,0.0,Ipswich Town,1.0,0.0,Arsenal,Arsenal,3.0,3.0,0.34095395137826645,,0.5,0.17047697568913323
antoine_semenyo,1,2,MID,Man City,3,1,0,0,4,0,0,3,2.9,0.0,0.0,16.0,0.0,8.9,0.02,0.08,0.06,0.65,1.0,0.0,4.6,5.8,90.0,0.0,0.0,0.0,0.0,0.0,1.0,31.0,2.0,0.0,0.0,0.0,85.0,0.0,Bournemouth,2.0,3.0,Man Utd,Man Utd,0.0,0.0,4.150593344066376,14970.0,0.6850081449640393,2.8431902471189967
anton_stach,1,13,MID,Leeds,18,0,0,0,3,0,0,3,2.2,0.0,3.0,37.0,1.0,2.3,0.05,0.15,0.1,0.66,0.0,1.0,6.6,47.8,90.0,0.0,0.0,0.0,0.0,0.0,1.0,16.0,13.0,0.0,0.0,0.0,60.0,0.0,Nott'm Forest,1.0,3.0,Newcastle,Newcastle,2.0,1.0,4.053791106285788,50210.0,1.9644625221347685,7.963520700861672
antonee_robinson,1,1,DEF,Fulham,6,1,0,0,2,0,0,4,1.7,0.0,0.0,4.0,0.0,25.2,0.04,0.17,0.13,2.21,3.0,0.0,5.0,21.6,81.0,0.0,0.0,0.0,0.0,0.0,1.0,3.0,1.0,0.0,0.0,0.0,45.0,0.0,Chelsea,2.0,0.0,Liverpool,Liverpool,2.0,1.0,1.8306342616619764,50210.0,1.0249232205779857,1.8762595631629957
antoni_milambo,1,0,MID,Brentford,19,1,0,0,3,0,0,3,0.0,0.0,0.0,0.0,0.0,0.0,0.0,0.0,0.0,0.0,0.0,0.0,0.0,0.0,0.0,0.0,0.0,0.0,0.0,0.0,0.0,0.0,0.0,0.0,0.0,0.0,50.0,0.0,Spurs,3.0,3.0,Bournemouth,Bournemouth,1.0,0.0,0.19355174829395794,,1.5701064583692905,0.30389685002501066
antonin_kinsky,1,2,GK,Spurs,4,0,0,0,3,0,0,3,1.9,0.0,0.0,15.0,0.0,0.0,0.0,0.0,0.0,3.87,3.0,0.0,4.4,43.6,90.0,0.0,0.0,0.0,0.0,5.0,1.0,0.0,2.0,0.0,0.0,0.0,45.0,0.0,Brentford,0.0,0.0,Everton,Everton,2.0,3.0,1.8041496292666586,61014.0,1.0,1.8041496292666586
antonio_joao_pereira_de_albuquerque_tavares_da_silva,1,2,DEF,Bournemouth,15,0,0,0,3,0,0,4,2.2,0.0,0.0,5.0,0.0,0.3,0.0,0.0,0.0,2.25,2.0,0.0,3.2,31.4,90.0,0.0,0.0,0.0,0.0,0.0,1.0,0.0,2.0,0.0,0.0,0.0,50.0,1.0,Man City,1.0,0.0,Brentford,Brentford,3.0,3.0,3.2066999455714136,,0.5,1.6033499727857068
archie_gray,1,2,MID,Spurs,4,0,0,0,3,0,0,3,1.5,0.0,0.0,15.0,0.0,3.3,0.01,0.01,0.0,3.43,3.0,0.0,1.0,6.2,85.0,0.0,0.0,0.0,0.0,0.0,1.0,0.0,2.0,0.0,0.0,0.0,50.0,0.0,Brentford,0.0,0.0,Everton,Everton,2.0,3.0,2.2292438824625664,,0.5,1.1146219412312832
armin_pecsi,1,0,GK,Liverpool,17,0,0,0,4,0,0,2,0.0,0.0,0.0,0.0,0.0,0.0,0.0,0.0,0.0,0.0,0.0,0.0,0.0,0.0,0.0,0.0,0.0,0.0,0.0,0.0,0.0,0.0,0.0,0.0,0.0,0.0,40.0,0.0,Newcastle,2.0,1.0,Fulham,Fulham,2.0,0.0,0.005659615925531547,,1.0,0.005659615925531547
arnaud_kalimuendo,1,1,FWD,Nott'm Forest,13,1,0,0,3,0,0,3,1.8,0.0,0.0,3.0,0.0,0.0,0.0,0.0,0.0,0.0,0.0,0.0,0.0,0.0,1.0,0.0,0.0,0.0,0.0,0.0,0.0,0.0,1.0,0.0,0.0,0.0,55.0,0.0,Leeds,0.0,0.0,Aston Villa,Aston Villa,0.0,0.0,1.1268513156042923,,0.9197334106056213,1.0364028037461672
arthur_masuaku,1,0,DEF,Sunderland,12,0,0,0,3,0,0,2,0.0,0.0,0.0,0.0,0.0,0.0,0.0,0.0,0.0,0.0,0.0,0.0,0.0,0.0,0.0,0.0,0.0,0.0,0.0,0.0,0.0,0.0,0.0,0.0,0.0,0.0,40.0,0.0,Ipswich Town,1.0,0.0,Arsenal,Arsenal,3.0,3.0,0.2227531991080367,,0.5,0.11137659955401835
ashley_phillips,1,0,DEF,Spurs,4,0,0,0,3,0,0,3,0.0,0.0,0.0,0.0,0.0,0.0,0.0,0.0,0.0,0.0,0.0,0.0,0.0,0.0,0.0,0.0,0.0,0.0,0.0,0.0,0.0,0.0,0.0,0.0,0.0,0.0,45.0,0.0,Brentford,0.0,0.0,Everton,Everton,2.0,3.0,0.31479533854731856,,0.585388320151504,0.1842775144237388
aurele_amenda,1,1,DEF,Coventry City,1,0,0,0,2,0,0,4,1.0,0.0,0.0,1.0,0.0,0.8,0.01,0.01,0.0,1.88,3.0,0.0,3.0,28.8,90.0,0.0,0.0,0.0,0.0,0.0,1.0,0.0,1.0,0.0,0.0,0.0,40.0,0.0,Arsenal,0.0,0.0,Brighton,Brighton,4.0,3.0,2.32275601635208,,0.5,1.16137800817604
axel_disasi,1,0,DEF,Chelsea,10,0,0,0,4,0,0,2,1.7,0.0,0.0,0.0,0.0,0.0,0.0,0.0,0.0,0.0,0.0,0.0,0.0,0.0,0.0,0.0,0.0,0.0,0.0,0.0,0.0,0.0,0.0,0.0,0.0,0.0,45.0,0.0,Fulham,3.0,3.0,Hull City,Hull City,2.0,3.0,0.6545815875202331,,0.5,0.32729079376011655
ayden_heaven,1,1,DEF,Man Utd,11,0,0,0,4,0,0,2,1.7,0.0,0.0,5.0,0.0,2.6,0.04,0.16,0.12,1.01,2.0,0.0,2.0,6.8,90.0,0.0,0.0,0.0,0.0,0.0,1.0,11.0,1.0,0.0,0.0,0.0,45.0,0.0,Hull City,0.0,0.0,Man City,Man City,2.0,3.0,2.766109645692808,,0.5,1.383054822846404
azor_matusiwa,1,0,MID,Ipswich Town,20,1,0,0,2,0,0,3,0.0,0.0,0.0,0.0,0.0,0.0,0.0,0.0,0.0,0.0,0.0,0.0,0.0,0.0,0.0,0.0,0.0,0.0,0.0,0.0,0.0,0.0,0.0,0.0,0.0,0.0,50.0,0.0,Sunderland,2.0,3.0,Crystal Palace,Crystal Palace,0.0,0.0,0.18262297091192936,,1.5646884625857231,0.285748055589024
bafode_diakite,1,0,DEF,Bournemouth,15,0,0,0,3,0,0,4,2.2,0.0,0.0,0.0,0.0,0.0,0.0,0.0,0.0,0.0,0.0,0.0,0.0,0.0,0.0,0.0,0.0,0.0,0.0,0.0,0.0,0.0,0.0,0.0,0.0,0.0,50.0,0.0,Man City,1.0,0.0,Brentford,Brentford,3.0,3.0,0.8361082762693416,,0.5,0.4180541381346708
bart_verbruggen,1,6,GK,Brighton,2,1,0,0,2,0,0,4,1.9,0.0,0.0,25.0,1.0,0.0,0.0,0.0,0.0,0.29,0.0,0.0,0.7,6.6,90.0,0.0,0.0,0.0,0.0,0.0,1.0,0.0,6.0,0.0,0.0,0.0,45.0,0.0,Aston Villa,4.0,3.0,Coventry City,Coventry City,0.0,0.0,3.2362363694247698,61014.0,2.0,6.4724727388495396
bazoumana_toure,1,0,MID,Newcastle,14,1,0,0,2,0,0,4,2.2,0.0,0.0,0.0,0.0,0.0,0.0,0.0,0.0,0.0,0.0,0.0,0.0,0.0,0.0,0.0,0.0,0.0,0.0,0.0,0.0,0.0,0.0,0.0,0.0,0.0,60.0,0.0,Liverpool,2.0,1.0,Leeds,Leeds,1.0,3.0,0.6686478686575132,,0.6479143129270348,0.4332265244113589
ben_davies,1,0,DEF,Spurs,4,0,0,0,3,0,0,3,1.0,0.0,0.0,0.0,0.0,0.0,0.0,0.0,0.0,0.0,0.0,0.0,0.0,0.0,0.0,0.0,0.0,0.0,0.0,0.0,0.0,0.0,0.0,0.0,0.0,0.0,40.0,0.0,Brentford,0.0,0.0,Everton,Everton,2.0,3.0,0.256531805833768,,0.585388320151504,0.15017072288246125
ben_gannon_doak,1,1,MID,Bournemouth,15,0,0,0,3,0,0,4,1.5,0.0,0.0,3.0,0.0,0.1,0.0,0.0,0.0,0.19,1.0,0.0,0.2,0.2,1.0,0.0,0.0,0.0,0.0,0.0,0.0,2.0,1.0,0.0,0.0,0.0,50.0,0.0,Man City,1.0,0.0,Brentford,Brentford,3.0,3.0,0.9826109853202246,,0.5,0.4913054926601123
ben_johnson,1,0,DEF,Ipswich Town,20,1,0,0,2,0,0,3,1.0,0.0,0.0,0.0,0.0,0.0,0.0,0.0,0.0,0.0,0.0,0.0,0.0,0.0,0.0,0.0,0.0,0.0,0.0,0.0,0.0,0.0,0.0,0.0,0.0,0.0,40.0,0.0,Sunderland,2.0,3.0,Crystal Palace,Crystal Palace,0.0,0.0,0.2051375336961483,,2.0,0.4102750673922966
ben_wilson,1,0,GK,Coventry City,1,0,0,0,2,0,0,4,1.9,0.0,0.0,0.0,0.0,0.0,0.0,0.0,0.0,0.0,0.0,0.0,0.0,0.0,0.0,0.0,0.0,0.0,0.0,0.0,0.0,0.0,0.0,0.0,0.0,0.0,45.0,0.0,Arsenal,0.0,0.0,Brighton,Brighton,4.0,3.0,0.5364712150569844,,0.5,0.2682356075284922
bendito_mantato,1,0,MID,Man Utd,11,0,0,0,4,0,0,2,1.0,0.0,0.0,0.0,0.0,0.0,0.0,0.0,0.0,0.0,0.0,0.0,0.0,0.0,0.0,0.0,0.0,0.0,0.0,0.0,0.0,0.0,0.0,0.0,0.0,0.0,45.0,0.0,Hull City,0.0,0.0,Man City,Man City,2.0,3.0,0.26482176901462817,,0.5,0.13241088450731409
benjamin_lecomte,1,0,GK,Fulham,6,1,0,0,2,0,0,4,1.0,0.0,0.0,0.0,0.0,0.0,0.0,0.0,0.0,0.0,0.0,0.0,0.0,0.0,0.0,0.0,0.0,0.0,0.0,0.0,0.0,0.0,0.0,0.0,0.0,0.0,40.0,0.0,Chelsea,2.0,0.0,Liverpool,Liverpool,2.0,1.0,0.015409310836905776,,0.5,0.007704655418452888
benjamin_sesko,1,1,FWD,Man Utd,11,0,0,0,4,0,0,2,1.7,0.0,0.0,2.0,0.0,0.5,0.0,0.04,0.04,0.07,0.0,0.0,0.9,0.0,23.0,0.0,0.0,0.0,0.0,0.0,0.0,9.0,1.0,0.0,0.0,0.0,70.0,0.0,Hull City,0.0,0.0,Man City,Man City,2.0,3.0,2.51103717349449,50210.0,1.2921348314606738,3.2445985949647893
benjamin_white,1,11,DEF,Arsenal,7,1,0,0,4,0,0,2,2.5,1.0,2.0,37.0,1.0,26.8,0.21,0.39,0.18,0.2,0.0,0.0,7.3,33.2,90.0,0.0,0.0,0.0,0.0,0.0,1.0,13.0,11.0,0.0,0.0,0.0,55.0,0.0,Coventry City,3.0,3.0,Sunderland,Sunderland,1.0,0.0,3.786264239694114,14971.0,2.0,7.572528479388228
benoit_badiashile_mukinayi,1,0,DEF,Chelsea,10,0,0,0,4,0,0,2,1.7,0.0,0.0,0.0,0.0,0.0,0.0,0.0,0.0,0.0,0.0,0.0,0.0,0.0,0.0,0.0,0.0,0.0,0.0,0.0,0.0,0.0,0.0,0.0,0.0,0.0,45.0,0.0,Fulham,3.0,3.0,Hull City,Hull City,2.0,3.0,0.6545815875202331,,0.5,0.32729079376011655
bernd_leno,1,2,GK,Fulham,6,1,0,0,2,0,0,4,1.9,0.0,0.0,11.0,0.0,0.0,0.0,0.0,0.0,2.24,3.0,0.0,3.0,29.6,90.0,0.0,0.0,0.0,0.0,3.0,1.0,0.0,2.0,0.0,0.0,0.0,45.0,0.0,Chelsea,2.0,0.0,Liverpool,Liverpool,2.0,1.0,2.259461439892556,14973.0,0.5,1.129730719946278
bobby_thomas,1,3,DEF,Coventry City,1,0,0,0,2,0,0,4,1.0,0.0,0.0,11.0,0.0,11.2,0.01,0.03,0.02,1.88,3.0,0.0,3.5,23.2,90.0,0.0,0.0,0.0,0.0,0.0,1.0,1.0,3.0,0.0,0.0,0.0,40.0,0.0,Arsenal,0.0,0.0,Brighton,Brighton,4.0,3.0,3.084478199653292,,0.5,1.542239099826646
borna_sosa,1,0,DEF,Crystal Palace,9,0,0,0,3,0,0,3,1.7,0.0,0.0,0.0,0.0,0.0,0.0,0.0,0.0,0.0,0.0,0.0,0.0,0.0,0.0,0.0,0.0,0.0,0.0,0.0,0.0,0.0,0.0,0.0,0.0,0.0,45.0,0.0,Everton,0.0,0.0,Ipswich Town,Ipswich Town,2.0,3.0,0.5158923909159248,,0.5,0.2579461954579624
boubacar_kamara,1,2,MID,Aston Villa,5,0,0,0,4,0,0,2,1.5,0.0,0.0,9.0,0.0,2.8,0.0,0.0,0.0,3.77,4.0,0.0,1.4,11.2,90.0,0.0,0.0,0.0,0.0,0.0,1.0,0.0,2.0,0.0,0.0,0.0,50.0,0.0,Brighton,0.0,0.0,Nott'm Forest,Nott'm Forest,0.0,0.0,2.288494073609356,,0.5162344193969673,1.1813994093831266
bradley_burrowes,1,0,MID,Aston Villa,5,0,0,0,4,0,0,2,1.0,0.0,0.0,0.0,0.0,0.0,0.0,0.0,0.0,0.0,0.0,0.0,0.0,0.0,0.0,0.0,0.0,0.0,0.0,0.0,0.0,0.0,0.0,0.0,0.0,0.0,45.0,0.0,Brighton,0.0,0.0,Nott'm Forest,Nott'm Forest,0.0,0.0,0.19363675307093864,,0.5162344193969673,0.09996195679548994
brandon_austin,1,0,GK,Spurs,4,0,0,0,3,0,0,3,1.0,0.0,0.0,0.0,0.0,0.0,0.0,0.0,0.0,0.0,0.0,0.0,0.0,0.0,0.0,0.0,0.0,0.0,0.0,0.0,0.0,0.0,0.0,0.0,0.0,0.0,40.0,0.0,Brentford,0.0,0.0,Everton,Everton,2.0,3.0,0.16350264261379932,,1.0,0.16350264261379932
brandon_thomas_asante,1,2,FWD,Coventry City,1,0,0,0,2,0,0,4,1.4,0.0,0.0,9.0,0.0,1.1,0.02,0.02,0.0,1.6,3.0,0.0,0.6,4.6,69.0,0.0,0.0,0.0,0.0,0.0,1.0,0.0,2.0,0.0,0.0,0.0,50.0,0.0,Arsenal,0.0,0.0,Brighton,Brighton,4.0,3.0,2.176633952614122,,,
brenden_aaronson,1,3,MID,Leeds,18,0,0,0,3,0,0,3,2.0,0.0,0.0,16.0,1.0,1.1,0.01,0.02,0.01,0.58,0.0,0.0,1.6,8.0,81.0,0.0,0.0,0.0,0.0,0.0,1.0,7.0,3.0,0.0,0.0,0.0,55.0,0.0,Nott'm Forest,1.0,3.0,Newcastle,Newcastle,2.0,1.0,2.7988718858051778,,1.9644625221347685,5.498278923920935
brennan_johnson,1,1,MID,Everton,8,1,0,0,3,0,0,3,2.2,0.0,0.0,3.0,0.0,0.3,0.0,0.0,0.0,0.29,0.0,0.0,0.4,4.0,6.0,0.0,0.0,0.0,0.0,0.0,0.0,0.0,1.0,0.0,0.0,0.0,60.0,0.0,Crystal Palace,2.0,3.0,Spurs,Spurs,0.0,0.0,1.2929574251246518,,2.0,2.5859148502493037
brian_brobbey,1,2,FWD,Sunderland,12,0,0,0,3,0,0,2,2.0,0.0,0.0,1.0,0.0,1.5,0.0,0.3,0.3,1.69,1.0,0.0,1.1,0.0,66.0,0.0,0.0,0.0,0.0,0.0,1.0,9.0,2.0,0.0,0.0,0.0,60.0,0.0,Ipswich Town,1.0,0.0,Arsenal,Arsenal,3.0,3.0,2.5117600782380856,14974.0,0.5642867301948512,1.417352881582933
brian_madjo,1,0,FWD,Aston Villa,5,0,0,0,4,0,0,2,0.0,0.0,0.0,0.0,0.0,0.0,0.0,0.0,0.0,0.0,0.0,0.0,0.0,0.0,0.0,0.0,0.0,0.0,0.0,0.0,0.0,0.0,0.0,0.0,0.0,0.0,55.0,0.0,Brighton,0.0,0.0,Nott'm Forest,Nott'm Forest,0.0,0.0,0.19717843784586764,61014.0,,
bruno_borges_fernandes,1,2,MID,Man Utd,11,0,0,0,4,0,0,2,4.0,0.0,0.0,18.0,0.0,55.4,0.26,0.34,0.08,1.01,2.0,0.0,9.3,20.2,90.0,0.0,0.0,0.0,0.0,0.0,1.0,17.0,2.0,0.0,0.0,0.0,120.0,0.0,Hull City,0.0,0.0,Man City,Man City,2.0,3.0,5.368768452109299,14969.0,0.5,2.6843842260546493
bruno_guimaraes_rodriguez_moura,1,0,MID,Arsenal,7,1,0,0,4,0,0,2,1.8,0.0,0.0,0.0,0.0,0.0,0.0,0.0,0.0,0.0,0.0,0.0,0.0,0.0,0.0,0.0,0.0,0.0,0.0,0.0,0.0,0.0,0.0,0.0,0.0,0.0,70.0,0.0,Coventry City,3.0,3.0,Sunderland,Sunderland,1.0,0.0,0.8446081737086474,79641.0,1.7018618233191352,1.4374064064980434
bryan_mbeumo,1,2,MID,Man Utd,11,0,0,0,4,0,0,2,2.8,0.0,0.0,12.0,0.0,28.1,0.23,0.73,0.5,1.01,2.0,0.0,8.7,9.6,90.0,0.0,0.0,0.0,0.0,0.0,1.0,49.0,2.0,0.0,0.0,0.0,80.0,0.0,Hull City,0.0,0.0,Man City,Man City,2.0,3.0,4.969009330945422,79641.0,0.5,2.484504665472711
bukayo_saka,1,9,MID,Arsenal,7,1,0,0,4,0,0,2,3.2,0.0,1.0,36.0,1.0,26.1,0.08,0.72,0.64,0.06,0.0,1.0,10.2,42.8,67.0,0.0,0.0,0.0,0.0,0.0,1.0,33.0,9.0,0.0,0.0,0.0,95.0,0.0,Coventry City,3.0,3.0,Sunderland,Sunderland,1.0,0.0,4.303628901393764,50210.0,1.7018618233191352,7.324181729014917
caleb_yirenkyi,1,1,MID,Coventry City,1,0,0,0,2,0,0,4,1.5,0.0,0.0,2.0,0.0,3.1,0.0,0.0,0.0,1.56,3.0,0.0,0.0,0.0,61.0,0.0,0.0,0.0,0.0,0.0,1.0,0.0,1.0,0.0,0.0,0.0,50.0,1.0,Arsenal,0.0,0.0,Brighton,Brighton,4.0,3.0,1.5014690418873637,,0.5,0.7507345209436819
callum_hudson_odoi,1,0,MID,Nott'm Forest,13,1,0,0,3,0,0,3,2.2,0.0,0.0,0.0,0.0,0.0,0.0,0.0,0.0,0.0,0.0,0.0,0.0,0.0,0.0,0.0,0.0,0.0,0.0,0.0,0.0,0.0,0.0,0.0,0.0,0.0,60.0,0.0,Leeds,0.0,0.0,Aston Villa,Aston Villa,0.0,0.0,0.6677614739108941,,1.0150180152362045,0.6777899259002383
callum_olusesi,1,0,MID,Spurs,4,0,0,0,3,0,0,3,1.0,0.0,0.0,0.0,0.0,0.0,0.0,0.0,0.0,0.0,0.0,0.0,0.0,0.0,0.0,0.0,0.0,0.0,0.0,0.0,0.0,0.0,0.0,0.0,0.0,0.0,45.0,0.0,Brentford,0.0,0.0,Everton,Everton,2.0,3.0,0.26482176901462817,,0.5,0.13241088450731409
callum_wilson,1,1,FWD,Brentford,19,1,0,0,3,0,0,3,1.8,0.0,0.0,4.0,0.0,10.3,0.04,0.07,0.03,0.07,0.0,0.0,1.8,2.2,7.0,0.0,0.0,0.0,0.0,0.0,0.0,5.0,1.0,0.0,0.0,0.0,55.0,0.0,Spurs,3.0,3.0,Bournemouth,Bournemouth,1.0,0.0,1.540526556706921,,0.5,0.7702632783534605
calvin_bassey,1,0,DEF,Fulham,6,1,0,0,2,0,0,4,1.7,0.0,0.0,1.0,0.0,3.8,0.02,0.04,0.02,2.24,3.0,0.0,2.0,13.8,90.0,0.0,0.0,0.0,0.0,0.0,1.0,2.0,0.0,0.0,0.0,0.0,45.0,1.0,Chelsea,2.0,0.0,Liverpool,Liverpool,2.0,1.0,2.3201903868364187,,1.0249232205779857,2.3780170036304646
calvin_ramsay,1,0,DEF,Liverpool,17,0,0,0,4,0,0,2,1.0,0.0,0.0,0.0,0.0,0.0,0.0,0.0,0.0,0.0,0.0,0.0,0.0,0.0,0.0,0.0,0.0,0.0,0.0,0.0,0.0,0.0,0.0,0.0,0.0,0.0,40.0,0.0,Newcastle,2.0,1.0,Fulham,Fulham,2.0,0.0,0.28170562333429117,,0.5,0.14085281166714558
cameron_humphreys,1,0,MID,Ipswich Town,20,1,0,0,2,0,0,3,1.0,0.0,0.0,0.0,0.0,0.0,0.0,0.0,0.0,0.0,0.0,0.0,0.0,0.0,0.0,0.0,0.0,0.0,0.0,0.0,0.0,0.0,0.0,0.0,0.0,0.0,45.0,0.0,Sunderland,2.0,3.0,Crystal Palace,Crystal Palace,0.0,0.0,0.15681231402851803,,1.5646884625857231,0.2453624185517915
caoimhin_kelleher,1,7,GK,Brentford,19,1,0,0,3,0,0,3,2.6,0.0,0.0,34.0,1.0,0.0,0.01,0.01,0.0,0.57,0.0,0.0,3.1,31.4,90.0,0.0,0.0,0.0,0.0,4.0,1.0,0.0,7.0,0.0,0.0,0.0,50.0,0.0,Spurs,3.0,3.0,Bournemouth,Bournemouth,1.0,0.0,3.5385056098618755,14970.0,2.0,7.077011219723751
carl_rushworth,1,1,GK,Coventry City,1,0,0,0,2,0,0,4,1.9,0.0,0.0,0.0,0.0,0.0,0.01,0.01,0.0,1.88,3.0,0.0,1.4,14.2,90.0,0.0,0.0,0.0,0.0,2.0,1.0,0.0,1.0,0.0,0.0,0.0,45.0,0.0,Arsenal,0.0,0.0,Brighton,Brighton,4.0,3.0,3.2790072966232406,,0.5,1.6395036483116203
carlos_alcaraz_duran,1,1,MID,Everton,8,1,0,0,3,0,0,3,1.5,0.0,0.0,7.0,0.0,0.3,0.0,0.02,0.02,0.04,0.0,0.0,2.2,5.0,1.0,0.0,0.0,0.0,0.0,0.0,0.0,17.0,1.0,0.0,0.0,0.0,50.0,0.0,Crystal Palace,2.0,3.0,Spurs,Spurs,0.0,0.0,1.069858150092584,,2.0,2.139716300185168
carlos_baleba,1,0,MID,Brighton,2,1,0,0,2,0,0,4,0.0,0.0,0.0,0.0,0.0,0.0,0.0,0.0,0.0,0.0,0.0,0.0,0.0,0.0,0.0,0.0,0.0,0.0,0.0,0.0,0.0,0.0,0.0,0.0,0.0,0.0,50.0,0.0,Aston Villa,4.0,3.0,Coventry City,Coventry City,0.0,0.0,0.14225580165401341,,2.0,0.28451160330802683
cathal_mccarthy,1,0,DEF,Hull City,16,1,0,0,2,0,0,4,1.0,0.0,0.0,0.0,0.0,0.0,0.0,0.0,0.0,0.0,0.0,0.0,0.0,0.0,0.0,0.0,0.0,0.0,0.0,0.0,0.0,0.0,0.0,0.0,0.0,0.0,40.0,0.0,Man Utd,2.0,3.0,Chelsea,Chelsea,3.0,3.0,0.4383131939413938,,2.0,0.8766263878827876
cedric_kipre,1,0,DEF,Ipswich Town,20,1,0,0,2,0,0,3,1.0,0.0,0.0,0.0,0.0,0.0,0.0,0.0,0.0,0.0,0.0,0.0,0.0,0.0,0.0,0.0,0.0,0.0,0.0,0.0,0.0,0.0,0.0,0.0,0.0,0.0,40.0,0.0,Sunderland,2.0,3.0,Crystal Palace,Crystal Palace,0.0,0.0,0.2051375336961483,,2.0,0.4102750673922966
cesar_palacios,1,2,MID,Fulham,6,1,0,0,2,0,0,4,2.0,0.0,0.0,10.0,0.0,7.3,0.01,0.17,0.16,2.21,3.0,0.0,1.8,2.8,72.0,0.0,0.0,0.0,0.0,0.0,1.0,8.0,2.0,0.0,0.0,0.0,55.0,0.0,Chelsea,2.0,0.0,Liverpool,Liverpool,2.0,1.0,2.2901930634705714,,0.7684565106809018,1.7599137703402004
chadi_riad_dnanou,1,1,DEF,Crystal Palace,9,0,0,0,3,0,0,3,1.7,0.0,0.0,7.0,0.0,1.3,0.01,0.01,0.0,0.98,2.0,0.0,1.4,12.6,72.0,0.0,0.0,0.0,0.0,0.0,1.0,0.0,1.0,0.0,0.0,0.0,45.0,0.0,Everton,0.0,0.0,Ipswich Town,Ipswich Town,2.0,3.0,1.8373606867528853,,0.5,0.9186803433764427
charalampos_kostoulas,1,1,FWD,Brighton,2,1,0,0,2,0,0,4,1.8,0.0,0.0,-1.0,0.0,0.4,0.0,0.18,0.18,0.1,0.0,0.0,0.9,0.0,26.0,0.0,0.0,0.0,0.0,0.0,0.0,10.0,1.0,0.0,0.0,0.0,55.0,0.0,Aston Villa,4.0,3.0,Coventry City,Coventry City,0.0,0.0,2.528291881839622,,1.8241379310344823,4.611953122390206
charlie_hughes,1,0,DEF,Hull City,16,1,0,0,2,0,0,4,0.0,0.0,0.0,0.0,0.0,0.0,0.0,0.0,0.0,0.0,0.0,0.0,0.0,0.0,0.0,0.0,0.0,0.0,0.0,0.0,0.0,0.0,0.0,0.0,0.0,0.0,40.0,0.0,Man Utd,2.0,3.0,Chelsea,Chelsea,3.0,3.0,0.3200208101951547,,2.0,0.6400416203903094
cheick_doucoure,1,0,MID,Crystal Palace,9,0,0,0,3,0,0,3,1.5,0.0,0.0,0.0,0.0,0.0,0.0,0.0,0.0,0.0,0.0,0.0,0.0,0.0,0.0,0.0,0.0,0.0,0.0,0.0,0.0,0.0,0.0,0.0,0.0,0.0,50.0,0.0,Everton,0.0,0.0,Ipswich Town,Ipswich Town,2.0,3.0,0.43230840810865434,,0.7133184921308123,0.30837358180753716
chemsdine_talbi,1,1,MID,Sunderland,12,0,0,0,3,0,0,2,2.0,0.0,0.0,1.0,0.0,0.9,0.0,0.0,0.0,0.14,1.0,0.0,0.0,0.0,31.0,0.0,0.0,0.0,0.0,0.0,0.0,0.0,1.0,0.0,0.0,0.0,55.0,0.0,Ipswich Town,1.0,0.0,Arsenal,Arsenal,3.0,3.0,2.2329643497630722,,0.521521937488617,1.1645398940314473
chido_obi,1,0,FWD,Man Utd,11,0,0,0,4,0,0,2,1.0,0.0,0.0,0.0,0.0,0.0,0.0,0.0,0.0,0.0,0.0,0.0,0.0,0.0,0.0,0.0,0.0,0.0,0.0,0.0,0.0,0.0,0.0,0.0,0.0,0.0,45.0,0.0,Hull City,0.0,0.0,Man City,Man City,2.0,3.0,0.15095178327630165,,1.2921348314606738,0.19505005704241218
chiedozie_ogbene,1,0,MID,Ipswich Town,20,1,0,0,2,0,0,3,1.5,0.0,0.0,0.0,0.0,0.0,0.0,0.0,0.0,0.0,0.0,0.0,0.0,0.0,0.0,0.0,0.0,0.0,0.0,0.0,0.0,0.0,0.0,0.0,0.0,0.0,50.0,0.0,Sunderland,2.0,3.0,Crystal Palace,Crystal Palace,0.0,0.0,0.3242989531225442,,1.5646884625857231,0.5074268303794732
chris_richards,1,3,DEF,Crystal Palace,9,0,0,0,3,0,0,3,2.2,0.0,0.0,13.0,0.0,0.7,0.0,0.0,0.0,1.12,2.0,0.0,4.3,42.6,90.0,0.0,0.0,0.0,0.0,0.0,1.0,0.0,3.0,0.0,0.0,0.0,50.0,0.0,Everton,0.0,0.0,Ipswich Town,Ipswich Town,2.0,3.0,3.53944921053039,14970.0,0.5,1.769724605265195
chris_rigg,1,1,MID,Sunderland,12,0,0,0,3,0,0,2,1.5,0.0,0.0,3.0,0.0,0.3,0.0,0.0,0.0,0.1,1.0,0.0,0.0,0.0,10.0,0.0,0.0,0.0,0.0,0.0,0.0,0.0,1.0,0.0,0.0,0.0,50.0,0.0,Ipswich Town,1.0,0.0,Arsenal,Arsenal,3.0,3.0,1.285341361429982,,0.521521937488617,0.6703337171472209
chris_wood,1,1,FWD,Nott'm Forest,13,1,0,0,3,0,0,3,2.0,0.0,0.0,3.0,0.0,2.4,0.01,0.13,0.12,0.22,1.0,0.0,0.4,0.0,28.0,0.0,0.0,0.0,0.0,0.0,0.0,3.0,1.0,0.0,0.0,0.0,60.0,0.0,Leeds,0.0,0.0,Aston Villa,Aston Villa,0.0,0.0,2.5284540779348723,14969.0,0.9197334106056213,2.3255036926587316
christantus_uche,1,0,FWD,Crystal Palace,9,0,0,0,3,0,0,3,0.0,0.0,0.0,0.0,0.0,0.0,0.0,0.0,0.0,0.0,0.0,0.0,0.0,0.0,0.0,0.0,0.0,0.0,0.0,0.0,0.0,0.0,0.0,0.0,0.0,0.0,50.0,0.0,Everton,0.0,0.0,Ipswich Town,Ipswich Town,2.0,3.0,0.16473415544175296,,0.5,0.08236707772087648
christian_norgaard,1,0,MID,Everton,8,1,0,0,3,0,0,3,0.0,0.0,0.0,0.0,0.0,0.0,0.0,0.0,0.0,0.0,0.0,0.0,0.0,0.0,0.0,0.0,0.0,0.0,0.0,0.0,0.0,0.0,0.0,0.0,0.0,0.0,50.0,0.0,Crystal Palace,2.0,3.0,Spurs,Spurs,0.0,0.0,0.18262297091192936,,2.0,0.3652459418238587
christian_walton,1,0,GK,Ipswich Town,20,1,0,0,2,0,0,3,1.9,0.0,0.0,0.0,0.0,0.0,0.0,0.0,0.0,0.0,0.0,0.0,0.0,0.0,0.0,0.0,0.0,0.0,0.0,0.0,0.0,0.0,0.0,0.0,0.0,0.0,45.0,0.0,Sunderland,2.0,3.0,Crystal Palace,Crystal Palace,0.0,0.0,0.12395962494135038,,2.0,0.24791924988270075
christos_tzolis,1,6,MID,Arsenal,7,1,0,0,4,0,0,2,2.3,1.0,0.0,30.0,1.0,39.8,0.14,0.33,0.19,0.06,0.0,0.0,8.7,17.0,75.0,0.0,0.0,0.0,0.0,0.0,1.0,30.0,6.0,0.0,0.0,0.0,65.0,0.0,Coventry City,3.0,3.0,Sunderland,Sunderland,1.0,0.0,3.9056782382256934,14971.0,1.7018618233191352,6.646924687804646
chuba_akpom,1,1,FWD,Ipswich Town,20,1,0,0,2,0,0,3,1.4,0.0,0.0,3.0,0.0,0.0,0.0,0.0,0.0,0.03,0.0,0.0,0.3,1.4,24.0,0.0,0.0,0.0,0.0,0.0,0.0,2.0,1.0,0.0,0.0,0.0,50.0,0.0,Sunderland,2.0,3.0,Crystal Palace,Crystal Palace,0.0,0.0,2.1906905488880506,,2.0,4.381381097776101
claudio_echeverri,1,0,MID,Man City,3,1,0,0,4,0,0,3,1.5,0.0,0.0,0.0,0.0,0.0,0.0,0.0,0.0,0.0,0.0,0.0,0.0,0.0,0.0,0.0,0.0,0.0,0.0,0.0,0.0,0.0,0.0,0.0,0.0,0.0,50.0,0.0,Bournemouth,2.0,3.0,Man Utd,Man Utd,0.0,0.0,0.3242989531225442,,0.6850081449640393,0.22214742429225393
cody_drameh,1,1,DEF,Hull City,16,1,0,0,2,0,0,4,1.0,0.0,0.0,4.0,0.0,0.0,0.0,0.05,0.05,0.67,0.0,0.0,0.3,2.2,20.0,0.0,0.0,0.0,0.0,0.0,0.0,1.0,1.0,0.0,0.0,0.0,40.0,0.0,Man Utd,2.0,3.0,Chelsea,Chelsea,3.0,3.0,1.2560623320989928,,2.0,2.5121246641979855
cody_gakpo,1,12,MID,Liverpool,17,0,0,0,4,0,0,2,2.5,0.0,3.0,33.0,0.0,34.0,0.15,0.45,0.3,1.58,2.0,1.0,11.5,44.0,90.0,0.0,0.0,0.0,0.0,0.0,1.0,37.0,12.0,0.0,0.0,0.0,70.0,0.0,Newcastle,2.0,1.0,Fulham,Fulham,2.0,0.0,4.86036662588779,14974.0,2.0,9.72073325177558
cole_palmer,1,13,MID,Chelsea,10,0,0,0,4,0,0,2,3.2,1.0,3.0,60.0,0.0,41.3,0.19,0.47,0.28,1.24,2.0,1.0,16.1,65.2,82.0,0.0,0.0,0.0,0.0,0.0,1.0,54.0,13.0,0.0,0.0,0.0,95.0,0.0,Fulham,3.0,3.0,Hull City,Hull City,2.0,3.0,4.429139338342431,15210.0,0.808425802862563,3.580630525589641
conor_bradley,1,0,DEF,Liverpool,17,0,0,0,4,0,0,2,0.0,0.0,0.0,0.0,0.0,0.0,0.0,0.0,0.0,0.0,0.0,0.0,0.0,0.0,0.0,0.0,0.0,0.0,0.0,0.0,0.0,0.0,0.0,0.0,0.0,0.0,50.0,0.0,Newcastle,2.0,1.0,Fulham,Fulham,2.0,0.0,0.5165250725076316,,0.5,0.2582625362538158
conor_gallagher,1,0,MID,Spurs,4,0,0,0,3,0,0,3,2.0,0.0,0.0,1.0,0.0,5.5,0.06,0.08,0.02,1.7,2.0,0.0,0.5,0.0,45.0,0.0,0.0,0.0,0.0,0.0,1.0,1.0,0.0,0.0,0.0,0.0,55.0,1.0,Brentford,0.0,0.0,Everton,Everton,2.0,3.0,0.6459282620881412,,0.5,0.3229641310440706
cristhian_mosquera,1,6,DEF,Arsenal,7,1,0,0,4,0,0,2,2.5,0.0,0.0,27.0,1.0,0.6,0.0,0.0,0.0,0.2,0.0,0.0,1.5,14.4,90.0,0.0,0.0,0.0,0.0,0.0,1.0,0.0,6.0,0.0,0.0,0.0,55.0,0.0,Coventry City,3.0,3.0,Sunderland,Sunderland,1.0,0.0,3.100112295950069,14969.0,2.0,6.200224591900138
cristian_romero,1,0,DEF,Spurs,4,0,0,0,3,0,0,3,0.0,0.0,0.0,0.0,0.0,0.0,0.0,0.0,0.0,0.0,0.0,0.0,0.0,0.0,0.0,0.0,0.0,0.0,0.0,0.0,0.0,0.0,0.0,0.0,0.0,0.0,50.0,0.0,Brentford,0.0,0.0,Everton,Everton,2.0,3.0,0.4913512550071082,,0.585388320151504,0.28763128577294433
curtis_jones,1,0,MID,Liverpool,17,0,0,0,4,0,0,2,1.5,0.0,0.0,0.0,0.0,0.0,0.0,0.0,0.0,0.0,0.0,0.0,0.0,0.0,0.0,0.0,0.0,0.0,0.0,0.0,0.0,0.0,0.0,0.0,0.0,0.0,55.0,0.0,Newcastle,2.0,1.0,Fulham,Fulham,2.0,0.0,0.5044231686913418,,2.0,1.0088463373826837
daichi_kamada,1,3,MID,Crystal Palace,9,0,0,0,3,0,0,3,1.5,0.0,0.0,25.0,0.0,29.3,0.27,0.27,0.0,1.12,2.0,0.0,5.0,20.4,90.0,0.0,0.0,0.0,0.0,0.0,1.0,0.0,3.0,0.0,0.0,0.0,50.0,1.0,Everton,0.0,0.0,Ipswich Town,Ipswich Town,2.0,3.0,3.7294293001850116,,0.7133184921308123,2.6602708849164434
daizen_maeda,1,2,MID,Ipswich Town,20,1,0,0,2,0,0,3,2.0,0.0,0.0,7.0,0.0,1.4,0.0,0.61,0.61,0.63,1.0,0.0,2.1,12.6,79.0,0.0,0.0,0.0,0.0,0.0,1.0,7.0,2.0,0.0,0.0,0.0,55.0,0.0,Sunderland,2.0,3.0,Crystal Palace,Crystal Palace,0.0,0.0,2.678632386771713,,1.5646884625857231,4.191225191090157
dan_burn,1,0,DEF,Newcastle,14,1,0,0,2,0,0,4,2.2,0.0,0.0,0.0,0.0,0.0,0.0,0.0,0.0,0.0,0.0,0.0,0.0,0.0,0.0,0.0,0.0,0.0,0.0,0.0,0.0,0.0,0.0,0.0,0.0,0.0,50.0,0.0,Liverpool,2.0,1.0,Leeds,Leeds,1.0,3.0,0.7547320399469527,,1.1454902161551892,0.8645381675780818
dan_ndoye,1,3,MID,Nott'm Forest,13,1,0,0,3,0,0,3,2.0,0.0,0.0,5.0,1.0,2.5,0.0,0.0,0.0,0.25,0.0,0.0,0.4,1.4,61.0,0.0,0.0,0.0,0.0,0.0,1.0,0.0,3.0,0.0,0.0,0.0,55.0,0.0,Leeds,0.0,0.0,Aston Villa,Aston Villa,0.0,0.0,2.1342408654211056,,1.0150180152362045,2.16629292725573
dane_scarlett,1,0,FWD,Spurs,4,0,0,0,3,0,0,3,1.0,0.0,0.0,0.0,0.0,0.0,0.0,0.0,0.0,0.0,0.0,0.0,0.0,0.0,0.0,0.0,0.0,0.0,0.0,0.0,0.0,0.0,0.0,0.0,0.0,0.0,45.0,0.0,Brentford,0.0,0.0,Everton,Everton,2.0,3.0,0.15095178327630165,,0.5,0.07547589163815083
dango_ouattara,1,3,MID,Brentford,19,1,0,0,3,0,0,3,2.3,0.0,0.0,6.0,1.0,30.8,0.29,0.34,0.05,0.47,0.0,0.0,4.7,1.0,66.0,0.0,0.0,0.0,0.0,0.0,1.0,15.0,3.0,0.0,0.0,0.0,65.0,0.0,Spurs,3.0,3.0,Bournemouth,Bournemouth,1.0,0.0,3.3863473774135406,14969.0,1.5701064583692905,5.316925887558909
daniel_ballard,1,0,DEF,Sunderland,12,0,0,0,3,0,0,2,2.2,0.0,0.0,4.0,0.0,1.2,0.01,0.01,0.0,1.8,2.0,0.0,1.9,18.2,90.0,0.0,0.0,0.0,0.0,0.0,1.0,0.0,0.0,0.0,0.0,0.0,50.0,1.0,Ipswich Town,1.0,0.0,Arsenal,Arsenal,3.0,3.0,2.5848306540866473,14974.0,0.5,1.2924153270433236
daniel_james,1,0,MID,Leeds,18,0,0,0,3,0,0,3,1.5,0.0,0.0,0.0,0.0,0.0,0.0,0.0,0.0,0.0,0.0,0.0,0.0,0.0,0.0,0.0,0.0,0.0,0.0,0.0,0.0,0.0,0.0,0.0,0.0,0.0,50.0,0.0,Nott'm Forest,1.0,3.0,Newcastle,Newcastle,2.0,1.0,0.4096940257473807,,1.9644625221347685,0.8048285591232462
daniel_jebbison,1,1,FWD,Bournemouth,15,0,0,0,3,0,0,4,1.4,0.0,0.0,6.0,0.0,0.8,0.0,0.1,0.1,0.31,2.0,0.0,2.1,3.4,15.0,0.0,0.0,0.0,0.0,0.0,0.0,17.0,1.0,0.0,0.0,0.0,50.0,0.0,Man City,1.0,0.0,Brentford,Brentford,3.0,3.0,1.5238690270692392,,1.0017674536043424,1.5265623948736784
daniel_munoz_mejia,1,0,DEF,Crystal Palace,9,0,0,0,3,0,0,3,2.5,0.0,0.0,-4.0,0.0,1.8,0.01,0.24,0.23,0.84,2.0,0.0,2.4,1.2,54.0,0.0,0.0,0.0,0.0,0.0,1.0,21.0,0.0,0.0,0.0,0.0,55.0,0.0,Everton,0.0,0.0,Ipswich Town,Ipswich Town,2.0,3.0,1.7020579127775048,14969.0,0.5,0.8510289563887524
danny_welbeck,1,0,FWD,Chelsea,10,0,0,0,4,0,0,2,1.5,0.0,0.0,0.0,0.0,0.0,0.0,0.0,0.0,0.0,0.0,0.0,0.0,0.0,0.0,0.0,0.0,0.0,0.0,0.0,0.0,0.0,0.0,0.0,0.0,0.0,60.0,0.0,Fulham,3.0,3.0,Hull City,Hull City,2.0,3.0,0.5129922319341855,,2.0,1.025984463868371
dara_o'shea,1,4,DEF,Ipswich Town,20,1,0,0,2,0,0,3,1.0,0.0,0.0,16.0,0.0,24.5,0.16,0.16,0.0,0.66,1.0,0.0,7.5,48.0,90.0,0.0,0.0,0.0,0.0,0.0,1.0,2.0,4.0,0.0,0.0,0.0,40.0,0.0,Sunderland,2.0,3.0,Crystal Palace,Crystal Palace,0.0,0.0,3.517981015559548,,2.0,7.035962031119096
dario_luis_essugo,1,0,MID,Chelsea,10,0,0,0,4,0,0,2,1.0,0.0,0.0,0.0,0.0,0.0,0.0,0.0,0.0,0.0,0.0,0.0,0.0,0.0,0.0,0.0,0.0,0.0,0.0,0.0,0.0,0.0,0.0,0.0,0.0,0.0,45.0,0.0,Fulham,3.0,3.0,Hull City,Hull City,2.0,3.0,0.2078137453432496,,0.808425802862563,0.16800199392499277
darko_gyabi,1,0,MID,Hull City,16,1,0,0,2,0,0,4,0.0,0.0,0.0,0.0,0.0,0.0,0.0,0.0,0.0,0.0,0.0,0.0,0.0,0.0,0.0,0.0,0.0,0.0,0.0,0.0,0.0,0.0,0.0,0.0,0.0,0.0,45.0,0.0,Man Utd,2.0,3.0,Chelsea,Chelsea,3.0,3.0,0.16465903717611785,,0.532607108061187,0.08769857360651162
darnell_furlong,1,0,DEF,Ipswich Town,20,1,0,0,2,0,0,3,1.0,0.0,0.0,0.0,0.0,0.0,0.0,0.0,0.0,0.0,0.0,0.0,0.0,0.0,0.0,0.0,0.0,0.0,0.0,0.0,0.0,0.0,0.0,0.0,0.0,0.0,40.0,0.0,Sunderland,2.0,3.0,Crystal Palace,Crystal Palace,0.0,0.0,0.2051375336961483,,2.0,0.4102750673922966
david_akintola,1,0,MID,Hull City,16,1,0,0,2,0,0,4,1.5,0.0,0.0,0.0,0.0,0.0,0.0,0.0,0.0,0.0,0.0,0.0,0.0,0.0,0.0,0.0,0.0,0.0,0.0,0.0,0.0,0.0,0.0,0.0,0.0,0.0,50.0,0.0,Man Utd,2.0,3.0,Chelsea,Chelsea,3.0,3.0,0.4265963310772205,,0.532607108061187,0.2272082382045511
david_brooks,1,0,MID,Bournemouth,15,0,0,0,3,0,0,4,1.1,0.0,0.0,0.0,0.0,0.0,0.0,0.0,0.0,0.0,0.0,0.0,0.0,0.0,0.0,0.0,0.0,0.0,0.0,0.0,0.0,0.0,0.0,0.0,0.0,0.0,50.0,0.0,Man City,1.0,0.0,Brentford,Brentford,3.0,3.0,0.40545692356785246,,0.5,0.20272846178392623
david_button,1,0,GK,Ipswich Town,20,1,0,0,2,0,0,3,1.0,0.0,0.0,0.0,0.0,0.0,0.0,0.0,0.0,0.0,0.0,0.0,0.0,0.0,0.0,0.0,0.0,0.0,0.0,0.0,0.0,0.0,0.0,0.0,0.0,0.0,40.0,0.0,Sunderland,2.0,3.0,Crystal Palace,Crystal Palace,0.0,0.0,-0.012962135363476568,,2.0,-0.025924270726953136
david_raya_martin,1,6,GK,Arsenal,7,1,0,0,4,0,0,2,4.0,0.0,0.0,24.0,1.0,0.0,0.0,0.0,0.0,0.2,0.0,0.0,1.2,11.8,90.0,0.0,0.0,0.0,0.0,1.0,1.0,0.0,6.0,0.0,0.0,0.0,60.0,0.0,Coventry City,3.0,3.0,Sunderland,Sunderland,1.0,0.0,3.8447010494807445,14972.0,2.0,7.689402098961489
dean_henderson,1,2,GK,Crystal Palace,9,0,0,0,3,0,0,3,2.0,0.0,0.0,14.0,0.0,0.0,0.0,0.0,0.0,1.12,2.0,0.0,2.8,28.2,90.0,0.0,0.0,0.0,0.0,3.0,1.0,0.0,2.0,0.0,0.0,0.0,50.0,0.0,Everton,0.0,0.0,Ipswich Town,Ipswich Town,2.0,3.0,3.2606558243352755,15210.0,0.5,1.6303279121676377
declan_rice,1,3,MID,Arsenal,7,1,0,0,4,0,0,2,2.6,0.0,0.0,10.0,1.0,6.4,0.08,0.15,0.07,0.06,0.0,0.0,1.5,6.8,67.0,0.0,0.0,0.0,0.0,0.0,1.0,2.0,3.0,0.0,0.0,0.0,75.0,0.0,Coventry City,3.0,3.0,Sunderland,Sunderland,1.0,0.0,2.9401977335411518,15210.0,1.7018618233191352,5.003810275723133
dejan_kulusevski,1,0,MID,Spurs,4,0,0,0,3,0,0,3,0.0,0.0,0.0,0.0,0.0,0.0,0.0,0.0,0.0,0.0,0.0,0.0,0.0,0.0,0.0,0.0,0.0,0.0,0.0,0.0,0.0,0.0,0.0,0.0,0.0,0.0,65.0,0.0,Brentford,0.0,0.0,Everton,Everton,2.0,3.0,0.6514163609695032,,0.5,0.3257081804847516
destiny_udogie,1,1,DEF,Spurs,4,0,0,0,3,0,0,3,1.7,0.0,0.0,3.0,0.0,0.7,0.02,0.02,0.0,0.44,0.0,0.0,0.0,0.0,4.0,0.0,0.0,0.0,0.0,0.0,0.0,0.0,1.0,0.0,0.0,0.0,45.0,0.0,Brentford,0.0,0.0,Everton,Everton,2.0,3.0,0.9685831083801906,,0.585388320151504,0.5669972387418019
diego_coppola,1,0,DEF,Brighton,2,1,0,0,2,0,0,4,1.7,0.0,0.0,0.0,0.0,0.0,0.0,0.0,0.0,0.0,0.0,0.0,0.0,0.0,0.0,0.0,0.0,0.0,0.0,0.0,0.0,0.0,0.0,0.0,0.0,0.0,45.0,0.0,Aston Villa,4.0,3.0,Coventry City,Coventry City,0.0,0.0,0.5059197042954953,,2.0,1.0118394085909905
diego_gomez_amarilla,1,6,MID,Brighton,2,1,0,0,2,0,0,4,1.5,1.0,0.0,27.0,1.0,25.1,0.48,0.66,0.18,0.29,0.0,0.0,9.9,33.0,85.0,0.0,0.0,0.0,0.0,0.0,1.0,41.0,6.0,0.0,0.0,0.0,50.0,0.0,Aston Villa,4.0,3.0,Coventry City,Coventry City,0.0,0.0,4.136447749149394,,2.0,8.272895498298787
dilane_bakwa,1,0,MID,Nott'm Forest,13,1,0,0,3,0,0,3,2.0,0.0,0.0,0.0,0.0,0.0,0.0,0.0,0.0,0.0,0.0,0.0,0.0,0.0,0.0,0.0,0.0,0.0,0.0,0.0,0.0,0.0,0.0,0.0,0.0,0.0,55.0,0.0,Leeds,0.0,0.0,Aston Villa,Aston Villa,0.0,0.0,0.5286100312589912,,1.0150180152362045,0.5365487047624493
dillon_phillips,1,0,GK,Hull City,16,1,0,0,2,0,0,4,1.0,0.0,0.0,0.0,0.0,0.0,0.0,0.0,0.0,0.0,0.0,0.0,0.0,0.0,0.0,0.0,0.0,0.0,0.0,0.0,0.0,0.0,0.0,0.0,0.0,0.0,40.0,0.0,Man Utd,2.0,3.0,Chelsea,Chelsea,3.0,3.0,0.7235169766980424,,2.0,1.4470339533960848
diogo_dalot_teixeira,1,1,DEF,Man Utd,11,0,0,0,4,0,0,2,2.2,0.0,0.0,6.0,0.0,11.3,0.0,0.0,0.0,0.0,0.0,0.0,1.9,7.6,10.0,0.0,0.0,0.0,0.0,0.0,0.0,0.0,1.0,0.0,0.0,0.0,50.0,0.0,Hull City,0.0,0.0,Man City,Man City,2.0,3.0,1.4399698963520073,,0.5,0.7199849481760037
divine_mukasa,1,0,MID,Man City,3,1,0,0,4,0,0,3,1.0,0.0,0.0,0.0,0.0,0.0,0.0,0.0,0.0,0.0,0.0,0.0,0.0,0.0,0.0,0.0,0.0,0.0,0.0,0.0,0.0,0.0,0.0,0.0,0.0,0.0,45.0,0.0,Bournemouth,2.0,3.0,Man Utd,Man Utd,0.0,0.0,0.15681231402851803,,0.6850081449640393,0.10741771234019352
djed_spence,1,0,DEF,Spurs,4,0,0,0,3,0,0,3,0.0,0.0,0.0,0.0,0.0,0.0,0.0,0.0,0.0,0.0,0.0,0.0,0.0,0.0,0.0,0.0,0.0,0.0,0.0,0.0,0.0,0.0,0.0,0.0,0.0,0.0,45.0,0.0,Brentford,0.0,0.0,Everton,Everton,2.0,3.0,0.31479533854731856,,0.585388320151504,0.1842775144237388
djiamgone_jocelin_ta_bi,1,0,MID,Sunderland,12,0,0,0,3,0,0,2,1.5,0.0,0.0,0.0,0.0,0.0,0.0,0.0,0.0,0.0,0.0,0.0,0.0,0.0,0.0,0.0,0.0,0.0,0.0,0.0,0.0,0.0,0.0,0.0,0.0,0.0,50.0,0.0,Ipswich Town,1.0,0.0,Arsenal,Arsenal,3.0,3.0,0.44323718549068314,,0.521521937488617,0.23115791574410258
dominic_calvert_lewin,1,1,FWD,Leeds,18,0,0,0,3,0,0,3,2.0,0.0,0.0,-2.0,1.0,0.8,0.0,0.13,0.13,0.66,0.0,0.0,0.7,0.0,90.0,0.0,0.0,0.0,0.0,0.0,1.0,11.0,1.0,0.0,0.0,0.0,60.0,1.0,Nott'm Forest,1.0,3.0,Newcastle,Newcastle,2.0,1.0,4.377168228135499,50210.0,0.5,2.1885841140677496
dominic_solanke_mitchell,1,1,FWD,Spurs,4,0,0,0,3,0,0,3,2.0,0.0,0.0,3.0,0.0,0.0,0.0,0.07,0.07,0.85,0.0,0.0,0.5,0.0,22.0,0.0,0.0,0.0,0.0,0.0,0.0,5.0,1.0,0.0,0.0,0.0,60.0,0.0,Brentford,0.0,0.0,Everton,Everton,2.0,3.0,2.1826085617062176,14971.0,0.5,1.0913042808531088
dominik_szoboszlai,1,8,MID,Liverpool,17,0,0,0,4,0,0,2,2.5,0.0,1.0,29.0,0.0,47.1,0.27,1.12,0.85,1.58,2.0,1.0,11.9,50.4,90.0,0.0,0.0,0.0,0.0,0.0,1.0,21.0,8.0,0.0,0.0,0.0,70.0,0.0,Newcastle,2.0,1.0,Fulham,Fulham,2.0,0.0,4.415495682501191,14974.0,2.0,8.830991365002381
dorde_petrovic,1,2,GK,Bournemouth,15,0,0,0,3,0,0,4,1.9,0.0,0.0,13.0,0.0,0.0,0.0,0.0,0.0,2.25,2.0,0.0,3.7,36.8,90.0,0.0,0.0,0.0,0.0,4.0,1.0,0.0,2.0,0.0,0.0,0.0,45.0,0.0,Man City,1.0,0.0,Brentford,Brentford,3.0,3.0,2.922451494735177,79641.0,1.0,2.922451494735177
dwight_mcneil,1,2,MID,Crystal Palace,9,0,0,0,3,0,0,3,2.0,0.0,0.0,11.0,0.0,4.7,0.02,0.07,0.05,0.98,2.0,0.0,1.6,9.6,62.0,0.0,0.0,0.0,0.0,0.0,1.0,2.0,2.0,0.0,0.0,0.0,55.0,0.0,Everton,0.0,0.0,Ipswich Town,Ipswich Town,2.0,3.0,1.8485306639174082,,0.7133184921308123,1.318591105843135
eberechi_eze,1,1,MID,Arsenal,7,1,0,0,4,0,0,2,2.3,0.0,0.0,4.0,0.0,1.8,0.0,0.04,0.04,0.15,0.0,0.0,0.1,0.0,14.0,0.0,0.0,0.0,0.0,0.0,0.0,1.0,1.0,0.0,0.0,0.0,65.0,0.0,Coventry City,3.0,3.0,Sunderland,Sunderland,1.0,0.0,1.7806485526606362,79641.0,1.7018618233191352,3.030417792521609
eddie_nketiah,1,1,FWD,Crystal Palace,9,0,0,0,3,0,0,3,1.8,0.0,0.0,12.0,0.0,24.5,0.58,1.18,0.6,0.84,2.0,0.0,5.8,10.4,55.0,0.0,0.0,0.0,0.0,0.0,1.0,23.0,1.0,0.0,0.0,0.0,55.0,0.0,Everton,0.0,0.0,Ipswich Town,Ipswich Town,2.0,3.0,0.502681552181109,,0.5,0.2513407760905545
eliot_matazo,1,0,MID,Hull City,16,1,0,0,2,0,0,4,0.0,0.0,0.0,0.0,0.0,0.0,0.0,0.0,0.0,0.0,0.0,0.0,0.0,0.0,0.0,0.0,0.0,0.0,0.0,0.0,0.0,0.0,0.0,0.0,0.0,0.0,45.0,0.0,Man Utd,2.0,3.0,Chelsea,Chelsea,3.0,3.0,0.16465903717611785,,0.532607108061187,0.08769857360651162
elliot_anderson,1,2,MID,Man City,3,1,0,0,4,0,0,3,2.3,0.0,0.0,14.0,0.0,20.8,0.25,0.25,0.0,0.55,1.0,0.0,2.8,7.2,62.0,0.0,0.0,0.0,0.0,0.0,1.0,0.0,2.0,0.0,0.0,0.0,65.0,0.0,Bournemouth,2.0,3.0,Man Utd,Man Utd,0.0,0.0,2.408962058233063,14971.0,0.6850081449640393,1.6501586307989846
elliot_stroud,1,3,MID,Hull City,16,1,0,0,2,0,0,4,1.5,0.0,0.0,11.0,1.0,4.8,0.03,0.03,0.0,1.16,0.0,0.0,1.3,8.4,70.0,0.0,0.0,0.0,0.0,0.0,1.0,0.0,3.0,0.0,0.0,0.0,50.0,0.0,Man Utd,2.0,3.0,Chelsea,Chelsea,3.0,3.0,2.1852422645367025,,0.532607108061187,1.1638755629279727
ellis_simms,1,2,FWD,Coventry City,1,0,0,0,2,0,0,4,1.4,0.0,0.0,7.0,0.0,12.3,0.01,0.01,0.0,1.6,3.0,0.0,1.7,2.6,69.0,0.0,0.0,0.0,0.0,0.0,1.0,2.0,2.0,0.0,0.0,0.0,50.0,0.0,Arsenal,0.0,0.0,Brighton,Brighton,4.0,3.0,2.3936434863084717,,,
emersonn_correia_da_silva,1,9,FWD,Ipswich Town,20,1,0,0,2,0,0,3,1.8,0.0,3.0,41.0,0.0,26.3,0.06,0.88,0.82,0.63,1.0,1.0,11.2,45.6,65.0,0.0,0.0,0.0,0.0,0.0,1.0,40.0,9.0,0.0,0.0,0.0,55.0,0.0,Sunderland,2.0,3.0,Crystal Palace,Crystal Palace,0.0,0.0,3.6337785499539907,,2.0,7.2675570999079815
emile_smith_rowe,1,0,MID,Fulham,6,1,0,0,2,0,0,4,2.0,0.0,0.0,0.0,0.0,0.0,0.0,0.0,0.0,0.0,0.0,0.0,0.0,0.0,0.0,0.0,0.0,0.0,0.0,0.0,0.0,0.0,0.0,0.0,0.0,0.0,55.0,0.0,Chelsea,2.0,0.0,Liverpool,Liverpool,2.0,1.0,0.5534543499969538,,0.7684565106809018,0.42530559861982564
emiliano_buendia_stati,1,2,MID,Aston Villa,5,0,0,0,4,0,0,2,2.2,0.0,0.0,4.0,0.0,16.3,0.09,0.22,0.13,3.62,4.0,0.0,2.2,0.0,85.0,0.0,0.0,0.0,0.0,0.0,1.0,8.0,2.0,0.0,0.0,0.0,60.0,0.0,Brighton,0.0,0.0,Nott'm Forest,Nott'm Forest,0.0,0.0,2.965410470670972,14972.0,0.5162344193969673,1.5308469526005168
emiliano_martinez_romero,1,0,GK,Aston Villa,5,0,0,0,4,0,0,2,2.6,0.0,0.0,0.0,0.0,0.0,0.0,0.0,0.0,0.0,0.0,0.0,0.0,0.0,0.0,0.0,0.0,0.0,0.0,0.0,0.0,0.0,0.0,0.0,0.0,0.0,50.0,0.0,Brighton,0.0,0.0,Nott'm Forest,Nott'm Forest,0.0,0.0,-0.17990855530907246,79641.0,2.0,-0.3598171106181449
emmanuel_emegha,1,0,FWD,Chelsea,10,0,0,0,4,0,0,2,1.4,0.0,0.0,0.0,0.0,0.0,0.0,0.0,0.0,0.0,0.0,0.0,0.0,0.0,0.0,0.0,0.0,0.0,0.0,0.0,0.0,0.0,0.0,0.0,0.0,0.0,50.0,0.0,Fulham,3.0,3.0,Hull City,Hull City,2.0,3.0,0.327149225952313,,2.0,0.654298451904626
endo_wataru,1,0,MID,Liverpool,17,0,0,0,4,0,0,2,1.5,0.0,0.0,0.0,0.0,0.0,0.0,0.0,0.0,0.0,0.0,0.0,0.0,0.0,0.0,0.0,0.0,0.0,0.0,0.0,0.0,0.0,0.0,0.0,0.0,0.0,50.0,0.0,Newcastle,2.0,1.0,Fulham,Fulham,2.0,0.0,0.3841618570008538,,2.0,0.7683237140017076
enes_unal,1,0,FWD,Bournemouth,15,0,0,0,3,0,0,4,0.0,0.0,0.0,0.0,0.0,0.0,0.0,0.0,0.0,0.0,0.0,0.0,0.0,0.0,0.0,0.0,0.0,0.0,0.0,0.0,0.0,0.0,0.0,0.0,0.0,0.0,55.0,0.0,Man City,1.0,0.0,Brentford,Brentford,3.0,3.0,0.2504754396236648,,1.0017674536043424,0.2509181433422269
enis_destan,1,0,FWD,Hull City,16,1,0,0,2,0,0,4,0.0,0.0,0.0,0.0,0.0,0.0,0.0,0.0,0.0,0.0,0.0,0.0,0.0,0.0,0.0,0.0,0.0,0.0,0.0,0.0,0.0,0.0,0.0,0.0,0.0,0.0,45.0,0.0,Man Utd,2.0,3.0,Chelsea,Chelsea,3.0,3.0,0.0544713502066152,,2.0,0.1089427004132304
enzo_fernandez,1,1,MID,Chelsea,10,0,0,0,4,0,0,2,2.5,0.0,0.0,6.0,0.0,12.0,0.02,0.02,0.0,0.28,0.0,0.0,1.5,3.4,25.0,0.0,0.0,0.0,0.0,0.0,0.0,0.0,1.0,0.0,0.0,0.0,70.0,0.0,Fulham,3.0,3.0,Hull City,Hull City,2.0,3.0,2.3803583563589203,14970.0,0.808425802862563,1.9243431153400712
enzo_le_fee,1,2,MID,Sunderland,12,0,0,0,3,0,0,2,2.2,0.0,0.0,13.0,0.0,9.9,0.03,0.03,0.0,1.69,1.0,0.0,1.5,4.6,79.0,0.0,0.0,0.0,0.0,0.0,1.0,0.0,2.0,0.0,0.0,0.0,60.0,0.0,Ipswich Town,1.0,0.0,Arsenal,Arsenal,3.0,3.0,2.6251088955943898,61014.0,0.521521937488617,1.3690518773489897
ephron_mason_clark,1,0,MID,Coventry City,1,0,0,0,2,0,0,4,2.0,0.0,0.0,0.0,0.0,0.0,0.0,0.0,0.0,0.0,0.0,0.0,0.0,0.0,0.0,0.0,0.0,0.0,0.0,0.0,0.0,0.0,0.0,0.0,0.0,0.0,55.0,0.0,Arsenal,0.0,0.0,Brighton,Brighton,4.0,3.0,0.662019771224654,,0.5,0.331009885612327
erling_haaland,1,2,FWD,Man City,3,1,0,0,4,0,0,3,4.0,0.0,0.0,6.0,0.0,5.2,0.02,0.76,0.74,0.65,1.0,0.0,5.9,3.8,90.0,0.0,0.0,0.0,0.0,0.0,1.0,50.0,2.0,0.0,0.0,0.0,155.0,0.0,Bournemouth,2.0,3.0,Man Utd,Man Utd,0.0,0.0,5.31799215677394,14974.0,0.6530864197530863,3.4731084579424865
estevao_almeida_de_oliveira_goncalves,1,1,MID,Chelsea,10,0,0,0,4,0,0,2,2.3,0.0,0.0,3.0,0.0,0.4,0.0,0.0,0.0,0.09,0.0,0.0,0.1,0.2,7.0,0.0,0.0,0.0,0.0,0.0,0.0,0.0,1.0,0.0,0.0,0.0,65.0,0.0,Fulham,3.0,3.0,Hull City,Hull City,2.0,3.0,1.5803280822558954,50210.0,0.808425802862563,1.2775779986839768
ethan_ampadu,1,5,MID,Leeds,18,0,0,0,3,0,0,3,2.0,0.0,0.0,18.0,1.0,23.3,0.04,0.04,0.0,0.66,0.0,0.0,4.2,18.6,90.0,0.0,0.0,0.0,0.0,0.0,1.0,0.0,5.0,0.0,0.0,0.0,55.0,0.0,Nott'm Forest,1.0,3.0,Newcastle,Newcastle,2.0,1.0,4.156354862469726,61014.0,1.9644625221347685,8.165003356014386
ethan_nwaneri,1,0,MID,Arsenal,7,1,0,0,4,0,0,2,2.0,0.0,0.0,0.0,0.0,0.0,0.0,0.0,0.0,0.0,0.0,0.0,0.0,0.0,0.0,0.0,0.0,0.0,0.0,0.0,0.0,0.0,0.0,0.0,0.0,0.0,55.0,0.0,Coventry City,3.0,3.0,Sunderland,Sunderland,1.0,0.0,0.5027143695985992,,1.7018618233191352,0.8555503936538016
ethan_pinnock,1,0,DEF,Brentford,19,1,0,0,3,0,0,3,1.7,0.0,0.0,0.0,0.0,0.0,0.0,0.0,0.0,0.0,0.0,0.0,0.0,0.0,0.0,0.0,0.0,0.0,0.0,0.0,0.0,0.0,0.0,0.0,0.0,0.0,45.0,0.0,Spurs,3.0,3.0,Bournemouth,Bournemouth,1.0,0.0,0.5490118957988126,,2.0,1.0980237915976252
evan_ferguson,1,0,FWD,Brighton,2,1,0,0,2,0,0,4,0.0,0.0,0.0,0.0,0.0,0.0,0.0,0.0,0.0,0.0,0.0,0.0,0.0,0.0,0.0,0.0,0.0,0.0,0.0,0.0,0.0,0.0,0.0,0.0,0.0,0.0,50.0,0.0,Aston Villa,4.0,3.0,Coventry City,Coventry City,0.0,0.0,0.2022188807660079,,1.8241379310344823,0.3688751307766143
evann_guessand,1,1,MID,Crystal Palace,9,0,0,0,3,0,0,3,2.0,0.0,0.0,3.0,0.0,1.8,0.02,0.05,0.03,0.14,0.0,0.0,1.2,3.2,27.0,0.0,0.0,0.0,0.0,0.0,0.0,7.0,1.0,0.0,0.0,0.0,55.0,0.0,Everton,0.0,0.0,Ipswich Town,Ipswich Town,2.0,3.0,2.222925150404386,,0.7133184921308123,1.5856536164061157
ewen_jaouen,1,0,GK,Newcastle,14,1,0,0,2,0,0,4,1.9,0.0,0.0,0.0,0.0,0.0,0.0,0.0,0.0,0.0,0.0,0.0,0.0,0.0,0.0,0.0,0.0,0.0,0.0,0.0,0.0,0.0,0.0,0.0,0.0,0.0,45.0,0.0,Liverpool,2.0,1.0,Leeds,Leeds,1.0,3.0,0.4009619267160871,,0.5,0.20048096335804355
ezri_konsa_ngoyo,1,0,DEF,Arsenal,7,1,0,0,4,0,0,2,1.7,0.0,0.0,0.0,0.0,0.0,0.0,0.0,0.0,0.0,0.0,0.0,0.0,0.0,0.0,0.0,0.0,0.0,0.0,0.0,0.0,0.0,0.0,0.0,0.0,0.0,45.0,0.0,Coventry City,3.0,3.0,Sunderland,Sunderland,1.0,0.0,0.5490118957988126,50210.0,2.0,1.0980237915976252
fabian_schar,1,1,DEF,Newcastle,14,1,0,0,2,0,0,4,2.2,0.0,0.0,-1.0,0.0,0.0,0.0,0.0,0.0,0.79,1.0,0.0,0.0,0.0,1.0,0.0,0.0,0.0,0.0,0.0,0.0,0.0,1.0,0.0,0.0,0.0,50.0,0.0,Liverpool,2.0,1.0,Leeds,Leeds,1.0,3.0,1.1445515750025348,,1.1454902161551892,1.3110726310504157
fabio_ferreira_vieira,1,0,MID,Arsenal,7,1,0,0,4,0,0,2,2.0,0.0,0.0,0.0,0.0,0.0,0.0,0.0,0.0,0.0,0.0,0.0,0.0,0.0,0.0,0.0,0.0,0.0,0.0,0.0,0.0,0.0,0.0,0.0,0.0,0.0,55.0,0.0,Coventry City,3.0,3.0,Sunderland,Sunderland,1.0,0.0,0.5027143695985992,,1.7018618233191352,0.8555503936538016
fabio_freitas_gouveia_carvalho,1,0,MID,Brentford,19,1,0,0,3,0,0,3,1.1,0.0,0.0,0.0,0.0,0.0,0.0,0.0,0.0,0.0,0.0,0.0,0.0,0.0,0.0,0.0,0.0,0.0,0.0,0.0,0.0,0.0,0.0,0.0,0.0,0.0,50.0,0.0,Spurs,3.0,3.0,Bournemouth,Bournemouth,1.0,0.0,0.2974474685817421,,1.5701064583692905,0.4670241914457899
facundo_buonanotte,1,0,MID,Brighton,2,1,0,0,2,0,0,4,0.0,0.0,0.0,0.0,0.0,0.0,0.0,0.0,0.0,0.0,0.0,0.0,0.0,0.0,0.0,0.0,0.0,0.0,0.0,0.0,0.0,0.0,0.0,0.0,0.0,0.0,50.0,0.0,Aston Villa,4.0,3.0,Coventry City,Coventry City,0.0,0.0,0.14225580165401341,,2.0,0.28451160330802683
federico_chiesa,1,0,MID,Liverpool,17,0,0,0,4,0,0,2,2.0,0.0,0.0,0.0,0.0,0.0,0.0,0.0,0.0,0.0,0.0,0.0,0.0,0.0,0.0,0.0,0.0,0.0,0.0,0.0,0.0,0.0,0.0,0.0,0.0,0.0,55.0,0.0,Newcastle,2.0,1.0,Fulham,Fulham,2.0,0.0,0.5516484960948802,,2.0,1.1032969921897604
felipe_rodrigues_da_silva,1,0,DEF,Nott'm Forest,13,1,0,0,3,0,0,3,2.2,0.0,0.0,0.0,0.0,0.0,0.0,0.0,0.0,0.0,0.0,0.0,0.0,0.0,0.0,0.0,0.0,0.0,0.0,0.0,0.0,0.0,0.0,0.0,0.0,0.0,50.0,0.0,Leeds,0.0,0.0,Aston Villa,Aston Villa,0.0,0.0,0.5822218232655011,,2.0,1.1644436465310022
ferdi_kadioglu,1,0,DEF,Brighton,2,1,0,0,2,0,0,4,1.7,0.0,0.0,0.0,0.0,0.0,0.0,0.0,0.0,0.0,0.0,0.0,0.0,0.0,0.0,0.0,0.0,0.0,0.0,0.0,0.0,0.0,0.0,0.0,0.0,0.0,45.0,0.0,Aston Villa,4.0,3.0,Coventry City,Coventry City,0.0,0.0,0.5059197042954953,14970.0,2.0,1.0118394085909905
filip_jorgensen,1,0,GK,Chelsea,10,0,0,0,4,0,0,2,0.0,0.0,0.0,0.0,0.0,0.0,0.0,0.0,0.0,0.0,0.0,0.0,0.0,0.0,0.0,0.0,0.0,0.0,0.0,0.0,0.0,0.0,0.0,0.0,0.0,0.0,50.0,0.0,Fulham,3.0,3.0,Hull City,Hull City,2.0,3.0,0.9495738810721387,,0.5,0.47478694053606935
florentino_ibrain_morris_luis,1,0,MID,Ipswich Town,20,1,0,0,2,0,0,3,1.5,0.0,0.0,0.0,0.0,0.0,0.0,0.0,0.0,0.0,0.0,0.0,0.0,0.0,0.0,0.0,0.0,0.0,0.0,0.0,0.0,0.0,0.0,0.0,0.0,0.0,50.0,0.0,Sunderland,2.0,3.0,Crystal Palace,Crystal Palace,0.0,0.0,0.3242989531225442,,1.5646884625857231,0.5074268303794732
florian_wirtz,1,2,MID,Liverpool,17,0,0,0,4,0,0,2,2.6,0.0,0.0,16.0,0.0,17.9,0.04,0.3,0.26,0.51,2.0,0.0,5.7,9.8,62.0,0.0,0.0,0.0,0.0,0.0,1.0,29.0,2.0,0.0,0.0,0.0,75.0,0.0,Newcastle,2.0,1.0,Fulham,Fulham,2.0,0.0,2.9941887458741805,61014.0,2.0,5.988377491748361
francisco_evanilson_de_lima_barbosa,1,4,FWD,Bournemouth,15,0,0,0,3,0,0,4,2.0,1.0,0.0,17.0,1.0,11.9,0.21,0.21,0.0,1.94,0.0,0.0,3.3,19.4,74.0,0.0,0.0,0.0,0.0,0.0,1.0,2.0,4.0,0.0,0.0,0.0,60.0,1.0,Man City,1.0,0.0,Brentford,Brentford,3.0,3.0,3.0896009807367557,15210.0,1.0017674536043424,3.095061707126139
frank_onyeka,1,2,MID,Coventry City,1,0,0,0,2,0,0,4,1.5,0.0,0.0,8.0,0.0,1.6,0.01,0.01,0.0,1.88,3.0,0.0,0.5,3.6,90.0,0.0,0.0,0.0,0.0,0.0,1.0,0.0,2.0,0.0,0.0,0.0,50.0,0.0,Arsenal,0.0,0.0,Brighton,Brighton,4.0,3.0,2.686210255879664,,0.5,1.343105127939832
fraser_forster,1,0,GK,Bournemouth,15,0,0,0,3,0,0,4,1.0,0.0,0.0,0.0,0.0,0.0,0.0,0.0,0.0,0.0,0.0,0.0,0.0,0.0,0.0,0.0,0.0,0.0,0.0,0.0,0.0,0.0,0.0,0.0,0.0,0.0,40.0,0.0,Man City,1.0,0.0,Brentford,Brentford,3.0,3.0,0.3349490140791922,,1.0,0.3349490140791922
freddie_woodman,1,0,GK,Liverpool,17,0,0,0,4,0,0,2,1.0,0.0,0.0,0.0,0.0,0.0,0.0,0.0,0.0,0.0,0.0,0.0,0.0,0.0,0.0,0.0,0.0,0.0,0.0,0.0,0.0,0.0,0.0,0.0,0.0,0.0,40.0,0.0,Newcastle,2.0,1.0,Fulham,Fulham,2.0,0.0,-0.0003453213735427063,,1.0,-0.0003453213735427063
gabriel_dos_santos_magalhaes,1,5,DEF,Arsenal,7,1,0,0,4,0,0,2,4.0,0.0,0.0,21.0,1.0,1.8,0.01,0.06,0.05,0.2,0.0,0.0,0.9,6.6,90.0,0.0,0.0,0.0,0.0,0.0,1.0,1.0,5.0,0.0,0.0,0.0,80.0,1.0,Coventry City,3.0,3.0,Sunderland,Sunderland,1.0,0.0,4.251013517398137,14972.0,2.0,8.502027034796274
gabriel_fernando_de_jesus,1,0,FWD,Arsenal,7,1,0,0,4,0,0,2,2.0,0.0,0.0,0.0,0.0,0.0,0.0,0.0,0.0,0.0,0.0,0.0,0.0,0.0,0.0,0.0,0.0,0.0,0.0,0.0,0.0,0.0,0.0,0.0,0.0,0.0,60.0,0.0,Coventry City,3.0,3.0,Sunderland,Sunderland,1.0,0.0,0.45325996654819134,,2.0,0.9065199330963827
gabriel_gudmundsson,1,0,DEF,Leeds,18,0,0,0,3,0,0,3,0.0,0.0,0.0,0.0,0.0,0.0,0.0,0.0,0.0,0.0,0.0,0.0,0.0,0.0,0.0,0.0,0.0,0.0,0.0,0.0,0.0,0.0,0.0,0.0,0.0,0.0,45.0,0.0,Nott'm Forest,1.0,3.0,Newcastle,Newcastle,2.0,1.0,0.38421847799476483,,1.058760202742355,0.4067952336590963
gabriel_martinelli_silva,1,0,MID,Arsenal,7,1,0,0,4,0,0,2,2.3,0.0,0.0,0.0,0.0,0.0,0.0,0.0,0.0,0.0,0.0,0.0,0.0,0.0,0.0,0.0,0.0,0.0,0.0,0.0,0.0,0.0,0.0,0.0,0.0,0.0,65.0,0.0,Coventry City,3.0,3.0,Sunderland,Sunderland,1.0,0.0,0.7715721894216977,,1.7018618233191352,1.3131092531115476
george_hemmings,1,2,MID,Aston Villa,5,0,0,0,4,0,0,2,1.0,0.0,0.0,12.0,0.0,11.6,0.0,0.0,0.0,3.77,4.0,0.0,2.4,10.6,90.0,0.0,0.0,0.0,0.0,0.0,1.0,2.0,2.0,0.0,0.0,0.0,45.0,0.0,Brighton,0.0,0.0,Nott'm Forest,Nott'm Forest,0.0,0.0,2.1837873036615565,,0.5162344193969673,1.1273461707921923
george_hirst,1,0,FWD,Ipswich Town,20,1,0,0,2,0,0,3,0.0,0.0,0.0,0.0,0.0,0.0,0.0,0.0,0.0,0.0,0.0,0.0,0.0,0.0,0.0,0.0,0.0,0.0,0.0,0.0,0.0,0.0,0.0,0.0,0.0,0.0,50.0,0.0,Sunderland,2.0,3.0,Crystal Palace,Crystal Palace,0.0,0.0,0.12762450784229928,,2.0,0.25524901568459857
george_shepherd,1,0,MID,Coventry City,1,0,0,0,2,0,0,4,1.0,0.0,0.0,0.0,0.0,0.0,0.0,0.0,0.0,0.0,0.0,0.0,0.0,0.0,0.0,0.0,0.0,0.0,0.0,0.0,0.0,0.0,0.0,0.0,0.0,0.0,45.0,0.0,Arsenal,0.0,0.0,Brighton,Brighton,4.0,3.0,0.3270464930366015,,0.5,0.16352324651830075
georginio_rutter,1,5,FWD,Brighton,2,1,0,0,2,0,0,4,1.8,1.0,0.0,22.0,1.0,11.4,0.44,0.52,0.08,0.29,0.0,0.0,4.6,19.8,90.0,0.0,0.0,0.0,0.0,0.0,1.0,15.0,5.0,0.0,0.0,0.0,55.0,0.0,Aston Villa,4.0,3.0,Coventry City,Coventry City,0.0,0.0,3.245824158890941,14972.0,1.8241379310344823,5.92083096570106
geovany_quenda,1,1,MID,Chelsea,10,0,0,0,4,0,0,2,2.0,0.0,0.0,2.0,0.0,0.3,0.0,0.0,0.0,0.09,0.0,0.0,0.4,1.2,8.0,0.0,0.0,0.0,0.0,0.0,0.0,2.0,1.0,0.0,0.0,0.0,55.0,0.0,Fulham,3.0,3.0,Hull City,Hull City,2.0,3.0,1.3866025146423344,,0.808425802862563,1.120965251150978
geronimo_rulli,1,0,GK,Man City,3,1,0,0,4,0,0,3,2.6,0.0,0.0,0.0,0.0,0.0,0.0,0.0,0.0,0.0,0.0,0.0,0.0,0.0,0.0,0.0,0.0,0.0,0.0,0.0,0.0,0.0,0.0,0.0,0.0,0.0,50.0,0.0,Bournemouth,2.0,3.0,Man Utd,Man Utd,0.0,0.0,0.2620823727059918,,2.0,0.5241647454119835
gianluigi_donnarumma,1,3,GK,Man City,3,1,0,0,4,0,0,3,3.3,0.0,0.0,12.0,0.0,0.0,0.0,0.0,0.0,0.65,1.0,0.0,2.7,26.8,90.0,0.0,0.0,0.0,0.0,3.0,1.0,0.0,3.0,0.0,0.0,0.0,55.0,0.0,Bournemouth,2.0,3.0,Man Utd,Man Utd,0.0,0.0,3.568934795248369,14969.0,2.0,7.137869590496738
giorgi_mamardashvili,1,0,GK,Liverpool,17,0,0,0,4,0,0,2,2.6,0.0,0.0,0.0,0.0,0.0,0.0,0.0,0.0,0.0,0.0,0.0,0.0,0.0,0.0,0.0,0.0,0.0,0.0,0.0,0.0,0.0,0.0,0.0,0.0,0.0,50.0,0.0,Newcastle,2.0,1.0,Fulham,Fulham,2.0,0.0,0.27469918669592563,14969.0,1.0,0.27469918669592563
giovanni_leoni,1,0,DEF,Liverpool,17,0,0,0,4,0,0,2,0.0,0.0,0.0,0.0,0.0,0.0,0.0,0.0,0.0,0.0,0.0,0.0,0.0,0.0,0.0,0.0,0.0,0.0,0.0,0.0,0.0,0.0,0.0,0.0,0.0,0.0,40.0,0.0,Newcastle,2.0,1.0,Fulham,Fulham,2.0,0.0,0.1634132395880521,,0.5,0.08170661979402605
gonzalo_garcia,1,6,FWD,Fulham,6,1,0,0,2,0,0,4,2.0,0.0,0.0,33.0,0.0,4.3,0.01,0.74,0.73,2.24,3.0,1.0,8.2,37.2,90.0,0.0,0.0,0.0,0.0,0.0,1.0,40.0,6.0,0.0,0.0,0.0,60.0,0.0,Chelsea,2.0,0.0,Liverpool,Liverpool,2.0,1.0,2.938181823081706,14973.0,2.0,5.876363646163412
granit_xhaka,1,9,MID,Sunderland,12,0,0,0,3,0,0,2,2.0,1.0,2.0,31.0,0.0,31.4,0.09,0.09,0.0,1.8,2.0,0.0,5.0,18.8,90.0,0.0,0.0,0.0,0.0,0.0,1.0,0.0,9.0,0.0,0.0,0.0,55.0,0.0,Ipswich Town,1.0,0.0,Arsenal,Arsenal,3.0,3.0,3.7328271929847885,50210.0,0.521521937488617,1.9467512699956224
guglielmo_vicario,1,0,GK,Spurs,4,0,0,0,3,0,0,3,0.0,0.0,0.0,0.0,0.0,0.0,0.0,0.0,0.0,0.0,0.0,0.0,0.0,0.0,0.0,0.0,0.0,0.0,0.0,0.0,0.0,0.0,0.0,0.0,0.0,0.0,45.0,0.0,Brentford,0.0,0.0,Everton,Everton,2.0,3.0,0.3118337837868672,,1.0,0.3118337837868672
gustavo_hamer,1,1,MID,Coventry City,1,0,0,0,2,0,0,4,2.0,0.0,0.0,3.0,0.0,0.3,0.0,0.0,0.0,0.13,0.0,0.0,0.1,0.4,8.0,0.0,0.0,0.0,0.0,0.0,0.0,0.0,1.0,0.0,0.0,0.0,55.0,0.0,Arsenal,0.0,0.0,Brighton,Brighton,4.0,3.0,1.4592551342484015,,0.5,0.7296275671242007
habib_diarra,1,1,MID,Sunderland,12,0,0,0,3,0,0,2,2.0,0.0,0.0,3.0,0.0,0.6,0.0,0.03,0.03,0.1,1.0,0.0,0.3,0.4,10.0,0.0,0.0,0.0,0.0,0.0,0.0,2.0,1.0,0.0,0.0,0.0,55.0,0.0,Ipswich Town,1.0,0.0,Arsenal,Arsenal,3.0,3.0,1.502708373391437,,0.521521937488617,0.7836953823714703
haji_wright,1,0,FWD,Coventry City,1,0,0,0,2,0,0,4,0.0,0.0,0.0,0.0,0.0,0.0,0.0,0.0,0.0,0.0,0.0,0.0,0.0,0.0,0.0,0.0,0.0,0.0,0.0,0.0,0.0,0.0,0.0,0.0,0.0,0.0,55.0,0.0,Arsenal,0.0,0.0,Brighton,Brighton,4.0,3.0,0.17246937793024109,14973.0,,
hakon_rafn_valdimarsson,1,0,GK,Brentford,19,1,0,0,3,0,0,3,1.9,0.0,0.0,0.0,0.0,0.0,0.0,0.0,0.0,0.0,0.0,0.0,0.0,0.0,0.0,0.0,0.0,0.0,0.0,0.0,0.0,0.0,0.0,0.0,0.0,0.0,45.0,0.0,Spurs,3.0,3.0,Bournemouth,Bournemouth,1.0,0.0,0.29540599640674325,,2.0,0.5908119928134865
harrison_armstrong,1,8,MID,Everton,8,1,0,0,3,0,0,3,1.5,1.0,0.0,25.0,1.0,14.7,0.04,0.04,0.0,1.96,0.0,0.0,4.8,28.8,90.0,0.0,0.0,0.0,0.0,0.0,1.0,4.0,8.0,0.0,0.0,0.0,50.0,0.0,Crystal Palace,2.0,3.0,Spurs,Spurs,0.0,0.0,4.067194580031116,,2.0,8.134389160062232
harrison_reed,1,0,MID,Fulham,6,1,0,0,2,0,0,4,1.0,0.0,0.0,0.0,0.0,0.0,0.0,0.0,0.0,0.0,0.0,0.0,0.0,0.0,0.0,0.0,0.0,0.0,0.0,0.0,0.0,0.0,0.0,0.0,0.0,0.0,45.0,0.0,Chelsea,2.0,0.0,Liverpool,Liverpool,2.0,1.0,0.2184810718089012,,0.7684565106809018,0.16789320209209177
harry_amass,1,0,DEF,Man Utd,11,0,0,0,4,0,0,2,1.0,0.0,0.0,0.0,0.0,0.0,0.0,0.0,0.0,0.0,0.0,0.0,0.0,0.0,0.0,0.0,0.0,0.0,0.0,0.0,0.0,0.0,0.0,0.0,0.0,0.0,40.0,0.0,Hull City,0.0,0.0,Man City,Man City,2.0,3.0,0.256531805833768,,0.5,0.128265902916884
harry_howell,1,0,MID,Brighton,2,1,0,0,2,0,0,4,0.0,0.0,0.0,0.0,0.0,0.0,0.0,0.0,0.0,0.0,0.0,0.0,0.0,0.0,0.0,0.0,0.0,0.0,0.0,0.0,0.0,0.0,0.0,0.0,0.0,0.0,45.0,0.0,Aston Villa,4.0,3.0,Coventry City,Coventry City,0.0,0.0,0.0219944899635256,,2.0,0.0439889799270512
harry_maguire,1,1,DEF,Man Utd,11,0,0,0,4,0,0,2,2.2,0.0,0.0,15.0,0.0,28.6,0.4,0.44,0.04,1.01,2.0,0.0,7.3,25.4,90.0,0.0,0.0,0.0,0.0,0.0,1.0,19.0,1.0,0.0,0.0,0.0,50.0,0.0,Hull City,0.0,0.0,Man City,Man City,2.0,3.0,3.609123516280728,14974.0,0.5,1.804561758140364
harry_wilson,1,3,MID,Leeds,18,0,0,0,3,0,0,3,2.3,0.0,0.0,8.0,1.0,15.3,0.02,0.02,0.0,0.53,0.0,0.0,2.6,6.2,65.0,0.0,0.0,0.0,0.0,0.0,1.0,4.0,3.0,0.0,0.0,0.0,65.0,0.0,Nott'm Forest,1.0,3.0,Newcastle,Newcastle,2.0,1.0,2.6808487766984808,15210.0,1.9644625221347685,5.266426949335006
harvey_barnes,1,2,MID,Newcastle,14,1,0,0,2,0,0,4,2.2,0.0,0.0,12.0,0.0,2.4,0.02,0.09,0.07,2.98,2.0,0.0,1.7,5.2,90.0,0.0,0.0,0.0,0.0,0.0,1.0,9.0,2.0,0.0,0.0,0.0,60.0,0.0,Liverpool,2.0,1.0,Leeds,Leeds,1.0,3.0,2.9442699763050246,,0.6479143129270348,1.907634658769367
harvey_cartwright,1,0,GK,Hull City,16,1,0,0,2,0,0,4,0.0,0.0,0.0,0.0,0.0,0.0,0.0,0.0,0.0,0.0,0.0,0.0,0.0,0.0,0.0,0.0,0.0,0.0,0.0,0.0,0.0,0.0,0.0,0.0,0.0,0.0,40.0,0.0,Man Utd,2.0,3.0,Chelsea,Chelsea,3.0,3.0,0.7295219139971166,,2.0,1.4590438279942333
harvey_davies,1,0,GK,Liverpool,17,0,0,0,4,0,0,2,1.0,0.0,0.0,0.0,0.0,0.0,0.0,0.0,0.0,0.0,0.0,0.0,0.0,0.0,0.0,0.0,0.0,0.0,0.0,0.0,0.0,0.0,0.0,0.0,0.0,0.0,40.0,0.0,Newcastle,2.0,1.0,Fulham,Fulham,2.0,0.0,-0.0003453213735427063,,1.0,-0.0003453213735427063
harvey_elliott,1,0,MID,Liverpool,17,0,0,0,4,0,0,2,2.0,0.0,0.0,0.0,0.0,0.0,0.0,0.0,0.0,0.0,0.0,0.0,0.0,0.0,0.0,0.0,0.0,0.0,0.0,0.0,0.0,0.0,0.0,0.0,0.0,0.0,55.0,0.0,Newcastle,2.0,1.0,Fulham,Fulham,2.0,0.0,0.5516484960948802,,2.0,1.1032969921897604
hayden_hackney,1,3,MID,Everton,8,1,0,0,3,0,0,3,2.0,0.0,0.0,16.0,1.0,12.2,0.01,0.02,0.01,1.62,0.0,0.0,2.6,8.6,78.0,0.0,0.0,0.0,0.0,0.0,1.0,5.0,3.0,0.0,0.0,0.0,55.0,0.0,Crystal Palace,2.0,3.0,Spurs,Spurs,0.0,0.0,2.5674168792089027,,2.0,5.134833758417805
hidemasa_morita,1,0,MID,Hull City,16,1,0,0,2,0,0,4,0.8,0.0,0.0,0.0,0.0,0.0,0.0,0.0,0.0,0.0,0.0,0.0,0.0,0.0,0.0,0.0,0.0,0.0,0.0,0.0,0.0,0.0,0.0,0.0,0.0,0.0,50.0,0.0,Man Utd,2.0,3.0,Chelsea,Chelsea,3.0,3.0,0.3604808727122668,,0.532607108061187,0.1919946751266533
hugo_ekitike,1,0,FWD,Liverpool,17,0,0,0,4,0,0,2,0.0,0.0,0.0,0.0,0.0,0.0,0.0,0.0,0.0,0.0,0.0,0.0,0.0,0.0,0.0,0.0,0.0,0.0,0.0,0.0,0.0,0.0,0.0,0.0,0.0,0.0,75.0,0.0,Newcastle,2.0,1.0,Fulham,Fulham,2.0,0.0,0.5286351754543972,,1.43679012345679,0.7595377990047252
ian_maatsen,1,0,DEF,Aston Villa,5,0,0,0,4,0,0,2,1.7,0.0,0.0,-9.0,0.0,0.8,0.0,0.03,0.03,3.62,4.0,0.0,1.3,9.2,81.0,0.0,0.0,0.0,0.0,0.0,1.0,3.0,0.0,0.0,0.0,0.0,45.0,0.0,Brighton,0.0,0.0,Nott'm Forest,Nott'm Forest,0.0,0.0,1.2162752848861327,,0.5,0.6081376424430663
ibrahim_osman,1,1,MID,Brighton,2,1,0,0,2,0,0,4,1.5,0.0,0.0,7.0,0.0,15.4,0.05,0.05,0.0,0.0,0.0,0.0,2.4,4.2,12.0,0.0,0.0,0.0,0.0,0.0,0.0,4.0,1.0,0.0,0.0,0.0,50.0,0.0,Aston Villa,4.0,3.0,Coventry City,Coventry City,0.0,0.0,1.3884194523736522,,2.0,2.7768389047473043
ibrahim_sangare,1,2,MID,Nott'm Forest,13,1,0,0,3,0,0,3,1.5,0.0,0.0,10.0,0.0,13.0,0.01,0.04,0.03,0.47,1.0,0.0,3.4,17.8,90.0,0.0,0.0,0.0,0.0,0.0,1.0,3.0,2.0,0.0,0.0,0.0,50.0,0.0,Leeds,0.0,0.0,Aston Villa,Aston Villa,0.0,0.0,2.6835227030534723,,1.0150180152362045,2.72382388789463
igor_jesus_maciel_da_cruz,1,2,FWD,Nott'm Forest,13,1,0,0,3,0,0,3,2.0,0.0,0.0,8.0,0.0,6.8,0.02,0.24,0.22,0.47,1.0,0.0,4.3,5.2,90.0,0.0,0.0,0.0,0.0,0.0,1.0,31.0,2.0,0.0,0.0,0.0,60.0,0.0,Leeds,0.0,0.0,Aston Villa,Aston Villa,0.0,0.0,3.608381719075598,15210.0,0.9197334106056213,3.3187492252523745
igor_julio_dos_santos_de_paulo,1,0,DEF,Brighton,2,1,0,0,2,0,0,4,1.7,0.0,0.0,0.0,0.0,0.0,0.0,0.0,0.0,0.0,0.0,0.0,0.0,0.0,0.0,0.0,0.0,0.0,0.0,0.0,0.0,0.0,0.0,0.0,0.0,0.0,45.0,0.0,Aston Villa,4.0,3.0,Coventry City,Coventry City,0.0,0.0,0.5059197042954953,,2.0,1.0118394085909905
igor_thiago_nascimento_rodrigues,1,0,FWD,Brentford,19,1,0,0,3,0,0,3,2.5,0.0,0.0,-3.0,1.0,4.0,0.08,1.08,1.0,0.5,0.0,0.0,1.4,2.2,82.0,0.0,1.0,0.0,0.0,0.0,1.0,8.0,0.0,0.0,0.0,0.0,80.0,0.0,Spurs,3.0,3.0,Bournemouth,Bournemouth,1.0,0.0,4.084671653481499,79641.0,0.5,2.0423358267407496
ilia_gruev,1,0,MID,Leeds,18,0,0,0,3,0,0,3,0.0,0.0,0.0,0.0,0.0,0.0,0.0,0.0,0.0,0.0,0.0,0.0,0.0,0.0,0.0,0.0,0.0,0.0,0.0,0.0,0.0,0.0,0.0,0.0,0.0,0.0,50.0,0.0,Nott'm Forest,1.0,3.0,Newcastle,Newcastle,2.0,1.0,0.26801804353676584,,1.9644625221347685,0.5265114017838612
iliman_ndiaye,1,9,MID,Everton,8,1,0,0,3,0,0,3,2.2,1.0,1.0,36.0,1.0,39.8,0.32,0.56,0.24,1.96,0.0,0.0,12.9,40.8,90.0,0.0,0.0,0.0,0.0,0.0,1.0,48.0,9.0,0.0,0.0,0.0,60.0,0.0,Crystal Palace,2.0,3.0,Spurs,Spurs,0.0,0.0,5.247548251419899,14969.0,2.0,10.495096502839798
illan_meslier,1,0,GK,Arsenal,7,1,0,0,4,0,0,2,2.6,0.0,0.0,0.0,0.0,0.0,0.0,0.0,0.0,0.0,0.0,0.0,0.0,0.0,0.0,0.0,0.0,0.0,0.0,0.0,0.0,0.0,0.0,0.0,0.0,0.0,50.0,0.0,Coventry City,3.0,3.0,Sunderland,Sunderland,1.0,0.0,0.43352874417138465,,2.0,0.8670574883427693
ismaila_sarr,1,0,MID,Crystal Palace,9,0,0,0,3,0,0,3,2.3,0.0,0.0,0.0,0.0,0.0,0.0,0.0,0.0,0.0,0.0,0.0,0.0,0.0,0.0,0.0,0.0,0.0,0.0,0.0,0.0,0.0,0.0,0.0,0.0,0.0,65.0,0.0,Everton,0.0,0.0,Ipswich Town,Ipswich Town,2.0,3.0,0.8686528670257794,14971.0,0.7133184921308123,0.6196261532919359
issa_diop,1,2,DEF,Ipswich Town,20,1,0,0,2,0,0,3,1.0,0.0,0.0,7.0,0.0,0.8,0.01,0.01,0.0,0.66,1.0,0.0,1.0,7.2,90.0,0.0,0.0,0.0,0.0,0.0,1.0,2.0,2.0,0.0,0.0,0.0,40.0,0.0,Sunderland,2.0,3.0,Crystal Palace,Crystal Palace,0.0,0.0,2.627542688066878,,2.0,5.255085376133756
jack_butland,1,0,GK,Hull City,16,1,0,0,2,0,0,4,0.0,0.0,0.0,0.0,0.0,0.0,0.0,0.0,0.0,0.0,0.0,0.0,0.0,0.0,0.0,0.0,0.0,0.0,0.0,0.0,0.0,0.0,0.0,0.0,0.0,0.0,45.0,0.0,Man Utd,2.0,3.0,Chelsea,Chelsea,3.0,3.0,0.8718481178711104,,2.0,1.7436962357422208
jack_clarke,1,7,MID,Ipswich Town,20,1,0,0,2,0,0,3,2.0,0.0,1.0,27.0,0.0,0.6,0.0,0.1,0.1,0.03,0.0,1.0,5.2,33.6,19.0,0.0,0.0,0.0,0.0,0.0,0.0,18.0,7.0,0.0,0.0,0.0,55.0,0.0,Sunderland,2.0,3.0,Crystal Palace,Crystal Palace,0.0,0.0,2.022407366608454,,1.5646884625857231,3.164437473180623
jack_fletcher,1,0,MID,Man Utd,11,0,0,0,4,0,0,2,1.5,0.0,0.0,0.0,0.0,0.0,0.0,0.0,0.0,0.0,0.0,0.0,0.0,0.0,0.0,0.0,0.0,0.0,0.0,0.0,0.0,0.0,0.0,0.0,0.0,0.0,50.0,0.0,Hull City,0.0,0.0,Man City,Man City,2.0,3.0,0.43230840810865434,,0.5,0.21615420405432717
jack_grealish,1,1,MID,Man City,3,1,0,0,4,0,0,3,2.3,0.0,0.0,2.0,0.0,0.6,0.0,0.0,0.0,0.0,0.0,0.0,0.2,1.0,8.0,0.0,0.0,0.0,0.0,0.0,0.0,0.0,1.0,0.0,0.0,0.0,65.0,0.0,Bournemouth,2.0,3.0,Man Utd,Man Utd,0.0,0.0,1.578413099101872,,0.6850081449640393,1.0812258290027137
jack_harrison,1,0,MID,Leeds,18,0,0,0,3,0,0,3,0.0,0.0,0.0,0.0,0.0,0.0,0.0,0.0,0.0,0.0,0.0,0.0,0.0,0.0,0.0,0.0,0.0,0.0,0.0,0.0,0.0,0.0,0.0,0.0,0.0,0.0,50.0,0.0,Nott'm Forest,1.0,3.0,Newcastle,Newcastle,2.0,1.0,0.26801804353676584,,1.9644625221347685,0.5265114017838612
jack_hinshelwood,1,16,MID,Brighton,2,1,0,0,2,0,0,4,2.2,0.0,3.0,54.0,1.0,13.4,0.02,1.43,1.41,0.19,0.0,2.0,14.5,72.8,63.0,0.0,0.0,0.0,0.0,0.0,1.0,59.0,16.0,0.0,0.0,0.0,60.0,0.0,Aston Villa,4.0,3.0,Coventry City,Coventry City,0.0,0.0,3.566588724041968,,2.0,7.133177448083936
jack_rudoni,1,1,MID,Coventry City,1,0,0,0,2,0,0,4,1.5,0.0,0.0,3.0,0.0,3.8,0.0,0.15,0.15,0.29,0.0,0.0,2.6,5.6,20.0,0.0,0.0,0.0,0.0,0.0,0.0,17.0,1.0,0.0,0.0,0.0,50.0,0.0,Arsenal,0.0,0.0,Brighton,Brighton,4.0,3.0,2.028183796493163,,0.5,1.0140918982465814
jack_taylor,1,0,MID,Ipswich Town,20,1,0,0,2,0,0,3,0.0,0.0,0.0,0.0,0.0,0.0,0.0,0.0,0.0,0.0,0.0,0.0,0.0,0.0,0.0,0.0,0.0,0.0,0.0,0.0,0.0,0.0,0.0,0.0,0.0,0.0,45.0,0.0,Sunderland,2.0,3.0,Crystal Palace,Crystal Palace,0.0,0.0,0.062361659221441545,,1.5646884625857231,0.09757656869149216
jacob_greaves,1,2,DEF,Ipswich Town,20,1,0,0,2,0,0,3,1.0,0.0,0.0,12.0,0.0,1.3,0.0,0.0,0.0,0.66,1.0,0.0,1.8,16.4,90.0,0.0,0.0,0.0,0.0,0.0,1.0,0.0,2.0,0.0,0.0,0.0,40.0,0.0,Sunderland,2.0,3.0,Crystal Palace,Crystal Palace,0.0,0.0,2.4428174023326337,,2.0,4.885634804665267
jacob_murphy,1,0,MID,Newcastle,14,1,0,0,2,0,0,4,2.2,0.0,0.0,-1.0,0.0,0.1,0.0,0.0,0.0,1.04,1.0,0.0,0.1,0.0,14.0,0.0,0.0,0.0,0.0,0.0,0.0,2.0,0.0,0.0,0.0,0.0,60.0,1.0,Liverpool,2.0,1.0,Leeds,Leeds,1.0,3.0,1.4405072318574252,,0.6479143129270348,0.9333252533953286
jacob_ramsey,1,0,MID,Newcastle,14,1,0,0,2,0,0,4,1.5,0.0,0.0,1.0,0.0,1.3,0.01,0.07,0.06,1.5,1.0,0.0,1.3,7.8,34.0,0.0,0.0,0.0,0.0,0.0,0.0,4.0,0.0,0.0,0.0,0.0,50.0,1.0,Liverpool,2.0,1.0,Leeds,Leeds,1.0,3.0,1.8138989290569014,,0.6479143129270348,1.1752510783389867
jaden_philogene,1,0,MID,Ipswich Town,20,1,0,0,2,0,0,3,2.0,0.0,0.0,0.0,0.0,0.0,0.0,0.0,0.0,0.0,0.0,0.0,0.0,0.0,0.0,0.0,0.0,0.0,0.0,0.0,0.0,0.0,0.0,0.0,0.0,0.0,55.0,0.0,Sunderland,2.0,3.0,Crystal Palace,Crystal Palace,0.0,0.0,0.4917855922165706,,1.5646884625857231,0.7694912422071553
jahnoah_markelo,1,0,FWD,Coventry City,1,0,0,0,2,0,0,4,0.0,0.0,0.0,0.0,0.0,0.0,0.0,0.0,0.0,0.0,0.0,0.0,0.0,0.0,0.0,0.0,0.0,0.0,0.0,0.0,0.0,0.0,0.0,0.0,0.0,0.0,50.0,0.0,Arsenal,0.0,0.0,Brighton,Brighton,4.0,3.0,0.0833164049786137,,,
jaidon_anthony,1,1,MID,Brentford,19,1,0,0,3,0,0,3,2.2,0.0,0.0,9.0,0.0,34.9,0.35,0.38,0.03,0.1,0.0,0.0,4.7,10.6,23.0,0.0,0.0,0.0,0.0,0.0,0.0,1.0,1.0,0.0,0.0,0.0,60.0,0.0,Spurs,3.0,3.0,Bournemouth,Bournemouth,1.0,0.0,2.5201037518022855,,1.5701064583692905,3.9568311764654482
jair_paula_da_cunha_filho,1,1,DEF,Nott'm Forest,13,1,0,0,3,0,0,3,1.7,0.0,0.0,5.0,0.0,1.3,0.0,0.0,0.0,0.47,1.0,0.0,2.2,20.8,90.0,0.0,0.0,0.0,0.0,0.0,1.0,0.0,1.0,0.0,0.0,0.0,45.0,1.0,Leeds,0.0,0.0,Aston Villa,Aston Villa,0.0,0.0,2.8239466023359814,,2.0,5.647893204671963
jaka_bijol,1,10,DEF,Leeds,18,0,0,0,3,0,0,3,2.2,0.0,2.0,28.0,1.0,0.4,0.0,0.11,0.11,0.66,0.0,0.0,3.9,23.6,90.0,0.0,0.0,0.0,0.0,0.0,1.0,15.0,10.0,0.0,0.0,0.0,50.0,0.0,Nott'm Forest,1.0,3.0,Newcastle,Newcastle,2.0,1.0,3.921633229505451,,1.058760202742355,4.152069193152348
jake_bidwell,1,0,DEF,Coventry City,1,0,0,0,2,0,0,4,1.0,0.0,0.0,0.0,0.0,0.0,0.0,0.0,0.0,0.0,0.0,0.0,0.0,0.0,0.0,0.0,0.0,0.0,0.0,0.0,0.0,0.0,0.0,0.0,0.0,0.0,40.0,0.0,Arsenal,0.0,0.0,Brighton,Brighton,4.0,3.0,0.3841377743575931,,0.5,0.19206888717879655
jake_o'brien,1,0,DEF,Everton,8,1,0,0,3,0,0,3,2.2,0.0,0.0,0.0,0.0,0.0,0.0,0.0,0.0,0.0,0.0,0.0,0.0,0.0,0.0,0.0,0.0,0.0,0.0,0.0,0.0,0.0,0.0,0.0,0.0,0.0,50.0,0.0,Crystal Palace,2.0,3.0,Spurs,Spurs,0.0,0.0,0.7002002271112143,,2.0,1.4004004542224286
james_garner,1,1,MID,Everton,8,1,0,0,3,0,0,3,0.5,0.0,0.0,6.0,0.0,11.8,0.03,0.03,0.0,0.34,0.0,0.0,1.9,4.8,11.0,0.0,0.0,0.0,0.0,0.0,0.0,2.0,1.0,0.0,0.0,0.0,60.0,0.0,Crystal Palace,2.0,3.0,Spurs,Spurs,0.0,0.0,1.4321898475764039,,2.0,2.8643796951528078
james_hill,1,1,DEF,Bournemouth,15,0,0,0,3,0,0,4,2.5,0.0,0.0,0.0,0.0,0.3,0.0,0.0,0.0,2.25,2.0,0.0,1.2,11.6,90.0,0.0,0.0,0.0,0.0,0.0,1.0,0.0,1.0,0.0,0.0,0.0,55.0,0.0,Man City,1.0,0.0,Brentford,Brentford,3.0,3.0,2.62428308428536,14969.0,0.5,1.31214154214268
james_justin,1,10,DEF,Leeds,18,0,0,0,3,0,0,3,1.7,0.0,2.0,28.0,1.0,2.3,0.01,0.01,0.0,0.66,0.0,0.0,2.9,24.6,90.0,0.0,0.0,0.0,0.0,0.0,1.0,2.0,10.0,0.0,0.0,0.0,45.0,0.0,Nott'm Forest,1.0,3.0,Newcastle,Newcastle,2.0,1.0,3.4619038594684755,,1.058760202742355,3.6653260321253844
james_maddison,1,1,MID,Spurs,4,0,0,0,3,0,0,3,2.3,0.0,0.0,6.0,0.0,8.3,0.01,0.01,0.0,0.85,0.0,0.0,2.1,4.4,22.0,0.0,0.0,0.0,0.0,0.0,0.0,8.0,1.0,0.0,0.0,0.0,65.0,0.0,Brentford,0.0,0.0,Everton,Everton,2.0,3.0,2.2499260917356105,14972.0,0.5,1.1249630458678053
james_mcatee,1,3,MID,Nott'm Forest,13,1,0,0,3,0,0,3,2.0,0.0,0.0,18.0,1.0,42.5,0.16,0.16,0.0,0.34,0.0,0.0,5.4,11.6,73.0,0.0,0.0,0.0,0.0,0.0,1.0,0.0,3.0,0.0,0.0,0.0,55.0,0.0,Leeds,0.0,0.0,Aston Villa,Aston Villa,0.0,0.0,2.771223959229912,,1.0150180152362045,2.812842242872562
james_mcconnell,1,0,MID,Liverpool,17,0,0,0,4,0,0,2,1.0,0.0,0.0,0.0,0.0,0.0,0.0,0.0,0.0,0.0,0.0,0.0,0.0,0.0,0.0,0.0,0.0,0.0,0.0,0.0,0.0,0.0,0.0,0.0,0.0,0.0,45.0,0.0,Newcastle,2.0,1.0,Fulham,Fulham,2.0,0.0,0.21667521790682764,,2.0,0.4333504358136553
james_rowswell,1,0,DEF,Spurs,4,0,0,0,3,0,0,3,1.0,0.0,0.0,0.0,0.0,0.0,0.0,0.0,0.0,0.0,0.0,0.0,0.0,0.0,0.0,0.0,0.0,0.0,0.0,0.0,0.0,0.0,0.0,0.0,0.0,0.0,40.0,0.0,Brentford,0.0,0.0,Everton,Everton,2.0,3.0,0.256531805833768,,0.585388320151504,0.15017072288246125
james_tarkowski,1,6,DEF,Everton,8,1,0,0,3,0,0,3,2.8,0.0,0.0,25.0,1.0,0.8,0.0,0.05,0.05,1.96,0.0,0.0,2.0,15.2,90.0,0.0,0.0,0.0,0.0,0.0,1.0,4.0,6.0,0.0,0.0,0.0,60.0,0.0,Crystal Palace,2.0,3.0,Spurs,Spurs,0.0,0.0,2.568360959010594,14973.0,2.0,5.136721918021188
james_trafford,1,9,GK,Leeds,18,0,0,0,3,0,0,3,2.6,0.0,2.0,28.0,1.0,0.0,0.0,0.0,0.0,0.66,0.0,0.0,1.9,19.4,90.0,0.0,0.0,0.0,0.0,3.0,1.0,0.0,9.0,0.0,0.0,0.0,50.0,0.0,Nott'm Forest,1.0,3.0,Newcastle,Newcastle,2.0,1.0,4.030640653181062,50210.0,2.0,8.061281306362124
jamie_bynoe_gittens,1,0,MID,Chelsea,10,0,0,0,4,0,0,2,2.2,0.0,0.0,0.0,0.0,0.0,0.0,0.0,0.0,0.0,0.0,0.0,0.0,0.0,0.0,0.0,0.0,0.0,0.0,0.0,0.0,0.0,0.0,0.0,0.0,0.0,60.0,0.0,Fulham,3.0,3.0,Hull City,Hull City,2.0,3.0,0.6819384661832053,,0.808425802862563,0.5512966520270226
jan_paul_van_hecke,1,1,DEF,Spurs,4,0,0,0,3,0,0,3,2.2,0.0,0.0,3.0,0.0,2.8,0.03,0.03,0.0,3.87,3.0,0.0,3.3,28.2,90.0,0.0,0.0,0.0,0.0,0.0,1.0,2.0,1.0,0.0,0.0,0.0,50.0,0.0,Brentford,0.0,0.0,Everton,Everton,2.0,3.0,1.9385552543424966,14970.0,0.585388320151504,1.1348076038604258
jannik_schuster,1,0,DEF,Brentford,19,1,0,0,3,0,0,3,1.7,0.0,0.0,0.0,0.0,0.0,0.0,0.0,0.0,0.0,0.0,0.0,0.0,0.0,0.0,0.0,0.0,0.0,0.0,0.0,0.0,0.0,0.0,0.0,0.0,0.0,45.0,0.0,Spurs,3.0,3.0,Bournemouth,Bournemouth,1.0,0.0,0.5490118957988126,,2.0,1.0980237915976252
jarrad_branthwaite,1,6,DEF,Everton,8,1,0,0,3,0,0,3,2.5,0.0,0.0,27.0,1.0,0.8,0.01,0.01,0.0,1.96,0.0,0.0,2.5,18.6,90.0,0.0,0.0,0.0,0.0,0.0,1.0,6.0,6.0,0.0,0.0,0.0,55.0,0.0,Crystal Palace,2.0,3.0,Spurs,Spurs,0.0,0.0,2.514588493351182,61014.0,2.0,5.029176986702364
jason_steele,1,0,GK,Brighton,2,1,0,0,2,0,0,4,1.0,0.0,0.0,0.0,0.0,0.0,0.0,0.0,0.0,0.0,0.0,0.0,0.0,0.0,0.0,0.0,0.0,0.0,0.0,0.0,0.0,0.0,0.0,0.0,0.0,0.0,40.0,0.0,Aston Villa,4.0,3.0,Coventry City,Coventry City,0.0,0.0,0.09388379542895131,,2.0,0.18776759085790262
jay_dasilva,1,1,DEF,Coventry City,1,0,0,0,2,0,0,4,1.0,0.0,0.0,-4.0,0.0,3.8,0.02,0.02,0.0,1.88,3.0,0.0,1.8,13.8,90.0,0.0,0.0,0.0,0.0,0.0,1.0,0.0,1.0,0.0,0.0,0.0,40.0,0.0,Arsenal,0.0,0.0,Brighton,Brighton,4.0,3.0,2.4022120595918897,,0.5,1.2011060297959448
jaydee_canvot,1,1,DEF,Crystal Palace,9,0,0,0,3,0,0,3,2.2,0.0,0.0,9.0,0.0,5.7,0.01,0.06,0.05,1.12,2.0,0.0,3.8,27.4,90.0,0.0,0.0,0.0,0.0,0.0,1.0,5.0,1.0,0.0,0.0,0.0,50.0,0.0,Everton,0.0,0.0,Ipswich Town,Ipswich Town,2.0,3.0,2.756917128730349,,0.5,1.3784585643651746
jayden_bogle,1,6,DEF,Leeds,18,0,0,0,3,0,0,3,1.7,0.0,0.0,24.0,1.0,1.1,0.0,0.0,0.0,0.66,0.0,0.0,0.8,7.0,90.0,0.0,0.0,0.0,0.0,0.0,1.0,0.0,6.0,0.0,0.0,0.0,45.0,0.0,Nott'm Forest,1.0,3.0,Newcastle,Newcastle,2.0,1.0,2.549133460515044,,1.058760202742355,2.6989210594722293
jayden_danns,1,0,FWD,Liverpool,17,0,0,0,4,0,0,2,0.0,0.0,0.0,0.0,0.0,0.0,0.0,0.0,0.0,0.0,0.0,0.0,0.0,0.0,0.0,0.0,0.0,0.0,0.0,0.0,0.0,0.0,0.0,0.0,0.0,0.0,45.0,0.0,Newcastle,2.0,1.0,Fulham,Fulham,2.0,0.0,-0.006282662255367555,,1.43679012345679,-0.009026867077526863
jayden_lienou,1,0,DEF,Leeds,18,0,0,0,3,0,0,3,1.0,0.0,0.0,0.0,0.0,0.0,0.0,0.0,0.0,0.0,0.0,0.0,0.0,0.0,0.0,0.0,0.0,0.0,0.0,0.0,0.0,0.0,0.0,0.0,0.0,0.0,40.0,0.0,Nott'm Forest,1.0,3.0,Newcastle,Newcastle,2.0,1.0,0.32595494528121427,,1.058760202742355,0.34510812395081164
jean_philippe_mateta,1,2,FWD,Crystal Palace,9,0,0,0,3,0,0,3,2.1,0.0,0.0,-3.0,0.0,12.3,0.02,0.72,0.7,0.98,2.0,0.0,2.5,1.4,62.0,0.0,0.0,0.0,0.0,0.0,1.0,11.0,2.0,0.0,0.0,0.0,65.0,0.0,Everton,0.0,0.0,Ipswich Town,Ipswich Town,2.0,3.0,2.8037557965465467,79641.0,0.5,1.4018778982732734
jefferson_lerma_solis,1,0,MID,Crystal Palace,9,0,0,0,3,0,0,3,1.5,0.0,0.0,0.0,0.0,0.0,0.0,0.0,0.0,0.0,0.0,0.0,0.0,0.0,0.0,0.0,0.0,0.0,0.0,0.0,0.0,0.0,0.0,0.0,0.0,0.0,50.0,0.0,Everton,0.0,0.0,Ipswich Town,Ipswich Town,2.0,3.0,0.43230840810865434,,0.7133184921308123,0.30837358180753716
jens_hjerto_dahl,1,0,MID,Hull City,16,1,0,0,2,0,0,4,1.5,0.0,0.0,0.0,0.0,0.0,0.0,0.0,0.0,0.0,0.0,0.0,0.0,0.0,0.0,0.0,0.0,0.0,0.0,0.0,0.0,0.0,0.0,0.0,0.0,0.0,50.0,0.0,Man Utd,2.0,3.0,Chelsea,Chelsea,3.0,3.0,0.4265963310772205,,0.532607108061187,0.2272082382045511
jenson_seelt,1,0,DEF,Sunderland,12,0,0,0,3,0,0,2,1.7,0.0,0.0,0.0,0.0,0.0,0.0,0.0,0.0,0.0,0.0,0.0,0.0,0.0,0.0,0.0,0.0,0.0,0.0,0.0,0.0,0.0,0.0,0.0,0.0,0.0,45.0,0.0,Ipswich Town,1.0,0.0,Arsenal,Arsenal,3.0,3.0,0.6004061679364323,,0.5,0.30020308396821616
jeremie_frimpong,1,0,DEF,Liverpool,17,0,0,0,4,0,0,2,2.5,0.0,0.0,3.0,0.0,37.8,0.09,0.1,0.01,1.58,2.0,0.0,6.1,13.6,90.0,0.0,0.0,0.0,0.0,0.0,1.0,10.0,0.0,0.0,0.0,0.0,55.0,1.0,Newcastle,2.0,1.0,Fulham,Fulham,2.0,0.0,3.163795681929748,14969.0,0.5,1.581897840964874
jeremy_doku,1,0,MID,Man City,3,1,0,0,4,0,0,3,0.0,0.0,0.0,0.0,0.0,0.0,0.0,0.0,0.0,0.0,0.0,0.0,0.0,0.0,0.0,0.0,0.0,0.0,0.0,0.0,0.0,0.0,0.0,0.0,0.0,0.0,75.0,0.0,Bournemouth,2.0,3.0,Man Utd,Man Utd,0.0,0.0,0.7839295293643688,79641.0,0.6850081449640393,0.5369981126924186
jeremy_jacquet,1,1,DEF,Liverpool,17,0,0,0,4,0,0,2,2.2,0.0,0.0,9.0,0.0,11.9,0.02,0.02,0.0,1.04,2.0,0.0,2.4,12.4,69.0,0.0,0.0,0.0,0.0,0.0,1.0,0.0,1.0,0.0,0.0,0.0,50.0,0.0,Newcastle,2.0,1.0,Fulham,Fulham,2.0,0.0,1.955406436211076,14973.0,0.5,0.977703218105538
jeremy_monga,1,0,MID,Man City,3,1,0,0,4,0,0,3,1.5,0.0,0.0,0.0,0.0,0.0,0.0,0.0,0.0,0.0,0.0,0.0,0.0,0.0,0.0,0.0,0.0,0.0,0.0,0.0,0.0,0.0,0.0,0.0,0.0,0.0,50.0,0.0,Bournemouth,2.0,3.0,Man Utd,Man Utd,0.0,0.0,0.3242989531225442,,0.6850081449640393,0.22214742429225393
jesurun_rak_sakyi,1,0,MID,Crystal Palace,9,0,0,0,3,0,0,3,1.5,0.0,0.0,0.0,0.0,0.0,0.0,0.0,0.0,0.0,0.0,0.0,0.0,0.0,0.0,0.0,0.0,0.0,0.0,0.0,0.0,0.0,0.0,0.0,0.0,0.0,50.0,0.0,Everton,0.0,0.0,Ipswich Town,Ipswich Town,2.0,3.0,0.43230840810865434,,0.7133184921308123,0.30837358180753716
joachim_andersen,1,0,DEF,Fulham,6,1,0,0,2,0,0,4,0.0,0.0,0.0,0.0,0.0,0.0,0.0,0.0,0.0,0.0,0.0,0.0,0.0,0.0,0.0,0.0,0.0,0.0,0.0,0.0,0.0,0.0,0.0,0.0,0.0,0.0,50.0,0.0,Chelsea,2.0,0.0,Liverpool,Liverpool,2.0,1.0,0.5049283688846266,,1.0249232205779857,0.5175128099984206
joao_gomes,1,-2,MID,Aston Villa,5,0,0,0,4,0,0,2,0.0,0.0,0.0,-2.0,0.0,11.0,0.01,0.01,0.0,2.58,4.0,0.0,1.2,1.0,39.0,0.0,0.0,0.0,1.0,0.0,1.0,0.0,-2.0,0.0,0.0,0.0,55.0,0.0,Brighton,0.0,0.0,Nott'm Forest,Nott'm Forest,0.0,0.0,-2.104773813675653,,0.5162344193969673,-1.0865566876647914
joao_pedro_junqueira_de_jesus,1,11,FWD,Chelsea,10,0,0,0,4,0,0,2,2.4,1.0,2.0,45.0,0.0,23.0,0.06,0.69,0.63,1.33,2.0,1.0,11.1,51.2,90.0,0.0,0.0,0.0,0.0,0.0,1.0,37.0,11.0,0.0,0.0,0.0,75.0,0.0,Fulham,3.0,3.0,Hull City,Hull City,2.0,3.0,4.497844120131191,61014.0,2.0,8.995688240262382
joao_pedro_loureiro_da_costa,1,1,DEF,Brighton,2,1,0,0,2,0,0,4,1.7,0.0,0.0,7.0,0.0,1.9,0.0,0.12,0.12,0.1,0.0,0.0,2.8,8.2,26.0,0.0,0.0,0.0,0.0,0.0,0.0,18.0,1.0,0.0,0.0,0.0,45.0,0.0,Aston Villa,4.0,3.0,Coventry City,Coventry City,0.0,0.0,2.134620307296667,,2.0,4.269240614593334
joao_victor_de_souza_menezes,1,0,DEF,Spurs,4,0,0,0,3,0,0,3,1.0,0.0,0.0,0.0,0.0,0.0,0.0,0.0,0.0,0.0,0.0,0.0,0.0,0.0,0.0,0.0,0.0,0.0,0.0,0.0,0.0,0.0,0.0,0.0,0.0,0.0,40.0,0.0,Brentford,0.0,0.0,Everton,Everton,2.0,3.0,0.256531805833768,,0.585388320151504,0.15017072288246125
joe_gelhardt,1,0,MID,Hull City,16,1,0,0,2,0,0,4,0.0,0.0,0.0,0.0,0.0,0.0,0.0,0.0,0.0,0.0,0.0,0.0,0.0,0.0,0.0,0.0,0.0,0.0,0.0,0.0,0.0,0.0,0.0,0.0,0.0,0.0,50.0,0.0,Man Utd,2.0,3.0,Chelsea,Chelsea,3.0,3.0,0.28492034886660567,,0.532607108061187,0.15175060303762736
joe_gomez,1,0,DEF,Liverpool,17,0,0,0,4,0,0,2,0.0,0.0,0.0,0.0,0.0,0.0,0.0,0.0,0.0,0.0,0.0,0.0,0.0,0.0,0.0,0.0,0.0,0.0,0.0,0.0,0.0,0.0,0.0,0.0,0.0,0.0,50.0,0.0,Newcastle,2.0,1.0,Fulham,Fulham,2.0,0.0,0.5165250725076316,,0.5,0.2582625362538158
joe_rodon,1,6,DEF,Leeds,18,0,0,0,3,0,0,3,1.7,0.0,0.0,21.0,1.0,14.4,0.06,0.09,0.03,0.66,0.0,0.0,3.4,14.4,90.0,0.0,0.0,0.0,0.0,0.0,1.0,5.0,6.0,0.0,0.0,0.0,45.0,0.0,Nott'm Forest,1.0,3.0,Newcastle,Newcastle,2.0,1.0,2.7442822043669124,,1.058760202742355,2.905536783077749
joe_willock,1,6,MID,Newcastle,14,1,0,0,2,0,0,4,1.5,0.0,0.0,28.0,0.0,13.9,0.17,0.26,0.09,1.5,1.0,1.0,6.1,38.4,34.0,0.0,0.0,0.0,0.0,0.0,0.0,9.0,6.0,0.0,0.0,0.0,50.0,0.0,Liverpool,2.0,1.0,Leeds,Leeds,1.0,3.0,2.6326705241394723,,0.6479143129270348,1.705744913811083
joel_drakes_thomas,1,0,MID,Crystal Palace,9,0,0,0,3,0,0,3,1.0,0.0,0.0,0.0,0.0,0.0,0.0,0.0,0.0,0.0,0.0,0.0,0.0,0.0,0.0,0.0,0.0,0.0,0.0,0.0,0.0,0.0,0.0,0.0,0.0,0.0,45.0,0.0,Everton,0.0,0.0,Ipswich Town,Ipswich Town,2.0,3.0,0.26482176901462817,,0.7133184921308123,0.18890226495692886
joel_latibeaudiere,1,0,DEF,Coventry City,1,0,0,0,2,0,0,4,1.0,0.0,0.0,0.0,0.0,0.0,0.0,0.0,0.0,0.0,0.0,0.0,0.0,0.0,0.0,0.0,0.0,0.0,0.0,0.0,0.0,0.0,0.0,0.0,0.0,0.0,40.0,0.0,Arsenal,0.0,0.0,Brighton,Brighton,4.0,3.0,0.3841377743575931,,0.5,0.19206888717879655
joel_piroe,1,0,FWD,Leeds,18,0,0,0,3,0,0,3,0.0,0.0,0.0,0.0,0.0,0.0,0.0,0.0,0.0,0.0,0.0,0.0,0.0,0.0,0.0,0.0,0.0,0.0,0.0,0.0,0.0,0.0,0.0,0.0,0.0,0.0,50.0,0.0,Nott'm Forest,1.0,3.0,Newcastle,Newcastle,2.0,1.0,0.05495171792085696,,0.5,0.02747585896042848
joelinton_cassio_apolinario_de_lira,1,0,MID,Newcastle,14,1,0,0,2,0,0,4,0.0,0.0,0.0,0.0,0.0,0.0,0.0,0.0,0.0,0.0,0.0,0.0,0.0,0.0,0.0,0.0,0.0,0.0,0.0,0.0,0.0,0.0,0.0,0.0,0.0,0.0,55.0,0.0,Liverpool,2.0,1.0,Leeds,Leeds,1.0,3.0,0.3405951163914569,,0.6479143129270348,0.22067645082307424
johan_manzambi,1,0,MID,Aston Villa,5,0,0,0,4,0,0,2,0.0,0.0,0.0,0.0,0.0,0.0,0.0,0.0,0.0,0.0,0.0,0.0,0.0,0.0,0.0,0.0,0.0,0.0,0.0,0.0,0.0,0.0,0.0,0.0,0.0,0.0,60.0,0.0,Brighton,0.0,0.0,Nott'm Forest,Nott'm Forest,0.0,0.0,0.4599700333353258,,0.5162344193969673,0.23745236309886564
john_egan,1,8,DEF,Hull City,16,1,0,0,2,0,0,4,1.0,0.0,0.0,27.0,1.0,0.1,0.0,0.0,0.0,1.83,0.0,0.0,4.6,43.4,90.0,0.0,0.0,0.0,0.0,0.0,1.0,2.0,8.0,0.0,0.0,0.0,40.0,0.0,Man Utd,2.0,3.0,Chelsea,Chelsea,3.0,3.0,2.7989941268096423,,2.0,5.597988253619285
john_mcginn,1,1,MID,Aston Villa,5,0,0,0,4,0,0,2,2.0,0.0,0.0,8.0,0.0,2.4,0.01,0.05,0.04,3.62,4.0,0.0,0.5,1.6,81.0,0.0,0.0,0.0,0.0,0.0,1.0,1.0,1.0,0.0,0.0,0.0,55.0,1.0,Brighton,0.0,0.0,Nott'm Forest,Nott'm Forest,0.0,0.0,2.0845034335228108,,0.5162344193969673,1.0760924197356332
john_victor_maciel_furtado,1,0,GK,Nott'm Forest,13,1,0,0,3,0,0,3,1.9,0.0,0.0,0.0,0.0,0.0,0.0,0.0,0.0,0.0,0.0,0.0,0.0,0.0,0.0,0.0,0.0,0.0,0.0,0.0,0.0,0.0,0.0,0.0,0.0,0.0,45.0,0.0,Leeds,0.0,0.0,Aston Villa,Aston Villa,0.0,0.0,-0.31803130307371386,,2.0,-0.6360626061474277
jonah_kusi_asare,1,0,FWD,Fulham,6,1,0,0,2,0,0,4,1.0,0.0,0.0,0.0,0.0,0.0,0.0,0.0,0.0,0.0,0.0,0.0,0.0,0.0,0.0,0.0,0.0,0.0,0.0,0.0,0.0,0.0,0.0,0.0,0.0,0.0,45.0,0.0,Chelsea,2.0,0.0,Liverpool,Liverpool,2.0,1.0,0.13346186219290868,,2.0,0.26692372438581735
jordan_henderson,1,0,MID,Chelsea,10,0,0,0,4,0,0,2,1.1,0.0,0.0,0.0,0.0,0.0,0.0,0.0,0.0,0.0,0.0,0.0,0.0,0.0,0.0,0.0,0.0,0.0,0.0,0.0,0.0,0.0,0.0,0.0,0.0,0.0,50.0,0.0,Fulham,3.0,3.0,Hull City,Hull City,2.0,3.0,0.3375201225144451,,0.808425802862563,0.2728599760260109
jordan_pickford,1,7,GK,Everton,8,1,0,0,3,0,0,3,3.3,0.0,0.0,34.0,1.0,0.0,0.02,0.02,0.0,1.96,0.0,0.0,3.2,31.8,90.0,0.0,0.0,0.0,0.0,4.0,1.0,0.0,7.0,0.0,0.0,0.0,55.0,0.0,Crystal Palace,2.0,3.0,Spurs,Spurs,0.0,0.0,3.1676262410855403,14973.0,2.0,6.3352524821710805
jorge_cuenca_barreno,1,3,DEF,Fulham,6,1,0,0,2,0,0,4,1.7,0.0,0.0,7.0,0.0,21.3,0.03,0.03,0.0,2.24,3.0,0.0,5.4,32.8,90.0,0.0,0.0,0.0,0.0,0.0,1.0,0.0,3.0,0.0,0.0,0.0,45.0,0.0,Chelsea,2.0,0.0,Liverpool,Liverpool,2.0,1.0,3.1409608139660183,,1.0249232205779857,3.219243673159303
jorgen_strand_larsen,1,1,FWD,Crystal Palace,9,0,0,0,3,0,0,3,2.0,0.0,0.0,3.0,0.0,3.5,0.01,0.26,0.25,0.14,0.0,0.0,2.2,1.0,27.0,0.0,0.0,0.0,0.0,0.0,0.0,17.0,1.0,0.0,0.0,0.0,60.0,0.0,Everton,0.0,0.0,Ipswich Town,Ipswich Town,2.0,3.0,2.516634691561303,,0.5,1.2583173457806516
jorrel_hato,1,1,DEF,Chelsea,10,0,0,0,4,0,0,2,1.7,0.0,0.0,5.0,0.0,12.3,0.03,0.04,0.01,1.05,2.0,0.0,3.2,8.4,64.0,0.0,0.0,0.0,0.0,0.0,1.0,11.0,1.0,0.0,0.0,0.0,45.0,0.0,Fulham,3.0,3.0,Hull City,Hull City,2.0,3.0,1.9800305170421644,,0.5,0.9900152585210822
josh_acheampong,1,3,DEF,Chelsea,10,0,0,0,4,0,0,2,1.7,0.0,0.0,13.0,0.0,2.2,0.01,0.01,0.0,1.33,2.0,0.0,3.7,33.2,90.0,0.0,0.0,0.0,0.0,0.0,1.0,2.0,3.0,0.0,0.0,0.0,45.0,0.0,Fulham,3.0,3.0,Hull City,Hull City,2.0,3.0,3.422790790870038,,0.5,1.711395395435019
josh_dasilva,1,0,MID,Brentford,19,1,0,0,3,0,0,3,1.5,0.0,0.0,0.0,0.0,0.0,0.0,0.0,0.0,0.0,0.0,0.0,0.0,0.0,0.0,0.0,0.0,0.0,0.0,0.0,0.0,0.0,0.0,0.0,0.0,0.0,50.0,0.0,Spurs,3.0,3.0,Bournemouth,Bournemouth,1.0,0.0,0.3352277305045728,,1.5701064583692905,0.5263432246897097
josh_eccles,1,0,MID,Coventry City,1,0,0,0,2,0,0,4,1.5,0.0,0.0,0.0,0.0,0.0,0.0,0.0,0.0,0.0,0.0,0.0,0.0,0.0,0.0,0.0,0.0,0.0,0.0,0.0,0.0,0.0,0.0,0.0,0.0,0.0,50.0,0.0,Arsenal,0.0,0.0,Brighton,Brighton,4.0,3.0,0.49453313213062766,,0.5,0.24726656606531383
josh_king,1,7,MID,Fulham,6,1,0,0,2,0,0,4,2.0,0.0,0.0,34.0,0.0,15.6,0.04,0.21,0.17,2.24,3.0,1.0,9.8,41.6,90.0,0.0,0.0,0.0,0.0,0.0,1.0,41.0,7.0,0.0,0.0,0.0,55.0,0.0,Chelsea,2.0,0.0,Liverpool,Liverpool,2.0,1.0,3.795662374658491,,0.7684565106809018,2.91680146415285
joshua_zirkzee,1,0,FWD,Man Utd,11,0,0,0,4,0,0,2,1.8,0.0,0.0,0.0,0.0,0.0,0.0,0.0,0.0,0.0,0.0,0.0,0.0,0.0,0.0,0.0,0.0,0.0,0.0,0.0,0.0,0.0,0.0,0.0,0.0,0.0,55.0,0.0,Hull City,0.0,0.0,Man City,Man City,2.0,3.0,0.3895542098084974,,1.2921348314606738,0.5033565632356988
josko_gvardiol,1,9,DEF,Man City,3,1,0,0,4,0,0,3,2.5,0.0,1.0,28.0,0.0,13.3,0.05,0.24,0.19,0.65,1.0,1.0,7.8,47.6,90.0,0.0,0.0,0.0,0.0,0.0,1.0,17.0,9.0,0.0,0.0,0.0,55.0,0.0,Bournemouth,2.0,3.0,Man Utd,Man Utd,0.0,0.0,3.3726812805219364,14971.0,2.0,6.745362561043873
juanlu_sanchez,1,0,DEF,Bournemouth,15,0,0,0,3,0,0,4,1.7,0.0,0.0,0.0,0.0,0.0,0.0,0.0,0.0,0.0,0.0,0.0,0.0,0.0,0.0,0.0,0.0,0.0,0.0,0.0,0.0,0.0,0.0,0.0,0.0,0.0,45.0,0.0,Man City,1.0,0.0,Brentford,Brentford,3.0,3.0,0.6004061679364323,,0.5,0.30020308396821616
julian_araujo_zuniga,1,0,DEF,Bournemouth,15,0,0,0,3,0,0,4,0.0,0.0,0.0,0.0,0.0,0.0,0.0,0.0,0.0,0.0,0.0,0.0,0.0,0.0,0.0,0.0,0.0,0.0,0.0,0.0,0.0,0.0,0.0,0.0,0.0,0.0,45.0,0.0,Man City,1.0,0.0,Brentford,Brentford,3.0,3.0,0.39930911556782633,,0.5,0.19965455778391317
julio_enciso,1,5,MID,Ipswich Town,20,1,0,0,2,0,0,3,2.0,1.0,0.0,24.0,0.0,14.0,0.31,0.54,0.23,0.63,1.0,0.0,5.4,21.6,70.0,0.0,0.0,0.0,0.0,0.0,1.0,18.0,5.0,0.0,0.0,0.0,55.0,0.0,Sunderland,2.0,3.0,Crystal Palace,Crystal Palace,0.0,0.0,3.0256233230179923,,1.5646884625857231,4.734157905656529
julio_soler_barreto,1,0,DEF,Bournemouth,15,0,0,0,3,0,0,4,0.8,0.0,0.0,0.0,0.0,0.0,0.0,0.0,0.0,0.0,0.0,0.0,0.0,0.0,0.0,0.0,0.0,0.0,0.0,0.0,0.0,0.0,0.0,0.0,0.0,0.0,40.0,0.0,Man City,1.0,0.0,Brentford,Brentford,3.0,3.0,0.31738710610502796,,0.5,0.15869355305251398
jun'ai_byfield,1,0,DEF,Spurs,4,0,0,0,3,0,0,3,1.0,0.0,0.0,0.0,0.0,0.0,0.0,0.0,0.0,0.0,0.0,0.0,0.0,0.0,0.0,0.0,0.0,0.0,0.0,0.0,0.0,0.0,0.0,0.0,0.0,0.0,40.0,0.0,Brentford,0.0,0.0,Everton,Everton,2.0,3.0,0.256531805833768,,0.585388320151504,0.15017072288246125
junior_kroupi,1,0,MID,Bournemouth,15,0,0,0,3,0,0,4,0.0,0.0,0.0,0.0,0.0,0.0,0.0,0.0,0.0,0.0,0.0,0.0,0.0,0.0,0.0,0.0,0.0,0.0,0.0,0.0,0.0,0.0,0.0,0.0,0.0,0.0,75.0,0.0,Man City,1.0,0.0,Brentford,Brentford,3.0,3.0,0.9028677617325078,,0.5,0.4514338808662539
jurrien_timber,1,0,DEF,Arsenal,7,1,0,0,4,0,0,2,0.0,0.0,0.0,0.0,0.0,0.0,0.0,0.0,0.0,0.0,0.0,0.0,0.0,0.0,0.0,0.0,0.0,0.0,0.0,0.0,0.0,0.0,0.0,0.0,0.0,0.0,65.0,0.0,Coventry City,3.0,3.0,Sunderland,Sunderland,1.0,0.0,1.054138509269365,,2.0,2.10827701853873
justin_devenny,1,0,MID,Crystal Palace,9,0,0,0,3,0,0,3,1.5,0.0,0.0,0.0,0.0,0.0,0.0,0.0,0.0,0.0,0.0,0.0,0.0,0.0,0.0,0.0,0.0,0.0,0.0,0.0,0.0,0.0,0.0,0.0,0.0,0.0,50.0,0.0,Everton,0.0,0.0,Ipswich Town,Ipswich Town,2.0,3.0,0.43230840810865434,,0.7133184921308123,0.30837358180753716
justin_kluivert,1,3,MID,Bournemouth,15,0,0,0,3,0,0,4,2.2,0.0,0.0,15.0,1.0,14.3,0.0,0.11,0.11,1.94,0.0,0.0,4.2,11.0,74.0,0.0,0.0,0.0,0.0,0.0,1.0,17.0,3.0,0.0,0.0,0.0,60.0,0.0,Man City,1.0,0.0,Brentford,Brentford,3.0,3.0,2.884472669479286,14969.0,0.5,1.442236334739643
kai_havertz,1,6,FWD,Arsenal,7,1,0,0,4,0,0,2,2.4,0.0,0.0,34.0,1.0,13.2,0.03,0.29,0.26,0.2,0.0,1.0,7.5,37.2,90.0,0.0,0.0,0.0,0.0,0.0,1.0,25.0,6.0,0.0,0.0,0.0,75.0,0.0,Coventry City,3.0,3.0,Sunderland,Sunderland,1.0,0.0,4.070536800195825,14972.0,2.0,8.14107360039165
kaine_andrews,1,0,MID,Coventry City,1,0,0,0,2,0,0,4,1.0,0.0,0.0,0.0,0.0,0.0,0.0,0.0,0.0,0.0,0.0,0.0,0.0,0.0,0.0,0.0,0.0,0.0,0.0,0.0,0.0,0.0,0.0,0.0,0.0,0.0,45.0,0.0,Arsenal,0.0,0.0,Brighton,Brighton,4.0,3.0,0.3270464930366015,,0.5,0.16352324651830075
kaine_kesler_hayden,1,0,DEF,Coventry City,1,0,0,0,2,0,0,4,1.0,0.0,0.0,0.0,0.0,0.0,0.0,0.0,0.0,0.0,0.0,0.0,0.0,0.0,0.0,0.0,0.0,0.0,0.0,0.0,0.0,0.0,0.0,0.0,0.0,0.0,40.0,0.0,Arsenal,0.0,0.0,Brighton,Brighton,4.0,3.0,0.3841377743575931,,0.5,0.19206888717879655
kalvin_phillips,1,0,MID,Man City,3,1,0,0,4,0,0,3,0.0,0.0,0.0,0.0,0.0,0.0,0.0,0.0,0.0,0.0,0.0,0.0,0.0,0.0,0.0,0.0,0.0,0.0,0.0,0.0,0.0,0.0,0.0,0.0,0.0,0.0,50.0,0.0,Bournemouth,2.0,3.0,Man Utd,Man Utd,0.0,0.0,0.18262297091192936,,0.6850081449640393,0.12509822253220243
karl_darlow,1,0,GK,Man Utd,11,0,0,0,4,0,0,2,1.4,0.0,0.0,0.0,0.0,0.0,0.0,0.0,0.0,0.0,0.0,0.0,0.0,0.0,0.0,0.0,0.0,0.0,0.0,0.0,0.0,0.0,0.0,0.0,0.0,0.0,45.0,0.0,Hull City,0.0,0.0,Man City,Man City,2.0,3.0,0.30342687156816317,,0.5,0.15171343578408159
kasey_mcateer,1,1,MID,Ipswich Town,20,1,0,0,2,0,0,3,1.0,0.0,0.0,4.0,0.0,1.3,0.0,0.0,0.0,0.03,0.0,0.0,0.3,1.2,24.0,0.0,0.0,0.0,0.0,0.0,0.0,0.0,1.0,0.0,0.0,0.0,45.0,0.0,Sunderland,2.0,3.0,Crystal Palace,Crystal Palace,0.0,0.0,1.5336723637621186,,1.5646884625857231,2.399719452965161
kaye_furo,1,0,FWD,Brentford,19,1,0,0,3,0,0,3,1.0,0.0,0.0,0.0,0.0,0.0,0.0,0.0,0.0,0.0,0.0,0.0,0.0,0.0,0.0,0.0,0.0,0.0,0.0,0.0,0.0,0.0,0.0,0.0,0.0,0.0,45.0,0.0,Spurs,3.0,3.0,Bournemouth,Bournemouth,1.0,0.0,0.11043044690713266,,0.5,0.05521522345356633
kayne_van_oevelen,1,0,GK,Ipswich Town,20,1,0,0,2,0,0,3,1.9,0.0,0.0,0.0,0.0,0.0,0.0,0.0,0.0,0.0,0.0,0.0,0.0,0.0,0.0,0.0,0.0,0.0,0.0,0.0,0.0,0.0,0.0,0.0,0.0,0.0,45.0,0.0,Sunderland,2.0,3.0,Crystal Palace,Crystal Palace,0.0,0.0,0.12395962494135038,,2.0,0.24791924988270075
keane_lewis_potter,1,10,MID,Brentford,19,1,0,0,3,0,0,3,2.0,0.0,2.0,37.0,1.0,15.9,0.12,0.89,0.77,0.57,0.0,1.0,8.2,47.2,90.0,0.0,0.0,0.0,0.0,0.0,1.0,19.0,10.0,0.0,0.0,0.0,55.0,0.0,Spurs,3.0,3.0,Bournemouth,Bournemouth,1.0,0.0,3.4860591869387765,,1.5701064583692905,5.473484043670171
kenny_tete,1,0,DEF,Fulham,6,1,0,0,2,0,0,4,1.7,0.0,0.0,0.0,0.0,0.0,0.0,0.0,0.0,0.0,0.0,0.0,0.0,0.0,0.0,0.0,0.0,0.0,0.0,0.0,0.0,0.0,0.0,0.0,0.0,0.0,45.0,0.0,Chelsea,2.0,0.0,Liverpool,Liverpool,2.0,1.0,0.529469504793443,,1.0249232205779857,0.5426655900507268
kepa_arrizabalaga_revuelta,1,0,GK,Arsenal,7,1,0,0,4,0,0,2,2.6,0.0,0.0,0.0,0.0,0.0,0.0,0.0,0.0,0.0,0.0,0.0,0.0,0.0,0.0,0.0,0.0,0.0,0.0,0.0,0.0,0.0,0.0,0.0,0.0,0.0,50.0,0.0,Coventry City,3.0,3.0,Sunderland,Sunderland,1.0,0.0,0.43352874417138465,,2.0,0.8670574883427693
kevin_danso,1,0,DEF,Spurs,4,0,0,0,3,0,0,3,2.2,0.0,0.0,0.0,0.0,0.0,0.0,0.0,0.0,0.0,0.0,0.0,0.0,0.0,0.0,0.0,0.0,0.0,0.0,0.0,0.0,0.0,0.0,0.0,0.0,0.0,50.0,0.0,Brentford,0.0,0.0,Everton,Everton,2.0,3.0,0.751594499248834,,0.585388320151504,0.4399746413503858
kevin_santos_lopes_de_macedo,1,1,MID,Fulham,6,1,0,0,2,0,0,4,2.0,0.0,0.0,2.0,0.0,1.9,0.01,0.01,0.0,0.03,0.0,0.0,0.7,5.2,17.0,0.0,0.0,0.0,0.0,0.0,0.0,0.0,1.0,0.0,0.0,0.0,55.0,0.0,Chelsea,2.0,0.0,Liverpool,Liverpool,2.0,1.0,1.6637900710052793,,0.7684565106809018,1.2785503124702469
kevin_schade,1,3,MID,Brentford,19,1,0,0,3,0,0,3,2.2,0.0,0.0,17.0,1.0,11.8,0.01,0.53,0.52,0.57,0.0,0.0,8.5,14.4,90.0,0.0,0.0,0.0,0.0,0.0,1.0,59.0,3.0,0.0,0.0,0.0,60.0,0.0,Spurs,3.0,3.0,Bournemouth,Bournemouth,1.0,0.0,4.292671065398119,14973.0,1.5701064583692905,6.73995056343657
kieran_dowell,1,0,MID,Hull City,16,1,0,0,2,0,0,4,1.0,0.0,0.0,0.0,0.0,0.0,0.0,0.0,0.0,0.0,0.0,0.0,0.0,0.0,0.0,0.0,0.0,0.0,0.0,0.0,0.0,0.0,0.0,0.0,0.0,0.0,45.0,0.0,Man Utd,2.0,3.0,Chelsea,Chelsea,3.0,3.0,0.25910969198319433,,0.532607108061187,0.13800366371779407
kiernan_dewsbury_hall,1,11,MID,Everton,8,1,0,0,3,0,0,3,2.3,0.0,3.0,40.0,1.0,28.3,0.17,0.29,0.12,1.92,0.0,1.0,9.8,42.8,90.0,0.0,0.0,0.0,0.0,0.0,1.0,27.0,11.0,0.0,0.0,0.0,65.0,0.0,Crystal Palace,2.0,3.0,Spurs,Spurs,0.0,0.0,3.452812194384638,15210.0,2.0,6.905624388769276
kim_ji_soo,1,0,DEF,Brentford,19,1,0,0,3,0,0,3,1.7,0.0,0.0,0.0,0.0,0.0,0.0,0.0,0.0,0.0,0.0,0.0,0.0,0.0,0.0,0.0,0.0,0.0,0.0,0.0,0.0,0.0,0.0,0.0,0.0,0.0,45.0,0.0,Spurs,3.0,3.0,Bournemouth,Bournemouth,1.0,0.0,0.5490118957988126,,2.0,1.0980237915976252
kjell_scherpen,1,2,GK,Ipswich Town,20,1,0,0,2,0,0,3,1.9,0.0,0.0,12.0,0.0,0.0,0.0,0.0,0.0,0.66,1.0,0.0,1.4,14.4,90.0,0.0,0.0,0.0,0.0,2.0,1.0,0.0,2.0,0.0,0.0,0.0,45.0,0.0,Sunderland,2.0,3.0,Crystal Palace,Crystal Palace,0.0,0.0,3.342629932552392,,2.0,6.685259865104784
kobbie_mainoo,1,1,MID,Man Utd,11,0,0,0,4,0,0,2,2.0,0.0,0.0,7.0,0.0,2.5,0.01,0.08,0.07,0.07,0.0,0.0,0.7,2.8,23.0,0.0,0.0,0.0,0.0,0.0,0.0,2.0,1.0,0.0,0.0,0.0,55.0,0.0,Hull City,0.0,0.0,Man City,Man City,2.0,3.0,1.9483375423337927,,0.5,0.9741687711668964
konstantinos_tzolakis,1,10,GK,Hull City,16,1,0,0,2,0,0,4,1.9,0.0,3.0,41.0,1.0,0.0,0.0,0.0,0.0,1.83,0.0,0.0,3.5,34.6,90.0,0.0,0.0,0.0,0.0,5.0,1.0,0.0,10.0,0.0,0.0,0.0,45.0,0.0,Man Utd,2.0,3.0,Chelsea,Chelsea,3.0,3.0,4.116993913435498,,2.0,8.233987826870996
kosta_nedeljkovic,1,0,DEF,Aston Villa,5,0,0,0,4,0,0,2,0.0,0.0,0.0,0.0,0.0,0.0,0.0,0.0,0.0,0.0,0.0,0.0,0.0,0.0,0.0,0.0,0.0,0.0,0.0,0.0,0.0,0.0,0.0,0.0,0.0,0.0,40.0,0.0,Brighton,0.0,0.0,Nott'm Forest,Nott'm Forest,0.0,0.0,-0.031133253895804014,,0.5,-0.015566626947902007
kostas_tsimikas,1,0,DEF,Liverpool,17,0,0,0,4,0,0,2,2.2,0.0,0.0,0.0,0.0,0.0,0.0,0.0,0.0,0.0,0.0,0.0,0.0,0.0,0.0,0.0,0.0,0.0,0.0,0.0,0.0,0.0,0.0,0.0,0.0,0.0,50.0,0.0,Newcastle,2.0,1.0,Fulham,Fulham,2.0,0.0,0.7767683167493573,,0.5,0.38838415837467866
kristoffer_ajer,1,8,DEF,Brentford,19,1,0,0,3,0,0,3,1.7,0.0,0.0,29.0,1.0,0.9,0.02,0.13,0.11,0.57,0.0,0.0,5.6,20.0,90.0,0.0,0.0,0.0,0.0,0.0,1.0,35.0,8.0,0.0,0.0,0.0,45.0,0.0,Spurs,3.0,3.0,Bournemouth,Bournemouth,1.0,0.0,4.268647155232689,,2.0,8.537294310465377
lamare_bogarde,1,1,MID,Aston Villa,5,0,0,0,4,0,0,2,1.5,0.0,0.0,3.0,0.0,0.5,0.0,0.0,0.0,0.22,0.0,0.0,0.3,2.2,16.0,0.0,0.0,0.0,0.0,0.0,0.0,0.0,1.0,0.0,0.0,0.0,50.0,0.0,Brighton,0.0,0.0,Nott'm Forest,Nott'm Forest,0.0,0.0,1.4246773105103965,,0.5162344193969673,0.7354674642193675
leif_davis,1,2,DEF,Ipswich Town,20,1,0,0,2,0,0,3,1.0,0.0,0.0,10.0,0.0,2.3,0.01,0.01,0.0,0.66,1.0,0.0,1.8,15.2,90.0,0.0,0.0,0.0,0.0,0.0,1.0,0.0,2.0,0.0,0.0,0.0,40.0,0.0,Sunderland,2.0,3.0,Crystal Palace,Crystal Palace,0.0,0.0,2.469608069346763,,2.0,4.939216138693526
leny_yoro,1,0,DEF,Man Utd,11,0,0,0,4,0,0,2,2.2,0.0,0.0,0.0,0.0,0.0,0.0,0.0,0.0,0.0,0.0,0.0,0.0,0.0,0.0,0.0,0.0,0.0,0.0,0.0,0.0,0.0,0.0,0.0,0.0,0.0,50.0,0.0,Hull City,0.0,0.0,Man City,Man City,2.0,3.0,0.751594499248834,,0.5,0.375797249624417
leo_fuhr_hjelde,1,0,DEF,Sunderland,12,0,0,0,3,0,0,2,0.0,0.0,0.0,0.0,0.0,0.0,0.0,0.0,0.0,0.0,0.0,0.0,0.0,0.0,0.0,0.0,0.0,0.0,0.0,0.0,0.0,0.0,0.0,0.0,0.0,0.0,40.0,0.0,Ipswich Town,1.0,0.0,Arsenal,Arsenal,3.0,3.0,0.2227531991080367,,0.5,0.11137659955401835
leo_shahar,1,0,DEF,Newcastle,14,1,0,0,2,0,0,4,1.0,0.0,0.0,0.0,0.0,0.0,0.0,0.0,0.0,0.0,0.0,0.0,0.0,0.0,0.0,0.0,0.0,0.0,0.0,0.0,0.0,0.0,0.0,0.0,0.0,0.0,40.0,0.0,Liverpool,2.0,1.0,Leeds,Leeds,1.0,3.0,0.2596693465318869,,1.1454902161551892,0.29744869588768785
leon_bailey,1,0,MID,Aston Villa,5,0,0,0,4,0,0,2,2.0,0.0,0.0,0.0,0.0,0.0,0.0,0.0,0.0,0.0,0.0,0.0,0.0,0.0,0.0,0.0,0.0,0.0,0.0,0.0,0.0,0.0,0.0,0.0,0.0,0.0,55.0,0.0,Brighton,0.0,0.0,Nott'm Forest,Nott'm Forest,0.0,0.0,0.5286100312589912,,0.5162344193969673,0.27288669257439807
levi_samuels_colwill,1,0,DEF,Chelsea,10,0,0,0,4,0,0,2,2.2,0.0,0.0,6.0,0.0,1.6,0.03,0.04,0.01,1.33,2.0,0.0,1.5,6.0,90.0,0.0,0.0,0.0,0.0,0.0,1.0,7.0,0.0,0.0,0.0,0.0,50.0,1.0,Fulham,3.0,3.0,Hull City,Hull City,2.0,3.0,2.9275547162008695,14971.0,0.5,1.4637773581004347
lewie_coyle,1,6,DEF,Hull City,16,1,0,0,2,0,0,4,1.0,0.0,0.0,23.0,1.0,11.3,0.01,0.01,0.0,1.16,0.0,0.0,1.7,5.8,69.0,0.0,0.0,0.0,0.0,0.0,1.0,0.0,6.0,0.0,0.0,0.0,40.0,0.0,Man Utd,2.0,3.0,Chelsea,Chelsea,3.0,3.0,1.4141998310585797,,2.0,2.8283996621171594
lewis_cook,1,3,MID,Bournemouth,15,0,0,0,3,0,0,4,1.5,0.0,0.0,8.0,1.0,2.1,0.0,0.0,0.0,1.94,0.0,0.0,0.7,4.6,75.0,0.0,0.0,0.0,0.0,0.0,1.0,0.0,3.0,0.0,0.0,0.0,50.0,0.0,Man City,1.0,0.0,Brentford,Brentford,3.0,3.0,2.355499621741614,,0.5,1.177749810870807
lewis_dunk,1,6,DEF,Brighton,2,1,0,0,2,0,0,4,1.7,0.0,0.0,24.0,1.0,6.4,0.04,0.04,0.0,0.29,0.0,0.0,2.0,13.4,90.0,0.0,0.0,0.0,0.0,0.0,1.0,0.0,6.0,0.0,0.0,0.0,45.0,0.0,Aston Villa,4.0,3.0,Coventry City,Coventry City,0.0,0.0,2.6481147505025353,,2.0,5.296229501005071
lewis_hall,1,3,DEF,Newcastle,14,1,0,0,2,0,0,4,2.2,0.0,0.0,8.0,0.0,15.2,0.35,0.35,0.0,2.98,2.0,0.0,3.7,22.0,90.0,0.0,0.0,0.0,0.0,0.0,1.0,0.0,3.0,0.0,0.0,0.0,50.0,0.0,Liverpool,2.0,1.0,Leeds,Leeds,1.0,3.0,3.2660643820079045,14973.0,1.1454902161551892,3.741244794922999
lewis_koumas,1,1,MID,Liverpool,17,0,0,0,4,0,0,2,1.5,0.0,0.0,4.0,0.0,0.5,0.0,0.03,0.03,0.48,0.0,0.0,0.9,1.2,12.0,0.0,0.0,0.0,0.0,0.0,0.0,7.0,1.0,0.0,0.0,0.0,50.0,0.0,Newcastle,2.0,1.0,Fulham,Fulham,2.0,0.0,1.4148347545648359,,2.0,2.8296695091296717
lewis_miley,1,3,MID,Newcastle,14,1,0,0,2,0,0,4,2.0,0.0,0.0,13.0,0.0,21.4,0.01,0.06,0.05,1.94,1.0,0.0,4.0,15.6,75.0,0.0,0.0,0.0,0.0,0.0,1.0,3.0,3.0,0.0,0.0,0.0,55.0,1.0,Liverpool,2.0,1.0,Leeds,Leeds,1.0,3.0,3.129985349451488,,0.6479143129270348,2.027962307161546
liam_delap,1,0,FWD,Chelsea,10,0,0,0,4,0,0,2,1.8,0.0,0.0,0.0,0.0,0.0,0.0,0.0,0.0,0.0,0.0,0.0,0.0,0.0,0.0,0.0,0.0,0.0,0.0,0.0,0.0,0.0,0.0,0.0,0.0,0.0,55.0,0.0,Fulham,3.0,3.0,Hull City,Hull City,2.0,3.0,0.44645043921841077,,2.0,0.8929008784368215
liam_kitching,1,0,DEF,Coventry City,1,0,0,0,2,0,0,4,1.0,0.0,0.0,0.0,0.0,0.0,0.0,0.0,0.0,0.0,0.0,0.0,0.0,0.0,0.0,0.0,0.0,0.0,0.0,0.0,0.0,0.0,0.0,0.0,0.0,0.0,40.0,0.0,Arsenal,0.0,0.0,Brighton,Brighton,4.0,3.0,0.3841377743575931,,0.5,0.19206888717879655
liam_millar,1,0,MID,Hull City,16,1,0,0,2,0,0,4,1.5,0.0,0.0,2.0,0.0,0.3,0.0,0.0,0.0,0.67,0.0,0.0,0.4,2.0,19.0,0.0,0.0,0.0,0.0,0.0,0.0,2.0,0.0,0.0,0.0,0.0,50.0,1.0,Man Utd,2.0,3.0,Chelsea,Chelsea,3.0,3.0,1.3886699076962068,,0.532607108061187,0.7396154635896722
lisandro_martinez,1,0,DEF,Man Utd,11,0,0,0,4,0,0,2,2.2,0.0,0.0,0.0,0.0,0.0,0.0,0.0,0.0,0.0,0.0,0.0,0.0,0.0,0.0,0.0,0.0,0.0,0.0,0.0,0.0,0.0,0.0,0.0,0.0,0.0,50.0,0.0,Hull City,0.0,0.0,Man City,Man City,2.0,3.0,0.751594499248834,,0.5,0.375797249624417
loum_tchaouna,1,2,MID,Coventry City,1,0,0,0,2,0,0,4,2.0,0.0,0.0,11.0,0.0,6.0,0.02,0.06,0.04,1.76,3.0,0.0,1.1,1.8,81.0,0.0,0.0,0.0,0.0,0.0,1.0,3.0,2.0,0.0,0.0,0.0,55.0,0.0,Arsenal,0.0,0.0,Brighton,Brighton,4.0,3.0,2.635527300092324,,0.5,1.317763650046162
luc_de_fougerolles,1,0,DEF,Fulham,6,1,0,0,2,0,0,4,1.0,0.0,0.0,0.0,0.0,0.0,0.0,0.0,0.0,0.0,0.0,0.0,0.0,0.0,0.0,0.0,0.0,0.0,0.0,0.0,0.0,0.0,0.0,0.0,0.0,0.0,40.0,0.0,Chelsea,2.0,0.0,Liverpool,Liverpool,2.0,1.0,0.27010891971128625,,1.0249232205779857,0.27684090389733207
luca_netz,1,1,DEF,Nott'm Forest,13,1,0,0,3,0,0,3,1.7,0.0,0.0,-2.0,0.0,0.9,0.0,0.0,0.0,0.13,1.0,0.0,0.1,0.0,16.0,0.0,0.0,0.0,0.0,0.0,0.0,0.0,1.0,0.0,0.0,0.0,45.0,0.0,Leeds,0.0,0.0,Aston Villa,Aston Villa,0.0,0.0,1.5826875935928157,,2.0,3.1653751871856315
luca_williams_barnett,1,0,MID,Spurs,4,0,0,0,3,0,0,3,1.0,0.0,0.0,0.0,0.0,0.0,0.0,0.0,0.0,0.0,0.0,0.0,0.0,0.0,0.0,0.0,0.0,0.0,0.0,0.0,0.0,0.0,0.0,0.0,0.0,0.0,45.0,0.0,Brentford,0.0,0.0,Everton,Everton,2.0,3.0,0.26482176901462817,,0.5,0.13241088450731409
lucas_bergvall,1,1,MID,Spurs,4,0,0,0,3,0,0,3,2.0,0.0,0.0,2.0,0.0,2.0,0.01,0.01,0.0,1.7,2.0,0.0,0.0,0.0,45.0,0.0,0.0,0.0,0.0,0.0,1.0,2.0,1.0,0.0,0.0,0.0,55.0,0.0,Brentford,0.0,0.0,Everton,Everton,2.0,3.0,0.7222022746931809,,0.5,0.36110113734659044
lucas_digne,1,0,DEF,Aston Villa,5,0,0,0,4,0,0,2,0.0,0.0,0.0,0.0,0.0,0.0,0.0,0.0,0.0,0.0,0.0,0.0,0.0,0.0,0.0,0.0,0.0,0.0,0.0,0.0,0.0,0.0,0.0,0.0,0.0,0.0,45.0,0.0,Brighton,0.0,0.0,Nott'm Forest,Nott'm Forest,0.0,0.0,0.14542266256398562,,0.5,0.07271133128199281
lucas_estella_perri,1,0,GK,Leeds,18,0,0,0,3,0,0,3,1.9,0.0,0.0,0.0,0.0,0.0,0.0,0.0,0.0,0.0,0.0,0.0,0.0,0.0,0.0,0.0,0.0,0.0,0.0,0.0,0.0,0.0,0.0,0.0,0.0,0.0,45.0,0.0,Nott'm Forest,1.0,3.0,Newcastle,Newcastle,2.0,1.0,0.43405310296815514,,2.0,0.8681062059363103
lucas_gourna_douath,1,0,MID,Hull City,16,1,0,0,2,0,0,4,1.5,0.0,0.0,0.0,0.0,0.0,0.0,0.0,0.0,0.0,0.0,0.0,0.0,0.0,0.0,0.0,0.0,0.0,0.0,0.0,0.0,0.0,0.0,0.0,0.0,0.0,50.0,0.0,Man Utd,2.0,3.0,Chelsea,Chelsea,3.0,3.0,0.4265963310772205,,0.532607108061187,0.2272082382045511
lucas_herrington,1,1,DEF,Hull City,16,1,0,0,2,0,0,4,1.0,0.0,0.0,4.0,0.0,0.0,0.0,0.0,0.0,0.96,0.0,0.0,0.8,8.0,26.0,0.0,0.0,0.0,0.0,0.0,0.0,0.0,1.0,0.0,0.0,0.0,40.0,0.0,Man Utd,2.0,3.0,Chelsea,Chelsea,3.0,3.0,1.3923890098920997,,2.0,2.7847780197841994
luka_lynch,1,0,MID,Aston Villa,5,0,0,0,4,0,0,2,1.0,0.0,0.0,0.0,0.0,0.0,0.0,0.0,0.0,0.0,0.0,0.0,0.0,0.0,0.0,0.0,0.0,0.0,0.0,0.0,0.0,0.0,0.0,0.0,0.0,0.0,45.0,0.0,Brighton,0.0,0.0,Nott'm Forest,Nott'm Forest,0.0,0.0,0.19363675307093864,,0.5162344193969673,0.09996195679548994
luka_vuskovic,1,6,DEF,Brighton,2,1,0,0,2,0,0,4,2.2,0.0,0.0,19.0,1.0,4.5,0.03,0.16,0.13,0.29,0.0,0.0,2.9,12.4,90.0,0.0,0.0,0.0,0.0,0.0,1.0,12.0,6.0,0.0,0.0,0.0,50.0,0.0,Aston Villa,4.0,3.0,Coventry City,Coventry City,0.0,0.0,3.13866297516991,50210.0,2.0,6.27732595033982
lukas_hornicek,1,1,GK,Newcastle,14,1,0,0,2,0,0,4,2.6,0.0,0.0,12.0,0.0,0.0,0.0,0.0,0.0,2.98,2.0,0.0,4.1,41.2,90.0,0.0,0.0,0.0,0.0,5.0,1.0,0.0,1.0,0.0,0.0,0.0,50.0,1.0,Liverpool,2.0,1.0,Leeds,Leeds,1.0,3.0,2.3073120555731865,14972.0,0.5,1.1536560277865933
lukas_nmecha,1,0,FWD,Leeds,18,0,0,0,3,0,0,3,1.8,0.0,0.0,0.0,0.0,0.0,0.0,0.0,0.0,0.0,0.0,0.0,0.0,0.0,0.0,0.0,0.0,0.0,0.0,0.0,0.0,0.0,0.0,0.0,0.0,0.0,55.0,0.0,Nott'm Forest,1.0,3.0,Newcastle,Newcastle,2.0,1.0,0.2797717722876014,14970.0,0.5,0.1398858861438007
luke_o'nien,1,1,DEF,Sunderland,12,0,0,0,3,0,0,2,1.0,0.0,0.0,1.0,0.0,1.4,0.01,0.02,0.01,1.69,1.0,0.0,1.7,11.4,66.0,0.0,0.0,0.0,0.0,0.0,1.0,4.0,1.0,0.0,0.0,0.0,40.0,1.0,Ipswich Town,1.0,0.0,Arsenal,Arsenal,3.0,3.0,1.5558084879168452,,0.5,0.7779042439584226
luke_shaw,1,1,DEF,Man Utd,11,0,0,0,4,0,0,2,1.7,0.0,0.0,13.0,0.0,59.2,0.26,0.26,0.0,1.01,2.0,0.0,9.0,25.2,90.0,0.0,0.0,0.0,0.0,0.0,1.0,6.0,1.0,0.0,0.0,0.0,45.0,0.0,Hull City,0.0,0.0,Man City,Man City,2.0,3.0,2.861324094712698,14969.0,0.5,1.430662047356349
luke_woolfenden,1,0,DEF,Coventry City,1,0,0,0,2,0,0,4,1.0,0.0,0.0,0.0,0.0,0.0,0.0,0.0,0.0,0.0,0.0,0.0,0.0,0.0,0.0,0.0,0.0,0.0,0.0,0.0,0.0,0.0,0.0,0.0,0.0,0.0,40.0,0.0,Arsenal,0.0,0.0,Brighton,Brighton,4.0,3.0,0.3841377743575931,,0.5,0.19206888717879655
malick_thiaw,1,3,DEF,Newcastle,14,1,0,0,2,0,0,4,2.2,0.0,0.0,0.0,0.0,0.2,0.0,0.0,0.0,2.98,2.0,0.0,3.8,37.8,90.0,0.0,0.0,0.0,0.0,0.0,1.0,0.0,3.0,0.0,0.0,0.0,50.0,0.0,Liverpool,2.0,1.0,Leeds,Leeds,1.0,3.0,2.9621386165363575,14974.0,1.1454902161551892,3.393100804137865
malick_yalcouye,1,1,MID,Brighton,2,1,0,0,2,0,0,4,1.0,0.0,0.0,3.0,0.0,2.7,0.01,0.01,0.0,0.0,0.0,0.0,0.3,0.6,4.0,0.0,0.0,0.0,0.0,0.0,0.0,0.0,1.0,0.0,0.0,0.0,45.0,0.0,Aston Villa,4.0,3.0,Coventry City,Coventry City,0.0,0.0,0.7944806377183729,,2.0,1.5889612754367457
malo_gusto,1,1,DEF,Chelsea,10,0,0,0,4,0,0,2,2.2,0.0,0.0,2.0,0.0,9.8,0.03,0.03,0.0,1.11,2.0,0.0,2.3,7.2,75.0,0.0,0.0,0.0,0.0,0.0,1.0,6.0,1.0,0.0,0.0,0.0,50.0,0.0,Fulham,3.0,3.0,Hull City,Hull City,2.0,3.0,2.5551565904037825,,0.5,1.2775782952018913
mamadou_sangare,1,14,MID,Brentford,19,1,0,0,3,0,0,3,2.0,2.0,3.0,41.0,1.0,21.8,0.33,0.38,0.05,0.47,0.0,0.0,7.4,31.6,75.0,0.0,0.0,0.0,0.0,0.0,1.0,21.0,14.0,0.0,0.0,0.0,55.0,0.0,Spurs,3.0,3.0,Bournemouth,Bournemouth,1.0,0.0,3.9872543461433168,14974.0,1.5701064583692905,6.260413800040644
mamadou_sarr,1,0,DEF,Chelsea,10,0,0,0,4,0,0,2,1.7,0.0,0.0,0.0,0.0,0.0,0.0,0.0,0.0,0.0,0.0,0.0,0.0,0.0,0.0,0.0,0.0,0.0,0.0,0.0,0.0,0.0,0.0,0.0,0.0,0.0,45.0,0.0,Fulham,3.0,3.0,Hull City,Hull City,2.0,3.0,0.6545815875202331,,0.5,0.32729079376011655
manuel_ugarte_ribeiro,1,0,MID,Man Utd,11,0,0,0,4,0,0,2,0.0,0.0,0.0,0.0,0.0,0.0,0.0,0.0,0.0,0.0,0.0,0.0,0.0,0.0,0.0,0.0,0.0,0.0,0.0,0.0,0.0,0.0,0.0,0.0,0.0,0.0,50.0,0.0,Hull City,0.0,0.0,Man City,Man City,2.0,3.0,0.2906324258980395,,0.5,0.14531621294901975
marc_guehi,1,10,DEF,Man City,3,1,0,0,4,0,0,3,2.8,0.0,2.0,31.0,0.0,17.5,0.32,1.21,0.89,0.65,1.0,1.0,8.9,43.6,90.0,0.0,0.0,0.0,0.0,0.0,1.0,28.0,10.0,0.0,0.0,0.0,60.0,0.0,Bournemouth,2.0,3.0,Man Utd,Man Utd,0.0,0.0,3.1810735871319276,14970.0,2.0,6.362147174263855
marc_guiu_paz,1,0,FWD,Chelsea,10,0,0,0,4,0,0,2,1.4,0.0,0.0,0.0,0.0,0.0,0.0,0.0,0.0,0.0,0.0,0.0,0.0,0.0,0.0,0.0,0.0,0.0,0.0,0.0,0.0,0.0,0.0,0.0,0.0,0.0,50.0,0.0,Fulham,3.0,3.0,Hull City,Hull City,2.0,3.0,0.327149225952313,,2.0,0.654298451904626
marcelino_nunez,1,4,MID,Ipswich Town,20,1,0,0,2,0,0,3,1.5,0.0,0.0,26.0,0.0,7.3,0.03,0.06,0.03,0.63,1.0,0.0,2.4,13.0,79.0,0.0,0.0,0.0,0.0,0.0,1.0,4.0,4.0,0.0,0.0,0.0,50.0,0.0,Sunderland,2.0,3.0,Crystal Palace,Crystal Palace,0.0,0.0,3.1741584716622304,,1.5646884625857231,4.966569139028624
marco_bizot,1,1,GK,Aston Villa,5,0,0,0,4,0,0,2,1.9,0.0,0.0,1.0,0.0,0.0,0.0,0.0,0.0,3.77,4.0,0.0,2.8,28.2,90.0,0.0,0.0,0.0,0.0,3.0,1.0,0.0,1.0,0.0,0.0,0.0,45.0,0.0,Brighton,0.0,0.0,Nott'm Forest,Nott'm Forest,0.0,0.0,1.1623208040680337,,2.0,2.3246416081360675
marco_palestra,1,0,DEF,Chelsea,10,0,0,0,4,0,0,2,2.5,0.0,0.0,0.0,0.0,0.0,0.0,0.0,0.0,0.0,0.0,0.0,0.0,0.0,0.0,0.0,0.0,0.0,0.0,0.0,0.0,0.0,0.0,0.0,0.0,0.0,55.0,0.0,Fulham,3.0,3.0,Hull City,Hull City,2.0,3.0,1.1023273274368037,79641.0,0.5,0.5511636637184019
marcos_senesi_baron,1,3,DEF,Spurs,4,0,0,0,3,0,0,3,2.8,0.0,0.0,10.0,0.0,2.2,0.02,0.02,0.0,3.87,3.0,0.0,3.9,36.6,90.0,0.0,0.0,0.0,0.0,0.0,1.0,0.0,3.0,0.0,0.0,0.0,60.0,0.0,Brentford,0.0,0.0,Everton,Everton,2.0,3.0,3.0466892792355154,14974.0,0.585388320151504,1.7834963191952748
marcus_bettinelli,1,0,GK,Man City,3,1,0,0,4,0,0,3,1.9,0.0,0.0,0.0,0.0,0.0,0.0,0.0,0.0,0.0,0.0,0.0,0.0,0.0,0.0,0.0,0.0,0.0,0.0,0.0,0.0,0.0,0.0,0.0,0.0,0.0,45.0,0.0,Bournemouth,2.0,3.0,Man Utd,Man Utd,0.0,0.0,0.12395962494135038,,2.0,0.24791924988270075
marcus_rashford,1,1,MID,Man Utd,11,0,0,0,4,0,0,2,2.5,0.0,0.0,9.0,0.0,48.6,0.1,0.1,0.0,0.09,0.0,0.0,6.4,11.6,45.0,0.0,0.0,0.0,0.0,0.0,0.0,4.0,1.0,0.0,0.0,0.0,70.0,0.0,Hull City,0.0,0.0,Man City,Man City,2.0,3.0,3.4913875517969117,14972.0,0.5,1.7456937758984559
marcus_tavernier,1,10,MID,Bournemouth,15,0,0,0,3,0,0,4,2.2,0.0,3.0,32.0,0.0,17.2,0.08,0.48,0.4,2.25,2.0,1.0,7.5,40.0,90.0,0.0,0.0,0.0,0.0,0.0,1.0,18.0,10.0,0.0,0.0,0.0,60.0,0.0,Man City,1.0,0.0,Brentford,Brentford,3.0,3.0,3.0396515514276388,,0.5,1.5198257757138194
mark_gillespie,1,0,GK,Newcastle,14,1,0,0,2,0,0,4,1.9,0.0,0.0,0.0,0.0,0.0,0.0,0.0,0.0,0.0,0.0,0.0,0.0,0.0,0.0,0.0,0.0,0.0,0.0,0.0,0.0,0.0,0.0,0.0,0.0,0.0,45.0,0.0,Liverpool,2.0,1.0,Leeds,Leeds,1.0,3.0,0.4009619267160871,,0.5,0.20048096335804355
mark_travers,1,0,GK,Everton,8,1,0,0,3,0,0,3,2.6,0.0,0.0,0.0,0.0,0.0,0.0,0.0,0.0,0.0,0.0,0.0,0.0,0.0,0.0,0.0,0.0,0.0,0.0,0.0,0.0,0.0,0.0,0.0,0.0,0.0,50.0,0.0,Crystal Palace,2.0,3.0,Spurs,Spurs,0.0,0.0,0.2620823727059918,,2.0,0.5241647454119835
martin_dubravka,1,0,GK,Spurs,4,0,0,0,3,0,0,3,1.0,0.0,0.0,0.0,0.0,0.0,0.0,0.0,0.0,0.0,0.0,0.0,0.0,0.0,0.0,0.0,0.0,0.0,0.0,0.0,0.0,0.0,0.0,0.0,0.0,0.0,40.0,0.0,Brentford,0.0,0.0,Everton,Everton,2.0,3.0,0.16350264261379932,,1.0,0.16350264261379932
martin_odegaard,1,11,MID,Arsenal,7,1,0,0,4,0,0,2,2.3,0.0,3.0,41.0,1.0,41.5,0.1,0.31,0.21,0.06,0.0,1.0,12.3,50.6,75.0,0.0,0.0,0.0,0.0,0.0,1.0,31.0,11.0,0.0,0.0,0.0,65.0,0.0,Coventry City,3.0,3.0,Sunderland,Sunderland,1.0,0.0,3.0758350193677324,14972.0,1.7018618233191352,5.234646194290017
martin_zubimendi_ibanez,1,1,MID,Arsenal,7,1,0,0,4,0,0,2,2.0,0.0,0.0,3.0,0.0,2.3,0.02,0.02,0.0,0.15,0.0,0.0,0.6,3.8,22.0,0.0,0.0,0.0,0.0,0.0,0.0,0.0,1.0,0.0,0.0,0.0,55.0,0.0,Coventry City,3.0,3.0,Sunderland,Sunderland,1.0,0.0,1.8033487980652065,,1.7018618233191352,3.0690504735556234
mason_burstow,1,0,FWD,Hull City,16,1,0,0,2,0,0,4,0.0,0.0,0.0,0.0,0.0,0.0,0.0,0.0,0.0,0.0,0.0,0.0,0.0,0.0,0.0,0.0,0.0,0.0,0.0,0.0,0.0,0.0,0.0,0.0,0.0,0.0,45.0,0.0,Man Utd,2.0,3.0,Chelsea,Chelsea,3.0,3.0,0.0544713502066152,,2.0,0.1089427004132304
mason_mount,1,0,MID,Man Utd,11,0,0,0,4,0,0,2,1.0,0.0,0.0,0.0,0.0,0.0,0.0,0.0,0.0,0.0,0.0,0.0,0.0,0.0,0.0,0.0,0.0,0.0,0.0,0.0,0.0,0.0,0.0,0.0,0.0,0.0,55.0,0.0,Hull City,0.0,0.0,Man City,Man City,2.0,3.0,0.505344392395604,,0.5,0.252672196197802
mateo_joseph_fernandez_regatillo,1,0,FWD,Leeds,18,0,0,0,3,0,0,3,0.0,0.0,0.0,0.0,0.0,0.0,0.0,0.0,0.0,0.0,0.0,0.0,0.0,0.0,0.0,0.0,0.0,0.0,0.0,0.0,0.0,0.0,0.0,0.0,0.0,0.0,45.0,0.0,Nott'm Forest,1.0,3.0,Newcastle,Newcastle,2.0,1.0,-0.03420125503077043,,0.5,-0.017100627515385214
mateo_kovacic,1,1,MID,Man City,3,1,0,0,4,0,0,3,2.0,0.0,0.0,3.0,0.0,2.1,0.01,0.01,0.0,0.1,0.0,0.0,0.4,2.2,27.0,0.0,0.0,0.0,0.0,0.0,0.0,0.0,1.0,0.0,0.0,0.0,55.0,0.0,Bournemouth,2.0,3.0,Man Utd,Man Utd,0.0,0.0,1.977783480702271,,0.6850081449640393,1.3547977932563835
mateus_fernandes,1,1,MID,Spurs,4,0,0,0,3,0,0,3,2.2,0.0,0.0,16.0,0.0,27.2,0.06,0.06,0.0,2.18,1.0,0.0,3.6,7.2,45.0,0.0,0.0,0.0,0.0,0.0,0.0,2.0,1.0,0.0,0.0,0.0,60.0,0.0,Brentford,0.0,0.0,Everton,Everton,2.0,3.0,2.7513716667060493,,0.5,1.3756858333530246
matheus_franca_de_oliveira,1,0,MID,Crystal Palace,9,0,0,0,3,0,0,3,1.5,0.0,0.0,0.0,0.0,0.0,0.0,0.0,0.0,0.0,0.0,0.0,0.0,0.0,0.0,0.0,0.0,0.0,0.0,0.0,0.0,0.0,0.0,0.0,0.0,0.0,50.0,0.0,Everton,0.0,0.0,Ipswich Town,Ipswich Town,2.0,3.0,0.43230840810865434,,0.7133184921308123,0.30837358180753716
matheus_nunes,1,1,DEF,Man City,3,1,0,0,4,0,0,3,2.8,0.0,0.0,4.0,0.0,1.5,0.04,0.04,0.0,0.1,0.0,0.0,0.9,3.8,33.0,0.0,0.0,0.0,0.0,0.0,0.0,4.0,1.0,0.0,0.0,0.0,60.0,0.0,Bournemouth,2.0,3.0,Man Utd,Man Utd,0.0,0.0,2.900141103422255,14973.0,2.0,5.80028220684451
matheus_santos_carneiro_da_cunha,1,2,MID,Man Utd,11,0,0,0,4,0,0,2,2.8,0.0,0.0,14.0,0.0,28.2,0.21,0.45,0.24,1.01,2.0,0.0,6.9,5.4,79.0,0.0,0.0,0.0,0.0,0.0,1.0,35.0,2.0,0.0,0.0,0.0,80.0,0.0,Hull City,0.0,0.0,Man City,Man City,2.0,3.0,4.22267873379802,14973.0,0.5,2.11133936689901
mathias_jensen,1,6,MID,Brentford,19,1,0,0,3,0,0,3,2.0,1.0,0.0,22.0,1.0,46.2,0.34,0.42,0.08,0.47,0.0,0.0,7.2,12.6,66.0,0.0,0.0,0.0,0.0,0.0,1.0,13.0,6.0,0.0,0.0,0.0,55.0,0.0,Spurs,3.0,3.0,Bournemouth,Bournemouth,1.0,0.0,3.3831456367069643,,1.5701064583692905,5.31189881379749
mathys_tel,1,2,MID,Spurs,4,0,0,0,3,0,0,3,2.2,0.0,0.0,17.0,0.0,26.0,0.06,0.12,0.06,3.87,3.0,0.0,4.5,10.4,90.0,0.0,0.0,0.0,0.0,0.0,1.0,9.0,2.0,0.0,0.0,0.0,60.0,0.0,Brentford,0.0,0.0,Everton,Everton,2.0,3.0,3.003237531487676,,0.5,1.501618765743838
mats_wieffer,1,7,DEF,Brighton,2,1,0,0,2,0,0,4,2.2,0.0,1.0,32.0,1.0,26.3,0.05,0.14,0.09,0.29,0.0,0.0,4.9,16.6,77.0,0.0,0.0,0.0,0.0,0.0,1.0,6.0,7.0,0.0,0.0,0.0,50.0,0.0,Aston Villa,4.0,3.0,Coventry City,Coventry City,0.0,0.0,2.289554046261345,,2.0,4.57910809252269
matt_crooks,1,2,MID,Hull City,16,1,0,0,2,0,0,4,1.0,0.0,0.0,9.0,1.0,2.4,0.0,0.0,0.0,1.83,0.0,0.0,2.1,19.0,90.0,0.0,0.0,0.0,0.0,0.0,1.0,0.0,2.0,0.0,0.0,0.0,45.0,1.0,Man Utd,2.0,3.0,Chelsea,Chelsea,3.0,3.0,2.3334466342002997,,0.532607108061187,1.2428102636565324
matt_grimes,1,2,MID,Coventry City,1,0,0,0,2,0,0,4,1.5,0.0,0.0,14.0,0.0,3.7,0.01,0.01,0.0,1.88,3.0,0.0,1.7,13.4,90.0,0.0,0.0,0.0,0.0,0.0,1.0,0.0,2.0,0.0,0.0,0.0,50.0,0.0,Arsenal,0.0,0.0,Brighton,Brighton,4.0,3.0,2.5204192019526435,,0.5,1.2602096009763217
matt_o'riley,1,0,MID,Brighton,2,1,0,0,2,0,0,4,2.0,0.0,0.0,0.0,0.0,0.0,0.0,0.0,0.0,0.0,0.0,0.0,0.0,0.0,0.0,0.0,0.0,0.0,0.0,0.0,0.0,0.0,0.0,0.0,0.0,0.0,55.0,0.0,Aston Villa,4.0,3.0,Coventry City,Coventry City,0.0,0.0,0.45141842295865464,,2.0,0.9028368459173093
matt_targett,1,1,DEF,Hull City,16,1,0,0,2,0,0,4,1.0,0.0,0.0,3.0,0.0,0.0,0.0,0.0,0.0,0.07,0.0,0.0,0.0,0.4,5.0,0.0,0.0,0.0,0.0,0.0,0.0,0.0,1.0,0.0,0.0,0.0,40.0,0.0,Man Utd,2.0,3.0,Chelsea,Chelsea,3.0,3.0,1.0287555715294272,,2.0,2.0575111430588544
matteo_ruggeri,1,1,DEF,Aston Villa,5,0,0,0,4,0,0,2,1.7,0.0,0.0,3.0,0.0,0.0,0.0,0.0,0.0,0.14,0.0,0.0,0.4,4.0,8.0,0.0,0.0,0.0,0.0,0.0,0.0,0.0,1.0,0.0,0.0,0.0,45.0,0.0,Brighton,0.0,0.0,Nott'm Forest,Nott'm Forest,0.0,0.0,0.9846604001129587,,0.5,0.4923302000564794
matthijs_de_ligt,1,0,DEF,Man Utd,11,0,0,0,4,0,0,2,0.0,0.0,0.0,0.0,0.0,0.0,0.0,0.0,0.0,0.0,0.0,0.0,0.0,0.0,0.0,0.0,0.0,0.0,0.0,0.0,0.0,0.0,0.0,0.0,0.0,0.0,50.0,0.0,Hull City,0.0,0.0,Man City,Man City,2.0,3.0,0.4913512550071082,,0.5,0.2456756275035541
matty_cash,1,-1,DEF,Aston Villa,5,0,0,0,4,0,0,2,1.7,0.0,0.0,-8.0,0.0,1.1,0.0,0.0,0.0,3.77,4.0,0.0,1.3,12.0,90.0,0.0,0.0,0.0,0.0,0.0,1.0,0.0,-1.0,0.0,0.0,0.0,45.0,1.0,Brighton,0.0,0.0,Nott'm Forest,Nott'm Forest,0.0,0.0,1.425919929401791,,0.5,0.7129599647008955
matty_jacob,1,0,DEF,Hull City,16,1,0,0,2,0,0,4,0.0,0.0,0.0,0.0,0.0,0.0,0.0,0.0,0.0,0.0,0.0,0.0,0.0,0.0,0.0,0.0,0.0,0.0,0.0,0.0,0.0,0.0,0.0,0.0,0.0,0.0,40.0,0.0,Man Utd,2.0,3.0,Chelsea,Chelsea,3.0,3.0,0.3200208101951547,,2.0,0.6400416203903094
matz_sels,1,2,GK,Nott'm Forest,13,1,0,0,3,0,0,3,2.6,0.0,0.0,11.0,0.0,0.0,0.0,0.0,0.0,0.47,1.0,0.0,1.4,14.2,90.0,0.0,0.0,0.0,0.0,2.0,1.0,0.0,2.0,0.0,0.0,0.0,50.0,0.0,Leeds,0.0,0.0,Aston Villa,Aston Villa,0.0,0.0,3.1428498270188667,50210.0,2.0,6.2856996540377335
max_alleyne,1,0,DEF,Man City,3,1,0,0,4,0,0,3,0.0,0.0,0.0,0.0,0.0,0.0,0.0,0.0,0.0,0.0,0.0,0.0,0.0,0.0,0.0,0.0,0.0,0.0,0.0,0.0,0.0,0.0,0.0,0.0,0.0,0.0,50.0,0.0,Bournemouth,2.0,3.0,Man Utd,Man Utd,0.0,0.0,0.4399569828694885,,2.0,0.879913965738977
max_dowman,1,0,MID,Arsenal,7,1,0,0,4,0,0,2,2.0,0.0,0.0,0.0,0.0,0.0,0.0,0.0,0.0,0.0,0.0,0.0,0.0,0.0,0.0,0.0,0.0,0.0,0.0,0.0,0.0,0.0,0.0,0.0,0.0,0.0,55.0,0.0,Coventry City,3.0,3.0,Sunderland,Sunderland,1.0,0.0,0.5027143695985992,,1.7018618233191352,0.8555503936538016
maxence_lacroix,1,6,DEF,Chelsea,10,0,0,0,4,0,0,2,2.8,1.0,0.0,25.0,0.0,11.2,0.2,0.2,0.0,1.33,2.0,0.0,5.7,44.2,90.0,0.0,0.0,0.0,0.0,0.0,1.0,2.0,6.0,0.0,0.0,0.0,60.0,0.0,Fulham,3.0,3.0,Hull City,Hull City,2.0,3.0,4.5946193898602585,14974.0,0.5,2.2973096949301293
maxim_de_cuyper,1,17,DEF,Brighton,2,1,0,0,2,0,0,4,1.7,1.0,2.0,46.0,1.0,45.3,0.21,1.68,1.47,0.29,0.0,1.0,12.9,40.6,77.0,0.0,0.0,0.0,0.0,0.0,1.0,43.0,17.0,0.0,0.0,0.0,45.0,0.0,Aston Villa,4.0,3.0,Coventry City,Coventry City,0.0,0.0,1.6802435119208365,14971.0,2.0,3.360487023841673
melker_ellborg,1,0,GK,Sunderland,12,0,0,0,3,0,0,2,1.9,0.0,0.0,0.0,0.0,0.0,0.0,0.0,0.0,0.0,0.0,0.0,0.0,0.0,0.0,0.0,0.0,0.0,0.0,0.0,0.0,0.0,0.0,0.0,0.0,0.0,45.0,0.0,Ipswich Town,1.0,0.0,Arsenal,Arsenal,3.0,3.0,0.47187077438401914,14974.0,0.5,0.23593538719200957
merlin_rohl,1,3,MID,Everton,8,1,0,0,3,0,0,3,1.5,0.0,0.0,12.0,1.0,13.0,0.06,0.06,0.0,1.96,0.0,0.0,2.9,13.8,90.0,0.0,0.0,0.0,0.0,0.0,1.0,2.0,3.0,0.0,0.0,0.0,50.0,0.0,Crystal Palace,2.0,3.0,Spurs,Spurs,0.0,0.0,2.817619837917694,,2.0,5.635239675835388
michael_kayode,1,13,DEF,Brentford,19,1,0,0,3,0,0,3,1.7,0.0,1.0,36.0,1.0,1.5,0.0,0.5,0.5,0.47,0.0,1.0,8.1,33.8,75.0,0.0,0.0,0.0,0.0,0.0,1.0,46.0,13.0,0.0,0.0,0.0,45.0,0.0,Spurs,3.0,3.0,Bournemouth,Bournemouth,1.0,0.0,2.6758892232507074,,2.0,5.351778446501415
michael_keane,1,0,DEF,Everton,8,1,0,0,3,0,0,3,2.2,0.0,0.0,0.0,0.0,0.0,0.0,0.0,0.0,0.0,0.0,0.0,0.0,0.0,0.0,0.0,0.0,0.0,0.0,0.0,0.0,0.0,0.0,0.0,0.0,0.0,50.0,0.0,Crystal Palace,2.0,3.0,Spurs,Spurs,0.0,0.0,0.7002002271112143,79641.0,2.0,1.4004004542224286
michael_svoboda,1,0,DEF,Brighton,2,1,0,0,2,0,0,4,2.2,0.0,0.0,0.0,0.0,0.0,0.0,0.0,0.0,0.0,0.0,0.0,0.0,0.0,0.0,0.0,0.0,0.0,0.0,0.0,0.0,0.0,0.0,0.0,0.0,0.0,50.0,0.0,Aston Villa,4.0,3.0,Coventry City,Coventry City,0.0,0.0,0.7416218126284045,,2.0,1.483243625256809
micky_van_de_ven,1,0,DEF,Spurs,4,0,0,0,3,0,0,3,0.0,0.0,0.0,0.0,0.0,0.0,0.0,0.0,0.0,0.0,0.0,0.0,0.0,0.0,0.0,0.0,0.0,0.0,0.0,0.0,0.0,0.0,0.0,0.0,0.0,0.0,50.0,0.0,Brentford,0.0,0.0,Everton,Everton,2.0,3.0,0.4913512550071082,50210.0,0.585388320151504,0.28763128577294433
miguel_brau,1,0,DEF,Coventry City,1,0,0,0,2,0,0,4,1.0,0.0,0.0,0.0,0.0,0.0,0.0,0.0,0.0,0.0,0.0,0.0,0.0,0.0,0.0,0.0,0.0,0.0,0.0,0.0,0.0,0.0,0.0,0.0,0.0,0.0,40.0,0.0,Arsenal,0.0,0.0,Brighton,Brighton,4.0,3.0,0.3841377743575931,,0.5,0.19206888717879655
mike_penders,1,0,GK,Chelsea,10,0,0,0,4,0,0,2,1.9,0.0,0.0,0.0,0.0,0.0,0.0,0.0,0.0,0.0,0.0,0.0,0.0,0.0,0.0,0.0,0.0,0.0,0.0,0.0,0.0,0.0,0.0,0.0,0.0,0.0,45.0,0.0,Fulham,3.0,3.0,Hull City,Hull City,2.0,3.0,0.7958382963299043,14971.0,0.5,0.39791914816495216
mikel_merino_zazon,1,1,MID,Arsenal,7,1,0,0,4,0,0,2,2.2,0.0,0.0,5.0,0.0,1.2,0.02,0.16,0.14,0.15,0.0,0.0,1.9,3.6,14.0,0.0,0.0,0.0,0.0,0.0,0.0,14.0,1.0,0.0,0.0,0.0,60.0,0.0,Coventry City,3.0,3.0,Sunderland,Sunderland,1.0,0.0,1.924514775390043,,1.7018618233191352,3.2752582246499142
mikey_moore,1,2,MID,Spurs,4,0,0,0,3,0,0,3,1.5,0.0,0.0,10.0,0.0,5.9,0.02,0.4,0.38,3.02,3.0,0.0,7.5,14.2,67.0,0.0,0.0,0.0,0.0,0.0,1.0,55.0,2.0,0.0,0.0,0.0,50.0,0.0,Brentford,0.0,0.0,Everton,Everton,2.0,3.0,2.717172952127221,,0.5,1.3585864760636106
mikkel_damsgaard,1,1,MID,Brentford,19,1,0,0,3,0,0,3,2.0,0.0,0.0,6.0,0.0,26.3,0.11,0.11,0.0,0.1,0.0,0.0,3.4,7.6,14.0,0.0,0.0,0.0,0.0,0.0,0.0,0.0,1.0,0.0,0.0,0.0,55.0,0.0,Spurs,3.0,3.0,Bournemouth,Bournemouth,1.0,0.0,1.7256258177266988,50210.0,1.5701064583692905,2.709416241141478
milan_van_ewijk,1,1,DEF,Coventry City,1,0,0,0,2,0,0,4,1.0,0.0,0.0,-8.0,0.0,2.0,0.01,0.01,0.0,1.88,3.0,0.0,1.5,10.6,90.0,0.0,0.0,0.0,0.0,0.0,1.0,2.0,1.0,0.0,0.0,0.0,40.0,0.0,Arsenal,0.0,0.0,Brighton,Brighton,4.0,3.0,2.5216803396050667,,0.5,1.2608401698025333
milos_kerkez,1,0,DEF,Liverpool,17,0,0,0,4,0,0,2,2.5,0.0,0.0,3.0,0.0,13.8,0.02,0.04,0.02,1.58,2.0,0.0,4.4,18.0,90.0,0.0,0.0,0.0,0.0,0.0,1.0,12.0,0.0,0.0,0.0,0.0,55.0,1.0,Newcastle,2.0,1.0,Fulham,Fulham,2.0,0.0,3.1082219489156167,15210.0,0.5,1.5541109744578083
mitoma_kaoru,1,0,MID,Brighton,2,1,0,0,2,0,0,4,0.0,0.0,0.0,0.0,0.0,0.0,0.0,0.0,0.0,0.0,0.0,0.0,0.0,0.0,0.0,0.0,0.0,0.0,0.0,0.0,0.0,0.0,0.0,0.0,0.0,0.0,60.0,0.0,Aston Villa,4.0,3.0,Coventry City,Coventry City,0.0,0.0,0.38277842503498927,,2.0,0.7655568500699785
mohamed_belloumi,1,3,MID,Hull City,16,1,0,0,2,0,0,4,1.5,0.0,0.0,8.0,1.0,2.2,0.03,0.08,0.05,1.83,0.0,0.0,2.0,10.6,90.0,0.0,0.0,0.0,0.0,0.0,1.0,7.0,3.0,0.0,0.0,0.0,50.0,0.0,Man Utd,2.0,3.0,Chelsea,Chelsea,3.0,3.0,3.00751129568593,,0.532607108061187,1.6018218936566369
mohammed_kudus,1,0,MID,Spurs,4,0,0,0,3,0,0,3,0.6,0.0,0.0,0.0,0.0,0.0,0.0,0.0,0.0,0.0,0.0,0.0,0.0,0.0,0.0,0.0,0.0,0.0,0.0,0.0,0.0,0.0,0.0,0.0,0.0,0.0,65.0,0.0,Brentford,0.0,0.0,Everton,Everton,2.0,3.0,0.7080867538537491,,0.5,0.35404337692687454
moises_caicedo_corozo,1,0,MID,Chelsea,10,0,0,0,4,0,0,2,2.0,0.0,0.0,0.0,0.0,0.0,0.0,0.0,0.0,0.0,0.0,0.0,0.0,0.0,0.0,0.0,0.0,0.0,0.0,0.0,0.0,0.0,0.0,0.0,0.0,0.0,55.0,0.0,Fulham,3.0,3.0,Hull City,Hull City,2.0,3.0,0.5427870235313021,61014.0,0.808425802862563,0.43880303528167386
morgan_gibbs_white,1,2,MID,Nott'm Forest,13,1,0,0,3,0,0,3,2.8,0.0,0.0,10.0,0.0,9.3,0.06,0.19,0.13,0.47,1.0,0.0,2.4,0.0,90.0,0.0,0.0,0.0,0.0,0.0,1.0,16.0,2.0,0.0,0.0,0.0,80.0,0.0,Leeds,0.0,0.0,Aston Villa,Aston Villa,0.0,0.0,3.9939801516275084,14971.0,1.0150180152362045,4.053961806397749
morgan_rogers,1,8,MID,Chelsea,10,0,0,0,4,0,0,2,2.6,0.0,1.0,37.0,0.0,53.5,0.1,1.06,0.96,1.24,2.0,1.0,13.1,48.8,81.0,0.0,0.0,0.0,0.0,0.0,1.0,29.0,8.0,0.0,0.0,0.0,75.0,0.0,Fulham,3.0,3.0,Hull City,Hull City,2.0,3.0,4.1490738801613745,14970.0,0.808425802862563,3.354218382705549
murillo_costa_dos_santos,1,4,DEF,Nott'm Forest,13,1,0,0,3,0,0,3,2.5,0.0,0.0,15.0,0.0,25.9,0.28,0.28,0.0,0.47,1.0,0.0,5.8,32.2,90.0,0.0,0.0,0.0,0.0,0.0,1.0,0.0,4.0,0.0,0.0,0.0,55.0,0.0,Leeds,0.0,0.0,Aston Villa,Aston Villa,0.0,0.0,4.3466134345017835,15210.0,2.0,8.693226869003567
mykhailo_mudryk,1,0,MID,Chelsea,10,0,0,0,4,0,0,2,2.0,0.0,0.0,0.0,0.0,0.0,0.0,0.0,0.0,0.0,0.0,0.0,0.0,0.0,0.0,0.0,0.0,0.0,0.0,0.0,0.0,0.0,0.0,0.0,0.0,0.0,55.0,0.0,Fulham,3.0,3.0,Hull City,Hull City,2.0,3.0,0.5427870235313021,,0.808425802862563,0.43880303528167386
myles_lewis_skelly,1,3,MID,Arsenal,7,1,0,0,4,0,0,2,2.0,0.0,0.0,15.0,1.0,22.9,0.11,0.17,0.06,0.2,0.0,0.0,4.1,11.0,90.0,0.0,0.0,0.0,0.0,0.0,1.0,7.0,3.0,0.0,0.0,0.0,55.0,0.0,Coventry City,3.0,3.0,Sunderland,Sunderland,1.0,0.0,3.366137350972575,,1.7018618233191352,5.728700649668831
nathan_collins,1,6,DEF,Brentford,19,1,0,0,3,0,0,3,2.5,0.0,0.0,21.0,1.0,21.5,0.04,0.38,0.34,0.57,0.0,0.0,5.0,11.6,90.0,0.0,0.0,0.0,0.0,0.0,1.0,17.0,6.0,0.0,0.0,0.0,55.0,0.0,Spurs,3.0,3.0,Bournemouth,Bournemouth,1.0,0.0,3.0674878207853453,14972.0,2.0,6.134975641570691
nathan_patterson,1,0,DEF,Everton,8,1,0,0,3,0,0,3,1.7,0.0,0.0,0.0,0.0,0.0,0.0,0.0,0.0,0.0,0.0,0.0,0.0,0.0,0.0,0.0,0.0,0.0,0.0,0.0,0.0,0.0,0.0,0.0,0.0,0.0,45.0,0.0,Crystal Palace,2.0,3.0,Spurs,Spurs,0.0,0.0,0.46449811877830505,,2.0,0.9289962375566101
neco_williams,1,2,DEF,Nott'm Forest,13,1,0,0,3,0,0,3,2.2,0.0,0.0,13.0,0.0,5.8,0.02,0.02,0.0,0.47,1.0,0.0,2.7,15.2,90.0,0.0,0.0,0.0,0.0,0.0,1.0,6.0,2.0,0.0,0.0,0.0,50.0,0.0,Leeds,0.0,0.0,Aston Villa,Aston Villa,0.0,0.0,3.109578657179962,14971.0,2.0,6.219157314359924
nehemiah_oriola,1,0,MID,Brighton,2,1,0,0,2,0,0,4,1.0,0.0,0.0,0.0,0.0,0.0,0.0,0.0,0.0,0.0,0.0,0.0,0.0,0.0,0.0,0.0,0.0,0.0,0.0,0.0,0.0,0.0,0.0,0.0,0.0,0.0,45.0,0.0,Aston Villa,4.0,3.0,Coventry City,Coventry City,0.0,0.0,0.11644514477060208,,2.0,0.23289028954120417
nick_pope,1,0,GK,Newcastle,14,1,0,0,2,0,0,4,2.6,0.0,0.0,0.0,0.0,0.0,0.0,0.0,0.0,0.0,0.0,0.0,0.0,0.0,0.0,0.0,0.0,0.0,0.0,0.0,0.0,0.0,0.0,0.0,0.0,0.0,50.0,0.0,Liverpool,2.0,1.0,Leeds,Leeds,1.0,3.0,0.5390846744807285,,0.5,0.26954233724036425
nick_woltemade,1,0,FWD,Newcastle,14,1,0,0,2,0,0,4,2.0,0.0,0.0,0.0,0.0,0.0,0.0,0.0,0.0,0.0,0.0,0.0,0.0,0.0,0.0,0.0,0.0,0.0,0.0,0.0,0.0,0.0,0.0,0.0,0.0,0.0,60.0,0.0,Liverpool,2.0,1.0,Leeds,Leeds,1.0,3.0,0.5907527744140881,14970.0,0.9810489713126628,0.5795574016390427
nico_elvedi,1,0,DEF,Leeds,18,0,0,0,3,0,0,3,1.7,0.0,0.0,0.0,0.0,0.0,0.0,0.0,0.0,0.0,0.0,0.0,0.0,0.0,0.0,0.0,0.0,0.0,0.0,0.0,0.0,0.0,0.0,0.0,0.0,0.0,45.0,0.0,Nott'm Forest,1.0,3.0,Newcastle,Newcastle,2.0,1.0,0.5853155303633709,,1.058760202742355,0.6197087895957717
nico_gonzalez_iglesias,1,0,MID,Man City,3,1,0,0,4,0,0,3,2.0,0.0,0.0,0.0,0.0,0.0,0.0,0.0,0.0,0.0,0.0,0.0,0.0,0.0,0.0,0.0,0.0,0.0,0.0,0.0,0.0,0.0,0.0,0.0,0.0,0.0,55.0,0.0,Bournemouth,2.0,3.0,Man Utd,Man Utd,0.0,0.0,0.4917855922165706,,0.6850081449640393,0.3368771362443145
nico_o'reilly,1,2,DEF,Man City,3,1,0,0,4,0,0,3,3.1,0.0,0.0,5.0,0.0,30.4,0.41,0.48,0.07,0.55,1.0,0.0,5.0,8.8,62.0,0.0,0.0,0.0,0.0,0.0,1.0,11.0,2.0,0.0,0.0,0.0,65.0,0.0,Bournemouth,2.0,3.0,Man Utd,Man Utd,0.0,0.0,3.4698317232631086,14972.0,2.0,6.939663446526217
nicolas_dominguez,1,0,MID,Nott'm Forest,13,1,0,0,3,0,0,3,1.5,0.0,0.0,0.0,0.0,0.0,0.0,0.0,0.0,0.0,0.0,0.0,0.0,0.0,0.0,0.0,0.0,0.0,0.0,0.0,0.0,0.0,0.0,0.0,0.0,0.0,50.0,0.0,Leeds,0.0,0.0,Aston Villa,Aston Villa,0.0,0.0,0.3611233921649648,,1.0150180152362045,0.3665467487706481
nicolas_jackson,1,0,FWD,Chelsea,10,0,0,0,4,0,0,2,2.1,0.0,0.0,0.0,0.0,0.0,0.0,0.0,0.0,0.0,0.0,0.0,0.0,0.0,0.0,0.0,0.0,0.0,0.0,0.0,0.0,0.0,0.0,0.0,0.0,0.0,65.0,0.0,Fulham,3.0,3.0,Hull City,Hull City,2.0,3.0,0.6473675653575186,,2.0,1.2947351307150372
nicolo_savona,1,0,DEF,Nott'm Forest,13,1,0,0,3,0,0,3,0.0,0.0,0.0,0.0,0.0,0.0,0.0,0.0,0.0,0.0,0.0,0.0,0.0,0.0,0.0,0.0,0.0,0.0,0.0,0.0,0.0,0.0,0.0,0.0,0.0,0.0,45.0,0.0,Leeds,0.0,0.0,Aston Villa,Aston Villa,0.0,0.0,0.14542266256398562,,2.0,0.29084532512797123
nikola_milenkovic,1,2,DEF,Nott'm Forest,13,1,0,0,3,0,0,3,2.5,0.0,0.0,4.0,0.0,0.6,0.02,0.13,0.11,0.47,1.0,0.0,2.2,7.6,90.0,0.0,0.0,0.0,0.0,0.0,1.0,14.0,2.0,0.0,0.0,0.0,55.0,0.0,Leeds,0.0,0.0,Aston Villa,Aston Villa,0.0,0.0,3.5812645319161405,14972.0,2.0,7.162529063832281
nilson_angulo,1,5,MID,Sunderland,12,0,0,0,3,0,0,2,1.5,0.0,0.0,23.0,0.0,3.3,0.01,0.16,0.15,1.66,1.0,1.0,5.2,32.8,58.0,0.0,0.0,0.0,0.0,0.0,1.0,16.0,5.0,0.0,0.0,0.0,50.0,1.0,Ipswich Town,1.0,0.0,Arsenal,Arsenal,3.0,3.0,1.5091565727152731,,0.521521937488617,0.7870582597761501
noah_okafor,1,1,MID,Leeds,18,0,0,0,3,0,0,3,2.2,0.0,0.0,10.0,0.0,14.0,0.16,0.16,0.0,0.13,0.0,0.0,2.8,10.0,24.0,0.0,0.0,0.0,0.0,0.0,0.0,4.0,1.0,0.0,0.0,0.0,60.0,0.0,Nott'm Forest,1.0,3.0,Newcastle,Newcastle,2.0,1.0,2.2666696177760013,,1.9644625221347685,4.4527875141824955
noah_sadiki,1,2,MID,Sunderland,12,0,0,0,3,0,0,2,1.5,0.0,0.0,18.0,0.0,32.1,0.03,0.09,0.06,1.8,2.0,0.0,7.2,14.6,90.0,0.0,0.0,0.0,0.0,0.0,1.0,25.0,2.0,0.0,0.0,0.0,50.0,0.0,Ipswich Town,1.0,0.0,Arsenal,Arsenal,3.0,3.0,3.1358937736761687,,0.521521937488617,1.635437396606086
nobel_mendy,1,15,DEF,Hull City,16,1,0,0,2,0,0,4,1.0,0.0,1.0,35.0,1.0,0.6,0.0,0.28,0.28,0.86,0.0,1.0,8.5,51.8,63.0,0.0,0.0,0.0,0.0,0.0,1.0,33.0,15.0,0.0,0.0,0.0,40.0,0.0,Man Utd,2.0,3.0,Chelsea,Chelsea,3.0,3.0,2.8419270744735696,,2.0,5.683854148947139
noni_madueke,1,1,MID,Arsenal,7,1,0,0,4,0,0,2,2.3,0.0,0.0,8.0,0.0,43.1,0.04,0.04,0.0,0.15,0.0,0.0,5.3,9.4,22.0,0.0,0.0,0.0,0.0,0.0,0.0,0.0,1.0,0.0,0.0,0.0,65.0,0.0,Coventry City,3.0,3.0,Sunderland,Sunderland,1.0,0.0,2.277418867421406,,1.7018618233191352,3.8758522261711943
norberto_bercique_gomes_betuncal,1,1,FWD,Everton,8,1,0,0,3,0,0,3,1.8,0.0,0.0,3.0,0.0,0.0,0.0,0.05,0.05,0.34,0.0,0.0,0.2,0.0,11.0,0.0,0.0,0.0,0.0,0.0,0.0,2.0,1.0,0.0,0.0,0.0,55.0,0.0,Crystal Palace,2.0,3.0,Spurs,Spurs,0.0,0.0,1.5845722709642722,15210.0,0.6010604721626056,0.9524237573615577
nordi_mukiele,1,0,DEF,Sunderland,12,0,0,0,3,0,0,2,2.5,0.0,0.0,0.0,0.0,0.0,0.0,0.0,0.0,0.0,0.0,0.0,0.0,0.0,0.0,0.0,0.0,0.0,0.0,0.0,0.0,0.0,0.0,0.0,0.0,0.0,55.0,0.0,Ipswich Town,1.0,0.0,Arsenal,Arsenal,3.0,3.0,1.0481519078530028,79641.0,0.5,0.5240759539265014
norman_bassette,1,0,FWD,Coventry City,1,0,0,0,2,0,0,4,0.0,0.0,0.0,0.0,0.0,0.0,0.0,0.0,0.0,0.0,0.0,0.0,0.0,0.0,0.0,0.0,0.0,0.0,0.0,0.0,0.0,0.0,0.0,0.0,0.0,0.0,45.0,0.0,Arsenal,0.0,0.0,Brighton,Brighton,4.0,3.0,-0.005836567973013684,,,
noussair_mazraoui,1,1,DEF,Man Utd,11,0,0,0,4,0,0,2,1.7,0.0,0.0,8.0,0.0,29.4,0.05,0.27,0.22,1.01,2.0,0.0,5.6,17.4,79.0,0.0,0.0,0.0,0.0,0.0,1.0,9.0,1.0,0.0,0.0,0.0,45.0,0.0,Hull City,0.0,0.0,Man City,Man City,2.0,3.0,1.998243922170103,,0.5,0.9991219610850515
ola_aina,1,5,DEF,Nott'm Forest,13,1,0,0,3,0,0,3,1.7,0.0,0.0,24.0,1.0,35.6,0.17,0.21,0.04,0.34,0.0,0.0,6.3,16.0,73.0,0.0,0.0,0.0,0.0,0.0,1.0,11.0,5.0,0.0,0.0,0.0,45.0,1.0,Leeds,0.0,0.0,Aston Villa,Aston Villa,0.0,0.0,2.1901428121906497,,2.0,4.380285624381299
oli_mcburnie,1,5,FWD,Hull City,16,1,0,0,2,0,0,4,1.8,1.0,0.0,21.0,1.0,21.1,0.01,0.17,0.16,1.83,0.0,0.0,9.0,17.2,90.0,0.0,0.0,0.0,0.0,0.0,1.0,52.0,5.0,0.0,0.0,0.0,55.0,0.0,Man Utd,2.0,3.0,Chelsea,Chelsea,3.0,3.0,3.3971958537500715,61014.0,2.0,6.794391707500143
oliver_dovin,1,0,GK,Coventry City,1,0,0,0,2,0,0,4,1.0,0.0,0.0,0.0,0.0,0.0,0.0,0.0,0.0,0.0,0.0,0.0,0.0,0.0,0.0,0.0,0.0,0.0,0.0,0.0,0.0,0.0,0.0,0.0,0.0,0.0,40.0,0.0,Arsenal,0.0,0.0,Brighton,Brighton,4.0,3.0,0.3995494547521574,,0.5,0.1997747273760787
olivier_boscagli,1,6,DEF,Brighton,2,1,0,0,2,0,0,4,1.7,0.0,0.0,29.0,1.0,7.3,0.04,0.04,0.0,0.29,0.0,0.0,2.9,15.2,90.0,0.0,0.0,0.0,0.0,0.0,1.0,6.0,6.0,0.0,0.0,0.0,45.0,0.0,Aston Villa,4.0,3.0,Coventry City,Coventry City,0.0,0.0,2.708481643704577,,2.0,5.416963287409154
ollie_watkins,1,0,FWD,Aston Villa,5,0,0,0,4,0,0,2,2.5,0.0,0.0,0.0,0.0,0.0,0.0,0.0,0.0,0.0,0.0,0.0,0.0,0.0,0.0,0.0,0.0,0.0,0.0,0.0,0.0,0.0,0.0,0.0,0.0,0.0,80.0,0.0,Brighton,0.0,0.0,Nott'm Forest,Nott'm Forest,0.0,0.0,0.8313698045694452,14971.0,,
omar_alderete,1,1,DEF,Sunderland,12,0,0,0,3,0,0,2,2.2,0.0,0.0,2.0,0.0,0.6,0.01,0.01,0.0,0.1,1.0,0.0,0.0,0.0,23.0,0.0,0.0,0.0,0.0,0.0,0.0,0.0,1.0,0.0,0.0,0.0,50.0,0.0,Ipswich Town,1.0,0.0,Arsenal,Arsenal,3.0,3.0,2.358180545285972,,0.5,1.179090272642986
omar_marmoush,1,0,FWD,Man City,3,1,0,0,4,0,0,3,2.2,0.0,0.0,0.0,0.0,0.0,0.0,0.0,0.0,0.0,0.0,0.0,0.0,0.0,0.0,0.0,0.0,0.0,0.0,0.0,0.0,0.0,0.0,0.0,0.0,0.0,70.0,0.0,Bournemouth,2.0,3.0,Man Utd,Man Utd,0.0,0.0,0.6500517213783965,14972.0,0.6530864197530863,0.4245399513693478
omar_richards,1,0,DEF,Nott'm Forest,13,1,0,0,3,0,0,3,1.0,0.0,0.0,0.0,0.0,0.0,0.0,0.0,0.0,0.0,0.0,0.0,0.0,0.0,0.0,0.0,0.0,0.0,0.0,0.0,0.0,0.0,0.0,0.0,0.0,0.0,40.0,0.0,Leeds,0.0,0.0,Aston Villa,Aston Villa,0.0,0.0,0.08715912985043506,,2.0,0.17431825970087012
omari_hutchinson,1,0,MID,Nott'm Forest,13,1,0,0,3,0,0,3,2.0,0.0,0.0,0.0,0.0,0.0,0.0,0.0,0.0,0.0,0.0,0.0,0.0,0.0,0.0,0.0,0.0,0.0,0.0,0.0,0.0,0.0,0.0,0.0,0.0,0.0,55.0,0.0,Leeds,0.0,0.0,Aston Villa,Aston Villa,0.0,0.0,0.5286100312589912,,1.0150180152362045,0.5365487047624493
oscar_bobb,1,2,MID,Fulham,6,1,0,0,2,0,0,4,2.0,0.0,0.0,10.0,0.0,13.8,0.26,0.26,0.0,2.21,3.0,0.0,3.0,9.8,66.0,0.0,0.0,0.0,0.0,0.0,1.0,6.0,2.0,0.0,0.0,0.0,55.0,0.0,Chelsea,2.0,0.0,Liverpool,Liverpool,2.0,1.0,2.2719800532641194,,0.7684565106809018,1.7459178640679547
oscar_mingueza,1,0,DEF,Crystal Palace,9,0,0,0,3,0,0,3,1.7,0.0,0.0,0.0,0.0,0.0,0.0,0.0,0.0,0.0,0.0,0.0,0.0,0.0,0.0,0.0,0.0,0.0,0.0,0.0,0.0,0.0,0.0,0.0,0.0,0.0,45.0,0.0,Everton,0.0,0.0,Ipswich Town,Ipswich Town,2.0,3.0,0.5158923909159248,,0.5,0.2579461954579624
oscar_zambrano,1,0,MID,Hull City,16,1,0,0,2,0,0,4,0.0,0.0,0.0,0.0,0.0,0.0,0.0,0.0,0.0,0.0,0.0,0.0,0.0,0.0,0.0,0.0,0.0,0.0,0.0,0.0,0.0,0.0,0.0,0.0,0.0,0.0,45.0,0.0,Man Utd,2.0,3.0,Chelsea,Chelsea,3.0,3.0,0.16465903717611785,,0.532607108061187,0.08769857360651162
ousmane_diomande,1,0,DEF,Nott'm Forest,13,1,0,0,3,0,0,3,2.5,0.0,0.0,0.0,0.0,0.0,0.0,0.0,0.0,0.0,0.0,0.0,0.0,0.0,0.0,0.0,0.0,0.0,0.0,0.0,0.0,0.0,0.0,0.0,0.0,0.0,55.0,0.0,Leeds,0.0,0.0,Aston Villa,Aston Villa,0.0,0.0,0.7942654548491623,,2.0,1.5885309096983247
paddy_mcnair,1,1,DEF,Hull City,16,1,0,0,2,0,0,4,1.0,0.0,0.0,3.0,0.0,0.0,0.0,0.0,0.0,0.96,0.0,0.0,0.4,4.2,26.0,0.0,0.0,0.0,0.0,0.0,0.0,0.0,1.0,0.0,0.0,0.0,40.0,0.0,Man Utd,2.0,3.0,Chelsea,Chelsea,3.0,3.0,1.425685322028598,,2.0,2.851370644057196
pape_matar_sarr,1,0,MID,Spurs,4,0,0,0,3,0,0,3,0.0,0.0,0.0,0.0,0.0,0.0,0.0,0.0,0.0,0.0,0.0,0.0,0.0,0.0,0.0,0.0,0.0,0.0,0.0,0.0,0.0,0.0,0.0,0.0,0.0,0.0,50.0,0.0,Brentford,0.0,0.0,Everton,Everton,2.0,3.0,0.2906324258980395,,0.5,0.14531621294901975
pascal_gross,1,2,MID,Brighton,2,1,0,0,2,0,0,4,2.0,0.0,0.0,18.0,1.0,56.9,0.27,0.27,0.0,0.29,0.0,0.0,8.6,21.0,90.0,0.0,0.0,0.0,0.0,0.0,1.0,8.0,2.0,0.0,0.0,0.0,55.0,1.0,Aston Villa,4.0,3.0,Coventry City,Coventry City,0.0,0.0,3.388877599049012,61014.0,2.0,6.777755198098024
pascal_struijk,1,0,DEF,Brighton,2,1,0,0,2,0,0,4,2.2,0.0,0.0,0.0,0.0,0.0,0.0,0.0,0.0,0.0,0.0,0.0,0.0,0.0,0.0,0.0,0.0,0.0,0.0,0.0,0.0,0.0,0.0,0.0,0.0,0.0,50.0,0.0,Aston Villa,4.0,3.0,Coventry City,Coventry City,0.0,0.0,0.7416218126284045,,2.0,1.483243625256809
patrick_dorgu,1,0,MID,Man Utd,11,0,0,0,4,0,0,2,2.2,0.0,0.0,-11.0,0.0,1.2,0.03,0.5,0.47,0.92,2.0,0.0,0.7,0.0,45.0,0.0,0.0,0.0,0.0,0.0,1.0,16.0,0.0,0.0,0.0,0.0,60.0,1.0,Hull City,0.0,0.0,Man City,Man City,2.0,3.0,1.1977012116436883,79641.0,0.5,0.5988506058218441
pau_torres,1,0,DEF,Aston Villa,5,0,0,0,4,0,0,2,1.7,0.0,0.0,-14.0,0.0,0.7,0.0,0.0,0.0,3.55,4.0,0.0,0.0,0.0,73.0,0.0,0.0,0.0,0.0,0.0,1.0,0.0,0.0,0.0,0.0,0.0,45.0,0.0,Brighton,0.0,0.0,Nott'm Forest,Nott'm Forest,0.0,0.0,1.0507090430647743,,0.5,0.5253545215323872
pedro_lomba_neto,1,1,MID,Chelsea,10,0,0,0,4,0,0,2,2.3,0.0,0.0,9.0,0.0,4.1,0.07,0.1,0.03,0.22,0.0,0.0,1.3,5.2,14.0,0.0,0.0,0.0,0.0,0.0,0.0,4.0,1.0,0.0,0.0,0.0,65.0,0.0,Fulham,3.0,3.0,Hull City,Hull City,2.0,3.0,1.8768765219058419,14973.0,0.808425802862563,1.5173154090956251
pedro_porro_sauceda,1,0,DEF,Spurs,4,0,0,0,3,0,0,3,0.0,0.0,0.0,0.0,0.0,0.0,0.0,0.0,0.0,0.0,0.0,0.0,0.0,0.0,0.0,0.0,0.0,0.0,0.0,0.0,0.0,0.0,0.0,0.0,0.0,0.0,55.0,0.0,Brentford,0.0,0.0,Everton,Everton,2.0,3.0,0.6679071714668979,14973.0,0.585388320151504,0.3909850571221499
pep_chavarria,1,1,DEF,Chelsea,10,0,0,0,4,0,0,2,2.2,0.0,0.0,3.0,0.0,0.2,0.0,0.0,0.0,0.28,0.0,0.0,0.5,2.4,25.0,0.0,0.0,0.0,0.0,0.0,0.0,2.0,1.0,0.0,0.0,0.0,50.0,0.0,Fulham,3.0,3.0,Hull City,Hull City,2.0,3.0,2.1243538839196634,,0.5,1.0621769419598317
phil_foden,1,1,MID,Man City,3,1,0,0,4,0,0,3,2.5,0.0,0.0,15.0,0.0,49.6,0.4,0.52,0.12,0.65,1.0,0.0,7.5,10.4,81.0,0.0,0.0,0.0,0.0,0.0,1.0,15.0,1.0,0.0,0.0,0.0,70.0,1.0,Bournemouth,2.0,3.0,Man Utd,Man Utd,0.0,0.0,3.675716414738389,14969.0,0.6850081449640393,2.5178956826738133
piero_hincapie,1,1,DEF,Arsenal,7,1,0,0,4,0,0,2,2.5,0.0,0.0,3.0,0.0,0.5,0.0,0.0,0.0,0.15,0.0,0.0,0.1,0.4,9.0,0.0,0.0,0.0,0.0,0.0,0.0,0.0,1.0,0.0,0.0,0.0,55.0,0.0,Coventry City,3.0,3.0,Sunderland,Sunderland,1.0,0.0,1.6524129142309056,79641.0,2.0,3.3048258284618113
promise_david,1,0,FWD,Brighton,2,1,0,0,2,0,0,4,2.0,0.0,0.0,0.0,0.0,0.0,0.0,0.0,0.0,0.0,0.0,0.0,0.0,0.0,0.0,0.0,0.0,0.0,0.0,0.0,0.0,0.0,0.0,0.0,0.0,0.0,60.0,0.0,Aston Villa,4.0,3.0,Coventry City,Coventry City,0.0,0.0,0.5312660282416148,14969.0,1.8241379310344823,0.9691025135855661
raphael_borges_rodrigues,1,0,MID,Coventry City,1,0,0,0,2,0,0,4,1.0,0.0,0.0,0.0,0.0,0.0,0.0,0.0,0.0,0.0,0.0,0.0,0.0,0.0,0.0,0.0,0.0,0.0,0.0,0.0,0.0,0.0,0.0,0.0,0.0,0.0,45.0,0.0,Arsenal,0.0,0.0,Brighton,Brighton,4.0,3.0,0.3270464930366015,,0.5,0.16352324651830075
rayan_ait_nouri,1,0,DEF,Man City,3,1,0,0,4,0,0,3,2.5,0.0,0.0,0.0,0.0,0.0,0.0,0.0,0.0,0.0,0.0,0.0,0.0,0.0,0.0,0.0,0.0,0.0,0.0,0.0,0.0,0.0,0.0,0.0,0.0,0.0,55.0,0.0,Bournemouth,2.0,3.0,Man Utd,Man Utd,0.0,0.0,0.9122438586948756,,2.0,1.8244877173897511
rayan_cherki,1,8,MID,Man City,3,1,0,0,4,0,0,3,2.6,2.0,1.0,28.0,0.0,48.8,0.5,0.5,0.0,0.1,0.0,0.0,9.2,39.2,27.0,0.0,0.0,0.0,0.0,0.0,0.0,4.0,8.0,0.0,0.0,0.0,75.0,0.0,Bournemouth,2.0,3.0,Man Utd,Man Utd,0.0,0.0,3.464986385867986,14973.0,0.6850081449640393,2.37354389650908
rayan_vitor_simplicio_rocha,1,2,MID,Bournemouth,15,0,0,0,3,0,0,4,2.3,0.0,0.0,9.0,0.0,11.3,0.03,0.07,0.04,2.06,1.0,0.0,3.5,6.2,88.0,0.0,0.0,0.0,0.0,0.0,1.0,17.0,2.0,0.0,0.0,0.0,65.0,0.0,Man City,1.0,0.0,Brentford,Brentford,3.0,3.0,3.4140240842046596,14971.0,0.5,1.7070120421023298
reece_james,1,0,DEF,Chelsea,10,0,0,0,4,0,0,2,2.5,0.0,0.0,5.0,0.0,16.8,0.07,0.17,0.1,1.33,2.0,0.0,5.9,23.4,90.0,0.0,0.0,0.0,0.0,0.0,1.0,19.0,0.0,0.0,0.0,0.0,55.0,1.0,Fulham,3.0,3.0,Hull City,Hull City,2.0,3.0,3.48964840025912,50210.0,0.5,1.74482420012956
regan_slater,1,6,MID,Hull City,16,1,0,0,2,0,0,4,1.0,1.0,0.0,20.0,1.0,19.3,0.44,0.44,0.0,1.83,0.0,0.0,3.8,18.4,90.0,0.0,0.0,0.0,0.0,0.0,1.0,0.0,6.0,0.0,0.0,0.0,45.0,0.0,Man Utd,2.0,3.0,Chelsea,Chelsea,3.0,3.0,3.5453605601784948,,0.532607108061187,1.8882842349908582
reinildo_mandava,1,1,DEF,Sunderland,12,0,0,0,3,0,0,2,1.7,0.0,0.0,9.0,0.0,27.5,0.29,0.29,0.0,1.8,2.0,0.0,5.5,23.0,90.0,0.0,0.0,0.0,0.0,0.0,1.0,4.0,1.0,0.0,0.0,0.0,45.0,0.0,Ipswich Town,1.0,0.0,Arsenal,Arsenal,3.0,3.0,2.640333185689813,,0.5,1.3201665928449065
reiss_nelson,1,0,MID,Arsenal,7,1,0,0,4,0,0,2,2.0,0.0,0.0,0.0,0.0,0.0,0.0,0.0,0.0,0.0,0.0,0.0,0.0,0.0,0.0,0.0,0.0,0.0,0.0,0.0,0.0,0.0,0.0,0.0,0.0,0.0,55.0,0.0,Coventry City,3.0,3.0,Sunderland,Sunderland,1.0,0.0,0.5027143695985992,,1.7018618233191352,0.8555503936538016
remi_matthews,1,0,GK,Crystal Palace,9,0,0,0,3,0,0,3,1.0,0.0,0.0,0.0,0.0,0.0,0.0,0.0,0.0,0.0,0.0,0.0,0.0,0.0,0.0,0.0,0.0,0.0,0.0,0.0,0.0,0.0,0.0,0.0,0.0,0.0,40.0,0.0,Everton,0.0,0.0,Ipswich Town,Ipswich Town,2.0,3.0,0.16350264261379932,,0.5,0.08175132130689966
riccardo_calafiori,1,9,DEF,Arsenal,7,1,0,0,4,0,0,2,2.5,1.0,0.0,31.0,1.0,12.2,0.09,0.13,0.04,0.06,0.0,0.0,4.2,26.0,80.0,0.0,0.0,0.0,0.0,0.0,1.0,4.0,9.0,0.0,0.0,0.0,55.0,0.0,Coventry City,3.0,3.0,Sunderland,Sunderland,1.0,0.0,3.3804350657014783,15210.0,2.0,6.760870131402957
richarlison_de_andrade,1,2,FWD,Spurs,4,0,0,0,3,0,0,3,2.0,0.0,0.0,6.0,0.0,2.2,0.0,0.0,0.0,3.02,3.0,0.0,0.2,0.0,67.0,0.0,0.0,0.0,0.0,0.0,1.0,0.0,2.0,0.0,0.0,0.0,60.0,0.0,Brentford,0.0,0.0,Everton,Everton,2.0,3.0,2.2250449057718154,14970.0,0.5,1.1125224528859077
rico_henry,1,0,DEF,Brentford,19,1,0,0,3,0,0,3,1.7,0.0,0.0,0.0,0.0,0.0,0.0,0.0,0.0,0.0,0.0,0.0,0.0,0.0,0.0,0.0,0.0,0.0,0.0,0.0,0.0,0.0,0.0,0.0,0.0,0.0,45.0,0.0,Spurs,3.0,3.0,Bournemouth,Bournemouth,1.0,0.0,0.5490118957988126,,2.0,1.0980237915976252
rico_lewis,1,1,DEF,Man City,3,1,0,0,4,0,0,3,1.7,0.0,0.0,-1.0,0.0,3.8,0.02,0.19,0.17,0.55,1.0,0.0,4.7,3.8,56.0,0.0,0.0,0.0,0.0,0.0,1.0,39.0,1.0,0.0,0.0,0.0,45.0,0.0,Bournemouth,2.0,3.0,Man Utd,Man Utd,0.0,0.0,2.1812495738200255,,2.0,4.362499147640051
rio_cardines,1,0,DEF,Crystal Palace,9,0,0,0,3,0,0,3,0.0,0.0,0.0,0.0,0.0,0.0,0.0,0.0,0.0,0.0,0.0,0.0,0.0,0.0,0.0,0.0,0.0,0.0,0.0,0.0,0.0,0.0,0.0,0.0,0.0,0.0,45.0,0.0,Everton,0.0,0.0,Ipswich Town,Ipswich Town,2.0,3.0,0.31479533854731856,,0.5,0.15739766927365928
rio_ngumoha,1,2,MID,Liverpool,17,0,0,0,4,0,0,2,2.2,0.0,0.0,9.0,0.0,6.0,0.02,0.06,0.04,0.51,2.0,0.0,1.3,2.4,62.0,0.0,0.0,0.0,0.0,0.0,1.0,5.0,2.0,0.0,0.0,0.0,60.0,0.0,Newcastle,2.0,1.0,Fulham,Fulham,2.0,0.0,2.1361375680531522,14970.0,2.0,4.2722751361063045
robert_lynch_sanchez,1,2,GK,Chelsea,10,0,0,0,4,0,0,2,2.6,0.0,0.0,6.0,0.0,0.0,0.01,0.01,0.0,1.33,2.0,0.0,2.1,21.4,90.0,0.0,0.0,0.0,0.0,4.0,1.0,0.0,2.0,0.0,0.0,0.0,50.0,0.0,Fulham,3.0,3.0,Hull City,Hull City,2.0,3.0,4.053874386503784,14971.0,0.5,2.026937193251892
robin_roefs,1,1,GK,Sunderland,12,0,0,0,3,0,0,2,2.6,0.0,0.0,7.0,0.0,0.0,0.0,0.0,0.0,1.8,2.0,0.0,1.5,15.2,90.0,0.0,0.0,0.0,0.0,1.0,1.0,0.0,1.0,0.0,0.0,0.0,50.0,0.0,Ipswich Town,1.0,0.0,Arsenal,Arsenal,3.0,3.0,3.2708219427408864,14974.0,0.5,1.6354109713704432
rodrigo_'rodri'_hernandez_cascante,1,0,MID,Man City,3,1,0,0,4,0,0,3,0.0,0.0,0.0,0.0,0.0,0.0,0.0,0.0,0.0,0.0,0.0,0.0,0.0,0.0,0.0,0.0,0.0,0.0,0.0,0.0,0.0,0.0,0.0,0.0,0.0,0.0,65.0,0.0,Bournemouth,2.0,3.0,Man Utd,Man Utd,0.0,0.0,0.543406905983393,,0.6850081449640393,0.37223815662833215
rodrigo_bentancur,1,1,MID,Spurs,4,0,0,0,3,0,0,3,2.0,0.0,0.0,8.0,0.0,14.7,0.01,0.01,0.0,2.18,1.0,0.0,1.7,2.0,45.0,0.0,0.0,0.0,0.0,0.0,0.0,0.0,1.0,0.0,0.0,0.0,55.0,0.0,Brentford,0.0,0.0,Everton,Everton,2.0,3.0,2.5964616009915638,,0.5,1.2982308004957819
rodrigo_muniz_carvalho,1,1,FWD,Fulham,6,1,0,0,2,0,0,4,1.8,0.0,0.0,6.0,0.0,11.5,0.0,0.02,0.02,0.03,0.0,0.0,2.5,6.0,8.0,0.0,0.0,0.0,0.0,0.0,0.0,7.0,1.0,0.0,0.0,0.0,55.0,0.0,Chelsea,2.0,0.0,Liverpool,Liverpool,2.0,1.0,1.6937100830710792,,2.0,3.3874201661421584
romain_esse,1,0,MID,Crystal Palace,9,0,0,0,3,0,0,3,1.5,0.0,0.0,0.0,0.0,0.0,0.0,0.0,0.0,0.0,0.0,0.0,0.0,0.0,0.0,0.0,0.0,0.0,0.0,0.0,0.0,0.0,0.0,0.0,0.0,0.0,50.0,0.0,Everton,0.0,0.0,Ipswich Town,Ipswich Town,2.0,3.0,0.43230840810865434,,0.7133184921308123,0.30837358180753716
romaine_mundle,1,0,MID,Sunderland,12,0,0,0,3,0,0,2,1.5,0.0,0.0,0.0,0.0,0.0,0.0,0.0,0.0,0.0,0.0,0.0,0.0,0.0,0.0,0.0,0.0,0.0,0.0,0.0,0.0,0.0,0.0,0.0,0.0,0.0,50.0,0.0,Ipswich Town,1.0,0.0,Arsenal,Arsenal,3.0,3.0,0.44323718549068314,,0.521521937488617,0.23115791574410258
romeo_lavia,1,1,MID,Chelsea,10,0,0,0,4,0,0,2,1.5,0.0,0.0,8.0,0.0,21.9,0.03,0.24,0.21,1.05,2.0,0.0,6.9,13.6,64.0,0.0,0.0,0.0,0.0,0.0,1.0,33.0,1.0,0.0,0.0,0.0,50.0,1.0,Fulham,3.0,3.0,Hull City,Hull City,2.0,3.0,2.232426559776085,,0.808425802862563,1.804751233918691
ronald_araujo,1,1,DEF,Liverpool,17,0,0,0,4,0,0,2,2.5,0.0,0.0,3.0,0.0,1.2,0.03,0.03,0.0,0.54,0.0,0.0,1.4,13.2,20.0,0.0,0.0,0.0,0.0,0.0,0.0,0.0,1.0,0.0,0.0,0.0,55.0,0.0,Newcastle,2.0,1.0,Fulham,Fulham,2.0,0.0,1.9988868723554902,15210.0,0.5,0.9994434361777451
ross_barkley,1,2,MID,Aston Villa,5,0,0,0,4,0,0,2,1.5,0.0,0.0,11.0,0.0,21.4,0.02,0.12,0.1,3.55,4.0,0.0,3.8,9.4,73.0,0.0,0.0,0.0,0.0,0.0,1.0,7.0,2.0,0.0,0.0,0.0,50.0,0.0,Brighton,0.0,0.0,Nott'm Forest,Nott'm Forest,0.0,0.0,2.0034302810922164,,0.5162344193969673,1.0342396679619434
ruben_dos_santos_gato_alves_dias,1,2,DEF,Man City,3,1,0,0,4,0,0,3,2.5,0.0,0.0,11.0,0.0,17.9,0.14,0.14,0.0,0.65,1.0,0.0,4.4,24.4,90.0,0.0,0.0,0.0,0.0,0.0,1.0,2.0,2.0,0.0,0.0,0.0,55.0,0.0,Bournemouth,2.0,3.0,Man Utd,Man Utd,0.0,0.0,3.4617471591701348,79641.0,2.0,6.9234943183402695
ryan_christie,1,0,MID,Bournemouth,15,0,0,0,3,0,0,4,0.0,0.0,0.0,0.0,0.0,0.0,0.0,0.0,0.0,0.0,0.0,0.0,0.0,0.0,0.0,0.0,0.0,0.0,0.0,0.0,0.0,0.0,0.0,0.0,0.0,0.0,50.0,0.0,Man City,1.0,0.0,Brentford,Brentford,3.0,3.0,0.3015612032800683,,0.5,0.15078060164003415
ryan_giles,1,6,DEF,Hull City,16,1,0,0,2,0,0,4,1.0,0.0,0.0,24.0,1.0,18.8,0.07,0.09,0.02,1.76,0.0,0.0,3.7,13.8,84.0,0.0,0.0,0.0,0.0,0.0,1.0,4.0,6.0,0.0,0.0,0.0,40.0,0.0,Man Utd,2.0,3.0,Chelsea,Chelsea,3.0,3.0,1.8232502837775202,,2.0,3.6465005675550404
ryan_gravenberch,1,5,MID,Liverpool,17,0,0,0,4,0,0,2,2.2,1.0,0.0,26.0,0.0,16.0,0.05,0.11,0.06,1.1,2.0,0.0,4.4,24.4,77.0,0.0,0.0,0.0,0.0,0.0,1.0,4.0,5.0,0.0,0.0,0.0,60.0,0.0,Newcastle,2.0,1.0,Fulham,Fulham,2.0,0.0,2.7275358819655784,14970.0,2.0,5.455071763931157
ryan_sessegnon,1,1,DEF,Fulham,6,1,0,0,2,0,0,4,1.7,0.0,0.0,7.0,0.0,0.5,0.0,0.03,0.03,0.03,0.0,0.0,2.6,6.6,17.0,0.0,0.0,0.0,0.0,0.0,0.0,19.0,1.0,0.0,0.0,0.0,45.0,0.0,Chelsea,2.0,0.0,Liverpool,Liverpool,2.0,1.0,2.0188106155894894,,1.0249232205779857,2.0691258778670054
ryan_yates,1,0,MID,Nott'm Forest,13,1,0,0,3,0,0,3,0.0,0.0,0.0,0.0,0.0,0.0,0.0,0.0,0.0,0.0,0.0,0.0,0.0,0.0,0.0,0.0,0.0,0.0,0.0,0.0,0.0,0.0,0.0,0.0,0.0,0.0,45.0,0.0,Leeds,0.0,0.0,Aston Villa,Aston Villa,0.0,0.0,0.09918609826386215,,1.0150180152362045,0.10067567659880851
sam_szmodics,1,0,MID,Ipswich Town,20,1,0,0,2,0,0,3,0.0,0.0,0.0,0.0,0.0,0.0,0.0,0.0,0.0,0.0,0.0,0.0,0.0,0.0,0.0,0.0,0.0,0.0,0.0,0.0,0.0,0.0,0.0,0.0,0.0,0.0,50.0,0.0,Sunderland,2.0,3.0,Crystal Palace,Crystal Palace,0.0,0.0,0.18262297091192936,,1.5646884625857231,0.285748055589024
samuel_iling_junior,1,0,MID,Aston Villa,5,0,0,0,4,0,0,2,0.0,0.0,0.0,0.0,0.0,0.0,0.0,0.0,0.0,0.0,0.0,0.0,0.0,0.0,0.0,0.0,0.0,0.0,0.0,0.0,0.0,0.0,0.0,0.0,0.0,0.0,50.0,0.0,Brighton,0.0,0.0,Nott'm Forest,Nott'm Forest,0.0,0.0,0.21944740995434997,,0.5162344193969673,0.11328630626595212
sander_berge,1,2,MID,Fulham,6,1,0,0,2,0,0,4,1.5,0.0,0.0,14.0,0.0,23.1,0.03,0.06,0.03,2.21,3.0,0.0,4.4,13.6,72.0,0.0,0.0,0.0,0.0,0.0,1.0,7.0,2.0,0.0,0.0,0.0,50.0,0.0,Chelsea,2.0,0.0,Liverpool,Liverpool,2.0,1.0,2.0360824382794016,,0.7684565106809018,1.5646408059788517
sandro_tonali,1,2,MID,Spurs,4,0,0,0,3,0,0,3,2.0,0.0,0.0,14.0,0.0,6.4,0.06,0.1,0.04,3.87,3.0,0.0,2.1,6.2,90.0,0.0,0.0,0.0,0.0,0.0,1.0,8.0,2.0,0.0,0.0,0.0,55.0,0.0,Brentford,0.0,0.0,Everton,Everton,2.0,3.0,2.7969650739510286,14974.0,0.5,1.3984825369755143
sasa_lukic,1,5,MID,Ipswich Town,20,1,0,0,2,0,0,3,1.5,1.0,0.0,22.0,0.0,14.8,0.02,0.02,0.0,0.66,1.0,0.0,4.0,23.4,90.0,0.0,0.0,0.0,0.0,0.0,1.0,2.0,5.0,0.0,0.0,0.0,50.0,0.0,Sunderland,2.0,3.0,Crystal Palace,Crystal Palace,0.0,0.0,2.854122725930159,,1.5646884625857231,4.465812900066633
savio_moreira_de_oliveira,1,0,MID,Man City,3,1,0,0,4,0,0,3,2.3,0.0,0.0,0.0,0.0,0.0,0.0,0.0,0.0,0.0,0.0,0.0,0.0,0.0,0.0,0.0,0.0,0.0,0.0,0.0,0.0,0.0,0.0,0.0,0.0,0.0,65.0,0.0,Bournemouth,2.0,3.0,Man Utd,Man Utd,0.0,0.0,0.760643412039669,15210.0,0.6850081449640393,0.521046932660411
sean_longstaff,1,1,MID,Leeds,18,0,0,0,3,0,0,3,1.5,0.0,0.0,3.0,0.0,0.2,0.0,0.0,0.0,0.07,0.0,0.0,0.0,0.0,8.0,0.0,0.0,0.0,0.0,0.0,0.0,0.0,1.0,0.0,0.0,0.0,50.0,0.0,Nott'm Forest,1.0,3.0,Newcastle,Newcastle,2.0,1.0,1.2057440527020333,,1.9644625221347685,2.3686390028200335
sean_neave,1,0,FWD,Newcastle,14,1,0,0,2,0,0,4,1.0,0.0,0.0,0.0,0.0,0.0,0.0,0.0,0.0,0.0,0.0,0.0,0.0,0.0,0.0,0.0,0.0,0.0,0.0,0.0,0.0,0.0,0.0,0.0,0.0,0.0,45.0,0.0,Liverpool,2.0,1.0,Leeds,Leeds,1.0,3.0,0.24792325477302968,,0.9810489713126628,0.24322485405956798
sean_steur,1,1,MID,Newcastle,14,1,0,0,2,0,0,4,1.5,0.0,0.0,3.0,0.0,1.2,0.0,0.0,0.0,1.48,1.0,0.0,0.2,0.4,55.0,0.0,0.0,0.0,0.0,0.0,1.0,0.0,1.0,0.0,0.0,0.0,50.0,0.0,Liverpool,2.0,1.0,Leeds,Leeds,1.0,3.0,0.9006390980630287,,0.6479143129270348,0.5835369624167316
sebastiaan_bornauw,1,0,DEF,Leeds,18,0,0,0,3,0,0,3,0.0,0.0,0.0,0.0,0.0,0.0,0.0,0.0,0.0,0.0,0.0,0.0,0.0,0.0,0.0,0.0,0.0,0.0,0.0,0.0,0.0,0.0,0.0,0.0,0.0,0.0,45.0,0.0,Nott'm Forest,1.0,3.0,Newcastle,Newcastle,2.0,1.0,0.38421847799476483,,1.058760202742355,0.4067952336590963
semi_ajayi,1,14,DEF,Hull City,16,1,0,0,2,0,0,4,1.0,0.0,2.0,39.0,1.0,0.2,0.0,0.52,0.52,0.86,0.0,1.0,7.9,44.2,63.0,0.0,0.0,0.0,0.0,0.0,1.0,35.0,14.0,0.0,0.0,0.0,40.0,0.0,Man Utd,2.0,3.0,Chelsea,Chelsea,3.0,3.0,1.5682279173369837,,2.0,3.1364558346739675
senne_lammens,1,1,GK,Man Utd,11,0,0,0,4,0,0,2,2.6,0.0,0.0,7.0,0.0,0.0,0.0,0.0,0.0,1.01,2.0,0.0,2.0,20.2,90.0,0.0,0.0,0.0,0.0,2.0,1.0,0.0,1.0,0.0,0.0,0.0,50.0,0.0,Hull City,0.0,0.0,Man City,Man City,2.0,3.0,3.5209489067474875,14970.0,0.5,1.7604744533737438
sepp_van_den_berg,1,0,DEF,Brentford,19,1,0,0,3,0,0,3,0.0,0.0,0.0,0.0,0.0,0.0,0.0,0.0,0.0,0.0,0.0,0.0,0.0,0.0,0.0,0.0,0.0,0.0,0.0,0.0,0.0,0.0,0.0,0.0,0.0,0.0,50.0,0.0,Spurs,3.0,3.0,Bournemouth,Bournemouth,1.0,0.0,0.5244707598899961,,2.0,1.0489415197799923
shea_charles,1,1,MID,Fulham,6,1,0,0,2,0,0,4,1.5,0.0,0.0,5.0,0.0,1.3,0.0,0.0,0.0,0.03,0.0,0.0,0.5,3.4,23.0,0.0,0.0,0.0,0.0,0.0,0.0,0.0,1.0,0.0,0.0,0.0,50.0,0.0,Chelsea,2.0,0.0,Liverpool,Liverpool,2.0,1.0,1.686099964894082,,0.7684565106809018,1.2956944956816974
shea_lacey,1,1,MID,Man Utd,11,0,0,0,4,0,0,2,1.5,0.0,0.0,3.0,0.0,0.6,0.0,0.0,0.0,0.0,0.0,0.0,0.1,0.2,10.0,0.0,0.0,0.0,0.0,0.0,0.0,0.0,1.0,0.0,0.0,0.0,50.0,0.0,Hull City,0.0,0.0,Man City,Man City,2.0,3.0,1.3148344232750158,,0.5,0.6574172116375079
shumaira_mheuka,1,0,FWD,Chelsea,10,0,0,0,4,0,0,2,1.0,0.0,0.0,0.0,0.0,0.0,0.0,0.0,0.0,0.0,0.0,0.0,0.0,0.0,0.0,0.0,0.0,0.0,0.0,0.0,0.0,0.0,0.0,0.0,0.0,0.0,45.0,0.0,Fulham,3.0,3.0,Hull City,Hull City,2.0,3.0,0.207848012686215,,2.0,0.41569602537243
sidiki_cherif,1,0,FWD,Coventry City,1,0,0,0,2,0,0,4,1.4,0.0,0.0,0.0,0.0,0.0,0.0,0.0,0.0,0.0,0.0,0.0,0.0,0.0,0.0,0.0,0.0,0.0,0.0,0.0,0.0,0.0,0.0,0.0,0.0,0.0,50.0,0.0,Arsenal,0.0,0.0,Brighton,Brighton,4.0,3.0,0.1888352460792604,,,
simon_adingra,1,0,MID,Sunderland,12,0,0,0,3,0,0,2,0.0,0.0,0.0,0.0,0.0,0.0,0.0,0.0,0.0,0.0,0.0,0.0,0.0,0.0,0.0,0.0,0.0,0.0,0.0,0.0,0.0,0.0,0.0,0.0,0.0,0.0,50.0,0.0,Ipswich Town,1.0,0.0,Arsenal,Arsenal,3.0,3.0,0.3015612032800683,,0.521521937488617,0.1572707830060199
sindre_walle_egeli,1,1,FWD,Ipswich Town,20,1,0,0,2,0,0,3,1.0,0.0,0.0,3.0,0.0,0.1,0.0,0.0,0.0,0.03,0.0,0.0,0.0,0.0,10.0,0.0,0.0,0.0,0.0,0.0,0.0,0.0,1.0,0.0,0.0,0.0,45.0,0.0,Sunderland,2.0,3.0,Crystal Palace,Crystal Palace,0.0,0.0,1.3558122505211625,,2.0,2.711624501042325
stefan_bajcetic_maquieira,1,0,MID,Liverpool,17,0,0,0,4,0,0,2,0.0,0.0,0.0,0.0,0.0,0.0,0.0,0.0,0.0,0.0,0.0,0.0,0.0,0.0,0.0,0.0,0.0,0.0,0.0,0.0,0.0,0.0,0.0,0.0,0.0,0.0,50.0,0.0,Newcastle,2.0,1.0,Fulham,Fulham,2.0,0.0,0.24248587479023898,,2.0,0.48497174958047795
stefanos_tzimas,1,0,FWD,Brighton,2,1,0,0,2,0,0,4,0.0,0.0,0.0,0.0,0.0,0.0,0.0,0.0,0.0,0.0,0.0,0.0,0.0,0.0,0.0,0.0,0.0,0.0,0.0,0.0,0.0,0.0,0.0,0.0,0.0,0.0,55.0,0.0,Aston Villa,4.0,3.0,Coventry City,Coventry City,0.0,0.0,0.2913718537176351,,1.8241379310344823,0.5315024504021687
steven_benda,1,0,GK,Nott'm Forest,13,1,0,0,3,0,0,3,1.9,0.0,0.0,0.0,0.0,0.0,0.0,0.0,0.0,0.0,0.0,0.0,0.0,0.0,0.0,0.0,0.0,0.0,0.0,0.0,0.0,0.0,0.0,0.0,0.0,0.0,45.0,0.0,Leeds,0.0,0.0,Aston Villa,Aston Villa,0.0,0.0,-0.31803130307371386,,2.0,-0.6360626061474277
sven_botman,1,3,DEF,Newcastle,14,1,0,0,2,0,0,4,2.2,0.0,0.0,4.0,0.0,0.3,0.01,0.01,0.0,2.98,2.0,0.0,3.3,32.4,90.0,0.0,0.0,0.0,0.0,0.0,1.0,0.0,3.0,0.0,0.0,0.0,50.0,0.0,Liverpool,2.0,1.0,Leeds,Leeds,1.0,3.0,2.8654427486811915,,1.1454902161551892,3.282336633567138
taiwo_awoniyi,1,1,FWD,Coventry City,1,0,0,0,2,0,0,4,1.8,0.0,0.0,4.0,0.0,1.4,0.0,0.0,0.0,0.29,0.0,0.0,0.1,0.0,20.0,0.0,0.0,0.0,0.0,0.0,0.0,0.0,1.0,0.0,0.0,0.0,55.0,0.0,Arsenal,0.0,0.0,Brighton,Brighton,4.0,3.0,2.001280148127285,,,
takehiro_tomiyasu,1,1,DEF,Crystal Palace,9,0,0,0,3,0,0,3,1.7,0.0,0.0,3.0,0.0,2.4,0.01,0.01,0.0,0.14,0.0,0.0,0.5,2.4,18.0,0.0,0.0,0.0,0.0,0.0,0.0,0.0,1.0,0.0,0.0,0.0,45.0,0.0,Everton,0.0,0.0,Ipswich Town,Ipswich Town,2.0,3.0,1.515399441005476,,0.5,0.757699720502738
tammy_abraham,1,0,FWD,Aston Villa,5,0,0,0,4,0,0,2,1.3,0.0,0.0,0.0,0.0,0.0,0.0,0.0,0.0,0.0,0.0,0.0,0.0,0.0,0.0,0.0,0.0,0.0,0.0,0.0,0.0,0.0,0.0,0.0,0.0,0.0,55.0,0.0,Brighton,0.0,0.0,Nott'm Forest,Nott'm Forest,0.0,0.0,0.2951602188678968,,,
tanaka_ao,1,0,MID,Leeds,18,0,0,0,3,0,0,3,1.5,0.0,0.0,0.0,0.0,0.0,0.0,0.0,0.0,0.0,0.0,0.0,0.0,0.0,0.0,0.0,0.0,0.0,0.0,0.0,0.0,0.0,0.0,0.0,0.0,0.0,50.0,0.0,Nott'm Forest,1.0,3.0,Newcastle,Newcastle,2.0,1.0,0.4096940257473807,,1.9644625221347685,0.8048285591232462
tarik_muharemovic,1,6,DEF,Leeds,18,0,0,0,3,0,0,3,2.2,0.0,0.0,25.0,1.0,0.6,0.0,0.09,0.09,0.66,0.0,0.0,3.3,15.6,90.0,0.0,0.0,0.0,0.0,0.0,1.0,17.0,6.0,0.0,0.0,0.0,50.0,0.0,Nott'm Forest,1.0,3.0,Newcastle,Newcastle,2.0,1.0,3.165433070453445,61014.0,1.058760202742355,3.3514345594406447
tatsuhiro_sakamoto,1,0,MID,Coventry City,1,0,0,0,2,0,0,4,1.5,0.0,0.0,0.0,0.0,0.0,0.0,0.0,0.0,0.0,0.0,0.0,0.0,0.0,0.0,0.0,0.0,0.0,0.0,0.0,0.0,0.0,0.0,0.0,0.0,0.0,50.0,0.0,Arsenal,0.0,0.0,Brighton,Brighton,4.0,3.0,0.49453313213062766,,0.5,0.24726656606531383
thierno_barry,1,8,FWD,Everton,8,1,0,0,3,0,0,3,1.8,0.0,2.0,37.0,1.0,19.0,0.09,0.54,0.45,1.62,0.0,1.0,9.8,38.0,78.0,0.0,0.0,0.0,0.0,0.0,1.0,41.0,8.0,0.0,0.0,0.0,55.0,0.0,Crystal Palace,2.0,3.0,Spurs,Spurs,0.0,0.0,3.730519745714065,,0.6010604721626056,2.2422679597708193
thimothee_lo_tutala,1,0,GK,Hull City,16,1,0,0,2,0,0,4,0.0,0.0,0.0,0.0,0.0,0.0,0.0,0.0,0.0,0.0,0.0,0.0,0.0,0.0,0.0,0.0,0.0,0.0,0.0,0.0,0.0,0.0,0.0,0.0,0.0,0.0,40.0,0.0,Man Utd,2.0,3.0,Chelsea,Chelsea,3.0,3.0,0.7295219139971166,,2.0,1.4590438279942333
thomas_meunier,1,1,DEF,Sunderland,12,0,0,0,3,0,0,2,1.7,0.0,0.0,5.0,0.0,5.3,0.08,0.16,0.08,1.8,2.0,0.0,3.0,13.8,90.0,0.0,0.0,0.0,0.0,0.0,1.0,11.0,1.0,0.0,0.0,0.0,45.0,0.0,Ipswich Town,1.0,0.0,Arsenal,Arsenal,3.0,3.0,2.6076903688787842,,0.5,1.3038451844393921
tijjani_reijnders,1,0,MID,Man City,3,1,0,0,4,0,0,3,0.0,0.0,0.0,0.0,0.0,0.0,0.0,0.0,0.0,0.0,0.0,0.0,0.0,0.0,0.0,0.0,0.0,0.0,0.0,0.0,0.0,0.0,0.0,0.0,0.0,0.0,60.0,0.0,Bournemouth,2.0,3.0,Man Utd,Man Utd,0.0,0.0,0.4231455942929052,,0.6850081449640393,0.289858178596289
tim_iroegbunam,1,0,MID,Everton,8,1,0,0,3,0,0,3,0.0,0.0,0.0,0.0,0.0,0.0,0.0,0.0,0.0,0.0,0.0,0.0,0.0,0.0,0.0,0.0,0.0,0.0,0.0,0.0,0.0,0.0,0.0,0.0,0.0,0.0,50.0,0.0,Crystal Palace,2.0,3.0,Spurs,Spurs,0.0,0.0,0.18262297091192936,,2.0,0.3652459418238587
timothy_castagne,1,6,DEF,Fulham,6,1,0,0,2,0,0,4,1.7,2.0,0.0,21.0,0.0,27.8,0.18,0.27,0.09,2.24,3.0,0.0,8.9,38.0,90.0,0.0,0.0,0.0,0.0,0.0,1.0,23.0,6.0,0.0,0.0,0.0,45.0,1.0,Chelsea,2.0,0.0,Liverpool,Liverpool,2.0,1.0,3.6528085655223173,,1.0249232205779857,3.7438483191299854
tino_livramento,1,0,DEF,Newcastle,14,1,0,0,2,0,0,4,0.0,0.0,0.0,0.0,0.0,0.0,0.0,0.0,0.0,0.0,0.0,0.0,0.0,0.0,0.0,0.0,0.0,0.0,0.0,0.0,0.0,0.0,0.0,0.0,0.0,0.0,50.0,0.0,Liverpool,2.0,1.0,Leeds,Leeds,1.0,3.0,0.49448879570522697,,1.1454902161551892,0.5664320774786996
toby_collyer,1,0,MID,Man Utd,11,0,0,0,4,0,0,2,1.5,0.0,0.0,0.0,0.0,0.0,0.0,0.0,0.0,0.0,0.0,0.0,0.0,0.0,0.0,0.0,0.0,0.0,0.0,0.0,0.0,0.0,0.0,0.0,0.0,0.0,50.0,0.0,Hull City,0.0,0.0,Man City,Man City,2.0,3.0,0.43230840810865434,,0.5,0.21615420405432717
tom_cairney,1,0,MID,Fulham,6,1,0,0,2,0,0,4,0.0,0.0,0.0,0.0,0.0,0.0,0.0,0.0,0.0,0.0,0.0,0.0,0.0,0.0,0.0,0.0,0.0,0.0,0.0,0.0,0.0,0.0,0.0,0.0,0.0,0.0,50.0,0.0,Chelsea,2.0,0.0,Liverpool,Liverpool,2.0,1.0,0.24429172869231253,,0.7684565106809018,0.18772756941910004
tom_heaton,1,0,GK,Man Utd,11,0,0,0,4,0,0,2,0.0,0.0,0.0,0.0,0.0,0.0,0.0,0.0,0.0,0.0,0.0,0.0,0.0,0.0,0.0,0.0,0.0,0.0,0.0,0.0,0.0,0.0,0.0,0.0,0.0,0.0,40.0,0.0,Hull City,0.0,0.0,Man City,Man City,2.0,3.0,0.16950757991287357,,0.5,0.08475378995643679
tom_king,1,0,GK,Everton,8,1,0,0,3,0,0,3,1.9,0.0,0.0,0.0,0.0,0.0,0.0,0.0,0.0,0.0,0.0,0.0,0.0,0.0,0.0,0.0,0.0,0.0,0.0,0.0,0.0,0.0,0.0,0.0,0.0,0.0,45.0,0.0,Crystal Palace,2.0,3.0,Spurs,Spurs,0.0,0.0,0.12395962494135038,,2.0,0.24791924988270075
tom_watson,1,0,MID,Brighton,2,1,0,0,2,0,0,4,0.0,0.0,0.0,0.0,0.0,0.0,0.0,0.0,0.0,0.0,0.0,0.0,0.0,0.0,0.0,0.0,0.0,0.0,0.0,0.0,0.0,0.0,0.0,0.0,0.0,0.0,50.0,0.0,Aston Villa,4.0,3.0,Coventry City,Coventry City,0.0,0.0,0.14225580165401341,,2.0,0.28451160330802683
tosin_adarabioyo,1,0,DEF,Chelsea,10,0,0,0,4,0,0,2,1.7,0.0,0.0,0.0,0.0,0.0,0.0,0.0,0.0,0.0,0.0,0.0,0.0,0.0,0.0,0.0,0.0,0.0,0.0,0.0,0.0,0.0,0.0,0.0,0.0,0.0,45.0,0.0,Fulham,3.0,3.0,Hull City,Hull City,2.0,3.0,0.6545815875202331,,0.5,0.32729079376011655
trai_hume,1,2,DEF,Sunderland,12,0,0,0,3,0,0,2,1.7,0.0,0.0,14.0,0.0,39.4,0.27,0.31,0.04,1.69,1.0,0.0,6.2,9.4,79.0,0.0,0.0,0.0,0.0,0.0,1.0,13.0,2.0,0.0,0.0,0.0,45.0,0.0,Ipswich Town,1.0,0.0,Arsenal,Arsenal,3.0,3.0,2.5813749682571476,61014.0,0.5,1.2906874841285738
trevoh_chalobah,1,0,DEF,Chelsea,10,0,0,0,4,0,0,2,0.0,0.0,0.0,0.0,0.0,0.0,0.0,0.0,0.0,0.0,0.0,0.0,0.0,0.0,0.0,0.0,0.0,0.0,0.0,0.0,0.0,0.0,0.0,0.0,0.0,0.0,55.0,0.0,Fulham,3.0,3.0,Hull City,Hull City,2.0,3.0,0.8065963680712063,,0.5,0.40329818403560314
trey_nyoni,1,0,MID,Liverpool,17,0,0,0,4,0,0,2,1.5,0.0,0.0,0.0,0.0,0.0,0.0,0.0,0.0,0.0,0.0,0.0,0.0,0.0,0.0,0.0,0.0,0.0,0.0,0.0,0.0,0.0,0.0,0.0,0.0,0.0,50.0,0.0,Newcastle,2.0,1.0,Fulham,Fulham,2.0,0.0,0.3841618570008538,,2.0,0.7683237140017076
triston_rowe,1,0,DEF,Aston Villa,5,0,0,0,4,0,0,2,1.0,0.0,0.0,0.0,0.0,0.0,0.0,0.0,0.0,0.0,0.0,0.0,0.0,0.0,0.0,0.0,0.0,0.0,0.0,0.0,0.0,0.0,0.0,0.0,0.0,0.0,40.0,0.0,Brighton,0.0,0.0,Nott'm Forest,Nott'm Forest,0.0,0.0,0.08715912985043506,,0.5,0.04357956492521753
tyler_adams,1,1,MID,Bournemouth,15,0,0,0,3,0,0,4,1.1,0.0,0.0,4.0,0.0,0.6,0.0,0.0,0.0,0.31,2.0,0.0,0.4,3.6,15.0,0.0,0.0,0.0,0.0,0.0,0.0,0.0,1.0,0.0,0.0,0.0,50.0,0.0,Man City,1.0,0.0,Brentford,Brentford,3.0,3.0,1.3424698791157157,,0.5,0.6712349395578578
tyler_bindon,1,0,DEF,Nott'm Forest,13,1,0,0,3,0,0,3,1.0,0.0,0.0,0.0,0.0,0.0,0.0,0.0,0.0,0.0,0.0,0.0,0.0,0.0,0.0,0.0,0.0,0.0,0.0,0.0,0.0,0.0,0.0,0.0,0.0,0.0,40.0,0.0,Leeds,0.0,0.0,Aston Villa,Aston Villa,0.0,0.0,0.08715912985043506,,2.0,0.17431825970087012
tyler_dibling,1,0,MID,Everton,8,1,0,0,3,0,0,3,2.0,0.0,0.0,0.0,0.0,0.0,0.0,0.0,0.0,0.0,0.0,0.0,0.0,0.0,0.0,0.0,0.0,0.0,0.0,0.0,0.0,0.0,0.0,0.0,0.0,0.0,55.0,0.0,Crystal Palace,2.0,3.0,Spurs,Spurs,0.0,0.0,0.4917855922165706,,2.0,0.9835711844331412
tyler_fletcher,1,0,MID,Man Utd,11,0,0,0,4,0,0,2,1.0,0.0,0.0,0.0,0.0,0.0,0.0,0.0,0.0,0.0,0.0,0.0,0.0,0.0,0.0,0.0,0.0,0.0,0.0,0.0,0.0,0.0,0.0,0.0,0.0,0.0,45.0,0.0,Hull City,0.0,0.0,Man City,Man City,2.0,3.0,0.26482176901462817,,0.5,0.13241088450731409
tyler_fredricson,1,0,DEF,Man Utd,11,0,0,0,4,0,0,2,0.0,0.0,0.0,0.0,0.0,0.0,0.0,0.0,0.0,0.0,0.0,0.0,0.0,0.0,0.0,0.0,0.0,0.0,0.0,0.0,0.0,0.0,0.0,0.0,0.0,0.0,40.0,0.0,Hull City,0.0,0.0,Man City,Man City,2.0,3.0,0.13823942208752893,,0.5,0.06911971104376446
tyrick_mitchell,1,1,DEF,Crystal Palace,9,0,0,0,3,0,0,3,1.7,0.0,0.0,9.0,0.0,13.8,0.01,0.01,0.0,1.12,2.0,0.0,2.7,11.6,90.0,0.0,0.0,0.0,0.0,0.0,1.0,2.0,1.0,0.0,0.0,0.0,45.0,0.0,Everton,0.0,0.0,Ipswich Town,Ipswich Town,2.0,3.0,2.499230240678125,15210.0,0.5,1.2496151203390624
tyrique_george,1,3,MID,Everton,8,1,0,0,3,0,0,3,2.0,0.0,0.0,13.0,1.0,23.4,0.08,0.26,0.18,1.67,0.0,0.0,5.5,7.0,83.0,0.0,0.0,0.0,0.0,0.0,1.0,25.0,3.0,0.0,0.0,0.0,55.0,0.0,Crystal Palace,2.0,3.0,Spurs,Spurs,0.0,0.0,3.3747798144267036,,2.0,6.749559628853407
tyrone_mings,1,1,DEF,Aston Villa,5,0,0,0,4,0,0,2,1.7,0.0,0.0,5.0,0.0,0.0,0.0,0.0,0.0,0.22,0.0,0.0,0.2,2.0,16.0,0.0,0.0,0.0,0.0,0.0,0.0,0.0,1.0,0.0,0.0,0.0,45.0,0.0,Brighton,0.0,0.0,Nott'm Forest,Nott'm Forest,0.0,0.0,1.2114289533507405,,0.5,0.6057144766753703
valentin_barco,1,0,MID,Chelsea,10,0,0,0,4,0,0,2,2.0,0.0,0.0,0.0,0.0,0.0,0.0,0.0,0.0,0.0,0.0,0.0,0.0,0.0,0.0,0.0,0.0,0.0,0.0,0.0,0.0,0.0,0.0,0.0,0.0,0.0,55.0,0.0,Fulham,3.0,3.0,Hull City,Hull City,2.0,3.0,0.5427870235313021,,0.808425802862563,0.43880303528167386
veljko_milosavljevic,1,0,DEF,Bournemouth,15,0,0,0,3,0,0,4,0.0,0.0,0.0,0.0,0.0,0.0,0.0,0.0,0.0,0.0,0.0,0.0,0.0,0.0,0.0,0.0,0.0,0.0,0.0,0.0,0.0,0.0,0.0,0.0,0.0,0.0,50.0,0.0,Man City,1.0,0.0,Brentford,Brentford,3.0,3.0,0.5758650320276159,,0.5,0.2879325160138079
victor_lindelof,1,-2,DEF,Aston Villa,5,0,0,0,4,0,0,2,1.7,0.0,0.0,-13.0,0.0,0.1,0.0,0.0,0.0,3.77,4.0,0.0,0.2,1.8,90.0,1.0,0.0,0.0,0.0,0.0,1.0,0.0,-2.0,0.0,0.0,0.0,45.0,0.0,Brighton,0.0,0.0,Nott'm Forest,Nott'm Forest,0.0,0.0,2.114459509802871,,0.5,1.0572297549014356
victor_munoz,1,4,MID,Liverpool,17,0,0,0,4,0,0,2,2.3,1.0,0.0,15.0,0.0,8.9,0.04,0.14,0.1,1.07,0.0,0.0,2.7,4.0,27.0,0.0,0.0,0.0,0.0,0.0,0.0,14.0,4.0,0.0,0.0,0.0,65.0,0.0,Newcastle,2.0,1.0,Fulham,Fulham,2.0,0.0,2.883737649285478,14972.0,2.0,5.767475298570956
victor_torp,1,1,MID,Coventry City,1,0,0,0,2,0,0,4,2.0,0.0,0.0,8.0,0.0,16.4,0.11,0.11,0.0,0.32,0.0,0.0,2.3,6.8,28.0,0.0,0.0,0.0,0.0,0.0,0.0,0.0,1.0,0.0,0.0,0.0,55.0,0.0,Arsenal,0.0,0.0,Brighton,Brighton,4.0,3.0,2.28347506241413,,0.5,1.141737531207065
viktor_gyokeres,1,0,FWD,Arsenal,7,1,0,0,4,0,0,2,2.4,0.0,0.0,0.0,0.0,0.0,0.0,0.0,0.0,0.0,0.0,0.0,0.0,0.0,0.0,0.0,0.0,0.0,0.0,0.0,0.0,0.0,0.0,0.0,0.0,0.0,75.0,0.0,Coventry City,3.0,3.0,Sunderland,Sunderland,1.0,0.0,0.7508671257175443,14969.0,2.0,1.5017342514350887
virgil_van_dijk,1,2,DEF,Liverpool,17,0,0,0,4,0,0,2,3.1,0.0,0.0,8.0,0.0,1.6,0.01,0.26,0.25,1.58,2.0,0.0,5.1,25.6,90.0,0.0,0.0,0.0,0.0,0.0,1.0,24.0,2.0,0.0,0.0,0.0,65.0,1.0,Newcastle,2.0,1.0,Fulham,Fulham,2.0,0.0,4.408266651875387,61014.0,0.5,2.2041333259376934
vitalii_mykolenko,1,6,DEF,Everton,8,1,0,0,3,0,0,3,1.7,0.0,0.0,27.0,1.0,13.8,0.05,0.05,0.0,1.96,0.0,0.0,2.9,12.8,90.0,0.0,0.0,0.0,0.0,0.0,1.0,2.0,6.0,0.0,0.0,0.0,45.0,0.0,Crystal Palace,2.0,3.0,Spurs,Spurs,0.0,0.0,1.8866071671685525,,2.0,3.773214334337105
vitaly_janelt,1,9,MID,Brentford,19,1,0,0,3,0,0,3,1.5,0.0,0.0,35.0,1.0,38.8,0.17,0.56,0.39,0.57,0.0,1.0,11.6,53.2,90.0,0.0,0.0,0.0,0.0,0.0,1.0,24.0,9.0,0.0,0.0,0.0,50.0,1.0,Spurs,3.0,3.0,Bournemouth,Bournemouth,1.0,0.0,4.851893286767703,,1.5701064583692905,7.617988984872575
vitezslav_jaros,1,0,GK,Liverpool,17,0,0,0,4,0,0,2,0.0,0.0,0.0,0.0,0.0,0.0,0.0,0.0,0.0,0.0,0.0,0.0,0.0,0.0,0.0,0.0,0.0,0.0,0.0,0.0,0.0,0.0,0.0,0.0,0.0,0.0,40.0,0.0,Newcastle,2.0,1.0,Fulham,Fulham,2.0,0.0,0.005659615925531547,,1.0,0.005659615925531547
vitor_de_oliveira_nunes_dos_reis,1,0,DEF,Man City,3,1,0,0,4,0,0,3,1.7,0.0,0.0,0.0,0.0,0.0,0.0,0.0,0.0,0.0,0.0,0.0,0.0,0.0,0.0,0.0,0.0,0.0,0.0,0.0,0.0,0.0,0.0,0.0,0.0,0.0,45.0,0.0,Bournemouth,2.0,3.0,Man Utd,Man Utd,0.0,0.0,0.46449811877830505,,2.0,0.9289962375566101
walter_benitez,1,0,GK,Crystal Palace,9,0,0,0,3,0,0,3,1.9,0.0,0.0,0.0,0.0,0.0,0.0,0.0,0.0,0.0,0.0,0.0,0.0,0.0,0.0,0.0,0.0,0.0,0.0,0.0,0.0,0.0,0.0,0.0,0.0,0.0,45.0,0.0,Everton,0.0,0.0,Ipswich Town,Ipswich Town,2.0,3.0,0.30042440291862604,,0.5,0.15021220145931302
wellity_lucky,1,0,DEF,Liverpool,17,0,0,0,4,0,0,2,1.0,0.0,0.0,0.0,0.0,0.0,0.0,0.0,0.0,0.0,0.0,0.0,0.0,0.0,0.0,0.0,0.0,0.0,0.0,0.0,0.0,0.0,0.0,0.0,0.0,0.0,40.0,0.0,Newcastle,2.0,1.0,Fulham,Fulham,2.0,0.0,0.28170562333429117,,0.5,0.14085281166714558
wes_burns,1,0,MID,Ipswich Town,20,1,0,0,2,0,0,3,0.0,0.0,0.0,0.0,0.0,0.0,0.0,0.0,0.0,0.0,0.0,0.0,0.0,0.0,0.0,0.0,0.0,0.0,0.0,0.0,0.0,0.0,0.0,0.0,0.0,0.0,50.0,0.0,Sunderland,2.0,3.0,Crystal Palace,Crystal Palace,0.0,0.0,0.18262297091192936,,1.5646884625857231,0.285748055589024
wesley_fofana,1,0,DEF,Chelsea,10,0,0,0,4,0,0,2,0.0,0.0,0.0,0.0,0.0,0.0,0.0,0.0,0.0,0.0,0.0,0.0,0.0,0.0,0.0,0.0,0.0,0.0,0.0,0.0,0.0,0.0,0.0,0.0,0.0,0.0,50.0,0.0,Fulham,3.0,3.0,Hull City,Hull City,2.0,3.0,0.6300404516114166,,0.5,0.3150202258057083
wilfried_gnonto,1,0,MID,Leeds,18,0,0,0,3,0,0,3,0.0,0.0,0.0,0.0,0.0,0.0,0.0,0.0,0.0,0.0,0.0,0.0,0.0,0.0,0.0,0.0,0.0,0.0,0.0,0.0,0.0,0.0,0.0,0.0,0.0,0.0,50.0,0.0,Nott'm Forest,1.0,3.0,Newcastle,Newcastle,2.0,1.0,0.26801804353676584,,1.9644625221347685,0.5265114017838612
will_dennis,1,0,GK,Bournemouth,15,0,0,0,3,0,0,4,1.0,0.0,0.0,0.0,0.0,0.0,0.0,0.0,0.0,0.0,0.0,0.0,0.0,0.0,0.0,0.0,0.0,0.0,0.0,0.0,0.0,0.0,0.0,0.0,0.0,0.0,40.0,0.0,Man City,1.0,0.0,Brentford,Brentford,3.0,3.0,0.3349490140791922,,1.0,0.3349490140791922
will_hughes,1,0,MID,Crystal Palace,9,0,0,0,3,0,0,3,1.0,0.0,0.0,0.0,0.0,0.0,0.0,0.0,0.0,0.0,0.0,0.0,0.0,0.0,0.0,0.0,0.0,0.0,0.0,0.0,0.0,0.0,0.0,0.0,0.0,0.0,45.0,0.0,Everton,0.0,0.0,Ipswich Town,Ipswich Town,2.0,3.0,0.26482176901462817,,0.7133184921308123,0.18890226495692886
william_osula,1,4,FWD,Newcastle,14,1,0,0,2,0,0,4,2.0,1.0,0.0,18.0,0.0,13.7,0.14,0.2,0.06,1.48,1.0,0.0,5.0,28.2,55.0,0.0,0.0,0.0,0.0,0.0,1.0,8.0,4.0,0.0,0.0,0.0,60.0,0.0,Liverpool,2.0,1.0,Leeds,Leeds,1.0,3.0,1.138384421807569,14974.0,0.9810489713126628,1.1168108659726759
william_saliba,1,0,DEF,Arsenal,7,1,0,0,4,0,0,2,0.0,0.0,0.0,0.0,0.0,0.0,0.0,0.0,0.0,0.0,0.0,0.0,0.0,0.0,0.0,0.0,0.0,0.0,0.0,0.0,0.0,0.0,0.0,0.0,0.0,0.0,60.0,0.0,Coventry City,3.0,3.0,Sunderland,Sunderland,1.0,0.0,0.8775825928095754,14970.0,2.0,1.7551651856191508
wilson_isidor,1,1,FWD,Sunderland,12,0,0,0,3,0,0,2,1.8,0.0,0.0,3.0,0.0,0.2,0.0,0.0,0.0,0.1,1.0,0.0,0.0,0.0,23.0,0.0,0.0,0.0,0.0,0.0,0.0,0.0,1.0,0.0,0.0,0.0,55.0,0.0,Ipswich Town,1.0,0.0,Arsenal,Arsenal,3.0,3.0,2.2434105159304942,79641.0,0.5642867301948512,1.2659267845191626
wilson_odobert,1,0,MID,Spurs,4,0,0,0,3,0,0,3,0.0,0.0,0.0,0.0,0.0,0.0,0.0,0.0,0.0,0.0,0.0,0.0,0.0,0.0,0.0,0.0,0.0,0.0,0.0,0.0,0.0,0.0,0.0,0.0,0.0,0.0,55.0,0.0,Brentford,0.0,0.0,Everton,Everton,2.0,3.0,0.41089373758852754,,0.5,0.20544686879426377
xaver_schlager,1,1,MID,Nott'm Forest,13,1,0,0,3,0,0,3,1.5,0.0,0.0,3.0,0.0,1.0,0.0,0.0,0.0,0.13,1.0,0.0,0.4,0.6,16.0,0.0,0.0,0.0,0.0,0.0,0.0,2.0,1.0,0.0,0.0,0.0,50.0,0.0,Leeds,0.0,0.0,Aston Villa,Aston Villa,0.0,0.0,1.466511702458662,,1.0150180152362045,1.4885357975502584
xavi_simons,1,0,MID,Spurs,4,0,0,0,3,0,0,3,0.0,0.0,0.0,0.0,0.0,0.0,0.0,0.0,0.0,0.0,0.0,0.0,0.0,0.0,0.0,0.0,0.0,0.0,0.0,0.0,0.0,0.0,0.0,0.0,0.0,0.0,60.0,0.0,Brentford,0.0,0.0,Everton,Everton,2.0,3.0,0.5311550492790154,,0.5,0.2655775246395077
yankuba_minteh,1,0,MID,Brighton,2,1,0,0,2,0,0,4,0.0,0.0,0.0,0.0,0.0,0.0,0.0,0.0,0.0,0.0,0.0,0.0,0.0,0.0,0.0,0.0,0.0,0.0,0.0,0.0,0.0,0.0,0.0,0.0,0.0,0.0,60.0,0.0,Aston Villa,4.0,3.0,Coventry City,Coventry City,0.0,0.0,0.38277842503498927,,2.0,0.7655568500699785
yasin_ayari,1,2,MID,Brighton,2,1,0,0,2,0,0,4,2.0,0.0,0.0,8.0,1.0,15.0,0.03,0.14,0.11,0.19,0.0,0.0,1.7,0.0,63.0,0.0,0.0,0.0,0.0,0.0,1.0,6.0,2.0,0.0,0.0,0.0,55.0,1.0,Aston Villa,4.0,3.0,Coventry City,Coventry City,0.0,0.0,2.094041941961576,,2.0,4.188083883923152
yehor_yarmoliuk,1,1,MID,Brentford,19,1,0,0,3,0,0,3,1.5,0.0,0.0,7.0,0.0,0.8,0.0,0.04,0.04,0.1,0.0,0.0,0.6,2.2,23.0,0.0,0.0,0.0,0.0,0.0,0.0,3.0,1.0,0.0,0.0,0.0,50.0,0.0,Spurs,3.0,3.0,Bournemouth,Bournemouth,1.0,0.0,1.6755747960672127,,1.5701064583692905,2.630830808785938
yeremy_pino_santos,1,1,MID,Crystal Palace,9,0,0,0,3,0,0,3,2.0,0.0,0.0,4.0,0.0,6.3,0.02,0.08,0.06,0.27,0.0,0.0,1.4,2.0,35.0,0.0,0.0,0.0,0.0,0.0,0.0,6.0,1.0,0.0,0.0,0.0,55.0,0.0,Everton,0.0,0.0,Ipswich Town,Ipswich Town,2.0,3.0,2.52405185733626,,0.7133184921308123,1.800452864935077
yoane_wissa,1,4,FWD,Newcastle,14,1,0,0,2,0,0,4,2.0,1.0,0.0,7.0,0.0,16.3,0.02,1.02,1.0,2.19,1.0,0.0,6.4,20.0,90.0,0.0,0.0,0.0,0.0,0.0,1.0,28.0,4.0,0.0,0.0,0.0,60.0,1.0,Liverpool,2.0,1.0,Leeds,Leeds,1.0,3.0,4.137692694668489,14971.0,0.9810489713126628,4.059279161712441
youri_tielemans,1,2,MID,Man Utd,11,0,0,0,4,0,0,2,2.2,0.0,0.0,13.0,0.0,11.3,0.11,0.15,0.04,0.94,2.0,0.0,2.0,5.0,66.0,0.0,0.0,0.0,0.0,0.0,1.0,4.0,2.0,0.0,0.0,0.0,60.0,0.0,Hull City,0.0,0.0,Man City,Man City,2.0,3.0,2.352102964802546,14974.0,0.5,1.176051482401273
zach_abbott,1,0,DEF,Nott'm Forest,13,1,0,0,3,0,0,3,1.0,0.0,0.0,0.0,0.0,0.0,0.0,0.0,0.0,0.0,0.0,0.0,0.0,0.0,0.0,0.0,0.0,0.0,0.0,0.0,0.0,0.0,0.0,0.0,0.0,0.0,40.0,0.0,Leeds,0.0,0.0,Aston Villa,Aston Villa,0.0,0.0,0.08715912985043461,,2.0,0.17431825970086923
zadok_yohanna,1,1,MID,Brighton,2,1,0,0,2,0,0,4,1.5,0.0,0.0,3.0,0.0,1.3,0.03,0.03,0.0,0.0,0.0,0.0,0.2,0.2,12.0,0.0,0.0,0.0,0.0,0.0,0.0,0.0,1.0,0.0,0.0,0.0,50.0,0.0,Aston Villa,4.0,3.0,Coventry City,Coventry City,0.0,0.0,1.287519116283767,,2.0,2.575038232567534
zavier_gozo,1,0,MID,Crystal Palace,9,0,0,0,3,0,0,3,1.5,0.0,0.0,0.0,0.0,0.0,0.0,0.0,0.0,0.0,0.0,0.0,0.0,0.0,0.0,0.0,0.0,0.0,0.0,0.0,0.0,0.0,0.0,0.0,0.0,0.0,50.0,0.0,Everton,0.0,0.0,Ipswich Town,Ipswich Town,2.0,3.0,0.43230840810865434,,0.7133184921308123,0.30837358180753716
zion_suzuki,1,0,GK,Aston Villa,5,0,0,0,4,0,0,2,2.6,0.0,0.0,0.0,0.0,0.0,0.0,0.0,0.0,0.0,0.0,0.0,0.0,0.0,0.0,0.0,0.0,0.0,0.0,0.0,0.0,0.0,0.0,0.0,0.0,0.0,50.0,0.0,Brighton,0.0,0.0,Nott'm Forest,Nott'm Forest,0.0,0.0,-0.17990855530907246,,2.0,-0.3598171106181449
