full_name,gw,total_points,position,team,opponent_team,was_home,team_strength_attack,team_strength_defence,team_strength_overall,opponent_strength_attack,opponent_strength_defence,opponent_strength_overall,xP,assists,bonus,bps,clean_sheets,creativity,expected_assists,expected_goal_involvements,expected_goals,expected_goals_conceded,goals_conceded,goals_scored,ict_index,influence,minutes,own_goals,penalties_missed,penalties_saved,red_cards,saves,starts,threat,ewma_total_points,transfers_balance,transfers_in,transfers_out,value,yellow_cards,opponent_team_name,ewma_team_goals,ewma_team_points,team_name_nw_opponent,team_nw_opponent,ewma_team_goals_nw_opponent,ewma_team_points_nw_opponent,predicted_points,owner,fixture_diff_index,predicted_points_adj
aaron_anselmino,1,0,DEF,Chelsea,10,0,0,0,4,0,0,2,1.7,0.0,0.0,0.0,0.0,0.0,0.0,0.0,0.0,0.0,0.0,0.0,0.0,0.0,0.0,0.0,0.0,0.0,0.0,0.0,0.0,0.0,0.0,0.0,0.0,0.0,45.0,0.0,Fulham,3.0,3.0,Brighton,Brighton,4.0,3.0,0.7821875560440581,,0.5,0.39109377802202905
aaron_hickey,1,1,DEF,Brentford,19,1,0,0,3,0,0,3,1.7,0.0,0.0,2.0,0.0,0.3,0.0,0.0,0.0,0.1,0.0,0.0,0.0,0.0,14.0,0.0,0.0,0.0,0.0,0.0,0.0,0.0,1.0,0.0,0.0,0.0,45.0,0.0,Spurs,3.0,3.0,Leeds,Leeds,1.0,3.0,1.5129349899968623,,2.0,3.0258699799937245
abdoul_ouattara,1,1,DEF,Ipswich Town,20,1,0,0,2,0,0,3,1.0,0.0,0.0,4.0,0.0,10.0,0.0,0.0,0.0,0.03,0.0,0.0,1.5,5.2,10.0,0.0,0.0,0.0,0.0,0.0,0.0,0.0,1.0,0.0,0.0,0.0,40.0,0.0,Sunderland,2.0,3.0,Man Utd,Man Utd,0.0,0.0,0.9470011585946718,,2.0,1.8940023171893436
abdukodir_khusanov,1,2,DEF,Man City,3,1,0,0,4,0,0,3,2.5,0.0,0.0,14.0,0.0,3.4,0.02,0.02,0.0,0.65,1.0,0.0,2.0,17.0,90.0,0.0,0.0,0.0,0.0,0.0,1.0,0.0,2.0,0.0,0.0,0.0,55.0,0.0,Bournemouth,2.0,3.0,Crystal Palace,Crystal Palace,0.0,0.0,3.211374150410104,14972.0,2.0,6.422748300820208
abdul_fatawu,1,2,MID,Ipswich Town,20,1,0,0,2,0,0,3,2.0,0.0,0.0,22.0,0.0,28.4,0.41,0.41,0.0,0.63,1.0,0.0,5.5,18.6,65.0,0.0,0.0,0.0,0.0,0.0,1.0,8.0,2.0,0.0,0.0,0.0,55.0,0.0,Sunderland,2.0,3.0,Man Utd,Man Utd,0.0,0.0,2.414171937370041,,0.8222241740022191,1.9849905271034192
abdulkadir_omur,1,0,MID,Hull City,16,1,0,0,2,0,0,4,1.5,0.0,0.0,0.0,0.0,0.0,0.0,0.0,0.0,0.0,0.0,0.0,0.0,0.0,0.0,0.0,0.0,0.0,0.0,0.0,0.0,0.0,0.0,0.0,0.0,0.0,50.0,0.0,Man Utd,2.0,3.0,Coventry City,Coventry City,0.0,0.0,0.3242989531225442,,1.0874120328128694,0.3526465838540712
abu_kamara,1,0,MID,Hull City,16,1,0,0,2,0,0,4,0.0,0.0,0.0,0.0,0.0,0.0,0.0,0.0,0.0,0.0,0.0,0.0,0.0,0.0,0.0,0.0,0.0,0.0,0.0,0.0,0.0,0.0,0.0,0.0,0.0,0.0,50.0,0.0,Man Utd,2.0,3.0,Coventry City,Coventry City,0.0,0.0,0.18262297091192936,,1.0874120328128694,0.1985864160376666
adam_aznou,1,0,DEF,Everton,8,1,0,0,3,0,0,3,1.0,0.0,0.0,0.0,0.0,0.0,0.0,0.0,0.0,0.0,0.0,0.0,0.0,0.0,0.0,0.0,0.0,0.0,0.0,0.0,0.0,0.0,0.0,0.0,0.0,0.0,40.0,0.0,Crystal Palace,2.0,3.0,Bournemouth,Bournemouth,1.0,0.0,0.26894051795806084,,2.0,0.5378810359161217
adam_smith,1,1,DEF,Bournemouth,15,0,0,0,3,0,0,4,1.7,0.0,0.0,4.0,0.0,0.6,0.0,0.0,0.0,2.25,2.0,0.0,0.8,7.0,90.0,0.0,0.0,0.0,0.0,0.0,1.0,0.0,1.0,0.0,0.0,0.0,45.0,0.0,Man City,1.0,0.0,Everton,Everton,2.0,3.0,2.002892173347659,,0.5,1.0014460866738295
adam_wharton,1,4,MID,Crystal Palace,9,0,0,0,3,0,0,3,2.0,0.0,0.0,20.0,0.0,30.9,0.24,0.24,0.0,1.12,2.0,0.0,4.8,16.8,90.0,0.0,0.0,0.0,0.0,0.0,1.0,0.0,4.0,0.0,0.0,0.0,55.0,0.0,Everton,0.0,0.0,Man City,Man City,2.0,3.0,4.1876455795069,,0.6417440175802717,2.687396498395023
adrien_truffert,1,1,DEF,Bournemouth,15,0,0,0,3,0,0,4,2.5,0.0,0.0,0.0,0.0,1.3,0.0,0.0,0.0,2.25,2.0,0.0,1.7,15.4,90.0,0.0,0.0,0.0,0.0,0.0,1.0,0.0,1.0,0.0,0.0,0.0,55.0,0.0,Man City,1.0,0.0,Everton,Everton,2.0,3.0,2.543420042006329,61014.0,0.5,1.2717100210031644
aladji_bamba,1,1,MID,Newcastle,14,1,0,0,2,0,0,4,1.5,0.0,0.0,5.0,0.0,0.0,0.0,0.0,0.0,1.04,1.0,0.0,0.4,4.0,14.0,0.0,0.0,0.0,0.0,0.0,0.0,0.0,1.0,0.0,0.0,0.0,50.0,0.0,Liverpool,2.0,1.0,Spurs,Spurs,0.0,0.0,1.171578447369458,,1.737423855893725,2.0355283435106273
alejandro_garnacho_ferreyra,1,1,MID,Aston Villa,5,0,0,0,4,0,0,2,2.2,0.0,0.0,2.0,0.0,0.0,0.0,0.0,0.0,0.14,0.0,0.0,0.0,0.0,4.0,0.0,0.0,0.0,0.0,0.0,0.0,0.0,1.0,0.0,0.0,0.0,60.0,0.0,Brighton,0.0,0.0,Arsenal,Arsenal,3.0,3.0,1.4303017325830774,,0.5,0.7151508662915387
alex_iwobi,1,2,MID,Fulham,6,1,0,0,2,0,0,4,2.0,0.0,0.0,17.0,0.0,11.3,0.04,0.04,0.0,2.24,3.0,0.0,2.4,12.4,90.0,0.0,0.0,0.0,0.0,0.0,1.0,0.0,2.0,0.0,0.0,0.0,55.0,0.0,Chelsea,2.0,0.0,Sunderland,Sunderland,1.0,0.0,2.589264156819679,,0.8335604873647082,2.158308292474582
alex_murphy,1,0,DEF,Newcastle,14,1,0,0,2,0,0,4,0.0,0.0,0.0,0.0,0.0,0.0,0.0,0.0,0.0,0.0,0.0,0.0,0.0,0.0,0.0,0.0,0.0,0.0,0.0,0.0,0.0,0.0,0.0,0.0,0.0,0.0,40.0,0.0,Liverpool,2.0,1.0,Spurs,Spurs,0.0,0.0,0.03580727106422721,,2.0,0.07161454212845442
alex_palmer,1,0,GK,Ipswich Town,20,1,0,0,2,0,0,3,1.0,0.0,0.0,0.0,0.0,0.0,0.0,0.0,0.0,0.0,0.0,0.0,0.0,0.0,0.0,0.0,0.0,0.0,0.0,0.0,0.0,0.0,0.0,0.0,0.0,0.0,40.0,0.0,Sunderland,2.0,3.0,Man Utd,Man Utd,0.0,0.0,-0.012962135363476568,,2.0,-0.025924270726953136
alex_scott,1,2,MID,Bournemouth,15,0,0,0,3,0,0,4,2.2,0.0,0.0,17.0,0.0,4.8,0.01,0.01,0.0,2.25,2.0,0.0,1.6,11.4,90.0,0.0,0.0,0.0,0.0,0.0,1.0,0.0,2.0,0.0,0.0,0.0,60.0,0.0,Man City,1.0,0.0,Everton,Everton,2.0,3.0,2.7281657241129276,14973.0,0.6417440175802717,1.7507840324170212
alex_toth,1,1,MID,Bournemouth,15,0,0,0,3,0,0,4,1.5,0.0,0.0,5.0,0.0,0.6,0.0,0.0,0.0,0.31,2.0,0.0,0.3,2.8,15.0,0.0,0.0,0.0,0.0,0.0,0.0,0.0,1.0,0.0,0.0,0.0,50.0,0.0,Man City,1.0,0.0,Everton,Everton,2.0,3.0,1.3410911788532682,,0.6417440175802717,0.860637241058759
alexander_isak,1,2,FWD,Liverpool,17,0,0,0,4,0,0,2,2.7,0.0,0.0,6.0,0.0,14.6,0.01,1.1,1.09,1.58,2.0,0.0,9.2,11.4,90.0,0.0,0.0,0.0,0.0,0.0,1.0,66.0,2.0,0.0,0.0,0.0,90.0,0.0,Newcastle,2.0,1.0,Nott'm Forest,Nott'm Forest,0.0,0.0,4.170824010386619,14973.0,0.5,2.0854120051933096
alexis_mac_allister,1,1,MID,Liverpool,17,0,0,0,4,0,0,2,2.0,0.0,0.0,9.0,0.0,1.4,0.01,0.01,0.0,1.07,0.0,0.0,0.7,5.8,27.0,0.0,0.0,0.0,0.0,0.0,0.0,0.0,1.0,0.0,0.0,0.0,55.0,0.0,Newcastle,2.0,1.0,Nott'm Forest,Nott'm Forest,0.0,0.0,1.781134417359652,,1.9644625221347685,3.498971809787383
alfie_cresswell,1,0,MID,Leeds,18,0,0,0,3,0,0,3,1.0,0.0,0.0,0.0,0.0,0.0,0.0,0.0,0.0,0.0,0.0,0.0,0.0,0.0,0.0,0.0,0.0,0.0,0.0,0.0,0.0,0.0,0.0,0.0,0.0,0.0,45.0,0.0,Nott'm Forest,1.0,3.0,Brentford,Brentford,3.0,3.0,0.2792932766121521,,0.563797590622306,0.15746487643094062
alfie_mcnally,1,0,GK,Fulham,6,1,0,0,2,0,0,4,1.0,0.0,0.0,0.0,0.0,0.0,0.0,0.0,0.0,0.0,0.0,0.0,0.0,0.0,0.0,0.0,0.0,0.0,0.0,0.0,0.0,0.0,0.0,0.0,0.0,0.0,40.0,0.0,Chelsea,2.0,0.0,Sunderland,Sunderland,1.0,0.0,-0.23008372651693376,,1.0,-0.23008372651693376
ali_al_hamadi,1,0,FWD,Ipswich Town,20,1,0,0,2,0,0,3,1.4,0.0,0.0,0.0,0.0,0.0,0.0,0.0,0.0,0.0,0.0,0.0,0.0,0.0,0.0,0.0,0.0,0.0,0.0,0.0,0.0,0.0,0.0,0.0,0.0,0.0,50.0,0.0,Sunderland,2.0,3.0,Man Utd,Man Utd,0.0,0.0,0.2331433489429462,,2.0,0.4662866978858924
alisson_becker,1,2,GK,Liverpool,17,0,0,0,4,0,0,2,3.3,0.0,0.0,7.0,0.0,0.0,0.0,0.0,0.0,1.58,2.0,0.0,1.8,17.8,90.0,0.0,0.0,0.0,0.0,3.0,1.0,0.0,2.0,0.0,0.0,0.0,55.0,0.0,Newcastle,2.0,1.0,Nott'm Forest,Nott'm Forest,0.0,0.0,2.865372115064357,15210.0,2.0,5.730744230128714
altay_bayindir,1,0,GK,Man Utd,11,0,0,0,4,0,0,2,0.0,0.0,0.0,0.0,0.0,0.0,0.0,0.0,0.0,0.0,0.0,0.0,0.0,0.0,0.0,0.0,0.0,0.0,0.0,0.0,0.0,0.0,0.0,0.0,0.0,0.0,45.0,0.0,Hull City,0.0,0.0,Ipswich Town,Ipswich Town,2.0,3.0,0.3118337837868672,,0.5,0.1559168918934336
alvaro_rodriguez,1,0,FWD,Bournemouth,15,0,0,0,3,0,0,4,1.5,0.0,0.0,0.0,0.0,0.0,0.0,0.0,0.0,0.0,0.0,0.0,0.0,0.0,0.0,0.0,0.0,0.0,0.0,0.0,0.0,0.0,0.0,0.0,0.0,0.0,60.0,0.0,Man City,1.0,0.0,Everton,Everton,2.0,3.0,0.4933931889861263,50210.0,0.8255305867665415,0.4073111688103319
alysson_edward_franco_da_rocha_dos_santos,1,1,MID,Aston Villa,5,0,0,0,4,0,0,2,1.5,0.0,0.0,5.0,0.0,0.0,0.0,0.0,0.0,0.14,0.0,0.0,0.4,4.0,8.0,0.0,0.0,0.0,0.0,0.0,0.0,0.0,1.0,0.0,0.0,0.0,50.0,0.0,Brighton,0.0,0.0,Arsenal,Arsenal,3.0,3.0,1.1875615094268495,,0.5,0.5937807547134247
amad_diallo,1,0,MID,Man Utd,11,0,0,0,4,0,0,2,2.2,0.0,0.0,0.0,0.0,0.0,0.0,0.0,0.0,0.0,0.0,0.0,0.0,0.0,0.0,0.0,0.0,0.0,0.0,0.0,0.0,0.0,0.0,0.0,0.0,0.0,60.0,0.0,Hull City,0.0,0.0,Ipswich Town,Ipswich Town,2.0,3.0,0.7389464898545839,,0.5,0.36947324492729194
amadou_onana,1,0,MID,Aston Villa,5,0,0,0,4,0,0,2,0.0,0.0,0.0,0.0,0.0,0.0,0.0,0.0,0.0,0.0,0.0,0.0,0.0,0.0,0.0,0.0,0.0,0.0,0.0,0.0,0.0,0.0,0.0,0.0,0.0,0.0,50.0,0.0,Brighton,0.0,0.0,Arsenal,Arsenal,3.0,3.0,0.32174478790902605,,0.5,0.16087239395451303
amar_dedic,1,1,DEF,Newcastle,14,1,0,0,2,0,0,4,1.7,0.0,0.0,-1.0,0.0,1.2,0.0,0.03,0.03,2.98,2.0,0.0,2.3,16.4,90.0,0.0,0.0,0.0,0.0,0.0,1.0,5.0,1.0,0.0,0.0,0.0,45.0,0.0,Liverpool,2.0,1.0,Spurs,Spurs,0.0,0.0,1.7803417634150023,,2.0,3.5606835268300046
amine_adli,1,0,MID,Bournemouth,15,0,0,0,3,0,0,4,0.0,0.0,0.0,0.0,0.0,0.0,0.0,0.0,0.0,0.0,0.0,0.0,0.0,0.0,0.0,0.0,0.0,0.0,0.0,0.0,0.0,0.0,0.0,0.0,0.0,0.0,50.0,0.0,Man City,1.0,0.0,Everton,Everton,2.0,3.0,0.27044884126908153,,0.6417440175802717,0.17355892594594957
anan_khalaili,1,1,DEF,Crystal Palace,9,0,0,0,3,0,0,3,2.2,0.0,0.0,12.0,0.0,26.5,0.16,0.16,0.0,0.27,0.0,0.0,5.5,24.0,35.0,0.0,0.0,0.0,0.0,0.0,0.0,4.0,1.0,0.0,0.0,0.0,50.0,0.0,Everton,0.0,0.0,Man City,Man City,2.0,3.0,2.4443774851675015,,0.5,1.2221887425837508
andres_garcia,1,0,DEF,Aston Villa,5,0,0,0,4,0,0,2,1.0,0.0,0.0,0.0,0.0,0.0,0.0,0.0,0.0,0.0,0.0,0.0,0.0,0.0,0.0,0.0,0.0,0.0,0.0,0.0,0.0,0.0,0.0,0.0,0.0,0.0,40.0,0.0,Brighton,0.0,0.0,Arsenal,Arsenal,3.0,3.0,0.32033479009568055,,0.5,0.16016739504784028
andrew_robertson,1,3,DEF,Spurs,4,0,0,0,3,0,0,3,1.7,0.0,0.0,13.0,0.0,19.2,0.06,0.06,0.0,3.87,3.0,0.0,5.3,31.8,90.0,0.0,0.0,0.0,0.0,0.0,1.0,2.0,3.0,0.0,0.0,0.0,45.0,0.0,Brentford,0.0,0.0,Newcastle,Newcastle,2.0,1.0,2.3980954056337955,,0.5,1.1990477028168978
andrey_nascimento_dos_santos,1,2,MID,Man Utd,11,0,0,0,4,0,0,2,1.5,0.0,0.0,17.0,0.0,4.2,0.23,0.23,0.0,0.94,2.0,0.0,1.8,11.4,66.0,0.0,0.0,0.0,0.0,0.0,1.0,2.0,2.0,0.0,0.0,0.0,50.0,0.0,Hull City,0.0,0.0,Ipswich Town,Ipswich Town,2.0,3.0,1.987405771315983,,0.5,0.9937028856579915
anis_mehmeti,1,0,MID,Ipswich Town,20,1,0,0,2,0,0,3,1.5,0.0,0.0,0.0,0.0,0.0,0.0,0.0,0.0,0.0,0.0,0.0,0.0,0.0,0.0,0.0,0.0,0.0,0.0,0.0,0.0,0.0,0.0,0.0,0.0,0.0,50.0,0.0,Sunderland,2.0,3.0,Man Utd,Man Utd,0.0,0.0,0.3242989531225442,,0.8222241740022191,0.2666464388609683
anthony_elanga,1,9,MID,Newcastle,14,1,0,0,2,0,0,4,2.2,0.0,2.0,31.0,0.0,3.5,0.01,0.23,0.22,1.94,1.0,1.0,6.9,37.4,75.0,0.0,0.0,0.0,0.0,0.0,1.0,28.0,9.0,0.0,0.0,0.0,60.0,0.0,Liverpool,2.0,1.0,Spurs,Spurs,0.0,0.0,2.6433516520449567,,1.737423855893725,4.592622219778996
anthony_patterson,1,0,GK,Sunderland,12,0,0,0,3,0,0,2,0.0,0.0,0.0,0.0,0.0,0.0,0.0,0.0,0.0,0.0,0.0,0.0,0.0,0.0,0.0,0.0,0.0,0.0,0.0,0.0,0.0,0.0,0.0,0.0,0.0,0.0,40.0,0.0,Ipswich Town,1.0,0.0,Fulham,Fulham,2.0,0.0,-0.1594783485448945,,0.5,-0.07973917427244726
antoine_semenyo,1,2,MID,Man City,3,1,0,0,4,0,0,3,2.9,0.0,0.0,16.0,0.0,8.9,0.02,0.08,0.06,0.65,1.0,0.0,4.6,5.8,90.0,0.0,0.0,0.0,0.0,0.0,1.0,31.0,2.0,0.0,0.0,0.0,85.0,0.0,Bournemouth,2.0,3.0,Crystal Palace,Crystal Palace,0.0,0.0,4.150593344066376,14970.0,1.3035670503158765,5.410576722585316
anton_stach,1,13,MID,Leeds,18,0,0,0,3,0,0,3,2.2,0.0,3.0,37.0,1.0,2.3,0.05,0.15,0.1,0.66,0.0,1.0,6.6,47.8,90.0,0.0,0.0,0.0,0.0,0.0,1.0,16.0,13.0,0.0,0.0,0.0,60.0,0.0,Nott'm Forest,1.0,3.0,Brentford,Brentford,3.0,3.0,4.090876996244584,50210.0,0.563797590622306,2.3064265940149133
antonee_robinson,1,1,DEF,Fulham,6,1,0,0,2,0,0,4,1.7,0.0,0.0,4.0,0.0,25.2,0.04,0.17,0.13,2.21,3.0,0.0,5.0,21.6,81.0,0.0,0.0,0.0,0.0,0.0,1.0,3.0,1.0,0.0,0.0,0.0,45.0,0.0,Chelsea,2.0,0.0,Sunderland,Sunderland,1.0,0.0,1.752909041580228,50210.0,0.9999926557531159,1.7528961677834614
antoni_milambo,1,0,MID,Brentford,19,1,0,0,3,0,0,3,0.0,0.0,0.0,0.0,0.0,0.0,0.0,0.0,0.0,0.0,0.0,0.0,0.0,0.0,0.0,0.0,0.0,0.0,0.0,0.0,0.0,0.0,0.0,0.0,0.0,0.0,50.0,0.0,Spurs,3.0,3.0,Leeds,Leeds,1.0,3.0,0.20251204021567437,,1.029292011597646,0.20844402524633487
antonin_kinsky,1,2,GK,Spurs,4,0,0,0,3,0,0,3,1.9,0.0,0.0,15.0,0.0,0.0,0.0,0.0,0.0,3.87,3.0,0.0,4.4,43.6,90.0,0.0,0.0,0.0,0.0,5.0,1.0,0.0,2.0,0.0,0.0,0.0,45.0,0.0,Brentford,0.0,0.0,Newcastle,Newcastle,2.0,1.0,1.5492103666973374,61014.0,1.0,1.5492103666973374
antonio_joao_pereira_de_albuquerque_tavares_da_silva,1,2,DEF,Bournemouth,15,0,0,0,3,0,0,4,2.2,0.0,0.0,5.0,0.0,0.3,0.0,0.0,0.0,2.25,2.0,0.0,3.2,31.4,90.0,0.0,0.0,0.0,0.0,0.0,1.0,0.0,2.0,0.0,0.0,0.0,50.0,1.0,Man City,1.0,0.0,Everton,Everton,2.0,3.0,3.142896961309501,,0.5,1.5714484806547504
archie_gray,1,2,MID,Spurs,4,0,0,0,3,0,0,3,1.5,0.0,0.0,15.0,0.0,3.3,0.01,0.01,0.0,3.43,3.0,0.0,1.0,6.2,85.0,0.0,0.0,0.0,0.0,0.0,1.0,0.0,2.0,0.0,0.0,0.0,50.0,0.0,Brentford,0.0,0.0,Newcastle,Newcastle,2.0,1.0,2.223270354514755,,0.6078457933658143,1.3514055325067167
armin_pecsi,1,0,GK,Liverpool,17,0,0,0,4,0,0,2,0.0,0.0,0.0,0.0,0.0,0.0,0.0,0.0,0.0,0.0,0.0,0.0,0.0,0.0,0.0,0.0,0.0,0.0,0.0,0.0,0.0,0.0,0.0,0.0,0.0,0.0,40.0,0.0,Newcastle,2.0,1.0,Nott'm Forest,Nott'm Forest,0.0,0.0,-0.23038719621282655,,2.0,-0.4607743924256531
arnaud_kalimuendo,1,1,FWD,Nott'm Forest,13,1,0,0,3,0,0,3,1.8,0.0,0.0,3.0,0.0,0.0,0.0,0.0,0.0,0.0,0.0,0.0,0.0,0.0,1.0,0.0,0.0,0.0,0.0,0.0,0.0,0.0,1.0,0.0,0.0,0.0,55.0,0.0,Leeds,0.0,0.0,Liverpool,Liverpool,2.0,1.0,1.0914757121447036,,0.9810489713126628,1.0707911246123176
arthur_masuaku,1,0,DEF,Sunderland,12,0,0,0,3,0,0,2,0.0,0.0,0.0,0.0,0.0,0.0,0.0,0.0,0.0,0.0,0.0,0.0,0.0,0.0,0.0,0.0,0.0,0.0,0.0,0.0,0.0,0.0,0.0,0.0,0.0,0.0,40.0,0.0,Ipswich Town,1.0,0.0,Fulham,Fulham,2.0,0.0,0.11718350738661609,,0.5,0.058591753693308046
ashley_phillips,1,0,DEF,Spurs,4,0,0,0,3,0,0,3,0.0,0.0,0.0,0.0,0.0,0.0,0.0,0.0,0.0,0.0,0.0,0.0,0.0,0.0,0.0,0.0,0.0,0.0,0.0,0.0,0.0,0.0,0.0,0.0,0.0,0.0,45.0,0.0,Brentford,0.0,0.0,Newcastle,Newcastle,2.0,1.0,0.2869508669076466,,0.5,0.1434754334538233
aurele_amenda,1,1,DEF,Coventry City,1,0,0,0,2,0,0,4,1.0,0.0,0.0,1.0,0.0,0.8,0.01,0.01,0.0,1.88,3.0,0.0,3.0,28.8,90.0,0.0,0.0,0.0,0.0,0.0,1.0,0.0,1.0,0.0,0.0,0.0,40.0,0.0,Arsenal,0.0,0.0,Hull City,Hull City,2.0,3.0,2.195150047828255,,0.5,1.0975750239141275
axel_disasi,1,0,DEF,Chelsea,10,0,0,0,4,0,0,2,1.7,0.0,0.0,0.0,0.0,0.0,0.0,0.0,0.0,0.0,0.0,0.0,0.0,0.0,0.0,0.0,0.0,0.0,0.0,0.0,0.0,0.0,0.0,0.0,0.0,0.0,45.0,0.0,Fulham,3.0,3.0,Brighton,Brighton,4.0,3.0,0.7821875560440581,,0.5,0.39109377802202905
ayden_heaven,1,1,DEF,Man Utd,11,0,0,0,4,0,0,2,1.7,0.0,0.0,5.0,0.0,2.6,0.04,0.16,0.12,1.01,2.0,0.0,2.0,6.8,90.0,0.0,0.0,0.0,0.0,0.0,1.0,11.0,1.0,0.0,0.0,0.0,45.0,0.0,Hull City,0.0,0.0,Ipswich Town,Ipswich Town,2.0,3.0,2.766109645692808,,0.5,1.383054822846404
azor_matusiwa,1,0,MID,Ipswich Town,20,1,0,0,2,0,0,3,0.0,0.0,0.0,0.0,0.0,0.0,0.0,0.0,0.0,0.0,0.0,0.0,0.0,0.0,0.0,0.0,0.0,0.0,0.0,0.0,0.0,0.0,0.0,0.0,0.0,0.0,50.0,0.0,Sunderland,2.0,3.0,Man Utd,Man Utd,0.0,0.0,0.18262297091192936,,0.8222241740022191,0.1501570214118924
bafode_diakite,1,0,DEF,Bournemouth,15,0,0,0,3,0,0,4,2.2,0.0,0.0,0.0,0.0,0.0,0.0,0.0,0.0,0.0,0.0,0.0,0.0,0.0,0.0,0.0,0.0,0.0,0.0,0.0,0.0,0.0,0.0,0.0,0.0,0.0,50.0,0.0,Man City,1.0,0.0,Everton,Everton,2.0,3.0,0.7723052920074291,,0.5,0.3861526460037146
bart_verbruggen,1,6,GK,Brighton,2,1,0,0,2,0,0,4,1.9,0.0,0.0,25.0,1.0,0.0,0.0,0.0,0.0,0.29,0.0,0.0,0.7,6.6,90.0,0.0,0.0,0.0,0.0,0.0,1.0,0.0,6.0,0.0,0.0,0.0,45.0,0.0,Aston Villa,4.0,3.0,Chelsea,Chelsea,3.0,3.0,3.972715481486288,61014.0,2.0,7.945430962972576
bazoumana_toure,1,0,MID,Newcastle,14,1,0,0,2,0,0,4,2.2,0.0,0.0,0.0,0.0,0.0,0.0,0.0,0.0,0.0,0.0,0.0,0.0,0.0,0.0,0.0,0.0,0.0,0.0,0.0,0.0,0.0,0.0,0.0,0.0,0.0,60.0,0.0,Liverpool,2.0,1.0,Spurs,Spurs,0.0,0.0,0.62857521472481,,1.737423855893725,1.0921015732864057
ben_davies,1,0,DEF,Spurs,4,0,0,0,3,0,0,3,1.0,0.0,0.0,0.0,0.0,0.0,0.0,0.0,0.0,0.0,0.0,0.0,0.0,0.0,0.0,0.0,0.0,0.0,0.0,0.0,0.0,0.0,0.0,0.0,0.0,0.0,40.0,0.0,Brentford,0.0,0.0,Newcastle,Newcastle,2.0,1.0,0.22868733419409604,,0.5,0.11434366709704802
ben_gannon_doak,1,1,MID,Bournemouth,15,0,0,0,3,0,0,4,1.5,0.0,0.0,3.0,0.0,0.1,0.0,0.0,0.0,0.19,1.0,0.0,0.2,0.2,1.0,0.0,0.0,0.0,0.0,0.0,0.0,2.0,1.0,0.0,0.0,0.0,50.0,0.0,Man City,1.0,0.0,Everton,Everton,2.0,3.0,0.951498623309238,,0.6417440175802717,0.6106185492445679
ben_johnson,1,0,DEF,Ipswich Town,20,1,0,0,2,0,0,3,1.0,0.0,0.0,0.0,0.0,0.0,0.0,0.0,0.0,0.0,0.0,0.0,0.0,0.0,0.0,0.0,0.0,0.0,0.0,0.0,0.0,0.0,0.0,0.0,0.0,0.0,40.0,0.0,Sunderland,2.0,3.0,Man Utd,Man Utd,0.0,0.0,0.2051375336961483,,2.0,0.4102750673922966
ben_wilson,1,0,GK,Coventry City,1,0,0,0,2,0,0,4,1.9,0.0,0.0,0.0,0.0,0.0,0.0,0.0,0.0,0.0,0.0,0.0,0.0,0.0,0.0,0.0,0.0,0.0,0.0,0.0,0.0,0.0,0.0,0.0,0.0,0.0,45.0,0.0,Arsenal,0.0,0.0,Hull City,Hull City,2.0,3.0,0.30042440291862627,,0.5,0.15021220145931313
bendito_mantato,1,0,MID,Man Utd,11,0,0,0,4,0,0,2,1.0,0.0,0.0,0.0,0.0,0.0,0.0,0.0,0.0,0.0,0.0,0.0,0.0,0.0,0.0,0.0,0.0,0.0,0.0,0.0,0.0,0.0,0.0,0.0,0.0,0.0,45.0,0.0,Hull City,0.0,0.0,Ipswich Town,Ipswich Town,2.0,3.0,0.26482176901462817,,0.5,0.13241088450731409
benjamin_lecomte,1,0,GK,Fulham,6,1,0,0,2,0,0,4,1.0,0.0,0.0,0.0,0.0,0.0,0.0,0.0,0.0,0.0,0.0,0.0,0.0,0.0,0.0,0.0,0.0,0.0,0.0,0.0,0.0,0.0,0.0,0.0,0.0,0.0,40.0,0.0,Chelsea,2.0,0.0,Sunderland,Sunderland,1.0,0.0,-0.23008372651693376,,1.0,-0.23008372651693376
benjamin_sesko,1,1,FWD,Man Utd,11,0,0,0,4,0,0,2,1.7,0.0,0.0,2.0,0.0,0.5,0.0,0.04,0.04,0.07,0.0,0.0,0.9,0.0,23.0,0.0,0.0,0.0,0.0,0.0,0.0,9.0,1.0,0.0,0.0,0.0,70.0,0.0,Hull City,0.0,0.0,Ipswich Town,Ipswich Town,2.0,3.0,2.51103717349449,50210.0,0.7752808988764044,1.9467591569788738
benjamin_white,1,11,DEF,Arsenal,7,1,0,0,4,0,0,2,2.5,1.0,2.0,37.0,1.0,26.8,0.21,0.39,0.18,0.2,0.0,0.0,7.3,33.2,90.0,0.0,0.0,0.0,0.0,0.0,1.0,13.0,11.0,0.0,0.0,0.0,55.0,0.0,Coventry City,3.0,3.0,Aston Villa,Aston Villa,0.0,0.0,3.722461255432201,14971.0,2.0,7.444922510864402
benoit_badiashile_mukinayi,1,0,DEF,Chelsea,10,0,0,0,4,0,0,2,1.7,0.0,0.0,0.0,0.0,0.0,0.0,0.0,0.0,0.0,0.0,0.0,0.0,0.0,0.0,0.0,0.0,0.0,0.0,0.0,0.0,0.0,0.0,0.0,0.0,0.0,45.0,0.0,Fulham,3.0,3.0,Brighton,Brighton,4.0,3.0,0.7821875560440581,,0.5,0.39109377802202905
bernd_leno,1,2,GK,Fulham,6,1,0,0,2,0,0,4,1.9,0.0,0.0,11.0,0.0,0.0,0.0,0.0,0.0,2.24,3.0,0.0,3.0,29.6,90.0,0.0,0.0,0.0,0.0,3.0,1.0,0.0,2.0,0.0,0.0,0.0,45.0,0.0,Chelsea,2.0,0.0,Sunderland,Sunderland,1.0,0.0,2.0139684025387163,14973.0,1.0,2.0139684025387163
bobby_thomas,1,3,DEF,Coventry City,1,0,0,0,2,0,0,4,1.0,0.0,0.0,11.0,0.0,11.2,0.01,0.03,0.02,1.88,3.0,0.0,3.5,23.2,90.0,0.0,0.0,0.0,0.0,0.0,1.0,1.0,3.0,0.0,0.0,0.0,40.0,0.0,Arsenal,0.0,0.0,Hull City,Hull City,2.0,3.0,2.9568722311294664,,0.5,1.4784361155647332
borna_sosa,1,0,DEF,Crystal Palace,9,0,0,0,3,0,0,3,1.7,0.0,0.0,0.0,0.0,0.0,0.0,0.0,0.0,0.0,0.0,0.0,0.0,0.0,0.0,0.0,0.0,0.0,0.0,0.0,0.0,0.0,0.0,0.0,0.0,0.0,45.0,0.0,Everton,0.0,0.0,Man City,Man City,2.0,3.0,0.5158923909159248,,0.5,0.2579461954579624
boubacar_kamara,1,2,MID,Aston Villa,5,0,0,0,4,0,0,2,1.5,0.0,0.0,9.0,0.0,2.8,0.0,0.0,0.0,3.77,4.0,0.0,1.4,11.2,90.0,0.0,0.0,0.0,0.0,0.0,1.0,0.0,2.0,0.0,0.0,0.0,50.0,0.0,Brighton,0.0,0.0,Arsenal,Arsenal,3.0,3.0,2.3907914515640325,,0.5,1.1953957257820162
bradley_burrowes,1,0,MID,Aston Villa,5,0,0,0,4,0,0,2,1.0,0.0,0.0,0.0,0.0,0.0,0.0,0.0,0.0,0.0,0.0,0.0,0.0,0.0,0.0,0.0,0.0,0.0,0.0,0.0,0.0,0.0,0.0,0.0,0.0,0.0,45.0,0.0,Brighton,0.0,0.0,Arsenal,Arsenal,3.0,3.0,0.29593413102561494,,0.5,0.14796706551280747
brandon_austin,1,0,GK,Spurs,4,0,0,0,3,0,0,3,1.0,0.0,0.0,0.0,0.0,0.0,0.0,0.0,0.0,0.0,0.0,0.0,0.0,0.0,0.0,0.0,0.0,0.0,0.0,0.0,0.0,0.0,0.0,0.0,0.0,0.0,40.0,0.0,Brentford,0.0,0.0,Newcastle,Newcastle,2.0,1.0,-0.09143661995552188,,1.0,-0.09143661995552188
brandon_thomas_asante,1,2,FWD,Coventry City,1,0,0,0,2,0,0,4,1.4,0.0,0.0,9.0,0.0,1.1,0.02,0.02,0.0,1.6,3.0,0.0,0.6,4.6,69.0,0.0,0.0,0.0,0.0,0.0,1.0,0.0,2.0,0.0,0.0,0.0,50.0,0.0,Arsenal,0.0,0.0,Hull City,Hull City,2.0,3.0,2.258051703077261,,0.7278481012658227,1.6435186446448415
brenden_aaronson,1,3,MID,Leeds,18,0,0,0,3,0,0,3,2.0,0.0,0.0,16.0,1.0,1.1,0.01,0.02,0.01,0.58,0.0,0.0,1.6,8.0,81.0,0.0,0.0,0.0,0.0,0.0,1.0,7.0,3.0,0.0,0.0,0.0,55.0,0.0,Nott'm Forest,1.0,3.0,Brentford,Brentford,3.0,3.0,2.8359577757639753,,0.563797590622306,1.5989061610823234
brennan_johnson,1,1,MID,Everton,8,1,0,0,3,0,0,3,2.2,0.0,0.0,3.0,0.0,0.3,0.0,0.0,0.0,0.29,0.0,0.0,0.4,4.0,6.0,0.0,0.0,0.0,0.0,0.0,0.0,0.0,1.0,0.0,0.0,0.0,60.0,0.0,Crystal Palace,2.0,3.0,Bournemouth,Bournemouth,1.0,0.0,1.3240697871356386,,1.3035670503158765,1.7260137468287748
brian_brobbey,1,2,FWD,Sunderland,12,0,0,0,3,0,0,2,2.0,0.0,0.0,1.0,0.0,1.5,0.0,0.3,0.3,1.69,1.0,0.0,1.1,0.0,66.0,0.0,0.0,0.0,0.0,0.0,1.0,9.0,2.0,0.0,0.0,0.0,60.0,0.0,Ipswich Town,1.0,0.0,Fulham,Fulham,2.0,0.0,2.414342512459003,14974.0,2.0,4.828685024918006
brian_madjo,1,0,FWD,Aston Villa,5,0,0,0,4,0,0,2,0.0,0.0,0.0,0.0,0.0,0.0,0.0,0.0,0.0,0.0,0.0,0.0,0.0,0.0,0.0,0.0,0.0,0.0,0.0,0.0,0.0,0.0,0.0,0.0,0.0,0.0,55.0,0.0,Brighton,0.0,0.0,Arsenal,Arsenal,3.0,3.0,0.21317825316181072,61014.0,,
bruno_borges_fernandes,1,2,MID,Man Utd,11,0,0,0,4,0,0,2,4.0,0.0,0.0,18.0,0.0,55.4,0.26,0.34,0.08,1.01,2.0,0.0,9.3,20.2,90.0,0.0,0.0,0.0,0.0,0.0,1.0,17.0,2.0,0.0,0.0,0.0,120.0,0.0,Hull City,0.0,0.0,Ipswich Town,Ipswich Town,2.0,3.0,5.368768452109299,14969.0,0.5,2.6843842260546493
bruno_guimaraes_rodriguez_moura,1,0,MID,Arsenal,7,1,0,0,4,0,0,2,1.8,0.0,0.0,0.0,0.0,0.0,0.0,0.0,0.0,0.0,0.0,0.0,0.0,0.0,0.0,0.0,0.0,0.0,0.0,0.0,0.0,0.0,0.0,0.0,0.0,0.0,70.0,0.0,Coventry City,3.0,3.0,Aston Villa,Aston Villa,0.0,0.0,0.8134958116976607,79641.0,2.0,1.6269916233953214
bryan_mbeumo,1,2,MID,Man Utd,11,0,0,0,4,0,0,2,2.8,0.0,0.0,12.0,0.0,28.1,0.23,0.73,0.5,1.01,2.0,0.0,8.7,9.6,90.0,0.0,0.0,0.0,0.0,0.0,1.0,49.0,2.0,0.0,0.0,0.0,80.0,0.0,Hull City,0.0,0.0,Ipswich Town,Ipswich Town,2.0,3.0,4.969009330945422,79641.0,0.5,2.484504665472711
bukayo_saka,1,9,MID,Arsenal,7,1,0,0,4,0,0,2,3.2,0.0,1.0,36.0,1.0,26.1,0.08,0.72,0.64,0.06,0.0,1.0,10.2,42.8,67.0,0.0,0.0,0.0,0.0,0.0,1.0,33.0,9.0,0.0,0.0,0.0,95.0,0.0,Coventry City,3.0,3.0,Aston Villa,Aston Villa,0.0,0.0,4.272516539382777,50210.0,2.0,8.545033078765554
caleb_yirenkyi,1,1,MID,Coventry City,1,0,0,0,2,0,0,4,1.5,0.0,0.0,2.0,0.0,3.1,0.0,0.0,0.0,1.56,3.0,0.0,0.0,0.0,61.0,0.0,0.0,0.0,0.0,0.0,1.0,0.0,1.0,0.0,0.0,0.0,50.0,1.0,Arsenal,0.0,0.0,Hull City,Hull City,2.0,3.0,1.4392443178653904,,0.5,0.7196221589326952
callum_hudson_odoi,1,0,MID,Nott'm Forest,13,1,0,0,3,0,0,3,2.2,0.0,0.0,0.0,0.0,0.0,0.0,0.0,0.0,0.0,0.0,0.0,0.0,0.0,0.0,0.0,0.0,0.0,0.0,0.0,0.0,0.0,0.0,0.0,0.0,0.0,60.0,0.0,Leeds,0.0,0.0,Liverpool,Liverpool,2.0,1.0,0.7329729619067729,,0.6479143129270348,0.4749036730079204
callum_olusesi,1,0,MID,Spurs,4,0,0,0,3,0,0,3,1.0,0.0,0.0,0.0,0.0,0.0,0.0,0.0,0.0,0.0,0.0,0.0,0.0,0.0,0.0,0.0,0.0,0.0,0.0,0.0,0.0,0.0,0.0,0.0,0.0,0.0,45.0,0.0,Brentford,0.0,0.0,Newcastle,Newcastle,2.0,1.0,0.25884824106681714,,0.6078457933658143,0.15733981445260503
callum_wilson,1,1,FWD,Brentford,19,1,0,0,3,0,0,3,1.8,0.0,0.0,4.0,0.0,10.3,0.04,0.07,0.03,0.07,0.0,0.0,1.8,2.2,7.0,0.0,0.0,0.0,0.0,0.0,0.0,5.0,1.0,0.0,0.0,0.0,55.0,0.0,Spurs,3.0,3.0,Leeds,Leeds,1.0,3.0,1.678652997717573,,0.5,0.8393264988587865
calvin_bassey,1,0,DEF,Fulham,6,1,0,0,2,0,0,4,1.7,0.0,0.0,1.0,0.0,3.8,0.02,0.04,0.02,2.24,3.0,0.0,2.0,13.8,90.0,0.0,0.0,0.0,0.0,0.0,1.0,2.0,0.0,0.0,0.0,0.0,45.0,1.0,Chelsea,2.0,0.0,Sunderland,Sunderland,1.0,0.0,2.2424651667546702,,0.9999926557531159,2.2424486975368567
calvin_ramsay,1,0,DEF,Liverpool,17,0,0,0,4,0,0,2,1.0,0.0,0.0,0.0,0.0,0.0,0.0,0.0,0.0,0.0,0.0,0.0,0.0,0.0,0.0,0.0,0.0,0.0,0.0,0.0,0.0,0.0,0.0,0.0,0.0,0.0,40.0,0.0,Newcastle,2.0,1.0,Nott'm Forest,Nott'm Forest,0.0,0.0,0.15409965481046628,,1.058760202742355,0.16315458176965622
cameron_humphreys,1,0,MID,Ipswich Town,20,1,0,0,2,0,0,3,1.0,0.0,0.0,0.0,0.0,0.0,0.0,0.0,0.0,0.0,0.0,0.0,0.0,0.0,0.0,0.0,0.0,0.0,0.0,0.0,0.0,0.0,0.0,0.0,0.0,0.0,45.0,0.0,Sunderland,2.0,3.0,Man Utd,Man Utd,0.0,0.0,0.15681231402851803,,0.8222241740022191,0.12893487537547485
caoimhin_kelleher,1,7,GK,Brentford,19,1,0,0,3,0,0,3,2.6,0.0,0.0,34.0,1.0,0.0,0.01,0.01,0.0,0.57,0.0,0.0,3.1,31.4,90.0,0.0,0.0,0.0,0.0,4.0,1.0,0.0,7.0,0.0,0.0,0.0,50.0,0.0,Spurs,3.0,3.0,Leeds,Leeds,1.0,3.0,3.9209145037158573,14970.0,2.0,7.8418290074317145
carl_rushworth,1,1,GK,Coventry City,1,0,0,0,2,0,0,4,1.9,0.0,0.0,0.0,0.0,0.0,0.01,0.01,0.0,1.88,3.0,0.0,1.4,14.2,90.0,0.0,0.0,0.0,0.0,2.0,1.0,0.0,1.0,0.0,0.0,0.0,45.0,0.0,Arsenal,0.0,0.0,Hull City,Hull City,2.0,3.0,3.0429604844848823,,0.5,1.5214802422424412
carlos_alcaraz_duran,1,1,MID,Everton,8,1,0,0,3,0,0,3,1.5,0.0,0.0,7.0,0.0,0.3,0.0,0.02,0.02,0.04,0.0,0.0,2.2,5.0,1.0,0.0,0.0,0.0,0.0,0.0,0.0,17.0,1.0,0.0,0.0,0.0,50.0,0.0,Crystal Palace,2.0,3.0,Bournemouth,Bournemouth,1.0,0.0,1.1009705121035704,,1.3035670503158765,1.4351888829476114
carlos_baleba,1,0,MID,Brighton,2,1,0,0,2,0,0,4,0.0,0.0,0.0,0.0,0.0,0.0,0.0,0.0,0.0,0.0,0.0,0.0,0.0,0.0,0.0,0.0,0.0,0.0,0.0,0.0,0.0,0.0,0.0,0.0,0.0,0.0,50.0,0.0,Aston Villa,4.0,3.0,Chelsea,Chelsea,3.0,3.0,0.24455317960868972,,1.203858576210382,0.29440744261143903
cathal_mccarthy,1,0,DEF,Hull City,16,1,0,0,2,0,0,4,1.0,0.0,0.0,0.0,0.0,0.0,0.0,0.0,0.0,0.0,0.0,0.0,0.0,0.0,0.0,0.0,0.0,0.0,0.0,0.0,0.0,0.0,0.0,0.0,0.0,0.0,40.0,0.0,Man Utd,2.0,3.0,Coventry City,Coventry City,0.0,0.0,0.2051375336961483,,2.0,0.4102750673922966
cedric_kipre,1,0,DEF,Ipswich Town,20,1,0,0,2,0,0,3,1.0,0.0,0.0,0.0,0.0,0.0,0.0,0.0,0.0,0.0,0.0,0.0,0.0,0.0,0.0,0.0,0.0,0.0,0.0,0.0,0.0,0.0,0.0,0.0,0.0,0.0,40.0,0.0,Sunderland,2.0,3.0,Man Utd,Man Utd,0.0,0.0,0.2051375336961483,,2.0,0.4102750673922966
cesar_palacios,1,2,MID,Fulham,6,1,0,0,2,0,0,4,2.0,0.0,0.0,10.0,0.0,7.3,0.01,0.17,0.16,2.21,3.0,0.0,1.8,2.8,72.0,0.0,0.0,0.0,0.0,0.0,1.0,8.0,2.0,0.0,0.0,0.0,55.0,0.0,Chelsea,2.0,0.0,Sunderland,Sunderland,1.0,0.0,2.256093937485679,,0.8335604873647082,1.8805907620711264
chadi_riad_dnanou,1,1,DEF,Crystal Palace,9,0,0,0,3,0,0,3,1.7,0.0,0.0,7.0,0.0,1.3,0.01,0.01,0.0,0.98,2.0,0.0,1.4,12.6,72.0,0.0,0.0,0.0,0.0,0.0,1.0,0.0,1.0,0.0,0.0,0.0,45.0,0.0,Everton,0.0,0.0,Man City,Man City,2.0,3.0,1.8373606867528853,,0.5,0.9186803433764427
charalampos_kostoulas,1,1,FWD,Brighton,2,1,0,0,2,0,0,4,1.8,0.0,0.0,-1.0,0.0,0.4,0.0,0.18,0.18,0.1,0.0,0.0,0.9,0.0,26.0,0.0,0.0,0.0,0.0,0.0,0.0,10.0,1.0,0.0,0.0,0.0,55.0,0.0,Aston Villa,4.0,3.0,Chelsea,Chelsea,3.0,3.0,2.5442916971555656,,1.9544334975369455,4.972648920425963
charlie_hughes,1,0,DEF,Hull City,16,1,0,0,2,0,0,4,0.0,0.0,0.0,0.0,0.0,0.0,0.0,0.0,0.0,0.0,0.0,0.0,0.0,0.0,0.0,0.0,0.0,0.0,0.0,0.0,0.0,0.0,0.0,0.0,0.0,0.0,40.0,0.0,Man Utd,2.0,3.0,Coventry City,Coventry City,0.0,0.0,0.08684514994990922,,2.0,0.17369029989981843
cheick_doucoure,1,0,MID,Crystal Palace,9,0,0,0,3,0,0,3,1.5,0.0,0.0,0.0,0.0,0.0,0.0,0.0,0.0,0.0,0.0,0.0,0.0,0.0,0.0,0.0,0.0,0.0,0.0,0.0,0.0,0.0,0.0,0.0,0.0,0.0,50.0,0.0,Everton,0.0,0.0,Man City,Man City,2.0,3.0,0.43230840810865434,,0.6417440175802717,0.27743133465337955
chemsdine_talbi,1,1,MID,Sunderland,12,0,0,0,3,0,0,2,2.0,0.0,0.0,1.0,0.0,0.9,0.0,0.0,0.0,0.14,1.0,0.0,0.0,0.0,31.0,0.0,0.0,0.0,0.0,0.0,0.0,0.0,1.0,0.0,0.0,0.0,55.0,0.0,Ipswich Town,1.0,0.0,Fulham,Fulham,2.0,0.0,2.1928916958303692,,1.8240276162413267,3.9998950126208688
chido_obi,1,0,FWD,Man Utd,11,0,0,0,4,0,0,2,1.0,0.0,0.0,0.0,0.0,0.0,0.0,0.0,0.0,0.0,0.0,0.0,0.0,0.0,0.0,0.0,0.0,0.0,0.0,0.0,0.0,0.0,0.0,0.0,0.0,0.0,45.0,0.0,Hull City,0.0,0.0,Ipswich Town,Ipswich Town,2.0,3.0,0.15095178327630165,,0.7752808988764044,0.11703003422544733
chiedozie_ogbene,1,0,MID,Ipswich Town,20,1,0,0,2,0,0,3,1.5,0.0,0.0,0.0,0.0,0.0,0.0,0.0,0.0,0.0,0.0,0.0,0.0,0.0,0.0,0.0,0.0,0.0,0.0,0.0,0.0,0.0,0.0,0.0,0.0,0.0,50.0,0.0,Sunderland,2.0,3.0,Man Utd,Man Utd,0.0,0.0,0.3242989531225442,,0.8222241740022191,0.2666464388609683
chris_richards,1,3,DEF,Crystal Palace,9,0,0,0,3,0,0,3,2.2,0.0,0.0,13.0,0.0,0.7,0.0,0.0,0.0,1.12,2.0,0.0,4.3,42.6,90.0,0.0,0.0,0.0,0.0,0.0,1.0,0.0,3.0,0.0,0.0,0.0,50.0,0.0,Everton,0.0,0.0,Man City,Man City,2.0,3.0,3.53944921053039,14970.0,0.5,1.769724605265195
chris_rigg,1,1,MID,Sunderland,12,0,0,0,3,0,0,2,1.5,0.0,0.0,3.0,0.0,0.3,0.0,0.0,0.0,0.1,1.0,0.0,0.0,0.0,10.0,0.0,0.0,0.0,0.0,0.0,0.0,0.0,1.0,0.0,0.0,0.0,50.0,0.0,Ipswich Town,1.0,0.0,Fulham,Fulham,2.0,0.0,1.2452687074972788,,1.8240276162413267,2.271404512116179
chris_wood,1,1,FWD,Nott'm Forest,13,1,0,0,3,0,0,3,2.0,0.0,0.0,3.0,0.0,2.4,0.01,0.13,0.12,0.22,1.0,0.0,0.4,0.0,28.0,0.0,0.0,0.0,0.0,0.0,0.0,3.0,1.0,0.0,0.0,0.0,60.0,0.0,Leeds,0.0,0.0,Liverpool,Liverpool,2.0,1.0,2.493078474475284,14969.0,0.9810489713126628,2.44583207278572
christantus_uche,1,0,FWD,Crystal Palace,9,0,0,0,3,0,0,3,0.0,0.0,0.0,0.0,0.0,0.0,0.0,0.0,0.0,0.0,0.0,0.0,0.0,0.0,0.0,0.0,0.0,0.0,0.0,0.0,0.0,0.0,0.0,0.0,0.0,0.0,50.0,0.0,Everton,0.0,0.0,Man City,Man City,2.0,3.0,0.16473415544175296,,0.8255305867665415,0.13599308400232096
christian_norgaard,1,0,MID,Everton,8,1,0,0,3,0,0,3,0.0,0.0,0.0,0.0,0.0,0.0,0.0,0.0,0.0,0.0,0.0,0.0,0.0,0.0,0.0,0.0,0.0,0.0,0.0,0.0,0.0,0.0,0.0,0.0,0.0,0.0,50.0,0.0,Crystal Palace,2.0,3.0,Bournemouth,Bournemouth,1.0,0.0,0.2137353329229159,,1.3035670503158765,0.27861833748660736
christian_walton,1,0,GK,Ipswich Town,20,1,0,0,2,0,0,3,1.9,0.0,0.0,0.0,0.0,0.0,0.0,0.0,0.0,0.0,0.0,0.0,0.0,0.0,0.0,0.0,0.0,0.0,0.0,0.0,0.0,0.0,0.0,0.0,0.0,0.0,45.0,0.0,Sunderland,2.0,3.0,Man Utd,Man Utd,0.0,0.0,0.12395962494135038,,2.0,0.24791924988270075
christos_tzolis,1,6,MID,Arsenal,7,1,0,0,4,0,0,2,2.3,1.0,0.0,30.0,1.0,39.8,0.14,0.33,0.19,0.06,0.0,0.0,8.7,17.0,75.0,0.0,0.0,0.0,0.0,0.0,1.0,30.0,6.0,0.0,0.0,0.0,65.0,0.0,Coventry City,3.0,3.0,Aston Villa,Aston Villa,0.0,0.0,3.8745658762147066,14971.0,2.0,7.749131752429413
chuba_akpom,1,1,FWD,Ipswich Town,20,1,0,0,2,0,0,3,1.4,0.0,0.0,3.0,0.0,0.0,0.0,0.0,0.0,0.03,0.0,0.0,0.3,1.4,24.0,0.0,0.0,0.0,0.0,0.0,0.0,2.0,1.0,0.0,0.0,0.0,50.0,0.0,Sunderland,2.0,3.0,Man Utd,Man Utd,0.0,0.0,2.1906905488880506,,2.0,4.381381097776101
claudio_echeverri,1,0,MID,Man City,3,1,0,0,4,0,0,3,1.5,0.0,0.0,0.0,0.0,0.0,0.0,0.0,0.0,0.0,0.0,0.0,0.0,0.0,0.0,0.0,0.0,0.0,0.0,0.0,0.0,0.0,0.0,0.0,0.0,0.0,50.0,0.0,Bournemouth,2.0,3.0,Crystal Palace,Crystal Palace,0.0,0.0,0.3242989531225442,,1.3035670503158765,0.42274542974248164
cody_drameh,1,1,DEF,Hull City,16,1,0,0,2,0,0,4,1.0,0.0,0.0,4.0,0.0,0.0,0.0,0.05,0.05,0.67,0.0,0.0,0.3,2.2,20.0,0.0,0.0,0.0,0.0,0.0,0.0,1.0,1.0,0.0,0.0,0.0,40.0,0.0,Man Utd,2.0,3.0,Coventry City,Coventry City,0.0,0.0,1.022886671853747,,2.0,2.045773343707494
cody_gakpo,1,12,MID,Liverpool,17,0,0,0,4,0,0,2,2.5,0.0,3.0,33.0,0.0,34.0,0.15,0.45,0.3,1.58,2.0,1.0,11.5,44.0,90.0,0.0,0.0,0.0,0.0,0.0,1.0,37.0,12.0,0.0,0.0,0.0,70.0,0.0,Newcastle,2.0,1.0,Nott'm Forest,Nott'm Forest,0.0,0.0,4.798141901865817,14974.0,1.9644625221347685,9.425769942099837
cole_palmer,1,13,MID,Chelsea,10,0,0,0,4,0,0,2,3.2,1.0,3.0,60.0,0.0,41.3,0.19,0.47,0.28,1.24,2.0,1.0,16.1,65.2,82.0,0.0,0.0,0.0,0.0,0.0,1.0,54.0,13.0,0.0,0.0,0.0,95.0,0.0,Fulham,3.0,3.0,Brighton,Brighton,4.0,3.0,4.491364062364404,15210.0,0.6576936731107271,2.953941727453962
conor_bradley,1,0,DEF,Liverpool,17,0,0,0,4,0,0,2,0.0,0.0,0.0,0.0,0.0,0.0,0.0,0.0,0.0,0.0,0.0,0.0,0.0,0.0,0.0,0.0,0.0,0.0,0.0,0.0,0.0,0.0,0.0,0.0,0.0,0.0,50.0,0.0,Newcastle,2.0,1.0,Nott'm Forest,Nott'm Forest,0.0,0.0,0.38891910398380647,,1.058760202742355,0.41177206938427
conor_gallagher,1,0,MID,Spurs,4,0,0,0,3,0,0,3,2.0,0.0,0.0,1.0,0.0,5.5,0.06,0.08,0.02,1.7,2.0,0.0,0.5,0.0,45.0,0.0,0.0,0.0,0.0,0.0,1.0,1.0,0.0,0.0,0.0,0.0,55.0,1.0,Brentford,0.0,0.0,Newcastle,Newcastle,2.0,1.0,0.6399547341403302,,0.6078457933658143,0.3889937930917378
cristhian_mosquera,1,6,DEF,Arsenal,7,1,0,0,4,0,0,2,2.5,0.0,0.0,27.0,1.0,0.6,0.0,0.0,0.0,0.2,0.0,0.0,1.5,14.4,90.0,0.0,0.0,0.0,0.0,0.0,1.0,0.0,6.0,0.0,0.0,0.0,55.0,0.0,Coventry City,3.0,3.0,Aston Villa,Aston Villa,0.0,0.0,3.0363093116881563,14969.0,2.0,6.072618623376313
cristian_romero,1,0,DEF,Spurs,4,0,0,0,3,0,0,3,0.0,0.0,0.0,0.0,0.0,0.0,0.0,0.0,0.0,0.0,0.0,0.0,0.0,0.0,0.0,0.0,0.0,0.0,0.0,0.0,0.0,0.0,0.0,0.0,0.0,0.0,50.0,0.0,Brentford,0.0,0.0,Newcastle,Newcastle,2.0,1.0,0.4635067833674362,,0.5,0.2317533916837181
curtis_jones,1,0,MID,Liverpool,17,0,0,0,4,0,0,2,1.5,0.0,0.0,0.0,0.0,0.0,0.0,0.0,0.0,0.0,0.0,0.0,0.0,0.0,0.0,0.0,0.0,0.0,0.0,0.0,0.0,0.0,0.0,0.0,0.0,0.0,55.0,0.0,Newcastle,2.0,1.0,Nott'm Forest,Nott'm Forest,0.0,0.0,0.44219844466936853,,1.9644625221347685,0.8686822718992595
daichi_kamada,1,3,MID,Crystal Palace,9,0,0,0,3,0,0,3,1.5,0.0,0.0,25.0,0.0,29.3,0.27,0.27,0.0,1.12,2.0,0.0,5.0,20.4,90.0,0.0,0.0,0.0,0.0,0.0,1.0,0.0,3.0,0.0,0.0,0.0,50.0,1.0,Everton,0.0,0.0,Man City,Man City,2.0,3.0,3.7294293001850116,,0.6417440175802717,2.3933389423823104
daizen_maeda,1,2,MID,Ipswich Town,20,1,0,0,2,0,0,3,2.0,0.0,0.0,7.0,0.0,1.4,0.0,0.61,0.61,0.63,1.0,0.0,2.1,12.6,79.0,0.0,0.0,0.0,0.0,0.0,1.0,7.0,2.0,0.0,0.0,0.0,55.0,0.0,Sunderland,2.0,3.0,Man Utd,Man Utd,0.0,0.0,2.678632386771713,,0.8222241740022191,2.2024363016689645
dan_burn,1,0,DEF,Newcastle,14,1,0,0,2,0,0,4,2.2,0.0,0.0,0.0,0.0,0.0,0.0,0.0,0.0,0.0,0.0,0.0,0.0,0.0,0.0,0.0,0.0,0.0,0.0,0.0,0.0,0.0,0.0,0.0,0.0,0.0,50.0,0.0,Liverpool,2.0,1.0,Spurs,Spurs,0.0,0.0,0.6491623482255323,,2.0,1.2983246964510646
dan_ndoye,1,3,MID,Nott'm Forest,13,1,0,0,3,0,0,3,2.0,0.0,0.0,5.0,1.0,2.5,0.0,0.0,0.0,0.25,0.0,0.0,0.4,1.4,61.0,0.0,0.0,0.0,0.0,0.0,1.0,0.0,3.0,0.0,0.0,0.0,55.0,0.0,Leeds,0.0,0.0,Liverpool,Liverpool,2.0,1.0,2.199452353416984,,0.6479143129270348,1.425056660379915
dane_scarlett,1,0,FWD,Spurs,4,0,0,0,3,0,0,3,1.0,0.0,0.0,0.0,0.0,0.0,0.0,0.0,0.0,0.0,0.0,0.0,0.0,0.0,0.0,0.0,0.0,0.0,0.0,0.0,0.0,0.0,0.0,0.0,0.0,0.0,45.0,0.0,Brentford,0.0,0.0,Newcastle,Newcastle,2.0,1.0,0.05886748926920049,,0.5,0.029433744634600245
dango_ouattara,1,3,MID,Brentford,19,1,0,0,3,0,0,3,2.3,0.0,0.0,6.0,1.0,30.8,0.29,0.34,0.05,0.47,0.0,0.0,4.7,1.0,66.0,0.0,0.0,0.0,0.0,0.0,1.0,15.0,3.0,0.0,0.0,0.0,65.0,0.0,Spurs,3.0,3.0,Leeds,Leeds,1.0,3.0,3.3953076693352573,14969.0,1.029292011597646,3.494763060963002
daniel_ballard,1,0,DEF,Sunderland,12,0,0,0,3,0,0,2,2.2,0.0,0.0,4.0,0.0,1.2,0.01,0.01,0.0,1.8,2.0,0.0,1.9,18.2,90.0,0.0,0.0,0.0,0.0,0.0,1.0,0.0,0.0,0.0,0.0,0.0,50.0,1.0,Ipswich Town,1.0,0.0,Fulham,Fulham,2.0,0.0,2.4792609623652266,14974.0,0.5,1.2396304811826133
daniel_james,1,0,MID,Leeds,18,0,0,0,3,0,0,3,1.5,0.0,0.0,0.0,0.0,0.0,0.0,0.0,0.0,0.0,0.0,0.0,0.0,0.0,0.0,0.0,0.0,0.0,0.0,0.0,0.0,0.0,0.0,0.0,0.0,0.0,50.0,0.0,Nott'm Forest,1.0,3.0,Brentford,Brentford,3.0,3.0,0.44677991570617825,,0.563797590622306,0.25189344001358027
daniel_jebbison,1,1,FWD,Bournemouth,15,0,0,0,3,0,0,4,1.4,0.0,0.0,6.0,0.0,0.8,0.0,0.1,0.1,0.31,2.0,0.0,2.1,3.4,15.0,0.0,0.0,0.0,0.0,0.0,0.0,17.0,1.0,0.0,0.0,0.0,50.0,0.0,Man City,1.0,0.0,Everton,Everton,2.0,3.0,1.5645779023008088,,0.8255305867665415,1.2916069137283512
daniel_munoz_mejia,1,0,DEF,Crystal Palace,9,0,0,0,3,0,0,3,2.5,0.0,0.0,-4.0,0.0,1.8,0.01,0.24,0.23,0.84,2.0,0.0,2.4,1.2,54.0,0.0,0.0,0.0,0.0,0.0,1.0,21.0,0.0,0.0,0.0,0.0,55.0,0.0,Everton,0.0,0.0,Man City,Man City,2.0,3.0,1.7020579127775048,14969.0,0.5,0.8510289563887524
danny_welbeck,1,0,FWD,Chelsea,10,0,0,0,4,0,0,2,1.5,0.0,0.0,0.0,0.0,0.0,0.0,0.0,0.0,0.0,0.0,0.0,0.0,0.0,0.0,0.0,0.0,0.0,0.0,0.0,0.0,0.0,0.0,0.0,0.0,0.0,60.0,0.0,Fulham,3.0,3.0,Brighton,Brighton,4.0,3.0,0.4315744814710465,,,
dara_o'shea,1,4,DEF,Ipswich Town,20,1,0,0,2,0,0,3,1.0,0.0,0.0,16.0,0.0,24.5,0.16,0.16,0.0,0.66,1.0,0.0,7.5,48.0,90.0,0.0,0.0,0.0,0.0,0.0,1.0,2.0,4.0,0.0,0.0,0.0,40.0,0.0,Sunderland,2.0,3.0,Man Utd,Man Utd,0.0,0.0,3.517981015559548,,2.0,7.035962031119096
dario_luis_essugo,1,0,MID,Chelsea,10,0,0,0,4,0,0,2,1.0,0.0,0.0,0.0,0.0,0.0,0.0,0.0,0.0,0.0,0.0,0.0,0.0,0.0,0.0,0.0,0.0,0.0,0.0,0.0,0.0,0.0,0.0,0.0,0.0,0.0,45.0,0.0,Fulham,3.0,3.0,Brighton,Brighton,4.0,3.0,0.2700384693652229,,0.6576936731107271,0.17760259279801202
darko_gyabi,1,0,MID,Hull City,16,1,0,0,2,0,0,4,0.0,0.0,0.0,0.0,0.0,0.0,0.0,0.0,0.0,0.0,0.0,0.0,0.0,0.0,0.0,0.0,0.0,0.0,0.0,0.0,0.0,0.0,0.0,0.0,0.0,0.0,45.0,0.0,Man Utd,2.0,3.0,Coventry City,Coventry City,0.0,0.0,0.062361659221441545,,1.0874120328128694,0.06781281862357116
darnell_furlong,1,0,DEF,Ipswich Town,20,1,0,0,2,0,0,3,1.0,0.0,0.0,0.0,0.0,0.0,0.0,0.0,0.0,0.0,0.0,0.0,0.0,0.0,0.0,0.0,0.0,0.0,0.0,0.0,0.0,0.0,0.0,0.0,0.0,0.0,40.0,0.0,Sunderland,2.0,3.0,Man Utd,Man Utd,0.0,0.0,0.2051375336961483,,2.0,0.4102750673922966
david_akintola,1,0,MID,Hull City,16,1,0,0,2,0,0,4,1.5,0.0,0.0,0.0,0.0,0.0,0.0,0.0,0.0,0.0,0.0,0.0,0.0,0.0,0.0,0.0,0.0,0.0,0.0,0.0,0.0,0.0,0.0,0.0,0.0,0.0,50.0,0.0,Man Utd,2.0,3.0,Coventry City,Coventry City,0.0,0.0,0.3242989531225442,,1.0874120328128694,0.3526465838540712
david_brooks,1,0,MID,Bournemouth,15,0,0,0,3,0,0,4,1.1,0.0,0.0,0.0,0.0,0.0,0.0,0.0,0.0,0.0,0.0,0.0,0.0,0.0,0.0,0.0,0.0,0.0,0.0,0.0,0.0,0.0,0.0,0.0,0.0,0.0,50.0,0.0,Man City,1.0,0.0,Everton,Everton,2.0,3.0,0.3743445615568657,,0.6417440175802717,0.2402333828928283
david_button,1,0,GK,Ipswich Town,20,1,0,0,2,0,0,3,1.0,0.0,0.0,0.0,0.0,0.0,0.0,0.0,0.0,0.0,0.0,0.0,0.0,0.0,0.0,0.0,0.0,0.0,0.0,0.0,0.0,0.0,0.0,0.0,0.0,0.0,40.0,0.0,Sunderland,2.0,3.0,Man Utd,Man Utd,0.0,0.0,-0.012962135363476568,,2.0,-0.025924270726953136
david_raya_martin,1,6,GK,Arsenal,7,1,0,0,4,0,0,2,4.0,0.0,0.0,24.0,1.0,0.0,0.0,0.0,0.0,0.2,0.0,0.0,1.2,11.8,90.0,0.0,0.0,0.0,0.0,1.0,1.0,0.0,6.0,0.0,0.0,0.0,60.0,0.0,Coventry City,3.0,3.0,Aston Villa,Aston Villa,0.0,0.0,3.7266776434115654,14972.0,2.0,7.453355286823131
dean_henderson,1,2,GK,Crystal Palace,9,0,0,0,3,0,0,3,2.0,0.0,0.0,14.0,0.0,0.0,0.0,0.0,0.0,1.12,2.0,0.0,2.8,28.2,90.0,0.0,0.0,0.0,0.0,3.0,1.0,0.0,2.0,0.0,0.0,0.0,50.0,0.0,Everton,0.0,0.0,Man City,Man City,2.0,3.0,3.2606558243352755,15210.0,1.0,3.2606558243352755
declan_rice,1,3,MID,Arsenal,7,1,0,0,4,0,0,2,2.6,0.0,0.0,10.0,1.0,6.4,0.08,0.15,0.07,0.06,0.0,0.0,1.5,6.8,67.0,0.0,0.0,0.0,0.0,0.0,1.0,2.0,3.0,0.0,0.0,0.0,75.0,0.0,Coventry City,3.0,3.0,Aston Villa,Aston Villa,0.0,0.0,2.909085371530165,15210.0,2.0,5.81817074306033
dejan_kulusevski,1,0,MID,Spurs,4,0,0,0,3,0,0,3,0.0,0.0,0.0,0.0,0.0,0.0,0.0,0.0,0.0,0.0,0.0,0.0,0.0,0.0,0.0,0.0,0.0,0.0,0.0,0.0,0.0,0.0,0.0,0.0,0.0,0.0,65.0,0.0,Brentford,0.0,0.0,Newcastle,Newcastle,2.0,1.0,0.6454428330216921,,0.6078457933658143,0.3923297109103493
destiny_udogie,1,1,DEF,Spurs,4,0,0,0,3,0,0,3,1.7,0.0,0.0,3.0,0.0,0.7,0.02,0.02,0.0,0.44,0.0,0.0,0.0,0.0,4.0,0.0,0.0,0.0,0.0,0.0,0.0,0.0,1.0,0.0,0.0,0.0,45.0,0.0,Brentford,0.0,0.0,Newcastle,Newcastle,2.0,1.0,0.9407386367405186,,0.5,0.4703693183702593
diego_coppola,1,0,DEF,Brighton,2,1,0,0,2,0,0,4,1.7,0.0,0.0,0.0,0.0,0.0,0.0,0.0,0.0,0.0,0.0,0.0,0.0,0.0,0.0,0.0,0.0,0.0,0.0,0.0,0.0,0.0,0.0,0.0,0.0,0.0,45.0,0.0,Aston Villa,4.0,3.0,Chelsea,Chelsea,3.0,3.0,0.7390953645407407,,2.0,1.4781907290814813
diego_gomez_amarilla,1,6,MID,Brighton,2,1,0,0,2,0,0,4,1.5,1.0,0.0,27.0,1.0,25.1,0.48,0.66,0.18,0.29,0.0,0.0,9.9,33.0,85.0,0.0,0.0,0.0,0.0,0.0,1.0,41.0,6.0,0.0,0.0,0.0,50.0,0.0,Aston Villa,4.0,3.0,Chelsea,Chelsea,3.0,3.0,4.23874512710407,,1.203858576210382,5.1028496736342
dilane_bakwa,1,0,MID,Nott'm Forest,13,1,0,0,3,0,0,3,2.0,0.0,0.0,0.0,0.0,0.0,0.0,0.0,0.0,0.0,0.0,0.0,0.0,0.0,0.0,0.0,0.0,0.0,0.0,0.0,0.0,0.0,0.0,0.0,0.0,0.0,55.0,0.0,Leeds,0.0,0.0,Liverpool,Liverpool,2.0,1.0,0.5938215192548697,,0.6479143129270348,0.3847454616493069
dillon_phillips,1,0,GK,Hull City,16,1,0,0,2,0,0,4,1.0,0.0,0.0,0.0,0.0,0.0,0.0,0.0,0.0,0.0,0.0,0.0,0.0,0.0,0.0,0.0,0.0,0.0,0.0,0.0,0.0,0.0,0.0,0.0,0.0,0.0,40.0,0.0,Man Utd,2.0,3.0,Coventry City,Coventry City,0.0,0.0,-0.012962135363476568,,2.0,-0.025924270726953136
diogo_dalot_teixeira,1,1,DEF,Man Utd,11,0,0,0,4,0,0,2,2.2,0.0,0.0,6.0,0.0,11.3,0.0,0.0,0.0,0.0,0.0,0.0,1.9,7.6,10.0,0.0,0.0,0.0,0.0,0.0,0.0,0.0,1.0,0.0,0.0,0.0,50.0,0.0,Hull City,0.0,0.0,Ipswich Town,Ipswich Town,2.0,3.0,1.4399698963520073,,0.5,0.7199849481760037
divine_mukasa,1,0,MID,Man City,3,1,0,0,4,0,0,3,1.0,0.0,0.0,0.0,0.0,0.0,0.0,0.0,0.0,0.0,0.0,0.0,0.0,0.0,0.0,0.0,0.0,0.0,0.0,0.0,0.0,0.0,0.0,0.0,0.0,0.0,45.0,0.0,Bournemouth,2.0,3.0,Crystal Palace,Crystal Palace,0.0,0.0,0.15681231402851803,,1.3035670503158765,0.20441536565136217
djed_spence,1,0,DEF,Spurs,4,0,0,0,3,0,0,3,0.0,0.0,0.0,0.0,0.0,0.0,0.0,0.0,0.0,0.0,0.0,0.0,0.0,0.0,0.0,0.0,0.0,0.0,0.0,0.0,0.0,0.0,0.0,0.0,0.0,0.0,45.0,0.0,Brentford,0.0,0.0,Newcastle,Newcastle,2.0,1.0,0.2869508669076466,,0.5,0.1434754334538233
djiamgone_jocelin_ta_bi,1,0,MID,Sunderland,12,0,0,0,3,0,0,2,1.5,0.0,0.0,0.0,0.0,0.0,0.0,0.0,0.0,0.0,0.0,0.0,0.0,0.0,0.0,0.0,0.0,0.0,0.0,0.0,0.0,0.0,0.0,0.0,0.0,0.0,50.0,0.0,Ipswich Town,1.0,0.0,Fulham,Fulham,2.0,0.0,0.40316453155797993,,1.8240276162413267,0.7353832394507532
dominic_calvert_lewin,1,1,FWD,Leeds,18,0,0,0,3,0,0,3,2.0,0.0,0.0,-2.0,1.0,0.8,0.0,0.13,0.13,0.66,0.0,0.0,0.7,0.0,90.0,0.0,0.0,0.0,0.0,0.0,1.0,11.0,1.0,0.0,0.0,0.0,60.0,1.0,Nott'm Forest,1.0,3.0,Brentford,Brentford,3.0,3.0,4.428543646911031,50210.0,0.5,2.2142718234555154
dominic_solanke_mitchell,1,1,FWD,Spurs,4,0,0,0,3,0,0,3,2.0,0.0,0.0,3.0,0.0,0.0,0.0,0.07,0.07,0.85,0.0,0.0,0.5,0.0,22.0,0.0,0.0,0.0,0.0,0.0,0.0,5.0,1.0,0.0,0.0,0.0,60.0,0.0,Brentford,0.0,0.0,Newcastle,Newcastle,2.0,1.0,2.0905242676991165,14971.0,0.5,1.0452621338495582
dominik_szoboszlai,1,8,MID,Liverpool,17,0,0,0,4,0,0,2,2.5,0.0,1.0,29.0,0.0,47.1,0.27,1.12,0.85,1.58,2.0,1.0,11.9,50.4,90.0,0.0,0.0,0.0,0.0,0.0,1.0,21.0,8.0,0.0,0.0,0.0,70.0,0.0,Newcastle,2.0,1.0,Nott'm Forest,Nott'm Forest,0.0,0.0,4.353270958479218,14974.0,1.9644625221347685,8.551837646630126
dorde_petrovic,1,2,GK,Bournemouth,15,0,0,0,3,0,0,4,1.9,0.0,0.0,13.0,0.0,0.0,0.0,0.0,0.0,2.25,2.0,0.0,3.7,36.8,90.0,0.0,0.0,0.0,0.0,4.0,1.0,0.0,2.0,0.0,0.0,0.0,45.0,0.0,Man City,1.0,0.0,Everton,Everton,2.0,3.0,2.804428088665998,79641.0,1.0,2.804428088665998
dwight_mcneil,1,2,MID,Crystal Palace,9,0,0,0,3,0,0,3,2.0,0.0,0.0,11.0,0.0,4.7,0.02,0.07,0.05,0.98,2.0,0.0,1.6,9.6,62.0,0.0,0.0,0.0,0.0,0.0,1.0,2.0,2.0,0.0,0.0,0.0,55.0,0.0,Everton,0.0,0.0,Man City,Man City,2.0,3.0,1.8485306639174082,,0.6417440175802717,1.1862834948826844
eberechi_eze,1,1,MID,Arsenal,7,1,0,0,4,0,0,2,2.3,0.0,0.0,4.0,0.0,1.8,0.0,0.04,0.04,0.15,0.0,0.0,0.1,0.0,14.0,0.0,0.0,0.0,0.0,0.0,0.0,1.0,1.0,0.0,0.0,0.0,65.0,0.0,Coventry City,3.0,3.0,Aston Villa,Aston Villa,0.0,0.0,1.7495361906496496,79641.0,2.0,3.499072381299299
eddie_nketiah,1,1,FWD,Crystal Palace,9,0,0,0,3,0,0,3,1.8,0.0,0.0,12.0,0.0,24.5,0.58,1.18,0.6,0.84,2.0,0.0,5.8,10.4,55.0,0.0,0.0,0.0,0.0,0.0,1.0,23.0,1.0,0.0,0.0,0.0,55.0,0.0,Everton,0.0,0.0,Man City,Man City,2.0,3.0,0.502681552181109,,0.8255305867665415,0.41497899672878674
eliot_matazo,1,0,MID,Hull City,16,1,0,0,2,0,0,4,0.0,0.0,0.0,0.0,0.0,0.0,0.0,0.0,0.0,0.0,0.0,0.0,0.0,0.0,0.0,0.0,0.0,0.0,0.0,0.0,0.0,0.0,0.0,0.0,0.0,0.0,45.0,0.0,Man Utd,2.0,3.0,Coventry City,Coventry City,0.0,0.0,0.062361659221441545,,1.0874120328128694,0.06781281862357116
elliot_anderson,1,2,MID,Man City,3,1,0,0,4,0,0,3,2.3,0.0,0.0,14.0,0.0,20.8,0.25,0.25,0.0,0.55,1.0,0.0,2.8,7.2,62.0,0.0,0.0,0.0,0.0,0.0,1.0,0.0,2.0,0.0,0.0,0.0,65.0,0.0,Bournemouth,2.0,3.0,Crystal Palace,Crystal Palace,0.0,0.0,2.408962058233063,14971.0,1.3035670503158765,3.1402435645737365
elliot_stroud,1,3,MID,Hull City,16,1,0,0,2,0,0,4,1.5,0.0,0.0,11.0,1.0,4.8,0.03,0.03,0.0,1.16,0.0,0.0,1.3,8.4,70.0,0.0,0.0,0.0,0.0,0.0,1.0,0.0,3.0,0.0,0.0,0.0,50.0,0.0,Man Utd,2.0,3.0,Coventry City,Coventry City,0.0,0.0,2.082944886582026,,1.0874120328128694,2.2650193333553323
ellis_simms,1,2,FWD,Coventry City,1,0,0,0,2,0,0,4,1.4,0.0,0.0,7.0,0.0,12.3,0.01,0.01,0.0,1.6,3.0,0.0,1.7,2.6,69.0,0.0,0.0,0.0,0.0,0.0,1.0,2.0,2.0,0.0,0.0,0.0,50.0,0.0,Arsenal,0.0,0.0,Hull City,Hull City,2.0,3.0,2.4750612367716105,,0.7278481012658227,1.8014686217008555
emersonn_correia_da_silva,1,9,FWD,Ipswich Town,20,1,0,0,2,0,0,3,1.8,0.0,3.0,41.0,0.0,26.3,0.06,0.88,0.82,0.63,1.0,1.0,11.2,45.6,65.0,0.0,0.0,0.0,0.0,0.0,1.0,40.0,9.0,0.0,0.0,0.0,55.0,0.0,Sunderland,2.0,3.0,Man Utd,Man Utd,0.0,0.0,3.6337785499539907,,2.0,7.2675570999079815
emile_smith_rowe,1,0,MID,Fulham,6,1,0,0,2,0,0,4,2.0,0.0,0.0,0.0,0.0,0.0,0.0,0.0,0.0,0.0,0.0,0.0,0.0,0.0,0.0,0.0,0.0,0.0,0.0,0.0,0.0,0.0,0.0,0.0,0.0,0.0,55.0,0.0,Chelsea,2.0,0.0,Sunderland,Sunderland,1.0,0.0,0.5193552240120618,,0.8335604873647082,0.43291399364290145
emiliano_buendia_stati,1,2,MID,Aston Villa,5,0,0,0,4,0,0,2,2.2,0.0,0.0,4.0,0.0,16.3,0.09,0.22,0.13,3.62,4.0,0.0,2.2,0.0,85.0,0.0,0.0,0.0,0.0,0.0,1.0,8.0,2.0,0.0,0.0,0.0,60.0,0.0,Brighton,0.0,0.0,Arsenal,Arsenal,3.0,3.0,3.0677078486256484,14972.0,0.5,1.5338539243128242
emiliano_martinez_romero,1,0,GK,Aston Villa,5,0,0,0,4,0,0,2,2.6,0.0,0.0,0.0,0.0,0.0,0.0,0.0,0.0,0.0,0.0,0.0,0.0,0.0,0.0,0.0,0.0,0.0,0.0,0.0,0.0,0.0,0.0,0.0,0.0,0.0,50.0,0.0,Brighton,0.0,0.0,Arsenal,Arsenal,3.0,3.0,0.5565705567524466,79641.0,0.5,0.2782852783762233
emmanuel_emegha,1,0,FWD,Chelsea,10,0,0,0,4,0,0,2,1.4,0.0,0.0,0.0,0.0,0.0,0.0,0.0,0.0,0.0,0.0,0.0,0.0,0.0,0.0,0.0,0.0,0.0,0.0,0.0,0.0,0.0,0.0,0.0,0.0,0.0,50.0,0.0,Fulham,3.0,3.0,Brighton,Brighton,4.0,3.0,0.24573147548917396,,,
endo_wataru,1,0,MID,Liverpool,17,0,0,0,4,0,0,2,1.5,0.0,0.0,0.0,0.0,0.0,0.0,0.0,0.0,0.0,0.0,0.0,0.0,0.0,0.0,0.0,0.0,0.0,0.0,0.0,0.0,0.0,0.0,0.0,0.0,0.0,50.0,0.0,Newcastle,2.0,1.0,Nott'm Forest,Nott'm Forest,0.0,0.0,0.3219371329788805,,1.9644625221347685,0.632433432220528
enes_unal,1,0,FWD,Bournemouth,15,0,0,0,3,0,0,4,0.0,0.0,0.0,0.0,0.0,0.0,0.0,0.0,0.0,0.0,0.0,0.0,0.0,0.0,0.0,0.0,0.0,0.0,0.0,0.0,0.0,0.0,0.0,0.0,0.0,0.0,55.0,0.0,Man City,1.0,0.0,Everton,Everton,2.0,3.0,0.29118431485523444,,0.8255305867665415,0.24038155829965505
enis_destan,1,0,FWD,Hull City,16,1,0,0,2,0,0,4,0.0,0.0,0.0,0.0,0.0,0.0,0.0,0.0,0.0,0.0,0.0,0.0,0.0,0.0,0.0,0.0,0.0,0.0,0.0,0.0,0.0,0.0,0.0,0.0,0.0,0.0,45.0,0.0,Man Utd,2.0,3.0,Coventry City,Coventry City,0.0,0.0,0.03847153489067212,,1.959259259259259,0.075375710952465
enzo_fernandez,1,1,MID,Chelsea,10,0,0,0,4,0,0,2,2.5,0.0,0.0,6.0,0.0,12.0,0.02,0.02,0.0,0.28,0.0,0.0,1.5,3.4,25.0,0.0,0.0,0.0,0.0,0.0,0.0,0.0,1.0,0.0,0.0,0.0,70.0,0.0,Fulham,3.0,3.0,Brighton,Brighton,4.0,3.0,2.4425830803808934,14970.0,0.6576936731107271,1.6064714380138243
enzo_le_fee,1,2,MID,Sunderland,12,0,0,0,3,0,0,2,2.2,0.0,0.0,13.0,0.0,9.9,0.03,0.03,0.0,1.69,1.0,0.0,1.5,4.6,79.0,0.0,0.0,0.0,0.0,0.0,1.0,0.0,2.0,0.0,0.0,0.0,60.0,0.0,Ipswich Town,1.0,0.0,Fulham,Fulham,2.0,0.0,2.5850362416616863,61014.0,1.8240276162413267,4.715177493775604
ephron_mason_clark,1,0,MID,Coventry City,1,0,0,0,2,0,0,4,2.0,0.0,0.0,0.0,0.0,0.0,0.0,0.0,0.0,0.0,0.0,0.0,0.0,0.0,0.0,0.0,0.0,0.0,0.0,0.0,0.0,0.0,0.0,0.0,0.0,0.0,55.0,0.0,Arsenal,0.0,0.0,Hull City,Hull City,2.0,3.0,0.5997950472026807,,0.5,0.29989752360134037
erling_haaland,1,2,FWD,Man City,3,1,0,0,4,0,0,3,4.0,0.0,0.0,6.0,0.0,5.2,0.02,0.76,0.74,0.65,1.0,0.0,5.9,3.8,90.0,0.0,0.0,0.0,0.0,0.0,1.0,50.0,2.0,0.0,0.0,0.0,155.0,0.0,Bournemouth,2.0,3.0,Crystal Palace,Crystal Palace,0.0,0.0,5.31799215677394,14974.0,1.18876404494382,6.3218378672660975
estevao_almeida_de_oliveira_goncalves,1,1,MID,Chelsea,10,0,0,0,4,0,0,2,2.3,0.0,0.0,3.0,0.0,0.4,0.0,0.0,0.0,0.09,0.0,0.0,0.1,0.2,7.0,0.0,0.0,0.0,0.0,0.0,0.0,0.0,1.0,0.0,0.0,0.0,65.0,0.0,Fulham,3.0,3.0,Brighton,Brighton,4.0,3.0,1.6425528062778687,50210.0,0.6576936731107271,1.0802965884392242
ethan_ampadu,1,5,MID,Leeds,18,0,0,0,3,0,0,3,2.0,0.0,0.0,18.0,1.0,23.3,0.04,0.04,0.0,0.66,0.0,0.0,4.2,18.6,90.0,0.0,0.0,0.0,0.0,0.0,1.0,0.0,5.0,0.0,0.0,0.0,55.0,0.0,Nott'm Forest,1.0,3.0,Brentford,Brentford,3.0,3.0,4.193440752428523,61014.0,0.563797590622306,2.3642517926365914
ethan_nwaneri,1,0,MID,Arsenal,7,1,0,0,4,0,0,2,2.0,0.0,0.0,0.0,0.0,0.0,0.0,0.0,0.0,0.0,0.0,0.0,0.0,0.0,0.0,0.0,0.0,0.0,0.0,0.0,0.0,0.0,0.0,0.0,0.0,0.0,55.0,0.0,Coventry City,3.0,3.0,Aston Villa,Aston Villa,0.0,0.0,0.4716020075876126,,2.0,0.9432040151752252
ethan_pinnock,1,0,DEF,Brentford,19,1,0,0,3,0,0,3,1.7,0.0,0.0,0.0,0.0,0.0,0.0,0.0,0.0,0.0,0.0,0.0,0.0,0.0,0.0,0.0,0.0,0.0,0.0,0.0,0.0,0.0,0.0,0.0,0.0,0.0,45.0,0.0,Spurs,3.0,3.0,Leeds,Leeds,1.0,3.0,0.5907786032583205,,2.0,1.181557206516641
evan_ferguson,1,0,FWD,Brighton,2,1,0,0,2,0,0,4,0.0,0.0,0.0,0.0,0.0,0.0,0.0,0.0,0.0,0.0,0.0,0.0,0.0,0.0,0.0,0.0,0.0,0.0,0.0,0.0,0.0,0.0,0.0,0.0,0.0,0.0,50.0,0.0,Aston Villa,4.0,3.0,Chelsea,Chelsea,3.0,3.0,0.21821869608195077,,1.9544334975369455,0.4264939294113988
evann_guessand,1,1,MID,Crystal Palace,9,0,0,0,3,0,0,3,2.0,0.0,0.0,3.0,0.0,1.8,0.02,0.05,0.03,0.14,0.0,0.0,1.2,3.2,27.0,0.0,0.0,0.0,0.0,0.0,0.0,7.0,1.0,0.0,0.0,0.0,55.0,0.0,Everton,0.0,0.0,Man City,Man City,2.0,3.0,2.222925150404386,,0.6417440175802717,1.4265489168007401
ewen_jaouen,1,0,GK,Newcastle,14,1,0,0,2,0,0,4,1.9,0.0,0.0,0.0,0.0,0.0,0.0,0.0,0.0,0.0,0.0,0.0,0.0,0.0,0.0,0.0,0.0,0.0,0.0,0.0,0.0,0.0,0.0,0.0,0.0,0.0,45.0,0.0,Liverpool,2.0,1.0,Spurs,Spurs,0.0,0.0,-0.09947037320707386,,1.75,-0.17407315311237925
ezri_konsa_ngoyo,1,0,DEF,Arsenal,7,1,0,0,4,0,0,2,1.7,0.0,0.0,0.0,0.0,0.0,0.0,0.0,0.0,0.0,0.0,0.0,0.0,0.0,0.0,0.0,0.0,0.0,0.0,0.0,0.0,0.0,0.0,0.0,0.0,0.0,45.0,0.0,Coventry City,3.0,3.0,Aston Villa,Aston Villa,0.0,0.0,0.48520891153690016,50210.0,2.0,0.9704178230738003
fabian_schar,1,1,DEF,Newcastle,14,1,0,0,2,0,0,4,2.2,0.0,0.0,-1.0,0.0,0.0,0.0,0.0,0.0,0.79,1.0,0.0,0.0,0.0,1.0,0.0,0.0,0.0,0.0,0.0,0.0,0.0,1.0,0.0,0.0,0.0,50.0,0.0,Liverpool,2.0,1.0,Spurs,Spurs,0.0,0.0,1.0389818832811144,,2.0,2.077963766562229
fabio_ferreira_vieira,1,0,MID,Arsenal,7,1,0,0,4,0,0,2,2.0,0.0,0.0,0.0,0.0,0.0,0.0,0.0,0.0,0.0,0.0,0.0,0.0,0.0,0.0,0.0,0.0,0.0,0.0,0.0,0.0,0.0,0.0,0.0,0.0,0.0,55.0,0.0,Coventry City,3.0,3.0,Aston Villa,Aston Villa,0.0,0.0,0.4716020075876126,,2.0,0.9432040151752252
fabio_freitas_gouveia_carvalho,1,0,MID,Brentford,19,1,0,0,3,0,0,3,1.1,0.0,0.0,0.0,0.0,0.0,0.0,0.0,0.0,0.0,0.0,0.0,0.0,0.0,0.0,0.0,0.0,0.0,0.0,0.0,0.0,0.0,0.0,0.0,0.0,0.0,50.0,0.0,Spurs,3.0,3.0,Leeds,Leeds,1.0,3.0,0.3064077605034585,,1.029292011597646,0.3153830601777346
facundo_buonanotte,1,0,MID,Brighton,2,1,0,0,2,0,0,4,0.0,0.0,0.0,0.0,0.0,0.0,0.0,0.0,0.0,0.0,0.0,0.0,0.0,0.0,0.0,0.0,0.0,0.0,0.0,0.0,0.0,0.0,0.0,0.0,0.0,0.0,50.0,0.0,Aston Villa,4.0,3.0,Chelsea,Chelsea,3.0,3.0,0.24455317960868972,,1.203858576210382,0.29440744261143903
federico_chiesa,1,0,MID,Liverpool,17,0,0,0,4,0,0,2,2.0,0.0,0.0,0.0,0.0,0.0,0.0,0.0,0.0,0.0,0.0,0.0,0.0,0.0,0.0,0.0,0.0,0.0,0.0,0.0,0.0,0.0,0.0,0.0,0.0,0.0,55.0,0.0,Newcastle,2.0,1.0,Nott'm Forest,Nott'm Forest,0.0,0.0,0.4894237720729069,,1.9644625221347685,0.9614546576790547
felipe_rodrigues_da_silva,1,0,DEF,Nott'm Forest,13,1,0,0,3,0,0,3,2.2,0.0,0.0,0.0,0.0,0.0,0.0,0.0,0.0,0.0,0.0,0.0,0.0,0.0,0.0,0.0,0.0,0.0,0.0,0.0,0.0,0.0,0.0,0.0,0.0,0.0,50.0,0.0,Leeds,0.0,0.0,Liverpool,Liverpool,2.0,1.0,0.7237500276091621,,1.1454902161551892,0.8290485755683432
ferdi_kadioglu,1,0,DEF,Brighton,2,1,0,0,2,0,0,4,1.7,0.0,0.0,0.0,0.0,0.0,0.0,0.0,0.0,0.0,0.0,0.0,0.0,0.0,0.0,0.0,0.0,0.0,0.0,0.0,0.0,0.0,0.0,0.0,0.0,0.0,45.0,0.0,Aston Villa,4.0,3.0,Chelsea,Chelsea,3.0,3.0,0.7390953645407407,14970.0,2.0,1.4781907290814813
filip_jorgensen,1,0,GK,Chelsea,10,0,0,0,4,0,0,2,0.0,0.0,0.0,0.0,0.0,0.0,0.0,0.0,0.0,0.0,0.0,0.0,0.0,0.0,0.0,0.0,0.0,0.0,0.0,0.0,0.0,0.0,0.0,0.0,0.0,0.0,50.0,0.0,Fulham,3.0,3.0,Brighton,Brighton,4.0,3.0,1.1856206932104967,,0.5,0.5928103466052483
florentino_ibrain_morris_luis,1,0,MID,Ipswich Town,20,1,0,0,2,0,0,3,1.5,0.0,0.0,0.0,0.0,0.0,0.0,0.0,0.0,0.0,0.0,0.0,0.0,0.0,0.0,0.0,0.0,0.0,0.0,0.0,0.0,0.0,0.0,0.0,0.0,0.0,50.0,0.0,Sunderland,2.0,3.0,Man Utd,Man Utd,0.0,0.0,0.3242989531225442,,0.8222241740022191,0.2666464388609683
florian_wirtz,1,2,MID,Liverpool,17,0,0,0,4,0,0,2,2.6,0.0,0.0,16.0,0.0,17.9,0.04,0.3,0.26,0.51,2.0,0.0,5.7,9.8,62.0,0.0,0.0,0.0,0.0,0.0,1.0,29.0,2.0,0.0,0.0,0.0,75.0,0.0,Newcastle,2.0,1.0,Nott'm Forest,Nott'm Forest,0.0,0.0,2.9319640218522074,61014.0,1.9644625221347685,5.759733437176187
francisco_evanilson_de_lima_barbosa,1,4,FWD,Bournemouth,15,0,0,0,3,0,0,4,2.0,1.0,0.0,17.0,1.0,11.9,0.21,0.21,0.0,1.94,0.0,0.0,3.3,19.4,74.0,0.0,0.0,0.0,0.0,0.0,1.0,2.0,4.0,0.0,0.0,0.0,60.0,1.0,Man City,1.0,0.0,Everton,Everton,2.0,3.0,3.130309855968325,15210.0,0.8255305867665415,2.584166532158619
frank_onyeka,1,2,MID,Coventry City,1,0,0,0,2,0,0,4,1.5,0.0,0.0,8.0,0.0,1.6,0.01,0.01,0.0,1.88,3.0,0.0,0.5,3.6,90.0,0.0,0.0,0.0,0.0,0.0,1.0,0.0,2.0,0.0,0.0,0.0,50.0,0.0,Arsenal,0.0,0.0,Hull City,Hull City,2.0,3.0,2.6239855318576906,,0.5,1.3119927659288453
fraser_forster,1,0,GK,Bournemouth,15,0,0,0,3,0,0,4,1.0,0.0,0.0,0.0,0.0,0.0,0.0,0.0,0.0,0.0,0.0,0.0,0.0,0.0,0.0,0.0,0.0,0.0,0.0,0.0,0.0,0.0,0.0,0.0,0.0,0.0,40.0,0.0,Man City,1.0,0.0,Everton,Everton,2.0,3.0,0.21692560801001304,,1.0,0.21692560801001304
freddie_woodman,1,0,GK,Liverpool,17,0,0,0,4,0,0,2,1.0,0.0,0.0,0.0,0.0,0.0,0.0,0.0,0.0,0.0,0.0,0.0,0.0,0.0,0.0,0.0,0.0,0.0,0.0,0.0,0.0,0.0,0.0,0.0,0.0,0.0,40.0,0.0,Newcastle,2.0,1.0,Nott'm Forest,Nott'm Forest,0.0,0.0,-0.2363921335119008,,2.0,-0.4727842670238016
gabriel_dos_santos_magalhaes,1,5,DEF,Arsenal,7,1,0,0,4,0,0,2,4.0,0.0,0.0,21.0,1.0,1.8,0.01,0.06,0.05,0.2,0.0,0.0,0.9,6.6,90.0,0.0,0.0,0.0,0.0,0.0,1.0,1.0,5.0,0.0,0.0,0.0,80.0,1.0,Coventry City,3.0,3.0,Aston Villa,Aston Villa,0.0,0.0,4.1872105331362235,14972.0,2.0,8.374421066272447
gabriel_fernando_de_jesus,1,0,FWD,Arsenal,7,1,0,0,4,0,0,2,2.0,0.0,0.0,0.0,0.0,0.0,0.0,0.0,0.0,0.0,0.0,0.0,0.0,0.0,0.0,0.0,0.0,0.0,0.0,0.0,0.0,0.0,0.0,0.0,0.0,0.0,60.0,0.0,Coventry City,3.0,3.0,Aston Villa,Aston Villa,0.0,0.0,0.49396884177976075,,1.8241379310344823,0.9010673010396323
gabriel_gudmundsson,1,0,DEF,Leeds,18,0,0,0,3,0,0,3,0.0,0.0,0.0,0.0,0.0,0.0,0.0,0.0,0.0,0.0,0.0,0.0,0.0,0.0,0.0,0.0,0.0,0.0,0.0,0.0,0.0,0.0,0.0,0.0,0.0,0.0,45.0,0.0,Nott'm Forest,1.0,3.0,Brentford,Brentford,3.0,3.0,0.4758659338963491,,2.0,0.9517318677926982
gabriel_martinelli_silva,1,0,MID,Arsenal,7,1,0,0,4,0,0,2,2.3,0.0,0.0,0.0,0.0,0.0,0.0,0.0,0.0,0.0,0.0,0.0,0.0,0.0,0.0,0.0,0.0,0.0,0.0,0.0,0.0,0.0,0.0,0.0,0.0,0.0,65.0,0.0,Coventry City,3.0,3.0,Aston Villa,Aston Villa,0.0,0.0,0.740459827410711,,2.0,1.480919654821422
george_hemmings,1,2,MID,Aston Villa,5,0,0,0,4,0,0,2,1.0,0.0,0.0,12.0,0.0,11.6,0.0,0.0,0.0,3.77,4.0,0.0,2.4,10.6,90.0,0.0,0.0,0.0,0.0,0.0,1.0,2.0,2.0,0.0,0.0,0.0,45.0,0.0,Brighton,0.0,0.0,Arsenal,Arsenal,3.0,3.0,2.286084681616233,,0.5,1.1430423408081165
george_hirst,1,0,FWD,Ipswich Town,20,1,0,0,2,0,0,3,0.0,0.0,0.0,0.0,0.0,0.0,0.0,0.0,0.0,0.0,0.0,0.0,0.0,0.0,0.0,0.0,0.0,0.0,0.0,0.0,0.0,0.0,0.0,0.0,0.0,0.0,50.0,0.0,Sunderland,2.0,3.0,Man Utd,Man Utd,0.0,0.0,0.12762450784229928,,2.0,0.25524901568459857
george_shepherd,1,0,MID,Coventry City,1,0,0,0,2,0,0,4,1.0,0.0,0.0,0.0,0.0,0.0,0.0,0.0,0.0,0.0,0.0,0.0,0.0,0.0,0.0,0.0,0.0,0.0,0.0,0.0,0.0,0.0,0.0,0.0,0.0,0.0,45.0,0.0,Arsenal,0.0,0.0,Hull City,Hull City,2.0,3.0,0.26482176901462817,,0.5,0.13241088450731409
georginio_rutter,1,5,FWD,Brighton,2,1,0,0,2,0,0,4,1.8,1.0,0.0,22.0,1.0,11.4,0.44,0.52,0.08,0.29,0.0,0.0,4.6,19.8,90.0,0.0,0.0,0.0,0.0,0.0,1.0,15.0,5.0,0.0,0.0,0.0,55.0,0.0,Aston Villa,4.0,3.0,Chelsea,Chelsea,3.0,3.0,3.2618239742068846,14972.0,1.9544334975369455,6.375018038259021
geovany_quenda,1,1,MID,Chelsea,10,0,0,0,4,0,0,2,2.0,0.0,0.0,2.0,0.0,0.3,0.0,0.0,0.0,0.09,0.0,0.0,0.4,1.2,8.0,0.0,0.0,0.0,0.0,0.0,0.0,2.0,1.0,0.0,0.0,0.0,55.0,0.0,Fulham,3.0,3.0,Brighton,Brighton,4.0,3.0,1.4488272386643075,,0.6576936731107271,0.9528845083000005
geronimo_rulli,1,0,GK,Man City,3,1,0,0,4,0,0,3,2.6,0.0,0.0,0.0,0.0,0.0,0.0,0.0,0.0,0.0,0.0,0.0,0.0,0.0,0.0,0.0,0.0,0.0,0.0,0.0,0.0,0.0,0.0,0.0,0.0,0.0,50.0,0.0,Bournemouth,2.0,3.0,Crystal Palace,Crystal Palace,0.0,0.0,0.2620823727059918,,2.0,0.5241647454119835
gianluigi_donnarumma,1,3,GK,Man City,3,1,0,0,4,0,0,3,3.3,0.0,0.0,12.0,0.0,0.0,0.0,0.0,0.0,0.65,1.0,0.0,2.7,26.8,90.0,0.0,0.0,0.0,0.0,3.0,1.0,0.0,3.0,0.0,0.0,0.0,55.0,0.0,Bournemouth,2.0,3.0,Crystal Palace,Crystal Palace,0.0,0.0,3.568934795248369,14969.0,2.0,7.137869590496738
giorgi_mamardashvili,1,0,GK,Liverpool,17,0,0,0,4,0,0,2,2.6,0.0,0.0,0.0,0.0,0.0,0.0,0.0,0.0,0.0,0.0,0.0,0.0,0.0,0.0,0.0,0.0,0.0,0.0,0.0,0.0,0.0,0.0,0.0,0.0,0.0,50.0,0.0,Newcastle,2.0,1.0,Nott'm Forest,Nott'm Forest,0.0,0.0,0.03865237455756754,14969.0,2.0,0.07730474911513507
giovanni_leoni,1,0,DEF,Liverpool,17,0,0,0,4,0,0,2,0.0,0.0,0.0,0.0,0.0,0.0,0.0,0.0,0.0,0.0,0.0,0.0,0.0,0.0,0.0,0.0,0.0,0.0,0.0,0.0,0.0,0.0,0.0,0.0,0.0,0.0,40.0,0.0,Newcastle,2.0,1.0,Nott'm Forest,Nott'm Forest,0.0,0.0,0.03580727106422721,,1.058760202742355,0.03791131357161166
gonzalo_garcia,1,6,FWD,Fulham,6,1,0,0,2,0,0,4,2.0,0.0,0.0,33.0,0.0,4.3,0.01,0.74,0.73,2.24,3.0,1.0,8.2,37.2,90.0,0.0,0.0,0.0,0.0,0.0,1.0,40.0,6.0,0.0,0.0,0.0,60.0,0.0,Chelsea,2.0,0.0,Sunderland,Sunderland,1.0,0.0,2.932848551309725,14973.0,2.0,5.86569710261945
granit_xhaka,1,9,MID,Sunderland,12,0,0,0,3,0,0,2,2.0,1.0,2.0,31.0,0.0,31.4,0.09,0.09,0.0,1.8,2.0,0.0,5.0,18.8,90.0,0.0,0.0,0.0,0.0,0.0,1.0,0.0,9.0,0.0,0.0,0.0,55.0,0.0,Ipswich Town,1.0,0.0,Fulham,Fulham,2.0,0.0,3.6927545390520846,50210.0,1.8240276162413267,6.735686259231513
guglielmo_vicario,1,0,GK,Spurs,4,0,0,0,3,0,0,3,0.0,0.0,0.0,0.0,0.0,0.0,0.0,0.0,0.0,0.0,0.0,0.0,0.0,0.0,0.0,0.0,0.0,0.0,0.0,0.0,0.0,0.0,0.0,0.0,0.0,0.0,45.0,0.0,Brentford,0.0,0.0,Newcastle,Newcastle,2.0,1.0,0.05689452121754601,,1.0,0.05689452121754601
gustavo_hamer,1,1,MID,Coventry City,1,0,0,0,2,0,0,4,2.0,0.0,0.0,3.0,0.0,0.3,0.0,0.0,0.0,0.13,0.0,0.0,0.1,0.4,8.0,0.0,0.0,0.0,0.0,0.0,0.0,0.0,1.0,0.0,0.0,0.0,55.0,0.0,Arsenal,0.0,0.0,Hull City,Hull City,2.0,3.0,1.3970304102264284,,0.5,0.6985152051132142
habib_diarra,1,1,MID,Sunderland,12,0,0,0,3,0,0,2,2.0,0.0,0.0,3.0,0.0,0.6,0.0,0.03,0.03,0.1,1.0,0.0,0.3,0.4,10.0,0.0,0.0,0.0,0.0,0.0,0.0,2.0,1.0,0.0,0.0,0.0,55.0,0.0,Ipswich Town,1.0,0.0,Fulham,Fulham,2.0,0.0,1.4626357194587338,,1.8240276162413267,2.667887944793732
haji_wright,1,0,FWD,Coventry City,1,0,0,0,2,0,0,4,0.0,0.0,0.0,0.0,0.0,0.0,0.0,0.0,0.0,0.0,0.0,0.0,0.0,0.0,0.0,0.0,0.0,0.0,0.0,0.0,0.0,0.0,0.0,0.0,0.0,0.0,55.0,0.0,Arsenal,0.0,0.0,Hull City,Hull City,2.0,3.0,0.25388712839338035,14973.0,0.7278481012658227,0.18479126433695403
hakon_rafn_valdimarsson,1,0,GK,Brentford,19,1,0,0,3,0,0,3,1.9,0.0,0.0,0.0,0.0,0.0,0.0,0.0,0.0,0.0,0.0,0.0,0.0,0.0,0.0,0.0,0.0,0.0,0.0,0.0,0.0,0.0,0.0,0.0,0.0,0.0,45.0,0.0,Spurs,3.0,3.0,Leeds,Leeds,1.0,3.0,0.6778148902607252,,2.0,1.3556297805214503
harrison_armstrong,1,8,MID,Everton,8,1,0,0,3,0,0,3,1.5,1.0,0.0,25.0,1.0,14.7,0.04,0.04,0.0,1.96,0.0,0.0,4.8,28.8,90.0,0.0,0.0,0.0,0.0,0.0,1.0,4.0,8.0,0.0,0.0,0.0,50.0,0.0,Crystal Palace,2.0,3.0,Bournemouth,Bournemouth,1.0,0.0,4.098306942042103,,1.3035670503158765,5.342417891726904
harrison_reed,1,0,MID,Fulham,6,1,0,0,2,0,0,4,1.0,0.0,0.0,0.0,0.0,0.0,0.0,0.0,0.0,0.0,0.0,0.0,0.0,0.0,0.0,0.0,0.0,0.0,0.0,0.0,0.0,0.0,0.0,0.0,0.0,0.0,45.0,0.0,Chelsea,2.0,0.0,Sunderland,Sunderland,1.0,0.0,0.18438194582400924,,0.8335604873647082,0.15369350462231438
harry_amass,1,0,DEF,Man Utd,11,0,0,0,4,0,0,2,1.0,0.0,0.0,0.0,0.0,0.0,0.0,0.0,0.0,0.0,0.0,0.0,0.0,0.0,0.0,0.0,0.0,0.0,0.0,0.0,0.0,0.0,0.0,0.0,0.0,0.0,40.0,0.0,Hull City,0.0,0.0,Ipswich Town,Ipswich Town,2.0,3.0,0.256531805833768,,0.5,0.128265902916884
harry_howell,1,0,MID,Brighton,2,1,0,0,2,0,0,4,0.0,0.0,0.0,0.0,0.0,0.0,0.0,0.0,0.0,0.0,0.0,0.0,0.0,0.0,0.0,0.0,0.0,0.0,0.0,0.0,0.0,0.0,0.0,0.0,0.0,0.0,45.0,0.0,Aston Villa,4.0,3.0,Chelsea,Chelsea,3.0,3.0,0.1242918679182019,,1.203858576210382,0.14962983114653539
harry_maguire,1,1,DEF,Man Utd,11,0,0,0,4,0,0,2,2.2,0.0,0.0,15.0,0.0,28.6,0.4,0.44,0.04,1.01,2.0,0.0,7.3,25.4,90.0,0.0,0.0,0.0,0.0,0.0,1.0,19.0,1.0,0.0,0.0,0.0,50.0,0.0,Hull City,0.0,0.0,Ipswich Town,Ipswich Town,2.0,3.0,3.609123516280728,14974.0,0.5,1.804561758140364
harry_wilson,1,3,MID,Leeds,18,0,0,0,3,0,0,3,2.3,0.0,0.0,8.0,1.0,15.3,0.02,0.02,0.0,0.53,0.0,0.0,2.6,6.2,65.0,0.0,0.0,0.0,0.0,0.0,1.0,4.0,3.0,0.0,0.0,0.0,65.0,0.0,Nott'm Forest,1.0,3.0,Brentford,Brentford,3.0,3.0,2.7179346666572783,15210.0,0.563797590622306,1.532365016530214
harvey_barnes,1,2,MID,Newcastle,14,1,0,0,2,0,0,4,2.2,0.0,0.0,12.0,0.0,2.4,0.02,0.09,0.07,2.98,2.0,0.0,1.7,5.2,90.0,0.0,0.0,0.0,0.0,0.0,1.0,9.0,2.0,0.0,0.0,0.0,60.0,0.0,Liverpool,2.0,1.0,Spurs,Spurs,0.0,0.0,2.9041973223723216,,1.737423855893725,5.04582171011235
harvey_cartwright,1,0,GK,Hull City,16,1,0,0,2,0,0,4,0.0,0.0,0.0,0.0,0.0,0.0,0.0,0.0,0.0,0.0,0.0,0.0,0.0,0.0,0.0,0.0,0.0,0.0,0.0,0.0,0.0,0.0,0.0,0.0,0.0,0.0,40.0,0.0,Man Utd,2.0,3.0,Coventry City,Coventry City,0.0,0.0,-0.006957198064402315,,2.0,-0.01391439612880463
harvey_davies,1,0,GK,Liverpool,17,0,0,0,4,0,0,2,1.0,0.0,0.0,0.0,0.0,0.0,0.0,0.0,0.0,0.0,0.0,0.0,0.0,0.0,0.0,0.0,0.0,0.0,0.0,0.0,0.0,0.0,0.0,0.0,0.0,0.0,40.0,0.0,Newcastle,2.0,1.0,Nott'm Forest,Nott'm Forest,0.0,0.0,-0.2363921335119008,,2.0,-0.4727842670238016
harvey_elliott,1,0,MID,Liverpool,17,0,0,0,4,0,0,2,2.0,0.0,0.0,0.0,0.0,0.0,0.0,0.0,0.0,0.0,0.0,0.0,0.0,0.0,0.0,0.0,0.0,0.0,0.0,0.0,0.0,0.0,0.0,0.0,0.0,0.0,55.0,0.0,Newcastle,2.0,1.0,Nott'm Forest,Nott'm Forest,0.0,0.0,0.4894237720729069,,1.9644625221347685,0.9614546576790547
hayden_hackney,1,3,MID,Everton,8,1,0,0,3,0,0,3,2.0,0.0,0.0,16.0,1.0,12.2,0.01,0.02,0.01,1.62,0.0,0.0,2.6,8.6,78.0,0.0,0.0,0.0,0.0,0.0,1.0,5.0,3.0,0.0,0.0,0.0,55.0,0.0,Crystal Palace,2.0,3.0,Bournemouth,Bournemouth,1.0,0.0,2.598529241219889,,1.3035670503158765,3.3873570981365635
hidemasa_morita,1,0,MID,Hull City,16,1,0,0,2,0,0,4,0.8,0.0,0.0,0.0,0.0,0.0,0.0,0.0,0.0,0.0,0.0,0.0,0.0,0.0,0.0,0.0,0.0,0.0,0.0,0.0,0.0,0.0,0.0,0.0,0.0,0.0,50.0,0.0,Man Utd,2.0,3.0,Coventry City,Coventry City,0.0,0.0,0.2581834947575905,,1.0874120328128694,0.2807518388730823
hugo_ekitike,1,0,FWD,Liverpool,17,0,0,0,4,0,0,2,0.0,0.0,0.0,0.0,0.0,0.0,0.0,0.0,0.0,0.0,0.0,0.0,0.0,0.0,0.0,0.0,0.0,0.0,0.0,0.0,0.0,0.0,0.0,0.0,0.0,0.0,75.0,0.0,Newcastle,2.0,1.0,Nott'm Forest,Nott'm Forest,0.0,0.0,0.610052925917536,,0.5,0.305026462958768
ian_maatsen,1,0,DEF,Aston Villa,5,0,0,0,4,0,0,2,1.7,0.0,0.0,-9.0,0.0,0.8,0.0,0.03,0.03,3.62,4.0,0.0,1.3,9.2,81.0,0.0,0.0,0.0,0.0,0.0,1.0,3.0,0.0,0.0,0.0,0.0,45.0,0.0,Brighton,0.0,0.0,Arsenal,Arsenal,3.0,3.0,1.4494509451313782,,0.5,0.7247254725656891
ibrahim_osman,1,1,MID,Brighton,2,1,0,0,2,0,0,4,1.5,0.0,0.0,7.0,0.0,15.4,0.05,0.05,0.0,0.0,0.0,0.0,2.4,4.2,12.0,0.0,0.0,0.0,0.0,0.0,0.0,4.0,1.0,0.0,0.0,0.0,50.0,0.0,Aston Villa,4.0,3.0,Chelsea,Chelsea,3.0,3.0,1.4907168303283285,,1.203858576210382,1.794612240891915
ibrahim_sangare,1,2,MID,Nott'm Forest,13,1,0,0,3,0,0,3,1.5,0.0,0.0,10.0,0.0,13.0,0.01,0.04,0.03,0.47,1.0,0.0,3.4,17.8,90.0,0.0,0.0,0.0,0.0,0.0,1.0,3.0,2.0,0.0,0.0,0.0,50.0,0.0,Leeds,0.0,0.0,Liverpool,Liverpool,2.0,1.0,2.7487341910493504,,0.6479143129270348,1.7809442248127887
igor_jesus_maciel_da_cruz,1,2,FWD,Nott'm Forest,13,1,0,0,3,0,0,3,2.0,0.0,0.0,8.0,0.0,6.8,0.02,0.24,0.22,0.47,1.0,0.0,4.3,5.2,90.0,0.0,0.0,0.0,0.0,0.0,1.0,31.0,2.0,0.0,0.0,0.0,60.0,0.0,Leeds,0.0,0.0,Liverpool,Liverpool,2.0,1.0,3.5730061156160096,15210.0,0.9810489713126628,3.5052939742189393
igor_julio_dos_santos_de_paulo,1,0,DEF,Brighton,2,1,0,0,2,0,0,4,1.7,0.0,0.0,0.0,0.0,0.0,0.0,0.0,0.0,0.0,0.0,0.0,0.0,0.0,0.0,0.0,0.0,0.0,0.0,0.0,0.0,0.0,0.0,0.0,0.0,0.0,45.0,0.0,Aston Villa,4.0,3.0,Chelsea,Chelsea,3.0,3.0,0.7390953645407407,,2.0,1.4781907290814813
igor_thiago_nascimento_rodrigues,1,0,FWD,Brentford,19,1,0,0,3,0,0,3,2.5,0.0,0.0,-3.0,1.0,4.0,0.08,1.08,1.0,0.5,0.0,0.0,1.4,2.2,82.0,0.0,1.0,0.0,0.0,0.0,1.0,8.0,0.0,0.0,0.0,0.0,80.0,0.0,Spurs,3.0,3.0,Leeds,Leeds,1.0,3.0,4.222798094492151,79641.0,0.5,2.1113990472460755
ilia_gruev,1,0,MID,Leeds,18,0,0,0,3,0,0,3,0.0,0.0,0.0,0.0,0.0,0.0,0.0,0.0,0.0,0.0,0.0,0.0,0.0,0.0,0.0,0.0,0.0,0.0,0.0,0.0,0.0,0.0,0.0,0.0,0.0,0.0,50.0,0.0,Nott'm Forest,1.0,3.0,Brentford,Brentford,3.0,3.0,0.3051039334955634,,0.563797590622306,0.17201686259418694
iliman_ndiaye,1,9,MID,Everton,8,1,0,0,3,0,0,3,2.2,1.0,1.0,36.0,1.0,39.8,0.32,0.56,0.24,1.96,0.0,0.0,12.9,40.8,90.0,0.0,0.0,0.0,0.0,0.0,1.0,48.0,9.0,0.0,0.0,0.0,60.0,0.0,Crystal Palace,2.0,3.0,Bournemouth,Bournemouth,1.0,0.0,5.278660613430886,14969.0,1.3035670503158765,6.881088045468696
illan_meslier,1,0,GK,Arsenal,7,1,0,0,4,0,0,2,2.6,0.0,0.0,0.0,0.0,0.0,0.0,0.0,0.0,0.0,0.0,0.0,0.0,0.0,0.0,0.0,0.0,0.0,0.0,0.0,0.0,0.0,0.0,0.0,0.0,0.0,50.0,0.0,Coventry City,3.0,3.0,Aston Villa,Aston Villa,0.0,0.0,0.3155053381022057,,2.0,0.6310106762044114
ismaila_sarr,1,0,MID,Crystal Palace,9,0,0,0,3,0,0,3,2.3,0.0,0.0,0.0,0.0,0.0,0.0,0.0,0.0,0.0,0.0,0.0,0.0,0.0,0.0,0.0,0.0,0.0,0.0,0.0,0.0,0.0,0.0,0.0,0.0,0.0,65.0,0.0,Everton,0.0,0.0,Man City,Man City,2.0,3.0,0.8686528670257794,14971.0,0.6417440175802717,0.5574527807677452
issa_diop,1,2,DEF,Ipswich Town,20,1,0,0,2,0,0,3,1.0,0.0,0.0,7.0,0.0,0.8,0.01,0.01,0.0,0.66,1.0,0.0,1.0,7.2,90.0,0.0,0.0,0.0,0.0,0.0,1.0,2.0,2.0,0.0,0.0,0.0,40.0,0.0,Sunderland,2.0,3.0,Man Utd,Man Utd,0.0,0.0,2.627542688066878,,2.0,5.255085376133756
jack_butland,1,0,GK,Hull City,16,1,0,0,2,0,0,4,0.0,0.0,0.0,0.0,0.0,0.0,0.0,0.0,0.0,0.0,0.0,0.0,0.0,0.0,0.0,0.0,0.0,0.0,0.0,0.0,0.0,0.0,0.0,0.0,0.0,0.0,45.0,0.0,Man Utd,2.0,3.0,Coventry City,Coventry City,0.0,0.0,0.13536900580959133,,2.0,0.27073801161918265
jack_clarke,1,7,MID,Ipswich Town,20,1,0,0,2,0,0,3,2.0,0.0,1.0,27.0,0.0,0.6,0.0,0.1,0.1,0.03,0.0,1.0,5.2,33.6,19.0,0.0,0.0,0.0,0.0,0.0,0.0,18.0,7.0,0.0,0.0,0.0,55.0,0.0,Sunderland,2.0,3.0,Man Utd,Man Utd,0.0,0.0,2.022407366608454,,0.8222241740022191,1.6628722265056393
jack_fletcher,1,0,MID,Man Utd,11,0,0,0,4,0,0,2,1.5,0.0,0.0,0.0,0.0,0.0,0.0,0.0,0.0,0.0,0.0,0.0,0.0,0.0,0.0,0.0,0.0,0.0,0.0,0.0,0.0,0.0,0.0,0.0,0.0,0.0,50.0,0.0,Hull City,0.0,0.0,Ipswich Town,Ipswich Town,2.0,3.0,0.43230840810865434,,0.5,0.21615420405432717
jack_grealish,1,1,MID,Man City,3,1,0,0,4,0,0,3,2.3,0.0,0.0,2.0,0.0,0.6,0.0,0.0,0.0,0.0,0.0,0.0,0.2,1.0,8.0,0.0,0.0,0.0,0.0,0.0,0.0,0.0,1.0,0.0,0.0,0.0,65.0,0.0,Bournemouth,2.0,3.0,Crystal Palace,Crystal Palace,0.0,0.0,1.578413099101872,,1.3035670503158765,2.0575673077761687
jack_harrison,1,0,MID,Leeds,18,0,0,0,3,0,0,3,0.0,0.0,0.0,0.0,0.0,0.0,0.0,0.0,0.0,0.0,0.0,0.0,0.0,0.0,0.0,0.0,0.0,0.0,0.0,0.0,0.0,0.0,0.0,0.0,0.0,0.0,50.0,0.0,Nott'm Forest,1.0,3.0,Brentford,Brentford,3.0,3.0,0.3051039334955634,,0.563797590622306,0.17201686259418694
jack_hinshelwood,1,16,MID,Brighton,2,1,0,0,2,0,0,4,2.2,0.0,3.0,54.0,1.0,13.4,0.02,1.43,1.41,0.19,0.0,2.0,14.5,72.8,63.0,0.0,0.0,0.0,0.0,0.0,1.0,59.0,16.0,0.0,0.0,0.0,60.0,0.0,Aston Villa,4.0,3.0,Chelsea,Chelsea,3.0,3.0,3.6688861019966437,,1.203858576210382,4.416819999027737
jack_rudoni,1,1,MID,Coventry City,1,0,0,0,2,0,0,4,1.5,0.0,0.0,3.0,0.0,3.8,0.0,0.15,0.15,0.29,0.0,0.0,2.6,5.6,20.0,0.0,0.0,0.0,0.0,0.0,0.0,17.0,1.0,0.0,0.0,0.0,50.0,0.0,Arsenal,0.0,0.0,Hull City,Hull City,2.0,3.0,1.9659590724711897,,0.5,0.9829795362355949
jack_taylor,1,0,MID,Ipswich Town,20,1,0,0,2,0,0,3,0.0,0.0,0.0,0.0,0.0,0.0,0.0,0.0,0.0,0.0,0.0,0.0,0.0,0.0,0.0,0.0,0.0,0.0,0.0,0.0,0.0,0.0,0.0,0.0,0.0,0.0,45.0,0.0,Sunderland,2.0,3.0,Man Utd,Man Utd,0.0,0.0,0.062361659221441545,,0.8222241740022191,0.05127526374275765
jacob_greaves,1,2,DEF,Ipswich Town,20,1,0,0,2,0,0,3,1.0,0.0,0.0,12.0,0.0,1.3,0.0,0.0,0.0,0.66,1.0,0.0,1.8,16.4,90.0,0.0,0.0,0.0,0.0,0.0,1.0,0.0,2.0,0.0,0.0,0.0,40.0,0.0,Sunderland,2.0,3.0,Man Utd,Man Utd,0.0,0.0,2.4428174023326337,,2.0,4.885634804665267
jacob_murphy,1,0,MID,Newcastle,14,1,0,0,2,0,0,4,2.2,0.0,0.0,-1.0,0.0,0.1,0.0,0.0,0.0,1.04,1.0,0.0,0.1,0.0,14.0,0.0,0.0,0.0,0.0,0.0,0.0,2.0,0.0,0.0,0.0,0.0,60.0,1.0,Liverpool,2.0,1.0,Spurs,Spurs,0.0,0.0,1.400434577924722,,1.737423855893725,2.4331484443048716
jacob_ramsey,1,0,MID,Newcastle,14,1,0,0,2,0,0,4,1.5,0.0,0.0,1.0,0.0,1.3,0.01,0.07,0.06,1.5,1.0,0.0,1.3,7.8,34.0,0.0,0.0,0.0,0.0,0.0,0.0,4.0,0.0,0.0,0.0,0.0,50.0,1.0,Liverpool,2.0,1.0,Spurs,Spurs,0.0,0.0,1.7738262751241982,,1.737423855893725,3.081888086611888
jaden_philogene,1,0,MID,Ipswich Town,20,1,0,0,2,0,0,3,2.0,0.0,0.0,0.0,0.0,0.0,0.0,0.0,0.0,0.0,0.0,0.0,0.0,0.0,0.0,0.0,0.0,0.0,0.0,0.0,0.0,0.0,0.0,0.0,0.0,0.0,55.0,0.0,Sunderland,2.0,3.0,Man Utd,Man Utd,0.0,0.0,0.4917855922165706,,0.8222241740022191,0.4043580023464619
jahnoah_markelo,1,0,FWD,Coventry City,1,0,0,0,2,0,0,4,0.0,0.0,0.0,0.0,0.0,0.0,0.0,0.0,0.0,0.0,0.0,0.0,0.0,0.0,0.0,0.0,0.0,0.0,0.0,0.0,0.0,0.0,0.0,0.0,0.0,0.0,50.0,0.0,Arsenal,0.0,0.0,Hull City,Hull City,2.0,3.0,0.16473415544175296,,0.7278481012658227,0.11990144225190878
jaidon_anthony,1,1,MID,Brentford,19,1,0,0,3,0,0,3,2.2,0.0,0.0,9.0,0.0,34.9,0.35,0.38,0.03,0.1,0.0,0.0,4.7,10.6,23.0,0.0,0.0,0.0,0.0,0.0,0.0,1.0,1.0,0.0,0.0,0.0,60.0,0.0,Spurs,3.0,3.0,Leeds,Leeds,1.0,3.0,2.529064043724002,,1.029292011597646,2.6031454170239554
jair_paula_da_cunha_filho,1,1,DEF,Nott'm Forest,13,1,0,0,3,0,0,3,1.7,0.0,0.0,5.0,0.0,1.3,0.0,0.0,0.0,0.47,1.0,0.0,2.2,20.8,90.0,0.0,0.0,0.0,0.0,0.0,1.0,0.0,1.0,0.0,0.0,0.0,45.0,1.0,Leeds,0.0,0.0,Liverpool,Liverpool,2.0,1.0,2.9654748066796426,,1.1454902161551892,3.3969223773062316
jaka_bijol,1,10,DEF,Leeds,18,0,0,0,3,0,0,3,2.2,0.0,2.0,28.0,1.0,0.4,0.0,0.11,0.11,0.66,0.0,0.0,3.9,23.6,90.0,0.0,0.0,0.0,0.0,0.0,1.0,15.0,10.0,0.0,0.0,0.0,50.0,0.0,Nott'm Forest,1.0,3.0,Brentford,Brentford,3.0,3.0,4.013280685407036,,2.0,8.026561370814072
jake_bidwell,1,0,DEF,Coventry City,1,0,0,0,2,0,0,4,1.0,0.0,0.0,0.0,0.0,0.0,0.0,0.0,0.0,0.0,0.0,0.0,0.0,0.0,0.0,0.0,0.0,0.0,0.0,0.0,0.0,0.0,0.0,0.0,0.0,0.0,40.0,0.0,Arsenal,0.0,0.0,Hull City,Hull City,2.0,3.0,0.256531805833768,,0.5,0.128265902916884
jake_o'brien,1,0,DEF,Everton,8,1,0,0,3,0,0,3,2.2,0.0,0.0,0.0,0.0,0.0,0.0,0.0,0.0,0.0,0.0,0.0,0.0,0.0,0.0,0.0,0.0,0.0,0.0,0.0,0.0,0.0,0.0,0.0,0.0,0.0,50.0,0.0,Crystal Palace,2.0,3.0,Bournemouth,Bournemouth,1.0,0.0,0.7640032113731268,,2.0,1.5280064227462535
james_garner,1,1,MID,Everton,8,1,0,0,3,0,0,3,0.5,0.0,0.0,6.0,0.0,11.8,0.03,0.03,0.0,0.34,0.0,0.0,1.9,4.8,11.0,0.0,0.0,0.0,0.0,0.0,0.0,2.0,1.0,0.0,0.0,0.0,60.0,0.0,Crystal Palace,2.0,3.0,Bournemouth,Bournemouth,1.0,0.0,1.4633022095873904,,1.3035670503158765,1.907512545072539
james_hill,1,1,DEF,Bournemouth,15,0,0,0,3,0,0,4,2.5,0.0,0.0,0.0,0.0,0.3,0.0,0.0,0.0,2.25,2.0,0.0,1.2,11.6,90.0,0.0,0.0,0.0,0.0,0.0,1.0,0.0,1.0,0.0,0.0,0.0,55.0,0.0,Man City,1.0,0.0,Everton,Everton,2.0,3.0,2.560480100023448,14969.0,0.5,1.280240050011724
james_justin,1,10,DEF,Leeds,18,0,0,0,3,0,0,3,1.7,0.0,2.0,28.0,1.0,2.3,0.01,0.01,0.0,0.66,0.0,0.0,2.9,24.6,90.0,0.0,0.0,0.0,0.0,0.0,1.0,2.0,10.0,0.0,0.0,0.0,45.0,0.0,Nott'm Forest,1.0,3.0,Brentford,Brentford,3.0,3.0,3.55355131537006,,2.0,7.10710263074012
james_maddison,1,1,MID,Spurs,4,0,0,0,3,0,0,3,2.3,0.0,0.0,6.0,0.0,8.3,0.01,0.01,0.0,0.85,0.0,0.0,2.1,4.4,22.0,0.0,0.0,0.0,0.0,0.0,0.0,8.0,1.0,0.0,0.0,0.0,65.0,0.0,Brentford,0.0,0.0,Newcastle,Newcastle,2.0,1.0,2.2439525637877993,14972.0,0.6078457933658143,1.363977126410848
james_mcatee,1,3,MID,Nott'm Forest,13,1,0,0,3,0,0,3,2.0,0.0,0.0,18.0,1.0,42.5,0.16,0.16,0.0,0.34,0.0,0.0,5.4,11.6,73.0,0.0,0.0,0.0,0.0,0.0,1.0,0.0,3.0,0.0,0.0,0.0,55.0,0.0,Leeds,0.0,0.0,Liverpool,Liverpool,2.0,1.0,2.8364354472257904,,0.6479143129270348,1.8377671239511848
james_mcconnell,1,0,MID,Liverpool,17,0,0,0,4,0,0,2,1.0,0.0,0.0,0.0,0.0,0.0,0.0,0.0,0.0,0.0,0.0,0.0,0.0,0.0,0.0,0.0,0.0,0.0,0.0,0.0,0.0,0.0,0.0,0.0,0.0,0.0,45.0,0.0,Newcastle,2.0,1.0,Nott'm Forest,Nott'm Forest,0.0,0.0,0.15445049388485432,,1.9644625221347685,0.30341220676200154
james_rowswell,1,0,DEF,Spurs,4,0,0,0,3,0,0,3,1.0,0.0,0.0,0.0,0.0,0.0,0.0,0.0,0.0,0.0,0.0,0.0,0.0,0.0,0.0,0.0,0.0,0.0,0.0,0.0,0.0,0.0,0.0,0.0,0.0,0.0,40.0,0.0,Brentford,0.0,0.0,Newcastle,Newcastle,2.0,1.0,0.22868733419409604,,0.5,0.11434366709704802
james_tarkowski,1,6,DEF,Everton,8,1,0,0,3,0,0,3,2.8,0.0,0.0,25.0,1.0,0.8,0.0,0.05,0.05,1.96,0.0,0.0,2.0,15.2,90.0,0.0,0.0,0.0,0.0,0.0,1.0,4.0,6.0,0.0,0.0,0.0,60.0,0.0,Crystal Palace,2.0,3.0,Bournemouth,Bournemouth,1.0,0.0,2.6321639432725066,14973.0,2.0,5.264327886545013
james_trafford,1,9,GK,Leeds,18,0,0,0,3,0,0,3,2.6,0.0,2.0,28.0,1.0,0.0,0.0,0.0,0.0,0.66,0.0,0.0,1.9,19.4,90.0,0.0,0.0,0.0,0.0,3.0,1.0,0.0,9.0,0.0,0.0,0.0,50.0,0.0,Nott'm Forest,1.0,3.0,Brentford,Brentford,3.0,3.0,4.4036033218195625,50210.0,2.0,8.807206643639125
jamie_bynoe_gittens,1,0,MID,Chelsea,10,0,0,0,4,0,0,2,2.2,0.0,0.0,0.0,0.0,0.0,0.0,0.0,0.0,0.0,0.0,0.0,0.0,0.0,0.0,0.0,0.0,0.0,0.0,0.0,0.0,0.0,0.0,0.0,0.0,0.0,60.0,0.0,Fulham,3.0,3.0,Brighton,Brighton,4.0,3.0,0.7441631902051786,,0.6576936731107271,0.48943142195984063
jan_paul_van_hecke,1,1,DEF,Spurs,4,0,0,0,3,0,0,3,2.2,0.0,0.0,3.0,0.0,2.8,0.03,0.03,0.0,3.87,3.0,0.0,3.3,28.2,90.0,0.0,0.0,0.0,0.0,0.0,1.0,2.0,1.0,0.0,0.0,0.0,50.0,0.0,Brentford,0.0,0.0,Newcastle,Newcastle,2.0,1.0,1.9107107827028247,14970.0,0.5,0.9553553913514123
jannik_schuster,1,0,DEF,Brentford,19,1,0,0,3,0,0,3,1.7,0.0,0.0,0.0,0.0,0.0,0.0,0.0,0.0,0.0,0.0,0.0,0.0,0.0,0.0,0.0,0.0,0.0,0.0,0.0,0.0,0.0,0.0,0.0,0.0,0.0,45.0,0.0,Spurs,3.0,3.0,Leeds,Leeds,1.0,3.0,0.5907786032583205,,2.0,1.181557206516641
jarrad_branthwaite,1,6,DEF,Everton,8,1,0,0,3,0,0,3,2.5,0.0,0.0,27.0,1.0,0.8,0.01,0.01,0.0,1.96,0.0,0.0,2.5,18.6,90.0,0.0,0.0,0.0,0.0,0.0,1.0,6.0,6.0,0.0,0.0,0.0,55.0,0.0,Crystal Palace,2.0,3.0,Bournemouth,Bournemouth,1.0,0.0,2.5783914776130947,61014.0,2.0,5.1567829552261895
jason_steele,1,0,GK,Brighton,2,1,0,0,2,0,0,4,1.0,0.0,0.0,0.0,0.0,0.0,0.0,0.0,0.0,0.0,0.0,0.0,0.0,0.0,0.0,0.0,0.0,0.0,0.0,0.0,0.0,0.0,0.0,0.0,0.0,0.0,40.0,0.0,Aston Villa,4.0,3.0,Chelsea,Chelsea,3.0,3.0,0.8303629074904703,,2.0,1.6607258149809405
jay_dasilva,1,1,DEF,Coventry City,1,0,0,0,2,0,0,4,1.0,0.0,0.0,-4.0,0.0,3.8,0.02,0.02,0.0,1.88,3.0,0.0,1.8,13.8,90.0,0.0,0.0,0.0,0.0,0.0,1.0,0.0,1.0,0.0,0.0,0.0,40.0,0.0,Arsenal,0.0,0.0,Hull City,Hull City,2.0,3.0,2.2746060910680646,,0.5,1.1373030455340323
jaydee_canvot,1,1,DEF,Crystal Palace,9,0,0,0,3,0,0,3,2.2,0.0,0.0,9.0,0.0,5.7,0.01,0.06,0.05,1.12,2.0,0.0,3.8,27.4,90.0,0.0,0.0,0.0,0.0,0.0,1.0,5.0,1.0,0.0,0.0,0.0,50.0,0.0,Everton,0.0,0.0,Man City,Man City,2.0,3.0,2.756917128730349,,0.5,1.3784585643651746
jayden_bogle,1,6,DEF,Leeds,18,0,0,0,3,0,0,3,1.7,0.0,0.0,24.0,1.0,1.1,0.0,0.0,0.0,0.66,0.0,0.0,0.8,7.0,90.0,0.0,0.0,0.0,0.0,0.0,1.0,0.0,6.0,0.0,0.0,0.0,45.0,0.0,Nott'm Forest,1.0,3.0,Brentford,Brentford,3.0,3.0,2.6407809164166283,,2.0,5.2815618328332565
jayden_danns,1,0,FWD,Liverpool,17,0,0,0,4,0,0,2,0.0,0.0,0.0,0.0,0.0,0.0,0.0,0.0,0.0,0.0,0.0,0.0,0.0,0.0,0.0,0.0,0.0,0.0,0.0,0.0,0.0,0.0,0.0,0.0,0.0,0.0,45.0,0.0,Newcastle,2.0,1.0,Nott'm Forest,Nott'm Forest,0.0,0.0,0.07513508820777126,,0.5,0.03756754410388563
jayden_lienou,1,0,DEF,Leeds,18,0,0,0,3,0,0,3,1.0,0.0,0.0,0.0,0.0,0.0,0.0,0.0,0.0,0.0,0.0,0.0,0.0,0.0,0.0,0.0,0.0,0.0,0.0,0.0,0.0,0.0,0.0,0.0,0.0,0.0,40.0,0.0,Nott'm Forest,1.0,3.0,Brentford,Brentford,3.0,3.0,0.4176024011827988,,2.0,0.8352048023655976
jean_philippe_mateta,1,2,FWD,Crystal Palace,9,0,0,0,3,0,0,3,2.1,0.0,0.0,-3.0,0.0,12.3,0.02,0.72,0.7,0.98,2.0,0.0,2.5,1.4,62.0,0.0,0.0,0.0,0.0,0.0,1.0,11.0,2.0,0.0,0.0,0.0,65.0,0.0,Everton,0.0,0.0,Man City,Man City,2.0,3.0,2.8037557965465467,79641.0,0.8255305867665415,2.3145861678731627
jefferson_lerma_solis,1,0,MID,Crystal Palace,9,0,0,0,3,0,0,3,1.5,0.0,0.0,0.0,0.0,0.0,0.0,0.0,0.0,0.0,0.0,0.0,0.0,0.0,0.0,0.0,0.0,0.0,0.0,0.0,0.0,0.0,0.0,0.0,0.0,0.0,50.0,0.0,Everton,0.0,0.0,Man City,Man City,2.0,3.0,0.43230840810865434,,0.6417440175802717,0.27743133465337955
jens_hjerto_dahl,1,0,MID,Hull City,16,1,0,0,2,0,0,4,1.5,0.0,0.0,0.0,0.0,0.0,0.0,0.0,0.0,0.0,0.0,0.0,0.0,0.0,0.0,0.0,0.0,0.0,0.0,0.0,0.0,0.0,0.0,0.0,0.0,0.0,50.0,0.0,Man Utd,2.0,3.0,Coventry City,Coventry City,0.0,0.0,0.3242989531225442,,1.0874120328128694,0.3526465838540712
jenson_seelt,1,0,DEF,Sunderland,12,0,0,0,3,0,0,2,1.7,0.0,0.0,0.0,0.0,0.0,0.0,0.0,0.0,0.0,0.0,0.0,0.0,0.0,0.0,0.0,0.0,0.0,0.0,0.0,0.0,0.0,0.0,0.0,0.0,0.0,45.0,0.0,Ipswich Town,1.0,0.0,Fulham,Fulham,2.0,0.0,0.4948364762150119,,0.5,0.24741823810750596
jeremie_frimpong,1,0,DEF,Liverpool,17,0,0,0,4,0,0,2,2.5,0.0,0.0,3.0,0.0,37.8,0.09,0.1,0.01,1.58,2.0,0.0,6.1,13.6,90.0,0.0,0.0,0.0,0.0,0.0,1.0,10.0,0.0,0.0,0.0,0.0,55.0,1.0,Newcastle,2.0,1.0,Nott'm Forest,Nott'm Forest,0.0,0.0,3.036189713405923,14969.0,1.058760202742355,3.214596836529908
jeremy_doku,1,0,MID,Man City,3,1,0,0,4,0,0,3,0.0,0.0,0.0,0.0,0.0,0.0,0.0,0.0,0.0,0.0,0.0,0.0,0.0,0.0,0.0,0.0,0.0,0.0,0.0,0.0,0.0,0.0,0.0,0.0,0.0,0.0,75.0,0.0,Bournemouth,2.0,3.0,Crystal Palace,Crystal Palace,0.0,0.0,0.7839295293643688,79641.0,1.3035670503158765,1.0219047042490235
jeremy_jacquet,1,1,DEF,Liverpool,17,0,0,0,4,0,0,2,2.2,0.0,0.0,9.0,0.0,11.9,0.02,0.02,0.0,1.04,2.0,0.0,2.4,12.4,69.0,0.0,0.0,0.0,0.0,0.0,1.0,0.0,1.0,0.0,0.0,0.0,50.0,0.0,Newcastle,2.0,1.0,Nott'm Forest,Nott'm Forest,0.0,0.0,1.827800467687251,14973.0,1.058760202742355,1.9352023937411253
jeremy_monga,1,0,MID,Man City,3,1,0,0,4,0,0,3,1.5,0.0,0.0,0.0,0.0,0.0,0.0,0.0,0.0,0.0,0.0,0.0,0.0,0.0,0.0,0.0,0.0,0.0,0.0,0.0,0.0,0.0,0.0,0.0,0.0,0.0,50.0,0.0,Bournemouth,2.0,3.0,Crystal Palace,Crystal Palace,0.0,0.0,0.3242989531225442,,1.3035670503158765,0.42274542974248164
jesurun_rak_sakyi,1,0,MID,Crystal Palace,9,0,0,0,3,0,0,3,1.5,0.0,0.0,0.0,0.0,0.0,0.0,0.0,0.0,0.0,0.0,0.0,0.0,0.0,0.0,0.0,0.0,0.0,0.0,0.0,0.0,0.0,0.0,0.0,0.0,0.0,50.0,0.0,Everton,0.0,0.0,Man City,Man City,2.0,3.0,0.43230840810865434,,0.6417440175802717,0.27743133465337955
joachim_andersen,1,0,DEF,Fulham,6,1,0,0,2,0,0,4,0.0,0.0,0.0,0.0,0.0,0.0,0.0,0.0,0.0,0.0,0.0,0.0,0.0,0.0,0.0,0.0,0.0,0.0,0.0,0.0,0.0,0.0,0.0,0.0,0.0,0.0,50.0,0.0,Chelsea,2.0,0.0,Sunderland,Sunderland,1.0,0.0,0.427203148802878,,0.9999926557531159,0.42720001131748353
joao_gomes,1,-2,MID,Aston Villa,5,0,0,0,4,0,0,2,0.0,0.0,0.0,-2.0,0.0,11.0,0.01,0.01,0.0,2.58,4.0,0.0,1.2,1.0,39.0,0.0,0.0,0.0,1.0,0.0,1.0,0.0,-2.0,0.0,0.0,0.0,55.0,0.0,Brighton,0.0,0.0,Arsenal,Arsenal,3.0,3.0,-2.0024764357209763,,0.5,-1.0012382178604882
joao_pedro_junqueira_de_jesus,1,11,FWD,Chelsea,10,0,0,0,4,0,0,2,2.4,1.0,2.0,45.0,0.0,23.0,0.06,0.69,0.63,1.33,2.0,1.0,11.1,51.2,90.0,0.0,0.0,0.0,0.0,0.0,1.0,37.0,11.0,0.0,0.0,0.0,75.0,0.0,Fulham,3.0,3.0,Brighton,Brighton,4.0,3.0,4.416426369668051,61014.0,,
joao_pedro_loureiro_da_costa,1,1,DEF,Brighton,2,1,0,0,2,0,0,4,1.7,0.0,0.0,7.0,0.0,1.9,0.0,0.12,0.12,0.1,0.0,0.0,2.8,8.2,26.0,0.0,0.0,0.0,0.0,0.0,0.0,18.0,1.0,0.0,0.0,0.0,45.0,0.0,Aston Villa,4.0,3.0,Chelsea,Chelsea,3.0,3.0,2.3677959675419125,,2.0,4.735591935083825
joao_victor_de_souza_menezes,1,0,DEF,Spurs,4,0,0,0,3,0,0,3,1.0,0.0,0.0,0.0,0.0,0.0,0.0,0.0,0.0,0.0,0.0,0.0,0.0,0.0,0.0,0.0,0.0,0.0,0.0,0.0,0.0,0.0,0.0,0.0,0.0,0.0,40.0,0.0,Brentford,0.0,0.0,Newcastle,Newcastle,2.0,1.0,0.22868733419409604,,0.5,0.11434366709704802
joe_gelhardt,1,0,MID,Hull City,16,1,0,0,2,0,0,4,0.0,0.0,0.0,0.0,0.0,0.0,0.0,0.0,0.0,0.0,0.0,0.0,0.0,0.0,0.0,0.0,0.0,0.0,0.0,0.0,0.0,0.0,0.0,0.0,0.0,0.0,50.0,0.0,Man Utd,2.0,3.0,Coventry City,Coventry City,0.0,0.0,0.18262297091192936,,1.0874120328128694,0.1985864160376666
joe_gomez,1,0,DEF,Liverpool,17,0,0,0,4,0,0,2,0.0,0.0,0.0,0.0,0.0,0.0,0.0,0.0,0.0,0.0,0.0,0.0,0.0,0.0,0.0,0.0,0.0,0.0,0.0,0.0,0.0,0.0,0.0,0.0,0.0,0.0,50.0,0.0,Newcastle,2.0,1.0,Nott'm Forest,Nott'm Forest,0.0,0.0,0.38891910398380647,,1.058760202742355,0.41177206938427
joe_rodon,1,6,DEF,Leeds,18,0,0,0,3,0,0,3,1.7,0.0,0.0,21.0,1.0,14.4,0.06,0.09,0.03,0.66,0.0,0.0,3.4,14.4,90.0,0.0,0.0,0.0,0.0,0.0,1.0,5.0,6.0,0.0,0.0,0.0,45.0,0.0,Nott'm Forest,1.0,3.0,Brentford,Brentford,3.0,3.0,2.835929660268497,,2.0,5.671859320536994
joe_willock,1,6,MID,Newcastle,14,1,0,0,2,0,0,4,1.5,0.0,0.0,28.0,0.0,13.9,0.17,0.26,0.09,1.5,1.0,1.0,6.1,38.4,34.0,0.0,0.0,0.0,0.0,0.0,0.0,9.0,6.0,0.0,0.0,0.0,50.0,0.0,Liverpool,2.0,1.0,Spurs,Spurs,0.0,0.0,2.5925978702067694,,1.737423855893725,4.504441388436504
joel_drakes_thomas,1,0,MID,Crystal Palace,9,0,0,0,3,0,0,3,1.0,0.0,0.0,0.0,0.0,0.0,0.0,0.0,0.0,0.0,0.0,0.0,0.0,0.0,0.0,0.0,0.0,0.0,0.0,0.0,0.0,0.0,0.0,0.0,0.0,0.0,45.0,0.0,Everton,0.0,0.0,Man City,Man City,2.0,3.0,0.26482176901462817,,0.6417440175802717,0.1699477859901622
joel_latibeaudiere,1,0,DEF,Coventry City,1,0,0,0,2,0,0,4,1.0,0.0,0.0,0.0,0.0,0.0,0.0,0.0,0.0,0.0,0.0,0.0,0.0,0.0,0.0,0.0,0.0,0.0,0.0,0.0,0.0,0.0,0.0,0.0,0.0,0.0,40.0,0.0,Arsenal,0.0,0.0,Hull City,Hull City,2.0,3.0,0.256531805833768,,0.5,0.128265902916884
joel_piroe,1,0,FWD,Leeds,18,0,0,0,3,0,0,3,0.0,0.0,0.0,0.0,0.0,0.0,0.0,0.0,0.0,0.0,0.0,0.0,0.0,0.0,0.0,0.0,0.0,0.0,0.0,0.0,0.0,0.0,0.0,0.0,0.0,0.0,50.0,0.0,Nott'm Forest,1.0,3.0,Brentford,Brentford,3.0,3.0,0.10632713669638849,,0.5,0.053163568348194246
joelinton_cassio_apolinario_de_lira,1,0,MID,Newcastle,14,1,0,0,2,0,0,4,0.0,0.0,0.0,0.0,0.0,0.0,0.0,0.0,0.0,0.0,0.0,0.0,0.0,0.0,0.0,0.0,0.0,0.0,0.0,0.0,0.0,0.0,0.0,0.0,0.0,0.0,55.0,0.0,Liverpool,2.0,1.0,Spurs,Spurs,0.0,0.0,0.3005224624587537,,1.737423855893725,0.522134895507765
johan_manzambi,1,0,MID,Aston Villa,5,0,0,0,4,0,0,2,0.0,0.0,0.0,0.0,0.0,0.0,0.0,0.0,0.0,0.0,0.0,0.0,0.0,0.0,0.0,0.0,0.0,0.0,0.0,0.0,0.0,0.0,0.0,0.0,0.0,0.0,60.0,0.0,Brighton,0.0,0.0,Arsenal,Arsenal,3.0,3.0,0.5622674112900021,,0.5,0.28113370564500106
john_egan,1,8,DEF,Hull City,16,1,0,0,2,0,0,4,1.0,0.0,0.0,27.0,1.0,0.1,0.0,0.0,0.0,1.83,0.0,0.0,4.6,43.4,90.0,0.0,0.0,0.0,0.0,0.0,1.0,2.0,8.0,0.0,0.0,0.0,40.0,0.0,Man Utd,2.0,3.0,Coventry City,Coventry City,0.0,0.0,2.5658184665643966,,2.0,5.131636933128793
john_mcginn,1,1,MID,Aston Villa,5,0,0,0,4,0,0,2,2.0,0.0,0.0,8.0,0.0,2.4,0.01,0.05,0.04,3.62,4.0,0.0,0.5,1.6,81.0,0.0,0.0,0.0,0.0,0.0,1.0,1.0,1.0,0.0,0.0,0.0,55.0,1.0,Brighton,0.0,0.0,Arsenal,Arsenal,3.0,3.0,2.1868008114774873,,0.5,1.0934004057387436
john_victor_maciel_furtado,1,0,GK,Nott'm Forest,13,1,0,0,3,0,0,3,1.9,0.0,0.0,0.0,0.0,0.0,0.0,0.0,0.0,0.0,0.0,0.0,0.0,0.0,0.0,0.0,0.0,0.0,0.0,0.0,0.0,0.0,0.0,0.0,0.0,0.0,45.0,0.0,Leeds,0.0,0.0,Liverpool,Liverpool,2.0,1.0,0.045485140349305064,,0.5,0.022742570174652532
jonah_kusi_asare,1,0,FWD,Fulham,6,1,0,0,2,0,0,4,1.0,0.0,0.0,0.0,0.0,0.0,0.0,0.0,0.0,0.0,0.0,0.0,0.0,0.0,0.0,0.0,0.0,0.0,0.0,0.0,0.0,0.0,0.0,0.0,0.0,0.0,45.0,0.0,Chelsea,2.0,0.0,Sunderland,Sunderland,1.0,0.0,0.1281285904209275,,2.0,0.256257180841855
jordan_henderson,1,0,MID,Chelsea,10,0,0,0,4,0,0,2,1.1,0.0,0.0,0.0,0.0,0.0,0.0,0.0,0.0,0.0,0.0,0.0,0.0,0.0,0.0,0.0,0.0,0.0,0.0,0.0,0.0,0.0,0.0,0.0,0.0,0.0,50.0,0.0,Fulham,3.0,3.0,Brighton,Brighton,4.0,3.0,0.3997448465364184,,0.6576936731107271,0.2629096564256209
jordan_pickford,1,7,GK,Everton,8,1,0,0,3,0,0,3,3.3,0.0,0.0,34.0,1.0,0.0,0.02,0.02,0.0,1.96,0.0,0.0,3.2,31.8,90.0,0.0,0.0,0.0,0.0,4.0,1.0,0.0,7.0,0.0,0.0,0.0,55.0,0.0,Crystal Palace,2.0,3.0,Bournemouth,Bournemouth,1.0,0.0,3.2856496471547194,14973.0,2.0,6.571299294309439
jorge_cuenca_barreno,1,3,DEF,Fulham,6,1,0,0,2,0,0,4,1.7,0.0,0.0,7.0,0.0,21.3,0.03,0.03,0.0,2.24,3.0,0.0,5.4,32.8,90.0,0.0,0.0,0.0,0.0,0.0,1.0,0.0,3.0,0.0,0.0,0.0,45.0,0.0,Chelsea,2.0,0.0,Sunderland,Sunderland,1.0,0.0,3.06323559388427,,0.9999926557531159,3.0632130967258044
jorgen_strand_larsen,1,1,FWD,Crystal Palace,9,0,0,0,3,0,0,3,2.0,0.0,0.0,3.0,0.0,3.5,0.01,0.26,0.25,0.14,0.0,0.0,2.2,1.0,27.0,0.0,0.0,0.0,0.0,0.0,0.0,17.0,1.0,0.0,0.0,0.0,60.0,0.0,Everton,0.0,0.0,Man City,Man City,2.0,3.0,2.516634691561303,,0.8255305867665415,2.077558913601637
jorrel_hato,1,1,DEF,Chelsea,10,0,0,0,4,0,0,2,1.7,0.0,0.0,5.0,0.0,12.3,0.03,0.04,0.01,1.05,2.0,0.0,3.2,8.4,64.0,0.0,0.0,0.0,0.0,0.0,1.0,11.0,1.0,0.0,0.0,0.0,45.0,0.0,Fulham,3.0,3.0,Brighton,Brighton,4.0,3.0,2.1076364855659895,,0.5,1.0538182427829947
josh_acheampong,1,3,DEF,Chelsea,10,0,0,0,4,0,0,2,1.7,0.0,0.0,13.0,0.0,2.2,0.01,0.01,0.0,1.33,2.0,0.0,3.7,33.2,90.0,0.0,0.0,0.0,0.0,0.0,1.0,2.0,3.0,0.0,0.0,0.0,45.0,0.0,Fulham,3.0,3.0,Brighton,Brighton,4.0,3.0,3.550396759393863,,0.5,1.7751983796969315
josh_dasilva,1,0,MID,Brentford,19,1,0,0,3,0,0,3,1.5,0.0,0.0,0.0,0.0,0.0,0.0,0.0,0.0,0.0,0.0,0.0,0.0,0.0,0.0,0.0,0.0,0.0,0.0,0.0,0.0,0.0,0.0,0.0,0.0,0.0,50.0,0.0,Spurs,3.0,3.0,Leeds,Leeds,1.0,3.0,0.3441880224262892,,1.029292011597646,0.3542699819709709
josh_eccles,1,0,MID,Coventry City,1,0,0,0,2,0,0,4,1.5,0.0,0.0,0.0,0.0,0.0,0.0,0.0,0.0,0.0,0.0,0.0,0.0,0.0,0.0,0.0,0.0,0.0,0.0,0.0,0.0,0.0,0.0,0.0,0.0,0.0,50.0,0.0,Arsenal,0.0,0.0,Hull City,Hull City,2.0,3.0,0.43230840810865434,,0.5,0.21615420405432717
josh_king,1,7,MID,Fulham,6,1,0,0,2,0,0,4,2.0,0.0,0.0,34.0,0.0,15.6,0.04,0.21,0.17,2.24,3.0,1.0,9.8,41.6,90.0,0.0,0.0,0.0,0.0,0.0,1.0,41.0,7.0,0.0,0.0,0.0,55.0,0.0,Chelsea,2.0,0.0,Sunderland,Sunderland,1.0,0.0,3.761563248673599,,0.8335604873647082,3.13549049481754
joshua_zirkzee,1,0,FWD,Man Utd,11,0,0,0,4,0,0,2,1.8,0.0,0.0,0.0,0.0,0.0,0.0,0.0,0.0,0.0,0.0,0.0,0.0,0.0,0.0,0.0,0.0,0.0,0.0,0.0,0.0,0.0,0.0,0.0,0.0,0.0,55.0,0.0,Hull City,0.0,0.0,Ipswich Town,Ipswich Town,2.0,3.0,0.3895542098084974,,0.7752808988764044,0.3020139379414193
josko_gvardiol,1,9,DEF,Man City,3,1,0,0,4,0,0,3,2.5,0.0,1.0,28.0,0.0,13.3,0.05,0.24,0.19,0.65,1.0,1.0,7.8,47.6,90.0,0.0,0.0,0.0,0.0,0.0,1.0,17.0,9.0,0.0,0.0,0.0,55.0,0.0,Bournemouth,2.0,3.0,Crystal Palace,Crystal Palace,0.0,0.0,3.3726812805219364,14971.0,2.0,6.745362561043873
juanlu_sanchez,1,0,DEF,Bournemouth,15,0,0,0,3,0,0,4,1.7,0.0,0.0,0.0,0.0,0.0,0.0,0.0,0.0,0.0,0.0,0.0,0.0,0.0,0.0,0.0,0.0,0.0,0.0,0.0,0.0,0.0,0.0,0.0,0.0,0.0,45.0,0.0,Man City,1.0,0.0,Everton,Everton,2.0,3.0,0.5366031836745199,,0.5,0.26830159183725993
julian_araujo_zuniga,1,0,DEF,Bournemouth,15,0,0,0,3,0,0,4,0.0,0.0,0.0,0.0,0.0,0.0,0.0,0.0,0.0,0.0,0.0,0.0,0.0,0.0,0.0,0.0,0.0,0.0,0.0,0.0,0.0,0.0,0.0,0.0,0.0,0.0,45.0,0.0,Man City,1.0,0.0,Everton,Everton,2.0,3.0,0.3355061313059138,,0.5,0.1677530656529569
julio_enciso,1,5,MID,Ipswich Town,20,1,0,0,2,0,0,3,2.0,1.0,0.0,24.0,0.0,14.0,0.31,0.54,0.23,0.63,1.0,0.0,5.4,21.6,70.0,0.0,0.0,0.0,0.0,0.0,1.0,18.0,5.0,0.0,0.0,0.0,55.0,0.0,Sunderland,2.0,3.0,Man Utd,Man Utd,0.0,0.0,3.0256233230179923,,0.8222241740022191,2.4877406376103184
julio_soler_barreto,1,0,DEF,Bournemouth,15,0,0,0,3,0,0,4,0.8,0.0,0.0,0.0,0.0,0.0,0.0,0.0,0.0,0.0,0.0,0.0,0.0,0.0,0.0,0.0,0.0,0.0,0.0,0.0,0.0,0.0,0.0,0.0,0.0,0.0,40.0,0.0,Man City,1.0,0.0,Everton,Everton,2.0,3.0,0.2535841218431154,,0.5,0.1267920609215577
jun'ai_byfield,1,0,DEF,Spurs,4,0,0,0,3,0,0,3,1.0,0.0,0.0,0.0,0.0,0.0,0.0,0.0,0.0,0.0,0.0,0.0,0.0,0.0,0.0,0.0,0.0,0.0,0.0,0.0,0.0,0.0,0.0,0.0,0.0,0.0,40.0,0.0,Brentford,0.0,0.0,Newcastle,Newcastle,2.0,1.0,0.22868733419409604,,0.5,0.11434366709704802
junior_kroupi,1,0,MID,Bournemouth,15,0,0,0,3,0,0,4,0.0,0.0,0.0,0.0,0.0,0.0,0.0,0.0,0.0,0.0,0.0,0.0,0.0,0.0,0.0,0.0,0.0,0.0,0.0,0.0,0.0,0.0,0.0,0.0,0.0,0.0,75.0,0.0,Man City,1.0,0.0,Everton,Everton,2.0,3.0,0.8717553997215212,,0.6417440175802717,0.5594438125645846
jurrien_timber,1,0,DEF,Arsenal,7,1,0,0,4,0,0,2,0.0,0.0,0.0,0.0,0.0,0.0,0.0,0.0,0.0,0.0,0.0,0.0,0.0,0.0,0.0,0.0,0.0,0.0,0.0,0.0,0.0,0.0,0.0,0.0,0.0,0.0,65.0,0.0,Coventry City,3.0,3.0,Aston Villa,Aston Villa,0.0,0.0,0.9903355250074526,,2.0,1.9806710500149052
justin_devenny,1,0,MID,Crystal Palace,9,0,0,0,3,0,0,3,1.5,0.0,0.0,0.0,0.0,0.0,0.0,0.0,0.0,0.0,0.0,0.0,0.0,0.0,0.0,0.0,0.0,0.0,0.0,0.0,0.0,0.0,0.0,0.0,0.0,0.0,50.0,0.0,Everton,0.0,0.0,Man City,Man City,2.0,3.0,0.43230840810865434,,0.6417440175802717,0.27743133465337955
justin_kluivert,1,3,MID,Bournemouth,15,0,0,0,3,0,0,4,2.2,0.0,0.0,15.0,1.0,14.3,0.0,0.11,0.11,1.94,0.0,0.0,4.2,11.0,74.0,0.0,0.0,0.0,0.0,0.0,1.0,17.0,3.0,0.0,0.0,0.0,60.0,0.0,Man City,1.0,0.0,Everton,Everton,2.0,3.0,2.853360307468299,14969.0,0.6417440175802717,1.8311269073187855
kai_havertz,1,6,FWD,Arsenal,7,1,0,0,4,0,0,2,2.4,0.0,0.0,34.0,1.0,13.2,0.03,0.29,0.26,0.2,0.0,1.0,7.5,37.2,90.0,0.0,0.0,0.0,0.0,0.0,1.0,25.0,6.0,0.0,0.0,0.0,75.0,0.0,Coventry City,3.0,3.0,Aston Villa,Aston Villa,0.0,0.0,4.111245675427395,14972.0,1.8241379310344823,7.499479180348591
kaine_andrews,1,0,MID,Coventry City,1,0,0,0,2,0,0,4,1.0,0.0,0.0,0.0,0.0,0.0,0.0,0.0,0.0,0.0,0.0,0.0,0.0,0.0,0.0,0.0,0.0,0.0,0.0,0.0,0.0,0.0,0.0,0.0,0.0,0.0,45.0,0.0,Arsenal,0.0,0.0,Hull City,Hull City,2.0,3.0,0.26482176901462817,,0.5,0.13241088450731409
kaine_kesler_hayden,1,0,DEF,Coventry City,1,0,0,0,2,0,0,4,1.0,0.0,0.0,0.0,0.0,0.0,0.0,0.0,0.0,0.0,0.0,0.0,0.0,0.0,0.0,0.0,0.0,0.0,0.0,0.0,0.0,0.0,0.0,0.0,0.0,0.0,40.0,0.0,Arsenal,0.0,0.0,Hull City,Hull City,2.0,3.0,0.256531805833768,,0.5,0.128265902916884
kalvin_phillips,1,0,MID,Man City,3,1,0,0,4,0,0,3,0.0,0.0,0.0,0.0,0.0,0.0,0.0,0.0,0.0,0.0,0.0,0.0,0.0,0.0,0.0,0.0,0.0,0.0,0.0,0.0,0.0,0.0,0.0,0.0,0.0,0.0,50.0,0.0,Bournemouth,2.0,3.0,Crystal Palace,Crystal Palace,0.0,0.0,0.18262297091192936,,1.3035670503158765,0.23806128751158587
karl_darlow,1,0,GK,Man Utd,11,0,0,0,4,0,0,2,1.4,0.0,0.0,0.0,0.0,0.0,0.0,0.0,0.0,0.0,0.0,0.0,0.0,0.0,0.0,0.0,0.0,0.0,0.0,0.0,0.0,0.0,0.0,0.0,0.0,0.0,45.0,0.0,Hull City,0.0,0.0,Ipswich Town,Ipswich Town,2.0,3.0,0.30342687156816317,,0.5,0.15171343578408159
kasey_mcateer,1,1,MID,Ipswich Town,20,1,0,0,2,0,0,3,1.0,0.0,0.0,4.0,0.0,1.3,0.0,0.0,0.0,0.03,0.0,0.0,0.3,1.2,24.0,0.0,0.0,0.0,0.0,0.0,0.0,0.0,1.0,0.0,0.0,0.0,45.0,0.0,Sunderland,2.0,3.0,Man Utd,Man Utd,0.0,0.0,1.5336723637621186,,0.8222241740022191,1.261022492484339
kaye_furo,1,0,FWD,Brentford,19,1,0,0,3,0,0,3,1.0,0.0,0.0,0.0,0.0,0.0,0.0,0.0,0.0,0.0,0.0,0.0,0.0,0.0,0.0,0.0,0.0,0.0,0.0,0.0,0.0,0.0,0.0,0.0,0.0,0.0,45.0,0.0,Spurs,3.0,3.0,Leeds,Leeds,1.0,3.0,0.24855688791778463,,0.5,0.12427844395889232
kayne_van_oevelen,1,0,GK,Ipswich Town,20,1,0,0,2,0,0,3,1.9,0.0,0.0,0.0,0.0,0.0,0.0,0.0,0.0,0.0,0.0,0.0,0.0,0.0,0.0,0.0,0.0,0.0,0.0,0.0,0.0,0.0,0.0,0.0,0.0,0.0,45.0,0.0,Sunderland,2.0,3.0,Man Utd,Man Utd,0.0,0.0,0.12395962494135038,,2.0,0.24791924988270075
keane_lewis_potter,1,10,MID,Brentford,19,1,0,0,3,0,0,3,2.0,0.0,2.0,37.0,1.0,15.9,0.12,0.89,0.77,0.57,0.0,1.0,8.2,47.2,90.0,0.0,0.0,0.0,0.0,0.0,1.0,19.0,10.0,0.0,0.0,0.0,55.0,0.0,Spurs,3.0,3.0,Leeds,Leeds,1.0,3.0,3.4950194788604927,,1.029292011597646,3.5973956299692733
kenny_tete,1,0,DEF,Fulham,6,1,0,0,2,0,0,4,1.7,0.0,0.0,0.0,0.0,0.0,0.0,0.0,0.0,0.0,0.0,0.0,0.0,0.0,0.0,0.0,0.0,0.0,0.0,0.0,0.0,0.0,0.0,0.0,0.0,0.0,45.0,0.0,Chelsea,2.0,0.0,Sunderland,Sunderland,1.0,0.0,0.45174428471169437,,0.9999926557531159,0.451740966990139
kepa_arrizabalaga_revuelta,1,0,GK,Arsenal,7,1,0,0,4,0,0,2,2.6,0.0,0.0,0.0,0.0,0.0,0.0,0.0,0.0,0.0,0.0,0.0,0.0,0.0,0.0,0.0,0.0,0.0,0.0,0.0,0.0,0.0,0.0,0.0,0.0,0.0,50.0,0.0,Coventry City,3.0,3.0,Aston Villa,Aston Villa,0.0,0.0,0.3155053381022057,,2.0,0.6310106762044114
kevin_danso,1,0,DEF,Spurs,4,0,0,0,3,0,0,3,2.2,0.0,0.0,0.0,0.0,0.0,0.0,0.0,0.0,0.0,0.0,0.0,0.0,0.0,0.0,0.0,0.0,0.0,0.0,0.0,0.0,0.0,0.0,0.0,0.0,0.0,50.0,0.0,Brentford,0.0,0.0,Newcastle,Newcastle,2.0,1.0,0.7237500276091621,,0.5,0.36187501380458104
kevin_santos_lopes_de_macedo,1,1,MID,Fulham,6,1,0,0,2,0,0,4,2.0,0.0,0.0,2.0,0.0,1.9,0.01,0.01,0.0,0.03,0.0,0.0,0.7,5.2,17.0,0.0,0.0,0.0,0.0,0.0,0.0,0.0,1.0,0.0,0.0,0.0,55.0,0.0,Chelsea,2.0,0.0,Sunderland,Sunderland,1.0,0.0,1.6296909450203874,,0.8335604873647082,1.358445978385046
kevin_schade,1,3,MID,Brentford,19,1,0,0,3,0,0,3,2.2,0.0,0.0,17.0,1.0,11.8,0.01,0.53,0.52,0.57,0.0,0.0,8.5,14.4,90.0,0.0,0.0,0.0,0.0,0.0,1.0,59.0,3.0,0.0,0.0,0.0,60.0,0.0,Spurs,3.0,3.0,Leeds,Leeds,1.0,3.0,4.3016313573198355,14973.0,1.029292011597646,4.427634792927246
kieran_dowell,1,0,MID,Hull City,16,1,0,0,2,0,0,4,1.0,0.0,0.0,0.0,0.0,0.0,0.0,0.0,0.0,0.0,0.0,0.0,0.0,0.0,0.0,0.0,0.0,0.0,0.0,0.0,0.0,0.0,0.0,0.0,0.0,0.0,45.0,0.0,Man Utd,2.0,3.0,Coventry City,Coventry City,0.0,0.0,0.15681231402851803,,1.0874120328128694,0.17051959716784082
kiernan_dewsbury_hall,1,11,MID,Everton,8,1,0,0,3,0,0,3,2.3,0.0,3.0,40.0,1.0,28.3,0.17,0.29,0.12,1.92,0.0,1.0,9.8,42.8,90.0,0.0,0.0,0.0,0.0,0.0,1.0,27.0,11.0,0.0,0.0,0.0,65.0,0.0,Crystal Palace,2.0,3.0,Bournemouth,Bournemouth,1.0,0.0,3.4839245563956243,15210.0,1.3035670503158765,4.541529257503693
kim_ji_soo,1,0,DEF,Brentford,19,1,0,0,3,0,0,3,1.7,0.0,0.0,0.0,0.0,0.0,0.0,0.0,0.0,0.0,0.0,0.0,0.0,0.0,0.0,0.0,0.0,0.0,0.0,0.0,0.0,0.0,0.0,0.0,0.0,0.0,45.0,0.0,Spurs,3.0,3.0,Leeds,Leeds,1.0,3.0,0.5907786032583205,,2.0,1.181557206516641
kjell_scherpen,1,2,GK,Ipswich Town,20,1,0,0,2,0,0,3,1.9,0.0,0.0,12.0,0.0,0.0,0.0,0.0,0.0,0.66,1.0,0.0,1.4,14.4,90.0,0.0,0.0,0.0,0.0,2.0,1.0,0.0,2.0,0.0,0.0,0.0,45.0,0.0,Sunderland,2.0,3.0,Man Utd,Man Utd,0.0,0.0,3.342629932552392,,2.0,6.685259865104784
kobbie_mainoo,1,1,MID,Man Utd,11,0,0,0,4,0,0,2,2.0,0.0,0.0,7.0,0.0,2.5,0.01,0.08,0.07,0.07,0.0,0.0,0.7,2.8,23.0,0.0,0.0,0.0,0.0,0.0,0.0,2.0,1.0,0.0,0.0,0.0,55.0,0.0,Hull City,0.0,0.0,Ipswich Town,Ipswich Town,2.0,3.0,1.9483375423337927,,0.5,0.9741687711668964
konstantinos_tzolakis,1,10,GK,Hull City,16,1,0,0,2,0,0,4,1.9,0.0,3.0,41.0,1.0,0.0,0.0,0.0,0.0,1.83,0.0,0.0,3.5,34.6,90.0,0.0,0.0,0.0,0.0,5.0,1.0,0.0,10.0,0.0,0.0,0.0,45.0,0.0,Man Utd,2.0,3.0,Coventry City,Coventry City,0.0,0.0,3.380514801373979,,2.0,6.761029602747958
kosta_nedeljkovic,1,0,DEF,Aston Villa,5,0,0,0,4,0,0,2,0.0,0.0,0.0,0.0,0.0,0.0,0.0,0.0,0.0,0.0,0.0,0.0,0.0,0.0,0.0,0.0,0.0,0.0,0.0,0.0,0.0,0.0,0.0,0.0,0.0,0.0,40.0,0.0,Brighton,0.0,0.0,Arsenal,Arsenal,3.0,3.0,0.20204240634944148,,0.5,0.10102120317472074
kostas_tsimikas,1,0,DEF,Liverpool,17,0,0,0,4,0,0,2,2.2,0.0,0.0,0.0,0.0,0.0,0.0,0.0,0.0,0.0,0.0,0.0,0.0,0.0,0.0,0.0,0.0,0.0,0.0,0.0,0.0,0.0,0.0,0.0,0.0,0.0,50.0,0.0,Newcastle,2.0,1.0,Nott'm Forest,Nott'm Forest,0.0,0.0,0.6491623482255323,,1.058760202742355,0.6873072594199678
kristoffer_ajer,1,8,DEF,Brentford,19,1,0,0,3,0,0,3,1.7,0.0,0.0,29.0,1.0,0.9,0.02,0.13,0.11,0.57,0.0,0.0,5.6,20.0,90.0,0.0,0.0,0.0,0.0,0.0,1.0,35.0,8.0,0.0,0.0,0.0,45.0,0.0,Spurs,3.0,3.0,Leeds,Leeds,1.0,3.0,4.310413862692197,,2.0,8.620827725384395
lamare_bogarde,1,1,MID,Aston Villa,5,0,0,0,4,0,0,2,1.5,0.0,0.0,3.0,0.0,0.5,0.0,0.0,0.0,0.22,0.0,0.0,0.3,2.2,16.0,0.0,0.0,0.0,0.0,0.0,0.0,0.0,1.0,0.0,0.0,0.0,50.0,0.0,Brighton,0.0,0.0,Arsenal,Arsenal,3.0,3.0,1.526974688465073,,0.5,0.7634873442325365
leif_davis,1,2,DEF,Ipswich Town,20,1,0,0,2,0,0,3,1.0,0.0,0.0,10.0,0.0,2.3,0.01,0.01,0.0,0.66,1.0,0.0,1.8,15.2,90.0,0.0,0.0,0.0,0.0,0.0,1.0,0.0,2.0,0.0,0.0,0.0,40.0,0.0,Sunderland,2.0,3.0,Man Utd,Man Utd,0.0,0.0,2.469608069346763,,2.0,4.939216138693526
leny_yoro,1,0,DEF,Man Utd,11,0,0,0,4,0,0,2,2.2,0.0,0.0,0.0,0.0,0.0,0.0,0.0,0.0,0.0,0.0,0.0,0.0,0.0,0.0,0.0,0.0,0.0,0.0,0.0,0.0,0.0,0.0,0.0,0.0,0.0,50.0,0.0,Hull City,0.0,0.0,Ipswich Town,Ipswich Town,2.0,3.0,0.751594499248834,,0.5,0.375797249624417
leo_fuhr_hjelde,1,0,DEF,Sunderland,12,0,0,0,3,0,0,2,0.0,0.0,0.0,0.0,0.0,0.0,0.0,0.0,0.0,0.0,0.0,0.0,0.0,0.0,0.0,0.0,0.0,0.0,0.0,0.0,0.0,0.0,0.0,0.0,0.0,0.0,40.0,0.0,Ipswich Town,1.0,0.0,Fulham,Fulham,2.0,0.0,0.11718350738661609,,0.5,0.058591753693308046
leo_shahar,1,0,DEF,Newcastle,14,1,0,0,2,0,0,4,1.0,0.0,0.0,0.0,0.0,0.0,0.0,0.0,0.0,0.0,0.0,0.0,0.0,0.0,0.0,0.0,0.0,0.0,0.0,0.0,0.0,0.0,0.0,0.0,0.0,0.0,40.0,0.0,Liverpool,2.0,1.0,Spurs,Spurs,0.0,0.0,0.15409965481046628,,2.0,0.30819930962093256
leon_bailey,1,0,MID,Aston Villa,5,0,0,0,4,0,0,2,2.0,0.0,0.0,0.0,0.0,0.0,0.0,0.0,0.0,0.0,0.0,0.0,0.0,0.0,0.0,0.0,0.0,0.0,0.0,0.0,0.0,0.0,0.0,0.0,0.0,0.0,55.0,0.0,Brighton,0.0,0.0,Arsenal,Arsenal,3.0,3.0,0.6309074092136673,,0.5,0.31545370460683364
levi_samuels_colwill,1,0,DEF,Chelsea,10,0,0,0,4,0,0,2,2.2,0.0,0.0,6.0,0.0,1.6,0.03,0.04,0.01,1.33,2.0,0.0,1.5,6.0,90.0,0.0,0.0,0.0,0.0,0.0,1.0,7.0,0.0,0.0,0.0,0.0,50.0,1.0,Fulham,3.0,3.0,Brighton,Brighton,4.0,3.0,3.0551606847246946,14971.0,0.5,1.5275803423623473
lewie_coyle,1,6,DEF,Hull City,16,1,0,0,2,0,0,4,1.0,0.0,0.0,23.0,1.0,11.3,0.01,0.01,0.0,1.16,0.0,0.0,1.7,5.8,69.0,0.0,0.0,0.0,0.0,0.0,1.0,0.0,6.0,0.0,0.0,0.0,40.0,0.0,Man Utd,2.0,3.0,Coventry City,Coventry City,0.0,0.0,1.1810241708133342,,2.0,2.3620483416266684
lewis_cook,1,3,MID,Bournemouth,15,0,0,0,3,0,0,4,1.5,0.0,0.0,8.0,1.0,2.1,0.0,0.0,0.0,1.94,0.0,0.0,0.7,4.6,75.0,0.0,0.0,0.0,0.0,0.0,1.0,0.0,3.0,0.0,0.0,0.0,50.0,0.0,Man City,1.0,0.0,Everton,Everton,2.0,3.0,2.3243872597306274,,0.6417440175802717,1.4916616184719313
lewis_dunk,1,6,DEF,Brighton,2,1,0,0,2,0,0,4,1.7,0.0,0.0,24.0,1.0,6.4,0.04,0.04,0.0,0.29,0.0,0.0,2.0,13.4,90.0,0.0,0.0,0.0,0.0,0.0,1.0,0.0,6.0,0.0,0.0,0.0,45.0,0.0,Aston Villa,4.0,3.0,Chelsea,Chelsea,3.0,3.0,2.881290410747781,,2.0,5.762580821495562
lewis_hall,1,3,DEF,Newcastle,14,1,0,0,2,0,0,4,2.2,0.0,0.0,8.0,0.0,15.2,0.35,0.35,0.0,2.98,2.0,0.0,3.7,22.0,90.0,0.0,0.0,0.0,0.0,0.0,1.0,0.0,3.0,0.0,0.0,0.0,50.0,0.0,Liverpool,2.0,1.0,Spurs,Spurs,0.0,0.0,3.160494690286484,14973.0,2.0,6.320989380572968
lewis_koumas,1,1,MID,Liverpool,17,0,0,0,4,0,0,2,1.5,0.0,0.0,4.0,0.0,0.5,0.0,0.03,0.03,0.48,0.0,0.0,0.9,1.2,12.0,0.0,0.0,0.0,0.0,0.0,0.0,7.0,1.0,0.0,0.0,0.0,50.0,0.0,Newcastle,2.0,1.0,Nott'm Forest,Nott'm Forest,0.0,0.0,1.3526100305428626,,1.9644625221347685,2.657151712065018
lewis_miley,1,3,MID,Newcastle,14,1,0,0,2,0,0,4,2.0,0.0,0.0,13.0,0.0,21.4,0.01,0.06,0.05,1.94,1.0,0.0,4.0,15.6,75.0,0.0,0.0,0.0,0.0,0.0,1.0,3.0,3.0,0.0,0.0,0.0,55.0,1.0,Liverpool,2.0,1.0,Spurs,Spurs,0.0,0.0,3.0899126955187852,,1.737423855893725,5.368488029823221
liam_delap,1,0,FWD,Chelsea,10,0,0,0,4,0,0,2,1.8,0.0,0.0,0.0,0.0,0.0,0.0,0.0,0.0,0.0,0.0,0.0,0.0,0.0,0.0,0.0,0.0,0.0,0.0,0.0,0.0,0.0,0.0,0.0,0.0,0.0,55.0,0.0,Fulham,3.0,3.0,Brighton,Brighton,4.0,3.0,0.36503268875527173,,,
liam_kitching,1,0,DEF,Coventry City,1,0,0,0,2,0,0,4,1.0,0.0,0.0,0.0,0.0,0.0,0.0,0.0,0.0,0.0,0.0,0.0,0.0,0.0,0.0,0.0,0.0,0.0,0.0,0.0,0.0,0.0,0.0,0.0,0.0,0.0,40.0,0.0,Arsenal,0.0,0.0,Hull City,Hull City,2.0,3.0,0.256531805833768,,0.5,0.128265902916884
liam_millar,1,0,MID,Hull City,16,1,0,0,2,0,0,4,1.5,0.0,0.0,2.0,0.0,0.3,0.0,0.0,0.0,0.67,0.0,0.0,0.4,2.0,19.0,0.0,0.0,0.0,0.0,0.0,0.0,2.0,0.0,0.0,0.0,0.0,50.0,1.0,Man Utd,2.0,3.0,Coventry City,Coventry City,0.0,0.0,1.2863725297415303,,1.0874120328128694,1.3988169675208706
lisandro_martinez,1,0,DEF,Man Utd,11,0,0,0,4,0,0,2,2.2,0.0,0.0,0.0,0.0,0.0,0.0,0.0,0.0,0.0,0.0,0.0,0.0,0.0,0.0,0.0,0.0,0.0,0.0,0.0,0.0,0.0,0.0,0.0,0.0,0.0,50.0,0.0,Hull City,0.0,0.0,Ipswich Town,Ipswich Town,2.0,3.0,0.751594499248834,,0.5,0.375797249624417
loum_tchaouna,1,2,MID,Coventry City,1,0,0,0,2,0,0,4,2.0,0.0,0.0,11.0,0.0,6.0,0.02,0.06,0.04,1.76,3.0,0.0,1.1,1.8,81.0,0.0,0.0,0.0,0.0,0.0,1.0,3.0,2.0,0.0,0.0,0.0,55.0,0.0,Arsenal,0.0,0.0,Hull City,Hull City,2.0,3.0,2.573302576070351,,0.5,1.2866512880351755
luc_de_fougerolles,1,0,DEF,Fulham,6,1,0,0,2,0,0,4,1.0,0.0,0.0,0.0,0.0,0.0,0.0,0.0,0.0,0.0,0.0,0.0,0.0,0.0,0.0,0.0,0.0,0.0,0.0,0.0,0.0,0.0,0.0,0.0,0.0,0.0,40.0,0.0,Chelsea,2.0,0.0,Sunderland,Sunderland,1.0,0.0,0.19238369962953783,,0.9999926557531159,0.19238228671615126
luca_netz,1,1,DEF,Nott'm Forest,13,1,0,0,3,0,0,3,1.7,0.0,0.0,-2.0,0.0,0.9,0.0,0.0,0.0,0.13,1.0,0.0,0.1,0.0,16.0,0.0,0.0,0.0,0.0,0.0,0.0,0.0,1.0,0.0,0.0,0.0,45.0,0.0,Leeds,0.0,0.0,Liverpool,Liverpool,2.0,1.0,1.7242157979364767,,1.1454902161551892,1.9750723270764468
luca_williams_barnett,1,0,MID,Spurs,4,0,0,0,3,0,0,3,1.0,0.0,0.0,0.0,0.0,0.0,0.0,0.0,0.0,0.0,0.0,0.0,0.0,0.0,0.0,0.0,0.0,0.0,0.0,0.0,0.0,0.0,0.0,0.0,0.0,0.0,45.0,0.0,Brentford,0.0,0.0,Newcastle,Newcastle,2.0,1.0,0.25884824106681714,,0.6078457933658143,0.15733981445260503
lucas_bergvall,1,1,MID,Spurs,4,0,0,0,3,0,0,3,2.0,0.0,0.0,2.0,0.0,2.0,0.01,0.01,0.0,1.7,2.0,0.0,0.0,0.0,45.0,0.0,0.0,0.0,0.0,0.0,1.0,2.0,1.0,0.0,0.0,0.0,55.0,0.0,Brentford,0.0,0.0,Newcastle,Newcastle,2.0,1.0,0.7162287467453698,,0.6078457933658143,0.4353566307968423
lucas_digne,1,0,DEF,Aston Villa,5,0,0,0,4,0,0,2,0.0,0.0,0.0,0.0,0.0,0.0,0.0,0.0,0.0,0.0,0.0,0.0,0.0,0.0,0.0,0.0,0.0,0.0,0.0,0.0,0.0,0.0,0.0,0.0,0.0,0.0,45.0,0.0,Brighton,0.0,0.0,Arsenal,Arsenal,3.0,3.0,0.3785983228092311,,0.5,0.18929916140461556
lucas_estella_perri,1,0,GK,Leeds,18,0,0,0,3,0,0,3,1.9,0.0,0.0,0.0,0.0,0.0,0.0,0.0,0.0,0.0,0.0,0.0,0.0,0.0,0.0,0.0,0.0,0.0,0.0,0.0,0.0,0.0,0.0,0.0,0.0,0.0,45.0,0.0,Nott'm Forest,1.0,3.0,Brentford,Brentford,3.0,3.0,0.8070157716066556,,2.0,1.6140315432133112
lucas_gourna_douath,1,0,MID,Hull City,16,1,0,0,2,0,0,4,1.5,0.0,0.0,0.0,0.0,0.0,0.0,0.0,0.0,0.0,0.0,0.0,0.0,0.0,0.0,0.0,0.0,0.0,0.0,0.0,0.0,0.0,0.0,0.0,0.0,0.0,50.0,0.0,Man Utd,2.0,3.0,Coventry City,Coventry City,0.0,0.0,0.3242989531225442,,1.0874120328128694,0.3526465838540712
lucas_herrington,1,1,DEF,Hull City,16,1,0,0,2,0,0,4,1.0,0.0,0.0,4.0,0.0,0.0,0.0,0.0,0.0,0.96,0.0,0.0,0.8,8.0,26.0,0.0,0.0,0.0,0.0,0.0,0.0,0.0,1.0,0.0,0.0,0.0,40.0,0.0,Man Utd,2.0,3.0,Coventry City,Coventry City,0.0,0.0,1.1592133496468542,,2.0,2.3184266992937084
luka_lynch,1,0,MID,Aston Villa,5,0,0,0,4,0,0,2,1.0,0.0,0.0,0.0,0.0,0.0,0.0,0.0,0.0,0.0,0.0,0.0,0.0,0.0,0.0,0.0,0.0,0.0,0.0,0.0,0.0,0.0,0.0,0.0,0.0,0.0,45.0,0.0,Brighton,0.0,0.0,Arsenal,Arsenal,3.0,3.0,0.29593413102561494,,0.5,0.14796706551280747
luka_vuskovic,1,6,DEF,Brighton,2,1,0,0,2,0,0,4,2.2,0.0,0.0,19.0,1.0,4.5,0.03,0.16,0.13,0.29,0.0,0.0,2.9,12.4,90.0,0.0,0.0,0.0,0.0,0.0,1.0,12.0,6.0,0.0,0.0,0.0,50.0,0.0,Aston Villa,4.0,3.0,Chelsea,Chelsea,3.0,3.0,3.371838635415156,50210.0,2.0,6.743677270830312
lukas_hornicek,1,1,GK,Newcastle,14,1,0,0,2,0,0,4,2.6,0.0,0.0,12.0,0.0,0.0,0.0,0.0,0.0,2.98,2.0,0.0,4.1,41.2,90.0,0.0,0.0,0.0,0.0,5.0,1.0,0.0,1.0,0.0,0.0,0.0,50.0,1.0,Liverpool,2.0,1.0,Spurs,Spurs,0.0,0.0,1.8068797556500256,14972.0,1.75,3.1620395723875445
lukas_nmecha,1,0,FWD,Leeds,18,0,0,0,3,0,0,3,1.8,0.0,0.0,0.0,0.0,0.0,0.0,0.0,0.0,0.0,0.0,0.0,0.0,0.0,0.0,0.0,0.0,0.0,0.0,0.0,0.0,0.0,0.0,0.0,0.0,0.0,55.0,0.0,Nott'm Forest,1.0,3.0,Brentford,Brentford,3.0,3.0,0.33114719106313295,14970.0,0.5,0.16557359553156648
luke_o'nien,1,1,DEF,Sunderland,12,0,0,0,3,0,0,2,1.0,0.0,0.0,1.0,0.0,1.4,0.01,0.02,0.01,1.69,1.0,0.0,1.7,11.4,66.0,0.0,0.0,0.0,0.0,0.0,1.0,4.0,1.0,0.0,0.0,0.0,40.0,1.0,Ipswich Town,1.0,0.0,Fulham,Fulham,2.0,0.0,1.4502387961954246,,0.5,0.7251193980977123
luke_shaw,1,1,DEF,Man Utd,11,0,0,0,4,0,0,2,1.7,0.0,0.0,13.0,0.0,59.2,0.26,0.26,0.0,1.01,2.0,0.0,9.0,25.2,90.0,0.0,0.0,0.0,0.0,0.0,1.0,6.0,1.0,0.0,0.0,0.0,45.0,0.0,Hull City,0.0,0.0,Ipswich Town,Ipswich Town,2.0,3.0,2.861324094712698,14969.0,0.5,1.430662047356349
luke_woolfenden,1,0,DEF,Coventry City,1,0,0,0,2,0,0,4,1.0,0.0,0.0,0.0,0.0,0.0,0.0,0.0,0.0,0.0,0.0,0.0,0.0,0.0,0.0,0.0,0.0,0.0,0.0,0.0,0.0,0.0,0.0,0.0,0.0,0.0,40.0,0.0,Arsenal,0.0,0.0,Hull City,Hull City,2.0,3.0,0.256531805833768,,0.5,0.128265902916884
malick_thiaw,1,3,DEF,Newcastle,14,1,0,0,2,0,0,4,2.2,0.0,0.0,0.0,0.0,0.2,0.0,0.0,0.0,2.98,2.0,0.0,3.8,37.8,90.0,0.0,0.0,0.0,0.0,0.0,1.0,0.0,3.0,0.0,0.0,0.0,50.0,0.0,Liverpool,2.0,1.0,Spurs,Spurs,0.0,0.0,2.856568924814937,14974.0,2.0,5.713137849629874
malick_yalcouye,1,1,MID,Brighton,2,1,0,0,2,0,0,4,1.0,0.0,0.0,3.0,0.0,2.7,0.01,0.01,0.0,0.0,0.0,0.0,0.3,0.6,4.0,0.0,0.0,0.0,0.0,0.0,0.0,0.0,1.0,0.0,0.0,0.0,45.0,0.0,Aston Villa,4.0,3.0,Chelsea,Chelsea,3.0,3.0,0.8967780156730493,,1.203858576210382,1.0795939051249286
malo_gusto,1,1,DEF,Chelsea,10,0,0,0,4,0,0,2,2.2,0.0,0.0,2.0,0.0,9.8,0.03,0.03,0.0,1.11,2.0,0.0,2.3,7.2,75.0,0.0,0.0,0.0,0.0,0.0,1.0,6.0,1.0,0.0,0.0,0.0,50.0,0.0,Fulham,3.0,3.0,Brighton,Brighton,4.0,3.0,2.6827625589276076,,0.5,1.3413812794638038
mamadou_sangare,1,14,MID,Brentford,19,1,0,0,3,0,0,3,2.0,2.0,3.0,41.0,1.0,21.8,0.33,0.38,0.05,0.47,0.0,0.0,7.4,31.6,75.0,0.0,0.0,0.0,0.0,0.0,1.0,21.0,14.0,0.0,0.0,0.0,55.0,0.0,Spurs,3.0,3.0,Leeds,Leeds,1.0,3.0,3.996214638065034,14974.0,1.029292011597646,4.113271803589917
mamadou_sarr,1,0,DEF,Chelsea,10,0,0,0,4,0,0,2,1.7,0.0,0.0,0.0,0.0,0.0,0.0,0.0,0.0,0.0,0.0,0.0,0.0,0.0,0.0,0.0,0.0,0.0,0.0,0.0,0.0,0.0,0.0,0.0,0.0,0.0,45.0,0.0,Fulham,3.0,3.0,Brighton,Brighton,4.0,3.0,0.7821875560440581,,0.5,0.39109377802202905
manuel_ugarte_ribeiro,1,0,MID,Man Utd,11,0,0,0,4,0,0,2,0.0,0.0,0.0,0.0,0.0,0.0,0.0,0.0,0.0,0.0,0.0,0.0,0.0,0.0,0.0,0.0,0.0,0.0,0.0,0.0,0.0,0.0,0.0,0.0,0.0,0.0,50.0,0.0,Hull City,0.0,0.0,Ipswich Town,Ipswich Town,2.0,3.0,0.2906324258980395,,0.5,0.14531621294901975
marc_guehi,1,10,DEF,Man City,3,1,0,0,4,0,0,3,2.8,0.0,2.0,31.0,0.0,17.5,0.32,1.21,0.89,0.65,1.0,1.0,8.9,43.6,90.0,0.0,0.0,0.0,0.0,0.0,1.0,28.0,10.0,0.0,0.0,0.0,60.0,0.0,Bournemouth,2.0,3.0,Crystal Palace,Crystal Palace,0.0,0.0,3.1810735871319276,14970.0,2.0,6.362147174263855
marc_guiu_paz,1,0,FWD,Chelsea,10,0,0,0,4,0,0,2,1.4,0.0,0.0,0.0,0.0,0.0,0.0,0.0,0.0,0.0,0.0,0.0,0.0,0.0,0.0,0.0,0.0,0.0,0.0,0.0,0.0,0.0,0.0,0.0,0.0,0.0,50.0,0.0,Fulham,3.0,3.0,Brighton,Brighton,4.0,3.0,0.24573147548917396,,,
marcelino_nunez,1,4,MID,Ipswich Town,20,1,0,0,2,0,0,3,1.5,0.0,0.0,26.0,0.0,7.3,0.03,0.06,0.03,0.63,1.0,0.0,2.4,13.0,79.0,0.0,0.0,0.0,0.0,0.0,1.0,4.0,4.0,0.0,0.0,0.0,50.0,0.0,Sunderland,2.0,3.0,Man Utd,Man Utd,0.0,0.0,3.1741584716622304,,0.8222241740022191,2.6098698275146237
marco_bizot,1,1,GK,Aston Villa,5,0,0,0,4,0,0,2,1.9,0.0,0.0,1.0,0.0,0.0,0.0,0.0,0.0,3.77,4.0,0.0,2.8,28.2,90.0,0.0,0.0,0.0,0.0,3.0,1.0,0.0,1.0,0.0,0.0,0.0,45.0,0.0,Brighton,0.0,0.0,Arsenal,Arsenal,3.0,3.0,1.898799916129553,,0.5,0.9493999580647765
marco_palestra,1,0,DEF,Chelsea,10,0,0,0,4,0,0,2,2.5,0.0,0.0,0.0,0.0,0.0,0.0,0.0,0.0,0.0,0.0,0.0,0.0,0.0,0.0,0.0,0.0,0.0,0.0,0.0,0.0,0.0,0.0,0.0,0.0,0.0,55.0,0.0,Fulham,3.0,3.0,Brighton,Brighton,4.0,3.0,1.2299332959606286,79641.0,0.5,0.6149666479803143
marcos_senesi_baron,1,3,DEF,Spurs,4,0,0,0,3,0,0,3,2.8,0.0,0.0,10.0,0.0,2.2,0.02,0.02,0.0,3.87,3.0,0.0,3.9,36.6,90.0,0.0,0.0,0.0,0.0,0.0,1.0,0.0,3.0,0.0,0.0,0.0,60.0,0.0,Brentford,0.0,0.0,Newcastle,Newcastle,2.0,1.0,3.0188448075958436,14974.0,0.5,1.5094224037979218
marcus_bettinelli,1,0,GK,Man City,3,1,0,0,4,0,0,3,1.9,0.0,0.0,0.0,0.0,0.0,0.0,0.0,0.0,0.0,0.0,0.0,0.0,0.0,0.0,0.0,0.0,0.0,0.0,0.0,0.0,0.0,0.0,0.0,0.0,0.0,45.0,0.0,Bournemouth,2.0,3.0,Crystal Palace,Crystal Palace,0.0,0.0,0.12395962494135038,,2.0,0.24791924988270075
marcus_rashford,1,1,MID,Man Utd,11,0,0,0,4,0,0,2,2.5,0.0,0.0,9.0,0.0,48.6,0.1,0.1,0.0,0.09,0.0,0.0,6.4,11.6,45.0,0.0,0.0,0.0,0.0,0.0,0.0,4.0,1.0,0.0,0.0,0.0,70.0,0.0,Hull City,0.0,0.0,Ipswich Town,Ipswich Town,2.0,3.0,3.4913875517969117,14972.0,0.5,1.7456937758984559
marcus_tavernier,1,10,MID,Bournemouth,15,0,0,0,3,0,0,4,2.2,0.0,3.0,32.0,0.0,17.2,0.08,0.48,0.4,2.25,2.0,1.0,7.5,40.0,90.0,0.0,0.0,0.0,0.0,0.0,1.0,18.0,10.0,0.0,0.0,0.0,60.0,0.0,Man City,1.0,0.0,Everton,Everton,2.0,3.0,3.008539189416652,,0.6417440175802717,1.9307120264639361
mark_gillespie,1,0,GK,Newcastle,14,1,0,0,2,0,0,4,1.9,0.0,0.0,0.0,0.0,0.0,0.0,0.0,0.0,0.0,0.0,0.0,0.0,0.0,0.0,0.0,0.0,0.0,0.0,0.0,0.0,0.0,0.0,0.0,0.0,0.0,45.0,0.0,Liverpool,2.0,1.0,Spurs,Spurs,0.0,0.0,-0.09947037320707386,,1.75,-0.17407315311237925
mark_travers,1,0,GK,Everton,8,1,0,0,3,0,0,3,2.6,0.0,0.0,0.0,0.0,0.0,0.0,0.0,0.0,0.0,0.0,0.0,0.0,0.0,0.0,0.0,0.0,0.0,0.0,0.0,0.0,0.0,0.0,0.0,0.0,0.0,50.0,0.0,Crystal Palace,2.0,3.0,Bournemouth,Bournemouth,1.0,0.0,0.3801057787751707,,2.0,0.7602115575503414
martin_dubravka,1,0,GK,Spurs,4,0,0,0,3,0,0,3,1.0,0.0,0.0,0.0,0.0,0.0,0.0,0.0,0.0,0.0,0.0,0.0,0.0,0.0,0.0,0.0,0.0,0.0,0.0,0.0,0.0,0.0,0.0,0.0,0.0,0.0,40.0,0.0,Brentford,0.0,0.0,Newcastle,Newcastle,2.0,1.0,-0.09143661995552188,,1.0,-0.09143661995552188
martin_odegaard,1,11,MID,Arsenal,7,1,0,0,4,0,0,2,2.3,0.0,3.0,41.0,1.0,41.5,0.1,0.31,0.21,0.06,0.0,1.0,12.3,50.6,75.0,0.0,0.0,0.0,0.0,0.0,1.0,31.0,11.0,0.0,0.0,0.0,65.0,0.0,Coventry City,3.0,3.0,Aston Villa,Aston Villa,0.0,0.0,3.044722657356746,14972.0,2.0,6.089445314713492
martin_zubimendi_ibanez,1,1,MID,Arsenal,7,1,0,0,4,0,0,2,2.0,0.0,0.0,3.0,0.0,2.3,0.02,0.02,0.0,0.15,0.0,0.0,0.6,3.8,22.0,0.0,0.0,0.0,0.0,0.0,0.0,0.0,1.0,0.0,0.0,0.0,55.0,0.0,Coventry City,3.0,3.0,Aston Villa,Aston Villa,0.0,0.0,1.77223643605422,,2.0,3.54447287210844
mason_burstow,1,0,FWD,Hull City,16,1,0,0,2,0,0,4,0.0,0.0,0.0,0.0,0.0,0.0,0.0,0.0,0.0,0.0,0.0,0.0,0.0,0.0,0.0,0.0,0.0,0.0,0.0,0.0,0.0,0.0,0.0,0.0,0.0,0.0,45.0,0.0,Man Utd,2.0,3.0,Coventry City,Coventry City,0.0,0.0,0.03847153489067212,,1.959259259259259,0.075375710952465
mason_mount,1,0,MID,Man Utd,11,0,0,0,4,0,0,2,1.0,0.0,0.0,0.0,0.0,0.0,0.0,0.0,0.0,0.0,0.0,0.0,0.0,0.0,0.0,0.0,0.0,0.0,0.0,0.0,0.0,0.0,0.0,0.0,0.0,0.0,55.0,0.0,Hull City,0.0,0.0,Ipswich Town,Ipswich Town,2.0,3.0,0.505344392395604,,0.5,0.252672196197802
mateo_joseph_fernandez_regatillo,1,0,FWD,Leeds,18,0,0,0,3,0,0,3,0.0,0.0,0.0,0.0,0.0,0.0,0.0,0.0,0.0,0.0,0.0,0.0,0.0,0.0,0.0,0.0,0.0,0.0,0.0,0.0,0.0,0.0,0.0,0.0,0.0,0.0,45.0,0.0,Nott'm Forest,1.0,3.0,Brentford,Brentford,3.0,3.0,0.017174163744761106,,0.5,0.008587081872380553
mateo_kovacic,1,1,MID,Man City,3,1,0,0,4,0,0,3,2.0,0.0,0.0,3.0,0.0,2.1,0.01,0.01,0.0,0.1,0.0,0.0,0.4,2.2,27.0,0.0,0.0,0.0,0.0,0.0,0.0,0.0,1.0,0.0,0.0,0.0,55.0,0.0,Bournemouth,2.0,3.0,Crystal Palace,Crystal Palace,0.0,0.0,1.977783480702271,,1.3035670503158765,2.5781733781025267
mateus_fernandes,1,1,MID,Spurs,4,0,0,0,3,0,0,3,2.2,0.0,0.0,16.0,0.0,27.2,0.06,0.06,0.0,2.18,1.0,0.0,3.6,7.2,45.0,0.0,0.0,0.0,0.0,0.0,0.0,2.0,1.0,0.0,0.0,0.0,60.0,0.0,Brentford,0.0,0.0,Newcastle,Newcastle,2.0,1.0,2.745398138758238,,0.6078457933658143,1.6687787097585312
matheus_franca_de_oliveira,1,0,MID,Crystal Palace,9,0,0,0,3,0,0,3,1.5,0.0,0.0,0.0,0.0,0.0,0.0,0.0,0.0,0.0,0.0,0.0,0.0,0.0,0.0,0.0,0.0,0.0,0.0,0.0,0.0,0.0,0.0,0.0,0.0,0.0,50.0,0.0,Everton,0.0,0.0,Man City,Man City,2.0,3.0,0.43230840810865434,,0.6417440175802717,0.27743133465337955
matheus_nunes,1,1,DEF,Man City,3,1,0,0,4,0,0,3,2.8,0.0,0.0,4.0,0.0,1.5,0.04,0.04,0.0,0.1,0.0,0.0,0.9,3.8,33.0,0.0,0.0,0.0,0.0,0.0,0.0,4.0,1.0,0.0,0.0,0.0,60.0,0.0,Bournemouth,2.0,3.0,Crystal Palace,Crystal Palace,0.0,0.0,2.900141103422255,14973.0,2.0,5.80028220684451
matheus_santos_carneiro_da_cunha,1,2,MID,Man Utd,11,0,0,0,4,0,0,2,2.8,0.0,0.0,14.0,0.0,28.2,0.21,0.45,0.24,1.01,2.0,0.0,6.9,5.4,79.0,0.0,0.0,0.0,0.0,0.0,1.0,35.0,2.0,0.0,0.0,0.0,80.0,0.0,Hull City,0.0,0.0,Ipswich Town,Ipswich Town,2.0,3.0,4.22267873379802,14973.0,0.5,2.11133936689901
mathias_jensen,1,6,MID,Brentford,19,1,0,0,3,0,0,3,2.0,1.0,0.0,22.0,1.0,46.2,0.34,0.42,0.08,0.47,0.0,0.0,7.2,12.6,66.0,0.0,0.0,0.0,0.0,0.0,1.0,13.0,6.0,0.0,0.0,0.0,55.0,0.0,Spurs,3.0,3.0,Leeds,Leeds,1.0,3.0,3.3921059286286805,,1.029292011597646,3.491467534830516
mathys_tel,1,2,MID,Spurs,4,0,0,0,3,0,0,3,2.2,0.0,0.0,17.0,0.0,26.0,0.06,0.12,0.06,3.87,3.0,0.0,4.5,10.4,90.0,0.0,0.0,0.0,0.0,0.0,1.0,9.0,2.0,0.0,0.0,0.0,60.0,0.0,Brentford,0.0,0.0,Newcastle,Newcastle,2.0,1.0,2.9972640035398648,,0.6078457933658143,1.821874316158486
mats_wieffer,1,7,DEF,Brighton,2,1,0,0,2,0,0,4,2.2,0.0,1.0,32.0,1.0,26.3,0.05,0.14,0.09,0.29,0.0,0.0,4.9,16.6,77.0,0.0,0.0,0.0,0.0,0.0,1.0,6.0,7.0,0.0,0.0,0.0,50.0,0.0,Aston Villa,4.0,3.0,Chelsea,Chelsea,3.0,3.0,2.52272970650659,,2.0,5.04545941301318
matt_crooks,1,2,MID,Hull City,16,1,0,0,2,0,0,4,1.0,0.0,0.0,9.0,1.0,2.4,0.0,0.0,0.0,1.83,0.0,0.0,2.1,19.0,90.0,0.0,0.0,0.0,0.0,0.0,1.0,0.0,2.0,0.0,0.0,0.0,45.0,1.0,Man Utd,2.0,3.0,Coventry City,Coventry City,0.0,0.0,2.231149256245623,,1.0874120328128694,2.4261785482429747
matt_grimes,1,2,MID,Coventry City,1,0,0,0,2,0,0,4,1.5,0.0,0.0,14.0,0.0,3.7,0.01,0.01,0.0,1.88,3.0,0.0,1.7,13.4,90.0,0.0,0.0,0.0,0.0,0.0,1.0,0.0,2.0,0.0,0.0,0.0,50.0,0.0,Arsenal,0.0,0.0,Hull City,Hull City,2.0,3.0,2.45819447793067,,0.5,1.229097238965335
matt_o'riley,1,0,MID,Brighton,2,1,0,0,2,0,0,4,2.0,0.0,0.0,0.0,0.0,0.0,0.0,0.0,0.0,0.0,0.0,0.0,0.0,0.0,0.0,0.0,0.0,0.0,0.0,0.0,0.0,0.0,0.0,0.0,0.0,0.0,55.0,0.0,Aston Villa,4.0,3.0,Chelsea,Chelsea,3.0,3.0,0.553715800913331,,1.203858576210382,0.6665955157127139
matt_targett,1,1,DEF,Hull City,16,1,0,0,2,0,0,4,1.0,0.0,0.0,3.0,0.0,0.0,0.0,0.0,0.0,0.07,0.0,0.0,0.0,0.4,5.0,0.0,0.0,0.0,0.0,0.0,0.0,0.0,1.0,0.0,0.0,0.0,40.0,0.0,Man Utd,2.0,3.0,Coventry City,Coventry City,0.0,0.0,0.7955799112841817,,2.0,1.5911598225683634
matteo_ruggeri,1,1,DEF,Aston Villa,5,0,0,0,4,0,0,2,1.7,0.0,0.0,3.0,0.0,0.0,0.0,0.0,0.0,0.14,0.0,0.0,0.4,4.0,8.0,0.0,0.0,0.0,0.0,0.0,0.0,0.0,1.0,0.0,0.0,0.0,45.0,0.0,Brighton,0.0,0.0,Arsenal,Arsenal,3.0,3.0,1.2178360603582044,,0.5,0.6089180301791022
matthijs_de_ligt,1,0,DEF,Man Utd,11,0,0,0,4,0,0,2,0.0,0.0,0.0,0.0,0.0,0.0,0.0,0.0,0.0,0.0,0.0,0.0,0.0,0.0,0.0,0.0,0.0,0.0,0.0,0.0,0.0,0.0,0.0,0.0,0.0,0.0,50.0,0.0,Hull City,0.0,0.0,Ipswich Town,Ipswich Town,2.0,3.0,0.4913512550071082,,0.5,0.2456756275035541
matty_cash,1,-1,DEF,Aston Villa,5,0,0,0,4,0,0,2,1.7,0.0,0.0,-8.0,0.0,1.1,0.0,0.0,0.0,3.77,4.0,0.0,1.3,12.0,90.0,0.0,0.0,0.0,0.0,0.0,1.0,0.0,-1.0,0.0,0.0,0.0,45.0,1.0,Brighton,0.0,0.0,Arsenal,Arsenal,3.0,3.0,1.6590955896470365,,0.5,0.8295477948235183
matty_jacob,1,0,DEF,Hull City,16,1,0,0,2,0,0,4,0.0,0.0,0.0,0.0,0.0,0.0,0.0,0.0,0.0,0.0,0.0,0.0,0.0,0.0,0.0,0.0,0.0,0.0,0.0,0.0,0.0,0.0,0.0,0.0,0.0,0.0,40.0,0.0,Man Utd,2.0,3.0,Coventry City,Coventry City,0.0,0.0,0.08684514994990922,,2.0,0.17369029989981843
matz_sels,1,2,GK,Nott'm Forest,13,1,0,0,3,0,0,3,2.6,0.0,0.0,11.0,0.0,0.0,0.0,0.0,0.0,0.47,1.0,0.0,1.4,14.2,90.0,0.0,0.0,0.0,0.0,2.0,1.0,0.0,2.0,0.0,0.0,0.0,50.0,0.0,Leeds,0.0,0.0,Liverpool,Liverpool,2.0,1.0,3.5063662704418856,50210.0,0.5,1.7531831352209428
max_alleyne,1,0,DEF,Man City,3,1,0,0,4,0,0,3,0.0,0.0,0.0,0.0,0.0,0.0,0.0,0.0,0.0,0.0,0.0,0.0,0.0,0.0,0.0,0.0,0.0,0.0,0.0,0.0,0.0,0.0,0.0,0.0,0.0,0.0,50.0,0.0,Bournemouth,2.0,3.0,Crystal Palace,Crystal Palace,0.0,0.0,0.4399569828694885,,2.0,0.879913965738977
max_dowman,1,0,MID,Arsenal,7,1,0,0,4,0,0,2,2.0,0.0,0.0,0.0,0.0,0.0,0.0,0.0,0.0,0.0,0.0,0.0,0.0,0.0,0.0,0.0,0.0,0.0,0.0,0.0,0.0,0.0,0.0,0.0,0.0,0.0,55.0,0.0,Coventry City,3.0,3.0,Aston Villa,Aston Villa,0.0,0.0,0.4716020075876126,,2.0,0.9432040151752252
maxence_lacroix,1,6,DEF,Chelsea,10,0,0,0,4,0,0,2,2.8,1.0,0.0,25.0,0.0,11.2,0.2,0.2,0.0,1.33,2.0,0.0,5.7,44.2,90.0,0.0,0.0,0.0,0.0,0.0,1.0,2.0,6.0,0.0,0.0,0.0,60.0,0.0,Fulham,3.0,3.0,Brighton,Brighton,4.0,3.0,4.722225358384083,14974.0,0.5,2.3611126791920416
maxim_de_cuyper,1,17,DEF,Brighton,2,1,0,0,2,0,0,4,1.7,1.0,2.0,46.0,1.0,45.3,0.21,1.68,1.47,0.29,0.0,1.0,12.9,40.6,77.0,0.0,0.0,0.0,0.0,0.0,1.0,43.0,17.0,0.0,0.0,0.0,45.0,0.0,Aston Villa,4.0,3.0,Chelsea,Chelsea,3.0,3.0,1.913419172166082,14971.0,2.0,3.826838344332164
melker_ellborg,1,0,GK,Sunderland,12,0,0,0,3,0,0,2,1.9,0.0,0.0,0.0,0.0,0.0,0.0,0.0,0.0,0.0,0.0,0.0,0.0,0.0,0.0,0.0,0.0,0.0,0.0,0.0,0.0,0.0,0.0,0.0,0.0,0.0,45.0,0.0,Ipswich Town,1.0,0.0,Fulham,Fulham,2.0,0.0,-0.028561525539141597,14974.0,0.5,-0.014280762769570798
merlin_rohl,1,3,MID,Everton,8,1,0,0,3,0,0,3,1.5,0.0,0.0,12.0,1.0,13.0,0.06,0.06,0.0,1.96,0.0,0.0,2.9,13.8,90.0,0.0,0.0,0.0,0.0,0.0,1.0,2.0,3.0,0.0,0.0,0.0,50.0,0.0,Crystal Palace,2.0,3.0,Bournemouth,Bournemouth,1.0,0.0,2.8487321999286808,,1.3035670503158765,3.713513431000888
michael_kayode,1,13,DEF,Brentford,19,1,0,0,3,0,0,3,1.7,0.0,1.0,36.0,1.0,1.5,0.0,0.5,0.5,0.47,0.0,1.0,8.1,33.8,75.0,0.0,0.0,0.0,0.0,0.0,1.0,46.0,13.0,0.0,0.0,0.0,45.0,0.0,Spurs,3.0,3.0,Leeds,Leeds,1.0,3.0,2.7176559307102153,,2.0,5.4353118614204305
michael_keane,1,0,DEF,Everton,8,1,0,0,3,0,0,3,2.2,0.0,0.0,0.0,0.0,0.0,0.0,0.0,0.0,0.0,0.0,0.0,0.0,0.0,0.0,0.0,0.0,0.0,0.0,0.0,0.0,0.0,0.0,0.0,0.0,0.0,50.0,0.0,Crystal Palace,2.0,3.0,Bournemouth,Bournemouth,1.0,0.0,0.7640032113731268,79641.0,2.0,1.5280064227462535
michael_svoboda,1,0,DEF,Brighton,2,1,0,0,2,0,0,4,2.2,0.0,0.0,0.0,0.0,0.0,0.0,0.0,0.0,0.0,0.0,0.0,0.0,0.0,0.0,0.0,0.0,0.0,0.0,0.0,0.0,0.0,0.0,0.0,0.0,0.0,50.0,0.0,Aston Villa,4.0,3.0,Chelsea,Chelsea,3.0,3.0,0.9747974728736499,,2.0,1.9495949457472999
micky_van_de_ven,1,0,DEF,Spurs,4,0,0,0,3,0,0,3,0.0,0.0,0.0,0.0,0.0,0.0,0.0,0.0,0.0,0.0,0.0,0.0,0.0,0.0,0.0,0.0,0.0,0.0,0.0,0.0,0.0,0.0,0.0,0.0,0.0,0.0,50.0,0.0,Brentford,0.0,0.0,Newcastle,Newcastle,2.0,1.0,0.4635067833674362,50210.0,0.5,0.2317533916837181
miguel_brau,1,0,DEF,Coventry City,1,0,0,0,2,0,0,4,1.0,0.0,0.0,0.0,0.0,0.0,0.0,0.0,0.0,0.0,0.0,0.0,0.0,0.0,0.0,0.0,0.0,0.0,0.0,0.0,0.0,0.0,0.0,0.0,0.0,0.0,40.0,0.0,Arsenal,0.0,0.0,Hull City,Hull City,2.0,3.0,0.256531805833768,,0.5,0.128265902916884
mike_penders,1,0,GK,Chelsea,10,0,0,0,4,0,0,2,1.9,0.0,0.0,0.0,0.0,0.0,0.0,0.0,0.0,0.0,0.0,0.0,0.0,0.0,0.0,0.0,0.0,0.0,0.0,0.0,0.0,0.0,0.0,0.0,0.0,0.0,45.0,0.0,Fulham,3.0,3.0,Brighton,Brighton,4.0,3.0,1.0318851084682623,14971.0,0.5,0.5159425542341312
mikel_merino_zazon,1,1,MID,Arsenal,7,1,0,0,4,0,0,2,2.2,0.0,0.0,5.0,0.0,1.2,0.02,0.16,0.14,0.15,0.0,0.0,1.9,3.6,14.0,0.0,0.0,0.0,0.0,0.0,0.0,14.0,1.0,0.0,0.0,0.0,60.0,0.0,Coventry City,3.0,3.0,Aston Villa,Aston Villa,0.0,0.0,1.8934024133790563,,2.0,3.7868048267581127
mikey_moore,1,2,MID,Spurs,4,0,0,0,3,0,0,3,1.5,0.0,0.0,10.0,0.0,5.9,0.02,0.4,0.38,3.02,3.0,0.0,7.5,14.2,67.0,0.0,0.0,0.0,0.0,0.0,1.0,55.0,2.0,0.0,0.0,0.0,50.0,0.0,Brentford,0.0,0.0,Newcastle,Newcastle,2.0,1.0,2.7111994241794104,,0.6078457933658143,1.6479911649632728
mikkel_damsgaard,1,1,MID,Brentford,19,1,0,0,3,0,0,3,2.0,0.0,0.0,6.0,0.0,26.3,0.11,0.11,0.0,0.1,0.0,0.0,3.4,7.6,14.0,0.0,0.0,0.0,0.0,0.0,0.0,0.0,1.0,0.0,0.0,0.0,55.0,0.0,Spurs,3.0,3.0,Leeds,Leeds,1.0,3.0,1.7345861096484152,50210.0,1.029292011597646,1.7853956260893524
milan_van_ewijk,1,1,DEF,Coventry City,1,0,0,0,2,0,0,4,1.0,0.0,0.0,-8.0,0.0,2.0,0.01,0.01,0.0,1.88,3.0,0.0,1.5,10.6,90.0,0.0,0.0,0.0,0.0,0.0,1.0,2.0,1.0,0.0,0.0,0.0,40.0,0.0,Arsenal,0.0,0.0,Hull City,Hull City,2.0,3.0,2.3940743710812415,,0.5,1.1970371855406208
milos_kerkez,1,0,DEF,Liverpool,17,0,0,0,4,0,0,2,2.5,0.0,0.0,3.0,0.0,13.8,0.02,0.04,0.02,1.58,2.0,0.0,4.4,18.0,90.0,0.0,0.0,0.0,0.0,0.0,1.0,12.0,0.0,0.0,0.0,0.0,55.0,1.0,Newcastle,2.0,1.0,Nott'm Forest,Nott'm Forest,0.0,0.0,2.9806159803917915,15210.0,1.058760202742355,3.1557575796967168
mitoma_kaoru,1,0,MID,Brighton,2,1,0,0,2,0,0,4,0.0,0.0,0.0,0.0,0.0,0.0,0.0,0.0,0.0,0.0,0.0,0.0,0.0,0.0,0.0,0.0,0.0,0.0,0.0,0.0,0.0,0.0,0.0,0.0,0.0,0.0,60.0,0.0,Aston Villa,4.0,3.0,Chelsea,Chelsea,3.0,3.0,0.48507580298966557,,1.203858576210382,0.5839626655412465
mohamed_belloumi,1,3,MID,Hull City,16,1,0,0,2,0,0,4,1.5,0.0,0.0,8.0,1.0,2.2,0.03,0.08,0.05,1.83,0.0,0.0,2.0,10.6,90.0,0.0,0.0,0.0,0.0,0.0,1.0,7.0,3.0,0.0,0.0,0.0,50.0,0.0,Man Utd,2.0,3.0,Coventry City,Coventry City,0.0,0.0,2.905213917731254,,1.0874120328128694,3.1591645720363832
mohammed_kudus,1,0,MID,Spurs,4,0,0,0,3,0,0,3,0.6,0.0,0.0,0.0,0.0,0.0,0.0,0.0,0.0,0.0,0.0,0.0,0.0,0.0,0.0,0.0,0.0,0.0,0.0,0.0,0.0,0.0,0.0,0.0,0.0,0.0,65.0,0.0,Brentford,0.0,0.0,Newcastle,Newcastle,2.0,1.0,0.702113225905938,,0.6078457933658143,0.4267765708334261
moises_caicedo_corozo,1,0,MID,Chelsea,10,0,0,0,4,0,0,2,2.0,0.0,0.0,0.0,0.0,0.0,0.0,0.0,0.0,0.0,0.0,0.0,0.0,0.0,0.0,0.0,0.0,0.0,0.0,0.0,0.0,0.0,0.0,0.0,0.0,0.0,55.0,0.0,Fulham,3.0,3.0,Brighton,Brighton,4.0,3.0,0.6050117475532755,61014.0,0.6576936731107271,0.3979123985234537
morgan_gibbs_white,1,2,MID,Nott'm Forest,13,1,0,0,3,0,0,3,2.8,0.0,0.0,10.0,0.0,9.3,0.06,0.19,0.13,0.47,1.0,0.0,2.4,0.0,90.0,0.0,0.0,0.0,0.0,0.0,1.0,16.0,2.0,0.0,0.0,0.0,80.0,0.0,Leeds,0.0,0.0,Liverpool,Liverpool,2.0,1.0,4.059191639623387,14971.0,0.6479143129270348,2.630008362225751
morgan_rogers,1,8,MID,Chelsea,10,0,0,0,4,0,0,2,2.6,0.0,1.0,37.0,0.0,53.5,0.1,1.06,0.96,1.24,2.0,1.0,13.1,48.8,81.0,0.0,0.0,0.0,0.0,0.0,1.0,29.0,8.0,0.0,0.0,0.0,75.0,0.0,Fulham,3.0,3.0,Brighton,Brighton,4.0,3.0,4.211298604183347,14970.0,0.6576936731107271,2.7697444475514237
murillo_costa_dos_santos,1,4,DEF,Nott'm Forest,13,1,0,0,3,0,0,3,2.5,0.0,0.0,15.0,0.0,25.9,0.28,0.28,0.0,0.47,1.0,0.0,5.8,32.2,90.0,0.0,0.0,0.0,0.0,0.0,1.0,0.0,4.0,0.0,0.0,0.0,55.0,0.0,Leeds,0.0,0.0,Liverpool,Liverpool,2.0,1.0,4.488141638845445,15210.0,1.1454902161551892,5.141122336016173
mykhailo_mudryk,1,0,MID,Chelsea,10,0,0,0,4,0,0,2,2.0,0.0,0.0,0.0,0.0,0.0,0.0,0.0,0.0,0.0,0.0,0.0,0.0,0.0,0.0,0.0,0.0,0.0,0.0,0.0,0.0,0.0,0.0,0.0,0.0,0.0,55.0,0.0,Fulham,3.0,3.0,Brighton,Brighton,4.0,3.0,0.6050117475532755,,0.6576936731107271,0.3979123985234537
myles_lewis_skelly,1,3,MID,Arsenal,7,1,0,0,4,0,0,2,2.0,0.0,0.0,15.0,1.0,22.9,0.11,0.17,0.06,0.2,0.0,0.0,4.1,11.0,90.0,0.0,0.0,0.0,0.0,0.0,1.0,7.0,3.0,0.0,0.0,0.0,55.0,0.0,Coventry City,3.0,3.0,Aston Villa,Aston Villa,0.0,0.0,3.335024988961589,,2.0,6.670049977923178
nathan_collins,1,6,DEF,Brentford,19,1,0,0,3,0,0,3,2.5,0.0,0.0,21.0,1.0,21.5,0.04,0.38,0.34,0.57,0.0,0.0,5.0,11.6,90.0,0.0,0.0,0.0,0.0,0.0,1.0,17.0,6.0,0.0,0.0,0.0,55.0,0.0,Spurs,3.0,3.0,Leeds,Leeds,1.0,3.0,3.109254528244853,14972.0,2.0,6.218509056489706
nathan_patterson,1,0,DEF,Everton,8,1,0,0,3,0,0,3,1.7,0.0,0.0,0.0,0.0,0.0,0.0,0.0,0.0,0.0,0.0,0.0,0.0,0.0,0.0,0.0,0.0,0.0,0.0,0.0,0.0,0.0,0.0,0.0,0.0,0.0,45.0,0.0,Crystal Palace,2.0,3.0,Bournemouth,Bournemouth,1.0,0.0,0.5283011030402175,,2.0,1.056602206080435
neco_williams,1,2,DEF,Nott'm Forest,13,1,0,0,3,0,0,3,2.2,0.0,0.0,13.0,0.0,5.8,0.02,0.02,0.0,0.47,1.0,0.0,2.7,15.2,90.0,0.0,0.0,0.0,0.0,0.0,1.0,6.0,2.0,0.0,0.0,0.0,50.0,0.0,Leeds,0.0,0.0,Liverpool,Liverpool,2.0,1.0,3.2511068615236227,14971.0,1.1454902161551892,3.724111101550313
nehemiah_oriola,1,0,MID,Brighton,2,1,0,0,2,0,0,4,1.0,0.0,0.0,0.0,0.0,0.0,0.0,0.0,0.0,0.0,0.0,0.0,0.0,0.0,0.0,0.0,0.0,0.0,0.0,0.0,0.0,0.0,0.0,0.0,0.0,0.0,45.0,0.0,Aston Villa,4.0,3.0,Chelsea,Chelsea,3.0,3.0,0.2187425227252784,,1.203858576210382,0.2633350619647208
nick_pope,1,0,GK,Newcastle,14,1,0,0,2,0,0,4,2.6,0.0,0.0,0.0,0.0,0.0,0.0,0.0,0.0,0.0,0.0,0.0,0.0,0.0,0.0,0.0,0.0,0.0,0.0,0.0,0.0,0.0,0.0,0.0,0.0,0.0,50.0,0.0,Liverpool,2.0,1.0,Spurs,Spurs,0.0,0.0,0.03865237455756754,,1.75,0.06764165547574319
nick_woltemade,1,0,FWD,Newcastle,14,1,0,0,2,0,0,4,2.0,0.0,0.0,0.0,0.0,0.0,0.0,0.0,0.0,0.0,0.0,0.0,0.0,0.0,0.0,0.0,0.0,0.0,0.0,0.0,0.0,0.0,0.0,0.0,0.0,0.0,60.0,0.0,Liverpool,2.0,1.0,Spurs,Spurs,0.0,0.0,0.4933352086350058,14970.0,0.5,0.2466676043175029
nico_elvedi,1,0,DEF,Leeds,18,0,0,0,3,0,0,3,1.7,0.0,0.0,0.0,0.0,0.0,0.0,0.0,0.0,0.0,0.0,0.0,0.0,0.0,0.0,0.0,0.0,0.0,0.0,0.0,0.0,0.0,0.0,0.0,0.0,0.0,45.0,0.0,Nott'm Forest,1.0,3.0,Brentford,Brentford,3.0,3.0,0.6769629862649553,,2.0,1.3539259725299106
nico_gonzalez_iglesias,1,0,MID,Man City,3,1,0,0,4,0,0,3,2.0,0.0,0.0,0.0,0.0,0.0,0.0,0.0,0.0,0.0,0.0,0.0,0.0,0.0,0.0,0.0,0.0,0.0,0.0,0.0,0.0,0.0,0.0,0.0,0.0,0.0,55.0,0.0,Bournemouth,2.0,3.0,Crystal Palace,Crystal Palace,0.0,0.0,0.4917855922165706,,1.3035670503158765,0.6410754938336014
nico_o'reilly,1,2,DEF,Man City,3,1,0,0,4,0,0,3,3.1,0.0,0.0,5.0,0.0,30.4,0.41,0.48,0.07,0.55,1.0,0.0,5.0,8.8,62.0,0.0,0.0,0.0,0.0,0.0,1.0,11.0,2.0,0.0,0.0,0.0,65.0,0.0,Bournemouth,2.0,3.0,Crystal Palace,Crystal Palace,0.0,0.0,3.4698317232631086,14972.0,2.0,6.939663446526217
nicolas_dominguez,1,0,MID,Nott'm Forest,13,1,0,0,3,0,0,3,1.5,0.0,0.0,0.0,0.0,0.0,0.0,0.0,0.0,0.0,0.0,0.0,0.0,0.0,0.0,0.0,0.0,0.0,0.0,0.0,0.0,0.0,0.0,0.0,0.0,0.0,50.0,0.0,Leeds,0.0,0.0,Liverpool,Liverpool,2.0,1.0,0.4263348801608433,,0.6479143129270348,0.27622847095624253
nicolas_jackson,1,0,FWD,Chelsea,10,0,0,0,4,0,0,2,2.1,0.0,0.0,0.0,0.0,0.0,0.0,0.0,0.0,0.0,0.0,0.0,0.0,0.0,0.0,0.0,0.0,0.0,0.0,0.0,0.0,0.0,0.0,0.0,0.0,0.0,65.0,0.0,Fulham,3.0,3.0,Brighton,Brighton,4.0,3.0,0.5659498148943796,,,
nicolo_savona,1,0,DEF,Nott'm Forest,13,1,0,0,3,0,0,3,0.0,0.0,0.0,0.0,0.0,0.0,0.0,0.0,0.0,0.0,0.0,0.0,0.0,0.0,0.0,0.0,0.0,0.0,0.0,0.0,0.0,0.0,0.0,0.0,0.0,0.0,45.0,0.0,Leeds,0.0,0.0,Liverpool,Liverpool,2.0,1.0,0.2869508669076466,,1.1454902161551892,0.32869941055995905
nikola_milenkovic,1,2,DEF,Nott'm Forest,13,1,0,0,3,0,0,3,2.5,0.0,0.0,4.0,0.0,0.6,0.02,0.13,0.11,0.47,1.0,0.0,2.2,7.6,90.0,0.0,0.0,0.0,0.0,0.0,1.0,14.0,2.0,0.0,0.0,0.0,55.0,0.0,Leeds,0.0,0.0,Liverpool,Liverpool,2.0,1.0,3.7227927362598017,14972.0,1.1454902161551892,4.2644226561592085
nilson_angulo,1,5,MID,Sunderland,12,0,0,0,3,0,0,2,1.5,0.0,0.0,23.0,0.0,3.3,0.01,0.16,0.15,1.66,1.0,1.0,5.2,32.8,58.0,0.0,0.0,0.0,0.0,0.0,1.0,16.0,5.0,0.0,0.0,0.0,50.0,1.0,Ipswich Town,1.0,0.0,Fulham,Fulham,2.0,0.0,1.46908391878257,,1.8240276162413267,2.679649638435438
noah_okafor,1,1,MID,Leeds,18,0,0,0,3,0,0,3,2.2,0.0,0.0,10.0,0.0,14.0,0.16,0.16,0.0,0.13,0.0,0.0,2.8,10.0,24.0,0.0,0.0,0.0,0.0,0.0,0.0,4.0,1.0,0.0,0.0,0.0,60.0,0.0,Nott'm Forest,1.0,3.0,Brentford,Brentford,3.0,3.0,2.303755507734799,,0.563797590622306,1.298851804643747
noah_sadiki,1,2,MID,Sunderland,12,0,0,0,3,0,0,2,1.5,0.0,0.0,18.0,0.0,32.1,0.03,0.09,0.06,1.8,2.0,0.0,7.2,14.6,90.0,0.0,0.0,0.0,0.0,0.0,1.0,25.0,2.0,0.0,0.0,0.0,50.0,0.0,Ipswich Town,1.0,0.0,Fulham,Fulham,2.0,0.0,3.0958211197434657,,1.8240276162413267,5.646863217355229
nobel_mendy,1,15,DEF,Hull City,16,1,0,0,2,0,0,4,1.0,0.0,1.0,35.0,1.0,0.6,0.0,0.28,0.28,0.86,0.0,1.0,8.5,51.8,63.0,0.0,0.0,0.0,0.0,0.0,1.0,33.0,15.0,0.0,0.0,0.0,40.0,0.0,Man Utd,2.0,3.0,Coventry City,Coventry City,0.0,0.0,2.6087514142283244,,2.0,5.217502828456649
noni_madueke,1,1,MID,Arsenal,7,1,0,0,4,0,0,2,2.3,0.0,0.0,8.0,0.0,43.1,0.04,0.04,0.0,0.15,0.0,0.0,5.3,9.4,22.0,0.0,0.0,0.0,0.0,0.0,0.0,0.0,1.0,0.0,0.0,0.0,65.0,0.0,Coventry City,3.0,3.0,Aston Villa,Aston Villa,0.0,0.0,2.2463065054104194,,2.0,4.492613010820839
norberto_bercique_gomes_betuncal,1,1,FWD,Everton,8,1,0,0,3,0,0,3,1.8,0.0,0.0,3.0,0.0,0.0,0.0,0.05,0.05,0.34,0.0,0.0,0.2,0.0,11.0,0.0,0.0,0.0,0.0,0.0,0.0,2.0,1.0,0.0,0.0,0.0,55.0,0.0,Crystal Palace,2.0,3.0,Bournemouth,Bournemouth,1.0,0.0,1.5438633957327026,15210.0,1.18876404494382,1.8352892951519089
nordi_mukiele,1,0,DEF,Sunderland,12,0,0,0,3,0,0,2,2.5,0.0,0.0,0.0,0.0,0.0,0.0,0.0,0.0,0.0,0.0,0.0,0.0,0.0,0.0,0.0,0.0,0.0,0.0,0.0,0.0,0.0,0.0,0.0,0.0,0.0,55.0,0.0,Ipswich Town,1.0,0.0,Fulham,Fulham,2.0,0.0,0.9425822161315824,79641.0,0.5,0.4712911080657912
norman_bassette,1,0,FWD,Coventry City,1,0,0,0,2,0,0,4,0.0,0.0,0.0,0.0,0.0,0.0,0.0,0.0,0.0,0.0,0.0,0.0,0.0,0.0,0.0,0.0,0.0,0.0,0.0,0.0,0.0,0.0,0.0,0.0,0.0,0.0,45.0,0.0,Arsenal,0.0,0.0,Hull City,Hull City,2.0,3.0,0.07558118249012558,,0.7278481012658227,0.05501162016686354
noussair_mazraoui,1,1,DEF,Man Utd,11,0,0,0,4,0,0,2,1.7,0.0,0.0,8.0,0.0,29.4,0.05,0.27,0.22,1.01,2.0,0.0,5.6,17.4,79.0,0.0,0.0,0.0,0.0,0.0,1.0,9.0,1.0,0.0,0.0,0.0,45.0,0.0,Hull City,0.0,0.0,Ipswich Town,Ipswich Town,2.0,3.0,1.998243922170103,,0.5,0.9991219610850515
ola_aina,1,5,DEF,Nott'm Forest,13,1,0,0,3,0,0,3,1.7,0.0,0.0,24.0,1.0,35.6,0.17,0.21,0.04,0.34,0.0,0.0,6.3,16.0,73.0,0.0,0.0,0.0,0.0,0.0,1.0,11.0,5.0,0.0,0.0,0.0,45.0,1.0,Leeds,0.0,0.0,Liverpool,Liverpool,2.0,1.0,2.3316710165343104,,1.1454902161551892,2.670906336732677
oli_mcburnie,1,5,FWD,Hull City,16,1,0,0,2,0,0,4,1.8,1.0,0.0,21.0,1.0,21.1,0.01,0.17,0.16,1.83,0.0,0.0,9.0,17.2,90.0,0.0,0.0,0.0,0.0,0.0,1.0,52.0,5.0,0.0,0.0,0.0,55.0,0.0,Man Utd,2.0,3.0,Coventry City,Coventry City,0.0,0.0,3.3811960384341284,61014.0,1.959259259259259,6.624639645672792
oliver_dovin,1,0,GK,Coventry City,1,0,0,0,2,0,0,4,1.0,0.0,0.0,0.0,0.0,0.0,0.0,0.0,0.0,0.0,0.0,0.0,0.0,0.0,0.0,0.0,0.0,0.0,0.0,0.0,0.0,0.0,0.0,0.0,0.0,0.0,40.0,0.0,Arsenal,0.0,0.0,Hull City,Hull City,2.0,3.0,0.16350264261379932,,0.5,0.08175132130689966
olivier_boscagli,1,6,DEF,Brighton,2,1,0,0,2,0,0,4,1.7,0.0,0.0,29.0,1.0,7.3,0.04,0.04,0.0,0.29,0.0,0.0,2.9,15.2,90.0,0.0,0.0,0.0,0.0,0.0,1.0,6.0,6.0,0.0,0.0,0.0,45.0,0.0,Aston Villa,4.0,3.0,Chelsea,Chelsea,3.0,3.0,2.941657303949823,,2.0,5.883314607899646
ollie_watkins,1,0,FWD,Aston Villa,5,0,0,0,4,0,0,2,2.5,0.0,0.0,0.0,0.0,0.0,0.0,0.0,0.0,0.0,0.0,0.0,0.0,0.0,0.0,0.0,0.0,0.0,0.0,0.0,0.0,0.0,0.0,0.0,0.0,0.0,80.0,0.0,Brighton,0.0,0.0,Arsenal,Arsenal,3.0,3.0,0.8473696198853884,14971.0,,
omar_alderete,1,1,DEF,Sunderland,12,0,0,0,3,0,0,2,2.2,0.0,0.0,2.0,0.0,0.6,0.01,0.01,0.0,0.1,1.0,0.0,0.0,0.0,23.0,0.0,0.0,0.0,0.0,0.0,0.0,0.0,1.0,0.0,0.0,0.0,50.0,0.0,Ipswich Town,1.0,0.0,Fulham,Fulham,2.0,0.0,2.2526108535645517,,0.5,1.1263054267822759
omar_marmoush,1,0,FWD,Man City,3,1,0,0,4,0,0,3,2.2,0.0,0.0,0.0,0.0,0.0,0.0,0.0,0.0,0.0,0.0,0.0,0.0,0.0,0.0,0.0,0.0,0.0,0.0,0.0,0.0,0.0,0.0,0.0,0.0,0.0,70.0,0.0,Bournemouth,2.0,3.0,Crystal Palace,Crystal Palace,0.0,0.0,0.6500517213783965,14972.0,1.18876404494382,0.7727581137284757
omar_richards,1,0,DEF,Nott'm Forest,13,1,0,0,3,0,0,3,1.0,0.0,0.0,0.0,0.0,0.0,0.0,0.0,0.0,0.0,0.0,0.0,0.0,0.0,0.0,0.0,0.0,0.0,0.0,0.0,0.0,0.0,0.0,0.0,0.0,0.0,40.0,0.0,Leeds,0.0,0.0,Liverpool,Liverpool,2.0,1.0,0.22868733419409604,,1.1454902161551892,0.2619591038779491
omari_hutchinson,1,0,MID,Nott'm Forest,13,1,0,0,3,0,0,3,2.0,0.0,0.0,0.0,0.0,0.0,0.0,0.0,0.0,0.0,0.0,0.0,0.0,0.0,0.0,0.0,0.0,0.0,0.0,0.0,0.0,0.0,0.0,0.0,0.0,0.0,55.0,0.0,Leeds,0.0,0.0,Liverpool,Liverpool,2.0,1.0,0.5938215192548697,,0.6479143129270348,0.3847454616493069
oscar_bobb,1,2,MID,Fulham,6,1,0,0,2,0,0,4,2.0,0.0,0.0,10.0,0.0,13.8,0.26,0.26,0.0,2.21,3.0,0.0,3.0,9.8,66.0,0.0,0.0,0.0,0.0,0.0,1.0,6.0,2.0,0.0,0.0,0.0,55.0,0.0,Chelsea,2.0,0.0,Sunderland,Sunderland,1.0,0.0,2.2378809272792273,,0.8335604873647082,1.8654091164070579
oscar_mingueza,1,0,DEF,Crystal Palace,9,0,0,0,3,0,0,3,1.7,0.0,0.0,0.0,0.0,0.0,0.0,0.0,0.0,0.0,0.0,0.0,0.0,0.0,0.0,0.0,0.0,0.0,0.0,0.0,0.0,0.0,0.0,0.0,0.0,0.0,45.0,0.0,Everton,0.0,0.0,Man City,Man City,2.0,3.0,0.5158923909159248,,0.5,0.2579461954579624
oscar_zambrano,1,0,MID,Hull City,16,1,0,0,2,0,0,4,0.0,0.0,0.0,0.0,0.0,0.0,0.0,0.0,0.0,0.0,0.0,0.0,0.0,0.0,0.0,0.0,0.0,0.0,0.0,0.0,0.0,0.0,0.0,0.0,0.0,0.0,45.0,0.0,Man Utd,2.0,3.0,Coventry City,Coventry City,0.0,0.0,0.062361659221441545,,1.0874120328128694,0.06781281862357116
ousmane_diomande,1,0,DEF,Nott'm Forest,13,1,0,0,3,0,0,3,2.5,0.0,0.0,0.0,0.0,0.0,0.0,0.0,0.0,0.0,0.0,0.0,0.0,0.0,0.0,0.0,0.0,0.0,0.0,0.0,0.0,0.0,0.0,0.0,0.0,0.0,55.0,0.0,Leeds,0.0,0.0,Liverpool,Liverpool,2.0,1.0,0.9357936591928233,,1.1454902161551892,1.0719424809454425
paddy_mcnair,1,1,DEF,Hull City,16,1,0,0,2,0,0,4,1.0,0.0,0.0,3.0,0.0,0.0,0.0,0.0,0.0,0.96,0.0,0.0,0.4,4.2,26.0,0.0,0.0,0.0,0.0,0.0,0.0,0.0,1.0,0.0,0.0,0.0,40.0,0.0,Man Utd,2.0,3.0,Coventry City,Coventry City,0.0,0.0,1.1925096617833526,,2.0,2.385019323566705
pape_matar_sarr,1,0,MID,Spurs,4,0,0,0,3,0,0,3,0.0,0.0,0.0,0.0,0.0,0.0,0.0,0.0,0.0,0.0,0.0,0.0,0.0,0.0,0.0,0.0,0.0,0.0,0.0,0.0,0.0,0.0,0.0,0.0,0.0,0.0,50.0,0.0,Brentford,0.0,0.0,Newcastle,Newcastle,2.0,1.0,0.2846588979502285,,0.6078457933658143,0.173028713663195
pascal_gross,1,2,MID,Brighton,2,1,0,0,2,0,0,4,2.0,0.0,0.0,18.0,1.0,56.9,0.27,0.27,0.0,0.29,0.0,0.0,8.6,21.0,90.0,0.0,0.0,0.0,0.0,0.0,1.0,8.0,2.0,0.0,0.0,0.0,55.0,1.0,Aston Villa,4.0,3.0,Chelsea,Chelsea,3.0,3.0,3.491174977003688,61014.0,1.203858576210382,4.202880937116973
pascal_struijk,1,0,DEF,Brighton,2,1,0,0,2,0,0,4,2.2,0.0,0.0,0.0,0.0,0.0,0.0,0.0,0.0,0.0,0.0,0.0,0.0,0.0,0.0,0.0,0.0,0.0,0.0,0.0,0.0,0.0,0.0,0.0,0.0,0.0,50.0,0.0,Aston Villa,4.0,3.0,Chelsea,Chelsea,3.0,3.0,0.9747974728736499,,2.0,1.9495949457472999
patrick_dorgu,1,0,MID,Man Utd,11,0,0,0,4,0,0,2,2.2,0.0,0.0,-11.0,0.0,1.2,0.03,0.5,0.47,0.92,2.0,0.0,0.7,0.0,45.0,0.0,0.0,0.0,0.0,0.0,1.0,16.0,0.0,0.0,0.0,0.0,60.0,1.0,Hull City,0.0,0.0,Ipswich Town,Ipswich Town,2.0,3.0,1.1977012116436883,79641.0,0.5,0.5988506058218441
pau_torres,1,0,DEF,Aston Villa,5,0,0,0,4,0,0,2,1.7,0.0,0.0,-14.0,0.0,0.7,0.0,0.0,0.0,3.55,4.0,0.0,0.0,0.0,73.0,0.0,0.0,0.0,0.0,0.0,1.0,0.0,0.0,0.0,0.0,0.0,45.0,0.0,Brighton,0.0,0.0,Arsenal,Arsenal,3.0,3.0,1.2838847033100198,,0.5,0.6419423516550099
pedro_lomba_neto,1,1,MID,Chelsea,10,0,0,0,4,0,0,2,2.3,0.0,0.0,9.0,0.0,4.1,0.07,0.1,0.03,0.22,0.0,0.0,1.3,5.2,14.0,0.0,0.0,0.0,0.0,0.0,0.0,4.0,1.0,0.0,0.0,0.0,65.0,0.0,Fulham,3.0,3.0,Brighton,Brighton,4.0,3.0,1.9391012459278152,14973.0,0.6576936731107271,1.2753346209678522
pedro_porro_sauceda,1,0,DEF,Spurs,4,0,0,0,3,0,0,3,0.0,0.0,0.0,0.0,0.0,0.0,0.0,0.0,0.0,0.0,0.0,0.0,0.0,0.0,0.0,0.0,0.0,0.0,0.0,0.0,0.0,0.0,0.0,0.0,0.0,0.0,55.0,0.0,Brentford,0.0,0.0,Newcastle,Newcastle,2.0,1.0,0.640062699827226,14973.0,0.5,0.320031349913613
pep_chavarria,1,1,DEF,Chelsea,10,0,0,0,4,0,0,2,2.2,0.0,0.0,3.0,0.0,0.2,0.0,0.0,0.0,0.28,0.0,0.0,0.5,2.4,25.0,0.0,0.0,0.0,0.0,0.0,0.0,2.0,1.0,0.0,0.0,0.0,50.0,0.0,Fulham,3.0,3.0,Brighton,Brighton,4.0,3.0,2.2519598524434885,,0.5,1.1259799262217443
phil_foden,1,1,MID,Man City,3,1,0,0,4,0,0,3,2.5,0.0,0.0,15.0,0.0,49.6,0.4,0.52,0.12,0.65,1.0,0.0,7.5,10.4,81.0,0.0,0.0,0.0,0.0,0.0,1.0,15.0,1.0,0.0,0.0,0.0,70.0,1.0,Bournemouth,2.0,3.0,Crystal Palace,Crystal Palace,0.0,0.0,3.675716414738389,14969.0,1.3035670503158765,4.791542804558171
piero_hincapie,1,1,DEF,Arsenal,7,1,0,0,4,0,0,2,2.5,0.0,0.0,3.0,0.0,0.5,0.0,0.0,0.0,0.15,0.0,0.0,0.1,0.4,9.0,0.0,0.0,0.0,0.0,0.0,0.0,0.0,1.0,0.0,0.0,0.0,55.0,0.0,Coventry City,3.0,3.0,Aston Villa,Aston Villa,0.0,0.0,1.588609929968993,79641.0,2.0,3.177219859937986
promise_david,1,0,FWD,Brighton,2,1,0,0,2,0,0,4,2.0,0.0,0.0,0.0,0.0,0.0,0.0,0.0,0.0,0.0,0.0,0.0,0.0,0.0,0.0,0.0,0.0,0.0,0.0,0.0,0.0,0.0,0.0,0.0,0.0,0.0,60.0,0.0,Aston Villa,4.0,3.0,Chelsea,Chelsea,3.0,3.0,0.5472658435575581,14969.0,1.9544334975369455,1.0695946967067052
raphael_borges_rodrigues,1,0,MID,Coventry City,1,0,0,0,2,0,0,4,1.0,0.0,0.0,0.0,0.0,0.0,0.0,0.0,0.0,0.0,0.0,0.0,0.0,0.0,0.0,0.0,0.0,0.0,0.0,0.0,0.0,0.0,0.0,0.0,0.0,0.0,45.0,0.0,Arsenal,0.0,0.0,Hull City,Hull City,2.0,3.0,0.26482176901462817,,0.5,0.13241088450731409
rayan_ait_nouri,1,0,DEF,Man City,3,1,0,0,4,0,0,3,2.5,0.0,0.0,0.0,0.0,0.0,0.0,0.0,0.0,0.0,0.0,0.0,0.0,0.0,0.0,0.0,0.0,0.0,0.0,0.0,0.0,0.0,0.0,0.0,0.0,0.0,55.0,0.0,Bournemouth,2.0,3.0,Crystal Palace,Crystal Palace,0.0,0.0,0.9122438586948756,,2.0,1.8244877173897511
rayan_cherki,1,8,MID,Man City,3,1,0,0,4,0,0,3,2.6,2.0,1.0,28.0,0.0,48.8,0.5,0.5,0.0,0.1,0.0,0.0,9.2,39.2,27.0,0.0,0.0,0.0,0.0,0.0,0.0,4.0,8.0,0.0,0.0,0.0,75.0,0.0,Bournemouth,2.0,3.0,Crystal Palace,Crystal Palace,0.0,0.0,3.464986385867986,14973.0,1.3035670503158765,4.5168420824106
rayan_vitor_simplicio_rocha,1,2,MID,Bournemouth,15,0,0,0,3,0,0,4,2.3,0.0,0.0,9.0,0.0,11.3,0.03,0.07,0.04,2.06,1.0,0.0,3.5,6.2,88.0,0.0,0.0,0.0,0.0,0.0,1.0,17.0,2.0,0.0,0.0,0.0,65.0,0.0,Man City,1.0,0.0,Everton,Everton,2.0,3.0,3.382911722193673,14971.0,0.6417440175802717,2.1709633597199636
reece_james,1,0,DEF,Chelsea,10,0,0,0,4,0,0,2,2.5,0.0,0.0,5.0,0.0,16.8,0.07,0.17,0.1,1.33,2.0,0.0,5.9,23.4,90.0,0.0,0.0,0.0,0.0,0.0,1.0,19.0,0.0,0.0,0.0,0.0,55.0,1.0,Fulham,3.0,3.0,Brighton,Brighton,4.0,3.0,3.617254368782945,50210.0,0.5,1.8086271843914725
regan_slater,1,6,MID,Hull City,16,1,0,0,2,0,0,4,1.0,1.0,0.0,20.0,1.0,19.3,0.44,0.44,0.0,1.83,0.0,0.0,3.8,18.4,90.0,0.0,0.0,0.0,0.0,0.0,1.0,0.0,6.0,0.0,0.0,0.0,45.0,0.0,Man Utd,2.0,3.0,Coventry City,Coventry City,0.0,0.0,3.4430631822238187,,1.0874120328128694,3.7440283340851495
reinildo_mandava,1,1,DEF,Sunderland,12,0,0,0,3,0,0,2,1.7,0.0,0.0,9.0,0.0,27.5,0.29,0.29,0.0,1.8,2.0,0.0,5.5,23.0,90.0,0.0,0.0,0.0,0.0,0.0,1.0,4.0,1.0,0.0,0.0,0.0,45.0,0.0,Ipswich Town,1.0,0.0,Fulham,Fulham,2.0,0.0,2.5347634939683923,,0.5,1.2673817469841961
reiss_nelson,1,0,MID,Arsenal,7,1,0,0,4,0,0,2,2.0,0.0,0.0,0.0,0.0,0.0,0.0,0.0,0.0,0.0,0.0,0.0,0.0,0.0,0.0,0.0,0.0,0.0,0.0,0.0,0.0,0.0,0.0,0.0,0.0,0.0,55.0,0.0,Coventry City,3.0,3.0,Aston Villa,Aston Villa,0.0,0.0,0.4716020075876126,,2.0,0.9432040151752252
remi_matthews,1,0,GK,Crystal Palace,9,0,0,0,3,0,0,3,1.0,0.0,0.0,0.0,0.0,0.0,0.0,0.0,0.0,0.0,0.0,0.0,0.0,0.0,0.0,0.0,0.0,0.0,0.0,0.0,0.0,0.0,0.0,0.0,0.0,0.0,40.0,0.0,Everton,0.0,0.0,Man City,Man City,2.0,3.0,0.16350264261379932,,1.0,0.16350264261379932
riccardo_calafiori,1,9,DEF,Arsenal,7,1,0,0,4,0,0,2,2.5,1.0,0.0,31.0,1.0,12.2,0.09,0.13,0.04,0.06,0.0,0.0,4.2,26.0,80.0,0.0,0.0,0.0,0.0,0.0,1.0,4.0,9.0,0.0,0.0,0.0,55.0,0.0,Coventry City,3.0,3.0,Aston Villa,Aston Villa,0.0,0.0,3.316632081439566,15210.0,2.0,6.633264162879132
richarlison_de_andrade,1,2,FWD,Spurs,4,0,0,0,3,0,0,3,2.0,0.0,0.0,6.0,0.0,2.2,0.0,0.0,0.0,3.02,3.0,0.0,0.2,0.0,67.0,0.0,0.0,0.0,0.0,0.0,1.0,0.0,2.0,0.0,0.0,0.0,60.0,0.0,Brentford,0.0,0.0,Newcastle,Newcastle,2.0,1.0,2.132960611764714,14970.0,0.5,1.066480305882357
rico_henry,1,0,DEF,Brentford,19,1,0,0,3,0,0,3,1.7,0.0,0.0,0.0,0.0,0.0,0.0,0.0,0.0,0.0,0.0,0.0,0.0,0.0,0.0,0.0,0.0,0.0,0.0,0.0,0.0,0.0,0.0,0.0,0.0,0.0,45.0,0.0,Spurs,3.0,3.0,Leeds,Leeds,1.0,3.0,0.5907786032583205,,2.0,1.181557206516641
rico_lewis,1,1,DEF,Man City,3,1,0,0,4,0,0,3,1.7,0.0,0.0,-1.0,0.0,3.8,0.02,0.19,0.17,0.55,1.0,0.0,4.7,3.8,56.0,0.0,0.0,0.0,0.0,0.0,1.0,39.0,1.0,0.0,0.0,0.0,45.0,0.0,Bournemouth,2.0,3.0,Crystal Palace,Crystal Palace,0.0,0.0,2.1812495738200255,,2.0,4.362499147640051
rio_cardines,1,0,DEF,Crystal Palace,9,0,0,0,3,0,0,3,0.0,0.0,0.0,0.0,0.0,0.0,0.0,0.0,0.0,0.0,0.0,0.0,0.0,0.0,0.0,0.0,0.0,0.0,0.0,0.0,0.0,0.0,0.0,0.0,0.0,0.0,45.0,0.0,Everton,0.0,0.0,Man City,Man City,2.0,3.0,0.31479533854731856,,0.5,0.15739766927365928
rio_ngumoha,1,2,MID,Liverpool,17,0,0,0,4,0,0,2,2.2,0.0,0.0,9.0,0.0,6.0,0.02,0.06,0.04,0.51,2.0,0.0,1.3,2.4,62.0,0.0,0.0,0.0,0.0,0.0,1.0,5.0,2.0,0.0,0.0,0.0,60.0,0.0,Newcastle,2.0,1.0,Nott'm Forest,Nott'm Forest,0.0,0.0,2.0739128440311787,14970.0,1.9644625221347685,4.07412405627318
robert_lynch_sanchez,1,2,GK,Chelsea,10,0,0,0,4,0,0,2,2.6,0.0,0.0,6.0,0.0,0.0,0.01,0.01,0.0,1.33,2.0,0.0,2.1,21.4,90.0,0.0,0.0,0.0,0.0,4.0,1.0,0.0,2.0,0.0,0.0,0.0,50.0,0.0,Fulham,3.0,3.0,Brighton,Brighton,4.0,3.0,4.289921198642142,14971.0,0.5,2.144960599321071
robin_roefs,1,1,GK,Sunderland,12,0,0,0,3,0,0,2,2.6,0.0,0.0,7.0,0.0,0.0,0.0,0.0,0.0,1.8,2.0,0.0,1.5,15.2,90.0,0.0,0.0,0.0,0.0,1.0,1.0,0.0,1.0,0.0,0.0,0.0,50.0,0.0,Ipswich Town,1.0,0.0,Fulham,Fulham,2.0,0.0,2.770389642817726,14974.0,0.5,1.385194821408863
rodrigo_'rodri'_hernandez_cascante,1,0,MID,Man City,3,1,0,0,4,0,0,3,0.0,0.0,0.0,0.0,0.0,0.0,0.0,0.0,0.0,0.0,0.0,0.0,0.0,0.0,0.0,0.0,0.0,0.0,0.0,0.0,0.0,0.0,0.0,0.0,0.0,0.0,65.0,0.0,Bournemouth,2.0,3.0,Crystal Palace,Crystal Palace,0.0,0.0,0.543406905983393,,1.3035670503158765,0.7083673375540485
rodrigo_bentancur,1,1,MID,Spurs,4,0,0,0,3,0,0,3,2.0,0.0,0.0,8.0,0.0,14.7,0.01,0.01,0.0,2.18,1.0,0.0,1.7,2.0,45.0,0.0,0.0,0.0,0.0,0.0,0.0,0.0,1.0,0.0,0.0,0.0,55.0,0.0,Brentford,0.0,0.0,Newcastle,Newcastle,2.0,1.0,2.5904880730437525,,0.6078457933658143,1.5746172779639593
rodrigo_muniz_carvalho,1,1,FWD,Fulham,6,1,0,0,2,0,0,4,1.8,0.0,0.0,6.0,0.0,11.5,0.0,0.02,0.02,0.03,0.0,0.0,2.5,6.0,8.0,0.0,0.0,0.0,0.0,0.0,0.0,7.0,1.0,0.0,0.0,0.0,55.0,0.0,Chelsea,2.0,0.0,Sunderland,Sunderland,1.0,0.0,1.688376811299098,,2.0,3.376753622598196
romain_esse,1,0,MID,Crystal Palace,9,0,0,0,3,0,0,3,1.5,0.0,0.0,0.0,0.0,0.0,0.0,0.0,0.0,0.0,0.0,0.0,0.0,0.0,0.0,0.0,0.0,0.0,0.0,0.0,0.0,0.0,0.0,0.0,0.0,0.0,50.0,0.0,Everton,0.0,0.0,Man City,Man City,2.0,3.0,0.43230840810865434,,0.6417440175802717,0.27743133465337955
romaine_mundle,1,0,MID,Sunderland,12,0,0,0,3,0,0,2,1.5,0.0,0.0,0.0,0.0,0.0,0.0,0.0,0.0,0.0,0.0,0.0,0.0,0.0,0.0,0.0,0.0,0.0,0.0,0.0,0.0,0.0,0.0,0.0,0.0,0.0,50.0,0.0,Ipswich Town,1.0,0.0,Fulham,Fulham,2.0,0.0,0.40316453155797993,,1.8240276162413267,0.7353832394507532
romeo_lavia,1,1,MID,Chelsea,10,0,0,0,4,0,0,2,1.5,0.0,0.0,8.0,0.0,21.9,0.03,0.24,0.21,1.05,2.0,0.0,6.9,13.6,64.0,0.0,0.0,0.0,0.0,0.0,1.0,33.0,1.0,0.0,0.0,0.0,50.0,1.0,Fulham,3.0,3.0,Brighton,Brighton,4.0,3.0,2.294651283798058,,0.6576936731107271,1.5091776313493903
ronald_araujo,1,1,DEF,Liverpool,17,0,0,0,4,0,0,2,2.5,0.0,0.0,3.0,0.0,1.2,0.03,0.03,0.0,0.54,0.0,0.0,1.4,13.2,20.0,0.0,0.0,0.0,0.0,0.0,0.0,0.0,1.0,0.0,0.0,0.0,55.0,0.0,Newcastle,2.0,1.0,Nott'm Forest,Nott'm Forest,0.0,0.0,1.8712809038316651,15210.0,1.058760202742355,1.9812377491287112
ross_barkley,1,2,MID,Aston Villa,5,0,0,0,4,0,0,2,1.5,0.0,0.0,11.0,0.0,21.4,0.02,0.12,0.1,3.55,4.0,0.0,3.8,9.4,73.0,0.0,0.0,0.0,0.0,0.0,1.0,7.0,2.0,0.0,0.0,0.0,50.0,0.0,Brighton,0.0,0.0,Arsenal,Arsenal,3.0,3.0,2.105727659046893,,0.5,1.0528638295234465
ruben_dos_santos_gato_alves_dias,1,2,DEF,Man City,3,1,0,0,4,0,0,3,2.5,0.0,0.0,11.0,0.0,17.9,0.14,0.14,0.0,0.65,1.0,0.0,4.4,24.4,90.0,0.0,0.0,0.0,0.0,0.0,1.0,2.0,2.0,0.0,0.0,0.0,55.0,0.0,Bournemouth,2.0,3.0,Crystal Palace,Crystal Palace,0.0,0.0,3.4617471591701348,79641.0,2.0,6.9234943183402695
ryan_christie,1,0,MID,Bournemouth,15,0,0,0,3,0,0,4,0.0,0.0,0.0,0.0,0.0,0.0,0.0,0.0,0.0,0.0,0.0,0.0,0.0,0.0,0.0,0.0,0.0,0.0,0.0,0.0,0.0,0.0,0.0,0.0,0.0,0.0,50.0,0.0,Man City,1.0,0.0,Everton,Everton,2.0,3.0,0.27044884126908153,,0.6417440175802717,0.17355892594594957
ryan_giles,1,6,DEF,Hull City,16,1,0,0,2,0,0,4,1.0,0.0,0.0,24.0,1.0,18.8,0.07,0.09,0.02,1.76,0.0,0.0,3.7,13.8,84.0,0.0,0.0,0.0,0.0,0.0,1.0,4.0,6.0,0.0,0.0,0.0,40.0,0.0,Man Utd,2.0,3.0,Coventry City,Coventry City,0.0,0.0,1.5900746235322747,,2.0,3.1801492470645494
ryan_gravenberch,1,5,MID,Liverpool,17,0,0,0,4,0,0,2,2.2,1.0,0.0,26.0,0.0,16.0,0.05,0.11,0.06,1.1,2.0,0.0,4.4,24.4,77.0,0.0,0.0,0.0,0.0,0.0,1.0,4.0,5.0,0.0,0.0,0.0,60.0,0.0,Newcastle,2.0,1.0,Nott'm Forest,Nott'm Forest,0.0,0.0,2.665311157943605,14970.0,1.9644625221347685,5.235903879607834
ryan_sessegnon,1,1,DEF,Fulham,6,1,0,0,2,0,0,4,1.7,0.0,0.0,7.0,0.0,0.5,0.0,0.03,0.03,0.03,0.0,0.0,2.6,6.6,17.0,0.0,0.0,0.0,0.0,0.0,0.0,19.0,1.0,0.0,0.0,0.0,45.0,0.0,Chelsea,2.0,0.0,Sunderland,Sunderland,1.0,0.0,1.941085395507741,,0.9999926557531159,1.9410711396973732
ryan_yates,1,0,MID,Nott'm Forest,13,1,0,0,3,0,0,3,0.0,0.0,0.0,0.0,0.0,0.0,0.0,0.0,0.0,0.0,0.0,0.0,0.0,0.0,0.0,0.0,0.0,0.0,0.0,0.0,0.0,0.0,0.0,0.0,0.0,0.0,45.0,0.0,Leeds,0.0,0.0,Liverpool,Liverpool,2.0,1.0,0.16439758625974066,,0.6479143129270348,0.10651554914834281
sam_szmodics,1,0,MID,Ipswich Town,20,1,0,0,2,0,0,3,0.0,0.0,0.0,0.0,0.0,0.0,0.0,0.0,0.0,0.0,0.0,0.0,0.0,0.0,0.0,0.0,0.0,0.0,0.0,0.0,0.0,0.0,0.0,0.0,0.0,0.0,50.0,0.0,Sunderland,2.0,3.0,Man Utd,Man Utd,0.0,0.0,0.18262297091192936,,0.8222241740022191,0.1501570214118924
samuel_iling_junior,1,0,MID,Aston Villa,5,0,0,0,4,0,0,2,0.0,0.0,0.0,0.0,0.0,0.0,0.0,0.0,0.0,0.0,0.0,0.0,0.0,0.0,0.0,0.0,0.0,0.0,0.0,0.0,0.0,0.0,0.0,0.0,0.0,0.0,50.0,0.0,Brighton,0.0,0.0,Arsenal,Arsenal,3.0,3.0,0.32174478790902605,,0.5,0.16087239395451303
sander_berge,1,2,MID,Fulham,6,1,0,0,2,0,0,4,1.5,0.0,0.0,14.0,0.0,23.1,0.03,0.06,0.03,2.21,3.0,0.0,4.4,13.6,72.0,0.0,0.0,0.0,0.0,0.0,1.0,7.0,2.0,0.0,0.0,0.0,50.0,0.0,Chelsea,2.0,0.0,Sunderland,Sunderland,1.0,0.0,2.0019833122945094,,0.8335604873647082,1.6687741854922242
sandro_tonali,1,2,MID,Spurs,4,0,0,0,3,0,0,3,2.0,0.0,0.0,14.0,0.0,6.4,0.06,0.1,0.04,3.87,3.0,0.0,2.1,6.2,90.0,0.0,0.0,0.0,0.0,0.0,1.0,8.0,2.0,0.0,0.0,0.0,55.0,0.0,Brentford,0.0,0.0,Newcastle,Newcastle,2.0,1.0,2.7909915460032177,14974.0,0.6078457933658143,1.6964924705576065
sasa_lukic,1,5,MID,Ipswich Town,20,1,0,0,2,0,0,3,1.5,1.0,0.0,22.0,0.0,14.8,0.02,0.02,0.0,0.66,1.0,0.0,4.0,23.4,90.0,0.0,0.0,0.0,0.0,0.0,1.0,2.0,5.0,0.0,0.0,0.0,50.0,0.0,Sunderland,2.0,3.0,Man Utd,Man Utd,0.0,0.0,2.854122725930159,,0.8222241740022191,2.346728700828887
savio_moreira_de_oliveira,1,0,MID,Man City,3,1,0,0,4,0,0,3,2.3,0.0,0.0,0.0,0.0,0.0,0.0,0.0,0.0,0.0,0.0,0.0,0.0,0.0,0.0,0.0,0.0,0.0,0.0,0.0,0.0,0.0,0.0,0.0,0.0,0.0,65.0,0.0,Bournemouth,2.0,3.0,Crystal Palace,Crystal Palace,0.0,0.0,0.760643412039669,15210.0,1.3035670503158765,0.9915496889747552
sean_longstaff,1,1,MID,Leeds,18,0,0,0,3,0,0,3,1.5,0.0,0.0,3.0,0.0,0.2,0.0,0.0,0.0,0.07,0.0,0.0,0.0,0.0,8.0,0.0,0.0,0.0,0.0,0.0,0.0,0.0,1.0,0.0,0.0,0.0,50.0,0.0,Nott'm Forest,1.0,3.0,Brentford,Brentford,3.0,3.0,1.2428299426608311,,0.563797590622306,0.7007045272254354
sean_neave,1,0,FWD,Newcastle,14,1,0,0,2,0,0,4,1.0,0.0,0.0,0.0,0.0,0.0,0.0,0.0,0.0,0.0,0.0,0.0,0.0,0.0,0.0,0.0,0.0,0.0,0.0,0.0,0.0,0.0,0.0,0.0,0.0,0.0,45.0,0.0,Liverpool,2.0,1.0,Spurs,Spurs,0.0,0.0,0.15050568899394756,,0.5,0.07525284449697378
sean_steur,1,1,MID,Newcastle,14,1,0,0,2,0,0,4,1.5,0.0,0.0,3.0,0.0,1.2,0.0,0.0,0.0,1.48,1.0,0.0,0.2,0.4,55.0,0.0,0.0,0.0,0.0,0.0,1.0,0.0,1.0,0.0,0.0,0.0,50.0,0.0,Liverpool,2.0,1.0,Spurs,Spurs,0.0,0.0,0.8605664441303256,,1.737423855893725,1.4951686696136621
sebastiaan_bornauw,1,0,DEF,Leeds,18,0,0,0,3,0,0,3,0.0,0.0,0.0,0.0,0.0,0.0,0.0,0.0,0.0,0.0,0.0,0.0,0.0,0.0,0.0,0.0,0.0,0.0,0.0,0.0,0.0,0.0,0.0,0.0,0.0,0.0,45.0,0.0,Nott'm Forest,1.0,3.0,Brentford,Brentford,3.0,3.0,0.4758659338963491,,2.0,0.9517318677926982
semi_ajayi,1,14,DEF,Hull City,16,1,0,0,2,0,0,4,1.0,0.0,2.0,39.0,1.0,0.2,0.0,0.52,0.52,0.86,0.0,1.0,7.9,44.2,63.0,0.0,0.0,0.0,0.0,0.0,1.0,35.0,14.0,0.0,0.0,0.0,40.0,0.0,Man Utd,2.0,3.0,Coventry City,Coventry City,0.0,0.0,1.3350522570917382,,2.0,2.6701045141834765
senne_lammens,1,1,GK,Man Utd,11,0,0,0,4,0,0,2,2.6,0.0,0.0,7.0,0.0,0.0,0.0,0.0,0.0,1.01,2.0,0.0,2.0,20.2,90.0,0.0,0.0,0.0,0.0,2.0,1.0,0.0,1.0,0.0,0.0,0.0,50.0,0.0,Hull City,0.0,0.0,Ipswich Town,Ipswich Town,2.0,3.0,3.5209489067474875,14970.0,0.5,1.7604744533737438
sepp_van_den_berg,1,0,DEF,Brentford,19,1,0,0,3,0,0,3,0.0,0.0,0.0,0.0,0.0,0.0,0.0,0.0,0.0,0.0,0.0,0.0,0.0,0.0,0.0,0.0,0.0,0.0,0.0,0.0,0.0,0.0,0.0,0.0,0.0,0.0,50.0,0.0,Spurs,3.0,3.0,Leeds,Leeds,1.0,3.0,0.5662374673495041,,2.0,1.1324749346990082
shea_charles,1,1,MID,Fulham,6,1,0,0,2,0,0,4,1.5,0.0,0.0,5.0,0.0,1.3,0.0,0.0,0.0,0.03,0.0,0.0,0.5,3.4,23.0,0.0,0.0,0.0,0.0,0.0,0.0,0.0,1.0,0.0,0.0,0.0,50.0,0.0,Chelsea,2.0,0.0,Sunderland,Sunderland,1.0,0.0,1.65200083890919,,0.8335604873647082,1.3770426244080514
shea_lacey,1,1,MID,Man Utd,11,0,0,0,4,0,0,2,1.5,0.0,0.0,3.0,0.0,0.6,0.0,0.0,0.0,0.0,0.0,0.0,0.1,0.2,10.0,0.0,0.0,0.0,0.0,0.0,0.0,0.0,1.0,0.0,0.0,0.0,50.0,0.0,Hull City,0.0,0.0,Ipswich Town,Ipswich Town,2.0,3.0,1.3148344232750158,,0.5,0.6574172116375079
shumaira_mheuka,1,0,FWD,Chelsea,10,0,0,0,4,0,0,2,1.0,0.0,0.0,0.0,0.0,0.0,0.0,0.0,0.0,0.0,0.0,0.0,0.0,0.0,0.0,0.0,0.0,0.0,0.0,0.0,0.0,0.0,0.0,0.0,0.0,0.0,45.0,0.0,Fulham,3.0,3.0,Brighton,Brighton,4.0,3.0,0.12643026222307596,,,
sidiki_cherif,1,0,FWD,Coventry City,1,0,0,0,2,0,0,4,1.4,0.0,0.0,0.0,0.0,0.0,0.0,0.0,0.0,0.0,0.0,0.0,0.0,0.0,0.0,0.0,0.0,0.0,0.0,0.0,0.0,0.0,0.0,0.0,0.0,0.0,50.0,0.0,Arsenal,0.0,0.0,Hull City,Hull City,2.0,3.0,0.27025299654239965,,0.7278481012658227,0.19670313039478451
simon_adingra,1,0,MID,Sunderland,12,0,0,0,3,0,0,2,0.0,0.0,0.0,0.0,0.0,0.0,0.0,0.0,0.0,0.0,0.0,0.0,0.0,0.0,0.0,0.0,0.0,0.0,0.0,0.0,0.0,0.0,0.0,0.0,0.0,0.0,50.0,0.0,Ipswich Town,1.0,0.0,Fulham,Fulham,2.0,0.0,0.2614885493473651,,1.8240276162413267,0.4769623353404769
sindre_walle_egeli,1,1,FWD,Ipswich Town,20,1,0,0,2,0,0,3,1.0,0.0,0.0,3.0,0.0,0.1,0.0,0.0,0.0,0.03,0.0,0.0,0.0,0.0,10.0,0.0,0.0,0.0,0.0,0.0,0.0,0.0,1.0,0.0,0.0,0.0,45.0,0.0,Sunderland,2.0,3.0,Man Utd,Man Utd,0.0,0.0,1.3558122505211625,,2.0,2.711624501042325
stefan_bajcetic_maquieira,1,0,MID,Liverpool,17,0,0,0,4,0,0,2,0.0,0.0,0.0,0.0,0.0,0.0,0.0,0.0,0.0,0.0,0.0,0.0,0.0,0.0,0.0,0.0,0.0,0.0,0.0,0.0,0.0,0.0,0.0,0.0,0.0,0.0,50.0,0.0,Newcastle,2.0,1.0,Nott'm Forest,Nott'm Forest,0.0,0.0,0.18026115076826565,,1.9644625221347685,0.3541162748811429
stefanos_tzimas,1,0,FWD,Brighton,2,1,0,0,2,0,0,4,0.0,0.0,0.0,0.0,0.0,0.0,0.0,0.0,0.0,0.0,0.0,0.0,0.0,0.0,0.0,0.0,0.0,0.0,0.0,0.0,0.0,0.0,0.0,0.0,0.0,0.0,55.0,0.0,Aston Villa,4.0,3.0,Chelsea,Chelsea,3.0,3.0,0.3073716690335784,,1.9544334975369455,0.600737486153065
steven_benda,1,0,GK,Nott'm Forest,13,1,0,0,3,0,0,3,1.9,0.0,0.0,0.0,0.0,0.0,0.0,0.0,0.0,0.0,0.0,0.0,0.0,0.0,0.0,0.0,0.0,0.0,0.0,0.0,0.0,0.0,0.0,0.0,0.0,0.0,45.0,0.0,Leeds,0.0,0.0,Liverpool,Liverpool,2.0,1.0,0.045485140349305064,,0.5,0.022742570174652532
sven_botman,1,3,DEF,Newcastle,14,1,0,0,2,0,0,4,2.2,0.0,0.0,4.0,0.0,0.3,0.01,0.01,0.0,2.98,2.0,0.0,3.3,32.4,90.0,0.0,0.0,0.0,0.0,0.0,1.0,0.0,3.0,0.0,0.0,0.0,50.0,0.0,Liverpool,2.0,1.0,Spurs,Spurs,0.0,0.0,2.759873056959771,,2.0,5.519746113919542
taiwo_awoniyi,1,1,FWD,Coventry City,1,0,0,0,2,0,0,4,1.8,0.0,0.0,4.0,0.0,1.4,0.0,0.0,0.0,0.29,0.0,0.0,0.1,0.0,20.0,0.0,0.0,0.0,0.0,0.0,0.0,0.0,1.0,0.0,0.0,0.0,55.0,0.0,Arsenal,0.0,0.0,Hull City,Hull City,2.0,3.0,2.082697898590424,,0.7278481012658227,1.515887710999359
takehiro_tomiyasu,1,1,DEF,Crystal Palace,9,0,0,0,3,0,0,3,1.7,0.0,0.0,3.0,0.0,2.4,0.01,0.01,0.0,0.14,0.0,0.0,0.5,2.4,18.0,0.0,0.0,0.0,0.0,0.0,0.0,0.0,1.0,0.0,0.0,0.0,45.0,0.0,Everton,0.0,0.0,Man City,Man City,2.0,3.0,1.515399441005476,,0.5,0.757699720502738
tammy_abraham,1,0,FWD,Aston Villa,5,0,0,0,4,0,0,2,1.3,0.0,0.0,0.0,0.0,0.0,0.0,0.0,0.0,0.0,0.0,0.0,0.0,0.0,0.0,0.0,0.0,0.0,0.0,0.0,0.0,0.0,0.0,0.0,0.0,0.0,55.0,0.0,Brighton,0.0,0.0,Arsenal,Arsenal,3.0,3.0,0.31116003418383986,,,
tanaka_ao,1,0,MID,Leeds,18,0,0,0,3,0,0,3,1.5,0.0,0.0,0.0,0.0,0.0,0.0,0.0,0.0,0.0,0.0,0.0,0.0,0.0,0.0,0.0,0.0,0.0,0.0,0.0,0.0,0.0,0.0,0.0,0.0,0.0,50.0,0.0,Nott'm Forest,1.0,3.0,Brentford,Brentford,3.0,3.0,0.44677991570617825,,0.563797590622306,0.25189344001358027
tarik_muharemovic,1,6,DEF,Leeds,18,0,0,0,3,0,0,3,2.2,0.0,0.0,25.0,1.0,0.6,0.0,0.09,0.09,0.66,0.0,0.0,3.3,15.6,90.0,0.0,0.0,0.0,0.0,0.0,1.0,17.0,6.0,0.0,0.0,0.0,50.0,0.0,Nott'm Forest,1.0,3.0,Brentford,Brentford,3.0,3.0,3.257080526355029,61014.0,2.0,6.514161052710058
tatsuhiro_sakamoto,1,0,MID,Coventry City,1,0,0,0,2,0,0,4,1.5,0.0,0.0,0.0,0.0,0.0,0.0,0.0,0.0,0.0,0.0,0.0,0.0,0.0,0.0,0.0,0.0,0.0,0.0,0.0,0.0,0.0,0.0,0.0,0.0,0.0,50.0,0.0,Arsenal,0.0,0.0,Hull City,Hull City,2.0,3.0,0.43230840810865434,,0.5,0.21615420405432717
thierno_barry,1,8,FWD,Everton,8,1,0,0,3,0,0,3,1.8,0.0,2.0,37.0,1.0,19.0,0.09,0.54,0.45,1.62,0.0,1.0,9.8,38.0,78.0,0.0,0.0,0.0,0.0,0.0,1.0,41.0,8.0,0.0,0.0,0.0,55.0,0.0,Crystal Palace,2.0,3.0,Bournemouth,Bournemouth,1.0,0.0,3.6898108704824955,,1.18876404494382,4.3863144954724484
thimothee_lo_tutala,1,0,GK,Hull City,16,1,0,0,2,0,0,4,0.0,0.0,0.0,0.0,0.0,0.0,0.0,0.0,0.0,0.0,0.0,0.0,0.0,0.0,0.0,0.0,0.0,0.0,0.0,0.0,0.0,0.0,0.0,0.0,0.0,0.0,40.0,0.0,Man Utd,2.0,3.0,Coventry City,Coventry City,0.0,0.0,-0.006957198064402315,,2.0,-0.01391439612880463
thomas_meunier,1,1,DEF,Sunderland,12,0,0,0,3,0,0,2,1.7,0.0,0.0,5.0,0.0,5.3,0.08,0.16,0.08,1.8,2.0,0.0,3.0,13.8,90.0,0.0,0.0,0.0,0.0,0.0,1.0,11.0,1.0,0.0,0.0,0.0,45.0,0.0,Ipswich Town,1.0,0.0,Fulham,Fulham,2.0,0.0,2.5021206771573636,,0.5,1.2510603385786818
tijjani_reijnders,1,0,MID,Man City,3,1,0,0,4,0,0,3,0.0,0.0,0.0,0.0,0.0,0.0,0.0,0.0,0.0,0.0,0.0,0.0,0.0,0.0,0.0,0.0,0.0,0.0,0.0,0.0,0.0,0.0,0.0,0.0,0.0,0.0,60.0,0.0,Bournemouth,2.0,3.0,Crystal Palace,Crystal Palace,0.0,0.0,0.4231455942929052,,1.3035670503158765,0.5515986542065611
tim_iroegbunam,1,0,MID,Everton,8,1,0,0,3,0,0,3,0.0,0.0,0.0,0.0,0.0,0.0,0.0,0.0,0.0,0.0,0.0,0.0,0.0,0.0,0.0,0.0,0.0,0.0,0.0,0.0,0.0,0.0,0.0,0.0,0.0,0.0,50.0,0.0,Crystal Palace,2.0,3.0,Bournemouth,Bournemouth,1.0,0.0,0.2137353329229159,,1.3035670503158765,0.27861833748660736
timothy_castagne,1,6,DEF,Fulham,6,1,0,0,2,0,0,4,1.7,2.0,0.0,21.0,0.0,27.8,0.18,0.27,0.09,2.24,3.0,0.0,8.9,38.0,90.0,0.0,0.0,0.0,0.0,0.0,1.0,23.0,6.0,0.0,0.0,0.0,45.0,1.0,Chelsea,2.0,0.0,Sunderland,Sunderland,1.0,0.0,3.5750833454405684,,0.9999926557531159,3.575057089145848
tino_livramento,1,0,DEF,Newcastle,14,1,0,0,2,0,0,4,0.0,0.0,0.0,0.0,0.0,0.0,0.0,0.0,0.0,0.0,0.0,0.0,0.0,0.0,0.0,0.0,0.0,0.0,0.0,0.0,0.0,0.0,0.0,0.0,0.0,0.0,50.0,0.0,Liverpool,2.0,1.0,Spurs,Spurs,0.0,0.0,0.38891910398380647,,2.0,0.7778382079676129
toby_collyer,1,0,MID,Man Utd,11,0,0,0,4,0,0,2,1.5,0.0,0.0,0.0,0.0,0.0,0.0,0.0,0.0,0.0,0.0,0.0,0.0,0.0,0.0,0.0,0.0,0.0,0.0,0.0,0.0,0.0,0.0,0.0,0.0,0.0,50.0,0.0,Hull City,0.0,0.0,Ipswich Town,Ipswich Town,2.0,3.0,0.43230840810865434,,0.5,0.21615420405432717
tom_cairney,1,0,MID,Fulham,6,1,0,0,2,0,0,4,0.0,0.0,0.0,0.0,0.0,0.0,0.0,0.0,0.0,0.0,0.0,0.0,0.0,0.0,0.0,0.0,0.0,0.0,0.0,0.0,0.0,0.0,0.0,0.0,0.0,0.0,50.0,0.0,Chelsea,2.0,0.0,Sunderland,Sunderland,1.0,0.0,0.21019260270742057,,0.8335604873647082,0.175208248353254
tom_heaton,1,0,GK,Man Utd,11,0,0,0,4,0,0,2,0.0,0.0,0.0,0.0,0.0,0.0,0.0,0.0,0.0,0.0,0.0,0.0,0.0,0.0,0.0,0.0,0.0,0.0,0.0,0.0,0.0,0.0,0.0,0.0,0.0,0.0,40.0,0.0,Hull City,0.0,0.0,Ipswich Town,Ipswich Town,2.0,3.0,0.16950757991287357,,0.5,0.08475378995643679
tom_king,1,0,GK,Everton,8,1,0,0,3,0,0,3,1.9,0.0,0.0,0.0,0.0,0.0,0.0,0.0,0.0,0.0,0.0,0.0,0.0,0.0,0.0,0.0,0.0,0.0,0.0,0.0,0.0,0.0,0.0,0.0,0.0,0.0,45.0,0.0,Crystal Palace,2.0,3.0,Bournemouth,Bournemouth,1.0,0.0,0.24198303101052931,,2.0,0.48396606202105863
tom_watson,1,0,MID,Brighton,2,1,0,0,2,0,0,4,0.0,0.0,0.0,0.0,0.0,0.0,0.0,0.0,0.0,0.0,0.0,0.0,0.0,0.0,0.0,0.0,0.0,0.0,0.0,0.0,0.0,0.0,0.0,0.0,0.0,0.0,50.0,0.0,Aston Villa,4.0,3.0,Chelsea,Chelsea,3.0,3.0,0.24455317960868972,,1.203858576210382,0.29440744261143903
tosin_adarabioyo,1,0,DEF,Chelsea,10,0,0,0,4,0,0,2,1.7,0.0,0.0,0.0,0.0,0.0,0.0,0.0,0.0,0.0,0.0,0.0,0.0,0.0,0.0,0.0,0.0,0.0,0.0,0.0,0.0,0.0,0.0,0.0,0.0,0.0,45.0,0.0,Fulham,3.0,3.0,Brighton,Brighton,4.0,3.0,0.7821875560440581,,0.5,0.39109377802202905
trai_hume,1,2,DEF,Sunderland,12,0,0,0,3,0,0,2,1.7,0.0,0.0,14.0,0.0,39.4,0.27,0.31,0.04,1.69,1.0,0.0,6.2,9.4,79.0,0.0,0.0,0.0,0.0,0.0,1.0,13.0,2.0,0.0,0.0,0.0,45.0,0.0,Ipswich Town,1.0,0.0,Fulham,Fulham,2.0,0.0,2.475805276535727,61014.0,0.5,1.2379026382678635
trevoh_chalobah,1,0,DEF,Chelsea,10,0,0,0,4,0,0,2,0.0,0.0,0.0,0.0,0.0,0.0,0.0,0.0,0.0,0.0,0.0,0.0,0.0,0.0,0.0,0.0,0.0,0.0,0.0,0.0,0.0,0.0,0.0,0.0,0.0,0.0,55.0,0.0,Fulham,3.0,3.0,Brighton,Brighton,4.0,3.0,0.9342023365950312,,0.5,0.4671011682975156
trey_nyoni,1,0,MID,Liverpool,17,0,0,0,4,0,0,2,1.5,0.0,0.0,0.0,0.0,0.0,0.0,0.0,0.0,0.0,0.0,0.0,0.0,0.0,0.0,0.0,0.0,0.0,0.0,0.0,0.0,0.0,0.0,0.0,0.0,0.0,50.0,0.0,Newcastle,2.0,1.0,Nott'm Forest,Nott'm Forest,0.0,0.0,0.3219371329788805,,1.9644625221347685,0.632433432220528
triston_rowe,1,0,DEF,Aston Villa,5,0,0,0,4,0,0,2,1.0,0.0,0.0,0.0,0.0,0.0,0.0,0.0,0.0,0.0,0.0,0.0,0.0,0.0,0.0,0.0,0.0,0.0,0.0,0.0,0.0,0.0,0.0,0.0,0.0,0.0,40.0,0.0,Brighton,0.0,0.0,Arsenal,Arsenal,3.0,3.0,0.32033479009568055,,0.5,0.16016739504784028
tyler_adams,1,1,MID,Bournemouth,15,0,0,0,3,0,0,4,1.1,0.0,0.0,4.0,0.0,0.6,0.0,0.0,0.0,0.31,2.0,0.0,0.4,3.6,15.0,0.0,0.0,0.0,0.0,0.0,0.0,0.0,1.0,0.0,0.0,0.0,50.0,0.0,Man City,1.0,0.0,Everton,Everton,2.0,3.0,1.311357517104729,,0.6417440175802717,0.8415558415108786
tyler_bindon,1,0,DEF,Nott'm Forest,13,1,0,0,3,0,0,3,1.0,0.0,0.0,0.0,0.0,0.0,0.0,0.0,0.0,0.0,0.0,0.0,0.0,0.0,0.0,0.0,0.0,0.0,0.0,0.0,0.0,0.0,0.0,0.0,0.0,0.0,40.0,0.0,Leeds,0.0,0.0,Liverpool,Liverpool,2.0,1.0,0.22868733419409604,,1.1454902161551892,0.2619591038779491
tyler_dibling,1,0,MID,Everton,8,1,0,0,3,0,0,3,2.0,0.0,0.0,0.0,0.0,0.0,0.0,0.0,0.0,0.0,0.0,0.0,0.0,0.0,0.0,0.0,0.0,0.0,0.0,0.0,0.0,0.0,0.0,0.0,0.0,0.0,55.0,0.0,Crystal Palace,2.0,3.0,Bournemouth,Bournemouth,1.0,0.0,0.5228979542275571,,1.3035670503158765,0.6816325438086228
tyler_fletcher,1,0,MID,Man Utd,11,0,0,0,4,0,0,2,1.0,0.0,0.0,0.0,0.0,0.0,0.0,0.0,0.0,0.0,0.0,0.0,0.0,0.0,0.0,0.0,0.0,0.0,0.0,0.0,0.0,0.0,0.0,0.0,0.0,0.0,45.0,0.0,Hull City,0.0,0.0,Ipswich Town,Ipswich Town,2.0,3.0,0.26482176901462817,,0.5,0.13241088450731409
tyler_fredricson,1,0,DEF,Man Utd,11,0,0,0,4,0,0,2,0.0,0.0,0.0,0.0,0.0,0.0,0.0,0.0,0.0,0.0,0.0,0.0,0.0,0.0,0.0,0.0,0.0,0.0,0.0,0.0,0.0,0.0,0.0,0.0,0.0,0.0,40.0,0.0,Hull City,0.0,0.0,Ipswich Town,Ipswich Town,2.0,3.0,0.13823942208752893,,0.5,0.06911971104376446
tyrick_mitchell,1,1,DEF,Crystal Palace,9,0,0,0,3,0,0,3,1.7,0.0,0.0,9.0,0.0,13.8,0.01,0.01,0.0,1.12,2.0,0.0,2.7,11.6,90.0,0.0,0.0,0.0,0.0,0.0,1.0,2.0,1.0,0.0,0.0,0.0,45.0,0.0,Everton,0.0,0.0,Man City,Man City,2.0,3.0,2.499230240678125,15210.0,0.5,1.2496151203390624
tyrique_george,1,3,MID,Everton,8,1,0,0,3,0,0,3,2.0,0.0,0.0,13.0,1.0,23.4,0.08,0.26,0.18,1.67,0.0,0.0,5.5,7.0,83.0,0.0,0.0,0.0,0.0,0.0,1.0,25.0,3.0,0.0,0.0,0.0,55.0,0.0,Crystal Palace,2.0,3.0,Bournemouth,Bournemouth,1.0,0.0,3.40589217643769,,1.3035670503158765,4.4398088181328
tyrone_mings,1,1,DEF,Aston Villa,5,0,0,0,4,0,0,2,1.7,0.0,0.0,5.0,0.0,0.0,0.0,0.0,0.0,0.22,0.0,0.0,0.2,2.0,16.0,0.0,0.0,0.0,0.0,0.0,0.0,0.0,1.0,0.0,0.0,0.0,45.0,0.0,Brighton,0.0,0.0,Arsenal,Arsenal,3.0,3.0,1.444604613595986,,0.5,0.722302306797993
valentin_barco,1,0,MID,Chelsea,10,0,0,0,4,0,0,2,2.0,0.0,0.0,0.0,0.0,0.0,0.0,0.0,0.0,0.0,0.0,0.0,0.0,0.0,0.0,0.0,0.0,0.0,0.0,0.0,0.0,0.0,0.0,0.0,0.0,0.0,55.0,0.0,Fulham,3.0,3.0,Brighton,Brighton,4.0,3.0,0.6050117475532755,,0.6576936731107271,0.3979123985234537
veljko_milosavljevic,1,0,DEF,Bournemouth,15,0,0,0,3,0,0,4,0.0,0.0,0.0,0.0,0.0,0.0,0.0,0.0,0.0,0.0,0.0,0.0,0.0,0.0,0.0,0.0,0.0,0.0,0.0,0.0,0.0,0.0,0.0,0.0,0.0,0.0,50.0,0.0,Man City,1.0,0.0,Everton,Everton,2.0,3.0,0.5120620477657034,,0.5,0.2560310238828517
victor_lindelof,1,-2,DEF,Aston Villa,5,0,0,0,4,0,0,2,1.7,0.0,0.0,-13.0,0.0,0.1,0.0,0.0,0.0,3.77,4.0,0.0,0.2,1.8,90.0,1.0,0.0,0.0,0.0,0.0,1.0,0.0,-2.0,0.0,0.0,0.0,45.0,0.0,Brighton,0.0,0.0,Arsenal,Arsenal,3.0,3.0,2.3476351700481164,,0.5,1.1738175850240582
victor_munoz,1,4,MID,Liverpool,17,0,0,0,4,0,0,2,2.3,1.0,0.0,15.0,0.0,8.9,0.04,0.14,0.1,1.07,0.0,0.0,2.7,4.0,27.0,0.0,0.0,0.0,0.0,0.0,0.0,14.0,4.0,0.0,0.0,0.0,65.0,0.0,Newcastle,2.0,1.0,Nott'm Forest,Nott'm Forest,0.0,0.0,2.8215129252635043,14972.0,1.9644625221347685,5.542756397398992
victor_torp,1,1,MID,Coventry City,1,0,0,0,2,0,0,4,2.0,0.0,0.0,8.0,0.0,16.4,0.11,0.11,0.0,0.32,0.0,0.0,2.3,6.8,28.0,0.0,0.0,0.0,0.0,0.0,0.0,0.0,1.0,0.0,0.0,0.0,55.0,0.0,Arsenal,0.0,0.0,Hull City,Hull City,2.0,3.0,2.221250338392157,,0.5,1.1106251691960785
viktor_gyokeres,1,0,FWD,Arsenal,7,1,0,0,4,0,0,2,2.4,0.0,0.0,0.0,0.0,0.0,0.0,0.0,0.0,0.0,0.0,0.0,0.0,0.0,0.0,0.0,0.0,0.0,0.0,0.0,0.0,0.0,0.0,0.0,0.0,0.0,75.0,0.0,Coventry City,3.0,3.0,Aston Villa,Aston Villa,0.0,0.0,0.7915760009491137,14969.0,1.8241379310344823,1.4439438086278658
virgil_van_dijk,1,2,DEF,Liverpool,17,0,0,0,4,0,0,2,3.1,0.0,0.0,8.0,0.0,1.6,0.01,0.26,0.25,1.58,2.0,0.0,5.1,25.6,90.0,0.0,0.0,0.0,0.0,0.0,1.0,24.0,2.0,0.0,0.0,0.0,65.0,1.0,Newcastle,2.0,1.0,Nott'm Forest,Nott'm Forest,0.0,0.0,4.280660683351562,61014.0,1.058760202742355,4.532193172976528
vitalii_mykolenko,1,6,DEF,Everton,8,1,0,0,3,0,0,3,1.7,0.0,0.0,27.0,1.0,13.8,0.05,0.05,0.0,1.96,0.0,0.0,2.9,12.8,90.0,0.0,0.0,0.0,0.0,0.0,1.0,2.0,6.0,0.0,0.0,0.0,45.0,0.0,Crystal Palace,2.0,3.0,Bournemouth,Bournemouth,1.0,0.0,1.950410151430465,,2.0,3.90082030286093
vitaly_janelt,1,9,MID,Brentford,19,1,0,0,3,0,0,3,1.5,0.0,0.0,35.0,1.0,38.8,0.17,0.56,0.39,0.57,0.0,1.0,11.6,53.2,90.0,0.0,0.0,0.0,0.0,0.0,1.0,24.0,9.0,0.0,0.0,0.0,50.0,1.0,Spurs,3.0,3.0,Leeds,Leeds,1.0,3.0,4.8608535786894205,,1.029292011597646,5.00323775809085
vitezslav_jaros,1,0,GK,Liverpool,17,0,0,0,4,0,0,2,0.0,0.0,0.0,0.0,0.0,0.0,0.0,0.0,0.0,0.0,0.0,0.0,0.0,0.0,0.0,0.0,0.0,0.0,0.0,0.0,0.0,0.0,0.0,0.0,0.0,0.0,40.0,0.0,Newcastle,2.0,1.0,Nott'm Forest,Nott'm Forest,0.0,0.0,-0.23038719621282655,,2.0,-0.4607743924256531
vitor_de_oliveira_nunes_dos_reis,1,0,DEF,Man City,3,1,0,0,4,0,0,3,1.7,0.0,0.0,0.0,0.0,0.0,0.0,0.0,0.0,0.0,0.0,0.0,0.0,0.0,0.0,0.0,0.0,0.0,0.0,0.0,0.0,0.0,0.0,0.0,0.0,0.0,45.0,0.0,Bournemouth,2.0,3.0,Crystal Palace,Crystal Palace,0.0,0.0,0.46449811877830505,,2.0,0.9289962375566101
walter_benitez,1,0,GK,Crystal Palace,9,0,0,0,3,0,0,3,1.9,0.0,0.0,0.0,0.0,0.0,0.0,0.0,0.0,0.0,0.0,0.0,0.0,0.0,0.0,0.0,0.0,0.0,0.0,0.0,0.0,0.0,0.0,0.0,0.0,0.0,45.0,0.0,Everton,0.0,0.0,Man City,Man City,2.0,3.0,0.30042440291862604,,1.0,0.30042440291862604
wellity_lucky,1,0,DEF,Liverpool,17,0,0,0,4,0,0,2,1.0,0.0,0.0,0.0,0.0,0.0,0.0,0.0,0.0,0.0,0.0,0.0,0.0,0.0,0.0,0.0,0.0,0.0,0.0,0.0,0.0,0.0,0.0,0.0,0.0,0.0,40.0,0.0,Newcastle,2.0,1.0,Nott'm Forest,Nott'm Forest,0.0,0.0,0.15409965481046628,,1.058760202742355,0.16315458176965622
wes_burns,1,0,MID,Ipswich Town,20,1,0,0,2,0,0,3,0.0,0.0,0.0,0.0,0.0,0.0,0.0,0.0,0.0,0.0,0.0,0.0,0.0,0.0,0.0,0.0,0.0,0.0,0.0,0.0,0.0,0.0,0.0,0.0,0.0,0.0,50.0,0.0,Sunderland,2.0,3.0,Man Utd,Man Utd,0.0,0.0,0.18262297091192936,,0.8222241740022191,0.1501570214118924
wesley_fofana,1,0,DEF,Chelsea,10,0,0,0,4,0,0,2,0.0,0.0,0.0,0.0,0.0,0.0,0.0,0.0,0.0,0.0,0.0,0.0,0.0,0.0,0.0,0.0,0.0,0.0,0.0,0.0,0.0,0.0,0.0,0.0,0.0,0.0,50.0,0.0,Fulham,3.0,3.0,Brighton,Brighton,4.0,3.0,0.7576464201352415,,0.5,0.37882321006762076
wilfried_gnonto,1,0,MID,Leeds,18,0,0,0,3,0,0,3,0.0,0.0,0.0,0.0,0.0,0.0,0.0,0.0,0.0,0.0,0.0,0.0,0.0,0.0,0.0,0.0,0.0,0.0,0.0,0.0,0.0,0.0,0.0,0.0,0.0,0.0,50.0,0.0,Nott'm Forest,1.0,3.0,Brentford,Brentford,3.0,3.0,0.3051039334955634,,0.563797590622306,0.17201686259418694
will_dennis,1,0,GK,Bournemouth,15,0,0,0,3,0,0,4,1.0,0.0,0.0,0.0,0.0,0.0,0.0,0.0,0.0,0.0,0.0,0.0,0.0,0.0,0.0,0.0,0.0,0.0,0.0,0.0,0.0,0.0,0.0,0.0,0.0,0.0,40.0,0.0,Man City,1.0,0.0,Everton,Everton,2.0,3.0,0.21692560801001304,,1.0,0.21692560801001304
will_hughes,1,0,MID,Crystal Palace,9,0,0,0,3,0,0,3,1.0,0.0,0.0,0.0,0.0,0.0,0.0,0.0,0.0,0.0,0.0,0.0,0.0,0.0,0.0,0.0,0.0,0.0,0.0,0.0,0.0,0.0,0.0,0.0,0.0,0.0,45.0,0.0,Everton,0.0,0.0,Man City,Man City,2.0,3.0,0.26482176901462817,,0.6417440175802717,0.1699477859901622
william_osula,1,4,FWD,Newcastle,14,1,0,0,2,0,0,4,2.0,1.0,0.0,18.0,0.0,13.7,0.14,0.2,0.06,1.48,1.0,0.0,5.0,28.2,55.0,0.0,0.0,0.0,0.0,0.0,1.0,8.0,4.0,0.0,0.0,0.0,60.0,0.0,Liverpool,2.0,1.0,Spurs,Spurs,0.0,0.0,1.0409668560284868,14974.0,0.5,0.5204834280142434
william_saliba,1,0,DEF,Arsenal,7,1,0,0,4,0,0,2,0.0,0.0,0.0,0.0,0.0,0.0,0.0,0.0,0.0,0.0,0.0,0.0,0.0,0.0,0.0,0.0,0.0,0.0,0.0,0.0,0.0,0.0,0.0,0.0,0.0,0.0,60.0,0.0,Coventry City,3.0,3.0,Aston Villa,Aston Villa,0.0,0.0,0.8137796085476628,14970.0,2.0,1.6275592170953257
wilson_isidor,1,1,FWD,Sunderland,12,0,0,0,3,0,0,2,1.8,0.0,0.0,3.0,0.0,0.2,0.0,0.0,0.0,0.1,1.0,0.0,0.0,0.0,23.0,0.0,0.0,0.0,0.0,0.0,0.0,0.0,1.0,0.0,0.0,0.0,55.0,0.0,Ipswich Town,1.0,0.0,Fulham,Fulham,2.0,0.0,2.1459929501514123,79641.0,2.0,4.291985900302825
wilson_odobert,1,0,MID,Spurs,4,0,0,0,3,0,0,3,0.0,0.0,0.0,0.0,0.0,0.0,0.0,0.0,0.0,0.0,0.0,0.0,0.0,0.0,0.0,0.0,0.0,0.0,0.0,0.0,0.0,0.0,0.0,0.0,0.0,0.0,55.0,0.0,Brentford,0.0,0.0,Newcastle,Newcastle,2.0,1.0,0.4049202096407165,,0.6078457933658143,0.2461290460789132
xaver_schlager,1,1,MID,Nott'm Forest,13,1,0,0,3,0,0,3,1.5,0.0,0.0,3.0,0.0,1.0,0.0,0.0,0.0,0.13,1.0,0.0,0.4,0.6,16.0,0.0,0.0,0.0,0.0,0.0,0.0,2.0,1.0,0.0,0.0,0.0,50.0,0.0,Leeds,0.0,0.0,Liverpool,Liverpool,2.0,1.0,1.531723190454541,,0.6479143129270348,0.9924253785377596
xavi_simons,1,0,MID,Spurs,4,0,0,0,3,0,0,3,0.0,0.0,0.0,0.0,0.0,0.0,0.0,0.0,0.0,0.0,0.0,0.0,0.0,0.0,0.0,0.0,0.0,0.0,0.0,0.0,0.0,0.0,0.0,0.0,0.0,0.0,60.0,0.0,Brentford,0.0,0.0,Newcastle,Newcastle,2.0,1.0,0.5251815213312043,,0.6078457933658143,0.31922937849463123
yankuba_minteh,1,0,MID,Brighton,2,1,0,0,2,0,0,4,0.0,0.0,0.0,0.0,0.0,0.0,0.0,0.0,0.0,0.0,0.0,0.0,0.0,0.0,0.0,0.0,0.0,0.0,0.0,0.0,0.0,0.0,0.0,0.0,0.0,0.0,60.0,0.0,Aston Villa,4.0,3.0,Chelsea,Chelsea,3.0,3.0,0.48507580298966557,,1.203858576210382,0.5839626655412465
yasin_ayari,1,2,MID,Brighton,2,1,0,0,2,0,0,4,2.0,0.0,0.0,8.0,1.0,15.0,0.03,0.14,0.11,0.19,0.0,0.0,1.7,0.0,63.0,0.0,0.0,0.0,0.0,0.0,1.0,6.0,2.0,0.0,0.0,0.0,55.0,1.0,Aston Villa,4.0,3.0,Chelsea,Chelsea,3.0,3.0,2.196339319916252,,1.203858576210382,2.644081926549258
yehor_yarmoliuk,1,1,MID,Brentford,19,1,0,0,3,0,0,3,1.5,0.0,0.0,7.0,0.0,0.8,0.0,0.04,0.04,0.1,0.0,0.0,0.6,2.2,23.0,0.0,0.0,0.0,0.0,0.0,0.0,3.0,1.0,0.0,0.0,0.0,50.0,0.0,Spurs,3.0,3.0,Leeds,Leeds,1.0,3.0,1.6845350879889291,,1.029292011597646,1.7338785093229425
yeremy_pino_santos,1,1,MID,Crystal Palace,9,0,0,0,3,0,0,3,2.0,0.0,0.0,4.0,0.0,6.3,0.02,0.08,0.06,0.27,0.0,0.0,1.4,2.0,35.0,0.0,0.0,0.0,0.0,0.0,0.0,6.0,1.0,0.0,0.0,0.0,55.0,0.0,Everton,0.0,0.0,Man City,Man City,2.0,3.0,2.52405185733626,,0.6417440175802717,1.619795179507918
yoane_wissa,1,4,FWD,Newcastle,14,1,0,0,2,0,0,4,2.0,1.0,0.0,7.0,0.0,16.3,0.02,1.02,1.0,2.19,1.0,0.0,6.4,20.0,90.0,0.0,0.0,0.0,0.0,0.0,1.0,28.0,4.0,0.0,0.0,0.0,60.0,1.0,Liverpool,2.0,1.0,Spurs,Spurs,0.0,0.0,4.040275128889407,14971.0,0.5,2.0201375644447035
youri_tielemans,1,2,MID,Man Utd,11,0,0,0,4,0,0,2,2.2,0.0,0.0,13.0,0.0,11.3,0.11,0.15,0.04,0.94,2.0,0.0,2.0,5.0,66.0,0.0,0.0,0.0,0.0,0.0,1.0,4.0,2.0,0.0,0.0,0.0,60.0,0.0,Hull City,0.0,0.0,Ipswich Town,Ipswich Town,2.0,3.0,2.352102964802546,14974.0,0.5,1.176051482401273
zach_abbott,1,0,DEF,Nott'm Forest,13,1,0,0,3,0,0,3,1.0,0.0,0.0,0.0,0.0,0.0,0.0,0.0,0.0,0.0,0.0,0.0,0.0,0.0,0.0,0.0,0.0,0.0,0.0,0.0,0.0,0.0,0.0,0.0,0.0,0.0,40.0,0.0,Leeds,0.0,0.0,Liverpool,Liverpool,2.0,1.0,0.22868733419409581,,1.1454902161551892,0.2619591038779488
zadok_yohanna,1,1,MID,Brighton,2,1,0,0,2,0,0,4,1.5,0.0,0.0,3.0,0.0,1.3,0.03,0.03,0.0,0.0,0.0,0.0,0.2,0.2,12.0,0.0,0.0,0.0,0.0,0.0,0.0,0.0,1.0,0.0,0.0,0.0,50.0,0.0,Aston Villa,4.0,3.0,Chelsea,Chelsea,3.0,3.0,1.3898164942384432,,1.203858576210382,1.6731425059475968
zavier_gozo,1,0,MID,Crystal Palace,9,0,0,0,3,0,0,3,1.5,0.0,0.0,0.0,0.0,0.0,0.0,0.0,0.0,0.0,0.0,0.0,0.0,0.0,0.0,0.0,0.0,0.0,0.0,0.0,0.0,0.0,0.0,0.0,0.0,0.0,50.0,0.0,Everton,0.0,0.0,Man City,Man City,2.0,3.0,0.43230840810865434,,0.6417440175802717,0.27743133465337955
zion_suzuki,1,0,GK,Aston Villa,5,0,0,0,4,0,0,2,2.6,0.0,0.0,0.0,0.0,0.0,0.0,0.0,0.0,0.0,0.0,0.0,0.0,0.0,0.0,0.0,0.0,0.0,0.0,0.0,0.0,0.0,0.0,0.0,0.0,0.0,50.0,0.0,Brighton,0.0,0.0,Arsenal,Arsenal,3.0,3.0,0.5565705567524466,,0.5,0.2782852783762233
