full_name,gw,total_points,position,team,opponent_team,was_home,team_strength_attack,team_strength_defence,team_strength_overall,opponent_strength_attack,opponent_strength_defence,opponent_strength_overall,xP,assists,bonus,bps,clean_sheets,creativity,expected_assists,expected_goal_involvements,expected_goals,expected_goals_conceded,goals_conceded,goals_scored,ict_index,influence,minutes,own_goals,penalties_missed,penalties_saved,red_cards,saves,starts,threat,ewma_total_points,transfers_balance,transfers_in,transfers_out,value,yellow_cards,opponent_team_name,ewma_team_goals,ewma_team_points,team_name_nw_opponent,team_nw_opponent,ewma_team_goals_nw_opponent,ewma_team_points_nw_opponent,predicted_points,owner,fixture_diff_index,predicted_points_adj
aaron_anselmino,2,0,DEF,Chelsea,5,1,0,0,4,0,0,3,0.68,0.0,0.0,0.0,0.0,0.0,0.0,0.0,0.0,0.0,0.0,0.0,0.0,0.0,0.0,0.0,0.0,0.0,0.0,0.0,0.0,0.0,0.0,-194.4,73.2,267.59999999999997,45.0,0.0,Brighton,3.6,3.0,Brentford,Brentford,1.8000000000000003,1.8000000000000003,0.5168825519180409,,0.68566995056119,0.35441083381958477
aaron_hickey,2,1,DEF,Brentford,13,0,0,0,3,0,0,2,1.28,0.0,0.0,4.3999999999999995,0.0,2.5799999999999996,0.012,0.012,0.0,0.04000000000000001,0.0,0.0,0.48,2.4,6.800000000000001,0.0,0.0,0.0,0.0,0.0,0.0,0.0,1.0,49.8,373.8,324.0,45.0,0.0,Leeds,1.8000000000000003,1.8000000000000003,Chelsea,Chelsea,3.6,3.0,1.288222693488951,,0.9866060043360756,1.2709682443181909
aaron_wan_bissaka,2,1,DEF,Aston Villa,1,1,0,0,3,0,0,5,1.7,0.0,0.0,4.0,0.0,0.8,0.0,0.0,0.0,0.0,0.0,0.0,0.4,3.6,12.0,0.0,0.0,0.0,0.0,0.0,0.0,0.0,1.0,1383.0,1549.0,166.0,45.0,0.0,Arsenal,0.0,0.0,Spurs,Spurs,0.0,0.0,1.2129021720050237,,1.019811857517635,1.2369320170196172
abdoul_ouattara,2,1,DEF,Ipswich Town,16,0,0,0,2,0,0,4,1.0,0.0,0.0,1.0,0.0,4.36,0.0,0.0,0.0,0.528,0.6,0.0,0.6600000000000001,2.44,14.2,0.0,0.0,0.0,0.0,0.0,0.0,0.0,1.0,-1858.1999999999998,1661.3999999999999,3519.6,40.0,0.0,Man Utd,2.0,1.2000000000000002,Everton,Everton,1.4,1.8000000000000003,1.1578834633581616,,0.757793241045387,0.8774362624510389
abdukodir_khusanov,2,2,DEF,Man City,8,0,0,0,5,0,0,3,2.2,0.0,0.0,15.8,0.0,4.54,0.02,0.02,0.0,0.656,1.0,0.0,2.5999999999999996,19.4,88.8,0.0,0.0,0.0,0.0,0.0,1.0,2.4,2.0,-5070.599999999999,3651.6,8722.199999999999,55.0,0.0,Crystal Palace,3.2,3.0,Sunderland,Sunderland,1.0,1.7999999999999998,3.2765012946725545,14972.0,1.4780656828949934,4.842884123616519
abdul_fatawu,2,4,MID,Ipswich Town,16,0,0,0,2,0,0,4,2.5999999999999996,0.6,0.0,23.8,0.0,36.739999999999995,0.29600000000000004,0.29600000000000004,0.0,3.0060000000000002,3.4,0.0,6.46,23.400000000000002,75.19999999999999,0.0,0.0,0.0,0.0,0.0,1.0,4.4,3.2,-1318.8,342.0,1660.8,55.0,0.6,Man Utd,2.0,1.2000000000000002,Everton,Everton,1.4,1.8000000000000003,2.5694673125904566,,0.7982745554351512,2.0511403766632994
abdulkadir_omur,2,0,MID,Hull City,7,0,0,0,2,0,0,2,0.6000000000000001,0.0,0.0,0.0,0.0,0.0,0.0,0.0,0.0,0.0,0.0,0.0,0.0,0.0,0.0,0.0,0.0,0.0,0.0,0.0,0.0,0.0,0.0,-106.8,125.39999999999999,232.2,50.0,0.0,Coventry City,1.4,3.0,Newcastle,Newcastle,2.0,2.1999999999999997,0.3201991193381153,,0.8159075950022852,0.2612528933810113
abu_kamara,2,0,MID,Hull City,7,0,0,0,2,0,0,2,0.0,0.0,0.0,0.0,0.0,0.0,0.0,0.0,0.0,0.0,0.0,0.0,0.0,0.0,0.0,0.0,0.0,0.0,0.0,0.0,0.0,0.0,0.0,-118.19999999999999,0.0,118.19999999999999,50.0,0.0,Coventry City,1.4,3.0,Newcastle,Newcastle,2.0,2.1999999999999997,0.2635287264538695,,0.8159075950022852,0.21501508941499173
adam_aznou,2,0,DEF,Everton,3,0,0,0,3,0,0,3,0.4,0.0,0.0,0.0,0.0,0.0,0.0,0.0,0.0,0.0,0.0,0.0,0.0,0.0,0.0,0.0,0.0,0.0,0.0,0.0,0.0,0.0,0.0,-407.4,605.4,1012.8,40.0,0.0,Bournemouth,1.4,1.8000000000000003,Ipswich Town,Ipswich Town,2.0,1.2000000000000002,0.23542555196946702,,1.6711719532637075,0.39343657953300065
adam_smith,2,1,DEF,Bournemouth,9,1,0,0,3,0,0,3,1.28,0.0,0.0,4.6,0.0,9.66,0.012,0.012,0.0,2.004,1.4,0.0,2.1799999999999997,12.16,90.0,0.0,0.0,0.0,0.0,0.0,1.0,0.0,1.0,1096.2,1707.0,610.8,45.0,0.6,Everton,1.0,0.6,Liverpool,Liverpool,2.0,1.0,2.207687599588739,,0.7643953130520396,1.68754605380874
adam_wharton,2,2,MID,Crystal Palace,15,1,0,0,3,0,0,5,2.5999999999999996,0.0,0.0,20.6,0.0,27.18,0.138,0.138,0.0,1.774,3.2,0.0,4.379999999999999,16.439999999999998,90.0,0.0,0.0,0.0,0.0,0.0,1.0,0.0,2.8,-654.0,4026.0,4680.0,55.0,0.0,Man City,0.6,0.0,Leeds,Leeds,1.0,1.8000000000000003,3.296847405581201,,0.5651568807099125,1.8632359959148395
adrien_truffert,2,4,DEF,Bournemouth,9,1,0,0,3,0,0,3,2.5,0.0,1.2,16.2,0.0,14.739999999999998,0.042,0.042,0.0,2.004,1.4,0.0,4.04,22.84,90.0,0.0,0.0,0.0,0.0,0.0,1.0,2.4,2.8,-3132.0,12360.6,15492.599999999999,55.0,0.0,Everton,1.0,0.6,Liverpool,Liverpool,2.0,1.0,2.5848043843045803,61014.0,0.7643953130520396,1.975812356518784
aladji_bamba,2,0,MID,Newcastle,19,0,0,0,3,0,0,3,0.9000000000000001,0.0,0.0,2.0,0.0,0.0,0.0,0.0,0.0,0.41600000000000004,0.4,0.0,0.16000000000000003,1.6,5.6000000000000005,0.0,0.0,0.0,0.0,0.0,0.0,0.0,0.4,-586.1999999999999,414.0,1000.1999999999999,50.0,0.0,Spurs,2.0,2.1999999999999997,Hull City,Hull City,1.4,3.0,0.6590579566741614,,0.5490748081379055,0.3618721211126253
alejandro_garnacho_ferreyra,2,1,MID,Aston Villa,1,1,0,0,3,0,0,5,1.48,0.0,0.0,2.5999999999999996,0.0,1.2,0.0,0.0,0.0,0.05600000000000001,0.0,0.0,0.12,0.12,8.799999999999999,0.0,0.0,0.0,0.0,0.0,0.0,0.0,1.0,-5132.4,1212.6,6345.0,60.0,0.0,Arsenal,0.0,0.0,Spurs,Spurs,0.0,0.0,1.4385775260010192,,0.5418244247865784,0.7794564405364013
alex_cairns,2,0,GK,Leeds,4,1,0,0,2,0,0,3,1.0,0.0,0.0,0.0,0.0,0.0,0.0,0.0,0.0,0.0,0.0,0.0,0.0,0.0,0.0,0.0,0.0,0.0,0.0,0.0,0.0,0.0,0.0,0.0,0.0,0.0,40.0,0.0,Brentford,1.0,1.8000000000000003,Crystal Palace,Crystal Palace,0.6,0.0,-0.1296290560072375,,2.0,-0.259258112014475
alex_iwobi,2,2,MID,Fulham,20,0,0,0,3,0,0,2,2.0,0.0,0.0,18.8,0.0,25.82,0.256,0.26199999999999996,0.006,2.108,1.8000000000000003,0.0,3.96,12.16,90.0,0.0,0.0,0.0,0.0,0.0,1.0,1.2,2.0,-1980.6,3657.0,5637.599999999999,55.0,0.0,Sunderland,0.8,0.0,Man Utd,Man Utd,3.0,1.7999999999999998,3.099317829335087,,0.5,1.5496589146675435
alex_murphy,2,0,DEF,Newcastle,19,0,0,0,3,0,0,3,0.0,0.0,0.0,0.0,0.0,0.0,0.0,0.0,0.0,0.0,0.0,0.0,0.0,0.0,0.0,0.0,0.0,0.0,0.0,0.0,0.0,0.0,0.0,-1965.6,0.0,1965.6,40.0,0.0,Spurs,2.0,2.1999999999999997,Hull City,Hull City,1.4,3.0,0.19752088382182187,,1.727760094109817,0.3412687008206452
alex_palmer,2,0,GK,Ipswich Town,16,0,0,0,2,0,0,4,0.4,0.0,0.0,0.0,0.0,0.0,0.0,0.0,0.0,0.0,0.0,0.0,0.0,0.0,0.0,0.0,0.0,0.0,0.0,0.0,0.0,0.0,0.0,-5797.2,4611.599999999999,10408.8,40.0,0.0,Man Utd,2.0,1.2000000000000002,Everton,Everton,1.4,1.8000000000000003,0.18423193349162603,,0.8888888888888888,0.16376171865922312
alex_scott,2,12,MID,Bournemouth,9,1,0,0,3,0,0,3,5.08,0.0,1.7999999999999998,30.2,0.6,21.18,0.166,0.322,0.156,1.9260000000000002,0.8,0.6,6.699999999999999,33.12,87.6,0.0,0.0,0.0,0.0,0.0,1.0,12.6,7.999999999999999,-2619.6,5112.0,7731.599999999999,60.0,0.6,Everton,1.0,0.6,Liverpool,Liverpool,2.0,1.0,3.8999587326633787,14973.0,1.3571479619946285,5.292821045897258
alex_toth,2,0,MID,Bournemouth,9,1,0,0,3,0,0,3,0.9000000000000001,0.0,0.0,2.0,0.0,0.24,0.0,0.0,0.0,0.124,0.8,0.0,0.12,1.1199999999999999,6.0,0.0,0.0,0.0,0.0,0.0,0.0,0.0,0.4,-27.599999999999998,60.0,87.6,50.0,0.0,Everton,1.0,0.6,Liverpool,Liverpool,2.0,1.0,0.721775990840167,,1.3571479619946285,0.9795568149853863
alexander_isak,2,8,FWD,Liverpool,18,1,0,0,4,0,0,3,4.08,0.0,1.2,20.4,0.0,12.02,0.004,1.034,1.03,2.012,2.0,0.6,9.2,24.96,90.0,0.0,0.0,0.0,0.0,0.0,1.0,55.2,5.6,-16858.2,43821.6,60679.799999999996,90.0,0.0,Nott'm Forest,2.0,1.0,Bournemouth,Bournemouth,1.0,0.6,4.573596278810772,14973.0,0.553090404678166,2.5296122166820036
alexis_mac_allister,2,2,MID,Liverpool,18,1,0,0,4,0,0,3,1.7,0.0,0.0,9.6,0.0,5.18,0.238,0.238,0.0,1.766,1.2,0.0,1.48,9.879999999999999,56.400000000000006,0.0,0.0,0.0,0.0,0.0,0.6,0.0,1.6,-8964.6,3940.2,12904.8,55.0,0.0,Nott'm Forest,2.0,1.0,Bournemouth,Bournemouth,1.0,0.6,2.2548167897325957,,0.9301694539500102,2.097361702062883
alfie_cresswell,2,0,MID,Leeds,4,1,0,0,2,0,0,3,0.4,0.0,0.0,0.0,0.0,0.0,0.0,0.0,0.0,0.0,0.0,0.0,0.0,0.0,0.0,0.0,0.0,0.0,0.0,0.0,0.0,0.0,0.0,1391.3999999999999,1817.3999999999999,426.0,45.0,0.0,Brentford,1.0,1.8000000000000003,Crystal Palace,Crystal Palace,0.6,0.0,0.13757583089362369,,1.5038801820573349,0.2068975656109919
alfie_mcnally,2,0,GK,Fulham,20,0,0,0,3,0,0,2,0.4,0.0,0.0,0.0,0.0,0.0,0.0,0.0,0.0,0.0,0.0,0.0,0.0,0.0,0.0,0.0,0.0,0.0,0.0,0.0,0.0,0.0,0.0,111.0,483.0,372.0,40.0,0.0,Sunderland,0.8,0.0,Man Utd,Man Utd,3.0,1.7999999999999998,0.17490382583780129,,2.0,0.34980765167560257
ali_al_hamadi,2,0,FWD,Ipswich Town,16,0,0,0,2,0,0,4,0.5599999999999999,0.0,0.0,0.0,0.0,0.0,0.0,0.0,0.0,0.0,0.0,0.0,0.0,0.0,0.0,0.0,0.0,0.0,0.0,0.0,0.0,0.0,0.0,-1348.2,453.0,1801.2,50.0,0.0,Man Utd,2.0,1.2000000000000002,Everton,Everton,1.4,1.8000000000000003,0.22871268155014102,,1.5061836913110769,0.3444833109468462
alisson_becker,2,0,GK,Liverpool,18,1,0,0,4,0,0,3,1.92,0.0,0.0,-0.19999999999999973,0.0,0.0,0.0,0.0,0.0,2.012,2.0,0.0,1.2000000000000002,11.68,90.0,0.0,0.0,0.0,0.0,1.8000000000000003,1.0,0.0,0.8,2450.4,15184.199999999999,12733.8,55.0,0.6,Nott'm Forest,2.0,1.0,Bournemouth,Bournemouth,1.0,0.6,2.7610618902625506,15210.0,0.5333333333333333,1.4725663414733603
altay_bayindir,2,0,GK,Man Utd,12,1,0,0,4,0,0,2,0.0,0.0,0.0,0.0,0.0,0.0,0.0,0.0,0.0,0.0,0.0,0.0,0.0,0.0,0.0,0.0,0.0,0.0,0.0,0.0,0.0,0.0,0.0,-352.8,0.0,352.8,45.0,0.0,Ipswich Town,3.0,1.7999999999999998,Fulham,Fulham,0.8,0.0,0.149152697172094,,1.0666666666666667,0.15909621031690027
alvaro_rodriguez,2,1,FWD,Bournemouth,9,1,0,0,3,0,0,3,0.9000000000000001,0.0,0.0,2.4,0.0,0.0,0.0,0.0,0.0,0.096,0.6,0.0,0.0,0.0,5.3999999999999995,0.0,0.0,0.0,0.0,0.0,0.0,0.0,0.6,-109.2,600.0,709.1999999999999,60.0,0.0,Everton,1.0,0.6,Liverpool,Liverpool,2.0,1.0,1.011009768834541,50210.0,0.7998847709022442,0.8086913173241477
alysson_edward_franco_da_rocha_dos_santos,2,0,MID,Aston Villa,1,1,0,0,3,0,0,5,0.9000000000000001,0.0,0.0,3.2,0.0,0.48,0.0,0.0,0.0,0.068,0.0,0.0,0.4,2.3200000000000003,14.600000000000001,0.0,0.0,0.0,0.0,0.0,0.0,1.2,0.4,-151.79999999999998,205.79999999999998,357.59999999999997,50.0,0.6,Arsenal,0.0,0.0,Spurs,Spurs,0.0,0.0,1.2122443948228931,,0.5418244247865784,0.656823621925668
amad_diallo,2,0,MID,Man Utd,12,1,0,0,4,0,0,2,0.8800000000000001,0.0,0.0,0.0,0.0,0.0,0.0,0.0,0.0,0.0,0.0,0.0,0.0,0.0,0.0,0.0,0.0,0.0,0.0,0.0,0.0,0.0,0.0,-34729.799999999996,945.5999999999999,35675.4,59.4,0.0,Ipswich Town,3.0,1.7999999999999998,Fulham,Fulham,0.8,0.0,0.49512002601390703,,1.7414873164264433,0.8622452454119497
amadou_onana,2,0,MID,Aston Villa,1,1,0,0,3,0,0,5,0.0,0.0,0.0,0.0,0.0,0.0,0.0,0.0,0.0,0.0,0.0,0.0,0.0,0.0,0.0,0.0,0.0,0.0,0.0,0.0,0.0,0.0,0.0,-223.2,94.2,317.4,50.0,0.0,Arsenal,0.0,0.0,Spurs,Spurs,0.0,0.0,0.21944740995434997,,0.5418244247865784,0.11890196666942014
amar_dedic,2,11,DEF,Newcastle,19,0,0,0,3,0,0,3,4.279999999999999,0.6,1.2,21.8,0.6,18.72,0.036,0.048,0.012,1.8639999999999999,0.8,0.0,5.3,32.12,90.0,0.0,0.0,0.0,0.0,0.0,1.0,2.0,7.0,4921.8,6215.4,1293.6,45.0,0.0,Spurs,2.0,2.1999999999999997,Hull City,Hull City,1.4,3.0,2.6762063398777505,,1.727760094109817,4.623842517644471
amario_cozier_duberry,2,0,MID,Brighton,6,0,0,0,3,0,0,4,1.5,0.0,0.0,0.0,0.0,0.0,0.0,0.0,0.0,0.0,0.0,0.0,0.0,0.0,0.0,0.0,0.0,0.0,0.0,0.0,0.0,0.0,0.0,0.0,0.0,0.0,50.0,0.0,Chelsea,3.4,1.2000000000000002,Arsenal,Arsenal,1.8000000000000003,3.0,0.35887884005419823,,0.817801162420519,0.2934915325644508
amine_adli,2,0,MID,Bournemouth,9,1,0,0,3,0,0,3,0.0,0.0,0.0,0.0,0.0,0.0,0.0,0.0,0.0,0.0,0.0,0.0,0.0,0.0,0.0,0.0,0.0,0.0,0.0,0.0,0.0,0.0,0.0,-553.1999999999999,32.4,585.6,50.0,0.0,Everton,1.0,0.6,Liverpool,Liverpool,2.0,1.0,0.2651838593643696,,1.3571479619946285,0.3598937342902244
anan_khalaili,2,2,DEF,Crystal Palace,15,1,0,0,3,0,0,5,1.78,0.0,0.0,10.2,0.0,11.500000000000002,0.064,0.076,0.012,1.3139999999999998,1.7999999999999998,0.0,4.0600000000000005,25.439999999999998,58.4,0.0,0.0,0.0,0.0,0.0,0.6,3.4,1.6,-219.0,277.2,496.2,50.0,0.6,Man City,0.6,0.0,Leeds,Leeds,1.0,1.8000000000000003,2.5647993714442183,,0.5445641600643888,1.3966978154441931
andres_garcia,2,0,DEF,Aston Villa,1,1,0,0,3,0,0,5,0.4,0.0,0.0,0.0,0.0,0.0,0.0,0.0,0.0,0.0,0.0,0.0,0.0,0.0,0.0,0.0,0.0,0.0,0.0,0.0,0.0,0.0,0.0,-3950.3999999999996,4403.4,8353.8,40.0,0.0,Arsenal,0.0,0.0,Spurs,Spurs,0.0,0.0,0.016183699602691615,,1.019811857517635,0.016504328753328346
andrew_robertson,2,2,DEF,Spurs,17,1,0,0,3,0,0,3,2.18,0.0,0.0,9.4,0.0,17.759999999999998,0.036000000000000004,0.07200000000000001,0.036,1.836,1.8000000000000003,0.0,5.3,19.44,76.19999999999999,0.0,0.0,0.0,0.0,0.0,1.0,15.8,2.4000000000000004,-676.1999999999999,13302.6,13978.8,45.0,0.0,Newcastle,0.0,0.0,Aston Villa,Aston Villa,0.0,0.0,2.5030055543843748,,2.0,5.0060111087687496
andrey_nascimento_dos_santos,2,1,MID,Man Utd,12,1,0,0,4,0,0,2,1.5,0.0,0.0,8.0,0.0,2.1,0.09200000000000001,0.09200000000000001,0.0,0.976,1.4,0.0,1.1400000000000001,8.280000000000001,32.400000000000006,0.0,0.0,0.0,0.0,0.0,0.4,0.8,1.4,-4615.8,4473.599999999999,9089.4,50.0,0.0,Ipswich Town,3.0,1.7999999999999998,Fulham,Fulham,0.8,0.0,1.3870550598631963,,1.7414873164264433,2.4155387939368773
anis_mehmeti,2,0,MID,Ipswich Town,16,0,0,0,2,0,0,4,0.6000000000000001,0.0,0.0,0.0,0.0,0.0,0.0,0.0,0.0,0.0,0.0,0.0,0.0,0.0,0.0,0.0,0.0,0.0,0.0,0.0,0.0,0.0,0.0,-383.4,28.2,411.59999999999997,50.0,0.0,Man Utd,2.0,1.2000000000000002,Everton,Everton,1.4,1.8000000000000003,0.2861012076352891,,0.7982745554351512,0.22838731433452034
anthony_elanga,2,8,MID,Newcastle,19,0,0,0,3,0,0,3,5.9799999999999995,0.0,0.8,31.6,0.6,10.58,0.064,0.272,0.20800000000000002,1.22,0.4,1.0,7.619999999999999,37.04,78.6,0.0,0.0,0.0,0.0,0.0,1.0,28.6,8.4,50140.799999999996,57264.6,7123.8,60.0,0.0,Spurs,2.0,2.1999999999999997,Hull City,Hull City,1.4,3.0,3.8031247343892653,14973.0,0.5490748081379055,2.088199983859309
anthony_patterson,2,0,GK,Sunderland,10,1,0,0,2,0,0,3,0.0,0.0,0.0,0.0,0.0,0.0,0.0,0.0,0.0,0.0,0.0,0.0,0.0,0.0,0.0,0.0,0.0,0.0,0.0,0.0,0.0,0.0,0.0,-1384.2,0.0,1384.2,40.0,0.0,Fulham,1.0,1.7999999999999998,Man City,Man City,3.2,3.0,0.5656456309256841,,0.9333333333333333,0.5279359221973051
antoine_semenyo,2,5,MID,Man City,8,0,0,0,5,0,0,3,3.26,0.6,0.0,26.200000000000003,0.0,29.36,0.35,0.41000000000000003,0.06,0.656,1.0,0.0,8.559999999999999,19.84,90.0,0.0,0.0,0.0,0.0,0.0,1.0,36.4,3.8,-74466.0,29460.0,103926.0,85.0,0.0,Crystal Palace,3.2,3.0,Sunderland,Sunderland,1.0,1.7999999999999998,4.833086132452872,14970.0,1.1380853327068272,5.50046443905338
anton_stach,2,4,MID,Leeds,4,1,0,0,2,0,0,3,5.9799999999999995,0.0,1.2000000000000002,22.6,0.4,11.12,0.026000000000000002,0.108,0.08200000000000002,1.266,0.6,0.4,5.4,33.88,90.0,0.0,0.0,0.0,0.0,0.0,1.0,8.8,7.6,40599.0,48806.4,8207.4,60.0,0.0,Brentford,1.0,1.8000000000000003,Crystal Palace,Crystal Palace,0.6,0.0,4.331411613792566,50210.0,1.5038801820573349,6.513924086315619
antonee_robinson,2,2,DEF,Fulham,20,0,0,0,3,0,0,2,1.58,0.0,0.0,7.6,0.0,12.84,0.028,0.08,0.052000000000000005,2.096,1.8000000000000003,0.0,2.84,14.52,86.4,0.0,0.0,0.0,0.0,0.0,1.0,1.2000000000000002,1.6,1051.2,6708.599999999999,5657.4,45.0,0.0,Sunderland,0.8,0.0,Man Utd,Man Utd,3.0,1.7999999999999998,2.155931513541005,50210.0,2.0,4.31186302708201
antoni_milambo,2,0,MID,Brentford,13,0,0,0,3,0,0,2,0.0,0.0,0.0,0.0,0.0,0.0,0.0,0.0,0.0,0.0,0.0,0.0,0.0,0.0,0.0,0.0,0.0,0.0,0.0,0.0,0.0,0.0,0.0,-10.2,16.8,27.0,50.0,0.0,Leeds,1.8000000000000003,1.8000000000000003,Chelsea,Chelsea,3.6,3.0,0.3062073909127909,,1.7671128467890753,0.5411030142637572
antonin_kinsky,2,1,GK,Spurs,17,1,0,0,3,0,0,3,1.66,0.0,0.0,8.4,0.0,0.0,0.0,0.0,0.0,1.98,2.4000000000000004,0.0,2.0,19.720000000000002,90.0,0.0,0.0,0.0,0.0,2.0,1.0,0.0,1.4,-24915.6,24375.0,49290.6,45.0,0.0,Newcastle,0.0,0.0,Aston Villa,Aston Villa,0.0,0.0,2.1329544617003102,61014.0,1.5999999999999999,3.4127271387204963
antonio_joao_pereira_de_albuquerque_tavares_da_silva,2,4,DEF,Bournemouth,9,1,0,0,3,0,0,3,2.6799999999999997,0.0,0.0,8.6,0.0,1.2000000000000002,0.018,0.168,0.15,2.004,1.4,0.0,3.26,23.72,90.0,0.0,0.0,0.0,0.0,0.0,1.0,7.8,3.2,3105.0,4419.0,1314.0,50.0,0.4,Everton,1.0,0.6,Liverpool,Liverpool,2.0,1.0,3.4315470430824933,,0.7643953130520396,2.623058476249843
archie_gray,2,2,MID,Spurs,17,1,0,0,3,0,0,3,1.8,0.0,0.0,11.399999999999999,0.0,2.2199999999999998,0.004,0.004,0.0,1.6600000000000001,1.8000000000000003,0.0,0.5800000000000001,3.5600000000000005,74.19999999999999,0.0,0.0,0.0,0.0,0.0,1.0,0.0,2.0,-499.79999999999995,1026.6,1526.3999999999999,50.0,0.0,Newcastle,0.0,0.0,Aston Villa,Aston Villa,0.0,0.0,2.008627976020214,,0.6538786453494989,1.3133989399712034
armin_pecsi,2,0,GK,Liverpool,18,1,0,0,4,0,0,3,0.0,0.0,0.0,0.0,0.0,0.0,0.0,0.0,0.0,0.0,0.0,0.0,0.0,0.0,0.0,0.0,0.0,0.0,0.0,0.0,0.0,0.0,0.0,-268.8,0.0,268.8,40.0,0.0,Nott'm Forest,2.0,1.0,Bournemouth,Bournemouth,1.0,0.6,-0.035882011372851075,,0.5333333333333333,-0.01913707273218724
arnaud_kalimuendo,2,0,FWD,Nott'm Forest,14,0,0,0,3,0,0,4,1.02,0.0,0.0,1.2000000000000002,0.0,0.0,0.0,0.0,0.0,0.0,0.0,0.0,0.0,0.0,0.4,0.0,0.0,0.0,0.0,0.0,0.0,0.0,0.4,-250.79999999999998,203.4,454.2,55.0,0.0,Liverpool,1.2,0.6,Coventry City,Coventry City,0.0,0.0,0.625416326944185,,0.5,0.3127081634720925
arthur_masuaku,2,0,DEF,Sunderland,10,1,0,0,2,0,0,3,0.0,0.0,0.0,0.0,0.0,0.0,0.0,0.0,0.0,0.0,0.0,0.0,0.0,0.0,0.0,0.0,0.0,0.0,0.0,0.0,0.0,0.0,0.0,-2920.7999999999997,0.0,2920.7999999999997,40.0,0.0,Fulham,1.0,1.7999999999999998,Man City,Man City,3.2,3.0,0.281447886957533,,0.6124701478197468,0.17237842892843563
ashley_phillips,2,0,DEF,Spurs,17,1,0,0,3,0,0,3,0.0,0.0,0.0,0.0,0.0,0.0,0.0,0.0,0.0,0.0,0.0,0.0,0.0,0.0,0.0,0.0,0.0,0.0,0.0,0.0,0.0,0.0,0.0,-394.8,0.0,394.8,45.0,0.0,Newcastle,0.0,0.0,Aston Villa,Aston Villa,0.0,0.0,0.14542266256398562,,2.0,0.29084532512797123
aurele_amenda,2,1,DEF,Coventry City,11,1,0,0,2,0,0,2,1.0,0.0,0.0,2.8,0.0,1.58,0.028,0.039999999999999994,0.012,1.184,1.8000000000000003,0.0,2.34,18.36,90.0,0.0,0.0,0.0,0.0,0.0,1.0,3.0,1.0,-709.8,1996.8,2706.6,40.0,0.6,Hull City,0.0,0.0,Nott'm Forest,Nott'm Forest,1.2,0.6,2.442930729241139,,1.5645027639790947,3.8219718781072274
axel_disasi,2,1,DEF,Crystal Palace,15,1,0,0,3,0,0,5,0.98,0.0,0.0,-1.2,0.0,0.0,0.0,0.0,0.0,0.12,0.6,0.0,0.06,0.72,9.6,0.0,0.0,0.0,0.0,0.0,0.0,0.0,0.6,-193.79999999999998,315.0,508.79999999999995,45.0,0.0,Man City,0.6,0.0,Leeds,Leeds,1.0,1.8000000000000003,1.1066838315736984,,0.5445641600643888,0.6026603511977706
ayden_heaven,2,0,DEF,Man Utd,12,1,0,0,4,0,0,2,0.98,0.0,0.0,2.0,0.0,1.04,0.016,0.064,0.048,0.404,0.8,0.0,0.8,2.72,36.0,0.0,0.0,0.0,0.0,0.0,0.4,4.4,0.4,-661.8,1852.8,2514.6,45.0,0.0,Ipswich Town,3.0,1.7999999999999998,Fulham,Fulham,0.8,0.0,1.3205449572284822,,1.201629651190209,1.5868059763354505
ayyoub_bouaddi,2,1,MID,Man City,8,0,0,0,5,0,0,3,2.0,0.0,0.0,3.0,0.0,4.3,0.12,0.12,0.0,0.0,0.0,0.0,0.6,1.8,8.0,0.0,0.0,0.0,0.0,0.0,0.0,0.0,1.0,2706.0,3055.0,349.0,55.0,0.0,Crystal Palace,3.2,3.0,Sunderland,Sunderland,1.0,1.7999999999999998,1.4678323580948374,,1.1380853327068272,1.6705184776202098
azor_matusiwa,2,0,MID,Ipswich Town,16,0,0,0,2,0,0,4,0.0,0.0,0.0,0.0,0.0,0.0,0.0,0.0,0.0,0.0,0.0,0.0,0.0,0.0,0.0,0.0,0.0,0.0,0.0,0.0,0.0,0.0,0.0,-62.4,4.8,67.2,50.0,0.0,Man Utd,2.0,1.2000000000000002,Everton,Everton,1.4,1.8000000000000003,0.22943081475104332,,0.7982745554351512,0.18314878164851364
bafode_diakite,2,0,DEF,Bournemouth,9,1,0,0,3,0,0,3,0.8800000000000001,0.0,0.0,0.0,0.0,0.0,0.0,0.0,0.0,0.0,0.0,0.0,0.0,0.0,0.0,0.0,0.0,0.0,0.0,0.0,0.0,0.0,0.0,240.6,1633.2,1392.6,50.0,0.0,Everton,1.0,0.6,Liverpool,Liverpool,2.0,1.0,0.6036262374884263,,0.7643953130520396,0.4614090667713904
bart_verbruggen,2,0,GK,Brighton,6,0,0,0,3,0,0,4,2.5599999999999996,0.0,0.0,9.4,0.4,0.0,0.0,0.0,0.0,1.874,2.4,0.0,0.8799999999999999,8.76,90.0,0.0,0.0,0.0,0.0,0.6,1.0,0.0,2.4000000000000004,23565.6,50853.6,27288.0,45.0,0.0,Chelsea,3.4,1.2000000000000002,Arsenal,Arsenal,1.8000000000000003,3.0,2.913079673364928,61014.0,0.7999999999999999,2.3304637386919422
bazoumana_toure,2,1,MID,Newcastle,19,0,0,0,3,0,0,3,1.1800000000000002,0.0,0.0,1.7999999999999998,0.0,0.0,0.0,0.0,0.0,0.0,0.0,0.0,0.0,0.0,0.6,0.0,0.0,0.0,0.0,0.0,0.0,0.0,0.6,-2367.0,307.8,2674.7999999999997,60.0,0.0,Spurs,2.0,2.1999999999999997,Hull City,Hull City,1.4,3.0,0.9155597564268254,,0.5490748081379055,0.5027107975988467
ben_davies,2,0,DEF,Spurs,17,1,0,0,3,0,0,3,0.4,0.0,0.0,0.0,0.0,0.0,0.0,0.0,0.0,0.0,0.0,0.0,0.0,0.0,0.0,0.0,0.0,0.0,0.0,0.0,0.0,0.0,0.0,-3663.6,1726.2,5389.8,40.0,0.0,Newcastle,0.0,0.0,Aston Villa,Aston Villa,0.0,0.0,0.016183699602691615,,2.0,0.03236739920538323
ben_gannon_doak,2,0,MID,Bournemouth,9,1,0,0,3,0,0,3,0.9000000000000001,0.0,0.0,1.2000000000000002,0.0,0.04000000000000001,0.0,0.0,0.0,0.07600000000000001,0.4,0.0,0.08000000000000002,0.08000000000000002,0.4,0.0,0.0,0.0,0.0,0.0,0.0,0.8,0.4,-280.8,219.0,499.79999999999995,50.0,0.0,Everton,1.0,0.6,Liverpool,Liverpool,2.0,1.0,0.5659389686225551,,1.3571479619946285,0.7680629178794427
ben_johnson,2,0,DEF,Ipswich Town,16,0,0,0,2,0,0,4,0.4,0.0,0.0,0.0,0.0,0.0,0.0,0.0,0.0,0.0,0.0,0.0,0.0,0.0,0.0,0.0,0.0,0.0,0.0,0.0,0.0,0.0,0.0,-357.0,256.2,613.1999999999999,40.0,0.0,Man Utd,2.0,1.2000000000000002,Everton,Everton,1.4,1.8000000000000003,0.20261221489367331,,0.757793241045387,0.15353816699966114
ben_wilson,2,0,GK,Coventry City,11,1,0,0,2,0,0,2,0.76,0.0,0.0,0.0,0.0,0.0,0.0,0.0,0.0,0.0,0.0,0.0,0.0,0.0,0.0,0.0,0.0,0.0,0.0,0.0,0.0,0.0,0.0,-1927.8,136.2,2064.0,45.0,0.0,Hull City,0.0,0.0,Nott'm Forest,Nott'm Forest,1.2,0.6,-0.09307580849895825,,1.2,-0.11169097019874989
bendito_mantato,2,0,MID,Man Utd,12,1,0,0,4,0,0,2,0.4,0.0,0.0,0.0,0.0,0.0,0.0,0.0,0.0,0.0,0.0,0.0,0.0,0.0,0.0,0.0,0.0,0.0,0.0,0.0,0.0,0.0,0.0,-846.0,576.6,1422.6,45.0,0.0,Ipswich Town,3.0,1.7999999999999998,Fulham,Fulham,0.8,0.0,0.10343113403790505,,1.7414873164264433,0.18012400805061501
benjamin_lecomte,2,0,GK,Fulham,20,0,0,0,3,0,0,2,0.4,0.0,0.0,0.0,0.0,0.0,0.0,0.0,0.0,0.0,0.0,0.0,0.0,0.0,0.0,0.0,0.0,0.0,0.0,0.0,0.0,0.0,0.0,-1581.6,895.1999999999999,2476.7999999999997,40.0,0.0,Sunderland,0.8,0.0,Man Utd,Man Utd,3.0,1.7999999999999998,0.17490382583780129,,2.0,0.34980765167560257
benjamin_sesko,2,1,FWD,Man Utd,12,1,0,0,4,0,0,2,1.28,0.0,0.0,3.8,0.0,6.5,0.006,0.022,0.016,0.628,0.6,0.0,1.26,1.32,15.200000000000001,0.0,0.0,0.0,0.0,0.0,0.0,4.8,1.0,9256.8,18332.399999999998,9075.6,70.0,0.0,Ipswich Town,3.0,1.7999999999999998,Fulham,Fulham,0.8,0.0,2.079476125027605,50210.0,2.0,4.15895225005521
benjamin_white,2,7,DEF,Arsenal,2,0,0,0,5,0,0,3,6.3999999999999995,0.4,1.4,30.4,1.0,22.9,0.114,0.18600000000000003,0.072,0.278,0.0,0.0,5.140000000000001,23.119999999999997,90.0,0.0,0.0,0.0,0.0,0.0,1.0,5.2,8.600000000000001,71931.59999999999,86964.59999999999,15033.0,55.0,0.0,Aston Villa,1.8000000000000003,3.0,Brighton,Brighton,3.4,1.2000000000000002,3.964544909444896,14971.0,0.894485666072681,3.5462285939998743
benoit_badiashile_mukinayi,2,0,DEF,Chelsea,5,1,0,0,4,0,0,3,0.68,0.0,0.0,0.0,0.0,0.0,0.0,0.0,0.0,0.0,0.0,0.0,0.0,0.0,0.0,0.0,0.0,0.0,0.0,0.0,0.0,0.0,0.0,-340.8,139.2,480.0,45.0,0.0,Brighton,3.6,3.0,Brentford,Brentford,1.8000000000000003,1.8000000000000003,0.5168825519180409,,0.68566995056119,0.35441083381958477
bernd_leno,2,3,GK,Fulham,20,0,0,0,3,0,0,2,2.26,0.0,0.0,11.0,0.0,0.0,0.0,0.0,0.0,2.108,1.8000000000000003,0.0,2.34,23.36,90.0,0.0,0.0,0.0,0.0,3.0,1.0,0.0,2.5999999999999996,387.0,7304.4,6917.4,45.0,0.0,Sunderland,0.8,0.0,Man Utd,Man Utd,3.0,1.7999999999999998,2.669349156340091,14973.0,2.0,5.338698312680182
bobby_thomas,2,8,DEF,Coventry City,11,1,0,0,2,0,0,2,3.6999999999999997,0.0,1.2,21.200000000000003,0.6,4.8999999999999995,0.01,0.018000000000000002,0.008,0.86,1.2000000000000002,0.0,2.4800000000000004,19.479999999999997,82.19999999999999,0.0,0.0,0.0,0.0,0.0,1.0,0.4,6.0,8532.6,22866.6,14334.0,40.0,0.0,Hull City,0.0,0.0,Nott'm Forest,Nott'm Forest,1.2,0.6,2.537885337024613,,1.5645027639790947,3.9705286244370233
borna_sosa,2,0,DEF,Crystal Palace,15,1,0,0,3,0,0,5,0.68,0.0,0.0,0.0,0.0,0.0,0.0,0.0,0.0,0.0,0.0,0.0,0.0,0.0,0.0,0.0,0.0,0.0,0.0,0.0,0.0,0.0,0.0,-135.6,75.6,211.2,45.0,0.0,Man City,0.6,0.0,Leeds,Leeds,1.0,1.8000000000000003,0.3271509679042026,,0.5445641600643888,0.17815469205100393
boubacar_kamara,2,2,MID,Aston Villa,1,1,0,0,3,0,0,5,1.8,0.0,0.0,11.4,0.0,9.639999999999999,0.018,0.018,0.0,2.132,2.2,0.0,2.06,10.84,90.0,0.0,0.0,0.0,0.0,0.0,1.0,0.0,2.0,-1350.0,1493.3999999999999,2843.4,50.0,0.0,Arsenal,0.0,0.0,Spurs,Spurs,0.0,0.0,2.532415489109107,,0.5418244247865784,1.3721245657071635
bradley_burrowes,2,0,MID,Aston Villa,1,1,0,0,3,0,0,5,0.4,0.0,0.0,0.0,0.0,0.0,0.0,0.0,0.0,0.0,0.0,0.0,0.0,0.0,0.0,0.0,0.0,0.0,0.0,0.0,0.0,0.0,0.0,-1953.0,2107.7999999999997,4060.7999999999997,45.0,0.0,Arsenal,0.0,0.0,Spurs,Spurs,0.0,0.0,0.13696636018669262,,0.5418244247865784,0.07421171932326605
brandon_austin,2,0,GK,Spurs,17,1,0,0,3,0,0,3,0.4,0.0,0.0,0.0,0.0,0.0,0.0,0.0,0.0,0.0,0.0,0.0,0.0,0.0,0.0,0.0,0.0,0.0,0.0,0.0,0.0,0.0,0.0,-294.0,1927.1999999999998,2221.2,40.0,0.0,Newcastle,0.0,0.0,Aston Villa,Aston Villa,0.0,0.0,-0.4513501009990961,,1.5999999999999999,-0.7221601615985537
brandon_thomas_asante,2,1,FWD,Coventry City,11,1,0,0,2,0,0,2,1.46,0.0,0.0,6.6,0.0,1.6400000000000001,0.008,0.008,0.0,1.054,1.8000000000000003,0.0,0.54,2.5599999999999996,46.8,0.0,0.0,0.0,0.0,0.0,0.4,1.2,1.4,4023.6,8756.4,4732.8,50.0,0.0,Hull City,0.0,0.0,Nott'm Forest,Nott'm Forest,1.2,0.6,2.3112344341132136,,0.500501634668318,1.1567766123753682
brenden_aaronson,2,1,MID,Leeds,4,1,0,0,2,0,0,3,2.0,0.0,0.0,10.0,0.4,0.8,0.01,0.014,0.004,0.562,0.6,0.0,0.8200000000000001,4.5200000000000005,59.4,0.0,0.0,0.0,0.0,0.0,1.0,2.8000000000000003,1.8000000000000003,-3504.0,1555.8,5059.8,55.0,0.0,Brentford,1.0,1.8000000000000003,Crystal Palace,Crystal Palace,0.6,0.0,1.533687723241675,,1.5038801820573349,2.3064825724477895
brennan_johnson,2,1,MID,Everton,3,0,0,0,3,0,0,3,1.48,0.0,0.0,1.8000000000000003,0.0,0.12,0.0,0.0,0.0,1.064,0.0,0.0,0.22000000000000003,2.3200000000000003,19.200000000000003,0.0,0.0,0.0,0.0,0.0,0.0,0.0,1.0,-1108.8,439.2,1548.0,60.0,0.0,Bournemouth,1.4,1.8000000000000003,Ipswich Town,Ipswich Town,2.0,1.2000000000000002,1.755438780055813,,1.4932401567199587,2.6212916790428356
brian_brobbey,2,2,FWD,Sunderland,10,1,0,0,2,0,0,3,2.0,0.0,0.0,3.4,0.6,2.2800000000000002,0.0,0.13799999999999998,0.13799999999999998,1.024,0.4,0.0,0.8600000000000001,0.0,64.2,0.0,0.0,0.0,0.0,0.0,1.0,7.199999999999999,2.0,-48814.799999999996,22961.399999999998,71776.2,60.0,0.0,Fulham,1.0,1.7999999999999998,Man City,Man City,3.2,3.0,2.6020049779654846,,1.1334460201369865,2.9492321866516056
brian_madjo,2,0,FWD,Aston Villa,1,1,0,0,3,0,0,5,0.0,0.0,0.0,0.0,0.0,0.0,0.0,0.0,0.0,0.0,0.0,0.0,0.0,0.0,0.0,0.0,0.0,0.0,0.0,0.0,0.0,0.0,0.0,-4654.2,699.6,5353.8,55.0,0.0,Arsenal,0.0,0.0,Spurs,Spurs,0.0,0.0,0.19717843784586764,61014.0,0.7874214035783293,0.15526252228397547
bruno_borges_fernandes,2,23,MID,Man Utd,12,1,0,0,4,0,0,2,9.1,0.6,1.7999999999999998,59.4,0.0,59.66,0.392,1.6360000000000001,1.244,1.6400000000000001,2.0,1.7999999999999998,19.380000000000003,87.52,90.0,0.0,0.0,0.0,0.0,0.0,1.0,46.400000000000006,14.6,-108037.2,29110.8,137148.0,120.0,0.0,Ipswich Town,3.0,1.7999999999999998,Fulham,Fulham,0.8,0.0,7.00424813832088,14969.0,1.7414873164264433,12.19780929398934
bruno_guimaraes_rodriguez_moura,2,1,MID,Arsenal,2,0,0,0,5,0,0,3,0.9600000000000001,0.0,0.0,2.4,0.0,0.48,0.006,0.006,0.0,0.0,0.0,0.0,0.24,0.84,11.4,0.0,0.0,0.0,0.0,0.0,0.0,1.2,0.6,-75423.0,510.0,75933.0,69.4,0.0,Aston Villa,1.8000000000000003,3.0,Brighton,Brighton,3.4,1.2000000000000002,1.5890381642066684,79641.0,1.2865546709753855,2.044384472518241
bryan_mbeumo,2,11,MID,Man Utd,12,1,0,0,4,0,0,2,5.02,0.6,1.2,27.0,0.0,37.22,0.21800000000000003,1.474,1.256,1.6400000000000001,2.0,0.6,10.92,31.2,90.0,0.0,0.0,0.0,0.0,0.0,1.0,40.6,7.3999999999999995,-82777.8,49335.0,132112.8,80.0,0.6,Ipswich Town,3.0,1.7999999999999998,Fulham,Fulham,0.8,0.0,5.1501553063583225,79641.0,1.7414873164264433,8.968930143649361
bukayo_saka,2,11,MID,Arsenal,2,0,0,0,5,0,0,3,7.28,0.0,2.1999999999999997,42.0,1.0,15.240000000000002,0.056,0.69,0.634,0.222,0.0,1.0,9.66,41.72,80.8,0.0,0.0,0.0,0.0,0.0,1.0,39.6,10.2,32209.8,53347.799999999996,21138.0,95.0,0.0,Aston Villa,1.8000000000000003,3.0,Brighton,Brighton,3.4,1.2000000000000002,4.918633573587826,50210.0,1.2865546709753855,6.32809099891577
caleb_yirenkyi,2,3,MID,Coventry City,11,1,0,0,2,0,0,2,1.8,0.0,0.0,11.0,0.6,10.84,0.078,0.096,0.018,0.6360000000000001,1.2000000000000002,0.0,1.92,5.64,66.4,0.0,0.0,0.0,0.0,0.0,1.0,4.2,2.1999999999999997,-946.8,598.1999999999999,1545.0,50.0,0.4,Hull City,0.0,0.0,Nott'm Forest,Nott'm Forest,1.2,0.6,2.0888448120295413,,0.6381415502063241,1.3329786664889691
callum_hudson_odoi,2,1,MID,Nott'm Forest,14,0,0,0,3,0,0,4,1.1800000000000002,0.0,0.0,1.2,0.0,0.18,0.0,0.0,0.0,0.0,0.0,0.0,0.0,0.0,0.6,0.0,0.0,0.0,0.0,0.0,0.0,0.0,0.6,-2854.7999999999997,435.59999999999997,3290.4,60.0,0.0,Liverpool,1.2,0.6,Coventry City,Coventry City,0.0,0.0,0.882939835260341,,1.3950956615770052,1.2317855336052175
callum_olusesi,2,0,MID,Spurs,17,1,0,0,3,0,0,3,0.4,0.0,0.0,0.0,0.0,0.0,0.0,0.0,0.0,0.0,0.0,0.0,0.0,0.0,0.0,0.0,0.0,0.0,0.0,0.0,0.0,0.0,0.0,-4378.8,1208.3999999999999,5587.2,45.0,0.0,Newcastle,0.0,0.0,Aston Villa,Aston Villa,0.0,0.0,0.13696636018669262,,0.6538786453494989,0.08955937805732611
callum_wilson,2,1,FWD,Brentford,13,0,0,0,3,0,0,2,1.32,0.0,0.0,3.4,0.0,4.18,0.016,0.052000000000000005,0.036000000000000004,0.028000000000000004,0.0,0.0,1.1400000000000001,0.8800000000000001,4.0,0.0,0.0,0.0,0.0,0.0,0.0,6.2,1.0,-274.2,2610.6,2884.7999999999997,55.0,0.0,Leeds,1.8000000000000003,1.8000000000000003,Chelsea,Chelsea,3.6,3.0,1.2752527392764152,,0.5417985158935409,0.6909300415291344
calvin_bassey,2,2,DEF,Fulham,20,0,0,0,3,0,0,2,1.28,0.0,0.0,8.2,0.0,3.08,0.014,0.022,0.008,2.108,1.8000000000000003,0.0,2.12,17.16,90.0,0.0,0.0,0.0,0.0,0.0,1.0,0.8,1.2,492.59999999999997,4117.8,3625.2,45.0,0.4,Sunderland,0.8,0.0,Man Utd,Man Utd,3.0,1.7999999999999998,2.2611187158603263,,2.0,4.522237431720653
calvin_ramsay,2,0,DEF,Liverpool,18,1,0,0,4,0,0,3,0.4,0.0,0.0,0.0,0.0,0.0,0.0,0.0,0.0,0.0,0.0,0.0,0.0,0.0,0.0,0.0,0.0,0.0,0.0,0.0,0.0,0.0,0.0,-1868.3999999999999,382.8,2251.2,40.0,0.0,Nott'm Forest,2.0,1.0,Bournemouth,Bournemouth,1.0,0.6,0.1552805503165371,,1.0804752028226836,0.16777678409767835
cameron_humphreys,2,0,MID,Ipswich Town,16,0,0,0,2,0,0,4,0.4,0.0,0.0,0.0,0.0,0.0,0.0,0.0,0.0,0.0,0.0,0.0,0.0,0.0,0.0,0.0,0.0,0.0,0.0,0.0,0.0,0.0,0.0,565.1999999999999,765.0,199.79999999999998,45.0,0.0,Man Utd,2.0,1.2000000000000002,Everton,Everton,1.4,1.8000000000000003,0.14694976498338597,,0.7982745554351512,0.11730625831341239
caoimhin_kelleher,2,2,GK,Brentford,13,0,0,0,3,0,0,2,3.7399999999999998,0.0,0.0,17.8,0.4,0.0,0.004,0.004,0.0,1.104,0.6,0.0,1.7800000000000002,18.2,90.0,0.0,0.0,0.0,0.0,2.2,1.0,0.0,4.0,32706.0,44660.4,11954.4,50.0,0.0,Leeds,1.8000000000000003,1.8000000000000003,Chelsea,Chelsea,3.6,3.0,3.8872306551070217,14970.0,0.8,3.1097845240856175
carl_rushworth,2,2,GK,Coventry City,11,1,0,0,2,0,0,2,1.66,0.0,0.0,6.0,0.0,0.0,0.004,0.004,0.0,1.184,1.8000000000000003,0.0,1.22,12.04,90.0,0.0,0.0,0.0,0.0,1.4,1.0,0.0,1.6,4355.4,7158.599999999999,2803.2,45.0,0.0,Hull City,0.0,0.0,Nott'm Forest,Nott'm Forest,1.2,0.6,2.904974835946433,14971.0,1.2,3.4859698031357196
carlos_alcaraz_duran,2,0,MID,Everton,3,0,0,0,3,0,0,3,0.9000000000000001,0.0,0.0,1.6000000000000003,0.0,0.42,0.012,0.038,0.026,0.016,0.0,0.0,1.1800000000000002,2.0,2.8,0.0,0.0,0.0,0.0,0.0,0.0,11.600000000000001,0.4,-231.0,451.8,682.8,50.0,0.6,Bournemouth,1.4,1.8000000000000003,Ipswich Town,Ipswich Town,2.0,1.2000000000000002,1.017040372192057,,1.4932401567199587,1.518685524762592
carlos_baleba,2,0,MID,Man Utd,12,1,0,0,4,0,0,2,0.0,0.0,0.0,0.0,0.0,0.0,0.0,0.0,0.0,0.0,0.0,0.0,0.0,0.0,0.0,0.0,0.0,0.0,0.0,0.0,0.0,0.0,0.0,-1258.2,1394.3999999999999,2652.6,50.0,0.0,Ipswich Town,3.0,1.7999999999999998,Fulham,Fulham,0.8,0.0,0.1859121838055624,,1.7414873164264433,0.32376371006652854
cathal_mccarthy,2,0,DEF,Hull City,7,0,0,0,2,0,0,2,0.4,0.0,0.0,0.0,0.0,0.0,0.0,0.0,0.0,0.0,0.0,0.0,0.0,0.0,0.0,0.0,0.0,0.0,0.0,0.0,0.0,0.0,0.0,-170.4,405.0,575.4,40.0,0.0,Coventry City,1.4,3.0,Newcastle,Newcastle,2.0,2.1999999999999997,0.2799705151207119,,1.1544457181047378,0.3232107623766836
cedric_kipre,2,0,DEF,Ipswich Town,16,0,0,0,2,0,0,4,0.4,0.0,0.0,0.0,0.0,0.0,0.0,0.0,0.0,0.0,0.0,0.0,0.0,0.0,0.0,0.0,0.0,0.0,0.0,0.0,0.0,0.0,0.0,-2769.0,199.2,2968.2,40.0,0.0,Man Utd,2.0,1.2000000000000002,Everton,Everton,1.4,1.8000000000000003,0.20261221489367331,,0.757793241045387,0.15353816699966114
cesar_palacios,2,1,MID,Fulham,20,0,0,0,3,0,0,2,1.7,0.0,0.0,7.6,0.0,3.7,0.004,0.08,0.076,1.8559999999999999,1.8000000000000003,0.0,1.1400000000000001,2.92,73.8,0.0,0.0,0.0,0.0,0.0,1.0,5.0,1.4,-524.4,546.0,1070.3999999999999,55.0,0.6,Sunderland,0.8,0.0,Man Utd,Man Utd,3.0,1.7999999999999998,2.222425483807556,,0.5,1.111212741903778
chadi_riad_dnanou,2,0,DEF,Crystal Palace,15,1,0,0,3,0,0,5,0.68,0.0,0.0,2.8000000000000003,0.0,0.52,0.004,0.004,0.0,0.392,0.8,0.0,0.5599999999999999,5.04,28.8,0.0,0.0,0.0,0.0,0.0,0.4,0.0,0.4,-1513.8,192.0,1705.8,45.0,0.0,Man City,0.6,0.0,Leeds,Leeds,1.0,1.8000000000000003,0.8557382862389866,,0.5445641600643888,0.46600440108067326
charalampos_kostoulas,2,5,FWD,Brighton,6,0,0,0,3,0,0,4,2.52,0.6,0.0,9.799999999999999,0.0,9.219999999999999,0.012,0.186,0.174,1.774,2.4,0.0,2.58,3.0,57.8,0.0,0.0,0.0,0.0,0.0,0.6,14.2,3.4,-460.2,830.4,1290.6,55.0,0.0,Chelsea,3.4,1.2000000000000002,Arsenal,Arsenal,1.8000000000000003,3.0,2.560081066311165,,0.6929767582160549,1.774076678102612
charlie_hughes,2,0,DEF,Hull City,7,0,0,0,2,0,0,2,0.0,0.0,0.0,0.0,0.0,0.0,0.0,0.0,0.0,0.0,0.0,0.0,0.0,0.0,0.0,0.0,0.0,0.0,0.0,0.0,0.0,0.0,0.0,-1332.6,59.4,1392.0,40.0,0.0,Coventry City,1.4,3.0,Newcastle,Newcastle,2.0,2.1999999999999997,0.2326535616222163,,1.1544457181047378,0.2685859080165844
cheick_doucoure,2,0,MID,Crystal Palace,15,1,0,0,3,0,0,5,0.6000000000000001,0.0,0.0,0.0,0.0,0.0,0.0,0.0,0.0,0.0,0.0,0.0,0.0,0.0,0.0,0.0,0.0,0.0,0.0,0.0,0.0,0.0,0.0,-486.59999999999997,148.79999999999998,635.4,50.0,0.0,Man City,0.6,0.0,Leeds,Leeds,1.0,1.8000000000000003,0.30049618922523735,,0.5651568807099125,0.16982748896775077
chemsdine_talbi,2,0,MID,Sunderland,10,1,0,0,2,0,0,3,1.1,0.0,0.0,0.4,0.0,0.36000000000000004,0.0,0.0,0.0,0.05600000000000001,0.4,0.0,0.0,0.0,12.4,0.0,0.0,0.0,0.0,0.0,0.0,0.0,0.4,-1536.0,170.4,1706.3999999999999,55.0,0.0,Fulham,1.0,1.7999999999999998,Man City,Man City,3.2,3.0,1.1829625558611798,,0.9154895962231887,1.0829899126125029
chido_obi,2,0,FWD,Man Utd,12,1,0,0,4,0,0,2,0.4,0.0,0.0,0.0,0.0,0.0,0.0,0.0,0.0,0.0,0.0,0.0,0.0,0.0,0.0,0.0,0.0,0.0,0.0,0.0,0.0,0.0,0.0,-3151.7999999999997,3789.6,6941.4,45.0,0.0,Ipswich Town,3.0,1.7999999999999998,Fulham,Fulham,0.8,0.0,0.09534799347200051,,2.0,0.19069598694400103
chiedozie_ogbene,2,0,MID,Ipswich Town,16,0,0,0,2,0,0,4,0.6000000000000001,0.0,0.0,0.0,0.0,0.0,0.0,0.0,0.0,0.0,0.0,0.0,0.0,0.0,0.0,0.0,0.0,0.0,0.0,0.0,0.0,0.0,0.0,-123.6,22.2,145.79999999999998,50.0,0.0,Man Utd,2.0,1.2000000000000002,Everton,Everton,1.4,1.8000000000000003,0.2861012076352891,,0.7982745554351512,0.22838731433452034
chris_richards,2,0,DEF,Crystal Palace,15,1,0,0,3,0,0,5,1.78,0.0,0.0,2.8000000000000003,0.0,0.33999999999999997,0.0,0.024,0.024,1.774,3.2,0.0,3.6399999999999997,26.040000000000003,90.0,0.0,0.0,0.0,0.0,0.0,1.0,10.2,1.2000000000000002,-1347.6,2524.7999999999997,3872.3999999999996,50.0,0.0,Man City,0.6,0.0,Leeds,Leeds,1.0,1.8000000000000003,3.030662542358951,14970.0,0.5445641600643888,1.6503902018183072
chris_rigg,2,1,MID,Sunderland,10,1,0,0,2,0,0,3,1.2000000000000002,0.0,0.0,3.0,0.0,0.12,0.0,0.0,0.0,0.24400000000000002,0.4,0.0,0.0,0.0,8.2,0.0,0.0,0.0,0.0,0.0,0.0,0.0,1.0,-312.59999999999997,59.4,372.0,50.0,0.0,Fulham,1.0,1.7999999999999998,Man City,Man City,3.2,3.0,1.2047406097467344,,0.9154895962231887,1.102927494370716
chris_wood,2,0,FWD,Nott'm Forest,14,0,0,0,3,0,0,4,1.1,0.0,0.0,1.2000000000000002,0.0,0.96,0.004,0.052000000000000005,0.048,0.08800000000000001,0.4,0.0,0.16000000000000003,0.0,11.200000000000001,0.0,0.0,0.0,0.0,0.0,0.0,1.2000000000000002,0.4,-14869.199999999999,2741.4,17610.6,60.0,0.0,Liverpool,1.2,0.6,Coventry City,Coventry City,0.0,0.0,1.2395492156473942,,0.5,0.6197746078236971
christantus_uche,2,0,FWD,Crystal Palace,15,1,0,0,3,0,0,5,0.0,0.0,0.0,0.0,0.0,0.0,0.0,0.0,0.0,0.0,0.0,0.0,0.0,0.0,0.0,0.0,0.0,0.0,0.0,0.0,0.0,0.0,0.0,0.0,0.0,0.0,50.0,0.0,Man City,0.6,0.0,Leeds,Leeds,1.0,1.8000000000000003,0.17257076614617417,,0.5,0.08628538307308709
christian_norgaard,2,0,MID,Everton,3,0,0,0,3,0,0,3,0.0,0.0,0.0,0.0,0.0,0.0,0.0,0.0,0.0,0.0,0.0,0.0,0.0,0.0,0.0,0.0,0.0,0.0,0.0,0.0,0.0,0.0,0.0,-1658.3999999999999,61.199999999999996,1719.6,50.0,0.0,Bournemouth,1.4,1.8000000000000003,Ipswich Town,Ipswich Town,2.0,1.2000000000000002,0.25912487039376564,,1.4932401567199587,0.38693566207682556
christian_walton,2,0,GK,Ipswich Town,16,0,0,0,2,0,0,4,0.76,0.0,0.0,0.0,0.0,0.0,0.0,0.0,0.0,0.0,0.0,0.0,0.0,0.0,0.0,0.0,0.0,0.0,0.0,0.0,0.0,0.0,0.0,-2617.7999999999997,125.39999999999999,2743.2,45.0,0.0,Man Utd,2.0,1.2000000000000002,Everton,Everton,1.4,1.8000000000000003,0.3243963599379529,,0.8888888888888888,0.288352319944847
christos_tzolis,2,0,MID,Arsenal,2,0,0,0,5,0,0,3,2.7199999999999998,0.4,0.0,12.6,0.4,23.0,0.062000000000000006,0.138,0.07600000000000001,0.08399999999999999,0.0,0.0,4.4399999999999995,6.800000000000001,57.0,0.0,0.0,0.0,0.0,0.0,1.0,14.4,2.4000000000000004,108592.2,142012.19999999998,33420.0,65.0,0.6,Aston Villa,1.8000000000000003,3.0,Brighton,Brighton,3.4,1.2000000000000002,2.333586669468634,14971.0,1.2865546709753855,3.002286829730764
chuba_akpom,2,5,FWD,Ipswich Town,16,0,0,0,2,0,0,4,2.36,0.0,0.0,19.2,0.0,1.02,0.0,0.582,0.582,2.4179999999999997,2.4,0.6,3.24,20.48,36.6,0.0,0.0,0.0,0.0,0.0,0.0,11.0,3.4,-975.0,2775.0,3750.0,50.0,0.0,Man Utd,2.0,1.2000000000000002,Everton,Everton,1.4,1.8000000000000003,2.27312312384165,,1.5061836913110769,3.423740977472382
claudio_echeverri,2,0,MID,Man City,8,0,0,0,5,0,0,3,0.6000000000000001,0.0,0.0,0.0,0.0,0.0,0.0,0.0,0.0,0.0,0.0,0.0,0.0,0.0,0.0,0.0,0.0,0.0,0.0,0.0,0.0,0.0,0.0,-122.39999999999999,55.8,178.2,50.0,0.0,Crystal Palace,3.2,3.0,Sunderland,Sunderland,1.0,1.7999999999999998,0.2515615994054421,,1.1380853327068272,0.28629856655560415
cody_drameh,2,1,DEF,Hull City,7,0,0,0,2,0,0,2,1.0,0.0,0.0,4.0,0.0,0.24,0.0,0.020000000000000004,0.020000000000000004,0.388,0.0,0.0,0.42,3.4000000000000004,35.0,0.0,0.0,0.0,0.0,0.0,0.0,0.4,1.0,417.0,664.8,247.79999999999998,40.0,0.0,Coventry City,1.4,3.0,Newcastle,Newcastle,2.0,2.1999999999999997,1.8421588589403668,,1.1544457181047378,2.1266724067724163
cody_gakpo,2,5,MID,Liverpool,18,1,0,0,4,0,0,3,6.1,0.6,1.2000000000000002,25.8,0.0,30.28,0.45,0.5700000000000001,0.12,1.97,2.0,0.4,8.02,31.520000000000003,78.0,0.0,0.0,0.0,0.0,0.0,1.0,18.4,7.800000000000001,106771.8,123422.4,16650.6,70.0,0.0,Nott'm Forest,2.0,1.0,Bournemouth,Bournemouth,1.0,0.6,4.408233812813714,14974.0,0.9301694539500102,4.100404438548904
cole_palmer,2,7,MID,Chelsea,5,1,0,0,4,0,0,3,7.28,0.4,1.2000000000000002,40.8,0.0,31.7,0.15400000000000003,0.6619999999999999,0.508,1.342,2.5999999999999996,1.0,11.96,50.56,86.80000000000001,0.0,0.0,0.0,0.0,0.0,1.0,37.2,9.4,206947.19999999998,226123.19999999998,19176.0,95.0,0.0,Brighton,3.6,3.0,Brentford,Brentford,1.8000000000000003,1.8000000000000003,5.1998349209059995,15210.0,0.8160505338800367,4.243328063293399
conor_bradley,2,0,DEF,Liverpool,18,1,0,0,4,0,0,3,0.0,0.0,0.0,0.0,0.0,0.0,0.0,0.0,0.0,0.0,0.0,0.0,0.0,0.0,0.0,0.0,0.0,0.0,0.0,0.0,0.0,0.0,0.0,-84.0,47.4,131.4,50.0,0.0,Nott'm Forest,2.0,1.0,Bournemouth,Bournemouth,1.0,0.6,0.4610754297376205,,1.0804752028226836,0.4981805684623115
conor_gallagher,2,0,MID,Spurs,17,1,0,0,3,0,0,3,0.8,0.0,0.0,0.4,0.0,2.2,0.024,0.032,0.008,0.68,0.8,0.0,0.2,0.0,18.0,0.0,0.0,0.0,0.0,0.0,0.4,0.4,0.0,-2063.4,724.8,2788.2,55.0,0.4,Newcastle,0.0,0.0,Aston Villa,Aston Villa,0.0,0.0,0.43372253144468287,,0.6538786453494989,0.2836019013186047
cristhian_mosquera,2,6,DEF,Arsenal,2,0,0,0,5,0,0,3,4.6,0.0,0.0,25.8,1.0,1.08,0.006,0.006,0.0,0.278,0.0,0.0,1.32,11.879999999999999,82.8,0.0,0.0,0.0,0.0,0.0,1.0,0.0,6.0,-18323.399999999998,9246.0,27569.399999999998,55.0,0.0,Aston Villa,1.8000000000000003,3.0,Brighton,Brighton,3.4,1.2000000000000002,3.1929133316213276,14969.0,0.894485666072681,2.856015208147646
cristian_romero,2,0,DEF,Spurs,17,1,0,0,3,0,0,3,0.0,0.0,0.0,0.0,0.0,0.0,0.0,0.0,0.0,0.0,0.0,0.0,0.0,0.0,0.0,0.0,0.0,0.0,0.0,0.0,0.0,0.0,0.0,-6467.4,0.0,6467.4,50.0,0.0,Newcastle,0.0,0.0,Aston Villa,Aston Villa,0.0,0.0,0.32197857902377525,,2.0,0.6439571580475505
curtis_jones,2,0,MID,Liverpool,18,1,0,0,4,0,0,3,0.6000000000000001,0.0,0.0,0.0,0.0,0.0,0.0,0.0,0.0,0.0,0.0,0.0,0.0,0.0,0.0,0.0,0.0,0.0,0.0,0.0,0.0,0.0,0.0,-657.0,19.8,676.8,55.0,0.0,Nott'm Forest,2.0,1.0,Bournemouth,Bournemouth,1.0,0.6,0.3900972757383294,,0.9301694539500102,0.3628565699609084
daichi_kamada,2,2,MID,Crystal Palace,15,1,0,0,3,0,0,5,2.1,0.0,0.0,22.6,0.0,13.4,0.12000000000000001,0.15000000000000002,0.03,1.774,3.2,0.0,3.62,18.72,90.0,0.0,0.0,0.0,0.0,0.0,1.0,4.2,2.4000000000000004,-690.0,1166.3999999999999,1856.3999999999999,50.0,0.4,Man City,0.6,0.0,Leeds,Leeds,1.0,1.8000000000000003,2.951622181769147,,0.5651568807099125,1.6681295852828375
daizen_maeda,2,2,MID,Ipswich Town,16,0,0,0,2,0,0,4,2.0,0.0,0.0,8.8,0.0,1.4,0.006,0.286,0.27999999999999997,2.598,2.8,0.0,2.52,9.84,74.8,0.0,0.0,0.0,0.0,0.0,1.0,14.200000000000001,2.0,-1981.1999999999998,444.0,2425.2,55.0,0.0,Man Utd,2.0,1.2000000000000002,Everton,Everton,1.4,1.8000000000000003,2.395122462072359,,0.7982745554351512,1.911965318623557
dan_bentley,2,0,GK,Coventry City,11,1,0,0,2,0,0,2,1.0,0.0,0.0,0.0,0.0,0.0,0.0,0.0,0.0,0.0,0.0,0.0,0.0,0.0,0.0,0.0,0.0,0.0,0.0,0.0,0.0,0.0,0.0,0.0,0.0,0.0,40.0,0.0,Hull City,0.0,0.0,Nott'm Forest,Nott'm Forest,1.2,0.6,-0.23684319732472936,,1.2,-0.2842118367896752
dan_burn,2,0,DEF,Newcastle,19,0,0,0,3,0,0,3,0.8800000000000001,0.0,0.0,0.0,0.0,0.0,0.0,0.0,0.0,0.0,0.0,0.0,0.0,0.0,0.0,0.0,0.0,0.0,0.0,0.0,0.0,0.0,0.0,-41438.4,3748.2,45186.6,50.0,0.0,Spurs,2.0,2.1999999999999997,Hull City,Hull City,1.4,3.0,0.6547300144380914,,1.727760094109817,1.1312163913620787
dan_ndoye,2,9,MID,Nott'm Forest,14,0,0,0,3,0,0,4,4.3999999999999995,0.0,1.2,20.0,0.4,14.799999999999999,0.378,0.588,0.21,0.952,0.6,0.6,5.86,22.039999999999996,63.400000000000006,0.0,0.0,0.0,0.0,0.0,1.0,21.599999999999998,6.6,-2262.6,894.6,3157.2,55.0,0.0,Liverpool,1.2,0.6,Coventry City,Coventry City,0.0,0.0,3.0714242051998255,,1.3950956615770052,4.284930583536878
dane_scarlett,2,0,FWD,Spurs,17,1,0,0,3,0,0,3,0.4,0.0,0.0,0.0,0.0,0.0,0.0,0.0,0.0,0.0,0.0,0.0,0.0,0.0,0.0,0.0,0.0,0.0,0.0,0.0,0.0,0.0,0.0,-2397.6,7910.4,10308.0,45.0,0.0,Newcastle,0.0,0.0,Aston Villa,Aston Villa,0.0,0.0,0.04902073225708303,,0.5,0.024510366128541516
dango_ouattara,2,1,MID,Brentford,13,0,0,0,3,0,0,2,2.12,0.0,0.0,12.0,0.4,21.619999999999997,0.16399999999999998,0.196,0.032,1.004,0.6,0.0,3.86,9.64,43.8,0.0,0.0,0.0,0.0,0.0,0.4,7.2,1.8000000000000003,-2162.4,4408.8,6571.2,65.0,0.0,Leeds,1.8000000000000003,1.8000000000000003,Chelsea,Chelsea,3.6,3.0,2.7308128690827216,14969.0,1.7671128467890753,4.825654503133011
daniel_ballard,2,8,DEF,Sunderland,10,1,0,0,2,0,0,3,3.2800000000000002,0.0,0.0,17.8,0.6,1.2,0.004,0.022,0.018,1.29,0.8,0.0,2.6799999999999997,21.44,90.0,0.0,0.0,0.0,0.0,0.0,1.0,4.2,4.8,-22143.6,7678.799999999999,29822.399999999998,50.0,0.4,Fulham,1.0,1.7999999999999998,Man City,Man City,3.2,3.0,3.4250753203801896,14974.0,0.6124701478197468,2.0977563877670216
daniel_james,2,1,MID,Leeds,4,1,0,0,2,0,0,3,0.9000000000000001,0.0,0.0,1.2,0.0,0.66,0.006,0.15,0.144,0.558,0.0,0.0,0.66,0.0,13.2,0.0,0.0,0.0,0.0,0.0,0.0,7.199999999999999,0.6,-523.8,517.8,1041.6,50.0,0.0,Brentford,1.0,1.8000000000000003,Crystal Palace,Crystal Palace,0.6,0.0,1.2262977140761333,,1.5038801820573349,1.844204829501309
daniel_jebbison,2,0,FWD,Bournemouth,9,1,0,0,3,0,0,3,0.8599999999999999,0.0,0.0,2.4000000000000004,0.0,0.32000000000000006,0.0,0.04000000000000001,0.04000000000000001,0.124,0.8,0.0,0.8400000000000001,1.36,6.0,0.0,0.0,0.0,0.0,0.0,0.0,6.800000000000001,0.4,1233.6,1486.2,252.6,50.0,0.0,Everton,1.0,0.6,Liverpool,Liverpool,2.0,1.0,0.6665777862961098,,0.7998847709022442,0.5331854198799888
daniel_munoz_mejia,2,0,DEF,Crystal Palace,15,1,0,0,3,0,0,5,1.0,0.0,0.0,-1.6,0.0,0.7200000000000001,0.004,0.096,0.09200000000000001,0.336,0.8,0.0,0.96,0.48,21.6,0.0,0.0,0.0,0.0,0.0,0.4,8.4,0.0,-65868.59999999999,9387.0,75255.59999999999,55.0,0.0,Man City,0.6,0.0,Leeds,Leeds,1.0,1.8000000000000003,1.013484276400582,14969.0,0.5445641600643888,0.5519072137165478
danny_welbeck,2,0,FWD,Chelsea,5,1,0,0,4,0,0,3,0.6000000000000001,0.0,0.0,0.0,0.0,0.0,0.0,0.0,0.0,0.0,0.0,0.0,0.0,0.0,0.0,0.0,0.0,0.0,0.0,0.0,0.0,0.0,0.0,-11573.4,1881.6,13455.0,60.0,0.0,Brighton,3.6,3.0,Brentford,Brentford,1.8000000000000003,1.8000000000000003,0.42042820174579254,,2.0,0.8408564034915851
dara_o'shea,2,0,DEF,Ipswich Town,16,0,0,0,2,0,0,4,1.6,0.0,0.0,-2.0,0.0,10.280000000000001,0.07,0.112,0.042,3.1259999999999994,3.4,0.0,3.54,19.200000000000003,90.0,0.0,0.0,0.0,0.0,0.0,1.0,6.199999999999999,1.6,993.0,9383.4,8390.4,40.0,0.0,Man Utd,2.0,1.2000000000000002,Everton,Everton,1.4,1.8000000000000003,2.411163359042746,,0.757793241045387,1.8271632965388847
dario_luis_essugo,2,0,MID,Chelsea,5,1,0,0,4,0,0,3,0.4,0.0,0.0,0.0,0.0,0.0,0.0,0.0,0.0,0.0,0.0,0.0,0.0,0.0,0.0,0.0,0.0,0.0,0.0,0.0,0.0,0.0,0.0,-981.0,751.1999999999999,1732.2,45.0,0.0,Brighton,3.6,3.0,Brentford,Brentford,1.8000000000000003,1.8000000000000003,0.12922661251074508,,0.8160505338800367,0.10545544613090214
darko_gyabi,2,0,MID,Hull City,7,0,0,0,2,0,0,2,0.0,0.0,0.0,0.0,0.0,0.0,0.0,0.0,0.0,0.0,0.0,0.0,0.0,0.0,0.0,0.0,0.0,0.0,0.0,0.0,0.0,0.0,0.0,-277.2,38.4,315.59999999999997,45.0,0.0,Coventry City,1.4,3.0,Newcastle,Newcastle,2.0,2.1999999999999997,0.14326741476338167,,0.8159075950022852,0.11689297182178562
darnell_furlong,2,1,DEF,Ipswich Town,16,0,0,0,2,0,0,4,0.7,0.0,0.0,-0.6,0.0,0.3,0.0,0.0,0.0,0.516,0.6,0.0,0.36,3.0,10.2,0.0,0.0,0.0,0.0,0.0,0.0,0.0,0.6,-2488.2,161.4,2649.6,40.0,0.0,Man Utd,2.0,1.2000000000000002,Everton,Everton,1.4,1.8000000000000003,0.7873093505805687,,0.757793241045387,0.5966177044817881
david_akintola,2,0,MID,Hull City,7,0,0,0,2,0,0,2,0.6000000000000001,0.0,0.0,0.0,0.0,0.0,0.0,0.0,0.0,0.0,0.0,0.0,0.0,0.0,0.0,0.0,0.0,0.0,0.0,0.0,0.0,0.0,0.0,-15.6,548.4,564.0,50.0,0.0,Coventry City,1.4,3.0,Newcastle,Newcastle,2.0,2.1999999999999997,0.3201991193381153,,0.8159075950022852,0.2612528933810113
david_brooks,2,1,MID,Bournemouth,9,1,0,0,3,0,0,3,0.74,0.0,0.0,1.7999999999999998,0.0,0.96,0.006,0.006,0.0,0.096,0.6,0.0,0.06,0.0,5.3999999999999995,0.0,0.0,0.0,0.0,0.0,0.0,0.0,0.6,-55.8,361.2,417.0,50.0,0.0,Everton,1.0,0.6,Liverpool,Liverpool,2.0,1.0,0.8254518274069593,,1.3571479619946285,1.1202602652900966
david_button,2,0,GK,Ipswich Town,16,0,0,0,2,0,0,4,0.4,0.0,0.0,0.0,0.0,0.0,0.0,0.0,0.0,0.0,0.0,0.0,0.0,0.0,0.0,0.0,0.0,0.0,0.0,0.0,0.0,0.0,0.0,84.0,1175.3999999999999,1091.3999999999999,40.0,0.0,Man Utd,2.0,1.2000000000000002,Everton,Everton,1.4,1.8000000000000003,0.18423193349162603,,0.8888888888888888,0.16376171865922312
david_raya_martin,2,6,GK,Arsenal,2,0,0,0,5,0,0,3,5.199999999999999,0.0,0.0,22.200000000000003,1.0,0.0,0.0,0.0,0.0,0.278,0.0,0.0,0.84,8.08,90.0,0.0,0.0,0.0,0.0,0.4,1.0,0.0,6.0,14853.599999999999,64040.399999999994,49186.799999999996,60.0,0.0,Aston Villa,1.8000000000000003,3.0,Brighton,Brighton,3.4,1.2000000000000002,4.15941255396281,14972.0,1.5999999999999999,6.655060086340496
dayann_methalie,2,0,DEF,Sunderland,10,1,0,0,2,0,0,3,0.0,0.0,0.0,0.0,0.0,0.0,0.0,0.0,0.0,0.0,0.0,0.0,0.0,0.0,0.0,0.0,0.0,0.0,0.0,0.0,0.0,0.0,0.0,68.0,95.0,27.0,45.0,0.0,Fulham,1.0,1.7999999999999998,Man City,Man City,3.2,3.0,0.4580038034173226,,0.6124701478197468,0.28051365718101384
dean_henderson,2,1,GK,Crystal Palace,15,1,0,0,3,0,0,5,1.7,0.0,0.0,8.0,0.0,0.0,0.0,0.0,0.0,1.774,3.2,0.0,2.92,29.4,90.0,0.0,0.0,0.0,0.0,3.6,1.0,0.0,1.4,-4722.0,3542.4,8264.4,50.0,0.0,Man City,0.6,0.0,Leeds,Leeds,1.0,1.8000000000000003,2.633650160598786,15210.0,0.5333333333333333,1.4046134189860193
declan_rice,2,5,MID,Arsenal,2,0,0,0,5,0,0,3,3.44,0.0,0.0,15.4,1.0,19.119999999999997,0.092,0.12,0.028000000000000004,0.222,0.0,0.0,3.72,17.119999999999997,77.2,0.0,0.0,0.0,0.0,0.0,1.0,0.8,4.2,-73341.0,21292.2,94633.2,75.0,0.0,Aston Villa,1.8000000000000003,3.0,Brighton,Brighton,3.4,1.2000000000000002,4.038376273102488,15210.0,1.2865546709753855,5.195591857316175
dejan_kulusevski,2,0,MID,Spurs,17,1,0,0,3,0,0,3,0.0,0.0,0.0,0.0,0.0,0.0,0.0,0.0,0.0,0.0,0.0,0.0,0.0,0.0,0.0,0.0,0.0,0.0,0.0,0.0,0.0,0.0,0.0,-99.6,45.0,144.6,65.0,0.0,Newcastle,0.0,0.0,Aston Villa,Aston Villa,0.0,0.0,0.5802313450258136,,0.6538786453494989,0.37940088587479676
destiny_udogie,2,1,DEF,Spurs,17,1,0,0,3,0,0,3,1.28,0.0,0.0,2.4000000000000004,0.0,7.18,0.122,0.122,0.0,0.32,0.6,0.0,1.14,3.12,14.799999999999999,0.0,0.0,0.0,0.0,0.0,0.0,1.2,1.0,-1804.2,1011.0,2815.2,45.0,0.0,Newcastle,0.0,0.0,Aston Villa,Aston Villa,0.0,0.0,1.4550124500031327,,2.0,2.9100249000062655
diego_coppola,2,0,DEF,Brighton,6,0,0,0,3,0,0,4,0.68,0.0,0.0,0.0,0.0,0.0,0.0,0.0,0.0,0.0,0.0,0.0,0.0,0.0,0.0,0.0,0.0,0.0,0.0,0.0,0.0,0.0,0.0,-19.8,114.6,134.4,45.0,0.0,Chelsea,3.4,1.2000000000000002,Arsenal,Arsenal,1.8000000000000003,3.0,0.4835129853530111,,0.9561954234344535,0.4623329037656792
diego_gomez_amarilla,2,5,MID,Brighton,6,0,0,0,3,0,0,4,3.9,1.0,0.0,19.8,0.4,22.22,0.29400000000000004,0.5940000000000001,0.3,1.874,2.4,0.0,7.98,15.96,88.0,0.0,0.0,0.0,0.0,0.0,1.0,41.6,5.4,4248.0,14371.199999999999,10123.199999999999,50.0,0.0,Chelsea,3.4,1.2000000000000002,Arsenal,Arsenal,1.8000000000000003,3.0,4.320955626748476,14972.0,0.817801162420519,3.533682534322386
dilane_bakwa,2,0,MID,Nott'm Forest,14,0,0,0,3,0,0,4,0.8,0.0,0.0,0.0,0.0,0.0,0.0,0.0,0.0,0.0,0.0,0.0,0.0,0.0,0.0,0.0,0.0,0.0,0.0,0.0,0.0,0.0,0.0,-178.79999999999998,64.2,243.0,55.0,0.0,Liverpool,1.2,0.6,Coventry City,Coventry City,0.0,0.0,0.3917574899788485,,1.3950956615770052,0.5465391746597886
dillon_phillips,2,0,GK,Hull City,7,0,0,0,2,0,0,2,0.4,0.0,0.0,0.0,0.0,0.0,0.0,0.0,0.0,0.0,0.0,0.0,0.0,0.0,0.0,0.0,0.0,0.0,0.0,0.0,0.0,0.0,0.0,-2387.4,1869.0,4256.4,40.0,0.0,Coventry City,1.4,3.0,Newcastle,Newcastle,2.0,2.1999999999999997,0.475067048742851,,2.0,0.950134097485702
diogo_dalot_teixeira,2,2,DEF,Man Utd,12,1,0,0,4,0,0,2,1.78,0.0,0.0,9.6,0.0,29.84,0.072,0.162,0.09,0.636,0.6,0.0,6.279999999999999,12.879999999999999,47.8,0.0,0.0,0.0,0.0,0.0,0.6,19.8,1.6,-15265.199999999999,4914.0,20179.2,50.0,0.0,Ipswich Town,3.0,1.7999999999999998,Fulham,Fulham,0.8,0.0,2.3299770111766023,,1.201629651190209,2.799769463221346
divine_mukasa,2,0,MID,Man City,8,0,0,0,5,0,0,3,0.4,0.0,0.0,0.0,0.0,0.0,0.0,0.0,0.0,0.0,0.0,0.0,0.0,0.0,0.0,0.0,0.0,0.0,0.0,0.0,0.0,0.0,0.0,-935.4,556.1999999999999,1491.6,45.0,0.0,Crystal Palace,3.2,3.0,Sunderland,Sunderland,1.0,1.7999999999999998,0.11241015675353894,,1.1380853327068272,0.12793235064847797
djed_spence,2,0,DEF,Spurs,17,1,0,0,3,0,0,3,0.0,0.0,0.0,0.0,0.0,0.0,0.0,0.0,0.0,0.0,0.0,0.0,0.0,0.0,0.0,0.0,0.0,0.0,0.0,0.0,0.0,0.0,0.0,-27469.2,0.0,27469.2,45.0,0.0,Newcastle,0.0,0.0,Aston Villa,Aston Villa,0.0,0.0,0.14542266256398562,,2.0,0.29084532512797123
djiamgone_jocelin_ta_bi,2,0,MID,Sunderland,10,1,0,0,2,0,0,3,0.6000000000000001,0.0,0.0,0.0,0.0,0.0,0.0,0.0,0.0,0.0,0.0,0.0,0.0,0.0,0.0,0.0,0.0,0.0,0.0,0.0,0.0,0.0,0.0,-30.0,30.599999999999998,60.599999999999994,50.0,0.0,Fulham,1.0,1.7999999999999998,Man City,Man City,3.2,3.0,0.3665797066958085,,0.9154895962231887,0.33559990766656067
dominic_calvert_lewin,2,8,FWD,Leeds,4,1,0,0,2,0,0,3,3.5,0.0,1.2,17.799999999999997,0.4,2.7199999999999998,0.012,0.616,0.6040000000000001,1.266,0.6,0.6,4.9,23.04,90.0,0.0,0.0,0.0,0.0,0.0,1.0,25.4,5.2,-62773.2,50588.4,113361.59999999999,60.0,0.4,Brentford,1.0,1.8000000000000003,Crystal Palace,Crystal Palace,0.6,0.0,4.377966588502797,50210.0,2.0,8.755933177005595
dominic_solanke_mitchell,2,1,FWD,Spurs,17,1,0,0,3,0,0,3,1.4,0.0,0.0,4.8,0.0,0.18,0.0,0.148,0.148,0.34,0.0,0.0,0.8,1.92,17.8,0.0,0.0,0.0,0.0,0.0,0.0,5.6,1.0,-7563.599999999999,4927.2,12490.8,60.0,0.0,Newcastle,0.0,0.0,Aston Villa,Aston Villa,0.0,0.0,1.9228291228697316,14971.0,0.5,0.9614145614348658
dominik_szoboszlai,2,4,MID,Liverpool,18,1,0,0,4,0,0,3,4.6,0.0,0.4,26.0,0.0,43.260000000000005,0.21000000000000002,0.6460000000000001,0.43600000000000005,2.012,2.0,0.4,8.72,33.0,90.0,0.0,0.0,0.0,0.0,0.0,1.0,10.8,5.6,106558.8,147001.8,40443.0,70.0,0.0,Nott'm Forest,2.0,1.0,Bournemouth,Bournemouth,1.0,0.6,4.611031183890547,14974.0,0.9301694539500102,4.289040358465939
dorde_petrovic,2,3,GK,Bournemouth,9,1,0,0,3,0,0,3,2.26,0.0,0.0,17.2,0.0,0.0,0.0,0.0,0.0,2.004,1.4,0.0,3.5200000000000005,35.0,90.0,0.0,0.0,0.0,0.0,4.6,1.0,0.0,2.5999999999999996,6795.0,15226.8,8431.8,45.0,0.0,Everton,1.0,0.6,Liverpool,Liverpool,2.0,1.0,2.7326195170819494,79641.0,0.5,1.3663097585409747
dwight_mcneil,2,1,MID,Crystal Palace,15,1,0,0,3,0,0,5,1.7,0.0,0.0,5.6000000000000005,0.0,2.06,0.008,0.028000000000000004,0.020000000000000004,0.512,1.4,0.0,0.7000000000000002,4.08,38.0,0.0,0.0,0.0,0.0,0.0,0.4,0.8,1.4,-813.6,283.2,1096.8,55.0,0.0,Man City,0.6,0.0,Leeds,Leeds,1.0,1.8000000000000003,1.7987860192770342,,0.5651568807099125,1.0165962957192092
eberechi_eze,2,1,MID,Arsenal,2,0,0,0,5,0,0,3,1.52,0.0,0.0,5.199999999999999,0.0,1.92,0.042,0.058,0.016,0.204,0.0,0.0,0.4,0.96,32.6,0.0,0.0,0.0,0.0,0.0,0.0,1.6,1.0,-23265.6,3429.6,26695.2,65.0,0.0,Aston Villa,1.8000000000000003,3.0,Brighton,Brighton,3.4,1.2000000000000002,2.5367390316782936,,1.2865546709753855,3.263653450251285
eddie_nketiah,2,2,FWD,Crystal Palace,15,1,0,0,3,0,0,5,1.62,0.0,0.0,9.600000000000001,0.0,16.16,0.23199999999999998,0.688,0.45599999999999996,1.5419999999999998,2.5999999999999996,0.0,3.58,5.720000000000001,62.199999999999996,0.0,0.0,0.0,0.0,0.0,1.0,14.0,1.6,-1510.2,1957.8,3468.0,55.0,0.0,Man City,0.6,0.0,Leeds,Leeds,1.0,1.8000000000000003,1.5998168350195336,,0.5,0.7999084175097668
el_hadji_malick_diouf,2,0,DEF,Brentford,13,0,0,0,3,0,0,2,1.7,0.0,0.0,0.0,0.0,0.0,0.0,0.0,0.0,0.0,0.0,0.0,0.0,0.0,0.0,0.0,0.0,0.0,0.0,0.0,0.0,0.0,0.0,563.0,600.0,37.0,45.0,0.0,Leeds,1.8000000000000003,1.8000000000000003,Chelsea,Chelsea,3.6,3.0,0.7011906836975698,,0.9866060043360756,0.6917989387205403
eliot_matazo,2,0,MID,Hull City,7,0,0,0,2,0,0,2,0.0,0.0,0.0,0.0,0.0,0.0,0.0,0.0,0.0,0.0,0.0,0.0,0.0,0.0,0.0,0.0,0.0,0.0,0.0,0.0,0.0,0.0,0.0,-19.2,38.4,57.599999999999994,45.0,0.0,Coventry City,1.4,3.0,Newcastle,Newcastle,2.0,2.1999999999999997,0.14326741476338167,,0.8159075950022852,0.11689297182178562
elliot_anderson,2,3,MID,Man City,8,0,0,0,5,0,0,3,2.42,0.0,0.0,20.6,0.0,20.439999999999998,0.232,0.274,0.042,0.6160000000000001,1.0,0.0,4.6,17.88,73.4,0.0,0.0,0.0,0.0,0.0,1.0,7.8,2.5999999999999996,-85841.4,6141.599999999999,91983.0,64.4,0.6,Crystal Palace,3.2,3.0,Sunderland,Sunderland,1.0,1.7999999999999998,3.2874818522945466,14971.0,1.1380853327068272,3.7414348776362956
elliot_stroud,2,0,MID,Hull City,7,0,0,0,2,0,0,2,1.5,0.0,0.0,3.2,0.4,4.5,0.018000000000000002,0.024,0.006,1.1179999999999999,0.0,0.0,1.06,3.3600000000000003,62.8,0.0,0.0,0.0,0.0,0.0,1.0,4.2,1.2000000000000002,499.79999999999995,858.0,358.2,50.0,0.6,Coventry City,1.4,3.0,Newcastle,Newcastle,2.0,2.1999999999999997,1.509524471061199,,0.8159075950022852,1.2316324807806396
ellis_simms,2,0,FWD,Coventry City,11,1,0,0,2,0,0,2,1.16,0.0,0.0,2.8000000000000003,0.0,4.920000000000001,0.004,0.004,0.0,0.6400000000000001,1.2000000000000002,0.0,0.68,1.04,27.6,0.0,0.0,0.0,0.0,0.0,0.4,0.8,0.8,6199.8,11961.6,5761.8,50.0,0.0,Hull City,0.0,0.0,Nott'm Forest,Nott'm Forest,1.2,0.6,1.056153295822136,14970.0,0.500501634668318,0.5286064510193107
emersonn_correia_da_silva,2,1,FWD,Ipswich Town,16,0,0,0,2,0,0,4,3.72,0.0,1.2000000000000002,20.6,0.0,17.18,0.024,0.35200000000000004,0.328,0.714,1.0,0.4,5.319999999999999,18.840000000000003,53.0,0.0,0.0,0.0,0.0,0.0,1.0,17.2,4.2,35998.2,46084.2,10086.0,55.0,0.0,Man Utd,2.0,1.2000000000000002,Everton,Everton,1.4,1.8000000000000003,2.0374779067313202,,1.5061836913110769,3.068815994525346
emile_smith_rowe,2,1,MID,Fulham,20,0,0,0,3,0,0,2,1.1,0.0,0.0,3.0,0.0,13.68,0.012,0.048,0.036,0.24599999999999997,0.0,0.0,2.1,3.12,8.4,0.0,0.0,0.0,0.0,0.0,0.0,4.2,0.6,-2000.3999999999999,848.4,2848.7999999999997,55.0,0.0,Sunderland,0.8,0.0,Man Utd,Man Utd,3.0,1.7999999999999998,1.2724277197836256,,0.5,0.6362138598918128
emiliano_buendia_stati,2,2,MID,Aston Villa,1,1,0,0,3,0,0,5,2.08,0.0,0.0,7.0,0.0,14.44,0.048,0.124,0.07600000000000001,2.072,2.2,0.0,2.5,3.0,88.0,0.0,0.0,0.0,0.0,0.0,1.0,8.6,2.0,-10119.6,3012.0,13131.6,60.0,0.0,Arsenal,0.0,0.0,Spurs,Spurs,0.0,0.0,3.102668652487272,14972.0,0.5418244247865784,1.6811016579372646
emiliano_martinez_romero,2,2,GK,Chelsea,5,1,0,0,4,0,0,3,1.6400000000000001,0.0,0.0,10.799999999999999,0.0,12.0,0.006,0.006,0.0,0.846,1.7999999999999998,0.0,3.36,21.720000000000002,54.0,0.0,0.0,0.0,0.0,2.4,0.6,0.0,1.2,-25373.399999999998,8925.6,4869.0,50.0,0.0,Brighton,3.6,3.0,Brentford,Brentford,1.8000000000000003,1.8000000000000003,2.3389985793693047,79641.0,0.8888888888888888,2.0791098483282706
emmanuel_emegha,2,0,FWD,Chelsea,5,1,0,0,4,0,0,3,0.5599999999999999,0.0,0.0,0.0,0.0,0.0,0.0,0.0,0.0,0.0,0.0,0.0,0.0,0.0,0.0,0.0,0.0,0.0,0.0,0.0,0.0,0.0,0.0,-530.4,870.0,1400.3999999999999,50.0,0.0,Brighton,3.6,3.0,Brentford,Brentford,1.8000000000000003,1.8000000000000003,0.2391074318110904,,2.0,0.4782148636221808
endo_wataru,2,0,MID,Liverpool,18,1,0,0,4,0,0,3,0.6000000000000001,0.0,0.0,0.0,0.0,0.0,0.0,0.0,0.0,0.0,0.0,0.0,0.0,0.0,0.0,0.0,0.0,0.0,0.0,0.0,0.0,0.0,0.0,-300.0,291.0,591.0,50.0,0.0,Nott'm Forest,2.0,1.0,Bournemouth,Bournemouth,1.0,0.6,0.2698359640478414,,0.9301694539500102,0.2509931713344552
enes_unal,2,0,FWD,Bournemouth,9,1,0,0,3,0,0,3,0.0,0.0,0.0,0.0,0.0,0.0,0.0,0.0,0.0,0.0,0.0,0.0,0.0,0.0,0.0,0.0,0.0,0.0,0.0,0.0,0.0,0.0,0.0,-642.0,0.0,642.0,55.0,0.0,Everton,1.0,0.6,Liverpool,Liverpool,2.0,1.0,0.1881009548530035,,0.7998847709022442,0.15045908917908807
enis_destan,2,0,FWD,Hull City,7,0,0,0,2,0,0,2,0.0,0.0,0.0,0.0,0.0,0.0,0.0,0.0,0.0,0.0,0.0,0.0,0.0,0.0,0.0,0.0,0.0,0.0,0.0,0.0,0.0,0.0,0.0,-5319.599999999999,0.0,5319.599999999999,45.0,0.0,Coventry City,1.4,3.0,Newcastle,Newcastle,2.0,2.1999999999999997,0.03596819595823164,,0.5,0.01798409797911582
enzo_fernandez,2,0,MID,Chelsea,5,1,0,0,4,0,0,3,1.3,0.0,0.0,2.4000000000000004,0.0,4.800000000000001,0.008,0.008,0.0,0.11200000000000002,0.0,0.0,0.6000000000000001,1.36,10.0,0.0,0.0,0.0,0.0,0.0,0.0,0.0,0.4,-44526.6,8972.4,53499.0,70.0,0.0,Brighton,3.6,3.0,Brentford,Brentford,1.8000000000000003,1.8000000000000003,1.3873635884305997,14970.0,0.8160505338800367,1.1321587970245144
enzo_le_fee,2,3,MID,Sunderland,10,1,0,0,2,0,0,3,2.38,0.0,0.0,13.0,0.6,16.68,0.114,0.336,0.222,1.1920000000000002,0.4,0.0,3.9,3.88,85.0,0.0,0.0,0.0,0.0,0.0,1.0,18.0,2.5999999999999996,-62234.399999999994,6831.599999999999,69066.0,60.0,0.0,Fulham,1.0,1.7999999999999998,Man City,Man City,3.2,3.0,3.608909307968249,61014.0,0.9154895962231887,3.3039189251579595
ephron_mason_clark,2,1,MID,Coventry City,11,1,0,0,2,0,0,2,1.1,0.0,0.0,2.4,0.0,9.6,0.036,0.036,0.0,0.012,0.0,0.0,1.2,2.52,34.199999999999996,0.0,0.0,0.0,0.0,0.0,0.6,0.0,0.6,-653.4,293.4,946.8,55.0,0.0,Hull City,0.0,0.0,Nott'm Forest,Nott'm Forest,1.2,0.6,1.0012761595300832,,0.6381415502063241,0.638955920627162
erling_haaland,2,13,FWD,Man City,8,0,0,0,5,0,0,3,6.1,0.0,1.7999999999999998,38.4,0.0,2.14,0.008,0.7000000000000001,0.692,0.656,1.0,1.2,9.559999999999999,42.92,90.0,0.0,0.0,0.0,0.0,0.0,1.0,50.599999999999994,8.6,-20548.2,41763.0,62311.2,155.0,0.0,Crystal Palace,3.2,3.0,Sunderland,Sunderland,1.0,1.7999999999999998,6.015854380552852,14974.0,1.9777920274429062,11.898108832114914
estevao_almeida_de_oliveira_goncalves,2,0,MID,Chelsea,5,1,0,0,4,0,0,3,1.22,0.0,0.0,1.2000000000000002,0.0,0.16000000000000003,0.0,0.0,0.0,0.036,0.0,0.0,0.04000000000000001,0.08000000000000002,2.8000000000000003,0.0,0.0,0.0,0.0,0.0,0.0,0.0,0.4,-10932.0,3338.4,14270.4,65.0,0.0,Brighton,3.6,3.0,Brentford,Brentford,1.8000000000000003,1.8000000000000003,0.9951946917750969,50210.0,0.8160505338800367,0.8121291595376464
ethan_ampadu,2,2,MID,Leeds,4,1,0,0,2,0,0,3,2.9000000000000004,0.0,0.0,14.399999999999999,0.4,19.28,0.07,0.076,0.006,1.266,0.6,0.0,3.9000000000000004,19.200000000000003,90.0,0.0,0.0,0.0,0.0,0.0,1.0,0.6,3.2,-2910.0,2754.6,5664.599999999999,55.0,0.0,Brentford,1.0,1.8000000000000003,Crystal Palace,Crystal Palace,0.6,0.0,3.4020346132752364,61014.0,1.5038801820573349,5.116252433577717
ethan_nwaneri,2,0,MID,Arsenal,2,0,0,0,5,0,0,3,0.8,0.0,0.0,0.0,0.0,0.0,0.0,0.0,0.0,0.0,0.0,0.0,0.0,0.0,0.0,0.0,0.0,0.0,0.0,0.0,0.0,0.0,0.0,-148.79999999999998,45.6,194.4,55.0,0.0,Aston Villa,1.8000000000000003,3.0,Brighton,Brighton,3.4,1.2000000000000002,0.4918476709799111,,1.2865546709753855,0.6327889185075691
ethan_pinnock,2,1,DEF,Coventry City,11,1,0,0,2,0,0,2,0.98,0.0,0.0,-0.6,0.0,0.42,0.0,0.0,0.0,0.324,0.6,0.0,0.3,2.28,7.199999999999999,0.0,0.0,0.0,0.0,0.0,0.0,0.0,0.6,-238.2,344.4,582.6,45.0,0.0,Hull City,0.0,0.0,Nott'm Forest,Nott'm Forest,1.2,0.6,0.8627513027221394,,1.5645027639790947,1.3497767977353519
evan_ferguson,2,0,FWD,Brighton,6,0,0,0,3,0,0,4,0.0,0.0,0.0,0.0,0.0,0.0,0.0,0.0,0.0,0.0,0.0,0.0,0.0,0.0,0.0,0.0,0.0,0.0,0.0,0.0,0.0,0.0,0.0,-183.0,190.79999999999998,373.8,50.0,0.0,Chelsea,3.4,1.2000000000000002,Arsenal,Arsenal,1.8000000000000003,3.0,0.27768823246811114,,0.6929767582160549,0.1924314911304979
evann_guessand,2,1,MID,Crystal Palace,15,1,0,0,3,0,0,5,1.4,0.0,0.0,3.0,0.0,0.9000000000000001,0.014,0.026000000000000002,0.012,0.176,0.6,0.0,0.6599999999999999,2.6000000000000005,27.0,0.0,0.0,0.0,0.0,0.0,0.0,2.8000000000000003,1.0,-84.0,289.8,373.8,55.0,0.0,Man City,0.6,0.0,Leeds,Leeds,1.0,1.8000000000000003,2.0198324865693498,,0.5651568807099125,1.1415222276660801
ewen_jaouen,2,0,GK,Newcastle,19,0,0,0,3,0,0,3,0.76,0.0,0.0,0.0,0.0,0.0,0.0,0.0,0.0,0.0,0.0,0.0,0.0,0.0,0.0,0.0,0.0,0.0,0.0,0.0,0.0,0.0,0.0,-134.4,74.39999999999999,208.79999999999998,45.0,0.0,Spurs,2.0,2.1999999999999997,Hull City,Hull City,1.4,3.0,0.5890749165537574,,1.0666666666666667,0.6283465776573413
exequiel_palacios,2,1,MID,Ipswich Town,16,0,0,0,2,0,0,4,1.5,0.0,0.0,11.0,0.0,12.0,0.01,0.01,0.0,1.92,2.0,0.0,2.1,7.2,28.0,0.0,0.0,0.0,0.0,0.0,0.0,2.0,1.0,84.0,89.0,5.0,50.0,0.0,Man Utd,2.0,1.2000000000000002,Everton,Everton,1.4,1.8000000000000003,1.6577817020935728,,0.7982745554351512,1.3233649512472752
ezri_konsa_ngoyo,2,1,DEF,Arsenal,2,0,0,0,5,0,0,3,0.98,0.0,0.0,1.7999999999999998,0.0,0.06,0.0,0.0,0.0,0.0,0.0,0.0,0.18,1.92,6.6,0.0,0.0,0.0,0.0,0.0,0.0,0.0,0.6,-107859.59999999999,29892.6,137752.19999999998,45.0,0.0,Aston Villa,1.8000000000000003,3.0,Brighton,Brighton,3.4,1.2000000000000002,1.1117287803343023,50210.0,0.894485666072681,0.9944254585694977
fabian_schar,2,0,DEF,Newcastle,19,0,0,0,3,0,0,3,1.1800000000000002,0.0,0.0,-0.4,0.0,0.0,0.0,0.0,0.0,0.31600000000000006,0.4,0.0,0.0,0.0,0.4,0.0,0.0,0.0,0.0,0.0,0.0,0.0,0.4,6.0,1137.0,1131.0,50.0,0.0,Spurs,2.0,2.1999999999999997,Hull City,Hull City,1.4,3.0,0.846145543584196,,1.727760094109817,1.4619365040136327
fabio_ferreira_vieira,2,0,MID,Arsenal,2,0,0,0,5,0,0,3,0.8,0.0,0.0,0.0,0.0,0.0,0.0,0.0,0.0,0.0,0.0,0.0,0.0,0.0,0.0,0.0,0.0,0.0,0.0,0.0,0.0,0.0,0.0,-81.0,48.0,129.0,55.0,0.0,Aston Villa,1.8000000000000003,3.0,Brighton,Brighton,3.4,1.2000000000000002,0.4918476709799111,,1.2865546709753855,0.6327889185075691
fabio_freitas_gouveia_carvalho,2,0,MID,Brentford,13,0,0,0,3,0,0,2,0.44000000000000006,0.0,0.0,0.0,0.0,0.0,0.0,0.0,0.0,0.0,0.0,0.0,0.0,0.0,0.0,0.0,0.0,0.0,0.0,0.0,0.0,0.0,0.0,-54.6,93.0,147.6,50.0,0.0,Leeds,1.8000000000000003,1.8000000000000003,Chelsea,Chelsea,3.6,3.0,0.34776567902790445,,1.7671128467890753,0.614541199082536
facundo_buonanotte,2,0,MID,Brighton,6,0,0,0,3,0,0,4,0.0,0.0,0.0,0.0,0.0,0.0,0.0,0.0,0.0,0.0,0.0,0.0,0.0,0.0,0.0,0.0,0.0,0.0,0.0,0.0,0.0,0.0,0.0,-103.8,0.0,103.8,50.0,0.0,Chelsea,3.4,1.2000000000000002,Arsenal,Arsenal,1.8000000000000003,3.0,0.2172028578435834,,0.817801162420519,0.17762874962554126
federico_chiesa,2,0,MID,Liverpool,18,1,0,0,4,0,0,3,0.8,0.0,0.0,0.0,0.0,0.0,0.0,0.0,0.0,0.0,0.0,0.0,0.0,0.0,0.0,0.0,0.0,0.0,0.0,0.0,0.0,0.0,0.0,-1779.0,351.0,2130.0,55.0,0.0,Nott'm Forest,2.0,1.0,Bournemouth,Bournemouth,1.0,0.6,0.40898740669974476,,0.9301694539500102,0.3804275927623323
felipe_rodrigues_da_silva,2,0,DEF,Nott'm Forest,14,0,0,0,3,0,0,4,0.8800000000000001,0.0,0.0,0.0,0.0,0.0,0.0,0.0,0.0,0.0,0.0,0.0,0.0,0.0,0.0,0.0,0.0,0.0,0.0,0.0,0.0,0.0,0.0,-262.2,138.0,400.2,50.0,0.0,Liverpool,1.2,0.6,Coventry City,Coventry City,0.0,0.0,0.46624019169648423,,2.0,0.9324803833929685
ferdi_kadioglu,2,0,DEF,Brighton,6,0,0,0,3,0,0,4,0.68,0.0,0.0,-2.4,0.0,10.02,0.006,0.018,0.012,1.758,2.4,0.0,1.68,1.68,54.0,0.0,0.0,0.0,0.0,0.0,0.6,4.8,0.0,-29294.399999999998,1548.0,30842.399999999998,45.0,0.0,Chelsea,3.4,1.2000000000000002,Arsenal,Arsenal,1.8000000000000003,3.0,1.38041289732787,,0.9561954234344535,1.3199444948748034
filip_jorgensen,2,0,GK,Chelsea,5,1,0,0,4,0,0,3,0.0,0.0,0.0,0.0,0.0,0.0,0.0,0.0,0.0,0.0,0.0,0.0,0.0,0.0,0.0,0.0,0.0,0.0,0.0,0.0,0.0,0.0,0.0,-300.59999999999997,0.0,300.59999999999997,50.0,0.0,Brighton,3.6,3.0,Brentford,Brentford,1.8000000000000003,1.8000000000000003,0.8050594215544384,,0.8888888888888888,0.7156083747150563
florentino_ibrain_morris_luis,2,0,MID,Ipswich Town,16,0,0,0,2,0,0,4,0.6000000000000001,0.0,0.0,0.0,0.0,0.0,0.0,0.0,0.0,0.0,0.0,0.0,0.0,0.0,0.0,0.0,0.0,0.0,0.0,0.0,0.0,0.0,0.0,-1195.8,128.4,1324.2,50.0,0.0,Man Utd,2.0,1.2000000000000002,Everton,Everton,1.4,1.8000000000000003,0.2861012076352891,,0.7982745554351512,0.22838731433452034
florian_wirtz,2,4,MID,Liverpool,18,1,0,0,4,0,0,3,2.84,0.6,0.0,20.2,0.0,21.740000000000002,0.136,0.378,0.24200000000000002,1.5839999999999999,2.0,0.0,6.720000000000001,20.6,78.8,0.0,0.0,0.0,0.0,0.0,1.0,24.8,3.2,-59003.399999999994,14953.8,73957.2,75.0,0.6,Nott'm Forest,2.0,1.0,Bournemouth,Bournemouth,1.0,0.6,3.5484911926190055,61014.0,0.9301694539500102,3.3006981149848404
francisco_evanilson_de_lima_barbosa,2,5,FWD,Bournemouth,9,1,0,0,3,0,0,3,3.5,1.0,0.0,13.4,1.0,18.08,0.10800000000000001,0.456,0.348,1.778,0.0,0.0,4.86,16.759999999999998,77.6,0.0,0.0,0.0,0.0,0.0,1.0,14.0,4.6,32159.399999999998,43575.0,11415.6,60.0,0.4,Everton,1.0,0.6,Liverpool,Liverpool,2.0,1.0,3.4128267427556036,15210.0,0.7998847709022442,2.7298681372581184
frank_onyeka,2,0,MID,Coventry City,11,1,0,0,2,0,0,2,1.2000000000000002,0.0,0.0,3.2,0.0,0.6400000000000001,0.004,0.004,0.0,0.752,1.2000000000000002,0.0,0.2,1.4400000000000002,36.0,0.0,0.0,0.0,0.0,0.0,0.4,0.0,0.8,513.6,1473.6,960.0,50.0,0.0,Hull City,0.0,0.0,Nott'm Forest,Nott'm Forest,1.2,0.6,1.2485859380199833,,0.6381415502063241,0.7967745660538895
fraser_forster,2,0,GK,Bournemouth,9,1,0,0,3,0,0,3,0.4,0.0,0.0,0.0,0.0,0.0,0.0,0.0,0.0,0.0,0.0,0.0,0.0,0.0,0.0,0.0,0.0,0.0,0.0,0.0,0.0,0.0,0.0,-654.6,5737.2,6391.8,40.0,0.0,Everton,1.0,0.6,Liverpool,Liverpool,2.0,1.0,0.03261830726466375,,0.5,0.016309153632331874
freddie_woodman,2,0,GK,Liverpool,18,1,0,0,4,0,0,3,0.4,0.0,0.0,0.0,0.0,0.0,0.0,0.0,0.0,0.0,0.0,0.0,0.0,0.0,0.0,0.0,0.0,0.0,0.0,0.0,0.0,0.0,0.0,-1356.0,1957.8,3313.7999999999997,40.0,0.0,Nott'm Forest,2.0,1.0,Bournemouth,Bournemouth,1.0,0.6,-0.038283986292480865,,0.5333333333333333,-0.020418126022656462
gabriel_dos_santos_magalhaes,2,8,DEF,Arsenal,2,0,0,0,5,0,0,3,5.5,0.0,0.0,22.2,1.0,2.64,0.016,0.11399999999999999,0.098,0.278,0.0,0.0,1.9800000000000002,13.56,90.0,0.0,0.0,0.0,0.0,0.0,1.0,3.9999999999999996,6.8,-39205.799999999996,35259.0,74464.8,80.0,0.4,Aston Villa,1.8000000000000003,3.0,Brighton,Brighton,3.4,1.2000000000000002,5.096717067407994,14972.0,0.894485666072681,4.55894036082444
gabriel_fernando_de_jesus,2,0,FWD,Arsenal,2,0,0,0,5,0,0,3,0.8,0.0,0.0,0.0,0.0,0.0,0.0,0.0,0.0,0.0,0.0,0.0,0.0,0.0,0.0,0.0,0.0,0.0,0.0,0.0,0.0,0.0,0.0,-3158.4,1148.3999999999999,4306.8,60.0,0.0,Aston Villa,1.8000000000000003,3.0,Brighton,Brighton,3.4,1.2000000000000002,0.2756078976990486,,1.582233621954325,0.4360760822155827
gabriel_gudmundsson,2,0,DEF,Leeds,4,1,0,0,2,0,0,3,0.0,0.0,0.0,0.0,0.0,0.0,0.0,0.0,0.0,0.0,0.0,0.0,0.0,0.0,0.0,0.0,0.0,0.0,0.0,0.0,0.0,0.0,0.0,-555.6,39.6,595.1999999999999,45.0,0.0,Brentford,1.0,1.8000000000000003,Crystal Palace,Crystal Palace,0.6,0.0,0.2503493368768419,,2.0,0.5006986737536838
gabriel_martinelli_silva,2,0,MID,Arsenal,2,0,0,0,5,0,0,3,0.9199999999999999,0.0,0.0,0.0,0.0,0.0,0.0,0.0,0.0,0.0,0.0,0.0,0.0,0.0,0.0,0.0,0.0,0.0,0.0,0.0,0.0,0.0,0.0,-3430.7999999999997,790.8,4221.599999999999,64.4,0.0,Aston Villa,1.8000000000000003,3.0,Brighton,Brighton,3.4,1.2000000000000002,0.7292730155348777,,1.2865546709753855,0.9382496045527017
george_hemmings,2,2,MID,Aston Villa,1,1,0,0,3,0,0,5,1.6,0.0,0.0,7.800000000000001,0.0,7.219999999999999,0.006,0.006,0.0,2.114,2.2,0.0,1.3199999999999998,5.32,78.0,0.0,0.0,0.0,0.0,0.0,1.0,0.8,2.0,1955.3999999999999,5245.8,3290.4,45.0,0.0,Arsenal,0.0,0.0,Spurs,Spurs,0.0,0.0,2.0404744193637985,,0.5418244247865784,1.1055788785635177
george_hirst,2,0,FWD,Ipswich Town,16,0,0,0,2,0,0,4,0.0,0.0,0.0,0.0,0.0,0.0,0.0,0.0,0.0,0.0,0.0,0.0,0.0,0.0,0.0,0.0,0.0,0.0,0.0,0.0,0.0,0.0,0.0,-5217.0,0.0,5217.0,50.0,0.0,Man Utd,2.0,1.2000000000000002,Everton,Everton,1.4,1.8000000000000003,0.18650514510988248,,1.5061836913110769,0.2809110079101108
george_shepherd,2,0,MID,Coventry City,11,1,0,0,2,0,0,2,0.4,0.0,0.0,0.0,0.0,0.0,0.0,0.0,0.0,0.0,0.0,0.0,0.0,0.0,0.0,0.0,0.0,0.0,0.0,0.0,0.0,0.0,0.0,-1294.8,607.8,1902.6,45.0,0.0,Hull City,0.0,0.0,Nott'm Forest,Nott'm Forest,1.2,0.6,0.17609325298421963,,0.6381415502063241,0.11237242144022433
georginio_rutter,2,0,FWD,Brighton,6,0,0,0,3,0,0,4,1.8599999999999999,0.4,0.0,8.8,0.4,4.5600000000000005,0.17600000000000002,0.20800000000000002,0.032,0.11599999999999999,0.0,0.0,1.8399999999999999,7.920000000000001,36.0,0.0,0.0,0.0,0.0,0.0,0.4,6.0,2.0,5328.0,14332.199999999999,9004.199999999999,55.0,0.0,Chelsea,3.4,1.2000000000000002,Arsenal,Arsenal,1.8000000000000003,3.0,1.6345446123853016,14972.0,0.6929767582160549,1.1327014266502842
geovany_quenda,2,0,MID,Chelsea,5,1,0,0,4,0,0,3,1.1,0.0,0.0,0.8,0.0,0.12,0.0,0.0,0.0,0.036,0.0,0.0,0.16000000000000003,0.48,3.2,0.0,0.0,0.0,0.0,0.0,0.0,0.8,0.4,-353.4,138.6,492.0,55.0,0.0,Brighton,3.6,3.0,Brentford,Brentford,1.8000000000000003,1.8000000000000003,0.7733908907010871,,0.8160505338800367,0.6311260492545793
geronimo_rulli,2,0,GK,Man City,8,0,0,0,5,0,0,3,1.04,0.0,0.0,0.0,0.0,0.0,0.0,0.0,0.0,0.0,0.0,0.0,0.0,0.0,0.0,0.0,0.0,0.0,0.0,0.0,0.0,0.0,0.0,-78.0,56.4,134.4,50.0,0.0,Crystal Palace,3.2,3.0,Sunderland,Sunderland,1.0,1.7999999999999998,0.6830263757495723,,0.6666666666666666,0.4553509171663815
gianluigi_donnarumma,2,0,GK,Man City,8,0,0,0,5,0,0,3,2.2199999999999998,0.0,0.0,7.800000000000001,0.0,0.0,0.0,0.0,0.0,0.656,1.0,0.0,1.5,14.8,90.0,0.6,0.0,0.0,0.0,1.8000000000000003,1.0,0.0,1.2000000000000002,-6566.4,20404.8,26971.2,55.0,0.0,Crystal Palace,3.2,3.0,Sunderland,Sunderland,1.0,1.7999999999999998,4.456677851069731,14969.0,0.6666666666666666,2.9711185673798206
giorgi_mamardashvili,2,0,GK,Liverpool,18,1,0,0,4,0,0,3,1.04,0.0,0.0,0.0,0.0,0.0,0.0,0.0,0.0,0.0,0.0,0.0,0.0,0.0,0.0,0.0,0.0,0.0,0.0,0.0,0.0,0.0,0.0,-828.0,394.8,1222.8,50.0,0.0,Nott'm Forest,2.0,1.0,Bournemouth,Bournemouth,1.0,0.6,0.2425252615840987,14969.0,0.5333333333333333,0.12934680617818597
giovanni_leoni,2,0,DEF,Liverpool,18,1,0,0,4,0,0,3,0.0,0.0,0.0,0.0,0.0,0.0,0.0,0.0,0.0,0.0,0.0,0.0,0.0,0.0,0.0,0.0,0.0,0.0,0.0,0.0,0.0,0.0,0.0,-202.2,109.2,311.4,40.0,0.0,Nott'm Forest,2.0,1.0,Bournemouth,Bournemouth,1.0,0.6,0.10796359681804146,,1.0804752028226836,0.1166519891694398
gonzalo_garcia,2,2,FWD,Fulham,20,0,0,0,3,0,0,2,3.2,0.0,0.0,14.4,0.0,3.4,0.01,0.46399999999999997,0.45399999999999996,2.108,1.8000000000000003,0.4,5.199999999999999,18.240000000000002,90.0,0.0,0.0,0.0,0.0,0.0,1.0,30.4,3.6000000000000005,81006.59999999999,91330.8,10324.199999999999,60.0,0.0,Sunderland,0.8,0.0,Man Utd,Man Utd,3.0,1.7999999999999998,3.401970704762606,14973.0,1.018719861754322,3.4656551260480155
granit_xhaka,2,6,MID,Sunderland,10,1,0,0,2,0,0,3,5.3,0.4,2.5999999999999996,29.799999999999997,0.6,47.3,0.252,0.252,0.0,1.29,0.8,0.0,6.68,19.759999999999998,90.0,0.0,0.0,0.0,0.0,0.0,1.0,0.0,7.199999999999999,14739.6,25668.6,10929.0,55.0,0.0,Fulham,1.0,1.7999999999999998,Man City,Man City,3.2,3.0,3.4872648109241995,50210.0,0.9154895962231887,3.19255465367633
guglielmo_vicario,2,0,GK,Spurs,17,1,0,0,3,0,0,3,0.0,0.0,0.0,0.0,0.0,0.0,0.0,0.0,0.0,0.0,0.0,0.0,0.0,0.0,0.0,0.0,0.0,0.0,0.0,0.0,0.0,0.0,0.0,-6862.2,0.0,6862.2,45.0,0.0,Newcastle,0.0,0.0,Aston Villa,Aston Villa,0.0,0.0,-0.3066219222054729,,1.5999999999999999,-0.4905950755287566
gustavo_hamer,2,1,MID,Coventry City,11,1,0,0,2,0,0,2,1.4,0.0,0.0,2.4000000000000004,0.0,1.02,0.012,0.012,0.0,0.46599999999999997,0.6,0.0,0.16,0.28,14.600000000000001,0.0,0.0,0.0,0.0,0.0,0.0,0.0,1.0,-625.1999999999999,231.6,856.8,55.0,0.0,Hull City,0.0,0.0,Nott'm Forest,Nott'm Forest,1.2,0.6,1.5378277072862052,,0.6381415502063241,0.9813517570778563
habib_diarra,2,4,MID,Sunderland,10,1,0,0,2,0,0,3,2.3,0.6,0.0,10.2,0.0,6.420000000000001,0.096,0.108,0.012,0.052000000000000005,0.4,0.0,1.6800000000000002,9.28,14.799999999999999,0.0,0.0,0.0,0.0,0.0,0.0,0.8,2.8,-505.2,201.0,706.1999999999999,55.0,0.0,Fulham,1.0,1.7999999999999998,Man City,Man City,3.2,3.0,1.9520354584672501,,0.9154895962231887,1.78706815368553
haji_wright,2,0,FWD,Coventry City,11,1,0,0,2,0,0,2,0.0,0.0,0.0,0.0,0.0,0.0,0.0,0.0,0.0,0.0,0.0,0.0,0.0,0.0,0.0,0.0,0.0,0.0,0.0,0.0,0.0,0.0,0.0,-3190.7999999999997,64.2,3255.0,55.0,0.0,Hull City,0.0,0.0,Nott'm Forest,Nott'm Forest,1.2,0.6,0.17595307577011443,14973.0,0.500501634668318,0.08806480204786069
hakon_rafn_valdimarsson,2,0,GK,Brentford,13,0,0,0,3,0,0,2,0.76,0.0,0.0,0.0,0.0,0.0,0.0,0.0,0.0,0.0,0.0,0.0,0.0,0.0,0.0,0.0,0.0,0.0,0.0,0.0,0.0,0.0,0.0,-148.79999999999998,385.2,534.0,45.0,0.0,Leeds,1.8000000000000003,1.8000000000000003,Chelsea,Chelsea,3.6,3.0,0.793355817197024,,0.8,0.6346846537576192
harrison_armstrong,2,2,MID,Everton,3,0,0,0,3,0,0,3,3.6,0.4,0.0,17.2,0.4,13.26,0.034,0.034,0.0,2.08,0.6,0.0,3.36,18.240000000000002,87.6,0.0,0.0,0.0,0.0,0.0,1.0,1.6,4.4,6191.4,7671.599999999999,1480.2,50.0,0.0,Bournemouth,1.4,1.8000000000000003,Ipswich Town,Ipswich Town,2.0,1.2000000000000002,3.3279957855351943,,1.4932401567199587,4.9694969483559355
harrison_reed,2,0,MID,Fulham,20,0,0,0,3,0,0,2,0.4,0.0,0.0,0.0,0.0,0.0,0.0,0.0,0.0,0.0,0.0,0.0,0.0,0.0,0.0,0.0,0.0,0.0,0.0,0.0,0.0,0.0,0.0,-5352.599999999999,3349.2,8701.8,45.0,0.0,Sunderland,0.8,0.0,Man Utd,Man Utd,3.0,1.7999999999999998,0.21953275366951597,,0.5,0.10976637683475798
harry_amass,2,0,DEF,Man Utd,12,1,0,0,4,0,0,2,0.4,0.0,0.0,0.0,0.0,0.0,0.0,0.0,0.0,0.0,0.0,0.0,0.0,0.0,0.0,0.0,0.0,0.0,0.0,0.0,0.0,0.0,0.0,-655.8,532.8,1188.6,40.0,0.0,Ipswich Town,3.0,1.7999999999999998,Fulham,Fulham,0.8,0.0,0.17529255628512064,,1.201629651190209,0.21063673326512958
harry_howell,2,0,MID,Brighton,6,0,0,0,3,0,0,4,0.0,0.0,0.0,0.0,0.0,0.0,0.0,0.0,0.0,0.0,0.0,0.0,0.0,0.0,0.0,0.0,0.0,0.0,0.0,0.0,0.0,0.0,0.0,-919.1999999999999,0.0,919.1999999999999,45.0,0.0,Chelsea,3.4,1.2000000000000002,Arsenal,Arsenal,1.8000000000000003,3.0,0.09694154615309558,,0.817801162420519,0.07927890913084396
harry_maguire,2,4,DEF,Man Utd,12,1,0,0,4,0,0,2,2.38,0.6,0.0,13.8,0.0,12.340000000000002,0.16600000000000004,0.2,0.034,1.6400000000000001,2.0,0.0,3.82,14.48,90.0,0.0,0.0,0.0,0.0,0.0,1.0,11.2,2.8,-32014.8,31771.8,63786.6,50.0,0.0,Ipswich Town,3.0,1.7999999999999998,Fulham,Fulham,0.8,0.0,3.113735557902407,14974.0,1.201629651190209,3.74155697234082
harry_wilson,2,1,MID,Leeds,4,1,0,0,2,0,0,3,2.12,0.0,0.0,7.4,0.4,13.38,0.032,0.038,0.006,0.8899999999999999,0.0,0.0,2.66,7.5200000000000005,53.0,0.0,0.0,0.0,0.0,0.0,0.4,5.199999999999999,1.8000000000000003,-25703.399999999998,8957.4,34660.799999999996,65.0,0.0,Brentford,1.0,1.8000000000000003,Crystal Palace,Crystal Palace,0.6,0.0,2.821680706791241,15210.0,1.5038801820573349,4.243469695036881
harvey_barnes,2,3,MID,Newcastle,19,0,0,0,3,0,0,3,2.38,0.0,0.0,10.2,0.6,14.219999999999999,0.014,0.066,0.052000000000000005,1.8639999999999999,0.8,0.0,2.8400000000000003,6.4,90.0,0.0,0.0,0.0,0.0,0.0,1.0,7.800000000000001,2.5999999999999996,2799.0,8997.0,6198.0,60.0,0.0,Spurs,2.0,2.1999999999999997,Hull City,Hull City,1.4,3.0,3.2685374913415135,,0.5490748081379055,1.7946715959498927
harvey_cartwright,2,0,GK,Hull City,7,0,0,0,2,0,0,2,0.0,0.0,0.0,0.0,0.0,0.0,0.0,0.0,0.0,0.0,0.0,0.0,0.0,0.0,0.0,0.0,0.0,0.0,0.0,0.0,0.0,0.0,0.0,-66.6,0.0,66.6,40.0,0.0,Coventry City,1.4,3.0,Newcastle,Newcastle,2.0,2.1999999999999997,0.4774690236624808,,2.0,0.9549380473249616
harvey_davies,2,0,GK,Liverpool,18,1,0,0,4,0,0,3,0.4,0.0,0.0,0.0,0.0,0.0,0.0,0.0,0.0,0.0,0.0,0.0,0.0,0.0,0.0,0.0,0.0,0.0,0.0,0.0,0.0,0.0,0.0,-41.4,386.4,427.8,40.0,0.0,Nott'm Forest,2.0,1.0,Bournemouth,Bournemouth,1.0,0.6,-0.038283986292480865,,0.5333333333333333,-0.020418126022656462
harvey_elliott,2,0,MID,Liverpool,18,1,0,0,4,0,0,3,0.8,0.0,0.0,0.0,0.0,0.0,0.0,0.0,0.0,0.0,0.0,0.0,0.0,0.0,0.0,0.0,0.0,0.0,0.0,0.0,0.0,0.0,0.0,-501.59999999999997,228.0,729.6,55.0,0.0,Nott'm Forest,2.0,1.0,Bournemouth,Bournemouth,1.0,0.6,0.40898740669974476,,0.9301694539500102,0.3804275927623323
hayden_hackney,2,1,MID,Everton,3,0,0,0,3,0,0,3,1.4,0.0,0.0,8.2,0.4,5.72,0.01,0.014,0.004,1.596,0.0,0.0,1.7000000000000002,8.12,48.0,0.0,0.0,0.0,0.0,0.0,0.4,3.2,1.8000000000000003,-1414.8,506.4,1921.1999999999998,55.0,0.0,Bournemouth,1.4,1.8000000000000003,Ipswich Town,Ipswich Town,2.0,1.2000000000000002,2.1698110353034172,,1.4932401567199587,3.2400489704091706
hidemasa_morita,2,1,MID,Hull City,7,0,0,0,2,0,0,2,0.6200000000000001,0.0,0.0,3.5999999999999996,0.0,8.04,0.0,0.0,0.0,0.654,0.0,0.0,1.44,6.6,27.0,0.0,0.0,0.0,0.0,0.0,0.6,0.0,0.6,-126.0,70.8,196.79999999999998,50.0,0.0,Coventry City,1.4,3.0,Newcastle,Newcastle,2.0,2.1999999999999997,0.4109226958352543,,0.8159075950022852,0.33527494849079786
hugo_ekitike,2,0,FWD,Liverpool,18,1,0,0,4,0,0,3,0.0,0.0,0.0,0.0,0.0,0.0,0.0,0.0,0.0,0.0,0.0,0.0,0.0,0.0,0.0,0.0,0.0,0.0,0.0,0.0,0.0,0.0,0.0,-1858.8,425.4,2284.2,75.0,0.0,Nott'm Forest,2.0,1.0,Bournemouth,Bournemouth,1.0,0.6,0.5969693388880968,,0.553090404678166,0.33017801322607465
ian_maatsen,2,1,DEF,Aston Villa,1,1,0,0,3,0,0,5,0.98,0.0,0.0,-6.6,0.0,0.6200000000000001,0.0,0.054000000000000006,0.054000000000000006,2.072,2.2,0.0,1.54,6.56,86.4,0.0,0.0,0.0,0.0,0.0,1.0,8.399999999999999,0.6,-3787.2,1527.6,5314.8,45.0,0.6,Arsenal,0.0,0.0,Spurs,Spurs,0.0,0.0,2.215533193121614,,1.019811857517635,2.2594270210693304
ibrahim_osman,2,1,MID,Brighton,6,0,0,0,3,0,0,4,1.2000000000000002,0.0,0.0,6.4,0.0,6.94,0.026000000000000002,0.026000000000000002,0.0,0.06,0.6,0.0,1.3199999999999998,3.48,14.4,0.0,0.0,0.0,0.0,0.0,0.0,2.8,1.0,45.0,130.79999999999998,85.8,50.0,0.0,Chelsea,3.4,1.2000000000000002,Arsenal,Arsenal,1.8000000000000003,3.0,1.3991725986568349,,0.817801162420519,1.144244977608498
ibrahim_sangare,2,0,MID,Nott'm Forest,14,0,0,0,3,0,0,4,0.6000000000000001,0.0,0.0,4.0,0.0,5.2,0.004,0.016,0.012,0.188,0.4,0.0,1.36,7.120000000000001,36.0,0.0,0.0,0.0,0.0,0.0,0.4,1.2000000000000002,0.8,-9076.199999999999,1710.0,10786.199999999999,50.0,0.0,Liverpool,1.2,0.6,Coventry City,Coventry City,0.0,0.0,1.181565771682348,,1.3950956615770052,1.64839728194193
igor_jesus_maciel_da_cruz,2,1,FWD,Nott'm Forest,14,0,0,0,3,0,0,4,1.7,0.0,0.0,5.6,0.0,10.700000000000001,0.032,0.564,0.532,1.238,1.6,0.0,5.319999999999999,7.239999999999999,90.0,0.0,0.0,0.0,0.0,0.0,1.0,35.2,1.4,-28987.8,6142.2,35130.0,60.0,0.6,Liverpool,1.2,0.6,Coventry City,Coventry City,0.0,0.0,3.7951782464572448,15210.0,0.5,1.8975891232286224
igor_julio_dos_santos_de_paulo,2,0,DEF,Brighton,6,0,0,0,3,0,0,4,0.68,0.0,0.0,0.0,0.0,0.0,0.0,0.0,0.0,0.0,0.0,0.0,0.0,0.0,0.0,0.0,0.0,0.0,0.0,0.0,0.0,0.0,0.0,-242.39999999999998,282.59999999999997,525.0,45.0,0.0,Chelsea,3.4,1.2000000000000002,Arsenal,Arsenal,1.8000000000000003,3.0,0.4835129853530111,,0.9561954234344535,0.4623329037656792
igor_thiago_nascimento_rodrigues,2,2,FWD,Brentford,13,0,0,0,3,0,0,2,1.6,0.0,0.0,-2.220446049250313e-16,0.4,5.32,0.038,0.918,0.88,1.076,0.6,0.0,4.3999999999999995,2.3200000000000003,86.80000000000001,0.0,0.4,0.0,0.0,0.0,1.0,36.2,1.2,-29637.0,55063.2,84700.2,80.0,0.0,Leeds,1.8000000000000003,1.8000000000000003,Chelsea,Chelsea,3.6,3.0,3.8867351077371644,79641.0,0.5417985158935409,2.1058273130433176
ilia_gruev,2,0,MID,Leeds,4,1,0,0,2,0,0,3,0.0,0.0,0.0,0.0,0.0,0.0,0.0,0.0,0.0,0.0,0.0,0.0,0.0,0.0,0.0,0.0,0.0,0.0,0.0,0.0,0.0,0.0,0.0,-72.0,5.3999999999999995,77.39999999999999,50.0,0.0,Brentford,1.0,1.8000000000000003,Crystal Palace,Crystal Palace,0.6,0.0,0.22005688066128104,,1.5038801820573349,0.33093918175185655
iliman_ndiaye,2,4,MID,Everton,3,0,0,0,3,0,0,3,4.78,0.4,0.4,24.0,0.4,24.619999999999997,0.17,0.278,0.108,2.08,0.6,0.0,7.380000000000001,23.88,90.0,0.0,0.0,0.0,0.0,0.0,1.0,25.200000000000003,6.0,37600.799999999996,73612.8,36012.0,60.0,0.0,Bournemouth,1.4,1.8000000000000003,Ipswich Town,Ipswich Town,2.0,1.2000000000000002,4.881816859807515,14969.0,1.4932401567199587,7.28972497281711
illan_meslier,2,0,GK,Arsenal,2,0,0,0,5,0,0,3,1.04,0.0,0.0,0.0,0.0,0.0,0.0,0.0,0.0,0.0,0.0,0.0,0.0,0.0,0.0,0.0,0.0,0.0,0.0,0.0,0.0,0.0,0.0,-234.6,60.599999999999994,295.2,50.0,0.0,Aston Villa,1.8000000000000003,3.0,Brighton,Brighton,3.4,1.2000000000000002,0.8150086199901062,,1.5999999999999999,1.30401379198417
ismaila_sarr,2,0,MID,Crystal Palace,15,1,0,0,3,0,0,5,0.9199999999999999,0.0,0.0,0.0,0.0,0.0,0.0,0.0,0.0,0.0,0.0,0.0,0.0,0.0,0.0,0.0,0.0,0.0,0.0,0.0,0.0,0.0,0.0,-122685.59999999999,1261.2,123946.79999999999,64.4,0.0,Man City,0.6,0.0,Leeds,Leeds,1.0,1.8000000000000003,0.6770729764321073,14971.0,0.5651568807099125,0.3826524513733459
issa_diop,2,2,DEF,Ipswich Town,16,0,0,0,2,0,0,4,1.6,0.0,0.0,7.0,0.0,0.5,0.004,0.004,0.0,3.1259999999999994,3.4,0.0,2.8599999999999994,27.359999999999996,90.0,0.0,0.0,0.0,0.0,0.0,1.0,0.8,2.0,-26646.6,15907.8,42554.4,40.0,0.0,Man Utd,2.0,1.2000000000000002,Everton,Everton,1.4,1.8000000000000003,2.2441044388399405,,0.757793241045387,1.700567175952858
jack_butland,2,0,GK,Hull City,7,0,0,0,2,0,0,2,0.0,0.0,0.0,0.0,0.0,0.0,0.0,0.0,0.0,0.0,0.0,0.0,0.0,0.0,0.0,0.0,0.0,0.0,0.0,0.0,0.0,0.0,0.0,-968.4,74.39999999999999,1042.8,45.0,0.0,Coventry City,1.4,3.0,Newcastle,Newcastle,2.0,2.1999999999999997,0.6197952275364742,,2.0,1.2395904550729484
jack_clarke,2,0,MID,Ipswich Town,16,0,0,0,2,0,0,4,2.9000000000000004,0.0,0.4,10.8,0.0,0.24,0.0,0.04000000000000001,0.04000000000000001,0.012,0.0,0.4,2.08,13.440000000000001,7.6000000000000005,0.0,0.0,0.0,0.0,0.0,0.0,7.2,2.8000000000000003,455.4,1921.1999999999998,1465.8,55.0,0.0,Man Utd,2.0,1.2000000000000002,Everton,Everton,1.4,1.8000000000000003,1.2358477351388069,,0.7982745554351512,0.9865458013534696
jack_fletcher,2,0,MID,Man Utd,12,1,0,0,4,0,0,2,0.6000000000000001,0.0,0.0,0.0,0.0,0.0,0.0,0.0,0.0,0.0,0.0,0.0,0.0,0.0,0.0,0.0,0.0,0.0,0.0,0.0,0.0,0.0,0.0,-76.8,24.599999999999998,101.39999999999999,50.0,0.0,Ipswich Town,3.0,1.7999999999999998,Fulham,Fulham,0.8,0.0,0.2425825766898082,,1.7414873164264433,0.422454480491346
jack_grealish,2,0,MID,Man City,8,0,0,0,5,0,0,3,1.22,0.0,0.0,0.8,0.0,0.24,0.0,0.0,0.0,0.0,0.0,0.0,0.08000000000000002,0.4,3.2,0.0,0.0,0.0,0.0,0.0,0.0,0.0,0.4,-720.6,721.1999999999999,1441.8,65.0,0.0,Crystal Palace,3.2,3.0,Sunderland,Sunderland,1.0,1.7999999999999998,0.9980128152821742,,1.1380853327068272,1.1358237469260906
jack_harrison,2,0,MID,Leeds,4,1,0,0,2,0,0,3,0.0,0.0,0.0,0.0,0.0,0.0,0.0,0.0,0.0,0.0,0.0,0.0,0.0,0.0,0.0,0.0,0.0,0.0,0.0,0.0,0.0,0.0,0.0,-21.599999999999998,0.0,21.599999999999998,50.0,0.0,Brentford,1.0,1.8000000000000003,Crystal Palace,Crystal Palace,0.6,0.0,0.22005688066128104,,1.5038801820573349,0.33093918175185655
jack_hinshelwood,2,0,MID,Brighton,6,0,0,0,3,0,0,4,2.08,0.0,1.2000000000000002,21.6,0.4,5.36,0.008,0.572,0.564,0.07600000000000001,0.0,0.8,5.800000000000001,29.12,25.200000000000003,0.0,0.0,0.0,0.0,0.0,0.4,23.6,6.4,61045.799999999996,83896.8,22851.0,60.0,0.0,Chelsea,3.4,1.2000000000000002,Arsenal,Arsenal,1.8000000000000003,3.0,1.8445903865958417,79641.0,0.817801162420519,1.508508162347794
jack_rudoni,2,3,MID,Coventry City,11,1,0,0,2,0,0,2,1.8,0.0,0.0,8.399999999999999,0.6,18.139999999999997,0.054,0.15,0.096,0.128,0.0,0.0,3.38,6.32,50.0,0.0,0.0,0.0,0.0,0.0,0.6,9.200000000000001,2.1999999999999997,-29.4,750.0,779.4,50.0,0.0,Hull City,0.0,0.0,Nott'm Forest,Nott'm Forest,1.2,0.6,2.360271902277373,,0.6381415502063241,1.5061875706277124
jack_taylor,2,0,MID,Ipswich Town,16,0,0,0,2,0,0,4,0.0,0.0,0.0,0.0,0.0,0.0,0.0,0.0,0.0,0.0,0.0,0.0,0.0,0.0,0.0,0.0,0.0,0.0,0.0,0.0,0.0,0.0,0.0,-463.2,66.6,529.8,45.0,0.0,Man Utd,2.0,1.2000000000000002,Everton,Everton,1.4,1.8000000000000003,0.1091695030605555,,0.7982745554351512,0.08714723652274133
jacob_greaves,2,-1,DEF,Ipswich Town,16,0,0,0,2,0,0,4,0.7,0.0,0.0,-2.999999999999999,0.0,1.3,0.006,0.006,0.0,3.1259999999999994,3.4,0.0,1.92,17.599999999999998,90.0,0.6,0.0,0.0,0.0,0.0,1.0,0.0,0.20000000000000007,-2685.0,981.5999999999999,3666.6,40.0,0.6,Man Utd,2.0,1.2000000000000002,Everton,Everton,1.4,1.8000000000000003,2.608915606968279,,0.757793241045387,1.9770186134183851
jacob_murphy,2,1,MID,Newcastle,19,0,0,0,3,0,0,3,1.1800000000000002,0.0,0.0,1.4,0.0,1.9,0.12,0.12,0.0,0.644,0.4,0.0,0.45999999999999996,1.32,10.4,0.0,0.0,0.0,0.0,0.0,0.0,2.0,0.6,-1179.0,430.2,1609.2,60.0,0.4,Spurs,2.0,2.1999999999999997,Hull City,Hull City,1.4,3.0,1.5268972903745484,,0.5490748081379055,0.838380836758693
jacob_ramsey,2,1,MID,Newcastle,19,0,0,0,3,0,0,3,0.9000000000000001,0.0,0.0,2.1999999999999997,0.0,3.04,0.082,0.10600000000000001,0.024,0.8280000000000001,0.4,0.0,0.76,3.24,18.400000000000002,0.0,0.0,0.0,0.0,0.0,0.0,1.6,0.6,-1942.8,865.1999999999999,2808.0,50.0,0.4,Spurs,2.0,2.1999999999999997,Hull City,Hull City,1.4,3.0,1.474605114756657,,0.5490748081379055,0.8096685204641857
jaden_philogene,2,0,MID,Ipswich Town,16,0,0,0,2,0,0,4,0.8,0.0,0.0,0.0,0.0,0.0,0.0,0.0,0.0,0.0,0.0,0.0,0.0,0.0,0.0,0.0,0.0,0.0,0.0,0.0,0.0,0.0,0.0,-2293.2,63.599999999999994,2356.7999999999997,55.0,0.0,Man Utd,2.0,1.2000000000000002,Everton,Everton,1.4,1.8000000000000003,0.4252526502871925,,0.7982745554351512,0.33946837035562843
jahnoah_markelo,2,0,FWD,Coventry City,11,1,0,0,2,0,0,2,0.0,0.0,0.0,0.0,0.0,0.0,0.0,0.0,0.0,0.0,0.0,0.0,0.0,0.0,0.0,0.0,0.0,0.0,0.0,0.0,0.0,0.0,0.0,-354.0,0.0,354.0,50.0,0.0,Hull City,0.0,0.0,Nott'm Forest,Nott'm Forest,1.2,0.6,0.08680010281848705,,0.500501634668318,0.04344359335003084
jaidon_anthony,2,2,MID,Brentford,13,0,0,0,3,0,0,2,1.78,0.0,0.0,6.0,0.6,29.5,0.176,0.254,0.078,0.094,0.0,0.0,4.5200000000000005,6.16,45.2,0.0,0.0,0.0,0.0,0.0,0.6,9.4,1.6,-259.8,1174.8,1434.6,60.0,0.6,Leeds,1.8000000000000003,1.8000000000000003,Chelsea,Chelsea,3.6,3.0,2.6104540966714325,,1.7671128467890753,4.612966970181259
jair_paula_da_cunha_filho,2,1,DEF,Nott'm Forest,14,0,0,0,3,0,0,4,1.28,0.0,0.0,5.6,0.0,0.76,0.0,0.0,0.0,1.238,1.6,0.0,1.78,17.08,90.0,0.0,0.0,0.0,0.0,0.0,1.0,0.0,1.0,-780.0,155.4,935.4,45.0,0.4,Liverpool,1.2,0.6,Coventry City,Coventry City,0.0,0.0,2.342291331659607,,2.0,4.684582663319214
jaka_bijol,2,1,DEF,Leeds,4,1,0,0,2,0,0,3,4.18,0.0,0.8,11.200000000000001,0.4,0.28,0.0,0.044000000000000004,0.044000000000000004,0.5940000000000001,0.6,0.0,2.1,14.48,63.0,0.0,0.0,0.0,0.0,0.0,1.0,6.0,4.6,22221.0,27131.399999999998,4910.4,50.0,0.0,Brentford,1.0,1.8000000000000003,Crystal Palace,Crystal Palace,0.6,0.0,2.3732000595398075,15210.0,2.0,4.746400119079615
jake_bidwell,2,0,DEF,Coventry City,11,1,0,0,2,0,0,2,0.4,0.0,0.0,0.0,0.0,0.0,0.0,0.0,0.0,0.0,0.0,0.0,0.0,0.0,0.0,0.0,0.0,0.0,0.0,0.0,0.0,0.0,0.0,-142.79999999999998,303.59999999999997,446.4,40.0,0.0,Hull City,0.0,0.0,Nott'm Forest,Nott'm Forest,1.2,0.6,0.10110062220888838,,1.5645027639790947,0.15817220288581213
jake_o'brien,2,0,DEF,Everton,3,0,0,0,3,0,0,3,0.8800000000000001,0.0,0.0,0.0,0.0,0.0,0.0,0.0,0.0,0.0,0.0,0.0,0.0,0.0,0.0,0.0,0.0,0.0,0.0,0.0,0.0,0.0,0.0,-3795.6,841.8,4637.4,50.0,0.0,Bournemouth,1.4,1.8000000000000003,Ipswich Town,Ipswich Town,2.0,1.2000000000000002,0.6453177290872407,,1.6711719532637075,1.078436889794424
james_garner,2,1,MID,Everton,3,0,0,0,3,0,0,3,0.8,0.0,0.0,7.8,0.0,5.380000000000001,0.012,0.012,0.0,0.484,0.6,0.0,1.06,3.96,41.0,0.0,0.0,0.0,0.0,0.0,0.6,0.8,1.0,-69.6,919.8,989.4,60.0,0.6,Bournemouth,1.4,1.8000000000000003,Ipswich Town,Ipswich Town,2.0,1.2000000000000002,1.5934574751048403,,1.4932401567199587,2.3794146898521413
james_hill,2,4,DEF,Bournemouth,9,1,0,0,3,0,0,3,2.5,0.0,0.0,11.4,0.0,12.719999999999999,0.444,0.444,0.0,2.004,1.4,0.0,3.5399999999999996,20.0,90.0,0.0,0.0,0.0,0.0,0.0,1.0,2.4,2.8,1447.2,5491.8,4044.6,55.0,0.0,Everton,1.0,0.6,Liverpool,Liverpool,2.0,1.0,3.767395516879074,14969.0,0.7643953130520396,2.87977947551563
james_justin,2,2,DEF,Leeds,4,1,0,0,2,0,0,3,4.279999999999999,0.0,0.8,18.4,0.4,8.0,0.01,0.028,0.018,1.266,0.6,0.0,3.8599999999999994,24.6,90.0,0.0,0.0,0.0,0.0,0.0,1.0,6.199999999999999,5.2,20485.8,26120.399999999998,5634.599999999999,45.0,0.0,Brentford,1.0,1.8000000000000003,Crystal Palace,Crystal Palace,0.6,0.0,3.1740298165264784,14970.0,2.0,6.348059633052957
james_maddison,2,0,MID,Spurs,17,1,0,0,3,0,0,3,1.16,0.0,0.0,2.4000000000000004,0.0,3.3200000000000003,0.004,0.004,0.0,0.34,0.0,0.0,0.8400000000000001,1.7600000000000002,8.8,0.0,0.0,0.0,0.0,0.0,0.0,3.2,0.4,-20580.0,1611.6,22191.6,65.0,0.0,Newcastle,0.0,0.0,Aston Villa,Aston Villa,0.0,0.0,1.2423033944859547,,0.6538786453494989,0.8123156606995602
james_mcatee,2,2,MID,Nott'm Forest,14,0,0,0,3,0,0,4,2.3,0.0,0.0,16.8,0.4,28.1,0.16,0.16,0.0,1.186,1.2,0.0,3.7800000000000002,9.559999999999999,83.2,0.0,0.0,0.0,0.0,0.0,1.0,0.0,2.4000000000000004,119.39999999999999,404.4,285.0,55.0,0.0,Liverpool,1.2,0.6,Coventry City,Coventry City,0.0,0.0,2.865243567691399,,1.3950956615770052,3.997288870647691
james_mcconnell,2,0,MID,Liverpool,18,1,0,0,4,0,0,3,0.4,0.0,0.0,0.0,0.0,0.0,0.0,0.0,0.0,0.0,0.0,0.0,0.0,0.0,0.0,0.0,0.0,0.0,0.0,0.0,0.0,0.0,0.0,-1210.2,529.8,1740.0,45.0,0.0,Nott'm Forest,2.0,1.0,Bournemouth,Bournemouth,1.0,0.6,0.13068452139593822,,0.9301694539500102,0.12155874990657828
james_rowswell,2,0,DEF,Spurs,17,1,0,0,3,0,0,3,0.4,0.0,0.0,0.0,0.0,0.0,0.0,0.0,0.0,0.0,0.0,0.0,0.0,0.0,0.0,0.0,0.0,0.0,0.0,0.0,0.0,0.0,0.0,-216.0,201.0,417.0,40.0,0.0,Newcastle,0.0,0.0,Aston Villa,Aston Villa,0.0,0.0,0.016183699602691615,,2.0,0.03236739920538323
james_tarkowski,2,12,DEF,Everton,3,0,0,0,3,0,0,3,6.52,0.0,1.2,26.2,0.4,7.1000000000000005,0.006,0.08600000000000001,0.08,2.08,0.6,0.6,5.8999999999999995,38.959999999999994,90.0,0.0,0.0,0.0,0.0,0.0,1.0,13.0,9.6,3402.0,25641.6,22239.6,60.0,0.0,Bournemouth,1.4,1.8000000000000003,Ipswich Town,Ipswich Town,2.0,1.2000000000000002,3.9962465972577554,14973.0,1.6711719532637075,6.6784152316626875
james_trafford,2,3,GK,Leeds,4,1,0,0,2,0,0,3,4.64,0.0,0.8,23.200000000000003,0.4,0.0,0.0,0.0,0.0,1.266,0.6,0.0,3.04,30.32,90.0,0.0,0.0,0.0,0.0,3.6,1.0,0.0,5.4,29214.0,38276.4,9062.4,50.0,0.0,Brentford,1.0,1.8000000000000003,Crystal Palace,Crystal Palace,0.6,0.0,3.137171788541324,50210.0,2.0,6.274343577082648
jamie_bynoe_gittens,2,0,MID,Chelsea,5,1,0,0,4,0,0,3,0.8800000000000001,0.0,0.0,0.0,0.0,0.0,0.0,0.0,0.0,0.0,0.0,0.0,0.0,0.0,0.0,0.0,0.0,0.0,0.0,0.0,0.0,0.0,0.0,-301.2,162.6,463.79999999999995,60.0,0.0,Brighton,3.6,3.0,Brentford,Brentford,1.8000000000000003,1.8000000000000003,0.5353468618896056,,0.8160505338800367,0.4368700924560149
jan_paul_van_hecke,2,1,DEF,Spurs,17,1,0,0,3,0,0,3,1.48,0.0,0.0,6.6,0.0,9.339999999999998,0.03,0.096,0.066,1.98,2.4000000000000004,0.0,5.7,27.240000000000002,90.0,0.0,0.0,0.0,0.0,0.0,1.0,20.6,1.0,-37298.4,21962.399999999998,59260.799999999996,50.0,0.0,Newcastle,0.0,0.0,Aston Villa,Aston Villa,0.0,0.0,2.746971243975409,14970.0,2.0,5.493942487950818
jannik_schuster,2,0,DEF,Brentford,13,0,0,0,3,0,0,2,0.68,0.0,0.0,0.0,0.0,0.0,0.0,0.0,0.0,0.0,0.0,0.0,0.0,0.0,0.0,0.0,0.0,0.0,0.0,0.0,0.0,0.0,0.0,-638.4,85.2,723.6,45.0,0.0,Leeds,1.8000000000000003,1.8000000000000003,Chelsea,Chelsea,3.6,3.0,0.5805324522764062,,0.9866060043360756,0.5727568031278486
jaouen_hadjam,2,0,DEF,Brighton,6,0,0,0,3,0,0,4,1.7,0.0,0.0,0.0,0.0,0.0,0.0,0.0,0.0,0.0,0.0,0.0,0.0,0.0,0.0,0.0,0.0,0.0,0.0,0.0,0.0,0.0,0.0,952.0,1006.0,54.0,45.0,0.0,Chelsea,3.4,1.2000000000000002,Arsenal,Arsenal,1.8000000000000003,3.0,0.6041712167741748,,0.9561954234344535,0.5777057524502911
jarrad_branthwaite,2,4,DEF,Everton,3,0,0,0,3,0,0,3,4.0,0.0,0.0,14.4,0.4,1.22,0.01,0.064,0.054,2.08,0.6,0.0,4.42,21.0,90.0,0.0,0.0,0.0,0.0,0.0,1.0,22.200000000000003,4.800000000000001,6111.0,11461.8,5350.8,55.0,0.0,Bournemouth,1.4,1.8000000000000003,Ipswich Town,Ipswich Town,2.0,1.2000000000000002,3.9509339380121973,61014.0,1.6711719532637075,6.602689986403716
jason_steele,2,0,GK,Brighton,6,0,0,0,3,0,0,4,0.4,0.0,0.0,0.0,0.0,0.0,0.0,0.0,0.0,0.0,0.0,0.0,0.0,0.0,0.0,0.0,0.0,0.0,0.0,0.0,0.0,0.0,0.0,-1998.0,6428.4,8426.4,40.0,0.0,Chelsea,3.4,1.2000000000000002,Arsenal,Arsenal,1.8000000000000003,3.0,0.4591970050155898,,0.7999999999999999,0.3673576040124718
jay_dasilva,2,2,DEF,Coventry City,11,1,0,0,2,0,0,2,1.2999999999999998,0.0,0.0,7.4,0.0,5.9,0.038,0.14600000000000002,0.108,1.184,1.8000000000000003,0.0,3.12,14.64,90.0,0.0,0.0,0.0,0.0,0.0,1.0,10.2,1.6,-498.0,1934.3999999999999,2432.4,40.0,0.0,Hull City,0.0,0.0,Nott'm Forest,Nott'm Forest,1.2,0.6,2.4738255301124097,,1.5645027639790947,3.8703068794629143
jaydee_canvot,2,0,DEF,Crystal Palace,15,1,0,0,3,0,0,5,1.1800000000000002,0.0,0.0,3.0,0.0,2.58,0.004,0.024,0.020000000000000004,1.774,3.2,0.0,2.9,24.64,90.0,0.0,0.0,0.0,0.0,0.0,1.0,2.0,0.4,-1920.0,492.59999999999997,2412.6,50.0,0.0,Man City,0.6,0.0,Leeds,Leeds,1.0,1.8000000000000003,2.3595916676393762,,0.5445641600643888,1.2849490545829674
jayden_bogle,2,2,DEF,Leeds,4,1,0,0,2,0,0,3,3.08,0.0,0.0,15.0,0.4,7.220000000000001,0.006,0.006,0.0,0.708,0.6,0.0,2.3600000000000003,13.96,76.19999999999999,0.0,0.0,0.0,0.0,0.0,1.0,2.4,3.6000000000000005,1680.6,3555.0,1874.3999999999999,45.0,0.0,Brentford,1.0,1.8000000000000003,Crystal Palace,Crystal Palace,0.6,0.0,2.3206613038366646,,2.0,4.641322607673329
jayden_danns,2,0,FWD,Liverpool,18,1,0,0,4,0,0,3,0.0,0.0,0.0,0.0,0.0,0.0,0.0,0.0,0.0,0.0,0.0,0.0,0.0,0.0,0.0,0.0,0.0,0.0,0.0,0.0,0.0,0.0,0.0,-151.79999999999998,185.4,337.2,45.0,0.0,Nott'm Forest,2.0,1.0,Bournemouth,Bournemouth,1.0,0.6,0.062051501178332025,,0.553090404678166,0.03432008989761135
jayden_lienou,2,0,DEF,Leeds,4,1,0,0,2,0,0,3,0.4,0.0,0.0,0.0,0.0,0.0,0.0,0.0,0.0,0.0,0.0,0.0,0.0,0.0,0.0,0.0,0.0,0.0,0.0,0.0,0.0,0.0,0.0,701.4,892.8,191.4,40.0,0.0,Brentford,1.0,1.8000000000000003,Crystal Palace,Crystal Palace,0.6,0.0,0.12111037391554791,,2.0,0.24222074783109582
jean_philippe_mateta,2,0,FWD,Crystal Palace,15,1,0,0,3,0,0,5,1.44,0.0,0.0,-1.2000000000000002,0.0,4.920000000000001,0.008,0.288,0.27999999999999997,0.392,0.8,0.0,1.0,0.5599999999999999,24.8,0.0,0.0,0.0,0.0,0.0,0.4,4.4,0.8,-29089.2,14370.6,43459.799999999996,65.0,0.0,Man City,0.6,0.0,Leeds,Leeds,1.0,1.8000000000000003,1.433877134372727,79641.0,0.5,0.7169385671863635
jefferson_lerma_solis,2,0,MID,Crystal Palace,15,1,0,0,3,0,0,5,0.6000000000000001,0.0,0.0,0.0,0.0,0.0,0.0,0.0,0.0,0.0,0.0,0.0,0.0,0.0,0.0,0.0,0.0,0.0,0.0,0.0,0.0,0.0,0.0,-747.6,122.39999999999999,870.0,50.0,0.0,Man City,0.6,0.0,Leeds,Leeds,1.0,1.8000000000000003,0.30049618922523735,,0.5651568807099125,0.16982748896775077
jens_hjerto_dahl,2,0,MID,Hull City,7,0,0,0,2,0,0,2,0.6000000000000001,0.0,0.0,0.0,0.0,0.0,0.0,0.0,0.0,0.0,0.0,0.0,0.0,0.0,0.0,0.0,0.0,0.0,0.0,0.0,0.0,0.0,0.0,-397.2,184.2,581.4,50.0,0.0,Coventry City,1.4,3.0,Newcastle,Newcastle,2.0,2.1999999999999997,0.3201991193381153,,0.8159075950022852,0.2612528933810113
jenson_seelt,2,0,DEF,Sunderland,10,1,0,0,2,0,0,3,0.68,0.0,0.0,0.0,0.0,0.0,0.0,0.0,0.0,0.0,0.0,0.0,0.0,0.0,0.0,0.0,0.0,0.0,0.0,0.0,0.0,0.0,0.0,-41.4,34.8,76.2,45.0,0.0,Fulham,1.0,1.7999999999999998,Man City,Man City,3.2,3.0,0.538442624364765,,0.6124701478197468,0.32978003373714004
jeremie_frimpong,2,1,DEF,Liverpool,18,1,0,0,4,0,0,3,1.3,0.0,0.0,6.6,0.0,23.4,0.048,0.052000000000000005,0.004,1.97,2.0,0.0,4.3,13.120000000000001,78.0,0.0,0.0,0.0,0.0,0.0,1.0,6.4,0.6,-5429.4,14712.0,20141.399999999998,55.0,0.4,Nott'm Forest,2.0,1.0,Bournemouth,Bournemouth,1.0,0.6,2.1189556667571057,14969.0,1.0804752028226836,2.2894790538116587
jeremy_doku,2,0,MID,Man City,8,0,0,0,5,0,0,3,0.0,0.0,0.0,0.0,0.0,0.0,0.0,0.0,0.0,0.0,0.0,0.0,0.0,0.0,0.0,0.0,0.0,0.0,0.0,0.0,0.0,0.0,0.0,-41712.6,296.4,42009.0,75.0,0.0,Crystal Palace,3.2,3.0,Sunderland,Sunderland,1.0,1.7999999999999998,0.7961977649736357,79641.0,1.1380853327068272,0.9061409982504524
jeremy_jacquet,2,3,DEF,Liverpool,18,1,0,0,4,0,0,3,2.08,0.0,0.0,11.4,0.0,13.82,0.038,0.038,0.0,1.754,2.0,0.0,3.84,23.44,73.2,0.0,0.0,0.0,0.0,0.0,1.0,1.2,2.1999999999999997,2733.6,13627.199999999999,10893.6,50.0,0.0,Nott'm Forest,2.0,1.0,Bournemouth,Bournemouth,1.0,0.6,2.2825833645174756,14973.0,1.0804752028226836,2.466274723736703
jeremy_monga,2,0,MID,Man City,8,0,0,0,5,0,0,3,0.6000000000000001,0.0,0.0,0.0,0.0,0.0,0.0,0.0,0.0,0.0,0.0,0.0,0.0,0.0,0.0,0.0,0.0,0.0,0.0,0.0,0.0,0.0,0.0,-124.19999999999999,45.6,169.79999999999998,50.0,0.0,Crystal Palace,3.2,3.0,Sunderland,Sunderland,1.0,1.7999999999999998,0.2515615994054421,,1.1380853327068272,0.28629856655560415
jesurun_rak_sakyi,2,0,MID,Crystal Palace,15,1,0,0,3,0,0,5,0.6000000000000001,0.0,0.0,0.0,0.0,0.0,0.0,0.0,0.0,0.0,0.0,0.0,0.0,0.0,0.0,0.0,0.0,0.0,0.0,0.0,0.0,0.0,0.0,-30.599999999999998,23.4,54.0,50.0,0.0,Man City,0.6,0.0,Leeds,Leeds,1.0,1.8000000000000003,0.30049618922523735,,0.5651568807099125,0.16982748896775077
joachim_andersen,2,1,DEF,Fulham,20,0,0,0,3,0,0,2,0.3,0.0,0.0,2.4,0.0,7.74,0.024,0.024,0.0,1.212,0.6,0.0,1.9799999999999998,10.68,54.0,0.0,0.0,0.0,0.0,0.0,0.6,1.2,0.6,1010.4,1388.3999999999999,378.0,50.0,0.6,Sunderland,0.8,0.0,Man Utd,Man Utd,3.0,1.7999999999999998,1.724885462494734,,2.0,3.449770924989468
joao_gomes,2,0,MID,Aston Villa,1,1,0,0,3,0,0,5,0.0,0.0,0.0,-0.8,0.0,4.4,0.004,0.004,0.0,1.032,1.6,0.0,0.48,0.4,15.600000000000001,0.0,0.0,0.0,0.4,0.0,0.4,0.0,-0.8,-1037.3999999999999,92.39999999999999,1129.8,55.0,0.0,Arsenal,0.0,0.0,Spurs,Spurs,0.0,0.0,-0.6380842924833587,,0.5418244247865784,-0.3457296547401467
joao_pedro_junqueira_de_jesus,2,9,FWD,Chelsea,5,1,0,0,4,0,0,3,6.96,1.0,2.0,44.4,0.0,22.700000000000003,0.048,1.038,0.99,1.3780000000000001,2.5999999999999996,1.0,11.7,52.16,90.0,0.6,0.0,0.0,0.0,0.0,1.0,42.4,9.8,226213.8,243112.8,16899.0,75.6,0.0,Brighton,3.6,3.0,Brentford,Brentford,1.8000000000000003,1.8000000000000003,5.899360758408967,61014.0,2.0,11.798721516817935
joao_pedro_loureiro_da_costa,2,0,DEF,Brighton,6,0,0,0,3,0,0,4,0.98,0.0,0.0,2.2,0.0,0.94,0.0,0.048,0.048,0.064,0.0,0.0,1.1199999999999999,3.28,16.4,0.0,0.0,0.0,0.0,0.0,0.0,7.2,0.4,35.4,171.0,135.6,45.0,0.6,Chelsea,3.4,1.2000000000000002,Arsenal,Arsenal,1.8000000000000003,3.0,1.6735004713656707,,0.9561954234344535,1.600193491835255
joao_victor_de_souza_menezes,2,0,DEF,Spurs,17,1,0,0,3,0,0,3,0.4,0.0,0.0,0.0,0.0,0.0,0.0,0.0,0.0,0.0,0.0,0.0,0.0,0.0,0.0,0.0,0.0,0.0,0.0,0.0,0.0,0.0,0.0,-900.6,715.8,1616.3999999999999,40.0,0.0,Newcastle,0.0,0.0,Aston Villa,Aston Villa,0.0,0.0,0.016183699602691615,,2.0,0.03236739920538323
joe_gelhardt,2,0,MID,Hull City,7,0,0,0,2,0,0,2,0.0,0.0,0.0,0.0,0.0,0.0,0.0,0.0,0.0,0.0,0.0,0.0,0.0,0.0,0.0,0.0,0.0,0.0,0.0,0.0,0.0,0.0,0.0,-145.79999999999998,27.0,172.79999999999998,50.0,0.0,Coventry City,1.4,3.0,Newcastle,Newcastle,2.0,2.1999999999999997,0.2635287264538695,,0.8159075950022852,0.21501508941499173
joe_gomez,2,0,DEF,Liverpool,18,1,0,0,4,0,0,3,0.0,0.0,0.0,0.0,0.0,0.0,0.0,0.0,0.0,0.0,0.0,0.0,0.0,0.0,0.0,0.0,0.0,0.0,0.0,0.0,0.0,0.0,0.0,-198.0,47.4,245.39999999999998,50.0,0.0,Nott'm Forest,2.0,1.0,Bournemouth,Bournemouth,1.0,0.6,0.4610754297376205,,1.0804752028226836,0.4981805684623115
joe_rodon,2,1,DEF,Leeds,4,1,0,0,2,0,0,3,2.7800000000000002,0.0,0.0,10.8,0.4,5.94,0.024,0.036,0.012,0.474,0.0,0.0,2.02,10.92,55.8,0.0,0.0,0.0,0.0,0.0,1.0,3.2,3.0000000000000004,5415.599999999999,12960.0,7544.4,45.0,0.0,Brentford,1.0,1.8000000000000003,Crystal Palace,Crystal Palace,0.6,0.0,1.3137189275884513,,2.0,2.6274378551769026
joe_willock,2,3,MID,Newcastle,19,0,0,0,3,0,0,3,3.3,0.0,0.0,11.200000000000001,0.6,8.14,0.08,0.158,0.078,1.044,0.4,0.4,2.7399999999999998,15.36,55.6,0.0,0.0,0.0,0.0,0.0,0.6,8.4,4.2,4098.599999999999,5257.8,1159.2,50.0,0.0,Spurs,2.0,2.1999999999999997,Hull City,Hull City,1.4,3.0,2.67863354525904,,0.5490748081379055,1.4707701999348652
joel_drakes_thomas,2,0,MID,Crystal Palace,15,1,0,0,3,0,0,5,0.4,0.0,0.0,0.0,0.0,0.0,0.0,0.0,0.0,0.0,0.0,0.0,0.0,0.0,0.0,0.0,0.0,0.0,0.0,0.0,0.0,0.0,0.0,-353.4,239.39999999999998,592.8,45.0,0.0,Man City,0.6,0.0,Leeds,Leeds,1.0,1.8000000000000003,0.1613447465733342,,0.5651568807099125,0.09118509369231691
joel_latibeaudiere,2,0,DEF,Coventry City,11,1,0,0,2,0,0,2,0.4,0.0,0.0,0.0,0.0,0.0,0.0,0.0,0.0,0.0,0.0,0.0,0.0,0.0,0.0,0.0,0.0,0.0,0.0,0.0,0.0,0.0,0.0,-156.0,96.0,252.0,40.0,0.0,Hull City,0.0,0.0,Nott'm Forest,Nott'm Forest,1.2,0.6,0.10110062220888838,,1.5645027639790947,0.15817220288581213
joel_piroe,2,0,FWD,Leeds,4,1,0,0,2,0,0,3,0.0,0.0,0.0,0.0,0.0,0.0,0.0,0.0,0.0,0.0,0.0,0.0,0.0,0.0,0.0,0.0,0.0,0.0,0.0,0.0,0.0,0.0,0.0,-3210.6,0.0,3210.6,50.0,0.0,Brentford,1.0,1.8000000000000003,Crystal Palace,Crystal Palace,0.6,0.0,0.0879001282317633,,2.0,0.1758002564635266
joelinton_cassio_apolinario_de_lira,2,0,MID,Newcastle,19,0,0,0,3,0,0,3,0.0,0.0,0.0,0.0,0.0,0.0,0.0,0.0,0.0,0.0,0.0,0.0,0.0,0.0,0.0,0.0,0.0,0.0,0.0,0.0,0.0,0.0,0.0,-612.0,28.799999999999997,640.8,55.0,0.0,Spurs,2.0,2.1999999999999997,Hull City,Hull City,1.4,3.0,0.3544571532820495,,0.5490748081379055,0.19462349343144952
johan_manzambi,2,0,MID,Aston Villa,1,1,0,0,3,0,0,5,0.0,0.0,0.0,0.0,0.0,0.0,0.0,0.0,0.0,0.0,0.0,0.0,0.0,0.0,0.0,0.0,0.0,0.0,0.0,0.0,0.0,0.0,0.0,-5134.8,139.2,5274.0,60.0,0.0,Arsenal,0.0,0.0,Spurs,Spurs,0.0,0.0,0.4599700333353258,,0.5418244247865784,0.24922299873097623
john_egan,2,9,DEF,Hull City,7,0,0,0,2,0,0,2,5.5,0.0,0.6,25.8,1.0,0.28,0.0,0.0,0.0,1.5060000000000002,0.0,0.0,3.28,31.64,90.0,0.0,0.0,0.0,0.0,0.0,1.0,0.8,8.6,19038.0,25762.2,6724.2,40.0,0.0,Coventry City,1.4,3.0,Newcastle,Newcastle,2.0,2.1999999999999997,3.39732482169493,,1.1544457181047378,3.922027093416654
john_mcginn,2,1,MID,Aston Villa,1,1,0,0,3,0,0,5,1.4,0.0,0.0,4.4,0.0,8.16,0.034,0.08,0.046,2.072,2.2,0.0,1.22,0.6400000000000001,86.4,0.0,0.0,0.0,0.0,0.0,1.0,6.4,1.0,-22228.2,4563.599999999999,26791.8,55.0,1.0,Arsenal,0.0,0.0,Spurs,Spurs,0.0,0.0,2.555695296564149,,0.5418244247865784,1.384738133990634
john_victor_maciel_furtado,2,0,GK,Nott'm Forest,14,0,0,0,3,0,0,4,0.76,0.0,0.0,0.0,0.0,0.0,0.0,0.0,0.0,0.0,0.0,0.0,0.0,0.0,0.0,0.0,0.0,0.0,0.0,0.0,0.0,0.0,0.0,-172.79999999999998,106.8,279.59999999999997,45.0,0.0,Liverpool,1.2,0.6,Coventry City,Coventry City,0.0,0.0,-0.18004911663278533,,2.0,-0.36009823326557067
jonah_kusi_asare,2,0,FWD,Fulham,20,0,0,0,3,0,0,2,0.4,0.0,0.0,0.0,0.0,0.0,0.0,0.0,0.0,0.0,0.0,0.0,0.0,0.0,0.0,0.0,0.0,0.0,0.0,0.0,0.0,0.0,0.0,-12353.4,14212.8,26566.2,45.0,0.0,Sunderland,0.8,0.0,Man Utd,Man Utd,3.0,1.7999999999999998,0.039607720338248775,,1.018719861754322,0.04034917138738464
jordan_henderson,2,0,MID,Chelsea,5,1,0,0,4,0,0,3,0.44000000000000006,0.0,0.0,0.0,0.0,0.0,0.0,0.0,0.0,0.0,0.0,0.0,0.0,0.0,0.0,0.0,0.0,0.0,0.0,0.0,0.0,0.0,0.0,-286.2,128.4,414.59999999999997,50.0,0.0,Brighton,3.6,3.0,Brentford,Brentford,1.8000000000000003,1.8000000000000003,0.25326595039351596,,0.8160505338800367,0.2066778140322636
jordan_pickford,2,3,GK,Everton,3,0,0,0,3,0,0,3,4.32,0.0,0.0,26.8,0.4,0.0,0.008,0.008,0.0,2.08,0.6,0.0,3.2,31.68,90.0,0.0,0.0,0.0,0.0,4.0,1.0,0.0,4.6,21209.399999999998,38123.4,16914.0,55.0,0.0,Bournemouth,1.4,1.8000000000000003,Ipswich Town,Ipswich Town,2.0,1.2000000000000002,3.174709845876793,14973.0,1.3333333333333333,4.232946461169057
jorge_cuenca_barreno,2,0,DEF,Fulham,20,0,0,0,3,0,0,2,1.58,0.0,0.0,2.8000000000000003,0.0,8.520000000000001,0.012,0.012,0.0,0.8960000000000001,1.2000000000000002,0.0,2.16,13.12,36.0,0.0,0.0,0.0,0.0,0.0,0.4,0.0,1.2000000000000002,313.2,468.59999999999997,155.4,45.0,0.0,Sunderland,0.8,0.0,Man Utd,Man Utd,3.0,1.7999999999999998,1.6099587640203916,,2.0,3.2199175280407832
jorgen_strand_larsen,2,2,FWD,Crystal Palace,15,1,0,0,3,0,0,5,1.7,0.0,0.0,9.0,0.0,1.58,0.004,0.134,0.13,1.2619999999999998,1.7999999999999998,0.0,1.48,3.52,48.0,0.0,0.0,0.0,0.0,0.0,0.6,9.200000000000001,1.6,-3756.6,906.0,4662.599999999999,60.0,0.0,Man City,0.6,0.0,Leeds,Leeds,1.0,1.8000000000000003,2.1500994633194876,,0.5,1.0750497316597438
jorrel_hato,2,4,DEF,Chelsea,5,1,0,0,4,0,0,3,2.18,0.6,0.0,9.2,0.0,17.34,0.048,0.052,0.004,1.266,2.5999999999999996,0.0,4.34,21.36,79.6,0.0,0.0,0.0,0.0,0.0,1.0,4.4,2.8,-75.6,2614.7999999999997,2690.4,45.0,0.0,Brighton,3.6,3.0,Brentford,Brentford,1.8000000000000003,1.8000000000000003,2.6936046281802204,,0.68566995056119,1.8469237522357242
josh_acheampong,2,1,DEF,Chelsea,5,1,0,0,4,0,0,3,1.88,0.0,0.0,4.6000000000000005,0.0,0.9400000000000002,0.004,0.004,0.0,0.616,1.4,0.0,1.8400000000000003,17.0,49.2,0.0,0.0,0.0,0.0,0.0,0.4,0.8,1.8000000000000003,2958.6,4839.0,1880.3999999999999,45.0,0.0,Brighton,3.6,3.0,Brentford,Brentford,1.8000000000000003,1.8000000000000003,2.658997845594666,,0.68566995056119,1.8231949213312053
josh_dasilva,2,0,MID,Brentford,13,0,0,0,3,0,0,2,0.6000000000000001,0.0,0.0,0.0,0.0,0.0,0.0,0.0,0.0,0.0,0.0,0.0,0.0,0.0,0.0,0.0,0.0,0.0,0.0,0.0,0.0,0.0,0.0,-113.39999999999999,98.39999999999999,211.79999999999998,50.0,0.0,Leeds,1.8000000000000003,1.8000000000000003,Chelsea,Chelsea,3.6,3.0,0.3628777837970367,,1.7671128467890753,0.6412459935620921
josh_eccles,2,0,MID,Coventry City,11,1,0,0,2,0,0,2,0.6000000000000001,0.0,0.0,0.0,0.0,0.0,0.0,0.0,0.0,0.0,0.0,0.0,0.0,0.0,0.0,0.0,0.0,0.0,0.0,0.0,0.0,0.0,0.0,-138.0,41.4,179.4,50.0,0.0,Hull City,0.0,0.0,Nott'm Forest,Nott'm Forest,1.2,0.6,0.3152446956361228,,0.6381415502063241,0.20117073876755623
josh_king,2,2,MID,Fulham,20,0,0,0,3,0,0,2,3.5,0.0,0.0,18.400000000000002,0.0,8.94,0.034,0.384,0.35,2.108,1.8000000000000003,0.4,6.08,23.0,90.0,0.0,0.0,0.0,0.0,0.0,1.0,29.0,4.0,18311.399999999998,20809.8,2498.4,55.0,0.0,Sunderland,0.8,0.0,Man Utd,Man Utd,3.0,1.7999999999999998,3.6957421315456163,,0.5,1.8478710657728081
joshua_zirkzee,2,0,FWD,Man Utd,12,1,0,0,4,0,0,2,0.7200000000000001,0.0,0.0,0.0,0.0,0.0,0.0,0.0,0.0,0.0,0.0,0.0,0.0,0.0,0.0,0.0,0.0,0.0,0.0,0.0,0.0,0.0,0.0,-6651.599999999999,1227.0,7878.599999999999,55.0,0.0,Ipswich Town,3.0,1.7999999999999998,Fulham,Fulham,0.8,0.0,0.2977725316268316,,2.0,0.5955450632536632
josko_gvardiol,2,5,DEF,Man City,8,0,0,0,5,0,0,3,5.2,0.6,0.4,22.0,0.0,23.8,0.044000000000000004,0.12,0.07600000000000001,0.656,1.0,0.4,6.72,35.6,80.4,0.0,0.0,0.0,0.0,0.0,1.0,8.0,6.6,115836.59999999999,137050.8,21214.2,55.0,0.0,Crystal Palace,3.2,3.0,Sunderland,Sunderland,1.0,1.7999999999999998,3.614451048095483,14971.0,1.4780656828949934,5.342396056693775
juanlu_sanchez,2,0,DEF,Bournemouth,9,1,0,0,3,0,0,3,0.68,0.0,0.0,0.0,0.0,0.0,0.0,0.0,0.0,0.0,0.0,0.0,0.0,0.0,0.0,0.0,0.0,0.0,0.0,0.0,0.0,0.0,0.0,-607.8,271.2,879.0,45.0,0.0,Everton,1.0,0.6,Liverpool,Liverpool,2.0,1.0,0.4034118442793888,,0.7643953130520396,0.308366122996844
jules_ahoka,2,0,MID,Sunderland,10,1,0,0,2,0,0,3,1.0,0.0,0.0,0.0,0.0,0.0,0.0,0.0,0.0,0.0,0.0,0.0,0.0,0.0,0.0,0.0,0.0,0.0,0.0,0.0,0.0,0.0,0.0,2077.0,2475.0,398.0,45.0,0.0,Fulham,1.0,1.7999999999999998,Man City,Man City,3.2,3.0,0.2840986569281514,,0.9154895962231887,0.26008936471870353
julian_araujo_zuniga,2,0,DEF,Bournemouth,9,1,0,0,3,0,0,3,0.0,0.0,0.0,0.0,0.0,0.0,0.0,0.0,0.0,0.0,0.0,0.0,0.0,0.0,0.0,0.0,0.0,0.0,0.0,0.0,0.0,0.0,0.0,-250.79999999999998,52.8,303.59999999999997,45.0,0.0,Everton,1.0,0.6,Liverpool,Liverpool,2.0,1.0,0.32297302333194633,,0.7643953130520396,0.24687906527718678
julio_enciso,2,5,MID,Ipswich Town,16,0,0,0,2,0,0,4,3.8,1.0,0.0,24.6,0.0,13.04,0.31,0.642,0.332,3.114,3.4,0.0,5.46,21.72,82.0,0.0,0.0,0.0,0.0,0.0,1.0,19.8,5.0,7929.0,10601.4,2672.4,55.0,0.0,Man Utd,2.0,1.2000000000000002,Everton,Everton,1.4,1.8000000000000003,3.477588857229727,,0.7982745554351512,2.776070698991296
julio_soler_barreto,2,0,DEF,Bournemouth,9,1,0,0,3,0,0,3,0.32000000000000006,0.0,0.0,0.0,0.0,0.0,0.0,0.0,0.0,0.0,0.0,0.0,0.0,0.0,0.0,0.0,0.0,0.0,0.0,0.0,0.0,0.0,0.0,-1206.6,249.6,1456.2,40.0,0.0,Everton,1.0,0.6,Liverpool,Liverpool,2.0,1.0,0.1842706696709533,,0.7643953130520396,0.1408556362294373
jun'ai_byfield,2,0,DEF,Spurs,17,1,0,0,3,0,0,3,0.4,0.0,0.0,0.0,0.0,0.0,0.0,0.0,0.0,0.0,0.0,0.0,0.0,0.0,0.0,0.0,0.0,0.0,0.0,0.0,0.0,0.0,0.0,-143.4,191.4,334.8,40.0,0.0,Newcastle,0.0,0.0,Aston Villa,Aston Villa,0.0,0.0,0.016183699602691615,,2.0,0.03236739920538323
junior_kroupi,2,0,MID,Bournemouth,9,1,0,0,3,0,0,3,0.0,0.0,0.0,0.0,0.0,0.0,0.0,0.0,0.0,0.0,0.0,0.0,0.0,0.0,0.0,0.0,0.0,0.0,0.0,0.0,0.0,0.0,0.0,-7767.599999999999,277.2,8044.799999999999,75.0,0.0,Everton,1.0,0.6,Liverpool,Liverpool,2.0,1.0,0.8664904178168092,,1.3571479619946285,1.1759557046279567
jurrien_timber,2,0,DEF,Arsenal,2,0,0,0,5,0,0,3,0.0,0.0,0.0,0.0,0.0,0.0,0.0,0.0,0.0,0.0,0.0,0.0,0.0,0.0,0.0,0.0,0.0,0.0,0.0,0.0,0.0,0.0,0.0,-1621.8,240.6,1862.3999999999999,65.0,0.0,Aston Villa,1.8000000000000003,3.0,Brighton,Brighton,3.4,1.2000000000000002,1.199119403171444,,0.894485666072681,1.0725951180464848
justin_devenny,2,0,MID,Crystal Palace,15,1,0,0,3,0,0,5,0.6000000000000001,0.0,0.0,0.0,0.0,0.0,0.0,0.0,0.0,0.0,0.0,0.0,0.0,0.0,0.0,0.0,0.0,0.0,0.0,0.0,0.0,0.0,0.0,-64.2,41.4,105.6,50.0,0.0,Man City,0.6,0.0,Leeds,Leeds,1.0,1.8000000000000003,0.30049618922523735,,0.5651568807099125,0.16982748896775077
justin_kluivert,2,3,MID,Bournemouth,9,1,0,0,3,0,0,3,2.6799999999999997,0.0,0.0,13.2,1.0,21.86,0.03,0.44,0.41,1.778,0.0,0.0,7.380000000000001,11.120000000000001,77.6,0.0,0.0,0.0,0.0,0.0,1.0,41.0,3.0,4038.6,9792.6,5754.0,60.0,0.0,Everton,1.0,0.6,Liverpool,Liverpool,2.0,1.0,3.6878102313950594,14969.0,1.3571479619946285,5.004904139760744
kaden_braithwaite,2,1,DEF,Man City,8,0,0,0,5,0,0,3,1.0,0.0,0.0,3.0,0.0,0.8,0.0,0.0,0.0,0.0,0.0,0.0,0.1,0.6,1.0,0.0,0.0,0.0,0.0,0.0,0.0,0.0,1.0,0.0,0.0,0.0,40.0,0.0,Crystal Palace,3.2,3.0,Sunderland,Sunderland,1.0,1.7999999999999998,0.7875255691003241,,1.4780656828949934,1.164014518089539
kai_andrews,2,0,MID,Coventry City,11,1,0,0,2,0,0,2,0.0,0.0,0.0,0.0,0.0,0.0,0.0,0.0,0.0,0.0,0.0,0.0,0.0,0.0,0.0,0.0,0.0,0.0,0.0,0.0,0.0,0.0,0.0,-4618.0,2576.0,7194.0,45.0,0.0,Hull City,0.0,0.0,Nott'm Forest,Nott'm Forest,1.2,0.6,0.13831299106138917,,0.6381415502063241,0.08826326652958834
kai_havertz,2,2,FWD,Arsenal,2,0,0,0,5,0,0,3,3.36,0.0,0.0,16.6,1.0,7.32,0.03,0.146,0.116,0.278,0.0,0.4,4.74,16.320000000000004,90.0,0.0,0.0,0.0,0.0,0.0,1.0,23.799999999999997,3.6000000000000005,89269.8,112564.8,23295.0,75.0,0.0,Aston Villa,1.8000000000000003,3.0,Brighton,Brighton,3.4,1.2000000000000002,4.1833258879166255,14972.0,1.582233621954325,6.6189988714536145
kaine_andrews,1,0,MID,Coventry City,1,0,0,0,2,0,0,4,1.0,0.0,0.0,0.0,0.0,0.0,0.0,0.0,0.0,0.0,0.0,0.0,0.0,0.0,0.0,0.0,0.0,0.0,0.0,0.0,0.0,0.0,0.0,0.0,0.0,0.0,45.0,0.0,Arsenal,0.0,0.0,Nott'm Forest,Nott'm Forest,1.2,0.6,0.23276364586846565,,0.6381415502063241,0.14853615380617852
kaine_kesler_hayden,2,0,DEF,Coventry City,11,1,0,0,2,0,0,2,0.4,0.0,0.0,0.0,0.0,0.0,0.0,0.0,0.0,0.0,0.0,0.0,0.0,0.0,0.0,0.0,0.0,0.0,0.0,0.0,0.0,0.0,0.0,-349.2,100.8,450.0,40.0,0.0,Hull City,0.0,0.0,Nott'm Forest,Nott'm Forest,1.2,0.6,0.10110062220888838,,1.5645027639790947,0.15817220288581213
kalvin_phillips,2,0,MID,Man City,8,0,0,0,5,0,0,3,0.0,0.0,0.0,0.0,0.0,0.0,0.0,0.0,0.0,0.0,0.0,0.0,0.0,0.0,0.0,0.0,0.0,0.0,0.0,0.0,0.0,0.0,0.0,-183.0,0.0,183.0,50.0,0.0,Crystal Palace,3.2,3.0,Sunderland,Sunderland,1.0,1.7999999999999998,0.1948912065211963,,1.1380853327068272,0.22180282361531065
karl_darlow,2,0,GK,Man Utd,12,1,0,0,4,0,0,2,0.5599999999999999,0.0,0.0,0.0,0.0,0.0,0.0,0.0,0.0,0.0,0.0,0.0,0.0,0.0,0.0,0.0,0.0,0.0,0.0,0.0,0.0,0.0,0.0,-9.0,145.2,154.2,45.0,0.0,Ipswich Town,3.0,1.7999999999999998,Fulham,Fulham,0.8,0.0,0.14578993228461257,,1.0666666666666667,0.15550926110358673
kasey_mcateer,2,1,MID,Ipswich Town,16,0,0,0,2,0,0,4,1.0,0.0,0.0,3.4,0.0,0.52,0.0,0.0,0.0,0.12,0.0,0.0,0.12,0.6,13.8,0.0,0.0,0.0,0.0,0.0,0.0,0.0,1.0,-3570.0,3369.0,6939.0,45.0,0.0,Man Utd,2.0,1.2000000000000002,Everton,Everton,1.4,1.8000000000000003,1.2028914646762687,,0.7982745554351512,0.9602376492011864
kaye_furo,2,0,FWD,Brentford,13,0,0,0,3,0,0,2,0.4,0.0,0.0,0.0,0.0,0.0,0.0,0.0,0.0,0.0,0.0,0.0,0.0,0.0,0.0,0.0,0.0,0.0,0.0,0.0,0.0,0.0,0.0,-151.2,4914.599999999999,5065.8,45.0,0.0,Leeds,1.8000000000000003,1.8000000000000003,Chelsea,Chelsea,3.6,3.0,0.0747329600800326,,0.5417985158935409,0.0404902068596929
kayne_van_oevelen,2,0,GK,Ipswich Town,16,0,0,0,2,0,0,4,0.76,0.0,0.0,0.0,0.0,0.0,0.0,0.0,0.0,0.0,0.0,0.0,0.0,0.0,0.0,0.0,0.0,0.0,0.0,0.0,0.0,0.0,0.0,-349.8,32.4,382.2,45.0,0.0,Man Utd,2.0,1.2000000000000002,Everton,Everton,1.4,1.8000000000000003,0.3243963599379529,,0.8888888888888888,0.288352319944847
keane_lewis_potter,2,6,MID,Brentford,13,0,0,0,3,0,0,2,5.6,0.6,1.4,32.2,0.4,25.32,0.126,0.44600000000000006,0.32000000000000006,1.104,0.6,0.4,7.6,41.92,88.19999999999999,0.0,0.0,0.0,0.0,0.0,1.0,8.8,7.6,27495.6,31525.199999999997,4029.6,55.0,0.0,Leeds,1.8000000000000003,1.8000000000000003,Chelsea,Chelsea,3.6,3.0,3.4236384752388047,,1.7671128467890753,6.049955532355853
kenny_tete,2,0,DEF,Fulham,20,0,0,0,3,0,0,2,0.68,0.0,0.0,0.0,0.0,0.0,0.0,0.0,0.0,0.0,0.0,0.0,0.0,0.0,0.0,0.0,0.0,0.0,0.0,0.0,0.0,0.0,0.0,-1033.8,202.79999999999998,1236.6,45.0,0.0,Sunderland,0.8,0.0,Man Utd,Man Utd,3.0,1.7999999999999998,0.45889909497974646,,2.0,0.9177981899594929
kepa_arrizabalaga_revuelta,2,0,GK,Arsenal,2,0,0,0,5,0,0,3,1.04,0.0,0.0,0.0,0.0,0.0,0.0,0.0,0.0,0.0,0.0,0.0,0.0,0.0,0.0,0.0,0.0,0.0,0.0,0.0,0.0,0.0,0.0,-640.1999999999999,193.2,833.4,50.0,0.0,Aston Villa,1.8000000000000003,3.0,Brighton,Brighton,3.4,1.2000000000000002,0.8150086199901062,,1.5999999999999999,1.30401379198417
kevin_danso,2,0,DEF,Spurs,17,1,0,0,3,0,0,3,0.8800000000000001,0.0,0.0,0.0,0.0,0.0,0.0,0.0,0.0,0.0,0.0,0.0,0.0,0.0,0.0,0.0,0.0,0.0,0.0,0.0,0.0,0.0,0.0,-847.1999999999999,612.0,1459.2,50.0,0.0,Newcastle,0.0,0.0,Aston Villa,Aston Villa,0.0,0.0,0.42607587672046554,,2.0,0.8521517534409311
kevin_santos_lopes_de_macedo,2,1,MID,Fulham,20,0,0,0,3,0,0,2,1.4,0.0,0.0,2.0,0.0,1.66,0.028,0.028,0.0,0.114,0.0,0.0,0.33999999999999997,2.08,11.0,0.0,0.0,0.0,0.0,0.0,0.0,0.0,1.0,-265.8,251.39999999999998,517.1999999999999,55.0,0.0,Sunderland,0.8,0.0,Man Utd,Man Utd,3.0,1.7999999999999998,1.489803230976205,,0.5,0.7449016154881025
kevin_schade,2,10,MID,Brentford,13,0,0,0,3,0,0,2,4.78,0.0,1.7999999999999998,27.2,0.4,11.379999999999999,0.016,0.374,0.358,1.104,0.6,0.6,8.86,33.12,88.19999999999999,0.0,0.0,0.0,0.0,0.0,1.0,44.0,7.2,-474.59999999999997,14998.8,15473.4,60.0,0.0,Leeds,1.8000000000000003,1.8000000000000003,Chelsea,Chelsea,3.6,3.0,3.8373941860583853,14973.0,1.7671128467890753,6.7811085643774796
kieran_dowell,2,0,MID,Hull City,7,0,0,0,2,0,0,2,0.4,0.0,0.0,0.0,0.0,0.0,0.0,0.0,0.0,0.0,0.0,0.0,0.0,0.0,0.0,0.0,0.0,0.0,0.0,0.0,0.0,0.0,0.0,-1525.2,1029.6,2554.7999999999997,45.0,0.0,Coventry City,1.4,3.0,Newcastle,Newcastle,2.0,2.1999999999999997,0.18104767668621213,,0.8159075950022852,0.14771817446579863
kiernan_dewsbury_hall,2,2,MID,Everton,3,0,0,0,3,0,0,3,4.82,0.0,1.2000000000000002,30.4,0.4,42.699999999999996,0.164,0.248,0.08399999999999999,2.064,0.6,0.4,8.78,28.759999999999998,90.0,0.0,0.0,0.0,0.0,0.0,1.0,16.2,5.6000000000000005,63417.6,79588.2,16170.599999999999,65.0,0.0,Bournemouth,1.4,1.8000000000000003,Ipswich Town,Ipswich Town,2.0,1.2000000000000002,3.702272496493216,15210.0,1.4932401567199587,5.528381962883523
kim_ji_soo,2,0,DEF,Brentford,13,0,0,0,3,0,0,2,0.68,0.0,0.0,0.0,0.0,0.0,0.0,0.0,0.0,0.0,0.0,0.0,0.0,0.0,0.0,0.0,0.0,0.0,0.0,0.0,0.0,0.0,0.0,-51.6,67.2,118.8,45.0,0.0,Leeds,1.8000000000000003,1.8000000000000003,Chelsea,Chelsea,3.6,3.0,0.5805324522764062,,0.9866060043360756,0.5727568031278486
kjell_scherpen,2,2,GK,Ipswich Town,16,0,0,0,2,0,0,4,1.96,0.0,0.0,10.2,0.0,0.0,0.006,0.006,0.0,3.1259999999999994,3.4,0.0,3.32,33.6,90.0,0.0,0.0,0.0,0.0,4.3999999999999995,1.0,0.0,2.0,-1348.2,797.4,2145.6,45.0,0.0,Man Utd,2.0,1.2000000000000002,Everton,Everton,1.4,1.8000000000000003,2.153221369634926,,0.8888888888888888,1.9139745507866008
kobbie_mainoo,2,4,MID,Man Utd,12,1,0,0,4,0,0,2,2.3,0.0,0.0,17.8,0.0,5.32,0.166,0.27799999999999997,0.11200000000000002,0.664,0.6,0.0,2.1399999999999997,10.239999999999998,56.6,0.0,0.0,0.0,0.0,0.0,0.6,6.199999999999999,2.8,-6139.8,2076.0,8215.8,55.0,0.0,Ipswich Town,3.0,1.7999999999999998,Fulham,Fulham,0.8,0.0,3.0023278851597945,,1.7414873164264433,5.228515931759209
konstantinos_tzolakis,2,10,GK,Hull City,7,0,0,0,2,0,0,2,6.76,0.0,3.0,35.6,1.0,0.0,0.0,0.0,0.0,1.5060000000000002,0.0,0.0,2.96,29.560000000000002,90.0,0.0,0.0,0.0,0.0,3.8,1.0,0.0,10.0,53733.0,61182.0,7449.0,45.0,0.0,Coventry City,1.4,3.0,Newcastle,Newcastle,2.0,2.1999999999999997,3.9745801611330176,,2.0,7.949160322266035
kosta_nedeljkovic,2,0,DEF,Aston Villa,1,1,0,0,3,0,0,5,0.0,0.0,0.0,0.0,0.0,0.0,0.0,0.0,0.0,0.0,0.0,0.0,0.0,0.0,0.0,0.0,0.0,0.0,0.0,0.0,0.0,0.0,0.0,-4342.8,0.0,4342.8,40.0,0.0,Arsenal,0.0,0.0,Spurs,Spurs,0.0,0.0,-0.031133253895804014,,1.019811857517635,-0.03175006148604804
kostas_tsimikas,2,1,DEF,Liverpool,18,1,0,0,4,0,0,3,1.1800000000000002,0.0,0.0,2.4,0.0,0.78,0.006,0.03,0.024,0.042,0.0,0.0,0.84,2.16,11.4,0.0,0.0,0.0,0.0,0.0,0.0,5.3999999999999995,0.6,-385.8,203.4,589.1999999999999,50.0,0.0,Nott'm Forest,2.0,1.0,Bournemouth,Bournemouth,1.0,0.6,1.3644765320808325,,1.0804752028226836,1.4742830577468296
kristoffer_ajer,2,3,DEF,Brentford,13,0,0,0,3,0,0,2,3.98,0.0,0.0,15.8,0.4,12.959999999999999,0.014,0.058,0.044000000000000004,1.104,0.6,0.0,5.8999999999999995,30.679999999999996,90.0,0.0,0.0,0.0,0.0,0.0,1.0,15.2,5.0,33645.6,41986.799999999996,8341.199999999999,45.0,0.6,Leeds,1.8000000000000003,1.8000000000000003,Chelsea,Chelsea,3.6,3.0,4.225003284290176,,0.9866060043360756,4.168413608620328
lamare_bogarde,2,0,MID,Aston Villa,1,1,0,0,3,0,0,5,0.9000000000000001,0.0,0.0,1.2000000000000002,0.0,0.2,0.0,0.0,0.0,0.08800000000000001,0.0,0.0,0.12,0.8800000000000001,6.4,0.0,0.0,0.0,0.0,0.0,0.0,0.0,0.4,-209.4,381.59999999999997,591.0,50.0,0.0,Arsenal,0.0,0.0,Spurs,Spurs,0.0,0.0,0.7298745666188912,,0.5418244247865784,0.39546386722463395
leif_davis,2,6,DEF,Ipswich Town,16,0,0,0,2,0,0,4,2.8,0.0,0.0,4.6,0.0,9.739999999999998,0.076,0.4,0.324,3.1259999999999994,3.4,0.6,7.4399999999999995,34.28,90.0,0.0,0.0,0.0,0.0,0.0,1.0,30.0,4.3999999999999995,-8380.8,4393.2,12774.0,40.0,0.0,Man Utd,2.0,1.2000000000000002,Everton,Everton,1.4,1.8000000000000003,2.431624439244357,,0.757793241045387,1.8426685648201533
leny_yoro,2,1,DEF,Man Utd,12,1,0,0,4,0,0,2,1.1800000000000002,0.0,0.0,-1.2,0.0,1.08,0.006,0.006,0.0,0.6,0.6,0.0,0.24,1.08,9.6,0.0,0.0,0.0,0.0,0.0,0.0,0.0,0.6,-5524.8,921.5999999999999,6446.4,50.0,0.0,Ipswich Town,3.0,1.7999999999999998,Fulham,Fulham,0.8,0.0,1.1331387567893674,,1.201629651190209,1.3616131290709146
leo_fuhr_hjelde,2,0,DEF,Sunderland,10,1,0,0,2,0,0,3,0.0,0.0,0.0,0.0,0.0,0.0,0.0,0.0,0.0,0.0,0.0,0.0,0.0,0.0,0.0,0.0,0.0,0.0,0.0,0.0,0.0,0.0,0.0,-594.0,0.0,594.0,40.0,0.0,Fulham,1.0,1.7999999999999998,Man City,Man City,3.2,3.0,0.281447886957533,,0.6124701478197468,0.17237842892843563
leo_shahar,2,0,DEF,Newcastle,19,0,0,0,3,0,0,3,0.4,0.0,0.0,0.0,0.0,0.0,0.0,0.0,0.0,0.0,0.0,0.0,0.0,0.0,0.0,0.0,0.0,0.0,0.0,0.0,0.0,0.0,0.0,2008.8,2395.7999999999997,387.0,40.0,0.0,Spurs,2.0,2.1999999999999997,Hull City,Hull City,1.4,3.0,0.2448378373203175,,1.727760094109817,0.4230210448501958
leon_bailey,2,0,MID,Aston Villa,1,1,0,0,3,0,0,5,0.8,0.0,0.0,0.0,0.0,0.0,0.0,0.0,0.0,0.0,0.0,0.0,0.0,0.0,0.0,0.0,0.0,0.0,0.0,0.0,0.0,0.0,0.0,-993.0,601.1999999999999,1594.2,55.0,0.0,Arsenal,0.0,0.0,Spurs,Spurs,0.0,0.0,0.41526924549049915,,0.5418244247865784,0.22500302006944614
leon_goretzka,2,0,MID,Aston Villa,1,1,0,0,3,0,0,5,2.2,0.0,0.0,0.0,0.0,0.0,0.0,0.0,0.0,0.0,0.0,0.0,0.0,0.0,0.0,0.0,0.0,0.0,0.0,0.0,0.0,0.0,0.0,205.0,212.0,7.0,60.0,0.0,Arsenal,0.0,0.0,Spurs,Spurs,0.0,0.0,0.6677614739108941,,0.5418244247865784,0.36180947649640804
levi_samuels_colwill,2,1,DEF,Chelsea,5,1,0,0,4,0,0,3,1.1800000000000002,0.0,0.0,3.6000000000000005,0.0,0.8800000000000001,0.012,0.016,0.004,1.318,2.0,0.0,1.44,10.32,78.6,0.0,0.0,0.0,0.0,0.0,1.0,2.8000000000000003,0.6,-4324.8,6342.599999999999,10667.4,50.0,0.4,Brighton,3.6,3.0,Brentford,Brentford,1.8000000000000003,1.8000000000000003,2.2848041384531594,14971.0,0.68566995056119,1.56662154065518
lewie_coyle,2,0,DEF,Hull City,7,0,0,0,2,0,0,2,2.1999999999999997,0.0,0.0,10.4,0.4,4.7,0.004,0.004,0.0,1.1179999999999999,0.0,0.0,0.98,5.08,54.6,0.0,0.0,0.0,0.0,0.0,1.0,0.0,2.4000000000000004,-1474.8,1573.8,3048.6,40.0,0.6,Coventry City,1.4,3.0,Newcastle,Newcastle,2.0,2.1999999999999997,0.8110009707736812,,1.1544457181047378,0.9362565980884618
lewis_cook,2,3,MID,Bournemouth,9,1,0,0,3,0,0,3,2.4,0.0,0.0,11.0,1.0,8.52,0.006,0.006,0.0,1.778,0.0,0.0,1.3,4.119999999999999,70.8,0.0,0.0,0.0,0.0,0.0,1.0,0.0,3.0,931.1999999999999,1955.3999999999999,1024.2,50.0,0.0,Everton,1.0,0.6,Liverpool,Liverpool,2.0,1.0,2.2851125186338597,,1.3571479619946285,3.1012357975923552
lewis_dunk,2,-1,DEF,Brighton,6,0,0,0,3,0,0,4,2.18,0.0,0.0,7.200000000000001,0.4,3.7600000000000007,0.022,0.022,0.0,1.874,2.4,0.0,1.82,14.240000000000002,90.0,0.0,0.0,0.0,0.0,0.0,1.0,0.0,1.8000000000000003,4819.8,8005.799999999999,3186.0,45.0,0.6,Chelsea,3.4,1.2000000000000002,Arsenal,Arsenal,1.8000000000000003,3.0,2.325151644387942,,0.9561954234344535,2.223299361154844
lewis_hall,2,11,DEF,Newcastle,19,0,0,0,3,0,0,3,5.08,0.0,1.7999999999999998,34.4,0.6,22.46,0.32599999999999996,0.344,0.018,1.8639999999999999,0.8,0.0,5.680000000000001,32.2,90.0,0.0,0.0,0.0,0.0,0.0,1.0,2.4,7.8,19959.0,31620.6,11661.6,50.0,0.0,Spurs,2.0,2.1999999999999997,Hull City,Hull City,1.4,3.0,3.7682257560114767,14973.0,1.727760094109817,6.510590086833425
lewis_koumas,2,0,MID,Liverpool,18,1,0,0,4,0,0,3,0.9000000000000001,0.0,0.0,1.6,0.0,0.2,0.0,0.012,0.012,0.192,0.0,0.0,0.36000000000000004,0.48,4.800000000000001,0.0,0.0,0.0,0.0,0.0,0.0,2.8000000000000003,0.4,-32.4,93.6,126.0,50.0,0.0,Nott'm Forest,2.0,1.0,Bournemouth,Bournemouth,1.0,0.6,0.7104403195155573,,0.9301694539500102,0.6608298840678567
lewis_miley,2,3,MID,Newcastle,19,0,0,0,3,0,0,3,2.5999999999999996,0.0,0.0,14.8,0.6,17.38,0.028,0.048,0.020000000000000004,1.448,0.4,0.0,3.16,12.96,84.0,0.0,0.0,0.0,0.0,0.0,1.0,1.2000000000000002,3.0,514.1999999999999,834.6,320.4,55.0,0.4,Spurs,2.0,2.1999999999999997,Hull City,Hull City,1.4,3.0,3.1309854945175237,,0.5490748081379055,1.7191452596847747
liam_delap,2,1,FWD,Nott'm Forest,14,0,0,0,3,0,0,4,1.02,0.0,0.0,5.3999999999999995,0.0,6.06,0.0,0.042,0.042,0.198,0.6,0.0,1.26,2.4,14.399999999999999,0.0,0.0,0.0,0.0,0.0,0.0,4.2,0.6,105.0,4644.0,4539.0,55.0,0.0,Liverpool,1.2,0.6,Coventry City,Coventry City,0.0,0.0,1.4343888757831833,14974.0,0.5,0.7171944378915917
liam_kitching,2,0,DEF,Coventry City,11,1,0,0,2,0,0,2,0.4,0.0,0.0,0.0,0.0,0.0,0.0,0.0,0.0,0.0,0.0,0.0,0.0,0.0,0.0,0.0,0.0,0.0,0.0,0.0,0.0,0.0,0.0,-2559.6,312.0,2871.6,40.0,0.0,Hull City,0.0,0.0,Nott'm Forest,Nott'm Forest,1.2,0.6,0.10110062220888838,,1.5645027639790947,0.15817220288581213
liam_millar,2,6,MID,Hull City,7,0,0,0,2,0,0,2,2.4,0.0,0.0,15.2,0.0,0.6,0.0,0.348,0.348,0.388,0.0,0.6,3.04,21.2,26.2,0.0,0.0,0.0,0.0,0.0,0.0,8.6,3.5999999999999996,-409.2,183.0,592.1999999999999,50.0,0.4,Coventry City,1.4,3.0,Newcastle,Newcastle,2.0,2.1999999999999997,2.276648103765147,,0.8159075950022852,1.857534479009534
lisandro_martinez,2,1,DEF,Man Utd,12,1,0,0,4,0,0,2,1.1800000000000002,0.0,0.0,1.2,0.0,1.08,0.036,0.054,0.018,1.236,1.2,0.0,0.6,2.88,54.0,0.0,0.0,0.0,0.0,0.0,0.6,1.7999999999999998,0.6,-7680.0,4065.0,11745.0,50.0,0.0,Ipswich Town,3.0,1.7999999999999998,Fulham,Fulham,0.8,0.0,1.6437670216222635,,1.201629651190209,1.975199192829929
loum_tchaouna,2,1,MID,Coventry City,11,1,0,0,2,0,0,2,1.7,0.0,0.0,8.600000000000001,0.0,13.5,0.086,0.132,0.046,0.7160000000000001,1.2000000000000002,0.0,2.3,4.92,67.19999999999999,0.0,0.0,0.0,0.0,0.0,1.0,4.2,1.4,786.6,1657.2,870.6,55.0,0.0,Hull City,0.0,0.0,Nott'm Forest,Nott'm Forest,1.2,0.6,1.9633133456336593,,0.6381415502063241,1.252871821923428
luc_de_fougerolles,2,0,DEF,Fulham,20,0,0,0,3,0,0,2,0.4,0.0,0.0,0.0,0.0,0.0,0.0,0.0,0.0,0.0,0.0,0.0,0.0,0.0,0.0,0.0,0.0,0.0,0.0,0.0,0.0,0.0,0.0,1546.2,1830.6,284.4,40.0,0.0,Sunderland,0.8,0.0,Man Utd,Man Utd,3.0,1.7999999999999998,0.24922131107100998,,2.0,0.49844262214201995
luca_netz,2,1,DEF,Nott'm Forest,14,0,0,0,3,0,0,4,1.28,0.0,0.0,2.2,0.0,0.36000000000000004,0.0,0.0,0.0,0.052000000000000005,0.4,0.0,0.16,1.2,8.8,0.0,0.0,0.0,0.0,0.0,0.0,0.0,1.0,-105.6,67.2,172.79999999999998,45.0,0.0,Liverpool,1.2,0.6,Coventry City,Coventry City,0.0,0.0,1.1362707004825139,,2.0,2.2725414009650278
luca_williams_barnett,2,0,MID,Spurs,17,1,0,0,3,0,0,3,0.4,0.0,0.0,0.0,0.0,0.0,0.0,0.0,0.0,0.0,0.0,0.0,0.0,0.0,0.0,0.0,0.0,0.0,0.0,0.0,0.0,0.0,0.0,1231.2,1581.6,350.4,45.0,0.0,Newcastle,0.0,0.0,Aston Villa,Aston Villa,0.0,0.0,0.13696636018669262,,0.6538786453494989,0.08955937805732611
lucas_bergvall,2,0,MID,Spurs,17,1,0,0,3,0,0,3,1.1,0.0,0.0,0.8,0.0,0.8,0.004,0.004,0.0,0.68,0.8,0.0,0.0,0.0,18.0,0.0,0.0,0.0,0.0,0.0,0.4,0.8,0.4,-938.4,381.0,1319.3999999999999,55.0,0.0,Newcastle,0.0,0.0,Aston Villa,Aston Villa,0.0,0.0,0.49256733292882204,,0.6538786453494989,0.32207926039891377
lucas_digne,2,0,DEF,Aston Villa,1,1,0,0,3,0,0,5,0.0,0.0,0.0,0.0,0.0,0.0,0.0,0.0,0.0,0.0,0.0,0.0,0.0,0.0,0.0,0.0,0.0,0.0,0.0,0.0,0.0,0.0,0.0,-2986.2,0.0,2986.2,45.0,0.0,Arsenal,0.0,0.0,Spurs,Spurs,0.0,0.0,0.14542266256398562,,1.019811857517635,0.1483037556345384
lucas_estella_perri,2,0,GK,Leeds,4,1,0,0,2,0,0,3,0.76,0.0,0.0,0.0,0.0,0.0,0.0,0.0,0.0,0.0,0.0,0.0,0.0,0.0,0.0,0.0,0.0,0.0,0.0,0.0,0.0,0.0,0.0,-3018.6,196.79999999999998,3215.4,45.0,0.0,Brentford,1.0,1.8000000000000003,Crystal Palace,Crystal Palace,0.6,0.0,0.014138332818533828,,2.0,0.028276665637067655
lucas_gourna_douath,2,1,MID,Hull City,7,0,0,0,2,0,0,2,0.9000000000000001,0.0,0.0,3.5999999999999996,0.0,0.54,0.006,0.006,0.0,0.12,0.0,0.0,0.84,7.68,27.0,0.0,0.0,0.0,0.0,0.0,0.0,0.0,0.6,-106.8,81.0,187.79999999999998,50.0,0.0,Coventry City,1.4,3.0,Newcastle,Newcastle,2.0,2.1999999999999997,1.53858837402752,,0.8159075950022852,1.25534593995127
lucas_herrington,2,1,DEF,Hull City,7,0,0,0,2,0,0,2,1.0,0.0,0.0,3.4,0.0,0.12,0.0,0.0,0.0,0.504,0.0,0.0,0.5,5.0,29.0,0.0,0.0,0.0,0.0,0.0,0.0,0.0,1.0,-498.59999999999997,1662.6,2161.2,40.0,0.0,Coventry City,1.4,3.0,Newcastle,Newcastle,2.0,2.1999999999999997,1.6282299727474085,,1.1544457181047378,1.8797031201280399
luka_lynch,2,0,MID,Aston Villa,1,1,0,0,3,0,0,5,0.4,0.0,0.0,0.0,0.0,0.0,0.0,0.0,0.0,0.0,0.0,0.0,0.0,0.0,0.0,0.0,0.0,0.0,0.0,0.0,0.0,0.0,0.0,1662.6,2161.7999999999997,499.2,45.0,0.0,Arsenal,0.0,0.0,Spurs,Spurs,0.0,0.0,0.13696636018669262,,0.5418244247865784,0.07421171932326605
luka_vuskovic,2,0,DEF,Brighton,6,0,0,0,3,0,0,4,2.6799999999999997,0.0,0.0,6.4,0.4,6.78,0.024,0.094,0.07,1.874,2.4,0.0,3.3200000000000003,18.64,90.0,0.0,0.0,0.0,0.0,0.0,1.0,7.800000000000001,2.4000000000000004,5303.4,12711.6,7408.2,50.0,0.0,Chelsea,3.4,1.2000000000000002,Arsenal,Arsenal,1.8000000000000003,3.0,2.737216287804549,50210.0,0.9561954234344535,2.617313687348954
lukas_hornicek,2,7,GK,Newcastle,19,0,0,0,3,0,0,3,3.44,0.0,0.0,24.0,0.6,0.0,0.0,0.0,0.0,1.8639999999999999,0.8,0.0,3.74,37.24,90.0,0.0,0.0,0.0,0.0,4.4,1.0,0.0,4.6000000000000005,767.4,3322.2,2554.7999999999997,50.0,0.4,Spurs,2.0,2.1999999999999997,Hull City,Hull City,1.4,3.0,3.0347617327924237,14972.0,1.0666666666666667,3.2370791816452518
lukas_nmecha,2,4,FWD,Leeds,4,1,0,0,2,0,0,3,1.92,0.6,0.0,10.799999999999999,0.0,12.18,0.0,0.06,0.06,0.558,0.0,0.0,2.6999999999999997,10.92,12.6,0.0,0.0,0.0,0.0,0.0,0.0,3.5999999999999996,2.4,-4576.2,1150.2,5726.4,55.0,0.0,Brentford,1.0,1.8000000000000003,Crystal Palace,Crystal Palace,0.6,0.0,1.3277169414083034,,2.0,2.655433882816607
luke_o'nien,2,0,DEF,Sunderland,10,1,0,0,2,0,0,3,0.7,0.0,0.0,0.4,0.0,0.5599999999999999,0.004,0.008,0.004,0.676,0.4,0.0,0.68,4.5600000000000005,26.400000000000002,0.0,0.0,0.0,0.0,0.0,0.4,1.6,0.4,-7762.2,2761.2,10523.4,40.0,0.4,Fulham,1.0,1.7999999999999998,Man City,Man City,3.2,3.0,0.8501577176049282,,0.6124701478197468,0.520696222971589
luke_shaw,2,2,DEF,Man Utd,12,1,0,0,4,0,0,2,1.58,0.0,0.0,12.399999999999999,0.0,24.640000000000004,0.116,0.116,0.0,1.04,1.4,0.0,5.04,21.119999999999997,79.19999999999999,0.0,0.0,0.0,0.0,0.0,1.0,4.800000000000001,1.6,-44497.2,25756.2,70253.4,45.0,0.0,Ipswich Town,3.0,1.7999999999999998,Fulham,Fulham,0.8,0.0,2.374798945004087,14969.0,1.201629651190209,2.8536288279321376
luke_woolfenden,2,0,DEF,Coventry City,11,1,0,0,2,0,0,2,0.4,0.0,0.0,0.0,0.0,0.0,0.0,0.0,0.0,0.0,0.0,0.0,0.0,0.0,0.0,0.0,0.0,0.0,0.0,0.0,0.0,0.0,0.0,-769.1999999999999,567.6,1336.8,40.0,0.0,Hull City,0.0,0.0,Nott'm Forest,Nott'm Forest,1.2,0.6,0.10110062220888838,,1.5645027639790947,0.15817220288581213
macauley_zepa,2,0,MID,Fulham,20,0,0,0,3,0,0,2,1.0,0.0,0.0,0.0,0.0,0.0,0.0,0.0,0.0,0.0,0.0,0.0,0.0,0.0,0.0,0.0,0.0,0.0,0.0,0.0,0.0,0.0,0.0,0.0,0.0,0.0,45.0,0.0,Sunderland,0.8,0.0,Man Utd,Man Utd,3.0,1.7999999999999998,0.276203146553762,,0.5,0.138101573276881
malick_thiaw,2,6,DEF,Newcastle,19,0,0,0,3,0,0,3,3.58,0.0,0.0,15.0,0.6,0.98,0.012,0.012,0.0,1.8639999999999999,0.8,0.0,2.0,19.2,90.0,0.0,0.0,0.0,0.0,0.0,1.0,0.0,4.8,5340.0,11878.8,6538.8,50.0,0.0,Spurs,2.0,2.1999999999999997,Hull City,Hull City,1.4,3.0,2.9360132514873944,14974.0,1.727760094109817,5.072726531697531
malick_yalcouye,2,8,MID,Brighton,6,0,0,0,3,0,0,4,3.0999999999999996,0.0,0.6,24.599999999999998,0.0,13.14,0.1,0.52,0.42,1.698,1.7999999999999998,0.6,6.9,30.719999999999995,45.4,0.0,0.0,0.0,0.0,0.0,0.6,25.2,5.2,2032.1999999999998,2603.4,571.1999999999999,45.0,0.0,Chelsea,3.4,1.2000000000000002,Arsenal,Arsenal,1.8000000000000003,3.0,2.1979419724476936,,0.817801162420519,1.7974795000005723
malo_gusto,2,1,DEF,Chelsea,5,1,0,0,4,0,0,3,1.48,0.0,0.0,0.20000000000000007,0.0,4.340000000000001,0.018000000000000002,0.018000000000000002,0.0,1.29,2.5999999999999996,0.0,1.46,7.5600000000000005,84.0,0.0,0.0,0.0,0.0,0.0,1.0,2.4000000000000004,1.0,1426.8,7995.0,6568.2,50.0,0.0,Brighton,3.6,3.0,Brentford,Brentford,1.8000000000000003,1.8000000000000003,2.7355493077907105,,0.68566995056119,1.8756839586305538
mamadou_sangare,2,4,MID,Brentford,13,0,0,0,3,0,0,2,6.199999999999999,0.8,1.2000000000000002,26.0,0.4,23.9,0.15,0.29600000000000004,0.14600000000000002,1.064,0.6,0.0,6.62,27.28,84.0,0.0,0.0,0.0,0.0,0.0,1.0,15.0,8.0,252253.19999999998,266257.2,14004.0,55.6,0.0,Leeds,1.8000000000000003,1.8000000000000003,Chelsea,Chelsea,3.6,3.0,4.533968929512063,14974.0,1.7671128467890753,8.012034742283278
mamadou_sarr,2,0,DEF,Chelsea,5,1,0,0,4,0,0,3,0.68,0.0,0.0,0.0,0.0,0.0,0.0,0.0,0.0,0.0,0.0,0.0,0.0,0.0,0.0,0.0,0.0,0.0,0.0,0.0,0.0,0.0,0.0,-326.4,243.0,569.4,45.0,0.0,Brighton,3.6,3.0,Brentford,Brentford,1.8000000000000003,1.8000000000000003,0.5168825519180409,,0.68566995056119,0.35441083381958477
manuel_ugarte_ribeiro,2,0,MID,Man Utd,12,1,0,0,4,0,0,2,0.0,0.0,0.0,0.0,0.0,0.0,0.0,0.0,0.0,0.0,0.0,0.0,0.0,0.0,0.0,0.0,0.0,0.0,0.0,0.0,0.0,0.0,0.0,-38.4,14.399999999999999,52.8,50.0,0.0,Ipswich Town,3.0,1.7999999999999998,Fulham,Fulham,0.8,0.0,0.1859121838055624,,1.7414873164264433,0.32376371006652854
marc_guehi,2,2,DEF,Man City,8,0,0,0,5,0,0,3,4.72,0.0,0.8,19.6,0.0,16.48,0.152,0.508,0.35600000000000004,0.656,1.0,0.4,5.960000000000001,31.96,90.0,0.0,0.0,0.0,0.0,0.0,1.0,11.200000000000001,5.2,84592.2,109647.0,25054.8,60.0,0.0,Crystal Palace,3.2,3.0,Sunderland,Sunderland,1.0,1.7999999999999998,3.6695641268504464,14970.0,1.4780656828949934,5.423856807080175
marc_guiu_paz,2,0,FWD,Chelsea,5,1,0,0,4,0,0,3,0.5599999999999999,0.0,0.0,0.0,0.0,0.0,0.0,0.0,0.0,0.0,0.0,0.0,0.0,0.0,0.0,0.0,0.0,0.0,0.0,0.0,0.0,0.0,0.0,-2380.7999999999997,1306.8,3687.6,50.0,0.0,Brighton,3.6,3.0,Brentford,Brentford,1.8000000000000003,1.8000000000000003,0.2391074318110904,,2.0,0.4782148636221808
marcelino_nunez,2,2,MID,Ipswich Town,16,0,0,0,2,0,0,4,2.4,0.0,0.0,14.0,0.0,10.18,0.024,0.036000000000000004,0.012,1.962,2.1999999999999997,0.0,2.52,12.16,68.2,0.0,0.0,0.0,0.0,0.0,1.0,2.8,2.8,-117.6,718.1999999999999,835.8,50.0,0.0,Man Utd,2.0,1.2000000000000002,Everton,Everton,1.4,1.8000000000000003,2.2762164717065922,,0.7982745554351512,1.8170456920257485
marco_bizot,2,0,GK,Aston Villa,1,1,0,0,3,0,0,5,1.06,0.0,0.0,0.4,0.0,0.0,0.0,0.0,0.0,1.508,1.6,0.0,1.1199999999999999,11.280000000000001,36.0,0.0,0.0,0.0,0.0,1.2000000000000002,0.4,0.0,0.4,-21.599999999999998,507.0,528.6,45.0,0.0,Arsenal,0.0,0.0,Spurs,Spurs,0.0,0.0,0.2791536871142075,,1.8666666666666665,0.5210868826131874
marco_palestra,2,0,DEF,Chelsea,5,1,0,0,4,0,0,3,1.0,0.0,0.0,0.0,0.0,0.0,0.0,0.0,0.0,0.0,0.0,0.0,0.0,0.0,0.0,0.0,0.0,0.0,0.0,0.0,0.0,0.0,0.0,-38986.2,2976.0,41962.2,55.0,0.0,Brighton,3.6,3.0,Brentford,Brentford,1.8000000000000003,1.8000000000000003,0.9078479476364166,,0.68566995056119,0.6224840573729395
marcos_senesi_baron,2,0,DEF,Spurs,17,1,0,0,3,0,0,3,2.0199999999999996,0.0,0.0,4.0,0.0,0.8800000000000001,0.008,0.008,0.0,1.548,1.2000000000000002,0.0,1.56,14.64,36.0,0.0,0.0,0.0,0.0,0.0,0.4,0.0,1.2000000000000002,-28975.8,9565.199999999999,38541.0,60.0,0.0,Newcastle,0.0,0.0,Aston Villa,Aston Villa,0.0,0.0,1.6624440338385007,14974.0,2.0,3.3248880676770014
marcus_bettinelli,2,0,GK,Man City,8,0,0,0,5,0,0,3,0.76,0.0,0.0,0.0,0.0,0.0,0.0,0.0,0.0,0.0,0.0,0.0,0.0,0.0,0.0,0.0,0.0,0.0,0.0,0.0,0.0,0.0,0.0,-60.599999999999994,81.0,141.6,45.0,0.0,Crystal Palace,3.2,3.0,Sunderland,Sunderland,1.0,1.7999999999999998,0.5423815543193196,,0.6666666666666666,0.36158770287954634
marcus_rashford,2,2,MID,Man Utd,12,1,0,0,4,0,0,2,1.9,0.0,0.0,13.799999999999999,0.0,40.019999999999996,0.07,0.226,0.156,0.672,0.6,0.0,9.040000000000001,14.239999999999998,65.4,0.0,0.0,0.0,0.0,0.0,0.6,36.4,1.6,-4208.4,9038.4,13246.8,70.0,0.0,Ipswich Town,3.0,1.7999999999999998,Fulham,Fulham,0.8,0.0,3.6745512928140602,14972.0,1.7414873164264433,6.399184469994076
marcus_tavernier,2,1,MID,Bournemouth,9,1,0,0,3,0,0,3,4.18,0.0,1.2000000000000002,24.8,0.0,29.859999999999996,0.158,0.372,0.21400000000000002,2.004,1.4,0.4,6.84,25.0,90.0,0.0,0.0,0.0,0.0,0.0,1.0,13.8,4.6,44865.6,52324.2,7458.599999999999,60.0,0.6,Everton,1.0,0.6,Liverpool,Liverpool,2.0,1.0,3.3108808587801137,15210.0,1.3571479619946285,4.493355209900456
mark_gillespie,2,0,GK,Newcastle,19,0,0,0,3,0,0,3,0.76,0.0,0.0,0.0,0.0,0.0,0.0,0.0,0.0,0.0,0.0,0.0,0.0,0.0,0.0,0.0,0.0,0.0,0.0,0.0,0.0,0.0,0.0,-41.4,97.2,138.6,45.0,0.0,Spurs,2.0,2.1999999999999997,Hull City,Hull City,1.4,3.0,0.5890749165537574,,1.0666666666666667,0.6283465776573413
mark_travers,2,0,GK,Everton,3,0,0,0,3,0,0,3,1.04,0.0,0.0,0.0,0.0,0.0,0.0,0.0,0.0,0.0,0.0,0.0,0.0,0.0,0.0,0.0,0.0,0.0,0.0,0.0,0.0,0.0,0.0,-67.8,174.0,241.79999999999998,50.0,0.0,Bournemouth,1.4,1.8000000000000003,Ipswich Town,Ipswich Town,2.0,1.2000000000000002,0.4943486664457155,,1.3333333333333333,0.659131555260954
martin_dubravka,2,0,GK,Spurs,17,1,0,0,3,0,0,3,0.4,0.0,0.0,0.0,0.0,0.0,0.0,0.0,0.0,0.0,0.0,0.0,0.0,0.0,0.0,0.0,0.0,0.0,0.0,0.0,0.0,0.0,0.0,-17238.6,21051.6,38290.2,40.0,0.0,Newcastle,0.0,0.0,Aston Villa,Aston Villa,0.0,0.0,-0.4513501009990961,,1.5999999999999999,-0.7221601615985537
martin_odegaard,2,3,MID,Arsenal,2,0,0,0,5,0,0,3,5.12,0.0,1.2000000000000002,24.200000000000003,1.0,20.68,0.08200000000000002,0.214,0.132,0.222,0.0,0.4,6.0600000000000005,24.32,72.0,0.0,0.0,0.0,0.0,0.0,1.0,15.4,6.2,151619.4,173735.4,22116.0,65.6,0.0,Aston Villa,1.8000000000000003,3.0,Brighton,Brighton,3.4,1.2000000000000002,3.2812515785861445,14972.0,1.2865546709753855,4.221509545075361
martin_zubimendi_ibanez,2,1,MID,Arsenal,2,0,0,0,5,0,0,3,1.4,0.0,0.0,4.2,0.0,1.46,0.008,0.008,0.0,0.06,0.0,0.0,0.6,4.4,11.8,0.0,0.0,0.0,0.0,0.0,0.0,0.0,1.0,-11407.8,947.4,12355.199999999999,55.0,0.0,Aston Villa,1.8000000000000003,3.0,Brighton,Brighton,3.4,1.2000000000000002,1.446343043205154,,1.2865546709753855,1.8607993980683446
mason_burstow,2,0,FWD,Hull City,7,0,0,0,2,0,0,2,0.0,0.0,0.0,0.0,0.0,0.0,0.0,0.0,0.0,0.0,0.0,0.0,0.0,0.0,0.0,0.0,0.0,0.0,0.0,0.0,0.0,0.0,0.0,-726.0,0.0,726.0,45.0,0.0,Coventry City,1.4,3.0,Newcastle,Newcastle,2.0,2.1999999999999997,0.03596819595823164,,0.5,0.01798409797911582
mason_mount,2,0,MID,Man Utd,12,1,0,0,4,0,0,2,0.4,0.0,0.0,0.0,0.0,0.0,0.0,0.0,0.0,0.0,0.0,0.0,0.0,0.0,0.0,0.0,0.0,0.0,0.0,0.0,0.0,0.0,0.0,-396.0,21.0,417.0,55.0,0.0,Ipswich Town,3.0,1.7999999999999998,Fulham,Fulham,0.8,0.0,0.3439537574188809,,1.7414873164264433,0.5989911059821987
mateo_joseph_fernandez_regatillo,2,0,FWD,Leeds,4,1,0,0,2,0,0,3,0.0,0.0,0.0,0.0,0.0,0.0,0.0,0.0,0.0,0.0,0.0,0.0,0.0,0.0,0.0,0.0,0.0,0.0,0.0,0.0,0.0,0.0,0.0,-435.59999999999997,195.0,630.6,45.0,0.0,Brentford,1.0,1.8000000000000003,Crystal Palace,Crystal Palace,0.6,0.0,-0.00125284471986431,,2.0,-0.00250568943972862
mateo_kovacic,2,1,MID,Man City,8,0,0,0,5,0,0,3,1.4,0.0,0.0,6.6,0.0,2.7,0.01,0.01,0.0,0.04000000000000001,0.0,0.0,0.46,2.08,19.8,0.0,0.0,0.0,0.0,0.0,0.0,0.0,1.0,-276.0,497.4,773.4,55.0,0.0,Crystal Palace,3.2,3.0,Sunderland,Sunderland,1.0,1.7999999999999998,1.6373991281380538,,1.1380853327068272,1.8634999315208658
mateus_fernandes,2,2,MID,Spurs,17,1,0,0,3,0,0,3,1.78,0.0,0.0,17.2,0.0,38.66,0.126,0.132,0.006,1.304,1.6,0.0,5.1,11.280000000000001,72.0,0.0,0.0,0.0,0.0,0.0,0.6,1.4,1.6,-16080.0,2717.4,18797.399999999998,60.0,0.0,Newcastle,0.0,0.0,Aston Villa,Aston Villa,0.0,0.0,2.9963127188908465,,0.6538786453494989,1.9592249016718206
matheus_franca_de_oliveira,2,0,MID,Crystal Palace,15,1,0,0,3,0,0,5,0.6000000000000001,0.0,0.0,0.0,0.0,0.0,0.0,0.0,0.0,0.0,0.0,0.0,0.0,0.0,0.0,0.0,0.0,0.0,0.0,0.0,0.0,0.0,0.0,-418.2,10.2,428.4,50.0,0.0,Man City,0.6,0.0,Leeds,Leeds,1.0,1.8000000000000003,0.30049618922523735,,0.5651568807099125,0.16982748896775077
matheus_nunes,2,0,DEF,Man City,8,0,0,0,5,0,0,3,1.3599999999999999,0.0,0.0,1.6,0.0,0.6000000000000001,0.016,0.016,0.0,0.04000000000000001,0.0,0.0,0.36000000000000004,1.52,13.200000000000001,0.0,0.0,0.0,0.0,0.0,0.0,1.6,0.4,-8677.199999999999,1818.6,10495.8,60.0,0.0,Crystal Palace,3.2,3.0,Sunderland,Sunderland,1.0,1.7999999999999998,1.7780038629893715,14973.0,1.4780656828949934,2.6280064939393215
matheus_santos_carneiro_da_cunha,2,9,MID,Man Utd,12,1,0,0,4,0,0,2,4.42,1.2,0.6,24.2,0.0,27.84,0.174,0.336,0.162,1.04,1.4,0.0,7.32,14.16,79.0,0.0,0.0,0.0,0.0,0.0,1.0,30.8,6.199999999999999,-39661.799999999996,16112.4,55774.2,80.0,0.0,Ipswich Town,3.0,1.7999999999999998,Fulham,Fulham,0.8,0.0,4.292483732816812,14973.0,1.7414873164264433,7.475305976667313
mathias_jensen,2,0,MID,Brentford,13,0,0,0,3,0,0,2,2.5999999999999996,0.4,0.0,8.8,0.4,18.48,0.136,0.168,0.032,0.188,0.0,0.0,2.8800000000000003,5.04,26.400000000000002,0.0,0.0,0.0,0.0,0.0,0.4,5.2,2.4000000000000004,1512.6,2314.7999999999997,802.1999999999999,55.0,0.0,Leeds,1.8000000000000003,1.8000000000000003,Chelsea,Chelsea,3.6,3.0,1.8242129119450243,,1.7671128467890753,3.223590071976561
mathys_tel,2,2,MID,Spurs,17,1,0,0,3,0,0,3,2.08,0.0,0.0,12.8,0.0,12.38,0.041999999999999996,0.15000000000000002,0.10800000000000001,1.836,1.8000000000000003,0.0,4.26,6.4399999999999995,76.19999999999999,0.0,0.0,0.0,0.0,0.0,1.0,24.0,2.0,-3772.2,2504.4,6276.599999999999,60.0,0.0,Newcastle,0.0,0.0,Aston Villa,Aston Villa,0.0,0.0,2.8665696177554643,,0.6538786453494989,1.8743886584579739
mats_wieffer,2,0,DEF,Brighton,6,0,0,0,3,0,0,4,2.9800000000000004,0.0,0.4,16.4,0.4,16.04,0.068,0.12200000000000001,0.05399999999999999,1.85,2.4,0.0,4.0,18.88,78.2,0.0,0.0,0.0,0.0,0.0,1.0,4.800000000000001,2.8000000000000003,6222.599999999999,8056.799999999999,1834.2,50.0,0.0,Chelsea,3.4,1.2000000000000002,Arsenal,Arsenal,1.8000000000000003,3.0,2.106532791666301,,0.9561954234344535,2.0142570147059202
matt_crooks,2,0,MID,Hull City,7,0,0,0,2,0,0,2,1.0,0.0,0.0,3.6,0.4,0.96,0.0,0.0,0.0,0.7320000000000001,0.0,0.0,0.8400000000000001,7.6000000000000005,36.0,0.0,0.0,0.0,0.0,0.0,0.4,0.0,0.8,2670.6,6084.599999999999,3414.0,45.0,0.4,Coventry City,1.4,3.0,Newcastle,Newcastle,2.0,2.1999999999999997,1.0674528464572999,,0.8159075950022852,0.8709428847313191
matt_grimes,2,2,MID,Coventry City,11,1,0,0,2,0,0,2,1.8,0.0,0.0,14.0,0.0,14.02,0.028,0.034,0.006,1.184,1.8000000000000003,0.0,2.9000000000000004,13.879999999999999,90.0,0.0,0.0,0.0,0.0,0.0,1.0,1.2,2.0,404.4,1374.0,969.5999999999999,50.0,0.0,Hull City,0.0,0.0,Nott'm Forest,Nott'm Forest,1.2,0.6,2.651333302693476,,0.6381415502063241,1.6919259438944678
matt_o'riley,2,0,MID,Brighton,6,0,0,0,3,0,0,4,0.8,0.0,0.0,0.0,0.0,0.0,0.0,0.0,0.0,0.0,0.0,0.0,0.0,0.0,0.0,0.0,0.0,0.0,0.0,0.0,0.0,0.0,0.0,-417.59999999999997,393.59999999999997,811.1999999999999,55.0,0.0,Chelsea,3.4,1.2000000000000002,Arsenal,Arsenal,1.8000000000000003,3.0,0.4130246933797326,,0.817801162420519,0.33777207435432377
matt_targett,2,0,DEF,Hull City,7,0,0,0,2,0,0,2,0.7,0.0,0.0,1.2000000000000002,0.0,0.0,0.0,0.0,0.0,0.028000000000000004,0.0,0.0,0.0,0.16000000000000003,2.0,0.0,0.0,0.0,0.0,0.0,0.0,0.0,0.4,-6028.8,3235.7999999999997,9264.6,40.0,0.0,Coventry City,1.4,3.0,Newcastle,Newcastle,2.0,2.1999999999999997,0.551635181279797,,1.1544457181047378,0.6368328729843925
matteo_ruggeri,2,0,DEF,Aston Villa,1,1,0,0,3,0,0,5,0.98,0.0,0.0,1.2000000000000002,0.0,0.0,0.0,0.0,0.0,0.05600000000000001,0.0,0.0,0.16000000000000003,1.6,3.2,0.0,0.0,0.0,0.0,0.0,0.0,0.0,0.4,-145.79999999999998,513.6,659.4,45.0,0.0,Arsenal,0.0,0.0,Spurs,Spurs,0.0,0.0,0.5166054727074467,,1.019811857517635,0.5268403867255571
matthijs_de_ligt,2,0,DEF,Man Utd,12,1,0,0,4,0,0,2,0.0,0.0,0.0,0.0,0.0,0.0,0.0,0.0,0.0,0.0,0.0,0.0,0.0,0.0,0.0,0.0,0.0,0.0,0.0,0.0,0.0,0.0,0.0,-228.6,70.2,298.8,50.0,0.0,Ipswich Town,3.0,1.7999999999999998,Fulham,Fulham,0.8,0.0,0.4810874357062045,,1.201629651190209,0.5780889275596386
matty_cash,2,2,DEF,Aston Villa,1,1,0,0,3,0,0,5,0.98,0.0,0.0,1.5999999999999996,0.0,1.52,0.006,0.096,0.09,2.132,2.2,0.0,1.9,13.200000000000001,82.19999999999999,0.0,0.0,0.0,0.0,0.0,1.0,4.2,0.7999999999999999,-47609.4,16186.8,63796.2,45.0,0.4,Arsenal,0.0,0.0,Spurs,Spurs,0.0,0.0,1.6928626285689021,,1.019811857517635,1.7264013817630381
matty_jacob,2,0,DEF,Hull City,7,0,0,0,2,0,0,2,0.0,0.0,0.0,0.0,0.0,0.0,0.0,0.0,0.0,0.0,0.0,0.0,0.0,0.0,0.0,0.0,0.0,0.0,0.0,0.0,0.0,0.0,0.0,-102.6,34.199999999999996,136.79999999999998,40.0,0.0,Coventry City,1.4,3.0,Newcastle,Newcastle,2.0,2.1999999999999997,0.2326535616222163,,1.1544457181047378,0.2685859080165844
matz_sels,2,1,GK,Nott'm Forest,14,0,0,0,3,0,0,4,1.94,0.0,0.0,8.0,0.0,0.0,0.006,0.006,0.0,1.238,1.6,0.0,1.58,15.64,90.0,0.0,0.0,0.0,0.0,2.0,1.0,0.0,1.4,-5037.599999999999,2010.0,7047.599999999999,50.0,0.0,Liverpool,1.2,0.6,Coventry City,Coventry City,0.0,0.0,3.097835191518578,50210.0,2.0,6.195670383037156
max_alleyne,2,0,DEF,Man City,8,0,0,0,5,0,0,3,0.0,0.0,0.0,0.0,0.0,0.0,0.0,0.0,0.0,0.0,0.0,0.0,0.0,0.0,0.0,0.0,0.0,0.0,0.0,0.0,0.0,0.0,0.0,-214.2,0.0,214.2,50.0,0.0,Crystal Palace,3.2,3.0,Sunderland,Sunderland,1.0,1.7999999999999998,0.55367294291742,,1.4780656828949934,0.8183649764737171
max_dowman,2,0,MID,Arsenal,2,0,0,0,5,0,0,3,0.8,0.0,0.0,0.0,0.0,0.0,0.0,0.0,0.0,0.0,0.0,0.0,0.0,0.0,0.0,0.0,0.0,0.0,0.0,0.0,0.0,0.0,0.0,-1114.2,283.8,1398.0,54.4,0.0,Aston Villa,1.8000000000000003,3.0,Brighton,Brighton,3.4,1.2000000000000002,0.4774163135770524,,1.2865546709753855,0.614222188232406
maxence_lacroix,2,1,DEF,Chelsea,5,1,0,0,4,0,0,3,3.2199999999999998,0.4,0.0,8.2,0.0,4.539999999999999,0.08000000000000002,0.09200000000000001,0.012,1.3780000000000001,2.5999999999999996,0.0,3.42,25.480000000000004,90.0,0.0,0.0,0.0,0.0,0.0,1.0,4.3999999999999995,3.0000000000000004,11229.0,38113.2,26884.2,60.0,0.0,Brighton,3.6,3.0,Brentford,Brentford,1.8000000000000003,1.8000000000000003,4.085639544625982,14974.0,0.68566995056119,2.8014002645745397
maxim_de_cuyper,2,0,DEF,Brighton,6,0,0,0,3,0,0,4,5.779999999999999,0.4,0.8,17.200000000000003,0.4,32.34,0.114,0.7200000000000001,0.606,1.874,2.4,0.4,7.4399999999999995,21.520000000000003,84.8,0.0,0.0,0.0,0.0,0.0,1.0,20.2,6.800000000000001,284304.0,296998.8,12694.8,45.599999999999994,0.0,Chelsea,3.4,1.2000000000000002,Arsenal,Arsenal,1.8000000000000003,3.0,2.4181525531014163,14971.0,0.9561954234344535,2.3122264044419136
melker_ellborg,2,0,GK,Sunderland,10,1,0,0,2,0,0,3,0.76,0.0,0.0,0.0,0.0,0.0,0.0,0.0,0.0,0.0,0.0,0.0,0.0,0.0,0.0,0.0,0.0,0.0,0.0,0.0,0.0,0.0,0.0,-387.0,125.39999999999999,512.4,45.0,0.0,Fulham,1.0,1.7999999999999998,Man City,Man City,3.2,3.0,0.7034080824523813,14974.0,0.9333333333333333,0.6565142102888892
merlin_rohl,2,2,MID,Everton,3,0,0,0,3,0,0,3,2.1,0.0,0.0,12.600000000000001,0.4,6.58,0.03,0.03,0.0,2.08,0.6,0.0,1.8199999999999998,10.56,87.0,0.0,0.0,0.0,0.0,0.0,1.0,0.8,2.4000000000000004,-70.8,310.8,381.59999999999997,50.0,0.0,Bournemouth,1.4,1.8000000000000003,Ipswich Town,Ipswich Town,2.0,1.2000000000000002,2.6145312280999127,,1.4932401567199587,3.90412302079714
michael_kayode,2,2,DEF,Brentford,13,0,0,0,3,0,0,2,5.18,0.0,0.4,19.8,0.4,10.2,0.126,0.338,0.21200000000000002,1.064,0.6,0.4,5.52,22.16,82.19999999999999,0.0,0.0,0.0,0.0,0.0,1.0,23.200000000000003,6.4,173785.8,186481.8,12696.0,45.599999999999994,0.0,Leeds,1.8000000000000003,1.8000000000000003,Chelsea,Chelsea,3.6,3.0,3.41324977245976,79641.0,0.9866060043360756,3.367532719807543
michael_keane,2,0,DEF,Everton,3,0,0,0,3,0,0,3,0.8800000000000001,0.0,0.0,0.0,0.0,0.0,0.0,0.0,0.0,0.0,0.0,0.0,0.0,0.0,0.0,0.0,0.0,0.0,0.0,0.0,0.0,0.0,0.0,-12975.0,1956.0,14931.0,50.0,0.0,Bournemouth,1.4,1.8000000000000003,Ipswich Town,Ipswich Town,2.0,1.2000000000000002,0.6453177290872407,79641.0,1.6711719532637075,1.078436889794424
michael_svoboda,2,0,DEF,Brighton,6,0,0,0,3,0,0,4,0.8800000000000001,0.0,0.0,0.0,0.0,0.0,0.0,0.0,0.0,0.0,0.0,0.0,0.0,0.0,0.0,0.0,0.0,0.0,0.0,0.0,0.0,0.0,0.0,50.4,460.79999999999995,410.4,50.0,0.0,Chelsea,3.4,1.2000000000000002,Arsenal,Arsenal,1.8000000000000003,3.0,0.6837273785620487,,0.9561954234344535,0.6537769902578671
michele_di_gregorio,2,0,GK,Bournemouth,9,1,0,0,3,0,0,3,2.0,0.0,0.0,0.0,0.0,0.0,0.0,0.0,0.0,0.0,0.0,0.0,0.0,0.0,0.0,0.0,0.0,0.0,0.0,0.0,0.0,0.0,0.0,214.0,241.0,27.0,45.0,0.0,Everton,1.0,0.6,Liverpool,Liverpool,2.0,1.0,0.16533661146013867,,0.5,0.08266830573006934
micky_van_de_ven,2,0,DEF,Spurs,17,1,0,0,3,0,0,3,0.0,0.0,0.0,3.0,0.0,1.26,0.012,0.012,0.0,0.432,1.2,0.0,1.02,9.12,54.0,0.0,0.0,0.0,0.0,0.0,0.6,0.0,0.0,-69797.4,5024.4,74821.8,50.0,0.6,Newcastle,0.0,0.0,Aston Villa,Aston Villa,0.0,0.0,1.6319155231680336,50210.0,2.0,3.263831046336067
miguel_brau,2,0,DEF,Coventry City,11,1,0,0,2,0,0,2,0.4,0.0,0.0,0.0,0.0,0.0,0.0,0.0,0.0,0.0,0.0,0.0,0.0,0.0,0.0,0.0,0.0,0.0,0.0,0.0,0.0,0.0,0.0,-49.199999999999996,153.6,202.79999999999998,40.0,0.0,Hull City,0.0,0.0,Nott'm Forest,Nott'm Forest,1.2,0.6,0.10110062220888838,,1.5645027639790947,0.15817220288581213
mike_penders,2,0,GK,Chelsea,5,1,0,0,4,0,0,3,0.76,0.0,0.0,0.0,0.0,0.0,0.0,0.0,0.0,0.0,0.0,0.0,0.0,0.0,0.0,0.0,0.0,0.0,0.0,0.0,0.0,0.0,0.0,-222.0,237.0,459.0,45.0,0.0,Brighton,3.6,3.0,Brentford,Brentford,1.8000000000000003,1.8000000000000003,0.6581694653331485,,0.8888888888888888,0.5850395247405764
mikel_merino_zazon,2,1,MID,Arsenal,2,0,0,0,5,0,0,3,1.48,0.0,0.0,6.2,0.0,1.08,0.008,0.064,0.05600000000000001,0.06,0.0,0.0,1.0,3.12,17.0,0.0,0.0,0.0,0.0,0.0,0.0,5.6000000000000005,1.0,-7701.0,1453.2,9154.199999999999,60.0,0.0,Aston Villa,1.8000000000000003,3.0,Brighton,Brighton,3.4,1.2000000000000002,1.8694852683223215,,1.2865546709753855,2.4051950042797547
mikey_moore,2,1,MID,Spurs,17,1,0,0,3,0,0,3,1.5,0.0,0.0,4.6,0.0,2.6000000000000005,0.008,0.17200000000000004,0.16400000000000003,1.352,1.8000000000000003,0.0,3.0,5.68,40.0,0.0,0.0,0.0,0.0,0.0,0.4,22.6,1.4,-64.2,1451.3999999999999,1515.6,50.0,0.0,Newcastle,0.0,0.0,Aston Villa,Aston Villa,0.0,0.0,2.054403893307536,,0.6538786453494989,1.3433308347566681
mikkel_damsgaard,2,3,MID,Brentford,13,0,0,0,3,0,0,2,2.0,0.0,0.0,14.4,0.6,29.96,0.122,0.14,0.018,0.11800000000000001,0.0,0.0,5.800000000000001,13.0,46.4,0.0,0.0,0.0,0.0,0.0,0.6,15.0,2.1999999999999997,-3135.6,1390.8,4526.4,55.0,0.0,Leeds,1.8000000000000003,1.8000000000000003,Chelsea,Chelsea,3.6,3.0,2.510233642237252,50210.0,1.7671128467890753,4.43586611763958
milan_van_ewijk,2,2,DEF,Coventry City,11,1,0,0,2,0,0,2,1.2999999999999998,0.0,0.0,5.8,0.0,21.14,0.118,0.118,0.0,1.184,1.8000000000000003,0.0,3.9,13.48,90.0,0.0,0.0,0.0,0.0,0.0,1.0,4.3999999999999995,1.6,-9244.199999999999,20670.6,29914.8,40.0,0.0,Hull City,0.0,0.0,Nott'm Forest,Nott'm Forest,1.2,0.6,2.6175406630634264,,1.5645027639790947,4.095149602190403
milos_kerkez,2,1,DEF,Liverpool,18,1,0,0,4,0,0,3,1.3,0.0,0.0,6.6,0.0,13.2,0.014,0.022,0.008,1.97,2.0,0.0,3.9800000000000004,21.599999999999998,78.0,0.0,0.0,0.0,0.0,0.0,1.0,4.800000000000001,0.6,-11245.199999999999,9387.0,20632.2,55.0,0.4,Nott'm Forest,2.0,1.0,Bournemouth,Bournemouth,1.0,0.6,2.037935800002404,15210.0,1.0804752028226836,2.2019390968472052
mitoma_kaoru,2,0,MID,Brighton,6,0,0,0,3,0,0,4,0.0,0.0,0.0,0.0,0.0,0.0,0.0,0.0,0.0,0.0,0.0,0.0,0.0,0.0,0.0,0.0,0.0,0.0,0.0,0.0,0.0,0.0,0.0,-646.8,95.39999999999999,742.1999999999999,60.0,0.0,Chelsea,3.4,1.2000000000000002,Arsenal,Arsenal,1.8000000000000003,3.0,0.45772548122455925,,0.817801162420519,0.37432843061493604
mohamed_ali_cho,2,1,MID,Hull City,7,0,0,0,2,0,0,2,1.5,0.0,0.0,3.0,0.0,0.3,0.0,0.0,0.0,0.18,0.0,0.0,0.1,0.4,7.0,0.0,0.0,0.0,0.0,0.0,0.0,0.0,1.0,23.0,25.0,2.0,50.0,0.0,Coventry City,1.4,3.0,Newcastle,Newcastle,2.0,2.1999999999999997,1.1621695021832745,,0.8159075950022852,0.9482229235113585
mohamed_belloumi,2,6,MID,Hull City,7,0,0,0,2,0,0,2,3.3,0.6,0.0,17.0,1.0,8.14,0.024,0.116,0.092,1.3980000000000001,0.0,0.0,3.5599999999999996,18.16,85.19999999999999,0.0,0.0,0.0,0.0,0.0,1.0,9.4,4.8,5915.4,8334.0,2418.6,50.0,0.0,Coventry City,1.4,3.0,Newcastle,Newcastle,2.0,2.1999999999999997,3.1735638896623835,,0.8159075950022852,2.5893348808005325
mohammed_kudus,2,1,MID,Spurs,17,1,0,0,3,0,0,3,0.48,0.0,0.0,2.4,0.0,1.9799999999999998,0.006,0.03,0.024,0.144,0.6,0.0,0.96,0.72,13.2,0.0,0.0,0.0,0.0,0.0,0.0,6.6,0.6,-1282.2,161.4,1443.6,65.0,0.0,Newcastle,0.0,0.0,Aston Villa,Aston Villa,0.0,0.0,1.5261405304401907,,0.6538786453494989,0.9979107026571976
moises_caicedo_corozo,2,1,MID,Chelsea,5,1,0,0,4,0,0,3,1.04,0.0,0.0,1.7999999999999998,0.0,0.06,0.0,0.0,0.0,0.042,0.0,0.0,0.0,0.0,7.8,0.0,0.0,0.0,0.0,0.0,0.0,0.0,0.6,-53305.2,5688.599999999999,58993.799999999996,55.0,0.0,Brighton,3.6,3.0,Brentford,Brentford,1.8000000000000003,1.8000000000000003,1.017729865302054,61014.0,0.8160505338800367,0.8305189999253989
morgan_gibbs_white,2,13,MID,Nott'm Forest,14,0,0,0,3,0,0,4,5.62,0.6,1.7999999999999998,25.599999999999998,0.0,11.22,0.048,0.574,0.526,1.238,1.6,0.6,6.119999999999999,33.839999999999996,90.0,0.0,0.0,0.0,0.0,0.0,1.0,16.6,8.6,-164587.8,5268.0,169855.8,80.0,0.0,Liverpool,1.2,0.6,Coventry City,Coventry City,0.0,0.0,4.120384894131582,14971.0,1.3950956615770052,5.748331089830398
morgan_rogers,2,5,MID,Chelsea,5,1,0,0,4,0,0,3,4.9399999999999995,0.6,0.4,31.6,0.0,49.3,0.646,1.1139999999999999,0.468,1.342,2.5999999999999996,0.4,11.0,35.599999999999994,86.4,0.0,0.0,0.0,0.0,0.0,1.0,25.4,6.2,108061.2,151110.6,43049.4,75.0,0.0,Brighton,3.6,3.0,Brentford,Brentford,1.8000000000000003,1.8000000000000003,5.027416245483762,14970.0,0.8160505338800367,4.102625711164193
murillo_costa_dos_santos,2,1,DEF,Nott'm Forest,14,0,0,0,3,0,0,4,2.5,0.0,0.0,7.2,0.0,10.54,0.11200000000000002,0.22000000000000003,0.108,1.238,1.6,0.0,3.5199999999999996,19.6,90.0,0.0,0.0,0.0,0.0,0.0,1.0,4.8,2.2,-1954.1999999999998,5148.0,7102.2,55.0,0.0,Liverpool,1.2,0.6,Coventry City,Coventry City,0.0,0.0,3.26149875297539,15210.0,2.0,6.52299750595078
mykhailo_mudryk,2,0,MID,Chelsea,5,1,0,0,4,0,0,3,0.8,0.0,0.0,0.0,0.0,0.0,0.0,0.0,0.0,0.0,0.0,0.0,0.0,0.0,0.0,0.0,0.0,0.0,0.0,0.0,0.0,0.0,0.0,-445.2,140.4,585.6,55.0,0.0,Brighton,3.6,3.0,Brentford,Brentford,1.8000000000000003,1.8000000000000003,0.4075294978145516,,0.8160505338800367,0.33256466426342807
myles_lewis_skelly,2,3,MID,Arsenal,2,0,0,0,5,0,0,3,2.5999999999999996,0.0,0.0,15.0,1.0,11.08,0.05600000000000001,0.122,0.066,0.278,0.0,0.0,2.78,10.76,78.0,0.0,0.0,0.0,0.0,0.0,1.0,5.800000000000001,3.0,385.2,5815.8,5430.599999999999,55.0,0.0,Aston Villa,1.8000000000000003,3.0,Brighton,Brighton,3.4,1.2000000000000002,2.914383059063745,,1.2865546709753855,3.749513137649994
nathan_collins,2,3,DEF,Brentford,13,0,0,0,3,0,0,2,3.6999999999999997,0.0,0.0,16.8,0.4,9.14,0.022,0.26,0.23800000000000002,1.104,0.6,0.0,5.779999999999999,21.44,90.0,0.0,0.0,0.0,0.0,0.0,1.0,27.2,4.2,9429.6,15053.4,5623.8,55.0,0.6,Leeds,1.8000000000000003,1.8000000000000003,Chelsea,Chelsea,3.6,3.0,4.25665539907482,14972.0,0.9866060043360756,4.199641775116791
nathan_patterson,2,0,DEF,Everton,3,0,0,0,3,0,0,3,0.68,0.0,0.0,0.0,0.0,0.0,0.0,0.0,0.0,0.0,0.0,0.0,0.0,0.0,0.0,0.0,0.0,0.0,0.0,0.0,0.0,0.0,0.0,-97.2,124.19999999999999,221.4,45.0,0.0,Bournemouth,1.4,1.8000000000000003,Ipswich Town,Ipswich Town,2.0,1.2000000000000002,0.4451033358782035,,1.6711719532637075,0.7438442112237694
neco_williams,2,6,DEF,Nott'm Forest,14,0,0,0,3,0,0,4,3.2800000000000002,0.6,0.0,14.8,0.0,17.5,0.098,0.17,0.072,1.238,1.6,0.0,5.039999999999999,26.72,90.0,0.0,0.0,0.0,0.0,0.0,1.0,6.0,4.3999999999999995,-40790.4,8490.0,49280.4,50.0,0.0,Liverpool,1.2,0.6,Coventry City,Coventry City,0.0,0.0,3.576188096428697,14971.0,2.0,7.152376192857394
nehemiah_oriola,2,0,MID,Brighton,6,0,0,0,3,0,0,4,0.4,0.0,0.0,0.0,0.0,0.0,0.0,0.0,0.0,0.0,0.0,0.0,0.0,0.0,0.0,0.0,0.0,0.0,0.0,0.0,0.0,0.0,0.0,-643.1999999999999,1024.8,1668.0,45.0,0.0,Chelsea,3.4,1.2000000000000002,Arsenal,Arsenal,1.8000000000000003,3.0,0.13472180807592604,,0.817801162420519,0.11017565124788639
nick_pope,2,0,GK,Newcastle,19,0,0,0,3,0,0,3,1.04,0.0,0.0,0.0,0.0,0.0,0.0,0.0,0.0,0.0,0.0,0.0,0.0,0.0,0.0,0.0,0.0,0.0,0.0,0.0,0.0,0.0,0.0,-5758.8,1623.6,7382.4,50.0,0.0,Spurs,2.0,2.1999999999999997,Hull City,Hull City,1.4,3.0,0.7297197379840102,,1.0666666666666667,0.7783677205162776
nick_woltemade,2,4,FWD,Newcastle,19,0,0,0,3,0,0,3,2.0,0.6,0.0,10.799999999999999,0.0,6.3,0.006,0.018,0.012,0.22799999999999998,0.0,0.0,2.4,10.92,11.4,0.0,0.0,0.0,0.0,0.0,0.0,6.6,2.4,-14154.6,4315.8,18470.399999999998,60.0,0.0,Spurs,2.0,2.1999999999999997,Hull City,Hull City,1.4,3.0,1.412009611749639,14970.0,1.061217860464382,1.4984498191360947
nico_elvedi,2,1,DEF,Leeds,4,1,0,0,2,0,0,3,0.98,0.0,0.0,5.3999999999999995,0.0,0.66,0.0,0.0,0.0,0.792,0.6,0.0,1.38,9.6,33.6,0.0,0.0,0.0,0.0,0.0,0.0,3.5999999999999996,0.6,45.0,212.4,167.4,45.0,0.0,Brentford,1.0,1.8000000000000003,Crystal Palace,Crystal Palace,0.6,0.0,1.7186791035230427,,2.0,3.4373582070460853
nico_gonzalez_iglesias,2,2,MID,Newcastle,19,0,0,0,3,0,0,3,1.4,0.0,0.0,5.3999999999999995,0.6,17.7,0.12,0.12,0.0,0.444,0.0,0.0,2.22,4.32,42.0,0.0,0.0,0.0,0.0,0.0,0.6,0.0,1.2,387.0,1432.2,1045.2,55.0,0.6,Spurs,2.0,2.1999999999999997,Hull City,Hull City,1.4,3.0,1.6964599471352524,,0.5490748081379055,0.9314834199869301
nico_o'reilly,2,2,DEF,Man City,8,0,0,0,5,0,0,3,2.4400000000000004,0.0,0.0,8.6,0.0,16.84,0.17600000000000002,0.216,0.04000000000000001,0.6160000000000001,1.0,0.0,2.96,5.680000000000001,77.6,0.0,0.0,0.0,0.0,0.0,1.0,7.4,2.0,-23127.6,41270.4,64398.0,65.0,0.0,Crystal Palace,3.2,3.0,Sunderland,Sunderland,1.0,1.7999999999999998,3.6467019607377664,14972.0,1.4780656828949934,5.390065023912378
nicolas_dominguez,2,1,MID,Nott'm Forest,14,0,0,0,3,0,0,4,0.9000000000000001,0.0,0.0,1.7999999999999998,0.0,0.0,0.0,0.0,0.0,0.0,0.0,0.0,0.0,0.12,0.6,0.0,0.0,0.0,0.0,0.0,0.0,0.0,0.6,-508.79999999999995,128.4,637.1999999999999,50.0,0.0,Liverpool,1.2,0.6,Coventry City,Coventry City,0.0,0.0,0.6067805273730364,,1.3950956615770052,0.8465168812675303
nicolas_jackson,2,2,FWD,Aston Villa,1,1,0,0,3,0,0,5,1.44,0.0,0.0,6.6,0.0,3.54,0.06,0.06,0.0,0.606,0.6,0.0,0.72,2.52,42.0,0.0,0.0,0.0,0.0,0.0,0.6,1.2,1.2,-1726.8,16193.4,3105.0,65.0,0.0,Arsenal,0.0,0.0,Spurs,Spurs,0.0,0.0,1.720752085543287,14969.0,0.7874214035783293,1.3549570224088325
nicolo_savona,2,0,DEF,Nott'm Forest,14,0,0,0,3,0,0,4,0.0,0.0,0.0,0.0,0.0,0.0,0.0,0.0,0.0,0.0,0.0,0.0,0.0,0.0,0.0,0.0,0.0,0.0,0.0,0.0,0.0,0.0,0.0,39.0,67.8,28.799999999999997,45.0,0.0,Liverpool,1.2,0.6,Coventry City,Coventry City,0.0,0.0,0.1855869775400043,,2.0,0.3711739550800086
nikola_milenkovic,2,3,DEF,Nott'm Forest,14,0,0,0,3,0,0,4,2.5,0.0,0.0,3.4,0.0,0.24,0.008,0.052000000000000005,0.044000000000000004,1.238,1.6,0.0,1.9000000000000001,13.239999999999998,90.0,0.0,0.0,0.0,0.0,0.0,1.0,5.6000000000000005,2.5999999999999996,-8670.0,1554.6,10224.6,55.0,0.0,Liverpool,1.2,0.6,Coventry City,Coventry City,0.0,0.0,3.535401341777682,14972.0,2.0,7.070802683555364
nilson_angulo,2,3,MID,Sunderland,10,1,0,0,2,0,0,3,3.0,0.0,0.0,17.0,0.6,11.34,0.028,0.088,0.06,1.012,0.4,0.4,3.52,17.439999999999998,61.6,0.0,0.0,0.0,0.0,0.0,1.0,6.4,3.8,2378.4,3205.7999999999997,827.4,50.0,0.4,Fulham,1.0,1.7999999999999998,Man City,Man City,3.2,3.0,2.025258287801072,,0.9154895962231887,1.8541028921466698
noah_okafor,2,2,MID,Leeds,4,1,0,0,2,0,0,3,1.78,0.0,0.0,10.6,0.0,10.100000000000001,0.07,0.118,0.048,0.496,0.6,0.0,2.5599999999999996,7.84,50.4,0.0,0.0,0.0,0.0,0.0,0.6,7.6,1.6,-4687.8,813.0,5500.8,60.0,0.0,Brentford,1.0,1.8000000000000003,Crystal Palace,Crystal Palace,0.6,0.0,2.275591142921731,,1.5038801820573349,3.4222164223051914
noah_sadiki,2,3,MID,Sunderland,10,1,0,0,2,0,0,3,2.1,0.0,0.0,19.8,0.6,17.520000000000003,0.024,0.06,0.036000000000000004,1.29,0.8,0.0,4.800000000000001,16.88,90.0,0.0,0.0,0.0,0.0,0.0,1.0,13.6,2.5999999999999996,-1399.2,699.0,2098.2,50.0,0.0,Fulham,1.0,1.7999999999999998,Man City,Man City,3.2,3.0,3.0187790431877586,,0.9154895962231887,2.763660807334985
nobel_mendy,2,1,DEF,Hull City,7,0,0,0,2,0,0,2,5.2,0.0,0.4,19.4,0.4,0.24,0.0,0.11800000000000002,0.11800000000000002,0.998,0.0,0.4,5.5,37.28,60.0,0.0,0.0,0.0,0.0,0.0,1.0,17.400000000000002,6.6,96072.0,107748.0,11676.0,40.0,0.0,Coventry City,1.4,3.0,Newcastle,Newcastle,2.0,2.1999999999999997,2.079057182438567,,1.1544457181047378,2.4001586619611044
noni_madueke,2,0,MID,Arsenal,2,0,0,0,5,0,0,3,1.22,0.0,0.0,3.2,0.0,17.240000000000002,0.016,0.016,0.0,0.06,0.0,0.0,2.12,3.7600000000000002,8.8,0.0,0.0,0.0,0.0,0.0,0.0,0.0,0.4,-4091.3999999999996,847.1999999999999,4938.599999999999,64.4,0.0,Aston Villa,1.8000000000000003,3.0,Brighton,Brighton,3.4,1.2000000000000002,1.359946883176884,,1.2865546709753855,1.7496460148296369
norberto_bercique_gomes_betuncal,2,1,FWD,Everton,3,0,0,0,3,0,0,3,1.32,0.0,0.0,2.4000000000000004,0.0,0.18,0.0,0.044000000000000004,0.044000000000000004,1.084,0.0,0.0,0.44,1.7999999999999998,16.4,0.0,0.0,0.0,0.0,0.0,0.0,2.5999999999999996,1.0,-21061.2,4625.4,25686.6,55.0,0.0,Bournemouth,1.4,1.8000000000000003,Ipswich Town,Ipswich Town,2.0,1.2000000000000002,1.7473062701840556,15210.0,1.604505942222966,2.8035632933937644
nordi_mukiele,2,9,DEF,Sunderland,10,1,0,0,2,0,0,3,3.6999999999999997,0.0,0.6,16.8,0.6,4.8,0.006,0.006,0.0,0.57,0.0,0.0,3.1799999999999997,25.56,54.0,0.0,0.0,0.0,0.0,0.0,0.6,1.2,5.3999999999999995,-19799.399999999998,3352.7999999999997,23152.2,55.0,0.0,Fulham,1.0,1.7999999999999998,Man City,Man City,3.2,3.0,2.885463717807352,79641.0,0.6124701478197468,1.7672603897739851
norman_bassette,2,0,FWD,Coventry City,11,1,0,0,2,0,0,2,0.0,0.0,0.0,0.0,0.0,0.0,0.0,0.0,0.0,0.0,0.0,0.0,0.0,0.0,0.0,0.0,0.0,0.0,0.0,0.0,0.0,0.0,0.0,-472.79999999999995,0.0,472.79999999999995,45.0,0.0,Hull City,0.0,0.0,Nott'm Forest,Nott'm Forest,1.2,0.6,-0.002352870133140339,,0.500501634668318,-0.0011776153477990026
noussair_mazraoui,2,1,DEF,Man Utd,12,1,0,0,4,0,0,2,1.28,0.0,0.0,2.6,0.0,12.54,0.020000000000000004,0.10800000000000001,0.08800000000000001,1.004,1.4,0.0,2.42,7.8,41.8,0.0,0.0,0.0,0.0,0.0,0.4,3.6,1.0,-142.79999999999998,3512.4,3655.2,45.0,0.0,Ipswich Town,3.0,1.7999999999999998,Fulham,Fulham,0.8,0.0,1.5708730972724259,,1.201629651190209,1.8876076919395481
ola_aina,2,0,DEF,Nott'm Forest,14,0,0,0,3,0,0,4,2.18,0.0,0.0,10.8,0.4,23.54,0.278,0.294,0.016,1.186,1.2,0.0,4.38,13.48,80.2,0.0,0.0,0.0,0.0,0.0,1.0,6.800000000000001,2.0,-3040.2,10662.0,13702.199999999999,45.0,1.0,Liverpool,1.2,0.6,Coventry City,Coventry City,0.0,0.0,2.477194827589476,,2.0,4.954389655178952
oli_mcburnie,2,1,FWD,Hull City,7,0,0,0,2,0,0,2,2.52,0.4,0.0,12.600000000000001,1.0,16.42,0.01,0.07400000000000001,0.064,1.5060000000000002,0.0,0.0,4.92,7.359999999999999,90.0,0.0,0.0,0.0,0.0,0.0,1.0,25.6,2.6,40020.0,49584.6,9564.6,55.0,0.6,Coventry City,1.4,3.0,Newcastle,Newcastle,2.0,2.1999999999999997,3.9236555433513436,61014.0,0.5,1.9618277716756718
oliver_dovin,2,0,GK,Coventry City,11,1,0,0,2,0,0,2,0.4,0.0,0.0,0.0,0.0,0.0,0.0,0.0,0.0,0.0,0.0,0.0,0.0,0.0,0.0,0.0,0.0,0.0,0.0,0.0,0.0,0.0,0.0,-2266.2,1580.3999999999999,3846.6,40.0,0.0,Hull City,0.0,0.0,Nott'm Forest,Nott'm Forest,1.2,0.6,-0.2332402349452849,,1.2,-0.27988828193434184
olivier_boscagli,2,-1,DEF,Brighton,6,0,0,0,3,0,0,4,2.18,0.0,0.0,10.400000000000002,0.4,18.880000000000003,0.082,0.112,0.03,1.874,2.4,0.0,4.4,16.16,90.0,0.0,0.0,0.0,0.0,0.0,1.0,9.0,1.8000000000000003,1526.3999999999999,2461.7999999999997,935.4,45.0,0.6,Chelsea,3.4,1.2000000000000002,Arsenal,Arsenal,1.8000000000000003,3.0,2.5706347883605627,,0.9561954234344535,2.458029219951765
ollie_watkins,2,0,FWD,Aston Villa,1,1,0,0,3,0,0,5,1.0,0.0,0.0,0.0,0.0,0.0,0.0,0.0,0.0,0.0,0.0,0.0,0.0,0.0,0.0,0.0,0.0,0.0,0.0,0.0,0.0,0.0,0.0,-159496.8,6379.2,165876.0,79.4,0.0,Arsenal,0.0,0.0,Spurs,Spurs,0.0,0.0,0.7076155466359859,,0.7874214035783293,0.5571916269259548
omar_alderete,2,0,DEF,Sunderland,10,1,0,0,2,0,0,3,1.1800000000000002,0.0,0.0,0.8,0.0,0.24,0.004,0.004,0.0,0.04000000000000001,0.4,0.0,0.0,0.0,9.200000000000001,0.0,0.0,0.0,0.0,0.0,0.0,0.0,0.4,-1600.2,1558.2,3158.4,50.0,0.0,Fulham,1.0,1.7999999999999998,Man City,Man City,3.2,3.0,1.3829736403043265,,0.6124701478197468,0.8470300699080042
omar_marmoush,2,2,FWD,Spurs,17,1,0,0,3,0,0,3,1.48,0.0,0.0,8.4,0.0,21.06,0.042,0.144,0.10200000000000001,0.432,1.2,0.0,4.32,5.52,54.0,0.0,0.0,0.0,0.0,0.0,0.6,16.8,1.2,12268.199999999999,23884.8,11616.6,70.0,0.0,Newcastle,0.0,0.0,Aston Villa,Aston Villa,0.0,0.0,2.6402017485635754,14972.0,0.5,1.3201008742817877
omar_richards,2,0,DEF,Nott'm Forest,14,0,0,0,3,0,0,4,0.4,0.0,0.0,0.0,0.0,0.0,0.0,0.0,0.0,0.0,0.0,0.0,0.0,0.0,0.0,0.0,0.0,0.0,0.0,0.0,0.0,0.0,0.0,-907.8,297.0,1204.8,40.0,0.0,Liverpool,1.2,0.6,Coventry City,Coventry City,0.0,0.0,0.056348014578710304,,2.0,0.11269602915742061
omari_hutchinson,2,0,MID,Nott'm Forest,14,0,0,0,3,0,0,4,0.8,0.0,0.0,0.0,0.0,0.0,0.0,0.0,0.0,0.0,0.0,0.0,0.0,0.0,0.0,0.0,0.0,0.0,0.0,0.0,0.0,0.0,0.0,-1219.2,128.4,1347.6,55.0,0.0,Liverpool,1.2,0.6,Coventry City,Coventry City,0.0,0.0,0.3917574899788485,,1.3950956615770052,0.5465391746597886
oscar_bobb,2,3,MID,Fulham,20,0,0,0,3,0,0,2,2.3,0.0,0.0,8.8,0.6,12.96,0.11000000000000001,0.11000000000000001,0.0,1.04,1.2000000000000002,0.0,2.7,8.120000000000001,66.6,0.0,0.0,0.0,0.0,0.0,1.0,6.0,2.5999999999999996,913.8,2712.0,1798.2,55.0,0.0,Sunderland,0.8,0.0,Man Utd,Man Utd,3.0,1.7999999999999998,2.4699234979402447,,0.5,1.2349617489701223
oscar_mingueza,2,1,DEF,Crystal Palace,15,1,0,0,3,0,0,5,0.98,0.0,0.0,0.6,0.0,0.06,0.0,0.0,0.0,0.12,0.6,0.0,0.12,1.32,9.0,0.0,0.0,0.0,0.0,0.0,0.0,0.0,0.6,-648.6,119.39999999999999,768.0,45.0,0.0,Man City,0.6,0.0,Leeds,Leeds,1.0,1.8000000000000003,1.0578964978589354,,0.5445641600643888,0.5760925177916096
oscar_zambrano,2,0,MID,Hull City,7,0,0,0,2,0,0,2,0.0,0.0,0.0,0.0,0.0,0.0,0.0,0.0,0.0,0.0,0.0,0.0,0.0,0.0,0.0,0.0,0.0,0.0,0.0,0.0,0.0,0.0,0.0,-994.8,294.59999999999997,1289.3999999999999,45.0,0.0,Coventry City,1.4,3.0,Newcastle,Newcastle,2.0,2.1999999999999997,0.14326741476338167,,0.8159075950022852,0.11689297182178562
ousmane_diomande,2,0,DEF,Nott'm Forest,14,0,0,0,3,0,0,4,1.0,0.0,0.0,0.0,0.0,0.0,0.0,0.0,0.0,0.0,0.0,0.0,0.0,0.0,0.0,0.0,0.0,0.0,0.0,0.0,0.0,0.0,0.0,-5170.2,2090.4,7260.599999999999,55.0,0.0,Liverpool,1.2,0.6,Coventry City,Coventry City,0.0,0.0,0.6569911942058226,,2.0,1.3139823884116453
paddy_mcnair,2,0,DEF,Hull City,7,0,0,0,2,0,0,2,0.7,0.0,0.0,1.2000000000000002,0.0,0.0,0.0,0.0,0.0,0.384,0.0,0.0,0.16000000000000003,1.6800000000000002,10.4,0.0,0.0,0.0,0.0,0.0,0.0,0.0,0.4,-26.4,387.59999999999997,414.0,40.0,0.0,Coventry City,1.4,3.0,Newcastle,Newcastle,2.0,2.1999999999999997,0.7104070814794653,,1.1544457181047378,0.8201264133252523
pape_matar_sarr,2,0,MID,Spurs,17,1,0,0,3,0,0,3,0.0,0.0,0.0,0.0,0.0,0.0,0.0,0.0,0.0,0.0,0.0,0.0,0.0,0.0,0.0,0.0,0.0,0.0,0.0,0.0,0.0,0.0,0.0,-6210.599999999999,67.8,6278.4,49.4,0.0,Newcastle,0.0,0.0,Aston Villa,Aston Villa,0.0,0.0,0.20501605255149147,,0.6538786453494989,0.13405561871727092
pascal_gross,2,13,MID,Brighton,6,0,0,0,3,0,0,4,5.3,0.6,1.7999999999999998,34.8,0.4,42.68000000000001,0.17400000000000002,0.20400000000000001,0.03,1.874,2.4,0.6,9.68,37.08,90.0,0.0,0.0,0.0,0.0,0.0,1.0,17.0,8.6,-49016.4,14507.4,63523.799999999996,55.0,0.4,Chelsea,3.4,1.2000000000000002,Arsenal,Arsenal,1.8000000000000003,3.0,3.507903633944905,61014.0,0.817801162420519,2.868767669499306
pascal_struijk,2,0,DEF,Brighton,6,0,0,0,3,0,0,4,0.8800000000000001,0.0,0.0,0.0,0.0,0.0,0.0,0.0,0.0,0.0,0.0,0.0,0.0,0.0,0.0,0.0,0.0,0.0,0.0,0.0,0.0,0.0,0.0,-682.8,849.6,1532.3999999999999,50.0,0.0,Chelsea,3.4,1.2000000000000002,Arsenal,Arsenal,1.8000000000000003,3.0,0.6837273785620487,,0.9561954234344535,0.6537769902578671
patrick_dorgu,2,1,MID,Man Utd,12,1,0,0,4,0,0,2,1.1800000000000002,0.0,0.0,-2.0000000000000004,0.0,7.5,0.018000000000000002,0.314,0.296,0.968,1.4,0.0,3.76,4.2,24.0,0.0,0.0,0.0,0.0,0.0,0.4,29.799999999999997,0.6,-14311.8,2884.7999999999997,17196.6,60.0,0.4,Ipswich Town,3.0,1.7999999999999998,Fulham,Fulham,0.8,0.0,1.649458494350886,79641.0,1.7414873164264433,2.8725110468839263
pau_torres,2,2,DEF,Aston Villa,1,1,0,0,3,0,0,5,1.28,0.0,0.0,-2.000000000000001,0.0,0.76,0.006,0.006,0.0,2.044,2.2,0.0,0.72,6.6,83.2,0.0,0.0,0.0,0.0,0.0,1.0,0.0,1.2,-1937.3999999999999,1098.6,3036.0,45.0,0.0,Arsenal,0.0,0.0,Spurs,Spurs,0.0,0.0,1.901658549349698,,1.019811857517635,1.9393339375766065
pedro_lomba_neto,2,7,MID,Chelsea,5,1,0,0,4,0,0,3,3.32,0.0,0.0,22.8,0.0,17.0,0.226,0.484,0.25799999999999995,0.844,1.2,0.6,7.0600000000000005,29.200000000000003,45.8,0.0,0.0,0.0,0.0,0.0,0.6,24.400000000000002,4.6000000000000005,-10636.199999999999,3381.0,14017.199999999999,65.0,0.0,Brighton,3.6,3.0,Brentford,Brentford,1.8000000000000003,1.8000000000000003,3.093066792245761,,0.8160505338800367,2.5240988071387656
pedro_porro_sauceda,2,1,DEF,Spurs,17,1,0,0,3,0,0,3,0.3,0.0,0.0,0.6,0.0,4.74,0.06,0.258,0.198,0.432,1.2,0.0,2.28,5.64,54.0,0.0,0.0,0.0,0.0,0.0,0.6,12.6,0.6,-178166.4,12344.4,190510.8,55.0,0.0,Newcastle,0.0,0.0,Aston Villa,Aston Villa,0.0,0.0,2.029614627717733,14973.0,2.0,4.059229255435466
pep_chavarria,2,1,DEF,Chelsea,5,1,0,0,4,0,0,3,1.48,0.0,0.0,1.8000000000000003,0.0,0.26,0.012,0.012,0.0,0.166,0.6,0.0,0.62,4.8,20.799999999999997,0.0,0.0,0.0,0.0,0.0,0.0,0.8,1.0,-886.1999999999999,648.6,1534.8,50.0,0.0,Brighton,3.6,3.0,Brentford,Brentford,1.8000000000000003,1.8000000000000003,2.0558387676390373,,0.68566995056119,1.4096268661688365
phil_foden,2,9,MID,Man City,8,0,0,0,5,0,0,3,4.0,1.2,0.6,28.8,0.0,47.32,0.43000000000000005,1.0,0.5700000000000001,0.656,1.0,0.0,9.36,29.839999999999996,86.4,0.0,0.0,0.0,0.0,0.0,1.0,16.2,5.8,-15824.4,12088.199999999999,27912.6,70.0,0.4,Crystal Palace,3.2,3.0,Sunderland,Sunderland,1.0,1.7999999999999998,4.364080214864799,14969.0,1.1380853327068272,4.966695683293687
piero_hincapie,2,0,DEF,Arsenal,2,0,0,0,5,0,0,3,1.3,0.0,0.0,1.2000000000000002,0.0,0.2,0.0,0.0,0.0,0.06,0.0,0.0,0.04000000000000001,0.16000000000000003,3.6,0.0,0.0,0.0,0.0,0.0,0.0,0.0,0.4,-22281.6,2346.0,24627.6,54.4,0.0,Aston Villa,1.8000000000000003,3.0,Brighton,Brighton,3.4,1.2000000000000002,1.2408630705530095,79641.0,0.894485666072681,1.1099342301686008
promise_david,2,1,FWD,Brighton,6,0,0,0,3,0,0,4,1.1,0.0,0.0,1.7999999999999998,0.0,2.22,0.0,0.0,0.0,0.024,0.0,0.0,0.24,0.0,6.0,0.0,0.0,0.0,0.0,0.0,0.0,0.0,0.6,-973.1999999999999,1511.3999999999999,2484.6,60.0,0.0,Chelsea,3.4,1.2000000000000002,Arsenal,Arsenal,1.8000000000000003,3.0,1.3214293102438939,14969.0,0.6929767582160549,0.915719799624491
raphael_borges_rodrigues,2,0,MID,Coventry City,11,1,0,0,2,0,0,2,0.4,0.0,0.0,0.0,0.0,0.0,0.0,0.0,0.0,0.0,0.0,0.0,0.0,0.0,0.0,0.0,0.0,0.0,0.0,0.0,0.0,0.0,0.0,-715.8,408.0,1123.8,45.0,0.0,Hull City,0.0,0.0,Nott'm Forest,Nott'm Forest,1.2,0.6,0.17609325298421963,,0.6381415502063241,0.11237242144022433
rayan_ait_nouri,2,0,DEF,Man City,8,0,0,0,5,0,0,3,1.0,0.0,0.0,0.0,0.0,0.0,0.0,0.0,0.0,0.0,0.0,0.0,0.0,0.0,0.0,0.0,0.0,0.0,0.0,0.0,0.0,0.0,0.0,-8497.8,1569.6,10067.4,55.0,0.0,Crystal Palace,3.2,3.0,Sunderland,Sunderland,1.0,1.7999999999999998,0.8485212431234486,,1.4780656828949934,1.2541701306681687
rayan_cherki,2,14,MID,Man City,8,0,0,0,5,0,0,3,7.64,0.8,2.1999999999999997,47.2,0.0,48.199999999999996,0.53,0.74,0.21,0.43600000000000005,0.6,1.2,13.999999999999998,60.559999999999995,59.400000000000006,0.0,0.0,0.0,0.0,0.0,0.6,31.0,11.600000000000001,97149.59999999999,121990.79999999999,24841.2,75.0,0.6,Crystal Palace,3.2,3.0,Sunderland,Sunderland,1.0,1.7999999999999998,4.535777799348825,14973.0,1.1380853327068272,5.162102185856148
rayan_vitor_simplicio_rocha,2,2,MID,Bournemouth,9,1,0,0,3,0,0,3,2.12,0.0,0.0,6.0,0.0,6.620000000000001,0.024,0.28,0.256,1.9280000000000002,1.0,0.0,4.76,7.64,89.2,0.0,0.0,0.0,0.0,0.0,1.0,33.2,2.0,900.6,14208.0,13307.4,65.0,0.0,Everton,1.0,0.6,Liverpool,Liverpool,2.0,1.0,3.7555665601971873,14971.0,1.3571479619946285,5.09685950330679
reece_james,2,1,DEF,Chelsea,5,1,0,0,4,0,0,3,1.3,0.0,0.0,1.4,0.0,6.960000000000001,0.028000000000000004,0.068,0.04000000000000001,0.616,1.4,0.0,2.5400000000000005,9.6,49.2,0.0,0.0,0.0,0.0,0.0,0.4,8.8,0.6,-11275.8,37515.0,48790.799999999996,55.0,0.4,Brighton,3.6,3.0,Brentford,Brentford,1.8000000000000003,1.8000000000000003,2.792540934755571,50210.0,0.68566995056119,1.9147614046739516
regan_slater,2,2,MID,Hull City,7,0,0,0,2,0,0,2,2.8,0.4,0.0,11.6,1.0,9.4,0.18200000000000002,0.18200000000000002,0.0,1.5060000000000002,0.0,0.0,2.42,13.239999999999998,90.0,0.0,0.0,0.0,0.0,0.0,1.0,1.2,3.6000000000000005,41998.2,55422.6,13424.4,45.0,0.6,Coventry City,1.4,3.0,Newcastle,Newcastle,2.0,2.1999999999999997,3.1140401031196627,,0.8159075950022852,2.540768971277032
reinildo_mandava,2,6,DEF,Sunderland,10,1,0,0,2,0,0,3,2.7800000000000002,0.0,0.0,19.2,0.6,14.6,0.122,0.122,0.0,1.29,0.8,0.0,3.64,19.04,90.0,0.0,0.0,0.0,0.0,0.0,1.0,2.8,3.9999999999999996,-1561.8,585.0,2146.7999999999997,45.0,0.0,Fulham,1.0,1.7999999999999998,Man City,Man City,3.2,3.0,2.749668798460794,,0.6124701478197468,1.6840900554486282
reiss_nelson,2,0,MID,Arsenal,2,0,0,0,5,0,0,3,0.8,0.0,0.0,0.0,0.0,0.0,0.0,0.0,0.0,0.0,0.0,0.0,0.0,0.0,0.0,0.0,0.0,0.0,0.0,0.0,0.0,0.0,0.0,-64.8,38.4,103.2,55.0,0.0,Aston Villa,1.8000000000000003,3.0,Brighton,Brighton,3.4,1.2000000000000002,0.4918476709799111,,1.2865546709753855,0.6327889185075691
remi_matthews,2,0,GK,Crystal Palace,15,1,0,0,3,0,0,5,0.4,0.0,0.0,0.0,0.0,0.0,0.0,0.0,0.0,0.0,0.0,0.0,0.0,0.0,0.0,0.0,0.0,0.0,0.0,0.0,0.0,0.0,0.0,-174.0,3567.0,3741.0,40.0,0.0,Man City,0.6,0.0,Leeds,Leeds,1.0,1.8000000000000003,-0.07182757937979956,,0.5333333333333333,-0.0383080423358931
riccardo_calafiori,2,11,DEF,Arsenal,2,0,0,0,5,0,0,3,7.0,1.0,1.2,30.4,1.0,12.02,0.312,0.39399999999999996,0.082,0.222,0.0,0.0,4.2,23.119999999999997,86.0,0.0,0.0,0.0,0.0,0.0,1.0,7.0,10.2,161083.19999999998,186063.0,24979.8,55.6,0.0,Aston Villa,1.8000000000000003,3.0,Brighton,Brighton,3.4,1.2000000000000002,4.579792297516672,15210.0,0.894485666072681,4.096558563718735
richarlison_de_andrade,2,0,FWD,Spurs,17,1,0,0,3,0,0,3,1.4,0.0,0.0,2.4000000000000004,0.0,0.8800000000000001,0.0,0.0,0.0,1.2080000000000002,1.2000000000000002,0.0,0.08000000000000002,0.0,26.8,0.0,0.0,0.0,0.0,0.0,0.4,0.0,0.8,-19048.8,8833.8,27882.6,60.0,0.0,Newcastle,0.0,0.0,Aston Villa,Aston Villa,0.0,0.0,1.0843556930399239,14970.0,0.5,0.5421778465199619
rico_henry,2,1,DEF,Brentford,13,0,0,0,3,0,0,2,0.98,0.0,0.0,1.7999999999999998,0.0,0.0,0.0,0.0,0.0,0.0,0.0,0.0,0.0,0.0,1.2,0.0,0.0,0.0,0.0,0.0,0.0,0.0,0.6,-961.1999999999999,326.4,1287.6,45.0,0.0,Leeds,1.8000000000000003,1.8000000000000003,Chelsea,Chelsea,3.6,3.0,0.8962684496105968,,0.9866060043360756,0.8842638338828003
rico_lewis,2,0,DEF,Man City,8,0,0,0,5,0,0,3,0.98,0.0,0.0,-0.4,0.0,1.52,0.008,0.07600000000000001,0.068,0.22000000000000003,0.4,0.0,1.8800000000000001,1.52,22.400000000000002,0.0,0.0,0.0,0.0,0.0,0.4,15.600000000000001,0.4,658.1999999999999,2172.0,1513.8,45.0,0.0,Crystal Palace,3.2,3.0,Sunderland,Sunderland,1.0,1.7999999999999998,1.1797441445456327,,1.4780656828949934,1.7437393346492105
rio_cardines,2,0,DEF,Crystal Palace,15,1,0,0,3,0,0,5,0.0,0.0,0.0,0.0,0.0,0.0,0.0,0.0,0.0,0.0,0.0,0.0,0.0,0.0,0.0,0.0,0.0,0.0,0.0,0.0,0.0,0.0,0.0,-39.0,0.0,39.0,45.0,0.0,Man City,0.6,0.0,Leeds,Leeds,1.0,1.8000000000000003,0.24671214695676014,,0.5445641600643888,0.13435059308519015
rio_ngumoha,2,1,MID,Liverpool,18,1,0,0,4,0,0,3,1.78,0.0,0.0,6.6,0.0,3.1800000000000006,0.026,0.041999999999999996,0.016,0.24600000000000002,0.8,0.0,0.8200000000000001,2.16,36.2,0.0,0.0,0.0,0.0,0.0,0.4,3.2,1.4,-5598.0,3328.2,8926.199999999999,60.0,0.0,Nott'm Forest,2.0,1.0,Bournemouth,Bournemouth,1.0,0.6,1.936872628902526,14970.0,0.9301694539500102,1.8016197555969833
robert_lynch_sanchez,2,0,GK,Chelsea,5,1,0,0,4,0,0,3,1.6400000000000001,0.0,0.0,2.4000000000000004,0.0,0.0,0.004,0.004,0.0,0.532,0.8,0.0,0.8400000000000001,8.56,36.0,0.0,0.0,0.0,0.0,1.6,0.4,0.0,0.8,-10960.199999999999,5354.4,16314.599999999999,50.0,0.0,Brighton,3.6,3.0,Brentford,Brentford,1.8000000000000003,1.8000000000000003,2.0431766613476525,,0.8888888888888888,1.8161570323090244
robin_roefs,2,6,GK,Sunderland,10,1,0,0,2,0,0,3,3.14,0.0,0.0,16.0,0.6,0.0,0.0,0.0,0.0,1.29,0.8,0.0,0.8400000000000001,8.48,90.0,0.0,0.0,0.0,0.0,0.4,1.0,0.0,3.9999999999999996,-15340.8,2859.6,18200.399999999998,50.0,0.0,Fulham,1.0,1.7999999999999998,Man City,Man City,3.2,3.0,3.5422096966277214,14974.0,0.9333333333333333,3.306062383519207
rodrigo_'rodri'_hernandez_cascante,2,0,MID,Man City,8,0,0,0,5,0,0,3,0.0,0.0,0.0,0.0,0.0,0.0,0.0,0.0,0.0,0.0,0.0,0.0,0.0,0.0,0.0,0.0,0.0,0.0,0.0,0.0,0.0,0.0,0.0,-477.59999999999997,0.0,477.59999999999997,65.0,0.0,Crystal Palace,3.2,3.0,Sunderland,Sunderland,1.0,1.7999999999999998,0.55567514159266,,1.1380853327068272,0.6324057283963957
rodrigo_bentancur,2,2,MID,Spurs,17,1,0,0,3,0,0,3,1.7,0.0,0.0,13.399999999999999,0.0,10.14,0.016,0.016,0.0,1.304,1.6,0.0,2.06,10.040000000000001,72.0,0.0,0.0,0.0,0.0,0.0,0.6,0.0,1.6,-857.4,361.2,1218.6,55.0,0.0,Newcastle,0.0,0.0,Aston Villa,Aston Villa,0.0,0.0,2.5751471910798807,,0.6538786453494989,1.6838337568788795
rodrigo_muniz_carvalho,2,0,FWD,Fulham,20,0,0,0,3,0,0,2,1.02,0.0,0.0,2.4000000000000004,0.0,4.6000000000000005,0.0,0.008,0.008,0.012,0.0,0.0,1.0,2.4000000000000004,3.2,0.0,0.0,0.0,0.0,0.0,0.0,2.8000000000000003,0.4,-2446.7999999999997,1687.2,4134.0,55.0,0.0,Sunderland,0.8,0.0,Man Utd,Man Utd,3.0,1.7999999999999998,0.7933017564673226,,1.018719861754322,0.8081522556778518
romain_esse,2,0,MID,Crystal Palace,15,1,0,0,3,0,0,5,0.6000000000000001,0.0,0.0,0.0,0.0,0.0,0.0,0.0,0.0,0.0,0.0,0.0,0.0,0.0,0.0,0.0,0.0,0.0,0.0,0.0,0.0,0.0,0.0,-227.4,126.6,354.0,50.0,0.0,Man City,0.6,0.0,Leeds,Leeds,1.0,1.8000000000000003,0.30049618922523735,,0.5651568807099125,0.16982748896775077
romaine_mundle,2,1,MID,Sunderland,10,1,0,0,2,0,0,3,0.9000000000000001,0.0,0.0,1.2,0.0,0.06,0.0,0.10200000000000001,0.10200000000000001,0.054,0.0,0.0,1.5,4.8,0.6,0.0,0.0,0.0,0.0,0.0,0.0,10.2,0.6,-66.0,24.0,90.0,50.0,0.0,Fulham,1.0,1.7999999999999998,Man City,Man City,3.2,3.0,0.8934446964423136,,0.9154895962231887,0.8179393243937231
romeo_lavia,2,7,MID,Chelsea,5,1,0,0,4,0,0,3,3.0,0.0,0.0,22.4,0.0,9.24,0.012,0.42000000000000004,0.40800000000000003,1.1760000000000002,2.0,0.6,7.140000000000001,28.84,65.8,0.0,0.0,0.0,0.0,0.0,1.0,33.0,4.6000000000000005,152.4,703.8,551.4,50.0,0.4,Brighton,3.6,3.0,Brentford,Brentford,1.8000000000000003,1.8000000000000003,2.679074178866856,,0.8160505338800367,2.186259913968519
ronald_araujo,2,0,DEF,Liverpool,18,1,0,0,4,0,0,3,1.3,0.0,0.0,0.6000000000000002,0.0,1.8599999999999999,0.018000000000000002,0.018000000000000002,0.0,0.258,0.0,0.0,1.04,8.76,15.8,0.0,0.0,0.0,0.0,0.0,0.0,0.0,0.4,-5920.2,14344.199999999999,20264.399999999998,55.0,0.6,Nott'm Forest,2.0,1.0,Bournemouth,Bournemouth,1.0,0.6,1.7566726716683803,,1.0804752028226836,1.8980412612139586
ross_barkley,2,2,MID,Aston Villa,1,1,0,0,3,0,0,5,1.8,0.0,0.0,18.2,0.0,22.54,0.02,0.078,0.05800000000000001,2.044,2.2,0.0,3.8,11.44,75.4,0.0,0.0,0.0,0.0,0.0,1.0,4.0,2.0,-504.59999999999997,1125.0,1629.6,50.0,0.0,Arsenal,0.0,0.0,Spurs,Spurs,0.0,0.0,2.0991288841100273,,0.5418244247865784,1.1373593001858078
ruben_dos_santos_gato_alves_dias,2,2,DEF,Man City,8,0,0,0,5,0,0,3,2.2,0.0,0.0,15.8,0.0,20.54,0.39799999999999996,0.452,0.054,0.656,1.0,0.0,6.800000000000001,25.96,90.0,0.0,0.0,0.0,0.0,0.0,1.0,21.8,2.0,-1619.3999999999999,5914.8,7534.2,55.0,0.0,Crystal Palace,3.2,3.0,Sunderland,Sunderland,1.0,1.7999999999999998,4.317811155948652,79641.0,1.4780656828949934,6.382008494828865
ryan_christie,2,1,MID,Bournemouth,9,1,0,0,3,0,0,3,0.3,0.0,0.0,3.0,0.0,0.18,0.0,0.0,0.0,0.078,0.6,0.0,0.18,1.68,1.7999999999999998,0.0,0.0,0.0,0.0,0.0,0.0,0.0,0.6,218.4,336.0,117.6,50.0,0.0,Everton,1.0,0.6,Liverpool,Liverpool,2.0,1.0,0.6132175879494917,,1.3571479619946285,0.8322269997449144
ryan_giles,2,6,DEF,Hull City,7,0,0,0,2,0,0,2,3.9999999999999996,0.0,0.0,22.200000000000003,1.0,16.52,0.07,0.078,0.008,1.4780000000000002,0.0,0.0,3.1000000000000005,11.280000000000001,87.6,0.0,0.0,0.0,0.0,0.0,1.0,2.8,6.0,5220.599999999999,7735.2,2514.6,40.0,0.0,Coventry City,1.4,3.0,Newcastle,Newcastle,2.0,2.1999999999999997,2.3608036031119624,,1.1544457181047378,2.7254196108988418
ryan_gravenberch,2,1,MID,Liverpool,18,1,0,0,4,0,0,3,2.6799999999999997,0.4,0.0,14.600000000000001,0.0,13.66,0.026000000000000002,0.05,0.024,0.48200000000000004,0.8,0.0,2.7800000000000002,12.4,42.2,0.0,0.0,0.0,0.0,0.0,0.4,1.6,2.6,-106.8,9003.0,9109.8,60.0,0.0,Nott'm Forest,2.0,1.0,Bournemouth,Bournemouth,1.0,0.6,2.246845448581638,14970.0,0.9301694539500102,2.089947004017248
ryan_mcaidoo,2,1,MID,Man City,8,0,0,0,5,0,0,3,1.0,0.0,0.0,3.0,0.0,0.5,0.0,0.1,0.1,0.0,0.0,0.0,0.1,0.0,8.0,0.0,0.0,0.0,0.0,0.0,0.0,1.0,1.0,0.0,0.0,0.0,45.0,0.0,Crystal Palace,3.2,3.0,Sunderland,Sunderland,1.0,1.7999999999999998,1.02124367903189,,1.1380853327068272,1.1622624522257528
ryan_sessegnon,2,1,DEF,Fulham,20,0,0,0,3,0,0,2,1.28,0.0,0.0,4.6,0.0,6.8,0.072,0.096,0.024,1.074,0.6,0.0,2.7199999999999998,7.799999999999999,20.0,0.0,0.0,0.0,0.0,0.0,0.0,12.4,1.0,-1233.0,575.4,1808.3999999999999,45.0,0.0,Sunderland,0.8,0.0,Man Utd,Man Utd,3.0,1.7999999999999998,1.7350824413893562,,2.0,3.4701648827787124
ryan_yates,2,0,MID,Nott'm Forest,14,0,0,0,3,0,0,4,0.0,0.0,0.0,0.0,0.0,0.0,0.0,0.0,0.0,0.0,0.0,0.0,0.0,0.0,0.0,0.0,0.0,0.0,0.0,0.0,0.0,0.0,0.0,-21204.0,1045.8,22249.8,45.0,0.0,Liverpool,1.2,0.6,Coventry City,Coventry City,0.0,0.0,0.07567434275221152,,1.3950956615770052,0.10557294726630158
sam_szmodics,2,0,MID,Ipswich Town,16,0,0,0,2,0,0,4,0.0,0.0,0.0,0.0,0.0,0.0,0.0,0.0,0.0,0.0,0.0,0.0,0.0,0.0,0.0,0.0,0.0,0.0,0.0,0.0,0.0,0.0,0.0,-245.39999999999998,0.0,245.39999999999998,50.0,0.0,Man Utd,2.0,1.2000000000000002,Everton,Everton,1.4,1.8000000000000003,0.22943081475104332,,0.7982745554351512,0.18314878164851364
samuel_iling_junior,2,0,MID,Aston Villa,1,1,0,0,3,0,0,5,0.0,0.0,0.0,0.0,0.0,0.0,0.0,0.0,0.0,0.0,0.0,0.0,0.0,0.0,0.0,0.0,0.0,0.0,0.0,0.0,0.0,0.0,0.0,-72.0,0.0,72.0,50.0,0.0,Arsenal,0.0,0.0,Spurs,Spurs,0.0,0.0,0.21944740995434997,,0.5418244247865784,0.11890196666942014
sander_berge,2,2,MID,Fulham,20,0,0,0,3,0,0,2,1.8,0.0,0.0,14.0,0.0,25.979999999999997,0.132,0.144,0.012,1.9940000000000002,1.8000000000000003,0.0,3.9200000000000004,9.04,78.0,0.0,0.0,0.0,0.0,0.0,1.0,4.0,2.0,-1120.8,879.0,1999.8,50.0,0.0,Sunderland,0.8,0.0,Man Utd,Man Utd,3.0,1.7999999999999998,2.5207393711694195,,0.5,1.2603696855847097
sandro_tonali,2,2,MID,Spurs,17,1,0,0,3,0,0,3,2.0,0.0,0.0,15.2,0.0,18.34,0.036000000000000004,0.08200000000000002,0.046,1.98,2.4000000000000004,0.0,2.9400000000000004,5.48,80.4,0.0,0.0,0.0,0.0,0.0,1.0,5.6,2.0,-22858.2,8471.4,31329.6,55.0,0.0,Newcastle,0.0,0.0,Aston Villa,Aston Villa,0.0,0.0,2.536425288442316,14974.0,0.6538786453494989,1.6585143316368738
sasa_lukic,2,1,MID,Ipswich Town,16,0,0,0,2,0,0,4,2.4,0.4,0.0,15.4,0.0,13.06,0.02,0.032,0.012,2.6100000000000003,2.8,0.0,3.46,19.799999999999997,79.19999999999999,0.0,0.0,0.0,0.0,0.0,1.0,2.0,2.6,-100.2,706.8,807.0,50.0,0.6,Man Utd,2.0,1.2000000000000002,Everton,Everton,1.4,1.8000000000000003,2.117735854926495,,0.7982745554351512,1.690534648120528
savio_moreira_de_oliveira,2,0,MID,Spurs,17,1,0,0,3,0,0,3,0.9199999999999999,0.0,0.0,0.0,0.0,0.0,0.0,0.0,0.0,0.0,0.0,0.0,0.0,0.0,0.0,0.0,0.0,0.0,0.0,0.0,0.0,0.0,0.0,29329.8,33448.2,4118.4,65.0,0.0,Newcastle,0.0,0.0,Aston Villa,Aston Villa,0.0,0.0,0.6671259474483239,,0.6538786453494989,0.43621941079501103
sean_longstaff,2,0,MID,Leeds,4,1,0,0,2,0,0,3,0.9000000000000001,0.0,0.0,1.2000000000000002,0.0,0.08000000000000002,0.0,0.0,0.0,0.028000000000000004,0.0,0.0,0.0,0.0,3.2,0.0,0.0,0.0,0.0,0.0,0.0,0.0,0.4,-633.6,345.0,978.5999999999999,50.0,0.0,Brentford,1.0,1.8000000000000003,Crystal Palace,Crystal Palace,0.6,0.0,0.623482480769511,,1.5038801820573349,0.9376429466892109
sean_neave,2,0,FWD,Newcastle,19,0,0,0,3,0,0,3,0.4,0.0,0.0,0.0,0.0,0.0,0.0,0.0,0.0,0.0,0.0,0.0,0.0,0.0,0.0,0.0,0.0,0.0,0.0,0.0,0.0,0.0,0.0,-988.1999999999999,3886.7999999999997,4875.0,45.0,0.0,Spurs,2.0,2.1999999999999997,Hull City,Hull City,1.4,3.0,0.1644192122184367,,1.061217860464382,0.17448460460968857
sean_steur,2,1,MID,Newcastle,19,0,0,0,3,0,0,3,1.2000000000000002,0.0,0.0,3.6,0.0,0.48,0.0,0.0,0.0,0.82,0.4,0.0,0.38,3.16,33.4,0.0,0.0,0.0,0.0,0.0,0.4,0.0,1.0,-142.79999999999998,457.2,600.0,50.0,0.0,Spurs,2.0,2.1999999999999997,Hull City,Hull City,1.4,3.0,1.2278571601971375,,0.5490748081379055,0.6741854346559969
sebastiaan_bornauw,2,0,DEF,Leeds,4,1,0,0,2,0,0,3,0.0,0.0,0.0,0.0,0.0,0.0,0.0,0.0,0.0,0.0,0.0,0.0,0.0,0.0,0.0,0.0,0.0,0.0,0.0,0.0,0.0,0.0,0.0,-102.0,0.0,102.0,45.0,0.0,Brentford,1.0,1.8000000000000003,Crystal Palace,Crystal Palace,0.6,0.0,0.2503493368768419,,2.0,0.5006986737536838
semi_ajayi,2,6,DEF,Hull City,7,0,0,0,2,0,0,2,6.4,0.0,0.8,30.0,1.0,0.56,0.0,0.20800000000000002,0.20800000000000002,1.118,0.0,0.4,4.12,27.040000000000003,79.2,0.0,0.0,0.0,0.0,0.0,1.0,14.0,9.2,38287.799999999996,47643.6,9355.8,40.0,0.0,Coventry City,1.4,3.0,Newcastle,Newcastle,2.0,2.1999999999999997,2.4858976438523146,,1.1544457181047378,2.8698338905919614
senne_lammens,2,2,GK,Man Utd,12,1,0,0,4,0,0,2,1.94,0.0,0.0,9.4,0.0,0.0,0.0,0.0,0.0,1.6400000000000001,2.0,0.0,2.42,24.28,90.0,0.0,0.0,0.0,0.0,2.5999999999999996,1.0,0.0,1.6,-32337.6,20828.399999999998,53166.0,50.0,0.0,Ipswich Town,3.0,1.7999999999999998,Fulham,Fulham,0.8,0.0,2.9877610459982247,14970.0,1.0666666666666667,3.1869451157314397
sepp_van_den_berg,2,0,DEF,Brentford,13,0,0,0,3,0,0,2,0.0,0.0,0.0,0.0,0.0,0.0,0.0,0.0,0.0,0.0,0.0,0.0,0.0,0.0,0.0,0.0,0.0,0.0,0.0,0.0,0.0,0.0,0.0,-2386.7999999999997,87.0,2473.7999999999997,50.0,0.0,Leeds,1.8000000000000003,1.8000000000000003,Chelsea,Chelsea,3.6,3.0,0.6766495477887533,,0.9866060043360756,0.6675865066796743
shea_charles,2,1,MID,Fulham,20,0,0,0,3,0,0,2,1.2000000000000002,0.0,0.0,3.2,0.0,2.2,0.018,0.072,0.054,1.074,0.6,0.0,0.74,1.7200000000000002,22.4,0.0,0.0,0.0,0.0,0.0,0.0,3.5999999999999996,1.0,-269.4,215.4,484.79999999999995,50.0,0.0,Sunderland,0.8,0.0,Man Utd,Man Utd,3.0,1.7999999999999998,1.7447723026370203,,0.5,0.8723861513185102
shea_lacey,2,0,MID,Man Utd,12,1,0,0,4,0,0,2,0.9000000000000001,0.0,0.0,1.2000000000000002,0.0,0.24,0.0,0.0,0.0,0.0,0.0,0.0,0.04000000000000001,0.08000000000000002,4.0,0.0,0.0,0.0,0.0,0.0,0.0,0.0,0.4,-157.79999999999998,196.2,354.0,50.0,0.0,Ipswich Town,3.0,1.7999999999999998,Fulham,Fulham,0.8,0.0,0.6239281791984757,,1.7414873164264433,1.0865630104351904
shumaira_mheuka,2,0,FWD,Chelsea,5,1,0,0,4,0,0,3,0.4,0.0,0.0,0.0,0.0,0.0,0.0,0.0,0.0,0.0,0.0,0.0,0.0,0.0,0.0,0.0,0.0,0.0,0.0,0.0,0.0,0.0,0.0,-888.0,1757.3999999999999,2645.4,45.0,0.0,Brighton,3.6,3.0,Brentford,Brentford,1.8000000000000003,1.8000000000000003,0.13789516273367486,,2.0,0.2757903254673497
sidiki_cherif,2,0,FWD,Coventry City,11,1,0,0,2,0,0,2,0.5599999999999999,0.0,0.0,0.0,0.0,0.0,0.0,0.0,0.0,0.0,0.0,0.0,0.0,0.0,0.0,0.0,0.0,0.0,0.0,0.0,0.0,0.0,0.0,198.0,1034.3999999999999,836.4,50.0,0.0,Hull City,0.0,0.0,Nott'm Forest,Nott'm Forest,1.2,0.6,0.1290076392587456,,0.500501634668318,0.06456853433370284
simon_adingra,2,0,MID,Sunderland,10,1,0,0,2,0,0,3,0.0,0.0,0.0,0.0,0.0,0.0,0.0,0.0,0.0,0.0,0.0,0.0,0.0,0.0,0.0,0.0,0.0,0.0,0.0,0.0,0.0,0.0,0.0,-2103.6,31.799999999999997,2135.4,50.0,0.0,Fulham,1.0,1.7999999999999998,Man City,Man City,3.2,3.0,0.3099093138115627,,0.9154895962231887,0.28371875256715307
sindre_walle_egeli,2,0,FWD,Ipswich Town,16,0,0,0,2,0,0,4,0.7,0.0,0.0,1.2000000000000002,0.0,0.04000000000000001,0.0,0.0,0.0,0.012,0.0,0.0,0.0,0.0,4.0,0.0,0.0,0.0,0.0,0.0,0.0,0.0,0.4,10362.6,24427.2,14064.6,45.0,0.0,Man Utd,2.0,1.2000000000000002,Everton,Everton,1.4,1.8000000000000003,0.6468996386463037,,1.5061836913110769,0.9743496856440915
stefan_bajcetic_maquieira,2,0,MID,Liverpool,18,1,0,0,4,0,0,3,0.0,0.0,0.0,0.0,0.0,0.0,0.0,0.0,0.0,0.0,0.0,0.0,0.0,0.0,0.0,0.0,0.0,0.0,0.0,0.0,0.0,0.0,0.0,-12.6,4.8,17.4,50.0,0.0,Nott'm Forest,2.0,1.0,Bournemouth,Bournemouth,1.0,0.6,0.21316557116359558,,0.9301694539500102,0.19828010293018372
stefanos_tzimas,2,0,FWD,Brighton,6,0,0,0,3,0,0,4,0.0,0.0,0.0,0.0,0.0,0.0,0.0,0.0,0.0,0.0,0.0,0.0,0.0,0.0,0.0,0.0,0.0,0.0,0.0,0.0,0.0,0.0,0.0,-100.8,50.4,151.2,55.0,0.0,Chelsea,3.4,1.2000000000000002,Arsenal,Arsenal,1.8000000000000003,3.0,0.3668412054197385,,0.6929767582160549,0.25421242931184024
steven_benda,2,0,GK,Nott'm Forest,14,0,0,0,3,0,0,4,0.76,0.0,0.0,0.0,0.0,0.0,0.0,0.0,0.0,0.0,0.0,0.0,0.0,0.0,0.0,0.0,0.0,0.0,0.0,0.0,0.0,0.0,0.0,48.6,375.0,326.4,45.0,0.0,Liverpool,1.2,0.6,Coventry City,Coventry City,0.0,0.0,-0.18004911663278533,,2.0,-0.36009823326557067
sven_botman,2,5,DEF,Newcastle,19,0,0,0,3,0,0,3,3.2800000000000002,0.0,0.0,14.799999999999999,0.6,1.2000000000000002,0.004,0.01,0.006,1.8639999999999999,0.8,0.0,2.2199999999999998,19.68,90.0,0.0,0.0,0.0,0.0,0.0,1.0,1.2,4.2,3361.7999999999997,5331.0,1969.1999999999998,50.0,0.6,Spurs,2.0,2.1999999999999997,Hull City,Hull City,1.4,3.0,2.882028884076009,,1.727760094109817,4.979454495978376
taiwo_awoniyi,2,2,FWD,Coventry City,11,1,0,0,2,0,0,2,1.62,0.0,0.0,5.199999999999999,0.0,14.72,0.018,0.576,0.558,0.548,0.6,0.0,5.98,6.0,62.0,0.0,0.0,0.0,0.0,0.0,0.6,39.0,1.6,-383.4,5192.4,5575.8,55.0,0.0,Hull City,0.0,0.0,Nott'm Forest,Nott'm Forest,1.2,0.6,2.9825569129451877,,0.500501634668318,1.4927746104203585
takehiro_tomiyasu,2,1,DEF,Crystal Palace,15,1,0,0,3,0,0,5,1.28,0.0,0.0,-0.5999999999999996,0.0,1.74,0.004,0.004,0.0,1.2619999999999998,1.7999999999999998,0.0,1.16,8.52,51.0,0.0,0.0,0.0,0.0,0.0,0.6,1.2,1.0,-1102.8,497.4,1600.2,45.0,0.0,Man City,0.6,0.0,Leeds,Leeds,1.0,1.8000000000000003,1.6226958783874035,,0.5445641600643888,0.8836620180539819
tammy_abraham,2,1,FWD,Aston Villa,1,1,0,0,3,0,0,5,0.64,0.0,0.0,1.7999999999999998,0.0,0.78,0.0,0.0,0.0,0.012,0.0,0.0,0.06,0.0,11.4,0.0,0.0,0.0,0.0,0.0,0.0,0.0,0.6,-1251.6,358.2,1609.8,55.0,0.0,Arsenal,0.0,0.0,Spurs,Spurs,0.0,0.0,1.2741167291268225,,0.7874214035783293,1.0032667831716726
tanaka_ao,2,1,MID,Leeds,4,1,0,0,2,0,0,3,0.9000000000000001,0.0,0.0,3.5999999999999996,0.0,1.08,0.006,0.006,0.0,0.6779999999999999,0.0,0.0,1.32,12.0,27.0,0.0,0.0,0.0,0.0,0.0,0.0,0.0,0.6,-2000.3999999999999,539.4,2539.7999999999997,50.0,0.0,Brentford,1.0,1.8000000000000003,Crystal Palace,Crystal Palace,0.6,0.0,1.40821046708891,,1.5038801820573349,2.1177798136207144
tarik_muharemovic,2,4,DEF,Leeds,4,1,0,0,2,0,0,3,3.88,0.0,0.0,20.2,0.4,0.72,0.006,0.041999999999999996,0.036,1.266,0.6,0.0,4.5600000000000005,37.2,90.0,0.0,0.0,0.0,0.0,0.0,1.0,8.0,4.800000000000001,5818.2,12923.4,7105.2,50.0,0.0,Brentford,1.0,1.8000000000000003,Crystal Palace,Crystal Palace,0.6,0.0,3.507388190869964,61014.0,2.0,7.014776381739928
tatsuhiro_sakamoto,2,1,MID,Coventry City,11,1,0,0,2,0,0,2,0.9000000000000001,0.0,0.0,4.8,0.0,3.54,0.012,0.024,0.012,0.414,0.6,0.0,1.14,3.7199999999999998,18.599999999999998,0.0,0.0,0.0,0.0,0.0,0.0,4.2,0.6,-790.8,82.2,873.0,50.0,0.0,Hull City,0.0,0.0,Nott'm Forest,Nott'm Forest,1.2,0.6,1.3216736621283376,,0.6381415502063241,0.8434148796174468
thierno_barry,2,2,FWD,Everton,3,0,0,0,3,0,0,3,3.72,0.0,0.8,18.4,0.4,14.620000000000001,0.036,1.104,1.068,0.9960000000000001,0.6,0.4,8.72,21.200000000000003,72.6,0.0,0.0,0.0,0.0,0.0,1.0,51.2,4.4,76702.2,90159.0,13456.8,55.0,0.0,Bournemouth,1.4,1.8000000000000003,Ipswich Town,Ipswich Town,2.0,1.2000000000000002,3.1409792269060315,14971.0,1.604505942222966,5.039719833969625
thimothee_lo_tutala,2,0,GK,Hull City,7,0,0,0,2,0,0,2,0.0,0.0,0.0,0.0,0.0,0.0,0.0,0.0,0.0,0.0,0.0,0.0,0.0,0.0,0.0,0.0,0.0,0.0,0.0,0.0,0.0,0.0,0.0,-229.79999999999998,0.0,229.79999999999998,40.0,0.0,Coventry City,1.4,3.0,Newcastle,Newcastle,2.0,2.1999999999999997,0.4774690236624808,,2.0,0.9549380473249616
thomas_meunier,2,6,DEF,Sunderland,10,1,0,0,2,0,0,3,2.7800000000000002,0.0,0.0,18.2,0.6,14.120000000000001,0.062,0.10600000000000001,0.044,1.29,0.8,0.0,4.32,19.080000000000002,90.0,0.0,0.0,0.0,0.0,0.0,1.0,9.8,3.9999999999999996,-424.8,606.0,1030.8,45.0,0.0,Fulham,1.0,1.7999999999999998,Man City,Man City,3.2,3.0,2.8068851172232137,,0.6124701478197468,1.7191333426587492
tijjani_reijnders,2,0,MID,Man City,8,0,0,0,5,0,0,3,0.0,0.0,0.0,0.0,0.0,0.0,0.0,0.0,0.0,0.0,0.0,0.0,0.0,0.0,0.0,0.0,0.0,0.0,0.0,0.0,0.0,0.0,0.0,-3374.4,0.0,3374.4,60.0,0.0,Crystal Palace,3.2,3.0,Sunderland,Sunderland,1.0,1.7999999999999998,0.43541382990217214,,1.1380853327068272,0.49553809346936745
tim_iroegbunam,2,1,MID,Everton,3,0,0,0,3,0,0,3,0.0,0.0,0.0,1.2,0.0,0.0,0.0,0.0,0.0,0.0,0.0,0.0,0.0,0.0,2.4,0.0,0.0,0.0,0.0,0.0,0.0,0.0,0.6,-196.2,12.6,208.79999999999998,50.0,0.0,Bournemouth,1.4,1.8000000000000003,Ipswich Town,Ipswich Town,2.0,1.2000000000000002,0.6617706958386995,,1.4932401567199587,0.9881825775668558
timothy_castagne,2,6,DEF,Fulham,20,0,0,0,3,0,0,2,4.279999999999999,0.8,0.0,19.2,0.6,11.540000000000001,0.072,0.10800000000000001,0.036,1.052,1.2000000000000002,0.0,3.5600000000000005,15.200000000000001,76.19999999999999,0.0,0.0,0.0,0.0,0.0,1.0,9.200000000000001,6.0,5688.599999999999,7257.599999999999,1569.0,45.0,0.4,Sunderland,0.8,0.0,Man Utd,Man Utd,3.0,1.7999999999999998,2.9933135330787097,,2.0,5.9866270661574195
tino_livramento,2,0,DEF,Newcastle,19,0,0,0,3,0,0,3,0.0,0.0,0.0,0.0,0.0,0.0,0.0,0.0,0.0,0.0,0.0,0.0,0.0,0.0,0.0,0.0,0.0,0.0,0.0,0.0,0.0,0.0,0.0,-682.1999999999999,54.6,736.8,50.0,0.0,Spurs,2.0,2.1999999999999997,Hull City,Hull City,1.4,3.0,0.5506327167414011,,1.727760094109817,0.9513612344970674
toby_collyer,2,0,MID,Man Utd,12,1,0,0,4,0,0,2,0.6000000000000001,0.0,0.0,0.0,0.0,0.0,0.0,0.0,0.0,0.0,0.0,0.0,0.0,0.0,0.0,0.0,0.0,0.0,0.0,0.0,0.0,0.0,0.0,-104.39999999999999,36.0,140.4,50.0,0.0,Ipswich Town,3.0,1.7999999999999998,Fulham,Fulham,0.8,0.0,0.2425825766898082,,1.7414873164264433,0.422454480491346
tom_cairney,2,0,MID,Fulham,20,0,0,0,3,0,0,2,0.0,0.0,0.0,0.0,0.0,0.0,0.0,0.0,0.0,0.0,0.0,0.0,0.0,0.0,0.0,0.0,0.0,0.0,0.0,0.0,0.0,0.0,0.0,-61.8,7.199999999999999,69.0,50.0,0.0,Sunderland,0.8,0.0,Man Utd,Man Utd,3.0,1.7999999999999998,0.3020138034371733,,0.5,0.15100690171858666
tom_heaton,2,0,GK,Man Utd,12,1,0,0,4,0,0,2,0.0,0.0,0.0,0.0,0.0,0.0,0.0,0.0,0.0,0.0,0.0,0.0,0.0,0.0,0.0,0.0,0.0,0.0,0.0,0.0,0.0,0.0,0.0,-474.0,129.0,603.0,40.0,0.0,Ipswich Town,3.0,1.7999999999999998,Fulham,Fulham,0.8,0.0,0.006826493298100367,,1.0666666666666667,0.007281592851307058
tom_king,2,0,GK,Everton,3,0,0,0,3,0,0,3,0.76,0.0,0.0,0.0,0.0,0.0,0.0,0.0,0.0,0.0,0.0,0.0,0.0,0.0,0.0,0.0,0.0,0.0,0.0,0.0,0.0,0.0,0.0,-81.6,145.79999999999998,227.4,45.0,0.0,Bournemouth,1.4,1.8000000000000003,Ipswich Town,Ipswich Town,2.0,1.2000000000000002,0.3537038450154628,,1.3333333333333333,0.4716051266872837
tom_watson,2,0,MID,Brighton,6,0,0,0,3,0,0,4,0.0,0.0,0.0,0.0,0.0,0.0,0.0,0.0,0.0,0.0,0.0,0.0,0.0,0.0,0.0,0.0,0.0,0.0,0.0,0.0,0.0,0.0,0.0,-33.6,0.0,33.6,50.0,0.0,Chelsea,3.4,1.2000000000000002,Arsenal,Arsenal,1.8000000000000003,3.0,0.2172028578435834,,0.817801162420519,0.17762874962554126
tosin_adarabioyo,2,0,DEF,Chelsea,5,1,0,0,4,0,0,3,0.68,0.0,0.0,0.0,0.0,0.0,0.0,0.0,0.0,0.0,0.0,0.0,0.0,0.0,0.0,0.0,0.0,0.0,0.0,0.0,0.0,0.0,0.0,-1114.2,157.79999999999998,1272.0,45.0,0.0,Brighton,3.6,3.0,Brentford,Brentford,1.8000000000000003,1.8000000000000003,0.5168825519180409,,0.68566995056119,0.35441083381958477
trai_hume,2,6,DEF,Sunderland,10,1,0,0,2,0,0,3,3.08,0.0,0.0,20.0,0.6,27.22,0.11400000000000002,0.13,0.016,1.246,0.4,0.0,4.880000000000001,14.92,85.6,0.0,0.0,0.0,0.0,0.0,1.0,6.4,4.3999999999999995,-14251.199999999999,8171.4,22422.6,45.0,0.0,Fulham,1.0,1.7999999999999998,Man City,Man City,3.2,3.0,2.727040843356094,61014.0,0.6124701478197468,1.670231108440794
trevoh_chalobah,2,0,DEF,Chelsea,5,1,0,0,4,0,0,3,0.0,0.0,0.0,0.0,0.0,0.0,0.0,0.0,0.0,0.0,0.0,0.0,0.0,0.0,0.0,0.0,0.0,0.0,0.0,0.0,0.0,0.0,0.0,-4834.8,0.0,4834.8,55.0,0.0,Brighton,3.6,3.0,Brentford,Brentford,1.8000000000000003,1.8000000000000003,0.7895555638901777,,0.68566995056119,0.5413745244578906
trey_nyoni,2,1,MID,Liverpool,18,1,0,0,4,0,0,3,0.9000000000000001,0.0,0.0,1.7999999999999998,0.0,1.32,0.0,0.0,0.0,0.042,0.0,0.0,0.54,3.84,7.8,0.0,0.0,0.0,0.0,0.0,0.0,0.0,0.6,-320.4,83.39999999999999,403.8,50.0,0.0,Nott'm Forest,2.0,1.0,Bournemouth,Bournemouth,1.0,0.6,0.8590990749552019,,0.9301694539500102,0.799107717440039
triston_rowe,2,0,DEF,Aston Villa,1,1,0,0,3,0,0,5,0.4,0.0,0.0,0.0,0.0,0.0,0.0,0.0,0.0,0.0,0.0,0.0,0.0,0.0,0.0,0.0,0.0,0.0,0.0,0.0,0.0,0.0,0.0,788.4,936.0,147.6,40.0,0.0,Arsenal,0.0,0.0,Spurs,Spurs,0.0,0.0,0.016183699602691615,,1.019811857517635,0.016504328753328346
tyler_adams,2,1,MID,Bournemouth,9,1,0,0,3,0,0,3,1.04,0.0,0.0,4.0,0.0,1.02,0.0,0.0,0.0,0.22,1.4,0.0,0.34,2.4000000000000004,18.6,0.0,0.0,0.0,0.0,0.0,0.0,0.0,1.0,106.2,1819.2,1713.0,50.0,0.0,Everton,1.0,0.6,Liverpool,Liverpool,2.0,1.0,1.471716254344669,,1.3571479619946285,1.9973367152182357
tyler_bindon,2,0,DEF,Nott'm Forest,14,0,0,0,3,0,0,4,0.4,0.0,0.0,0.0,0.0,0.0,0.0,0.0,0.0,0.0,0.0,0.0,0.0,0.0,0.0,0.0,0.0,0.0,0.0,0.0,0.0,0.0,0.0,-631.1999999999999,219.0,850.1999999999999,40.0,0.0,Liverpool,1.2,0.6,Coventry City,Coventry City,0.0,0.0,0.056348014578710304,,2.0,0.11269602915742061
tyler_dibling,2,0,MID,Everton,3,0,0,0,3,0,0,3,0.8,0.0,0.0,0.0,0.0,0.0,0.0,0.0,0.0,0.0,0.0,0.0,0.0,0.0,0.0,0.0,0.0,0.0,0.0,0.0,0.0,0.0,0.0,-330.0,120.6,450.59999999999997,55.0,0.0,Bournemouth,1.4,1.8000000000000003,Ipswich Town,Ipswich Town,2.0,1.2000000000000002,0.4549467059299148,,1.4932401567199587,0.679344690462015
tyler_fletcher,2,0,MID,Man Utd,12,1,0,0,4,0,0,2,0.4,0.0,0.0,0.0,0.0,0.0,0.0,0.0,0.0,0.0,0.0,0.0,0.0,0.0,0.0,0.0,0.0,0.0,0.0,0.0,0.0,0.0,0.0,-1593.6,796.8,2390.4,45.0,0.0,Ipswich Town,3.0,1.7999999999999998,Fulham,Fulham,0.8,0.0,0.10343113403790505,,1.7414873164264433,0.18012400805061501
tyler_fredricson,2,0,DEF,Man Utd,12,1,0,0,4,0,0,2,0.0,0.0,0.0,0.0,0.0,0.0,0.0,0.0,0.0,0.0,0.0,0.0,0.0,0.0,0.0,0.0,0.0,0.0,0.0,0.0,0.0,0.0,0.0,-408.0,0.0,408.0,40.0,0.0,Ipswich Town,3.0,1.7999999999999998,Fulham,Fulham,0.8,0.0,0.127975602786625,,1.201629651190209,0.15377927893734894
tyrick_mitchell,2,0,DEF,Crystal Palace,15,1,0,0,3,0,0,5,0.98,0.0,0.0,-1.1999999999999997,0.0,18.48,0.1,0.166,0.066,1.774,3.2,0.0,3.48,11.6,90.0,0.0,0.0,0.0,0.0,0.0,1.0,5.0,0.4,-26624.399999999998,3579.0,30203.399999999998,45.0,0.0,Man City,0.6,0.0,Leeds,Leeds,1.0,1.8000000000000003,2.344996148114573,15210.0,0.5445641600643888,1.2770008577522396
tyrique_george,2,2,MID,Everton,3,0,0,0,3,0,0,3,2.3,0.0,0.0,12.399999999999999,0.4,16.68,0.038,0.14,0.102,1.016,0.6,0.0,4.24,6.4,69.80000000000001,0.0,0.0,0.0,0.0,0.0,1.0,19.6,2.4000000000000004,-125.39999999999999,1363.8,1489.2,55.0,0.0,Bournemouth,1.4,1.8000000000000003,Ipswich Town,Ipswich Town,2.0,1.2000000000000002,2.700093329761388,,1.4932401567199587,4.03188778689141
tyrone_mings,2,0,DEF,Aston Villa,1,1,0,0,3,0,0,5,0.98,0.0,0.0,2.0,0.0,0.0,0.0,0.0,0.0,0.08800000000000001,0.0,0.0,0.08000000000000002,0.8,6.4,0.0,0.0,0.0,0.0,0.0,0.0,0.0,0.4,-152.4,1951.8,2104.2,45.0,0.0,Arsenal,0.0,0.0,Spurs,Spurs,0.0,0.0,0.6073128940025592,,1.019811857517635,0.6193448905271604
valentin_barco,2,1,MID,Chelsea,5,1,0,0,4,0,0,3,1.1,0.0,0.0,0.6,0.0,0.0,0.0,0.024,0.024,0.042,0.6,0.0,0.12,0.0,4.8,0.0,0.0,0.0,0.0,0.0,0.0,2.4,0.6,-679.8,316.8,996.5999999999999,55.0,0.0,Brighton,3.6,3.0,Brentford,Brentford,1.8000000000000003,1.8000000000000003,0.9450863996161506,,0.8160505338800367,0.7712382609695214
veljko_milosavljevic,2,0,DEF,Bournemouth,9,1,0,0,3,0,0,3,0.0,0.0,0.0,0.0,0.0,0.0,0.0,0.0,0.0,0.0,0.0,0.0,0.0,0.0,0.0,0.0,0.0,0.0,0.0,0.0,0.0,0.0,0.0,-133.2,44.4,177.6,50.0,0.0,Everton,1.0,0.6,Liverpool,Liverpool,2.0,1.0,0.49952893979173596,,0.7643953130520396,0.38183758031065745
victor_lindelof,2,2,DEF,Aston Villa,1,1,0,0,3,0,0,5,0.68,0.0,0.0,0.7999999999999998,0.0,0.76,0.048,0.048,0.0,2.132,2.2,0.0,1.04,9.72,90.0,0.4,0.0,0.0,0.0,0.0,1.0,0.0,0.3999999999999999,-1341.6,1065.0,2406.6,45.0,0.0,Arsenal,0.0,0.0,Spurs,Spurs,0.0,0.0,2.2967137637693344,,1.019811857517635,2.3422159296159237
victor_munoz,2,6,MID,Liverpool,18,1,0,0,4,0,0,3,3.92,0.4,0.0,20.4,0.0,13.64,0.13,0.362,0.232,1.8079999999999998,1.2,0.6,6.36,26.92,64.8,0.0,0.0,0.0,0.0,0.0,0.6,23.0,5.199999999999999,343.8,3891.6,3547.7999999999997,65.0,0.6,Nott'm Forest,2.0,1.0,Bournemouth,Bournemouth,1.0,0.6,3.6966882207185714,,0.9301694539500102,3.438546463689228
victor_torp,2,1,MID,Coventry City,11,1,0,0,2,0,0,2,1.4,0.0,0.0,4.4,0.0,8.719999999999999,0.05,0.05,0.0,0.542,0.6,0.0,1.0999999999999999,2.72,22.6,0.0,0.0,0.0,0.0,0.0,0.0,0.0,1.0,-765.0,329.4,1094.3999999999999,55.0,0.0,Hull City,0.0,0.0,Nott'm Forest,Nott'm Forest,1.2,0.6,1.8601925013964655,,0.6381415502063241,1.1870661265233202
viktor_gyokeres,2,0,FWD,Arsenal,2,0,0,0,5,0,0,3,0.96,0.0,0.0,0.0,0.0,0.0,0.0,0.0,0.0,0.0,0.0,0.0,0.0,0.0,0.0,0.0,0.0,0.0,0.0,0.0,0.0,0.0,0.0,-137611.8,5265.599999999999,142877.4,74.4,0.0,Aston Villa,1.8000000000000003,3.0,Brighton,Brighton,3.4,1.2000000000000002,0.544427755925524,14969.0,1.582233621954325,0.861411900150507
virgil_van_dijk,2,1,DEF,Liverpool,18,1,0,0,4,0,0,3,2.14,0.0,0.0,6.2,0.0,3.2199999999999998,0.022,0.12200000000000001,0.1,2.012,2.0,0.0,3.9,25.0,90.0,0.0,0.0,0.0,0.0,0.0,1.0,10.8,1.4,-2703.6,44768.4,47472.0,65.0,0.4,Nott'm Forest,2.0,1.0,Bournemouth,Bournemouth,1.0,0.6,3.3864656929542063,61014.0,1.0804752028226836,3.6589922064467557
vitalii_mykolenko,2,4,DEF,Everton,3,0,0,0,3,0,0,3,3.68,0.0,0.0,15.0,0.4,6.12,0.026000000000000002,0.026000000000000002,0.0,2.08,0.6,0.0,3.4399999999999995,27.2,90.0,0.0,0.0,0.0,0.0,0.0,1.0,0.8,4.800000000000001,7628.4,13070.4,5442.0,45.0,0.0,Bournemouth,1.4,1.8000000000000003,Ipswich Town,Ipswich Town,2.0,1.2000000000000002,2.954527095823445,,1.6711719532637075,4.937522817697816
vitaly_janelt,2,1,MID,Brentford,13,0,0,0,3,0,0,2,3.6,0.0,0.0,20.6,0.4,36.76,0.15200000000000002,0.30800000000000005,0.15600000000000003,1.104,0.6,0.4,8.0,31.119999999999997,90.0,0.0,0.0,0.0,0.0,0.0,1.0,12.000000000000002,4.2,17684.399999999998,20255.399999999998,2571.0,50.0,1.0,Leeds,1.8000000000000003,1.8000000000000003,Chelsea,Chelsea,3.6,3.0,3.871975912585574,14972.0,1.7671128467890753,6.842218377587822
vitezslav_jaros,2,0,GK,Liverpool,18,1,0,0,4,0,0,3,0.0,0.0,0.0,0.0,0.0,0.0,0.0,0.0,0.0,0.0,0.0,0.0,0.0,0.0,0.0,0.0,0.0,0.0,0.0,0.0,0.0,0.0,0.0,-9.6,97.8,107.39999999999999,40.0,0.0,Nott'm Forest,2.0,1.0,Bournemouth,Bournemouth,1.0,0.6,-0.035882011372851075,,0.5333333333333333,-0.01913707273218724
vitor_de_oliveira_nunes_dos_reis,2,1,DEF,Man City,8,0,0,0,5,0,0,3,0.98,0.0,0.0,1.7999999999999998,0.0,0.54,0.0,0.0,0.0,0.0,0.0,0.0,0.12,0.72,0.6,0.0,0.0,0.0,0.0,0.0,0.0,0.0,0.6,-82.8,61.199999999999996,144.0,45.0,0.0,Crystal Palace,3.2,3.0,Sunderland,Sunderland,1.0,1.7999999999999998,0.7566262623521017,,1.4780656828949934,1.1183433131597458
walter_benitez,2,0,GK,Crystal Palace,15,1,0,0,3,0,0,5,0.76,0.0,0.0,0.0,0.0,0.0,0.0,0.0,0.0,0.0,0.0,0.0,0.0,0.0,0.0,0.0,0.0,0.0,0.0,0.0,0.0,0.0,0.0,-544.8,280.8,825.6,45.0,0.0,Man City,0.6,0.0,Leeds,Leeds,1.0,1.8000000000000003,0.06833684706652732,,0.5333333333333333,0.03644631843548123
wellity_lucky,2,0,DEF,Liverpool,18,1,0,0,4,0,0,3,0.4,0.0,0.0,0.0,0.0,0.0,0.0,0.0,0.0,0.0,0.0,0.0,0.0,0.0,0.0,0.0,0.0,0.0,0.0,0.0,0.0,0.0,0.0,-317.4,364.8,682.1999999999999,40.0,0.0,Nott'm Forest,2.0,1.0,Bournemouth,Bournemouth,1.0,0.6,0.1552805503165371,,1.0804752028226836,0.16777678409767835
wes_burns,2,0,MID,Ipswich Town,16,0,0,0,2,0,0,4,0.0,0.0,0.0,0.0,0.0,0.0,0.0,0.0,0.0,0.0,0.0,0.0,0.0,0.0,0.0,0.0,0.0,0.0,0.0,0.0,0.0,0.0,0.0,-114.6,0.0,114.6,50.0,0.0,Man Utd,2.0,1.2000000000000002,Everton,Everton,1.4,1.8000000000000003,0.22943081475104332,,0.7982745554351512,0.18314878164851364
wesley_fofana,2,0,DEF,Chelsea,5,1,0,0,4,0,0,3,0.0,0.0,0.0,-1.2,0.0,0.54,0.006,0.006,0.0,0.756,1.2,0.0,1.2,11.639999999999999,40.199999999999996,0.0,0.0,0.0,0.0,0.0,0.6,0.0,0.0,331.2,487.79999999999995,156.6,50.0,0.6,Brighton,3.6,3.0,Brentford,Brentford,1.8000000000000003,1.8000000000000003,1.3429409386756082,,0.68566995056119,0.9208142470283023
wilfried_gnonto,2,0,MID,Leeds,4,1,0,0,2,0,0,3,0.0,0.0,0.0,0.0,0.0,0.0,0.0,0.0,0.0,0.0,0.0,0.0,0.0,0.0,0.0,0.0,0.0,0.0,0.0,0.0,0.0,0.0,0.0,-406.8,10.799999999999999,417.59999999999997,50.0,0.0,Brentford,1.0,1.8000000000000003,Crystal Palace,Crystal Palace,0.6,0.0,0.22005688066128104,,1.5038801820573349,0.33093918175185655
will_dennis,2,0,GK,Bournemouth,9,1,0,0,3,0,0,3,0.4,0.0,0.0,0.0,0.0,0.0,0.0,0.0,0.0,0.0,0.0,0.0,0.0,0.0,0.0,0.0,0.0,0.0,0.0,0.0,0.0,0.0,0.0,-230.39999999999998,679.8,910.1999999999999,40.0,0.0,Everton,1.0,0.6,Liverpool,Liverpool,2.0,1.0,0.03261830726466397,,0.5,0.016309153632331985
will_hughes,2,0,MID,Crystal Palace,15,1,0,0,3,0,0,5,0.4,0.0,0.0,0.0,0.0,0.0,0.0,0.0,0.0,0.0,0.0,0.0,0.0,0.0,0.0,0.0,0.0,0.0,0.0,0.0,0.0,0.0,0.0,-41998.799999999996,12109.199999999999,54108.0,45.0,0.0,Man City,0.6,0.0,Leeds,Leeds,1.0,1.8000000000000003,0.1613447465733342,,0.5651568807099125,0.09118509369231691
william_osula,2,0,FWD,Newcastle,19,0,0,0,3,0,0,3,0.8,0.4,0.0,7.2,0.0,5.48,0.05600000000000001,0.08000000000000002,0.024,0.592,0.4,0.0,2.0,11.280000000000001,22.0,0.0,0.0,0.0,0.0,0.0,0.4,3.2,1.6,-3697.7999999999997,12206.4,15904.199999999999,60.0,0.0,Spurs,2.0,2.1999999999999997,Hull City,Hull City,1.4,3.0,0.6810790303451824,14974.0,1.061217860464382,0.7227732313900703
william_saliba,2,0,DEF,Arsenal,2,0,0,0,5,0,0,3,0.0,0.0,0.0,0.0,0.0,0.0,0.0,0.0,0.0,0.0,0.0,0.0,0.0,0.0,0.0,0.0,0.0,0.0,0.0,0.0,0.0,0.0,0.0,-3582.0,507.59999999999997,4089.6,60.0,0.0,Aston Villa,1.8000000000000003,3.0,Brighton,Brighton,3.4,1.2000000000000002,1.0225634867116544,14970.0,0.894485666072681,0.9146683815128773
wilson_isidor,2,8,FWD,Sunderland,10,1,0,0,2,0,0,3,3.42,0.0,1.7999999999999998,18.599999999999998,0.0,0.14,0.0,0.834,0.834,0.262,0.4,0.6,3.24,17.52,24.8,0.0,0.0,0.0,0.0,0.0,0.0,15.0,5.2,-6270.599999999999,1482.0,7752.599999999999,55.0,0.0,Fulham,1.0,1.7999999999999998,Man City,Man City,3.2,3.0,2.988796460522466,79641.0,1.1334460201369865,3.3876394531787013
wilson_odobert,2,0,MID,Spurs,17,1,0,0,3,0,0,3,0.0,0.0,0.0,0.0,0.0,0.0,0.0,0.0,0.0,0.0,0.0,0.0,0.0,0.0,0.0,0.0,0.0,0.0,0.0,0.0,0.0,0.0,0.0,-1.7999999999999998,9.6,11.4,55.0,0.0,Newcastle,0.0,0.0,Aston Villa,Aston Villa,0.0,0.0,0.339708721644838,,0.6538786453494989,0.22212827872253668
xaver_schlager,2,4,MID,Nott'm Forest,14,0,0,0,3,0,0,4,2.1,0.0,0.0,10.2,0.0,0.8200000000000001,0.0,0.03,0.03,1.102,1.6,0.0,1.9,12.959999999999999,60.4,0.0,0.0,0.0,0.0,0.0,0.6,5.0,2.8,-591.6,94.8,686.4,50.0,0.0,Liverpool,1.2,0.6,Coventry City,Coventry City,0.0,0.0,2.7425254316835312,,1.3950956615770052,3.8260853315062975
xavi_simons,2,0,MID,Spurs,17,1,0,0,3,0,0,3,0.0,0.0,0.0,0.0,0.0,0.0,0.0,0.0,0.0,0.0,0.0,0.0,0.0,0.0,0.0,0.0,0.0,0.0,0.0,0.0,0.0,0.0,0.0,-167.4,46.199999999999996,213.6,60.0,0.0,Newcastle,0.0,0.0,Aston Villa,Aston Villa,0.0,0.0,0.4599700333353258,,0.6538786453494989,0.3007645822986667
yankuba_minteh,2,0,MID,Brighton,6,0,0,0,3,0,0,4,0.0,0.0,0.0,0.0,0.0,0.0,0.0,0.0,0.0,0.0,0.0,0.0,0.0,0.0,0.0,0.0,0.0,0.0,0.0,0.0,0.0,0.0,0.0,-2028.6,84.0,2112.6,60.0,0.0,Chelsea,3.4,1.2000000000000002,Arsenal,Arsenal,1.8000000000000003,3.0,0.45772548122455925,,0.817801162420519,0.37432843061493604
yasin_ayari,2,0,MID,Brighton,6,0,0,0,3,0,0,4,1.4,0.0,0.0,3.2,0.4,6.0,0.012,0.05600000000000001,0.044000000000000004,0.07600000000000001,0.0,0.0,0.68,0.0,25.200000000000003,0.0,0.0,0.0,0.0,0.0,0.4,2.4000000000000004,0.8,-2566.2,2000.3999999999999,4566.599999999999,55.0,0.4,Chelsea,3.4,1.2000000000000002,Arsenal,Arsenal,1.8000000000000003,3.0,1.126744493865147,,0.817801162420519,0.9214529568338365
yehor_yarmoliuk,2,1,MID,Brentford,13,0,0,0,3,0,0,2,1.2000000000000002,0.0,0.0,5.2,0.0,7.82,0.006,0.022,0.016,0.8320000000000001,0.6,0.0,1.44,2.6799999999999997,21.8,0.0,0.0,0.0,0.0,0.0,0.0,3.6,1.0,-7460.4,447.0,7907.4,50.0,0.0,Leeds,1.8000000000000003,1.8000000000000003,Chelsea,Chelsea,3.6,3.0,1.729200829002766,,1.7671128467890753,3.055692999609107
yeremy_pino_santos,2,5,MID,Crystal Palace,15,1,0,0,3,0,0,5,2.5999999999999996,0.6,0.0,17.8,0.0,23.04,0.05,0.104,0.054,1.3139999999999998,1.7999999999999998,0.0,3.8000000000000003,7.28,54.199999999999996,0.0,0.0,0.0,0.0,0.0,0.6,7.8,3.4,-1286.3999999999999,188.4,1474.8,55.0,0.0,Man City,0.6,0.0,Leeds,Leeds,1.0,1.8000000000000003,2.5559426503830167,,0.5651568807099125,1.4445085755638922
yoane_wissa,2,8,FWD,Newcastle,19,0,0,0,3,0,0,3,4.3999999999999995,0.4,1.2,25.0,0.6,12.700000000000001,0.008,0.618,0.61,1.32,0.4,0.6,8.08,29.36,84.6,0.0,0.0,0.0,0.0,0.0,1.0,38.8,6.4,80921.4,95374.2,14452.8,60.0,0.4,Spurs,2.0,2.1999999999999997,Hull City,Hull City,1.4,3.0,4.267631101469197,14971.0,1.061217860464382,4.528886346752396
youri_tielemans,2,4,MID,Man Utd,12,1,0,0,4,0,0,2,2.6799999999999997,0.0,0.0,20.8,0.0,32.3,0.11,0.408,0.298,1.612,2.0,0.0,6.8,21.92,80.4,0.0,0.0,0.0,0.0,0.0,1.0,13.6,3.2,-13843.8,7578.599999999999,21422.399999999998,60.0,0.0,Ipswich Town,3.0,1.7999999999999998,Fulham,Fulham,0.8,0.0,3.5681283243243547,14974.0,1.7414873164264433,6.2138502201928025
zach_abbott,2,0,DEF,Nott'm Forest,14,0,0,0,3,0,0,4,0.4,0.0,0.0,0.0,0.0,0.0,0.0,0.0,0.0,0.0,0.0,0.0,0.0,0.0,0.0,0.0,0.0,0.0,0.0,0.0,0.0,0.0,0.0,-736.1999999999999,597.6,1333.8,40.0,0.0,Liverpool,1.2,0.6,Coventry City,Coventry City,0.0,0.0,0.05634801457870986,,2.0,0.11269602915741972
zadok_yohanna,2,0,MID,Brighton,6,0,0,0,3,0,0,4,0.9000000000000001,0.0,0.0,1.2000000000000002,0.0,0.52,0.012,0.012,0.0,0.0,0.0,0.0,0.08000000000000002,0.08000000000000002,4.800000000000001,0.0,0.0,0.0,0.0,0.0,0.0,0.0,0.4,-303.59999999999997,223.79999999999998,527.4,50.0,0.0,Chelsea,3.4,1.2000000000000002,Arsenal,Arsenal,1.8000000000000003,3.0,0.7036433801376076,,0.817801162420519,0.5754403742060387
zavier_gozo,2,1,MID,Crystal Palace,15,1,0,0,3,0,0,5,0.9000000000000001,0.0,0.0,1.7999999999999998,0.0,0.78,0.0,0.0,0.0,0.12,0.6,0.0,0.18,0.84,13.2,0.0,0.0,0.0,0.0,0.0,0.0,0.0,0.6,-43.199999999999996,60.599999999999994,103.8,50.0,0.0,Man City,0.6,0.0,Leeds,Leeds,1.0,1.8000000000000003,1.0935975317274989,,0.5651568807099125,0.6180541697831728
zion_suzuki,2,2,GK,Aston Villa,1,1,0,0,3,0,0,5,1.6400000000000001,0.0,0.0,4.8,0.0,0.0,0.0,0.0,0.0,0.624,0.6,0.0,0.84,8.16,54.0,0.0,0.0,0.0,0.0,0.6,0.6,0.0,1.2,-1525.2,2537.4,4062.6,50.0,0.0,Arsenal,0.0,0.0,Spurs,Spurs,0.0,0.0,1.6796706212937305,14971.0,1.8666666666666665,3.1353851597482967
