full_name,position,team,owner,total_predicted_points,avg_predicted_points,total_predicted_points_adj,avg_predicted_points_adj,n_gws_with_fixture,gw4_predicted_points,gw4_predicted_points_adj,gw5_predicted_points,gw5_predicted_points_adj,gw6_predicted_points,gw6_predicted_points_adj,gw7_predicted_points,gw7_predicted_points_adj,gw8_predicted_points,gw8_predicted_points_adj,gw9_predicted_points,gw9_predicted_points_adj,gw10_predicted_points,gw10_predicted_points_adj,gw11_predicted_points,gw11_predicted_points_adj,gw12_predicted_points,gw12_predicted_points_adj,gw13_predicted_points,gw13_predicted_points_adj,gw14_predicted_points,gw14_predicted_points_adj,gw15_predicted_points,gw15_predicted_points_adj,gw16_predicted_points,gw16_predicted_points_adj,gw17_predicted_points,gw17_predicted_points_adj,gw18_predicted_points,gw18_predicted_points_adj,gw19_predicted_points,gw19_predicted_points_adj,gw20_predicted_points,gw20_predicted_points_adj,gw21_predicted_points,gw21_predicted_points_adj,gw22_predicted_points,gw22_predicted_points_adj,gw23_predicted_points,gw23_predicted_points_adj,gw24_predicted_points,gw24_predicted_points_adj,gw25_predicted_points,gw25_predicted_points_adj,gw26_predicted_points,gw26_predicted_points_adj,gw27_predicted_points,gw27_predicted_points_adj,gw28_predicted_points,gw28_predicted_points_adj,gw29_predicted_points,gw29_predicted_points_adj,gw30_predicted_points,gw30_predicted_points_adj,gw31_predicted_points,gw31_predicted_points_adj,gw32_predicted_points,gw32_predicted_points_adj,gw33_predicted_points,gw33_predicted_points_adj,gw34_predicted_points,gw34_predicted_points_adj,gw35_predicted_points,gw35_predicted_points_adj,gw36_predicted_points,gw36_predicted_points_adj,gw37_predicted_points,gw37_predicted_points_adj,gw38_predicted_points,gw38_predicted_points_adj
erling_haaland,FWD,Man City,14974.0,207.26305073359285,5.921801449531224,330.9973690332866,9.457067686665331,35,5.921801449531228,9.899649871284,5.921801449531228,11.325458690716067,5.921801449531228,7.2938887622278346,5.921801449531228,11.843602899062455,5.921801449531228,6.591013574780595,5.921801449531228,11.843602899062455,5.921801449531228,9.163807270652693,5.921801449531228,11.843602899062455,5.921801449531228,5.952958743125645,5.921801449531228,5.86939999167625,5.921801449531228,11.843602899062455,5.921801449531228,11.843602899062455,5.921801449531228,6.975343633336113,5.921801449531228,5.740625369146935,5.921801449531228,11.843602899062455,5.921801449531228,11.27892693200222,5.921801449531228,5.86939999167625,5.921801449531228,9.163807270652693,5.921801449531228,11.843602899062455,5.921801449531228,5.952958743125645,5.921801449531228,11.843602899062455,5.921801449531228,11.27892693200222,5.921801449531228,5.740625369146935,5.921801449531228,6.975343633336113,5.921801449531228,11.843602899062455,5.921801449531228,11.843602899062455,5.921801449531228,9.899649871284,5.921801449531228,5.004782768515628,5.921801449531228,11.843602899062455,5.921801449531228,11.843602899062455,5.921801449531228,11.843602899062455,5.921801449531228,7.2938887622278346,5.921801449531228,11.843602899062455,5.921801449531228,6.591013574780595,5.921801449531228,11.325458690716067
alexander_isak,FWD,Liverpool,14973.0,161.07453262516233,4.602129503576067,278.9806127712505,7.970874650607157,35,4.602129503576068,9.204259007152135,4.602129503576068,4.6303192883898845,4.602129503576068,7.876842859276871,4.602129503576068,9.204259007152135,4.602129503576068,9.204259007152135,4.602129503576068,5.50755166931234,4.602129503576068,9.204259007152135,4.602129503576068,9.15894692486484,4.602129503576068,9.204259007152135,4.602129503576068,9.204259007152135,4.602129503576068,9.204259007152135,4.602129503576068,5.430244877700152,4.602129503576068,9.204259007152135,4.602129503576068,6.453440571240436,4.602129503576068,6.097866520268103,4.602129503576068,9.204259007152135,4.602129503576068,9.204259007152135,4.602129503576068,9.204259007152135,4.602129503576068,9.15894692486484,4.602129503576068,9.204259007152135,4.602129503576068,5.50755166931234,4.602129503576068,9.204259007152135,4.602129503576068,6.453440571240436,4.602129503576068,9.204259007152135,4.602129503576068,6.097866520268103,4.602129503576068,9.204259007152135,4.602129503576068,9.204259007152135,4.602129503576068,5.311105317377244,4.602129503576068,8.47816089587748,4.602129503576068,5.430244877700152,4.602129503576068,9.204259007152135,4.602129503576068,7.876842859276871,4.602129503576068,9.204259007152135,4.602129503576068,9.204259007152135,4.602129503576068,4.6303192883898845
bruno_borges_fernandes,MID,Man Utd,14969.0,208.3254757305183,5.95215644944338,247.01794857363268,7.057655673532362,35,5.95215644944338,5.469668218004615,5.95215644944338,8.847826037733666,5.95215644944338,7.650895350259771,5.95215644944338,4.759203481035493,5.95215644944338,6.550401435827436,5.95215644944338,8.93704247588558,5.95215644944338,8.629438604481823,5.95215644944338,7.908959234287879,5.95215644944338,4.39226741678974,5.95215644944338,7.927582000638765,5.95215644944338,7.9094818171288885,5.95215644944338,10.243015857782988,5.95215644944338,3.735104574655219,5.95215644944338,7.715752166508814,5.95215644944338,6.178496519170015,5.95215644944338,6.342230215698519,5.95215644944338,7.927582000638765,5.95215644944338,8.629438604481823,5.95215644944338,7.908959234287879,5.95215644944338,4.39226741678974,5.95215644944338,8.93704247588558,5.95215644944338,6.342230215698519,5.95215644944338,7.715752166508814,5.95215644944338,3.735104574655219,5.95215644944338,6.178496519170015,5.95215644944338,6.590429931272797,5.95215644944338,5.469668218004615,5.95215644944338,4.272934928635147,5.95215644944338,9.759852901946312,5.95215644944338,10.243015857782988,5.95215644944338,7.9094818171288885,5.95215644944338,6.550401435827436,5.95215644944338,4.759203481035493,5.95215644944338,7.650895350259771,5.95215644944338,8.847826037733666
joao_pedro_junqueira_de_jesus,FWD,Chelsea,61014.0,166.97862902238856,4.770817972068245,246.561588670534,7.044616819158114,35,4.770817972068246,5.136184186273604,4.770817972068246,9.541635944136493,4.770817972068246,3.68519279660067,4.770817972068246,9.541635944136493,4.770817972068246,8.305059820913602,4.770817972068246,7.289450927626337,4.770817972068246,8.33932274698987,4.770817972068246,4.32184004184233,4.770817972068246,6.747624843118244,4.770817972068246,9.541635944136493,4.770817972068246,5.37073986404824,4.770817972068246,6.2690459894951305,4.770817972068246,4.853188813883849,4.770817972068246,8.971631910924724,4.770817972068246,9.541635944136493,4.770817972068246,4.227018881108764,4.770817972068246,9.541635944136493,4.770817972068246,8.33932274698987,4.770817972068246,4.32184004184233,4.770817972068246,6.747624843118244,4.770817972068246,7.289450927626337,4.770817972068246,4.227018881108764,4.770817972068246,9.541635944136493,4.770817972068246,4.853188813883849,4.770817972068246,8.971631910924724,4.770817972068246,4.38336720958903,4.770817972068246,5.136184186273604,4.770817972068246,9.541635944136493,4.770817972068246,9.270896318065823,4.770817972068246,6.2690459894951305,4.770817972068246,5.37073986404824,4.770817972068246,8.305059820913602,4.770817972068246,9.541635944136493,4.770817972068246,3.68519279660067,4.770817972068246,9.541635944136493
gabriel_dos_santos_magalhaes,DEF,Arsenal,14972.0,155.73639153327437,4.449611186664982,245.10442796155442,7.002983656044412,35,4.449611186664983,6.3911611755655215,4.449611186664983,5.4953370722832116,4.449611186664983,8.747589655784061,4.449611186664983,8.899222373329966,4.449611186664983,5.772550216820621,4.449611186664983,5.384151806399164,4.449611186664983,8.490207716628797,4.449611186664983,2.2248055933324915,4.449611186664983,3.7429594633434062,4.449611186664983,6.051330101559379,4.449611186664983,8.899222373329966,4.449611186664983,8.899222373329966,4.449611186664983,8.899222373329966,4.449611186664983,7.628423467096137,4.449611186664983,8.899222373329966,4.449611186664983,7.348936791454826,4.449611186664983,6.051330101559379,4.449611186664983,8.490207716628797,4.449611186664983,2.2248055933324915,4.449611186664983,3.7429594633434062,4.449611186664983,5.384151806399164,4.449611186664983,7.348936791454826,4.449611186664983,8.899222373329966,4.449611186664983,8.899222373329966,4.449611186664983,7.628423467096137,4.449611186664983,3.7588533610596446,4.449611186664983,6.3911611755655215,4.449611186664983,8.899222373329966,4.449611186664983,8.899222373329966,4.449611186664983,8.899222373329966,4.449611186664983,8.899222373329966,4.449611186664983,8.747589655784061,4.449611186664983,8.899222373329966,4.449611186664983,5.772550216820621,4.449611186664983,5.4953370722832116
bukayo_saka,MID,Arsenal,50210.0,186.62987379113,5.332282108318,233.1719645579332,6.662056130226663,35,5.332282108318004,5.8678928991081545,5.332282108318004,6.023395421804954,5.332282108318004,4.5199501569890765,5.332282108318004,7.32786806768606,5.332282108318004,6.259117711857262,5.332282108318004,7.5113622846951165,5.332282108318004,4.058127158977111,5.332282108318004,7.529048852631678,5.332282108318004,5.194698612732786,5.332282108318004,4.171460598221213,5.332282108318004,7.266271714860463,5.332282108318004,6.221101517552216,5.332282108318004,5.137745141513608,5.332282108318004,9.72808187733853,5.332282108318004,8.403030643179191,5.332282108318004,9.26920835222291,5.332282108318004,4.171460598221213,5.332282108318004,4.058127158977111,5.332282108318004,7.529048852631678,5.332282108318004,5.194698612732786,5.332282108318004,7.5113622846951165,5.332282108318004,9.26920835222291,5.332282108318004,8.403030643179191,5.332282108318004,5.137745141513608,5.332282108318004,9.72808187733853,5.332282108318004,8.487762017922389,5.332282108318004,5.8678928991081545,5.332282108318004,7.511858596400147,5.332282108318004,8.195621920869984,5.332282108318004,6.221101517552216,5.332282108318004,7.266271714860463,5.332282108318004,4.5199501569890765,5.332282108318004,7.32786806768606,5.332282108318004,6.259117711857262,5.332282108318004,6.023395421804954
cole_palmer,MID,Chelsea,15210.0,170.52237193379008,4.8720677695368595,223.69782490100394,6.391366425742969,35,4.872067769536859,3.9553133572851737,4.872067769536859,4.0657754617260435,4.872067769536859,6.063488147474319,4.872067769536859,6.100541190722426,4.872067769536859,7.0821786616206746,4.872067769536859,5.00757891225813,4.872067769536859,5.719228169481865,4.872067769536859,4.405435938756632,4.872067769536859,7.142214453390332,4.872067769536859,9.481618165927447,4.872067769536859,7.321059792407121,4.872067769536859,5.063089451142711,4.872067769536859,7.987983516772559,4.872067769536859,7.321543529914446,4.872067769536859,9.03437033162059,4.872067769536859,7.338298266132437,4.872067769536859,9.481618165927447,4.872067769536859,5.719228169481865,4.872067769536859,4.405435938756632,4.872067769536859,7.142214453390332,4.872067769536859,5.00757891225813,4.872067769536859,7.338298266132437,4.872067769536859,9.03437033162059,4.872067769536859,7.987983516772559,4.872067769536859,7.321543529914446,4.872067769536859,3.4574617357231023,4.872067769536859,3.9553133572851737,4.872067769536859,8.190137480320079,4.872067769536859,5.870790991694964,4.872067769536859,5.063089451142711,4.872067769536859,7.321059792407121,4.872067769536859,7.0821786616206746,4.872067769536859,6.100541190722426,4.872067769536859,6.063488147474319,4.872067769536859,4.0657754617260435
konstantinos_tzolakis,GK,Hull City,,113.62871994615644,3.2465348556044695,220.33149886702344,6.295185681914956,35,3.246534855604472,6.252585647830836,3.246534855604472,5.002068518264668,3.246534855604472,6.493069711208944,3.246534855604472,6.493069711208944,3.246534855604472,6.493069711208944,3.246534855604472,6.493069711208944,3.246534855604472,6.493069711208944,3.246534855604472,6.493069711208944,3.246534855604472,6.493069711208944,3.246534855604472,6.493069711208944,3.246534855604472,6.493069711208944,3.246534855604472,6.493069711208944,3.246534855604472,6.252585647830836,3.246534855604472,5.002068518264668,3.246534855604472,6.493069711208944,3.246534855604472,6.493069711208944,3.246534855604472,6.493069711208944,3.246534855604472,6.493069711208944,3.246534855604472,6.493069711208944,3.246534855604472,6.493069711208944,3.246534855604472,6.493069711208944,3.246534855604472,6.493069711208944,3.246534855604472,5.002068518264668,3.246534855604472,6.252585647830836,3.246534855604472,6.493069711208944,3.246534855604472,6.493069711208944,3.246534855604472,6.252585647830836,3.246534855604472,6.493069711208944,3.246534855604472,6.493069711208944,3.246534855604472,6.493069711208944,3.246534855604472,6.493069711208944,3.246534855604472,6.493069711208944,3.246534855604472,6.493069711208944,3.246534855604472,6.493069711208944,3.246534855604472,5.002068518264668
martin_odegaard,MID,Arsenal,14972.0,162.67749371814648,4.647928391947042,203.24629722502553,5.8070370635721575,35,4.647928391947041,5.114798026931906,4.647928391947041,5.250343104176483,4.647928391947041,3.939852438055239,4.647928391947041,6.387397619325081,4.647928391947041,5.455812413994095,4.647928391947041,6.547341891527797,4.647928391947041,3.5373005510938405,4.647928391947041,6.562758536708705,4.647928391947041,4.528002584871623,4.647928391947041,3.6360885933090006,4.647928391947041,6.333706642118178,4.647928391947041,5.422675279597442,4.647928391947041,4.478358614331013,4.647928391947041,8.479564103769787,4.647928391947041,7.324572089670153,4.647928391947041,8.079583149579333,4.647928391947041,3.6360885933090006,4.647928391947041,3.5373005510938405,4.647928391947041,6.562758536708705,4.647928391947041,4.528002584871623,4.647928391947041,6.547341891527797,4.647928391947041,8.079583149579333,4.647928391947041,7.324572089670153,4.647928391947041,4.478358614331013,4.647928391947041,8.479564103769787,4.647928391947041,7.398428902636458,4.647928391947041,5.114798026931906,4.647928391947041,6.547774505785297,4.647928391947041,7.143782538484438,4.647928391947041,5.422675279597442,4.647928391947041,6.333706642118178,4.647928391947041,3.939852438055239,4.647928391947041,6.387397619325081,4.647928391947041,5.455812413994095,4.647928391947041,5.250343104176483
david_raya_martin,GK,Arsenal,14972.0,123.06321595303686,3.5160918843724818,200.8079142852727,5.7373689795792195,35,3.5160918843724787,5.469476264579411,3.5160918843724787,4.688122512496639,3.5160918843724787,5.469476264579411,3.5160918843724787,7.032183768744957,3.5160918843724787,5.469476264579411,3.5160918843724787,3.1254150083310925,3.5160918843724787,7.032183768744957,3.5160918843724787,3.1254150083310925,3.5160918843724787,3.906768760413866,3.5160918843724787,5.469476264579411,3.5160918843724787,7.032183768744957,3.5160918843724787,6.250830016662185,3.5160918843724787,7.032183768744957,3.5160918843724787,6.250830016662185,3.5160918843724787,7.032183768744957,3.5160918843724787,7.032183768744957,3.5160918843724787,5.469476264579411,3.5160918843724787,7.032183768744957,3.5160918843724787,3.1254150083310925,3.5160918843724787,3.906768760413866,3.5160918843724787,3.1254150083310925,3.5160918843724787,7.032183768744957,3.5160918843724787,7.032183768744957,3.5160918843724787,7.032183768744957,3.5160918843724787,6.250830016662185,3.5160918843724787,3.906768760413866,3.5160918843724787,5.469476264579411,3.5160918843724787,7.032183768744957,3.5160918843724787,7.032183768744957,3.5160918843724787,6.250830016662185,3.5160918843724787,7.032183768744957,3.5160918843724787,5.469476264579411,3.5160918843724787,7.032183768744957,3.5160918843724787,5.469476264579411,3.5160918843724787,4.688122512496639
morgan_rogers,MID,Chelsea,14970.0,151.78027859509402,4.336579388431257,199.11122393825292,5.688892112521512,35,4.336579388431255,3.5205853430935017,4.336579388431255,3.6189065709541217,4.336579388431255,5.3970508962838055,4.336579388431255,5.430031444016143,4.336579388431255,6.30377725884782,4.336579388431255,4.457196517795138,4.336579388431255,5.090628490963735,4.336579388431255,3.9212350059084646,4.336579388431255,6.357214523982822,4.336579388431255,8.439494656546003,4.336579388431255,6.516402993352356,4.336579388431255,4.506605900044036,4.336579388431255,7.11002521158638,4.336579388431255,6.516833563328577,4.336579388431255,8.0414037777814,4.336579388431255,6.531746788509032,4.336579388431255,8.439494656546003,4.336579388431255,5.090628490963735,4.336579388431255,3.9212350059084646,4.336579388431255,6.357214523982822,4.336579388431255,4.457196517795138,4.336579388431255,6.531746788509032,4.336579388431255,8.0414037777814,4.336579388431255,7.11002521158638,4.336579388431255,6.516833563328577,4.336579388431255,3.0774525332294074,4.336579388431255,3.5205853430935017,4.336579388431255,7.289960457374883,4.336579388431255,5.2255330616619124,4.336579388431255,4.506605900044036,4.336579388431255,6.516402993352356,4.336579388431255,6.30377725884782,4.336579388431255,5.430031444016143,4.336579388431255,5.3970508962838055,4.336579388431255,3.6189065709541217
bart_verbruggen,GK,Brighton,61014.0,161.1553836633409,4.6044395332383115,198.2978625647965,5.665653216137043,35,4.604439533238311,9.208879066476621,4.604439533238311,3.6835516265906487,4.604439533238311,4.29747689768909,4.604439533238311,4.911402168787531,4.604439533238311,2.4557010843937657,4.604439533238311,3.069626355492207,4.604439533238311,4.29747689768909,4.604439533238311,7.981028524279737,4.604439533238311,2.4557010843937657,4.604439533238311,4.911402168787531,4.604439533238311,9.208879066476621,4.604439533238311,4.29747689768909,4.604439533238311,6.753177982082855,4.604439533238311,6.139252710984414,4.604439533238311,9.208879066476621,4.604439533238311,7.981028524279737,4.604439533238311,4.911402168787531,4.604439533238311,4.29747689768909,4.604439533238311,3.069626355492207,4.604439533238311,2.4557010843937657,4.604439533238311,7.981028524279737,4.604439533238311,7.981028524279737,4.604439533238311,9.208879066476621,4.604439533238311,6.753177982082855,4.604439533238311,6.139252710984414,4.604439533238311,4.29747689768909,4.604439533238311,9.208879066476621,4.604439533238311,9.208879066476621,4.604439533238311,3.069626355492207,4.604439533238311,4.29747689768909,4.604439533238311,9.208879066476621,4.604439533238311,4.29747689768909,4.604439533238311,4.911402168787531,4.604439533238311,2.4557010843937657,4.604439533238311,3.6835516265906487
kai_havertz,FWD,Arsenal,14972.0,149.6010805303597,4.274316586581706,196.4851861298933,5.613862460854094,35,4.274316586581706,5.824813819886007,4.274316586581706,6.4754952691682535,4.274316586581706,3.0187000032042897,4.274316586581706,4.713051602636222,4.274316586581706,8.548633173163411,4.274316586581706,3.751330981213418,4.274316586581706,3.587499553304289,4.274316586581706,2.9524697319681907,4.274316586581706,4.378775930010968,4.274316586581706,6.822070864357683,4.274316586581706,5.800882000555617,4.274316586581706,2.5740174090674297,4.274316586581706,5.091503925536981,4.274316586581706,8.548633173163411,4.274316586581706,8.548633173163411,4.274316586581706,8.548633173163411,4.274316586581706,6.822070864357683,4.274316586581706,3.587499553304289,4.274316586581706,2.9524697319681907,4.274316586581706,4.378775930010968,4.274316586581706,3.751330981213418,4.274316586581706,8.548633173163411,4.274316586581706,8.548633173163411,4.274316586581706,5.091503925536981,4.274316586581706,8.548633173163411,4.274316586581706,8.458598014335115,4.274316586581706,5.824813819886007,4.274316586581706,6.26646636989167,4.274316586581706,3.389834178540537,4.274316586581706,2.5740174090674297,4.274316586581706,5.800882000555617,4.274316586581706,3.0187000032042897,4.274316586581706,4.713051602636222,4.274316586581706,8.548633173163411,4.274316586581706,6.4754952691682535
benjamin_white,DEF,Arsenal,14971.0,122.50440667062173,3.5001259048749067,192.80254424899138,5.508644121399754,35,3.500125904874907,5.027376068243399,3.500125904874907,4.322708397614894,3.500125904874907,6.880975409982672,3.500125904874907,7.000251809749814,3.500125904874907,4.540768103882051,3.500125904874907,4.2352485245978,3.500125904874907,6.678515205058681,3.500125904874907,1.7500629524374536,3.500125904874907,2.9442638533916727,3.500125904874907,4.760060229732604,3.500125904874907,7.000251809749814,3.500125904874907,7.000251809749814,3.500125904874907,7.000251809749814,3.500125904874907,6.000623755746854,3.500125904874907,7.000251809749814,3.500125904874907,5.780775658364502,3.500125904874907,4.760060229732604,3.500125904874907,6.678515205058681,3.500125904874907,1.7500629524374536,3.500125904874907,2.9442638533916727,3.500125904874907,4.2352485245978,3.500125904874907,5.780775658364502,3.500125904874907,7.000251809749814,3.500125904874907,7.000251809749814,3.500125904874907,6.000623755746854,3.500125904874907,2.9567662138884185,3.500125904874907,5.027376068243399,3.500125904874907,7.000251809749814,3.500125904874907,7.000251809749814,3.500125904874907,7.000251809749814,3.500125904874907,7.000251809749814,3.500125904874907,6.880975409982672,3.500125904874907,7.000251809749814,3.500125904874907,4.540768103882051,3.500125904874907,4.322708397614894
bryan_mbeumo,MID,Man Utd,79641.0,162.34058460203119,4.638302417200891,192.49224338991144,5.499778382568898,35,4.638302417200891,4.262316612868969,4.638302417200891,6.894794054284448,4.638302417200891,5.962068823002722,4.638302417200891,3.708676879973836,4.638302417200891,5.104493316246055,4.638302417200891,6.9643172303381915,4.638302417200891,6.724612546432273,4.638302417200891,6.163168768416919,4.638302417200891,3.422736742444619,4.638302417200891,6.177680823487037,4.638302417200891,6.1635759985149905,4.638302417200891,7.982015529350685,4.638302417200891,2.9106332678371594,4.638302417200891,6.012609417850162,4.638302417200891,4.814681129931241,4.638302417200891,4.94227293751157,4.638302417200891,6.177680823487037,4.638302417200891,6.724612546432273,4.638302417200891,6.163168768416919,4.638302417200891,3.422736742444619,4.638302417200891,6.9643172303381915,4.638302417200891,4.94227293751157,4.638302417200891,6.012609417850162,4.638302417200891,2.9106332678371594,4.638302417200891,4.814681129931241,4.638302417200891,5.13568608961452,4.638302417200891,4.262316612868969,4.638302417200891,3.3297452068626194,4.638302417200891,7.605503936452491,4.638302417200891,7.982015529350685,4.638302417200891,6.1635759985149905,4.638302417200891,5.104493316246055,4.638302417200891,3.708676879973836,4.638302417200891,5.962068823002722,4.638302417200891,6.894794054284448
riccardo_calafiori,DEF,Arsenal,15210.0,121.17890526594402,3.4622544361698293,190.71641485844134,5.4490404245268955,35,3.46225443616983,4.9729797063376875,3.46225443616983,4.275936561329395,3.46225443616983,6.806523046844359,3.46225443616983,6.92450887233966,3.46225443616983,4.491636854945071,3.46225443616983,4.189423006797388,3.46225443616983,6.606253467493043,3.46225443616983,1.731127218084915,3.46225443616983,2.9124068289835185,3.46225443616983,4.7085562333267825,3.46225443616983,6.92450887233966,3.46225443616983,6.92450887233966,3.46225443616983,6.92450887233966,3.46225443616983,5.9356968242727035,3.46225443616983,6.92450887233966,3.46225443616983,5.718227489988071,3.46225443616983,4.7085562333267825,3.46225443616983,6.606253467493043,3.46225443616983,1.731127218084915,3.46225443616983,2.9124068289835185,3.46225443616983,4.189423006797388,3.46225443616983,5.718227489988071,3.46225443616983,6.92450887233966,3.46225443616983,6.92450887233966,3.46225443616983,5.9356968242727035,3.46225443616983,2.9247739135595805,3.46225443616983,4.9729797063376875,3.46225443616983,6.92450887233966,3.46225443616983,6.92450887233966,3.46225443616983,6.92450887233966,3.46225443616983,6.92450887233966,3.46225443616983,6.806523046844359,3.46225443616983,6.92450887233966,3.46225443616983,4.491636854945071,3.46225443616983,4.275936561329395
james_tarkowski,DEF,Everton,14973.0,130.8341276977103,3.7381179342202944,188.9465343699987,5.398472410571391,35,3.7381179342202913,7.4762358684405825,3.7381179342202913,5.547167245930117,3.7381179342202913,6.408628008828329,3.7381179342202913,2.8372795736887326,3.7381179342202913,3.1958796990896903,3.7381179342202913,1.8690589671101456,3.7381179342202913,7.4762358684405825,3.7381179342202913,4.567700211098964,3.7381179342202913,4.064096806806303,3.7381179342202913,7.4762358684405825,3.7381179342202913,7.4762358684405825,3.7381179342202913,4.148022316392829,3.7381179342202913,7.4762358684405825,3.7381179342202913,4.824213480483467,3.7381179342202913,2.8252824492986854,3.7381179342202913,6.602906542321255,3.7381179342202913,7.4762358684405825,3.7381179342202913,7.4762358684405825,3.7381179342202913,4.567700211098964,3.7381179342202913,4.064096806806303,3.7381179342202913,1.8690589671101456,3.7381179342202913,6.602906542321255,3.7381179342202913,4.824213480483467,3.7381179342202913,7.4762358684405825,3.7381179342202913,2.8252824492986854,3.7381179342202913,7.4762358684405825,3.7381179342202913,7.4762358684405825,3.7381179342202913,5.758131005285633,3.7381179342202913,7.169338209769629,3.7381179342202913,4.148022316392829,3.7381179342202913,7.4762358684405825,3.7381179342202913,6.408628008828329,3.7381179342202913,2.8372795736887326,3.7381179342202913,3.1958796990896903,3.7381179342202913,5.547167245930117
rayan_cherki,MID,Man City,14973.0,159.2956937541791,4.551305535833689,188.90036834012568,5.397153381146448,35,4.55130553583369,4.208472759006529,4.55130553583369,4.806557495257399,4.55130553583369,6.152769880067574,4.55130553583369,7.592671448937146,4.55130553583369,6.713266354612684,4.55130553583369,4.933934021866011,4.55130553583369,6.002464562764438,4.55130553583369,6.8831607214557815,4.55130553583369,2.905722263203758,4.55130553583369,3.7024193656581033,4.55130553583369,3.4169616844231223,4.55130553583369,6.952566593607484,4.55130553583369,3.3241270500444298,4.55130553583369,6.16725744948006,4.55130553583369,5.1270208350596125,4.55130553583369,5.952009243206818,4.55130553583369,3.7024193656581033,4.55130553583369,6.002464562764438,4.55130553583369,4.933934021866011,4.55130553583369,2.905722263203758,4.55130553583369,6.8831607214557815,4.55130553583369,5.952009243206818,4.55130553583369,6.16725744948006,4.55130553583369,3.3241270500444298,4.55130553583369,5.1270208350596125,4.55130553583369,6.153176423061255,4.55130553583369,4.208472759006529,4.55130553583369,5.095880692112244,4.55130553583369,7.968547767650273,4.55130553583369,6.952566593607484,4.55130553583369,3.4169616844231223,4.55130553583369,6.152769880067574,4.55130553583369,7.592671448937146,4.55130553583369,6.713266354612684,4.55130553583369,4.806557495257399
yoane_wissa,FWD,Newcastle,14971.0,138.00912508199576,3.9431178594855933,188.43716529653196,5.383919008472342,35,3.943117859485591,2.817827190906973,3.943117859485591,3.3487772146741954,3.943117859485591,5.849478023401279,3.943117859485591,3.1642650514519852,3.943117859485591,7.886235718971182,3.943117859485591,7.886235718971182,3.943117859485591,7.886235718971182,3.943117859485591,2.857942726090511,3.943117859485591,6.044597550165016,3.943117859485591,4.752700894013539,3.943117859485591,5.437214279730711,3.943117859485591,7.886235718971182,3.943117859485591,6.368111027752359,3.943117859485591,4.087399829521537,3.943117859485591,4.399431856083406,3.943117859485591,7.886235718971182,3.943117859485591,4.752700894013539,3.943117859485591,7.886235718971182,3.943117859485591,2.857942726090511,3.943117859485591,6.044597550165016,3.943117859485591,7.886235718971182,3.943117859485591,7.886235718971182,3.943117859485591,4.087399829521537,3.943117859485591,6.368111027752359,3.943117859485591,4.399431856083406,3.943117859485591,2.402735030787777,3.943117859485591,2.817827190906973,3.943117859485591,3.5017068372923523,3.943117859485591,5.414874951156999,3.943117859485591,7.886235718971182,3.943117859485591,5.437214279730711,3.943117859485591,5.849478023401279,3.943117859485591,3.1642650514519852,3.943117859485591,7.886235718971182,3.943117859485591,3.3487772146741954
cody_gakpo,MID,Liverpool,14974.0,165.55944497852573,4.730269856529307,187.19748826984022,5.348499664852578,35,4.730269856529309,6.981514815161465,4.730269856529309,5.168696183045455,4.730269856529309,4.315926820346749,4.730269856529309,3.4657869528279264,4.730269856529309,5.004435442472333,4.730269856529309,2.947242386200013,4.730269856529309,8.08241105307301,4.730269856529309,4.268607999319443,4.730269856529309,5.200281290255811,4.730269856529309,4.875238821383737,4.730269856529309,7.051912433972817,4.730269856529309,3.7553235641744296,4.730269856529309,6.037058030898012,4.730269856529309,3.371625796129284,4.730269856529309,6.809192812650286,4.730269856529309,6.241099706417825,4.730269856529309,4.875238821383737,4.730269856529309,8.08241105307301,4.730269856529309,4.268607999319443,4.730269856529309,5.200281290255811,4.730269856529309,2.947242386200013,4.730269856529309,6.241099706417825,4.730269856529309,3.371625796129284,4.730269856529309,6.037058030898012,4.730269856529309,6.809192812650286,4.730269856529309,7.701163804322289,4.730269856529309,6.981514815161465,4.730269856529309,6.255381937871339,4.730269856529309,6.088234310989396,4.730269856529309,3.7553235641744296,4.730269856529309,7.051912433972817,4.730269856529309,4.315926820346749,4.730269856529309,3.4657869528279264,4.730269856529309,5.004435442472333,4.730269856529309,5.168696183045455
antoine_semenyo,MID,Man City,14970.0,156.7763993301465,4.479325695147042,185.91286984947973,5.311796281413707,35,4.4793256951470415,4.141914889766072,4.4793256951470415,4.7305407919102205,4.4793256951470415,6.055462548739894,4.4793256951470415,7.472591775758174,4.4793256951470415,6.60709465533046,4.4793256951470415,4.855902832341115,4.4793256951470415,5.907534341193213,4.4793256951470415,6.7743021075371646,4.4793256951470415,2.85976766315805,4.4793256951470415,3.6438648357551986,4.4793256951470415,3.362921726933847,4.4793256951470415,6.8426103114306365,4.4793256951470415,3.2715552915455692,4.4793256951470415,6.069720994238365,4.4793256951470415,5.045935937550723,4.4793256951470415,5.857876982975466,4.4793256951470415,3.6438648357551986,4.4793256951470415,5.907534341193213,4.4793256951470415,4.855902832341115,4.4793256951470415,2.85976766315805,4.4793256951470415,6.7743021075371646,4.4793256951470415,5.857876982975466,4.4793256951470415,6.069720994238365,4.4793256951470415,3.2715552915455692,4.4793256951470415,5.045935937550723,4.4793256951470415,6.05586266217184,4.4793256951470415,4.141914889766072,4.4793256951470415,5.015288282420457,4.4793256951470415,7.842523532559155,4.4793256951470415,6.8426103114306365,4.4793256951470415,3.362921726933847,4.4793256951470415,6.055462548739894,4.4793256951470415,7.472591775758174,4.4793256951470415,6.60709465533046,4.4793256951470415,4.7305407919102205
marcus_tavernier,MID,Bournemouth,15210.0,160.92506123681025,4.597858892480293,178.10175224212836,5.088621492632239,35,4.597858892480291,3.188099120331834,4.597858892480291,5.7406673102801555,4.597858892480291,6.4868949342259485,4.597858892480291,4.484622052483323,4.597858892480291,3.9265960640101145,4.597858892480291,3.454437308022356,4.597858892480291,7.0841266022015175,4.597858892480291,5.600429199896947,4.597858892480291,6.422137755074241,4.597858892480291,4.60346710546799,4.597858892480291,3.101482399533279,4.597858892480291,2.7111016882275933,4.597858892480291,5.741046623682013,4.597858892480291,5.553353295993486,4.597858892480291,7.434827333352736,4.597858892480291,6.263622637989089,4.597858892480291,4.60346710546799,4.597858892480291,7.0841266022015175,4.597858892480291,5.600429199896947,4.597858892480291,6.422137755074241,4.597858892480291,3.454437308022356,4.597858892480291,6.263622637989089,4.597858892480291,7.434827333352736,4.597858892480291,5.741046623682013,4.597858892480291,5.553353295993486,4.597858892480291,5.754184525738043,4.597858892480291,3.188099120331834,4.597858892480291,3.970123578466594,4.597858892480291,4.783621276378492,4.597858892480291,2.7111016882275933,4.597858892480291,3.101482399533279,4.597858892480291,3.9265960640101145,4.597858892480291,4.484622052483323,4.597858892480291,6.4868949342259485,4.597858892480291,5.7406673102801555
james_trafford,GK,Leeds,50210.0,109.34968149854473,3.124276614244135,177.7366251658885,5.078189290453958,35,3.124276614244134,2.777134768217008,3.124276614244134,5.554269536434016,3.124276614244134,4.165702152325513,3.124276614244134,6.248553228488268,3.124276614244134,4.859985844379763,3.124276614244134,5.554269536434016,3.124276614244134,6.248553228488268,3.124276614244134,3.4714184602712606,3.124276614244134,6.248553228488268,3.124276614244134,3.4714184602712606,3.124276614244134,6.248553228488268,3.124276614244134,2.777134768217008,3.124276614244134,6.248553228488268,3.124276614244134,6.248553228488268,3.124276614244134,6.248553228488268,3.124276614244134,4.859985844379763,3.124276614244134,3.4714184602712606,3.124276614244134,6.248553228488268,3.124276614244134,3.4714184602712606,3.124276614244134,6.248553228488268,3.124276614244134,5.554269536434016,3.124276614244134,4.859985844379763,3.124276614244134,6.248553228488268,3.124276614244134,6.248553228488268,3.124276614244134,6.248553228488268,3.124276614244134,4.165702152325513,3.124276614244134,2.777134768217008,3.124276614244134,6.248553228488268,3.124276614244134,4.859985844379763,3.124276614244134,2.777134768217008,3.124276614244134,6.248553228488268,3.124276614244134,4.165702152325513,3.124276614244134,6.248553228488268,3.124276614244134,4.859985844379763,3.124276614244134,5.554269536434016
jarrad_branthwaite,DEF,Everton,61014.0,121.64500573400841,3.4755715924002404,175.67589329570438,5.019311237020125,35,3.475571592400239,6.951143184800478,3.475571592400239,5.1575625053866,3.475571592400239,5.958518657167557,3.475571592400239,2.63800352464452,3.475571592400239,2.9714174058560276,3.475571592400239,1.7377857962001195,3.475571592400239,6.951143184800478,3.475571592400239,4.246888240460897,3.475571592400239,3.7786553712481408,3.475571592400239,6.951143184800478,3.475571592400239,6.951143184800478,3.475571592400239,3.8566863810047893,3.475571592400239,6.951143184800478,3.475571592400239,4.485385325848451,3.475571592400239,2.626849017094389,3.475571592400239,6.139152057157393,3.475571592400239,6.951143184800478,3.475571592400239,6.951143184800478,3.475571592400239,4.246888240460897,3.475571592400239,3.7786553712481408,3.475571592400239,1.7377857962001195,3.475571592400239,6.139152057157393,3.475571592400239,4.485385325848451,3.475571592400239,6.951143184800478,3.475571592400239,2.626849017094389,3.475571592400239,6.951143184800478,3.475571592400239,6.951143184800478,3.475571592400239,5.353709246057832,3.475571592400239,6.665800452703558,3.475571592400239,3.8566863810047893,3.475571592400239,6.951143184800478,3.475571592400239,5.958518657167557,3.475571592400239,2.63800352464452,3.475571592400239,2.9714174058560276,3.475571592400239,5.1575625053866
marc_guehi,DEF,Man City,14970.0,129.5261984120312,3.700748526058034,174.35571676697506,4.981591907627859,35,3.700748526058032,7.401497052116064,3.700748526058032,4.0817018874683155,3.700748526058032,3.438577433255048,3.700748526058032,4.693383306815495,3.700748526058032,7.401497052116064,3.700748526058032,3.509585673721997,3.700748526058032,7.401497052116064,3.700748526058032,7.163865463504975,3.700748526058032,2.703990661414257,3.700748526058032,5.586630070497754,3.700748526058032,3.864669473781999,3.700748526058032,2.4005839372680486,3.700748526058032,5.42225362653218,3.700748526058032,1.850374263029016,3.700748526058032,3.6866272760548076,3.700748526058032,7.401497052116064,3.700748526058032,5.586630070497754,3.700748526058032,7.401497052116064,3.700748526058032,3.509585673721997,3.700748526058032,2.703990661414257,3.700748526058032,7.163865463504975,3.700748526058032,7.401497052116064,3.700748526058032,1.850374263029016,3.700748526058032,5.42225362653218,3.700748526058032,3.6866272760548076,3.700748526058032,7.401497052116064,3.700748526058032,7.401497052116064,3.700748526058032,6.065880256149601,3.700748526058032,4.871876895093126,3.700748526058032,2.4005839372680486,3.700748526058032,3.864669473781999,3.700748526058032,3.438577433255048,3.700748526058032,4.693383306815495,3.700748526058032,7.401497052116064,3.700748526058032,4.0817018874683155
semi_ajayi,DEF,Hull City,,106.80798892779357,3.051656826508388,173.00631297947137,4.943037513699182,35,3.051656826508385,3.0493242909024394,3.051656826508385,1.6435031518526177,3.051656826508385,4.682911490764576,3.051656826508385,6.10331365301677,3.051656826508385,4.909068297825875,3.051656826508385,5.961736018393789,3.051656826508385,3.4347244760819917,3.051656826508385,4.458025682727343,3.051656826508385,6.10331365301677,3.051656826508385,6.10331365301677,3.051656826508385,6.10331365301677,3.051656826508385,6.10331365301677,3.051656826508385,3.0364305587645135,3.051656826508385,4.367827981597791,3.051656826508385,6.10331365301677,3.051656826508385,5.184752143198941,3.051656826508385,6.10331365301677,3.051656826508385,3.4347244760819917,3.051656826508385,5.961736018393789,3.051656826508385,6.10331365301677,3.051656826508385,4.458025682727343,3.051656826508385,5.184752143198941,3.051656826508385,4.367827981597791,3.051656826508385,3.0364305587645135,3.051656826508385,6.10331365301677,3.051656826508385,6.10331365301677,3.051656826508385,3.0493242909024394,3.051656826508385,6.10331365301677,3.051656826508385,6.10331365301677,3.051656826508385,6.10331365301677,3.051656826508385,6.10331365301677,3.051656826508385,4.682911490764576,3.051656826508385,6.10331365301677,3.051656826508385,4.909068297825875,3.051656826508385,1.6435031518526177
pascal_gross,MID,Brighton,61014.0,131.27155754952736,3.750615929986496,171.74989320089918,4.907139805739977,35,3.7506159299864983,5.579997148435906,3.7506159299864983,2.6350490914019886,3.7506159299864983,4.358818157205715,3.7506159299864983,7.226263439159183,3.7506159299864983,5.5796284756416465,3.7506159299864983,3.8587525409389154,3.7506159299864983,3.0986656556663403,3.7506159299864983,3.0144787317927233,3.7506159299864983,5.59276650232108,3.7506159299864983,4.621190386185817,3.7506159299864983,5.443324364678258,3.7506159299864983,4.64942976970113,3.7506159299864983,6.885400664816632,3.7506159299864983,6.241982117398967,3.7506159299864983,5.397569047440844,3.7506159299864983,3.816446072716945,3.7506159299864983,4.621190386185817,3.7506159299864983,3.0986656556663403,3.7506159299864983,3.8587525409389154,3.7506159299864983,5.59276650232108,3.7506159299864983,3.0144787317927233,3.7506159299864983,3.816446072716945,3.7506159299864983,5.397569047440844,3.7506159299864983,6.885400664816632,3.7506159299864983,6.241982117398967,3.7506159299864983,3.35753244864834,3.7506159299864983,5.579997148435906,3.7506159299864983,6.08791371153191,3.7506159299864983,6.304922709714786,3.7506159299864983,4.64942976970113,3.7506159299864983,5.443324364678258,3.7506159299864983,4.358818157205715,3.7506159299864983,7.226263439159183,3.7506159299864983,5.5796284756416465,3.7506159299864983,2.6350490914019886
john_egan,DEF,Hull City,14974.0,104.88596701300966,2.996741914657419,169.89304469045507,4.854086991155859,35,2.9967419146574175,2.994451353295127,2.9967419146574175,1.6139281256154643,2.9967419146574175,4.598641965604548,2.9967419146574175,5.993483829314835,2.9967419146574175,4.82072905518766,2.9967419146574175,5.854453900337473,2.9967419146574175,3.3729162182864343,2.9967419146574175,4.377803003273431,2.9967419146574175,5.993483829314835,2.9967419146574175,5.993483829314835,2.9967419146574175,5.993483829314835,2.9967419146574175,5.993483829314835,2.9967419146574175,2.9817896453342434,2.9967419146574175,4.289228420039595,2.9967419146574175,5.993483829314835,2.9967419146574175,5.091451938392277,2.9967419146574175,5.993483829314835,2.9967419146574175,3.3729162182864343,2.9967419146574175,5.854453900337473,2.9967419146574175,5.993483829314835,2.9967419146574175,4.377803003273431,2.9967419146574175,5.091451938392277,2.9967419146574175,4.289228420039595,2.9967419146574175,2.9817896453342434,2.9967419146574175,5.993483829314835,2.9967419146574175,5.993483829314835,2.9967419146574175,2.994451353295127,2.9967419146574175,5.993483829314835,2.9967419146574175,5.993483829314835,2.9967419146574175,5.993483829314835,2.9967419146574175,5.993483829314835,2.9967419146574175,4.598641965604548,2.9967419146574175,5.993483829314835,2.9967419146574175,4.82072905518766,2.9967419146574175,1.6139281256154643
keane_lewis_potter,MID,Brentford,14972.0,138.10397803976937,3.9458279439934105,169.13758432312432,4.832502409232124,35,3.9458279439934127,4.41248312459549,3.9458279439934127,6.020172884817541,3.9458279439934127,5.812964684690206,3.9458279439934127,5.327635183323792,3.9458279439934127,2.878335541692733,3.9458279439934127,5.197486987907123,3.9458279439934127,4.272254772967867,3.9458279439934127,4.439447130143234,3.9458279439934127,3.644083555209559,3.9458279439934127,2.516042118292511,3.9458279439934127,3.6844793323774323,3.9458279439934127,5.960074884467717,3.9458279439934127,5.340179856052875,3.9458279439934127,6.5744346587412625,3.9458279439934127,5.3279872057135265,3.9458279439934127,6.899903015138217,3.9458279439934127,2.516042118292511,3.9458279439934127,4.272254772967867,3.9458279439934127,4.439447130143234,3.9458279439934127,3.644083555209559,3.9458279439934127,5.197486987907123,3.9458279439934127,6.899903015138217,3.9458279439934127,5.3279872057135265,3.9458279439934127,5.340179856052875,3.9458279439934127,6.5744346587412625,3.9458279439934127,4.161960437584375,3.9458279439934127,4.41248312459549,3.9458279439934127,5.153798122420402,3.9458279439934127,3.205895890857344,3.9458279439934127,5.960074884467717,3.9458279439934127,3.6844793323774323,3.9458279439934127,5.812964684690206,3.9458279439934127,5.327635183323792,3.9458279439934127,2.878335541692733,3.9458279439934127,6.020172884817541
diego_gomez_amarilla,MID,Brighton,14972.0,128.8277578670191,3.6807930819148313,168.55253390761263,4.815786683074647,35,3.6807930819148327,5.476117865563833,3.6807930819148327,2.585994046629381,3.6807930819148327,4.27767279237928,3.6807930819148327,7.091736656450173,3.6807930819148327,5.47575605611815,3.6807930819148327,3.786916581874693,3.6807930819148327,3.040979754113297,3.6807930819148327,2.958360085033286,3.6807930819148327,5.488649500452197,3.6807930819148327,4.53516060327332,3.6807930819148327,5.341989432705873,3.6807930819148327,4.562874272020276,3.6807930819148327,6.757219509106091,3.6807930819148327,6.125779078435505,3.6807930819148327,5.2970859133127535,3.6807930819148327,3.7453977064530126,3.6807930819148327,4.53516060327332,3.6807930819148327,3.040979754113297,3.6807930819148327,3.786916581874693,3.6807930819148327,5.488649500452197,3.6807930819148327,2.958360085033286,3.6807930819148327,3.7453977064530126,3.6807930819148327,5.2970859133127535,3.6807930819148327,6.757219509106091,3.6807930819148327,6.125779078435505,3.6807930819148327,3.2950273874973566,3.6807930819148327,5.476117865563833,3.6807930819148327,5.974578866778763,3.6807930819148327,6.187547945494234,3.6807930819148327,4.562874272020276,3.6807930819148327,5.341989432705873,3.6807930819148327,4.27767279237928,3.6807930819148327,7.091736656450173,3.6807930819148327,5.47575605611815,3.6807930819148327,2.585994046629381
josko_gvardiol,DEF,Man City,14971.0,124.65488178157632,3.5615680509021805,167.7984186055635,4.794240531587529,35,3.5615680509021788,7.1231361018043575,3.5615680509021788,3.9281942378287154,3.5615680509021788,3.309256881574545,3.5615680509021788,4.516871092021225,3.5615680509021788,7.1231361018043575,3.5615680509021788,3.377594591855889,3.5615680509021788,7.1231361018043575,3.5615680509021788,6.894441536928345,3.5615680509021788,2.602296989871138,3.5615680509021788,5.37652397378329,3.5615680509021788,3.7193241389412535,3.5615680509021788,2.310301009182587,3.5615680509021788,5.218329520140612,3.5615680509021788,1.7807840254510894,3.5615680509021788,3.547977883265509,3.5615680509021788,7.1231361018043575,3.5615680509021788,5.37652397378329,3.5615680509021788,7.1231361018043575,3.5615680509021788,3.377594591855889,3.5615680509021788,2.602296989871138,3.5615680509021788,6.894441536928345,3.5615680509021788,7.1231361018043575,3.5615680509021788,1.7807840254510894,3.5615680509021788,5.218329520140612,3.5615680509021788,3.547977883265509,3.5615680509021788,7.1231361018043575,3.5615680509021788,7.1231361018043575,3.5615680509021788,5.837750165616621,3.5615680509021788,4.688651762019264,3.5615680509021788,2.310301009182587,3.5615680509021788,3.7193241389412535,3.5615680509021788,3.309256881574545,3.5615680509021788,4.516871092021225,3.5615680509021788,7.1231361018043575,3.5615680509021788,3.9281942378287154
ryan_giles,DEF,Hull City,,101.84438130764906,2.9098394659328304,164.96632025927752,4.713323435979357,35,2.909839465932829,2.9076153285059347,2.909839465932829,1.567125861631546,2.909839465932829,4.465286054752154,2.909839465932829,5.819678931865658,2.909839465932829,4.68093284601645,2.909839465932829,5.684680728548435,2.909839465932829,3.2751050997252023,2.909839465932829,4.25085119632685,2.909839465932829,5.819678931865658,2.909839465932829,5.819678931865658,2.909839465932829,5.819678931865658,2.909839465932829,5.819678931865658,2.909839465932829,2.8953207971182,2.909839465932829,4.164845185361493,2.909839465932829,5.819678931865658,2.909839465932829,4.943805042660043,2.909839465932829,5.819678931865658,2.909839465932829,3.2751050997252023,2.909839465932829,5.684680728548435,2.909839465932829,5.819678931865658,2.909839465932829,4.25085119632685,2.909839465932829,4.943805042660043,2.909839465932829,4.164845185361493,2.909839465932829,2.8953207971182,2.909839465932829,5.819678931865658,2.909839465932829,5.819678931865658,2.909839465932829,2.9076153285059347,2.909839465932829,5.819678931865658,2.909839465932829,5.819678931865658,2.909839465932829,5.819678931865658,2.909839465932829,5.819678931865658,2.909839465932829,4.465286054752154,2.909839465932829,5.819678931865658,2.909839465932829,4.68093284601645,2.909839465932829,1.567125861631546
luka_vuskovic,DEF,Brighton,50210.0,125.38095166717365,3.5823129047763898,163.98333360404695,4.68523810297277,35,3.5823129047763915,7.164625809552783,3.5823129047763915,2.4759511906118856,3.5823129047763915,3.73747394627251,3.5823129047763915,4.461010006821307,3.5823129047763915,3.1485870167266357,3.5823129047763915,2.188837535451808,3.5823129047763915,3.5387448342470447,3.5823129047763915,4.964971038542797,3.5823129047763915,1.7911564523881958,3.5823129047763915,5.554317792823849,3.5823129047763915,7.164625809552783,3.5823129047763915,3.375717721124089,3.5823129047763915,4.297569570905953,3.5823129047763915,6.5597050599543865,3.5823129047763915,7.164625809552783,3.5823129047763915,7.164625809552783,3.5823129047763915,5.554317792823849,3.5823129047763915,3.5387448342470447,3.5823129047763915,2.188837535451808,3.5823129047763915,1.7911564523881958,3.5823129047763915,4.964971038542797,3.5823129047763915,7.164625809552783,3.5823129047763915,7.164625809552783,3.5823129047763915,4.297569570905953,3.5823129047763915,6.5597050599543865,3.5823129047763915,5.115484891254197,3.5823129047763915,7.164625809552783,3.5823129047763915,7.164625809552783,3.5823129047763915,2.1981320950767893,3.5823129047763915,3.375717721124089,3.5823129047763915,7.164625809552783,3.5823129047763915,3.73747394627251,3.5823129047763915,4.461010006821307,3.5823129047763915,3.1485870167266357,3.5823129047763915,2.4759511906118856
nobel_mendy,DEF,Hull City,50210.0,99.64833705776789,2.847095344507654,161.40919384368183,4.611691252676624,35,2.847095344507655,2.844919165585143,2.847095344507655,1.5333343289707506,2.847095344507655,4.369002237827672,2.847095344507655,5.69419068901531,2.847095344507655,4.579999092690169,2.847095344507655,5.562103417301112,2.847095344507655,3.2044848492051314,2.847095344507655,4.159191183207475,2.847095344507655,5.69419068901531,2.847095344507655,5.69419068901531,2.847095344507655,5.69419068901531,2.847095344507655,5.69419068901531,2.847095344507655,2.8328897380216187,2.847095344507655,4.075039697778142,2.847095344507655,5.69419068901531,2.847095344507655,4.837203043638901,2.847095344507655,5.69419068901531,2.847095344507655,3.2044848492051314,2.847095344507655,5.562103417301112,2.847095344507655,5.69419068901531,2.847095344507655,4.159191183207475,2.847095344507655,4.837203043638901,2.847095344507655,4.075039697778142,2.847095344507655,2.8328897380216187,2.847095344507655,5.69419068901531,2.847095344507655,5.69419068901531,2.847095344507655,2.844919165585143,2.847095344507655,5.69419068901531,2.847095344507655,5.69419068901531,2.847095344507655,5.69419068901531,2.847095344507655,5.69419068901531,2.847095344507655,4.369002237827672,2.847095344507655,5.69419068901531,2.847095344507655,4.579999092690169,2.847095344507655,1.5333343289707506
dominik_szoboszlai,MID,Liverpool,14974.0,140.802693616839,4.022934103338257,159.20511566174264,4.548717590335504,35,4.0229341033382555,5.937541597992828,4.0229341033382555,4.395800826429868,4.0229341033382555,3.6705494019794718,4.0229341033382555,2.947534274009944,4.0229341033382555,4.256102636869061,4.0229341033382555,2.5065297046176225,4.0229341033382555,6.873816515504757,4.0229341033382555,3.6303063493388805,4.0229341033382555,4.422662889019965,4.0229341033382555,4.146225291859671,4.0229341033382555,5.997412385516521,4.0229341033382555,3.1937753433948246,4.0229341033382555,5.134313130742043,4.0229341033382555,2.8674534033657735,4.0229341033382555,5.790987578521642,4.0229341033382555,5.307843656451459,4.0229341033382555,4.146225291859671,4.0229341033382555,6.873816515504757,4.0229341033382555,3.6303063493388805,4.0229341033382555,4.422662889019965,4.0229341033382555,2.5065297046176225,4.0229341033382555,5.307843656451459,4.0229341033382555,2.8674534033657735,4.0229341033382555,5.134313130742043,4.0229341033382555,5.790987578521642,4.0229341033382555,6.549578659035298,4.0229341033382555,5.937541597992828,4.0229341033382555,5.319990209973517,4.0229341033382555,5.177836821505148,4.0229341033382555,3.1937753433948246,4.0229341033382555,5.997412385516521,4.0229341033382555,3.6705494019794718,4.0229341033382555,2.947534274009944,4.0229341033382555,4.256102636869061,4.0229341033382555,4.395800826429868
kevin_schade,MID,Brentford,14973.0,127.24383684977074,3.6355381957077357,155.83704025222505,4.452486864349287,35,3.6355381957077335,4.065496814629861,3.6355381957077335,5.546761992203764,3.6355381957077335,5.3558481113353595,3.6355381957077335,4.908683672144006,3.6355381957077335,2.651990646935443,3.6355381957077335,4.788769995659453,3.6355381957077335,3.936295659460533,3.6355381957077335,4.090340440218585,3.6355381957077335,3.3575222086107512,3.6355381957077335,2.3181870453794655,3.6355381957077335,3.394741365888671,3.6355381957077335,5.491389943838088,3.6355381957077335,4.920241864114505,3.6355381957077335,6.05743804755175,3.6355381957077335,4.909008012399534,3.6355381957077335,6.357312410542304,3.6355381957077335,2.3181870453794655,3.6355381957077335,3.936295659460533,3.6355381957077335,4.090340440218585,3.6355381957077335,3.3575222086107512,3.6355381957077335,4.788769995659453,3.6355381957077335,6.357312410542304,3.6355381957077335,4.909008012399534,3.6355381957077335,4.920241864114505,3.6355381957077335,6.05743804755175,3.6355381957077335,3.8346745865834757,3.6355381957077335,4.065496814629861,3.6355381957077335,4.748516710047774,3.6355381957077335,2.9537924937696682,3.6355381957077335,5.491389943838088,3.6355381957077335,3.394741365888671,3.6355381957077335,5.3558481113353595,3.6355381957077335,4.908683672144006,3.6355381957077335,2.651990646935443,3.6355381957077335,5.546761992203764
jordan_pickford,GK,Everton,14973.0,112.74862573932428,3.2213893068378368,154.86530815835238,4.424723090238639,35,3.221389306837839,6.442778613675678,3.221389306837839,5.774638609294495,3.221389306837839,6.442778613675678,3.221389306837839,2.624835731497498,3.221389306837839,3.149802877796998,3.221389306837839,2.0998685851979983,3.221389306837839,6.442778613675678,3.221389306837839,3.6747700240964973,3.221389306837839,2.0998685851979983,3.221389306837839,6.442778613675678,3.221389306837839,5.249671462994996,3.221389306837839,3.149802877796998,3.221389306837839,6.442778613675678,3.221389306837839,3.6747700240964973,3.221389306837839,2.624835731497498,3.221389306837839,3.6747700240964973,3.221389306837839,6.442778613675678,3.221389306837839,6.442778613675678,3.221389306837839,3.6747700240964973,3.221389306837839,2.0998685851979983,3.221389306837839,2.0998685851979983,3.221389306837839,3.6747700240964973,3.221389306837839,3.6747700240964973,3.221389306837839,6.442778613675678,3.221389306837839,2.624835731497498,3.221389306837839,6.442778613675678,3.221389306837839,6.442778613675678,3.221389306837839,4.199737170395997,3.221389306837839,4.199737170395997,3.221389306837839,3.149802877796998,3.221389306837839,5.249671462994996,3.221389306837839,6.442778613675678,3.221389306837839,2.624835731497498,3.221389306837839,3.149802877796998,3.221389306837839,5.774638609294495
vitaly_janelt,MID,Brentford,,126.20303889722526,3.605801111349293,154.56236262193042,4.416067503483727,35,3.6058011113492903,4.032242860131909,3.6058011113492903,5.501391947825435,3.6058011113492903,5.312039657531786,3.6058011113492903,4.8685328244318855,3.6058011113492903,2.630298543774808,3.6058011113492903,4.749599988450552,3.6058011113492903,3.9040985129078303,3.6058011113492903,4.056883275920562,3.6058011113492903,3.3300591712891565,3.6058011113492903,2.299225307112353,3.6058011113492903,3.3669738924258112,3.6058011113492903,5.446472818170748,3.6058011113492903,4.879996475536313,3.6058011113492903,6.007890900329158,3.6058011113492903,4.868854511728479,3.6058011113492903,6.305312424496641,3.6058011113492903,2.299225307112353,3.6058011113492903,3.9040985129078303,3.6058011113492903,4.056883275920562,3.6058011113492903,3.3300591712891565,3.6058011113492903,4.749599988450552,3.6058011113492903,6.305312424496641,3.6058011113492903,4.868854511728479,3.6058011113492903,4.879996475536313,3.6058011113492903,6.007890900329158,3.6058011113492903,3.8033086551780397,3.6058011113492903,4.032242860131909,3.6058011113492903,4.709675956799497,3.6058011113492903,2.9296317858259946,3.6058011113492903,5.446472818170748,3.6058011113492903,3.3669738924258112,3.6058011113492903,5.312039657531786,3.6058011113492903,4.8685328244318855,3.6058011113492903,2.630298543774808,3.6058011113492903,5.501391947825435
matheus_santos_carneiro_da_cunha,MID,Man Utd,14973.0,127.85146823438926,3.6528990924111215,151.59743326946028,4.331355236270293,35,3.6528990924111238,3.356791146040438,3.6528990924111238,5.430001038711149,3.6528990924111238,4.695432473672626,3.6528990924111238,2.9207716941143524,3.6528990924111238,4.0200481393764775,3.6528990924111238,5.484754076323888,3.6528990924111238,5.2959744445690795,3.6528990924111238,4.853808910138526,3.6528990924111238,2.6955792907490874,3.6528990924111238,4.865237891698259,3.6528990924111238,4.854129624555536,3.6528990924111238,6.2862432545682285,3.6528990924111238,2.2922717550703173,3.6528990924111238,4.73523576298888,3.6528990924111238,3.791806300631099,3.6528990924111238,3.8922913393773535,3.6528990924111238,4.865237891698259,3.6528990924111238,5.2959744445690795,3.6528990924111238,4.853808910138526,3.6528990924111238,2.6955792907490874,3.6528990924111238,5.484754076323888,3.6528990924111238,3.8922913393773535,3.6528990924111238,4.73523576298888,3.6528990924111238,2.2922717550703173,3.6528990924111238,3.791806300631099,3.6528990924111238,4.04461403510266,3.6528990924111238,3.356791146040438,3.6528990924111238,2.622343726230981,3.6528990924111238,5.989721222956052,3.6528990924111238,6.2862432545682285,3.6528990924111238,4.854129624555536,3.6528990924111238,4.0200481393764775,3.6528990924111238,2.9207716941143524,3.6528990924111238,4.695432473672626,3.6528990924111238,5.430001038711149
alisson_becker,GK,Liverpool,15210.0,114.17095412815618,3.2620272608044623,151.5030438906962,4.328658396877034,35,3.262027260804464,4.832632978969577,3.262027260804464,3.866106383175661,3.262027260804464,2.4163164894847884,3.262027260804464,3.382843085278704,3.262027260804464,2.899579787381746,3.262027260804464,2.899579787381746,3.262027260804464,3.866106383175661,3.262027260804464,6.282422872660449,3.262027260804464,3.382843085278704,3.262027260804464,3.382843085278704,3.262027260804464,2.4163164894847884,3.262027260804464,3.382843085278704,3.262027260804464,6.524054521608928,3.262027260804464,6.282422872660449,3.262027260804464,6.524054521608928,3.262027260804464,6.524054521608928,3.262027260804464,3.382843085278704,3.262027260804464,3.866106383175661,3.262027260804464,6.282422872660449,3.262027260804464,3.382843085278704,3.262027260804464,2.899579787381746,3.262027260804464,6.524054521608928,3.262027260804464,6.282422872660449,3.262027260804464,6.524054521608928,3.262027260804464,6.524054521608928,3.262027260804464,5.315896276866534,3.262027260804464,4.832632978969577,3.262027260804464,1.9330531915878304,3.262027260804464,6.524054521608928,3.262027260804464,3.382843085278704,3.262027260804464,2.4163164894847884,3.262027260804464,2.4163164894847884,3.262027260804464,3.382843085278704,3.262027260804464,2.899579787381746,3.262027260804464,3.866106383175661
alex_scott,MID,Bournemouth,14973.0,136.61847183103336,3.903384909458096,151.20074545718535,4.320021298776724,35,3.9033849094580964,2.7065593545100857,3.9033849094580964,4.873580219222226,3.9033849094580964,5.507095451952536,3.9033849094580964,3.8072516911982284,3.9033849094580964,3.3335115714102654,3.9033849094580964,2.9326690475117303,3.9033849094580964,6.014119511355273,3.9033849094580964,4.75452408100624,3.9033849094580964,5.4521193855288255,3.9033849094580964,3.9081460416409506,3.9033849094580964,2.633025475202746,3.9033849094580964,2.301609002212179,3.9033849094580964,4.873902240024384,3.9033849094580964,4.714558658579641,3.9033849094580964,6.311849383829269,3.9033849094580964,5.317546852873873,3.9033849094580964,3.9081460416409506,3.9033849094580964,6.014119511355273,3.9033849094580964,4.75452408100624,3.9033849094580964,5.4521193855288255,3.9033849094580964,2.9326690475117303,3.9033849094580964,5.317546852873873,3.9033849094580964,6.311849383829269,3.9033849094580964,4.873902240024384,3.9033849094580964,4.714558658579641,3.9033849094580964,4.885055755133627,3.9033849094580964,2.7065593545100857,3.9033849094580964,3.370464563454784,3.9033849094580964,4.0610892024800265,3.9033849094580964,2.301609002212179,3.9033849094580964,2.633025475202746,3.9033849094580964,3.3335115714102654,3.9033849094580964,3.8072516911982284,3.9033849094580964,5.507095451952536,3.9033849094580964,4.873580219222226
declan_rice,MID,Arsenal,15210.0,120.31598965500075,3.437599704428593,150.3206057299591,4.294874449427403,35,3.437599704428594,3.782895669403293,3.437599704428594,3.8831445713183945,3.437599704428594,2.913907968121141,3.437599704428594,4.7241081007837495,3.437599704428594,4.035109313271375,3.437599704428594,4.842402604589299,3.437599704428594,2.616181297023269,3.437599704428594,4.8538047283847074,3.437599704428594,3.348902787395601,3.437599704428594,2.6892447601584353,3.437599704428594,4.684398348005132,3.437599704428594,4.010601146664311,3.437599704428594,3.3121861936647816,3.437599704428594,6.27147077121632,3.437599704428594,5.41724069891887,3.437599704428594,5.975645557496496,3.437599704428594,2.6892447601584353,3.437599704428594,2.616181297023269,3.437599704428594,4.8538047283847074,3.437599704428594,3.348902787395601,3.437599704428594,4.842402604589299,3.437599704428594,5.975645557496496,3.437599704428594,5.41724069891887,3.437599704428594,3.3121861936647816,3.437599704428594,6.27147077121632,3.437599704428594,5.471865068533276,3.437599704428594,3.782895669403293,3.437599704428594,4.842722565337036,3.437599704428594,5.28352906325844,3.437599704428594,4.010601146664311,3.437599704428594,4.684398348005132,3.437599704428594,2.913907968121141,3.437599704428594,4.7241081007837495,3.437599704428594,4.035109313271375,3.437599704428594,3.8831445713183945
brian_brobbey,FWD,Sunderland,15210.0,117.58488924239353,3.3595682640683866,149.43411581004597,4.269546166001313,35,3.359568264068387,2.5049641246825285,3.359568264068387,3.582573521405367,3.359568264068387,5.298041795267152,3.359568264068387,2.105978191338583,3.359568264068387,2.469803176368263,3.359568264068387,5.127021078124652,3.359568264068387,6.719136528136774,3.359568264068387,2.773453212520016,3.359568264068387,4.74609493341567,3.359568264068387,3.0692182605674327,3.359568264068387,2.4156157002702683,3.359568264068387,3.856067117044594,3.359568264068387,6.719136528136774,3.359568264068387,6.719136528136774,3.359568264068387,4.165704625976279,3.359568264068387,2.9351766596765168,3.359568264068387,3.0692182605674327,3.359568264068387,6.719136528136774,3.359568264068387,5.127021078124652,3.359568264068387,4.74609493341567,3.359568264068387,2.773453212520016,3.359568264068387,2.9351766596765168,3.359568264068387,6.719136528136774,3.359568264068387,6.719136528136774,3.359568264068387,4.165704625976279,3.359568264068387,5.581598791637106,3.359568264068387,2.5049641246825285,3.359568264068387,6.719136528136774,3.359568264068387,6.719136528136774,3.359568264068387,3.856067117044594,3.359568264068387,2.4156157002702683,3.359568264068387,5.298041795267152,3.359568264068387,2.105978191338583,3.359568264068387,2.469803176368263,3.359568264068387,3.582573521405367
gianluigi_donnarumma,GK,Man City,14969.0,113.59267242598725,3.2455049264567783,149.29322661701192,4.265520760486055,35,3.2455049264567806,6.250602080583429,3.2455049264567806,3.365708812621847,3.2455049264567806,1.923262178641055,3.2455049264567806,5.288970991262901,3.2455049264567806,6.491009852913561,3.2455049264567806,2.884893267961583,3.2455049264567806,6.491009852913561,3.2455049264567806,4.808155446602639,3.2455049264567806,2.884893267961583,3.2455049264567806,3.365708812621847,3.2455049264567806,3.365708812621847,3.2455049264567806,2.4040777233013193,3.2455049264567806,6.250602080583429,3.2455049264567806,1.923262178641055,3.2455049264567806,3.365708812621847,3.2455049264567806,6.491009852913561,3.2455049264567806,3.365708812621847,3.2455049264567806,6.491009852913561,3.2455049264567806,2.884893267961583,3.2455049264567806,2.884893267961583,3.2455049264567806,4.808155446602639,3.2455049264567806,6.491009852913561,3.2455049264567806,1.923262178641055,3.2455049264567806,6.250602080583429,3.2455049264567806,3.365708812621847,3.2455049264567806,6.491009852913561,3.2455049264567806,6.250602080583429,3.2455049264567806,3.84652435728211,3.2455049264567806,3.84652435728211,3.2455049264567806,2.4040777233013193,3.2455049264567806,3.365708812621847,3.2455049264567806,1.923262178641055,3.2455049264567806,5.288970991262901,3.2455049264567806,6.491009852913561,3.2455049264567806,3.365708812621847
florian_wirtz,MID,Liverpool,61014.0,131.77746206191298,3.765070344626085,149.00031775151186,4.257151935757482,35,3.7650703446260883,5.556954505428279,3.7650703446260883,4.114036896289264,3.7650703446260883,3.4352729492660874,3.7650703446260883,2.7586019556310677,3.7650703446260883,3.9832931413078194,3.7650703446260883,2.3458650866165325,3.7650703446260883,6.4332156709830945,3.7650703446260883,3.3976094131051084,3.7650703446260883,4.139177142849489,3.7650703446260883,3.88045876157045,3.7650703446260883,5.612987669488265,3.7650703446260883,2.989059359146751,3.7650703446260883,4.805211721598962,3.7650703446260883,2.6836541430422383,3.7650703446260883,5.419794368467834,3.7650703446260883,4.967619213109632,3.7650703446260883,3.88045876157045,3.7650703446260883,6.4332156709830945,3.7650703446260883,3.3976094131051084,3.7650703446260883,4.139177142849489,3.7650703446260883,2.3458650866165325,3.7650703446260883,4.967619213109632,3.7650703446260883,2.6836541430422383,3.7650703446260883,4.805211721598962,3.7650703446260883,5.419794368467834,3.7650703446260883,6.129760951954692,3.7650703446260883,5.556954505428279,3.7650703446260883,4.978987191624956,3.7650703446260883,4.845945612130468,3.7650703446260883,2.989059359146751,3.7650703446260883,5.612987669488265,3.7650703446260883,3.4352729492660874,3.7650703446260883,2.7586019556310677,3.7650703446260883,3.9832931413078194,3.7650703446260883,4.114036896289264
tarik_muharemovic,DEF,Leeds,61014.0,106.97175488634758,3.056335853895645,148.8243093507273,4.252123124306494,35,3.056335853895643,1.5281679269478214,3.056335853895643,4.4033165614776495,3.056335853895643,2.4439301562562785,3.056335853895643,6.112671707791286,3.056335853895643,3.6891378635215406,3.056335853895643,5.482484793231471,3.056335853895643,6.112671707791286,3.056335853895643,2.169704045444187,3.056335853895643,6.112671707791286,3.056335853895643,2.1605296906981226,3.056335853895643,4.241989871517138,3.056335853895643,3.107866903415636,3.056335853895643,6.112671707791286,3.056335853895643,6.112671707791286,3.056335853895643,4.900759955221528,3.056335853895643,3.3320601669958787,3.056335853895643,2.1605296906981226,3.056335853895643,6.112671707791286,3.056335853895643,2.169704045444187,3.056335853895643,6.112671707791286,3.056335853895643,5.482484793231471,3.056335853895643,3.3320601669958787,3.056335853895643,6.112671707791286,3.056335853895643,6.112671707791286,3.056335853895643,4.900759955221528,3.056335853895643,3.172045815974864,3.056335853895643,1.5281679269478214,3.056335853895643,6.112671707791286,3.056335853895643,3.492978879593816,3.056335853895643,3.107866903415636,3.056335853895643,4.241989871517138,3.056335853895643,2.4439301562562785,3.056335853895643,6.112671707791286,3.056335853895643,3.6891378635215406,3.056335853895643,4.4033165614776495
iliman_ndiaye,MID,Man City,14969.0,125.48117369013812,3.5851763911468035,148.80151102136452,4.251471743467557,35,3.5851763911468053,3.315118499424339,3.5851763911468053,3.7862446981446163,3.5851763911468053,4.846689623560241,3.5851763911468053,5.980935845801795,3.5851763911468053,5.288206615122105,3.5851763911468053,3.886582351239538,3.5851763911468053,4.728290392654658,3.5851763911468053,5.422036626796576,3.5851763911468053,2.288909583249839,3.5851763911468053,2.9164876748822177,3.5851763911468053,2.69162557072825,3.5851763911468053,5.476709355815999,3.5851763911468053,2.6184974239064682,3.5851763911468053,4.858101841749901,3.5851763911468053,4.038681628832132,3.5851763911468053,4.688545484504338,3.5851763911468053,2.9164876748822177,3.5851763911468053,4.728290392654658,3.5851763911468053,3.886582351239538,3.5851763911468053,2.288909583249839,3.5851763911468053,5.422036626796576,3.5851763911468053,4.688545484504338,3.5851763911468053,4.858101841749901,3.5851763911468053,2.6184974239064682,3.5851763911468053,4.038681628832132,3.5851763911468053,4.847009867571867,3.5851763911468053,3.315118499424339,3.5851763911468053,4.014151764943001,3.5851763911468053,6.277022956023595,3.5851763911468053,5.476709355815999,3.5851763911468053,2.69162557072825,3.5851763911468053,4.846689623560241,3.5851763911468053,5.980935845801795,3.5851763911468053,5.288206615122105,3.5851763911468053,3.7862446981446163
caoimhin_kelleher,GK,Brentford,14970.0,107.23593994619364,3.0638839984626753,148.29198552559365,4.2369138721598185,35,3.0638839984626784,3.9943969165143063,3.0638839984626784,2.4964980728214416,3.0638839984626784,6.127767996925357,3.0638839984626784,1.9971984582571531,3.0638839984626784,6.127767996925357,3.0638839984626784,6.127767996925357,3.0638839984626784,2.99579768738573,3.0638839984626784,3.4950973019500178,3.0638839984626784,6.127767996925357,3.0638839984626784,2.99579768738573,3.0638839984626784,2.4964980728214416,3.0638839984626784,4.992996145642883,3.0638839984626784,1.9971984582571531,3.0638839984626784,5.4922957602071705,3.0638839984626784,6.127767996925357,3.0638839984626784,3.9943969165143063,3.0638839984626784,2.99579768738573,3.0638839984626784,2.99579768738573,3.0638839984626784,3.4950973019500178,3.0638839984626784,6.127767996925357,3.0638839984626784,6.127767996925357,3.0638839984626784,3.9943969165143063,3.0638839984626784,6.127767996925357,3.0638839984626784,1.9971984582571531,3.0638839984626784,5.4922957602071705,3.0638839984626784,3.4950973019500178,3.0638839984626784,3.9943969165143063,3.0638839984626784,6.127767996925357,3.0638839984626784,3.4950973019500178,3.0638839984626784,4.992996145642883,3.0638839984626784,2.4964980728214416,3.0638839984626784,6.127767996925357,3.0638839984626784,1.9971984582571531,3.0638839984626784,6.127767996925357,3.0638839984626784,2.4964980728214416
maxim_de_cuyper,DEF,Brighton,14971.0,113.02775865827957,3.229364533093702,147.8268302172329,4.223623720492369,35,3.2293645330937037,6.4587290661874075,3.2293645330937037,2.2320074134150065,3.2293645330937037,3.369238289977798,3.2293645330937037,4.021487759652885,3.2293645330937037,2.838371608359263,3.2293645330937037,1.9731817106952363,3.2293645330937037,3.190089018786954,3.2293645330937037,4.4757958910650615,3.2293645330937037,1.6146822665468519,3.2293645330937037,5.007077093059314,3.2293645330937037,6.4587290661874075,3.2293645330937037,3.0431241971629235,3.2293645330937037,3.874150337979118,3.2293645330937037,5.913408301080358,3.2293645330937037,6.4587290661874075,3.2293645330937037,6.4587290661874075,3.2293645330937037,5.007077093059314,3.2293645330937037,3.190089018786954,3.2293645330937037,1.9731817106952363,3.2293645330937037,1.6146822665468519,3.2293645330937037,4.4757958910650615,3.2293645330937037,6.4587290661874075,3.2293645330937037,6.4587290661874075,3.2293645330937037,3.874150337979118,3.2293645330937037,5.913408301080358,3.2293645330937037,4.611480324727293,3.2293645330937037,6.4587290661874075,3.2293645330937037,6.4587290661874075,3.2293645330937037,1.9815605212574345,3.2293645330937037,3.0431241971629235,3.2293645330937037,6.4587290661874075,3.2293645330937037,3.369238289977798,3.2293645330937037,4.021487759652885,3.2293645330937037,2.838371608359263,3.2293645330937037,2.2320074134150065
ruben_dos_santos_gato_alves_dias,DEF,Man City,79641.0,109.55785946168915,3.1302245560482613,147.47625845648244,4.213607384470927,35,3.13022455604826,6.26044911209652,3.13022455604826,3.452448440810782,3.13022455604826,2.9084709332880414,3.13022455604826,3.969830312569168,3.13022455604826,6.26044911209652,3.13022455604826,2.9685322253283797,3.13022455604826,6.26044911209652,3.13022455604826,6.059451873639057,3.13022455604826,2.287131348722006,3.13022455604826,4.725370153928548,3.13022455604826,3.26887471619919,3.13022455604826,2.030499164258433,3.13022455604826,4.586334718876979,3.13022455604826,1.56511227802413,3.13022455604826,3.1182803012006404,3.13022455604826,6.26044911209652,3.13022455604826,4.725370153928548,3.13022455604826,6.26044911209652,3.13022455604826,2.9685322253283797,3.13022455604826,2.287131348722006,3.13022455604826,6.059451873639057,3.13022455604826,6.26044911209652,3.13022455604826,1.56511227802413,3.13022455604826,4.586334718876979,3.13022455604826,3.1182803012006404,3.13022455604826,6.26044911209652,3.13022455604826,6.26044911209652,3.13022455604826,5.130736984194111,3.13022455604826,4.120806529728932,3.13022455604826,2.030499164258433,3.13022455604826,3.26887471619919,3.13022455604826,2.9084709332880414,3.13022455604826,3.969830312569168,3.13022455604826,6.26044911209652,3.13022455604826,3.452448440810782
jayden_bogle,DEF,Leeds,,105.6585833304764,3.01881666658504,146.9973611991413,4.199924605689751,35,3.0188166665850424,1.5094083332925212,3.0188166665850424,4.349262011599771,3.0188166665850424,2.413928782817646,3.0188166665850424,6.037633333170085,3.0188166665850424,3.6438504798265616,3.0188166665850424,5.41518251242271,3.0188166665850424,6.037633333170085,3.0188166665850424,2.1430690366031833,3.0188166665850424,6.037633333170085,3.0188166665850424,2.134007305060401,3.0188166665850424,4.189915747413185,3.0188166665850424,3.0697151275441983,3.0188166665850424,6.037633333170085,3.0188166665850424,6.037633333170085,3.0188166665850424,4.840598853983299,3.0188166665850424,3.291156223348337,3.0188166665850424,2.134007305060401,3.0188166665850424,6.037633333170085,3.0188166665850424,2.1430690366031833,3.0188166665850424,6.037633333170085,3.0188166665850424,5.41518251242271,3.0188166665850424,3.291156223348337,3.0188166665850424,6.037633333170085,3.0188166665850424,6.037633333170085,3.0188166665850424,4.840598853983299,3.0188166665850424,3.1331061879965865,3.0188166665850424,1.5094083332925212,3.0188166665850424,6.037633333170085,3.0188166665850424,3.450099518450174,3.0188166665850424,3.0697151275441983,3.0188166665850424,4.189915747413185,3.0188166665850424,2.413928782817646,3.0188166665850424,6.037633333170085,3.0188166665850424,3.6438504798265616,3.0188166665850424,4.349262011599771
james_justin,DEF,Leeds,14970.0,105.45700970677454,3.0130574201935585,146.7169221677106,4.191912061934588,35,3.0130574201935576,1.5065287100967788,3.0130574201935576,4.340964564516221,3.0130574201935576,2.4093235311024204,3.0130574201935576,6.026114840387115,3.0130574201935576,3.6368988047018873,3.0130574201935576,5.404851520584381,3.0130574201935576,6.026114840387115,3.0130574201935576,2.138980526442107,3.0130574201935576,6.026114840387115,3.0130574201935576,2.1299360827145355,3.0130574201935576,4.181922298385287,3.0130574201935576,3.0638587779463955,3.0130574201935576,6.026114840387115,3.0130574201935576,6.026114840387115,3.0130574201935576,4.8313640429425995,3.0130574201935576,3.28487741224565,3.0130574201935576,2.1299360827145355,3.0130574201935576,6.026114840387115,3.0130574201935576,2.138980526442107,3.0130574201935576,6.026114840387115,3.0130574201935576,5.404851520584381,3.0130574201935576,3.28487741224565,3.0130574201935576,6.026114840387115,3.0130574201935576,6.026114840387115,3.0130574201935576,4.8313640429425995,3.0130574201935576,3.127128902026528,3.0130574201935576,1.5065287100967788,3.0130574201935576,6.026114840387115,3.0130574201935576,3.443517478069307,3.0130574201935576,3.0638587779463955,3.0130574201935576,4.181922298385287,3.0130574201935576,2.4093235311024204,3.0130574201935576,6.026114840387115,3.0130574201935576,3.6368988047018873,3.0130574201935576,4.340964564516221
francisco_evanilson_de_lima_barbosa,FWD,Bournemouth,15210.0,126.24811106170573,3.6070888874773064,146.66529112822838,4.1904368893779536,35,3.6070888874773095,4.743644156908635,3.6070888874773095,2.6084424573532794,3.6070888874773095,5.881583443521968,3.6070888874773095,4.050213577543135,3.6070888874773095,3.540315444748005,3.6070888874773095,2.0990164007931833,3.6070888874773095,7.214177774954619,3.6070888874773095,3.2771632163570565,3.6070888874773095,7.111229985820541,3.6070888874773095,4.502657024154444,3.6070888874773095,2.494524262838554,3.6070888874773095,2.1288987039197065,3.6070888874773095,4.35731131661293,3.6070888874773095,4.033572877499413,3.6070888874773095,6.776879653919836,3.6070888874773095,2.357080044116046,3.6070888874773095,4.502657024154444,3.6070888874773095,7.214177774954619,3.6070888874773095,3.2771632163570565,3.6070888874773095,7.111229985820541,3.6070888874773095,2.0990164007931833,3.6070888874773095,2.357080044116046,3.6070888874773095,6.776879653919836,3.6070888874773095,4.35731131661293,3.6070888874773095,4.033572877499413,3.6070888874773095,2.052963985711861,3.6070888874773095,4.743644156908635,3.6070888874773095,3.0447286854391806,3.6070888874773095,7.214177774954619,3.6070888874773095,2.1288987039197065,3.6070888874773095,2.494524262838554,3.6070888874773095,3.540315444748005,3.6070888874773095,4.050213577543135,3.6070888874773095,5.881583443521968,3.6070888874773095,2.6084424573532794
zion_suzuki,GK,Aston Villa,14971.0,98.62205796319232,2.8177730846626377,146.64943476177555,4.189983850336445,35,2.8177730846626394,5.635546169325279,2.8177730846626394,5.635546169325279,2.8177730846626394,3.798775565989632,2.8177730846626394,2.1707288948512184,2.8177730846626394,2.7134111185640233,2.8177730846626394,5.426822237128047,2.8177730846626394,5.635546169325279,2.8177730846626394,3.798775565989632,2.8177730846626394,5.635546169325279,2.8177730846626394,3.798775565989632,2.8177730846626394,4.341457789702437,2.8177730846626394,5.635546169325279,2.8177730846626394,2.7134111185640233,2.8177730846626394,3.798775565989632,2.8177730846626394,2.1707288948512184,2.8177730846626394,4.341457789702437,2.8177730846626394,3.798775565989632,2.8177730846626394,5.635546169325279,2.8177730846626394,5.426822237128047,2.8177730846626394,5.635546169325279,2.8177730846626394,3.798775565989632,2.8177730846626394,4.341457789702437,2.8177730846626394,3.798775565989632,2.8177730846626394,2.7134111185640233,2.8177730846626394,2.1707288948512184,2.8177730846626394,5.635546169325279,2.8177730846626394,5.635546169325279,2.8177730846626394,3.256093342276828,2.8177730846626394,3.256093342276828,2.8177730846626394,5.635546169325279,2.8177730846626394,4.341457789702437,2.8177730846626394,3.798775565989632,2.8177730846626394,2.1707288948512184,2.8177730846626394,2.7134111185640233,2.8177730846626394,5.635546169325279
lewis_hall,DEF,Newcastle,14973.0,117.75093566291771,3.3643124475119346,144.14313822619144,4.118375377891184,35,3.3643124475119346,4.336569126420091,3.3643124475119346,4.208973455502808,3.3643124475119346,6.728624895023869,3.3643124475119346,6.728624895023869,3.3643124475119346,3.781748686484596,3.3643124475119346,2.8617098007588413,3.3643124475119346,5.560883287927256,3.3643124475119346,2.0989473568942696,3.3643124475119346,2.7242829196014844,3.3643124475119346,6.2685646993918995,3.3643124475119346,3.1683827575983807,3.3643124475119346,3.643194714873629,3.3643124475119346,2.999913384694179,3.3643124475119346,1.8555514248938625,3.3643124475119346,6.188981512809495,3.3643124475119346,1.8634307366639504,3.3643124475119346,6.2685646993918995,3.3643124475119346,5.560883287927256,3.3643124475119346,2.0989473568942696,3.3643124475119346,2.7242829196014844,3.3643124475119346,2.8617098007588413,3.3643124475119346,1.8634307366639504,3.3643124475119346,1.8555514248938625,3.3643124475119346,2.999913384694179,3.3643124475119346,6.188981512809495,3.3643124475119346,4.708582582242793,3.3643124475119346,4.336569126420091,3.3643124475119346,2.6691634397997817,3.3643124475119346,6.728624895023869,3.3643124475119346,3.643194714873629,3.3643124475119346,3.1683827575983807,3.3643124475119346,6.728624895023869,3.3643124475119346,6.728624895023869,3.3643124475119346,3.781748686484596,3.3643124475119346,4.208973455502808
lukas_hornicek,GK,Newcastle,14972.0,106.48232843290597,3.0423522409401706,142.6525161863057,4.075786176751591,35,3.0423522409401684,3.1550319535675824,3.0423522409401684,5.859345056625509,3.0423522409401684,6.084704481880337,3.0423522409401684,6.084704481880337,3.0423522409401684,3.6057508040772364,3.0423522409401684,3.1550319535675824,3.0423522409401684,4.507188505096546,3.0423522409401684,2.7043131030579275,3.0423522409401684,2.7043131030579275,3.0423522409401684,5.859345056625509,3.0423522409401684,3.1550319535675824,3.0423522409401684,4.9579073556062,3.0423522409401684,3.1550319535675824,3.0423522409401684,2.253594252548273,3.0423522409401684,6.084704481880337,3.0423522409401684,2.253594252548273,3.0423522409401684,5.859345056625509,3.0423522409401684,4.507188505096546,3.0423522409401684,2.7043131030579275,3.0423522409401684,2.7043131030579275,3.0423522409401684,3.1550319535675824,3.0423522409401684,2.253594252548273,3.0423522409401684,2.253594252548273,3.0423522409401684,3.1550319535675824,3.0423522409401684,6.084704481880337,3.0423522409401684,3.6057508040772364,3.0423522409401684,3.1550319535675824,3.0423522409401684,1.8028754020386182,3.0423522409401684,6.084704481880337,3.0423522409401684,4.9579073556062,3.0423522409401684,3.1550319535675824,3.0423522409401684,6.084704481880337,3.0423522409401684,6.084704481880337,3.0423522409401684,3.6057508040772364,3.0423522409401684,5.859345056625509
christos_tzolis,MID,Arsenal,14971.0,114.10021669177736,3.260006191193639,142.55473221978917,4.072992349136833,35,3.260006191193638,3.5874634521893047,3.260006191193638,3.6825332884132744,3.260006191193638,2.763369453518847,3.260006191193638,4.480050901965902,3.260006191193638,3.8266472173770336,3.260006191193638,4.592234066949731,3.260006191193638,2.481023958255934,3.260006191193638,4.603047133438507,3.260006191193638,3.175891540411339,3.260006191193638,2.5503128117148863,3.260006191193638,4.4423926371765825,3.260006191193638,3.803405193365074,3.260006191193638,3.141071801880465,3.260006191193638,5.947473615300873,3.260006191193638,5.1373748359677585,3.260006191193638,5.6669313441936815,3.260006191193638,2.5503128117148863,3.260006191193638,2.481023958255934,3.260006191193638,4.603047133438507,3.260006191193638,3.175891540411339,3.260006191193638,4.592234066949731,3.260006191193638,5.6669313441936815,3.260006191193638,5.1373748359677585,3.260006191193638,3.141071801880465,3.260006191193638,5.947473615300873,3.260006191193638,5.18917719762831,3.260006191193638,3.5874634521893047,3.260006191193638,4.59253749786323,3.260006191193638,5.010571020059215,3.260006191193638,3.803405193365074,3.260006191193638,4.4423926371765825,3.260006191193638,2.763369453518847,3.260006191193638,4.480050901965902,3.260006191193638,3.8266472173770336,3.260006191193638,3.6825332884132744
pedro_lomba_neto,MID,Chelsea,,108.1038534122617,3.08868152606462,141.81480469395237,4.051851562684353,35,3.0886815260646223,2.5074986380176485,3.0886815260646223,2.577526863702442,3.0886815260646223,3.8439908290512226,3.0886815260646223,3.8674808656390716,3.0886815260646223,4.489796823683399,3.0886815260646223,3.174589765214359,3.0886815260646223,3.625744802007599,3.0886815260646223,2.792857004858997,3.0886815260646223,4.527856934854477,3.0886815260646223,6.010938322617533,3.0886815260646223,4.641237191610724,3.0886815260646223,3.209781060587288,3.0886815260646223,5.0640381632272495,3.0886815260646223,4.641543860395522,3.0886815260646223,5.7274024218992805,3.0886815260646223,4.652165642907287,3.0886815260646223,6.010938322617533,3.0886815260646223,3.625744802007599,3.0886815260646223,2.792857004858997,3.0886815260646223,4.527856934854477,3.0886815260646223,3.174589765214359,3.0886815260646223,4.652165642907287,3.0886815260646223,5.7274024218992805,3.0886815260646223,5.0640381632272495,3.0886815260646223,4.641543860395522,3.0886815260646223,2.1918821115286784,3.0886815260646223,2.5074986380176485,3.0886815260646223,5.19219508594783,3.0886815260646223,3.721829115927624,3.0886815260646223,3.209781060587288,3.0886815260646223,4.641237191610724,3.0886815260646223,4.489796823683399,3.0886815260646223,3.8674808656390716,3.0886815260646223,3.8439908290512226,3.0886815260646223,2.577526863702442
kristoffer_ajer,DEF,Brentford,14969.0,97.27163319131003,2.779189519751715,134.86811059224755,3.8533745883499297,35,2.779189519751716,4.8884635046347125,2.779189519751716,1.934618962392149,2.779189519751716,5.558379039503432,2.779189519751716,2.771132890941334,2.779189519751716,4.3697679226858215,2.779189519751716,5.558379039503432,2.779189519751716,2.8283580878448,2.779189519751716,2.9710350572638036,2.779189519751716,5.558379039503432,2.779189519751716,2.179132971145593,2.779189519751716,1.9264386390449546,2.779189519751716,5.558379039503432,2.779189519751716,1.389594759875858,2.779189519751716,3.782374863956345,2.779189519751716,5.558379039503432,2.779189519751716,3.9262219818123065,2.779189519751716,2.179132971145593,2.779189519751716,2.8283580878448,2.779189519751716,2.9710350572638036,2.779189519751716,5.558379039503432,2.779189519751716,5.558379039503432,2.779189519751716,3.9262219818123065,2.779189519751716,5.558379039503432,2.779189519751716,1.389594759875858,2.779189519751716,3.782374863956345,2.779189519751716,3.2894237721654394,2.779189519751716,4.8884635046347125,2.779189519751716,5.558379039503432,2.779189519751716,4.502238102348978,2.779189519751716,5.558379039503432,2.779189519751716,1.9264386390449546,2.779189519751716,5.558379039503432,2.779189519751716,2.771132890941334,2.779189519751716,4.3697679226858215,2.779189519751716,1.934618962392149
morgan_gibbs_white,MID,Nott'm Forest,14971.0,142.99490001971813,4.085568571991947,134.34801566225383,3.8385147332072522,35,4.0855685719919475,4.776679714753635,4.0855685719919475,4.378159818006022,4.0855685719919475,5.669848098850896,4.0855685719919475,2.0675039329873552,4.0855685719919475,5.402401420585313,4.0855685719919475,2.431265303939517,4.0855685719919475,3.0276422860006145,4.0855685719919475,3.6258638708848934,4.0855685719919475,4.946948632589251,4.0855685719919475,2.3652108244299135,4.0855685719919475,3.51063421459313,4.0855685719919475,3.420002197532005,4.0855685719919475,3.6480209671885455,4.0855685719919475,2.9944479179240826,4.0855685719919475,4.3881788683020675,4.0855685719919475,4.897564382943915,4.0855685719919475,2.3652108244299135,4.0855685719919475,3.0276422860006145,4.0855685719919475,3.6258638708848934,4.0855685719919475,4.946948632589251,4.0855685719919475,2.431265303939517,4.0855685719919475,4.897564382943915,4.0855685719919475,2.9944479179240826,4.0855685719919475,3.6480209671885455,4.0855685719919475,4.3881788683020675,4.0855685719919475,4.23502365499282,4.0855685719919475,4.776679714753635,4.0855685719919475,2.634376553121348,4.0855685719919475,4.377870551117369,4.0855685719919475,3.420002197532005,4.0855685719919475,3.51063421459313,4.0855685719919475,5.669848098850896,4.0855685719919475,2.0675039329873552,4.0855685719919475,5.402401420585313,4.0855685719919475,4.378159818006022
harvey_barnes,MID,Newcastle,,124.65871517615118,3.561677576461462,134.29215237101974,3.8369186391719925,35,3.5616775764614603,2.657532547343666,3.5616775764614603,2.386000869846986,3.5616775764614603,4.416643550838374,3.5616775764614603,4.818666410902158,3.5616775764614603,5.719685685532593,3.5616775764614603,3.6800868282132444,3.5616775764614603,4.940613647264352,3.5616775764614603,2.085677154681935,3.5616775764614603,3.5414924552244753,3.5616775764614603,3.0207689154308084,3.5616775764614603,3.450063788777393,3.5616775764614603,5.449888168800368,3.5616775764614603,2.45263596382648,3.5616775764614603,3.0542550597890883,3.5616775764614603,4.308465185706495,3.5616775764614603,4.990431981170764,3.5616775764614603,3.0207689154308084,3.5616775764614603,4.940613647264352,3.5616775764614603,2.085677154681935,3.5616775764614603,3.5414924552244753,3.5616775764614603,3.6800868282132444,3.5616775764614603,4.990431981170764,3.5616775764614603,3.0542550597890883,3.5616775764614603,2.45263596382648,3.5616775764614603,4.308465185706495,3.5616775764614603,3.6577349725106814,3.5616775764614603,2.657532547343666,3.5616775764614603,4.41635174131306,3.5616775764614603,4.272249230497659,3.5616775764614603,5.449888168800368,3.5616775764614603,3.450063788777393,3.5616775764614603,4.416643550838374,3.5616775764614603,4.818666410902158,3.5616775764614603,5.719685685532593,3.5616775764614603,2.386000869846986
elliot_anderson,MID,Man City,14971.0,112.95689473134945,3.227339849467127,133.9496286336297,3.827132246675134,35,3.227339849467125,2.98423644240151,3.227339849467125,3.4083395239158776,3.227339849467125,4.362941415864713,3.227339849467125,5.383978495431329,3.227339849467125,4.760390585898058,3.227339849467125,3.4986624734463097,3.227339849467125,4.256359615038556,3.227339849467125,4.88086302089407,3.227339849467125,2.0604534627894435,3.227339849467125,2.6253929700279786,3.227339849467125,2.4229743578885095,3.227339849467125,4.930078863517385,3.227339849467125,2.357145133156801,3.227339849467125,4.373214580282858,3.227339849467125,3.635580718490515,3.227339849467125,4.220581647124987,3.227339849467125,2.6253929700279786,3.227339849467125,4.256359615038556,3.227339849467125,3.4986624734463097,3.227339849467125,2.0604534627894435,3.227339849467125,4.88086302089407,3.227339849467125,4.220581647124987,3.227339849467125,4.373214580282858,3.227339849467125,2.357145133156801,3.227339849467125,3.635580718490515,3.227339849467125,4.36322969631385,3.227339849467125,2.98423644240151,3.227339849467125,3.613499180905116,3.227339849467125,5.650513144072902,3.227339849467125,4.930078863517385,3.227339849467125,2.4229743578885095,3.227339849467125,4.362941415864713,3.227339849467125,5.383978495431329,3.227339849467125,4.760390585898058,3.227339849467125,3.4083395239158776
malick_yalcouye,MID,Brighton,,101.8666188998181,2.910474825709089,133.27777352058587,3.8079363863024533,35,2.91047482570909,4.33007312164583,2.91047482570909,2.0447958917138997,2.91047482570909,3.3824392455018955,2.91047482570909,5.6075743867729235,2.91047482570909,4.329787031865739,2.91047482570909,2.994388745393114,2.91047482570909,2.4045619579445185,2.91047482570909,2.3392329754088603,2.91047482570909,4.339982129584028,2.91047482570909,3.586039875816106,2.91047482570909,4.224015155724577,2.91047482570909,3.6079536138125095,2.91047482570909,5.343065158884872,2.91047482570909,4.843772904063098,2.91047482570909,4.1885090678052235,2.91047482570909,2.961558961426098,2.91047482570909,3.586039875816106,2.91047482570909,2.4045619579445185,2.91047482570909,2.994388745393114,2.91047482570909,4.339982129584028,2.91047482570909,2.3392329754088603,2.91047482570909,2.961558961426098,2.91047482570909,4.1885090678052235,2.91047482570909,5.343065158884872,2.91047482570909,4.843772904063098,2.91047482570909,2.6054423728551623,2.91047482570909,4.33007312164583,2.91047482570909,4.72421594992975,2.91047482570909,4.892614751074362,2.91047482570909,3.6079536138125095,2.91047482570909,4.224015155724577,2.91047482570909,3.3824392455018955,2.91047482570909,5.6075743867729235,2.91047482570909,4.329787031865739,2.91047482570909,2.0447958917138997
dominic_calvert_lewin,FWD,Leeds,50210.0,124.01488164943157,3.543282332840902,132.70166554978442,3.791476158565269,35,3.5432823328409,1.8250932222458427,3.5432823328409,6.024673209284825,3.5432823328409,1.8925994914735667,3.5432823328409,3.1473546383627284,3.5432823328409,3.60065612473903,3.5432823328409,1.77164116642045,3.5432823328409,3.5858624756177604,3.5432823328409,5.228751285241452,3.5432823328409,3.873667247215666,3.5432823328409,2.7067760204501075,3.5432823328409,7.0865646656818,3.5432823328409,2.318915812779353,3.5432823328409,6.3219119961581525,3.5432823328409,2.0954536186446817,3.5432823328409,2.2176420806796564,3.5432823328409,7.0865646656818,3.5432823328409,2.7067760204501075,3.5432823328409,3.5858624756177604,3.5432823328409,5.228751285241452,3.5432823328409,3.873667247215666,3.5432823328409,1.77164116642045,3.5432823328409,7.0865646656818,3.5432823328409,2.0954536186446817,3.5432823328409,6.3219119961581525,3.5432823328409,2.2176420806796564,3.5432823328409,4.002880164520965,3.5432823328409,1.8250932222458427,3.5432823328409,2.913411251241558,3.5432823328409,4.217118692668173,3.5432823328409,2.318915812779353,3.5432823328409,7.0865646656818,3.5432823328409,1.8925994914735667,3.5432823328409,3.1473546383627284,3.5432823328409,3.60065612473903,3.5432823328409,6.024673209284825
vitalii_mykolenko,DEF,Everton,,91.68545163051772,2.6195843323005064,132.40924705639833,3.783121344468524,35,2.6195843323005077,5.239168664601015,2.6195843323005077,3.887323156143299,2.6195843323005077,4.491014413907349,2.6195843323005077,1.9882981886556133,2.6195843323005077,2.2395966459519547,2.6195843323005077,1.3097921661502538,2.6195843323005077,5.239168664601015,2.6195843323005077,3.2009359036277614,2.6195843323005077,2.8480225898177665,2.6195843323005077,5.239168664601015,2.6195843323005077,5.239168664601015,2.6195843323005077,2.906835595148766,2.6195843323005077,5.239168664601015,2.6195843323005077,3.3806943150345914,2.6195843323005077,1.9798908886084081,2.6195843323005077,4.627160199405832,2.6195843323005077,5.239168664601015,2.6195843323005077,5.239168664601015,2.6195843323005077,3.2009359036277614,2.6195843323005077,2.8480225898177665,2.6195843323005077,1.3097921661502538,2.6195843323005077,4.627160199405832,2.6195843323005077,3.3806943150345914,2.6195843323005077,5.239168664601015,2.6195843323005077,1.9798908886084081,2.6195843323005077,5.239168664601015,2.6195843323005077,5.239168664601015,2.6195843323005077,4.035161551939176,2.6195843323005077,5.024102068944817,2.6195843323005077,2.906835595148766,2.6195843323005077,5.239168664601015,2.6195843323005077,4.491014413907349,2.6195843323005077,1.9882981886556133,2.6195843323005077,2.2395966459519547,2.6195843323005077,3.887323156143299
anthony_elanga,MID,Newcastle,14973.0,122.73898180291411,3.5068280515118317,132.22406490271737,3.777830425791925,35,3.5068280515118317,2.6166067772168837,3.5068280515118317,2.3492566639409227,3.5068280515118317,4.348627624232237,3.5068280515118317,4.744459367211443,3.5068280515118317,5.631603023366317,3.5068280515118317,3.6234138110836533,3.5068280515118317,4.864528626738342,3.5068280515118317,2.0535579078728925,3.5068280515118317,3.4869537793865732,3.5068280515118317,2.9742493368229668,3.5068280515118317,3.396933106452026,3.5068280515118317,5.365960364929844,3.5068280515118317,2.4148655832678023,3.5068280515118317,3.007219797470126,3.5068280515118317,4.242115196516065,3.5068280515118317,4.913579762634859,3.5068280515118317,2.9742493368229668,3.5068280515118317,4.864528626738342,3.5068280515118317,2.0535579078728925,3.5068280515118317,3.4869537793865732,3.5068280515118317,3.6234138110836533,3.5068280515118317,4.913579762634859,3.5068280515118317,3.007219797470126,3.5068280515118317,2.4148655832678023,3.5068280515118317,4.242115196516065,3.5068280515118317,3.6014061720151647,3.5068280515118317,2.6166067772168837,3.5068280515118317,4.348340308548238,3.5068280515118317,4.206456963868061,3.5068280515118317,5.365960364929844,3.5068280515118317,3.396933106452026,3.5068280515118317,4.348627624232237,3.5068280515118317,4.744459367211443,3.5068280515118317,5.631603023366317,3.5068280515118317,2.3492566639409227
abdukodir_khusanov,DEF,Man City,14972.0,97.9705287975438,2.799157965644109,131.8785078227747,3.7679573663649917,35,2.7991579656441066,5.598315931288213,2.7991579656441066,3.0873020069433266,2.7991579656441066,2.6008580007548994,2.7991579656441066,3.5499632511067998,2.7991579656441066,5.598315931288213,2.7991579656441066,2.6545669411300374,2.7991579656441066,5.598315931288213,2.7991579656441066,5.418577062390272,2.7991579656441066,2.0452340778170193,2.7991579656441066,4.225593809692829,2.7991579656441066,2.923143862909658,2.7991579656441066,1.8157444643661744,2.7991579656441066,4.101263385928372,2.7991579656441066,1.3995789828220533,2.7991579656441066,2.788476988767928,2.7991579656441066,5.598315931288213,2.7991579656441066,4.225593809692829,2.7991579656441066,5.598315931288213,2.7991579656441066,2.6545669411300374,2.7991579656441066,2.0452340778170193,2.7991579656441066,5.418577062390272,2.7991579656441066,5.598315931288213,2.7991579656441066,1.3995789828220533,2.7991579656441066,4.101263385928372,2.7991579656441066,2.788476988767928,2.7991579656441066,5.598315931288213,2.7991579656441066,5.598315931288213,2.7991579656441066,4.588087225621504,2.7991579656441066,3.6849715463005106,2.7991579656441066,1.8157444643661744,2.7991579656441066,2.923143862909658,2.7991579656441066,2.6008580007548994,2.7991579656441066,3.5499632511067998,2.7991579656441066,5.598315931288213,2.7991579656441066,3.0873020069433266
thierno_barry,FWD,Everton,14971.0,121.75413067951884,3.4786894479862527,131.55524177460885,3.7587211935602527,35,3.478689447986251,3.9021952309928927,3.478689447986251,6.957378895972502,3.478689447986251,2.4132750238243554,3.478689447986251,5.690014178751261,3.478689447986251,2.059558268066433,3.478689447986251,1.9860968222821338,3.478689447986251,4.215389173823304,3.478689447986251,4.589138753355492,3.478689447986251,2.5234827847497674,3.478689447986251,2.280307505667348,3.478689447986251,6.879609859526237,3.478689447986251,4.356000821124293,3.478689447986251,3.170422615986489,3.478689447986251,3.91829392620012,3.478689447986251,2.9455587184911995,3.478689447986251,2.0306492625041757,3.478689447986251,2.280307505667348,3.478689447986251,4.215389173823304,3.478689447986251,4.589138753355492,3.478689447986251,2.5234827847497674,3.478689447986251,1.9860968222821338,3.478689447986251,2.0306492625041757,3.478689447986251,3.91829392620012,3.478689447986251,3.170422615986489,3.478689447986251,2.9455587184911995,3.478689447986251,3.4250037037314347,3.478689447986251,3.9021952309928927,3.478689447986251,6.556149664248282,3.478689447986251,1.7393447239931255,3.478689447986251,4.356000821124293,3.478689447986251,6.879609859526237,3.478689447986251,2.4132750238243554,3.478689447986251,5.690014178751261,3.478689447986251,2.059558268066433,3.478689447986251,6.957378895972502
emersonn_correia_da_silva,FWD,Ipswich Town,14970.0,96.26658110802842,2.750473745943669,130.48943612975276,3.7282696037072216,35,2.7504737459436694,5.500947491887339,2.7504737459436694,5.500947491887339,2.7504737459436694,5.500947491887339,2.7504737459436694,3.136117266234028,2.7504737459436694,3.375528399701053,2.7504737459436694,2.5693982682727183,2.7504737459436694,1.8435335740376935,2.7504737459436694,4.1546419575032,2.7504737459436694,2.427828613958009,2.7504737459436694,4.488097517436319,2.7504737459436694,2.16201910144463,2.7504737459436694,2.1145844072536506,2.7504737459436694,4.637805826480018,2.7504737459436694,4.886026271074949,2.7504737459436694,5.500947491887339,2.7504737459436694,2.1927983321977997,2.7504737459436694,4.488097517436319,2.7504737459436694,1.8435335740376935,2.7504737459436694,2.5693982682727183,2.7504737459436694,2.427828613958009,2.7504737459436694,4.1546419575032,2.7504737459436694,2.1927983321977997,2.7504737459436694,5.500947491887339,2.7504737459436694,4.637805826480018,2.7504737459436694,4.886026271074949,2.7504737459436694,2.686735756655301,2.7504737459436694,5.500947491887339,2.7504737459436694,4.1717821338936005,2.7504737459436694,3.6465792329170093,2.7504737459436694,2.1145844072536506,2.7504737459436694,2.16201910144463,2.7504737459436694,5.500947491887339,2.7504737459436694,3.136117266234028,2.7504737459436694,3.375528399701053,2.7504737459436694,5.500947491887339
youri_tielemans,MID,Man Utd,14974.0,109.79949286674207,3.137128367621202,130.19264872555667,3.7197899635873335,35,3.1371283676212034,2.8828293533485723,3.1371283676212034,4.663312580997008,3.1371283676212034,4.032461351590588,3.1371283676212034,2.5083736246607287,3.1371283676212034,3.452437841341117,3.1371283676212034,4.710334768898448,3.1371283676212034,4.548209858512218,3.1371283676212034,4.168475842829103,3.1371283676212034,2.314977240337485,3.1371283676212034,4.178291110471877,3.1371283676212034,4.168751274005835,3.1371283676212034,5.3986577621711955,3.1371283676212034,1.9686146721291888,3.1371283676212034,4.066644619422451,3.1371283676212034,3.2564225863635876,3.1371283676212034,3.3427196500375578,3.1371283676212034,4.178291110471877,3.1371283676212034,4.548209858512218,3.1371283676212034,4.168475842829103,3.1371283676212034,2.314977240337485,3.1371283676212034,4.710334768898448,3.1371283676212034,3.3427196500375578,3.1371283676212034,4.066644619422451,3.1371283676212034,1.9686146721291888,3.1371283676212034,3.2564225863635876,3.1371283676212034,3.4735351578584917,3.1371283676212034,2.8828293533485723,3.1371283676212034,2.2520821640826254,3.1371283676212034,5.144003129381647,3.1371283676212034,5.3986577621711955,3.1371283676212034,4.168751274005835,3.1371283676212034,3.452437841341117,3.1371283676212034,2.5083736246607287,3.1371283676212034,4.032461351590588,3.1371283676212034,4.663312580997008
robin_roefs,GK,Sunderland,14974.0,105.76555466377266,3.0218729903935047,128.9332475901229,3.6838070740035116,35,3.021872990393506,2.417498392314805,3.021872990393506,2.014581993595671,3.021872990393506,2.417498392314805,3.021872990393506,3.223331189753073,3.021872990393506,2.8204147910339388,3.021872990393506,6.043745980787012,3.021872990393506,2.014581993595671,3.021872990393506,6.043745980787012,3.021872990393506,6.043745980787012,3.021872990393506,1.6116655948765366,3.021872990393506,1.6116655948765366,3.021872990393506,6.043745980787012,3.021872990393506,3.223331189753073,3.021872990393506,2.8204147910339388,3.021872990393506,5.237913183348743,3.021872990393506,5.237913183348743,3.021872990393506,1.6116655948765366,3.021872990393506,2.014581993595671,3.021872990393506,6.043745980787012,3.021872990393506,6.043745980787012,3.021872990393506,6.043745980787012,3.021872990393506,5.237913183348743,3.021872990393506,2.8204147910339388,3.021872990393506,3.223331189753073,3.021872990393506,5.237913183348743,3.021872990393506,2.8204147910339388,3.021872990393506,2.417498392314805,3.021872990393506,4.432080385910475,3.021872990393506,4.029163987191342,3.021872990393506,6.043745980787012,3.021872990393506,1.6116655948765366,3.021872990393506,2.417498392314805,3.021872990393506,3.223331189753073,3.021872990393506,2.8204147910339388,3.021872990393506,2.014581993595671
enzo_le_fee,MID,Sunderland,61014.0,126.99936914777759,3.6285534042222167,128.2486681286066,3.664247660817331,35,3.6285534042222167,1.9704444268326053,3.6285534042222167,2.885508836867168,3.6285534042222167,3.345826584618739,3.6285534042222167,3.4556467549329346,3.6285534042222167,2.5107050653954888,3.6285534042222167,4.172625974504098,3.6285534042222167,4.71471285127286,3.6285534042222167,4.552437251764212,3.6285534042222167,4.036209375634541,3.6285534042222167,4.1723502873242495,3.6285534042222167,4.18217467789615,3.6285534042222167,4.070424415552622,3.6285534042222167,5.403675615371378,3.6285534042222167,3.476763680627602,3.6285534042222167,2.8538727869738434,3.6285534042222167,2.2541753913609495,3.6285534042222167,4.1723502873242495,3.6285534042222167,4.71471285127286,3.6285534042222167,4.172625974504098,3.6285534042222167,4.036209375634541,3.6285534042222167,4.552437251764212,3.6285534042222167,2.2541753913609495,3.6285534042222167,3.476763680627602,3.6285534042222167,5.403675615371378,3.6285534042222167,2.8538727869738434,3.6285534042222167,2.317128926268601,3.6285534042222167,1.9704444268326053,3.6285534042222167,5.14878429049643,3.6285534042222167,4.667646957982703,3.6285534042222167,4.070424415552622,3.6285534042222167,4.18217467789615,3.6285534042222167,3.345826584618739,3.6285534042222167,3.4556467549329346,3.6285534042222167,2.5107050653954888,3.6285534042222167,2.885508836867168
olivier_boscagli,DEF,Brighton,,97.85288462884283,2.7957967036812237,127.97990452971631,3.6565687008490375,35,2.7957967036812255,5.591593407362451,2.7957967036812255,1.932342696239262,2.7957967036812255,2.9168912981194164,2.7957967036812255,3.4815710976923944,2.7957967036812255,2.4572976835387035,2.7957967036812255,1.7082663991608753,2.7957967036812255,2.7617942390139736,2.7957967036812255,3.874884755299498,2.7957967036812255,1.3978983518406127,2.7957967036812255,4.334837237604235,2.7957967036812255,5.591593407362451,2.7957967036812255,2.6345606115795563,2.7957967036812255,3.3540148947233264,2.7957967036812255,5.1194862847655935,2.7957967036812255,5.591593407362451,2.7957967036812255,5.591593407362451,2.7957967036812255,4.334837237604235,2.7957967036812255,2.7617942390139736,2.7957967036812255,1.7082663991608753,2.7957967036812255,1.3978983518406127,2.7957967036812255,3.874884755299498,2.7957967036812255,5.591593407362451,2.7957967036812255,5.591593407362451,2.7957967036812255,3.3540148947233264,2.7957967036812255,5.1194862847655935,2.7957967036812255,3.9923524764211855,2.7957967036812255,5.591593407362451,2.7957967036812255,5.591593407362451,2.7957967036812255,1.7155202878781464,2.7957967036812255,2.6345606115795563,2.7957967036812255,5.591593407362451,2.7957967036812255,2.9168912981194164,2.7957967036812255,3.4815710976923944,2.7957967036812255,2.4572976835387035,2.7957967036812255,1.932342696239262
kiernan_dewsbury_hall,MID,Everton,15210.0,139.03996522566433,3.972570435018981,127.563070431876,3.6446591551964573,35,3.972570435018982,4.013380204160977,3.972570435018982,5.1196622929713005,3.972570435018982,2.2414255680114668,3.972570435018982,4.688046001733272,3.972570435018982,1.986285217509491,3.972570435018982,4.158519913247308,3.972570435018982,4.149025218199918,3.972570435018982,2.304023031935301,3.972570435018982,4.148751090332115,3.972570435018982,4.5266882479413315,3.972570435018982,4.641246317464621,3.972570435018982,3.326902281711618,3.972570435018982,4.047401720666229,3.972570435018982,3.241013565905398,3.972570435018982,2.8691881334807223,3.972570435018982,2.496504286614421,3.972570435018982,4.5266882479413315,3.972570435018982,4.149025218199918,3.972570435018982,2.304023031935301,3.972570435018982,4.148751090332115,3.972570435018982,4.158519913247308,3.972570435018982,2.496504286614421,3.972570435018982,3.241013565905398,3.972570435018982,4.047401720666229,3.972570435018982,2.8691881334807223,3.972570435018982,2.8377310199954344,3.972570435018982,4.013380204160977,3.972570435018982,5.373111929068203,3.972570435018982,3.4361012990414093,3.972570435018982,3.326902281711618,3.972570435018982,4.641246317464621,3.972570435018982,2.2414255680114668,3.972570435018982,4.688046001733272,3.972570435018982,1.986285217509491,3.972570435018982,5.1196622929713005
mikkel_damsgaard,MID,Brentford,50210.0,104.06399897818808,2.9732571136625165,127.44841714194698,3.6413833469127708,35,2.9732571136625188,3.324890751785213,2.9732571136625188,4.536315852927581,2.9732571136625188,4.3801804958409525,2.9732571136625188,4.014475398484994,2.9732571136625188,2.1688810932248455,2.9732571136625188,3.9164062344602395,2.9732571136625188,3.2192259965216983,2.9732571136625188,3.345208647660452,2.9732571136625188,2.745886923377091,2.9732571136625188,1.8958860428457167,2.9732571136625188,2.7763259170511914,2.9732571136625188,4.491030855813348,2.9732571136625188,4.023928050237611,2.9732571136625188,4.953962741119587,2.9732571136625188,4.014740654114308,2.9732571136625188,5.199209396489442,2.9732571136625188,1.8958860428457167,2.9732571136625188,3.2192259965216983,2.9732571136625188,3.345208647660452,2.9732571136625188,2.745886923377091,2.9732571136625188,3.9164062344602395,2.9732571136625188,5.199209396489442,2.9732571136625188,4.014740654114308,2.9732571136625188,4.023928050237611,2.9732571136625188,4.953962741119587,2.9732571136625188,3.1361170972158257,2.9732571136625188,3.324890751785213,2.9732571136625188,3.883485835512288,2.9732571136625188,2.4157041053103123,2.9732571136625188,4.491030855813348,2.9732571136625188,2.7763259170511914,2.9732571136625188,4.3801804958409525,2.9732571136625188,4.014475398484994,2.9732571136625188,2.1688810932248455,2.9732571136625188,4.536315852927581
matz_sels,GK,Nott'm Forest,50210.0,108.6180268223581,3.103372194924517,126.61758555292025,3.617645301512007,35,3.103372194924516,6.206744389849032,3.103372194924516,6.206744389849032,3.103372194924516,3.31026367458615,3.103372194924516,2.482697755939613,3.103372194924516,4.551612552555956,3.103372194924516,2.8964807152628818,3.103372194924516,2.0689147966163444,3.103372194924516,3.31026367458615,3.103372194924516,2.0689147966163444,3.103372194924516,5.3791784712024935,3.103372194924516,2.482697755939613,3.103372194924516,2.8964807152628818,3.103372194924516,2.8964807152628818,3.103372194924516,5.3791784712024935,3.103372194924516,1.655131837293075,3.103372194924516,4.137829593232689,3.103372194924516,5.3791784712024935,3.103372194924516,2.0689147966163444,3.103372194924516,3.31026367458615,3.103372194924516,2.0689147966163444,3.103372194924516,2.8964807152628818,3.103372194924516,4.137829593232689,3.103372194924516,5.3791784712024935,3.103372194924516,2.8964807152628818,3.103372194924516,1.655131837293075,3.103372194924516,6.206744389849032,3.103372194924516,6.206744389849032,3.103372194924516,2.8964807152628818,3.103372194924516,1.655131837293075,3.103372194924516,2.8964807152628818,3.103372194924516,2.482697755939613,3.103372194924516,3.31026367458615,3.103372194924516,2.482697755939613,3.103372194924516,4.551612552555956,3.103372194924516,6.206744389849032
phil_foden,MID,Man City,14969.0,106.68035195749466,3.048010055928419,126.50660733191549,3.6144744951975856,35,3.0480100559284207,2.818414889652765,3.0480100559284207,3.2189523345764717,3.0480100559284207,4.120510987145635,3.0480100559284207,5.084813301483149,3.0480100559284207,4.495875567105215,3.0480100559284207,3.3042564151167744,3.0480100559284207,4.019851491756351,3.0480100559284207,4.6096538521502985,3.0480100559284207,1.945962671204805,3.0480100559284207,2.4795108500055645,3.0480100559284207,2.2883397945587554,3.0480100559284207,4.656134975993399,3.0480100559284207,2.226168424850248,3.0480100559284207,4.130213314732202,3.0480100559284207,3.433566685246434,3.0480100559284207,3.986061556060782,3.0480100559284207,2.4795108500055645,3.0480100559284207,4.019851491756351,3.0480100559284207,3.3042564151167744,3.0480100559284207,1.945962671204805,3.0480100559284207,4.6096538521502985,3.0480100559284207,3.986061556060782,3.0480100559284207,4.130213314732202,3.0480100559284207,2.226168424850248,3.0480100559284207,3.433566685246434,3.0480100559284207,4.120783249054476,3.0480100559284207,2.818414889652765,3.0480100559284207,3.412712126461195,3.0480100559284207,5.336537733122104,3.0480100559284207,4.656134975993399,3.0480100559284207,2.2883397945587554,3.0480100559284207,4.120510987145635,3.0480100559284207,5.084813301483149,3.0480100559284207,4.495875567105215,3.0480100559284207,3.2189523345764717
marcus_rashford,MID,Man Utd,14972.0,105.72631979733299,3.020751994209514,125.36296165889978,3.5817989045399936,35,3.020751994209512,2.775886574477884,3.020751994209512,4.490320167979156,3.020751994209512,3.882871289269752,3.020751994209512,2.4153218297095047,3.020751994209512,3.3243646010008665,3.020751994209512,4.535597998922069,3.020751994209512,4.379487349636908,3.020751994209512,4.013840123663253,3.020751994209512,2.229099767632927,3.020751994209512,4.023291279571192,3.020751994209512,4.014105337316914,3.020751994209512,5.198386642207824,3.020751994209512,1.8955860263931645,3.020751994209512,3.91578647869504,3.020751994209512,3.135620819114172,3.020751994209512,3.218716566766105,3.020751994209512,4.023291279571192,3.020751994209512,4.379487349636908,3.020751994209512,4.013840123663253,3.020751994209512,2.229099767632927,3.020751994209512,4.535597998922069,3.020751994209512,3.218716566766105,3.020751994209512,3.91578647869504,3.020751994209512,1.8955860263931645,3.020751994209512,3.135620819114172,3.020751994209512,3.344679281649607,3.020751994209512,2.775886574477884,3.020751994209512,2.1685378763874983,3.020751994209512,4.953178796149226,3.020751994209512,5.198386642207824,3.020751994209512,4.014105337316914,3.020751994209512,3.3243646010008665,3.020751994209512,2.4153218297095047,3.020751994209512,3.882871289269752,3.020751994209512,4.490320167979156
granit_xhaka,MID,Sunderland,50210.0,121.75282367357731,3.4786521049593517,122.95051213100157,3.5128717751714738,35,3.4786521049593517,1.889042240671095,3.4786521049593517,2.7663038878156927,3.4786521049593517,3.207605178931563,3.4786521049593517,3.3128885037369638,3.4786521049593517,2.4069838549178626,3.4786521049593517,4.000248173976669,3.4786521049593517,4.519940581630981,3.4786521049593517,4.364368844652426,3.4786521049593517,3.869467161285276,3.4786521049593517,3.999983875871706,3.4786521049593517,4.009402405278802,3.4786521049593517,3.902268723608654,3.4786521049593517,5.180441200632797,3.4786521049593517,3.3331330557208334,3.4786521049593517,2.735974773346561,3.4786521049593517,2.1610518288034313,3.4786521049593517,3.999983875871706,3.4786521049593517,4.519940581630981,3.4786521049593517,4.000248173976669,3.4786521049593517,3.869467161285276,3.4786521049593517,4.364368844652426,3.4786521049593517,2.1610518288034313,3.4786521049593517,3.3331330557208334,3.4786521049593517,5.180441200632797,3.4786521049593517,2.735974773346561,3.4786521049593517,2.221404653283377,3.4786521049593517,1.889042240671095,3.4786521049593517,4.936079840874286,3.4786521049593517,4.474819055081287,3.4786521049593517,3.902268723608654,3.4786521049593517,4.009402405278802,3.4786521049593517,3.207605178931563,3.4786521049593517,3.3128885037369638,3.4786521049593517,2.4069838549178626,3.4786521049593517,2.7663038878156927
mamadou_sangare,MID,Brentford,14974.0,99.53799192493635,2.843942626426753,121.90536247775772,3.4830103565073633,35,2.8439426264267533,3.180282826454324,2.8439426264267533,4.339019979736781,2.8439426264267533,4.189675345036136,2.8439426264267533,3.839875689199776,2.8439426264267533,2.074550957712202,2.8439426264267533,3.7460718016629606,2.8439426264267533,3.0792136991918344,2.8439426264267533,3.199717045544685,2.8439426264267533,2.6264613419592417,2.8439426264267533,1.8134291539471854,2.8439426264267533,2.655576466654487,2.8439426264267533,4.295704541916424,2.8439426264267533,3.848917221171063,2.8439426264267533,4.7385023462855065,2.8439426264267533,3.8401294081895125,2.8439426264267533,4.973082603065172,2.8439426264267533,1.8134291539471854,2.8439426264267533,3.0792136991918344,2.8439426264267533,3.199717045544685,2.8439426264267533,2.6264613419592417,2.8439426264267533,3.7460718016629606,2.8439426264267533,4.973082603065172,2.8439426264267533,3.8401294081895125,2.8439426264267533,3.848917221171063,2.8439426264267533,4.7385023462855065,2.8439426264267533,2.9997194165462844,2.8439426264267533,3.180282826454324,2.8439426264267533,3.714583194298047,2.8439426264267533,2.310639011458831,2.8439426264267533,4.295704541916424,2.8439426264267533,2.655576466654487,2.8439426264267533,4.189675345036136,2.8439426264267533,3.839875689199776,2.8439426264267533,2.074550957712202,2.8439426264267533,4.339019979736781
murillo_costa_dos_santos,DEF,Nott'm Forest,15210.0,108.1444699678629,3.089841999081797,121.07502762798276,3.4592865036566502,35,3.089841999081795,6.17968399816359,3.089841999081795,6.17968399816359,3.089841999081795,3.3437574568541515,3.089841999081795,1.8558533255375038,3.089841999081795,3.221250406767332,3.089841999081795,2.6524720655914997,3.089841999081795,1.6406468086415162,3.089841999081795,4.163248122979693,3.089841999081795,1.6476135612393998,3.089841999081795,3.7215022848652803,3.089841999081795,2.4087643262899205,3.089841999081795,2.8014298014434855,3.089841999081795,2.5302748222899285,3.089841999081795,5.5425576089374395,3.089841999081795,1.5449209995408975,3.089841999081795,4.916837818217652,3.089841999081795,3.7215022848652803,3.089841999081795,1.6406468086415162,3.089841999081795,4.163248122979693,3.089841999081795,1.6476135612393998,3.089841999081795,2.6524720655914997,3.089841999081795,4.916837818217652,3.089841999081795,5.5425576089374395,3.089841999081795,2.5302748222899285,3.089841999081795,1.5449209995408975,3.089841999081795,6.17968399816359,3.089841999081795,6.17968399816359,3.089841999081795,3.834320193050653,3.089841999081795,2.3600286257227343,3.089841999081795,2.8014298014434855,3.089841999081795,2.4087643262899205,3.089841999081795,3.3437574568541515,3.089841999081795,1.8558533255375038,3.089841999081795,3.221250406767332,3.089841999081795,6.17968399816359
michael_kayode,DEF,Brentford,79641.0,86.80084161773529,2.480024046221008,120.35025138085915,3.43857861088169,35,2.4800240462210086,4.362245523166404,2.4800240462210086,1.7263671703239207,2.4800240462210086,4.960048092442017,2.4800240462210086,2.4728346721105994,2.4800240462210086,3.8993848557813418,2.4800240462210086,4.960048092442017,2.4800240462210086,2.523899870565653,2.4800240462210086,2.6512183972390986,2.4800240462210086,4.960048092442017,2.4800240462210086,1.9445605022420007,2.4800240462210086,1.719067416758098,2.4800240462210086,4.960048092442017,2.4800240462210086,1.2400120231105043,2.4800240462210086,3.3752216420532792,2.4800240462210086,4.960048092442017,2.4800240462210086,3.5035843566961593,2.4800240462210086,1.9445605022420007,2.4800240462210086,2.523899870565653,2.4800240462210086,2.6512183972390986,2.4800240462210086,4.960048092442017,2.4800240462210086,4.960048092442017,2.4800240462210086,3.5035843566961593,2.4800240462210086,4.960048092442017,2.4800240462210086,1.2400120231105043,2.4800240462210086,3.3752216420532792,2.4800240462210086,2.935334202724722,2.4800240462210086,4.362245523166404,2.4800240462210086,4.960048092442017,2.4800240462210086,4.0175953011780985,2.4800240462210086,4.960048092442017,2.4800240462210086,1.719067416758098,2.4800240462210086,4.960048092442017,2.4800240462210086,2.4728346721105994,2.4800240462210086,3.8993848557813418,2.4800240462210086,1.7263671703239207
neco_williams,DEF,Nott'm Forest,14971.0,107.43291291838632,3.0695117976681807,120.27839152213411,3.436525472060975,35,3.069511797668179,6.139023595336358,3.069511797668179,6.139023595336358,3.069511797668179,3.321756570531703,3.069511797668179,1.8436423866242784,3.069511797668179,3.2000555788140796,3.069511797668179,2.635019622601376,3.069511797668179,1.6298518618195752,3.069511797668179,4.135855242405157,3.069511797668179,1.636772775347514,3.069511797668179,3.6970159548085895,3.069511797668179,2.392915404589083,3.069511797668179,2.7829972627808686,3.069511797668179,2.513626399236503,3.069511797668179,5.506089300017516,3.069511797668179,1.5347558988340895,3.069511797668179,4.884486551326932,3.069511797668179,3.6970159548085895,3.069511797668179,1.6298518618195752,3.069511797668179,4.135855242405157,3.069511797668179,1.636772775347514,3.069511797668179,2.635019622601376,3.069511797668179,4.884486551326932,3.069511797668179,5.506089300017516,3.069511797668179,2.513626399236503,3.069511797668179,1.5347558988340895,3.069511797668179,6.139023595336358,3.069511797668179,6.139023595336358,3.069511797668179,3.8090915561714276,3.069511797668179,2.3445003698063798,3.069511797668179,2.7829972627808686,3.069511797668179,2.392915404589083,3.069511797668179,3.321756570531703,3.069511797668179,1.8436423866242784,3.069511797668179,3.2000555788140796,3.069511797668179,6.139023595336358
lewis_dunk,DEF,Brighton,,91.6405104811852,2.6183002994624345,119.85485994533056,3.4244245698665874,35,2.6183002994624367,5.236600598924873,2.6183002994624367,1.8096642912431828,2.6183002994624367,2.7317069761579638,2.6183002994624367,3.2605370181905533,2.6183002994624367,2.3012915253123256,2.6183002994624367,1.5998138986984507,2.6183002994624367,2.586456545120963,2.6183002994624367,3.628880419604322,2.6183002994624367,1.3091501497312183,2.6183002994624367,4.059631954782574,2.6183002994624367,5.236600598924873,2.6183002994624367,2.4673005834680337,2.6183002994624367,3.1410789603165847,2.6183002994624367,4.7944660836197714,2.6183002994624367,5.236600598924873,2.6183002994624367,5.236600598924873,2.6183002994624367,4.059631954782574,2.6183002994624367,2.586456545120963,2.6183002994624367,1.5998138986984507,2.6183002994624367,1.3091501497312183,2.6183002994624367,3.628880419604322,2.6183002994624367,5.236600598924873,2.6183002994624367,5.236600598924873,2.6183002994624367,3.1410789603165847,2.6183002994624367,4.7944660836197714,2.6183002994624367,3.7388904818470854,2.6183002994624367,5.236600598924873,2.6183002994624367,5.236600598924873,2.6183002994624367,1.6066072606677564,2.6183002994624367,2.4673005834680337,2.6183002994624367,5.236600598924873,2.6183002994624367,2.7317069761579638,2.6183002994624367,3.2605370181905533,2.6183002994624367,2.3012915253123256,2.6183002994624367,1.8096642912431828
rayan_vitor_simplicio_rocha,MID,Bournemouth,14971.0,108.25817762642988,3.0930907893265682,119.81335275947937,3.4232386502708394,35,3.0930907893265704,2.144711322195238,3.0930907893265704,3.861885629212315,3.0930907893265704,4.363890985258086,3.0930907893265704,3.0169136305668927,3.0930907893265704,2.641516062804598,3.0930907893265704,2.3238834574120903,3.0930907893265704,4.765663161070308,3.0930907893265704,3.767544063348194,3.0930907893265704,4.320327265913741,3.0930907893265704,3.096863569732077,3.0930907893265704,2.086442160925011,3.0930907893265704,1.823823622447202,3.0930907893265704,3.862140802504273,3.0930907893265704,3.7358749651509524,3.0930907893265704,5.001588017987516,3.0930907893265704,4.213690315957102,3.0930907893265704,3.096863569732077,3.0930907893265704,4.765663161070308,3.0930907893265704,3.767544063348194,3.0930907893265704,4.320327265913741,3.0930907893265704,2.3238834574120903,3.0930907893265704,4.213690315957102,3.0930907893265704,5.001588017987516,3.0930907893265704,3.862140802504273,3.0930907893265704,3.7358749651509524,3.0930907893265704,3.870978986709326,3.0930907893265704,2.144711322195238,3.0930907893265704,2.6707980736700923,3.0930907893265704,3.2180576341287424,3.0930907893265704,1.823823622447202,3.0930907893265704,2.086442160925011,3.0930907893265704,2.641516062804598,3.0930907893265704,3.0169136305668927,3.0930907893265704,4.363890985258086,3.0930907893265704,3.861885629212315
amar_dedic,DEF,Newcastle,14970.0,97.83383762325867,2.7952525035216764,119.76190507817066,3.4217687165191615,35,2.795252503521675,3.6030558684539544,2.795252503521675,3.49704249302153,2.795252503521675,5.59050500704335,2.795252503521675,5.59050500704335,2.795252503521675,3.142081078528713,2.795252503521675,2.3776630766977207,2.795252503521675,4.620282204723901,2.795252503521675,1.7439188379955297,2.795252503521675,2.2634814007685513,2.795252503521675,5.208262146526046,2.795252503521675,2.6324635340696507,2.795252503521675,3.026962954971298,2.795252503521675,2.492490079248158,2.795252503521675,1.5416923507457259,2.795252503521675,5.142140136456139,2.795252503521675,1.5482389085625108,2.795252503521675,5.208262146526046,2.795252503521675,4.620282204723901,2.795252503521675,1.7439188379955297,2.795252503521675,2.2634814007685513,2.795252503521675,2.3776630766977207,2.795252503521675,1.5482389085625108,2.795252503521675,1.5416923507457259,2.795252503521675,2.492490079248158,2.795252503521675,5.142140136456139,2.795252503521675,3.9121447417246857,2.795252503521675,3.6030558684539544,2.795252503521675,2.2176851596903884,2.795252503521675,5.59050500704335,2.795252503521675,3.026962954971298,2.795252503521675,2.6324635340696507,2.795252503521675,5.59050500704335,2.795252503521675,5.59050500704335,2.795252503521675,3.142081078528713,2.795252503521675,3.49704249302153
sven_botman,DEF,Newcastle,79641.0,97.73024967722223,2.7922928479206353,119.63509936286978,3.418145696081994,35,2.792292847920636,3.5992408984401574,2.792292847920636,3.4933397715720353,2.792292847920636,5.584585695841272,2.792292847920636,5.584585695841272,2.792292847920636,3.1387541955901344,2.792292847920636,2.375145571093677,2.792292847920636,4.615390180089861,2.792292847920636,1.742072350370484,2.792292847920636,2.2610847924488406,2.792292847920636,5.202747559842295,2.792292847920636,2.6296762418900266,2.792292847920636,3.0237579608419556,2.792292847920636,2.489850993078201,2.792292847920636,1.5400599835820385,2.792292847920636,5.136695560756085,2.792292847920636,1.5465996098044557,2.792292847920636,5.202747559842295,2.792292847920636,4.615390180089861,2.792292847920636,1.742072350370484,2.792292847920636,2.2610847924488406,2.792292847920636,2.375145571093677,2.792292847920636,1.5465996098044557,2.792292847920636,1.5400599835820385,2.792292847920636,2.489850993078201,2.792292847920636,5.136695560756085,2.792292847920636,3.908002503739984,2.792292847920636,3.5992408984401574,2.792292847920636,2.2153370411229423,2.792292847920636,5.584585695841272,2.792292847920636,3.0237579608419556,2.792292847920636,2.6296762418900266,2.792292847920636,5.584585695841272,2.792292847920636,5.584585695841272,2.792292847920636,3.1387541955901344,2.792292847920636,3.4933397715720353
antonin_kinsky,GK,Spurs,61014.0,102.25189505426071,2.9214827158360204,119.19649480610963,3.405614137317418,35,2.92148271583602,2.726717201446952,2.92148271583602,5.84296543167204,2.92148271583602,5.0639033741157675,2.92148271583602,5.84296543167204,2.92148271583602,1.9476551438906802,2.92148271583602,3.116248230225088,2.92148271583602,2.726717201446952,2.92148271583602,4.284841316559495,2.92148271583602,2.726717201446952,2.92148271583602,3.8953102877813603,2.92148271583602,2.337186172668816,2.92148271583602,5.0639033741157675,2.92148271583602,1.558124115112544,2.92148271583602,3.116248230225088,2.92148271583602,2.337186172668816,2.92148271583602,1.9476551438906802,2.92148271583602,3.8953102877813603,2.92148271583602,2.726717201446952,2.92148271583602,3.116248230225088,2.92148271583602,2.726717201446952,2.92148271583602,4.284841316559495,2.92148271583602,1.9476551438906802,2.92148271583602,2.337186172668816,2.92148271583602,1.558124115112544,2.92148271583602,3.116248230225088,2.92148271583602,5.84296543167204,2.92148271583602,2.726717201446952,2.92148271583602,2.726717201446952,2.92148271583602,1.558124115112544,2.92148271583602,5.0639033741157675,2.92148271583602,2.337186172668816,2.92148271583602,1.9476551438906802,2.92148271583602,5.84296543167204,2.92148271583602,5.0639033741157675,2.92148271583602,5.84296543167204
kobbie_mainoo,MID,Man Utd,,100.3297648106266,2.8665647088750457,118.96409979379892,3.398974279822826,35,2.866564708875045,2.6341978770490373,2.866564708875045,4.261122180752637,2.866564708875045,3.684679122371154,2.866564708875045,2.2920373241142546,2.866564708875045,3.154680113736478,2.866564708875045,4.304088909740705,2.866564708875045,4.155946566781657,2.866564708875045,3.8089629561167166,2.866564708875045,2.1153205356503455,2.866564708875045,3.817931699673191,2.866564708875045,3.8092146325540255,2.866564708875045,4.9330470426586315,2.866564708875045,1.7988302304563337,2.866564708875045,3.7159142322290086,2.866564708875045,2.975570320806393,2.866564708875045,3.054424638583298,2.866564708875045,3.817931699673191,2.866564708875045,4.155946566781657,2.866564708875045,3.8089629561167166,2.866564708875045,2.1153205356503455,2.866564708875045,4.304088909740705,2.866564708875045,3.054424638583298,2.866564708875045,3.7159142322290086,2.866564708875045,1.7988302304563337,2.866564708875045,2.975570320806393,2.866564708875045,3.1739578785882014,2.866564708875045,2.6341978770490373,2.866564708875045,2.0578498857990306,2.866564708875045,4.700355262863984,2.866564708875045,4.9330470426586315,2.866564708875045,3.8092146325540255,2.866564708875045,3.154680113736478,2.866564708875045,2.2920373241142546,2.866564708875045,3.684679122371154,2.866564708875045,4.261122180752637
daniel_ballard,DEF,Sunderland,14974.0,104.68292897804601,2.9909408279441716,117.82215252632342,3.366347215037812,35,2.9909408279441703,1.6788698164606086,2.9909408279441703,1.4954704139720851,2.9909408279441703,2.1790524427376132,2.9909408279441703,3.766219838565385,2.9909408279441703,3.4686601307211267,2.9909408279441703,5.707592610970028,2.9909408279441703,1.4954704139720851,2.9909408279441703,5.9818816558883405,2.9909408279441703,5.9818816558883405,2.9909408279441703,2.134964423743648,2.9909408279441703,1.4954704139720851,2.9909408279441703,4.950335806355327,2.9909408279441703,3.0248799248462355,2.9909408279441703,2.2889750865750442,2.9909408279441703,5.013991433263784,2.9909408279441703,3.366601105795873,2.9909408279441703,2.134964423743648,2.9909408279441703,1.4954704139720851,2.9909408279441703,5.707592610970028,2.9909408279441703,5.9818816558883405,2.9909408279441703,5.9818816558883405,2.9909408279441703,3.366601105795873,2.9909408279441703,2.2889750865750442,2.9909408279441703,3.0248799248462355,2.9909408279441703,5.013991433263784,2.9909408279441703,2.399518986036648,2.9909408279441703,1.6788698164606086,2.9909408279441703,2.914055763332922,2.9909408279441703,4.44794342949859,2.9909408279441703,4.950335806355327,2.9909408279441703,1.4954704139720851,2.9909408279441703,2.1790524427376132,2.9909408279441703,3.766219838565385,2.9909408279441703,3.4686601307211267,2.9909408279441703,1.4954704139720851
nikola_milenkovic,DEF,Nott'm Forest,14972.0,105.03188919674618,3.0009111199070335,117.59028353548075,3.3597223867280213,35,3.000911119907035,6.00182223981407,3.000911119907035,6.00182223981407,3.000911119907035,3.2475184613088883,3.000911119907035,1.8024387276685845,3.000911119907035,3.12853737134319,3.000911119907035,2.576129432910074,3.000911119907035,1.593426218348837,3.000911119907035,4.0434227999019186,3.000911119907035,1.6001924560227514,3.000911119907035,3.614391154217727,3.000911119907035,2.3394360145751407,3.000911119907035,2.7207999131635097,3.000911119907035,2.4574492329663085,3.000911119907035,5.383033425763659,3.000911119907035,1.5004555599535174,3.000911119907035,4.775322909020436,3.000911119907035,3.614391154217727,3.000911119907035,1.593426218348837,3.000911119907035,4.0434227999019186,3.000911119907035,1.6001924560227514,3.000911119907035,2.576129432910074,3.000911119907035,4.775322909020436,3.000911119907035,5.383033425763659,3.000911119907035,2.4574492329663085,3.000911119907035,1.5004555599535174,3.000911119907035,6.00182223981407,3.000911119907035,6.00182223981407,3.000911119907035,3.7239619721750024,3.000911119907035,2.2921030099062967,3.000911119907035,2.7207999131635097,3.000911119907035,2.3394360145751407,3.000911119907035,3.2475184613088883,3.000911119907035,1.8024387276685845,3.000911119907035,3.12853737134319,3.000911119907035,6.00182223981407
victor_munoz,MID,Liverpool,14969.0,103.3460423722553,2.9527440677787227,116.85301045327851,3.338657441522243,35,2.9527440677787213,4.358023343239582,2.9527440677787213,3.2264199412580434,2.9527440677787213,2.6941015422524615,2.9527440677787213,2.163424535076341,2.9527440677787213,3.1238845802729323,2.9527440677787213,1.839736999390401,2.9527440677787213,5.045228288058164,2.9527440677787213,2.66456403756025,2.9527440677787213,3.2461360971591287,2.9527440677787213,3.043237055276058,2.9527440677787213,4.40196716835646,2.9527440677787213,2.3441599978487373,2.9527440677787213,3.7684715308502916,2.9527440677787213,2.1046469588935954,2.9527440677787213,4.250455955734132,2.9527440677787213,3.895839073346654,2.9527440677787213,3.043237055276058,2.9527440677787213,5.045228288058164,2.9527440677787213,2.66456403756025,2.9527440677787213,3.2461360971591287,2.9527440677787213,1.839736999390401,2.9527440677787213,3.895839073346654,2.9527440677787213,2.1046469588935954,2.9527440677787213,3.7684715308502916,2.9527440677787213,4.250455955734132,2.9527440677787213,4.807244920037038,2.9527440677787213,4.358023343239582,2.9527440677787213,3.904754373208626,2.9527440677787213,3.800416950886367,2.9527440677787213,2.3441599978487373,2.9527440677787213,4.40196716835646,2.9527440677787213,2.6941015422524615,2.9527440677787213,2.163424535076341,2.9527440677787213,3.1238845802729323,2.9527440677787213,3.2264199412580434
anton_stach,MID,Leeds,50210.0,129.4112520716689,3.697464344904826,116.31648211666398,3.3233280604761135,35,3.697464344904823,3.6737315899509393,3.697464344904823,4.746729952471478,3.697464344904823,1.8487321724524115,3.697464344904823,2.506916477357974,3.697464344904823,2.863185500830885,3.697464344904823,3.035530465622463,3.697464344904823,3.5455118518349398,3.697464344904823,4.141527045920023,3.697464344904823,3.6653437592178384,3.697464344904823,2.5347064107839103,3.697464344904823,4.52282674796243,3.697464344904823,3.6651015883905633,3.697464344904823,4.100183134604419,3.697464344904823,3.9989799162307778,3.697464344904823,1.9801266045392996,3.697464344904823,3.0540801253048198,3.697464344904823,2.5347064107839103,3.697464344904823,3.5455118518349398,3.697464344904823,4.141527045920023,3.697464344904823,3.6653437592178384,3.697464344904823,3.035530465622463,3.697464344904823,3.0540801253048198,3.697464344904823,3.9989799162307778,3.697464344904823,4.100183134604419,3.697464344904823,1.9801266045392996,3.697464344904823,2.939061556509367,3.697464344904823,3.6737315899509393,3.697464344904823,3.575567237532439,3.697464344904823,2.035426635671825,3.697464344904823,3.6651015883905633,3.697464344904823,4.52282674796243,3.697464344904823,1.8487321724524115,3.697464344904823,2.506916477357974,3.697464344904823,2.863185500830885,3.697464344904823,4.746729952471478
nordi_mukiele,DEF,Sunderland,79641.0,101.2332209564124,2.892377741611783,113.93945619116998,3.255413034033428,35,2.8923777416117846,1.6235445525454468,2.8923777416117846,1.4461888708058923,2.8923777416117846,2.1072442237218034,2.8923777416117846,3.6421083056232857,2.8923777416117846,3.354354342813927,2.8923777416117846,5.519505324852837,2.8923777416117846,1.4461888708058923,2.8923777416117846,5.784755483223569,2.8923777416117846,5.784755483223569,2.8923777416117846,2.064609075738099,2.8923777416117846,1.4461888708058923,2.8923777416117846,4.78720306534705,2.8923777416117846,2.9251984138005462,2.8923777416117846,2.2135444906358233,2.8923777416117846,4.848760992765132,2.8923777416117846,3.2556585581075117,2.8923777416117846,2.064609075738099,2.8923777416117846,1.4461888708058923,2.8923777416117846,5.519505324852837,2.8923777416117846,5.784755483223569,2.8923777416117846,5.784755483223569,2.8923777416117846,3.2556585581075117,2.8923777416117846,2.2135444906358233,2.8923777416117846,2.9251984138005462,2.8923777416117846,4.848760992765132,2.8923777416117846,2.3204455403946325,2.8923777416117846,1.6235445525454468,2.8923777416117846,2.8180263377102865,2.8923777416117846,4.301366463432506,2.8923777416117846,4.78720306534705,2.8923777416117846,1.4461888708058923,2.8923777416117846,2.1072442237218034,2.8923777416117846,3.6421083056232857,2.8923777416117846,3.354354342813927,2.8923777416117846,1.4461888708058923
josh_king,MID,Fulham,,143.28477748224643,4.0938507852070405,113.91653162840089,3.2547580465257395,35,4.093850785207041,3.8106421665571104,4.093850785207041,2.606465716234635,4.093850785207041,4.7024274504178925,4.093850785207041,2.0587571046543487,4.093850785207041,3.8108939539479008,4.093850785207041,4.157778747599655,4.093850785207041,3.819614864052751,4.093850785207041,2.63535918332273,4.093850785207041,3.1560708785835296,4.093850785207041,3.686303541333237,4.093850785207041,3.1753571421852747,4.093850785207041,2.1162530908810386,4.093850785207041,2.29304778629222,4.093850785207041,3.0557712050376313,4.093850785207041,2.0469253926035207,4.093850785207041,3.717552421428078,4.093850785207041,3.686303541333237,4.093850785207041,3.819614864052751,4.093850785207041,4.157778747599655,4.093850785207041,3.1560708785835296,4.093850785207041,2.63535918332273,4.093850785207041,3.717552421428078,4.093850785207041,2.0469253926035207,4.093850785207041,2.29304778629222,4.093850785207041,3.0557712050376313,4.093850785207041,4.935221814162691,4.093850785207041,3.8106421665571104,4.093850785207041,4.305986400243209,4.093850785207041,2.9768821237318583,4.093850785207041,2.1162530908810386,4.093850785207041,3.1753571421852747,4.093850785207041,4.7024274504178925,4.093850785207041,2.0587571046543487,4.093850785207041,3.8108939539479008,4.093850785207041,2.606465716234635
malick_thiaw,DEF,Newcastle,14974.0,92.2141534118868,2.63469009748248,112.88264833590424,3.2252185238829782,35,2.6346900974824807,3.3960923406138943,2.6346900974824807,3.296168491122443,2.6346900974824807,5.2693801949649615,2.6346900974824807,5.2693801949649615,2.6346900974824807,2.9615964542226125,2.6346900974824807,2.2410874707858524,2.6346900974824807,4.354888067186805,2.6346900974824807,1.6437462044989628,2.6346900974824807,2.1334645170435618,2.6346900974824807,4.90909378857788,2.6346900974824807,2.481251907102804,2.6346900974824807,2.853090843443134,2.6346900974824807,2.349318682872087,2.6346900974824807,1.453135831112495,2.6346900974824807,4.846769900150148,2.6346900974824807,1.4593063473827599,2.6346900974824807,4.90909378857788,2.6346900974824807,4.354888067186805,2.6346900974824807,1.6437462044989628,2.6346900974824807,2.1334645170435618,2.6346900974824807,2.2410874707858524,2.6346900974824807,1.4593063473827599,2.6346900974824807,1.453135831112495,2.6346900974824807,2.349318682872087,2.6346900974824807,4.846769900150148,2.6346900974824807,3.6874268059698605,2.6346900974824807,3.3960923406138943,2.6346900974824807,2.0902988628786727,2.6346900974824807,5.2693801949649615,2.6346900974824807,2.853090843443134,2.6346900974824807,2.481251907102804,2.6346900974824807,5.2693801949649615,2.6346900974824807,5.2693801949649615,2.6346900974824807,2.9615964542226125,2.6346900974824807,3.296168491122443
charalampos_kostoulas,FWD,Brighton,14969.0,108.35955398683267,3.0959872567666475,112.0102589807915,3.2002931137369,35,3.095987256766647,3.3098065048887437,3.095987256766647,1.6171079517815856,3.095987256766647,3.076535567709085,3.095987256766647,5.147706631810667,3.095987256766647,1.9813685976623996,3.095987256766647,2.312770898481835,3.095987256766647,3.6032642945554305,3.095987256766647,1.8948365245942054,3.095987256766647,1.55942806480335,3.095987256766647,1.5479936283833235,3.095987256766647,2.4893277856291047,3.095987256766647,6.191974513533294,3.095987256766647,6.191974513533294,3.095987256766647,5.401678593652698,3.095987256766647,3.0638953193429366,3.095987256766647,2.689217785222104,3.095987256766647,1.5479936283833235,3.095987256766647,3.6032642945554305,3.095987256766647,2.312770898481835,3.095987256766647,1.55942806480335,3.095987256766647,1.8948365245942054,3.095987256766647,2.689217785222104,3.095987256766647,3.0638953193429366,3.095987256766647,6.191974513533294,3.095987256766647,5.401678593652698,3.095987256766647,1.594409403506613,3.095987256766647,3.3098065048887437,3.095987256766647,1.7904341222566267,3.095987256766647,4.467641103860157,3.095987256766647,6.191974513533294,3.095987256766647,2.4893277856291047,3.095987256766647,3.076535567709085,3.095987256766647,5.147706631810667,3.095987256766647,1.9813685976623996,3.095987256766647,1.6171079517815856
justin_kluivert,MID,Bournemouth,14969.0,100.73345848639292,2.8780988138969406,111.48546614150662,3.185299032614475,35,2.8780988138969406,1.9956385159665408,2.8780988138969406,3.593456903106793,2.8780988138969406,4.060569289458638,2.8780988138969406,2.8072165135684717,2.8780988138969406,2.4579117669232273,2.8780988138969406,2.162356903810332,2.8780988138969406,4.434415419889781,2.8780988138969406,3.505672752136616,2.8780988138969406,4.020033560793137,2.8780988138969406,2.881609359027931,2.8780988138969406,1.9414194789705004,2.8780988138969406,1.697054810882341,2.8780988138969406,3.593694340026348,2.8780988138969406,3.476204883209784,2.8780988138969406,4.65394180857689,2.8780988138969406,3.9208086430355147,2.8780988138969406,2.881609359027931,2.8780988138969406,4.434415419889781,2.8780988138969406,3.505672752136616,2.8780988138969406,4.020033560793137,2.8780988138969406,2.162356903810332,2.8780988138969406,3.9208086430355147,2.8780988138969406,4.65394180857689,2.8780988138969406,3.593694340026348,2.8780988138969406,3.476204883209784,2.8780988138969406,3.6019182070933424,2.8780988138969406,1.9956385159665408,2.8780988138969406,2.4851584681941086,2.8780988138969406,2.994379567453444,2.8780988138969406,1.697054810882341,2.8780988138969406,1.9414194789705004,2.8780988138969406,2.4579117669232273,2.8780988138969406,2.8072165135684717,2.8780988138969406,4.060569289458638,2.8780988138969406,3.593456903106793
nico_elvedi,DEF,Leeds,,79.80967173115624,2.2802763351758926,111.03509788651222,3.1724313681860634,35,2.2802763351758912,1.1401381675879456,2.2802763351758912,3.2852340290506565,2.2802763351758912,1.8233716340534714,2.2802763351758912,4.5605526703517825,2.2802763351758912,2.752398351989738,2.2802763351758912,4.090381728183684,2.2802763351758912,4.5605526703517825,2.2802763351758912,1.618776543440277,2.2802763351758912,4.5605526703517825,2.2802763351758912,1.6119317249981893,2.2802763351758912,3.1648711334348745,2.2802763351758912,2.31872270964663,2.2802763351758912,4.5605526703517825,2.2802763351758912,4.5605526703517825,2.2802763351758912,3.656367455829637,2.2802763351758912,2.485989207141095,2.2802763351758912,1.6119317249981893,2.2802763351758912,4.5605526703517825,2.2802763351758912,1.618776543440277,2.2802763351758912,4.5605526703517825,2.2802763351758912,4.090381728183684,2.2802763351758912,2.485989207141095,2.2802763351758912,4.5605526703517825,2.2802763351758912,4.5605526703517825,2.2802763351758912,3.656367455829637,2.2802763351758912,2.3666054236289944,2.2802763351758912,1.1401381675879456,2.2802763351758912,4.5605526703517825,2.2802763351758912,2.6060477183012285,2.2802763351758912,2.31872270964663,2.2802763351758912,3.1648711334348745,2.2802763351758912,1.8233716340534714,2.2802763351758912,4.5605526703517825,2.2802763351758912,2.752398351989738,2.2802763351758912,3.2852340290506565
tyrique_george,MID,Everton,,120.79105734867068,3.4511730671048766,110.82049776912005,3.166299936260573,35,3.451173067104879,3.486626579746486,3.451173067104879,4.4477098410693205,3.451173067104879,1.9472398737228347,3.451173067104879,4.072742916250715,3.451173067104879,1.7255865335524394,3.451173067104879,3.6127167934153572,3.451173067104879,3.604468271113758,3.451173067104879,2.001621459926724,3.451173067104879,3.604230122355975,3.451173067104879,3.932563266030712,3.451173067104879,4.0320856610707425,3.451173067104879,2.8902484523167535,3.451173067104879,3.5161827936350964,3.451173067104879,2.815632576372634,3.451173067104879,2.492608997800758,3.451173067104879,2.168839671142143,3.451173067104879,3.932563266030712,3.451173067104879,3.604468271113758,3.451173067104879,2.001621459926724,3.451173067104879,3.604230122355975,3.451173067104879,3.6127167934153572,3.451173067104879,2.168839671142143,3.451173067104879,2.815632576372634,3.451173067104879,3.5161827936350964,3.451173067104879,2.492608997800758,3.451173067104879,2.4652806106506464,3.451173067104879,3.486626579746486,3.451173067104879,4.6678943720356,3.451173067104879,2.9851151673888787,3.451173067104879,2.8902484523167535,3.451173067104879,4.0320856610707425,3.451173067104879,1.9472398737228347,3.451173067104879,4.072742916250715,3.451173067104879,1.7255865335524394,3.451173067104879,4.4477098410693205
jan_paul_van_hecke,DEF,Spurs,,102.20543942589008,2.920155412168288,110.55316098547524,3.15866174244215,35,2.920155412168289,2.2671236819704887,2.920155412168289,5.840310824336578,2.920155412168289,4.966126012563222,2.920155412168289,5.653105816337899,2.920155412168289,1.4762600846816503,2.920155412168289,2.996003299886148,2.920155412168289,3.435547015424844,2.920155412168289,2.8862371068965595,2.920155412168289,2.51007826908008,2.920155412168289,4.405481712852484,2.920155412168289,1.6628427029052801,2.920155412168289,3.3344622837805744,2.920155412168289,2.1145832620118448,2.920155412168289,3.7302661080049817,2.920155412168289,2.1582504004348944,2.920155412168289,1.4700178813992428,2.920155412168289,4.405481712852484,2.920155412168289,3.435547015424844,2.920155412168289,2.996003299886148,2.920155412168289,2.51007826908008,2.920155412168289,2.8862371068965595,2.920155412168289,1.4700178813992428,2.920155412168289,2.1582504004348944,2.920155412168289,2.1145832620118448,2.920155412168289,3.7302661080049817,2.920155412168289,4.903078065863734,2.920155412168289,2.2671236819704887,2.920155412168289,2.3766122883937943,2.920155412168289,1.4600777060841446,2.920155412168289,3.3344622837805744,2.920155412168289,1.6628427029052801,2.920155412168289,1.4762600846816503,2.920155412168289,5.653105816337899,2.920155412168289,4.966126012563222,2.920155412168289,5.840310824336578
tyrick_mitchell,DEF,Crystal Palace,15210.0,117.79840431951027,3.3656686948431505,110.25311432903153,3.1500889808294725,35,3.3656686948431482,2.569749755846488,3.3656686948431482,3.0588256533019242,3.3656686948431482,4.365436101054591,3.3656686948431482,1.921589680321411,3.3656686948431482,1.6828343474215741,3.3656686948431482,6.228301241690769,3.3656686948431482,1.8827108168929645,3.3656686948431482,5.033220332659701,3.3656686948431482,2.9688252635758072,3.3656686948431482,1.6828343474215741,3.3656686948431482,6.143870468465563,3.3656686948431482,4.421570590230998,3.3656686948431482,2.234838227154455,3.3656686948431482,1.6828343474215741,3.3656686948431482,3.3212276279669424,3.3656686948431482,2.116007320829098,3.3656686948431482,1.6828343474215741,3.3656686948431482,1.8827108168929645,3.3656686948431482,6.228301241690769,3.3656686948431482,2.9688252635758072,3.3656686948431482,5.033220332659701,3.3656686948431482,2.116007320829098,3.3656686948431482,3.3212276279669424,3.3656686948431482,2.234838227154455,3.3656686948431482,1.6828343474215741,3.3656686948431482,3.9224031625599123,3.3656686948431482,2.569749755846488,3.3656686948431482,2.018524574539139,3.3656686948431482,1.6828343474215741,3.3656686948431482,4.421570590230998,3.3656686948431482,6.143870468465563,3.3656686948431482,4.365436101054591,3.3656686948431482,1.921589680321411,3.3656686948431482,1.6828343474215741,3.3656686948431482,3.0588256533019242
gonzalo_garcia,FWD,Fulham,14973.0,125.50917173918108,3.585976335405174,109.44315690171358,3.1269473400489596,35,3.585976335405171,2.063419482478354,3.585976335405171,2.80058156629777,3.585976335405171,6.593244687566315,3.585976335405171,1.9733040109609359,3.585976335405171,3.446869620058794,3.585976335405171,1.8645781780921493,3.585976335405171,1.7929881677025854,3.585976335405171,2.4085455558681015,3.585976335405171,1.7929881677025854,3.585976335405171,3.1907749530628524,3.585976335405171,6.692833215914723,3.585976335405171,3.752479853913147,3.585976335405171,1.7929881677025854,3.585976335405171,3.5618459592110367,3.585976335405171,1.7929881677025854,3.585976335405171,2.5924138785695003,3.585976335405171,3.1907749530628524,3.585976335405171,1.7929881677025854,3.585976335405171,1.8645781780921493,3.585976335405171,1.7929881677025854,3.585976335405171,2.4085455558681015,3.585976335405171,2.5924138785695003,3.585976335405171,1.7929881677025854,3.585976335405171,1.7929881677025854,3.585976335405171,3.5618459592110367,3.585976335405171,5.3608794278322325,3.585976335405171,2.063419482478354,3.585976335405171,4.652651558777195,3.585976335405171,3.20393864949614,3.585976335405171,3.752479853913147,3.585976335405171,6.692833215914723,3.585976335405171,6.593244687566315,3.585976335405171,1.9733040109609359,3.585976335405171,3.446869620058794,3.585976335405171,2.80058156629777
myles_lewis_skelly,MID,Arsenal,,87.54055658695421,2.501158759627263,109.37157671080817,3.1249021917373763,35,2.5011587596272635,2.7523922078812317,2.5011587596272635,2.8253321778390332,2.5011587596272635,2.1201265609328197,2.5011587596272635,3.4372077535611236,2.5011587596272635,2.93590000951546,2.5011587596272635,3.523277499851782,2.5011587596272635,1.903503994194821,2.5011587596272635,3.531573556478881,2.5011587596272635,2.4366238835324103,2.5011587596272635,1.956664145620771,2.5011587596272635,3.408315385471576,2.5011587596272635,2.9180681440098013,2.5011587596272635,2.409909304195204,2.5011587596272635,4.563051374180113,2.5011587596272635,3.9415232115754617,2.5011587596272635,4.347812286376859,2.5011587596272635,1.956664145620771,2.5011587596272635,1.903503994194821,2.5011587596272635,3.531573556478881,2.5011587596272635,2.4366238835324103,2.5011587596272635,3.523277499851782,2.5011587596272635,4.347812286376859,2.5011587596272635,3.9415232115754617,2.5011587596272635,2.409909304195204,2.5011587596272635,4.563051374180113,2.5011587596272635,3.981267286597978,2.5011587596272635,2.7523922078812317,2.5011587596272635,3.5235102996818224,2.5011587596272635,3.844236134093657,2.5011587596272635,2.9180681440098013,2.5011587596272635,3.408315385471576,2.5011587596272635,2.1201265609328197,2.5011587596272635,3.4372077535611236,2.5011587596272635,2.93590000951546,2.5011587596272635,2.8253321778390332
noah_sadiki,MID,Sunderland,,108.08449694090551,3.0881284840258716,109.14772940243499,3.1185065543552852,35,3.08812848402587,1.6769728546950018,3.08812848402587,2.455750553283617,3.08812848402587,2.847510075654203,3.08812848402587,2.9409739876564944,3.08812848402587,2.136768834217499,3.08812848402587,3.551168658578513,3.08812848402587,4.012518882339397,3.08812848402587,3.8744120818381527,3.08812848402587,3.435069503424061,3.08812848402587,3.5509340313488904,3.08812848402587,3.559295209202296,3.08812848402587,3.4641886667882162,3.08812848402587,4.5988697773738005,3.08812848402587,2.95894582724879,3.08812848402587,2.4288262735737027,3.08812848402587,1.9184458539184834,3.08812848402587,3.5509340313488904,3.08812848402587,4.012518882339397,3.08812848402587,3.551168658578513,3.08812848402587,3.435069503424061,3.08812848402587,3.8744120818381527,3.08812848402587,1.9184458539184834,3.08812848402587,2.95894582724879,3.08812848402587,4.5988697773738005,3.08812848402587,2.4288262735737027,3.08812848402587,1.972023294474331,3.08812848402587,1.6769728546950018,3.08812848402587,4.381941135849192,3.08812848402587,3.972462829829235,3.08812848402587,3.4641886667882162,3.08812848402587,3.559295209202296,3.08812848402587,2.847510075654203,3.08812848402587,2.9409739876564944,3.08812848402587,2.136768834217499,3.08812848402587,2.455750553283617
romeo_lavia,MID,Chelsea,,83.20091041833648,2.377168869095328,109.14616351684164,3.118461814766904,35,2.3771688690953265,1.9298680201546208,2.3771688690953265,1.983764453519823,2.3771688690953265,2.9584841476198593,2.3771688690953265,2.9765629891058873,2.3771688690953265,3.4555214410279578,2.3771688690953265,2.4432871755578747,2.3771688690953265,2.790513556636701,2.3771688690953265,2.1494908658467877,2.3771688690953265,3.4848139759386294,2.3771688690953265,4.626250823853803,2.3771688690953265,3.5720758106265174,2.3771688690953265,2.470371758774925,2.3771688690953265,3.897479805524835,2.3771688690953265,3.5723118347948213,2.3771688690953265,4.408030618639861,2.3771688690953265,3.5804867697980547,2.3771688690953265,4.626250823853803,2.3771688690953265,2.790513556636701,2.3771688690953265,2.1494908658467877,2.3771688690953265,3.4848139759386294,2.3771688690953265,2.4432871755578747,2.3771688690953265,3.5804867697980547,2.3771688690953265,4.408030618639861,2.3771688690953265,3.897479805524835,2.3771688690953265,3.5723118347948213,2.3771688690953265,1.6869573234673112,2.3771688690953265,1.9298680201546208,2.3771688690953265,3.99611433436167,2.3771688690953265,2.8644637641707513,2.3771688690953265,2.470371758774925,2.3771688690953265,3.5720758106265174,2.3771688690953265,3.4555214410279578,2.3771688690953265,2.9765629891058873,2.3771688690953265,2.9584841476198593,2.3771688690953265,1.983764453519823
benjamin_sesko,FWD,Man Utd,50210.0,59.4577971767472,1.69879420504992,108.55971142740516,3.1017060407830046,35,1.6987942050499194,3.397588410099839,1.6987942050499194,3.397588410099839,1.6987942050499194,3.397588410099839,1.6987942050499194,2.484463649514039,1.6987942050499194,2.1184790404002114,1.6987942050499194,3.397588410099839,1.6987942050499194,2.7899161180390726,1.6987942050499194,3.0874367940595384,1.6987942050499194,3.397588410099839,1.6987942050499194,2.4299545226684165,1.6987942050499194,3.397588410099839,1.6987942050499194,3.397588410099839,1.6987942050499194,2.5198333092525487,1.6987942050499194,3.397588410099839,1.6987942050499194,3.397588410099839,1.6987942050499194,3.397588410099839,1.6987942050499194,2.4299545226684165,1.6987942050499194,2.7899161180390726,1.6987942050499194,3.0874367940595384,1.6987942050499194,3.397588410099839,1.6987942050499194,3.397588410099839,1.6987942050499194,3.397588410099839,1.6987942050499194,3.397588410099839,1.6987942050499194,2.5198333092525487,1.6987942050499194,3.397588410099839,1.6987942050499194,3.397588410099839,1.6987942050499194,3.397588410099839,1.6987942050499194,2.9525995373410323,1.6987942050499194,3.397588410099839,1.6987942050499194,3.397588410099839,1.6987942050499194,3.397588410099839,1.6987942050499194,2.1184790404002114,1.6987942050499194,2.484463649514039,1.6987942050499194,3.397588410099839,1.6987942050499194,3.397588410099839
nathan_collins,DEF,Brentford,14972.0,77.39442873197179,2.211269392342051,107.3081640658614,3.065947544738897,35,2.2112693923420506,3.889518741545052,2.2112693923420506,1.5392846248803052,2.2112693923420506,4.422538784684101,2.2112693923420506,2.204859114609192,2.2112693923420506,3.476817248482032,2.2112693923420506,4.422538784684101,2.2112693923420506,2.2503904918269235,2.2112693923420506,2.3639117947917354,2.2112693923420506,4.422538784684101,2.2112693923420506,1.733832833886091,2.2112693923420506,1.5327759292665106,2.2112693923420506,4.422538784684101,2.2112693923420506,1.1056346961710253,2.2112693923420506,3.0094564287856818,2.2112693923420506,4.422538784684101,2.2112693923420506,3.123908763407296,2.2112693923420506,1.733832833886091,2.2112693923420506,2.2503904918269235,2.2112693923420506,2.3639117947917354,2.2112693923420506,4.422538784684101,2.2112693923420506,4.422538784684101,2.2112693923420506,3.123908763407296,2.2112693923420506,4.422538784684101,2.2112693923420506,1.1056346961710253,2.2112693923420506,3.0094564287856818,2.2112693923420506,2.617238606484665,2.2112693923420506,3.889518741545052,2.2112693923420506,4.422538784684101,2.2112693923420506,3.582217492547921,2.2112693923420506,4.422538784684101,2.2112693923420506,1.5327759292665106,2.2112693923420506,4.422538784684101,2.2112693923420506,2.204859114609192,2.2112693923420506,3.476817248482032,2.2112693923420506,1.5392846248803052
virgil_van_dijk,DEF,Liverpool,61014.0,112.34045608645246,3.2097273167557847,106.32250336754652,3.037785810501329,35,3.2097273167557816,3.76558015708405,3.2097273167557816,3.1884404368238166,3.2097273167557816,1.6048636583778908,3.2097273167557816,2.0314064743814892,3.2097273167557816,1.8447619151809374,3.2097273167557816,1.6048636583778908,3.2097273167557816,2.5608301910995532,3.2097273167557816,4.244790193074893,3.2097273167557816,1.9378212206800423,3.2097273167557816,2.145486359687069,3.2097273167557816,1.6048636583778908,3.2097273167557816,2.936529649475431,3.2097273167557816,5.979285299358739,3.2097273167557816,2.8501275975605753,3.2097273167557816,5.898230183112961,3.2097273167557816,4.8319853481165085,3.2097273167557816,2.145486359687069,3.2097273167557816,2.5608301910995532,3.2097273167557816,4.244790193074893,3.2097273167557816,1.9378212206800423,3.2097273167557816,1.6048636583778908,3.2097273167557816,4.8319853481165085,3.2097273167557816,2.8501275975605753,3.2097273167557816,5.979285299358739,3.2097273167557816,5.898230183112961,3.2097273167557816,2.4670076706168556,3.2097273167557816,3.76558015708405,3.2097273167557816,1.6048636583778908,3.2097273167557816,4.190900037012308,3.2097273167557816,2.936529649475431,3.2097273167557816,1.6048636583778908,3.2097273167557816,1.6048636583778908,3.2097273167557816,2.0314064743814892,3.2097273167557816,1.8447619151809374,3.2097273167557816,3.1884404368238166
james_mcatee,MID,Nott'm Forest,,112.62358795295128,3.217816798655751,105.8132531730565,3.023235804944471,35,3.217816798655754,3.7621398238919865,3.217816798655754,3.4482633105606246,3.217816798655754,4.46560426947223,3.217816798655754,1.628377732407,3.217816798655754,4.254961760626005,3.217816798655754,1.9148782352198113,3.217816798655754,2.384588102375996,3.217816798655754,2.855750789096138,3.217816798655754,3.8962445817600577,3.217816798655754,1.8628533554394107,3.217816798655754,2.764995263350995,3.217816798655754,2.69361297668602,3.217816798655754,2.873201842832966,3.217816798655754,2.358444031279094,3.217816798655754,3.4561543709555487,3.217816798655754,3.8573492688317295,3.217816798655754,1.8628533554394107,3.217816798655754,2.384588102375996,3.217816798655754,2.855750789096138,3.217816798655754,3.8962445817600577,3.217816798655754,1.9148782352198113,3.217816798655754,3.8573492688317295,3.217816798655754,2.358444031279094,3.217816798655754,2.873201842832966,3.217816798655754,3.4561543709555487,3.217816798655754,3.3355284630790543,3.217816798655754,3.7621398238919865,3.217816798655754,2.074849798074916,3.217816798655754,3.4480354823312855,3.217816798655754,2.69361297668602,3.217816798655754,2.764995263350995,3.217816798655754,4.46560426947223,3.217816798655754,1.628377732407,3.217816798655754,4.254961760626005,3.217816798655754,3.4482633105606246
yasin_ayari,MID,Brighton,,80.52376771249905,2.300679077499973,105.35373208730168,3.0101066310657623,35,2.3006790774999715,3.422846522161016,2.3006790774999715,1.616375130363105,2.3006790774999715,2.6737586370103936,2.3006790774999715,4.4326887672117286,2.3006790774999715,3.4226203732297393,2.3006790774999715,2.3670115527451445,2.3006790774999715,1.9007638679188739,2.3006790774999715,1.8491224580889394,2.3006790774999715,3.430679418374657,2.3006790774999715,2.834701348554235,2.3006790774999715,3.3390095684647125,2.3006790774999715,2.8520237723982067,2.3006790774999715,4.223598882278796,2.3006790774999715,3.8289171505973076,2.3006790774999715,3.31094263145555,2.3006790774999715,2.3410601868633396,2.3006790774999715,2.834701348554235,2.3006790774999715,1.9007638679188739,2.3006790774999715,2.3670115527451445,2.3006790774999715,3.430679418374657,2.3006790774999715,1.8491224580889394,2.3006790774999715,2.3410601868633396,2.3006790774999715,3.31094263145555,2.3006790774999715,4.223598882278796,2.3006790774999715,3.8289171505973076,2.3006790774999715,2.059556297106724,2.3006790774999715,3.422846522161016,2.3006790774999715,3.7344094845235416,2.3006790774999715,3.8675257702399435,2.3006790774999715,2.8520237723982067,2.3006790774999715,3.3390095684647125,2.3006790774999715,2.6737586370103936,2.3006790774999715,4.4326887672117286,2.3006790774999715,3.4226203732297393,2.3006790774999715,1.616375130363105
alexis_mac_allister,MID,Liverpool,,90.49138737223029,2.585468210635151,102.3182967805421,2.9233799080154887,35,2.585468210635149,3.8159524010586345,2.585468210635149,2.825103023086365,2.585468210635149,2.35899682933132,2.585468210635149,1.8943278635577234,2.585468210635149,2.73532148083017,2.585468210635149,1.610902068946138,2.585468210635149,4.41767964129193,2.585468210635149,2.3331333350188412,2.585468210635149,2.8423667930400307,2.585468210635149,2.664705265079822,2.585468210635149,3.8544302915514836,2.585468210635149,2.0525826200845874,2.585468210635149,3.2997317485177873,2.585468210635149,1.8428613120279131,2.585468210635149,3.721764738832416,2.585468210635149,3.4112567315952385,2.585468210635149,2.664705265079822,2.585468210635149,4.41767964129193,2.585468210635149,2.3331333350188412,2.585468210635149,2.8423667930400307,2.585468210635149,1.610902068946138,2.585468210635149,3.4112567315952385,2.585468210635149,1.8428613120279131,2.585468210635149,3.2997317485177873,2.585468210635149,3.721764738832416,2.585468210635149,4.209297736678917,2.585468210635149,3.8159524010586345,2.585468210635149,3.419063105548518,2.585468210635149,3.3277036506138584,2.585468210635149,2.0525826200845874,2.585468210635149,3.8544302915514836,2.585468210635149,2.35899682933132,2.585468210635149,1.8943278635577234,2.585468210635149,2.73532148083017,2.585468210635149,2.825103023086365
cristhian_mosquera,DEF,Arsenal,14969.0,64.56071658974709,1.8445919025642026,101.6083482654537,2.9030956647272483,35,1.8445919025642021,2.6494638874878587,1.8445919025642021,2.278098881037734,1.8445919025642021,3.626324271741035,1.8445919025642021,3.6891838051284043,1.8445919025642021,2.3930179380624272,1.8445919025642021,2.2320068895062493,1.8445919025642021,3.5196262657995514,1.8445919025642021,0.9222959512821011,1.8445919025642021,1.5516485436751324,1.8445919025642021,2.5085864892041543,1.8445919025642021,3.6891838051284043,1.8445919025642021,3.6891838051284043,1.8445919025642021,3.6891838051284043,1.8445919025642021,3.162372523448018,1.8445919025642021,3.6891838051284043,1.8445919025642021,3.046510971250476,1.8445919025642021,2.5085864892041543,1.8445919025642021,3.5196262657995514,1.8445919025642021,0.9222959512821011,1.8445919025642021,1.5516485436751324,1.8445919025642021,2.2320068895062493,1.8445919025642021,3.046510971250476,1.8445919025642021,3.6891838051284043,1.8445919025642021,3.6891838051284043,1.8445919025642021,3.162372523448018,1.8445919025642021,1.558237378923349,1.8445919025642021,2.6494638874878587,1.8445919025642021,3.6891838051284043,1.8445919025642021,3.6891838051284043,1.8445919025642021,3.6891838051284043,1.8445919025642021,3.6891838051284043,1.8445919025642021,3.626324271741035,1.8445919025642021,3.6891838051284043,1.8445919025642021,2.3930179380624272,1.8445919025642021,2.278098881037734
reinildo_mandava,DEF,Sunderland,,89.39625119330157,2.554178605522902,100.61677530619757,2.874765008748502,35,2.5541786055229,1.4337071889213209,2.5541786055229,1.27708930276145,2.5541786055229,1.860848960150915,2.5541786055229,3.2162448837116147,2.5541786055229,2.962137335832156,2.5541786055229,4.874122149049869,2.5541786055229,1.27708930276145,2.5541786055229,5.1083572110458,2.5541786055229,5.1083572110458,2.5541786055229,1.8231990428332008,2.5541786055229,1.27708930276145,2.5541786055229,4.227446323449215,2.5541786055229,2.5831616313280636,2.5541786055229,1.954719779168442,2.5541786055229,4.28180642273693,2.5541786055229,2.8749818242522807,2.5541786055229,1.8231990428332008,2.5541786055229,1.27708930276145,2.5541786055229,4.874122149049869,2.5541786055229,5.1083572110458,2.5541786055229,5.1083572110458,2.5541786055229,2.8749818242522807,2.5541786055229,1.954719779168442,2.5541786055229,2.5831616313280636,2.5541786055229,4.28180642273693,2.5541786055229,2.049121132862215,2.5541786055229,1.4337071889213209,2.5541786055229,2.4885209417939667,2.5541786055229,3.7984174879214696,2.5541786055229,4.227446323449215,2.5541786055229,1.27708930276145,2.5541786055229,1.860848960150915,2.5541786055229,3.2162448837116147,2.5541786055229,2.962137335832156,2.5541786055229,1.27708930276145
lewie_coyle,DEF,Hull City,,62.09693211806948,1.7741980605162708,100.58387374325086,2.873824964092882,35,1.7741980605162717,1.7728419512341904,1.7741980605162717,0.9555137652242438,1.7741980605162717,2.7225906964087154,1.7741980605162717,3.5483961210325434,1.7741980605162717,2.8540756540144505,1.7741980605162717,3.466084518175162,1.7741980605162717,1.9969091710894882,1.7741980605162717,2.5918446829672863,1.7741980605162717,3.5483961210325434,1.7741980605162717,3.5483961210325434,1.7741980605162717,3.5483961210325434,1.7741980605162717,3.5483961210325434,1.7741980605162717,1.76534568417257,1.7741980605162717,2.5394047804798956,1.7741980605162717,3.5483961210325434,1.7741980605162717,3.014355060115364,1.7741980605162717,3.5483961210325434,1.7741980605162717,1.9969091710894882,1.7741980605162717,3.466084518175162,1.7741980605162717,3.5483961210325434,1.7741980605162717,2.5918446829672863,1.7741980605162717,3.014355060115364,1.7741980605162717,2.5394047804798956,1.7741980605162717,1.76534568417257,1.7741980605162717,3.5483961210325434,1.7741980605162717,3.5483961210325434,1.7741980605162717,1.7728419512341904,1.7741980605162717,3.5483961210325434,1.7741980605162717,3.5483961210325434,1.7741980605162717,3.5483961210325434,1.7741980605162717,3.5483961210325434,1.7741980605162717,2.7225906964087154,1.7741980605162717,3.5483961210325434,1.7741980605162717,2.8540756540144505,1.7741980605162717,0.9555137652242438
oscar_bobb,MID,Fulham,,126.4807350762631,3.6137352878932316,100.55671586944221,2.873049024841206,35,3.6137352878932294,3.363740592739973,3.6137352878932294,2.3007866259992777,3.6137352878932294,4.150939765009904,3.6137352878932294,1.8173117655322788,3.6137352878932294,3.3639628512019657,3.6137352878932294,3.6701659556684385,3.6137352878932294,3.3716609970900184,3.6137352878932294,2.3262915471808516,3.6137352878932294,2.7859356150062236,3.6137352878932294,3.253984057586502,3.6137352878932294,2.8029600389547165,3.6137352878932294,1.86806478151674,3.6137352878932294,2.024125484028986,3.6137352878932294,2.697398809764883,3.6137352878932294,1.8068676439466147,3.6137352878932294,3.281568155451994,3.6137352878932294,3.253984057586502,3.6137352878932294,3.3716609970900184,3.6137352878932294,3.6701659556684385,3.6137352878932294,2.7859356150062236,3.6137352878932294,2.3262915471808516,3.6137352878932294,3.281568155451994,3.6137352878932294,1.8068676439466147,3.6137352878932294,2.024125484028986,3.6137352878932294,2.697398809764883,3.6137352878932294,4.356432649637522,3.6137352878932294,3.363740592739973,3.6137352878932294,3.8009922247227825,3.6137352878932294,2.6277616217231765,3.6137352878932294,1.86806478151674,3.6137352878932294,2.8029600389547165,3.6137352878932294,4.150939765009904,3.6137352878932294,1.8173117655322788,3.6137352878932294,3.3639628512019657,3.6137352878932294,2.3007866259992777
pedro_porro_sauceda,DEF,Spurs,14973.0,92.44512991551629,2.6412894261576083,99.99566938199905,2.857019125199973,35,2.641289426157607,2.05062024576761,2.641289426157607,5.282578852315214,2.641289426157607,4.491876038957046,2.641289426157607,5.113251354850443,2.641289426157607,1.335281723595971,2.641289426157607,2.7098940706195997,2.641289426157607,3.1074626943129333,2.641289426157607,2.6106102161764904,2.641289426157607,2.270373406607965,2.641289426157607,3.9847715696226698,2.641289426157607,1.50404626762171,2.641289426157607,3.0160312479846234,2.641289426157607,1.9126469733111138,2.641289426157607,3.3740370073357706,2.641289426157607,1.9521440324425385,2.641289426157607,1.3296356317965257,2.641289426157607,3.9847715696226698,2.641289426157607,3.1074626943129333,2.641289426157607,2.7098940706195997,2.641289426157607,2.270373406607965,2.641289426157607,2.6106102161764904,2.641289426157607,1.3296356317965257,2.641289426157607,1.9521440324425385,2.641289426157607,1.9126469733111138,2.641289426157607,3.3740370073357706,2.641289426157607,4.434848979964096,2.641289426157607,2.05062024576761,2.641289426157607,2.14965302231969,2.641289426157607,1.3206447130788035,2.641289426157607,3.0160312479846234,2.641289426157607,1.50404626762171,2.641289426157607,1.335281723595971,2.641289426157607,5.113251354850443,2.641289426157607,4.491876038957046,2.641289426157607,5.282578852315214
enzo_fernandez,MID,Man City,14970.0,83.69360359469057,2.3912458169911592,99.24783385008953,2.835652395716844,35,2.3912458169911597,2.211122237710244,2.3912458169911597,2.525354629384687,2.3912458169911597,3.232651625513372,2.3912458169911597,3.9891727107996555,2.3912458169911597,3.5271352279966273,2.3912458169911597,2.5922779734752113,2.3912458169911597,3.153681545732337,2.3912458169911597,3.6163973508853955,2.3912458169911597,1.5266600215077213,2.3912458169911597,1.9452429091327252,2.3912458169911597,1.7952640776069466,2.3912458169911597,3.6528630419163934,2.3912458169911597,1.746488966953056,2.3912458169911597,3.240263362295976,2.3912458169911597,2.6937253561503844,2.3912458169911597,3.127172432932242,2.3912458169911597,1.9452429091327252,2.3912458169911597,3.153681545732337,2.3912458169911597,2.5922779734752113,2.3912458169911597,1.5266600215077213,2.3912458169911597,3.6163973508853955,2.3912458169911597,3.127172432932242,2.3912458169911597,3.240263362295976,2.3912458169911597,1.746488966953056,2.3912458169911597,2.6937253561503844,2.3912458169911597,3.2328652222990444,2.3912458169911597,2.211122237710244,2.3912458169911597,2.6773643942292105,2.3912458169911597,4.186657293575345,2.3912458169911597,3.6528630419163934,2.3912458169911597,1.7952640776069466,2.3912458169911597,3.232651625513372,2.3912458169911597,3.9891727107996555,2.3912458169911597,3.5271352279966273,2.3912458169911597,2.525354629384687
jair_paula_da_cunha_filho,DEF,Nott'm Forest,,88.46403048960882,2.5275437282745377,99.0414483403082,2.8297556668659483,35,2.527543728274538,5.055087456549076,2.527543728274538,5.055087456549076,2.527543728274538,2.7352509259225717,2.527543728274538,1.518119837504218,2.527543728274538,2.6350380586599833,2.527543728274538,2.16976762429972,2.527543728274538,1.342077217128838,2.527543728274538,3.4056083403666317,2.527543728274538,1.3477761401936594,2.527543728274538,3.04425267138768,2.527543728274538,1.9704105153644662,2.527543728274538,2.291617605995401,2.527543728274538,2.0698081842988696,2.527543728274538,4.533907147107587,2.527543728274538,1.263771864137269,2.527543728274538,4.0220576308018865,2.527543728274538,3.04425267138768,2.527543728274538,1.342077217128838,2.527543728274538,3.4056083403666317,2.527543728274538,1.3477761401936594,2.527543728274538,2.16976762429972,2.527543728274538,4.0220576308018865,2.527543728274538,4.533907147107587,2.527543728274538,2.0698081842988696,2.527543728274538,1.263771864137269,2.527543728274538,5.055087456549076,2.527543728274538,5.055087456549076,2.527543728274538,3.136539654461808,2.527543728274538,1.9305438767634426,2.527543728274538,2.291617605995401,2.527543728274538,1.9704105153644662,2.527543728274538,2.7352509259225717,2.527543728274538,1.518119837504218,2.527543728274538,2.6350380586599833,2.527543728274538,5.055087456549076
emiliano_martinez_romero,GK,Chelsea,79641.0,91.98728057489463,2.628208016425561,97.14635557010035,2.7756101591457245,35,2.6282080164255612,3.543213770292238,2.6282080164255612,1.9078843378496668,2.6282080164255612,2.1804392432567616,2.6282080164255612,1.9078843378496668,2.6282080164255612,5.2564160328511225,2.6282080164255612,3.543213770292238,2.6282080164255612,1.9078843378496668,2.6282080164255612,1.9078843378496668,2.6282080164255612,4.088323581106429,2.6282080164255612,2.1804392432567616,2.6282080164255612,1.3141040082127806,2.6282080164255612,1.3627745270354763,2.6282080164255612,4.905988297327714,2.6282080164255612,5.2564160328511225,2.6282080164255612,2.998103959478047,2.6282080164255612,1.3141040082127806,2.6282080164255612,2.1804392432567616,2.6282080164255612,1.9078843378496668,2.6282080164255612,1.9078843378496668,2.6282080164255612,4.088323581106429,2.6282080164255612,3.543213770292238,2.6282080164255612,1.3141040082127806,2.6282080164255612,2.998103959478047,2.6282080164255612,4.905988297327714,2.6282080164255612,5.2564160328511225,2.6282080164255612,1.6353294324425716,2.6282080164255612,3.543213770292238,2.6282080164255612,2.7255490540709526,2.6282080164255612,1.6353294324425716,2.6282080164255612,1.3627745270354763,2.6282080164255612,1.3141040082127806,2.6282080164255612,5.2564160328511225,2.6282080164255612,1.9078843378496668,2.6282080164255612,2.1804392432567616,2.6282080164255612,1.9078843378496668
julio_enciso,MID,Ipswich Town,,119.35655133849242,3.4101871810997837,96.24967757767783,2.7499907879336525,35,3.4101871810997815,4.099418209840444,3.4101871810997815,2.6375951034390748,3.4101871810997815,3.5410410059090096,3.4101871810997815,2.189048401954421,3.4101871810997815,3.0879669985054723,3.4101871810997815,1.7100966648021478,3.4101871810997815,2.6215750615471607,3.4101871810997815,3.0620102668890135,3.4101871810997815,3.4536388742416384,3.4101871810997815,3.1655006925429094,3.4101871810997815,1.904709090113201,3.4101871810997815,3.172744674482609,3.4101871810997815,2.538261621207931,3.4101871810997815,1.7578554286036117,3.4101871810997815,3.5767468464793106,3.4101871810997815,1.7050935905498907,3.4101871810997815,3.1655006925429094,3.4101871810997815,2.6215750615471607,3.4101871810997815,1.7100966648021478,3.4101871810997815,3.4536388742416384,3.4101871810997815,3.0620102668890135,3.4101871810997815,1.7050935905498907,3.4101871810997815,3.5767468464793106,3.4101871810997815,2.538261621207931,3.4101871810997815,1.7578554286036117,3.4101871810997815,3.1652915465604825,3.4101871810997815,4.099418209840444,3.4101871810997815,2.472732786103822,3.4101871810997815,2.165048182797816,3.4101871810997815,3.172744674482609,3.4101871810997815,1.904709090113201,3.4101871810997815,3.5410410059090096,3.4101871810997815,2.189048401954421,3.4101871810997815,3.0879669985054723,3.4101871810997815,2.6375951034390748
jaka_bijol,DEF,Leeds,15210.0,69.1015917179133,1.9743311919403799,96.13749604632227,2.7467856013234933,35,1.9743311919403803,0.9871655959701902,1.9743311919403803,2.8444535060608636,1.9743311919403803,1.5787294882106402,1.9743311919403803,3.9486623838807606,1.9743311919403803,2.3831085009964244,1.9743311919403803,3.54157437338537,1.9743311919403803,3.9486623838807606,1.9743311919403803,1.4015849628369907,1.9743311919403803,3.9486623838807606,1.9743311919403803,1.3956585150881304,1.9743311919403803,2.740239724818349,1.9743311919403803,2.0076192084687565,1.9743311919403803,3.9486623838807606,1.9743311919403803,3.9486623838807606,1.9743311919403803,3.1657918849047335,1.9743311919403803,2.1524435257129495,1.9743311919403803,1.3956585150881304,1.9743311919403803,3.9486623838807606,1.9743311919403803,1.4015849628369907,1.9743311919403803,3.9486623838807606,1.9743311919403803,3.54157437338537,1.9743311919403803,2.1524435257129495,1.9743311919403803,3.9486623838807606,1.9743311919403803,3.9486623838807606,1.9743311919403803,3.1657918849047335,1.9743311919403803,2.049077488902496,1.9743311919403803,0.9871655959701902,1.9743311919403803,3.9486623838807606,1.9743311919403803,2.2563937618246137,1.9743311919403803,2.0076192084687565,1.9743311919403803,2.740239724818349,1.9743311919403803,1.5787294882106402,1.9743311919403803,3.9486623838807606,1.9743311919403803,2.3831085009964244,1.9743311919403803,2.8444535060608636
ezri_konsa_ngoyo,DEF,Arsenal,50210.0,60.85354103469949,1.738672600991414,95.77384076963273,2.736395450560935,35,1.7386726009914135,2.497327599718769,1.7386726009914135,2.147286942604176,1.7386726009914135,3.4180951595968687,1.7386726009914135,3.477345201982827,1.7386726009914135,2.2556071707819365,1.7386726009914135,2.1038416240545725,1.7386726009914135,3.317523917116084,1.7386726009914135,0.8693363004957068,1.7386726009914135,1.4625504999267893,1.7386726009914135,2.3645395981264734,1.7386726009914135,3.477345201982827,1.7386726009914135,3.477345201982827,1.7386726009914135,3.477345201982827,1.7386726009914135,2.9807842336311956,1.7386726009914135,3.477345201982827,1.7386726009914135,2.871575629801715,1.7386726009914135,2.3645395981264734,1.7386726009914135,3.317523917116084,1.7386726009914135,0.8693363004957068,1.7386726009914135,1.4625504999267893,1.7386726009914135,2.1038416240545725,1.7386726009914135,2.871575629801715,1.7386726009914135,3.477345201982827,1.7386726009914135,3.477345201982827,1.7386726009914135,2.9807842336311956,1.7386726009914135,1.4687609941301931,1.7386726009914135,2.497327599718769,1.7386726009914135,3.477345201982827,1.7386726009914135,3.477345201982827,1.7386726009914135,3.477345201982827,1.7386726009914135,3.477345201982827,1.7386726009914135,3.4180951595968687,1.7386726009914135,3.477345201982827,1.7386726009914135,2.2556071707819365,1.7386726009914135,2.147286942604176
oli_mcburnie,FWD,Hull City,61014.0,129.69878017521887,3.705679433577682,95.38736106570303,2.725353173305801,35,3.70567943357768,3.4305589652340474,3.70567943357768,1.85283971678884,3.70567943357768,4.934854609595316,3.70567943357768,4.1477765326218865,3.70567943357768,2.766831610335589,3.70567943357768,4.861424584921412,3.70567943357768,1.85283971678884,3.70567943357768,2.6262707262276703,3.70567943357768,3.952759571688642,3.70567943357768,1.9114753297926164,3.70567943357768,1.85283971678884,3.70567943357768,2.3526673947083347,3.70567943357768,1.85283971678884,3.70567943357768,1.85283971678884,3.70567943357768,1.85283971678884,3.70567943357768,2.3623734378633703,3.70567943357768,1.9114753297926164,3.70567943357768,1.85283971678884,3.70567943357768,4.861424584921412,3.70567943357768,3.952759571688642,3.70567943357768,2.6262707262276703,3.70567943357768,2.3623734378633703,3.70567943357768,1.85283971678884,3.70567943357768,1.85283971678884,3.70567943357768,1.85283971678884,3.70567943357768,1.85283971678884,3.70567943357768,3.4305589652340474,3.70567943357768,2.0649644785901557,3.70567943357768,2.541494742880192,3.70567943357768,2.3526673947083347,3.70567943357768,1.85283971678884,3.70567943357768,4.934854609595316,3.70567943357768,4.1477765326218865,3.70567943357768,2.766831610335589,3.70567943357768,1.85283971678884
micky_van_de_ven,DEF,Spurs,,85.4209151895987,2.4405975768456774,92.39774557527267,2.639935587864933,35,2.440597576845679,1.8948089343361816,2.440597576845679,4.881195153691358,2.440597576845679,4.15057193944772,2.440597576845679,4.724733587642139,2.440597576845679,1.2338236418700559,2.440597576845679,2.5039894669490956,2.440597576845679,2.8713498213300106,2.440597576845679,2.4122494508137744,2.440597576845679,2.0978646943523676,2.440597576845679,3.681998549947753,2.440597576845679,1.3897650291060137,2.440597576845679,2.7868655674854814,2.440597576845679,1.7673192199974321,2.440597576845679,3.1176691439948097,2.440597576845679,1.8038151927045645,2.440597576845679,1.228606554402129,2.440597576845679,3.681998549947753,2.440597576845679,2.8713498213300106,2.440597576845679,2.5039894669490956,2.440597576845679,2.0978646943523676,2.440597576845679,2.4122494508137744,2.440597576845679,1.228606554402129,2.440597576845679,1.8038151927045645,2.440597576845679,1.7673192199974321,2.440597576845679,3.1176691439948097,2.440597576845679,4.097877940594554,2.440597576845679,1.8948089343361816,2.440597576845679,1.9863169501135043,2.440597576845679,1.2202987884228396,2.440597576845679,2.7868655674854814,2.440597576845679,1.3897650291060137,2.440597576845679,1.2338236418700559,2.440597576845679,4.724733587642139,2.440597576845679,4.15057193944772,2.440597576845679,4.881195153691358
dorde_petrovic,GK,Bournemouth,79641.0,98.01919239345429,2.800548354098694,91.54681397509283,2.6156232564312236,35,2.800548354098693,1.7425634203280758,2.800548354098693,1.4002741770493465,2.800548354098693,1.4002741770493465,2.800548354098693,1.7425634203280758,2.800548354098693,3.236189209180712,2.800548354098693,1.7425634203280758,2.800548354098693,2.738313946229833,2.800548354098693,3.7340644721315908,2.800548354098693,2.489376314754394,2.800548354098693,1.4936257888526363,2.800548354098693,3.236189209180712,2.800548354098693,1.4936257888526363,2.800548354098693,5.601096708197386,2.800548354098693,4.978752629508788,2.800548354098693,1.9915010518035148,2.800548354098693,4.480877366557909,2.800548354098693,1.4936257888526363,2.800548354098693,2.738313946229833,2.800548354098693,3.7340644721315908,2.800548354098693,2.489376314754394,2.800548354098693,1.7425634203280758,2.800548354098693,4.480877366557909,2.800548354098693,1.9915010518035148,2.800548354098693,5.601096708197386,2.800548354098693,4.978752629508788,2.800548354098693,1.4002741770493465,2.800548354098693,1.7425634203280758,2.800548354098693,1.4002741770493465,2.800548354098693,1.7425634203280758,2.800548354098693,1.4936257888526363,2.800548354098693,3.236189209180712,2.800548354098693,3.236189209180712,2.800548354098693,1.7425634203280758,2.800548354098693,1.4002741770493465,2.800548354098693,1.4002741770493465
thomas_meunier,DEF,Sunderland,,80.85827584430088,2.3102364526943107,91.00716040855829,2.6002045831016654,35,2.3102364526943098,1.2967779947627576,2.3102364526943098,1.1551182263471549,2.3102364526943098,1.6831247005997214,2.3102364526943098,2.9090707106682503,2.3102364526943098,2.679232233928012,2.3102364526943098,4.408608951336226,2.3102364526943098,1.1551182263471549,2.3102364526943098,4.6204729053886195,2.3102364526943098,4.6204729053886195,2.3102364526943098,1.649070617130291,2.3102364526943098,1.1551182263471549,2.3102364526943098,3.8236952486889635,2.3102364526943098,2.3364513941943623,2.3102364526943098,1.7680301913393417,2.3102364526943098,3.8728635733609384,2.3102364526943098,2.6004006911887254,2.3102364526943098,1.649070617130291,2.3102364526943098,1.1551182263471549,2.3102364526943098,4.408608951336226,2.3102364526943098,4.6204729053886195,2.3102364526943098,4.6204729053886195,2.3102364526943098,2.6004006911887254,2.3102364526943098,1.7680301913393417,2.3102364526943098,2.3364513941943623,2.3102364526943098,3.8728635733609384,2.3102364526943098,1.8534155469348619,2.3102364526943098,1.2967779947627576,2.3102364526943098,2.25084956102693,2.3102364526943098,3.435641706563911,2.3102364526943098,3.8236952486889635,2.3102364526943098,1.1551182263471549,2.3102364526943098,1.6831247005997214,2.3102364526943098,2.9090707106682503,2.3102364526943098,2.679232233928012,2.3102364526943098,1.1551182263471549
harrison_armstrong,MID,Everton,,98.94768112105224,2.8270766034586354,90.78015803175549,2.5937188009072996,35,2.8270766034586354,2.856118843343636,2.8270766034586354,3.643403615573501,2.8270766034586354,1.5951087300706153,2.8270766034586354,3.336244223791744,2.8270766034586354,1.4135383017293177,2.8270766034586354,2.959407402351602,2.8270766034586354,2.952650510141754,2.8270766034586354,1.6396561656893553,2.8270766034586354,2.9524554272617656,2.8270766034586354,3.2214141061151387,2.8270766034586354,3.3029392655513945,2.8270766034586354,2.3675873735829995,2.8270766034586354,2.8803302286165873,2.8270766034586354,2.306464737010865,2.8270766034586354,2.04185546254405,2.8270766034586354,1.776635298119792,2.8270766034586354,3.2214141061151387,2.8270766034586354,2.952650510141754,2.8270766034586354,1.6396561656893553,2.8270766034586354,2.9524554272617656,2.8270766034586354,2.959407402351602,2.8270766034586354,1.776635298119792,2.8270766034586354,2.306464737010865,2.8270766034586354,2.8803302286165873,2.8270766034586354,2.04185546254405,2.8270766034586354,2.0194690326490257,2.8270766034586354,2.856118843343636,2.8270766034586354,3.823770848347621,2.8270766034586354,2.44529876777059,2.8270766034586354,2.3675873735829995,2.8270766034586354,3.3029392655513945,2.8270766034586354,1.5951087300706153,2.8270766034586354,3.336244223791744,2.8270766034586354,1.4135383017293177,2.8270766034586354,3.643403615573501
joe_willock,MID,Newcastle,,84.08726147481521,2.40249318499472,90.5853980163436,2.5881542290383885,35,2.4024931849947198,1.7926114020230999,2.4024931849947198,1.6094524858406662,2.4024931849947198,2.979201739530308,2.4024931849947198,3.250382148419231,2.4024931849947198,3.858155485667555,2.4024931849947198,2.4823649348280146,2.4024931849947198,3.332640409589571,2.4024931849947198,1.4068721950965588,2.4024931849947198,2.388877517891487,2.4024931849947198,2.037628779406989,2.4024931849947198,2.3272052459531323,2.4024931849947198,3.676166329894043,2.4024931849947198,1.6544005070274317,2.4024931849947198,2.060216515631121,2.4024931849947198,2.9062311296382637,2.4024931849947198,3.3662448572489962,2.4024931849947198,2.037628779406989,2.4024931849947198,3.332640409589571,2.4024931849947198,1.4068721950965588,2.4024931849947198,2.388877517891487,2.4024931849947198,2.4823649348280146,2.4024931849947198,3.3662448572489962,2.4024931849947198,2.060216515631121,2.4024931849947198,1.6544005070274317,2.4024931849947198,2.9062311296382637,2.4024931849947198,2.467287719149569,2.4024931849947198,1.7926114020230999,2.4024931849947198,2.979004902399256,2.4024931849947198,2.881802027421845,2.4024931849947198,3.676166329894043,2.4024931849947198,2.3272052459531323,2.4024931849947198,2.979201739530308,2.4024931849947198,3.250382148419231,2.4024931849947198,3.858155485667555,2.4024931849947198,1.6094524858406662
lewis_miley,MID,Newcastle,,83.80477324792622,2.394422092797892,90.2810795260175,2.5794594150290715,35,2.3944220927978916,1.7865891864392311,2.3944220927978916,1.6040455862578635,2.3944220927978916,2.969193215026313,2.3944220927978916,3.2394626027744535,2.3944220927978916,3.8451941466598067,2.3944220927978916,2.4740255162688674,2.3944220927978916,3.3214445201807394,2.3944220927978916,1.4021458569463827,2.3944220927978916,2.380852167054176,2.3944220927978916,2.0307834364756454,2.3944220927978916,2.319387080965883,2.3944220927978916,3.663816377118,2.3944220927978916,1.6488426061326047,2.3944220927978916,2.053295289986469,2.3944220927978916,2.896467747357263,2.3944220927978916,3.3549360748684065,2.3944220927978916,2.0307834364756454,2.3944220927978916,3.3214445201807394,2.3944220927978916,1.4021458569463827,2.3944220927978916,2.380852167054176,2.3944220927978916,2.4740255162688674,2.3944220927978916,3.3549360748684065,2.3944220927978916,2.053295289986469,2.3944220927978916,1.6488426061326047,2.3944220927978916,2.896467747357263,2.3944220927978916,2.4589989519714837,2.3944220927978916,1.7865891864392311,2.3944220927978916,2.968997039162749,2.3944220927978916,2.8721207138590854,2.3944220927978916,3.663816377118,2.3944220927978916,2.319387080965883,2.3944220927978916,2.969193215026313,2.3944220927978916,3.2394626027744535,2.3944220927978916,3.8451941466598067,2.3944220927978916,1.6040455862578635
bernd_leno,GK,Fulham,14973.0,98.01549632989665,2.8004427522827613,89.95644440943838,2.5701841259839537,35,2.800442752282759,1.4002213761413795,2.800442752282759,3.2360671804156325,2.800442752282759,2.7382106911209196,2.800442752282759,3.2360671804156325,2.800442752282759,5.600885504565518,2.800442752282759,4.4807084036524145,2.800442752282759,1.4002213761413795,2.800442752282759,1.4002213761413795,2.800442752282759,1.9914259571788506,2.800442752282759,4.978564892947127,2.800442752282759,1.7424977125314947,2.800442752282759,1.7424977125314947,2.800442752282759,1.7424977125314947,2.800442752282759,1.4935694678841382,2.800442752282759,1.4935694678841382,2.800442752282759,3.7339236697103453,2.800442752282759,4.978564892947127,2.800442752282759,1.4002213761413795,2.800442752282759,4.4807084036524145,2.800442752282759,1.9914259571788506,2.800442752282759,1.4002213761413795,2.800442752282759,3.7339236697103453,2.800442752282759,1.4935694678841382,2.800442752282759,1.7424977125314947,2.800442752282759,1.4935694678841382,2.800442752282759,1.9914259571788506,2.800442752282759,1.4002213761413795,2.800442752282759,1.4002213761413795,2.800442752282759,1.7424977125314947,2.800442752282759,1.7424977125314947,2.800442752282759,1.7424977125314947,2.800442752282759,2.7382106911209196,2.800442752282759,3.2360671804156325,2.800442752282759,5.600885504565518,2.800442752282759,3.2360671804156325
nico_o'reilly,DEF,Man City,14972.0,66.64551801806871,1.9041576576591062,89.7117896287103,2.563193989391723,35,1.9041576576591068,3.8083153153182137,1.9041576576591068,2.1001707764194473,1.9041576576591068,1.7692619492740214,1.9041576576591068,2.414901120969062,1.9041576576591068,3.8083153153182137,1.9041576576591068,1.8057980402539897,1.9041576576591068,3.8083153153182137,1.9041576576591068,3.68604599440397,1.9041576576591068,1.3912927311640657,1.9041576576591068,2.874506158509004,1.9041576576591068,1.9885004130939934,1.9041576576591068,1.2351799250384201,1.9041576576591068,2.789929035175196,1.9041576576591068,0.9520788288295534,1.9041576576591068,1.8968918069426843,1.9041576576591068,3.8083153153182137,1.9041576576591068,2.874506158509004,1.9041576576591068,3.8083153153182137,1.9041576576591068,1.8057980402539897,1.9041576576591068,1.3912927311640657,1.9041576576591068,3.68604599440397,1.9041576576591068,3.8083153153182137,1.9041576576591068,0.9520788288295534,1.9041576576591068,2.789929035175196,1.9041576576591068,1.8968918069426843,1.9041576576591068,3.8083153153182137,1.9041576576591068,3.8083153153182137,1.9041576576591068,3.121096248194337,1.9041576576591068,2.5067419825052384,1.9041576576591068,1.2351799250384201,1.9041576576591068,1.9885004130939934,1.9041576576591068,1.7692619492740214,1.9041576576591068,2.414901120969062,1.9041576576591068,3.8083153153182137,1.9041576576591068,2.1001707764194473
kjell_scherpen,GK,Ipswich Town,,99.64258523846192,2.8469310068131977,89.6783267146158,2.5622379061318803,35,2.8469310068131994,2.024484271511608,2.8469310068131994,1.7714237375726574,2.8469310068131994,2.5306053393895107,2.8469310068131994,1.4234655034065997,2.8469310068131994,3.7959080090842656,2.8469310068131994,3.2897869412063634,2.8469310068131994,2.024484271511608,2.8469310068131994,5.061210678779021,2.8469310068131994,4.555089610901119,2.8469310068131994,5.693862013626399,2.8469310068131994,1.7714237375726574,2.8469310068131994,1.4234655034065997,2.8469310068131994,1.5183632036337062,2.8469310068131994,1.7714237375726574,2.8469310068131994,1.4234655034065997,2.8469310068131994,1.5183632036337062,2.8469310068131994,5.693862013626399,2.8469310068131994,2.024484271511608,2.8469310068131994,3.2897869412063634,2.8469310068131994,4.555089610901119,2.8469310068131994,5.061210678779021,2.8469310068131994,1.5183632036337062,2.8469310068131994,1.4234655034065997,2.8469310068131994,1.5183632036337062,2.8469310068131994,1.7714237375726574,2.8469310068131994,1.4234655034065997,2.8469310068131994,2.024484271511608,2.8469310068131994,1.7714237375726574,2.8469310068131994,3.2897869412063634,2.8469310068131994,1.4234655034065997,2.8469310068131994,1.7714237375726574,2.8469310068131994,2.5306053393895107,2.8469310068131994,1.4234655034065997,2.8469310068131994,3.7959080090842656,2.8469310068131994,1.7714237375726574
dango_ouattara,MID,Brentford,,72.89258955986955,2.082645415996273,89.27242131767564,2.5506406090764466,35,2.0826454159962724,2.3289504466581596,2.0826454159962724,3.1775043514394143,2.0826454159962724,3.0681378979910443,2.0826454159962724,2.811976383699177,2.0826454159962724,1.5192128006318173,2.0826454159962724,2.743282931670351,2.0826454159962724,2.2549365925684106,2.0826454159962724,2.3431823045465383,2.0826454159962724,1.923381865475799,2.0826454159962724,1.3279908953182165,2.0826454159962724,1.9447031398289667,2.0826454159962724,3.1457840568103412,2.0826454159962724,2.818597580954919,2.0826454159962724,3.470048973026728,2.0826454159962724,2.8121621844554987,2.0826454159962724,3.641834258681112,2.0826454159962724,1.3279908953182165,2.0826454159962724,2.2549365925684106,2.0826454159962724,2.3431823045465383,2.0826454159962724,1.923381865475799,2.0826454159962724,2.743282931670351,2.0826454159962724,3.641834258681112,2.0826454159962724,2.8121621844554987,2.0826454159962724,2.818597580954919,2.0826454159962724,3.470048973026728,2.0826454159962724,2.196722196183881,2.0826454159962724,2.3289504466581596,2.0826454159962724,2.7202235340667364,2.0826454159962724,1.6921022599120403,2.0826454159962724,3.1457840568103412,2.0826454159962724,1.9447031398289667,2.0826454159962724,3.0681378979910443,2.0826454159962724,2.811976383699177,2.0826454159962724,1.5192128006318173,2.0826454159962724,3.1775043514394143
mohamed_belloumi,MID,Hull City,,105.66887737824652,3.019110782235615,89.24833140043829,2.5499523257268084,35,3.0191107822356162,3.204355305965175,3.0191107822356162,2.8424156554882725,3.0191107822356162,2.3629829639780335,3.0191107822356162,3.172366964436892,3.0191107822356162,1.5748370269229934,3.0191107822356162,3.499372025608763,3.0191107822356162,1.5095553911178081,3.0191107822356162,2.273991546774248,3.0191107822356162,3.6726089533014066,3.0191107822356162,2.766464572701372,3.0191107822356162,2.348630842220054,3.0191107822356162,2.743210315620644,3.0191107822356162,1.9611365195503814,3.0191107822356162,2.835738506942853,3.0191107822356162,1.706401079302564,3.0191107822356162,2.215285219636152,3.0191107822356162,2.766464572701372,3.0191107822356162,1.5095553911178081,3.0191107822356162,3.499372025608763,3.0191107822356162,3.6726089533014066,3.0191107822356162,2.273991546774248,3.0191107822356162,2.215285219636152,3.0191107822356162,2.835738506942853,3.0191107822356162,1.9611365195503814,3.0191107822356162,1.706401079302564,3.0191107822356162,3.0940646700945664,3.0191107822356162,3.204355305965175,3.0191107822356162,1.9396350734319638,3.0191107822356162,2.8359258777765395,3.0191107822356162,2.743210315620644,3.0191107822356162,2.348630842220054,3.0191107822356162,2.3629829639780335,3.0191107822356162,3.172366964436892,3.0191107822356162,1.5748370269229934,3.0191107822356162,2.8424156554882725
ferdi_kadioglu,DEF,Brighton,14969.0,67.8541266960982,1.9386893341742344,88.7451063854918,2.5355744681569083,35,1.9386893341742335,3.877378668348467,1.9386893341742335,1.3399444137822685,1.9386893341742335,2.022659959919074,1.9386893341742335,2.4142258785762976,1.9386893341742335,1.7039639554960704,1.9386893341742335,1.18456318502013,1.9386893341742335,1.9151110047845321,1.9386893341742335,2.6869613718201184,1.9386893341742335,0.9693446670871168,1.9386893341742335,3.0059062258923226,1.9386893341742335,3.877378668348467,1.9386893341742335,1.8268833893321579,1.9386893341742335,2.325774579567937,1.9386893341742335,3.5500054219457224,1.9386893341742335,3.877378668348467,1.9386893341742335,3.877378668348467,1.9386893341742335,3.0059062258923226,1.9386893341742335,1.9151110047845321,1.9386893341742335,1.18456318502013,1.9386893341742335,0.9693446670871168,1.9386893341742335,2.6869613718201184,1.9386893341742335,3.877378668348467,1.9386893341742335,3.877378668348467,1.9386893341742335,2.325774579567937,1.9386893341742335,3.5500054219457224,1.9386893341742335,2.7684170147674445,1.9386893341742335,3.877378668348467,1.9386893341742335,3.877378668348467,1.9386893341742335,1.1895932491406518,1.9386893341742335,1.8268833893321579,1.9386893341742335,3.877378668348467,1.9386893341742335,2.022659959919074,1.9386893341742335,2.4142258785762976,1.9386893341742335,1.7039639554960704,1.9386893341742335,1.3399444137822685
jeremy_jacquet,DEF,Liverpool,14973.0,93.68021938179402,2.676577696622686,88.66187469479614,2.5331964198513184,35,2.6765776966226853,3.1401009707838017,2.6765776966226853,2.658826659717105,2.6765776966226853,1.3382888483113426,2.6765776966226853,1.693981053692767,2.6765776966226853,1.5383389648012076,2.6765776966226853,1.3382888483113426,2.6765776966226853,2.1354651962344855,2.6765776966226853,3.5397121426223084,2.6765776966226853,1.615940716283903,2.6765776966226853,1.789111775560696,2.6765776966226853,1.3382888483113426,2.6765776966226853,2.4487593460747568,2.6765776966226853,4.9861000934445405,2.6765776966226853,2.376709049499568,2.6765776966226853,4.918508583347076,2.6765776966226853,4.029371637167113,2.6765776966226853,1.789111775560696,2.6765776966226853,2.1354651962344855,2.6765776966226853,3.5397121426223084,2.6765776966226853,1.615940716283903,2.6765776966226853,1.3382888483113426,2.6765776966226853,4.029371637167113,2.6765776966226853,2.376709049499568,2.6765776966226853,4.9861000934445405,2.6765776966226853,4.918508583347076,2.6765776966226853,2.0572270030851882,2.6765776966226853,3.1401009707838017,2.6765776966226853,1.3382888483113426,2.6765776966226853,3.4947733750729135,2.6765776966226853,2.4487593460747568,2.6765776966226853,1.3382888483113426,2.6765776966226853,1.3382888483113426,2.6765776966226853,1.693981053692767,2.6765776966226853,1.5383389648012076,2.6765776966226853,2.658826659717105
ethan_ampadu,MID,Leeds,61014.0,98.27241688296488,2.807783339513282,88.32850032699118,2.5236714379140337,35,2.8077833395132834,2.7897611416651578,2.8077833395132834,3.604575469695616,2.8077833395132834,1.4038916697566417,2.8077833395132834,1.9037041772631988,2.8077833395132834,2.1742480243919413,2.8077833395132834,2.3051234773108127,2.8077833395132834,2.6923935375731896,2.8077833395132834,3.1449960175281255,2.8077833395132834,2.783391584263066,2.8077833395132834,1.9248073184434653,2.8077833395132834,3.434547680746018,2.8077833395132834,2.783207684392584,2.8077833395132834,3.113600246114606,2.8077833395132834,3.036748467720527,2.8077833395132834,1.5036700754163914,2.8077833395132834,2.3192097322551057,2.8077833395132834,1.9248073184434653,2.8077833395132834,2.6923935375731896,2.8077833395132834,3.1449960175281255,2.8077833395132834,2.783391584263066,2.8077833395132834,2.3051234773108127,2.8077833395132834,2.3192097322551057,2.8077833395132834,3.036748467720527,2.8077833395132834,3.113600246114606,2.8077833395132834,1.5036700754163914,2.8077833395132834,2.2318668423517694,2.8077833395132834,2.7897611416651578,2.8077833395132834,2.7152170196550047,2.8077833395132834,1.5456638559115128,2.8077833395132834,2.783207684392584,2.8077833395132834,3.434547680746018,2.8077833395132834,1.4038916697566417,2.8077833395132834,1.9037041772631988,2.8077833395132834,2.1742480243919413,2.8077833395132834,3.604575469695616
milos_kerkez,DEF,Liverpool,15210.0,93.02206751213606,2.6577733574896016,88.03897928546806,2.51539940815623,35,2.6577733574895994,3.1180401415236396,2.6577733574895994,2.6401470307758275,2.6577733574895994,1.3288866787447997,2.6577733574895994,1.6820799628860796,2.6577733574895994,1.527531339962869,2.6577733574895994,1.3288866787447997,2.6577733574895994,2.1204624515700714,2.6577733574895994,3.514843838725373,2.6577733574895994,1.6045878991075861,2.6577733574895994,1.7765423423560887,2.6577733574895994,1.3288866787447997,2.6577733574895994,2.431555548383023,2.6577733574895994,4.9510701680188935,2.6577733574895994,2.360011442311158,2.6577733574895994,4.883953523149512,2.6577733574895994,4.001063222711544,2.6577733574895994,1.7765423423560887,2.6577733574895994,2.1204624515700714,2.6577733574895994,3.514843838725373,2.6577733574895994,1.6045878991075861,2.6577733574895994,1.3288866787447997,2.6577733574895994,4.001063222711544,2.6577733574895994,2.360011442311158,2.6577733574895994,4.9510701680188935,2.6577733574895994,4.883953523149512,2.6577733574895994,2.0427739220897934,2.6577733574895994,3.1180401415236396,2.6577733574895994,1.3288866787447997,2.6577733574895994,3.4702207892013837,2.6577733574895994,2.431555548383023,2.6577733574895994,1.3288866787447997,2.6577733574895994,1.3288866787447997,2.6577733574895994,1.6820799628860796,2.6577733574895994,1.527531339962869,2.6577733574895994,2.6401470307758275
cesar_palacios,MID,Fulham,,109.6393998441108,3.1325542812603087,87.167250977572,2.4904928850734858,35,3.1325542812603073,2.915847220502891,3.1325542812603073,1.994429149165018,3.1325542812603073,3.598228175621593,3.1325542812603073,1.5753305923029377,3.1325542812603073,2.9160398845032103,3.1325542812603073,3.1814710158440036,3.1325542812603073,2.92271299637728,3.1325542812603073,2.016538004317805,3.1325542812603073,2.4149789187218302,3.1325542812603073,2.820705137118099,3.1325542812603073,2.4297364833681696,3.1325542812603073,1.619325673525858,3.1325542812603073,1.7546063686639441,3.1325542812603073,2.338231086849075,3.1325542812603073,1.5662771406301537,3.1325542812603073,2.8446163195870353,3.1325542812603073,2.820705137118099,3.1325542812603073,2.92271299637728,3.1325542812603073,3.1814710158440036,3.1325542812603073,2.4149789187218302,3.1325542812603073,2.016538004317805,3.1325542812603073,2.8446163195870353,3.1325542812603073,1.5662771406301537,3.1325542812603073,1.7546063686639441,3.1325542812603073,2.338231086849075,3.1325542812603073,3.7763589915851656,3.1325542812603073,2.915847220502891,3.1325542812603073,3.294877327202913,3.1325542812603073,2.2778663245861064,3.1325542812603073,1.619325673525858,3.1325542812603073,2.4297364833681696,3.1325542812603073,3.598228175621593,3.1325542812603073,1.5753305923029377,3.1325542812603073,2.9160398845032103,3.1325542812603073,1.994429149165018
dan_ndoye,MID,Nott'm Forest,14970.0,92.2177721480981,2.63479348994566,86.64137458876104,2.4754678453931724,35,2.6347934899456593,3.080492811274046,2.6347934899456593,2.823486323422471,2.6347934899456593,3.6564993578236678,2.6347934899456593,1.333338507745616,2.6347934899456593,3.4840223195890148,2.6347934899456593,1.5679291345310504,2.6347934899456593,1.9525341563779623,2.6347934899456593,2.338328767243982,2.6347934899456593,3.190299666390578,2.6347934899456593,1.5253304338785247,2.6347934899456593,2.2640168708955652,2.6347934899456593,2.2055680542069083,2.6347934899456593,2.3526179346066773,2.6347934899456593,1.9311270245749426,2.6347934899456593,2.8299476342609253,2.6347934899456593,3.1584516390772235,2.6347934899456593,1.5253304338785247,2.6347934899456593,1.9525341563779623,2.6347934899456593,2.338328767243982,2.6347934899456593,3.190299666390578,2.6347934899456593,1.5679291345310504,2.6347934899456593,3.1584516390772235,2.6347934899456593,1.9311270245749426,2.6347934899456593,2.3526179346066773,2.6347934899456593,2.8299476342609253,2.6347934899456593,2.731177450413124,2.6347934899456593,3.080492811274046,2.6347934899456593,1.6989160920741715,2.6347934899456593,2.823299774475452,2.6347934899456593,2.2055680542069083,2.6347934899456593,2.2640168708955652,2.6347934899456593,3.6564993578236678,2.6347934899456593,1.333338507745616,2.6347934899456593,3.4840223195890148,2.6347934899456593,2.823486323422471
jaidon_anthony,MID,Brentford,,70.07611778177046,2.0021747937648704,85.82305483581548,2.4520872810232994,35,2.00217479376487,2.2389629287882333,2.00217479376487,3.0547298501539895,2.00217479376487,2.9495891696061025,2.00217479376487,2.7033253922446208,2.00217479376487,1.46051245806281,2.00217479376487,2.6372861629584303,2.00217479376487,2.167808870632348,2.00217479376487,2.2526448867987976,2.00217479376487,1.849064972972332,2.00217479376487,1.2766791103916528,2.00217479376487,1.8695624219153806,2.00217479376487,3.0242351851143603,2.00217479376487,2.7096907553295555,2.00217479376487,3.335970940401418,2.00217479376487,2.7035040139092175,2.00217479376487,3.5011186732968778,2.00217479376487,1.2766791103916528,2.00217479376487,2.167808870632348,2.00217479376487,2.2526448867987976,2.00217479376487,1.849064972972332,2.00217479376487,2.6372861629584303,2.00217479376487,3.5011186732968778,2.00217479376487,2.7035040139092175,2.00217479376487,2.7096907553295555,2.00217479376487,3.335970940401418,2.00217479376487,2.111843800351968,2.00217479376487,2.2389629287882333,2.00217479376487,2.6151177495133244,2.00217479376487,1.6267217007979258,2.00217479376487,3.0242351851143603,2.00217479376487,1.8695624219153806,2.00217479376487,2.9495891696061025,2.00217479376487,2.7033253922446208,2.00217479376487,1.46051245806281,2.00217479376487,3.0547298501539895
wilson_isidor,FWD,Sunderland,79641.0,67.20065527049299,1.9200187220140854,85.40272961010112,2.440077988860032,35,1.9200187220140856,1.431605980090952,1.9200187220140856,2.047467916535306,1.9200187220140856,3.027871035014332,1.9200187220140856,1.2035824956349608,1.9200187220140856,1.4115112316766403,1.9200187220140856,2.9301313991576,1.9200187220140856,3.8400374440281713,1.9200187220140856,1.5850495284236157,1.9200187220140856,2.712429220765132,1.9200187220140856,1.7540814947158403,1.9200187220140856,1.3805426784492538,1.9200187220140856,2.203771579001257,1.9200187220140856,3.8400374440281713,1.9200187220140856,3.8400374440281713,1.9200187220140856,2.3807317618155497,1.9200187220140856,1.6774757040278319,1.9200187220140856,1.7540814947158403,1.9200187220140856,3.8400374440281713,1.9200187220140856,2.9301313991576,1.9200187220140856,2.712429220765132,1.9200187220140856,1.5850495284236157,1.9200187220140856,1.6774757040278319,1.9200187220140856,3.8400374440281713,1.9200187220140856,3.8400374440281713,1.9200187220140856,2.3807317618155497,1.9200187220140856,3.1899260072592144,1.9200187220140856,1.431605980090952,1.9200187220140856,3.8400374440281713,1.9200187220140856,3.8400374440281713,1.9200187220140856,2.203771579001257,1.9200187220140856,1.3805426784492538,1.9200187220140856,3.027871035014332,1.9200187220140856,1.2035824956349608,1.9200187220140856,1.4115112316766403,1.9200187220140856,2.047467916535306
chris_richards,DEF,Crystal Palace,14970.0,91.08305107807547,2.6023728879450134,85.24894799686906,2.435684228481973,35,2.6023728879450148,1.9869594127504815,2.6023728879450148,2.3651183972148506,2.6023728879450148,3.3754042906383863,2.6023728879450148,1.4857947526104964,2.6023728879450148,1.3011864439725074,2.6023728879450148,4.815792568699544,2.6023728879450148,1.4557331781437852,2.6023728879450148,3.8917425689689344,2.6023728879450148,2.2955290836598374,2.6023728879450148,1.3011864439725074,2.6023728879450148,4.750509745263547,2.6023728879450148,3.4188081090044524,2.6023728879450148,1.7280020520739032,2.6023728879450148,1.3011864439725074,2.6023728879450148,2.5680105552153583,2.6023728879450148,1.636120658832536,2.6023728879450148,1.3011864439725074,2.6023728879450148,1.4557331781437852,2.6023728879450148,4.815792568699544,2.6023728879450148,2.2955290836598374,2.6023728879450148,3.8917425689689344,2.6023728879450148,1.636120658832536,2.6023728879450148,2.5680105552153583,2.6023728879450148,1.7280020520739032,2.6023728879450148,1.3011864439725074,2.6023728879450148,3.032846239879652,2.6023728879450148,1.9869594127504815,2.6023728879450148,1.5607459030295932,2.6023728879450148,1.3011864439725074,2.6023728879450148,3.4188081090044524,2.6023728879450148,4.750509745263547,2.6023728879450148,3.3754042906383863,2.6023728879450148,1.4857947526104964,2.6023728879450148,1.3011864439725074,2.6023728879450148,2.3651183972148506
nilson_angulo,MID,Sunderland,,84.05040681242993,2.401440194640855,84.87721475859257,2.4250632788169306,35,2.4014401946408537,1.3040746327161097,2.4014401946408537,1.9096802860283417,2.4014401946408537,2.2143266336529592,2.4014401946408537,2.287007545794955,2.4014401946408537,1.6616285856268131,2.4014401946408537,2.761516950726667,2.4014401946408537,3.1202795400673815,2.4014401946408537,3.0128827061621526,2.4014401946408537,2.6712340563477777,2.4014401946408537,2.761334496122563,2.4014401946408537,2.7678364498707873,2.4014401946408537,2.6938781690194866,2.4014401946408537,3.576247164077504,2.4014401946408537,2.3009830970687517,2.4014401946408537,1.8887429941243306,2.4014401946408537,1.4918527544022187,2.4014401946408537,2.761334496122563,2.4014401946408537,3.1202795400673815,2.4014401946408537,2.761516950726667,2.4014401946408537,2.6712340563477777,2.4014401946408537,3.0128827061621526,2.4014401946408537,1.4918527544022187,2.4014401946408537,2.3009830970687517,2.4014401946408537,3.576247164077504,2.4014401946408537,1.8887429941243306,2.4014401946408537,1.5335165063938652,2.4014401946408537,1.3040746327161097,2.4014401946408537,3.407555621021335,2.4014401946408537,3.089130507559788,2.4014401946408537,2.6938781690194866,2.4014401946408537,2.7678364498707873,2.4014401946408537,2.2143266336529592,2.4014401946408537,2.287007545794955,2.4014401946408537,1.6616285856268131,2.4014401946408537,1.9096802860283417
regan_slater,MID,Hull City,,100.33609391950014,2.866745540557147,84.74424242720804,2.4212640693488012,35,2.8667455405571456,3.042641342539314,2.8667455405571456,2.698967673768819,2.8667455405571456,2.243730476620806,2.8667455405571456,3.0122673542889986,2.8667455405571456,1.4953598425734858,2.8667455405571456,3.322769475102172,2.8667455405571456,1.4333727702785728,2.8667455405571456,2.1592301827203944,2.8667455405571456,3.487263667513012,2.8667455405571456,2.62684960868788,2.8667455405571456,2.230102662335451,2.8667455405571456,2.604768922488024,2.8667455405571456,1.8621639871332356,2.8667455405571456,2.692627500387687,2.8667455405571456,1.6202842616030775,2.8667455405571456,2.1034865834739285,2.8667455405571456,2.62684960868788,2.8667455405571456,1.4333727702785728,2.8667455405571456,3.322769475102172,2.8667455405571456,3.487263667513012,2.8667455405571456,2.1592301827203944,2.8667455405571456,2.1034865834739285,2.8667455405571456,2.692627500387687,2.8667455405571456,1.8621639871332356,2.8667455405571456,1.6202842616030775,2.8667455405571456,2.9379167360731824,2.8667455405571456,3.042641342539314,2.8667455405571456,1.8417476529138401,2.8667455405571456,2.692805415191298,2.8667455405571456,2.604768922488024,2.8667455405571456,2.230102662335451,2.8667455405571456,2.243730476620806,2.8667455405571456,3.0122673542889986,2.8667455405571456,1.4953598425734858,2.8667455405571456,2.698967673768819
alex_iwobi,MID,Fulham,,105.55590006188677,3.0158828589110507,83.92072234926789,2.397734924264797,35,3.0158828589110485,2.8072470137628707,3.0158828589110485,1.9201469932260355,3.0158828589110485,3.464212812600318,3.0158828589110485,1.5166576869445865,3.0158828589110485,2.807432502027054,3.0158828589110485,3.0629776984889014,3.0158828589110485,2.8138570750462666,3.0158828589110485,1.9414324080341108,3.0158828589110485,2.3250334620456914,3.0158828589110485,2.71564848020902,3.0158828589110485,2.339241383843701,3.0158828589110485,1.5590141792583359,3.0158828589110485,1.6892563691700075,3.0158828589110485,2.2511440894055132,3.0158828589110485,1.5079414294555242,3.0158828589110485,2.738669094975621,3.0158828589110485,2.71564848020902,3.0158828589110485,2.8138570750462666,3.0158828589110485,3.0629776984889014,3.0158828589110485,2.3250334620456914,3.0158828589110485,1.9414324080341108,3.0158828589110485,2.738669094975621,3.0158828589110485,1.5079414294555242,3.0158828589110485,1.6892563691700075,3.0158828589110485,2.2511440894055132,3.0158828589110485,3.6357091782729465,3.0158828589110485,2.8072470137628707,3.0158828589110485,3.172160212121853,3.0158828589110485,2.193027601885979,3.0158828589110485,1.5590141792583359,3.0158828589110485,2.339241383843701,3.0158828589110485,3.464212812600318,3.0158828589110485,1.5166576869445865,3.0158828589110485,2.807432502027054,3.0158828589110485,1.9201469932260355
nicolas_jackson,FWD,Aston Villa,14969.0,101.12629564428997,2.889322732693999,82.59849562517194,2.3599570178620555,35,2.8893227326940014,1.695516146040272,2.8893227326940014,2.0868621696641325,2.8893227326940014,2.454233960324021,2.8893227326940014,1.4446613663470007,2.8893227326940014,1.575260768431512,2.8893227326940014,3.6791592188586297,2.8893227326940014,1.8316640345178283,2.8893227326940014,2.09547162050403,2.8893227326940014,4.312179052494312,2.8893227326940014,4.377312926051681,2.8893227326940014,3.506175345689889,2.8893227326940014,2.2543557347911736,2.8893227326940014,3.042973155258351,2.8893227326940014,1.4446613663470007,2.8893227326940014,1.4446613663470007,2.8893227326940014,1.4446613663470007,2.8893227326940014,4.377312926051681,2.8893227326940014,1.8316640345178283,2.8893227326940014,3.6791592188586297,2.8893227326940014,4.312179052494312,2.8893227326940014,2.09547162050403,2.8893227326940014,1.4446613663470007,2.8893227326940014,1.4446613663470007,2.8893227326940014,3.042973155258351,2.8893227326940014,1.4446613663470007,2.8893227326940014,1.4446613663470007,2.8893227326940014,1.695516146040272,2.8893227326940014,2.3295536964502896,2.8893227326940014,1.4446613663470007,2.8893227326940014,2.2543557347911736,2.8893227326940014,3.506175345689889,2.8893227326940014,2.454233960324021,2.8893227326940014,1.4446613663470007,2.8893227326940014,1.575260768431512,2.8893227326940014,2.0868621696641325
bobby_thomas,DEF,Coventry City,,100.82113492882165,2.88060385510919,82.40048939571338,2.3542996970203824,35,2.8806038551091913,1.465312668094087,2.8806038551091913,3.3288734250282888,2.8806038551091913,1.4403019275545956,2.8806038551091913,4.749405559166566,2.8806038551091913,2.9910376301094614,2.8806038551091913,1.7041810741003829,2.8806038551091913,1.539230596532295,2.8806038551091913,2.034092794835226,2.8806038551091913,2.3325145972499106,2.8806038551091913,1.9595686371732173,2.8806038551091913,3.371678909960651,2.8806038551091913,4.685022677196062,2.8806038551091913,2.532609831704564,2.8806038551091913,1.4403019275545956,2.8806038551091913,1.6135662908389934,2.8806038551091913,1.4403019275545956,2.8806038551091913,1.9595686371732173,2.8806038551091913,1.539230596532295,2.8806038551091913,1.7041810741003829,2.8806038551091913,2.3325145972499106,2.8806038551091913,2.034092794835226,2.8806038551091913,1.4403019275545956,2.8806038551091913,1.6135662908389934,2.8806038551091913,2.532609831704564,2.8806038551091913,1.4403019275545956,2.8806038551091913,1.4403019275545956,2.8806038551091913,1.465312668094087,2.8806038551091913,1.4403019275545956,2.8806038551091913,2.263884591297222,2.8806038551091913,4.685022677196062,2.8806038551091913,3.371678909960651,2.8806038551091913,1.4403019275545956,2.8806038551091913,4.749405559166566,2.8806038551091913,2.9910376301094614,2.8806038551091913,3.3288734250282888
abdul_fatawu,MID,Ipswich Town,,102.16751208570616,2.919071773877319,82.38835645707361,2.3539530416306746,35,2.9190717738773175,3.5090437416414018,2.9190717738773175,2.2577439326609055,2.9190717738773175,3.031080788696651,2.9190717738773175,1.8737943293000225,2.9190717738773175,2.643255875794765,2.9190717738773175,1.4638184474131446,2.9190717738773175,2.244031004419841,2.9190717738773175,2.6210372823334884,2.9190717738773175,2.9562658058297417,2.9190717738773175,2.709623616264698,2.9190717738773175,1.6304039183573218,2.9190717738773175,2.715824361880027,2.9190717738773175,2.1727158832362505,2.9190717738773175,1.504699270653811,2.9190717738773175,3.0616444809036327,2.9190717738773175,1.4595358869386588,2.9190717738773175,2.709623616264698,2.9190717738773175,2.244031004419841,2.9190717738773175,1.4638184474131446,2.9190717738773175,2.9562658058297417,2.9190717738773175,2.6210372823334884,2.9190717738773175,1.4595358869386588,2.9190717738773175,3.0616444809036327,2.9190717738773175,2.1727158832362505,2.9190717738773175,1.504699270653811,2.9190717738773175,2.709444590275361,2.9190717738773175,3.5090437416414018,2.9190717738773175,2.1166241314439698,2.9190717738773175,1.8532504827055605,2.9190717738773175,2.715824361880027,2.9190717738773175,1.6304039183573218,2.9190717738773175,3.031080788696651,2.9190717738773175,1.8737943293000225,2.9190717738773175,2.643255875794765,2.9190717738773175,2.2577439326609055
omar_marmoush,FWD,Spurs,14972.0,106.752132118318,3.0500609176662286,82.10844348741365,2.3459555282118187,35,3.0500609176662272,4.386121804455916,3.0500609176662272,1.5250304588331136,3.0500609176662272,1.8353500642877016,3.0500609176662272,2.258892386815633,3.0500609176662272,3.0490968162725065,3.0500609176662272,3.5132311520272186,3.0500609176662272,1.5250304588331136,3.0500609176662272,4.3208568558801845,3.0500609176662272,2.0996885350852756,3.0500609176662272,3.6865631369097835,3.0500609176662272,1.5250304588331136,3.0500609176662272,1.5250304588331136,3.0500609176662272,1.5250304588331136,3.0500609176662272,1.5250304588331136,3.0500609176662272,2.3342416764039355,3.0500609176662272,1.5784308137991825,3.0500609176662272,3.6865631369097835,3.0500609176662272,1.5250304588331136,3.0500609176662272,3.5132311520272186,3.0500609176662272,2.0996885350852756,3.0500609176662272,4.3208568558801845,3.0500609176662272,1.5784308137991825,3.0500609176662272,2.3342416764039355,3.0500609176662272,1.5250304588331136,3.0500609176662272,1.5250304588331136,3.0500609176662272,1.6989281926120388,3.0500609176662272,4.386121804455916,3.0500609176662272,2.459172846096471,3.0500609176662272,1.5250304588331136,3.0500609176662272,1.5250304588331136,3.0500609176662272,1.5250304588331136,3.0500609176662272,3.0490968162725065,3.0500609176662272,2.258892386815633,3.0500609176662272,1.8353500642877016,3.0500609176662272,1.5250304588331136
dean_henderson,GK,Crystal Palace,15210.0,102.85290340666239,2.938654383047497,81.68370794359808,2.3338202269599453,35,2.938654383047499,2.394459126927592,2.938654383047499,1.5237467171357406,2.938654383047499,3.2651715367194436,2.938654383047499,1.4693271915237496,2.938654383047499,1.4693271915237496,2.938654383047499,4.353562048959258,2.938654383047499,1.4693271915237496,2.938654383047499,5.006596356303147,2.938654383047499,2.8298153318235175,2.938654383047499,1.4693271915237496,2.938654383047499,3.918205844063332,2.938654383047499,2.8298153318235175,2.938654383047499,1.5237467171357406,2.938654383047499,1.4693271915237496,2.938654383047499,1.7414248195837032,2.938654383047499,1.5237467171357406,2.938654383047499,1.4693271915237496,2.938654383047499,1.4693271915237496,2.938654383047499,4.353562048959258,2.938654383047499,2.8298153318235175,2.938654383047499,5.006596356303147,2.938654383047499,1.5237467171357406,2.938654383047499,1.7414248195837032,2.938654383047499,1.5237467171357406,2.938654383047499,1.4693271915237496,2.938654383047499,2.176781024479629,2.938654383047499,2.394459126927592,2.938654383047499,1.5237467171357406,2.938654383047499,1.4693271915237496,2.938654383047499,2.8298153318235175,2.938654383047499,3.918205844063332,2.938654383047499,3.2651715367194436,2.938654383047499,1.4693271915237496,2.938654383047499,1.4693271915237496,2.938654383047499,1.5237467171357406
ola_aina,DEF,Nott'm Forest,,72.9060287246361,2.08302939213246,81.62321609884411,2.332091888538403,35,2.0830293921324614,4.166058784264923,2.0830293921324614,4.166058784264923,2.0830293921324614,2.2542075176850833,2.0830293921324614,1.2511309723054411,2.0830293921324614,2.1716188978947764,2.0830293921324614,1.7881746950424349,2.0830293921324614,1.1060486346952951,2.0830293921324614,2.8066704412342447,2.0830293921324614,1.1107452989368385,2.0830293921324614,2.5088657104687373,2.0830293921324614,1.6238781438899155,2.0830293921324614,1.8885951508642524,2.0830293921324614,1.7057949327405515,2.0830293921324614,3.736537470341529,2.0830293921324614,1.0415146960662307,2.0830293921324614,3.3147059606087925,2.0830293921324614,2.5088657104687373,2.0830293921324614,1.1060486346952951,2.0830293921324614,2.8066704412342447,2.0830293921324614,1.1107452989368385,2.0830293921324614,1.7881746950424349,2.0830293921324614,3.3147059606087925,2.0830293921324614,3.736537470341529,2.0830293921324614,1.7057949327405515,2.0830293921324614,1.0415146960662307,2.0830293921324614,4.166058784264923,2.0830293921324614,4.166058784264923,2.0830293921324614,2.5849223563357,2.0830293921324614,1.591022775635557,2.0830293921324614,1.8885951508642524,2.0830293921324614,1.6238781438899155,2.0830293921324614,2.2542075176850833,2.0830293921324614,1.2511309723054411,2.0830293921324614,2.1716188978947764,2.0830293921324614,4.166058784264923
anan_khalaili,DEF,Crystal Palace,,86.55532527307112,2.4730092935163177,81.01123464486422,2.3146067041389777,35,2.473009293516319,1.8881879366072964,2.473009293516319,2.2475486905327493,2.473009293516319,3.2076134126632354,2.473009293516319,1.4119361020414896,2.473009293516319,1.2365046467581595,2.473009293516319,4.5764001896919675,2.473009293516319,1.3833688842617904,2.473009293516319,3.6982845869690752,2.473009293516319,2.1814186520789343,2.473009293516319,1.2365046467581595,2.473009293516319,4.514362566332122,2.473009293516319,3.248859633253143,2.473009293516319,1.6421033103248055,2.473009293516319,1.2365046467581595,2.473009293516319,2.4403551075689527,2.473009293516319,1.5547893283663794,2.473009293516319,1.2365046467581595,2.473009293516319,1.3833688842617904,2.473009293516319,4.5764001896919675,2.473009293516319,2.1814186520789343,2.473009293516319,3.6982845869690752,2.473009293516319,1.5547893283663794,2.473009293516319,2.4403551075689527,2.473009293516319,1.6421033103248055,2.473009293516319,1.2365046467581595,2.473009293516319,2.8820838749788247,2.473009293516319,1.8881879366072964,2.473009293516319,1.483161441194378,2.473009293516319,1.2365046467581595,2.473009293516319,3.248859633253143,2.473009293516319,4.514362566332122,2.473009293516319,3.2076134126632354,2.473009293516319,1.4119361020414896,2.473009293516319,1.2365046467581595,2.473009293516319,2.2475486905327493
bradley_barcola,MID,Liverpool,79641.0,71.38671208674319,2.0396203453355195,80.71670692187863,2.3061916263393893,35,2.039620345335518,3.010322897035005,2.039620345335518,2.2286631024329226,2.039620345335518,1.8609619363697962,2.039620345335518,1.494394568595038,2.039620345335518,2.1578363719134432,2.039620345335518,1.270806046135246,2.039620345335518,3.485012594039991,2.039620345335518,1.84055878115628,2.039620345335518,2.2422821197891785,2.039620345335518,2.1021287558760258,2.039620345335518,3.0406772784859095,2.039620345335518,1.619238347308146,2.039620345335518,2.6030875107039413,2.039620345335518,1.4537937113991677,2.039620345335518,2.9360202730978915,2.039620345335518,2.6910671747208075,2.039620345335518,2.1021287558760258,2.039620345335518,3.485012594039991,2.039620345335518,1.84055878115628,2.039620345335518,2.2422821197891785,2.039620345335518,1.270806046135246,2.039620345335518,2.6910671747208075,2.039620345335518,1.4537937113991677,2.039620345335518,2.6030875107039413,2.039620345335518,2.9360202730978915,2.039620345335518,3.32062458474242,2.039620345335518,3.010322897035005,2.039620345335518,2.6972254554812944,2.039620345335518,2.6251539435373443,2.039620345335518,1.619238347308146,2.039620345335518,3.0406772784859095,2.039620345335518,1.8609619363697962,2.039620345335518,1.494394568595038,2.039620345335518,2.1578363719134432,2.039620345335518,2.2286631024329226
xaver_schlager,MID,Nott'm Forest,,85.70595702064372,2.4487416291612494,80.52332813666877,2.3006665181905364,35,2.448741629161251,2.862968583338312,2.448741629161251,2.6241102105025504,2.448741629161251,3.398301319884035,2.448741629161251,1.2391868744702907,2.448741629161251,3.238003480523447,2.448741629161251,1.4572122475451161,2.448741629161251,1.8146589815585776,2.448741629161251,2.1732113036053318,2.448741629161251,2.9650215974804843,2.448741629161251,1.4176215881503378,2.448741629161251,2.1041468267024244,2.448741629161251,2.0498252826622947,2.448741629161251,2.186491463549786,2.448741629161251,1.7947634812064506,2.448741629161251,2.63011526588524,2.448741629161251,2.935422469280694,2.448741629161251,1.4176215881503378,2.448741629161251,1.8146589815585776,2.448741629161251,2.1732113036053318,2.448741629161251,2.9650215974804843,2.448741629161251,1.4572122475451161,2.448741629161251,2.935422469280694,2.448741629161251,1.7947634812064506,2.448741629161251,2.186491463549786,2.448741629161251,2.63011526588524,2.448741629161251,2.538319585566852,2.448741629161251,2.862968583338312,2.448741629161251,1.5789497639907155,2.448741629161251,2.6239368344204457,2.448741629161251,2.0498252826622947,2.448741629161251,2.1041468267024244,2.448741629161251,3.398301319884035,2.448741629161251,1.2391868744702907,2.448741629161251,3.238003480523447,2.448741629161251,2.6241102105025504
timothy_castagne,DEF,Fulham,,106.14826686585228,3.0328076247386364,80.44387979269703,2.2983965655056293,35,3.032807624738634,1.516403812369317,3.032807624738634,3.144739237265513,3.032807624738634,1.8276747418707915,3.032807624738634,2.111507914309746,3.032807624738634,3.57976088969115,3.032807624738634,4.369684965235648,3.032807624738634,1.516403812369317,3.032807624738634,1.516403812369317,3.032807624738634,2.362145899159389,3.032807624738634,4.429734388845574,3.032807624738634,1.516403812369317,3.032807624738634,1.516403812369317,3.032807624738634,2.175518598107542,3.032807624738634,1.516403812369317,3.032807624738634,1.516403812369317,3.032807624738634,3.10481488751818,3.032807624738634,4.429734388845574,3.032807624738634,1.516403812369317,3.032807624738634,4.369684965235648,3.032807624738634,2.362145899159389,3.032807624738634,1.516403812369317,3.032807624738634,3.10481488751818,3.032807624738634,1.516403812369317,3.032807624738634,2.175518598107542,3.032807624738634,1.516403812369317,3.032807624738634,1.8971828560721569,3.032807624738634,1.516403812369317,3.032807624738634,1.516403812369317,3.032807624738634,1.589476707078049,3.032807624738634,1.516403812369317,3.032807624738634,1.516403812369317,3.032807624738634,1.8276747418707915,3.032807624738634,2.111507914309746,3.032807624738634,3.57976088969115,3.032807624738634,3.144739237265513
yeremy_pino_santos,MID,Crystal Palace,,109.01248899629094,3.1146425427511697,80.42234080648528,2.2977811658995795,35,3.1146425427511693,3.26813935332314,3.1146425427511693,1.5936449394378518,3.1146425427511693,2.5836612036260425,3.1146425427511693,2.123729974621441,3.1146425427511693,2.654593565423211,3.1146425427511693,2.561943549103557,3.1146425427511693,2.64835763172723,3.1146425427511693,2.6485326214084512,3.1146425427511693,1.5573212713755846,3.1146425427511693,2.992616846913499,3.1146425427511693,2.8896140324787964,3.1146425427511693,1.8114672198838495,3.1146425427511693,2.0689028637555427,3.1146425427511693,1.5573212713755846,3.1146425427511693,2.1934372297991223,3.1146425427511693,1.5573212713755846,3.1146425427511693,2.992616846913499,3.1146425427511693,2.64835763172723,3.1146425427511693,2.561943549103557,3.1146425427511693,1.5573212713755846,3.1146425427511693,2.6485326214084512,3.1146425427511693,1.5573212713755846,3.1146425427511693,2.1934372297991223,3.1146425427511693,2.0689028637555427,3.1146425427511693,1.5573212713755846,3.1146425427511693,2.962742241689741,3.1146425427511693,3.26813935332314,3.1146425427511693,2.2068409872669434,3.1146425427511693,1.8315478862716228,3.1146425427511693,1.8114672198838495,3.1146425427511693,2.8896140324787964,3.1146425427511693,2.5836612036260425,3.1146425427511693,2.123729974621441,3.1146425427511693,2.654593565423211,3.1146425427511693,1.5936449394378518
nico_gonzalez_iglesias,MID,Newcastle,,74.4628377479342,2.1275096499409774,80.21721336285037,2.291920381795725,35,2.1275096499409782,1.5874334546371476,2.1275096499409782,1.4252384631655215,2.1275096499409782,2.638209543968221,2.1275096499409782,2.878351301867689,2.1275096499409782,3.416560379024961,2.1275096499409782,2.198239473271728,2.1275096499409782,2.951194482243932,2.1275096499409782,1.2458450204961367,2.1275096499409782,2.1154523990262057,2.1275096499409782,1.8044067380758682,2.1275096499409782,2.0608389855513525,2.1275096499409782,3.2554012600268316,2.1275096499409782,1.4650418430118641,2.1275096499409782,1.8244091368702973,2.1275096499409782,2.5735909728617465,2.1275096499409782,2.9809526464388996,2.1275096499409782,1.8044067380758682,2.1275096499409782,2.951194482243932,2.1275096499409782,1.2458450204961367,2.1275096499409782,2.1154523990262057,2.1275096499409782,2.198239473271728,2.1275096499409782,2.9809526464388996,2.1275096499409782,1.8244091368702973,2.1275096499409782,1.4650418430118641,2.1275096499409782,2.5735909728617465,2.1275096499409782,2.1848879590820194,2.1275096499409782,1.5874334546371476,2.1275096499409782,2.638035236337134,2.1275096499409782,2.5519579663544087,2.1275096499409782,3.2554012600268316,2.1275096499409782,2.0608389855513525,2.1275096499409782,2.638209543968221,2.1275096499409782,2.878351301867689,2.1275096499409782,3.416560379024961,2.1275096499409782,1.4252384631655215
igor_thiago_nascimento_rodrigues,FWD,Brentford,79641.0,122.09655779526699,3.488473079864771,79.4396701693086,2.269704861980246,35,3.488473079864768,1.744236539932384,3.488473079864768,2.7524680944546125,3.488473079864768,1.744236539932384,3.488473079864768,1.744236539932384,3.488473079864768,1.744236539932384,3.488473079864768,1.744236539932384,3.488473079864768,2.1071570127781296,3.488473079864768,3.9594217739256052,3.488473079864768,1.744236539932384,3.488473079864768,1.744236539932384,3.488473079864768,1.744236539932384,3.488473079864768,3.3279190606159528,3.488473079864768,1.744236539932384,3.488473079864768,3.900506068893802,3.488473079864768,2.0391380130452306,3.488473079864768,3.1714495265586544,3.488473079864768,1.744236539932384,3.488473079864768,2.1071570127781296,3.488473079864768,3.9594217739256052,3.488473079864768,1.744236539932384,3.488473079864768,1.744236539932384,3.488473079864768,3.1714495265586544,3.488473079864768,2.0391380130452306,3.488473079864768,1.744236539932384,3.488473079864768,3.900506068893802,3.488473079864768,1.895422169040713,3.488473079864768,1.744236539932384,3.488473079864768,1.8876346410085831,3.488473079864768,1.744236539932384,3.488473079864768,3.3279190606159528,3.488473079864768,1.744236539932384,3.488473079864768,1.744236539932384,3.488473079864768,1.744236539932384,3.488473079864768,1.744236539932384,3.488473079864768,2.7524680944546125
senne_lammens,GK,Man Utd,14970.0,103.0891397418577,2.9454039926245055,78.10775032293132,2.2316500092266094,35,2.9454039926245046,1.4727019963122523,2.9454039926245046,2.1817807352774112,2.9454039926245046,4.3635614705548225,2.9454039926245046,1.5272465146941878,2.9454039926245046,1.7454245882219286,2.9454039926245046,1.4727019963122523,2.9454039926245046,3.927205323499339,2.9454039926245046,1.4727019963122523,2.9454039926245046,1.5272465146941878,2.9454039926245046,1.4727019963122523,2.9454039926245046,5.018095691138045,2.9454039926245046,1.7454245882219286,2.9454039926245046,1.4727019963122523,2.9454039926245046,3.2726711029161164,2.9454039926245046,1.5272465146941878,2.9454039926245046,1.4727019963122523,2.9454039926245046,1.4727019963122523,2.9454039926245046,3.927205323499339,2.9454039926245046,1.4727019963122523,2.9454039926245046,1.5272465146941878,2.9454039926245046,1.4727019963122523,2.9454039926245046,1.4727019963122523,2.9454039926245046,3.2726711029161164,2.9454039926245046,1.4727019963122523,2.9454039926245046,1.5272465146941878,2.9454039926245046,1.5272465146941878,2.9454039926245046,1.4727019963122523,2.9454039926245046,2.836314955860634,2.9454039926245046,2.3999588088051516,2.9454039926245046,1.7454245882219286,2.9454039926245046,5.018095691138045,2.9454039926245046,1.7454245882219286,2.9454039926245046,1.5272465146941878,2.9454039926245046,4.3635614705548225,2.9454039926245046,2.1817807352774112
merlin_rohl,MID,Everton,,84.19272729118757,2.4055064940339306,77.24313497825229,2.206946713664351,35,2.405506494033932,2.4302179916138673,2.405506494033932,3.1001038482390726,2.405506494033932,1.357248121321105,2.405506494033932,2.8387476788552677,2.405506494033932,1.202753247016966,2.405506494033932,2.518104290538029,2.405506494033932,2.5123549776009857,2.405506494033932,1.3951526993372576,2.405506494033932,2.5121889852348387,2.405506494033932,2.7410408839831994,2.405506494033932,2.8104091141228236,2.405506494033932,2.0145357205316268,2.405506494033932,2.4508190055490364,2.405506494033932,1.962527614692942,2.405506494033932,1.7373765426162908,2.405506494033932,1.511705675724751,2.405506494033932,2.7410408839831994,2.405506494033932,2.5123549776009857,2.405506494033932,1.3951526993372576,2.405506494033932,2.5121889852348387,2.405506494033932,2.518104290538029,2.405506494033932,1.511705675724751,2.405506494033932,1.962527614692942,2.405506494033932,2.4508190055490364,2.405506494033932,1.7373765426162908,2.405506494033932,1.7183283490070917,2.405506494033932,2.4302179916138673,2.405506494033932,3.2535749459865753,2.405506494033932,2.080658889302499,2.405506494033932,2.0145357205316268,2.405506494033932,2.8104091141228236,2.405506494033932,1.357248121321105,2.405506494033932,2.8387476788552677,2.405506494033932,1.202753247016966,2.405506494033932,3.1001038482390726
maxence_lacroix,DEF,Chelsea,14974.0,107.77801792944146,3.0793719408411846,76.87885353856619,2.1965386725304628,35,3.0793719408411846,1.9214574547307846,3.0793719408411846,1.5396859704205923,3.0793719408411846,2.1495362704265712,3.0793719408411846,1.5396859704205923,3.0793719408411846,4.031027355493989,3.0793719408411846,2.8616907422786118,3.0793719408411846,1.5396859704205923,3.0793719408411846,1.9797067299204048,3.0793719408411846,2.825359862850026,3.0793719408411846,1.7264231486335473,3.0793719408411846,1.5396859704205923,3.0793719408411846,1.5396859704205923,3.0793719408411846,3.976382799408914,3.0793719408411846,3.2575574076876266,3.0793719408411846,1.663171250172086,3.0793719408411846,1.5396859704205923,3.0793719408411846,1.7264231486335473,3.0793719408411846,1.5396859704205923,3.0793719408411846,1.9797067299204048,3.0793719408411846,2.825359862850026,3.0793719408411846,2.8616907422786118,3.0793719408411846,1.5396859704205923,3.0793719408411846,1.663171250172086,3.0793719408411846,3.976382799408914,3.0793719408411846,3.2575574076876266,3.0793719408411846,1.5396859704205923,3.0793719408411846,1.9214574547307846,3.0793719408411846,2.5386239094727725,3.0793719408411846,1.5396859704205923,3.0793719408411846,1.5396859704205923,3.0793719408411846,1.5396859704205923,3.0793719408411846,4.031027355493989,3.0793719408411846,1.5396859704205923,3.0793719408411846,2.1495362704265712,3.0793719408411846,1.5396859704205923
jaydee_canvot,DEF,Crystal Palace,,81.45156956440428,2.3271877018401224,76.23438758224316,2.1781253594926615,35,2.3271877018401224,1.7768504778190315,2.3271877018401224,2.1150214378926147,2.3271877018401224,3.018475711263253,2.3271877018401224,1.3286809479728918,2.3271877018401224,1.1635938509200612,2.3271877018401224,4.306551644618667,2.3271877018401224,1.3017982031053317,2.3271877018401224,3.4802143409909165,2.3271877018401224,2.052790773165468,2.3271877018401224,1.1635938509200612,2.3271877018401224,4.248172084738751,2.3271877018401224,3.057289838470893,2.3271877018401224,1.5452762910992368,2.3271877018401224,1.1635938509200612,2.3271877018401224,2.2964589778723044,2.3271877018401224,1.4631107992245906,2.3271877018401224,1.1635938509200612,2.3271877018401224,1.3017982031053317,2.3271877018401224,4.306551644618667,2.3271877018401224,2.052790773165468,2.3271877018401224,3.4802143409909165,2.3271877018401224,1.4631107992245906,2.3271877018401224,2.2964589778723044,2.3271877018401224,1.5452762910992368,2.3271877018401224,1.1635938509200612,2.3271877018401224,2.712141101574953,2.3271877018401224,1.7768504778190315,2.3271877018401224,1.3957064677598843,2.3271877018401224,1.1635938509200612,2.3271877018401224,3.057289838470893,2.3271877018401224,4.248172084738751,2.3271877018401224,3.018475711263253,2.3271877018401224,1.3286809479728918,2.3271877018401224,1.1635938509200612,2.3271877018401224,2.1150214378926147
ronald_araujo,DEF,Liverpool,,80.10524961726288,2.2887214176360824,75.8141008937624,2.1661171683932117,35,2.288721417636081,2.685076676250081,2.288721417636081,2.273542639750308,2.288721417636081,1.1443607088180405,2.288721417636081,1.4485104331357344,2.288721417636081,1.3154220558466265,2.288721417636081,1.1443607088180405,2.288721417636081,1.8260201963893476,2.288721417636081,3.0267811778109683,2.288721417636081,1.3817787287310435,2.288721417636081,1.529855996497874,2.288721417636081,1.1443607088180405,2.288721417636081,2.093915662926442,2.288721417636081,4.2635766145489535,2.288721417636081,2.032305997297553,2.288721417636081,4.205779623635657,2.288721417636081,3.445485321511952,2.288721417636081,1.529855996497874,2.288721417636081,1.8260201963893476,2.288721417636081,3.0267811778109683,2.288721417636081,1.3817787287310435,2.288721417636081,1.1443607088180405,2.288721417636081,3.445485321511952,2.288721417636081,2.032305997297553,2.288721417636081,4.2635766145489535,2.288721417636081,4.205779623635657,2.288721417636081,1.7591193070320574,2.288721417636081,2.685076676250081,2.288721417636081,1.1443607088180405,2.288721417636081,2.9883543763389806,2.288721417636081,2.093915662926442,2.288721417636081,1.1443607088180405,2.288721417636081,1.1443607088180405,2.288721417636081,1.4485104331357344,2.288721417636081,1.3154220558466265,2.288721417636081,2.273542639750308
daichi_kamada,MID,Crystal Palace,,102.06540026190825,2.9161542931973785,75.29722951920486,2.1513494148344248,35,2.9161542931973763,3.0598691423325755,2.9161542931973763,1.4920859996566356,2.9161542931973763,2.419011044672393,2.9161542931973763,1.9883900634112164,2.9161542931973763,2.4854230674140885,2.9161542931973763,2.398677401050489,2.9161542931973763,2.4795845339162548,2.9161542931973763,2.4797483719500435,2.9161542931973763,1.4580771465986881,2.9161542931973763,2.8019049846770154,2.9161542931973763,2.705466277697867,2.9161542931973763,1.6960270200331065,2.9161542931973763,1.93705694491025,2.9161542931973763,1.4580771465986881,2.9161542931973763,2.053655052463169,2.9161542931973763,1.4580771465986881,2.9161542931973763,2.8019049846770154,2.9161542931973763,2.4795845339162548,2.9161542931973763,2.398677401050489,2.9161542931973763,1.4580771465986881,2.9161542931973763,2.4797483719500435,2.9161542931973763,1.4580771465986881,2.9161542931973763,2.053655052463169,2.9161542931973763,1.93705694491025,2.9161542931973763,1.4580771465986881,2.9161542931973763,2.7739342120811057,2.9161542931973763,3.0598691423325755,2.9161542931973763,2.066204622549705,2.9161542931973763,1.7148279966117046,2.9161542931973763,1.6960270200331065,2.9161542931973763,2.705466277697867,2.9161542931973763,2.419011044672393,2.9161542931973763,1.9883900634112164,2.9161542931973763,2.4854230674140885,2.9161542931973763,1.4920859996566356
leif_davis,DEF,Ipswich Town,,98.86882906085005,2.8248236874528585,75.22007156281458,2.149144901794702,35,2.824823687452857,1.7561167241959215,2.824823687452857,1.4124118437264286,2.824823687452857,2.582286913493567,2.824823687452857,1.4124118437264286,2.824823687452857,2.873954575360014,2.824823687452857,1.954505518391825,2.824823687452857,2.186507170475319,2.824823687452857,4.10035891854045,2.824823687452857,4.044774504659522,2.824823687452857,3.3135856920109137,2.824823687452857,2.0137566506613074,2.824823687452857,1.4124118437264286,2.824823687452857,1.4124118437264286,2.824823687452857,1.4124118437264286,2.824823687452857,1.4124118437264286,2.824823687452857,1.4124118437264286,2.824823687452857,3.3135856920109137,2.824823687452857,2.186507170475319,2.824823687452857,1.954505518391825,2.824823687452857,4.044774504659522,2.824823687452857,4.10035891854045,2.824823687452857,1.4124118437264286,2.824823687452857,1.4124118437264286,2.824823687452857,1.4124118437264286,2.824823687452857,1.4124118437264286,2.824823687452857,1.4124118437264286,2.824823687452857,1.7561167241959215,2.824823687452857,1.471290244419887,2.824823687452857,2.9109103269205647,2.824823687452857,1.4124118437264286,2.824823687452857,2.0137566506613074,2.824823687452857,2.582286913493567,2.824823687452857,1.4124118437264286,2.824823687452857,2.873954575360014,2.824823687452857,1.4124118437264286
ainsley_maitland_niles,DEF,Everton,,51.74857283205486,1.4785306523444246,74.73366213593334,2.1352474895980955,35,1.4785306523444242,2.9570613046888483,1.4785306523444242,2.1940604740442486,1.4785306523444242,2.534792405500202,1.4785306523444242,1.1222237748484838,1.4785306523444242,1.2640601980619373,1.4785306523444242,0.7392653261722121,1.4785306523444242,2.9570613046888483,1.4785306523444242,1.8066537470649864,1.4785306523444242,1.6074644536894653,1.4785306523444242,2.9570613046888483,1.4785306523444242,2.9570613046888483,1.4785306523444242,1.6406593503248463,1.4785306523444242,2.9570613046888483,1.4785306523444242,1.9081119509504603,1.4785306523444242,1.117478575134935,1.4785306523444242,2.6116350230731356,1.4785306523444242,2.9570613046888483,1.4785306523444242,2.9570613046888483,1.4785306523444242,1.8066537470649864,1.4785306523444242,1.6074644536894653,1.4785306523444242,0.7392653261722121,1.4785306523444242,2.6116350230731356,1.4785306523444242,1.9081119509504603,1.4785306523444242,2.9570613046888483,1.4785306523444242,1.117478575134935,1.4785306523444242,2.9570613046888483,1.4785306523444242,2.9570613046888483,1.4785306523444242,2.2775025671589493,1.4785306523444242,2.835674659467237,1.4785306523444242,1.6406593503248463,1.4785306523444242,2.9570613046888483,1.4785306523444242,2.534792405500202,1.4785306523444242,1.1222237748484838,1.4785306523444242,1.2640601980619373,1.4785306523444242,2.1940604740442486
victor_lindelof,DEF,Aston Villa,,86.10109770904859,2.460031363115674,74.22754454124342,2.120786986892669,35,2.4600313631156725,3.094367598563855,2.4600313631156725,4.414828922069687,2.4600313631156725,1.4998969954721577,2.4600313631156725,1.2300156815578362,2.4600313631156725,1.2300156815578362,2.4600313631156725,2.7803309849839914,2.4600313631156725,3.134157608186822,2.4600313631156725,1.584128329462439,2.4600313631156725,1.8215248595639242,2.4600313631156725,1.4307979536912467,2.4600313631156725,1.890799088210099,2.4600313631156725,3.567715470638199,2.4600313631156725,1.2300156815578362,2.4600313631156725,2.168198267510278,2.4600313631156725,1.3345286047943512,2.4600313631156725,2.354197592527647,2.4600313631156725,1.4307979536912467,2.4600313631156725,3.134157608186822,2.4600313631156725,2.7803309849839914,2.4600313631156725,1.8215248595639242,2.4600313631156725,1.584128329462439,2.4600313631156725,2.354197592527647,2.4600313631156725,2.168198267510278,2.4600313631156725,1.2300156815578362,2.4600313631156725,1.3345286047943512,2.4600313631156725,2.1044029711458814,2.4600313631156725,3.094367598563855,2.4600313631156725,1.3620872478433037,2.4600313631156725,1.2300156815578362,2.4600313631156725,3.567715470638199,2.4600313631156725,1.890799088210099,2.4600313631156725,1.4998969954721577,2.4600313631156725,1.2300156815578362,2.4600313631156725,1.2300156815578362,2.4600313631156725,4.414828922069687
trai_hume,DEF,Sunderland,61014.0,65.90902247687045,1.883114927910584,74.1815592565173,2.11947312161478,35,1.883114927910585,1.0570268672177454,1.883114927910585,0.9415574639552925,1.883114927910585,1.3719449563432888,1.883114927910585,2.3712354097858657,1.883114927910585,2.183889968996458,1.883114927910585,3.5935357689899567,1.883114927910585,0.9415574639552925,1.883114927910585,3.76622985582117,1.883114927910585,3.76622985582117,1.883114927910585,1.3441868656669822,1.883114927910585,0.9415574639552925,1.883114927910585,3.1167621799878713,1.883114927910585,1.9044831941828442,1.883114927910585,1.4411529358498392,1.883114927910585,3.1568401581801764,1.883114927910585,2.119632972813473,1.883114927910585,1.3441868656669822,1.883114927910585,0.9415574639552925,1.883114927910585,3.5935357689899567,1.883114927910585,3.76622985582117,1.883114927910585,3.76622985582117,1.883114927910585,2.119632972813473,1.883114927910585,1.4411529358498392,1.883114927910585,1.9044831941828442,1.883114927910585,3.1568401581801764,1.883114927910585,1.5107520617572134,1.883114927910585,1.0570268672177454,1.883114927910585,1.8347076135464526,1.883114927910585,2.8004528181682056,1.883114927910585,3.1167621799878713,1.883114927910585,0.9415574639552925,1.883114927910585,1.3719449563432888,1.883114927910585,2.3712354097858657,1.883114927910585,2.183889968996458,1.883114927910585,0.9415574639552925
matias_fernandez_pardo,FWD,Newcastle,,53.96427416093868,1.541836404598248,73.68262674030073,2.105217906865735,35,1.541836404598247,1.1018256870906655,1.541836404598247,1.3094375579094102,1.541836404598247,2.2872606109608085,1.541836404598247,1.237289683946472,1.541836404598247,3.083672809196494,1.541836404598247,3.083672809196494,1.541836404598247,3.083672809196494,1.541836404598247,1.1175116479825342,1.541836404598247,2.3635561720708074,1.541836404598247,1.8583992464056567,1.541836404598247,2.1260574030074535,1.541836404598247,3.083672809196494,1.541836404598247,2.4900562856604678,1.541836404598247,1.598253484141894,1.541836404598247,1.72026412523808,1.541836404598247,3.083672809196494,1.541836404598247,1.8583992464056567,1.541836404598247,3.083672809196494,1.541836404598247,1.1175116479825342,1.541836404598247,2.3635561720708074,1.541836404598247,3.083672809196494,1.541836404598247,3.083672809196494,1.541836404598247,1.598253484141894,1.541836404598247,2.4900562856604678,1.541836404598247,1.72026412523808,1.541836404598247,0.939516512842804,1.541836404598247,1.1018256870906655,1.541836404598247,1.3692360391865857,1.541836404598247,2.1173222874779056,1.541836404598247,3.083672809196494,1.541836404598247,2.1260574030074535,1.541836404598247,2.2872606109608085,1.541836404598247,1.237289683946472,1.541836404598247,3.083672809196494,1.541836404598247,1.3094375579094102
ian_maatsen,DEF,Aston Villa,,85.28450616717926,2.4367001762051217,73.5235629816711,2.100673228047746,35,2.4367001762051217,3.0650203024706015,2.4367001762051217,4.372958236881162,2.4367001762051217,1.4856718202680443,2.4367001762051217,1.2183500881025608,2.4367001762051217,1.2183500881025608,2.4367001762051217,2.753962043979231,2.4367001762051217,3.1044329396073453,2.4367001762051217,1.569104295745171,2.4367001762051217,1.8042493330816618,2.4367001762051217,1.4172281208064639,2.4367001762051217,1.8728665579185106,2.4367001762051217,3.5338788953257203,2.4367001762051217,1.2183500881025608,2.4367001762051217,2.1476348552721736,2.4367001762051217,1.3218718001768284,2.4367001762051217,2.3318701438295677,2.4367001762051217,1.4172281208064639,2.4367001762051217,3.1044329396073453,2.4367001762051217,2.753962043979231,2.4367001762051217,1.8042493330816618,2.4367001762051217,1.569104295745171,2.4367001762051217,2.3318701438295677,2.4367001762051217,2.1476348552721736,2.4367001762051217,1.2183500881025608,2.4367001762051217,1.3218718001768284,2.4367001762051217,2.0844445999677435,2.4367001762051217,3.0650203024706015,2.4367001762051217,1.3491690742604836,2.4367001762051217,1.2183500881025608,2.4367001762051217,3.5338788953257203,2.4367001762051217,1.8728665579185106,2.4367001762051217,1.4856718202680443,2.4367001762051217,1.2183500881025608,2.4367001762051217,1.2183500881025608,2.4367001762051217,4.372958236881162
adam_wharton,MID,Crystal Palace,,99.5221951708408,2.8434912905954515,73.42101782586786,2.0977433664533676,35,2.84349129059545,2.983625138382056,2.84349129059545,1.454907085931713,2.84349129059545,2.3587355625954847,2.84349129059545,1.9388445394695193,2.84349129059545,2.423492769954971,2.84349129059545,2.338908580641947,2.84349129059545,2.417799717570991,2.84349129059545,2.4179594731858542,2.84349129059545,1.421745645297725,2.84349129059545,2.7320887785637558,2.84349129059545,2.6380530740706205,2.84349129059545,1.6537664249551693,2.84349129059545,1.8887905091608004,2.84349129059545,1.421745645297725,2.84349129059545,2.0024832942442394,2.84349129059545,1.421745645297725,2.84349129059545,2.7320887785637558,2.84349129059545,2.417799717570991,2.84349129059545,2.338908580641947,2.84349129059545,1.421745645297725,2.84349129059545,2.4179594731858542,2.84349129059545,1.421745645297725,2.84349129059545,2.0024832942442394,2.84349129059545,1.8887905091608004,2.84349129059545,1.421745645297725,2.84349129059545,2.7048149650850832,2.84349129059545,2.983625138382056,2.84349129059545,2.014720161588682,2.84349129059545,1.6720989299534958,2.84349129059545,1.6537664249551693,2.84349129059545,2.6380530740706205,2.84349129059545,2.3587355625954847,2.84349129059545,1.9388445394695193,2.84349129059545,2.423492769954971,2.84349129059545,1.454907085931713
sasa_lukic,MID,Ipswich Town,,90.0277383494208,2.572221095697737,72.5987865098846,2.07425104313956,35,2.572221095697736,3.092091266391545,2.572221095697736,1.989473717037155,2.572221095697736,2.6709209472755266,2.572221095697736,1.6511458697099082,2.572221095697736,2.329178263409168,2.572221095697736,1.2898842448489392,2.572221095697736,1.9773901897936288,2.572221095697736,2.309599733230749,2.572221095697736,2.6049956490602946,2.572221095697736,2.387660039581393,2.572221095697736,1.436675655198606,2.572221095697736,2.3931239986465784,2.572221095697736,1.9145488918193019,2.572221095697736,1.3259075166609435,2.572221095697736,2.6978529927842216,2.572221095697736,1.286110547848868,2.572221095697736,2.387660039581393,2.572221095697736,1.9773901897936288,2.572221095697736,1.2898842448489392,2.572221095697736,2.6049956490602946,2.572221095697736,2.309599733230749,2.572221095697736,1.286110547848868,2.572221095697736,2.6978529927842216,2.572221095697736,1.9145488918193019,2.572221095697736,1.3259075166609435,2.572221095697736,2.3875022858630457,2.572221095697736,3.092091266391545,2.572221095697736,1.8651220882216974,2.572221095697736,1.633043089206206,2.572221095697736,2.3931239986465784,2.572221095697736,1.436675655198606,2.572221095697736,2.6709209472755266,2.572221095697736,1.6511458697099082,2.572221095697736,2.329178263409168,2.572221095697736,1.989473717037155
gabriel_gudmundsson,DEF,Leeds,,52.037948519315265,1.4867985291232932,72.39772551776856,2.068506443364816,35,1.4867985291232946,0.7433992645616473,1.4867985291232946,2.142056665181127,1.4867985291232946,1.1888849705343827,1.4867985291232946,2.973597058246589,1.4867985291232946,1.7946341669962829,1.4867985291232946,2.6670335709760336,1.4867985291232946,2.973597058246589,1.4867985291232946,1.0554837352994082,1.4867985291232946,2.973597058246589,1.4867985291232946,1.0510207384973003,1.4867985291232946,2.063576976819689,1.4867985291232946,1.5118665492274497,1.4867985291232946,2.973597058246589,1.4867985291232946,2.973597058246589,1.4867985291232946,2.384045157773588,1.4867985291232946,1.6209285864069007,1.4867985291232946,1.0510207384973003,1.4867985291232946,2.973597058246589,1.4867985291232946,1.0554837352994082,1.4867985291232946,2.973597058246589,1.4867985291232946,2.6670335709760336,1.4867985291232946,1.6209285864069007,1.4867985291232946,2.973597058246589,1.4867985291232946,2.973597058246589,1.4867985291232946,2.384045157773588,1.4867985291232946,1.5430873041952544,1.4867985291232946,0.7433992645616473,1.4867985291232946,2.973597058246589,1.4867985291232946,1.699209808313214,1.4867985291232946,1.5118665492274497,1.4867985291232946,2.063576976819689,1.4867985291232946,1.1888849705343827,1.4867985291232946,2.973597058246589,1.4867985291232946,1.7946341669962829,1.4867985291232946,2.142056665181127
taiwo_awoniyi,FWD,Coventry City,,94.95136350813462,2.7128961002324177,72.04835228689866,2.0585243510542477,35,2.71289610023242,2.0174937903249215,2.71289610023242,1.4683899758328174,2.71289610023242,1.35644805011621,2.71289610023242,1.8073124800586549,2.71289610023242,3.1863102743561793,2.71289610023242,1.8147686351299321,2.71289610023242,3.7909414408755735,2.71289610023242,3.036498793094307,2.71289610023242,1.35644805011621,2.71289610023242,3.7345327023081674,2.71289610023242,1.5862999085327445,2.71289610023242,1.35644805011621,2.71289610023242,1.35644805011621,2.71289610023242,2.6353457549460524,2.71289610023242,2.1254722664272827,2.71289610023242,1.35644805011621,2.71289610023242,3.7345327023081674,2.71289610023242,3.7909414408755735,2.71289610023242,1.8147686351299321,2.71289610023242,1.35644805011621,2.71289610023242,3.036498793094307,2.71289610023242,1.35644805011621,2.71289610023242,2.1254722664272827,2.71289610023242,1.35644805011621,2.71289610023242,2.6353457549460524,2.71289610023242,1.3642436417309072,2.71289610023242,2.0174937903249215,2.71289610023242,1.35644805011621,2.71289610023242,1.35644805011621,2.71289610023242,1.35644805011621,2.71289610023242,1.5862999085327445,2.71289610023242,1.35644805011621,2.71289610023242,1.8073124800586549,2.71289610023242,3.1863102743561793,2.71289610023242,1.4683899758328174
luke_shaw,DEF,Man Utd,,95.75680546871891,2.7359087276776832,72.01542273018077,2.0575835065765937,35,2.7359087276776846,1.3679543638388423,2.7359087276776846,2.5407939725852033,2.7359087276776846,4.034473152934371,2.7359087276776846,1.9813990201930995,2.7359087276776846,2.151373734161108,2.7359087276776846,1.3679543638388423,2.7359087276776846,3.979781885662573,2.7359087276776846,1.3679543638388423,2.7359087276776846,1.3706746664970382,2.7359087276776846,1.3679543638388423,2.7359087276776846,3.2603420285763964,2.7359087276776846,1.7278989273723027,2.7359087276776846,1.3679543638388423,2.7359087276776846,2.8277750332085945,2.7359087276776846,1.4476491227258712,2.7359087276776846,1.3679543638388423,2.7359087276776846,1.3679543638388423,2.7359087276776846,3.979781885662573,2.7359087276776846,1.3679543638388423,2.7359087276776846,1.3706746664970382,2.7359087276776846,1.3679543638388423,2.7359087276776846,1.3679543638388423,2.7359087276776846,2.8277750332085945,2.7359087276776846,1.3679543638388423,2.7359087276776846,1.4476491227258712,2.7359087276776846,1.3679543638388423,2.7359087276776846,1.3679543638388423,2.7359087276776846,1.9230999524355674,2.7359087276776846,1.664592960007161,2.7359087276776846,1.7278989273723027,2.7359087276776846,3.2603420285763964,2.7359087276776846,2.151373734161108,2.7359087276776846,1.9813990201930995,2.7359087276776846,4.034473152934371,2.7359087276776846,2.5407939725852033
harry_maguire,DEF,Man Utd,14974.0,95.38916504859044,2.7254047156740127,71.73893292730294,2.049683797922941,35,2.725404715674011,1.3627023578370054,2.725404715674011,2.5310390673440657,2.725404715674011,4.0189835446743425,2.725404715674011,1.9737918076857428,2.725404715674011,2.1431139353968423,2.725404715674011,1.3627023578370054,2.725404715674011,3.9645022543371207,2.725404715674011,1.3627023578370054,2.725404715674011,1.3654122163997948,2.725404715674011,1.3627023578370054,2.725404715674011,3.24782455258833,2.725404715674011,1.7212649812575653,2.725404715674011,1.3627023578370054,2.725404715674011,2.8169183176347077,2.725404715674011,1.4420911435402397,2.725404715674011,1.3627023578370054,2.725404715674011,1.3627023578370054,2.725404715674011,3.9645022543371207,2.725404715674011,1.3627023578370054,2.725404715674011,1.3654122163997948,2.725404715674011,1.3627023578370054,2.725404715674011,1.3627023578370054,2.725404715674011,2.8169183176347077,2.725404715674011,1.3627023578370054,2.725404715674011,1.4420911435402397,2.725404715674011,1.3627023578370054,2.725404715674011,1.3627023578370054,2.725404715674011,1.9157165683408086,2.725404715674011,1.6582020653635419,2.725404715674011,1.7212649812575653,2.725404715674011,3.24782455258833,2.725404715674011,2.1431139353968423,2.725404715674011,1.9737918076857428,2.725404715674011,4.0189835446743425,2.725404715674011,2.5310390673440657
jannik_schuster,DEF,Brentford,,51.67377205628443,1.4763934873224123,71.64621149825787,2.047034614235939,35,1.4763934873224132,2.5969066269006222,1.4763934873224132,1.0277308604637305,1.4763934873224132,2.9527869746448263,1.4763934873224132,1.4721135509521563,1.4763934873224132,2.3213591071472135,1.4763934873224132,2.9527869746448263,1.4763934873224132,1.5025133878177501,1.4763934873224132,1.5783079124243105,1.4763934873224132,2.9527869746448263,1.4763934873224132,1.157624445452109,1.4763934873224132,1.0233852136382244,1.4763934873224132,2.9527869746448263,1.4763934873224132,0.7381967436612066,1.4763934873224132,2.009317312140709,1.4763934873224132,2.9527869746448263,1.4763934873224132,2.085733456654529,1.4763934873224132,1.157624445452109,1.4763934873224132,1.5025133878177501,1.4763934873224132,1.5783079124243105,1.4763934873224132,2.9527869746448263,1.4763934873224132,2.9527869746448263,1.4763934873224132,2.085733456654529,1.4763934873224132,2.9527869746448263,1.4763934873224132,0.7381967436612066,1.4763934873224132,2.009317312140709,1.4763934873224132,1.7474460808640508,1.4763934873224132,2.5969066269006222,1.4763934873224132,2.9527869746448263,1.4763934873224132,2.391731461795625,1.4763934873224132,2.9527869746448263,1.4763934873224132,1.0233852136382244,1.4763934873224132,2.9527869746448263,1.4763934873224132,1.4721135509521563,1.4763934873224132,2.3213591071472135,1.4763934873224132,1.0277308604637305
carl_rushworth,GK,Coventry City,14971.0,98.65619129186749,2.8187483226247854,71.51268892585104,2.043219683595744,35,2.818748322624786,1.409374161312393,2.818748322624786,3.1319425806942065,2.818748322624786,1.409374161312393,2.818748322624786,4.175923440925609,2.818748322624786,2.0879617204628045,2.818748322624786,1.4615732043239633,2.818748322624786,1.4615732043239633,2.818748322624786,1.6703693763702434,2.818748322624786,1.4615732043239633,2.818748322624786,2.296757892509085,2.818748322624786,2.7143502366016454,2.818748322624786,3.7583310968330474,2.818748322624786,1.6703693763702434,2.818748322624786,1.409374161312393,2.818748322624786,1.4615732043239633,2.818748322624786,1.409374161312393,2.818748322624786,2.296757892509085,2.818748322624786,1.4615732043239633,2.818748322624786,1.4615732043239633,2.818748322624786,1.4615732043239633,2.818748322624786,1.6703693763702434,2.818748322624786,1.409374161312393,2.818748322624786,1.4615732043239633,2.818748322624786,1.6703693763702434,2.818748322624786,1.409374161312393,2.818748322624786,1.409374161312393,2.818748322624786,1.409374161312393,2.818748322624786,1.409374161312393,2.818748322624786,2.7143502366016454,2.818748322624786,3.7583310968330474,2.818748322624786,2.7143502366016454,2.818748322624786,1.409374161312393,2.818748322624786,4.175923440925609,2.818748322624786,2.0879617204628045,2.818748322624786,3.1319425806942065
eddie_nketiah,FWD,Crystal Palace,14971.0,88.21074024430267,2.5203068641229334,70.90900098501491,2.025971456714712,35,2.5203068641229334,4.25308400184126,2.5203068641229334,1.2601534320614667,2.5203068641229334,1.6722804196676941,2.5203068641229334,2.2976289799635965,2.5203068641229334,1.2601534320614667,2.5203068641229334,2.0582633512660635,2.5203068641229334,1.3310436372194763,2.5203068641229334,2.223461547718764,2.5203068641229334,1.2729131281316082,2.5203068641229334,3.0012715815164497,2.5203068641229334,1.2601534320614667,2.5203068641229334,1.8065625075214957,2.5203068641229334,2.066754816297096,2.5203068641229334,1.2601534320614667,2.5203068641229334,1.2601534320614667,2.5203068641229334,2.4206005980646546,2.5203068641229334,3.0012715815164497,2.5203068641229334,1.3310436372194763,2.5203068641229334,2.0582633512660635,2.5203068641229334,1.2729131281316082,2.5203068641229334,2.223461547718764,2.5203068641229334,2.4206005980646546,2.5203068641229334,1.2601534320614667,2.5203068641229334,2.066754816297096,2.5203068641229334,1.2601534320614667,2.5203068641229334,3.6287392113050623,2.5203068641229334,4.25308400184126,2.5203068641229334,4.317325266462348,2.5203068641229334,1.553673048216513,2.5203068641229334,1.8065625075214957,2.5203068641229334,1.2601534320614667,2.5203068641229334,1.6722804196676941,2.5203068641229334,2.2976289799635965,2.5203068641229334,1.2601534320614667,2.5203068641229334,1.2601534320614667
james_garner,MID,Everton,,76.55119605895484,2.1871770302558526,70.23236519560302,2.006639005588658,35,2.1871770302558526,2.2096456538177125,2.1871770302558526,2.8187310843238285,2.1871770302558526,1.234061068915807,2.1871770302558526,2.581096219562639,2.1871770302558526,1.0935885151279263,2.1871770302558526,2.2895551842047106,2.1871770302558526,2.2843276925197618,2.1871770302558526,1.2685253377024788,2.1871770302558526,2.2841767660137076,2.1871770302558526,2.4922575246873078,2.1871770302558526,2.555329730049123,2.1871770302558526,1.8316916896731292,2.1871770302558526,2.2283768709608522,2.1871770302558526,1.7844039626353478,2.1871770302558526,1.5796881348440368,2.1871770302558526,1.3744996900457083,2.1871770302558526,2.4922575246873078,2.1871770302558526,2.2843276925197618,2.1871770302558526,1.2685253377024788,2.1871770302558526,2.2841767660137076,2.1871770302558526,2.2895551842047106,2.1871770302558526,1.3744996900457083,2.1871770302558526,1.7844039626353478,2.1871770302558526,2.2283768709608522,2.1871770302558526,1.5796881348440368,2.1871770302558526,1.5623688003782037,2.1871770302558526,2.2096456538177125,2.1871770302558526,2.9582727819388643,2.1871770302558526,1.8918133631178164,2.1871770302558526,1.8316916896731292,2.1871770302558526,2.555329730049123,2.1871770302558526,1.234061068915807,2.1871770302558526,2.581096219562639,2.1871770302558526,1.0935885151279263,2.1871770302558526,2.8187310843238285
matty_cash,DEF,Aston Villa,,81.29069985119291,2.3225914243197976,70.08051238072835,2.002300353735096,35,2.3225914243197994,2.9214878134785494,2.3225914243197994,4.168176043597837,2.3225914243197994,1.4160989779555355,2.3225914243197994,1.1612957121598997,2.3225914243197994,1.1612957121598997,2.3225914243197994,2.6249961684699055,2.3225914243197994,2.9590547878308024,2.3225914243197994,1.4956243762565837,2.3225914243197994,1.7197577565231914,2.3225914243197994,1.3508604430834443,2.3225914243197994,1.7851616907137688,2.3225914243197994,3.368390127361042,2.3225914243197994,1.1612957121598997,2.3225914243197994,2.0470628049093005,2.3225914243197994,1.259969583915863,2.3225914243197994,2.222670499872781,2.3225914243197994,1.3508604430834443,2.3225914243197994,2.9590547878308024,2.3225914243197994,2.6249961684699055,2.3225914243197994,1.7197577565231914,2.3225914243197994,1.4956243762565837,2.3225914243197994,2.222670499872781,2.3225914243197994,2.0470628049093005,2.3225914243197994,1.1612957121598997,2.3225914243197994,1.259969583915863,2.3225914243197994,1.9868316995382584,2.3225914243197994,2.9214878134785494,2.3225914243197994,1.2859885481335878,2.3225914243197994,1.1612957121598997,2.3225914243197994,3.368390127361042,2.3225914243197994,1.7851616907137688,2.3225914243197994,1.4160989779555355,2.3225914243197994,1.1612957121598997,2.3225914243197994,1.1612957121598997,2.3225914243197994,4.168176043597837
daizen_maeda,MID,Ipswich Town,,86.34376960600903,2.4669648458859723,69.62801699800389,1.9893719142286825,35,2.4669648458859728,2.9655617346493313,2.4669648458859728,1.9080637080357334,2.4669648458859728,2.561625862601771,2.4669648458859728,1.5835803628300635,2.4669648458859728,2.2338674172460693,2.4669648458859728,1.237101698849623,2.4669648458859728,1.8964746432489061,2.4669648458859728,2.215090047849223,2.4669648458859728,2.498398252260052,2.4669648458859728,2.2899560972522943,2.4669648458859728,1.3778863497555436,2.4669648458859728,2.295196469067811,2.4669648458859728,1.8362048347041404,2.4669648458859728,1.2716508848984622,2.4669648458859728,2.5874558387297486,2.4669648458859728,1.2334824229429864,2.4669648458859728,2.2899560972522943,2.4669648458859728,1.8964746432489061,2.4669648458859728,1.237101698849623,2.4669648458859728,2.498398252260052,2.4669648458859728,2.215090047849223,2.4669648458859728,1.2334824229429864,2.4669648458859728,2.5874558387297486,2.4669648458859728,1.8362048347041404,2.4669648458859728,1.2716508848984622,2.4669648458859728,2.289804798875136,2.4669648458859728,2.9655617346493313,2.4669648458859728,1.7888005944062335,2.4669648458859728,1.56621835487899,2.4669648458859728,2.295196469067811,2.4669648458859728,1.3778863497555436,2.4669648458859728,2.561625862601771,2.4669648458859728,1.5835803628300635,2.4669648458859728,2.2338674172460693,2.4669648458859728,1.9080637080357334
kevin_danso,DEF,Sunderland,,61.72426852083623,1.7635505291667495,69.47155807765836,1.9849016593616673,35,1.7635505291667486,0.9899131823534876,1.7635505291667486,0.8817752645833743,1.7635505291667486,1.284836213598187,1.7635505291667486,2.2206788336316334,1.7635505291667486,2.045228495288383,1.7635505291667486,3.3653718172228264,1.7635505291667486,0.8817752645833743,1.7635505291667486,3.527101058333497,1.7635505291667486,3.527101058333497,1.7635505291667486,1.2588405641689857,1.7635505291667486,0.8817752645833743,1.7635505291667486,2.9188699586717473,1.7635505291667486,1.7835620625751907,1.7635505291667486,1.3496499788508267,1.7635505291667486,2.9564032704210175,1.7635505291667486,1.9850513611466531,1.7635505291667486,1.2588405641689857,1.7635505291667486,0.8817752645833743,1.7635505291667486,3.3653718172228264,1.7635505291667486,3.527101058333497,1.7635505291667486,3.527101058333497,1.7635505291667486,1.9850513611466531,1.7635505291667486,1.3496499788508267,1.7635505291667486,1.7835620625751907,1.7635505291667486,2.9564032704210175,1.7635505291667486,1.4148300554910143,1.7635505291667486,0.9899131823534876,1.7635505291667486,1.7182167348257267,1.7635505291667486,2.6226439906494945,1.7635505291667486,2.9188699586717473,1.7635505291667486,0.8817752645833743,1.7635505291667486,1.284836213598187,1.7635505291667486,2.2206788336316334,1.7635505291667486,2.045228495288383,1.7635505291667486,0.8817752645833743
tyler_adams,MID,Bournemouth,,61.91941800384984,1.769126228681424,68.52852352232571,1.9579578149235919,35,1.7691262286814249,1.2266904890534116,1.7691262286814249,2.2088466275814933,1.7691262286814249,2.4959739390020843,1.7691262286814249,1.72555589118819,1.7691262286814249,1.5108432530712594,1.7691262286814249,1.3291699005711062,1.7691262286814249,2.7257718151706523,1.7691262286814249,2.154886963933395,1.7691262286814249,2.4710572056242777,1.7691262286814249,1.7712841106270403,1.7691262286814249,1.1933628215041283,1.7691262286814249,1.0431553506590103,1.7691262286814249,2.208992576664275,1.7691262286814249,2.1367734858380345,1.7691262286814249,2.860711550470507,1.7691262286814249,2.4100650660576433,1.7691262286814249,1.7712841106270403,1.7691262286814249,2.7257718151706523,1.7691262286814249,2.154886963933395,1.7691262286814249,2.4710572056242777,1.7691262286814249,1.3291699005711062,1.7691262286814249,2.4100650660576433,1.7691262286814249,2.860711550470507,1.7691262286814249,2.208992576664275,1.7691262286814249,2.1367734858380345,1.7691262286814249,2.214047670276474,1.7691262286814249,1.2266904890534116,1.7691262286814249,1.5275914111367905,1.7691262286814249,1.8406023468794352,1.7691262286814249,1.0431553506590103,1.7691262286814249,1.1933628215041283,1.7691262286814249,1.5108432530712594,1.7691262286814249,1.72555589118819,1.7691262286814249,2.4959739390020843,1.7691262286814249,2.2088466275814933
noah_okafor,MID,Leeds,,75.95392132637274,2.170112037896364,68.26835217355617,1.9505243478158905,35,2.170112037896364,2.156182833335179,2.170112037896364,2.785945948254099,2.170112037896364,1.085056018948182,2.170112037896364,1.471356886243436,2.170112037896364,1.680457941574383,2.170112037896364,1.7816104741959398,2.170112037896364,2.0809282341759237,2.170112037896364,2.4307408697556383,2.170112037896364,2.1512598561952307,2.170112037896364,1.487667325894617,2.170112037896364,2.654532905664999,2.170112037896364,2.151117721537943,2.170112037896364,2.406475343094549,2.170112037896364,2.3470772524086616,2.170112037896364,1.1621739062855518,2.170112037896364,1.792497621716655,2.170112037896364,1.487667325894617,2.170112037896364,2.0809282341759237,2.170112037896364,2.4307408697556383,2.170112037896364,2.1512598561952307,2.170112037896364,1.7816104741959398,2.170112037896364,1.792497621716655,2.170112037896364,2.3470772524086616,2.170112037896364,2.406475343094549,2.170112037896364,1.1621739062855518,2.170112037896364,1.7249910395183492,2.170112037896364,2.156182833335179,2.170112037896364,2.0985683107856254,2.170112037896364,1.1946305446902221,2.170112037896364,2.151117721537943,2.170112037896364,2.654532905664999,2.170112037896364,1.085056018948182,2.170112037896364,1.471356886243436,2.170112037896364,1.680457941574383,2.170112037896364,2.785945948254099
jack_hinshelwood,MID,Brighton,79641.0,51.41942767800766,1.469126505085933,67.27490232465038,1.9221400664185824,35,1.4691265050859335,2.185700125552612,1.4691265050859335,1.032155927092008,1.4691265050859335,1.7073609788736201,1.4691265050859335,2.8305471286259922,1.4691265050859335,2.1855557154120215,1.4691265050859335,1.511483910985645,1.4691265050859335,1.2137558017451526,1.4691265050859335,1.180779553695988,1.4691265050859335,2.190701916350637,1.4691265050859335,1.8101328976700435,1.4691265050859335,2.1321650228147107,1.4691265050859335,1.8211943413326535,1.4691265050859335,2.697030248803651,1.4691265050859335,2.445001446196132,1.4691265050859335,2.1142425400660323,1.4691265050859335,1.4949123518173095,1.4691265050859335,1.8101328976700435,1.4691265050859335,1.2137558017451526,1.4691265050859335,1.511483910985645,1.4691265050859335,2.190701916350637,1.4691265050859335,1.180779553695988,1.4691265050859335,1.4949123518173095,1.4691265050859335,2.1142425400660323,1.4691265050859335,2.697030248803651,1.4691265050859335,2.445001446196132,1.4691265050859335,1.3151546316855507,1.4691265050859335,2.185700125552612,1.4691265050859335,2.384652430759501,1.4691265050859335,2.469655448136904,1.4691265050859335,1.8211943413326535,1.4691265050859335,2.1321650228147107,1.4691265050859335,1.7073609788736201,1.4691265050859335,2.8305471286259922,1.4691265050859335,2.1855557154120215,1.4691265050859335,1.032155927092008
andrew_robertson,DEF,Spurs,,61.12403274008469,1.746400935430991,66.11639331090514,1.889039808883004,35,1.7464009354309915,1.3558548638995656,1.7464009354309915,3.492801870861983,1.7464009354309915,2.9699950480953277,1.7464009354309915,3.38084378817778,1.7464009354309915,0.8828783502701087,1.7464009354309915,1.7917618163995075,1.7464009354309915,2.0546312351917133,1.7464009354309915,1.7261160698351572,1.7464009354309915,1.5011540203853464,1.7464009354309915,2.6347013423634564,1.7464009354309915,0.9944642123249507,1.7464009354309915,1.9941774425046104,1.7464009354309915,1.2646279617296547,1.7464009354309915,2.230888189471126,1.7464009354309915,1.290743123639131,1.7464009354309915,0.8791451963406567,1.7464009354309915,2.6347013423634564,1.7464009354309915,2.0546312351917133,1.7464009354309915,1.7917618163995075,1.7464009354309915,1.5011540203853464,1.7464009354309915,1.7261160698351572,1.7464009354309915,0.8791451963406567,1.7464009354309915,1.290743123639131,1.7464009354309915,1.2646279617296547,1.7464009354309915,2.230888189471126,1.7464009354309915,2.932289180580821,1.7464009354309915,1.3558548638995656,1.7464009354309915,1.421334599628671,1.7464009354309915,0.8732004677154958,1.7464009354309915,1.9941774425046104,1.7464009354309915,0.9944642123249507,1.7464009354309915,0.8828783502701087,1.7464009354309915,3.38084378817778,1.7464009354309915,2.9699950480953277,1.7464009354309915,3.492801870861983
milan_van_ewijk,DEF,Coventry City,,80.66739150972973,2.3047826145637065,65.92895967070848,1.8836845620202423,35,2.3047826145637065,1.172402500376156,2.3047826145637065,2.663444882391687,2.3047826145637065,1.1523913072818532,2.3047826145637065,3.8000182992410774,2.3047826145637065,2.393141117670554,2.3047826145637065,1.3635220631565048,2.3047826145637065,1.2315445292486018,2.3047826145637065,1.6274857445706716,2.3047826145637065,1.8662542169492033,2.3047826145637065,1.567858669282358,2.3047826145637065,2.6976937213304715,2.3047826145637065,3.7485052990144285,2.3047826145637065,2.02635121078269,2.3047826145637065,1.1523913072818532,2.3047826145637065,1.2910208142559016,2.3047826145637065,1.1523913072818532,2.3047826145637065,1.567858669282358,2.3047826145637065,1.2315445292486018,2.3047826145637065,1.3635220631565048,2.3047826145637065,1.8662542169492033,2.3047826145637065,1.6274857445706716,2.3047826145637065,1.1523913072818532,2.3047826145637065,1.2910208142559016,2.3047826145637065,2.02635121078269,2.3047826145637065,1.1523913072818532,2.3047826145637065,1.1523913072818532,2.3047826145637065,1.172402500376156,2.3047826145637065,1.1523913072818532,2.3047826145637065,1.8113430759130593,2.3047826145637065,3.7485052990144285,2.3047826145637065,2.6976937213304715,2.3047826145637065,1.1523913072818532,2.3047826145637065,3.8000182992410774,2.3047826145637065,2.393141117670554,2.3047826145637065,2.663444882391687
mathys_tel,MID,Spurs,,103.12398176299229,2.9463994789426367,65.75567858325692,1.8787336738073406,35,2.946399478942635,1.705823894418417,2.946399478942635,2.233587599056517,2.946399478942635,1.4731997394713174,2.946399478942635,2.0472386804544542,2.946399478942635,2.3132057786484514,2.946399478942635,2.6512354100301456,2.946399478942635,1.4731997394713174,2.946399478942635,2.5261766621853208,2.946399478942635,1.5992017370474905,2.946399478942635,2.290113577750862,2.946399478942635,1.4731997394713174,2.946399478942635,1.4731997394713174,2.946399478942635,2.0471034185206642,2.946399478942635,1.6954631797608941,2.946399478942635,1.6415814990315214,2.946399478942635,1.4731997394713174,2.946399478942635,2.290113577750862,2.946399478942635,1.4731997394713174,2.946399478942635,2.6512354100301456,2.946399478942635,1.5992017370474905,2.946399478942635,2.5261766621853208,2.946399478942635,1.4731997394713174,2.946399478942635,1.6415814990315214,2.946399478942635,2.0471034185206642,2.946399478942635,1.6954631797608941,2.946399478942635,1.9970949613752296,2.946399478942635,1.705823894418417,2.946399478942635,1.4731997394713174,2.946399478942635,2.051923613887703,2.946399478942635,1.4731997394713174,2.946399478942635,1.4731997394713174,2.946399478942635,2.3132057786484514,2.946399478942635,2.0472386804544542,2.946399478942635,1.4731997394713174,2.946399478942635,2.233587599056517
ryan_gravenberch,MID,Liverpool,14970.0,57.80679596529288,1.6516227418655107,65.36194302314532,1.8674840863755804,35,1.6516227418655114,2.4376682496190742,1.6516227418655114,1.8047038373355948,1.6516227418655114,1.5069505767990488,1.6516227418655114,1.210115431754947,1.6516227418655114,1.7473504974723817,1.6516227418655114,1.0290602224562022,1.6516227418655114,2.822057580062684,1.6516227418655114,1.490428720055699,1.6516227418655114,1.8157321048457198,1.6516227418655114,1.702240158309053,1.6516227418655114,2.4622483077824615,1.6516227418655114,1.3112101401768106,1.6516227418655114,2.1079013756540426,1.6516227418655114,1.1772380880682707,1.6516227418655114,2.377500236608481,1.6516227418655114,2.1791446412177815,1.6516227418655114,1.702240158309053,1.6516227418655114,2.822057580062684,1.6516227418655114,1.490428720055699,1.6516227418655114,1.8157321048457198,1.6516227418655114,1.0290602224562022,1.6516227418655114,2.1791446412177815,1.6516227418655114,1.1772380880682707,1.6516227418655114,2.1079013756540426,1.6516227418655114,2.377500236608481,1.6516227418655114,2.68894115216139,1.6516227418655114,2.4376682496190742,1.6516227418655114,2.184131430341588,1.6516227418655114,2.125770104205827,1.6516227418655114,1.3112101401768106,1.6516227418655114,2.4622483077824615,1.6516227418655114,1.5069505767990488,1.6516227418655114,1.210115431754947,1.6516227418655114,1.7473504974723817,1.6516227418655114,1.8047038373355948
tanaka_ao,MID,Leeds,,72.58447264272269,2.0738420755063625,65.23984876847553,1.8639956790993006,35,2.073842075506362,2.0605307948015543,2.073842075506362,2.662356517397346,2.073842075506362,1.036921037753181,2.073842075506362,1.4060849234934234,2.073842075506362,1.6059098905944125,2.073842075506362,1.70257512009932,2.073842075506362,1.9886146211725124,2.073842075506362,2.3229089569212875,2.073842075506362,2.055826209530705,2.073842075506362,1.4216718035382967,2.073842075506362,2.536773187028944,2.073842075506362,2.0556903802152022,2.073842075506362,2.299719891428213,2.073842075506362,2.2429568038465484,2.073842075506362,1.110617840840559,2.073842075506362,1.7129792947301332,2.073842075506362,1.4216718035382967,2.073842075506362,1.9886146211725124,2.073842075506362,2.3229089569212875,2.073842075506362,2.055826209530705,2.073842075506362,1.70257512009932,2.073842075506362,1.7129792947301332,2.073842075506362,2.2429568038465484,2.073842075506362,2.299719891428213,2.073842075506362,1.110617840840559,2.073842075506362,1.6484674224895715,2.073842075506362,2.0605307948015543,2.073842075506362,2.0054721531568136,2.073842075506362,1.1416346460458557,2.073842075506362,2.0556903802152022,2.073842075506362,2.536773187028944,2.073842075506362,1.036921037753181,2.073842075506362,1.4060849234934234,2.073842075506362,1.6059098905944125,2.073842075506362,2.662356517397346
mats_wieffer,DEF,Brighton,,49.723552218253396,1.4206729205215256,65.03247696690494,1.8580707704829982,35,1.4206729205215258,2.8413458410430517,1.4206729205215258,0.9819122177589064,1.4206729205215258,1.482206654685156,1.4206729205215258,1.769146437882755,1.4206729205215258,1.2486659963748756,1.4206729205215258,0.8680487430038057,1.4206729205215258,1.4033947040045132,1.4206729205215258,1.969007200969697,1.4206729205215258,0.7103364602607629,1.4206729205215258,2.202730216479591,1.4206729205215258,2.8413458410430517,1.4206729205215258,1.338741444760807,1.4206729205215258,1.7043292631704106,1.4206729205215258,2.601446493649313,1.4206729205215258,2.8413458410430517,1.4206729205215258,2.8413458410430517,1.4206729205215258,2.202730216479591,1.4206729205215258,1.4033947040045132,1.4206729205215258,0.8680487430038057,1.4206729205215258,0.7103364602607629,1.4206729205215258,1.969007200969697,1.4206729205215258,2.8413458410430517,1.4206729205215258,2.8413458410430517,1.4206729205215258,1.7043292631704106,1.4206729205215258,2.601446493649313,1.4206729205215258,2.028697953953711,1.4206729205215258,2.8413458410430517,1.4206729205215258,2.8413458410430517,1.4206729205215258,0.8717347775625899,1.4206729205215258,1.338741444760807,1.4206729205215258,2.8413458410430517,1.4206729205215258,1.482206654685156,1.4206729205215258,1.769146437882755,1.4206729205215258,1.2486659963748756,1.4206729205215258,0.9819122177589064
zian_flemming,FWD,Ipswich Town,,47.83706930343802,1.3667734086696577,64.84318989682018,1.8526625684805764,35,1.3667734086696568,2.7335468173393136,1.3667734086696568,2.7335468173393136,1.3667734086696568,2.7335468173393136,1.3667734086696568,1.5584085077270302,1.3667734086696568,1.6773773840687034,1.3667734086696568,1.276792855971125,1.3667734086696568,0.916094062232164,1.3667734086696568,2.064536757870555,1.3667734086696568,1.2064436518468322,1.3667734086696568,2.230238463971833,1.3667734086696568,1.0743568162569566,1.3667734086696568,1.050785430140575,1.3667734086696568,2.3046319520607814,1.3667734086696568,2.4279783768942655,1.3667734086696568,2.7335468173393136,1.3667734086696568,1.089651721069184,1.3667734086696568,2.230238463971833,1.3667734086696568,0.916094062232164,1.3667734086696568,1.276792855971125,1.3667734086696568,1.2064436518468322,1.3667734086696568,2.064536757870555,1.3667734086696568,1.089651721069184,1.3667734086696568,2.7335468173393136,1.3667734086696568,2.3046319520607814,1.3667734086696568,2.4279783768942655,1.3667734086696568,1.335100541764496,1.3667734086696568,2.7335468173393136,1.3667734086696568,2.073054104144031,1.3667734086696568,1.8120687519771141,1.3667734086696568,1.050785430140575,1.3667734086696568,1.0743568162569566,1.3667734086696568,2.7335468173393136,1.3667734086696568,1.5584085077270302,1.3667734086696568,1.6773773840687034,1.3667734086696568,2.7335468173393136
jay_dasilva,DEF,Coventry City,,78.52569283548804,2.243591223871087,64.17856260346404,1.8336732172418297,35,2.243591223871086,1.1412755129560852,2.243591223871086,2.592731099947809,2.243591223871086,1.121795611935543,2.243591223871086,3.699128782408278,2.243591223871086,2.3296038312520366,2.243591223871086,1.3273209000804755,2.243591223871086,1.1988473360432998,2.243591223871086,1.584276413064348,2.243591223871086,1.8167056433876543,2.243591223871086,1.526232421419919,2.243591223871086,2.6260706409462893,2.243591223871086,3.6489834392017317,2.243591223871086,1.9725521028599062,2.243591223871086,1.121795611935543,2.243591223871086,1.256744540850224,2.243591223871086,1.121795611935543,2.243591223871086,1.526232421419919,2.243591223871086,1.1988473360432998,2.243591223871086,1.3273209000804755,2.243591223871086,1.8167056433876543,2.243591223871086,1.584276413064348,2.243591223871086,1.121795611935543,2.243591223871086,1.256744540850224,2.243591223871086,1.9725521028599062,2.243591223871086,1.121795611935543,2.243591223871086,1.121795611935543,2.243591223871086,1.1412755129560852,2.243591223871086,1.121795611935543,2.243591223871086,1.7632523791435721,2.243591223871086,3.6489834392017317,2.243591223871086,2.6260706409462893,2.243591223871086,1.121795611935543,2.243591223871086,3.699128782408278,2.243591223871086,2.3296038312520366,2.243591223871086,2.592731099947809
piero_hincapie,DEF,Arsenal,,40.47265823041026,1.1563616637260075,63.6975574301059,1.81993021228874,35,1.1563616637260077,1.6609302386389506,1.1563616637260077,1.428124133336567,1.1563616637260077,2.273317128981875,1.1563616637260077,2.3127233274520154,1.1563616637260077,1.50016608027896,1.1563616637260077,1.3992293886845382,1.1563616637260077,2.206428901024663,1.1563616637260077,0.5781808318630038,1.1563616637260077,0.9727175365933075,1.1563616637260077,1.5726151905059311,1.1563616637260077,2.3127233274520154,1.1563616637260077,2.3127233274520154,1.1563616637260077,2.3127233274520154,1.1563616637260077,1.9824690477347924,1.1563616637260077,2.3127233274520154,1.1563616637260077,1.9098362572108931,1.1563616637260077,1.5726151905059311,1.1563616637260077,2.206428901024663,1.1563616637260077,0.5781808318630038,1.1563616637260077,0.9727175365933075,1.1563616637260077,1.3992293886845382,1.1563616637260077,1.9098362572108931,1.1563616637260077,2.3127233274520154,1.1563616637260077,2.3127233274520154,1.1563616637260077,1.9824690477347924,1.1563616637260077,0.9768480309747763,1.1563616637260077,1.6609302386389506,1.1563616637260077,2.3127233274520154,1.1563616637260077,2.3127233274520154,1.1563616637260077,2.3127233274520154,1.1563616637260077,2.3127233274520154,1.1563616637260077,2.273317128981875,1.1563616637260077,2.3127233274520154,1.1563616637260077,1.50016608027896,1.1563616637260077,1.428124133336567
james_hill,DEF,Bournemouth,14969.0,102.13471581216702,2.9181347374904862,63.29957503122589,1.8085592866064542,35,2.918134737490485,1.4590673687452425,2.918134737490485,1.4590673687452425,2.918134737490485,1.4590673687452425,2.918134737490485,1.4590673687452425,2.918134737490485,2.176215352266793,2.918134737490485,1.505497472172073,2.918134737490485,1.4590673687452425,2.918134737490485,2.1485869938261852,2.918134737490485,1.9305343669062067,2.918134737490485,1.4590673687452425,2.918134737490485,1.4612009431819666,2.918134737490485,1.4590673687452425,2.918134737490485,2.4772580547454686,2.918134737490485,3.065454798043078,2.918134737490485,1.4590673687452425,2.918134737490485,3.0238995313913595,2.918134737490485,1.4590673687452425,2.918134737490485,1.4590673687452425,2.918134737490485,2.1485869938261852,2.918134737490485,1.9305343669062067,2.918134737490485,1.505497472172073,2.918134737490485,3.0238995313913595,2.918134737490485,1.4590673687452425,2.918134737490485,2.4772580547454686,2.918134737490485,3.065454798043078,2.918134737490485,1.4590673687452425,2.918134737490485,1.4590673687452425,2.918134737490485,1.4590673687452425,2.918134737490485,1.4590673687452425,2.918134737490485,1.4590673687452425,2.918134737490485,1.4612009431819666,2.918134737490485,2.176215352266793,2.918134737490485,1.4590673687452425,2.918134737490485,1.4590673687452425,2.918134737490485,1.4590673687452425
dara_o'shea,DEF,Ipswich Town,,83.0355265275001,2.372443615071431,63.17398827299153,1.8049710935140437,35,2.37244361507143,1.4748842301713738,2.37244361507143,1.186221807535715,2.37244361507143,2.168747779697512,2.37244361507143,1.186221807535715,2.37244361507143,2.413706459841479,2.37244361507143,1.6415021434175598,2.37244361507143,1.836349999096586,2.37244361507143,3.4437088512820075,2.37244361507143,3.397025977446365,2.37244361507143,2.7829330562899184,2.37244361507143,1.691264530734992,2.37244361507143,1.186221807535715,2.37244361507143,1.186221807535715,2.37244361507143,1.186221807535715,2.37244361507143,1.186221807535715,2.37244361507143,1.186221807535715,2.37244361507143,2.7829330562899184,2.37244361507143,1.836349999096586,2.37244361507143,1.6415021434175598,2.37244361507143,3.397025977446365,2.37244361507143,3.4437088512820075,2.37244361507143,1.186221807535715,2.37244361507143,1.186221807535715,2.37244361507143,1.186221807535715,2.37244361507143,1.186221807535715,2.37244361507143,1.186221807535715,2.37244361507143,1.4748842301713738,2.37244361507143,1.2356711542015832,2.37244361507143,2.444743949798614,2.37244361507143,1.186221807535715,2.37244361507143,1.691264530734992,2.37244361507143,2.168747779697512,2.37244361507143,1.186221807535715,2.37244361507143,2.413706459841479,2.37244361507143,1.186221807535715
aurele_amenda,DEF,Coventry City,,77.26855186819955,2.207672910519987,63.1511090738335,1.8043174021095287,35,2.2076729105199853,1.123004496802097,2.2076729105199853,2.5512233033883316,2.2076729105199853,1.1038364552599926,2.2076729105199853,3.639908339165784,2.2076729105199853,2.292308516711422,2.2076729105199853,1.306071428474727,2.2076729105199853,1.1796546356003739,2.2076729105199853,1.5589132648964656,2.2076729105199853,1.7876214671475086,2.2076729105199853,1.50179851662661,2.2076729105199853,2.584029101845914,2.2076729105199853,3.590565787542315,2.2076729105199853,1.9409729347039313,2.2076729105199853,1.1038364552599926,2.2076729105199853,1.2366249469864814,2.2076729105199853,1.1038364552599926,2.2076729105199853,1.50179851662661,2.2076729105199853,1.1796546356003739,2.2076729105199853,1.306071428474727,2.2076729105199853,1.7876214671475086,2.2076729105199853,1.5589132648964656,2.2076729105199853,1.1038364552599926,2.2076729105199853,1.2366249469864814,2.2076729105199853,1.9409729347039313,2.2076729105199853,1.1038364552599926,2.2076729105199853,1.1038364552599926,2.2076729105199853,1.123004496802097,2.2076729105199853,1.1038364552599926,2.2076729105199853,1.7350239519696247,2.2076729105199853,3.590565787542315,2.2076729105199853,2.584029101845914,2.2076729105199853,1.1038364552599926,2.2076729105199853,3.639908339165784,2.2076729105199853,2.292308516711422,2.2076729105199853,2.5512233033883316
elliot_stroud,MID,Hull City,,74.28707378335305,2.122487822381516,62.74314201383181,1.7926612003951945,35,2.122487822381516,2.252717970971064,2.122487822381516,1.99826804979083,2.122487822381516,1.661218460431753,2.122487822381516,2.230229605936083,2.122487822381516,1.1071380459263669,2.122487822381516,2.460119898229522,2.122487822381516,1.061243911190758,2.122487822381516,1.59865593360336,2.122487822381516,2.5819084962425274,2.122487822381516,1.9448731067299743,2.122487822381516,1.6511286671602086,2.122487822381516,1.9285249562206292,2.122487822381516,1.3787133633072848,2.122487822381516,1.993573897274376,2.122487822381516,1.199629881827806,2.122487822381516,1.557384356163897,2.122487822381516,1.9448731067299743,2.122487822381516,1.061243911190758,2.122487822381516,2.460119898229522,2.122487822381516,2.5819084962425274,2.122487822381516,1.59865593360336,2.122487822381516,1.557384356163897,2.122487822381516,1.993573897274376,2.122487822381516,1.3787133633072848,2.122487822381516,1.199629881827806,2.122487822381516,2.1751817199214294,2.122487822381516,2.252717970971064,2.122487822381516,1.3635974696413558,2.122487822381516,1.9937056222561518,2.122487822381516,1.9285249562206292,2.122487822381516,1.6511286671602086,2.122487822381516,1.661218460431753,2.122487822381516,2.230229605936083,2.122487822381516,1.1071380459263669,2.122487822381516,1.99826804979083
issa_diop,DEF,Ipswich Town,,82.42969268656398,2.355134076758971,62.71306580325799,1.7918018800930855,35,2.3551340767589695,1.4641233568985959,2.3551340767589695,1.1775670383794847,2.3551340767589695,2.1529244224871418,2.3551340767589695,1.1775670383794847,2.3551340767589695,2.3960958645142636,2.3551340767589695,1.6295256125272286,2.3551340767589695,1.8229518426714892,2.3551340767589695,3.418583276149454,2.3551340767589695,3.372241004294006,2.3551340767589695,2.762628554192231,2.3551340767589695,1.6789249294878696,2.3551340767589695,1.1775670383794847,2.3551340767589695,1.1775670383794847,2.3551340767589695,1.1775670383794847,2.3551340767589695,1.1775670383794847,2.3551340767589695,1.1775670383794847,2.3551340767589695,2.762628554192231,2.3551340767589695,1.8229518426714892,2.3551340767589695,1.6295256125272286,2.3551340767589695,3.372241004294006,2.3551340767589695,3.418583276149454,2.3551340767589695,1.1775670383794847,2.3551340767589695,1.1775670383794847,2.3551340767589695,1.1775670383794847,2.3551340767589695,1.1775670383794847,2.3551340767589695,1.1775670383794847,2.3551340767589695,1.4641233568985959,2.3551340767589695,1.2266555986581862,2.3551340767589695,2.4269069024629615,2.3551340767589695,1.1775670383794847,2.3551340767589695,1.6789249294878696,2.3551340767589695,2.1529244224871418,2.3551340767589695,1.1775670383794847,2.3551340767589695,2.3960958645142636,2.3551340767589695,1.1775670383794847
sandro_tonali,MID,Spurs,,97.89948385490425,2.7971281101401213,62.424344791349185,1.7835527083242624,35,2.797128110140121,1.6194029357277608,2.797128110140121,2.120428918221039,2.797128110140121,1.3985640550700604,2.797128110140121,1.9435208640887804,2.797128110140121,2.196013457862183,2.797128110140121,2.5169177312831628,2.797128110140121,1.3985640550700604,2.797128110140121,2.398194747005003,2.797128110140121,1.5181825018804709,2.797128110140121,2.1740911609308684,2.797128110140121,1.3985640550700604,2.797128110140121,1.3985640550700604,2.797128110140121,1.9433924548354056,2.797128110140121,1.609567118685023,2.797128110140121,1.5584152077283289,2.797128110140121,1.3985640550700604,2.797128110140121,2.1740911609308684,2.797128110140121,1.3985640550700604,2.797128110140121,2.5169177312831628,2.797128110140121,1.5181825018804709,2.797128110140121,2.398194747005003,2.797128110140121,1.3985640550700604,2.797128110140121,1.5584152077283289,2.797128110140121,1.9433924548354056,2.797128110140121,1.609567118685023,2.797128110140121,1.8959175410547286,2.797128110140121,1.6194029357277608,2.797128110140121,1.3985640550700604,2.797128110140121,1.9479684480277302,2.797128110140121,1.3985640550700604,2.797128110140121,1.3985640550700604,2.797128110140121,2.196013457862183,2.797128110140121,1.9435208640887804,2.797128110140121,1.3985640550700604,2.797128110140121,2.120428918221039
patrick_dorgu,MID,Man Utd,,51.696888731715816,1.477053963763309,61.298597098449136,1.7513884885271183,35,1.4770539637633087,1.3573223739153266,1.4770539637633087,2.1956271866719583,1.4770539637633087,1.8986035396459149,1.4770539637633087,1.1810174053266003,1.4770539637633087,1.625511104624035,1.4770539637633087,2.2177666406201912,1.4770539637633087,2.1414333786528674,1.4770539637633087,1.9626432345103733,1.4770539637633087,1.0899605971352464,1.4770539637633087,1.9672645563940387,1.4770539637633087,1.9627729157550222,1.4770539637633087,2.541849714827915,1.4770539637633087,0.9268827296333718,1.4770539637633087,1.9146980456172216,1.4770539637633087,1.533221253717432,1.4770539637633087,1.5738524951025035,1.4770539637633087,1.9672645563940387,1.4770539637633087,2.1414333786528674,1.4770539637633087,1.9626432345103733,1.4770539637633087,1.0899605971352464,1.4770539637633087,2.2177666406201912,1.4770539637633087,1.5738524951025035,1.4770539637633087,1.9146980456172216,1.4770539637633087,0.9268827296333718,1.4770539637633087,1.533221253717432,1.4770539637633087,1.6354443529119864,1.4770539637633087,1.3573223739153266,1.4770539637633087,1.0603477121024676,1.4770539637633087,2.4219506891346474,1.4770539637633087,2.541849714827915,1.4770539637633087,1.9627729157550222,1.4770539637633087,1.625511104624035,1.4770539637633087,1.1810174053266003,1.4770539637633087,1.8986035396459149,1.4770539637633087,2.1956271866719583
antonee_robinson,DEF,Fulham,50210.0,80.67831514153889,2.3050947183296824,61.14161706780661,1.7469033447944744,35,2.3050947183296806,1.1525473591648403,2.3050947183296806,2.3901686830431754,2.3050947183296806,1.3891297819043154,2.3050947183296806,1.6048580534039547,2.3050947183296806,2.720808221530818,2.3050947183296806,3.321192433033847,2.3050947183296806,1.1525473591648403,2.3050947183296806,1.1525473591648403,2.3050947183296806,1.7953562209689007,2.3050947183296806,3.366833181254371,2.3050947183296806,1.1525473591648403,2.3050947183296806,1.1525473591648403,2.3050947183296806,1.6535095695553248,2.3050947183296806,1.1525473591648403,2.3050947183296806,1.1525473591648403,2.3050947183296806,2.359824058812928,2.3050947183296806,3.366833181254371,2.3050947183296806,1.1525473591648403,2.3050947183296806,3.321192433033847,2.3050947183296806,1.7953562209689007,2.3050947183296806,1.1525473591648403,2.3050947183296806,2.359824058812928,2.3050947183296806,1.1525473591648403,2.3050947183296806,1.6535095695553248,2.3050947183296806,1.1525473591648403,2.3050947183296806,1.4419596368610508,2.3050947183296806,1.1525473591648403,2.3050947183296806,1.1525473591648403,2.3050947183296806,1.2080866364576672,2.3050947183296806,1.1525473591648403,2.3050947183296806,1.1525473591648403,2.3050947183296806,1.3891297819043154,2.3050947183296806,1.6048580534039547,2.3050947183296806,2.720808221530818,2.3050947183296806,2.3901686830431754
brennan_johnson,MID,Everton,,66.51284464205372,1.9003669897729634,61.02261800719024,1.743503371634007,35,1.9003669897729645,1.919889246056718,1.9003669897729645,2.449103767823196,1.9003669897729645,1.0722355283957992,1.9003669897729645,2.2426305622416156,1.9003669897729645,0.9501834948864822,1.9003669897729645,1.9893200381759764,1.9003669897729645,1.9847780406604723,1.9003669897729645,1.1021804106905773,1.9003669897729645,1.9846469055278242,1.9003669897729645,2.165441509494549,1.9003669897729645,2.2202428974863357,1.9003669897729645,1.591497338507204,1.9003669897729645,1.9361641914519374,1.9003669897729645,1.5504105703851547,1.9003669897729645,1.3725396454270842,1.9003669897729645,1.1942580789221626,1.9003669897729645,2.165441509494549,1.9003669897729645,1.9847780406604723,1.9003669897729645,1.1021804106905773,1.9003669897729645,1.9846469055278242,1.9003669897729645,1.9893200381759764,1.9003669897729645,1.1942580789221626,1.9003669897729645,1.5504105703851547,1.9003669897729645,1.9361641914519374,1.9003669897729645,1.3725396454270842,1.9003669897729645,1.357491438972641,1.9003669897729645,1.919889246056718,1.9003669897729645,2.570347010677422,1.9003669897729645,1.6437351052739972,1.9003669897729645,1.591497338507204,1.9003669897729645,2.2202428974863357,1.9003669897729645,1.0722355283957992,1.9003669897729645,2.2426305622416156,1.9003669897729645,0.9501834948864822,1.9003669897729645,2.449103767823196
antonio_joao_pereira_de_albuquerque_tavares_da_silva,DEF,Bournemouth,,97.4422587080101,2.7840645345145743,60.39135192428889,1.7254671978368255,35,2.7840645345145756,1.3920322672572878,2.7840645345145756,1.3920322672572878,2.7840645345145756,1.3920322672572878,2.7840645345145756,1.3920322672572878,2.7840645345145756,2.0762317462155493,2.7840645345145756,1.4363291952310957,2.7840645345145756,1.3920322672572878,2.7840645345145756,2.049872739589453,2.7840645345145756,1.8418382792657615,2.7840645345145756,1.3920322672572878,2.7840645345145756,1.394067817173718,2.7840645345145756,1.3920322672572878,2.7840645345145756,2.3634434025443674,2.7840645345145756,2.9246161514559277,2.7840645345145756,1.3920322672572878,2.7840645345145756,2.8849700917243473,2.7840645345145756,1.3920322672572878,2.7840645345145756,1.3920322672572878,2.7840645345145756,2.049872739589453,2.7840645345145756,1.8418382792657615,2.7840645345145756,1.4363291952310957,2.7840645345145756,2.8849700917243473,2.7840645345145756,1.3920322672572878,2.7840645345145756,2.3634434025443674,2.7840645345145756,2.9246161514559277,2.7840645345145756,1.3920322672572878,2.7840645345145756,1.3920322672572878,2.7840645345145756,1.3920322672572878,2.7840645345145756,1.3920322672572878,2.7840645345145756,1.3920322672572878,2.7840645345145756,1.394067817173718,2.7840645345145756,2.0762317462155493,2.7840645345145756,1.3920322672572878,2.7840645345145756,1.3920322672572878,2.7840645345145756,1.3920322672572878
diogo_dalot_teixeira,DEF,Man Utd,,80.01978764784452,2.286279647081272,60.18014913959635,1.7194328325598958,35,2.2862796470812716,1.1431398235406358,2.2862796470812716,2.123230752613276,2.2862796470812716,3.371433324122326,2.2862796470812716,1.6557687786827135,2.2862796470812716,1.7978092368062497,2.2862796470812716,1.1431398235406358,2.2862796470812716,3.3257302164229947,2.2862796470812716,1.1431398235406358,2.2862796470812716,1.1454130618758247,2.2862796470812716,1.1431398235406358,2.2862796470812716,2.724525693072038,2.2862796470812716,1.44392980288422,2.2862796470812716,1.1431398235406358,2.2862796470812716,2.3630483135441147,2.2862796470812716,1.2097372591126638,2.2862796470812716,1.1431398235406358,2.2862796470812716,1.1431398235406358,2.2862796470812716,3.3257302164229947,2.2862796470812716,1.1431398235406358,2.2862796470812716,1.1454130618758247,2.2862796470812716,1.1431398235406358,2.2862796470812716,1.1431398235406358,2.2862796470812716,2.3630483135441147,2.2862796470812716,1.1431398235406358,2.2862796470812716,1.2097372591126638,2.2862796470812716,1.1431398235406358,2.2862796470812716,1.1431398235406358,2.2862796470812716,1.6070507894057118,2.2862796470812716,1.3910277658895247,2.2862796470812716,1.44392980288422,2.2862796470812716,2.724525693072038,2.2862796470812716,1.7978092368062497,2.2862796470812716,1.6557687786827135,2.2862796470812716,3.371433324122326,2.2862796470812716,2.123230752613276
axel_disasi,DEF,Crystal Palace,,63.776055919996885,1.8221730262856253,59.69103593059059,1.7054581694454454,35,1.8221730262856246,1.3912625139194699,1.8221730262856246,1.6560482040603892,1.8221730262856246,2.3634470984928218,1.8221730262856246,1.0403486500128236,1.8221730262856246,0.9110865131428123,1.8221730262856246,3.3720022828090883,1.8221730262856246,1.0192996334116042,1.8221730262856246,2.7249854804714473,1.8221730262856246,1.6073219931991127,1.8221730262856246,0.9110865131428123,1.8221730262856246,3.3262914623129616,1.8221730262856246,2.393838310847827,1.8221730262856246,1.2099414127933394,1.8221730262856246,0.9110865131428123,1.8221730262856246,1.7981126327462207,1.8221730262856246,1.1456063602889426,1.8221730262856246,0.9110865131428123,1.8221730262856246,1.0192996334116042,1.8221730262856246,3.3720022828090883,1.8221730262856246,1.6073219931991127,1.8221730262856246,2.7249854804714473,1.8221730262856246,1.1456063602889426,1.8221730262856246,1.7981126327462207,1.8221730262856246,1.2099414127933394,1.8221730262856246,0.9110865131428123,1.8221730262856246,2.1235890662634542,1.8221730262856246,1.3912625139194699,1.8221730262856246,1.0928292015953456,1.8221730262856246,0.9110865131428123,1.8221730262856246,2.393838310847827,1.8221730262856246,3.3262914623129616,1.8221730262856246,2.3634470984928218,1.8221730262856246,1.0403486500128236,1.8221730262856246,0.9110865131428123,1.8221730262856246,1.6560482040603892
rodrigo_bentancur,MID,Spurs,,93.44070529190839,2.6697344369116682,59.581262076252884,1.7023217736072251,35,2.6697344369116696,1.5456481128180006,2.6697344369116696,2.023855140376278,2.6697344369116696,1.3348672184558348,2.6697344369116696,1.85500426702094,2.6697344369116696,2.0959972234101394,2.6697344369116696,2.4022860868334135,2.6697344369116696,1.3348672184558348,2.6697344369116696,2.2889702760804878,2.6697344369116696,1.4490377083886832,2.6697344369116696,2.0750733655283486,2.6697344369116696,1.3348672184558348,2.6697344369116696,1.3348672184558348,2.6697344369116696,1.8548817060969298,2.6697344369116696,1.5362602626945234,2.6697344369116696,1.4874380376059184,2.6697344369116696,1.3348672184558348,2.6697344369116696,2.0750733655283486,2.6697344369116696,1.3348672184558348,2.6697344369116696,2.4022860868334135,2.6697344369116696,1.4490377083886832,2.6697344369116696,2.2889702760804878,2.6697344369116696,1.3348672184558348,2.6697344369116696,1.4874380376059184,2.6697344369116696,1.8548817060969298,2.6697344369116696,1.5362602626945234,2.6697344369116696,1.8095690113547014,2.6697344369116696,1.5456481128180006,2.6697344369116696,1.3348672184558348,2.6697344369116696,1.8592492881766833,2.6697344369116696,1.3348672184558348,2.6697344369116696,1.3348672184558348,2.6697344369116696,2.0959972234101394,2.6697344369116696,1.85500426702094,2.6697344369116696,1.3348672184558348,2.6697344369116696,2.023855140376278
reece_james,DEF,Chelsea,50210.0,83.51442540875911,2.38612644025026,59.57145439027071,1.7020415540077345,35,2.3861264402502593,1.4888881644146765,2.3861264402502593,1.1930632201251297,2.3861264402502593,1.6656205965625182,2.3861264402502593,1.1930632201251297,2.3861264402502593,3.123539844845379,2.3861264402502593,2.217450855288725,2.3861264402502593,1.1930632201251297,2.3861264402502593,1.5340240357305002,2.3861264402502593,2.1892989874184177,2.3861264402502593,1.337761076334711,2.3861264402502593,1.1930632201251297,2.3861264402502593,1.1930632201251297,2.3861264402502593,3.0811971780304317,2.3861264402502593,2.5241977943701155,2.3861264402502593,1.2887488003854504,2.3861264402502593,1.1930632201251297,2.3861264402502593,1.337761076334711,2.3861264402502593,1.1930632201251297,2.3861264402502593,1.5340240357305002,2.3861264402502593,2.1892989874184177,2.3861264402502593,2.217450855288725,2.3861264402502593,1.1930632201251297,2.3861264402502593,1.2887488003854504,2.3861264402502593,3.0811971780304317,2.3861264402502593,2.5241977943701155,2.3861264402502593,1.1930632201251297,2.3861264402502593,1.4888881644146765,2.3861264402502593,1.9671146417570318,2.3861264402502593,1.1930632201251297,2.3861264402502593,1.1930632201251297,2.3861264402502593,1.1930632201251297,2.3861264402502593,3.123539844845379,2.3861264402502593,1.1930632201251297,2.3861264402502593,1.6656205965625182,2.3861264402502593,1.1930632201251297
calvin_bassey,DEF,Fulham,,78.29620173430312,2.2370343352658035,59.336345533543906,1.6953241581012544,35,2.2370343352658026,1.1185171676329013,2.2370343352658026,2.319596400324537,2.2370343352658026,1.3481142417054475,2.2370343352658026,1.5574729056227083,2.2370343352658026,2.640473453363495,2.2370343352658026,3.223130679899064,2.2370343352658026,1.1185171676329013,2.2370343352658026,1.1185171676329013,2.2370343352658026,1.742346411366021,2.2370343352658026,3.2674238362907104,2.2370343352658026,1.1185171676329013,2.2370343352658026,1.1185171676329013,2.2370343352658026,1.6046879338069806,2.2370343352658026,1.1185171676329013,2.2370343352658026,1.1185171676329013,2.2370343352658026,2.290147733528323,2.2370343352658026,3.2674238362907104,2.2370343352658026,1.1185171676329013,2.2370343352658026,3.223130679899064,2.2370343352658026,1.742346411366021,2.2370343352658026,1.1185171676329013,2.2370343352658026,2.290147733528323,2.2370343352658026,1.1185171676329013,2.2370343352658026,1.6046879338069806,2.2370343352658026,1.1185171676329013,2.2370343352658026,1.3993842387800002,2.2370343352658026,1.1185171676329013,2.2370343352658026,1.1185171676329013,2.2370343352658026,1.1724165884558042,2.2370343352658026,1.1185171676329013,2.2370343352658026,1.1185171676329013,2.2370343352658026,1.3481142417054475,2.2370343352658026,1.5574729056227083,2.2370343352658026,2.640473453363495,2.2370343352658026,2.319596400324537
adrien_truffert,DEF,Bournemouth,61014.0,95.71038659985786,2.734582474281653,59.31799731040736,1.694799923154496,35,2.7345824742816545,1.3672912371408272,2.7345824742816545,1.3672912371408272,2.7345824742816545,1.3672912371408272,2.7345824742816545,1.3672912371408272,2.7345824742816545,2.03933022218473,2.7345824742816545,1.4108008617921153,2.7345824742816545,1.3672912371408272,2.7345824742816545,2.013439702527015,2.7345824742816545,1.809102704517377,2.7345824742816545,1.3672912371408272,2.7345824742816545,1.3692906085842647,2.7345824742816545,1.3672912371408272,2.7345824742816545,2.3214371748323397,2.7345824742816545,2.872636022845242,2.7345824742816545,1.3672912371408272,2.7345824742816545,2.833694605082738,2.7345824742816545,1.3672912371408272,2.7345824742816545,1.3672912371408272,2.7345824742816545,2.013439702527015,2.7345824742816545,1.809102704517377,2.7345824742816545,1.4108008617921153,2.7345824742816545,2.833694605082738,2.7345824742816545,1.3672912371408272,2.7345824742816545,2.3214371748323397,2.7345824742816545,2.872636022845242,2.7345824742816545,1.3672912371408272,2.7345824742816545,1.3672912371408272,2.7345824742816545,1.3672912371408272,2.7345824742816545,1.3672912371408272,2.7345824742816545,1.3672912371408272,2.7345824742816545,1.3692906085842647,2.7345824742816545,2.03933022218473,2.7345824742816545,1.3672912371408272,2.7345824742816545,1.3672912371408272,2.7345824742816545,1.3672912371408272
destiny_udogie,DEF,Spurs,,54.70787746927218,1.5630822134077764,59.17619276437478,1.6907483646964223,35,1.5630822134077773,1.2135315429161815,1.5630822134077773,3.1261644268155546,1.5630822134077773,2.658236341611502,1.5630822134077773,3.025958520977714,1.5630822134077773,0.79020310738063,1.5630822134077773,1.6036815882637558,1.5630822134077773,1.8389577523031067,1.5630822134077773,1.544926638722179,1.5630822134077773,1.343578728827719,1.5630822134077773,2.3581382272184688,1.5630822134077773,0.8900758643788121,1.5630822134077773,1.7848497601661626,1.5630822134077773,1.131880677256923,1.5630822134077773,1.9967131134198746,1.5630822134077773,1.1552545453377328,1.5630822134077773,0.7868618205153664,1.5630822134077773,2.3581382272184688,1.5630822134077773,1.8389577523031067,1.5630822134077773,1.6036815882637558,1.5630822134077773,1.343578728827719,1.5630822134077773,1.544926638722179,1.5630822134077773,0.7868618205153664,1.5630822134077773,1.1552545453377328,1.5630822134077773,1.131880677256923,1.5630822134077773,1.9967131134198746,1.5630822134077773,2.6244884377611806,1.5630822134077773,1.2135315429161815,1.5630822134077773,1.2721379076863353,1.5630822134077773,0.7815411067038887,1.5630822134077773,1.7848497601661626,1.5630822134077773,0.8900758643788121,1.5630822134077773,0.79020310738063,1.5630822134077773,3.025958520977714,1.5630822134077773,2.658236341611502,1.5630822134077773,3.1261644268155546
joachim_andersen,DEF,Fulham,,77.92718873337462,2.2264911066678463,59.056691061877906,1.6873340303393687,35,2.2264911066678468,1.1132455533339234,2.2264911066678468,2.308664053548236,2.2264911066678468,1.3417605275927977,2.2264911066678468,1.550132476099461,2.2264911066678468,2.628028800732655,2.2264911066678468,3.2079399414184127,2.2264911066678468,1.1132455533339234,2.2264911066678468,1.1132455533339234,2.2264911066678468,1.7341346659214982,2.2264911066678468,3.252024342465628,2.2264911066678468,1.1132455533339234,2.2264911066678468,1.1132455533339234,2.2264911066678468,1.597124978045509,2.2264911066678468,1.1132455533339234,2.2264911066678468,1.1132455533339234,2.2264911066678468,2.2793541794477994,2.2264911066678468,3.252024342465628,2.2264911066678468,1.1132455533339234,2.2264911066678468,3.2079399414184127,2.2264911066678468,1.7341346659214982,2.2264911066678468,1.1132455533339234,2.2264911066678468,2.2793541794477994,2.2264911066678468,1.1132455533339234,2.2264911066678468,1.597124978045509,2.2264911066678468,1.1132455533339234,2.2264911066678468,1.392788887205264,2.2264911066678468,1.1132455533339234,2.2264911066678468,1.1132455533339234,2.2264911066678468,1.1668909441197926,2.2264911066678468,1.1132455533339234,2.2264911066678468,1.1132455533339234,2.2264911066678468,1.3417605275927977,2.2264911066678468,1.550132476099461,2.2264911066678468,2.628028800732655,2.2264911066678468,2.308664053548236
lewis_cook,MID,Bournemouth,,53.28475453853743,1.5224215582439264,58.97222022578564,1.6849205778795897,35,1.5224215582439253,1.0556284879794153,1.5224215582439253,1.9008229430812489,1.5224215582439253,2.147910348027547,1.5224215582439253,1.4849271047536825,1.5224215582439253,1.3001561461882918,1.5224215582439253,1.143817144527101,1.5224215582439253,2.3456629080460867,1.5224215582439253,1.8543879550732514,1.5224215582439253,2.126468253370649,1.5224215582439253,1.5242785235304548,1.5224215582439253,1.0269483640061066,1.5224215582439253,0.897687326485712,1.5224215582439253,1.900948539562964,1.5224215582439253,1.838800401681027,1.5224215582439253,2.461785295897034,1.5224215582439253,2.0739814682819024,1.5224215582439253,1.5242785235304548,1.5224215582439253,2.3456629080460867,1.5224215582439253,1.8543879550732514,1.5224215582439253,2.126468253370649,1.5224215582439253,1.143817144527101,1.5224215582439253,2.0739814682819024,1.5224215582439253,2.461785295897034,1.5224215582439253,1.900948539562964,1.5224215582439253,1.838800401681027,1.5224215582439253,1.9052987003199435,1.5224215582439253,1.0556284879794153,1.5224215582439253,1.3145687734426204,1.5224215582439253,1.5839303310381345,1.5224215582439253,0.897687326485712,1.5224215582439253,1.0269483640061066,1.5224215582439253,1.3001561461882918,1.5224215582439253,1.4849271047536825,1.5224215582439253,2.147910348027547,1.5224215582439253,1.9008229430812489
igor_jesus_maciel_da_cruz,FWD,Nott'm Forest,15210.0,82.06526807131254,2.344721944894644,58.351495263354735,1.6671855789529924,35,2.344721944894644,1.172360972447322,2.344721944894644,1.5285295198234827,2.344721944894644,2.377305602152778,2.344721944894644,1.172360972447322,2.344721944894644,2.923803406347748,2.344721944894644,1.664053724536096,2.344721944894644,1.172360972447322,2.344721944894644,1.172360972447322,2.344721944894644,2.0632388331887,2.344721944894644,1.172360972447322,2.344721944894644,1.5795162840029882,2.344721944894644,1.4208007105806042,2.344721944894644,2.96796637802804,2.344721944894644,1.2419302348565795,2.344721944894644,1.172360972447322,2.344721944894644,2.4945945253298976,2.344721944894644,1.172360972447322,2.344721944894644,1.172360972447322,2.344721944894644,1.172360972447322,2.344721944894644,2.0632388331887,2.344721944894644,1.664053724536096,2.344721944894644,2.4945945253298976,2.344721944894644,1.2419302348565795,2.344721944894644,2.96796637802804,2.344721944894644,1.172360972447322,2.344721944894644,1.4149632113983952,2.344721944894644,1.172360972447322,2.344721944894644,1.172360972447322,2.344721944894644,1.172360972447322,2.344721944894644,1.4208007105806042,2.344721944894644,1.5795162840029882,2.344721944894644,2.377305602152778,2.344721944894644,1.172360972447322,2.344721944894644,2.923803406347748,2.344721944894644,1.5285295198234827
lisandro_martinez,DEF,Man Utd,,77.11007780713686,2.2031450802039103,57.99185575224875,1.6569101643499644,35,2.2031450802039103,1.1015725401019552,2.2031450802039103,2.046025031421408,2.2031450802039103,3.248839988038252,2.2031450802039103,1.5955610869243695,2.2031450802039103,1.7324366160855902,2.2031450802039103,1.1015725401019552,2.2031450802039103,3.204798754059567,2.2031450802039103,1.1015725401019552,2.2031450802039103,1.1037631180833913,2.2031450802039103,1.1015725401019552,2.2031450802039103,2.6254554574038225,2.2031450802039103,1.3914250802369532,2.2031450802039103,1.1015725401019552,2.2031450802039103,2.2771222553265367,2.2031450802039103,1.1657483344856483,2.2031450802039103,1.1015725401019552,2.2031450802039103,1.1015725401019552,2.2031450802039103,3.204798754059567,2.2031450802039103,1.1015725401019552,2.2031450802039103,1.1037631180833913,2.2031450802039103,1.1015725401019552,2.2031450802039103,1.1015725401019552,2.2031450802039103,2.2771222553265367,2.2031450802039103,1.1015725401019552,2.2031450802039103,1.1657483344856483,2.2031450802039103,1.1015725401019552,2.2031450802039103,1.1015725401019552,2.2031450802039103,1.548614599634384,2.2031450802039103,1.3404466871578649,2.2031450802039103,1.3914250802369532,2.2031450802039103,2.6254554574038225,2.2031450802039103,1.7324366160855902,2.2031450802039103,1.5955610869243695,2.2031450802039103,3.248839988038252,2.2031450802039103,2.046025031421408
jorgen_strand_larsen,FWD,Crystal Palace,14973.0,71.98070523745628,2.0565915782130366,57.86234062256963,1.653209732073418,35,2.056591578213036,3.470552282395675,2.056591578213036,1.028295789106518,2.056591578213036,1.3645948739246012,2.056591578213036,1.8748845536695153,2.056591578213036,1.028295789106518,2.056591578213036,1.6795601893626602,2.056591578213036,1.086142792176318,2.056591578213036,1.814363305759694,2.056591578213036,1.0387078083141645,2.056591578213036,2.4490628289523153,2.056591578213036,1.028295789106518,2.056591578213036,1.4741701859297514,2.056591578213036,1.686489296178226,2.056591578213036,1.028295789106518,2.056591578213036,1.028295789106518,2.056591578213036,1.9752304273192607,2.056591578213036,2.4490628289523153,2.056591578213036,1.086142792176318,2.056591578213036,1.6795601893626602,2.056591578213036,1.0387078083141645,2.056591578213036,1.814363305759694,2.056591578213036,1.9752304273192607,2.056591578213036,1.028295789106518,2.056591578213036,1.686489296178226,2.056591578213036,1.028295789106518,2.056591578213036,2.961081687208939,2.056591578213036,3.470552282395675,2.056591578213036,3.5229736941190684,2.056591578213036,1.2678102622121021,2.056591578213036,1.4741701859297514,2.056591578213036,1.028295789106518,2.056591578213036,1.3645948739246012,2.056591578213036,1.8748845536695153,2.056591578213036,1.028295789106518,2.056591578213036,1.028295789106518
exequiel_palacios,MID,Ipswich Town,,71.72473767046482,2.049278219156138,57.83916171930646,1.6525474776944702,35,2.0492782191561387,2.46345669680478,2.0492782191561387,1.5850057223801477,2.0492782191561387,2.127911994616037,2.0492782191561387,1.3154612848427363,2.0492782191561387,1.8556469705189071,2.0492782191561387,1.0276455988261652,2.0492782191561387,1.5753788247420888,2.0492782191561387,1.840048834135984,2.0492782191561387,2.0753895742261985,2.0492782191561387,1.902239166783745,2.0492782191561387,1.1445937260660535,2.0492782191561387,1.906592281032506,2.0492782191561387,1.5253134149615362,2.0492782191561387,1.0563451948408917,2.0492782191561387,2.1493686471373166,2.0492782191561387,1.0246391095780694,2.0492782191561387,1.902239166783745,2.0492782191561387,1.5753788247420888,2.0492782191561387,1.0276455988261652,2.0492782191561387,2.0753895742261985,2.0492782191561387,1.840048834135984,2.0492782191561387,1.0246391095780694,2.0492782191561387,2.1493686471373166,2.0492782191561387,1.5253134149615362,2.0492782191561387,1.0563451948408917,2.0492782191561387,1.9021134850297385,2.0492782191561387,2.46345669680478,2.0492782191561387,1.4859352789900622,2.0492782191561387,1.3010388723003423,2.0492782191561387,1.906592281032506,2.0492782191561387,1.1445937260660535,2.0492782191561387,2.127911994616037,2.0492782191561387,1.3154612848427363,2.0492782191561387,1.8556469705189071,2.0492782191561387,1.5850057223801477
jorrel_hato,DEF,Chelsea,,80.87718804655867,2.3107768013302477,57.69029356721889,1.6482941019205397,35,2.3107768013302463,1.441871718140706,2.3107768013302463,1.1553884006651232,2.3107768013302463,1.6130232536842593,2.3107768013302463,1.1553884006651232,2.3107768013302463,3.024903999111786,2.3107768013302463,2.147427692035333,2.3107768013302463,1.1553884006651232,2.3107768013302463,1.485582278731742,2.3107768013302463,2.120164810198276,2.3107768013302463,1.2955169553347792,2.3107768013302463,1.1553884006651232,2.3107768013302463,1.1553884006651232,2.3107768013302463,2.983898438579891,2.3107768013302463,2.444488107087771,2.3107768013302463,1.248052400090142,2.3107768013302463,1.1553884006651232,2.3107768013302463,1.2955169553347792,2.3107768013302463,1.1553884006651232,2.3107768013302463,1.485582278731742,2.3107768013302463,2.120164810198276,2.3107768013302463,2.147427692035333,2.3107768013302463,1.1553884006651232,2.3107768013302463,1.248052400090142,2.3107768013302463,2.983898438579891,2.3107768013302463,2.444488107087771,2.3107768013302463,1.1553884006651232,2.3107768013302463,1.441871718140706,2.3107768013302463,1.9049966519177686,2.3107768013302463,1.1553884006651232,2.3107768013302463,1.1553884006651232,2.3107768013302463,1.1553884006651232,2.3107768013302463,3.024903999111786,2.3107768013302463,1.1553884006651232,2.3107768013302463,1.6130232536842593,2.3107768013302463,1.1553884006651232
liam_delap,FWD,Nott'm Forest,14974.0,81.08648996439675,2.3167568561256213,57.65554717944738,1.647301347984211,35,2.3167568561256204,1.1583784280628102,2.3167568561256204,1.510299015434248,2.3167568561256204,2.3489518937994034,2.3167568561256204,1.1583784280628102,2.3167568561256204,2.8889317142139657,2.3167568561256204,1.6442068466474824,2.3167568561256204,1.1583784280628102,2.3167568561256204,1.1583784280628102,2.3167568561256204,2.0386309442885038,2.3167568561256204,1.1583784280628102,2.3167568561256204,1.5606776693900954,2.3167568561256204,1.4038550688677385,2.3167568561256204,2.9325679618509093,2.3167568561256204,1.2271179500403262,2.3167568561256204,1.1583784280628102,2.3167568561256204,2.4648419324924107,2.3167568561256204,1.1583784280628102,2.3167568561256204,1.1583784280628102,2.3167568561256204,1.1583784280628102,2.3167568561256204,2.0386309442885038,2.3167568561256204,1.6442068466474824,2.3167568561256204,2.4648419324924107,2.3167568561256204,1.2271179500403262,2.3167568561256204,2.9325679618509093,2.3167568561256204,1.1583784280628102,2.3167568561256204,1.398087192517855,2.3167568561256204,1.1583784280628102,2.3167568561256204,1.1583784280628102,2.3167568561256204,1.1583784280628102,2.3167568561256204,1.4038550688677385,2.3167568561256204,1.5606776693900954,2.3167568561256204,2.3489518937994034,2.3167568561256204,1.1583784280628102,2.3167568561256204,2.8889317142139657,2.3167568561256204,1.510299015434248
yehor_yarmoliuk,MID,Brentford,,47.06235616839268,1.3446387476683623,57.63782729404215,1.6467950655440613,35,1.3446387476683617,1.503663075780013,1.3446387476683617,2.05152324011257,1.3446387476683617,1.9809119061465341,1.3446387476683617,1.8155238400203202,1.3446387476683617,0.9808642325732166,1.3446387476683617,1.7711726141229098,1.3446387476683617,1.4558767866167464,1.3446387476683617,1.5128517295090822,1.3446387476683617,1.2418118624596655,1.3446387476683617,0.8574037619080084,1.3446387476683617,1.2555777255416545,1.3446387476683617,2.0310433557702297,1.3446387476683617,1.8197987484217424,1.3446387476683617,2.2404016879688053,1.3446387476683617,1.8156438003814923,1.3446387476683617,2.351313103611619,1.3446387476683617,0.8574037619080084,1.3446387476683617,1.4558767866167464,1.3446387476683617,1.5128517295090822,1.3446387476683617,1.2418118624596655,1.3446387476683617,1.7711726141229098,1.3446387476683617,2.351313103611619,1.3446387476683617,1.8156438003814923,1.3446387476683617,1.8197987484217424,1.3446387476683617,2.2404016879688053,1.3446387476683617,1.4182912559980752,1.3446387476683617,1.503663075780013,1.3446387476683617,1.7562845495116428,1.3446387476683617,1.0924885466432193,1.3446387476683617,2.0310433557702297,1.3446387476683617,1.2555777255416545,1.3446387476683617,1.9809119061465341,1.3446387476683617,1.8155238400203202,1.3446387476683617,0.9808642325732166,1.3446387476683617,2.05152324011257
hayden_hackney,MID,Everton,,62.55906703597083,1.7874019153134522,57.395200448374275,1.6398628699535507,35,1.7874019153134508,1.8057636940965005,1.7874019153134508,2.303519682759566,1.7874019153134508,1.0084977519793408,1.7874019153134508,2.109320033374204,1.7874019153134508,0.8937009576567254,1.7874019153134508,1.8710672546632512,1.7874019153134508,1.8667952508333325,1.7874019153134508,1.0366625960623863,1.7874019153134508,1.866671910873987,1.7874019153134508,2.0367193928327576,1.7874019153134508,2.0882631769468234,1.7874019153134508,1.4968926561936773,1.7874019153134508,1.821071194556984,1.7874019153134508,1.4582482425458883,1.7874019153134508,1.2909506449452202,1.7874019153134508,1.1232668159001526,1.7874019153134508,2.0367193928327576,1.7874019153134508,1.8667952508333325,1.7874019153134508,1.0366625960623863,1.7874019153134508,1.866671910873987,1.7874019153134508,1.8710672546632512,1.7874019153134508,1.1232668159001526,1.7874019153134508,1.4582482425458883,1.7874019153134508,1.821071194556984,1.7874019153134508,1.2909506449452202,1.7874019153134508,1.276796961375965,1.7874019153134508,1.8057636940965005,1.7874019153134508,2.4175557640337133,1.7874019153134508,1.546025210522996,1.7874019153134508,1.4968926561936773,1.7874019153134508,2.0882631769468234,1.7874019153134508,1.0084977519793408,1.7874019153134508,2.109320033374204,1.7874019153134508,0.8937009576567254,1.7874019153134508,2.303519682759566
emiliano_buendia_stati,MID,Aston Villa,14972.0,101.66681965969276,2.904766275991222,57.35807709111915,1.6388022026034044,35,2.904766275991222,1.6388393300777473,2.904766275991222,1.625063628240936,2.904766275991222,1.452383137995611,2.904766275991222,1.6838323593980613,2.904766275991222,1.452383137995611,2.904766275991222,1.8792938113361994,2.904766275991222,1.452383137995611,2.904766275991222,1.452383137995611,2.904766275991222,2.073009921302373,2.904766275991222,1.452383137995611,2.904766275991222,2.175634582874421,2.904766275991222,1.67998784858726,2.904766275991222,1.8982435397071362,2.904766275991222,1.452383137995611,2.904766275991222,1.6798768510727482,2.904766275991222,1.452383137995611,2.904766275991222,1.452383137995611,2.904766275991222,1.452383137995611,2.904766275991222,1.8792938113361994,2.904766275991222,2.073009921302373,2.904766275991222,1.452383137995611,2.904766275991222,1.452383137995611,2.904766275991222,1.452383137995611,2.904766275991222,1.8982435397071362,2.904766275991222,1.6798768510727482,2.904766275991222,1.452383137995611,2.904766275991222,1.6388393300777473,2.904766275991222,1.452383137995611,2.904766275991222,1.452383137995611,2.904766275991222,1.67998784858726,2.904766275991222,2.175634582874421,2.904766275991222,1.452383137995611,2.904766275991222,1.6838323593980613,2.904766275991222,1.452383137995611,2.904766275991222,1.625063628240936
jacob_ramsey,MID,Newcastle,,53.17901018185463,1.5194002909101323,57.288603754580485,1.636817250130871,35,1.5194002909101316,1.1336949060809525,1.5194002909101316,1.0178603587579864,1.5194002909101316,1.8841260478881519,1.5194002909101316,2.055627717373996,1.5194002909101316,2.439999665311303,1.5194002909101316,1.569913299933496,1.5194002909101316,2.1076500193445433,1.5194002909101316,0.8897432200240705,1.5194002909101316,1.5107893825892271,1.5194002909101316,1.2886503818343358,1.5194002909101316,1.4717862051777453,1.5194002909101316,2.324904905437772,1.5194002909101316,1.0462866772564325,1.5194002909101316,1.3029354641830806,1.5194002909101316,1.837977502456126,1.5194002909101316,2.128902361648156,1.5194002909101316,1.2886503818343358,1.5194002909101316,2.1076500193445433,1.5194002909101316,0.8897432200240705,1.5194002909101316,1.5107893825892271,1.5194002909101316,1.569913299933496,1.5194002909101316,2.128902361648156,1.5194002909101316,1.3029354641830806,1.5194002909101316,1.0462866772564325,1.5194002909101316,1.837977502456126,1.5194002909101316,1.560378069602345,1.5194002909101316,1.1336949060809525,1.5194002909101316,1.884001562875645,1.5194002909101316,1.8225278915077474,1.5194002909101316,2.324904905437772,1.5194002909101316,1.4717862051777453,1.5194002909101316,1.8841260478881519,1.5194002909101316,2.055627717373996,1.5194002909101316,2.439999665311303,1.5194002909101316,1.0178603587579864
ross_barkley,MID,Aston Villa,,101.53573721184452,2.9010210631955577,57.28412339438566,1.6366892398395902,35,2.901021063195559,1.6367263194442334,2.901021063195559,1.6229683790828338,2.901021063195559,1.4505105315977795,2.901021063195559,1.6816613377395229,2.901021063195559,1.4505105315977795,2.901021063195559,1.8768707746577582,2.901021063195559,1.4505105315977795,2.901021063195559,1.4505105315977795,2.901021063195559,2.070337119932098,2.901021063195559,1.4505105315977795,2.901021063195559,2.172829464078525,2.901021063195559,1.677821783785733,2.901021063195559,1.8957960705069612,2.901021063195559,1.4505105315977795,2.901021063195559,1.6777109293840475,2.901021063195559,1.4505105315977795,2.901021063195559,1.4505105315977795,2.901021063195559,1.4505105315977795,2.901021063195559,1.8768707746577582,2.901021063195559,2.070337119932098,2.901021063195559,1.4505105315977795,2.901021063195559,1.4505105315977795,2.901021063195559,1.4505105315977795,2.901021063195559,1.8957960705069612,2.901021063195559,1.6777109293840475,2.901021063195559,1.4505105315977795,2.901021063195559,1.6367263194442334,2.901021063195559,1.4505105315977795,2.901021063195559,1.4505105315977795,2.901021063195559,1.677821783785733,2.901021063195559,2.172829464078525,2.901021063195559,1.4505105315977795,2.901021063195559,1.6816613377395229,2.901021063195559,1.4505105315977795,2.901021063195559,1.6229683790828338
jurrien_timber,DEF,Arsenal,,36.37075603315892,1.0391644580902548,57.241812682760056,1.635480362364573,35,1.0391644580902548,1.492595029309033,1.0391644580902548,1.2833838129175008,1.0391644580902548,2.0429165342560918,1.0391644580902548,2.0783289161805096,1.0391644580902548,1.3481243115889416,1.0391644580902548,1.2574175494119886,1.0391644580902548,1.982807425368993,1.0391644580902548,0.5195822290451274,1.0391644580902548,0.8741326554633841,1.0391644580902548,1.4132307075633157,1.0391644580902548,2.0783289161805096,1.0391644580902548,2.0783289161805096,1.0391644580902548,2.0783289161805096,1.0391644580902548,1.7815458937232278,1.0391644580902548,2.0783289161805096,1.0391644580902548,1.7162744334422386,1.0391644580902548,1.4132307075633157,1.0391644580902548,1.982807425368993,1.0391644580902548,0.5195822290451274,1.0391644580902548,0.8741326554633841,1.0391644580902548,1.2574175494119886,1.0391644580902548,1.7162744334422386,1.0391644580902548,2.0783289161805096,1.0391644580902548,2.0783289161805096,1.0391644580902548,1.7815458937232278,1.0391644580902548,0.8778445244142568,1.0391644580902548,1.492595029309033,1.0391644580902548,2.0783289161805096,1.0391644580902548,2.0783289161805096,1.0391644580902548,2.0783289161805096,1.0391644580902548,2.0783289161805096,1.0391644580902548,2.0429165342560918,1.0391644580902548,2.0783289161805096,1.0391644580902548,1.3481243115889416,1.0391644580902548,1.2833838129175008
shea_charles,MID,Fulham,,71.78289546709604,2.0509398704884583,57.06997369534833,1.6305706770099524,35,2.050939870488459,1.9090578434849446,2.050939870488459,1.305788788835038,2.050939870488459,2.3558249804782987,2.050939870488459,1.0313973935846428,2.050939870488459,1.9091839840859954,2.050939870488459,2.0829665401911917,2.050939870488459,1.9135529909647058,2.050939870488459,1.3202638556503086,2.050939870488459,1.5811303192495676,2.050939870488459,1.8467666029651788,2.050939870488459,1.5907923633857386,2.050939870488459,1.060201767933477,2.050939870488459,1.1487724825818657,2.050939870488459,1.5308821274455136,2.050939870488459,1.0254699352442296,2.050939870488459,1.8624216860293217,2.050939870488459,1.8467666029651788,2.050939870488459,1.9135529909647058,2.050939870488459,2.0829665401911917,2.050939870488459,1.5811303192495676,2.050939870488459,1.3202638556503086,2.050939870488459,1.8624216860293217,2.050939870488459,1.0254699352442296,2.050939870488459,1.1487724825818657,2.050939870488459,1.5308821274455136,2.050939870488459,2.4724504432221877,2.050939870488459,1.9090578434849446,2.050939870488459,2.1572157006678103,2.050939870488459,1.4913602272382904,2.050939870488459,1.060201767933477,2.050939870488459,1.5907923633857386,2.050939870488459,2.3558249804782987,2.050939870488459,1.0313973935846428,2.050939870488459,1.9091839840859954,2.050939870488459,1.305788788835038
tyrone_mings,DEF,Aston Villa,,65.81245215714914,1.8803557759185467,56.73675311749082,1.6210500890711663,35,1.880355775918548,2.365218620386004,1.880355775918548,3.374529767292098,1.880355775918548,1.1464650495947086,1.880355775918548,0.940177887959274,1.880355775918548,0.940177887959274,1.880355775918548,2.125180802556349,1.880355775918548,2.39563261247578,1.880355775918548,1.2108483244409907,1.880355775918548,1.3923053348077155,1.880355775918548,1.0936483317791221,1.880355775918548,1.4452559588973857,1.880355775918548,2.727027993477275,1.880355775918548,0.940177887959274,1.880355775918548,1.6572894950761805,1.880355775918548,1.0200636495037996,1.880355775918548,1.7994604081617773,1.880355775918548,1.0936483317791221,1.880355775918548,2.39563261247578,1.880355775918548,2.125180802556349,1.880355775918548,1.3923053348077155,1.880355775918548,1.2108483244409907,1.880355775918548,1.7994604081617773,1.880355775918548,1.6572894950761805,1.880355775918548,0.940177887959274,1.880355775918548,1.0200636495037996,1.880355775918548,1.6085267614810688,1.880355775918548,2.365218620386004,1.880355775918548,1.0411284433964858,1.880355775918548,0.940177887959274,1.880355775918548,2.727027993477275,1.880355775918548,1.4452559588973857,1.880355775918548,1.1464650495947086,1.880355775918548,0.940177887959274,1.880355775918548,0.940177887959274,1.880355775918548,3.374529767292098
aaron_hickey,DEF,Brentford,,40.52607682090101,1.1578879091686003,56.18981846230047,1.6054233846371564,35,1.1578879091685996,2.036670312046285,1.1578879091685996,0.8060162466366424,1.1578879091685996,2.3157758183371993,1.1578879091685996,1.154531292780296,1.1578879091685996,1.8205672580410126,1.1578879091685996,2.3157758183371993,1.1578879091685996,1.1783729067196846,1.1578879091685996,1.2378161136809145,1.1578879091685996,2.3157758183371993,1.1578879091685996,0.9078876060188737,1.1578879091685996,0.8026080956525196,1.1578879091685996,2.3157758183371993,1.1578879091685996,0.5789439545842998,1.1578879091685996,1.5758429181574976,1.1578879091685996,2.3157758183371993,1.1578879091685996,1.6357736416113802,1.1578879091685996,0.9078876060188737,1.1578879091685996,1.1783729067196846,1.1578879091685996,1.2378161136809145,1.1578879091685996,2.3157758183371993,1.1578879091685996,2.3157758183371993,1.1578879091685996,1.6357736416113802,1.1578879091685996,2.3157758183371993,1.1578879091685996,0.5789439545842998,1.1578879091685996,1.5758429181574976,1.1578879091685996,1.3704657371701636,1.1578879091685996,2.036670312046285,1.1578879091685996,2.3157758183371993,1.1578879091685996,1.8757580315623035,1.1578879091685996,2.3157758183371993,1.1578879091685996,0.8026080956525196,1.1578879091685996,2.3157758183371993,1.1578879091685996,1.154531292780296,1.1578879091685996,1.8205672580410126,1.1578879091685996,0.8060162466366424
lucas_gourna_douath,MID,Hull City,,66.45002378764391,1.8985721082183975,56.12394010147346,1.6035411457563846,35,1.8985721082183984,2.015063390360987,1.8985721082183984,1.7874571265242813,1.8985721082183984,1.485965196772901,1.8985721082183984,1.994947476307383,1.8985721082183984,0.9903385036078621,1.8985721082183984,2.2005850739868684,1.8985721082183984,0.9492860541091992,1.8985721082183984,1.4300028175292938,1.8985721082183984,2.3095253622882974,1.8985721082183984,1.7396951801205067,1.8985721082183984,1.4769398445984185,1.8985721082183984,1.7250717074905566,1.8985721082183984,1.2332634888176432,1.8985721082183984,1.7832581921673987,1.8985721082183984,1.0730727450148883,1.8985721082183984,1.3930852602352215,1.8985721082183984,1.7396951801205067,1.8985721082183984,0.9492860541091992,1.8985721082183984,2.2005850739868684,1.8985721082183984,2.3095253622882974,1.8985721082183984,1.4300028175292938,1.8985721082183984,1.3930852602352215,1.8985721082183984,1.7832581921673987,1.8985721082183984,1.2332634888176432,1.8985721082183984,1.0730727450148883,1.8985721082183984,1.9457069671738412,1.8985721082183984,2.015063390360987,1.8985721082183984,1.2197422738536265,1.8985721082183984,1.783376020582581,1.8985721082183984,1.7250717074905566,1.8985721082183984,1.4769398445984185,1.8985721082183984,1.485965196772901,1.8985721082183984,1.994947476307383,1.8985721082183984,0.9903385036078621,1.8985721082183984,1.7874571265242813
chuba_akpom,FWD,Ipswich Town,,40.84584157838681,1.167024045096766,55.366574510709356,1.5819021288774102,35,1.167024045096765,2.33404809019353,1.167024045096765,2.33404809019353,1.167024045096765,2.33404809019353,1.167024045096765,1.3306523152005394,1.167024045096765,1.432234288063192,1.167024045096765,1.090193849305574,1.167024045096765,0.7822099781966899,1.167024045096765,1.7628116139354804,1.167024045096765,1.030125946136181,1.167024045096765,1.9042965697497527,1.167024045096765,0.9173431599067007,1.167024045096765,0.897216653055172,1.167024045096765,1.96781769830531,1.167024045096765,2.073137455584981,1.167024045096765,2.33404809019353,1.167024045096765,0.9304027655224623,1.167024045096765,1.9042965697497527,1.167024045096765,0.7822099781966899,1.167024045096765,1.090193849305574,1.167024045096765,1.030125946136181,1.167024045096765,1.7628116139354804,1.167024045096765,0.9304027655224623,1.167024045096765,2.33404809019353,1.167024045096765,1.96781769830531,1.167024045096765,2.073137455584981,1.167024045096765,1.1399800617846738,1.167024045096765,2.33404809019353,1.167024045096765,1.7700841785306878,1.167024045096765,1.547240962921674,1.167024045096765,0.897216653055172,1.167024045096765,0.9173431599067007,1.167024045096765,2.33404809019353,1.167024045096765,1.3306523152005394,1.167024045096765,1.432234288063192,1.167024045096765,2.33404809019353
harry_wilson,MID,Leeds,15210.0,61.505120984586604,1.7572891709881886,55.28158634246857,1.579473895499102,35,1.7572891709881893,1.7460097347616719,1.7572891709881893,2.2559723002002676,1.7572891709881893,0.8786445854940946,1.7572891709881893,1.1914590019789428,1.7572891709881893,1.3607825271050786,1.7572891709881893,1.4426926990638502,1.7572891709881893,1.6850709030975661,1.7572891709881893,1.9683382854466183,1.7572891709881893,1.7420232611299051,1.7572891709881893,1.2046666882516113,1.7572891709881893,2.149558109303335,1.7572891709881893,1.7419081649091974,1.7572891709881893,1.9486888173614625,1.7572891709881893,1.9005900926334678,1.7572891709881893,0.9410922499192063,1.7572891709881893,1.4515087722006315,1.7572891709881893,1.2046666882516113,1.7572891709881893,1.6850709030975661,1.7572891709881893,1.9683382854466183,1.7572891709881893,1.7420232611299051,1.7572891709881893,1.4426926990638502,1.7572891709881893,1.4515087722006315,1.7572891709881893,1.9005900926334678,1.7572891709881893,1.9486888173614625,1.7572891709881893,0.9410922499192063,1.7572891709881893,1.39684404346962,1.7572891709881893,1.7460097347616719,1.7572891709881893,1.699355287986597,1.7572891709881893,0.9673746252985416,1.7572891709881893,1.7419081649091974,1.7572891709881893,2.149558109303335,1.7572891709881893,0.8786445854940946,1.7572891709881893,1.1914590019789428,1.7572891709881893,1.3607825271050786,1.7572891709881893,2.2559723002002676
jacob_greaves,DEF,Ipswich Town,,72.64230240597429,2.075494354456408,55.26675330707132,1.579050094487752,35,2.0754943544564073,1.2902788811296182,2.0754943544564073,1.0377471772282036,2.0754943544564073,1.8972943105611093,2.0754943544564073,1.0377471772282036,2.0754943544564073,2.111592494292059,2.0754943544564073,1.4360418978339602,2.0754943544564073,1.6065014281977954,2.0754943544564073,3.0126736137466312,2.0754943544564073,2.97183384816478,2.0754943544564073,2.434604477201005,2.0754943544564073,1.4795757265350877,2.0754943544564073,1.0377471772282036,2.0754943544564073,1.0377471772282036,2.0754943544564073,1.0377471772282036,2.0754943544564073,1.0377471772282036,2.0754943544564073,1.0377471772282036,2.0754943544564073,2.434604477201005,2.0754943544564073,1.6065014281977954,2.0754943544564073,1.4360418978339602,2.0754943544564073,2.97183384816478,2.0754943544564073,3.0126736137466312,2.0754943544564073,1.0377471772282036,2.0754943544564073,1.0377471772282036,2.0754943544564073,1.0377471772282036,2.0754943544564073,1.0377471772282036,2.0754943544564073,1.0377471772282036,2.0754943544564073,1.2902788811296182,2.0754943544564073,1.08100714732173,2.0754943544564073,2.138745146002431,2.0754943544564073,1.0377471772282036,2.0754943544564073,1.4795757265350877,2.0754943544564073,1.8972943105611093,2.0754943544564073,1.0377471772282036,2.0754943544564073,2.111592494292059,2.0754943544564073,1.0377471772282036
quinten_timber,MID,Crystal Palace,,74.86751506830855,2.13907185909453,55.232394632903464,1.578068418082956,35,2.1390718590945315,2.2444902830223197,2.1390718590945315,1.0944822709346322,2.1390718590945315,1.7744048950249955,2.1390718590945315,1.4585336720584299,2.1390718590945315,1.8231197690231566,2.1390718590945315,1.7594896606130392,2.1390718590945315,1.8188370591772716,2.1390718590945315,1.8189572384587123,2.1390718590945315,1.0695359295472657,2.1390718590945315,2.0552671436352004,2.1390718590945315,1.9845269483349106,2.1390718590945315,1.2440780926029087,2.1390718590945315,1.4208795501619549,2.1390718590945315,1.0695359295472657,2.1390718590945315,1.5064071682553937,2.1390718590945315,1.0695359295472657,2.1390718590945315,2.0552671436352004,2.1390718590945315,1.8188370591772716,2.1390718590945315,1.7594896606130392,2.1390718590945315,1.0695359295472657,2.1390718590945315,1.8189572384587123,2.1390718590945315,1.0695359295472657,2.1390718590945315,1.5064071682553937,2.1390718590945315,1.4208795501619549,2.1390718590945315,1.0695359295472657,2.1390718590945315,2.034749884765663,2.1390718590945315,2.2444902830223197,2.1390718590945315,1.5156125907114224,2.1390718590945315,1.2578690775369328,2.1390718590945315,1.2440780926029087,2.1390718590945315,1.9845269483349106,2.1390718590945315,1.7744048950249955,2.1390718590945315,1.4585336720584299,2.1390718590945315,1.8231197690231566,2.1390718590945315,1.0944822709346322
john_mcginn,MID,Aston Villa,,97.89573857866111,2.7970211022474603,55.23052003674589,1.5780148581927396,35,2.797021102247462,1.5780506085145716,2.797021102247462,1.56478588251775,2.797021102247462,1.398510551123731,2.797021102247462,1.62137473187111,2.797021102247462,1.398510551123731,2.797021102247462,1.8095860211117019,2.797021102247462,1.398510551123731,2.797021102247462,1.398510551123731,2.797021102247462,1.9961167075559265,2.797021102247462,1.398510551123731,2.797021102247462,2.0949347592527268,2.797021102247462,1.617672823750478,2.797021102247462,1.8278328558307122,2.797021102247462,1.398510551123731,2.797021102247462,1.6175659434162657,2.797021102247462,1.398510551123731,2.797021102247462,1.398510551123731,2.797021102247462,1.398510551123731,2.797021102247462,1.8095860211117019,2.797021102247462,1.9961167075559265,2.797021102247462,1.398510551123731,2.797021102247462,1.398510551123731,2.797021102247462,1.398510551123731,2.797021102247462,1.8278328558307122,2.797021102247462,1.6175659434162657,2.797021102247462,1.398510551123731,2.797021102247462,1.5780506085145716,2.797021102247462,1.398510551123731,2.797021102247462,1.398510551123731,2.797021102247462,1.617672823750478,2.797021102247462,2.0949347592527268,2.797021102247462,1.398510551123731,2.797021102247462,1.62137473187111,2.797021102247462,1.398510551123731,2.797021102247462,1.56478588251775
wesley_fofana,DEF,Chelsea,,76.5207048485224,2.1863058528149257,54.58278203416848,1.5595080581190994,35,2.186305852814926,1.3642047014513088,2.186305852814926,1.093152926407463,2.186305852814926,1.5261370887168042,2.186305852814926,1.093152926407463,2.186305852814926,2.8619662936092545,2.186305852814926,2.03175561087984,2.186305852814926,1.093152926407463,2.186305852814926,1.4055607746103391,2.186305852814926,2.005961255453281,2.186305852814926,1.2257333984999648,2.186305852814926,1.093152926407463,2.186305852814926,1.093152926407463,2.186305852814926,2.8231695145619535,2.186305852814926,2.3128147437631625,2.186305852814926,1.1808255411626103,2.186305852814926,1.093152926407463,2.186305852814926,1.2257333984999648,2.186305852814926,1.093152926407463,2.186305852814926,1.4055607746103391,2.186305852814926,2.005961255453281,2.186305852814926,2.03175561087984,2.186305852814926,1.093152926407463,2.186305852814926,1.1808255411626103,2.186305852814926,2.8231695145619535,2.186305852814926,2.3128147437631625,2.186305852814926,1.093152926407463,2.186305852814926,1.3642047014513088,2.186305852814926,1.802383219046964,2.186305852814926,1.093152926407463,2.186305852814926,1.093152926407463,2.186305852814926,1.093152926407463,2.186305852814926,2.8619662936092545,2.186305852814926,1.093152926407463,2.186305852814926,1.5261370887168042,2.186305852814926,1.093152926407463
matt_grimes,MID,Coventry City,,89.12688918038366,2.5464825480109616,54.24296551452978,1.549799014700851,35,2.546482548010963,1.3136116378367564,2.546482548010963,1.5980974351108197,2.546482548010963,1.6419719281346408,2.546482548010963,1.5846642001571436,2.546482548010963,1.8325741667266062,2.546482548010963,1.2796988844438737,2.546482548010963,1.365019111832122,2.546482548010963,2.1215478435369657,2.546482548010963,1.2732412740054815,2.546482548010963,2.0214744529199455,2.546482548010963,1.2732412740054815,2.546482548010963,1.7873414545543436,2.546482548010963,1.3567283535856034,2.546482548010963,1.851052800812233,2.546482548010963,1.2732412740054815,2.546482548010963,1.6381147545891763,2.546482548010963,2.0214744529199455,2.546482548010963,1.365019111832122,2.546482548010963,1.2796988844438737,2.546482548010963,1.2732412740054815,2.546482548010963,2.1215478435369657,2.546482548010963,1.6381147545891763,2.546482548010963,1.2732412740054815,2.546482548010963,1.3567283535856034,2.546482548010963,1.851052800812233,2.546482548010963,1.2732412740054815,2.546482548010963,1.3136116378367564,2.546482548010963,1.2732412740054815,2.546482548010963,1.2732412740054815,2.546482548010963,1.7873414545543436,2.546482548010963,1.2732412740054815,2.546482548010963,1.6419719281346408,2.546482548010963,1.5846642001571436,2.546482548010963,1.8325741667266062,2.546482548010963,1.5980974351108197
ben_chilwell,DEF,Crystal Palace,,57.71859404162785,1.649102686903653,54.02157002502435,1.54347342928641,35,1.6491026869036527,1.259120136669882,1.6491026869036527,1.4987564317779967,1.6491026869036527,2.1389664451482298,1.6491026869036527,0.941536138063658,1.6491026869036527,0.8245513434518263,1.6491026869036527,3.051728866912812,1.6491026869036527,0.9224863610485143,1.6491026869036527,2.4661658430863564,1.6491026869036527,1.4546582456591064,1.6491026869036527,0.8245513434518263,1.6491026869036527,3.010359668810701,1.6491026869036527,2.1664710943938954,1.6491026869036527,1.0950209480933961,1.6491026869036527,0.8245513434518263,1.6491026869036527,1.6273275541026413,1.6491026869036527,1.0367964510688978,1.6491026869036527,0.8245513434518263,1.6491026869036527,0.9224863610485143,1.6491026869036527,3.051728866912812,1.6491026869036527,1.4546582456591064,1.6491026869036527,2.4661658430863564,1.6491026869036527,1.0367964510688978,1.6491026869036527,1.6273275541026413,1.6491026869036527,1.0950209480933961,1.6491026869036527,0.8245513434518263,1.6491026869036527,1.9218901742788406,1.6491026869036527,1.259120136669882,1.6491026869036527,0.9890320769105523,1.6491026869036527,0.8245513434518263,1.6491026869036527,2.1664710943938954,1.6491026869036527,3.010359668810701,1.6491026869036527,2.1389664451482298,1.6491026869036527,0.941536138063658,1.6491026869036527,0.8245513434518263,1.6491026869036527,1.4987564317779967
jack_rudoni,MID,Coventry City,,88.51582697140348,2.5290236277543854,53.87107071786679,1.5391734490819085,35,2.529023627754387,1.3046053947541105,2.529023627754387,1.5871407310471568,2.529023627754387,1.6307144164822516,2.529023627754387,1.5737995955967847,2.529023627754387,1.8200098684689443,2.529023627754387,1.270925150340184,2.529023627754387,1.3556604143453501,2.529023627754387,2.1070023149804267,2.529023627754387,1.2645118138771936,2.529023627754387,2.0076150368003254,2.529023627754387,1.2645118138771936,2.529023627754387,1.7750872759617158,2.529023627754387,1.3474264983054294,2.529023627754387,1.83836181132741,2.529023627754387,1.2645118138771936,2.529023627754387,1.6268836880759454,2.529023627754387,2.0076150368003254,2.529023627754387,1.3556604143453501,2.529023627754387,1.270925150340184,2.529023627754387,1.2645118138771936,2.529023627754387,2.1070023149804267,2.529023627754387,1.6268836880759454,2.529023627754387,1.2645118138771936,2.529023627754387,1.3474264983054294,2.529023627754387,1.83836181132741,2.529023627754387,1.2645118138771936,2.529023627754387,1.3046053947541105,2.529023627754387,1.2645118138771936,2.529023627754387,1.2645118138771936,2.529023627754387,1.7750872759617158,2.529023627754387,1.2645118138771936,2.529023627754387,1.6307144164822516,2.529023627754387,1.5737995955967847,2.529023627754387,1.8200098684689443,2.529023627754387,1.5871407310471568
boubacar_kamara,MID,Aston Villa,,94.60670119071595,2.7030486054490273,53.37492092697924,1.5249977407708355,35,2.7030486054490277,1.5250322899765933,2.7030486054490277,1.5122132236211192,2.7030486054490277,1.3515243027245138,2.7030486054490277,1.5669008375993105,2.7030486054490277,1.3515243027245138,2.7030486054490277,1.7487887262901607,2.7030486054490277,1.3515243027245138,2.7030486054490277,1.3515243027245138,2.7030486054490277,1.9290524759849255,2.7030486054490277,1.3515243027245138,2.7030486054490277,2.024550503017184,2.7030486054490277,1.5633233037813017,2.7030486054490277,1.7664225157175801,2.7030486054490277,1.3515243027245138,2.7030486054490277,1.563220014343081,2.7030486054490277,1.3515243027245138,2.7030486054490277,1.3515243027245138,2.7030486054490277,1.3515243027245138,2.7030486054490277,1.7487887262901607,2.7030486054490277,1.9290524759849255,2.7030486054490277,1.3515243027245138,2.7030486054490277,1.3515243027245138,2.7030486054490277,1.3515243027245138,2.7030486054490277,1.7664225157175801,2.7030486054490277,1.563220014343081,2.7030486054490277,1.3515243027245138,2.7030486054490277,1.5250322899765933,2.7030486054490277,1.3515243027245138,2.7030486054490277,1.3515243027245138,2.7030486054490277,1.5633233037813017,2.7030486054490277,2.024550503017184,2.7030486054490277,1.3515243027245138,2.7030486054490277,1.5669008375993105,2.7030486054490277,1.3515243027245138,2.7030486054490277,1.5122132236211192
estevao_almeida_de_oliveira_goncalves,MID,Chelsea,,40.68286244300578,1.1623674983715937,53.369348174330526,1.5248385192665865,35,1.1623674983715928,0.9436501932772493,1.1623674983715928,0.9700040056783443,1.1623674983715928,1.446614021556501,1.1623674983715928,1.4554540572917698,1.1623674983715928,1.689651023616867,1.1623674983715928,1.194697456700841,1.1623674983715928,1.3644812129961252,1.1623674983715928,1.0510394751458139,1.1623674983715928,1.703974234293119,1.1623674983715928,2.262104163853084,1.1623674983715928,1.7466427724050442,1.1623674983715928,1.2079410422313976,1.1623674983715928,1.905756006819066,1.1623674983715928,1.7467581814639601,1.1623674983715928,2.155400733008814,1.1623674983715928,1.7507554905624405,1.1623674983715928,2.262104163853084,1.1623674983715928,1.3644812129961252,1.1623674983715928,1.0510394751458139,1.1623674983715928,1.703974234293119,1.1623674983715928,1.194697456700841,1.1623674983715928,1.7507554905624405,1.1623674983715928,2.155400733008814,1.1623674983715928,1.905756006819066,1.1623674983715928,1.7467581814639601,1.1623674983715928,0.8248738192018213,1.1623674983715928,0.9436501932772493,1.1623674983715928,1.953985466672612,1.1623674983715928,1.400640746655224,1.1623674983715928,1.2079410422313976,1.1623674983715928,1.7466427724050442,1.1623674983715928,1.689651023616867,1.1623674983715928,1.4554540572917698,1.1623674983715928,1.446614021556501,1.1623674983715928,0.9700040056783443
daniel_munoz_mejia,DEF,Nott'm Forest,14969.0,46.9769246433306,1.3421978469523028,52.59383536448174,1.502681010413764,35,1.3421978469523033,2.6843956939046065,1.3421978469523033,2.6843956939046065,1.3421978469523033,1.4524962961387802,1.3421978469523033,0.8061649555336274,1.3421978469523033,1.3992804038983775,1.3421978469523033,1.152208526065735,1.3421978469523033,0.7126813004749751,1.3421978469523033,1.8084752128594646,1.3421978469523033,0.7157075912496839,1.3421978469523033,1.6165850408074631,1.3421978469523033,1.0463442122680076,1.3421978469523033,1.2169143435175138,1.3421978469523033,1.0991272109332413,1.3421978469523033,2.407634076931972,1.3421978469523033,0.6710989234761516,1.3421978469523033,2.135827377382572,1.3421978469523033,1.6165850408074631,1.3421978469523033,0.7126813004749751,1.3421978469523033,1.8084752128594646,1.3421978469523033,0.7157075912496839,1.3421978469523033,1.152208526065735,1.3421978469523033,2.135827377382572,1.3421978469523033,2.407634076931972,1.3421978469523033,1.0991272109332413,1.3421978469523033,0.6710989234761516,1.3421978469523033,2.6843956939046065,1.3421978469523033,2.6843956939046065,1.3421978469523033,1.6655920623668399,1.3421978469523033,1.0251738895167382,1.3421978469523033,1.2169143435175138,1.3421978469523033,1.0463442122680076,1.3421978469523033,1.4524962961387802,1.3421978469523033,0.8061649555336274,1.3421978469523033,1.3992804038983775,1.3421978469523033,2.6843956939046065
brooke_norton_cuffy,DEF,Hull City,,32.40902700467015,0.9259722001334328,52.495757345647945,1.499878781304227,35,0.9259722001334323,0.9252644327632071,0.9259722001334323,0.4986924533019792,0.9259722001334323,1.4209480628576476,0.9259722001334323,1.8519444002668646,0.9259722001334323,1.489571413422694,0.9259722001334323,1.8089851288695211,0.9259722001334323,1.0422074174076708,0.9259722001334323,1.3527103748456304,0.9259722001334323,1.8519444002668646,0.9259722001334323,1.8519444002668646,0.9259722001334323,1.8519444002668646,0.9259722001334323,1.8519444002668646,0.9259722001334323,0.9213520539491887,0.9259722001334323,1.3253414508446077,0.9259722001334323,1.8519444002668646,0.9259722001334323,1.573222882560337,0.9259722001334323,1.8519444002668646,0.9259722001334323,1.0422074174076708,0.9259722001334323,1.8089851288695211,0.9259722001334323,1.8519444002668646,0.9259722001334323,1.3527103748456304,0.9259722001334323,1.573222882560337,0.9259722001334323,1.3253414508446077,0.9259722001334323,0.9213520539491887,0.9259722001334323,1.8519444002668646,0.9259722001334323,1.8519444002668646,0.9259722001334323,0.9252644327632071,0.9259722001334323,1.8519444002668646,0.9259722001334323,1.8519444002668646,0.9259722001334323,1.8519444002668646,0.9259722001334323,1.8519444002668646,0.9259722001334323,1.4209480628576476,0.9259722001334323,1.8519444002668646,0.9259722001334323,1.489571413422694,0.9259722001334323,0.4986924533019792
martin_zubimendi_ibanez,MID,Arsenal,,41.60140481074985,1.1886115660214243,51.97603733552661,1.4850296381579031,35,1.188611566021425,1.3080038201982904,1.188611566021425,1.3426666706004848,1.188611566021425,1.0075357839857881,1.188611566021425,1.6334448483030786,1.188611566021425,1.395211197434158,1.188611566021425,1.674347288234901,1.188611566021425,0.9045914637602285,1.188611566021425,1.6782897764201805,1.188611566021425,1.157943020954924,1.188611566021425,0.9298544625975157,1.188611566021425,1.6197144912240649,1.188611566021425,1.38673706059571,1.188611566021425,1.1452476021377944,1.188611566021425,2.168473160219829,1.188611566021425,1.8731078381120763,1.188611566021425,2.0661863028829623,1.188611566021425,0.9298544625975157,1.188611566021425,0.9045914637602285,1.188611566021425,1.6782897764201805,1.188611566021425,1.157943020954924,1.188611566021425,1.674347288234901,1.188611566021425,2.0661863028829623,1.188611566021425,1.8731078381120763,1.188611566021425,1.1452476021377944,1.188611566021425,2.168473160219829,1.188611566021425,1.8919951906524748,1.188611566021425,1.3080038201982904,1.188611566021425,1.6744579203846952,1.188611566021425,1.8268746491654744,1.188611566021425,1.38673706059571,1.188611566021425,1.6197144912240649,1.188611566021425,1.0075357839857881,1.188611566021425,1.6334448483030786,1.188611566021425,1.395211197434158,1.188611566021425,1.3426666706004848
joe_rodon,DEF,Leeds,,37.011171361250284,1.0574620388928653,51.4917421140904,1.4711926318311543,35,1.057462038892866,0.528731019446433,1.057462038892866,1.5235040687874177,1.057462038892866,0.8455757120581051,1.057462038892866,2.114924077785732,1.057462038892866,1.2764052883598969,1.057462038892866,1.8968856254001325,1.057462038892866,2.114924077785732,1.057462038892866,0.7506961843755049,1.057462038892866,2.114924077785732,1.057462038892866,0.7475219481858093,1.057462038892866,1.4676866263829662,1.057462038892866,1.075291273406555,1.057462038892866,2.114924077785732,1.057462038892866,2.114924077785732,1.057462038892866,1.6956145731718455,1.057462038892866,1.1528599297796527,1.057462038892866,0.7475219481858093,1.057462038892866,2.114924077785732,1.057462038892866,0.7506961843755049,1.057462038892866,2.114924077785732,1.057462038892866,1.8968856254001325,1.057462038892866,1.1528599297796527,1.057462038892866,2.114924077785732,1.057462038892866,2.114924077785732,1.057462038892866,1.6956145731718455,1.057462038892866,1.0974965436952584,1.057462038892866,0.528731019446433,1.057462038892866,2.114924077785732,1.057462038892866,1.2085362160434592,1.057462038892866,1.075291273406555,1.057462038892866,1.4676866263829662,1.057462038892866,0.8455757120581051,1.057462038892866,2.114924077785732,1.057462038892866,1.2764052883598969,1.057462038892866,1.5235040687874177
sander_berge,MID,Fulham,,64.60203286331188,1.8457723675231965,51.360930653253114,1.4674551615215174,35,1.8457723675231976,1.7180836289796846,1.8457723675231976,1.1751631039671961,1.8457723675231976,2.1201580379107408,1.8457723675231976,0.9282206837982936,1.8457723675231976,1.7181971509991218,1.8457723675231976,1.8745952222600442,1.8457723675231976,1.7221291005829593,1.8457723675231976,1.1881901452423338,1.8457723675231976,1.4229606117262352,1.8457723675231976,1.6620237453407058,1.8457723675231976,1.4316561051129266,1.8457723675231976,0.9541435882197723,1.8457723675231976,1.0338540565870593,1.8457723675231976,1.3777390402484526,1.8457723675231976,0.9228861837615988,1.8457723675231976,1.6761127589421594,1.8457723675231976,1.6620237453407058,1.8457723675231976,1.7221291005829593,1.8457723675231976,1.8745952222600442,1.8457723675231976,1.4229606117262352,1.8457723675231976,1.1881901452423338,1.8457723675231976,1.6761127589421594,1.8457723675231976,0.9228861837615988,1.8457723675231976,1.0338540565870593,1.8457723675231976,1.3777390402484526,1.8457723675231976,2.22511677394185,1.8457723675231976,1.7180836289796846,1.8457723675231976,1.9414168052286853,1.8457723675231976,1.3421707467240167,1.8457723675231976,0.9541435882197723,1.8457723675231976,1.4316561051129266,1.8457723675231976,2.1201580379107408,1.8457723675231976,0.9282206837982936,1.8457723675231976,1.7181971509991218,1.8457723675231976,1.1751631039671961
marcos_senesi_baron,DEF,Spurs,,47.319259879191435,1.3519788536911839,51.18410316048817,1.462402947442519,35,1.3519788536911828,1.0496370377940532,1.3519788536911828,2.7039577073823655,1.3519788536911828,2.299226036317636,1.3519788536911828,2.617285192945412,1.3519788536911828,0.6834815738645774,1.3519788536911828,1.3870950464336596,1.3519788536911828,1.5905957937585842,1.3519788536911828,1.336275295144492,1.3519788536911828,1.1621205935701282,1.3519788536911828,2.039657920698543,1.3519788536911828,0.7698659331536525,1.3519788536911828,1.543795401202551,1.3519788536911828,0.9790135972545898,1.3519788536911828,1.7270453742456506,1.3519788536911828,0.99923068827076,1.3519788536911828,0.6805915472574009,1.3519788536911828,2.039657920698543,1.3519788536911828,1.5905957937585842,1.3519788536911828,1.3870950464336596,1.3519788536911828,1.1621205935701282,1.3519788536911828,1.336275295144492,1.3519788536911828,0.6805915472574009,1.3519788536911828,0.99923068827076,1.3519788536911828,0.9790135972545898,1.3519788536911828,1.7270453742456506,1.3519788536911828,2.27003598350361,1.3519788536911828,1.0496370377940532,1.3519788536911828,1.1003282715508593,1.3519788536911828,0.6759894268455914,1.3519788536911828,1.543795401202551,1.3519788536911828,0.7698659331536525,1.3519788536911828,0.6834815738645774,1.3519788536911828,2.617285192945412,1.3519788536911828,2.299226036317636,1.3519788536911828,2.7039577073823655
brenden_aaronson,MID,Leeds,,56.861028755122284,1.6246008215749224,51.10741707890658,1.460211916540188,35,1.6246008215749212,1.614173066335186,1.6246008215749212,2.085629680569091,1.6246008215749212,0.8123004107874606,1.6246008215749212,1.1014950216755395,1.6246008215749212,1.2580333664018046,1.6246008215749212,1.3337587136334914,1.6246008215749212,1.5578355678620976,1.6246008215749212,1.81971416455934,1.6246008215749212,1.6104876009921583,1.6246008215749212,1.1137054297995563,1.6246008215749212,1.9872505493409791,1.6246008215749212,1.6103811953886817,1.6246008215749212,1.8015483768667526,1.6246008215749212,1.7570814621438533,1.6246008215749212,0.8700328139715199,1.6246008215749212,1.3419091079439651,1.6246008215749212,1.1137054297995563,1.6246008215749212,1.5578355678620976,1.6246008215749212,1.81971416455934,1.6246008215749212,1.6104876009921583,1.6246008215749212,1.3337587136334914,1.6246008215749212,1.3419091079439651,1.6246008215749212,1.7570814621438533,1.6246008215749212,1.8015483768667526,1.6246008215749212,0.8700328139715199,1.6246008215749212,1.2913719711575187,1.6246008215749212,1.614173066335186,1.6246008215749212,1.5710413758813675,1.6246008215749212,0.8943306753247527,1.6246008215749212,1.6103811953886817,1.6246008215749212,1.9872505493409791,1.6246008215749212,0.8123004107874606,1.6246008215749212,1.1014950216755395,1.6246008215749212,1.2580333664018046,1.6246008215749212,2.085629680569091
matheus_nunes,DEF,Man City,14973.0,37.566513373152326,1.0733289535186379,50.56842898126571,1.4448122566075918,35,1.0733289535186379,2.1466579070372758,1.0733289535186379,1.1838169453026803,1.0733289535186379,0.997291410654086,1.0733289535186379,1.3612230492548534,1.0733289535186379,2.1466579070372758,1.0733289535186379,1.0178859471093293,1.0733289535186379,2.1466579070372758,1.0733289535186379,2.0777375622662158,1.0733289535186379,0.7842390388063948,1.0733289535186379,1.6202916153425442,1.0733289535186379,1.1208709840136841,1.0733289535186379,0.6962419162174549,1.0733289535186379,1.5726174771668777,1.0733289535186379,0.5366644767593189,1.0733289535186379,1.0692333641043308,1.0733289535186379,2.1466579070372758,1.0733289535186379,1.6202916153425442,1.0733289535186379,2.1466579070372758,1.0733289535186379,1.0178859471093293,1.0733289535186379,0.7842390388063948,1.0733289535186379,2.0777375622662158,1.0733289535186379,2.1466579070372758,1.0733289535186379,0.5366644767593189,1.0733289535186379,1.5726174771668777,1.0733289535186379,1.0692333641043308,1.0733289535186379,2.1466579070372758,1.0733289535186379,2.1466579070372758,1.0733289535186379,1.759288657864434,1.0733289535186379,1.4129915860702655,1.0733289535186379,0.6962419162174549,1.0733289535186379,1.1208709840136841,1.0733289535186379,0.997291410654086,1.0733289535186379,1.3612230492548534,1.0733289535186379,2.1466579070372758,1.0733289535186379,1.1838169453026803
lucas_herrington,DEF,Hull City,,30.980611351496133,0.8851603243284609,50.18202662158326,1.4337721891880932,35,0.8851603243284614,0.8844837515383849,0.8851603243284614,0.47671277133517304,0.8851603243284614,1.3583203124151357,0.8851603243284614,1.7703206486569227,0.8851603243284614,1.4239191146620165,0.8851603243284614,1.729254790958919,0.8851603243284614,0.9962725181999709,0.8851603243284614,1.2930901747895809,0.8851603243284614,1.7703206486569227,0.8851603243284614,1.7703206486569227,0.8851603243284614,1.7703206486569227,0.8851603243284614,1.7703206486569227,0.8851603243284614,0.8807438093463694,0.8851603243284614,1.2669275258010095,0.8851603243284614,1.7703206486569227,0.8851603243284614,1.5038836768181572,0.8851603243284614,1.7703206486569227,0.8851603243284614,0.9962725181999709,0.8851603243284614,1.729254790958919,0.8851603243284614,1.7703206486569227,0.8851603243284614,1.2930901747895809,0.8851603243284614,1.5038836768181572,0.8851603243284614,1.2669275258010095,0.8851603243284614,0.8807438093463694,0.8851603243284614,1.7703206486569227,0.8851603243284614,1.7703206486569227,0.8851603243284614,0.8844837515383849,0.8851603243284614,1.7703206486569227,0.8851603243284614,1.7703206486569227,0.8851603243284614,1.7703206486569227,0.8851603243284614,1.7703206486569227,0.8851603243284614,1.3583203124151357,0.8851603243284614,1.7703206486569227,0.8851603243284614,1.4239191146620165,0.8851603243284614,0.47671277133517304
josh_acheampong,DEF,Chelsea,,70.08724225103641,2.0024926357438977,49.993745806931784,1.4283927373409082,35,2.002492635743897,1.2495094704092615,2.002492635743897,1.0012463178719484,2.002492635743897,1.3978274253605687,2.002492635743897,1.0012463178719484,2.002492635743897,2.621347063276114,2.002492635743897,1.8609361737653605,2.002492635743897,1.0012463178719484,2.002492635743897,1.2873885401824212,2.002492635743897,1.837310473491567,2.002492635743897,1.1226801139105296,2.002492635743897,1.0012463178719484,2.002492635743897,1.0012463178719484,2.002492635743897,2.58581211548609,2.002492635743897,2.118365317580154,2.002492635743897,1.0815478754868406,2.002492635743897,1.0012463178719484,2.002492635743897,1.1226801139105296,2.002492635743897,1.0012463178719484,2.002492635743897,1.2873885401824212,2.002492635743897,1.837310473491567,2.002492635743897,1.8609361737653605,2.002492635743897,1.0012463178719484,2.002492635743897,1.0815478754868406,2.002492635743897,2.58581211548609,2.002492635743897,2.118365317580154,2.002492635743897,1.0012463178719484,2.002492635743897,1.2495094704092615,2.002492635743897,1.6508482188267064,2.002492635743897,1.0012463178719484,2.002492635743897,1.0012463178719484,2.002492635743897,1.0012463178719484,2.002492635743897,2.621347063276114,2.002492635743897,1.0012463178719484,2.002492635743897,1.3978274253605687,2.002492635743897,1.0012463178719484
eberechi_eze,MID,Arsenal,,39.81774648957667,1.1376498997021907,49.74756712119474,1.421359060605564,35,1.1376498997021915,1.2519232164630023,1.1376498997021915,1.2850998987457134,1.1376498997021915,0.9643377335074157,1.1376498997021915,1.5634109754301033,1.1376498997021915,1.3353915814039232,1.1376498997021915,1.6025597251278445,1.1376498997021915,0.8658071462849393,1.1376498997021915,1.6063331793131956,1.1376498997021915,1.1082962670973007,1.1376498997021915,0.8899869952070036,1.1376498997021915,1.5502693067804367,1.1376498997021915,1.3272807727933418,1.1376498997021915,1.0961451637790578,1.1376498997021915,2.075499973038724,1.1376498997021915,1.7927984255549316,1.1376498997021915,1.9775986600137745,1.1376498997021915,0.8899869952070036,1.1376498997021915,0.8658071462849393,1.1376498997021915,1.6063331793131956,1.1376498997021915,1.1082962670973007,1.1376498997021915,1.6025597251278445,1.1376498997021915,1.9775986600137745,1.1376498997021915,1.7927984255549316,1.1376498997021915,1.0961451637790578,1.1376498997021915,2.075499973038724,1.1376498997021915,1.810875983722355,1.1376498997021915,1.2519232164630023,1.1376498997021915,1.6026656139292959,1.1376498997021915,1.7485474824616638,1.1376498997021915,1.3272807727933418,1.1376498997021915,1.5502693067804367,1.1376498997021915,0.9643377335074157,1.1376498997021915,1.5634109754301033,1.1376498997021915,1.3353915814039232,1.1376498997021915,1.2850998987457134
lukas_nmecha,FWD,Leeds,14970.0,46.47467893671625,1.3278479696204644,49.73005835079959,1.4208588100228454,35,1.3278479696204648,0.6839551867107823,1.3278479696204648,2.2577512422391752,1.3278479696204648,0.7092532166475659,1.3278479696204648,1.1794737403481856,1.3278479696204648,1.3493488453410503,1.3278479696204648,0.6639239848102324,1.3278479696204648,1.343804913160742,1.3278479696204648,1.9594788463248352,1.3278479696204648,1.4516599881208438,1.3278479696204648,1.014366540780374,1.3278479696204648,2.6556959392409296,1.3278479696204648,0.8690156088270469,1.3278479696204648,2.3691417221859843,1.3278479696204648,0.7852729677119221,1.3278479696204648,0.8310631943953553,1.3278479696204648,2.6556959392409296,1.3278479696204648,1.014366540780374,1.3278479696204648,1.343804913160742,1.3278479696204648,1.9594788463248352,1.3278479696204648,1.4516599881208438,1.3278479696204648,0.6639239848102324,1.3278479696204648,2.6556959392409296,1.3278479696204648,0.7852729677119221,1.3278479696204648,2.3691417221859843,1.3278479696204648,0.8310631943953553,1.3278479696204648,1.5000826351965044,1.3278479696204648,0.6839551867107823,1.3278479696204648,1.0918032635375168,1.3278479696204648,1.5803686998936584,1.3278479696204648,0.8690156088270469,1.3278479696204648,2.6556959392409296,1.3278479696204648,0.7092532166475659,1.3278479696204648,1.1794737403481856,1.3278479696204648,1.3493488453410503,1.3278479696204648,2.2577512422391752
george_hemmings,MID,Aston Villa,,87.94332351582851,2.512666386166529,49.615596777342596,1.4175884793526456,35,2.512666386166528,1.4176205951746843,2.512666386166528,1.4057044065169937,2.512666386166528,1.256333193083264,2.512666386166528,1.4565402402144145,2.512666386166528,1.256333193083264,2.512666386166528,1.625617327116586,2.512666386166528,1.256333193083264,2.512666386166528,1.256333193083264,2.512666386166528,1.793184667041326,2.512666386166528,1.256333193083264,2.512666386166528,1.8819565381743344,2.512666386166528,1.453214680714018,2.512666386166528,1.6420091263116487,2.512666386166528,1.256333193083264,2.512666386166528,1.4531186661995399,2.512666386166528,1.256333193083264,2.512666386166528,1.256333193083264,2.512666386166528,1.256333193083264,2.512666386166528,1.625617327116586,2.512666386166528,1.793184667041326,2.512666386166528,1.256333193083264,2.512666386166528,1.256333193083264,2.512666386166528,1.256333193083264,2.512666386166528,1.6420091263116487,2.512666386166528,1.4531186661995399,2.512666386166528,1.256333193083264,2.512666386166528,1.4176205951746843,2.512666386166528,1.256333193083264,2.512666386166528,1.256333193083264,2.512666386166528,1.453214680714018,2.512666386166528,1.8819565381743344,2.512666386166528,1.256333193083264,2.512666386166528,1.4565402402144145,2.512666386166528,1.256333193083264,2.512666386166528,1.4057044065169937
william_saliba,DEF,Arsenal,14970.0,31.278255012833945,0.8936644289381127,49.22702219486244,1.4064863484246413,35,0.8936644289381124,1.2836073001906598,0.8936644289381124,1.1036890776529256,0.8936644289381124,1.7568747889139522,0.8936644289381124,1.7873288578762248,0.8936644289381124,1.159364847088601,0.8936644289381124,1.0813585159534274,0.8936644289381124,1.7051819389041585,0.8936644289381124,0.4468322144690562,0.8936644289381124,0.751739779280435,0.8936644289381124,1.2153552822172091,0.8936644289381124,1.7873288578762248,0.8936644289381124,1.7873288578762248,0.8936644289381124,1.7873288578762248,0.8936644289381124,1.5321003151581307,0.8936644289381124,1.7873288578762248,0.8936644289381124,1.4759679274269668,0.8936644289381124,1.2153552822172091,0.8936644289381124,1.7051819389041585,0.8936644289381124,0.4468322144690562,0.8936644289381124,0.751739779280435,0.8936644289381124,1.0813585159534274,0.8936644289381124,1.4759679274269668,0.8936644289381124,1.7873288578762248,0.8936644289381124,1.7873288578762248,0.8936644289381124,1.5321003151581307,0.8936644289381124,0.7549319258366892,0.8936644289381124,1.2836073001906598,0.8936644289381124,1.7873288578762248,0.8936644289381124,1.7873288578762248,0.8936644289381124,1.7873288578762248,0.8936644289381124,1.7873288578762248,0.8936644289381124,1.7568747889139522,0.8936644289381124,1.7873288578762248,0.8936644289381124,1.159364847088601,0.8936644289381124,1.1036890776529256
ethan_pinnock,DEF,Coventry City,,60.04492044913009,1.715569155689431,49.074341746182775,1.4021240498909364,35,1.7155691556894317,0.8726799460344095,1.7155691556894317,1.9825400709103378,1.7155691556894317,0.8577845778447158,1.7155691556894317,2.8285505730732368,1.7155691556894317,1.781338969126562,1.7155691556894317,1.0149401422381559,1.7155691556894317,0.9167024234243948,1.7155691556894317,1.2114219914133761,1.7155691556894317,1.389149740648952,1.7155691556894317,1.16703846883636,1.7155691556894317,2.0080332568317685,1.7155691556894317,2.790206777112857,1.7155691556894317,1.5083182309021306,1.7155691556894317,0.8577845778447158,1.7155691556894317,0.9609737049798713,1.7155691556894317,0.8577845778447158,1.7155691556894317,1.16703846883636,1.7155691556894317,0.9167024234243948,1.7155691556894317,1.0149401422381559,1.7155691556894317,1.389149740648952,1.7155691556894317,1.2114219914133761,1.7155691556894317,0.8577845778447158,1.7155691556894317,0.9609737049798713,1.7155691556894317,1.5083182309021306,1.7155691556894317,0.8577845778447158,1.7155691556894317,0.8577845778447158,1.7155691556894317,0.8726799460344095,1.7155691556894317,0.8577845778447158,1.7155691556894317,1.3482765323602155,1.7155691556894317,2.790206777112857,1.7155691556894317,2.0080332568317685,1.7155691556894317,0.8577845778447158,1.7155691556894317,2.8285505730732368,1.7155691556894317,1.781338969126562,1.7155691556894317,1.9825400709103378
viktor_gyokeres,FWD,Arsenal,14969.0,37.256061089219365,1.0644588882634105,48.93189321648241,1.3980540918994973,35,1.0644588882634112,1.4505885835695085,1.0644588882634112,1.6126317168018356,1.0644588882634112,0.7517651031042013,1.0644588882634112,1.1737197204857397,1.0644588882634112,2.1289177765268223,1.0644588882634112,0.9342166226774404,1.0644588882634112,0.8934166921897867,1.0644588882634112,0.735271378444058,1.0644588882634112,1.090473029781263,1.0644588882634112,1.6989415315480576,1.0644588882634112,1.44462869798721,1.0644588882634112,0.6410231095721873,1.0644588882634112,1.2679679893576101,1.0644588882634112,2.1289177765268223,1.0644588882634112,2.1289177765268223,1.0644588882634112,2.1289177765268223,1.0644588882634112,1.6989415315480576,1.0644588882634112,0.8934166921897867,1.0644588882634112,0.735271378444058,1.0644588882634112,1.090473029781263,1.0644588882634112,0.9342166226774404,1.0644588882634112,2.1289177765268223,1.0644588882634112,2.1289177765268223,1.0644588882634112,1.2679679893576101,1.0644588882634112,2.1289177765268223,1.0644588882634112,2.1064957768621615,1.0644588882634112,1.4505885835695085,1.0644588882634112,1.5605759869016742,1.0644588882634112,0.8441908894662075,1.0644588882634112,0.6410231095721873,1.0644588882634112,1.44462869798721,1.0644588882634112,0.7517651031042013,1.0644588882634112,1.1737197204857397,1.0644588882634112,2.1289177765268223,1.0644588882634112,1.6126317168018356
jeremie_frimpong,DEF,Liverpool,,51.65980936848353,1.4759945533852437,48.892451098120326,1.3969271742320093,35,1.4759945533852445,1.7316037325592233,1.4759945533852445,1.4662057720535324,1.4759945533852445,0.7379972766926223,1.4759945533852445,0.9341431828947904,1.4759945533852445,0.8483145982169332,1.4759945533852445,0.7379972766926223,1.4759945533852445,1.1775989176637671,1.4759945533852445,1.9519686836121193,1.4759945533852445,0.8911079617969034,1.4759945533852445,0.9866028695737321,1.4759945533852445,0.7379972766926223,1.4759945533852445,1.3503644829433346,1.4759945533852445,2.7495770400552866,1.4759945533852445,1.3106324604248185,1.4759945533852445,2.712303808314312,1.4759945533852445,2.2219906403344862,1.4759945533852445,0.9866028695737321,1.4759945533852445,1.1775989176637671,1.4759945533852445,1.9519686836121193,1.4759945533852445,0.8911079617969034,1.4759945533852445,0.7379972766926223,1.4759945533852445,2.2219906403344862,1.4759945533852445,1.3106324604248185,1.4759945533852445,2.7495770400552866,1.4759945533852445,2.712303808314312,1.4759945533852445,1.1344545893295748,1.4759945533852445,1.7316037325592233,1.4759945533852445,0.7379972766926223,1.4759945533852445,1.9271872710559108,1.4759945533852445,1.3503644829433346,1.4759945533852445,0.7379972766926223,1.4759945533852445,0.7379972766926223,1.4759945533852445,0.9341431828947904,1.4759945533852445,0.8483145982169332,1.4759945533852445,1.4662057720535324
adam_smith,DEF,Bournemouth,,78.84407056442177,2.2526877304120507,48.864836219237304,1.3961381776924944,35,2.2526877304120525,1.1263438652060263,2.2526877304120525,1.1263438652060263,2.2526877304120525,1.1263438652060263,2.2526877304120525,1.1263438652060263,2.2526877304120525,1.679954513341498,2.2526877304120525,1.1621861184672073,2.2526877304120525,1.1263438652060263,2.2526877304120525,1.6586264837371807,2.2526877304120525,1.4902982462037848,2.2526877304120525,1.1263438652060263,2.2526877304120525,1.127990902573349,2.2526877304120525,1.1263438652060263,2.2526877304120525,1.912347895830407,2.2526877304120525,2.366413148428831,2.2526877304120525,1.1263438652060263,2.2526877304120525,2.334334081579152,2.2526877304120525,1.1263438652060263,2.2526877304120525,1.1263438652060263,2.2526877304120525,1.6586264837371807,2.2526877304120525,1.4902982462037848,2.2526877304120525,1.1621861184672073,2.2526877304120525,2.334334081579152,2.2526877304120525,1.1263438652060263,2.2526877304120525,1.912347895830407,2.2526877304120525,2.366413148428831,2.2526877304120525,1.1263438652060263,2.2526877304120525,1.1263438652060263,2.2526877304120525,1.1263438652060263,2.2526877304120525,1.1263438652060263,2.2526877304120525,1.1263438652060263,2.2526877304120525,1.127990902573349,2.2526877304120525,1.679954513341498,2.2526877304120525,1.1263438652060263,2.2526877304120525,1.1263438652060263,2.2526877304120525,1.1263438652060263
hugo_ekitike,FWD,Liverpool,,28.07630510351953,0.8021801458148438,48.62807716698516,1.3893736333424331,35,0.8021801458148433,1.6043602916296866,0.8021801458148433,0.8070938027805731,0.8021801458148433,1.3729833001234422,0.8021801458148433,1.6043602916296866,0.8021801458148433,1.6043602916296866,0.8021801458148433,0.960000929512898,0.8021801458148433,1.6043602916296866,0.8021801458148433,1.5964621104185421,0.8021801458148433,1.6043602916296866,0.8021801458148433,1.6043602916296866,0.8021801458148433,1.6043602916296866,0.8021801458148433,0.946525869039316,0.8021801458148433,1.6043602916296866,0.8021801458148433,1.124875320093111,0.8021801458148433,1.0628965244431146,0.8021801458148433,1.6043602916296866,0.8021801458148433,1.6043602916296866,0.8021801458148433,1.6043602916296866,0.8021801458148433,1.5964621104185421,0.8021801458148433,1.6043602916296866,0.8021801458148433,0.960000929512898,0.8021801458148433,1.6043602916296866,0.8021801458148433,1.124875320093111,0.8021801458148433,1.6043602916296866,0.8021801458148433,1.0628965244431146,0.8021801458148433,1.6043602916296866,0.8021801458148433,1.6043602916296866,0.8021801458148433,0.9257590936154861,0.8021801458148433,1.4777968195836293,0.8021801458148433,0.946525869039316,0.8021801458148433,1.6043602916296866,0.8021801458148433,1.3729833001234422,0.8021801458148433,1.6043602916296866,0.8021801458148433,1.6043602916296866,0.8021801458148433,0.8070938027805731
mikel_merino_zazon,MID,Arsenal,,38.02099840828661,1.0863142402367603,47.502742799023345,1.3572212228292384,35,1.0863142402367607,1.1954310531586012,1.0863142402367607,1.2271106607575246,1.0863142402367607,0.9208226648470473,1.0863142402367607,1.4928631439221793,1.0863142402367607,1.2751329662588768,1.0863142402367607,1.530245333552973,1.0863142402367607,0.8267382017563499,1.0863142402367607,1.533848513246041,1.0863142402367607,1.0582851698613154,1.0863142402367607,0.8498269518346367,1.0863142402367607,1.4803144839184796,1.0863142402367607,1.2673881522384862,1.0863142402367607,1.046682376618288,1.0863142402367607,1.9818444821321468,1.0863142402367607,1.7118996451053918,1.0863142402367607,1.8883608976790394,1.0863142402367607,0.8498269518346367,1.0863142402367607,0.8267382017563499,1.0863142402367607,1.533848513246041,1.0863142402367607,1.0582851698613154,1.0863142402367607,1.530245333552973,1.0863142402367607,1.8883608976790394,1.0863142402367607,1.7118996451053918,1.0863142402367607,1.046682376618288,1.0863142402367607,1.9818444821321468,1.0863142402367607,1.7291614660497097,1.0863142402367607,1.1954310531586012,1.0863142402367607,1.5303464441959997,1.0863142402367607,1.6696454950028807,1.0863142402367607,1.2673881522384862,1.0863142402367607,1.4803144839184796,1.0863142402367607,0.9208226648470473,1.0863142402367607,1.4928631439221793,1.0863142402367607,1.2751329662588768,1.0863142402367607,1.2271106607575246
savio_moreira_de_oliveira,MID,Spurs,,70.63624939266154,2.018178554076044,45.040294526888275,1.2868655579110935,35,2.0181785540760426,1.1684285261892526,2.0181785540760426,1.5299278401595948,2.0181785540760426,1.0090892770380213,2.0181785540760426,1.40228547740948,2.0181785540760426,1.5844634534446886,2.0181785540760426,1.816001694464737,2.0181785540760426,1.0090892770380213,2.0181785540760426,1.7303409126516056,2.0181785540760426,1.0953961512743118,2.0181785540760426,1.5686461194575623,2.0181785540760426,1.0090892770380213,2.0181785540760426,1.0090892770380213,2.0181785540760426,1.4021928278092108,2.0181785540760426,1.1613318061836484,2.0181785540760426,1.1244247766777185,2.0181785540760426,1.0090892770380213,2.0181785540760426,1.5686461194575623,2.0181785540760426,1.0090892770380213,2.0181785540760426,1.816001694464737,2.0181785540760426,1.0953961512743118,2.0181785540760426,1.7303409126516056,2.0181785540760426,1.0090892770380213,2.0181785540760426,1.1244247766777185,2.0181785540760426,1.4021928278092108,2.0181785540760426,1.1613318061836484,2.0181785540760426,1.3679388183123158,2.0181785540760426,1.1684285261892526,2.0181785540760426,1.0090892770380213,2.0181785540760426,1.405494489714101,2.0181785540760426,1.0090892770380213,2.0181785540760426,1.0090892770380213,2.0181785540760426,1.5844634534446886,2.0181785540760426,1.40228547740948,2.0181785540760426,1.0090892770380213,2.0181785540760426,1.5299278401595948
jack_grealish,MID,Everton,14974.0,49.083637902063344,1.402389654344667,45.03208518925815,1.2866310054073757,35,1.4023896543446677,1.4167962454868723,1.4023896543446677,1.8073339543864233,1.4023896543446677,0.7912640138117227,1.4023896543446677,1.6549655492492759,1.4023896543446677,0.7011948271723338,1.4023896543446677,1.468033203971736,1.4023896543446677,1.4646814038404556,1.4023896543446677,0.8133620576931221,1.4023896543446677,1.464584631714684,1.4023896543446677,1.598003325855739,1.4023896543446677,1.638444409065983,1.4023896543446677,1.1744570466919233,1.4023896543446677,1.4288064599191945,1.4023896543446677,1.1441367670538816,1.4023896543446677,1.0128756231209848,1.4023896543446677,0.8813114432692116,1.4023896543446677,1.598003325855739,1.4023896543446677,1.4646814038404556,1.4023896543446677,0.8133620576931221,1.4023896543446677,1.464584631714684,1.4023896543446677,1.468033203971736,1.4023896543446677,0.8813114432692116,1.4023896543446677,1.1441367670538816,1.4023896543446677,1.4288064599191945,1.4023896543446677,1.0128756231209848,1.4023896543446677,1.0017706896203902,1.4023896543446677,1.4167962454868723,1.4023896543446677,1.8968062880740748,1.4023896543446677,1.2130062869566012,1.4023896543446677,1.1744570466919233,1.4023896543446677,1.638444409065983,1.4023896543446677,0.7912640138117227,1.4023896543446677,1.6549655492492759,1.4023896543446677,0.7011948271723338,1.4023896543446677,1.8073339543864233
mathias_jensen,MID,Brentford,,36.70896985359,1.0488277101025714,44.95791194543759,1.2845117698696453,35,1.0488277101025707,1.1728678080048212,1.0488277101025707,1.6002026015393107,1.0488277101025707,1.5451252628568537,1.0488277101025707,1.4161214044047306,1.0488277101025707,0.7650810217652692,1.0488277101025707,1.3815271352905285,1.0488277101025707,1.1355941653076158,1.0488277101025707,1.1800350227428291,1.0488277101025707,0.9686220141582679,1.0488277101025707,0.6687809835873475,1.0488277101025707,0.9793594844854497,1.0488277101025707,1.584228147259164,1.0488277101025707,1.4194558631188918,1.0488277101025707,1.7475291234741392,1.0488277101025707,1.4162149743328092,1.0488277101025707,1.8340408101963912,1.0488277101025707,0.6687809835873475,1.0488277101025707,1.1355941653076158,1.0488277101025707,1.1800350227428291,1.0488277101025707,0.9686220141582679,1.0488277101025707,1.3815271352905285,1.0488277101025707,1.8340408101963912,1.0488277101025707,1.4162149743328092,1.0488277101025707,1.4194558631188918,1.0488277101025707,1.7475291234741392,1.0488277101025707,1.1062771862453007,1.0488277101025707,1.1728678080048212,1.0488277101025707,1.369914339852965,1.0488277101025707,0.8521487742904895,1.0488277101025707,1.584228147259164,1.0488277101025707,0.9793594844854497,1.0488277101025707,1.5451252628568537,1.0488277101025707,1.4161214044047306,1.0488277101025707,0.7650810217652692,1.0488277101025707,1.6002026015393107
joao_pedro_loureiro_da_costa,DEF,Brighton,,34.164424939040444,0.976126426829727,44.68299384934298,1.276656967124085,35,0.9761264268297273,1.9522528536594546,0.9761264268297273,0.6746594875825478,0.9761264268297273,1.0184054786726984,0.9761264268297273,1.2155581809182996,0.9761264268297273,0.8579426409407095,0.9761264268297273,0.596425331674014,0.9761264268297273,0.9642547824088914,0.9761264268297273,1.352879987871516,0.9761264268297273,0.48806321341486364,0.9761264268297273,1.5134681209329885,0.9761264268297273,1.9522528536594546,0.9761264268297273,0.9198323442693037,0.9761264268297273,1.171023118529743,0.9761264268297273,1.7874210409405429,0.9761264268297273,1.9522528536594546,0.9761264268297273,1.9522528536594546,0.9761264268297273,1.5134681209329885,0.9761264268297273,0.9642547824088914,0.9761264268297273,0.596425331674014,0.9761264268297273,0.48806321341486364,0.9761264268297273,1.352879987871516,0.9761264268297273,1.9522528536594546,0.9761264268297273,1.9522528536594546,0.9761264268297273,1.171023118529743,0.9761264268297273,1.7874210409405429,0.9761264268297273,1.3938927506147323,0.9761264268297273,1.9522528536594546,0.9761264268297273,1.9522528536594546,0.9761264268297273,0.598957959480924,0.9761264268297273,0.9198323442693037,0.9761264268297273,1.9522528536594546,0.9761264268297273,1.0184054786726984,0.9761264268297273,1.2155581809182996,0.9761264268297273,0.8579426409407095,0.9761264268297273,0.6746594875825478
andrey_nascimento_dos_santos,MID,Man Utd,,37.4870575448599,1.071058786995997,44.44956153500568,1.2699874724287337,35,1.0710587869959962,0.9842376047414583,1.0710587869959962,1.5921190755012524,1.0710587869959962,1.3767377861932473,1.0710587869959962,0.8563932670052183,1.0710587869959962,1.1787097795203718,1.0710587869959962,1.6081730974072173,1.0710587869959962,1.5528214224001213,1.0710587869959962,1.4231750048622003,1.0710587869959962,0.7903650805463606,1.0710587869959962,1.4265260722791453,1.0710587869959962,1.423269040855466,1.0710587869959962,1.8431760376264554,1.0710587869959962,0.6721121343185672,1.0710587869959962,1.3884084241427284,1.0710587869959962,1.1117874745883176,1.0710587869959962,1.141250479447773,1.0710587869959962,1.4265260722791453,1.0710587869959962,1.5528214224001213,1.0710587869959962,1.4231750048622003,1.0710587869959962,0.7903650805463606,1.0710587869959962,1.6081730974072173,1.0710587869959962,1.141250479447773,1.0710587869959962,1.3884084241427284,1.0710587869959962,0.6721121343185672,1.0710587869959962,1.1117874745883176,1.0710587869959962,1.185912693647569,1.0710587869959962,0.9842376047414583,1.0710587869959962,0.7688918361688503,1.0710587869959962,1.7562334423174522,1.0710587869959962,1.8431760376264554,1.0710587869959962,1.423269040855466,1.0710587869959962,1.1787097795203718,1.0710587869959962,0.8563932670052183,1.0710587869959962,1.3767377861932473,1.0710587869959962,1.5921190755012524
william_osula,FWD,Newcastle,14974.0,32.458128364637176,0.9273750961324907,44.318212264799804,1.2662346361371373,35,0.9273750961324911,0.6627199224506596,0.9273750961324911,0.78759314381486,0.9273750961324911,1.3757286587888962,0.9273750961324911,0.74419804602589,0.9273750961324911,1.8547501922649823,0.9273750961324911,1.8547501922649823,0.9273750961324911,1.8547501922649823,0.9273750961324911,0.6721546260590606,0.9273750961324911,1.4216184841347337,0.9273750961324911,1.117779535265978,0.9273750961324911,1.2787690591668064,0.9273750961324911,1.8547501922649823,0.9273750961324911,1.497705061576489,0.9273750961324911,0.9613085240949325,0.9273750961324911,1.0346947988503568,0.9273750961324911,1.8547501922649823,0.9273750961324911,1.117779535265978,0.9273750961324911,1.8547501922649823,0.9273750961324911,0.6721546260590606,0.9273750961324911,1.4216184841347337,0.9273750961324911,1.8547501922649823,0.9273750961324911,1.8547501922649823,0.9273750961324911,0.9613085240949325,0.9273750961324911,1.497705061576489,0.9273750961324911,1.0346947988503568,0.9273750961324911,0.5650951124368392,0.9273750961324911,0.6627199224506596,0.9273750961324911,0.8235603982898557,0.9273750961324911,1.273515110965957,0.9273750961324911,1.8547501922649823,0.9273750961324911,1.2787690591668064,0.9273750961324911,1.3757286587888962,0.9273750961324911,0.74419804602589,0.9273750961324911,1.8547501922649823,0.9273750961324911,0.78759314381486
rio_ngumoha,MID,Liverpool,,38.76077131506483,1.1074506090018523,43.82666923365775,1.2521905495330787,35,1.1074506090018528,1.6345119979008786,1.1074506090018528,1.2100949648270398,1.1074506090018528,1.010444632245015,1.1074506090018528,0.8114099169801099,1.1074506090018528,1.171638246140747,1.1074506090018528,0.6900082816560669,1.1074506090018528,1.892253785600393,1.1074506090018528,0.9993663515647686,1.1074506090018528,1.217489668993276,1.1074506090018528,1.141390737849428,1.1074506090018528,1.6509934858898354,1.1074506090018528,0.8791962180346724,1.1074506090018528,1.4133958094735404,1.1074506090018528,0.7893649103540521,1.1074506090018528,1.5941679768590333,1.1074506090018528,1.4611660392214836,1.1074506090018528,1.141390737849428,1.1074506090018528,1.892253785600393,1.1074506090018528,0.9993663515647686,1.1074506090018528,1.217489668993276,1.1074506090018528,0.6900082816560669,1.1074506090018528,1.4611660392214836,1.1074506090018528,0.7893649103540521,1.1074506090018528,1.4133958094735404,1.1074506090018528,1.5941679768590333,1.1074506090018528,1.8029961934090137,1.1074506090018528,1.6345119979008786,1.1074506090018528,1.4645097947366719,1.1074506090018528,1.425377198331392,1.1074506090018528,0.8791962180346724,1.1074506090018528,1.6509934858898354,1.1074506090018528,1.010444632245015,1.1074506090018528,0.8114099169801099,1.1074506090018528,1.171638246140747,1.1074506090018528,1.2100949648270398
noni_madueke,MID,Arsenal,,34.75344656797261,0.9929556162277888,43.42032305333137,1.2405806586666106,35,0.9929556162277885,1.0926948520791055,0.9929556162277885,1.1216518915066542,0.9929556162277885,0.841686505380281,0.9929556162277885,1.3645654158910094,0.9929556162277885,1.1655471256714771,0.9929556162277885,1.3987349533654503,0.9929556162277885,0.755687728446893,0.9929556162277885,1.402028473214486,0.9929556162277885,0.9673353842395965,0.9929556162277885,0.7767922148033621,0.9929556162277885,1.3530951967175122,0.9929556162277885,1.158467906516152,0.9929556162277885,0.9567297433597689,0.9929556162277885,1.8115233476036092,0.9929556162277885,1.5647777632513395,0.9929556162277885,1.7260738093672452,0.9929556162277885,0.7767922148033621,0.9929556162277885,0.755687728446893,0.9929556162277885,1.402028473214486,0.9929556162277885,0.9673353842395965,0.9929556162277885,1.3987349533654503,0.9929556162277885,1.7260738093672452,0.9929556162277885,1.5647777632513395,0.9929556162277885,0.9567297433597689,0.9929556162277885,1.8115233476036092,0.9929556162277885,1.5805560909378507,0.9929556162277885,1.0926948520791055,0.9929556162277885,1.3988273744873827,0.9929556162277885,1.5261549650782473,0.9929556162277885,1.158467906516152,0.9929556162277885,1.3530951967175122,0.9929556162277885,0.841686505380281,0.9929556162277885,1.3645654158910094,0.9929556162277885,1.1655471256714771,0.9929556162277885,1.1216518915066542
loum_tchaouna,MID,Coventry City,,70.76272522114982,2.021792149175709,43.06646511712631,1.2304704319178947,35,2.021792149175709,1.0429483204268026,2.021792149175709,1.268817196665501,2.021792149175709,1.3036515628440217,2.021792149175709,1.2581518147297055,2.021792149175709,1.4549811330786777,2.021792149175709,1.0160231256634547,2.021792149175709,1.083763533322712,2.021792149175709,1.684413183005732,2.021792149175709,1.0108960745878546,2.021792149175709,1.6049594299655152,2.021792149175709,1.0108960745878546,2.021792149175709,1.4190684022306943,2.021792149175709,1.0771810456686661,2.021792149175709,1.469652334085334,2.021792149175709,1.0108960745878546,2.021792149175709,1.3005891412309933,2.021792149175709,1.6049594299655152,2.021792149175709,1.083763533322712,2.021792149175709,1.0160231256634547,2.021792149175709,1.0108960745878546,2.021792149175709,1.684413183005732,2.021792149175709,1.3005891412309933,2.021792149175709,1.0108960745878546,2.021792149175709,1.0771810456686661,2.021792149175709,1.469652334085334,2.021792149175709,1.0108960745878546,2.021792149175709,1.0429483204268026,2.021792149175709,1.0108960745878546,2.021792149175709,1.0108960745878546,2.021792149175709,1.4190684022306943,2.021792149175709,1.0108960745878546,2.021792149175709,1.3036515628440217,2.021792149175709,1.2581518147297055,2.021792149175709,1.4549811330786777,2.021792149175709,1.268817196665501
bruno_guimaraes_rodriguez_moura,MID,Arsenal,79641.0,34.38482760985468,0.9824236459958481,42.959777242032956,1.2274222069152274,35,0.9824236459958477,1.0811049789099385,0.9824236459958477,1.1097548800603358,0.9824236459958477,0.8327589993826134,0.9824236459958477,1.3500918965263704,0.9824236459958477,1.1531845311799627,0.9824236459958477,1.3838990083841587,0.9824236459958477,0.7476723846283232,0.9824236459958477,1.387157594896355,0.9824236459958477,0.9570751598100111,0.9824236459958477,0.7685530222865885,0.9824236459958477,1.3387433383867753,0.9824236459958477,1.1461803990921666,0.9824236459958477,0.946582009652036,0.9824236459958477,1.7923090849924495,0.9824236459958477,1.5481806540222547,0.9824236459958477,1.70776588333179,0.9824236459958477,0.7685530222865885,0.9824236459958477,0.7476723846283232,0.9824236459958477,1.387157594896355,0.9824236459958477,0.9570751598100111,0.9824236459958477,1.3838990083841587,0.9824236459958477,1.70776588333179,0.9824236459958477,1.5481806540222547,0.9824236459958477,0.946582009652036,0.9824236459958477,1.7923090849924495,0.9824236459958477,1.5637916259128082,0.9824236459958477,1.0811049789099385,0.9824236459958477,1.3839904492241035,0.9824236459958477,1.5099675158117885,0.9824236459958477,1.1461803990921666,0.9824236459958477,1.3387433383867753,0.9824236459958477,0.8327589993826134,0.9824236459958477,1.3500918965263704,0.9824236459958477,1.1531845311799627,0.9824236459958477,1.1097548800603358
conor_gallagher,MID,Spurs,,67.23539811883488,1.9210113748238538,42.87178552007782,1.2249081577165093,35,1.9210113748238522,1.1121733926589188,1.9210113748238522,1.4562679687931772,1.9210113748238522,0.9605056874119261,1.9210113748238522,1.3347710723678652,1.9210113748238522,1.5081779116681884,1.9210113748238522,1.728568517746079,1.9210113748238522,0.9605056874119261,1.9210113748238522,1.6470319580066133,1.9210113748238522,1.0426572328232835,1.9210113748238522,1.49312211868729,1.9210113748238522,0.9605056874119261,1.9210113748238522,0.9605056874119261,1.9210113748238522,1.3346828834731659,1.9210113748238522,1.1054183511750164,1.9210113748238522,1.07028824668121,1.9210113748238522,0.9605056874119261,1.9210113748238522,1.49312211868729,1.9210113748238522,0.9605056874119261,1.9210113748238522,1.728568517746079,1.9210113748238522,1.0426572328232835,1.9210113748238522,1.6470319580066133,1.9210113748238522,0.9605056874119261,1.9210113748238522,1.07028824668121,1.9210113748238522,1.3346828834731659,1.9210113748238522,1.1054183511750164,1.9210113748238522,1.3020780667467367,1.9210113748238522,1.1121733926589188,1.9210113748238522,0.9605056874119261,1.9210113748238522,1.3378255836382762,1.9210113748238522,0.9605056874119261,1.9210113748238522,0.9605056874119261,1.9210113748238522,1.5081779116681884,1.9210113748238522,1.3347710723678652,1.9210113748238522,0.9605056874119261,1.9210113748238522,1.4562679687931772
ayyoub_bouaddi,MID,Man City,,36.016953711565804,1.0290558203304516,42.71060731310912,1.220303066088832,35,1.0290558203304512,0.9515409047493296,1.0290558203304512,1.0867686045915073,1.0290558203304512,1.3911488926391409,1.0290558203304512,1.7167124212754934,1.0290558203304512,1.5178778399410038,1.0290558203304512,1.1155685950663412,1.0290558203304512,1.3571646741814638,1.0290558203304512,1.5562911667688237,1.0290558203304512,0.6569874036518347,1.0290558203304512,0.8371216055563602,1.0290558203304512,0.7725792701714685,1.0290558203304512,1.5719839204502657,1.0290558203304512,0.7515892443242709,1.0290558203304512,1.3944245500321637,1.0290558203304512,1.1592257627474685,1.0290558203304512,1.3457566639196583,1.0290558203304512,0.8371216055563602,1.0290558203304512,1.3571646741814638,1.0290558203304512,1.1155685950663412,1.0290558203304512,0.6569874036518347,1.0290558203304512,1.5562911667688237,1.0290558203304512,1.3457566639196583,1.0290558203304512,1.3944245500321637,1.0290558203304512,0.7515892443242709,1.0290558203304512,1.1592257627474685,1.0290558203304512,1.3912408125136841,1.0290558203304512,0.9515409047493296,1.0290558203304512,1.1521849378470934,1.0290558203304512,1.8016985226151556,1.0290558203304512,1.5719839204502657,1.0290558203304512,0.7725792701714685,1.0290558203304512,1.3911488926391409,1.0290558203304512,1.7167124212754934,1.0290558203304512,1.5178778399410038,1.0290558203304512,1.0867686045915073
nick_woltemade,FWD,Newcastle,,31.11130867775011,0.8888945336500031,42.47926948611195,1.2136934138889128,35,0.8888945336500035,0.6352209789372911,0.8888945336500035,0.7549127027422686,0.8888945336500035,1.3186440844518774,0.8888945336500035,0.7133182439599597,0.8888945336500035,1.777789067300007,0.8888945336500035,1.777789067300007,0.8888945336500035,1.777789067300007,0.8888945336500035,0.6442641983412739,0.8888945336500035,1.3626297544037484,0.8888945336500035,1.0713983186171503,0.8888945336500035,1.225707732755136,0.8888945336500035,1.777789067300007,0.8888945336500035,1.4355591904584466,0.8888945336500035,0.921419925748209,0.8888945336500035,0.9917611056516579,0.8888945336500035,1.777789067300007,0.8888945336500035,1.0713983186171503,0.8888945336500035,1.777789067300007,0.8888945336500035,0.6442641983412739,0.8888945336500035,1.3626297544037484,0.8888945336500035,1.777789067300007,0.8888945336500035,1.777789067300007,0.8888945336500035,0.921419925748209,0.8888945336500035,1.4355591904584466,0.8888945336500035,0.9917611056516579,0.8888945336500035,0.5416470191320266,0.8888945336500035,0.6352209789372911,0.8888945336500035,0.7893875296235964,0.8888945336500035,1.2206717922222365,0.8888945336500035,1.777789067300007,0.8888945336500035,1.225707732755136,0.8888945336500035,1.3186440844518774,0.8888945336500035,0.7133182439599597,0.8888945336500035,1.777789067300007,0.8888945336500035,0.7549127027422686
malo_gusto,DEF,Chelsea,79641.0,59.05111399750148,1.6871746856428995,42.12159428720547,1.2034741224915848,35,1.6871746856428982,1.0527583024855551,1.6871746856428982,0.8435873428214491,1.6871746856428982,1.1777217078701694,1.6871746856428982,0.8435873428214491,1.6871746856428982,2.2085826077461976,1.6871746856428982,1.567908090112755,1.6871746856428982,0.8435873428214491,1.6871746856428982,1.0846728306572082,1.6871746856428982,1.5480025570181362,1.6871746856428982,0.9458998422537913,1.6871746856428982,0.8435873428214491,1.6871746856428982,0.8435873428214491,1.6871746856428982,2.178643089719107,1.6871746856428982,1.7848017390772606,1.6871746856428982,0.9112443982368919,1.6871746856428982,0.8435873428214491,1.6871746856428982,0.9458998422537913,1.6871746856428982,0.8435873428214491,1.6871746856428982,1.0846728306572082,1.6871746856428982,1.5480025570181362,1.6871746856428982,1.567908090112755,1.6871746856428982,0.8435873428214491,1.6871746856428982,0.9112443982368919,1.6871746856428982,2.178643089719107,1.6871746856428982,1.7848017390772606,1.6871746856428982,0.8435873428214491,1.6871746856428982,1.0527583024855551,1.6871746856428982,1.390901157351023,1.6871746856428982,0.8435873428214491,1.6871746856428982,0.8435873428214491,1.6871746856428982,0.8435873428214491,1.6871746856428982,2.2085826077461976,1.6871746856428982,0.8435873428214491,1.6871746856428982,1.1777217078701694,1.6871746856428982,0.8435873428214491
sorba_thomas,MID,Hull City,,49.37468791721279,1.4107053690632225,41.70204718135659,1.191487062324474,35,1.4107053690632223,1.4972624592344348,1.4107053690632223,1.328143057850115,1.4107053690632223,1.104124026817042,1.4107053690632223,1.4823156327029614,1.4107053690632223,0.7358560879421382,1.4107053690632223,1.6351115480500666,1.4107053690632223,0.7053526845316112,1.4107053690632223,1.062542024994319,1.4107053690632223,1.7160579861383913,1.4107053690632223,1.292654263962828,1.4107053690632223,1.0974178750121593,1.4107053690632223,1.281788513189328,1.4107053690632223,0.9163578341921788,1.4107053690632223,1.3250231030082855,1.4107053690632223,0.7973305181484196,1.4107053690632223,1.0351109908703013,1.4107053690632223,1.292654263962828,1.4107053690632223,0.7053526845316112,1.4107053690632223,1.6351115480500666,1.4107053690632223,1.7160579861383913,1.4107053690632223,1.062542024994319,1.4107053690632223,1.0351109908703013,1.4107053690632223,1.3250231030082855,1.4107053690632223,0.9163578341921788,1.4107053690632223,0.7973305181484196,1.4107053690632223,1.4457282150803155,1.4107053690632223,1.4972624592344348,1.4107053690632223,0.9063110993521228,1.4107053690632223,1.3251106536349941,1.4107053690632223,1.281788513189328,1.4107053690632223,1.0974178750121593,1.4107053690632223,1.104124026817042,1.4107053690632223,1.4823156327029614,1.4107053690632223,0.7358560879421382,1.4107053690632223,1.328143057850115
promise_david,FWD,Brighton,,39.639156456685775,1.1325473273338793,40.97462583717366,1.1707035953478189,35,1.1325473273338793,1.210764838553911,1.1325473273338793,0.5915564687153492,1.1325473273338793,1.1254316783898721,1.1325473273338793,1.8830895944464419,1.1325473273338793,0.7248071531435774,1.1325473273338793,0.8460378814823405,1.1325473273338793,1.3181150334379217,1.1325473273338793,0.6931527372967908,1.1325473273338793,0.5704565104725157,1.1325473273338793,0.5662736636669397,1.1325473273338793,0.9106243975359823,1.1325473273338793,2.2650946546677586,1.1325473273338793,2.2650946546677586,1.1325473273338793,1.9759954247186022,1.1325473273338793,1.1208077318692171,1.1325473273338793,0.9837464313250526,1.1325473273338793,0.5662736636669397,1.1325473273338793,1.3181150334379217,1.1325473273338793,0.8460378814823405,1.1325473273338793,0.5704565104725157,1.1325473273338793,0.6931527372967908,1.1325473273338793,0.9837464313250526,1.1325473273338793,1.1208077318692171,1.1325473273338793,2.2650946546677586,1.1325473273338793,1.9759954247186022,1.1325473273338793,0.5832530817660025,1.1325473273338793,1.210764838553911,1.1325473273338793,0.6549611518901545,1.1325473273338793,1.634313894737447,1.1325473273338793,2.2650946546677586,1.1325473273338793,0.9106243975359823,1.1325473273338793,1.1254316783898721,1.1325473273338793,1.8830895944464419,1.1325473273338793,0.7248071531435774,1.1325473273338793,0.5915564687153492
georginio_rutter,FWD,Brighton,14972.0,39.637111871804365,1.1324889106229818,40.972512368876224,1.1706432105393207,35,1.1324889106229818,1.2107023873893268,1.1324889106229818,0.5915259562746074,1.1324889106229818,1.1253736287036429,1.1324889106229818,1.8829924648185863,1.1324889106229818,0.7247697676419742,1.1324889106229818,0.8459942429083595,1.1324889106229818,1.3180470451578918,1.1324889106229818,0.6931169845277143,1.1324889106229818,0.570427086366125,1.1324889106229818,0.5662444553114909,1.1324889106229818,0.9105774275940794,1.1324889106229818,2.2649778212459637,1.1324889106229818,2.2649778212459637,1.1324889106229818,1.975893503014604,1.1324889106229818,1.120749920685822,1.1324889106229818,0.9836956897538279,1.1324889106229818,0.5662444553114909,1.1324889106229818,1.3180470451578918,1.1324889106229818,0.8459942429083595,1.1324889106229818,0.570427086366125,1.1324889106229818,0.6931169845277143,1.1324889106229818,0.9836956897538279,1.1324889106229818,1.120749920685822,1.1324889106229818,2.2649778212459637,1.1324889106229818,1.975893503014604,1.1324889106229818,0.5832229976133714,1.1324889106229818,1.2107023873893268,1.1324889106229818,0.6549273690403471,1.1324889106229818,1.6342295969425553,1.1324889106229818,2.2649778212459637,1.1324889106229818,0.9105774275940794,1.1324889106229818,1.1253736287036429,1.1324889106229818,1.8829924648185863,1.1324889106229818,0.7247697676419742,1.1324889106229818,0.5915259562746074
jacob_murphy,MID,Newcastle,,37.114937710267455,1.0604267917219272,39.983124029355444,1.1423749722672984,35,1.0604267917219272,0.7912335276221313,1.0604267917219272,0.7103897512169839,1.0604267917219272,1.314977858115944,1.0604267917219272,1.434673086710964,1.0604267917219272,1.702935712443984,1.0604267917219272,1.0956810617252462,1.0604267917219272,1.4709807293425,1.0604267917219272,0.6209736525068678,1.0604267917219272,1.054417027251579,1.0604267917219272,0.8993807611036236,1.0604267917219272,1.0271957515042618,1.0604267917219272,1.6226082518749287,1.0604267917219272,0.7302291772761407,1.0604267917219272,0.9093506710313681,1.0604267917219272,1.2827696544793612,1.0604267917219272,1.4858132611647077,1.0604267917219272,0.8993807611036236,1.0604267917219272,1.4709807293425,1.0604267917219272,0.6209736525068678,1.0604267917219272,1.054417027251579,1.0604267917219272,1.0956810617252462,1.0604267917219272,1.4858132611647077,1.0604267917219272,0.9093506710313681,1.0604267917219272,0.7302291772761407,1.0604267917219272,1.2827696544793612,1.0604267917219272,1.0890261902151614,1.0604267917219272,0.7912335276221313,1.0604267917219272,1.314890976967362,1.0604267917219272,1.27198699143174,1.0604267917219272,1.6226082518749287,1.0604267917219272,1.0271957515042618,1.0604267917219272,1.314977858115944,1.0604267917219272,1.434673086710964,1.0604267917219272,1.702935712443984,1.0604267917219272,0.7103897512169839
marco_bizot,GK,Aston Villa,,26.579831817915565,0.759423766226159,39.52378801114808,1.1292510860328022,35,0.7594237662261588,1.5188475324523176,0.7594237662261588,1.5188475324523176,0.7594237662261588,1.0238157440974882,0.7594237662261588,0.5850375680557075,0.7594237662261588,0.7312969600696344,0.7594237662261588,1.4625939201392688,0.7594237662261588,1.5188475324523176,0.7594237662261588,1.0238157440974882,0.7594237662261588,1.5188475324523176,0.7594237662261588,1.0238157440974882,0.7594237662261588,1.170075136111415,0.7594237662261588,1.5188475324523176,0.7594237662261588,0.7312969600696344,0.7594237662261588,1.0238157440974882,0.7594237662261588,0.5850375680557075,0.7594237662261588,1.170075136111415,0.7594237662261588,1.0238157440974882,0.7594237662261588,1.5188475324523176,0.7594237662261588,1.4625939201392688,0.7594237662261588,1.5188475324523176,0.7594237662261588,1.0238157440974882,0.7594237662261588,1.170075136111415,0.7594237662261588,1.0238157440974882,0.7594237662261588,0.7312969600696344,0.7594237662261588,0.5850375680557075,0.7594237662261588,1.5188475324523176,0.7594237662261588,1.5188475324523176,0.7594237662261588,0.8775563520835614,0.7594237662261588,0.8775563520835614,0.7594237662261588,1.5188475324523176,0.7594237662261588,1.170075136111415,0.7594237662261588,1.0238157440974882,0.7594237662261588,0.5850375680557075,0.7594237662261588,0.7312969600696344,0.7594237662261588,1.5188475324523176
jack_clarke,MID,Ipswich Town,,48.968900875056235,1.3991114535730353,39.48874919476175,1.1282499769931928,35,1.399111453573036,1.6818850889363588,1.399111453573036,1.0821369394508287,1.399111453573036,1.4527973878962621,1.399111453573036,0.8981098482143896,1.399111453573036,1.2669128603290418,1.399111453573036,0.7016083585388758,1.399111453573036,1.0755643312896344,1.399111453573036,1.2562634858011026,1.399111453573036,1.4169385575774287,1.399111453573036,1.2987229263473599,1.399111453573036,0.7814527948705233,1.399111453573036,1.301694944469263,1.399111453573036,1.0413829850980747,1.399111453573036,0.7212025420527463,1.399111453573036,1.4674465692603331,1.399111453573036,0.699555726786518,1.399111453573036,1.2987229263473599,1.399111453573036,1.0755643312896344,1.399111453573036,0.7016083585388758,1.399111453573036,1.4169385575774287,1.399111453573036,1.2562634858011026,1.399111453573036,0.699555726786518,1.399111453573036,1.4674465692603331,1.399111453573036,1.0413829850980747,1.399111453573036,0.7212025420527463,1.399111453573036,1.2986371191690607,1.399111453573036,1.6818850889363588,1.399111453573036,1.0144982016933437,1.399111453573036,0.8882631800618691,1.399111453573036,1.301694944469263,1.399111453573036,0.7814527948705233,1.399111453573036,1.4527973878962621,1.399111453573036,0.8981098482143896,1.399111453573036,1.2669128603290418,1.399111453573036,1.0821369394508287
jeremy_doku,MID,Man City,79641.0,33.06447979124843,0.944699422607098,39.209424086378405,1.1202692596108115,35,0.9446994226070985,0.8735387580967822,0.9446994226070985,0.9976812267923757,0.9446994226070985,1.2771100747622013,0.9446994226070985,1.5759856765015978,0.9446994226070985,1.3934504724145176,0.9446994226070985,1.024120350730209,0.9446994226070985,1.245911697647526,0.9446994226070985,1.4287148836910664,0.9446994226070985,0.6031311505441169,0.9446994226070985,0.7684989305702282,0.9446994226070985,0.7092474247070759,0.9446994226070985,1.4431212307998296,0.9446994226070985,0.6899780469856729,0.9446994226070985,1.2801172115828778,0.9446994226070985,1.0641987413152585,0.9446994226070985,1.2354388540033758,0.9446994226070985,0.7684989305702282,0.9446994226070985,1.245911697647526,0.9446994226070985,1.024120350730209,0.9446994226070985,0.6031311505441169,0.9446994226070985,1.4287148836910664,0.9446994226070985,1.2354388540033758,0.9446994226070985,1.2801172115828778,0.9446994226070985,0.6899780469856729,0.9446994226070985,1.0641987413152585,0.9446994226070985,1.277194459545506,0.9446994226070985,0.8735387580967822,0.9446994226070985,1.0577350849356404,0.9446994226070985,1.6540050796078603,0.9446994226070985,1.4431212307998296,0.9446994226070985,0.7092474247070759,0.9446994226070985,1.2771100747622013,0.9446994226070985,1.5759856765015978,0.9446994226070985,1.3934504724145176,0.9446994226070985,0.9976812267923757
brandon_thomas_asante,FWD,Coventry City,,51.60154158053863,1.4743297594439608,39.15484632322509,1.1187098949492882,35,1.4743297594439602,1.0964117403223061,1.4743297594439602,0.7979999822529322,1.4743297594439602,0.7371648797219801,1.4743297594439602,0.9821882134508076,1.4743297594439602,1.7316078046272778,1.4743297594439602,0.9862402784420439,1.4743297594439602,2.0601960326137787,1.4743297594439602,1.650192403163198,1.4743297594439602,0.7371648797219801,1.4743297594439602,2.0295405711106658,1.4743297594439602,0.8620784122004131,1.4743297594439602,0.7371648797219801,1.4743297594439602,0.7371648797219801,1.4743297594439602,1.4321848420985999,1.4743297594439602,1.1550928968485297,1.4743297594439602,0.7371648797219801,1.4743297594439602,2.0295405711106658,1.4743297594439602,2.0601960326137787,1.4743297594439602,0.9862402784420439,1.4743297594439602,0.7371648797219801,1.4743297594439602,1.650192403163198,1.4743297594439602,0.7371648797219801,1.4743297594439602,1.1550928968485297,1.4743297594439602,0.7371648797219801,1.4743297594439602,1.4321848420985999,1.4743297594439602,0.7414014123002219,1.4743297594439602,1.0964117403223061,1.4743297594439602,0.7371648797219801,1.4743297594439602,0.7371648797219801,1.4743297594439602,0.7371648797219801,1.4743297594439602,0.8620784122004131,1.4743297594439602,0.7371648797219801,1.4743297594439602,0.9821882134508076,1.4743297594439602,1.7316078046272778,1.4743297594439602,0.7979999822529322
malick_fofana,MID,Sunderland,,38.72676050088013,1.1064788714537181,39.10771753042464,1.1173633580121325,35,1.106478871453719,0.6008606964767412,1.106478871453719,0.8798973601081358,1.106478871453719,1.0202651059568293,1.106478871453719,1.0537532993428524,1.106478871453719,0.7656059585837657,1.106478871453719,1.2723865311987628,1.106478871453719,1.4376886802422437,1.106478871453719,1.3882049046969058,1.106478871453719,1.2307881123387554,1.106478871453719,1.272302464077337,1.106478871453719,1.2752982806967281,1.106478871453719,1.2412215315386077,1.106478871453719,1.6477786683918787,1.106478871453719,1.0601926236432802,1.106478871453719,0.870250369452717,1.106478871453719,0.6873806625498576,1.106478871453719,1.272302464077337,1.106478871453719,1.4376886802422437,1.106478871453719,1.2723865311987628,1.106478871453719,1.2307881123387554,1.106478871453719,1.3882049046969058,1.106478871453719,0.6873806625498576,1.106478871453719,1.0601926236432802,1.106478871453719,1.6477786683918787,1.106478871453719,0.870250369452717,1.106478871453719,0.7065775017578977,1.106478871453719,0.6008606964767412,1.106478871453719,1.570052965040565,1.106478871453719,1.4233365650353806,1.106478871453719,1.2412215315386077,1.106478871453719,1.2752982806967281,1.106478871453719,1.0202651059568293,1.106478871453719,1.0537532993428524,1.106478871453719,0.7656059585837657,1.106478871453719,0.8798973601081358
ephron_mason_clark,MID,Coventry City,,63.18538724582242,1.805296778452069,38.45486825486219,1.0987105215674913,35,1.8052967784520701,0.9312684509761008,1.8052967784520701,1.1329510793276634,1.8052967784520701,1.1640553494016874,1.8052967784520701,1.12342775634043,1.8052967784520701,1.2991804094829345,1.8052967784520701,0.9072264309369565,1.8052967784520701,0.9677131331769202,1.8052967784520701,1.504044663593246,1.8052967784520701,0.9026483892260351,1.8052967784520701,1.4330988918145249,1.8052967784520701,0.9026483892260351,1.8052967784520701,1.2671132470242645,1.8052967784520701,0.9618355043806592,1.8052967784520701,1.3122806047350217,1.8052967784520701,0.9026483892260351,1.8052967784520701,1.1613208547235296,1.8052967784520701,1.4330988918145249,1.8052967784520701,0.9677131331769202,1.8052967784520701,0.9072264309369565,1.8052967784520701,0.9026483892260351,1.8052967784520701,1.504044663593246,1.8052967784520701,1.1613208547235296,1.8052967784520701,0.9026483892260351,1.8052967784520701,0.9618355043806592,1.8052967784520701,1.3122806047350217,1.8052967784520701,0.9026483892260351,1.8052967784520701,0.9312684509761008,1.8052967784520701,0.9026483892260351,1.8052967784520701,0.9026483892260351,1.8052967784520701,1.2671132470242645,1.8052967784520701,0.9026483892260351,1.8052967784520701,1.1640553494016874,1.8052967784520701,1.12342775634043,1.8052967784520701,1.2991804094829345,1.8052967784520701,1.1329510793276634
sean_steur,MID,Newcastle,,35.304508039891836,1.0087002297111953,38.03278708895348,1.086651059684385,35,1.0087002297111956,0.7526379447388873,1.0087002297111956,0.6757376471726819,1.0087002297111956,1.2508345487884576,1.0087002297111956,1.3646911634285668,1.0087002297111956,1.6198682056460965,1.0087002297111956,1.0422348315604228,1.0087002297111956,1.3992277554390655,1.0087002297111956,0.5906831766398171,1.0087002297111956,1.0029836155619936,1.0087002297111956,0.8555098639576328,1.0087002297111956,0.9770901665151583,1.0087002297111956,1.5434590385440923,1.0087002297111956,0.6946093258019195,1.0087002297111956,0.8649934516157547,1.0087002297111956,1.2201974292245026,1.0087002297111956,1.4133367711420401,1.0087002297111956,0.8555098639576328,1.0087002297111956,1.3992277554390655,1.0087002297111956,0.5906831766398171,1.0087002297111956,1.0029836155619936,1.0087002297111956,1.0422348315604228,1.0087002297111956,1.4133367711420401,1.0087002297111956,0.8649934516157547,1.0087002297111956,0.6946093258019195,1.0087002297111956,1.2201974292245026,1.0087002297111956,1.0359045780499276,1.0087002297111956,0.7526379447388873,1.0087002297111956,1.2507519056157121,1.0087002297111956,1.2099407337336499,1.0087002297111956,1.5434590385440923,1.0087002297111956,0.9770901665151583,1.0087002297111956,1.2508345487884576,1.0087002297111956,1.3646911634285668,1.0087002297111956,1.6198682056460965,1.0087002297111956,0.6757376471726819
danny_welbeck,FWD,Chelsea,,25.052344125439397,0.7157812607268399,36.992433125445345,1.0569266607270098,35,0.7157812607268401,0.770598336323109,0.7157812607268401,1.4315625214536802,0.7157812607268401,0.5529014021108756,0.7157812607268401,1.4315625214536802,0.7157812607268401,1.2460350036051062,0.7157812607268401,1.0936599144068486,0.7157812607268401,1.2511755812935963,0.7157812607268401,0.6484196487732586,0.7157812607268401,1.0123679933705576,0.7157812607268401,1.4315625214536802,0.7157812607268401,0.8057894837806557,0.7157812607268401,0.9405652590786323,0.7157812607268401,0.7281396247111911,0.7157812607268401,1.34604297157766,0.7157812607268401,1.4315625214536802,0.7157812607268401,0.6341933231471667,0.7157812607268401,1.4315625214536802,0.7157812607268401,1.2511755812935963,0.7157812607268401,0.6484196487732586,0.7157812607268401,1.0123679933705576,0.7157812607268401,1.0936599144068486,0.7157812607268401,0.6341933231471667,0.7157812607268401,1.4315625214536802,0.7157812607268401,0.7281396247111911,0.7157812607268401,1.34604297157766,0.7157812607268401,0.6576507688781392,0.7157812607268401,0.770598336323109,0.7157812607268401,1.4315625214536802,0.7157812607268401,1.3909425791267744,0.7157812607268401,0.9405652590786323,0.7157812607268401,0.8057894837806557,0.7157812607268401,1.2460350036051062,0.7157812607268401,1.4315625214536802,0.7157812607268401,0.5529014021108756,0.7157812607268401,1.4315625214536802
marcelino_nunez,MID,Ipswich Town,,45.782165572617124,1.3080618735033465,36.91895104002691,1.0548271725721974,35,1.308061873503346,1.572433529032354,1.308061873503346,1.011715020122474,1.308061873503346,1.3582541034735018,1.308061873503346,0.839663807816719,1.308061873503346,1.1844663306953485,1.308061873503346,0.6559499899684449,1.308061873503346,1.0055701357223217,1.308061873503346,1.1745099824994414,1.308061873503346,1.3247288481061008,1.308061873503346,1.2142063020506855,1.308061873503346,0.7305984125155349,1.308061873503346,1.2169849109904483,1.308061873503346,0.973613199322427,1.308061873503346,0.6742690483475804,1.308061873503346,1.3719499642081425,1.308061873503346,0.654030936751673,1.308061873503346,1.2142063020506855,1.308061873503346,1.0055701357223217,1.308061873503346,0.6559499899684449,1.308061873503346,1.3247288481061008,1.308061873503346,1.1745099824994414,1.308061873503346,0.654030936751673,1.308061873503346,1.3719499642081425,1.308061873503346,0.973613199322427,1.308061873503346,0.6742690483475804,1.308061873503346,1.2141260789218422,1.308061873503346,1.572433529032354,1.308061873503346,0.9484779893580491,1.308061873503346,0.8304579285006297,1.308061873503346,1.2169849109904483,1.308061873503346,0.7305984125155349,1.308061873503346,1.3582541034735018,1.308061873503346,0.839663807816719,1.308061873503346,1.1844663306953485,1.308061873503346,1.011715020122474
rayan_ait_nouri,DEF,Man City,,27.335920450178595,0.7810262985765313,36.79698826961936,1.0513425219891246,35,0.7810262985765313,1.5620525971530625,0.7810262985765313,0.8614247886921214,0.7810262985765313,0.725696270944584,0.7810262985765313,0.9905173956328164,0.7810262985765313,1.5620525971530625,0.7810262985765313,0.7406822400883474,0.7810262985765313,1.5620525971530625,0.7810262985765313,1.5119015212907223,0.7810262985765313,0.5706650432471905,0.7810262985765313,1.179033099588887,0.7810262985765313,0.8156210758651082,0.7810262985765313,0.5066324214533617,0.7810262985765313,1.144342191871265,0.7810262985765313,0.39051314928826564,0.7810262985765313,0.7780460724023848,0.7810262985765313,1.5620525971530625,0.7810262985765313,1.179033099588887,0.7810262985765313,1.5620525971530625,0.7810262985765313,0.7406822400883474,0.7810262985765313,0.5706650432471905,0.7810262985765313,1.5119015212907223,0.7810262985765313,1.5620525971530625,0.7810262985765313,0.39051314928826564,0.7810262985765313,1.144342191871265,0.7810262985765313,0.7780460724023848,0.7810262985765313,1.5620525971530625,0.7810262985765313,1.5620525971530625,0.7810262985765313,1.280176691474738,0.7810262985765313,1.028187663036967,0.7810262985765313,0.5066324214533617,0.7810262985765313,0.8156210758651082,0.7810262985765313,0.725696270944584,0.7810262985765313,0.9905173956328164,0.7810262985765313,1.5620525971530625,0.7810262985765313,0.8614247886921214
junior_kroupi,MID,Bournemouth,,33.06447979124843,0.944699422607098,36.59368989849278,1.0455339970997937,35,0.9446994226070985,0.6550430251605623,0.9446994226070985,1.1795066399864196,0.9446994226070985,1.3328303547763638,0.9446994226070985,0.9214332067739108,0.9446994226070985,0.8067783551488279,0.9446994226070985,0.7097662208943329,0.9446994226070985,1.4555406042844425,0.9446994226070985,1.1506926061057363,0.9446994226070985,1.3195250160991951,0.9446994226070985,0.9458517145097495,0.9446994226070985,0.6372463141174415,0.9446994226070985,0.5570367119544472,0.9446994226070985,1.1795845756430154,0.9446994226070985,1.1410201519751755,0.9446994226070985,1.5275973563453396,0.9446994226070985,1.2869556956640353,0.9446994226070985,0.9458517145097495,0.9446994226070985,1.4555406042844425,0.9446994226070985,1.1506926061057363,0.9446994226070985,1.3195250160991951,0.9446994226070985,0.7097662208943329,0.9446994226070985,1.2869556956640353,0.9446994226070985,1.5275973563453396,0.9446994226070985,1.1795845756430154,0.9446994226070985,1.1410201519751755,0.9446994226070985,1.1822839556755127,0.9446994226070985,0.6550430251605623,0.9446994226070985,0.8157217391752081,0.9446994226070985,0.9828671047640604,0.9446994226070985,0.5570367119544472,0.9446994226070985,0.6372463141174415,0.9446994226070985,0.8067783551488279,0.9446994226070985,0.9214332067739108,0.9446994226070985,1.3328303547763638,0.9446994226070985,1.1795066399864196
allan_andrade_elias,MID,Man City,,30.720570313259046,0.8777305803788299,36.4299053604587,1.0408544388702485,35,0.8777305803788291,0.8116144275940506,0.8777305803788291,0.926956554931374,0.8777305803788291,1.186576958028781,0.8777305803788291,1.4642655530443582,0.8777305803788291,1.2946700957074957,0.8777305803788291,0.9515214345569157,0.8777305803788291,1.1575902041508435,0.8777305803788291,1.3274346464585298,0.8777305803788291,0.5603757577734978,0.8777305803788291,0.7140207733888452,0.8777305803788291,0.658969550338385,0.8777305803788291,1.340819741343014,0.8777305803788291,0.6410661604492813,0.8777305803788291,1.1893709217845827,0.8777305803788291,0.9887587062086582,0.8777305803788291,1.1478597704170868,0.8777305803788291,0.7140207733888452,0.8777305803788291,1.1575902041508435,0.8777305803788291,0.9515214345569157,0.8777305803788291,0.5603757577734978,0.8777305803788291,1.3274346464585298,0.8777305803788291,1.1478597704170868,0.8777305803788291,1.1893709217845827,0.8777305803788291,0.6410661604492813,0.8777305803788291,0.9887587062086582,0.8777305803788291,1.186655360855175,0.8777305803788291,0.8116144275940506,0.8777305803788291,0.9827532522730619,0.8777305803788291,1.5367542349790677,0.8777305803788291,1.340819741343014,0.8777305803788291,0.658969550338385,0.8777305803788291,1.186576958028781,0.8777305803788291,1.4642655530443582,0.8777305803788291,1.2946700957074957,0.8777305803788291,0.926956554931374
rico_lewis,DEF,Man City,,26.724024495256604,0.7635435570073316,35.97331275752063,1.027808935929161,35,0.763543557007332,1.527087114014664,0.763543557007332,0.8421423816983309,0.763543557007332,0.7094520543467833,0.763543557007332,0.9683453385853059,0.763543557007332,1.527087114014664,0.763543557007332,0.7241025727814195,0.763543557007332,1.527087114014664,0.763543557007332,1.478058635816854,0.763543557007332,0.5578910950563936,0.763543557007332,1.1526412469467768,0.763543557007332,0.7973639537762228,0.763543557007332,0.49529179987507455,0.763543557007332,1.118726871563,0.763543557007332,0.381771778503666,0.763543557007332,0.7606300411656228,0.763543557007332,1.527087114014664,0.763543557007332,1.1526412469467768,0.763543557007332,1.527087114014664,0.763543557007332,0.7241025727814195,0.763543557007332,0.5578910950563936,0.763543557007332,1.478058635816854,0.763543557007332,1.527087114014664,0.763543557007332,0.381771778503666,0.763543557007332,1.118726871563,0.763543557007332,0.7606300411656228,0.763543557007332,1.527087114014664,0.763543557007332,1.527087114014664,0.763543557007332,1.251520808438845,0.763543557007332,1.005172382718909,0.763543557007332,0.49529179987507455,0.763543557007332,0.7973639537762228,0.763543557007332,0.7094520543467833,0.763543557007332,0.9683453385853059,0.763543557007332,1.527087114014664,0.763543557007332,0.8421423816983309
ellis_simms,FWD,Coventry City,14970.0,46.970665457199324,1.3420190130628378,35.64097372567409,1.0183135350192596,35,1.3420190130628367,0.9980164832410255,1.3420190130628367,0.7263850856616639,1.3420190130628367,0.6710095065314183,1.3420190130628367,0.8940437160776892,1.3420190130628367,1.576208159736421,1.3420190130628367,0.8977321366807273,1.3420190130628367,1.8753079008912232,1.3420190130628367,1.5020992190323097,1.3420190130628367,0.6710095065314183,1.3420190130628367,1.8474035518622043,1.3420190130628367,0.7847129263403781,1.3420190130628367,0.6710095065314183,1.3420190130628367,0.6710095065314183,1.3420190130628367,1.3036563061995048,1.3420190130628367,1.0514314179001545,1.3420190130628367,0.6710095065314183,1.3420190130628367,1.8474035518622043,1.3420190130628367,1.8753079008912232,1.3420190130628367,0.8977321366807273,1.3420190130628367,0.6710095065314183,1.3420190130628367,1.5020992190323097,1.3420190130628367,0.6710095065314183,1.3420190130628367,1.0514314179001545,1.3420190130628367,0.6710095065314183,1.3420190130628367,1.3036563061995048,1.3420190130628367,0.6748658400504575,1.3420190130628367,0.9980164832410255,1.3420190130628367,0.6710095065314183,1.3420190130628367,0.6710095065314183,1.3420190130628367,0.6710095065314183,1.3420190130628367,0.7847129263403781,1.3420190130628367,0.6710095065314183,1.3420190130628367,0.8940437160776892,1.3420190130628367,1.576208159736421,1.3420190130628367,0.7263850856616639
mateus_fernandes,MID,Spurs,,55.82761069276986,1.595074591221996,35.59775681685681,1.0170787661959089,35,1.5950745912219968,0.9234716373431541,1.5950745912219968,1.209183904621835,1.5950745912219968,0.7975372956109984,1.5950745912219968,1.108301309682429,1.5950745912219968,1.2522863203580812,1.5950745912219968,1.4352833918517853,1.5950745912219968,0.7975372956109984,1.5950745912219968,1.3675810885752095,1.5950745912219968,0.8657502403299185,1.5950745912219968,1.2397850342390795,1.5950745912219968,0.7975372956109984,1.5950745912219968,0.7975372956109984,1.5950745912219968,1.108228083741653,1.5950745912219968,0.9178627194706032,1.5950745912219968,0.8886931175622425,1.5950745912219968,0.7975372956109984,1.5950745912219968,1.2397850342390795,1.5950745912219968,0.7975372956109984,1.5950745912219968,1.4352833918517853,1.5950745912219968,0.8657502403299185,1.5950745912219968,1.3675810885752095,1.5950745912219968,0.7975372956109984,1.5950745912219968,0.8886931175622425,1.5950745912219968,1.108228083741653,1.5950745912219968,0.9178627194706032,1.5950745912219968,1.0811553056241647,1.5950745912219968,0.9234716373431541,1.5950745912219968,0.7975372956109984,1.5950745912219968,1.1108375639596741,1.5950745912219968,0.7975372956109984,1.5950745912219968,0.7975372956109984,1.5950745912219968,1.2522863203580812,1.5950745912219968,1.108301309682429,1.5950745912219968,0.7975372956109984,1.5950745912219968,1.209183904621835
hugo_larsson,MID,Fulham,,44.0977006718867,1.2599343049110485,35.05925194287411,1.001692912653546,35,1.2599343049110479,1.1727732741834775,1.2599343049110479,0.8021727568393724,1.2599343049110479,1.4472314629897438,1.2599343049110479,0.6336085113327293,1.2599343049110479,1.1728507649343245,1.2599343049110479,1.2796089430665378,1.2599343049110479,1.175534735207704,1.2599343049110479,0.8110650864044002,1.2599343049110479,0.9713206898079545,1.2599343049110479,1.1345064912535487,1.2599343049110479,0.9772562811131386,1.2599343049110479,0.6513036275552019,1.2599343049110479,0.705714428867195,1.2599343049110479,0.9404521979888356,1.2599343049110479,0.6299671524555239,1.2599343049110479,1.1441237289320225,1.2599343049110479,1.1345064912535487,1.2599343049110479,1.175534735207704,1.2599343049110479,1.2796089430665378,1.2599343049110479,0.9713206898079545,1.2599343049110479,0.8110650864044002,1.2599343049110479,1.1441237289320225,1.2599343049110479,0.6299671524555239,1.2599343049110479,0.705714428867195,1.2599343049110479,0.9404521979888356,1.2599343049110479,1.5188768697866553,1.2599343049110479,1.1727732741834775,1.2599343049110479,1.3252217207697952,1.2599343049110479,0.9161730864542336,1.2599343049110479,0.6513036275552019,1.2599343049110479,0.9772562811131386,1.2599343049110479,1.4472314629897438,1.2599343049110479,0.6336085113327293,1.2599343049110479,1.1728507649343245,1.2599343049110479,0.8021727568393724
jose_maria_andres_baixauli,MID,Brighton,,26.473282104907426,0.7563794887116407,34.63647007067521,0.9896134305907203,35,0.7563794887116405,1.1253072745738473,0.7563794887116405,0.5314052736111222,0.7563794887116405,0.8790344601202987,0.7563794887116405,1.4573066257484062,0.7563794887116405,1.1252329250417095,0.7563794887116405,0.7781871907078013,0.7563794887116405,0.6249019329285641,0.7563794887116405,0.6079241181844238,0.7563794887116405,1.1278824455705965,0.7563794887116405,0.9319465620557315,0.7563794887116405,1.0977447375854819,0.7563794887116405,0.9376415441236291,0.7563794887116405,1.3885654867486104,0.7563794887116405,1.2588085078928435,0.7563794887116405,1.088517350909822,0.7563794887116405,0.7696553267685776,0.7563794887116405,0.9319465620557315,0.7563794887116405,0.6249019329285641,0.7563794887116405,0.7781871907078013,0.7563794887116405,1.1278824455705965,0.7563794887116405,0.6079241181844238,0.7563794887116405,0.7696553267685776,0.7563794887116405,1.088517350909822,0.7563794887116405,1.3885654867486104,0.7563794887116405,1.2588085078928435,0.7563794887116405,0.6771071003397877,0.7563794887116405,1.1253072745738473,0.7563794887116405,1.227737829307857,0.7563794887116405,1.2715016158846337,0.7563794887116405,0.9376415441236291,0.7563794887116405,1.0977447375854819,0.7563794887116405,0.8790344601202987,0.7563794887116405,1.4573066257484062,0.7563794887116405,1.1252329250417095,0.7563794887116405,0.5314052736111222
cody_drameh,DEF,Hull City,,21.35117002184839,0.6100334291956683,34.584371827982146,0.9881249093709185,35,0.6100334291956684,0.6095671498021088,0.6100334291956684,0.3285401736228898,0.6100334291956684,0.9361251011305561,0.6100334291956684,1.2200668583913368,0.6100334291956684,0.9813343826425276,0.6100334291956684,1.1917651538234324,0.6100334291956684,0.6866095598580031,0.6100334291956684,0.8911698953345759,0.6100334291956684,1.2200668583913368,0.6100334291956684,1.2200668583913368,0.6100334291956684,1.2200668583913368,0.6100334291956684,1.2200668583913368,0.6100334291956684,0.6069896622016342,0.6100334291956684,0.8731391611944651,0.6100334291956684,1.2200668583913368,0.6100334291956684,1.0364442364458475,0.6100334291956684,1.2200668583913368,0.6100334291956684,0.6866095598580031,0.6100334291956684,1.1917651538234324,0.6100334291956684,1.2200668583913368,0.6100334291956684,0.8911698953345759,0.6100334291956684,1.0364442364458475,0.6100334291956684,0.8731391611944651,0.6100334291956684,0.6069896622016342,0.6100334291956684,1.2200668583913368,0.6100334291956684,1.2200668583913368,0.6100334291956684,0.6095671498021088,0.6100334291956684,1.2200668583913368,0.6100334291956684,1.2200668583913368,0.6100334291956684,1.2200668583913368,0.6100334291956684,1.2200668583913368,0.6100334291956684,0.9361251011305561,0.6100334291956684,1.2200668583913368,0.6100334291956684,0.9813343826425276,0.6100334291956684,0.3285401736228898
frank_onyeka,MID,Coventry City,,56.8114782435875,1.6231850926739286,34.57568286669903,0.9878766533342581,35,1.6231850926739286,0.8373255217339219,1.6231850926739286,1.0186631498175718,1.6231850926739286,1.0466297357580563,1.6231850926739286,1.0101005045560816,1.6231850926739286,1.1681238777675564,1.6231850926739286,0.815708772071981,1.6231850926739286,0.8700937987073799,1.6231850926739286,1.352322180928961,1.6231850926739286,0.8115925463369643,1.6231850926739286,1.2885331571440697,1.6231850926739286,0.8115925463369643,1.6231850926739286,1.13929153247755,1.6231850926739286,0.8648090834427008,1.6231850926739286,1.1799025736020101,1.6231850926739286,0.8115925463369643,1.6231850926739286,1.0441710868253375,1.6231850926739286,1.2885331571440697,1.6231850926739286,0.8700937987073799,1.6231850926739286,0.815708772071981,1.6231850926739286,0.8115925463369643,1.6231850926739286,1.352322180928961,1.6231850926739286,1.0441710868253375,1.6231850926739286,0.8115925463369643,1.6231850926739286,0.8648090834427008,1.6231850926739286,1.1799025736020101,1.6231850926739286,0.8115925463369643,1.6231850926739286,0.8373255217339219,1.6231850926739286,0.8115925463369643,1.6231850926739286,0.8115925463369643,1.6231850926739286,1.13929153247755,1.6231850926739286,0.8115925463369643,1.6231850926739286,1.0466297357580563,1.6231850926739286,1.0101005045560816,1.6231850926739286,1.1681238777675564,1.6231850926739286,1.0186631498175718
pau_torres,DEF,Aston Villa,,39.95160029920119,1.141474294262891,34.44217634395221,0.9840621812557775,35,1.1414742942628906,1.4358113980657197,1.1414742942628906,2.04851604888825,1.1414742942628906,0.6959642425880355,1.1414742942628906,0.5707371471314453,1.1414742942628906,0.5707371471314453,1.1414742942628906,1.29009588921758,1.1414742942628906,1.4542742818460164,1.1414742942628906,0.7350482575168554,1.1414742942628906,0.8452021525935621,1.1414742942628906,0.6639017326811653,1.1414742942628906,0.877345950611791,1.1414742942628906,1.655448609329801,1.1414742942628906,0.5707371471314453,1.1414742942628906,1.0060613959383669,1.1414742942628906,0.6192319822304818,1.1414742942628906,1.0923665753929395,1.1414742942628906,0.6639017326811653,1.1414742942628906,1.4542742818460164,1.1414742942628906,1.29009588921758,1.1414742942628906,0.8452021525935621,1.1414742942628906,0.7350482575168554,1.1414742942628906,1.0923665753929395,1.1414742942628906,1.0060613959383669,1.1414742942628906,0.5707371471314453,1.1414742942628906,0.6192319822304818,1.1414742942628906,0.9764598664673714,1.1414742942628906,1.4358113980657197,1.1414742942628906,0.6320194137635923,1.1414742942628906,0.5707371471314453,1.1414742942628906,1.655448609329801,1.1414742942628906,0.877345950611791,1.1414742942628906,0.6959642425880355,1.1414742942628906,0.5707371471314453,1.1414742942628906,0.5707371471314453,1.1414742942628906,2.04851604888825
mateo_kovacic,MID,Man City,,28.910695717796546,0.8260198776513299,34.283670458089745,0.979533441659707,35,0.8260198776513299,0.7637988981675248,0.8260198776513299,0.8723457484665076,0.8260198776513299,1.1166708504924068,0.8260198776513299,1.3779996732627582,0.8260198776513299,1.2183957787976094,0.8260198776513299,0.8954634104420673,0.8260198776513299,1.0893918249838856,0.8260198776513299,1.2492300356956532,0.8260198776513299,0.527361727188605,0.8260198776513299,0.6719548857698519,0.8260198776513299,0.6201469556997034,0.8260198776513299,1.2618265598295866,0.8260198776513299,0.6032983278219339,0.8260198776513299,1.1193002104022933,0.8260198776513299,0.9305068819371202,0.8260198776513299,1.080234650946742,0.8260198776513299,0.6719548857698519,0.8260198776513299,1.0893918249838856,0.8260198776513299,0.8954634104420673,0.8260198776513299,0.527361727188605,0.8260198776513299,1.2492300356956532,0.8260198776513299,1.080234650946742,0.8260198776513299,1.1193002104022933,0.8260198776513299,0.6032983278219339,0.8260198776513299,0.9305068819371202,0.8260198776513299,1.1167446342872445,0.8260198776513299,0.7637988981675248,0.8260198776513299,0.9248552338847292,0.8260198776513299,1.4462177501092683,0.8260198776513299,1.2618265598295866,0.8260198776513299,0.6201469556997034,0.8260198776513299,1.1166708504924068,0.8260198776513299,1.3779996732627582,0.8260198776513299,1.2183957787976094,0.8260198776513299,0.8723457484665076
caleb_yirenkyi,MID,Coventry City,,56.31531077809927,1.6090088793742647,34.27371345020295,0.9792489557200842,35,1.6090088793742636,0.830012674141292,1.6090088793742636,1.0097665759410006,1.6090088793742636,1.0374889135272185,1.6090088793742636,1.0012787132081231,1.6090088793742636,1.157921976994561,1.6090088793742636,0.8085847160444266,1.6090088793742636,0.8624947668182487,1.6090088793742636,1.3405115699436565,1.6090088793742636,0.8045044396871318,1.6090088793742636,1.2772796525611303,1.6090088793742636,0.8045044396871318,1.6090088793742636,1.1293414412354614,1.6090088793742636,0.8572562060255138,1.6090088793742636,1.1695978026724967,1.6090088793742636,0.8045044396871318,1.6090088793742636,1.0350517373962502,1.6090088793742636,1.2772796525611303,1.6090088793742636,0.8624947668182487,1.6090088793742636,0.8085847160444266,1.6090088793742636,0.8045044396871318,1.6090088793742636,1.3405115699436565,1.6090088793742636,1.0350517373962502,1.6090088793742636,0.8045044396871318,1.6090088793742636,0.8572562060255138,1.6090088793742636,1.1695978026724967,1.6090088793742636,0.8045044396871318,1.6090088793742636,0.830012674141292,1.6090088793742636,0.8045044396871318,1.6090088793742636,0.8045044396871318,1.6090088793742636,1.1293414412354614,1.6090088793742636,0.8045044396871318,1.6090088793742636,1.0374889135272185,1.6090088793742636,1.0012787132081231,1.6090088793742636,1.157921976994561,1.6090088793742636,1.0097665759410006
joshua_zirkzee,FWD,Man Utd,,18.727937671191604,0.5350839334626173,34.19399314729571,0.9769712327798773,35,0.5350839334626174,1.0701678669252348,0.5350839334626174,1.0701678669252348,0.5350839334626174,1.0701678669252348,0.5350839334626174,0.7825530474350759,0.5350839334626174,0.6672757032757515,0.5350839334626174,1.0701678669252348,0.5350839334626174,0.8787640586678571,0.5350839334626174,0.9724767244741368,0.5350839334626174,1.0701678669252348,0.5350839334626174,0.7653838353460157,0.5350839334626174,1.0701678669252348,0.5350839334626174,1.0701678669252348,0.5350839334626174,0.7936937356961121,0.5350839334626174,1.0701678669252348,0.5350839334626174,1.0701678669252348,0.5350839334626174,1.0701678669252348,0.5350839334626174,0.7653838353460157,0.5350839334626174,0.8787640586678571,0.5350839334626174,0.9724767244741368,0.5350839334626174,1.0701678669252348,0.5350839334626174,1.0701678669252348,0.5350839334626174,1.0701678669252348,0.5350839334626174,1.0701678669252348,0.5350839334626174,0.7936937356961121,0.5350839334626174,1.0701678669252348,0.5350839334626174,1.0701678669252348,0.5350839334626174,1.0701678669252348,0.5350839334626174,0.9300058651506399,0.5350839334626174,1.0701678669252348,0.5350839334626174,1.0701678669252348,0.5350839334626174,1.0701678669252348,0.5350839334626174,0.6672757032757515,0.5350839334626174,0.7825530474350759,0.5350839334626174,1.0701678669252348,0.5350839334626174,1.0701678669252348
robert_lynch_sanchez,GK,Chelsea,,32.203363262527894,0.9200960932150827,34.00947781587601,0.971699366167886,35,0.9200960932150826,1.2404258441862595,0.9200960932150826,0.6679216084079859,0.9200960932150826,0.7633389810376981,0.9200960932150826,0.6679216084079859,0.9200960932150826,1.8401921864301651,0.9200960932150826,1.2404258441862595,0.9200960932150826,0.6679216084079859,0.9200960932150826,0.6679216084079859,0.9200960932150826,1.431260589445684,0.9200960932150826,0.7633389810376981,0.9200960932150826,0.4600480466075413,0.9200960932150826,0.4770868631485614,0.9200960932150826,1.7175127073348209,0.9200960932150826,1.8401921864301651,0.9200960932150826,1.0495910989268349,0.9200960932150826,0.4600480466075413,0.9200960932150826,0.7633389810376981,0.9200960932150826,0.6679216084079859,0.9200960932150826,0.6679216084079859,0.9200960932150826,1.431260589445684,0.9200960932150826,1.2404258441862595,0.9200960932150826,0.4600480466075413,0.9200960932150826,1.0495910989268349,0.9200960932150826,1.7175127073348209,0.9200960932150826,1.8401921864301651,0.9200960932150826,0.5725042357782736,0.9200960932150826,1.2404258441862595,0.9200960932150826,0.9541737262971228,0.9200960932150826,0.5725042357782736,0.9200960932150826,0.4770868631485614,0.9200960932150826,0.4600480466075413,0.9200960932150826,1.8401921864301651,0.9200960932150826,0.6679216084079859,0.9200960932150826,0.7633389810376981,0.9200960932150826,0.6679216084079859
mohammed_kudus,MID,Spurs,,52.761142134345626,1.5074612038384465,33.64246264118361,0.9612132183195318,35,1.5074612038384476,0.8727476907982582,1.5074612038384476,1.1427665104531874,1.5074612038384476,0.7537306019192238,1.5074612038384476,1.0474251396793002,1.5074612038384476,1.1835014202007805,1.5074612038384476,1.3564469283362157,1.5074612038384476,0.7537306019192238,1.5074612038384476,1.292463340257269,1.5074612038384476,0.8181967832058127,1.5074612038384476,1.171686797909016,1.5074612038384476,0.7537306019192238,1.5074612038384476,0.7537306019192238,1.5074612038384476,1.0473559358530704,1.5074612038384476,0.8674468565081771,1.5074612038384476,0.8398794665878233,1.5074612038384476,0.7537306019192238,1.5074612038384476,1.171686797909016,1.5074612038384476,0.7537306019192238,1.5074612038384476,1.3564469283362157,1.5074612038384476,0.8181967832058127,1.5074612038384476,1.292463340257269,1.5074612038384476,0.7537306019192238,1.5074612038384476,0.8398794665878233,1.5074612038384476,1.0473559358530704,1.5074612038384476,0.8674468565081771,1.5074612038384476,1.0217701965297612,1.5074612038384476,0.8727476907982582,1.5074612038384476,0.7537306019192238,1.5074612038384476,1.0498220839645749,1.5074612038384476,0.7537306019192238,1.5074612038384476,0.7537306019192238,1.5074612038384476,1.1835014202007805,1.5074612038384476,1.0474251396793002,1.5074612038384476,0.7537306019192238,1.5074612038384476,1.1427665104531874
gabriel_martinelli_silva,MID,Arsenal,,26.711706829659537,0.7631916237045582,33.373119917221395,0.9535177119206113,35,0.7631916237045586,0.8398517967398822,0.7631916237045586,0.8621083503835829,0.7631916237045586,0.6469252806401674,0.7631916237045586,1.0488131376519032,0.7631916237045586,0.8958464898206813,0.7631916237045586,1.0750760484609698,0.7631916237045586,0.5808261064860006,0.7631916237045586,1.0776074675095249,0.7631916237045586,0.7434997602101584,0.7631916237045586,0.5970471408873503,0.7631916237045586,1.0399970586125151,0.7631916237045586,0.8904053596498906,0.7631916237045586,0.7353482012167639,0.7631916237045586,1.3923476764133185,0.7631916237045586,1.2026975449410386,0.7631916237045586,1.3266706504056878,0.7631916237045586,0.5970471408873503,0.7631916237045586,0.5808261064860006,0.7631916237045586,1.0776074675095249,0.7631916237045586,0.7434997602101584,0.7631916237045586,1.0750760484609698,0.7631916237045586,1.3266706504056878,0.7631916237045586,1.2026975449410386,0.7631916237045586,0.7353482012167639,0.7631916237045586,1.3923476764133185,0.7631916237045586,1.2148248619425353,0.7631916237045586,0.8398517967398822,0.7631916237045586,1.0751470838878907,0.7631916237045586,1.1730118313320894,0.7631916237045586,0.8904053596498906,0.7631916237045586,1.0399970586125151,0.7631916237045586,0.6469252806401674,0.7631916237045586,1.0488131376519032,0.7631916237045586,0.8958464898206813,0.7631916237045586,0.8621083503835829
melvin_bard,DEF,Leeds,,23.926451562347907,0.6836129017813688,33.2876433855206,0.9510755253005887,35,0.6836129017813686,0.3418064508906843,0.6836129017813686,0.9848930732585891,0.6836129017813686,0.5466356662798857,0.6836129017813686,1.3672258035627372,0.6836129017813686,0.8251521954758279,0.6836129017813686,1.2262714301165814,0.6836129017813686,1.3672258035627372,0.6836129017813686,0.48529930917844727,0.6836129017813686,1.3672258035627372,0.6836129017813686,0.4832472744644171,0.6836129017813686,0.9488090131517399,0.6836129017813686,0.6951388897546147,0.6836129017813686,1.3672258035627372,0.6836129017813686,1.3672258035627372,0.6836129017813686,1.096156605188754,0.6836129017813686,0.7452843628970954,0.6836129017813686,0.4832472744644171,0.6836129017813686,1.3672258035627372,0.6836129017813686,0.48529930917844727,0.6836129017813686,1.3672258035627372,0.6836129017813686,1.2262714301165814,0.6836129017813686,0.7452843628970954,0.6836129017813686,1.3672258035627372,0.6836129017813686,1.3672258035627372,0.6836129017813686,1.096156605188754,0.6836129017813686,0.7094938346118249,0.6836129017813686,0.3418064508906843,0.6836129017813686,1.3672258035627372,0.6836129017813686,0.7812771704054008,0.6836129017813686,0.6951388897546147,0.6836129017813686,0.9488090131517399,0.6836129017813686,0.5466356662798857,0.6836129017813686,1.3672258035627372,0.6836129017813686,0.8251521954758279,0.6836129017813686,0.9848930732585891
ibrahim_osman,MID,Brighton,,25.015683468222914,0.7147338133777975,32.7294125568197,0.9351260730519915,35,0.7147338133777972,1.063348717913963,0.7147338133777972,0.5021465062519005,0.7147338133777972,0.8306354960027161,0.7147338133777972,1.3770684390927201,0.7147338133777972,1.0632784620101199,0.7147338133777972,0.7353408000046712,0.7147338133777972,0.5904953111168566,0.7147338133777972,0.5744522818491402,0.7147338133777972,1.0657821019679665,0.7147338133777972,0.8806342981312124,0.7147338133777972,1.0373037531018998,0.7147338133777972,0.8860157188482652,0.7147338133777972,1.3121121345570905,0.7147338133777972,1.1894994755756398,0.7147338133777972,1.0285844192693028,0.7147338133777972,0.7272786939593464,0.7147338133777972,0.8806342981312124,0.7147338133777972,0.5904953111168566,0.7147338133777972,0.7353408000046712,0.7147338133777972,1.0657821019679665,0.7147338133777972,0.5744522818491402,0.7147338133777972,0.7272786939593464,0.7147338133777972,1.0285844192693028,0.7147338133777972,1.3121121345570905,0.7147338133777972,1.1894994755756398,0.7147338133777972,0.6398261019946023,0.7147338133777972,1.063348717913963,0.7147338133777972,1.160139524756363,0.7147338133777972,1.2014937107631134,0.7147338133777972,0.8860157188482652,0.7147338133777972,1.0373037531018998,0.7147338133777972,0.8306354960027161,0.7147338133777972,1.3770684390927201,0.7147338133777972,1.0632784620101199,0.7147338133777972,0.5021465062519005
ousmane_diomande,DEF,Nott'm Forest,,29.042574553708988,0.8297878443916854,32.51512090745843,0.9290034544988123,35,0.829787844391686,1.659575688783372,0.829787844391686,1.659575688783372,0.829787844391686,0.897977726083133,0.829787844391686,0.4983958826899682,0.829787844391686,0.8650780305503081,0.829787844391686,0.7123306234656654,0.829787844391686,0.44060142206472214,0.829787844391686,1.1180548023690713,0.829787844391686,0.4424723677707893,0.829787844391686,0.9994224169956814,0.829787844391686,0.64688206016802,0.829787844391686,0.7523337429050467,0.829787844391686,0.6795141276254415,0.829787844391686,1.4884731750373186,0.829787844391686,0.414893922195843,0.829787844391686,1.3204339430996066,0.829787844391686,0.9994224169956814,0.829787844391686,0.44060142206472214,0.829787844391686,1.1180548023690713,0.829787844391686,0.4424723677707893,0.829787844391686,0.7123306234656654,0.829787844391686,1.3204339430996066,0.829787844391686,1.4884731750373186,0.829787844391686,0.6795141276254415,0.829787844391686,0.414893922195843,0.829787844391686,1.659575688783372,0.829787844391686,1.659575688783372,0.829787844391686,1.0297200596808862,0.829787844391686,0.6337939178194527,0.829787844391686,0.7523337429050467,0.829787844391686,0.64688206016802,0.829787844391686,0.897977726083133,0.829787844391686,0.4983958826899682,0.829787844391686,0.8650780305503081,0.829787844391686,1.659575688783372
pascal_struijk,DEF,Brighton,,24.366408352773643,0.6961830957935327,31.86835652876478,0.9105244722504223,35,0.6961830957935327,1.3923661915870653,0.6961830957935327,0.4811738702712403,0.6961830957935327,0.7263369369254142,0.6961830957935327,0.8669482090115305,0.6961830957935327,0.6118932418654526,0.6961830957935327,0.42537649058745297,0.6961830957935327,0.6877161206785364,0.6961830957935327,0.9648874902941266,0.6961830957935327,0.34809154789676633,0.6961830957935327,1.0794205472317824,0.6961830957935327,1.3923661915870653,0.6961830957935327,0.6560335950786946,0.6961830957935327,0.8351853586748991,0.6961830957935327,1.2748065000247664,0.6961830957935327,1.3923661915870653,0.6961830957935327,1.3923661915870653,0.6961830957935327,1.0794205472317824,0.6961830957935327,0.6877161206785364,0.6961830957935327,0.42537649058745297,0.6961830957935327,0.34809154789676633,0.6961830957935327,0.9648874902941266,0.6961830957935327,1.3923661915870653,0.6961830957935327,1.3923661915870653,0.6961830957935327,0.8351853586748991,0.6961830957935327,1.2748065000247664,0.6961830957935327,0.9941382014200927,0.6961830957935327,1.3923661915870653,0.6961830957935327,1.3923661915870653,0.6961830957935327,0.42718278597977605,0.6961830957935327,0.6560335950786946,0.6961830957935327,1.3923661915870653,0.6961830957935327,0.7263369369254142,0.6961830957935327,0.8669482090115305,0.6961830957935327,0.6118932418654526,0.6961830957935327,0.4811738702712403
jake_o'brien,DEF,Everton,,22.032067440240557,0.6294876411497302,31.818019205644944,0.909086263018427,35,0.6294876411497308,1.2589752822994615,0.6294876411497308,0.9341260190689902,0.6294876411497308,1.0791933800036455,0.6294876411497308,0.47778921306188554,0.6294876411497308,0.5381763787497789,0.6294876411497308,0.3147438205748654,0.6294876411497308,1.2589752822994615,0.6294876411497308,0.7691867624191359,0.6294876411497308,0.6843814875129858,0.6294876411497308,1.2589752822994615,0.6294876411497308,1.2589752822994615,0.6294876411497308,0.6985142869568673,0.6294876411497308,1.2589752822994615,0.6294876411497308,0.812382813402513,0.6294876411497308,0.47576893396267994,0.6294876411497308,1.111909291573728,0.6294876411497308,1.2589752822994615,0.6294876411497308,1.2589752822994615,0.6294876411497308,0.7691867624191359,0.6294876411497308,0.6843814875129858,0.6294876411497308,0.3147438205748654,0.6294876411497308,1.111909291573728,0.6294876411497308,0.812382813402513,0.6294876411497308,1.2589752822994615,0.6294876411497308,0.47576893396267994,0.6294876411497308,1.2589752822994615,0.6294876411497308,1.2589752822994615,0.6294876411497308,0.9696516717053302,0.6294876411497308,1.2072946540713825,0.6294876411497308,0.6985142869568673,0.6294876411497308,1.2589752822994615,0.6294876411497308,1.0791933800036455,0.6294876411497308,0.47778921306188554,0.6294876411497308,0.5381763787497789,0.6294876411497308,0.9341260190689902
michael_keane,DEF,Everton,,22.032067440240557,0.6294876411497302,31.818019205644944,0.909086263018427,35,0.6294876411497308,1.2589752822994615,0.6294876411497308,0.9341260190689902,0.6294876411497308,1.0791933800036455,0.6294876411497308,0.47778921306188554,0.6294876411497308,0.5381763787497789,0.6294876411497308,0.3147438205748654,0.6294876411497308,1.2589752822994615,0.6294876411497308,0.7691867624191359,0.6294876411497308,0.6843814875129858,0.6294876411497308,1.2589752822994615,0.6294876411497308,1.2589752822994615,0.6294876411497308,0.6985142869568673,0.6294876411497308,1.2589752822994615,0.6294876411497308,0.812382813402513,0.6294876411497308,0.47576893396267994,0.6294876411497308,1.111909291573728,0.6294876411497308,1.2589752822994615,0.6294876411497308,1.2589752822994615,0.6294876411497308,0.7691867624191359,0.6294876411497308,0.6843814875129858,0.6294876411497308,0.3147438205748654,0.6294876411497308,1.111909291573728,0.6294876411497308,0.812382813402513,0.6294876411497308,1.2589752822994615,0.6294876411497308,0.47576893396267994,0.6294876411497308,1.2589752822994615,0.6294876411497308,1.2589752822994615,0.6294876411497308,0.9696516717053302,0.6294876411497308,1.2072946540713825,0.6294876411497308,0.6985142869568673,0.6294876411497308,1.2589752822994615,0.6294876411497308,1.0791933800036455,0.6294876411497308,0.47778921306188554,0.6294876411497308,0.5381763787497789,0.6294876411497308,0.9341260190689902
pep_chavarria,DEF,Chelsea,,44.46491820436098,1.2704262344103137,31.71715345957939,0.9062043845594111,35,1.2704262344103137,0.7927168285252464,1.2704262344103137,0.6352131172051568,1.2704262344103137,0.8868130652059021,1.2704262344103137,0.6352131172051568,1.2704262344103137,1.6630413611699884,1.2704262344103137,1.1806196404994043,1.2704262344103137,0.6352131172051568,1.2704262344103137,0.8167481598349888,1.2704262344103137,1.165630966434697,1.2704262344103137,0.7122534405889852,1.2704262344103137,0.6352131172051568,1.2704262344103137,0.6352131172051568,1.2704262344103137,1.6404971934137476,1.2704262344103137,1.3439384622350992,1.2704262344103137,0.6861582261343951,1.2704262344103137,0.6352131172051568,1.2704262344103137,0.7122534405889852,1.2704262344103137,0.6352131172051568,1.2704262344103137,0.8167481598349888,1.2704262344103137,1.165630966434697,1.2704262344103137,1.1806196404994043,1.2704262344103137,0.6352131172051568,1.2704262344103137,0.6861582261343951,1.2704262344103137,1.6404971934137476,1.2704262344103137,1.3439384622350992,1.2704262344103137,0.6352131172051568,1.2704262344103137,0.7927168285252464,1.2704262344103137,1.0473351306222791,1.2704262344103137,0.6352131172051568,1.2704262344103137,0.6352131172051568,1.2704262344103137,0.6352131172051568,1.2704262344103137,1.6630413611699884,1.2704262344103137,0.6352131172051568,1.2704262344103137,0.8868130652059021,1.2704262344103137,0.6352131172051568
rodrigo_'rodri'_hernandez_cascante,MID,Man City,,26.41891279072026,0.7548260797348646,31.328796401828573,0.8951084686236735,35,0.7548260797348644,0.6979678620433419,0.7548260797348644,0.797159171714625,0.7548260797348644,1.020426146193993,0.7548260797348644,1.2592313083340934,0.7548260797348644,1.1133835082640833,0.7548260797348644,0.8182843463427024,0.7548260797348644,0.9954982716467948,0.7548260797348644,1.1415601924887606,0.7548260797348644,0.4819089660019162,0.7548260797348644,0.6140397899703367,0.7548260797348644,0.566697131746154,0.7548260797348644,1.1530710352512104,0.7548260797348644,0.5513006696585231,0.7548260797348644,1.0228288842959319,0.7548260797348644,0.8503074573168874,0.7548260797348644,0.9871303449577175,0.7548260797348644,0.6140397899703367,0.7548260797348644,0.9954982716467948,0.7548260797348644,0.8182843463427024,0.7548260797348644,0.4819089660019162,0.7548260797348644,1.1415601924887606,0.7548260797348644,0.9871303449577175,0.7548260797348644,1.0228288842959319,0.7548260797348644,0.5513006696585231,0.7548260797348644,0.8503074573168874,0.7548260797348644,1.0204935706399565,0.7548260797348644,0.6979678620433419,0.7548260797348644,0.8451429189578865,0.7548260797348644,1.321569739776585,0.7548260797348644,1.1530710352512104,0.7548260797348644,0.566697131746154,0.7548260797348644,1.020426146193993,0.7548260797348644,1.2592313083340934,0.7548260797348644,1.1133835082640833,0.7548260797348644,0.797159171714625
valentin_barco,MID,Chelsea,,23.76351170858904,0.6789574773882583,31.173891266800624,0.890682607622875,35,0.678957477388258,0.5512011955444756,0.678957477388258,0.5665948795665066,0.678957477388258,0.8449904253228635,0.678957477388258,0.8501540318167207,0.678957477388258,0.9869522317757129,0.678957477388258,0.6978419239871567,0.678957477388258,0.7970153360425037,0.678957477388258,0.6139289955028912,0.678957477388258,0.9953186485952408,0.678957477388258,1.3213312819145664,0.678957477388258,1.0202420252733593,0.678957477388258,0.70557771446306,0.678957477388258,1.1131826145518584,0.678957477388258,1.020309437553571,0.678957477388258,1.2590040985270474,0.678957477388258,1.0226443298364742,0.678957477388258,1.3213312819145664,0.678957477388258,0.7970153360425037,0.678957477388258,0.6139289955028912,0.678957477388258,0.9953186485952408,0.678957477388258,0.6978419239871567,0.678957477388258,1.0226443298364742,0.678957477388258,1.2590040985270474,0.678957477388258,1.1131826145518584,0.678957477388258,1.020309437553571,0.678957477388258,0.48182201260228713,0.678957477388258,0.5512011955444756,0.678957477388258,1.1413542147074347,0.678957477388258,0.8181366989428874,0.678957477388258,0.70557771446306,0.678957477388258,1.0202420252733593,0.678957477388258,0.9869522317757129,0.678957477388258,0.8501540318167207,0.678957477388258,0.8449904253228635,0.678957477388258,0.5665948795665066
takehiro_tomiyasu,DEF,Crystal Palace,,33.266147088776236,0.9504613453936067,31.13536502852077,0.8895818579577363,35,0.9504613453936075,0.725694663295008,0.9504613453936075,0.8638091890079268,0.9504613453936075,1.232794623010729,0.9504613453936075,0.5426549308466254,0.9504613453936075,0.47523067269680375,0.9504613453936075,1.7588658048144472,0.9504613453936075,0.5316755801760753,0.9504613453936075,1.4213761967635217,0.9504613453936075,0.8383931723821368,0.9504613453936075,0.47523067269680375,0.9504613453936075,1.7350226421064816,0.9504613453936075,1.2486469444787744,0.9504613453936075,0.6311159952769146,0.9504613453936075,0.47523067269680375,0.9504613453936075,0.9379112342437474,0.9504613453936075,0.5975582706935674,0.9504613453936075,0.47523067269680375,0.9504613453936075,0.5316755801760753,0.9504613453936075,1.7588658048144472,0.9504613453936075,0.8383931723821368,0.9504613453936075,1.4213761967635217,0.9504613453936075,0.5975582706935674,0.9504613453936075,0.9379112342437474,0.9504613453936075,0.6311159952769146,0.9504613453936075,0.47523067269680375,0.9504613453936075,1.1076825811093618,0.9504613453936075,0.725694663295008,0.9504613453936075,0.5700292443418705,0.9504613453936075,0.47523067269680375,0.9504613453936075,1.2486469444787744,0.9504613453936075,1.7350226421064816,0.9504613453936075,1.232794623010729,0.9504613453936075,0.5426549308466254,0.9504613453936075,0.47523067269680375,0.9504613453936075,0.8638091890079268
levi_samuels_colwill,DEF,Chelsea,14971.0,43.61584311611288,1.2461669461746536,31.111501949125696,0.8889000556893056,35,1.2461669461746534,0.7775795891393023,1.2461669461746534,0.6230834730873267,1.2461669461746534,0.8698790211998247,1.2461669461746534,0.6230834730873267,1.2461669461746534,1.6312849327873724,1.2461669461746534,1.1580752444693185,1.2461669461746534,0.6230834730873267,1.2461669461746534,0.8011520327331434,1.2461669461746534,1.1433727850265683,1.2461669461746534,0.698652681218561,1.2461669461746534,0.6230834730873267,1.2461669461746534,0.6230834730873267,1.2461669461746534,1.6091712547745094,1.2461669461746534,1.3182754291181198,1.2461669461746534,0.6730557651396488,1.2461669461746534,0.6230834730873267,1.2461669461746534,0.698652681218561,1.2461669461746534,0.6230834730873267,1.2461669461746534,0.8011520327331434,1.2461669461746534,1.1433727850265683,1.2461669461746534,1.1580752444693185,1.2461669461746534,0.6230834730873267,1.2461669461746534,0.6730557651396488,1.2461669461746534,1.6091712547745094,1.2461669461746534,1.3182754291181198,1.2461669461746534,0.6230834730873267,1.2461669461746534,0.7775795891393023,1.2461669461746534,1.0273358546903772,1.2461669461746534,0.6230834730873267,1.2461669461746534,0.6230834730873267,1.2461669461746534,0.6230834730873267,1.2461669461746534,1.6312849327873724,1.2461669461746534,0.6230834730873267,1.2461669461746534,0.8698790211998247,1.2461669461746534,0.6230834730873267
jamie_bynoe_gittens,MID,Chelsea,,23.713696972780145,0.6775341992222899,31.108542374909813,0.8888154964259947,35,0.6775341992222899,0.5500457290347146,0.6775341992222899,0.565407143739311,0.6775341992222899,0.8432190972752803,0.6775341992222899,0.848371879455944,0.6775341992222899,0.9848833134573768,0.6775341992222899,0.6963790589230164,0.6775341992222899,0.7953445767335487,0.6775341992222899,0.6126420345902355,0.6775341992222899,0.9932321920086283,0.6775341992222899,1.3185614148371851,0.6775341992222899,1.0181033225608411,0.6775341992222899,0.7040986330937054,0.6775341992222899,1.1108490832736972,0.6775341992222899,1.018170593526715,0.6775341992222899,1.2563648860520764,0.6775341992222899,1.0205005912450587,0.6775341992222899,1.3185614148371851,0.6775341992222899,0.7953445767335487,0.6775341992222899,0.6126420345902355,0.6775341992222899,0.9932321920086283,0.6775341992222899,0.6963790589230164,0.6775341992222899,1.0205005912450587,0.6775341992222899,1.2563648860520764,0.6775341992222899,1.1108490832736972,0.6775341992222899,1.018170593526715,0.6775341992222899,0.4808119835897817,0.6775341992222899,0.5500457290347146,0.6775341992222899,1.138961628150059,0.6775341992222899,0.8164216635553078,0.6775341992222899,0.7040986330937054,0.6775341992222899,1.0181033225608411,0.6775341992222899,0.9848833134573768,0.6775341992222899,0.848371879455944,0.6775341992222899,0.8432190972752803,0.6775341992222899,0.565407143739311
ryan_sessegnon,DEF,Fulham,,40.9121012938956,1.1689171798255886,31.005010780930014,0.8858574508837147,35,1.1689171798255886,0.5844585899127943,1.1689171798255886,1.2120583219742027,1.1689171798255886,0.704429910911405,1.1689171798255886,0.8138260588114505,1.1689171798255886,1.3797261552283033,1.1689171798255886,1.6841819390802002,1.1689171798255886,0.5844585899127943,1.1689171798255886,0.5844585899127943,1.1689171798255886,0.9104279810757622,1.1689171798255886,1.7073264347362067,1.1689171798255886,0.5844585899127943,1.1689171798255886,0.5844585899127943,1.1689171798255886,0.838497319650184,1.1689171798255886,0.5844585899127943,1.1689171798255886,0.5844585899127943,1.1689171798255886,1.1966705150020922,1.1689171798255886,1.7073264347362067,1.1689171798255886,0.5844585899127943,1.1689171798255886,1.6841819390802002,1.1689171798255886,0.9104279810757622,1.1689171798255886,0.5844585899127943,1.1689171798255886,1.1966705150020922,1.1689171798255886,0.5844585899127943,1.1689171798255886,0.838497319650184,1.1689171798255886,0.5844585899127943,1.1689171798255886,0.7312200139711919,1.1689171798255886,0.5844585899127943,1.1689171798255886,0.5844585899127943,1.1689171798255886,0.612622645327283,1.1689171798255886,0.5844585899127943,1.1689171798255886,0.5844585899127943,1.1689171798255886,0.704429910911405,1.1689171798255886,0.8138260588114505,1.1689171798255886,1.3797261552283033,1.1689171798255886,1.2120583219742027
habib_diarra,MID,Sunderland,,30.400506032307426,0.868585886637355,30.699557291047583,0.8771302083156453,35,0.868585886637355,0.47167563182576194,0.868585886637355,0.6907194058529841,0.868585886637355,0.8009080828614217,0.868585886637355,0.8271963138385451,0.868585886637355,0.6010006584921374,0.868585886637355,0.9988233954207345,0.868585886637355,1.1285855783184109,0.868585886637355,1.0897408157431059,0.868585886637355,0.9661686376477633,0.868585886637355,0.998757402732501,0.868585886637355,1.0011091187043912,0.868585886637355,0.9743588714607747,0.868585886637355,1.293506213803148,0.868585886637355,0.832251183254609,0.868585886637355,0.6831465184278404,0.868585886637355,0.5395938030464358,0.868585886637355,0.998757402732501,0.868585886637355,1.1285855783184109,0.868585886637355,0.9988233954207345,0.868585886637355,0.9661686376477633,0.868585886637355,1.0897408157431059,0.868585886637355,0.5395938030464358,0.868585886637355,0.832251183254609,0.868585886637355,1.293506213803148,0.868585886637355,0.6831465184278404,0.868585886637355,0.5546633213484377,0.868585886637355,0.47167563182576194,0.868585886637355,1.232491538600887,0.868585886637355,1.1173191682371262,0.868585886637355,0.9743588714607747,0.868585886637355,1.0011091187043912,0.868585886637355,0.8009080828614217,0.868585886637355,0.8271963138385451,0.868585886637355,0.6010006584921374,0.868585886637355,0.6907194058529841
moises_caicedo_corozo,MID,Chelsea,61014.0,23.184747890904156,0.6624213683115473,30.414646566651957,0.8689899019043417,35,0.662421368311547,0.5377766094749643,0.662421368311547,0.5527953780618491,0.662421368311547,0.8244105594148179,0.662421368311547,0.8294484055141653,0.662421368311547,0.962914865222323,0.662421368311547,0.6808458814400701,0.662421368311547,0.7776039104797308,0.662421368311547,0.5989766646528899,0.662421368311547,0.9710775167314795,0.662421368311547,1.2891500644865492,0.662421368311547,0.9953938809102368,0.662421368311547,0.6883932656028177,0.662421368311547,1.086070888487162,0.662421368311547,0.9954596513544637,0.662421368311547,1.2283408688040993,0.662421368311547,0.9977376769929034,0.662421368311547,1.2891500644865492,0.662421368311547,0.7776039104797308,0.662421368311547,0.5989766646528899,0.662421368311547,0.9710775167314795,0.662421368311547,0.6808458814400701,0.662421368311547,0.9977376769929034,0.662421368311547,1.2283408688040993,0.662421368311547,1.086070888487162,0.662421368311547,0.9954596513544637,0.662421368311547,0.47008716672268913,0.662421368311547,0.5377766094749643,0.662421368311547,1.113556365183534,0.662421368311547,0.7982108594846918,0.662421368311547,0.6883932656028177,0.662421368311547,0.9953938809102368,0.662421368311547,0.962914865222323,0.662421368311547,0.8294484055141653,0.662421368311547,0.8244105594148179,0.662421368311547,0.5527953780618491
illan_meslier,GK,Arsenal,,18.383206087756253,0.5252344596501787,29.996723584465766,0.8570492452704505,35,0.5252344596501788,0.8170313816780559,0.5252344596501788,0.7003126128669052,0.5252344596501788,0.8170313816780559,0.5252344596501788,1.0504689193003576,0.5252344596501788,0.8170313816780559,0.5252344596501788,0.4668750752446034,0.5252344596501788,1.0504689193003576,0.5252344596501788,0.4668750752446034,0.5252344596501788,0.5835938440557543,0.5252344596501788,0.8170313816780559,0.5252344596501788,1.0504689193003576,0.5252344596501788,0.9337501504892068,0.5252344596501788,1.0504689193003576,0.5252344596501788,0.9337501504892068,0.5252344596501788,1.0504689193003576,0.5252344596501788,1.0504689193003576,0.5252344596501788,0.8170313816780559,0.5252344596501788,1.0504689193003576,0.5252344596501788,0.4668750752446034,0.5252344596501788,0.5835938440557543,0.5252344596501788,0.4668750752446034,0.5252344596501788,1.0504689193003576,0.5252344596501788,1.0504689193003576,0.5252344596501788,1.0504689193003576,0.5252344596501788,0.9337501504892068,0.5252344596501788,0.5835938440557543,0.5252344596501788,0.8170313816780559,0.5252344596501788,1.0504689193003576,0.5252344596501788,1.0504689193003576,0.5252344596501788,0.9337501504892068,0.5252344596501788,1.0504689193003576,0.5252344596501788,0.8170313816780559,0.5252344596501788,1.0504689193003576,0.5252344596501788,0.8170313816780559,0.5252344596501788,0.7003126128669052
kepa_arrizabalaga_revuelta,GK,Arsenal,,18.383206087756253,0.5252344596501787,29.996723584465766,0.8570492452704505,35,0.5252344596501788,0.8170313816780559,0.5252344596501788,0.7003126128669052,0.5252344596501788,0.8170313816780559,0.5252344596501788,1.0504689193003576,0.5252344596501788,0.8170313816780559,0.5252344596501788,0.4668750752446034,0.5252344596501788,1.0504689193003576,0.5252344596501788,0.4668750752446034,0.5252344596501788,0.5835938440557543,0.5252344596501788,0.8170313816780559,0.5252344596501788,1.0504689193003576,0.5252344596501788,0.9337501504892068,0.5252344596501788,1.0504689193003576,0.5252344596501788,0.9337501504892068,0.5252344596501788,1.0504689193003576,0.5252344596501788,1.0504689193003576,0.5252344596501788,0.8170313816780559,0.5252344596501788,1.0504689193003576,0.5252344596501788,0.4668750752446034,0.5252344596501788,0.5835938440557543,0.5252344596501788,0.4668750752446034,0.5252344596501788,1.0504689193003576,0.5252344596501788,1.0504689193003576,0.5252344596501788,1.0504689193003576,0.5252344596501788,0.9337501504892068,0.5252344596501788,0.5835938440557543,0.5252344596501788,0.8170313816780559,0.5252344596501788,1.0504689193003576,0.5252344596501788,1.0504689193003576,0.5252344596501788,0.9337501504892068,0.5252344596501788,1.0504689193003576,0.5252344596501788,0.8170313816780559,0.5252344596501788,1.0504689193003576,0.5252344596501788,0.8170313816780559,0.5252344596501788,0.7003126128669052
mitoma_kaoru,MID,Brighton,,22.884036726609526,0.6538296207602722,29.940460349285992,0.8554417242653141,35,0.6538296207602718,0.9727382082063466,0.6538296207602718,0.4593573909665187,0.6538296207602718,0.7598550413822455,0.6538296207602718,1.259725115057642,0.6538296207602718,0.9726739389775706,0.6538296207602718,0.6726806363398848,0.6538296207602718,0.5401777810170224,0.6538296207602718,0.525501816978908,0.6538296207602718,0.9749642377342825,0.6538296207602718,0.8055933249533668,0.6538296207602718,0.9489125976824679,0.6538296207602718,0.8105161818278075,0.6538296207602718,1.2003038939462374,0.6538296207602718,1.088139355454094,0.6538296207602718,0.9409362593221676,0.6538296207602718,0.6653055218014636,0.6538296207602718,0.8055933249533668,0.6538296207602718,0.5401777810170224,0.6538296207602718,0.6726806363398848,0.6538296207602718,0.9749642377342825,0.6538296207602718,0.525501816978908,0.6538296207602718,0.6653055218014636,0.6538296207602718,0.9409362593221676,0.6538296207602718,1.2003038939462374,0.6538296207602718,1.088139355454094,0.6538296207602718,0.5853049761877255,0.6538296207602718,0.9727382082063466,0.6538296207602718,1.061281236878471,0.6538296207602718,1.099111532923736,0.6538296207602718,0.8105161818278075,0.6538296207602718,0.9489125976824679,0.6538296207602718,0.7598550413822455,0.6538296207602718,1.259725115057642,0.6538296207602718,0.9726739389775706,0.6538296207602718,0.4593573909665187
fabian_schar,DEF,Newcastle,,24.207873269089482,0.6916535219739852,29.633724803491084,0.8466778515283166,35,0.6916535219739848,0.8915353007091539,0.6916535219739848,0.8653034935998474,0.6916535219739848,1.3833070439479696,0.6916535219739848,1.3833070439479696,0.6916535219739848,0.77747231835199,0.6916535219739848,0.5883257555421512,0.6916535219739848,1.1432364179568417,0.6916535219739848,0.4315129330236674,0.6916535219739848,0.5600727951381075,0.6916535219739848,1.2887253843686943,0.6916535219739848,0.651373238200639,0.6916535219739848,0.7489876446056261,0.6916535219739848,0.616738394697886,0.6916535219739848,0.3814742828600295,0.6916535219739848,1.2723642430810174,0.6916535219739848,0.38309415432605304,0.6916535219739848,1.2887253843686943,0.6916535219739848,1.1432364179568417,0.6916535219739848,0.4315129330236674,0.6916535219739848,0.5600727951381075,0.6916535219739848,0.5883257555421512,0.6916535219739848,0.38309415432605304,0.6916535219739848,0.3814742828600295,0.6916535219739848,0.616738394697886,0.6916535219739848,1.2723642430810174,0.6916535219739848,0.9680158360208413,0.6916535219739848,0.8915353007091539,0.6916535219739848,0.5487410348069838,0.6916535219739848,1.3833070439479696,0.6916535219739848,0.7489876446056261,0.6916535219739848,0.651373238200639,0.6916535219739848,1.3833070439479696,0.6916535219739848,1.3833070439479696,0.6916535219739848,0.77747231835199,0.6916535219739848,0.8653034935998474
michael_svoboda,DEF,Brighton,,22.64316756267956,0.6469476446479875,29.614563064888227,0.8461303732825207,35,0.6469476446479878,1.2938952892959756,0.6469476446479878,0.44714429856029725,0.6469476446479878,0.6749689462498668,0.6469476446479878,0.8056359099218039,0.6469476446479878,0.56861893658831,0.6469476446479878,0.39529302038065395,0.6469476446479878,0.639079470828432,0.6469476446479878,0.8966487307258924,0.6469476446479878,0.3234738223239939,0.6469476446479878,1.0030817824156812,0.6469476446479878,1.2938952892959756,0.6469476446479878,0.6096375963601155,0.6469476446479878,0.7761193914416075,0.6469476446479878,1.1846496525930572,0.6469476446479878,1.2938952892959756,0.6469476446479878,1.2938952892959756,0.6469476446479878,1.0030817824156812,0.6469476446479878,0.639079470828432,0.6469476446479878,0.39529302038065395,0.6469476446479878,0.3234738223239939,0.6469476446479878,0.8966487307258924,0.6469476446479878,1.2938952892959756,0.6469476446479878,1.2938952892959756,0.6469476446479878,0.7761193914416075,0.6469476446479878,1.1846496525930572,0.6469476446479878,0.9238307734694793,0.6469476446479878,1.2938952892959756,0.6469476446479878,1.2938952892959756,0.6469476446479878,0.39697157097555164,0.6469476446479878,0.6096375963601155,0.6469476446479878,1.2938952892959756,0.6469476446479878,0.6749689462498668,0.6469476446479878,0.8056359099218039,0.6469476446479878,0.56861893658831,0.6469476446479878,0.44714429856029725
david_brooks,MID,Bournemouth,,26.66270676309128,0.761791621802608,29.508609520034064,0.8431031291438303,35,0.7617916218026076,0.5282169932002683,0.7617916218026076,0.9511366840073766,0.7617916218026076,1.0747746566318288,0.7617916218026076,0.7430300899665233,0.7617916218026076,0.6505741158472977,0.7617916218026076,0.572344967697389,0.7617916218026076,1.1737263842899075,0.7617916218026076,0.9279014738703105,0.7617916218026076,1.0640454285970098,0.7617916218026076,0.7627208129255237,0.7617916218026076,0.5138659890143263,0.7617916218026076,0.44918615386923577,0.7617916218026076,0.9511995301664974,0.7617916218026076,0.9201017501247443,0.7617916218026076,1.2318318818700928,0.7617916218026076,1.0377820110045253,0.7617916218026076,0.7627208129255237,0.7617916218026076,1.1737263842899075,0.7617916218026076,0.9279014738703105,0.7617916218026076,1.0640454285970098,0.7617916218026076,0.572344967697389,0.7617916218026076,1.0377820110045253,0.7617916218026076,1.2318318818700928,0.7617916218026076,0.9511995301664974,0.7617916218026076,0.9201017501247443,0.7617916218026076,0.9533762702423435,0.7617916218026076,0.5282169932002683,0.7617916218026076,0.6577859282596075,0.7617916218026076,0.7925694753663978,0.7617916218026076,0.44918615386923577,0.7617916218026076,0.5138659890143263,0.7617916218026076,0.6505741158472977,0.7617916218026076,0.7430300899665233,0.7617916218026076,1.0747746566318288,0.7617916218026076,0.9511366840073766
omar_alderete,DEF,Sunderland,,26.189727630642796,0.7482779323040799,29.47691771375253,0.842197648964358,35,0.7482779323040796,0.42002209576722643,0.7482779323040796,0.3741389661520398,0.7482779323040796,0.5451585136689608,0.7482779323040796,0.9422383642879998,0.7482779323040796,0.8677944432172671,0.7482779323040796,1.4279338318793435,0.7482779323040796,0.3741389661520398,0.7482779323040796,1.4965558646081591,0.7482779323040796,1.4965558646081591,0.7482779323040796,0.5341285088678083,0.7482779323040796,0.3741389661520398,0.7482779323040796,1.2384822216414497,0.7482779323040796,0.7567688649955167,0.7482779323040796,0.5726591207941801,0.7482779323040796,1.2544076790886705,0.7482779323040796,0.8422611677239731,0.7482779323040796,0.5341285088678083,0.7482779323040796,0.3741389661520398,0.7482779323040796,1.4279338318793435,0.7482779323040796,1.4965558646081591,0.7482779323040796,1.4965558646081591,0.7482779323040796,0.8422611677239731,0.7482779323040796,0.5726591207941801,0.7482779323040796,0.7567688649955167,0.7482779323040796,1.2544076790886705,0.7482779323040796,0.6003151545562438,0.7482779323040796,0.42002209576722643,0.7482779323040796,0.729042714865186,0.7482779323040796,1.1127929651214246,0.7482779323040796,1.2384822216414497,0.7482779323040796,0.3741389661520398,0.7482779323040796,0.5451585136689608,0.7482779323040796,0.9422383642879998,0.7482779323040796,0.8677944432172671,0.7482779323040796,0.3741389661520398
geovany_quenda,MID,Chelsea,,22.401268532536857,0.6400362437867674,29.386848123937096,0.8396242321124885,35,0.6400362437867677,0.5196035900865726,0.6400362437867677,0.5341148312579648,0.6400362437867677,0.7965513539077814,0.6400362437867677,0.8014189566882004,0.6400362437867677,0.930375200598121,0.6400362437867677,0.6578381395897934,0.6400362437867677,0.751326436352632,0.6400362437867677,0.5787355192625048,0.6400362437867677,0.9382620126201688,0.6400362437867677,1.2455859735541952,0.6400362437867677,0.961756656869331,0.6400362437867677,0.665130475919845,0.6400362437867677,1.0493694273862142,0.6400362437867677,0.961820204740956,0.6400362437867677,1.186831695606469,0.6400362437867677,0.9640212493367746,0.6400362437867677,1.2455859735541952,0.6400362437867677,0.751326436352632,0.6400362437867677,0.5787355192625048,0.6400362437867677,0.9382620126201688,0.6400362437867677,0.6578381395897934,0.6400362437867677,0.9640212493367746,0.6400362437867677,1.186831695606469,0.6400362437867677,1.0493694273862142,0.6400362437867677,0.961820204740956,0.6400362437867677,0.4542015684192858,0.6400362437867677,0.5196035900865726,0.6400362437867677,1.0759260907201196,0.6400362437867677,0.7712370172426459,0.6400362437867677,0.665130475919845,0.6400362437867677,0.961756656869331,0.6400362437867677,0.930375200598121,0.6400362437867677,0.8014189566882004,0.6400362437867677,0.7965513539077814,0.6400362437867677,0.5341148312579648
yankuba_minteh,MID,Brighton,,22.45985159891623,0.6417100456833209,29.385475311104766,0.8395850088887076,35,0.6417100456833207,0.9547072512563275,0.6417100456833207,0.45084260942374066,0.6417100456833207,0.7457701484235514,0.6417100456833207,1.2363744857445969,0.6417100456833207,0.9546441733405764,0.6417100456833207,0.6602116333824283,0.6417100456833207,0.530164889333828,0.6417100456833207,0.5157609632125332,0.6417100456833207,0.9568920184566927,0.6417100456833207,0.7906606139331623,0.6417100456833207,0.9313232791445516,0.6417100456833207,0.7954922193078415,0.6417100456833207,1.178054713584964,0.6417100456833207,1.067969289440143,0.6417100456833207,0.9234947925005509,0.6417100456833207,0.6529732261015424,0.6417100456833207,0.7906606139331623,0.6417100456833207,0.530164889333828,0.6417100456833207,0.6602116333824283,0.6417100456833207,0.9568920184566927,0.6417100456833207,0.5157609632125332,0.6417100456833207,0.6529732261015424,0.6417100456833207,0.9234947925005509,0.6417100456833207,1.178054713584964,0.6417100456833207,1.067969289440143,0.6417100456833207,0.5744555937544675,0.6417100456833207,0.9547072512563275,0.6417100456833207,1.0416090207235162,0.6417100456833207,1.0787380834527214,0.6417100456833207,0.7954922193078415,0.6417100456833207,0.9313232791445516,0.6417100456833207,0.7457701484235514,0.6417100456833207,1.2363744857445969,0.6417100456833207,0.9546441733405764,0.6417100456833207,0.45084260942374066
norberto_bercique_gomes_betuncal,FWD,Everton,,27.135251414652934,0.7752928975615124,29.319617663451996,0.8377033618129142,35,0.7752928975615119,0.8696793124889343,0.7752928975615119,1.5505857951230237,0.7752928975615119,0.537844787184638,0.7752928975615119,1.2681291750155639,0.7752928975615119,0.45901220020382366,0.7752928975615119,0.44263990310379453,0.7752928975615119,0.9394806106692782,0.7752928975615119,1.022777897998461,0.7752928975615119,0.562406707867466,0.7752928975615119,0.5082104165473897,0.7752928975615119,1.5332534685360977,0.7752928975615119,0.9708186226122493,0.7752928975615119,0.7065897008615148,0.7752928975615119,0.8732672165662574,0.7752928975615119,0.6564744533659337,0.7752928975615119,0.45256927190478885,0.7752928975615119,0.5082104165473897,0.7752928975615119,0.9394806106692782,0.7752928975615119,1.022777897998461,0.7752928975615119,0.562406707867466,0.7752928975615119,0.44263990310379453,0.7752928975615119,0.45256927190478885,0.7752928975615119,0.8732672165662574,0.7752928975615119,0.7065897008615148,0.7752928975615119,0.6564744533659337,0.7752928975615119,0.7633279961687885,0.7752928975615119,0.8696793124889343,0.7752928975615119,1.4611641384040193,0.7752928975615119,0.38764644878075594,0.7752928975615119,0.9708186226122493,0.7752928975615119,1.5332534685360977,0.7752928975615119,0.537844787184638,0.7752928975615119,1.2681291750155639,0.7752928975615119,0.45901220020382366,0.7752928975615119,1.5505857951230237
alvaro_rodriguez,FWD,Bournemouth,50210.0,24.927444214956363,0.7122126918558961,28.958776746230456,0.8273936213208701,35,0.712212691855896,0.9366233213513078,0.712212691855896,0.5150318947094352,0.712212691855896,1.161307222350007,0.712212691855896,0.7997068008686384,0.712212691855896,0.6990284053372504,0.712212691855896,0.41444670971335784,0.712212691855896,1.424425383711792,0.712212691855896,0.6470695091756226,0.712212691855896,1.4040985427863184,0.712212691855896,0.8890408802539017,0.712212691855896,0.49253896855827545,0.712212691855896,0.420346912401038,0.712212691855896,0.8603426527227699,0.712212691855896,0.7964211269797438,0.712212691855896,1.3380817194325547,0.712212691855896,0.4654008746409811,0.712212691855896,0.8890408802539017,0.712212691855896,1.424425383711792,0.712212691855896,0.6470695091756226,0.712212691855896,1.4040985427863184,0.712212691855896,0.41444670971335784,0.712212691855896,0.4654008746409811,0.712212691855896,1.3380817194325547,0.712212691855896,0.8603426527227699,0.712212691855896,0.7964211269797438,0.712212691855896,0.4053537498405358,0.712212691855896,0.9366233213513078,0.712212691855896,0.6011757626921367,0.712212691855896,1.424425383711792,0.712212691855896,0.420346912401038,0.712212691855896,0.49253896855827545,0.712212691855896,0.6990284053372504,0.712212691855896,0.7997068008686384,0.712212691855896,1.161307222350007,0.712212691855896,0.5150318947094352
jean_philippe_mateta,FWD,Crystal Palace,79641.0,35.48551454776757,1.0138718442219306,28.525351664123793,0.8150100475463941,35,1.01387184422193,1.7109353555159996,1.01387184422193,0.506935922110965,1.01387184422193,0.6727268243721324,1.01387184422193,0.9242927376877618,1.01387184422193,0.506935922110965,1.01387184422193,0.828000466748221,1.01387184422193,0.5354537125689275,1.01387184422193,0.8944565806777932,1.01387184422193,0.5120689068163207,1.01387184422193,1.2073548648695531,1.01387184422193,0.506935922110965,1.01387184422193,0.7267459718007069,1.01387184422193,0.831416422731087,1.01387184422193,0.506935922110965,1.01387184422193,0.506935922110965,1.01387184422193,0.9737618967833794,1.01387184422193,1.2073548648695531,1.01387184422193,0.5354537125689275,1.01387184422193,0.828000466748221,1.01387184422193,0.5120689068163207,1.01387184422193,0.8944565806777932,1.01387184422193,0.9737618967833794,1.01387184422193,0.506935922110965,1.01387184422193,0.831416422731087,1.01387184422193,0.506935922110965,1.01387184422193,1.459773239814039,1.01387184422193,1.7109353555159996,1.01387184422193,1.736778402790799,1.01387184422193,0.625013319265534,1.01387184422193,0.7267459718007069,1.01387184422193,0.506935922110965,1.01387184422193,0.6727268243721324,1.01387184422193,0.9242927376877618,1.01387184422193,0.506935922110965,1.01387184422193,0.506935922110965
sepp_van_den_berg,DEF,Brentford,,20.48215284974497,0.5852043671355706,28.39871363395083,0.8113918181128809,35,0.5852043671355702,1.029346926923738,0.5852043671355702,0.4073660531205204,0.5852043671355702,1.1704087342711404,0.5852043671355702,0.5835079105496779,0.5852043671355702,0.920126984342228,0.5852043671355702,1.1704087342711404,0.5852043671355702,0.5955576232087458,0.5852043671355702,0.6256006213563239,0.5852043671355702,1.1704087342711404,0.5852043671355702,0.45885252596859144,0.5852043671355702,0.4056435506019491,0.5852043671355702,1.1704087342711404,0.5852043671355702,0.2926021835677851,0.5852043671355702,0.7964416506323055,0.5852043671355702,1.1704087342711404,0.5852043671355702,0.82673104290689,0.5852043671355702,0.45885252596859144,0.5852043671355702,0.5955576232087458,0.5852043671355702,0.6256006213563239,0.5852043671355702,1.1704087342711404,0.5852043671355702,1.1704087342711404,0.5852043671355702,0.82673104290689,0.5852043671355702,1.1704087342711404,0.5852043671355702,0.2926021835677851,0.5852043671355702,0.7964416506323055,0.5852043671355702,0.6926426366931422,0.5852043671355702,1.029346926923738,0.5852043671355702,1.1704087342711404,0.5852043671355702,0.9480207739176287,0.5852043671355702,1.1704087342711404,0.5852043671355702,0.4056435506019491,0.5852043671355702,1.1704087342711404,0.5852043671355702,0.5835079105496779,0.5852043671355702,0.920126984342228,0.5852043671355702,0.4073660531205204
max_alleyne,DEF,Man City,,21.09325297218398,0.6026643706338279,28.39370942713204,0.8112488407752012,35,0.6026643706338275,1.205328741267655,0.6026643706338275,0.664702365428281,0.6026643706338275,0.559969987178707,0.6026643706338275,0.7643142669189075,0.6026643706338275,1.205328741267655,0.6026643706338275,0.5715336306550209,0.6026643706338275,1.205328741267655,0.6026643706338275,1.1666305993148522,0.6026643706338275,0.4403430329530626,0.6026643706338275,0.9097788924844518,0.6026643706338275,0.6293587850470633,0.6026643706338275,0.3909334550889821,0.6026643706338275,0.8830103008192787,0.6026643706338275,0.30133218531691375,0.6026643706338275,0.6003647347126531,0.6026643706338275,1.205328741267655,0.6026643706338275,0.9097788924844518,0.6026643706338275,1.205328741267655,0.6026643706338275,0.5715336306550209,0.6026643706338275,0.4403430329530626,0.6026643706338275,1.1666305993148522,0.6026643706338275,1.205328741267655,0.6026643706338275,0.30133218531691375,0.6026643706338275,0.8830103008192787,0.6026643706338275,0.6003647347126531,0.6026643706338275,1.205328741267655,0.6026643706338275,1.205328741267655,0.6026643706338275,0.9878244579905384,0.6026643706338275,0.793381825896252,0.6026643706338275,0.3909334550889821,0.6026643706338275,0.6293587850470633,0.6026643706338275,0.559969987178707,0.6026643706338275,0.7643142669189075,0.6026643706338275,1.205328741267655,0.6026643706338275,0.664702365428281
dominic_solanke_mitchell,FWD,Spurs,,36.56471269861631,1.0447060771033232,28.123762838950206,0.803536081112863,35,1.044706077103323,1.502333306685754,1.044706077103323,0.5223530385516615,1.044706077103323,0.628643629596896,1.044706077103323,0.7737152364269491,1.044706077103323,1.044375853343158,1.044706077103323,1.2033510260509457,1.044706077103323,0.5223530385516615,1.044706077103323,1.479978773370048,1.044706077103323,0.719184774285156,1.044706077103323,1.2627206527080264,1.044706077103323,0.5223530385516615,1.044706077103323,0.5223530385516615,1.044706077103323,0.5223530385516615,1.044706077103323,0.5223530385516615,1.044706077103323,0.7995238556195614,1.044706077103323,0.5406437143310859,1.044706077103323,1.2627206527080264,1.044706077103323,0.5223530385516615,1.044706077103323,1.2033510260509457,1.044706077103323,0.719184774285156,1.044706077103323,1.479978773370048,1.044706077103323,0.5406437143310859,1.044706077103323,0.7995238556195614,1.044706077103323,0.5223530385516615,1.044706077103323,0.5223530385516615,1.044706077103323,0.5819164453744821,1.044706077103323,1.502333306685754,1.044706077103323,0.8423152475689666,1.044706077103323,0.5223530385516615,1.044706077103323,0.5223530385516615,1.044706077103323,0.5223530385516615,1.044706077103323,1.044375853343158,1.044706077103323,0.7737152364269491,1.044706077103323,0.628643629596896,1.044706077103323,0.5223530385516615
gabriel_fernando_de_jesus,FWD,Arsenal,,21.306896626304056,0.6087684750372587,27.98435368667107,0.7995529624763164,35,0.6087684750372586,0.8295976572347822,0.6087684750372586,0.9222708005527342,0.6087684750372586,0.42993759594567055,0.6087684750372586,0.6712552004022959,0.6087684750372586,1.2175369500745172,0.6087684750372586,0.5342823804774952,0.6087684750372586,0.5109487301707971,0.6087684750372586,0.4205047660639822,0.6087684750372586,0.6236460710025311,0.6087684750372586,0.9716317433595772,0.6087684750372586,0.826189173828484,0.6087684750372586,0.3666037882539006,0.6087684750372586,0.7251561782123773,0.6087684750372586,1.2175369500745172,0.6087684750372586,1.2175369500745172,0.6087684750372586,1.2175369500745172,0.6087684750372586,0.9716317433595772,0.6087684750372586,0.5109487301707971,0.6087684750372586,0.4205047660639822,0.6087684750372586,0.6236460710025311,0.6087684750372586,0.5342823804774952,0.6087684750372586,1.2175369500745172,0.6087684750372586,1.2175369500745172,0.6087684750372586,0.7251561782123773,0.6087684750372586,1.2175369500745172,0.6087684750372586,1.2047137150077218,0.6087684750372586,0.8295976572347822,0.6087684750372586,0.8924999116460031,0.6087684750372586,0.48279628841195427,0.6087684750372586,0.3666037882539006,0.6087684750372586,0.826189173828484,0.6087684750372586,0.42993759594567055,0.6087684750372586,0.6712552004022959,0.6087684750372586,1.2175369500745172,0.6087684750372586,0.9222708005527342
rodrigo_muniz_carvalho,FWD,Fulham,,32.0517805233986,0.9157651578113886,27.948937883927844,0.7985410823979384,35,0.9157651578113882,0.5269437082856211,0.9157651578113882,0.7151957459124074,0.9157651578113882,1.6837433371171593,0.9157651578113882,0.503930558929165,0.9157651578113882,0.8802409180460399,0.9157651578113882,0.47616480696025004,0.9157651578113882,0.4578825789056941,0.9157651578113882,0.6150799377253161,0.9157651578113882,0.4578825789056941,0.9157651578113882,0.8148409959046977,0.9157651578113882,1.709175658986868,0.9157651578113882,0.9582858290710272,0.9157651578113882,0.4578825789056941,0.9157651578113882,0.9096028868713116,0.9157651578113882,0.4578825789056941,0.9157651578113882,0.6620351286708629,0.9157651578113882,0.8148409959046977,0.9157651578113882,0.4578825789056941,0.9157651578113882,0.47616480696025004,0.9157651578113882,0.4578825789056941,0.9157651578113882,0.6150799377253161,0.9157651578113882,0.6620351286708629,0.9157651578113882,0.4578825789056941,0.9157651578113882,0.4578825789056941,0.9157651578113882,0.9096028868713116,0.9157651578113882,1.3690292785163956,0.9157651578113882,0.5269437082856211,0.9157651578113882,1.1881662873504681,0.9157651578113882,0.8182026618539653,0.9157651578113882,0.9582858290710272,0.9157651578113882,1.709175658986868,0.9157651578113882,1.6837433371171593,0.9157651578113882,0.503930558929165,0.9157651578113882,0.8802409180460399,0.9157651578113882,0.7151957459124074
trey_nyoni,MID,Liverpool,,24.443972804681152,0.6983992229908901,27.63871498219938,0.7896775709199824,35,0.6983992229908902,1.0307835853123373,0.6983992229908902,0.7631305417242127,0.6983992229908902,0.6372236741747582,0.6983992229908902,0.511705037623997,0.6983992229908902,0.7388783157278828,0.6983992229908902,0.43514468622687824,0.6983992229908902,1.1933250682448033,0.6983992229908902,0.6302373015489556,0.6983992229908902,0.7677939150629132,0.6983992229908902,0.7198031207563367,0.6983992229908902,1.0411774198650092,0.6983992229908902,0.5544535806299937,0.6983992229908902,0.8913395568986945,0.6983992229908902,0.49780264290470166,0.6983992229908902,1.0053411568022765,0.6983992229908902,0.9214652266729246,0.6983992229908902,0.7198031207563367,0.6983992229908902,1.1933250682448033,0.6983992229908902,0.6302373015489556,0.6983992229908902,0.7677939150629132,0.6983992229908902,0.43514468622687824,0.6983992229908902,0.9214652266729246,0.6983992229908902,0.49780264290470166,0.6983992229908902,0.8913395568986945,0.6983992229908902,1.0053411568022765,0.6983992229908902,1.1370359366792142,0.6983992229908902,1.0307835853123373,0.6983992229908902,0.9235739222975392,0.6983992229908902,0.8988954628692708,0.6983992229908902,0.5544535806299937,0.6983992229908902,1.0411774198650092,0.6983992229908902,0.6372236741747582,0.6983992229908902,0.511705037623997,0.6983992229908902,0.7388783157278828,0.6983992229908902,0.7631305417242127
mohamed_ali_cho,MID,Hull City,,32.66295852911585,0.9332273865461671,27.587257664245985,0.7882073618355996,35,0.9332273865461663,0.9904877109335057,0.9332273865461663,0.8786097380914901,0.9332273865461663,0.7304138784511276,0.9332273865461663,0.9805999000787214,0.9332273865461663,0.4867926846272259,0.9332273865461663,1.081679357122964,0.9332273865461663,0.46661369327308316,0.9332273865461663,0.7029060346877295,0.9332273865461663,1.1352280530618981,0.9332273865461663,0.8551327491344685,0.9332273865461663,0.7259775413818156,0.9332273865461663,0.8479447023462514,0.9332273865461663,0.6062004480156954,0.9332273865461663,0.8765457867044503,0.9332273865461663,0.5274600153817115,0.9332273865461663,0.6847595153313774,0.9332273865461663,0.8551327491344685,0.9332273865461663,0.46661369327308316,0.9332273865461663,1.081679357122964,0.9332273865461663,1.1352280530618981,0.9332273865461663,0.7029060346877295,0.9332273865461663,0.6847595153313774,0.9332273865461663,0.8765457867044503,0.9332273865461663,0.6062004480156954,0.9332273865461663,0.5274600153817115,0.9332273865461663,0.9563961358645621,0.9332273865461663,0.9904877109335057,0.9332273865461663,0.5995542068488855,0.9332273865461663,0.8766037042855027,0.9332273865461663,0.8479447023462514,0.9332273865461663,0.7259775413818156,0.9332273865461663,0.7304138784511276,0.9332273865461663,0.9805999000787214,0.9332273865461663,0.4867926846272259,0.9332273865461663,0.8786097380914901
amad_diallo,MID,Man Utd,,23.11983779400954,0.6605667941145583,27.41390549189924,0.7832544426256925,35,0.6605667941145583,0.6070205362252327,0.6605667941145583,0.9819264883697072,0.6605667941145583,0.8490918302558561,0.6605667941145583,0.528173580904523,0.6605667941145583,0.7269596680430954,0.6605667941145583,0.9918276757852096,0.6605667941145583,0.9576899804950584,0.6605667941145583,0.8777316071160797,0.6605667941145583,0.4874512340269477,0.6605667941145583,0.8797983506854795,0.6605667941145583,0.8777896030499697,0.6605667941145583,1.136763827481893,0.6605667941145583,0.4145196913957712,0.6605667941145583,0.8562896012738062,0.6605667941145583,0.6856858808705812,0.6605667941145583,0.7038569494443035,0.6605667941145583,0.8797983506854795,0.6605667941145583,0.9576899804950584,0.6605667941145583,0.8777316071160797,0.6605667941145583,0.4874512340269477,0.6605667941145583,0.9918276757852096,0.6605667941145583,0.7038569494443035,0.6605667941145583,0.8562896012738062,0.6605667941145583,0.4145196913957712,0.6605667941145583,0.6856858808705812,0.6605667941145583,0.731402006737342,0.6605667941145583,0.6070205362252327,0.6605667941145583,0.4742077852359865,0.6605667941145583,1.0831426890788873,0.6605667941145583,1.136763827481893,0.6605667941145583,0.8777896030499697,0.6605667941145583,0.7269596680430954,0.6605667941145583,0.528173580904523,0.6605667941145583,0.8490918302558561,0.6605667941145583,0.9819264883697072
liam_millar,MID,Hull City,,32.4413341335375,0.9268952609582144,27.400072865904697,0.7828592247401343,35,0.926895260958214,0.9837670631370813,0.926895260958214,0.872648203652404,0.926895260958214,0.7254578811494913,0.926895260958214,0.9739463429624732,0.926895260958214,0.4834897035330212,0.926895260958214,1.0743399566360716,0.926895260958214,0.463447630479107,0.926895260958214,0.6981366833459897,0.926895260958214,1.1275253144725832,0.926895260958214,0.8493305105375812,0.926895260958214,0.7210516454722712,0.926895260958214,0.8421912360160713,0.926895260958214,0.6020872625009468,0.926895260958214,0.8705982565686868,0.926895260958214,0.5238810987016286,0.926895260958214,0.6801132915801961,0.926895260958214,0.8493305105375812,0.926895260958214,0.463447630479107,0.926895260958214,1.0743399566360716,0.926895260958214,1.1275253144725832,0.926895260958214,0.6981366833459897,0.926895260958214,0.6801132915801961,0.926895260958214,0.8705982565686868,0.926895260958214,0.6020872625009468,0.926895260958214,0.5238810987016286,0.926895260958214,0.9499068058990754,0.926895260958214,0.9837670631370813,0.926895260958214,0.5954861173464944,0.926895260958214,0.8706557811679191,0.926895260958214,0.8421912360160713,0.926895260958214,0.7210516454722712,0.926895260958214,0.7254578811494913,0.926895260958214,0.9739463429624732,0.926895260958214,0.4834897035330212,0.926895260958214,0.872648203652404
bazoumana_toure,MID,Newcastle,,25.27482133395633,0.7221377523987522,27.228021345589188,0.7779434670168339,35,0.7221377523987526,0.5388204124225989,0.7221377523987526,0.48376678359656544,0.7221377523987526,0.8954839337584213,0.7221377523987526,0.9769949291663237,0.7221377523987526,1.1596785157294875,0.7221377523987526,0.7461454816464415,0.7221377523987526,1.0017199923668296,0.7221377523987526,0.4228755075039104,0.7221377523987526,0.7180451758616999,0.7221377523987526,0.6124673635597474,0.7221377523987526,0.6995078180364847,0.7221377523987526,1.1049764917104188,0.7221377523987526,0.49727719153333283,0.7221377523987526,0.6192567510054838,0.7221377523987526,0.873550538672132,0.7221377523987526,1.0118207662025032,0.7221377523987526,0.6124673635597474,0.7221377523987526,1.0017199923668296,0.7221377523987526,0.4228755075039104,0.7221377523987526,0.7180451758616999,0.7221377523987526,0.7461454816464415,0.7221377523987526,1.0118207662025032,0.7221377523987526,0.6192567510054838,0.7221377523987526,0.49727719153333283,0.7221377523987526,0.873550538672132,0.7221377523987526,0.7416135950585976,0.7221377523987526,0.5388204124225989,0.7221377523987526,0.8954247687525457,0.7221377523987526,0.8662076762332849,0.7221377523987526,1.1049764917104188,0.7221377523987526,0.6995078180364847,0.7221377523987526,0.8954839337584213,0.7221377523987526,0.9769949291663237,0.7221377523987526,1.1596785157294875,0.7221377523987526,0.48376678359656544
tijjani_reijnders,MID,Man City,,22.884036726609526,0.6538296207602722,27.136973165365884,0.7753420904390252,35,0.6538296207602718,0.6045790875468313,0.6538296207602718,0.6904985041200769,0.6538296207602718,0.8838921416364356,0.6538296207602718,1.0907449422875486,0.6538296207602718,0.9644117188223629,0.6538296207602718,0.7087971099663692,0.6538296207602718,0.8622996407953423,0.6538296207602718,0.9888183354662576,0.6538296207602718,0.4174290806071286,0.6538296207602718,0.531880672629969,0.6538296207602718,0.49087250783077,0.6538296207602718,0.9987890163423705,0.6538296207602718,0.47753610725046475,0.6538296207602718,0.8859733910581948,0.6538296207602718,0.7365354977432859,0.6538296207602718,0.855051350784495,0.6538296207602718,0.531880672629969,0.6538296207602718,0.8622996407953423,0.6538296207602718,0.7087971099663692,0.6538296207602718,0.4174290806071286,0.6538296207602718,0.9888183354662576,0.6538296207602718,0.855051350784495,0.6538296207602718,0.8859733910581948,0.6538296207602718,0.47753610725046475,0.6538296207602718,0.7365354977432859,0.6538296207602718,0.8839505446263664,0.6538296207602718,0.6045790875468313,0.6538296207602718,0.7320619796080176,0.6538296207602718,1.1447424313556942,0.6538296207602718,0.9987890163423705,0.6538296207602718,0.49087250783077,0.6538296207602718,0.8838921416364356,0.6538296207602718,1.0907449422875486,0.6538296207602718,0.9644117188223629,0.6538296207602718,0.6904985041200769
archie_gray,MID,Spurs,,42.39479404849616,1.211279829957033,27.03249431798703,0.7723569805139151,35,1.2112798299570326,0.7012728896861212,1.2112798299570326,0.9182392362322263,1.2112798299570326,0.6056399149785163,1.2112798299570326,0.8416302468368076,1.2112798299570326,0.9509706753078998,1.2112798299570326,1.0899363781417173,1.2112798299570326,0.6056399149785163,1.2112798299570326,1.0385240900569799,1.2112798299570326,0.6574399778311899,1.2112798299570326,0.9414773539248117,1.2112798299570326,0.6056399149785163,1.2112798299570326,0.6056399149785163,1.2112798299570326,0.8415746399670225,1.2112798299570326,0.697013547129795,1.2112798299570326,0.6748625137963601,1.2112798299570326,0.6056399149785163,1.2112798299570326,0.9414773539248117,1.2112798299570326,0.6056399149785163,1.2112798299570326,1.0899363781417173,1.2112798299570326,0.6574399778311899,1.2112798299570326,1.0385240900569799,1.2112798299570326,0.6056399149785163,1.2112798299570326,0.6748625137963601,1.2112798299570326,0.8415746399670225,1.2112798299570326,0.697013547129795,1.2112798299570326,0.8210159085728418,1.2112798299570326,0.7012728896861212,1.2112798299570326,0.6056399149785163,1.2112798299570326,0.8435562468286424,1.2112798299570326,0.6056399149785163,1.2112798299570326,0.6056399149785163,1.2112798299570326,0.9509706753078998,1.2112798299570326,0.8416302468368076,1.2112798299570326,0.6056399149785163,1.2112798299570326,0.9182392362322263
dan_burn,DEF,Newcastle,,22.032067440240557,0.6294876411497302,26.97024295024338,0.7705783700069537,35,0.6294876411497308,0.811404027616923,0.6294876411497308,0.7875299376922378,0.6294876411497308,1.2589752822994615,0.6294876411497308,1.2589752822994615,0.6294876411497308,0.7075930363830563,0.6294876411497308,0.5354469836673392,0.6294876411497308,1.0404822257858586,0.6294876411497308,0.3927285117545994,0.6294876411497308,0.5097334018880113,0.6294876411497308,1.1728946307983126,0.6294876411497308,0.5928277529083478,0.6294876411497308,0.6816685676774767,0.6294876411497308,0.5613058922577805,0.6294876411497308,0.3471873399726248,0.6294876411497308,1.1580040303625578,0.6294876411497308,0.34866161724544587,0.6294876411497308,1.1728946307983126,0.6294876411497308,1.0404822257858586,0.6294876411497308,0.3927285117545994,0.6294876411497308,0.5097334018880113,0.6294876411497308,0.5354469836673392,0.6294876411497308,0.34866161724544587,0.6294876411497308,0.3471873399726248,0.6294876411497308,0.5613058922577805,0.6294876411497308,1.1580040303625578,0.6294876411497308,0.8810104855292903,0.6294876411497308,0.811404027616923,0.6294876411497308,0.49942014119564193,0.6294876411497308,1.2589752822994615,0.6294876411497308,0.6816685676774767,0.6294876411497308,0.5928277529083478,0.6294876411497308,1.2589752822994615,0.6294876411497308,1.2589752822994615,0.6294876411497308,0.7075930363830563,0.6294876411497308,0.7875299376922378
chris_wood,FWD,Nott'm Forest,,37.92521438918805,1.0835775539768013,26.966255272198545,0.7704644363485299,35,1.083577553976801,0.5417887769884004,1.083577553976801,0.7063866493329918,1.083577553976801,1.0986355951693882,1.083577553976801,0.5417887769884004,1.083577553976801,1.351191236239181,1.083577553976801,0.7690170975048508,1.083577553976801,0.5417887769884004,1.083577553976801,0.5417887769884004,1.083577553976801,0.9534944188177572,1.083577553976801,0.5417887769884004,1.083577553976801,0.7299494062454336,1.083577553976801,0.6566014200581931,1.083577553976801,1.3716004813242428,1.083577553976801,0.5739391525830557,1.083577553976801,0.5417887769884004,1.083577553976801,1.152838885568731,1.083577553976801,0.5417887769884004,1.083577553976801,0.5417887769884004,1.083577553976801,0.5417887769884004,1.083577553976801,0.9534944188177572,1.083577553976801,0.7690170975048508,1.083577553976801,1.152838885568731,1.083577553976801,0.5739391525830557,1.083577553976801,1.3716004813242428,1.083577553976801,0.5417887769884004,1.083577553976801,0.6539037086732793,1.083577553976801,0.5417887769884004,1.083577553976801,0.5417887769884004,1.083577553976801,0.5417887769884004,1.083577553976801,0.6566014200581931,1.083577553976801,0.7299494062454336,1.083577553976801,1.0986355951693882,1.083577553976801,0.5417887769884004,1.083577553976801,1.351191236239181,1.083577553976801,0.7063866493329918
matt_o'riley,MID,Brighton,,20.489020093284157,0.5854005740938331,26.80692663743975,0.7659121896411357,35,0.5854005740938331,0.8709325601750136,0.5854005740938331,0.4112815813902092,0.5854005740938331,0.680329497669476,0.5854005740938331,1.1278837515768485,0.5854005740938331,0.8708750172888742,0.5854005740938331,0.6022786643365561,0.5854005740938331,0.48364340354050844,0.5854005740938331,0.47050340880716696,0.5854005740938331,0.8729256160449638,0.5854005740938331,0.7212808657483141,0.5854005740938331,0.8496005103015367,0.5854005740938331,0.7256885021553774,0.5854005740938331,1.0746814862657041,0.5854005740938331,0.9742559577466384,0.5854005740938331,0.842458966224875,0.5854005740938331,0.5956754206967538,0.5854005740938331,0.7212808657483141,0.5854005740938331,0.48364340354050844,0.5854005740938331,0.6022786643365561,0.5854005740938331,0.8729256160449638,0.5854005740938331,0.47050340880716696,0.5854005740938331,0.5956754206967538,0.5854005740938331,0.842458966224875,0.5854005740938331,1.0746814862657041,0.5854005740938331,0.9742559577466384,0.5854005740938331,0.5240476390192496,0.5854005740938331,0.8709325601750136,0.5854005740938331,0.9502087785824894,0.5854005740938331,0.9840797999003774,0.5854005740938331,0.7256885021553774,0.5854005740938331,0.8496005103015367,0.5854005740938331,0.680329497669476,0.5854005740938331,1.1278837515768485,0.5854005740938331,0.8708750172888742,0.5854005740938331,0.4112815813902092
ibrahim_sangare,MID,Nott'm Forest,,28.53083292797525,0.8151666550850072,26.8055769019469,0.7658736257699115,35,0.8151666550850064,0.953059520817118,0.8151666550850064,0.8735454640849395,0.8151666550850064,1.131267540401835,0.8151666550850064,0.41251547629922375,0.8151666550850064,1.0779056618055696,0.8151666550850064,0.48509439274209143,0.8151666550850064,0.604085573790709,0.8151666550850064,0.7234447963216409,0.8151666550850064,0.9870321593302764,0.8151666550850064,0.47191497642183816,0.8151666550850064,0.7004537800577395,0.8151666550850064,0.6823705691436455,0.8151666550850064,0.7278656561755337,0.8151666550850064,0.5974625196145765,0.8151666550850064,0.8755444993655966,0.8151666550850064,0.9771788444518423,0.8151666550850064,0.47191497642183816,0.8151666550850064,0.604085573790709,0.8151666550850064,0.7234447963216409,0.8151666550850064,0.9870321593302764,0.8151666550850064,0.48509439274209143,0.8151666550850064,0.9771788444518423,0.8151666550850064,0.5974625196145765,0.8151666550850064,0.7278656561755337,0.8151666550850064,0.8755444993655966,0.8151666550850064,0.844986445879969,0.8151666550850064,0.953059520817118,0.8151666550850064,0.5256198458554547,0.8151666550850064,0.8734877485631231,0.8151666550850064,0.6823705691436455,0.8151666550850064,0.7004537800577395,0.8151666550850064,1.131267540401835,0.8151666550850064,0.41251547629922375,0.8151666550850064,1.0779056618055696,0.8151666550850064,0.8735454640849395
daniel_jebbison,FWD,Bournemouth,,23.063365274245868,0.658953293549882,26.793234004829152,0.7655209715665472,35,0.6589532935498823,0.8665824541988815,0.6589532935498823,0.4765177132938353,0.6589532935498823,1.0744644510570407,0.6589532935498823,0.7399045767261508,0.6589532935498823,0.6467549304430302,0.6589532935498823,0.38345430724476115,0.6589532935498823,1.3179065870997646,0.6589532935498823,0.598681530254525,0.6589532935498823,1.299099791140538,0.6589532935498823,0.8225582369463433,0.6589532935498823,0.45570681236723415,0.6589532935498823,0.38891329167190947,0.6589532935498823,0.7960060682375757,0.6589532935498823,0.7368646061452052,0.6589532935498823,1.2380197181846557,0.6589532935498823,0.430598110188861,0.6589532935498823,0.8225582369463433,0.6589532935498823,1.3179065870997646,0.6589532935498823,0.598681530254525,0.6589532935498823,1.299099791140538,0.6589532935498823,0.38345430724476115,0.6589532935498823,0.430598110188861,0.6589532935498823,1.2380197181846557,0.6589532935498823,0.7960060682375757,0.6589532935498823,0.7368646061452052,0.6589532935498823,0.3750413206119347,0.6589532935498823,0.8665824541988815,0.6589532935498823,0.5562197267168323,0.6589532935498823,1.3179065870997646,0.6589532935498823,0.38891329167190947,0.6589532935498823,0.45570681236723415,0.6589532935498823,0.6467549304430302,0.6589532935498823,0.7399045767261508,0.6589532935498823,1.0744644510570407,0.6589532935498823,0.4765177132938353
emile_smith_rowe,MID,Fulham,,33.50897054004859,0.9573991582871025,26.640832120729403,0.7611666320208401,35,0.9573991582871021,0.8911672149796266,0.9573991582871021,0.6095552118910522,0.9573991582871021,1.0997225641941821,0.9573991582871021,0.4814665757325548,0.9573991582871021,0.8912260986685195,0.9573991582871021,0.972349526680317,0.9573991582871021,0.8932655945934935,0.9573991582871021,0.6163123172477242,0.9573991582871021,0.7380873806072273,0.9573991582871021,0.862089043503015,0.9573991582871021,0.7425977190410401,0.9573991582871021,0.4949127445614794,0.9573991582871021,0.5362584362969757,0.9573991582871021,0.7146310242162462,0.9573991582871021,0.47869957914355105,0.9573991582871021,0.8693969921972667,0.9573991582871021,0.862089043503015,0.9573991582871021,0.8932655945934935,0.9573991582871021,0.972349526680317,0.9573991582871021,0.7380873806072273,0.9573991582871021,0.6163123172477242,0.9573991582871021,0.8693969921972667,0.9573991582871021,0.47869957914355105,0.9573991582871021,0.5362584362969757,0.9573991582871021,0.7146310242162462,0.9573991582871021,1.154164491757495,0.9573991582871021,0.8911672149796266,0.9573991582871021,1.0070097742900672,0.9573991582871021,0.6961818075732976,0.9573991582871021,0.4949127445614794,0.9573991582871021,0.7425977190410401,0.9573991582871021,1.0997225641941821,0.9573991582871021,0.4814665757325548,0.9573991582871021,0.8912260986685195,0.9573991582871021,0.6095552118910522
noussair_mazraoui,DEF,Man Utd,,35.31867762021423,1.0091050748632637,26.561971095846427,0.7589134598813265,35,1.009105074863263,0.5045525374316315,1.009105074863263,0.9371394834849087,1.009105074863263,1.4880640175746718,1.009105074863263,0.7308137827767134,1.009105074863263,0.793506790305931,1.009105074863263,0.5045525374316315,1.009105074863263,1.4678918404854453,1.009105074863263,0.5045525374316315,1.009105074863263,0.5055558864066099,1.009105074863263,0.5045525374316315,1.009105074863263,1.2025356158789313,1.009105074863263,0.6373135034889204,1.009105074863263,0.5045525374316315,1.009105074863263,1.0429887911518796,1.009105074863263,0.5339469338233446,1.009105074863263,0.5045525374316315,1.009105074863263,0.5045525374316315,1.009105074863263,1.4678918404854453,1.009105074863263,0.5045525374316315,1.009105074863263,0.5055558864066099,1.009105074863263,0.5045525374316315,1.009105074863263,0.5045525374316315,1.009105074863263,1.0429887911518796,1.009105074863263,0.5045525374316315,1.009105074863263,0.5339469338233446,1.009105074863263,0.5045525374316315,1.009105074863263,0.5045525374316315,1.009105074863263,0.7093109144467968,1.009105074863263,0.6139639040337083,1.009105074863263,0.6373135034889204,1.009105074863263,1.2025356158789313,1.009105074863263,0.793506790305931,1.009105074863263,0.7308137827767134,1.009105074863263,1.4880640175746718,1.009105074863263,0.9371394834849087
kostas_tsimikas,DEF,Liverpool,,28.044277609595397,0.8012650745598685,26.5419769908358,0.7583421997381657,35,0.8012650745598686,0.9400262288874943,0.8012650745598686,0.7959510924820787,0.8012650745598686,0.4006325372799343,0.8012650745598686,0.5071131904755916,0.8012650745598686,0.46051989706299623,0.8012650745598686,0.4006325372799343,0.8012650745598686,0.6392766710414826,0.8012650745598686,1.0596545422378447,0.8012650745598686,0.483750895836623,0.8012650745598686,0.5355916930972868,0.8012650745598686,0.4006325372799343,0.8012650745598686,0.7330649666877057,0.8012650745598686,1.4926478197057194,0.8012650745598686,0.7114958613595753,0.8012650745598686,1.472413504652509,0.8012650745598686,1.2062398821293245,0.8012650745598686,0.5355916930972868,0.8012650745598686,0.6392766710414826,0.8012650745598686,1.0596545422378447,0.8012650745598686,0.483750895836623,0.8012650745598686,0.4006325372799343,0.8012650745598686,1.2062398821293245,0.8012650745598686,0.7114958613595753,0.8012650745598686,1.4926478197057194,0.8012650745598686,1.472413504652509,0.8012650745598686,0.6158551459550624,0.8012650745598686,0.9400262288874943,0.8012650745598686,0.4006325372799343,0.8012650745598686,1.0462015926087234,0.8012650745598686,0.7330649666877057,0.8012650745598686,0.4006325372799343,0.8012650745598686,0.4006325372799343,0.8012650745598686,0.5071131904755916,0.8012650745598686,0.46051989706299623,0.8012650745598686,0.7959510924820787
rico_henry,DEF,Brentford,,19.018030889136593,0.5433723111181884,26.368693616547578,0.7533912461870736,35,0.5433723111181886,0.9557663100886999,0.5433723111181886,0.3782463805570217,0.5433723111181886,1.0867446222363772,0.5433723111181886,0.5417971220260429,0.5433723111181886,0.8543537165511632,0.5433723111181886,1.0867446222363772,0.5433723111181886,0.5529854872939169,0.5433723111181886,0.58088092733698,0.5433723111181886,1.0867446222363772,0.5433723111181886,0.4260524553471286,0.5433723111181886,0.3766470073688067,0.5433723111181886,1.0867446222363772,0.5433723111181886,0.2716861555590943,0.5433723111181886,0.7395097587756131,0.5433723111181886,1.0867446222363772,0.5433723111181886,0.7676339799996723,0.5433723111181886,0.4260524553471286,0.5433723111181886,0.5529854872939169,0.5433723111181886,0.58088092733698,0.5433723111181886,1.0867446222363772,0.5433723111181886,1.0867446222363772,0.5433723111181886,0.7676339799996723,0.5433723111181886,1.0867446222363772,0.5433723111181886,0.2716861555590943,0.5433723111181886,0.7395097587756131,0.5433723111181886,0.643130590636483,0.5433723111181886,0.9557663100886999,0.5433723111181886,1.0867446222363772,0.5433723111181886,0.880253579502662,0.5433723111181886,1.0867446222363772,0.5433723111181886,0.3766470073688067,0.5433723111181886,1.0867446222363772,0.5433723111181886,0.5417971220260429,0.5433723111181886,0.8543537165511632,0.5433723111181886,0.3782463805570217
el_hadji_malick_diouf,DEF,Brentford,,18.994905138043684,0.5427115753726767,26.336629527011887,0.7524751293431967,35,0.5427115753726766,0.954604107023674,0.5427115753726766,0.37778643642823406,0.5427115753726766,1.0854231507453531,0.5427115753726766,0.5411383016960164,0.5427115753726766,0.8533148302695366,0.5427115753726766,1.0854231507453531,0.5427115753726766,0.5523130620143649,0.5427115753726766,0.5801745814582437,0.5427115753726766,1.0854231507453531,0.5427115753726766,0.4255343794699612,0.5427115753726766,0.37618900806314354,0.5427115753726766,1.0854231507453531,0.5427115753726766,0.2713557876863383,0.5427115753726766,0.7386105216930821,0.5427115753726766,1.0854231507453531,0.5427115753726766,0.7667005441221398,0.5427115753726766,0.4255343794699612,0.5427115753726766,0.5523130620143649,0.5427115753726766,0.5801745814582437,0.5427115753726766,1.0854231507453531,0.5427115753726766,1.0854231507453531,0.5427115753726766,0.7667005441221398,0.5427115753726766,1.0854231507453531,0.5427115753726766,0.2713557876863383,0.5427115753726766,0.7386105216930821,0.5427115753726766,0.6423485497382426,0.5427115753726766,0.954604107023674,0.5427115753726766,1.0854231507453531,0.5427115753726766,0.8791831992252875,0.5427115753726766,1.0854231507453531,0.5427115753726766,0.37618900806314354,0.5427115753726766,1.0854231507453531,0.5427115753726766,0.5411383016960164,0.5427115753726766,0.8533148302695366,0.5427115753726766,0.37778643642823406
tino_livramento,DEF,Newcastle,,21.412823678790122,0.6117949622511464,26.212204480315815,0.7489201280090233,35,0.6117949622511468,0.7885983202778185,0.6117949622511468,0.7653952468742232,0.6117949622511468,1.2235899245022936,0.6117949622511468,1.2235899245022936,0.6117949622511468,0.687705090114987,0.6117949622511468,0.5203974561945859,0.6117949622511468,1.0112379377059688,0.6117949622511468,0.38169029750133476,0.6117949622511468,0.4954065925689031,0.6117949622511468,1.139928696714705,0.6117949622511468,0.5761654542566709,0.6117949622511468,0.6625092668512569,0.6117949622511468,0.545529562006941,0.6117949622511468,0.33742912754359305,0.6117949622511468,1.1254566185737418,0.6117949622511468,0.3388619680785175,0.6117949622511468,1.139928696714705,0.6117949622511468,1.0112379377059688,0.6117949622511468,0.38169029750133476,0.6117949622511468,0.4954065925689031,0.6117949622511468,0.5203974561945859,0.6117949622511468,0.3388619680785175,0.6117949622511468,0.33742912754359305,0.6117949622511468,0.545529562006941,0.6117949622511468,1.1254566185737418,0.6117949622511468,0.8562483859934114,0.6117949622511468,0.7885983202778185,0.6117949622511468,0.48538320128444484,0.6117949622511468,1.2235899245022936,0.6117949622511468,0.6625092668512569,0.6117949622511468,0.5761654542566709,0.6117949622511468,1.2235899245022936,0.6117949622511468,1.2235899245022936,0.6117949622511468,0.687705090114987,0.6117949622511468,0.7653952468742232
ryan_mcaidoo,MID,Man City,,22.08660353527509,0.631045815293574,26.19133916849104,0.7483239762426012,35,0.6310458152935738,0.5835115006977012,0.6310458152935738,0.6664369090295631,0.6310458152935738,0.8530914162346548,0.6310458152935738,1.0527360791375935,0.6310458152935738,0.9308051517691566,0.6310458152935738,0.6840978688245357,0.6310458152935738,0.8322513428197325,0.6310458152935738,0.9543612783342014,0.6310458152935738,0.40288305413981057,0.6310458152935738,0.5133463857272027,0.6310458152935738,0.4737672201958021,0.6310458152935738,0.9639845138725095,0.6310458152935738,0.46089554918234377,0.6310458152935738,0.8551001409795755,0.6310458152935738,0.710869665289278,0.6310458152935738,0.8252556318055071,0.6310458152935738,0.5133463857272027,0.6310458152935738,0.8322513428197325,0.6310458152935738,0.6840978688245357,0.6310458152935738,0.40288305413981057,0.6310458152935738,0.9543612783342014,0.6310458152935738,0.8252556318055071,0.6310458152935738,0.8551001409795755,0.6310458152935738,0.46089554918234377,0.6310458152935738,0.710869665289278,0.6310458152935738,0.853147784073043,0.6310458152935738,0.5835115006977012,0.6310458152935738,0.7065520345040309,0.6310458152935738,1.1048519338356286,0.6310458152935738,0.9639845138725095,0.6310458152935738,0.4737672201958021,0.6310458152935738,0.8530914162346548,0.6310458152935738,1.0527360791375935,0.6310458152935738,0.9308051517691566,0.6310458152935738,0.6664369090295631
dwight_mcneil,MID,Crystal Palace,,35.33261564493953,1.0095033041411294,26.06611116895571,0.7447460333987346,35,1.0095033041411292,1.0592539690474967,1.0095033041411292,0.5165247086650445,1.0095033041411292,0.8374041277744496,1.0095033041411292,0.6883333792102446,1.0095033041411292,0.8603943915436992,1.0095033041411292,0.8303651036496206,1.0095033041411292,0.8583732300190327,1.0095033041411292,0.8584299468521712,1.0095033041411292,0.5047516520705646,1.0095033041411292,0.9699529090484588,1.0095033041411292,0.9365681208808185,1.0095033041411292,0.5871242425786727,1.0095033041411292,0.6705630736885243,1.0095033041411292,0.5047516520705646,1.0095033041411292,0.7109265671791987,1.0095033041411292,0.5047516520705646,1.0095033041411292,0.9699529090484588,1.0095033041411292,0.8583732300190327,1.0095033041411292,0.8303651036496206,1.0095033041411292,0.5047516520705646,1.0095033041411292,0.8584299468521712,1.0095033041411292,0.5047516520705646,1.0095033041411292,0.7109265671791987,1.0095033041411292,0.6705630736885243,1.0095033041411292,0.5047516520705646,1.0095033041411292,0.9602700923947516,1.0095033041411292,1.0592539690474967,1.0095033041411292,0.7152709300606354,1.0095033041411292,0.5936326938020696,1.0095033041411292,0.5871242425786727,1.0095033041411292,0.9365681208808185,1.0095033041411292,0.8374041277744496,1.0095033041411292,0.6883333792102446,1.0095033041411292,0.8603943915436992,1.0095033041411292,0.5165247086650445
richarlison_de_andrade,FWD,Spurs,,33.32815378623311,0.9522329653209459,25.634362306354205,0.7324103516101201,35,0.9522329653209464,1.3693529030599414,0.9522329653209464,0.4761164826604732,0.9522329653209464,0.5729986650417187,0.9522329653209464,0.7052291262051924,0.9522329653209464,0.9519319716182648,0.9522329653209464,1.0968353118378262,0.9522329653209464,0.4761164826604732,0.9522329653209464,1.3489771016607548,0.9522329653209464,0.6555254776827519,0.9522329653209464,1.1509497818124066,0.9522329653209464,0.4761164826604732,0.9522329653209464,0.4761164826604732,0.9522329653209464,0.4761164826604732,0.9522329653209464,0.4761164826604732,0.9522329653209464,0.7287532719177954,0.9522329653209464,0.49278814258175724,0.9522329653209464,1.1509497818124066,0.9522329653209464,0.4761164826604732,0.9522329653209464,1.0968353118378262,0.9522329653209464,0.6555254776827519,0.9522329653209464,1.3489771016607548,0.9522329653209464,0.49278814258175724,0.9522329653209464,0.7287532719177954,0.9522329653209464,0.4761164826604732,0.9522329653209464,0.4761164826604732,0.9522329653209464,0.530407580172585,0.9522329653209464,1.3693529030599414,0.9522329653209464,0.7677569447586522,0.9522329653209464,0.4761164826604732,0.9522329653209464,0.4761164826604732,0.9522329653209464,0.4761164826604732,0.9522329653209464,0.9519319716182648,0.9522329653209464,0.7052291262051924,0.9522329653209464,0.5729986650417187,0.9522329653209464,0.4761164826604732
reiss_nelson,MID,Arsenal,,20.489020093284157,0.5854005740938331,25.59860846482066,0.7313888132805904,35,0.5854005740938331,0.6442022012489856,0.5854005740938331,0.6612739285527124,0.5854005740938331,0.4962193228016504,0.5854005740938331,0.8044844752335181,0.5854005740938331,0.6871525225806007,0.5854005740938331,0.8246292496092841,0.5854005740938331,0.4455184328873284,0.5854005740938331,0.8265709561457146,0.5854005740938331,0.5702960736819394,0.5854005740938331,0.45796065913301615,0.5854005740938331,0.7977221660432481,0.5854005740938331,0.6829789433289851,0.5854005740938331,0.5640434797510342,0.5854005740938331,1.0679901400832192,0.5854005740938331,0.9225203885915266,0.5854005740938331,1.0176130558287855,0.5854005740938331,0.45796065913301615,0.5854005740938331,0.4455184328873284,0.5854005740938331,0.8265709561457146,0.5854005740938331,0.5702960736819394,0.5854005740938331,0.8246292496092841,0.5854005740938331,1.0176130558287855,0.5854005740938331,0.9225203885915266,0.5854005740938331,0.5640434797510342,0.5854005740938331,1.0679901400832192,0.5854005740938331,0.9318225587338477,0.5854005740938331,0.6442022012489856,0.5854005740938331,0.8246837368159158,0.5854005740938331,0.8997501782677938,0.5854005740938331,0.6829789433289851,0.5854005740938331,0.7977221660432481,0.5854005740938331,0.4962193228016504,0.5854005740938331,0.8044844752335181,0.5854005740938331,0.6871525225806007,0.5854005740938331,0.6612739285527124
fabio_ferreira_vieira,MID,Arsenal,,20.489020093284157,0.5854005740938331,25.59860846482066,0.7313888132805904,35,0.5854005740938331,0.6442022012489856,0.5854005740938331,0.6612739285527124,0.5854005740938331,0.4962193228016504,0.5854005740938331,0.8044844752335181,0.5854005740938331,0.6871525225806007,0.5854005740938331,0.8246292496092841,0.5854005740938331,0.4455184328873284,0.5854005740938331,0.8265709561457146,0.5854005740938331,0.5702960736819394,0.5854005740938331,0.45796065913301615,0.5854005740938331,0.7977221660432481,0.5854005740938331,0.6829789433289851,0.5854005740938331,0.5640434797510342,0.5854005740938331,1.0679901400832192,0.5854005740938331,0.9225203885915266,0.5854005740938331,1.0176130558287855,0.5854005740938331,0.45796065913301615,0.5854005740938331,0.4455184328873284,0.5854005740938331,0.8265709561457146,0.5854005740938331,0.5702960736819394,0.5854005740938331,0.8246292496092841,0.5854005740938331,1.0176130558287855,0.5854005740938331,0.9225203885915266,0.5854005740938331,0.5640434797510342,0.5854005740938331,1.0679901400832192,0.5854005740938331,0.9318225587338477,0.5854005740938331,0.6442022012489856,0.5854005740938331,0.8246837368159158,0.5854005740938331,0.8997501782677938,0.5854005740938331,0.6829789433289851,0.5854005740938331,0.7977221660432481,0.5854005740938331,0.4962193228016504,0.5854005740938331,0.8044844752335181,0.5854005740938331,0.6871525225806007,0.5854005740938331,0.6612739285527124
vitor_de_oliveira_nunes_dos_reis,DEF,Man City,,19.012066168044278,0.5432018905155508,25.592215818808548,0.7312061662516728,35,0.5432018905155508,1.0864037810311016,0.5432018905155508,0.5991188447909451,0.5432018905155508,0.5047199909089316,0.5432018905155508,0.6889024388511843,0.5432018905155508,1.0864037810311016,0.5432018905155508,0.515142695989332,0.5432018905155508,1.0864037810311016,0.5432018905155508,1.051523829780468,0.5432018905155508,0.39689614921799904,0.5432018905155508,0.8200146523162642,0.5432018905155508,0.5672624739547626,0.5432018905155508,0.3523616165441716,0.5432018905155508,0.7958872103975255,0.5432018905155508,0.2716009452577754,0.5432018905155508,0.541129150461969,0.5432018905155508,1.0864037810311016,0.5432018905155508,0.8200146523162642,0.5432018905155508,1.0864037810311016,0.5432018905155508,0.515142695989332,0.5432018905155508,0.39689614921799904,0.5432018905155508,1.051523829780468,0.5432018905155508,1.0864037810311016,0.5432018905155508,0.2716009452577754,0.5432018905155508,0.7958872103975255,0.5432018905155508,0.541129150461969,0.5432018905155508,1.0864037810311016,0.5432018905155508,1.0864037810311016,0.5432018905155508,0.8903597744025007,0.5432018905155508,0.7151020181834746,0.5432018905155508,0.3523616165441716,0.5432018905155508,0.5672624739547626,0.5432018905155508,0.5047199909089316,0.5432018905155508,0.6889024388511843,0.5432018905155508,1.0864037810311016,0.5432018905155508,0.5991188447909451
zadok_yohanna,MID,Brighton,,19.40313468764701,0.5543752767899146,25.386202255646456,0.7253200644470416,35,0.5543752767899146,0.8247745227441151,0.5543752767899146,0.38948431315553256,0.5543752767899146,0.6442731187318672,0.5543752767899146,1.0681077105794552,0.5543752767899146,0.8247200295392182,0.5543752767899146,0.5703588551532917,0.5543752767899146,0.4580110740759355,0.5543752767899146,0.44556747811843206,0.5543752767899146,0.8266619498298704,0.5543752767899146,0.6830541295786255,0.5543752767899146,0.8045730375108439,0.5543752767899146,0.6872281682818459,0.5543752767899146,1.0177250805258866,0.5543752767899146,0.9226219449409757,0.5543752767899146,0.7978099838866907,0.5543752767899146,0.5641055729008903,0.5543752767899146,0.6830541295786255,0.5543752767899146,0.4580110740759355,0.5543752767899146,0.5703588551532917,0.5543752767899146,0.8266619498298704,0.5543752767899146,0.44556747811843206,0.5543752767899146,0.5641055729008903,0.5543752767899146,0.7978099838866907,0.5543752767899146,1.0177250805258866,0.5543752767899146,0.9226219449409757,0.5543752767899146,0.49627394947827785,0.5543752767899146,0.8247745227441151,0.5543752767899146,0.8998492279415473,0.5543752767899146,0.9319251391196793,0.5543752767899146,0.6872281682818459,0.5543752767899146,0.8045730375108439,0.5543752767899146,0.6442731187318672,0.5543752767899146,1.0681077105794552,0.5543752767899146,0.8247200295392182,0.5543752767899146,0.38948431315553256
ollie_watkins,FWD,Aston Villa,,31.05982643586478,0.8874236124532795,25.36921699382189,0.724834771252054,35,0.8874236124532798,0.5207590852576705,0.8874236124532798,0.6409567004543987,0.8874236124532798,0.753790894396054,0.8874236124532798,0.4437118062266399,0.8874236124532798,0.4838239722614855,0.8874236124532798,1.1300131784676248,0.8874236124532798,0.5625754076966616,0.8874236124532798,0.6436009983305507,0.8874236124532798,1.3244382391100442,0.8874236124532798,1.3444433900443125,0.8874236124532798,1.0768830895763672,0.8874236124532798,0.6924005017805066,0.8874236124532798,0.9346156452103449,0.8874236124532798,0.4437118062266399,0.8874236124532798,0.4437118062266399,0.8874236124532798,0.4437118062266399,0.8874236124532798,1.3444433900443125,0.8874236124532798,0.5625754076966616,0.8874236124532798,1.1300131784676248,0.8874236124532798,1.3244382391100442,0.8874236124532798,0.6436009983305507,0.8874236124532798,0.4437118062266399,0.8874236124532798,0.4437118062266399,0.8874236124532798,0.9346156452103449,0.8874236124532798,0.4437118062266399,0.8874236124532798,0.4437118062266399,0.8874236124532798,0.5207590852576705,0.8874236124532798,0.715496726383438,0.8874236124532798,0.4437118062266399,0.8874236124532798,0.6924005017805066,0.8874236124532798,1.0768830895763672,0.8874236124532798,0.753790894396054,0.8874236124532798,0.4437118062266399,0.8874236124532798,0.4838239722614855,0.8874236124532798,0.6409567004543987
felipe_rodrigues_da_silva,DEF,Nott'm Forest,,22.64316756267956,0.6469476446479875,25.350553191033875,0.724301519743825,35,0.6469476446479878,1.2938952892959756,0.6469476446479878,1.2938952892959756,0.6469476446479878,0.7001121777841021,0.6469476446479878,0.3885764832394072,0.6469476446479878,0.6744617893402939,0.6469476446479878,0.5553716195970373,0.6469476446479878,0.3435167846334168,0.6469476446479878,0.8716962123135309,0.6469476446479878,0.34497547546142204,0.6469476446479878,0.7792039652710939,0.6469476446479878,0.5043443670804051,0.6469476446479878,0.5865602228946094,0.6469476446479878,0.5297860981496877,0.6469476446479878,1.1604944820781875,0.6469476446479878,0.3234738223239939,0.6469476446479878,1.0294819756341382,0.6469476446479878,0.7792039652710939,0.6469476446479878,0.3435167846334168,0.6469476446479878,0.8716962123135309,0.6469476446479878,0.34497547546142204,0.6469476446479878,0.5553716195970373,0.6469476446479878,1.0294819756341382,0.6469476446479878,1.1604944820781875,0.6469476446479878,0.5297860981496877,0.6469476446479878,0.3234738223239939,0.6469476446479878,1.2938952892959756,0.6469476446479878,1.2938952892959756,0.6469476446479878,0.8028256520746033,0.6469476446479878,0.49414014087674146,0.6469476446479878,0.5865602228946094,0.6469476446479878,0.5043443670804051,0.6469476446479878,0.7001121777841021,0.6469476446479878,0.3885764832394072,0.6469476446479878,0.6744617893402939,0.6469476446479878,1.2938952892959756
luca_netz,DEF,Nott'm Forest,,22.626030580085914,0.6464580165738832,25.331367183264767,0.7237533480932791,35,0.6464580165738829,1.2929160331477658,0.6464580165738829,1.2929160331477658,0.6464580165738829,0.6995823133041837,0.6464580165738829,0.3882823976875006,0.6464580165738829,0.673951337791851,0.6464580165738829,0.554951298820286,0.6464580165738829,0.3432568015218401,0.6464580165738829,0.8710364882366748,0.6464580165738829,0.3447143883718238,0.6464580165738829,0.7786142419140235,0.6464580165738829,0.5039626651557098,0.6464580165738829,0.5861162977104646,0.6464580165738829,0.5293851412112546,0.6464580165738829,1.159616187392412,0.6464580165738829,0.32322900828694145,0.6464580165738829,1.028702834877965,0.6464580165738829,0.7786142419140235,0.6464580165738829,0.3432568015218401,0.6464580165738829,0.8710364882366748,0.6464580165738829,0.3447143883718238,0.6464580165738829,0.554951298820286,0.6464580165738829,1.028702834877965,0.6464580165738829,1.159616187392412,0.6464580165738829,0.5293851412112546,0.6464580165738829,0.32322900828694145,0.6464580165738829,1.2929160331477658,0.6464580165738829,1.2929160331477658,0.6464580165738829,0.8022180511642063,0.6464580165738829,0.49376616179587307,0.6464580165738829,0.5861162977104646,0.6464580165738829,0.5039626651557098,0.6464580165738829,0.6995823133041837,0.6464580165738829,0.3882823976875006,0.6464580165738829,0.673951337791851,0.6464580165738829,1.2929160331477658
femi_azeez,MID,Brighton,,19.34916066249877,0.5528331617856792,25.31558503110918,0.7233024294602622,35,0.5528331617856792,0.8224802336228547,0.5528331617856792,0.38840087811003526,0.5528331617856792,0.6424809333931287,0.5528331617856792,1.0651365374489328,0.5528331617856792,0.8224258920026197,0.5528331617856792,0.5687722783610807,0.5528331617856792,0.45673701699040253,0.5528331617856792,0.4443280355924513,0.5528331617856792,0.8243624104210338,0.5528331617856792,0.6811540664516631,0.5528331617856792,0.8023349431998328,0.5528331617856792,0.6853164941614246,0.5528331617856792,1.0148940576022933,0.5528331617856792,0.920055472004504,0.5528331617856792,0.7955907024753612,0.5528331617856792,0.5625363909687874,0.5528331617856792,0.6811540664516631,0.5528331617856792,0.45673701699040253,0.5528331617856792,0.5687722783610807,0.5528331617856792,0.8243624104210338,0.5528331617856792,0.4443280355924513,0.5528331617856792,0.5625363909687874,0.5528331617856792,0.7955907024753612,0.5528331617856792,1.0148940576022933,0.5528331617856792,0.920055472004504,0.5528331617856792,0.4948934559105756,0.5528331617856792,0.8224802336228547,0.5528331617856792,0.8973461022538479,0.5528331617856792,0.9293327873319476,0.5528331617856792,0.6853164941614246,0.5528331617856792,0.8023349431998328,0.5528331617856792,0.6424809333931287,0.5528331617856792,1.0651365374489328,0.5528331617856792,0.8224258920026197,0.5528331617856792,0.38840087811003526
paddy_mcnair,DEF,Hull City,,15.60393162941732,0.445826617983352,25.275063282150843,0.7221446652043098,35,0.4458266179833523,0.4454858501579889,0.4458266179833523,0.24010479994691472,0.4458266179833523,0.6841419959503474,0.4458266179833523,0.8916532359667046,0.4458266179833523,0.7171819903396953,0.4458266179833523,0.8709696920381216,0.4458266179833523,0.5017902352501197,0.4458266179833523,0.651287686003443,0.4458266179833523,0.8916532359667046,0.4458266179833523,0.8916532359667046,0.4458266179833523,0.8916532359667046,0.4458266179833523,0.8916532359667046,0.4458266179833523,0.44360216227332866,0.4458266179833523,0.6381104061418434,0.4458266179833523,0.8916532359667046,0.4458266179833523,0.7574575532233326,0.4458266179833523,0.8916532359667046,0.4458266179833523,0.5017902352501197,0.4458266179833523,0.8709696920381216,0.4458266179833523,0.8916532359667046,0.4458266179833523,0.651287686003443,0.4458266179833523,0.7574575532233326,0.4458266179833523,0.6381104061418434,0.4458266179833523,0.44360216227332866,0.4458266179833523,0.8916532359667046,0.4458266179833523,0.8916532359667046,0.4458266179833523,0.4454858501579889,0.4458266179833523,0.8916532359667046,0.4458266179833523,0.8916532359667046,0.4458266179833523,0.8916532359667046,0.4458266179833523,0.8916532359667046,0.4458266179833523,0.6841419959503474,0.4458266179833523,0.8916532359667046,0.4458266179833523,0.7171819903396953,0.4458266179833523,0.24010479994691472
mark_travers,GK,Everton,,18.37581396064086,0.5250232560183102,25.2400069004358,0.7211430542981657,35,0.5250232560183103,1.0500465120366207,0.5250232560183103,0.9411527996772673,0.5250232560183103,1.0500465120366207,0.5250232560183103,0.4277967271260306,0.5250232560183103,0.5133560725512367,0.5250232560183103,0.3422373817008245,0.5250232560183103,1.0500465120366207,0.5250232560183103,0.5989154179764429,0.5250232560183103,0.3422373817008245,0.5250232560183103,1.0500465120366207,0.5250232560183103,0.8555934542520612,0.5250232560183103,0.5133560725512367,0.5250232560183103,1.0500465120366207,0.5250232560183103,0.5989154179764429,0.5250232560183103,0.4277967271260306,0.5250232560183103,0.5989154179764429,0.5250232560183103,1.0500465120366207,0.5250232560183103,1.0500465120366207,0.5250232560183103,0.5989154179764429,0.5250232560183103,0.3422373817008245,0.5250232560183103,0.3422373817008245,0.5250232560183103,0.5989154179764429,0.5250232560183103,0.5989154179764429,0.5250232560183103,1.0500465120366207,0.5250232560183103,0.4277967271260306,0.5250232560183103,1.0500465120366207,0.5250232560183103,1.0500465120366207,0.5250232560183103,0.684474763401649,0.5250232560183103,0.684474763401649,0.5250232560183103,0.5133560725512367,0.5250232560183103,0.8555934542520612,0.5250232560183103,1.0500465120366207,0.5250232560183103,0.4277967271260306,0.5250232560183103,0.5133560725512367,0.5250232560183103,0.9411527996772673
ethan_nwaneri,MID,Arsenal,,20.064834965590858,0.5732809990168817,25.068639293479972,0.7162468369565707,35,0.5732809990168819,0.6308652533738324,0.5732809990168819,0.6475835439200516,0.5732809990168819,0.48594607128214556,0.5732809990168819,0.7878291960498126,0.5732809990168819,0.6729263722225775,0.5732809990168819,0.8075569122328474,0.5732809990168819,0.43629484422942233,0.5732809990168819,0.8094584195293265,0.5732809990168819,0.5584892077734498,0.5732809990168819,0.44847947849146286,0.5732809990168819,0.7812068872585034,0.5732809990168819,0.6688391987746424,0.5732809990168819,0.552366061582989,0.5732809990168819,1.0458794909704847,0.5732809990168819,0.9034214064512033,0.5732809990168819,0.996545365814143,0.5732809990168819,0.44847947849146286,0.5732809990168819,0.43629484422942233,0.5732809990168819,0.8094584195293265,0.5732809990168819,0.5584892077734498,0.5732809990168819,0.8075569122328474,0.5732809990168819,0.996545365814143,0.5732809990168819,0.9034214064512033,0.5732809990168819,0.552366061582989,0.5732809990168819,1.0458794909704847,0.5732809990168819,0.9125309933361659,0.5732809990168819,0.6308652533738324,0.5732809990168819,0.807610271388328,0.5732809990168819,0.8811226088416851,0.5732809990168819,0.6688391987746424,0.5732809990168819,0.7812068872585034,0.5732809990168819,0.48594607128214556,0.5732809990168819,0.7878291960498126,0.5732809990168819,0.6729263722225775,0.5732809990168819,0.6475835439200516
lewis_koumas,MID,Liverpool,,22.168829885850315,0.6333951395957232,25.066218801656543,0.7161776800473298,35,0.6333951395957229,0.9348425533978635,0.6333951395957229,0.6921015374776158,0.6333951395957229,0.5779135554148306,0.6333951395957229,0.4640776694305026,0.6333951395957229,0.6701066074078658,0.6333951395957229,0.3946432358510881,0.6333951395957229,1.0822553538176716,0.6333951395957229,0.5715774451802896,0.6333951395957229,0.6963308634986324,0.6333951395957229,0.6528068519326572,0.6333951395957229,0.9442689732315385,0.6333951395957229,0.5028473565570736,0.6333951395957229,0.8083773928774869,0.6333951395957229,0.45146925155994355,0.6333951395957229,0.9117681998944743,0.6333951395957229,0.8356990911038207,0.6333951395957229,0.6528068519326572,0.6333951395957229,1.0822553538176716,0.6333951395957229,0.5715774451802896,0.6333951395957229,0.6963308634986324,0.6333951395957229,0.3946432358510881,0.6333951395957229,0.8356990911038207,0.6333951395957229,0.45146925155994355,0.6333951395957229,0.8083773928774869,0.6333951395957229,0.9117681998944743,0.6333951395957229,1.0312053795736804,0.6333951395957229,0.9348425533978635,0.6333951395957229,0.8376115181449016,0.6333951395957229,0.81523002667125,0.6333951395957229,0.5028473565570736,0.6333951395957229,0.9442689732315385,0.6333951395957229,0.5779135554148306,0.6333951395957229,0.4640776694305026,0.6333951395957229,0.6701066074078658,0.6333951395957229,0.6921015374776158
jack_butland,GK,Hull City,,12.891609973284181,0.3683317135224052,24.997445624387232,0.7142127321253495,35,0.36833171352240535,0.7093795964135214,0.36833171352240535,0.5675036771308172,0.36833171352240535,0.7366634270448107,0.36833171352240535,0.7366634270448107,0.36833171352240535,0.7366634270448107,0.36833171352240535,0.7366634270448107,0.36833171352240535,0.7366634270448107,0.36833171352240535,0.7366634270448107,0.36833171352240535,0.7366634270448107,0.36833171352240535,0.7366634270448107,0.36833171352240535,0.7366634270448107,0.36833171352240535,0.7366634270448107,0.36833171352240535,0.7093795964135214,0.36833171352240535,0.5675036771308172,0.36833171352240535,0.7366634270448107,0.36833171352240535,0.7366634270448107,0.36833171352240535,0.7366634270448107,0.36833171352240535,0.7366634270448107,0.36833171352240535,0.7366634270448107,0.36833171352240535,0.7366634270448107,0.36833171352240535,0.7366634270448107,0.36833171352240535,0.7366634270448107,0.36833171352240535,0.5675036771308172,0.36833171352240535,0.7093795964135214,0.36833171352240535,0.7366634270448107,0.36833171352240535,0.7366634270448107,0.36833171352240535,0.7093795964135214,0.36833171352240535,0.7366634270448107,0.36833171352240535,0.7366634270448107,0.36833171352240535,0.7366634270448107,0.36833171352240535,0.7366634270448107,0.36833171352240535,0.7366634270448107,0.36833171352240535,0.7366634270448107,0.36833171352240535,0.7366634270448107,0.36833171352240535,0.5675036771308172
chido_obi,FWD,Man Utd,,13.673159458979677,0.3906616988279908,24.964837509120365,0.7132810716891532,35,0.39066169882799096,0.7813233976559819,0.39066169882799096,0.7813233976559819,0.39066169882799096,0.7813233976559819,0.39066169882799096,0.5713374740214774,0.39066169882799096,0.4871741488133456,0.39066169882799096,0.7813233976559819,0.39066169882799096,0.6415805793431645,0.39066169882799096,0.7099996570543414,0.39066169882799096,0.7813233976559819,0.39066169882799096,0.5588023311349289,0.39066169882799096,0.7813233976559819,0.39066169882799096,0.7813233976559819,0.39066169882799096,0.579471226373198,0.39066169882799096,0.7813233976559819,0.39066169882799096,0.7813233976559819,0.39066169882799096,0.7813233976559819,0.39066169882799096,0.5588023311349289,0.39066169882799096,0.6415805793431645,0.39066169882799096,0.7099996570543414,0.39066169882799096,0.7813233976559819,0.39066169882799096,0.7813233976559819,0.39066169882799096,0.7813233976559819,0.39066169882799096,0.7813233976559819,0.39066169882799096,0.579471226373198,0.39066169882799096,0.7813233976559819,0.39066169882799096,0.7813233976559819,0.39066169882799096,0.7813233976559819,0.39066169882799096,0.6789919272078592,0.39066169882799096,0.7813233976559819,0.39066169882799096,0.7813233976559819,0.39066169882799096,0.7813233976559819,0.39066169882799096,0.4871741488133456,0.39066169882799096,0.5713374740214774,0.39066169882799096,0.7813233976559819,0.39066169882799096,0.7813233976559819
max_dowman,MID,Arsenal,,19.895160914513554,0.5684331689861015,24.856651624943698,0.7101900464269628,35,0.5684331689861015,0.6255304742237711,0.5684331689861015,0.6421073900669874,0.5684331689861015,0.4818367706743437,0.5684331689861015,0.7811670843763305,0.5684331689861015,0.6672359120793683,0.5684331689861015,0.8007279772822729,0.5684331689861015,0.4326054087662599,0.5684331689861015,0.8026134048827714,0.5684331689861015,0.553766461410054,0.5684331689861015,0.44468700623484164,0.5684331689861015,0.7746007757446057,0.5684331689861015,0.6631833009529053,0.5684331689861015,0.5476950943157709,0.5684331689861015,1.037035231325391,0.5684331689861015,0.895781813595074,0.5684331689861015,0.9881182898082862,0.5684331689861015,0.44468700623484164,0.5684331689861015,0.4326054087662599,0.5684331689861015,0.8026134048827714,0.5684331689861015,0.553766461410054,0.5684331689861015,0.8007279772822729,0.5684331689861015,0.9881182898082862,0.5684331689861015,0.895781813595074,0.5684331689861015,0.5476950943157709,0.5684331689861015,1.037035231325391,0.5684331689861015,0.9048143671770934,0.5684331689861015,0.6255304742237711,0.5684331689861015,0.800780885217293,0.5684331689861015,0.8736715810712419,0.5684331689861015,0.6631833009529053,0.5684331689861015,0.7746007757446057,0.5684331689861015,0.4818367706743437,0.5684331689861015,0.7811670843763305,0.5684331689861015,0.6672359120793683,0.5684331689861015,0.6421073900669874
jaouen_hadjam,DEF,Brighton,,18.994905138043684,0.5427115753726767,24.843070854155496,0.7098020244044427,35,0.5427115753726766,1.0854231507453531,0.5427115753726766,0.375100502642079,0.5427115753726766,0.5662180907177061,0.5427115753726766,0.6758320205159153,0.5427115753726766,0.4770031723826566,0.5427115753726766,0.3316034915643548,0.5427115753726766,0.5361111200742565,0.5427115753726766,0.7521808746563051,0.5427115753726766,0.2713557876863383,0.5427115753726766,0.8414654553053561,0.5427115753726766,1.0854231507453531,0.5427115753726766,0.5114129142660899,0.5427115753726766,0.6510711973234601,0.5427115753726766,0.9937791481925782,0.5427115753726766,1.0854231507453531,0.5427115753726766,1.0854231507453531,0.5427115753726766,0.8414654553053561,0.5427115753726766,0.5361111200742565,0.5427115753726766,0.3316034915643548,0.5427115753726766,0.2713557876863383,0.5427115753726766,0.7521808746563051,0.5427115753726766,1.0854231507453531,0.5427115753726766,1.0854231507453531,0.5427115753726766,0.6510711973234601,0.5427115753726766,0.9937791481925782,0.5427115753726766,0.7749833523548617,0.5427115753726766,1.0854231507453531,0.5427115753726766,1.0854231507453531,0.5427115753726766,0.33301159443826717,0.5427115753726766,0.5114129142660899,0.5427115753726766,1.0854231507453531,0.5427115753726766,0.5662180907177061,0.5427115753726766,0.6758320205159153,0.5427115753726766,0.4770031723826566,0.5427115753726766,0.375100502642079
nathan_patterson,DEF,Everton,,17.198413226332864,0.49138323503808184,24.83740773880372,0.7096402211086777,35,0.49138323503808157,0.9827664700761631,0.49138323503808157,0.7291864608255008,0.49138323503808157,0.8424272370610938,0.49138323503808157,0.372966193191399,0.49138323503808157,0.42010491187426435,0.49138323503808157,0.24569161751904078,0.49138323503808157,0.9827664700761631,0.49138323503808157,0.6004335191960979,0.49138323503808157,0.5342338234315138,0.49138323503808157,0.9827664700761631,0.49138323503808157,0.9827664700761631,0.49138323503808157,0.5452660030279152,0.49138323503808157,0.9827664700761631,0.49138323503808157,0.634152712212046,0.49138323503808157,0.37138914669429174,0.49138323503808157,0.8679655469716187,0.49138323503808157,0.9827664700761631,0.49138323503808157,0.9827664700761631,0.49138323503808157,0.6004335191960979,0.49138323503808157,0.5342338234315138,0.49138323503808157,0.24569161751904078,0.49138323503808157,0.8679655469716187,0.49138323503808157,0.634152712212046,0.49138323503808157,0.9827664700761631,0.49138323503808157,0.37138914669429174,0.49138323503808157,0.9827664700761631,0.49138323503808157,0.9827664700761631,0.49138323503808157,0.7569180777439839,0.49138323503808157,0.9424241462123759,0.49138323503808157,0.5452660030279152,0.49138323503808157,0.9827664700761631,0.49138323503808157,0.8424272370610938,0.49138323503808157,0.372966193191399,0.49138323503808157,0.42010491187426435,0.49138323503808157,0.7291864608255008
chemsdine_talbi,MID,Sunderland,,24.569251136029575,0.7019786038865593,24.810940056297046,0.708884001608487,35,0.7019786038865599,0.38120145239546144,0.7019786038865599,0.5582294758151776,0.7019786038865599,0.6472823775954992,0.7019786038865599,0.6685281472584286,0.7019786038865599,0.4857200763605749,0.7019786038865599,0.8072346827567325,0.7019786038865599,0.9121066100918984,0.7019786038865599,0.88071283243511,0.7019786038865599,0.780843577830462,0.7019786038865599,0.8071813484165532,0.7019786038865599,0.8090819713947556,0.7019786038865599,0.7874628068393749,0.7019786038865599,1.0453930924429473,0.7019786038865599,0.672613419918401,0.7019786038865599,0.5521091772656893,0.7019786038865599,0.4360919401935009,0.7019786038865599,0.8071813484165532,0.7019786038865599,0.9121066100918984,0.7019786038865599,0.8072346827567325,0.7019786038865599,0.780843577830462,0.7019786038865599,0.88071283243511,0.7019786038865599,0.4360919401935009,0.7019786038865599,0.672613419918401,0.7019786038865599,1.0453930924429473,0.7019786038865599,0.5521091772656893,0.7019786038865599,0.44827090784842766,0.7019786038865599,0.38120145239546144,0.7019786038865599,0.9960819107002977,0.7019786038865599,0.9030012597271904,0.7019786038865599,0.7874628068393749,0.7019786038865599,0.8090819713947556,0.7019786038865599,0.6472823775954992,0.7019786038865599,0.6685281472584286,0.7019786038865599,0.4857200763605749,0.7019786038865599,0.5582294758151776
ben_gannon_doak,MID,Bournemouth,,22.4081598154565,0.6402331375844714,24.799944129159424,0.7085698322616979,35,0.6402331375844716,0.4439298270067764,0.6402331375844716,0.7993645585557796,0.6402331375844716,0.9032737180587793,0.6402331375844716,0.62446536848656,0.6402331375844716,0.5467625207462385,0.6402331375844716,0.48101633565160334,0.6402331375844716,0.9864357971034757,0.6402331375844716,0.7798369724512124,0.6402331375844716,0.8942565444223235,0.6402331375844716,0.6410140584176944,0.6402331375844716,0.4318688011638928,0.6402331375844716,0.37750987595623575,0.6402331375844716,0.7994173764031902,0.6402331375844716,0.7732818444306394,0.6402331375844716,1.0352694465713461,0.6402331375844716,0.872183959521561,0.6402331375844716,0.6410140584176944,0.6402331375844716,0.9864357971034757,0.6402331375844716,0.7798369724512124,0.6402331375844716,0.8942565444223235,0.6402331375844716,0.48101633565160334,0.6402331375844716,0.872183959521561,0.6402331375844716,1.0352694465713461,0.6402331375844716,0.7994173764031902,0.6402331375844716,0.7732818444306394,0.6402331375844716,0.8012467757934948,0.6402331375844716,0.4439298270067764,0.6402331375844716,0.552823549978193,0.6402331375844716,0.6660997934931221,0.6402331375844716,0.37750987595623575,0.6402331375844716,0.4318688011638928,0.6402331375844716,0.5467625207462385,0.6402331375844716,0.62446536848656,0.6402331375844716,0.9032737180587793,0.6402331375844716,0.7993645585557796
nick_pope,GK,Newcastle,,18.386902151313944,0.5253400614661127,24.632611770966612,0.7037889077419032,35,0.5253400614661128,0.5447971007796726,0.5253400614661128,1.011766044305106,0.5253400614661128,1.0506801229322256,0.5253400614661128,1.0506801229322256,0.5253400614661128,0.6226252580339114,0.5253400614661128,0.5447971007796726,0.5253400614661128,0.7782815725423894,0.5253400614661128,0.4669689435254336,0.5253400614661128,0.4669689435254336,0.5253400614661128,1.011766044305106,0.5253400614661128,0.5447971007796726,0.5253400614661128,0.8561097297966281,0.5253400614661128,0.5447971007796726,0.5253400614661128,0.3891407862711947,0.5253400614661128,1.0506801229322256,0.5253400614661128,0.3891407862711947,0.5253400614661128,1.011766044305106,0.5253400614661128,0.7782815725423894,0.5253400614661128,0.4669689435254336,0.5253400614661128,0.4669689435254336,0.5253400614661128,0.5447971007796726,0.5253400614661128,0.3891407862711947,0.5253400614661128,0.3891407862711947,0.5253400614661128,0.5447971007796726,0.5253400614661128,1.0506801229322256,0.5253400614661128,0.6226252580339114,0.5253400614661128,0.5447971007796726,0.5253400614661128,0.3113126290169557,0.5253400614661128,1.0506801229322256,0.5253400614661128,0.8561097297966281,0.5253400614661128,0.5447971007796726,0.5253400614661128,1.0506801229322256,0.5253400614661128,1.0506801229322256,0.5253400614661128,0.6226252580339114,0.5253400614661128,1.011766044305106
tammy_abraham,FWD,Aston Villa,,30.130575229934855,0.8608735779981387,24.6102180491985,0.7031490871199572,35,0.8608735779981391,0.5051789593038475,0.8608735779981391,0.621780489406472,0.8608735779981391,0.7312388978778858,0.8608735779981391,0.43043678899906956,0.8608735779981391,0.4693488749646556,0.8608735779981391,1.0962053234567148,0.8608735779981391,0.5457442165401974,0.8608735779981391,0.6243456748962324,0.8608735779981391,1.2848135543612724,0.8608735779981391,1.3042201890524165,0.8608735779981391,1.0446647862416494,0.8608735779981391,0.6716851895879353,0.8608735779981391,0.906653714476893,0.8608735779981391,0.43043678899906956,0.8608735779981391,0.43043678899906956,0.8608735779981391,0.43043678899906956,0.8608735779981391,1.3042201890524165,0.8608735779981391,0.5457442165401974,0.8608735779981391,1.0962053234567148,0.8608735779981391,1.2848135543612724,0.8608735779981391,0.6243456748962324,0.8608735779981391,0.43043678899906956,0.8608735779981391,0.43043678899906956,0.8608735779981391,0.906653714476893,0.8608735779981391,0.43043678899906956,0.8608735779981391,0.43043678899906956,0.8608735779981391,0.5051789593038475,0.8608735779981391,0.6940904188754543,0.8608735779981391,0.43043678899906956,0.8608735779981391,0.6716851895879353,0.8608735779981391,1.0446647862416494,0.8608735779981391,0.7312388978778858,0.8608735779981391,0.43043678899906956,0.8608735779981391,0.4693488749646556,0.8608735779981391,0.621780489406472
jorge_cuenca_barreno,DEF,Fulham,,32.260854933759624,0.9217387123931321,24.448711344300467,0.6985346098371562,35,0.9217387123931315,0.46086935619656577,0.9217387123931315,0.9557572566506175,0.9217387123931315,0.5554716195988902,0.9217387123931315,0.6417349291356718,0.9217387123931315,1.0879701588140032,0.9217387123931315,1.3280459204091581,0.9217387123931315,0.46086935619656577,0.9217387123931315,0.46086935619656577,0.9217387123931315,0.7179094716775939,0.9217387123931315,1.3462962960500902,0.9217387123931315,0.46086935619656577,0.9217387123931315,0.46086935619656577,0.9217387123931315,0.6611892211856888,0.9217387123931315,0.46086935619656577,0.9217387123931315,0.46086935619656577,0.9217387123931315,0.9436233453437931,0.9217387123931315,1.3462962960500902,0.9217387123931315,0.46086935619656577,0.9217387123931315,1.3280459204091581,0.9217387123931315,0.7179094716775939,0.9217387123931315,0.46086935619656577,0.9217387123931315,0.9436233453437931,0.9217387123931315,0.46086935619656577,0.9217387123931315,0.6611892211856888,0.9217387123931315,0.46086935619656577,0.9217387123931315,0.5765967048704502,0.9217387123931315,0.46086935619656577,0.9217387123931315,0.46086935619656577,0.9217387123931315,0.48307785875052184,0.9217387123931315,0.46086935619656577,0.9217387123931315,0.46086935619656577,0.9217387123931315,0.5554716195988902,0.9217387123931315,0.6417349291356718,0.9217387123931315,1.0879701588140032,0.9217387123931315,0.9557572566506175
aaron_wan_bissaka,DEF,Aston Villa,,28.08800861604219,0.8025145318869197,24.214603136273276,0.6918458038935221,35,0.8025145318869189,1.0094484981290688,0.8025145318869189,1.4402110553860419,0.8025145318869189,0.4892982883256584,0.8025145318869189,0.40125726594345945,0.8025145318869189,0.40125726594345945,0.8025145318869189,0.907003078236856,0.8025145318869189,1.0224288452194037,0.8025145318869189,0.5167763402647234,0.8025145318869189,0.5942201355278386,0.8025145318869189,0.4667567118238002,0.8025145318869189,0.6168188617096877,0.8025145318869189,1.1638646375624706,0.8025145318869189,0.40125726594345945,0.8025145318869189,0.7073123716135415,0.8025145318869189,0.4353516034892453,0.8025145318869189,0.7679893058533339,0.8025145318869189,0.4667567118238002,0.8025145318869189,1.0224288452194037,0.8025145318869189,0.907003078236856,0.8025145318869189,0.5942201355278386,0.8025145318869189,0.5167763402647234,0.8025145318869189,0.7679893058533339,0.8025145318869189,0.7073123716135415,0.8025145318869189,0.40125726594345945,0.8025145318869189,0.4353516034892453,0.8025145318869189,0.6865009896262729,0.8025145318869189,1.0094484981290688,0.8025145318869189,0.4443418187594515,0.8025145318869189,0.40125726594345945,0.8025145318869189,1.1638646375624706,0.8025145318869189,0.6168188617096877,0.8025145318869189,0.4892982883256584,0.8025145318869189,0.40125726594345945,0.8025145318869189,0.40125726594345945,0.8025145318869189,1.4402110553860419
geronimo_rulli,GK,Man City,,18.3813580559774,0.5251816587422115,24.158356302141723,0.6902387514897635,35,0.5251816587422116,1.0114609723924075,0.5251816587422116,0.5446328312882195,0.5251816587422116,0.31121876073612537,0.5251816587422116,0.8558515920243447,0.5251816587422116,1.0503633174844231,0.5251816587422116,0.4668281411041881,0.5251816587422116,1.0503633174844231,0.5251816587422116,0.7780469018403136,0.5251816587422116,0.4668281411041881,0.5251816587422116,0.5446328312882195,0.5251816587422116,0.5446328312882195,0.5251816587422116,0.3890234509201568,0.5251816587422116,1.0114609723924075,0.5251816587422116,0.31121876073612537,0.5251816587422116,0.5446328312882195,0.5251816587422116,1.0503633174844231,0.5251816587422116,0.5446328312882195,0.5251816587422116,1.0503633174844231,0.5251816587422116,0.4668281411041881,0.5251816587422116,0.4668281411041881,0.5251816587422116,0.7780469018403136,0.5251816587422116,1.0503633174844231,0.5251816587422116,0.31121876073612537,0.5251816587422116,1.0114609723924075,0.5251816587422116,0.5446328312882195,0.5251816587422116,1.0503633174844231,0.5251816587422116,1.0114609723924075,0.5251816587422116,0.6224375214722507,0.5251816587422116,0.6224375214722507,0.5251816587422116,0.3890234509201568,0.5251816587422116,0.5446328312882195,0.5251816587422116,0.31121876073612537,0.5251816587422116,0.8558515920243447,0.5251816587422116,1.0503633174844231,0.5251816587422116,0.5446328312882195
emmanuel_emegha,FWD,Chelsea,,16.34944642192256,0.4671270406263589,24.141685120270726,0.689762432007735,35,0.467127040626359,0.5029012913703284,0.467127040626359,0.934254081252718,0.467127040626359,0.3608297812434378,0.467127040626359,0.934254081252718,0.467127040626359,0.8131767003230266,0.467127040626359,0.7137349736563054,0.467127040626359,0.8165315001403561,0.467127040626359,0.4231660819226552,0.467127040626359,0.6606829358564419,0.467127040626359,0.934254081252718,0.467127040626359,0.5258674368536523,0.467127040626359,0.6138236498999912,0.467127040626359,0.4751922503653387,0.467127040626359,0.8784430445000684,0.467127040626359,0.934254081252718,0.467127040626359,0.4138818190433014,0.467127040626359,0.934254081252718,0.467127040626359,0.8165315001403561,0.467127040626359,0.4231660819226552,0.467127040626359,0.6606829358564419,0.467127040626359,0.7137349736563054,0.467127040626359,0.4138818190433014,0.467127040626359,0.934254081252718,0.467127040626359,0.4751922503653387,0.467127040626359,0.8784430445000684,0.467127040626359,0.429190416524375,0.467127040626359,0.5029012913703284,0.467127040626359,0.934254081252718,0.467127040626359,0.9077450421220861,0.467127040626359,0.6138236498999912,0.467127040626359,0.5258674368536523,0.467127040626359,0.8131767003230266,0.467127040626359,0.934254081252718,0.467127040626359,0.3608297812434378,0.467127040626359,0.934254081252718
marc_guiu_paz,FWD,Chelsea,,16.34944642192256,0.4671270406263589,24.141685120270726,0.689762432007735,35,0.467127040626359,0.5029012913703284,0.467127040626359,0.934254081252718,0.467127040626359,0.3608297812434378,0.467127040626359,0.934254081252718,0.467127040626359,0.8131767003230266,0.467127040626359,0.7137349736563054,0.467127040626359,0.8165315001403561,0.467127040626359,0.4231660819226552,0.467127040626359,0.6606829358564419,0.467127040626359,0.934254081252718,0.467127040626359,0.5258674368536523,0.467127040626359,0.6138236498999912,0.467127040626359,0.4751922503653387,0.467127040626359,0.8784430445000684,0.467127040626359,0.934254081252718,0.467127040626359,0.4138818190433014,0.467127040626359,0.934254081252718,0.467127040626359,0.8165315001403561,0.467127040626359,0.4231660819226552,0.467127040626359,0.6606829358564419,0.467127040626359,0.7137349736563054,0.467127040626359,0.4138818190433014,0.467127040626359,0.934254081252718,0.467127040626359,0.4751922503653387,0.467127040626359,0.8784430445000684,0.467127040626359,0.429190416524375,0.467127040626359,0.5029012913703284,0.467127040626359,0.934254081252718,0.467127040626359,0.9077450421220861,0.467127040626359,0.6138236498999912,0.467127040626359,0.5258674368536523,0.467127040626359,0.8131767003230266,0.467127040626359,0.934254081252718,0.467127040626359,0.3608297812434378,0.467127040626359,0.934254081252718
kim_ji_soo,DEF,Brentford,,17.198413226332864,0.49138323503808184,23.8457751856422,0.68130786244692,35,0.49138323503808157,0.8643199732156444,0.49138323503808157,0.342056314457892,0.49138323503808157,0.9827664700761631,0.49138323503808157,0.48995875775784914,0.49138323503808157,0.7726103898113516,0.49138323503808157,0.9827664700761631,0.49138323503808157,0.5000766364344456,0.49138323503808157,0.5253030811588064,0.49138323503808157,0.9827664700761631,0.49138323503808157,0.3852883732216034,0.49138323503808157,0.3406099669808905,0.49138323503808157,0.9827664700761631,0.49138323503808157,0.24569161751904078,0.49138323503808157,0.668754535654565,0.49138323503808157,0.9827664700761631,0.49138323503808157,0.694187872107734,0.49138323503808157,0.3852883732216034,0.49138323503808157,0.5000766364344456,0.49138323503808157,0.5253030811588064,0.49138323503808157,0.9827664700761631,0.49138323503808157,0.9827664700761631,0.49138323503808157,0.694187872107734,0.49138323503808157,0.9827664700761631,0.49138323503808157,0.24569161751904078,0.49138323503808157,0.668754535654565,0.49138323503808157,0.5815967867935196,0.49138323503808157,0.8643199732156444,0.49138323503808157,0.9827664700761631,0.49138323503808157,0.7960321913712443,0.49138323503808157,0.9827664700761631,0.49138323503808157,0.3406099669808905,0.49138323503808157,0.9827664700761631,0.49138323503808157,0.48995875775784914,0.49138323503808157,0.7726103898113516,0.49138323503808157,0.342056314457892
callum_hudson_odoi,MID,Nott'm Forest,,25.28730663412009,0.722494475260574,23.7581862518769,0.6788053214821972,35,0.7224944752605736,0.8447109975481659,0.7224944752605736,0.7742364923213003,0.7224944752605736,1.0026594474680899,0.7224944752605736,0.3656186753058408,0.7224944752605736,0.9553640113326327,0.7224944752605736,0.42994646131531933,0.7224944752605736,0.5354101359836506,0.7224944752605736,0.6412000113570524,0.7224944752605736,0.8748214583756171,0.7224944752605736,0.41826534627075335,0.7224944752605736,0.6208227276106232,0.7224944752605736,0.6047953056118146,0.7224944752605736,0.6451182859827553,0.7224944752605736,0.5295400233854994,0.7224944752605736,0.7760082673775005,0.7224944752605736,0.8660883170992126,0.7224944752605736,0.41826534627075335,0.7224944752605736,0.5354101359836506,0.7224944752605736,0.6412000113570524,0.7224944752605736,0.8748214583756171,0.7224944752605736,0.42994646131531933,0.7224944752605736,0.8660883170992126,0.7224944752605736,0.5295400233854994,0.7224944752605736,0.6451182859827553,0.7224944752605736,0.7760082673775005,0.7224944752605736,0.7489242046519701,0.7224944752605736,0.8447109975481659,0.7224944752605736,0.4658647803476197,0.7224944752605736,0.7741853381856533,0.7224944752605736,0.6047953056118146,0.7224944752605736,0.6208227276106232,0.7224944752605736,1.0026594474680899,0.7224944752605736,0.3656186753058408,0.7224944752605736,0.9553640113326327,0.7224944752605736,0.7742364923213003
leny_yoro,DEF,Man Utd,,31.524584460063615,0.9007024131446747,23.708563220881437,0.6773875205966124,35,0.9007024131446745,0.45035120657233724,0.9007024131446745,0.8364676932601762,0.9007024131446745,1.3282094054723501,0.9007024131446745,0.6523064387477866,0.9007024131446745,0.7082646779594118,0.9007024131446745,0.45035120657233724,0.9007024131446745,1.310204215492397,0.9007024131446745,0.45035120657233724,0.9007024131446745,0.4512467712320548,0.9007024131446745,0.45035120657233724,0.9007024131446745,1.0733537647319213,0.9007024131446745,0.5688503851791057,0.9007024131446745,0.45035120657233724,0.9007024131446745,0.9309461863529321,0.9007024131446745,0.4765879230674302,0.9007024131446745,0.45035120657233724,0.9007024131446745,0.45035120657233724,0.9007024131446745,1.310204215492397,0.9007024131446745,0.45035120657233724,0.9007024131446745,0.4512467712320548,0.9007024131446745,0.45035120657233724,0.9007024131446745,0.45035120657233724,0.9007024131446745,0.9309461863529321,0.9007024131446745,0.45035120657233724,0.9007024131446745,0.4765879230674302,0.9007024131446745,0.45035120657233724,0.9007024131446745,0.45035120657233724,0.9007024131446745,0.6331135064390154,0.9007024131446745,0.5480091060109072,0.9007024131446745,0.5688503851791057,0.9007024131446745,1.0733537647319213,0.9007024131446745,0.7082646779594118,0.9007024131446745,0.6523064387477866,0.9007024131446745,1.3282094054723501,0.9007024131446745,0.8364676932601762
giorgi_mamardashvili,GK,Liverpool,14969.0,17.784375627993185,0.5081250179426624,23.59958416667033,0.6742738333334379,35,0.5081250179426626,0.7527778043595003,0.5081250179426626,0.6022222434876001,0.5081250179426626,0.37638890217975013,0.5081250179426626,0.5269444630516502,0.5081250179426626,0.45166668261570014,0.5081250179426626,0.45166668261570014,0.5081250179426626,0.6022222434876001,0.5081250179426626,0.9786111456673502,0.5081250179426626,0.5269444630516502,0.5081250179426626,0.5269444630516502,0.5081250179426626,0.37638890217975013,0.5081250179426626,0.5269444630516502,0.5081250179426626,1.0162500358853253,0.5081250179426626,0.9786111456673502,0.5081250179426626,1.0162500358853253,0.5081250179426626,1.0162500358853253,0.5081250179426626,0.5269444630516502,0.5081250179426626,0.6022222434876001,0.5081250179426626,0.9786111456673502,0.5081250179426626,0.5269444630516502,0.5081250179426626,0.45166668261570014,0.5081250179426626,1.0162500358853253,0.5081250179426626,0.9786111456673502,0.5081250179426626,1.0162500358853253,0.5081250179426626,1.0162500358853253,0.5081250179426626,0.8280555847954502,0.5081250179426626,0.7527778043595003,0.5081250179426626,0.30111112174380006,0.5081250179426626,1.0162500358853253,0.5081250179426626,0.5269444630516502,0.5081250179426626,0.37638890217975013,0.5081250179426626,0.37638890217975013,0.5081250179426626,0.5269444630516502,0.5081250179426626,0.45166668261570014,0.5081250179426626,0.6022222434876001
amario_cozier_duberry,MID,Brighton,,17.951521031110627,0.512900600888875,23.486975224802187,0.6710564349943482,35,0.512900600888875,0.7630703713246607,0.512900600888875,0.36034568390387794,0.512900600888875,0.5960728834221631,0.512900600888875,0.9881989863300655,0.512900600888875,0.7630199549393958,0.512900600888875,0.5276883940862929,0.512900600888875,0.4237457277452312,0.512900600888875,0.41223307898358647,0.512900600888875,0.7648165936526538,0.512900600888875,0.6319525566311799,0.512900600888875,0.7443802270328924,0.512900600888875,0.6358143214837031,0.512900600888875,0.9415856500022446,0.512900600888875,0.8535974993214162,0.512900600888875,0.7381231401588932,0.512900600888875,0.5219029408760483,0.512900600888875,0.6319525566311799,0.512900600888875,0.4237457277452312,0.512900600888875,0.5276883940862929,0.512900600888875,0.7648165936526538,0.512900600888875,0.41223307898358647,0.512900600888875,0.5219029408760483,0.512900600888875,0.7381231401588932,0.512900600888875,0.9415856500022446,0.512900600888875,0.8535974993214162,0.512900600888875,0.4591460289621894,0.512900600888875,0.7630703713246607,0.512900600888875,0.8325284857454276,0.512900600888875,0.862204690305965,0.512900600888875,0.6358143214837031,0.512900600888875,0.7443802270328924,0.512900600888875,0.5960728834221631,0.512900600888875,0.9881989863300655,0.512900600888875,0.7630199549393958,0.512900600888875,0.36034568390387794
matteo_ruggeri,DEF,Aston Villa,,27.091881920884685,0.7740537691681338,23.35584476267646,0.6673098503621845,35,0.7740537691681335,0.9736489293480091,0.7740537691681335,1.3891347153527507,0.7740537691681335,0.4719455776526177,0.7740537691681335,0.38702688458406675,0.7740537691681335,0.38702688458406675,0.7740537691681335,0.8748366832754941,0.7740537691681335,0.9861689351437423,0.7740537691681335,0.49844913469453317,0.7740537691681335,0.5731464258216505,0.7740537691681335,0.4502034265002523,0.7740537691681335,0.5949436998701706,0.7740537691681335,1.1225887802785328,0.7740537691681335,0.38702688458406675,0.7740537691681335,0.6822279042591348,0.7740537691681335,0.4199120840863791,0.7740537691681335,0.7407529624153357,0.7740537691681335,0.4502034265002523,0.7740537691681335,0.9861689351437423,0.7740537691681335,0.8748366832754941,0.7740537691681335,0.5731464258216505,0.7740537691681335,0.49844913469453317,0.7740537691681335,0.7407529624153357,0.7740537691681335,0.6822279042591348,0.7740537691681335,0.38702688458406675,0.7740537691681335,0.4199120840863791,0.7740537691681335,0.6621545871679585,0.7740537691681335,0.9736489293480091,0.7740537691681335,0.4285834660228206,0.7740537691681335,0.38702688458406675,0.7740537691681335,1.1225887802785328,0.7740537691681335,0.5949436998701706,0.7740537691681335,0.4719455776526177,0.7740537691681335,0.38702688458406675,0.7740537691681335,0.38702688458406675,0.7740537691681335,1.3891347153527507
evann_guessand,MID,Crystal Palace,,31.404087039482153,0.8972596296994901,23.167897677225692,0.6619399336350198,35,0.8972596296994897,0.9414786659206431,0.8972596296994897,0.45909386024420884,0.8972596296994897,0.7442956496660311,0.8972596296994897,0.6117996349357562,0.8972596296994897,0.7647296942815074,0.8972596296994897,0.7380392737296856,0.8972596296994897,0.7629332597044773,0.8972596296994897,0.7629836703613726,0.8972596296994897,0.44862981484974485,0.8972596296994897,0.8621067255834305,0.8972596296994897,0.8324338928685561,0.8972596296994897,0.5218436416430845,0.8972596296994897,0.5960051569120998,0.8972596296994897,0.44862981484974485,0.8972596296994897,0.6318807534299663,0.8972596296994897,0.44862981484974485,0.8972596296994897,0.8621067255834305,0.8972596296994897,0.7629332597044773,0.8972596296994897,0.7380392737296856,0.8972596296994897,0.44862981484974485,0.8972596296994897,0.7629836703613726,0.8972596296994897,0.44862981484974485,0.8972596296994897,0.6318807534299663,0.8972596296994897,0.5960051569120998,0.8972596296994897,0.44862981484974485,0.8972596296994897,0.8535005125581597,0.8972596296994897,0.9414786659206431,0.8972596296994897,0.6357420795041732,0.8972596296994897,0.5276284375032534,0.8972596296994897,0.5218436416430845,0.8972596296994897,0.8324338928685561,0.8972596296994897,0.7442956496660311,0.8972596296994897,0.6117996349357562,0.8972596296994897,0.7647296942815074,0.8972596296994897,0.45909386024420884
mason_mount,MID,Man Utd,,19.494905250198165,0.5569972928628047,23.115711055764276,0.6604488873075507,35,0.5569972928628051,0.5118464906229402,0.5569972928628051,0.827971373501037,0.5569972928628051,0.7159637073165029,0.5569972928628051,0.4453618579477871,0.5569972928628051,0.6129805051178906,0.5569972928628051,0.8363201652291384,0.5569972928628051,0.807534879576569,0.5569972928628051,0.7401130867910225,0.5569972928628051,0.4110243205905946,0.5569972928628051,0.7418557880340366,0.5569972928628051,0.7401619896097255,0.5569972928628051,0.9585319458579497,0.5569972928628051,0.3495276299125152,0.5569972928628051,0.7220329481674883,0.5569972928628051,0.578177987149815,0.5569972928628051,0.5935000349641538,0.5569972928628051,0.7418557880340366,0.5569972928628051,0.807534879576569,0.5569972928628051,0.7401130867910225,0.5569972928628051,0.4110243205905946,0.5569972928628051,0.8363201652291384,0.5569972928628051,0.5935000349641538,0.5569972928628051,0.7220329481674883,0.5569972928628051,0.3495276299125152,0.5569972928628051,0.578177987149815,0.5569972928628051,0.6167263346823205,0.5569972928628051,0.5118464906229402,0.5569972928628051,0.3998572967703611,0.5569972928628051,0.9133180035332672,0.5569972928628051,0.9585319458579497,0.5569972928628051,0.7401619896097255,0.5569972928628051,0.6129805051178906,0.5569972928628051,0.4453618579477871,0.5569972928628051,0.7159637073165029,0.5569972928628051,0.827971373501037
mikey_moore,MID,Spurs,,35.971526875249076,1.027757910721402,22.93678074605441,0.6553365927444117,35,1.027757910721402,0.5950225060504266,1.027757910721402,0.7791161180368416,1.027757910721402,0.513878955360701,1.027757910721402,0.7141142143179409,1.027757910721402,0.8068883921285455,1.027757910721402,0.9247992966727759,1.027757910721402,0.513878955360701,1.027757910721402,0.8811765230736721,1.027757910721402,0.5578307516806229,1.027757910721402,0.7988334110175039,1.027757910721402,0.513878955360701,1.027757910721402,0.513878955360701,1.027757910721402,0.7140670324868736,1.027757910721402,0.591408499692464,1.027757910721402,0.5726135861010284,1.027757910721402,0.513878955360701,1.027757910721402,0.7988334110175039,1.027757910721402,0.513878955360701,1.027757910721402,0.9247992966727759,1.027757910721402,0.5578307516806229,1.027757910721402,0.8811765230736721,1.027757910721402,0.513878955360701,1.027757910721402,0.5726135861010284,1.027757910721402,0.7140670324868736,1.027757910721402,0.591408499692464,1.027757910721402,0.6966231699687343,1.027757910721402,0.5950225060504266,1.027757910721402,0.513878955360701,1.027757910721402,0.7157484046005675,1.027757910721402,0.513878955360701,1.027757910721402,0.513878955360701,1.027757910721402,0.8068883921285455,1.027757910721402,0.7141142143179409,1.027757910721402,0.513878955360701,1.027757910721402,0.7791161180368416
curtis_jones,MID,Liverpool,,20.20405523558781,0.5772587210167945,22.844654942263933,0.6527044269218266,35,0.5772587210167945,0.8519895133249127,0.5772587210167945,0.630762099931945,0.5772587210167945,0.5266943476547105,0.5772587210167945,0.42294748595465176,0.5772587210167945,0.6107165321541093,0.5772587210167945,0.35966687355816057,0.5772587210167945,0.9863374413594665,0.5772587210167945,0.5209197929390759,0.5772587210167945,0.6346165900867217,0.5772587210167945,0.594950015969763,0.5772587210167945,0.8605804902945619,0.5772587210167945,0.4582811009539557,0.5772587210167945,0.7367326819229985,0.5772587210167945,0.4114565244378808,0.5772587210167945,0.8309601890390372,0.5772587210167945,0.7616329181076443,0.5772587210167945,0.594950015969763,0.5772587210167945,0.9863374413594665,0.5772587210167945,0.5209197929390759,0.5772587210167945,0.6346165900867217,0.5772587210167945,0.35966687355816057,0.5772587210167945,0.7616329181076443,0.5772587210167945,0.4114565244378808,0.5772587210167945,0.7367326819229985,0.5772587210167945,0.8309601890390372,0.5772587210167945,0.9398119140893398,0.5772587210167945,0.8519895133249127,0.5772587210167945,0.7633758509449202,0.5772587210167945,0.7429779818504797,0.5772587210167945,0.4582811009539557,0.5772587210167945,0.8605804902945619,0.5772587210167945,0.5266943476547105,0.5772587210167945,0.42294748595465176,0.5772587210167945,0.6107165321541093,0.5772587210167945,0.630762099931945
jayden_danns,FWD,Liverpool,,13.18651941982748,0.3767576977093566,22.83901252486877,0.6525432149962506,35,0.37675769770935674,0.7535153954187135,0.37675769770935674,0.3790654811859241,0.37675769770935674,0.6448452131939204,0.37675769770935674,0.7535153954187135,0.37675769770935674,0.7535153954187135,0.37675769770935674,0.4508809422535939,0.37675769770935674,0.7535153954187135,0.37675769770935674,0.7498058788160813,0.37675769770935674,0.7535153954187135,0.37675769770935674,0.7535153954187135,0.37675769770935674,0.7535153954187135,0.37675769770935674,0.44455214841968005,0.37675769770935674,0.7535153954187135,0.37675769770935674,0.5283170345457261,0.37675769770935674,0.4992076275406802,0.37675769770935674,0.7535153954187135,0.37675769770935674,0.7535153954187135,0.37675769770935674,0.7535153954187135,0.37675769770935674,0.7498058788160813,0.37675769770935674,0.7535153954187135,0.37675769770935674,0.4508809422535939,0.37675769770935674,0.7535153954187135,0.37675769770935674,0.5283170345457261,0.37675769770935674,0.7535153954187135,0.37675769770935674,0.4992076275406802,0.37675769770935674,0.7535153954187135,0.37675769770935674,0.7535153954187135,0.37675769770935674,0.4347986752897987,0.37675769770935674,0.6940726847122067,0.37675769770935674,0.44455214841968005,0.37675769770935674,0.7535153954187135,0.37675769770935674,0.6448452131939204,0.37675769770935674,0.7535153954187135,0.37675769770935674,0.7535153954187135,0.37675769770935674,0.3790654811859241
cristian_romero,DEF,Spurs,,21.09325297218398,0.6026643706338279,22.81606345650618,0.651887527328748,35,0.6026643706338275,0.4678910791015973,0.6026643706338275,1.205328741267655,0.6026643706338275,1.0249136725320327,0.6026643706338275,1.166693198839024,0.6026643706338275,0.3046719195557783,0.6026643706338275,0.6183179277441482,0.6026643706338275,0.7090313656616493,0.6026643706338275,0.5956642794693732,0.6026643706338275,0.5180322711500994,0.6026643706338275,0.9092073842205727,0.6026643706338275,0.3431790126078776,0.6026643706338275,0.688169405396374,0.6026643706338275,0.4364096463643119,0.6026643706338275,0.7698557641520352,0.6026643706338275,0.44542171071727266,0.6026643706338275,0.3033836478778791,0.6026643706338275,0.9092073842205727,0.6026643706338275,0.7090313656616493,0.6026643706338275,0.6183179277441482,0.6026643706338275,0.5180322711500994,0.6026643706338275,0.5956642794693732,0.6026643706338275,0.3033836478778791,0.6026643706338275,0.44542171071727266,0.6026643706338275,0.4364096463643119,0.6026643706338275,0.7698557641520352,0.6026643706338275,1.0119017790694214,0.6026643706338275,0.4678910791015973,0.6026643706338275,0.49048743880448065,0.6026643706338275,0.30133218531691375,0.6026643706338275,0.688169405396374,0.6026643706338275,0.3431790126078776,0.6026643706338275,0.3046719195557783,0.6026643706338275,1.166693198839024,0.6026643706338275,1.0249136725320327,0.6026643706338275,1.205328741267655
harvey_elliott,MID,Liverpool,,20.064834965590858,0.5732809990168817,22.687239067482167,0.6482068304994905,35,0.5732809990168819,0.8461187013172952,0.5732809990168819,0.6264157017048364,0.5732809990168819,0.5230650500492874,0.5732809990168819,0.4200330778072509,0.5732809990168819,0.6065082621060088,0.5732809990168819,0.35718851371099863,0.5732809990168819,0.979540876843434,0.5732809990168819,0.51733028611116,0.5732809990168819,0.6302436316887071,0.5732809990168819,0.5908503884003383,0.5732809990168819,0.8546504803626016,0.5732809990168819,0.45512321913937204,0.5732809990168819,0.7316560712279224,0.5732809990168819,0.4086212971651229,0.5732809990168819,0.8252342839904828,0.5732809990168819,0.7563847271251364,0.5732809990168819,0.5908503884003383,0.5732809990168819,0.979540876843434,0.5732809990168819,0.51733028611116,0.5732809990168819,0.6302436316887071,0.5732809990168819,0.35718851371099863,0.5732809990168819,0.7563847271251364,0.5732809990168819,0.4086212971651229,0.5732809990168819,0.7316560712279224,0.5732809990168819,0.8252342839904828,0.5732809990168819,0.9333359434537322,0.5732809990168819,0.8461187013172952,0.5732809990168819,0.7581156499190144,0.5732809990168819,0.7378583366095179,0.5732809990168819,0.45512321913937204,0.5732809990168819,0.8546504803626016,0.5732809990168819,0.5230650500492874,0.5732809990168819,0.4200330778072509,0.5732809990168819,0.6065082621060088,0.5732809990168819,0.6264157017048364
federico_chiesa,MID,Liverpool,,20.064834965590858,0.5732809990168817,22.687239067482167,0.6482068304994905,35,0.5732809990168819,0.8461187013172952,0.5732809990168819,0.6264157017048364,0.5732809990168819,0.5230650500492874,0.5732809990168819,0.4200330778072509,0.5732809990168819,0.6065082621060088,0.5732809990168819,0.35718851371099863,0.5732809990168819,0.979540876843434,0.5732809990168819,0.51733028611116,0.5732809990168819,0.6302436316887071,0.5732809990168819,0.5908503884003383,0.5732809990168819,0.8546504803626016,0.5732809990168819,0.45512321913937204,0.5732809990168819,0.7316560712279224,0.5732809990168819,0.4086212971651229,0.5732809990168819,0.8252342839904828,0.5732809990168819,0.7563847271251364,0.5732809990168819,0.5908503884003383,0.5732809990168819,0.979540876843434,0.5732809990168819,0.51733028611116,0.5732809990168819,0.6302436316887071,0.5732809990168819,0.35718851371099863,0.5732809990168819,0.7563847271251364,0.5732809990168819,0.4086212971651229,0.5732809990168819,0.7316560712279224,0.5732809990168819,0.8252342839904828,0.5732809990168819,0.9333359434537322,0.5732809990168819,0.8461187013172952,0.5732809990168819,0.7581156499190144,0.5732809990168819,0.7378583366095179,0.5732809990168819,0.45512321913937204,0.5732809990168819,0.8546504803626016,0.5732809990168819,0.5230650500492874,0.5732809990168819,0.4200330778072509,0.5732809990168819,0.6065082621060088,0.5732809990168819,0.6264157017048364
kasey_mcateer,MID,Ipswich Town,,28.03066813619433,0.8008762324626951,22.604061026732335,0.6458303150494953,35,0.8008762324626953,0.9627408810231869,0.8008762324626953,0.6194343937810174,0.8008762324626953,0.8316070142794141,0.8008762324626953,0.5140940199858325,0.8008762324626953,0.7252034109560622,0.8008762324626953,0.401613079083852,0.8008762324626953,0.6156721161953767,0.8008762324626953,0.7191075199330567,0.8008762324626953,0.8110807832540547,0.8008762324626953,0.7434120574238471,0.8008762324626953,0.4473174518049058,0.8008762324626953,0.7451132933548389,0.8008762324626953,0.596106106862461,0.8008762324626953,0.41282913755488787,0.8008762324626953,0.8399924657383084,0.8008762324626953,0.4004381162313477,0.8008762324626953,0.7434120574238471,0.8008762324626953,0.6156721161953767,0.8008762324626953,0.401613079083852,0.8008762324626953,0.8110807832540547,0.8008762324626953,0.7191075199330567,0.8008762324626953,0.4004381162313477,0.8008762324626953,0.8399924657383084,0.8008762324626953,0.596106106862461,0.8008762324626953,0.41282913755488787,0.8008762324626953,0.7433629398717758,0.8008762324626953,0.9627408810231869,0.8008762324626953,0.5807167795942366,0.8008762324626953,0.5084576123414222,0.8008762324626953,0.7451132933548389,0.8008762324626953,0.4473174518049058,0.8008762324626953,0.8316070142794141,0.8008762324626953,0.5140940199858325,0.8008762324626953,0.7252034109560622,0.8008762324626953,0.6194343937810174
shea_lacey,MID,Man Utd,,19.009714666632625,0.5431347047609322,22.540405600685705,0.6440115885910201,35,0.5431347047609323,0.49910761888726973,0.5431347047609323,0.8073647632749907,0.5431347047609323,0.6981447518249847,0.5431347047609323,0.43427766046222477,0.5431347047609323,0.5977246028616111,0.5431347047609323,0.8155057696828437,0.5431347047609323,0.7874368942597485,0.5431347047609323,0.7216930998315586,0.5431347047609323,0.4007947181684461,0.5431347047609323,0.723392428602523,0.5431347047609323,0.7217407855534437,0.5431347047609323,0.9346759348536228,0.5431347047609323,0.34082856148653184,0.5431347047609323,0.704062940979514,0.5431347047609323,0.5637882524273484,0.5431347047609323,0.5787289640297361,0.5431347047609323,0.723392428602523,0.5431347047609323,0.7874368942597485,0.5431347047609323,0.7216930998315586,0.5431347047609323,0.4007947181684461,0.5431347047609323,0.8155057696828437,0.5431347047609323,0.5787289640297361,0.5431347047609323,0.704062940979514,0.5431347047609323,0.34082856148653184,0.5431347047609323,0.5637882524273484,0.5431347047609323,0.6013772059543564,0.5431347047609323,0.49910761888726973,0.5431347047609323,0.3899056200285117,0.5431347047609323,0.8905872803300486,0.5431347047609323,0.9346759348536228,0.5431347047609323,0.7217407855534437,0.5431347047609323,0.5977246028616111,0.5431347047609323,0.43427766046222477,0.5431347047609323,0.6981447518249847,0.5431347047609323,0.8073647632749907
igor_julio_dos_santos_de_paulo,DEF,Brighton,,17.198413226332864,0.49138323503808184,22.493473658107288,0.6426706759459225,35,0.49138323503808157,0.9827664700761631,0.49138323503808157,0.3396244097541225,0.49138323503808157,0.5126665613551611,0.49138323503808157,0.6119134723732172,0.49138323503808157,0.43188937292863605,0.49138323503808157,0.3002412401521434,0.49138323503808157,0.48540703474230806,0.49138323503808157,0.6810414376523677,0.49138323503808157,0.24569161751904078,0.49138323503808157,0.7618816999007303,0.49138323503808157,0.9827664700761631,0.49138323503808157,0.4630447251466092,0.49138323503808157,0.5894944675930823,0.49138323503808157,0.8997899343070535,0.49138323503808157,0.9827664700761631,0.49138323503808157,0.9827664700761631,0.49138323503808157,0.7618816999007303,0.49138323503808157,0.48540703474230806,0.49138323503808157,0.3002412401521434,0.49138323503808157,0.24569161751904078,0.49138323503808157,0.6810414376523677,0.49138323503808157,0.9827664700761631,0.49138323503808157,0.9827664700761631,0.49138323503808157,0.5894944675930823,0.49138323503808157,0.8997899343070535,0.49138323503808157,0.7016873124905931,0.49138323503808157,0.9827664700761631,0.49138323503808157,0.9827664700761631,0.49138323503808157,0.3015161680822771,0.49138323503808157,0.4630447251466092,0.49138323503808157,0.9827664700761631,0.49138323503808157,0.5126665613551611,0.49138323503808157,0.6119134723732172,0.49138323503808157,0.43188937292863605,0.49138323503808157,0.3396244097541225
diego_coppola,DEF,Brighton,,17.198413226332864,0.49138323503808184,22.493473658107288,0.6426706759459225,35,0.49138323503808157,0.9827664700761631,0.49138323503808157,0.3396244097541225,0.49138323503808157,0.5126665613551611,0.49138323503808157,0.6119134723732172,0.49138323503808157,0.43188937292863605,0.49138323503808157,0.3002412401521434,0.49138323503808157,0.48540703474230806,0.49138323503808157,0.6810414376523677,0.49138323503808157,0.24569161751904078,0.49138323503808157,0.7618816999007303,0.49138323503808157,0.9827664700761631,0.49138323503808157,0.4630447251466092,0.49138323503808157,0.5894944675930823,0.49138323503808157,0.8997899343070535,0.49138323503808157,0.9827664700761631,0.49138323503808157,0.9827664700761631,0.49138323503808157,0.7618816999007303,0.49138323503808157,0.48540703474230806,0.49138323503808157,0.3002412401521434,0.49138323503808157,0.24569161751904078,0.49138323503808157,0.6810414376523677,0.49138323503808157,0.9827664700761631,0.49138323503808157,0.9827664700761631,0.49138323503808157,0.5894944675930823,0.49138323503808157,0.8997899343070535,0.49138323503808157,0.7016873124905931,0.49138323503808157,0.9827664700761631,0.49138323503808157,0.9827664700761631,0.49138323503808157,0.3015161680822771,0.49138323503808157,0.4630447251466092,0.49138323503808157,0.9827664700761631,0.49138323503808157,0.5126665613551611,0.49138323503808157,0.6119134723732172,0.49138323503808157,0.43188937292863605,0.49138323503808157,0.3396244097541225
honest_ahanor,DEF,Crystal Palace,,23.926451562347907,0.6836129017813688,22.393900960122497,0.6398257417177856,35,0.6836129017813686,0.5219509841054186,0.6836129017813686,0.621288923684293,0.6836129017813686,0.8866792043897683,0.6836129017813686,0.39030089307672383,0.6836129017813686,0.3418064508906843,0.6836129017813686,1.2650523479997942,0.6836129017813686,0.38240406927852744,0.6836129017813686,1.0223152273384517,0.6836129017813686,0.6030086254254675,0.6836129017813686,0.3418064508906843,0.6836129017813686,1.247903314295864,0.6836129017813686,0.8980808795144458,0.6836129017813686,0.453925916064708,0.6836129017813686,0.3418064508906843,0.6836129017813686,0.6745863191197858,0.6836129017813686,0.4297897493591574,0.6836129017813686,0.3418064508906843,0.6836129017813686,0.38240406927852744,0.6836129017813686,1.2650523479997942,0.6836129017813686,0.6030086254254675,0.6836129017813686,1.0223152273384517,0.6836129017813686,0.4297897493591574,0.6836129017813686,0.6745863191197858,0.6836129017813686,0.453925916064708,0.6836129017813686,0.3418064508906843,0.6836129017813686,0.7966932134533704,0.6836129017813686,0.5219509841054186,0.6836129017813686,0.4099896831295247,0.6836129017813686,0.3418064508906843,0.6836129017813686,0.8980808795144458,0.6836129017813686,1.247903314295864,0.6836129017813686,0.8866792043897683,0.6836129017813686,0.39030089307672383,0.6836129017813686,0.3418064508906843,0.6836129017813686,0.621288923684293
luke_o'nien,DEF,Sunderland,,19.880634283786915,0.5680181223939118,22.375941786990268,0.6393126224854362,35,0.5680181223939114,0.31883896598022776,0.5680181223939114,0.2840090611969557,0.5680181223939114,0.413830078334398,0.5680181223939114,0.7152535754761319,0.5680181223939114,0.6587431607696155,0.5680181223939114,1.0839452281979662,0.5680181223939114,0.2840090611969557,0.5680181223939114,1.1360362447878227,0.5680181223939114,1.1360362447878227,0.5680181223939114,0.4054571966193717,0.5680181223939114,0.2840090611969557,0.5680181223939114,0.9401324237758507,0.5680181223939114,0.5744635933032463,0.5680181223939114,0.4347058018451266,0.5680181223939114,0.9522214458449372,0.5680181223939114,0.6393608396050598,0.5680181223939114,0.4054571966193717,0.5680181223939114,0.2840090611969557,0.5680181223939114,1.0839452281979662,0.5680181223939114,1.1360362447878227,0.5680181223939114,1.1360362447878227,0.5680181223939114,0.6393608396050598,0.5680181223939114,0.4347058018451266,0.5680181223939114,0.5744635933032463,0.5680181223939114,0.9522214458449372,0.5680181223939114,0.4556995097873332,0.5680181223939114,0.31883896598022776,0.5680181223939114,0.5534166599936559,0.5680181223939114,0.8447216513723971,0.5680181223939114,0.9401324237758507,0.5680181223939114,0.2840090611969557,0.5680181223939114,0.413830078334398,0.5680181223939114,0.7152535754761319,0.5680181223939114,0.6587431607696155,0.5680181223939114,0.2840090611969557
sindre_walle_egeli,FWD,Ipswich Town,,16.466448502642095,0.47046995721834556,22.32028555951473,0.6377224445575637,35,0.47046995721834595,0.9409399144366919,0.47046995721834595,0.9409399144366919,0.47046995721834595,0.9409399144366919,0.47046995721834595,0.5364344808790831,0.47046995721834595,0.5773858791194549,0.47046995721834595,0.43949690308220635,0.47046995721834595,0.3153373716026959,0.47046995721834595,0.710653656260752,0.47046995721834595,0.41528134046973514,0.47046995721834595,0.7676914023026179,0.47046995721834595,0.3698144858361188,0.47046995721834595,0.361700756854118,0.47046995721834595,0.7932990860170662,0.47046995721834595,0.8357573214834185,0.47046995721834595,0.9409399144366919,0.47046995721834595,0.3750792891802748,0.47046995721834595,0.7676914023026179,0.47046995721834595,0.3153373716026959,0.47046995721834595,0.43949690308220635,0.47046995721834595,0.41528134046973514,0.47046995721834595,0.710653656260752,0.47046995721834595,0.3750792891802748,0.47046995721834595,0.9409399144366919,0.47046995721834595,0.7932990860170662,0.47046995721834595,0.8357573214834185,0.47046995721834595,0.45956754117532583,0.47046995721834595,0.9409399144366919,0.47046995721834595,0.7135854922999068,0.47046995721834595,0.623749264370877,0.47046995721834595,0.361700756854118,0.47046995721834595,0.3698144858361188,0.47046995721834595,0.9409399144366919,0.47046995721834595,0.5364344808790831,0.47046995721834595,0.5773858791194549,0.47046995721834595,0.9409399144366919
chadi_riad_dnanou,DEF,Crystal Palace,,23.844578623674717,0.6812736749621348,22.317272193203838,0.6376363483772525,35,0.6812736749621342,0.5201649415407397,0.6812736749621342,0.6191629607175491,0.6812736749621342,0.8836451133573126,0.6812736749621342,0.38896533853368187,0.6812736749621342,0.3406368374810671,0.6812736749621342,1.2607235174986944,0.6812736749621342,0.3810955365514392,0.6812736749621342,1.0188170089881687,0.6812736749621342,0.6009452150580662,0.6812736749621342,0.3406368374810671,0.6812736749621342,1.2436331653665422,0.6812736749621342,0.8950077735597052,0.6812736749621342,0.4523726456772751,0.6812736749621342,0.3406368374810671,0.6812736749621342,0.6722779799918063,0.6812736749621342,0.42831906952600457,0.6812736749621342,0.3406368374810671,0.6812736749621342,0.3810955365514392,0.6812736749621342,1.2607235174986944,0.6812736749621342,0.6009452150580662,0.6812736749621342,1.0188170089881687,0.6812736749621342,0.42831906952600457,0.6812736749621342,0.6722779799918063,0.6812736749621342,0.4523726456772751,0.6812736749621342,0.3406368374810671,0.6812736749621342,0.793967041775282,0.6812736749621342,0.5201649415407397,0.6812736749621342,0.4085867563271094,0.6812736749621342,0.3406368374810671,0.6812736749621342,0.8950077735597052,0.6812736749621342,1.2436331653665422,0.6812736749621342,0.8836451133573126,0.6812736749621342,0.38896533853368187,0.6812736749621342,0.3406368374810671,0.6812736749621342,0.6191629607175491
sebastiaan_bornauw,DEF,Leeds,,16.00075195185897,0.45716434148168483,22.261024518647332,0.6360292719613524,35,0.45716434148168505,0.22858217074084253,0.45716434148168505,0.6586446687779691,0.45716434148168505,0.3655611732225166,0.45716434148168505,0.9143286829633701,0.45716434148168505,0.5518183742347191,0.45716434148168505,0.8200658140977323,0.45716434148168505,0.9143286829633701,0.45716434148168505,0.3245426447101151,0.45716434148168505,0.9143286829633701,0.45716434148168505,0.323170351857987,0.45716434148168505,0.6345135478852142,0.45716434148168505,0.4648723158162597,0.45716434148168505,0.9143286829633701,0.45716434148168505,0.9143286829633701,0.45716434148168505,0.7330518649751644,0.45716434148168505,0.49840696992786604,0.45716434148168505,0.323170351857987,0.45716434148168505,0.9143286829633701,0.45716434148168505,0.3245426447101151,0.45716434148168505,0.9143286829633701,0.45716434148168505,0.8200658140977323,0.45716434148168505,0.49840696992786604,0.45716434148168505,0.9143286829633701,0.45716434148168505,0.9143286829633701,0.45716434148168505,0.7330518649751644,0.45716434148168505,0.4744721476736626,0.45716434148168505,0.22858217074084253,0.45716434148168505,0.9143286829633701,0.45716434148168505,0.5224770658838285,0.45716434148168505,0.4648723158162597,0.45716434148168505,0.6345135478852142,0.45716434148168505,0.3655611732225166,0.45716434148168505,0.9143286829633701,0.45716434148168505,0.5518183742347191,0.45716434148168505,0.6586446687779691
ali_al_hamadi,FWD,Ipswich Town,,16.34944642192256,0.4671270406263589,22.16168913525854,0.633191118150244,35,0.467127040626359,0.934254081252718,0.467127040626359,0.934254081252718,0.467127040626359,0.934254081252718,0.467127040626359,0.5326228544423023,0.467127040626359,0.5732832731917579,0.467127040626359,0.43637406502018206,0.467127040626359,0.31309674706242385,0.467127040626359,0.7056041183206117,0.467127040626359,0.41233056569209176,0.467127040626359,0.7622365835901617,0.467127040626359,0.3671867750509965,0.467127040626359,0.3591306980376723,0.467127040626359,0.7876623123264908,0.467127040626359,0.8298188614946442,0.467127040626359,0.934254081252718,0.467127040626359,0.3724141694210348,0.467127040626359,0.7622365835901617,0.467127040626359,0.31309674706242385,0.467127040626359,0.43637406502018206,0.467127040626359,0.41233056569209176,0.467127040626359,0.7056041183206117,0.467127040626359,0.3724141694210348,0.467127040626359,0.934254081252718,0.467127040626359,0.7876623123264908,0.467127040626359,0.8298188614946442,0.467127040626359,0.4563020915223512,0.467127040626359,0.934254081252718,0.467127040626359,0.7085151222467061,0.467127040626359,0.6193172241670063,0.467127040626359,0.3591306980376723,0.467127040626359,0.3671867750509965,0.467127040626359,0.934254081252718,0.467127040626359,0.5326228544423023,0.467127040626359,0.5732832731917579,0.467127040626359,0.934254081252718
chris_rigg,MID,Sunderland,,21.807655851453134,0.6230758814700895,22.022178824380557,0.6292051092680159,35,0.6230758814700892,0.33835423138817394,0.6230758814700892,0.49548422242558177,0.6230758814700892,0.5745275365195395,0.6230758814700892,0.5933852717652413,0.6230758814700892,0.4311249132815323,0.6230758814700892,0.7165011279932955,0.6230758814700892,0.8095854017931635,0.6230758814700892,0.7817202993842296,0.6230758814700892,0.6930763955671732,0.6230758814700892,0.7164537884578227,0.6230758814700892,0.7181407805269957,0.6230758814700892,0.6989516201488717,0.6230758814700892,0.9278904213751389,0.6230758814700892,0.5970113578732295,0.6230758814700892,0.49005184828701226,0.6230758814700892,0.38707500276173207,0.6230758814700892,0.7164537884578227,0.6230758814700892,0.8095854017931635,0.6230758814700892,0.7165011279932955,0.6230758814700892,0.6930763955671732,0.6230758814700892,0.7817202993842296,0.6230758814700892,0.38707500276173207,0.6230758814700892,0.5970113578732295,0.6230758814700892,0.9278904213751389,0.6230758814700892,0.49005184828701226,0.6230758814700892,0.397885048773071,0.6230758814700892,0.33835423138817394,0.6230758814700892,0.8841218394546588,0.6230758814700892,0.8015034970553643,0.6230758814700892,0.6989516201488717,0.6230758814700892,0.7181407805269957,0.6230758814700892,0.5745275365195395,0.6230758814700892,0.5933852717652413,0.6230758814700892,0.4311249132815323,0.6230758814700892,0.49548422242558177
ryan_christie,MID,Bournemouth,,19.868710697683504,0.5676774485052429,21.989441314190504,0.6282697518340145,35,0.5676774485052427,0.39362059961685575,0.5676774485052427,0.7087749858411433,0.5676774485052427,0.800908433924662,0.5676774485052427,0.5536965930876467,0.5676774485052427,0.4847995745527428,0.5676774485052427,0.4265042061744517,0.5676774485052427,0.8746460055577077,0.5676774485052427,0.6914604021300736,0.5676774485052427,0.792913149360066,0.5676774485052427,0.5683698699374745,0.5676774485052427,0.38292641342918654,0.5676774485052427,0.33472782114482724,0.5676774485052427,0.708821818001326,0.5676774485052427,0.6856481469828568,0.5676774485052427,0.917945484925038,0.5676774485052427,0.7733419838848535,0.5676774485052427,0.5683698699374745,0.5676774485052427,0.8746460055577077,0.5676774485052427,0.6914604021300736,0.5676774485052427,0.792913149360066,0.5676774485052427,0.4265042061744517,0.5676774485052427,0.7733419838848535,0.5676774485052427,0.917945484925038,0.5676774485052427,0.708821818001326,0.5676774485052427,0.6856481469828568,0.5676774485052427,0.7104438970803679,0.5676774485052427,0.39362059961685575,0.5676774485052427,0.4901737256357266,0.5676774485052427,0.5906127143725899,0.5676774485052427,0.33472782114482724,0.5676774485052427,0.38292641342918654,0.5676774485052427,0.4847995745527428,0.5676774485052427,0.5536965930876467,0.5676774485052427,0.800908433924662,0.5676774485052427,0.7087749858411433
matt_targett,DEF,Hull City,,13.541067024767003,0.38688762927905723,21.933659675462973,0.6266759907275136,35,0.3868876292790575,0.38659191150274846,0.3868876292790575,0.20836256311966767,0.3868876292790575,0.5936973348535152,0.3868876292790575,0.773775258558115,0.3868876292790575,0.6223693893811465,0.3868876292790575,0.7558261120674549,0.3868876292790575,0.43545276724268767,0.3868876292790575,0.5651864169894053,0.3868876292790575,0.773775258558115,0.3868876292790575,0.773775258558115,0.3868876292790575,0.773775258558115,0.3868876292790575,0.773775258558115,0.3868876292790575,0.38495725015548654,0.3868876292790575,0.5537511945052438,0.3868876292790575,0.773775258558115,0.3868876292790575,0.6573204587282707,0.3868876292790575,0.773775258558115,0.3868876292790575,0.43545276724268767,0.3868876292790575,0.7558261120674549,0.3868876292790575,0.773775258558115,0.3868876292790575,0.5651864169894053,0.3868876292790575,0.6573204587282707,0.3868876292790575,0.5537511945052438,0.3868876292790575,0.38495725015548654,0.3868876292790575,0.773775258558115,0.3868876292790575,0.773775258558115,0.3868876292790575,0.38659191150274846,0.3868876292790575,0.773775258558115,0.3868876292790575,0.773775258558115,0.3868876292790575,0.773775258558115,0.3868876292790575,0.773775258558115,0.3868876292790575,0.5936973348535152,0.3868876292790575,0.773775258558115,0.3868876292790575,0.6223693893811465,0.3868876292790575,0.20836256311966767
hidemasa_morita,MID,Hull City,,25.836726475037768,0.7381921850010791,21.821796388473295,0.6234798968135227,35,0.7381921850010791,0.7834856735792453,0.7381921850010791,0.694989079484004,0.7381921850010791,0.5777646741427654,0.7381921850010791,0.7756643164212815,0.7381921850010791,0.3850578762346859,0.7381921850010791,0.8556191766513943,0.7381921850010791,0.36909609250053954,0.7381921850010791,0.5560056949431483,0.7381921850010791,0.897976730050482,0.7381921850010791,0.676418546701453,0.7381921850010791,0.574255487205253,0.7381921850010791,0.6707327298887662,0.7381921850010791,0.47951060986914357,0.7381921850010791,0.693356473319526,0.7381921850010791,0.41722614109767836,0.7381921850010791,0.5416516168621283,0.7381921850010791,0.676418546701453,0.7381921850010791,0.36909609250053954,0.7381921850010791,0.8556191766513943,0.7381921850010791,0.897976730050482,0.7381921850010791,0.5560056949431483,0.7381921850010791,0.5416516168621283,0.7381921850010791,0.693356473319526,0.7381921850010791,0.47951060986914357,0.7381921850010791,0.41722614109767836,0.7381921850010791,0.7565188971503938,0.7381921850010791,0.7834856735792453,0.7381921850010791,0.4742533667152225,0.7381921850010791,0.6934022867046917,0.7381921850010791,0.6707327298887662,0.7381921850010791,0.574255487205253,0.7381921850010791,0.5777646741427654,0.7381921850010791,0.7756643164212815,0.7381921850010791,0.3850578762346859,0.7381921850010791,0.694989079484004
daniel_james,MID,Leeds,,24.163092453785843,0.690374070108167,21.71809534558534,0.6205170098738668,35,0.6903740701081674,0.6859427958336851,0.6903740701081674,0.8862882698268281,0.6903740701081674,0.3451870350540837,0.6903740701081674,0.46808027622492315,0.6903740701081674,0.5346012410930203,0.6903740701081674,0.5667807251142174,0.6903740701081674,0.6620021775574527,0.6903740701081674,0.7732874793221194,0.6903740701081674,0.6843766574473693,0.6903740701081674,0.47326908878879187,0.6903740701081674,0.844482060979897,0.6903740701081674,0.6843314403893825,0.6903740701081674,0.7655679283902821,0.6903740701081674,0.746671714320514,0.6903740701081674,0.3697204180451538,0.6903740701081674,0.5702442349305263,0.6903740701081674,0.47326908878879187,0.6903740701081674,0.6620021775574527,0.6903740701081674,0.7732874793221194,0.6903740701081674,0.6843766574473693,0.6903740701081674,0.5667807251142174,0.6903740701081674,0.5702442349305263,0.6903740701081674,0.746671714320514,0.6903740701081674,0.7655679283902821,0.6903740701081674,0.3697204180451538,0.6903740701081674,0.5487684801780145,0.6903740701081674,0.6859427958336851,0.6903740701081674,0.6676139852767744,0.6903740701081674,0.3800457934940556,0.6903740701081674,0.6843314403893825,0.6903740701081674,0.844482060979897,0.6903740701081674,0.3451870350540837,0.6903740701081674,0.46808027622492315,0.6903740701081674,0.5346012410930203,0.6903740701081674,0.8862882698268281
alex_toth,MID,Bournemouth,,19.604543952009234,0.5601298272002638,21.697078148832126,0.6199165185380607,35,0.5601298272002639,0.38838717131779366,0.5601298272002639,0.6993513858766623,0.5601298272002639,0.7902598630238027,0.5601298272002639,0.5463348558661199,0.5601298272002639,0.4783538656256511,0.5601298272002639,0.4208335700735082,0.5601298272002639,0.8630170482277232,0.5601298272002639,0.6822670102199175,0.5601298272002639,0.7823708806917121,0.5601298272002639,0.5608130424630985,0.5601298272002639,0.37783517092193636,0.5601298272002639,0.33027740860704874,0.5601298272002639,0.6993975953744319,0.5601298272002639,0.6765320325845953,0.5601298272002639,0.9057408343491303,0.5601298272002639,0.763059925915186,0.5601298272002639,0.5608130424630985,0.5601298272002639,0.8630170482277232,0.5601298272002639,0.6822670102199175,0.5601298272002639,0.7823708806917121,0.5601298272002639,0.4208335700735082,0.5601298272002639,0.763059925915186,0.5601298272002639,0.9057408343491303,0.5601298272002639,0.6993975953744319,0.5601298272002639,0.6765320325845953,0.5601298272002639,0.700998107913095,0.5601298272002639,0.38838717131779366,0.5601298272002639,0.4836565640600984,0.5601298272002639,0.5827601545822942,0.5601298272002639,0.33027740860704874,0.5601298272002639,0.37783517092193636,0.5601298272002639,0.4783538656256511,0.5601298272002639,0.5463348558661199,0.5601298272002639,0.7902598630238027,0.5601298272002639,0.6993513858766623
jordan_henderson,MID,Chelsea,,16.441207285320004,0.46974877958057154,21.568209888029546,0.6162345682294156,35,0.46974877958057126,0.38135832881078036,0.46974877958057126,0.39200872227932865,0.46974877958057126,0.5846216210469672,0.46974877958057126,0.5881941538336364,0.46974877958057126,0.6828404161102478,0.46974877958057126,0.4828143190853588,0.46974877958057126,0.5514292041574619,0.46974877958057126,0.42475767038602563,0.46974877958057126,0.688628870058135,0.46974877958057126,0.9141864958739665,0.46974877958057126,0.7058725505057074,0.46974877958057126,0.48816646300624905,0.46974877958057126,0.7701751465313319,0.46974877958057126,0.7059191908880773,0.46974877958057126,0.8710643279826789,0.46974877958057126,0.7075346275492435,0.46974877958057126,0.9141864958739665,0.46974877958057126,0.5514292041574619,0.46974877958057126,0.42475767038602563,0.46974877958057126,0.688628870058135,0.46974877958057126,0.4828143190853588,0.46974877958057126,0.7075346275492435,0.46974877958057126,0.8710643279826789,0.46974877958057126,0.7701751465313319,0.46974877958057126,0.7059191908880773,0.46974877958057126,0.33335710988208245,0.46974877958057126,0.38135832881078036,0.46974877958057126,0.7896661680350926,0.46974877958057126,0.5660423939019794,0.46974877958057126,0.48816646300624905,0.46974877958057126,0.7058725505057074,0.46974877958057126,0.6828404161102478,0.46974877958057126,0.5881941538336364,0.46974877958057126,0.5846216210469672,0.46974877958057126,0.39200872227932865
matt_crooks,MID,Hull City,,25.48954463766297,0.7282727039332277,21.528565302395545,0.6151018657827299,35,0.7282727039332274,0.7729575598117024,0.7282727039332274,0.6856501415266817,0.7282727039332274,0.5700009428770054,0.7282727039332274,0.7652413023904059,0.7282727039332274,0.3798836487219257,0.7282727039332274,0.8441217666319805,0.7282727039332274,0.3641363519666137,0.7282727039332274,0.548534350655484,0.7282727039332274,0.8859101390541357,0.7282727039332274,0.6673291508716407,0.7282727039332274,0.5665389107510683,0.7282727039332274,0.6617197374040105,0.7282727039332274,0.473067170730833,0.7282727039332274,0.6840394735596933,0.7282727039332274,0.41161965149819124,0.7282727039332274,0.5343731559572255,0.7282727039332274,0.6673291508716407,0.7282727039332274,0.3641363519666137,0.7282727039332274,0.8441217666319805,0.7282727039332274,0.8859101390541357,0.7282727039332274,0.548534350655484,0.7282727039332274,0.5343731559572255,0.7282727039332274,0.6840394735596933,0.7282727039332274,0.473067170730833,0.7282727039332274,0.41161965149819124,0.7282727039332274,0.7463531503025801,0.7282727039332274,0.7729575598117024,0.7282727039332274,0.4678805719497378,0.7282727039332274,0.6840846713260323,0.7282727039332274,0.6617197374040105,0.7282727039332274,0.5665389107510683,0.7282727039332274,0.5700009428770054,0.7282727039332274,0.7652413023904059,0.7282727039332274,0.3798836487219257,0.7282727039332274,0.6856501415266817
lucas_estella_perri,GK,Leeds,,13.209879276186701,0.3774251221767629,21.47129583938916,0.6134655954111189,35,0.3774251221767626,0.3354889974904557,0.3774251221767626,0.6709779949809114,0.3774251221767626,0.5032334962356836,0.3774251221767626,0.7548502443535252,0.3774251221767626,0.5871057456082974,0.3774251221767626,0.6709779949809114,0.3774251221767626,0.7548502443535252,0.3774251221767626,0.4193612468630697,0.3774251221767626,0.7548502443535252,0.3774251221767626,0.4193612468630697,0.3774251221767626,0.7548502443535252,0.3774251221767626,0.3354889974904557,0.3774251221767626,0.7548502443535252,0.3774251221767626,0.7548502443535252,0.3774251221767626,0.7548502443535252,0.3774251221767626,0.5871057456082974,0.3774251221767626,0.4193612468630697,0.3774251221767626,0.7548502443535252,0.3774251221767626,0.4193612468630697,0.3774251221767626,0.7548502443535252,0.3774251221767626,0.6709779949809114,0.3774251221767626,0.5871057456082974,0.3774251221767626,0.7548502443535252,0.3774251221767626,0.7548502443535252,0.3774251221767626,0.7548502443535252,0.3774251221767626,0.5032334962356836,0.3774251221767626,0.3354889974904557,0.3774251221767626,0.7548502443535252,0.3774251221767626,0.5871057456082974,0.3774251221767626,0.3354889974904557,0.3774251221767626,0.7548502443535252,0.3774251221767626,0.5032334962356836,0.3774251221767626,0.7548502443535252,0.3774251221767626,0.5871057456082974,0.3774251221767626,0.6709779949809114
romaine_mundle,MID,Sunderland,,21.17897943105372,0.6051136980301063,21.387318083408967,0.6110662309545419,35,0.6051136980301066,0.32860007310243,0.6051136980301066,0.48120028244410346,0.6051136980301066,0.5579649166056748,0.6051136980301066,0.5762790164614997,0.6051136980301066,0.4186963391572405,0.6051136980301066,0.6958456587660088,0.6051136980301066,0.7862464764233827,0.6051136980301066,0.759184675981237,0.6051136980301066,0.6730962202380835,0.6051136980301066,0.6957996839462077,0.6051136980301066,0.6974380429966595,0.6051136980301066,0.6788020724129437,0.6051136980301066,0.9011409700537062,0.6051136980301066,0.5798005688749928,0.6051136980301066,0.4759245141118146,0.6051136980301066,0.37591631019890376,0.6051136980301066,0.6957996839462077,0.6051136980301066,0.7862464764233827,0.6051136980301066,0.6958456587660088,0.6051136980301066,0.6730962202380835,0.6051136980301066,0.759184675981237,0.6051136980301066,0.37591631019890376,0.6051136980301066,0.5798005688749928,0.6051136980301066,0.9011409700537062,0.6051136980301066,0.4759245141118146,0.6051136980301066,0.3864147215679385,0.6051136980301066,0.32860007310243,0.6051136980301066,0.85863415948523,0.6051136980301066,0.7783975588060322,0.6051136980301066,0.6788020724129437,0.6051136980301066,0.6974380429966595,0.6051136980301066,0.5579649166056748,0.6051136980301066,0.5762790164614997,0.6051136980301066,0.4186963391572405,0.6051136980301066,0.48120028244410346
dario_osorio,MID,Crystal Palace,,28.881530908564105,0.8251865973875459,21.306919446822366,0.6087691270520676,35,0.8251865973875453,0.8658537073647445,0.8251865973875453,0.4222168120316663,0.8251865973875453,0.6845095602974658,0.8251865973875453,0.5626563843117104,0.8251865973875453,0.7033022254179924,0.8251865973875453,0.6787557323083259,0.8251865973875453,0.701650090754868,0.8251865973875453,0.7016964521390855,0.8251865973875453,0.41259329869377265,0.8251865973875453,0.7928573758605089,0.8251865973875453,0.7655680350138269,0.8251865973875453,0.47992617160320167,0.8251865973875453,0.5481306092222655,0.8251865973875453,0.41259329869377265,0.8251865973875453,0.5811244723583365,0.8251865973875453,0.41259329869377265,0.8251865973875453,0.7928573758605089,0.8251865973875453,0.701650090754868,0.8251865973875453,0.6787557323083259,0.8251865973875453,0.41259329869377265,0.8251865973875453,0.7016964521390855,0.8251865973875453,0.41259329869377265,0.8251865973875453,0.5811244723583365,0.8251865973875453,0.5481306092222655,0.8251865973875453,0.41259329869377265,0.8251865973875453,0.7849424631555941,0.8251865973875453,0.8658537073647445,0.8251865973875453,0.5846756346073789,0.8251865973875453,0.48524629952875314,0.8251865973875453,0.47992617160320167,0.8251865973875453,0.7655680350138269,0.8251865973875453,0.6845095602974658,0.8251865973875453,0.5626563843117104,0.8251865973875453,0.7033022254179924,0.8251865973875453,0.4222168120316663
george_hirst,FWD,Ipswich Town,,15.668150367109483,0.44766143906027095,21.23819172830047,0.606805477951442,35,0.4476614390602711,0.8953228781205422,0.4476614390602711,0.8953228781205422,0.4476614390602711,0.8953228781205422,0.4476614390602711,0.5104279837371846,0.4476614390602711,0.5493940464719982,0.4476614390602711,0.4181899674520618,0.4476614390602711,0.3000497255888152,0.4476614390602711,0.676200963640885,0.4476614390602711,0.3951483822446945,0.4476614390602711,0.7304735034324232,0.4476614390602711,0.3518857737347475,0.4476614390602711,0.3441654006556609,0.4476614390602711,0.7548397193123673,0.4476614390602711,0.7952395673732413,0.4476614390602711,0.8953228781205422,0.4476614390602711,0.3568953379061752,0.4476614390602711,0.7304735034324232,0.4476614390602711,0.3000497255888152,0.4476614390602711,0.4181899674520618,0.4476614390602711,0.3951483822446945,0.4476614390602711,0.676200963640885,0.4476614390602711,0.3568953379061752,0.4476614390602711,0.8953228781205422,0.4476614390602711,0.7548397193123673,0.4476614390602711,0.7952395673732413,0.4476614390602711,0.4372875752669087,0.4476614390602711,0.8953228781205422,0.4476614390602711,0.6789906634298721,0.4476614390602711,0.5935097215388438,0.4476614390602711,0.3441654006556609,0.4476614390602711,0.3518857737347475,0.4476614390602711,0.8953228781205422,0.4476614390602711,0.5104279837371846,0.4476614390602711,0.5493940464719982,0.4476614390602711,0.8953228781205422
aladji_bamba,MID,Newcastle,,19.648063958533136,0.5613732559580896,21.166436660175606,0.6047553331478744,35,0.5613732559580897,0.41886657814744876,0.5613732559580897,0.3760691551298623,0.5613732559580897,0.6961285847226282,0.5613732559580897,0.759493355137307,0.5613732559580897,0.9015073676417195,0.5613732559580897,0.5800363117132658,0.5613732559580897,0.7787140497852905,0.5613732559580897,0.32873367958377614,0.5613732559580897,0.5581917812211281,0.5613732559580897,0.4761180216759381,0.5613732559580897,0.5437812662125525,0.5613732559580897,0.8589832741026717,0.5613732559580897,0.3865718350792096,0.5613732559580897,0.4813959350985692,0.5613732559580897,0.6790780685670811,0.5613732559580897,0.7865661587174064,0.5613732559580897,0.4761180216759381,0.5613732559580897,0.7787140497852905,0.5613732559580897,0.32873367958377614,0.5613732559580897,0.5581917812211281,0.5613732559580897,0.5800363117132658,0.5613732559580897,0.7865661587174064,0.5613732559580897,0.4813959350985692,0.5613732559580897,0.3865718350792096,0.5613732559580897,0.6790780685670811,0.5613732559580897,0.5765133274613,0.5613732559580897,0.41886657814744876,0.5613732559580897,0.6960825912097883,0.5613732559580897,0.6733698964328096,0.5613732559580897,0.8589832741026717,0.5613732559580897,0.5437812662125525,0.5613732559580897,0.6961285847226282,0.5613732559580897,0.759493355137307,0.5613732559580897,0.9015073676417195,0.5613732559580897,0.3760691551298623
enes_unal,FWD,Bournemouth,,18.149781314391497,0.5185651804111856,21.08501218753158,0.6024289196437594,35,0.5185651804111857,0.6819595426588354,0.5185651804111857,0.3749969783626822,0.5185651804111857,0.8455528750849498,0.5185651804111857,0.5822700244050202,0.5185651804111857,0.5089656436501678,0.5185651804111857,0.30176046460684897,0.5185651804111857,1.0371303608223714,0.5185651804111857,0.47113414377643026,0.5185651804111857,1.0223302989135612,0.5185651804111857,0.6473145588861038,0.5185651804111857,0.35861978031365943,0.5185651804111857,0.3060564280264653,0.5185651804111857,0.6264192537232836,0.5185651804111857,0.5798777108553598,0.5185651804111857,0.9742631606779166,0.5185651804111857,0.33886041526841415,0.5185651804111857,0.6473145588861038,0.5185651804111857,1.0371303608223714,0.5185651804111857,0.47113414377643026,0.5185651804111857,1.0223302989135612,0.5185651804111857,0.30176046460684897,0.5185651804111857,0.33886041526841415,0.5185651804111857,0.9742631606779166,0.5185651804111857,0.6264192537232836,0.5185651804111857,0.5798777108553598,0.5185651804111857,0.29513984069654703,0.5185651804111857,0.6819595426588354,0.5185651804111857,0.4377187059485273,0.5185651804111857,1.0371303608223714,0.5185651804111857,0.3060564280264653,0.5185651804111857,0.35861978031365943,0.5185651804111857,0.5089656436501678,0.5185651804111857,0.5822700244050202,0.5185651804111857,0.8455528750849498,0.5185651804111857,0.3749969783626822
ayden_heaven,DEF,Man Utd,,27.954309828611528,0.798694566531758,21.023481616620387,0.600670903332011,35,0.7986945665317583,0.39934728326587915,0.7986945665317583,0.7417346638983037,0.7986945665317583,1.1777848264704802,0.7986945665317583,0.5784303458481511,0.7986945665317583,0.6280511095529672,0.7986945665317583,0.39934728326587915,0.7986945665317583,1.1618187901898036,0.7986945665317583,0.39934728326587915,0.7986945665317583,0.4001414219483736,0.7986945665317583,0.39934728326587915,0.7986945665317583,0.9517925203116923,0.7986945665317583,0.5044259959577481,0.7986945665317583,0.39934728326587915,0.7986945665317583,0.8255131216730935,0.7986945665317583,0.42261259554044395,0.7986945665317583,0.39934728326587915,0.7986945665317583,0.39934728326587915,0.7986945665317583,1.1618187901898036,0.7986945665317583,0.39934728326587915,0.7986945665317583,0.4001414219483736,0.7986945665317583,0.39934728326587915,0.7986945665317583,0.39934728326587915,0.7986945665317583,0.8255131216730935,0.7986945665317583,0.39934728326587915,0.7986945665317583,0.42261259554044395,0.7986945665317583,0.39934728326587915,0.7986945665317583,0.39934728326587915,0.7986945665317583,0.5614110834068445,0.7986945665317583,0.4859450679750028,0.7986945665317583,0.5044259959577481,0.7986945665317583,0.9517925203116923,0.7986945665317583,0.6280511095529672,0.7986945665317583,0.5784303458481511,0.7986945665317583,1.1777848264704802,0.7986945665317583,0.7417346638983037
oscar_mingueza,DEF,Crystal Palace,,22.45947055966831,0.641699158847666,21.02088385398026,0.6005966815422931,35,0.6416991588476666,0.48994907291447987,0.6416991588476666,0.5831963947589275,0.6416991588476666,0.8323150399033908,0.6416991588476666,0.36637072549711314,0.6416991588476666,0.3208495794238333,0.6416991588476666,1.1874893313077874,0.6416991588476666,0.3589580725532231,0.6416991588476666,0.9596349333823017,0.6416991588476666,0.5660368999840257,0.6416991588476666,0.3208495794238333,0.6416991588476666,1.171391740881705,0.6416991588476666,0.8430176543770126,0.6416991588476666,0.42609476468166096,0.6416991588476666,0.3208495794238333,0.6416991588476666,0.6332260149293573,0.6416991588476666,0.4034384370547253,0.6416991588476666,0.3208495794238333,0.6416991588476666,0.3589580725532231,0.6416991588476666,1.1874893313077874,0.6416991588476666,0.5660368999840257,0.6416991588476666,0.9596349333823017,0.6416991588476666,0.4034384370547253,0.6416991588476666,0.6332260149293573,0.6416991588476666,0.42609476468166096,0.6416991588476666,0.3208495794238333,0.6416991588476666,0.747846279086428,0.6416991588476666,0.48994907291447987,0.6416991588476666,0.3848523544755716,0.6416991588476666,0.3208495794238333,0.6416991588476666,0.8430176543770126,0.6416991588476666,1.171391740881705,0.6416991588476666,0.8323150399033908,0.6416991588476666,0.36637072549711314,0.6416991588476666,0.3208495794238333,0.6416991588476666,0.5831963947589275
kevin_santos_lopes_de_macedo,MID,Fulham,,26.420109572317088,0.7548602734947739,21.004933675481233,0.6001409621566066,35,0.7548602734947735,0.7026397733967582,0.7548602734947735,0.4806031110174238,0.7548602734947735,0.8670750004221905,0.7548602734947735,0.37961177204950186,0.7548602734947735,0.702686200174051,0.7548602734947735,0.7666478743887839,0.7548602734947735,0.704294238408043,0.7548602734947735,0.485930743022758,0.7548602734947735,0.5819441527241611,0.7548602734947735,0.6797131222883177,0.7548602734947735,0.5855003239138175,0.7548602734947735,0.39021338851406867,0.7548602734947735,0.4228123519674375,0.7548602734947735,0.5634500153027688,0.7548602734947735,0.37743013674738674,0.7548602734947735,0.6854750660943875,0.7548602734947735,0.6797131222883177,0.7548602734947735,0.704294238408043,0.7548602734947735,0.7666478743887839,0.7548602734947735,0.5819441527241611,0.7548602734947735,0.485930743022758,0.7548602734947735,0.6854750660943875,0.7548602734947735,0.37743013674738674,0.7548602734947735,0.4228123519674375,0.7548602734947735,0.5634500153027688,0.7548602734947735,0.9099996760648457,0.7548602734947735,0.7026397733967582,0.7548602734947735,0.7939757070525417,0.7548602734947735,0.5489037515001385,0.7548602734947735,0.39021338851406867,0.7548602734947735,0.5855003239138175,0.7548602734947735,0.8670750004221905,0.7548602734947735,0.37961177204950186,0.7548602734947735,0.702686200174051,0.7548602734947735,0.4806031110174238
alejandro_garnacho_ferreyra,MID,Aston Villa,,36.791685188591636,1.0511910053883324,20.757021046032417,0.5930577441723548,35,1.0511910053883322,0.5930711800440822,1.0511910053883322,0.5880859617897061,1.0511910053883322,0.5255955026941661,1.0511910053883322,0.6093534772180771,1.0511910053883322,0.5255955026941661,1.0511910053883322,0.6800880219818898,1.0511910053883322,0.5255955026941661,1.0511910053883322,0.5255955026941661,1.0511910053883322,0.7501909538695065,1.0511910053883322,0.5255955026941661,1.0511910053883322,0.7873292675669644,1.0511910053883322,0.6079622068711871,1.0511910053883322,0.6869456422258055,1.0511910053883322,0.5255955026941661,1.0511910053883322,0.607922038548579,1.0511910053883322,0.5255955026941661,1.0511910053883322,0.5255955026941661,1.0511910053883322,0.5255955026941661,1.0511910053883322,0.6800880219818898,1.0511910053883322,0.7501909538695065,1.0511910053883322,0.5255955026941661,1.0511910053883322,0.5255955026941661,1.0511910053883322,0.5255955026941661,1.0511910053883322,0.6869456422258055,1.0511910053883322,0.607922038548579,1.0511910053883322,0.5255955026941661,1.0511910053883322,0.5930711800440822,1.0511910053883322,0.5255955026941661,1.0511910053883322,0.5255955026941661,1.0511910053883322,0.6079622068711871,1.0511910053883322,0.7873292675669644,1.0511910053883322,0.5255955026941661,1.0511910053883322,0.6093534772180771,1.0511910053883322,0.5255955026941661,1.0511910053883322,0.5880859617897061
facundo_buonanotte,MID,Brighton,,15.814284598388024,0.4518367028110864,20.69070971293239,0.5911631346552111,35,0.4518367028110868,0.6722222590393632,0.4518367028110868,0.31744436525355196,0.4518367028110868,0.5251068254040123,0.4518367028110868,0.8705479598402238,0.4518367028110868,0.6721778450276692,0.4518367028110868,0.46486392038227686,0.4518367028110868,0.3732962529637829,0.4518367028110868,0.36315425420599484,0.4518367028110868,0.6737605831077852,0.4518367028110868,0.5567148079499596,0.4518367028110868,0.655757288717198,0.4518367028110868,0.5601168064950419,0.4518367028110868,0.8294842212583499,0.4518367028110868,0.7519715885549145,0.4518367028110868,0.6502451456285552,0.4518367028110868,0.45976726013611136,0.4518367028110868,0.5567148079499596,0.4518367028110868,0.3732962529637829,0.4518367028110868,0.46486392038227686,0.4518367028110868,0.6737605831077852,0.4518367028110868,0.36315425420599484,0.4518367028110868,0.45976726013611136,0.4518367028110868,0.6502451456285552,0.4518367028110868,0.8294842212583499,0.4518367028110868,0.7519715885549145,0.4518367028110868,0.40448193563342594,0.4518367028110868,0.6722222590393632,0.4518367028110868,0.7334109676292252,0.4518367028110868,0.7595540417401595,0.4518367028110868,0.5601168064950419,0.4518367028110868,0.655757288717198,0.4518367028110868,0.5251068254040123,0.4518367028110868,0.8705479598402238,0.4518367028110868,0.6721778450276692,0.4518367028110868,0.31744436525355196
tom_watson,MID,Brighton,,15.814284598388024,0.4518367028110864,20.69070971293239,0.5911631346552111,35,0.4518367028110868,0.6722222590393632,0.4518367028110868,0.31744436525355196,0.4518367028110868,0.5251068254040123,0.4518367028110868,0.8705479598402238,0.4518367028110868,0.6721778450276692,0.4518367028110868,0.46486392038227686,0.4518367028110868,0.3732962529637829,0.4518367028110868,0.36315425420599484,0.4518367028110868,0.6737605831077852,0.4518367028110868,0.5567148079499596,0.4518367028110868,0.655757288717198,0.4518367028110868,0.5601168064950419,0.4518367028110868,0.8294842212583499,0.4518367028110868,0.7519715885549145,0.4518367028110868,0.6502451456285552,0.4518367028110868,0.45976726013611136,0.4518367028110868,0.5567148079499596,0.4518367028110868,0.3732962529637829,0.4518367028110868,0.46486392038227686,0.4518367028110868,0.6737605831077852,0.4518367028110868,0.36315425420599484,0.4518367028110868,0.45976726013611136,0.4518367028110868,0.6502451456285552,0.4518367028110868,0.8294842212583499,0.4518367028110868,0.7519715885549145,0.4518367028110868,0.40448193563342594,0.4518367028110868,0.6722222590393632,0.4518367028110868,0.7334109676292252,0.4518367028110868,0.7595540417401595,0.4518367028110868,0.5601168064950419,0.4518367028110868,0.655757288717198,0.4518367028110868,0.5251068254040123,0.4518367028110868,0.8705479598402238,0.4518367028110868,0.6721778450276692,0.4518367028110868,0.31744436525355196
taylor_harwood_bellis,DEF,Aston Villa,,23.926451562347907,0.6836129017813688,20.62693503699011,0.5893410010568603,35,0.6836129017813686,0.8598872538573471,0.6836129017813686,1.2268274525012468,0.6836129017813686,0.416803197236175,0.6836129017813686,0.3418064508906843,0.6836129017813686,0.3418064508906843,0.6836129017813686,0.7726202848691837,0.6836129017813686,0.8709444153017502,0.6836129017813686,0.44021006412143443,0.6836129017813686,0.5061796827404281,0.6836129017813686,0.39760141096206253,0.6836129017813686,0.525430151321243,0.6836129017813686,0.991424890829158,0.6836129017813686,0.3418064508906843,0.6836129017813686,0.6025160213456769,0.6836129017813686,0.37084932562740286,0.6836129017813686,0.654202979573502,0.6836129017813686,0.39760141096206253,0.6836129017813686,0.8709444153017502,0.6836129017813686,0.7726202848691837,0.6836129017813686,0.5061796827404281,0.6836129017813686,0.44021006412143443,0.6836129017813686,0.654202979573502,0.6836129017813686,0.6025160213456769,0.6836129017813686,0.3418064508906843,0.6836129017813686,0.37084932562740286,0.6836129017813686,0.5847880816447647,0.6836129017813686,0.8598872538573471,0.6836129017813686,0.3785075385373353,0.6836129017813686,0.3418064508906843,0.6836129017813686,0.991424890829158,0.6836129017813686,0.525430151321243,0.6836129017813686,0.416803197236175,0.6836129017813686,0.3418064508906843,0.6836129017813686,0.3418064508906843,0.6836129017813686,1.2268274525012468
juan_angulo,FWD,Sunderland,,16.228019664528695,0.46365770470081985,20.6235663914082,0.5892447540402342,35,0.4636577047008197,0.3457128491271392,0.4636577047008197,0.4944349051104539,0.4636577047008197,0.7311885650532428,0.4636577047008197,0.2906483624070079,0.4636577047008197,0.34086024804596504,0.4636577047008197,0.7075858081113271,0.4636577047008197,0.9273154094016394,0.4636577047008197,0.38276732292229115,0.4636577047008197,0.6550137726491231,0.4636577047008197,0.4235861819331587,0.4636577047008197,0.33338177497552907,0.4636577047008197,0.5321800565219321,0.4636577047008197,0.9273154094016394,0.4636577047008197,0.9273154094016394,0.4636577047008197,0.5749134690904532,0.4636577047008197,0.4050869534256709,0.4636577047008197,0.4235861819331587,0.4636577047008197,0.9273154094016394,0.4636577047008197,0.7075858081113271,0.4636577047008197,0.6550137726491231,0.4636577047008197,0.38276732292229115,0.4636577047008197,0.4050869534256709,0.4636577047008197,0.9273154094016394,0.4636577047008197,0.9273154094016394,0.4636577047008197,0.5749134690904532,0.4636577047008197,0.770322577448496,0.4636577047008197,0.3457128491271392,0.4636577047008197,0.9273154094016394,0.4636577047008197,0.9273154094016394,0.4636577047008197,0.5321800565219321,0.4636577047008197,0.33338177497552907,0.4636577047008197,0.7311885650532428,0.4636577047008197,0.2906483624070079,0.4636577047008197,0.34086024804596504,0.4636577047008197,0.4944349051104539
josh_dasilva,MID,Brentford,,16.669179171477065,0.47626226204220184,20.41494197148383,0.5832840563281094,35,0.4762622620422021,0.5325876404068571,0.4762622620422021,0.7266361323161429,0.4762622620422021,0.7016260590166816,0.4762622620422021,0.6430466862114268,0.4762622620422021,0.3474157047546462,0.4762622620422021,0.6273377716744384,0.4762622620422021,0.5156620488968963,0.4762622620422021,0.5358422015428631,0.4762622620422021,0.43984165090544347,0.4762622620422021,0.3036868124155202,0.4762622620422021,0.4447174296986397,0.4762622620422021,0.7193822910445308,0.4762622620422021,0.644560830846047,0.4762622620422021,0.7935356449049452,0.4762622620422021,0.643089175387844,0.4762622620422021,0.8328197439181154,0.4762622620422021,0.3036868124155202,0.4762622620422021,0.5156620488968963,0.4762622620422021,0.5358422015428631,0.4762622620422021,0.43984165090544347,0.4762622620422021,0.6273377716744384,0.4762622620422021,0.8328197439181154,0.4762622620422021,0.643089175387844,0.4762622620422021,0.644560830846047,0.4762622620422021,0.7935356449049452,0.4762622620422021,0.5023494994381328,0.4762622620422021,0.5325876404068571,0.4762622620422021,0.622064516429126,0.4762622620422021,0.3869523077344977,0.4762622620422021,0.7193822910445308,0.4762622620422021,0.4447174296986397,0.4762622620422021,0.7016260590166816,0.4762622620422021,0.6430466862114268,0.4762622620422021,0.3474157047546462,0.4762622620422021,0.7266361323161429
joelinton_cassio_apolinario_de_lira,MID,Newcastle,,18.924975534805494,0.5407135867087284,20.38746905538569,0.5824991158681626,35,0.5407135867087283,0.4034514423669438,0.5407135867087283,0.3622290509257357,0.5407135867087283,0.6705096472995221,0.5407135867087283,0.731542466227494,0.5407135867087283,0.8683300763410258,0.5407135867087283,0.5586898043308224,0.5407135867087283,0.75005580050525,0.5407135867087283,0.3166356164515463,0.5407135867087283,0.5376491966655834,0.5407135867087283,0.4585959171811355,0.5407135867087283,0.5237690177046025,0.5407135867087283,0.8273709553016854,0.5407135867087283,0.37234521104770885,0.5407135867087283,0.4636795927335421,0.5407135867087283,0.6540866245640228,0.5407135867087283,0.7576189359750114,0.5407135867087283,0.4585959171811355,0.5407135867087283,0.75005580050525,0.5407135867087283,0.3166356164515463,0.5407135867087283,0.5376491966655834,0.5407135867087283,0.5586898043308224,0.5407135867087283,0.7576189359750114,0.5407135867087283,0.4636795927335421,0.5407135867087283,0.37234521104770885,0.5407135867087283,0.6540866245640228,0.5407135867087283,0.5552964730123441,0.5407135867087283,0.4034514423669438,0.5407135867087283,0.670465346440817,0.5407135867087283,0.6485885246892701,0.5407135867087283,0.8273709553016854,0.5407135867087283,0.5237690177046025,0.5407135867087283,0.6705096472995221,0.5407135867087283,0.731542466227494,0.5407135867087283,0.8683300763410258,0.5407135867087283,0.3622290509257357
james_maddison,MID,Spurs,,31.854701367441237,0.9101343247840353,20.31173999174256,0.5803354283355017,35,0.9101343247840353,0.5269240947952281,0.9101343247840353,0.6899487852349286,0.9101343247840353,0.45506716239201767,0.9101343247840353,0.6323861402445798,0.9101343247840353,0.7145426119177395,0.9101343247840353,0.818958992830548,0.9101343247840353,0.45506716239201767,0.9101343247840353,0.7803287053079161,0.9101343247840353,0.49398881704374337,0.9101343247840353,0.7074094974769077,0.9101343247840353,0.45506716239201767,0.9101343247840353,0.45506716239201767,0.9101343247840353,0.6323443582222646,0.9101343247840353,0.523723699836399,0.9101343247840353,0.5070798036304252,0.9101343247840353,0.45506716239201767,0.9101343247840353,0.7074094974769077,0.9101343247840353,0.45506716239201767,0.9101343247840353,0.818958992830548,0.9101343247840353,0.49398881704374337,0.9101343247840353,0.7803287053079161,0.9101343247840353,0.45506716239201767,0.9101343247840353,0.5070798036304252,0.9101343247840353,0.6323443582222646,0.9101343247840353,0.523723699836399,0.9101343247840353,0.6168968896414307,0.9101343247840353,0.5269240947952281,0.9101343247840353,0.45506716239201767,0.9101343247840353,0.6338333027075796,0.9101343247840353,0.45506716239201767,0.9101343247840353,0.45506716239201767,0.9101343247840353,0.7145426119177395,0.9101343247840353,0.6323861402445798,0.9101343247840353,0.45506716239201767,0.9101343247840353,0.6899487852349286
shumaira_mheuka,FWD,Chelsea,,13.673159458979677,0.3906616988279908,20.189864643693692,0.5768532755341055,35,0.39066169882799096,0.4205799616440292,0.39066169882799096,0.7813233976559819,0.39066169882799096,0.3017645374142349,0.39066169882799096,0.7813233976559819,0.39066169882799096,0.6800655144467093,0.39066169882799096,0.5969016842776836,0.39066169882799096,0.6828711576270065,0.39066169882799096,0.3538968333509933,0.39066169882799096,0.5525338840634393,0.39066169882799096,0.7813233976559819,0.39066169882799096,0.4397867140470068,0.39066169882799096,0.5133451266901401,0.39066169882799096,0.397406691654373,0.39066169882799096,0.734648226803303,0.39066169882799096,0.7813233976559819,0.39066169882799096,0.3461323376284793,0.39066169882799096,0.7813233976559819,0.39066169882799096,0.6828711576270065,0.39066169882799096,0.3538968333509933,0.39066169882799096,0.5525338840634393,0.39066169882799096,0.5969016842776836,0.39066169882799096,0.3461323376284793,0.39066169882799096,0.7813233976559819,0.39066169882799096,0.397406691654373,0.39066169882799096,0.734648226803303,0.39066169882799096,0.35893502764319357,0.39066169882799096,0.4205799616440292,0.39066169882799096,0.7813233976559819,0.39066169882799096,0.7591536978518683,0.39066169882799096,0.5133451266901401,0.39066169882799096,0.4397867140470068,0.39066169882799096,0.6800655144467093,0.39066169882799096,0.7813233976559819,0.39066169882799096,0.3017645374142349,0.39066169882799096,0.7813233976559819
abdoul_ouattara,DEF,Ipswich Town,,26.527019246745116,0.757914835621289,20.181935045071242,0.576626715573464,35,0.757914835621289,0.47117521856767597,0.757914835621289,0.3789574178106445,0.757914835621289,0.6928409621671813,0.757914835621289,0.3789574178106445,0.757914835621289,0.7710969074785445,0.757914835621289,0.5244039602445327,0.757914835621289,0.5866512058987495,0.757914835621289,1.1001475488674144,0.757914835621289,1.0852339625445608,0.757914835621289,0.8890522145621236,0.757914835621289,0.5403013461146196,0.757914835621289,0.3789574178106445,0.757914835621289,0.3789574178106445,0.757914835621289,0.3789574178106445,0.757914835621289,0.3789574178106445,0.757914835621289,0.3789574178106445,0.757914835621289,0.8890522145621236,0.757914835621289,0.5866512058987495,0.757914835621289,0.5244039602445327,0.757914835621289,1.0852339625445608,0.757914835621289,1.1001475488674144,0.757914835621289,0.3789574178106445,0.757914835621289,0.3789574178106445,0.757914835621289,0.3789574178106445,0.757914835621289,0.3789574178106445,0.757914835621289,0.3789574178106445,0.757914835621289,0.47117521856767597,0.757914835621289,0.39475479786711987,0.757914835621289,0.7810123271536507,0.757914835621289,0.3789574178106445,0.757914835621289,0.5403013461146196,0.757914835621289,0.6928409621671813,0.757914835621289,0.3789574178106445,0.757914835621289,0.7710969074785445,0.757914835621289,0.3789574178106445
fabio_freitas_gouveia_carvalho,MID,Brentford,,16.441207285320004,0.46974877958057154,20.135742091324754,0.575306916894993,35,0.46974877958057126,0.5253038379065363,0.46974877958057126,0.7166984738429861,0.46974877958057126,0.6920304445952656,0.46974877958057126,0.6342522180234836,0.46974877958057126,0.34266436021159696,0.46974877958057126,0.6187581425520328,0.46974877958057126,0.5086097250423538,0.46974877958057126,0.5285138888460199,0.46974877958057126,0.4338262658804307,0.46974877958057126,0.29953351520063026,0.46974877958057126,0.43863536229673633,0.46974877958057126,0.7095438379287322,0.46974877958057126,0.635745654835318,0.46974877958057126,0.7826830518743655,0.46974877958057126,0.6342941261072395,0.46974877958057126,0.821429891670637,0.46974877958057126,0.29953351520063026,0.46974877958057126,0.5086097250423538,0.46974877958057126,0.5285138888460199,0.46974877958057126,0.4338262658804307,0.46974877958057126,0.6187581425520328,0.46974877958057126,0.821429891670637,0.46974877958057126,0.6342941261072395,0.46974877958057126,0.635745654835318,0.46974877958057126,0.7826830518743655,0.46974877958057126,0.49547924135770277,0.46974877958057126,0.5253038379065363,0.46974877958057126,0.6135570056715238,0.46974877958057126,0.381660250666804,0.46974877958057126,0.7095438379287322,0.46974877958057126,0.43863536229673633,0.46974877958057126,0.6920304445952656,0.46974877958057126,0.6342522180234836,0.46974877958057126,0.34266436021159696,0.46974877958057126,0.7166984738429861
conor_bradley,DEF,Liverpool,,21.09325297218398,0.6026643706338279,19.963310977139567,0.570380313632559,35,0.6026643706338275,0.7070323337416886,0.6026643706338275,0.5986675064672097,0.6026643706338275,0.30133218531691375,0.6026643706338275,0.38142065775918144,0.6026643706338275,0.3463759281911502,0.6026643706338275,0.30133218531691375,0.6026643706338275,0.480826239463551,0.6026643706338275,0.7970097013623565,0.6026643706338275,0.3638489164688352,0.6026643706338275,0.40284050919664155,0.6026643706338275,0.30133218531691375,0.6026643706338275,0.551368268516169,0.6026643706338275,1.1226817284342883,0.6026643706338275,0.5351452585530146,0.6026643706338275,1.1074626690569056,0.6026643706338275,0.9072625557730771,0.6026643706338275,0.40284050919664155,0.6026643706338275,0.480826239463551,0.6026643706338275,0.7970097013623565,0.6026643706338275,0.3638489164688352,0.6026643706338275,0.30133218531691375,0.6026643706338275,0.9072625557730771,0.6026643706338275,0.5351452585530146,0.6026643706338275,1.1226817284342883,0.6026643706338275,1.1074626690569056,0.6026643706338275,0.46320994852107444,0.6026643706338275,0.7070323337416886,0.6026643706338275,0.30133218531691375,0.6026643706338275,0.7868911854319618,0.6026643706338275,0.551368268516169,0.6026643706338275,0.30133218531691375,0.6026643706338275,0.30133218531691375,0.6026643706338275,0.38142065775918144,0.6026643706338275,0.3463759281911502,0.6026643706338275,0.5986675064672097
joe_gomez,DEF,Liverpool,,21.09325297218398,0.6026643706338279,19.963310977139567,0.570380313632559,35,0.6026643706338275,0.7070323337416886,0.6026643706338275,0.5986675064672097,0.6026643706338275,0.30133218531691375,0.6026643706338275,0.38142065775918144,0.6026643706338275,0.3463759281911502,0.6026643706338275,0.30133218531691375,0.6026643706338275,0.480826239463551,0.6026643706338275,0.7970097013623565,0.6026643706338275,0.3638489164688352,0.6026643706338275,0.40284050919664155,0.6026643706338275,0.30133218531691375,0.6026643706338275,0.551368268516169,0.6026643706338275,1.1226817284342883,0.6026643706338275,0.5351452585530146,0.6026643706338275,1.1074626690569056,0.6026643706338275,0.9072625557730771,0.6026643706338275,0.40284050919664155,0.6026643706338275,0.480826239463551,0.6026643706338275,0.7970097013623565,0.6026643706338275,0.3638489164688352,0.6026643706338275,0.30133218531691375,0.6026643706338275,0.9072625557730771,0.6026643706338275,0.5351452585530146,0.6026643706338275,1.1226817284342883,0.6026643706338275,1.1074626690569056,0.6026643706338275,0.46320994852107444,0.6026643706338275,0.7070323337416886,0.6026643706338275,0.30133218531691375,0.6026643706338275,0.7868911854319618,0.6026643706338275,0.551368268516169,0.6026643706338275,0.30133218531691375,0.6026643706338275,0.30133218531691375,0.6026643706338275,0.38142065775918144,0.6026643706338275,0.3463759281911502,0.6026643706338275,0.5986675064672097
carlos_alcaraz_duran,MID,Everton,,21.5951285215722,0.61700367204492,19.812583354086268,0.5660738101167505,35,0.6170036720449203,0.6233420813513865,0.6170036720449203,0.7951653686357144,0.6170036720449203,0.3481292097145253,0.6170036720449203,0.7281284611813597,0.6170036720449203,0.3085018360224602,0.6170036720449203,0.6458845975712078,0.6170036720449203,0.6444099197007929,0.6170036720449203,0.35785159619790574,0.6170036720449203,0.6443673432622348,0.6170036720449203,0.7030670234470098,0.6170036720449203,0.7208597223341496,0.6170036720449203,0.5167210897648651,0.6170036720449203,0.6286261665439948,0.6170036720449203,0.5033811996593276,0.6170036720449203,0.4456307680638664,0.6170036720449203,0.3877470109877666,0.6170036720449203,0.7030670234470098,0.6170036720449203,0.6444099197007929,0.6170036720449203,0.35785159619790574,0.6170036720449203,0.6443673432622348,0.6170036720449203,0.6458845975712078,0.6170036720449203,0.3877470109877666,0.6170036720449203,0.5033811996593276,0.6170036720449203,0.6286261665439948,0.6170036720449203,0.4456307680638664,0.6170036720449203,0.4407449756405878,0.6170036720449203,0.6233420813513865,0.6170036720449203,0.8345301473622848,0.6170036720449203,0.5336814422062576,0.6170036720449203,0.5167210897648651,0.6170036720449203,0.7208597223341496,0.6170036720449203,0.3481292097145253,0.6170036720449203,0.7281284611813597,0.6170036720449203,0.3085018360224602,0.6170036720449203,0.7951653686357144
kaden_braithwaite,DEF,Man City,,14.705747999742906,0.42016422856408303,19.79546427305261,0.5655846935157888,35,0.4201642285640832,0.8403284571281664,0.4201642285640832,0.4634157421670197,0.4201642285640832,0.3903986516318123,0.4201642285640832,0.5328629499081924,0.4201642285640832,0.8403284571281664,0.4201642285640832,0.3984605673138455,0.4201642285640832,0.8403284571281664,0.4201642285640832,0.813348971111161,0.4201642285640832,0.30699739317542335,0.4201642285640832,0.6342776595911802,0.4201642285640832,0.4387749820538095,0.4201642285640832,0.2725501316837497,0.4201642285640832,0.6156151913670912,0.4201642285640832,0.2100821142820416,0.4201642285640832,0.4185609734192962,0.4201642285640832,0.8403284571281664,0.4201642285640832,0.6342776595911802,0.4201642285640832,0.8403284571281664,0.4201642285640832,0.3984605673138455,0.4201642285640832,0.30699739317542335,0.4201642285640832,0.813348971111161,0.4201642285640832,0.8403284571281664,0.4201642285640832,0.2100821142820416,0.4201642285640832,0.6156151913670912,0.4201642285640832,0.4185609734192962,0.4201642285640832,0.8403284571281664,0.4201642285640832,0.8403284571281664,0.4201642285640832,0.6886892963521603,0.4201642285640832,0.5531282071377052,0.4201642285640832,0.2725501316837497,0.4201642285640832,0.4387749820538095,0.4201642285640832,0.3903986516318123,0.4201642285640832,0.5328629499081924,0.4201642285640832,0.8403284571281664,0.4201642285640832,0.4634157421670197
jack_fletcher,MID,Man Utd,,16.669179171477065,0.47626226204220184,19.765160400598067,0.5647188685885162,35,0.4762622620422021,0.4376559286123648,0.4762622620422021,0.7079594897545065,0.4762622620422021,0.6121869875419085,0.4762622620422021,0.38080803733057983,0.4762622620422021,0.5241308812377412,0.4762622620422021,0.7150981500041967,0.4762622620422021,0.6904852022680209,0.4762622620422021,0.6328359893284992,0.4762622620422021,0.351447619561506,0.4762622620422021,0.6343260914289884,0.4762622620422021,0.6328778038352376,0.4762622620422021,0.8195957119067454,0.4762622620422021,0.2988646835477293,0.4762622620422021,0.6173765107471518,0.4762622620422021,0.4943728803558182,0.4762622620422021,0.5074740448402445,0.4762622620422021,0.6343260914289884,0.4762622620422021,0.6904852022680209,0.4762622620422021,0.6328359893284992,0.4762622620422021,0.351447619561506,0.4762622620422021,0.7150981500041967,0.4762622620422021,0.5074740448402445,0.4762622620422021,0.6173765107471518,0.4762622620422021,0.2988646835477293,0.4762622620422021,0.4943728803558182,0.4762622620422021,0.5273337644194721,0.4762622620422021,0.4376559286123648,0.4762622620422021,0.34189922122447214,0.4762622620422021,0.7809353903516406,0.4762622620422021,0.8195957119067454,0.4762622620422021,0.6328778038352376,0.4762622620422021,0.5241308812377412,0.4762622620422021,0.38080803733057983,0.4762622620422021,0.6121869875419085,0.4762622620422021,0.7079594897545065
toby_collyer,MID,Man Utd,,16.669179171477065,0.47626226204220184,19.765160400598067,0.5647188685885162,35,0.4762622620422021,0.4376559286123648,0.4762622620422021,0.7079594897545065,0.4762622620422021,0.6121869875419085,0.4762622620422021,0.38080803733057983,0.4762622620422021,0.5241308812377412,0.4762622620422021,0.7150981500041967,0.4762622620422021,0.6904852022680209,0.4762622620422021,0.6328359893284992,0.4762622620422021,0.351447619561506,0.4762622620422021,0.6343260914289884,0.4762622620422021,0.6328778038352376,0.4762622620422021,0.8195957119067454,0.4762622620422021,0.2988646835477293,0.4762622620422021,0.6173765107471518,0.4762622620422021,0.4943728803558182,0.4762622620422021,0.5074740448402445,0.4762622620422021,0.6343260914289884,0.4762622620422021,0.6904852022680209,0.4762622620422021,0.6328359893284992,0.4762622620422021,0.351447619561506,0.4762622620422021,0.7150981500041967,0.4762622620422021,0.5074740448402445,0.4762622620422021,0.6173765107471518,0.4762622620422021,0.2988646835477293,0.4762622620422021,0.4943728803558182,0.4762622620422021,0.5273337644194721,0.4762622620422021,0.4376559286123648,0.4762622620422021,0.34189922122447214,0.4762622620422021,0.7809353903516406,0.4762622620422021,0.8195957119067454,0.4762622620422021,0.6328778038352376,0.4762622620422021,0.5241308812377412,0.4762622620422021,0.38080803733057983,0.4762622620422021,0.6121869875419085,0.4762622620422021,0.7079594897545065
ismaila_sarr,MID,Crystal Palace,14971.0,26.711706829659537,0.7631916237045582,19.70616403640588,0.5630332581830252,35,0.7631916237045586,0.8008034775484405,0.7631916237045586,0.3904963257400978,0.7631916237045586,0.6330834315761044,0.7631916237045586,0.5203848934169222,0.7631916237045586,0.6504642332668701,0.7631916237045586,0.6277618796514236,0.7631916237045586,0.6489362208874636,0.7631916237045586,0.648979099213663,0.7631916237045586,0.3815958118522793,0.7631916237045586,0.7332912458404044,0.7631916237045586,0.7080521103326992,0.7631916237045586,0.44387007171923365,0.7631916237045586,0.5069504170073711,0.7631916237045586,0.3815958118522793,0.7631916237045586,0.5374655029998282,0.7631916237045586,0.3815958118522793,0.7631916237045586,0.7332912458404044,0.7631916237045586,0.6489362208874636,0.7631916237045586,0.6277618796514236,0.7631916237045586,0.3815958118522793,0.7631916237045586,0.648979099213663,0.7631916237045586,0.3815958118522793,0.7631916237045586,0.5374655029998282,0.7631916237045586,0.5069504170073711,0.7631916237045586,0.3815958118522793,0.7631916237045586,0.7259709681021721,0.7631916237045586,0.8008034775484405,0.7631916237045586,0.540749872003718,0.7631916237045586,0.44879050678528054,0.7631916237045586,0.44387007171923365,0.7631916237045586,0.7080521103326992,0.7631916237045586,0.6330834315761044,0.7631916237045586,0.5203848934169222,0.7631916237045586,0.6504642332668701,0.7631916237045586,0.3904963257400978
marco_palestra,DEF,Chelsea,,27.335920450178595,0.7810262985765313,19.49891327568291,0.5571118078766546,35,0.7810262985765313,0.48734249469413643,0.7810262985765313,0.39051314928826564,0.7810262985765313,0.5451905093636272,0.7810262985765313,0.39051314928826564,0.7810262985765313,1.0223962663185757,0.7810262985765313,0.7258154490756469,0.7810262985765313,0.39051314928826564,0.7810262985765313,0.502116356595238,0.7810262985765313,0.7166007868557958,0.7810262985765313,0.43787561472219105,0.7810262985765313,0.39051314928826564,0.7810262985765313,0.39051314928826564,0.7810262985765313,1.008536675403155,0.7810262985765313,0.826219779034495,0.7810262985765313,0.4218329290439553,0.7810262985765313,0.39051314928826564,0.7810262985765313,0.43787561472219105,0.7810262985765313,0.39051314928826564,0.7810262985765313,0.502116356595238,0.7810262985765313,0.7166007868557958,0.7810262985765313,0.7258154490756469,0.7810262985765313,0.39051314928826564,0.7810262985765313,0.4218329290439553,0.7810262985765313,1.008536675403155,0.7810262985765313,0.826219779034495,0.7810262985765313,0.39051314928826564,0.7810262985765313,0.48734249469413643,0.7810262985765313,0.6438754634335547,0.7810262985765313,0.39051314928826564,0.7810262985765313,0.39051314928826564,0.7810262985765313,0.39051314928826564,0.7810262985765313,1.0223962663185757,0.7810262985765313,0.39051314928826564,0.7810262985765313,0.5451905093636272,0.7810262985765313,0.39051314928826564
antoni_milambo,MID,Brentford,,15.814284598388024,0.4518367028110864,19.367942420887324,0.5533697834539235,35,0.4518367028110868,0.5052733810306547,0.4518367028110868,0.6893699130418057,0.4518367028110868,0.6656425049363723,0.4518367028110868,0.6100674305066406,0.4518367028110868,0.3295981627182118,0.4518367028110868,0.5951641624654179,0.4518367028110868,0.4892158344423625,0.4518367028110868,0.5083610289297017,0.4518367028110868,0.41728395706164595,0.4518367028110868,0.2881119478596831,0.4518367028110868,0.4219096769415024,0.4518367028110868,0.6824880918602867,0.4518367028110868,0.6115039208058138,0.4518367028110868,0.7528384210402722,0.4518367028110868,0.6101077405855775,0.4518367028110868,0.7901077979900719,0.4518367028110868,0.2881119478596831,0.4518367028110868,0.4892158344423625,0.4518367028110868,0.5083610289297017,0.4518367028110868,0.41728395706164595,0.4518367028110868,0.5951641624654179,0.4518367028110868,0.7901077979900719,0.4518367028110868,0.6101077405855775,0.4518367028110868,0.6115039208058138,0.4518367028110868,0.7528384210402722,0.4518367028110868,0.4765860316365206,0.4518367028110868,0.5052733810306547,0.4518367028110868,0.5901613510881182,0.4518367028110868,0.36710709373064654,0.4518367028110868,0.6824880918602867,0.4518367028110868,0.4219096769415024,0.4518367028110868,0.6656425049363723,0.4518367028110868,0.6100674305066406,0.4518367028110868,0.3295981627182118,0.4518367028110868,0.6893699130418057
jenson_seelt,DEF,Sunderland,,17.198413226332864,0.49138323503808184,19.357063144351763,0.553058946981479,35,0.49138323503808157,0.27582240140379105,0.49138323503808157,0.24569161751904078,0.49138323503808157,0.35799766703041885,0.49138323503808157,0.6187542297220616,0.49138323503808157,0.5698679894823976,0.49138323503808157,0.9377033792359114,0.49138323503808157,0.24569161751904078,0.49138323503808157,0.9827664700761631,0.49138323503808157,0.9827664700761631,0.49138323503808157,0.35075442330012885,0.49138323503808157,0.24569161751904078,0.49138323503808157,0.8132932622153289,0.49138323503808157,0.4969591070427012,0.49138323503808157,0.37605691575514283,0.49138323503808157,0.8237512784978357,0.49138323503808157,0.5531006588270887,0.49138323503808157,0.35075442330012885,0.49138323503808157,0.24569161751904078,0.49138323503808157,0.9377033792359114,0.49138323503808157,0.9827664700761631,0.49138323503808157,0.9827664700761631,0.49138323503808157,0.5531006588270887,0.49138323503808157,0.37605691575514283,0.49138323503808157,0.4969591070427012,0.49138323503808157,0.8237512784978357,0.49138323503808157,0.39421823089172614,0.49138323503808157,0.27582240140379105,0.49138323503808157,0.4787517475068637,0.49138323503808157,0.7307549555086665,0.49138323503808157,0.8132932622153289,0.49138323503808157,0.24569161751904078,0.49138323503808157,0.35799766703041885,0.49138323503808157,0.6187542297220616,0.49138323503808157,0.5698679894823976,0.49138323503808157,0.24569161751904078
claudio_echeverri,MID,Man City,,16.24499404378379,0.4641426869652512,19.26408232534784,0.5504023521527954,35,0.46414268696525096,0.4291805590739252,0.46414268696525096,0.4901733125445034,0.46414268696525096,0.6274602137626697,0.46414268696525096,0.7743015492605256,0.46414268696525096,0.6846197117752031,0.46414268696525096,0.5031631860766025,0.46414268696525096,0.6121320593926811,0.46414268696525096,0.7019455597777082,0.46414268696525096,0.2963259065337828,0.46414268696525096,0.3775731730420848,0.46414268696525096,0.34846216431280497,0.46414268696525096,0.7090235789829729,0.46414268696525096,0.3389948771125247,0.46414268696525096,0.6289376578370708,0.46414268696525096,0.5228542025525639,0.46414268696525096,0.6069866198244552,0.46414268696525096,0.3775731730420848,0.46414268696525096,0.6121320593926811,0.46414268696525096,0.5031631860766025,0.46414268696525096,0.2963259065337828,0.46414268696525096,0.7019455597777082,0.46414268696525096,0.6069866198244552,0.46414268696525096,0.6289376578370708,0.46414268696525096,0.3389948771125247,0.46414268696525096,0.5228542025525639,0.46414268696525096,0.6275016730661527,0.46414268696525096,0.4291805590739252,0.46414268696525096,0.519678527022482,0.46414268696525096,0.8126334615350463,0.46414268696525096,0.7090235789829729,0.46414268696525096,0.34846216431280497,0.46414268696525096,0.6274602137626697,0.46414268696525096,0.7743015492605256,0.46414268696525096,0.6846197117752031,0.46414268696525096,0.4901733125445034
jeremy_monga,MID,Man City,,16.24499404378379,0.4641426869652512,19.26408232534784,0.5504023521527954,35,0.46414268696525096,0.4291805590739252,0.46414268696525096,0.4901733125445034,0.46414268696525096,0.6274602137626697,0.46414268696525096,0.7743015492605256,0.46414268696525096,0.6846197117752031,0.46414268696525096,0.5031631860766025,0.46414268696525096,0.6121320593926811,0.46414268696525096,0.7019455597777082,0.46414268696525096,0.2963259065337828,0.46414268696525096,0.3775731730420848,0.46414268696525096,0.34846216431280497,0.46414268696525096,0.7090235789829729,0.46414268696525096,0.3389948771125247,0.46414268696525096,0.6289376578370708,0.46414268696525096,0.5228542025525639,0.46414268696525096,0.6069866198244552,0.46414268696525096,0.3775731730420848,0.46414268696525096,0.6121320593926811,0.46414268696525096,0.5031631860766025,0.46414268696525096,0.2963259065337828,0.46414268696525096,0.7019455597777082,0.46414268696525096,0.6069866198244552,0.46414268696525096,0.6289376578370708,0.46414268696525096,0.3389948771125247,0.46414268696525096,0.5228542025525639,0.46414268696525096,0.6275016730661527,0.46414268696525096,0.4291805590739252,0.46414268696525096,0.519678527022482,0.46414268696525096,0.8126334615350463,0.46414268696525096,0.7090235789829729,0.46414268696525096,0.34846216431280497,0.46414268696525096,0.6274602137626697,0.46414268696525096,0.7743015492605256,0.46414268696525096,0.6846197117752031,0.46414268696525096,0.4901733125445034
dilane_bakwa,MID,Nott'm Forest,,20.489020093284157,0.5854005740938331,19.25005151944019,0.5500014719840055,35,0.5854005740938331,0.6844264140978065,0.5854005740938331,0.6273245022750112,0.5854005740938331,0.8124040200539032,0.5854005740938331,0.29624224094761836,0.5854005740938331,0.7740829305317591,0.5854005740938331,0.3483637784120432,0.5854005740938331,0.4338156369534111,0.5854005740938331,0.5195317993566864,0.5854005740938331,0.7088233910411423,0.5854005740938331,0.3388991642353344,0.5854005740938331,0.503021121403986,0.5854005740938331,0.49003491547353534,0.5854005740938331,0.5227065782565756,0.5854005740938331,0.429059382888335,0.5854005740938331,0.6287600816054839,0.5854005740938331,0.7017473702660272,0.5854005740938331,0.3388991642353344,0.5854005740938331,0.4338156369534111,0.5854005740938331,0.5195317993566864,0.5854005740938331,0.7088233910411423,0.5854005740938331,0.3483637784120432,0.5854005740938331,0.7017473702660272,0.5854005740938331,0.429059382888335,0.5854005740938331,0.5227065782565756,0.5854005740938331,0.6287600816054839,0.5854005740938331,0.6068152413178115,0.5854005740938331,0.6844264140978065,0.5854005740938331,0.37746656784778343,0.5854005740938331,0.6272830546772781,0.5854005740938331,0.49003491547353534,0.5854005740938331,0.503021121403986,0.5854005740938331,0.8124040200539032,0.5854005740938331,0.29624224094761836,0.5854005740938331,0.7740829305317591,0.5854005740938331,0.6273245022750112
jean_matteo_bahoya,MID,Leeds,,21.157375680194523,0.6044964480055578,19.016518815365423,0.5433291090104406,35,0.6044964480055577,0.6006163927209737,0.6044964480055577,0.7760403152675862,0.6044964480055577,0.30224822400277884,0.6044964480055577,0.4098544203942848,0.6044964480055577,0.4681006505494338,0.6044964480055577,0.4962772357250871,0.6044964480055577,0.5796538170136155,0.6044964480055577,0.6770960190671016,0.6044964480055577,0.5992450708063706,0.6044964480055577,0.414397781595168,0.6044964480055577,0.7394345013374818,0.6044964480055577,0.5992054784286645,0.6044964480055577,0.6703367253442616,0.6044964480055577,0.6537910658525345,0.6044964480055577,0.32372982871214784,0.6044964480055577,0.4993099095641597,0.6044964480055577,0.414397781595168,0.6044964480055577,0.5796538170136155,0.6044964480055577,0.6770960190671016,0.6044964480055577,0.5992450708063706,0.6044964480055577,0.4962772357250871,0.6044964480055577,0.4993099095641597,0.6044964480055577,0.6537910658525345,0.6044964480055577,0.6703367253442616,0.6044964480055577,0.32372982871214784,0.6044964480055577,0.4805055858964155,0.6044964480055577,0.6006163927209737,0.6044964480055577,0.5845675557823509,0.6044964480055577,0.33277080092335354,0.6044964480055577,0.5992054784286645,0.6044964480055577,0.7394345013374818,0.6044964480055577,0.30224822400277884,0.6044964480055577,0.4098544203942848,0.6044964480055577,0.4681006505494338,0.6044964480055577,0.7760403152675862
filip_jorgensen,GK,Chelsea,,17.981041510107808,0.5137440431459374,18.98950203924612,0.5425572011213177,35,0.513744043145937,0.6926030803893373,0.513744043145937,0.3729401202096432,0.513744043145937,0.4262172802395922,0.513744043145937,0.3729401202096432,0.513744043145937,1.027488086291874,0.513744043145937,0.6926030803893373,0.513744043145937,0.3729401202096432,0.513744043145937,0.3729401202096432,0.513744043145937,0.7991574004492353,0.513744043145937,0.4262172802395922,0.513744043145937,0.2568720215729685,0.513744043145937,0.26638580014974517,0.513744043145937,0.9589888805390825,0.513744043145937,1.027488086291874,0.513744043145937,0.5860487603294392,0.513744043145937,0.2568720215729685,0.513744043145937,0.4262172802395922,0.513744043145937,0.3729401202096432,0.513744043145937,0.3729401202096432,0.513744043145937,0.7991574004492353,0.513744043145937,0.6926030803893373,0.513744043145937,0.2568720215729685,0.513744043145937,0.5860487603294392,0.513744043145937,0.9589888805390825,0.513744043145937,1.027488086291874,0.513744043145937,0.31966296017969414,0.513744043145937,0.6926030803893373,0.513744043145937,0.5327716002994903,0.513744043145937,0.31966296017969414,0.513744043145937,0.26638580014974517,0.513744043145937,0.2568720215729685,0.513744043145937,1.027488086291874,0.513744043145937,0.3729401202096432,0.513744043145937,0.4262172802395922,0.513744043145937,0.3729401202096432
callum_wilson,FWD,Brentford,,29.037993714652696,0.8296569632757913,18.892986704330223,0.5397996201237206,35,0.829656963275791,0.4148284816378955,0.829656963275791,0.6546142878210892,0.829656963275791,0.4148284816378955,0.829656963275791,0.4148284816378955,0.829656963275791,0.4148284816378955,0.829656963275791,0.4148284816378955,0.829656963275791,0.5011411721814292,0.829656963275791,0.9416618016185195,0.829656963275791,0.4148284816378955,0.829656963275791,0.4148284816378955,0.829656963275791,0.4148284816378955,0.829656963275791,0.7914727041451862,0.829656963275791,0.4148284816378955,0.829656963275791,0.9276499907755265,0.829656963275791,0.48496434195470955,0.829656963275791,0.754259850412576,0.829656963275791,0.4148284816378955,0.829656963275791,0.5011411721814292,0.829656963275791,0.9416618016185195,0.829656963275791,0.4148284816378955,0.829656963275791,0.4148284816378955,0.829656963275791,0.754259850412576,0.829656963275791,0.48496434195470955,0.829656963275791,0.4148284816378955,0.829656963275791,0.9276499907755265,0.829656963275791,0.4507846742371569,0.829656963275791,0.4148284816378955,0.829656963275791,0.4489325811549846,0.829656963275791,0.4148284816378955,0.829656963275791,0.7914727041451862,0.829656963275791,0.4148284816378955,0.829656963275791,0.4148284816378955,0.829656963275791,0.4148284816378955,0.829656963275791,0.4148284816378955,0.829656963275791,0.6546142878210892
gustavo_hamer,MID,Coventry City,,31.035581235535627,0.886730892443875,18.8883733984633,0.5396678113846658,35,0.8867308924438746,0.457423130919738,0.8867308924438746,0.5564861875668285,0.8867308924438746,0.571764072893364,0.8867308924438746,0.5518084942411131,0.8867308924438746,0.6381351906771746,0.8867308924438746,0.445614101988914,0.8867308924438746,0.475324135318846,0.8867308924438746,0.7387610074655073,0.8867308924438746,0.4433654462219373,0.8867308924438746,0.7039136581125627,0.8867308924438746,0.4433654462219373,0.8867308924438746,0.6223843490845251,0.8867308924438746,0.4724371446089688,0.8867308924438746,0.6445697824660287,0.8867308924438746,0.4433654462219373,0.8867308924438746,0.5704209358893613,0.8867308924438746,0.7039136581125627,0.8867308924438746,0.475324135318846,0.8867308924438746,0.445614101988914,0.8867308924438746,0.4433654462219373,0.8867308924438746,0.7387610074655073,0.8867308924438746,0.5704209358893613,0.8867308924438746,0.4433654462219373,0.8867308924438746,0.4724371446089688,0.8867308924438746,0.6445697824660287,0.8867308924438746,0.4433654462219373,0.8867308924438746,0.457423130919738,0.8867308924438746,0.4433654462219373,0.8867308924438746,0.4433654462219373,0.8867308924438746,0.6223843490845251,0.8867308924438746,0.4433654462219373,0.8867308924438746,0.571764072893364,0.8867308924438746,0.5518084942411131,0.8867308924438746,0.6381351906771746,0.8867308924438746,0.5564861875668285
omari_hutchinson,MID,Nott'm Forest,,20.064834965590858,0.5732809990168817,18.851516815257217,0.5386147661502062,35,0.5732809990168819,0.6702567024893972,0.5732809990168819,0.6143369741799084,0.5732809990168819,0.795584782168629,0.5732809990168819,0.29010912417422513,0.5732809990168819,0.7580570559297601,0.5732809990168819,0.34115158704531867,0.5732809990168819,0.4248343318193141,0.5732809990168819,0.5087759085601775,0.5732809990168819,0.6941485876941862,0.5732809990168819,0.331882919212302,0.5732809990168819,0.4926070519344016,0.5732809990168819,0.4798897000240934,0.5732809990168819,0.5118849598661205,0.5732809990168819,0.42017654670144733,0.5732809990168819,0.6157428326453109,0.5732809990168819,0.6872190621034374,0.5732809990168819,0.331882919212302,0.5732809990168819,0.4248343318193141,0.5732809990168819,0.5087759085601775,0.5732809990168819,0.6941485876941862,0.5732809990168819,0.34115158704531867,0.5732809990168819,0.6872190621034374,0.5732809990168819,0.42017654670144733,0.5732809990168819,0.5118849598661205,0.5732809990168819,0.6157428326453109,0.5732809990168819,0.5942523173979408,0.5732809990168819,0.6702567024893972,0.5732809990168819,0.36965186008950746,0.5732809990168819,0.6142963846737021,0.5732809990168819,0.4798897000240934,0.5732809990168819,0.4926070519344016,0.5732809990168819,0.795584782168629,0.5732809990168819,0.29010912417422513,0.5732809990168819,0.7580570559297601,0.5732809990168819,0.6143369741799084
endo_wataru,MID,Liverpool,,16.669179171477065,0.47626226204220184,18.847782878380542,0.538508082239444,35,0.4762622620422021,0.7029265008549823,0.4762622620422021,0.520404757151062,0.4762622620422021,0.43454456777548867,0.4762622620422021,0.3489491263657574,0.4762622620422021,0.5038663366712881,0.4762622620422021,0.29674001023446234,0.4762622620422021,0.8137690845646152,0.4762622620422021,0.4297803218818791,0.4762622620422021,0.5235848705617349,0.4762622620422021,0.4908583103061684,0.4762622620422021,0.7100144113113382,0.4762622620422021,0.37810081657505473,0.4762622620422021,0.60783485954967,0.4762622620422021,0.3394686090071327,0.4762622620422021,0.6855764406671195,0.4762622620422021,0.6283785817645475,0.4762622620422021,0.4908583103061684,0.4762622620422021,0.8137690845646152,0.4762622620422021,0.4297803218818791,0.4762622620422021,0.5235848705617349,0.4762622620422021,0.29674001023446234,0.4762622620422021,0.6283785817645475,0.4762622620422021,0.3394686090071327,0.4762622620422021,0.60783485954967,0.4762622620422021,0.6855764406671195,0.4762622620422021,0.7753836049631175,0.4762622620422021,0.7029265008549823,0.4762622620422021,0.6298165732672251,0.4762622620422021,0.6129874896655998,0.4762622620422021,0.37810081657505473,0.4762622620422021,0.7100144113113382,0.4762622620422021,0.43454456777548867,0.4762622620422021,0.3489491263657574,0.4762622620422021,0.5038663366712881,0.4762622620422021,0.520404757151062
cathal_mccarthy,DEF,Hull City,,11.612757563577444,0.33179307324506985,18.8102068933928,0.5374344826683657,35,0.33179307324507,0.33153946702354875,0.33179307324507,0.17869078754345338,0.33179307324507,0.5091521372123596,0.33179307324507,0.66358614649014,0.33179307324507,0.5337411609185461,0.33179307324507,0.648193040002451,0.33179307324507,0.3734423149319918,0.33179307324507,0.4847013035767678,0.33179307324507,0.66358614649014,0.33179307324507,0.66358614649014,0.33179307324507,0.66358614649014,0.33179307324507,0.66358614649014,0.33179307324507,0.33013758887837874,0.33179307324507,0.4748945087243937,0.33179307324507,0.66358614649014,0.33179307324507,0.5637150392084603,0.33179307324507,0.66358614649014,0.33179307324507,0.3734423149319918,0.33179307324507,0.648193040002451,0.33179307324507,0.66358614649014,0.33179307324507,0.4847013035767678,0.33179307324507,0.5637150392084603,0.33179307324507,0.4748945087243937,0.33179307324507,0.33013758887837874,0.33179307324507,0.66358614649014,0.33179307324507,0.66358614649014,0.33179307324507,0.33153946702354875,0.33179307324507,0.66358614649014,0.33179307324507,0.66358614649014,0.33179307324507,0.66358614649014,0.33179307324507,0.66358614649014,0.33179307324507,0.5091521372123596,0.33179307324507,0.66358614649014,0.33179307324507,0.5337411609185461,0.33179307324507,0.17869078754345338
floyd_samba,MID,Man City,,15.841469255481625,0.452613407299475,18.785563544656373,0.536730386990182,35,0.45261340729947475,0.41851973680603516,0.45261340729947475,0.4779974335233855,0.45261340729947475,0.6118741354148293,0.45261340729947475,0.755067939946464,0.45261340729947475,0.6676137945358986,0.45261340729947475,0.490664639287618,0.45261340729947475,0.5969267315843941,0.45261340729947475,0.684509269395236,0.45261340729947475,0.2889651867711155,0.45261340729947475,0.3681942754992638,0.45261340729947475,0.3398063826789886,0.45261340729947475,0.6914114709797797,0.45261340729947475,0.33057426238938814,0.45261340729947475,0.613314879856978,0.45261340729947475,0.5098665319612868,0.45261340729947475,0.5919091044614603,0.45261340729947475,0.3681942754992638,0.45261340729947475,0.5969267315843941,0.45261340729947475,0.490664639287618,0.45261340729947475,0.2889651867711155,0.45261340729947475,0.684509269395236,0.45261340729947475,0.5919091044614603,0.45261340729947475,0.613314879856978,0.45261340729947475,0.33057426238938814,0.45261340729947475,0.5098665319612868,0.45261340729947475,0.6119145648714182,0.45261340729947475,0.41851973680603516,0.45261340729947475,0.5067697400425216,0.45261340729947475,0.7924476895581913,0.45261340729947475,0.6914114709797797,0.45261340729947475,0.3398063826789886,0.45261340729947475,0.6118741354148293,0.45261340729947475,0.755067939946464,0.45261340729947475,0.6676137945358986,0.45261340729947475,0.4779974335233855
stefanos_tzimas,FWD,Brighton,,18.149781314391497,0.5185651804111856,18.76125944295376,0.5360359840843932,35,0.5185651804111857,0.5543790283963411,0.5185651804111857,0.270858956194724,0.5185651804111857,0.5153071021928757,0.5185651804111857,0.862219769281808,0.5185651804111857,0.33187112190536494,0.5185651804111857,0.38737964944775255,0.5185651804111857,0.6035320057895692,0.5185651804111857,0.3173773542117519,0.5185651804111857,0.2611978114559684,0.5185651804111857,0.25928259020559286,0.5185651804111857,0.41695220464359656,0.5185651804111857,1.0371303608223714,0.5185651804111857,1.0371303608223714,0.5185651804111857,0.9047590322985233,0.5185651804111857,0.5131899123820624,0.5185651804111857,0.45043296057202714,0.5185651804111857,0.25928259020559286,0.5185651804111857,0.6035320057895692,0.5185651804111857,0.38737964944775255,0.5185651804111857,0.2611978114559684,0.5185651804111857,0.3173773542117519,0.5185651804111857,0.45043296057202714,0.5185651804111857,0.5131899123820624,0.5185651804111857,1.0371303608223714,0.5185651804111857,0.9047590322985233,0.5185651804111857,0.2670570423607581,0.5185651804111857,0.5543790283963411,0.5185651804111857,0.29989037958508974,0.5185651804111857,0.748311579762517,0.5185651804111857,1.0371303608223714,0.5185651804111857,0.41695220464359656,0.5185651804111857,0.5153071021928757,0.5185651804111857,0.862219769281808,0.5185651804111857,0.33187112190536494,0.5185651804111857,0.270858956194724
kalvin_phillips,MID,Man City,,15.814284598388024,0.4518367028110864,18.75332669244051,0.5358093340697289,35,0.4518367028110868,0.4178015385538099,0.4518367028110868,0.4771771689309805,0.4518367028110868,0.6108241325213207,0.4518367028110868,0.7537722101944591,0.4518367028110868,0.6664681399389224,0.4518367028110868,0.4898226372137029,0.4518367028110868,0.5959023790924373,0.4518367028110868,0.6833346214212518,0.4518367028110868,0.2884693098175535,0.4518367028110868,0.3675624379492334,0.4518367028110868,0.3392232600000022,0.4518367028110868,0.6902249785246908,0.4518367028110868,0.3300069824343481,0.4518367028110868,0.6122624045827206,0.4518367028110868,0.5089915785960828,0.4518367028110868,0.5908933624380501,0.4518367028110868,0.3675624379492334,0.4518367028110868,0.5959023790924373,0.4518367028110868,0.4898226372137029,0.4518367028110868,0.2884693098175535,0.4518367028110868,0.6833346214212518,0.4518367028110868,0.5908933624380501,0.4518367028110868,0.6122624045827206,0.4518367028110868,0.3300069824343481,0.4518367028110868,0.5089915785960828,0.4518367028110868,0.6108644925991862,0.4518367028110868,0.4178015385538099,0.4518367028110868,0.5059001009082796,0.4518367028110868,0.7910878145139126,0.4518367028110868,0.6902249785246908,0.4518367028110868,0.3392232600000022,0.4518367028110868,0.6108241325213207,0.4518367028110868,0.7537722101944591,0.4518367028110868,0.6664681399389224,0.4518367028110868,0.4771771689309805
carlos_baleba,MID,Man Utd,,15.814284598388024,0.4518367028110864,18.751485510617957,0.5357567288747987,35,0.4518367028110868,0.4152103315975359,0.4518367028110868,0.6716511197062901,0.4518367028110868,0.580790400584536,0.4518367028110868,0.3612779380285305,0.4518367028110868,0.4972503347303744,0.4518367028110868,0.6784236670332139,0.4518367028110868,0.6550730175320577,0.4518367028110868,0.6003803988421905,0.4518367028110868,0.33342329697204715,0.4518367028110868,0.6017940796512681,0.4518367028110868,0.6004200688525192,0.4518367028110868,0.7775619729308607,0.4518367028110868,0.28353712641821494,0.4518367028110868,0.5857137741984021,0.4518367028110868,0.469018500985911,0.4518367028110868,0.4814477598951637,0.4518367028110868,0.6017940796512681,0.4518367028110868,0.6550730175320577,0.4518367028110868,0.6003803988421905,0.4518367028110868,0.33342329697204715,0.4518367028110868,0.6784236670332139,0.4518367028110868,0.4814477598951637,0.4518367028110868,0.5857137741984021,0.4518367028110868,0.28353712641821494,0.4518367028110868,0.469018500985911,0.4518367028110868,0.5002889550277646,0.4518367028110868,0.4152103315975359,0.4518367028110868,0.32436459724800737,0.4518367028110868,0.7408843824239583,0.4518367028110868,0.7775619729308607,0.4518367028110868,0.6004200688525192,0.4518367028110868,0.4972503347303744,0.4518367028110868,0.3612779380285305,0.4518367028110868,0.580790400584536,0.4518367028110868,0.6716511197062901
manuel_ugarte_ribeiro,MID,Man Utd,,15.814284598388024,0.4518367028110864,18.751485510617957,0.5357567288747987,35,0.4518367028110868,0.4152103315975359,0.4518367028110868,0.6716511197062901,0.4518367028110868,0.580790400584536,0.4518367028110868,0.3612779380285305,0.4518367028110868,0.4972503347303744,0.4518367028110868,0.6784236670332139,0.4518367028110868,0.6550730175320577,0.4518367028110868,0.6003803988421905,0.4518367028110868,0.33342329697204715,0.4518367028110868,0.6017940796512681,0.4518367028110868,0.6004200688525192,0.4518367028110868,0.7775619729308607,0.4518367028110868,0.28353712641821494,0.4518367028110868,0.5857137741984021,0.4518367028110868,0.469018500985911,0.4518367028110868,0.4814477598951637,0.4518367028110868,0.6017940796512681,0.4518367028110868,0.6550730175320577,0.4518367028110868,0.6003803988421905,0.4518367028110868,0.33342329697204715,0.4518367028110868,0.6784236670332139,0.4518367028110868,0.4814477598951637,0.4518367028110868,0.5857137741984021,0.4518367028110868,0.28353712641821494,0.4518367028110868,0.469018500985911,0.4518367028110868,0.5002889550277646,0.4518367028110868,0.4152103315975359,0.4518367028110868,0.32436459724800737,0.4518367028110868,0.7408843824239583,0.4518367028110868,0.7775619729308607,0.4518367028110868,0.6004200688525192,0.4518367028110868,0.4972503347303744,0.4518367028110868,0.3612779380285305,0.4518367028110868,0.580790400584536,0.4518367028110868,0.6716511197062901
trevoh_chalobah,DEF,Chelsea,,26.18575399250896,0.7481643997859703,18.678491075099817,0.5336711735742805,35,0.7481643997859699,0.4668374236534215,0.7481643997859699,0.37408219989298497,0.7481643997859699,0.5222514670126396,0.7481643997859699,0.37408219989298497,0.7481643997859699,0.9793786589872437,0.7481643997859699,0.6952765621372416,0.7481643997859699,0.37408219989298497,0.7481643997859699,0.48098967120501324,0.7481643997859699,0.6864496093937679,0.7481643997859699,0.4194518764177561,0.7481643997859699,0.37408219989298497,0.7481643997859699,0.37408219989298497,0.7481643997859699,0.9661022142152644,0.7481643997859699,0.7914563519810447,0.7481643997859699,0.4040841912024341,0.7481643997859699,0.37408219989298497,0.7481643997859699,0.4194518764177561,0.7481643997859699,0.37408219989298497,0.7481643997859699,0.48098967120501324,0.7481643997859699,0.6864496093937679,0.7481643997859699,0.6952765621372416,0.7481643997859699,0.37408219989298497,0.7481643997859699,0.4040841912024341,0.7481643997859699,0.9661022142152644,0.7481643997859699,0.7914563519810447,0.7481643997859699,0.37408219989298497,0.7481643997859699,0.4668374236534215,0.7481643997859699,0.6167842241863709,0.7481643997859699,0.37408219989298497,0.7481643997859699,0.37408219989298497,0.7481643997859699,0.37408219989298497,0.7481643997859699,0.9793786589872437,0.7481643997859699,0.37408219989298497,0.7481643997859699,0.5222514670126396,0.7481643997859699,0.37408219989298497
sean_neave,FWD,Newcastle,,13.673159458979677,0.3906616988279908,18.66928297362072,0.533408084960592,35,0.39066169882799096,0.2791742972519298,0.39066169882799096,0.33177780687786956,0.39066169882799096,0.5795330252129616,0.39066169882799096,0.31349739079408057,0.39066169882799096,0.7813233976559819,0.39066169882799096,0.7813233976559819,0.39066169882799096,0.7813233976559819,0.39066169882799096,0.28314871640009076,0.39066169882799096,0.5988643585680289,0.39066169882799096,0.47087058298553125,0.39066169882799096,0.538688277425346,0.39066169882799096,0.7813233976559819,0.39066169882799096,0.6309162345838552,0.39066169882799096,0.40495633610059967,0.39066169882799096,0.4358706952268834,0.39066169882799096,0.7813233976559819,0.39066169882799096,0.47087058298553125,0.39066169882799096,0.7813233976559819,0.39066169882799096,0.28314871640009076,0.39066169882799096,0.5988643585680289,0.39066169882799096,0.7813233976559819,0.39066169882799096,0.7813233976559819,0.39066169882799096,0.40495633610059967,0.39066169882799096,0.6309162345838552,0.39066169882799096,0.4358706952268834,0.39066169882799096,0.2380493260436128,0.39066169882799096,0.2791742972519298,0.39066169882799096,0.3469292044018905,0.39066169882799096,0.5364750237610435,0.39066169882799096,0.7813233976559819,0.39066169882799096,0.538688277425346,0.39066169882799096,0.5795330252129616,0.39066169882799096,0.31349739079408057,0.39066169882799096,0.7813233976559819,0.39066169882799096,0.33177780687786956
victor_torp,MID,Coventry City,,30.582169933993203,0.8737762838283772,18.612425546814556,0.5317835870518445,35,0.8737762838283772,0.4507404522364579,0.8737762838283772,0.5483562568050954,0.8737762838283772,0.5634109413538478,0.8737762838283772,0.5437469017844672,0.8737762838283772,0.6288124167561997,0.8737762838283772,0.43910394616373155,0.8737762838283772,0.4683799336551545,0.8737762838283772,0.7279681504739913,0.8737762838283772,0.4368881419141886,0.8737762838283772,0.6936299000776768,0.8737762838283772,0.4368881419141886,0.8737762838283772,0.6132916855498424,0.8737762838283772,0.46553512015489273,0.8737762838283772,0.6351530030029717,0.8737762838283772,0.4368881419141886,0.8737762838283772,0.5620874267790986,0.8737762838283772,0.6936299000776768,0.8737762838283772,0.4683799336551545,0.8737762838283772,0.43910394616373155,0.8737762838283772,0.4368881419141886,0.8737762838283772,0.7279681504739913,0.8737762838283772,0.5620874267790986,0.8737762838283772,0.4368881419141886,0.8737762838283772,0.46553512015489273,0.8737762838283772,0.6351530030029717,0.8737762838283772,0.4368881419141886,0.8737762838283772,0.4507404522364579,0.8737762838283772,0.4368881419141886,0.8737762838283772,0.4368881419141886,0.8737762838283772,0.6132916855498424,0.8737762838283772,0.4368881419141886,0.8737762838283772,0.5634109413538478,0.8737762838283772,0.5437469017844672,0.8737762838283772,0.6288124167561997,0.8737762838283772,0.5483562568050954
tosin_adarabioyo,DEF,Spurs,,17.198413226332864,0.49138323503808184,18.603109157259453,0.5315174044931272,35,0.49138323503808157,0.3814956438400355,0.49138323503808157,0.9827664700761631,0.49138323503808157,0.8356647921858794,0.49138323503808157,0.9512649266780271,0.49138323503808157,0.24841467448810428,0.49138323503808157,0.5041463846575508,0.49138323503808157,0.5781097127674368,0.49138323503808157,0.4856757009452108,0.49138323503808157,0.4223783347008643,0.49138323503808157,0.741323508653657,0.49138323503808157,0.27981148650795673,0.49138323503808157,0.5610998843722298,0.49138323503808157,0.35582721375545673,0.49138323503808157,0.6277029708988537,0.49138323503808157,0.36317521299336064,0.49138323503808157,0.24736428037897804,0.49138323503808157,0.741323508653657,0.49138323503808157,0.5781097127674368,0.49138323503808157,0.5041463846575508,0.49138323503808157,0.4223783347008643,0.49138323503808157,0.4856757009452108,0.49138323503808157,0.24736428037897804,0.49138323503808157,0.36317521299336064,0.49138323503808157,0.35582721375545673,0.49138323503808157,0.6277029708988537,0.49138323503808157,0.8250555267054853,0.49138323503808157,0.3814956438400355,0.49138323503808157,0.3999196172353921,0.49138323503808157,0.24569161751904078,0.49138323503808157,0.5610998843722298,0.49138323503808157,0.27981148650795673,0.49138323503808157,0.24841467448810428,0.49138323503808157,0.9512649266780271,0.49138323503808157,0.8356647921858794,0.49138323503808157,0.9827664700761631
tyler_dibling,MID,Everton,,20.064834965590858,0.5732809990168817,18.408606128212632,0.5259601750917895,35,0.5732809990168819,0.5791702502223824,0.5732809990168819,0.7388176401029937,0.5732809990168819,0.32345976235546736,0.5732809990168819,0.6765311626999276,0.5732809990168819,0.28664049950844095,0.5732809990168819,0.600115338241101,0.5732809990168819,0.5987451603295537,0.5732809990168819,0.33249319228230706,0.5732809990168819,0.5987056009811461,0.5732809990168819,0.6532456512644276,0.5732809990168819,0.6697775078081978,0.5732809990168819,0.4801047319081876,0.5732809990168819,0.5840798897842816,0.5732809990168819,0.4677101451772334,0.5732809990168819,0.4140520769699963,0.5732809990168819,0.36027013111308237,0.5732809990168819,0.6532456512644276,0.5732809990168819,0.5987451603295537,0.5732809990168819,0.33249319228230706,0.5732809990168819,0.5987056009811461,0.5732809990168819,0.600115338241101,0.5732809990168819,0.36027013111308237,0.5732809990168819,0.4677101451772334,0.5732809990168819,0.5840798897842816,0.5732809990168819,0.4140520769699963,0.5732809990168819,0.4095125059944732,0.5732809990168819,0.5791702502223824,0.5732809990168819,0.7753929162268023,0.5732809990168819,0.49586322449390435,0.5732809990168819,0.4801047319081876,0.5732809990168819,0.6697775078081978,0.5732809990168819,0.32345976235546736,0.5732809990168819,0.6765311626999276,0.5732809990168819,0.28664049950844095,0.5732809990168819,0.7388176401029937
hakon_rafn_valdimarsson,GK,Brentford,,13.224663530417477,0.3778475294404993,18.287820424920156,0.5225091549977188,35,0.37784752944049904,0.4926012235668728,0.37784752944049904,0.3078757647292955,0.37784752944049904,0.7556950588809981,0.37784752944049904,0.2463006117834364,0.37784752944049904,0.7556950588809981,0.37784752944049904,0.7556950588809981,0.37784752944049904,0.3694509176751546,0.37784752944049904,0.43102607062101367,0.37784752944049904,0.7556950588809981,0.37784752944049904,0.3694509176751546,0.37784752944049904,0.3078757647292955,0.37784752944049904,0.615751529458591,0.37784752944049904,0.2463006117834364,0.37784752944049904,0.67732668240445,0.37784752944049904,0.7556950588809981,0.37784752944049904,0.4926012235668728,0.37784752944049904,0.3694509176751546,0.37784752944049904,0.3694509176751546,0.37784752944049904,0.43102607062101367,0.37784752944049904,0.7556950588809981,0.37784752944049904,0.7556950588809981,0.37784752944049904,0.4926012235668728,0.37784752944049904,0.7556950588809981,0.37784752944049904,0.2463006117834364,0.37784752944049904,0.67732668240445,0.37784752944049904,0.43102607062101367,0.37784752944049904,0.4926012235668728,0.37784752944049904,0.7556950588809981,0.37784752944049904,0.43102607062101367,0.37784752944049904,0.615751529458591,0.37784752944049904,0.3078757647292955,0.37784752944049904,0.7556950588809981,0.37784752944049904,0.2463006117834364,0.37784752944049904,0.7556950588809981,0.37784752944049904,0.3078757647292955
tom_king,GK,Everton,,13.244991879984784,0.3784283394281367,18.19259202139709,0.5197883434684882,35,0.3784283394281367,0.7568566788562734,0.3784283394281367,0.6783678380859931,0.3784283394281367,0.7568566788562734,0.3784283394281367,0.3083490173118151,0.3784283394281367,0.3700188207741781,0.3784283394281367,0.24667921384945204,0.3784283394281367,0.7568566788562734,0.3784283394281367,0.4316886242365411,0.3784283394281367,0.24667921384945204,0.3784283394281367,0.7568566788562734,0.3784283394281367,0.6166980346236302,0.3784283394281367,0.3700188207741781,0.3784283394281367,0.7568566788562734,0.3784283394281367,0.4316886242365411,0.3784283394281367,0.3083490173118151,0.3784283394281367,0.4316886242365411,0.3784283394281367,0.7568566788562734,0.3784283394281367,0.7568566788562734,0.3784283394281367,0.4316886242365411,0.3784283394281367,0.24667921384945204,0.3784283394281367,0.24667921384945204,0.3784283394281367,0.4316886242365411,0.3784283394281367,0.4316886242365411,0.3784283394281367,0.7568566788562734,0.3784283394281367,0.3083490173118151,0.3784283394281367,0.7568566788562734,0.3784283394281367,0.7568566788562734,0.3784283394281367,0.4933584276989041,0.3784283394281367,0.4933584276989041,0.3784283394281367,0.3700188207741781,0.3784283394281367,0.6166980346236302,0.3784283394281367,0.7568566788562734,0.3784283394281367,0.3083490173118151,0.3784283394281367,0.3700188207741781,0.3784283394281367,0.6783678380859931
david_affengruber,DEF,Fulham,,23.926451562347907,0.6836129017813688,18.132529622737426,0.518072274935355,35,0.6836129017813686,0.3418064508906843,0.6836129017813686,0.7088429539008668,0.6836129017813686,0.41196877230565526,0.6836129017813686,0.4759464598615968,0.6836129017813686,0.806899425312582,0.6836129017813686,0.9849530166663943,0.6836129017813686,0.3418064508906843,0.6836129017813686,0.3418064508906843,0.6836129017813686,0.5324417544269634,0.6836129017813686,0.9984885143977474,0.6836129017813686,0.3418064508906843,0.6836129017813686,0.3418064508906843,0.6836129017813686,0.4903748492322519,0.6836129017813686,0.3418064508906843,0.6836129017813686,0.3418064508906843,0.6836129017813686,0.6998437676815099,0.6836129017813686,0.9984885143977474,0.6836129017813686,0.3418064508906843,0.6836129017813686,0.9849530166663943,0.6836129017813686,0.5324417544269634,0.6836129017813686,0.3418064508906843,0.6836129017813686,0.6998437676815099,0.6836129017813686,0.3418064508906843,0.6836129017813686,0.4903748492322519,0.6836129017813686,0.3418064508906843,0.6836129017813686,0.427636315231541,0.6836129017813686,0.3418064508906843,0.6836129017813686,0.3418064508906843,0.6836129017813686,0.35827751657448464,0.6836129017813686,0.3418064508906843,0.6836129017813686,0.3418064508906843,0.6836129017813686,0.41196877230565526,0.6836129017813686,0.4759464598615968,0.6836129017813686,0.806899425312582,0.6836129017813686,0.7088429539008668
mykhailo_mudryk,MID,Spurs,,28.42497185102277,0.8121420528863649,18.12481714553749,0.5178519184439283,35,0.8121420528863643,0.4701912722210872,0.8121420528863643,0.6156634329334956,0.8121420528863643,0.40607102644318216,0.8121420528863643,0.5642984383398416,0.8121420528863643,0.637609293392334,0.8121420528863643,0.7307833795027717,0.8121420528863643,0.40607102644318216,0.8121420528863643,0.6963123347812519,0.8121420528863643,0.44080206740033684,0.8121420528863643,0.6312441865639269,0.8121420528863643,0.40607102644318216,0.8121420528863643,0.40607102644318216,0.8121420528863643,0.5642611549010648,0.8121420528863643,0.4673354571384868,0.8121420528863643,0.45248357465844224,0.8121420528863643,0.40607102644318216,0.8121420528863643,0.6312441865639269,0.8121420528863643,0.40607102644318216,0.8121420528863643,0.7307833795027717,0.8121420528863643,0.44080206740033684,0.8121420528863643,0.6963123347812519,0.8121420528863643,0.40607102644318216,0.8121420528863643,0.45248357465844224,0.8121420528863643,0.5642611549010648,0.8121420528863643,0.4673354571384868,0.8121420528863643,0.5504768831694026,0.8121420528863643,0.4701912722210872,0.8121420528863643,0.40607102644318216,0.8121420528863643,0.5655897878270062,0.8121420528863643,0.40607102644318216,0.8121420528863643,0.40607102644318216,0.8121420528863643,0.637609293392334,0.8121420528863643,0.5642984383398416,0.8121420528863643,0.40607102644318216,0.8121420528863643,0.6156634329334956
dayann_methalie,DEF,Sunderland,,16.00075195185897,0.45716434148168483,18.009078036048905,0.5145450867442545,35,0.45716434148168505,0.256614710296107,0.45716434148168505,0.22858217074084253,0.45716434148168505,0.33306746349874405,0.45716434148168505,0.5756654883595517,0.45716434148168505,0.53018358292794,0.45716434148168505,0.8724036908591595,0.45716434148168505,0.22858217074084253,0.45716434148168505,0.9143286829633701,0.45716434148168505,0.9143286829633701,0.45716434148168505,0.32632862400640206,0.45716434148168505,0.22858217074084253,0.45716434148168505,0.7566572323602933,0.45716434148168505,0.46235192150358084,0.45716434148168505,0.34986910417794337,0.45716434148168505,0.7663869744151406,0.45716434148168505,0.5145838938647876,0.45716434148168505,0.32632862400640206,0.45716434148168505,0.22858217074084253,0.45716434148168505,0.8724036908591595,0.45716434148168505,0.9143286829633701,0.45716434148168505,0.9143286829633701,0.45716434148168505,0.5145838938647876,0.45716434148168505,0.34986910417794337,0.45716434148168505,0.46235192150358084,0.45716434148168505,0.7663869744151406,0.45716434148168505,0.3667657035790483,0.45716434148168505,0.256614710296107,0.45716434148168505,0.44541248413820894,0.45716434148168505,0.6798667194938126,0.45716434148168505,0.7566572323602933,0.45716434148168505,0.22858217074084253,0.45716434148168505,0.33306746349874405,0.45716434148168505,0.5756654883595517,0.45716434148168505,0.53018358292794,0.45716434148168505,0.22858217074084253
jens_hjerto_dahl,MID,Hull City,,21.2134428086279,0.6060983659607971,17.916953609260382,0.5119129602645823,35,0.6060983659607972,0.6432869328051488,0.6060983659607972,0.5706261241918156,0.6060983659607972,0.4743781254027916,0.6060983659607972,0.636865147409208,0.6060983659607972,0.3161547281699235,0.6060983659607972,0.7025126997956158,0.6060983659607972,0.3030491829803986,0.6060983659607972,0.45651274832914557,0.6060983659607972,0.7372906945006759,0.6060983659607972,0.5553786455497746,0.6060983659607972,0.4714968805022185,0.6060983659607972,0.550710261964385,0.6060983659607972,0.39370587092049536,0.6060983659607972,0.5692856603550897,0.6060983659607972,0.3425667292252115,0.6060983659607972,0.4447272222201592,0.6060983659607972,0.5553786455497746,0.6060983659607972,0.3030491829803986,0.6060983659607972,0.7025126997956158,0.6060983659607972,0.7372906945006759,0.6060983659607972,0.45651274832914557,0.6060983659607972,0.4447272222201592,0.6060983659607972,0.5692856603550897,0.6060983659607972,0.39370587092049536,0.6060983659607972,0.3425667292252115,0.6060983659607972,0.6211456537983369,0.6060983659607972,0.6432869328051488,0.6060983659607972,0.38938937103090965,0.6060983659607972,0.5693232757870222,0.6060983659607972,0.550710261964385,0.6060983659607972,0.4714968805022185,0.6060983659607972,0.4743781254027916,0.6060983659607972,0.636865147409208,0.6060983659607972,0.3161547281699235,0.6060983659607972,0.5706261241918156
nicolo_savona,DEF,Nott'm Forest,,16.00075195185897,0.45716434148168483,17.9139209357217,0.5118263124491914,35,0.45716434148168505,0.9143286829633701,0.45716434148168505,0.9143286829633701,0.45716434148168505,0.49473295925534977,0.45716434148168505,0.27458684415192597,0.45716434148168505,0.476607160299789,0.45716434148168505,0.39245231488375604,0.45716434148168505,0.24274549252017322,0.45716434148168505,0.6159824959115939,0.45716434148168505,0.2437762736619351,0.45716434148168505,0.550623022759289,0.45716434148168505,0.3563940024571318,0.45716434148168505,0.41449168299371525,0.45716434148168505,0.3743723540697594,0.45716434148168505,0.820061252377038,0.45716434148168505,0.22858217074084253,0.45716434148168505,0.727481510059639,0.45716434148168505,0.550623022759289,0.45716434148168505,0.24274549252017322,0.45716434148168505,0.6159824959115939,0.45716434148168505,0.2437762736619351,0.45716434148168505,0.39245231488375604,0.45716434148168505,0.727481510059639,0.45716434148168505,0.820061252377038,0.45716434148168505,0.3743723540697594,0.45716434148168505,0.22858217074084253,0.45716434148168505,0.9143286829633701,0.45716434148168505,0.9143286829633701,0.45716434148168505,0.5673152435001017,0.45716434148168505,0.3491832051208708,0.45716434148168505,0.41449168299371525,0.45716434148168505,0.3563940024571318,0.45716434148168505,0.49473295925534977,0.45716434148168505,0.27458684415192597,0.45716434148168505,0.476607160299789,0.45716434148168505,0.9143286829633701
stefan_bajcetic_maquieira,MID,Liverpool,,15.814284598388024,0.4518367028110864,17.881156559727792,0.5108901874207941,35,0.4518367028110868,0.6668762523886602,0.4518367028110868,0.49371530843127015,0.4518367028110868,0.4122585398352378,0.4518367028110868,0.33105294135595814,0.4518367028110868,0.47802507644177383,0.4518367028110868,0.28152141897941685,0.4518367028110868,0.7720341696665664,0.4518367028110868,0.4077386327850355,0.4518367028110868,0.4967323267267831,0.4518367028110868,0.4656841789755485,0.4518367028110868,0.6736006526732586,0.4518367028110868,0.35870955964240125,0.4518367028110868,0.5766614755804997,0.4518367028110868,0.32205864127033706,0.4518367028110868,0.6504160063988925,0.4518367028110868,0.5961515936285567,0.4518367028110868,0.4656841789755485,0.4518367028110868,0.7720341696665664,0.4518367028110868,0.4077386327850355,0.4518367028110868,0.4967323267267831,0.4518367028110868,0.28152141897941685,0.4518367028110868,0.5961515936285567,0.4518367028110868,0.32205864127033706,0.4518367028110868,0.5766614755804997,0.4518367028110868,0.6504160063988925,0.4518367028110868,0.7356173255845004,0.4518367028110868,0.6668762523886602,0.4518367028110868,0.5975158363809724,0.4518367028110868,0.5815498482019285,0.4518367028110868,0.35870955964240125,0.4518367028110868,0.6736006526732586,0.4518367028110868,0.4122585398352378,0.4518367028110868,0.33105294135595814,0.4518367028110868,0.47802507644177383,0.4518367028110868,0.49371530843127015
christos_mouzakitis,MID,Hull City,,21.157375680194523,0.6044964480055578,17.869599101639544,0.5105599743325584,35,0.6044964480055577,0.6415867254693346,0.6044964480055577,0.56911795937005,0.6044964480055577,0.47312434403769754,0.6044964480055577,0.6351819128519198,0.6044964480055577,0.3153191312369299,0.6044964480055577,0.7006559587601859,0.6044964480055577,0.30224822400277884,0.6044964480055577,0.45530618515489096,0.6044964480055577,0.7353420352267321,0.6044964480055577,0.553910779813406,0.6044964480055577,0.47025071426727305,0.6044964480055577,0.5492547347656324,0.6044964480055577,0.39266530632053803,0.6044964480055577,0.5677810383791871,0.6044964480055577,0.3416613253745615,0.6044964480055577,0.4435518081909051,0.6044964480055577,0.553910779813406,0.6044964480055577,0.30224822400277884,0.6044964480055577,0.7006559587601859,0.6044964480055577,0.7353420352267321,0.6044964480055577,0.45530618515489096,0.6044964480055577,0.4435518081909051,0.6044964480055577,0.5677810383791871,0.6044964480055577,0.39266530632053803,0.6044964480055577,0.3416613253745615,0.6044964480055577,0.619503965861988,0.6044964480055577,0.6415867254693346,0.6044964480055577,0.3883602149399754,0.6044964480055577,0.5678185543935348,0.6044964480055577,0.5492547347656324,0.6044964480055577,0.47025071426727305,0.6044964480055577,0.47312434403769754,0.6044964480055577,0.6351819128519198,0.6044964480055577,0.3153191312369299,0.6044964480055577,0.56911795937005
ewen_jaouen,GK,Newcastle,,13.25608007065787,0.37874514487593913,17.758939015294036,0.5073982575798296,35,0.37874514487593913,0.3927727428343073,0.37874514487593913,0.729435093835142,0.37874514487593913,0.7574902897518783,0.37874514487593913,0.7574902897518783,0.37874514487593913,0.4488831346677797,0.37874514487593913,0.3927727428343073,0.37874514487593913,0.5611039183347247,0.37874514487593913,0.3366623510008348,0.37874514487593913,0.3366623510008348,0.37874514487593913,0.729435093835142,0.37874514487593913,0.3927727428343073,0.37874514487593913,0.6172143101681971,0.37874514487593913,0.3927727428343073,0.37874514487593913,0.28055195916736236,0.37874514487593913,0.7574902897518783,0.37874514487593913,0.28055195916736236,0.37874514487593913,0.729435093835142,0.37874514487593913,0.5611039183347247,0.37874514487593913,0.3366623510008348,0.37874514487593913,0.3366623510008348,0.37874514487593913,0.3927727428343073,0.37874514487593913,0.28055195916736236,0.37874514487593913,0.28055195916736236,0.37874514487593913,0.3927727428343073,0.37874514487593913,0.7574902897518783,0.37874514487593913,0.4488831346677797,0.37874514487593913,0.3927727428343073,0.37874514487593913,0.22444156733388984,0.37874514487593913,0.7574902897518783,0.37874514487593913,0.6172143101681971,0.37874514487593913,0.3927727428343073,0.37874514487593913,0.7574902897518783,0.37874514487593913,0.7574902897518783,0.37874514487593913,0.4488831346677797,0.37874514487593913,0.729435093835142
mark_gillespie,GK,Newcastle,,13.25608007065787,0.37874514487593913,17.758939015294036,0.5073982575798296,35,0.37874514487593913,0.3927727428343073,0.37874514487593913,0.729435093835142,0.37874514487593913,0.7574902897518783,0.37874514487593913,0.7574902897518783,0.37874514487593913,0.4488831346677797,0.37874514487593913,0.3927727428343073,0.37874514487593913,0.5611039183347247,0.37874514487593913,0.3366623510008348,0.37874514487593913,0.3366623510008348,0.37874514487593913,0.729435093835142,0.37874514487593913,0.3927727428343073,0.37874514487593913,0.6172143101681971,0.37874514487593913,0.3927727428343073,0.37874514487593913,0.28055195916736236,0.37874514487593913,0.7574902897518783,0.37874514487593913,0.28055195916736236,0.37874514487593913,0.729435093835142,0.37874514487593913,0.5611039183347247,0.37874514487593913,0.3366623510008348,0.37874514487593913,0.3366623510008348,0.37874514487593913,0.3927727428343073,0.37874514487593913,0.28055195916736236,0.37874514487593913,0.28055195916736236,0.37874514487593913,0.3927727428343073,0.37874514487593913,0.7574902897518783,0.37874514487593913,0.4488831346677797,0.37874514487593913,0.3927727428343073,0.37874514487593913,0.22444156733388984,0.37874514487593913,0.7574902897518783,0.37874514487593913,0.6172143101681971,0.37874514487593913,0.3927727428343073,0.37874514487593913,0.7574902897518783,0.37874514487593913,0.7574902897518783,0.37874514487593913,0.4488831346677797,0.37874514487593913,0.729435093835142
matty_jacob,DEF,Hull City,,10.908250931533981,0.31166431232954234,17.66905541115843,0.5048301546045265,35,0.3116643123295426,0.3114260915377103,0.3116643123295426,0.16785022325713153,0.3116643123295426,0.47826360316509353,0.3116643123295426,0.6233286246590852,0.3116643123295426,0.5013608941642428,0.3116643123295426,0.6088693657566021,0.3116643123295426,0.3507868357217463,0.3116643123295426,0.45529611871344516,0.3116643123295426,0.6233286246590852,0.3116643123295426,0.6233286246590852,0.3116643123295426,0.6233286246590852,0.3116643123295426,0.6233286246590852,0.3116643123295426,0.31010926058698846,0.3116643123295426,0.4460842688579646,0.3116643123295426,0.6233286246590852,0.3116643123295426,0.5295163588751516,0.3116643123295426,0.6233286246590852,0.3116643123295426,0.3507868357217463,0.3116643123295426,0.6088693657566021,0.3116643123295426,0.6233286246590852,0.3116643123295426,0.45529611871344516,0.3116643123295426,0.5295163588751516,0.3116643123295426,0.4460842688579646,0.3116643123295426,0.31010926058698846,0.3116643123295426,0.6233286246590852,0.3116643123295426,0.6233286246590852,0.3116643123295426,0.3114260915377103,0.3116643123295426,0.6233286246590852,0.3116643123295426,0.6233286246590852,0.3116643123295426,0.6233286246590852,0.3116643123295426,0.6233286246590852,0.3116643123295426,0.47826360316509353,0.3116643123295426,0.6233286246590852,0.3116643123295426,0.5013608941642428,0.3116643123295426,0.16785022325713153
charlie_hughes,DEF,Hull City,,10.908250931533981,0.31166431232954234,17.66905541115843,0.5048301546045265,35,0.3116643123295426,0.3114260915377103,0.3116643123295426,0.16785022325713153,0.3116643123295426,0.47826360316509353,0.3116643123295426,0.6233286246590852,0.3116643123295426,0.5013608941642428,0.3116643123295426,0.6088693657566021,0.3116643123295426,0.3507868357217463,0.3116643123295426,0.45529611871344516,0.3116643123295426,0.6233286246590852,0.3116643123295426,0.6233286246590852,0.3116643123295426,0.6233286246590852,0.3116643123295426,0.6233286246590852,0.3116643123295426,0.31010926058698846,0.3116643123295426,0.4460842688579646,0.3116643123295426,0.6233286246590852,0.3116643123295426,0.5295163588751516,0.3116643123295426,0.6233286246590852,0.3116643123295426,0.3507868357217463,0.3116643123295426,0.6088693657566021,0.3116643123295426,0.6233286246590852,0.3116643123295426,0.45529611871344516,0.3116643123295426,0.5295163588751516,0.3116643123295426,0.4460842688579646,0.3116643123295426,0.31010926058698846,0.3116643123295426,0.6233286246590852,0.3116643123295426,0.6233286246590852,0.3116643123295426,0.3114260915377103,0.3116643123295426,0.6233286246590852,0.3116643123295426,0.6233286246590852,0.3116643123295426,0.6233286246590852,0.3116643123295426,0.6233286246590852,0.3116643123295426,0.47826360316509353,0.3116643123295426,0.6233286246590852,0.3116643123295426,0.5013608941642428,0.3116643123295426,0.16785022325713153
marcus_bettinelli,GK,Man City,,13.250535975321327,0.3785867421520379,17.414990138993744,0.4975711468283927,35,0.3785867421520379,0.7291300219224434,0.3785867421520379,0.3926084733428542,0.3785867421520379,0.22434769905305949,0.3785867421520379,0.6169561723959136,0.3785867421520379,0.7571734843040758,0.3785867421520379,0.33652154857958927,0.3785867421520379,0.7571734843040758,0.3785867421520379,0.5608692476326488,0.3785867421520379,0.33652154857958927,0.3785867421520379,0.3926084733428542,0.3785867421520379,0.3926084733428542,0.3785867421520379,0.2804346238163244,0.3785867421520379,0.7291300219224434,0.3785867421520379,0.22434769905305949,0.3785867421520379,0.3926084733428542,0.3785867421520379,0.7571734843040758,0.3785867421520379,0.3926084733428542,0.3785867421520379,0.7571734843040758,0.3785867421520379,0.33652154857958927,0.3785867421520379,0.33652154857958927,0.3785867421520379,0.5608692476326488,0.3785867421520379,0.7571734843040758,0.3785867421520379,0.22434769905305949,0.3785867421520379,0.7291300219224434,0.3785867421520379,0.3926084733428542,0.3785867421520379,0.7571734843040758,0.3785867421520379,0.7291300219224434,0.3785867421520379,0.44869539810611897,0.3785867421520379,0.44869539810611897,0.3785867421520379,0.2804346238163244,0.3785867421520379,0.3926084733428542,0.3785867421520379,0.22434769905305949,0.3785867421520379,0.6169561723959136,0.3785867421520379,0.7571734843040758,0.3785867421520379,0.3926084733428542
ibrahim_mbaye,MID,Aston Villa,50210.0,30.720570313259046,0.8777305803788299,17.331837921253047,0.4951953691786585,35,0.8777305803788291,0.49520658795377026,0.8777305803788291,0.4910439966746409,0.8777305803788291,0.43886529018941456,0.8777305803788291,0.508802090650401,0.8777305803788291,0.43886529018941456,0.8777305803788291,0.5678644995847676,0.8777305803788291,0.43886529018941456,0.8777305803788291,0.43886529018941456,0.8777305803788291,0.6263995201248685,0.8777305803788291,0.43886529018941456,0.8777305803788291,0.6574095206565213,0.8777305803788291,0.5076403983197209,0.8777305803788291,0.5735905217499649,0.8777305803788291,0.43886529018941456,0.8777305803788291,0.5076068583018412,0.8777305803788291,0.43886529018941456,0.8777305803788291,0.43886529018941456,0.8777305803788291,0.43886529018941456,0.8777305803788291,0.5678644995847676,0.8777305803788291,0.6263995201248685,0.8777305803788291,0.43886529018941456,0.8777305803788291,0.43886529018941456,0.8777305803788291,0.43886529018941456,0.8777305803788291,0.5735905217499649,0.8777305803788291,0.5076068583018412,0.8777305803788291,0.43886529018941456,0.8777305803788291,0.49520658795377026,0.8777305803788291,0.43886529018941456,0.8777305803788291,0.43886529018941456,0.8777305803788291,0.5076403983197209,0.8777305803788291,0.6574095206565213,0.8777305803788291,0.43886529018941456,0.8777305803788291,0.508802090650401,0.8777305803788291,0.43886529018941456,0.8777305803788291,0.4910439966746409
ashley_phillips,DEF,Spurs,,16.00075195185897,0.45716434148168483,17.307627816670056,0.49450365190485873,35,0.45716434148168505,0.354929090693835,0.45716434148168505,0.9143286829633701,0.45716434148168505,0.7774708561017134,0.45716434148168505,0.8850208407001934,0.45716434148168505,0.2311155997577738,0.45716434148168505,0.4690386922428881,0.45716434148168505,0.537851369961796,0.45716434148168505,0.45185426804206247,0.45716434148168505,0.39296479706859894,0.45716434148168505,0.6896993008568486,0.45716434148168505,0.26032600391526955,0.45716434148168505,0.5220260701906131,0.45716434148168505,0.3310481560185286,0.45716434148168505,0.5839910580482716,0.45716434148168505,0.33788445606556616,0.45716434148168505,0.23013835288210915,0.45716434148168505,0.6896993008568486,0.45716434148168505,0.537851369961796,0.45716434148168505,0.4690386922428881,0.45716434148168505,0.39296479706859894,0.45716434148168505,0.45185426804206247,0.45716434148168505,0.23013835288210915,0.45716434148168505,0.33788445606556616,0.45716434148168505,0.3310481560185286,0.45716434148168505,0.5839910580482716,0.45716434148168505,0.7676003975245648,0.45716434148168505,0.354929090693835,0.45716434148168505,0.37207005738577253,0.45716434148168505,0.22858217074084253,0.45716434148168505,0.5220260701906131,0.45716434148168505,0.26032600391526955,0.45716434148168505,0.2311155997577738,0.45716434148168505,0.8850208407001934,0.45716434148168505,0.7774708561017134,0.45716434148168505,0.9143286829633701
djed_spence,DEF,Spurs,,16.00075195185897,0.45716434148168483,17.307627816670056,0.49450365190485873,35,0.45716434148168505,0.354929090693835,0.45716434148168505,0.9143286829633701,0.45716434148168505,0.7774708561017134,0.45716434148168505,0.8850208407001934,0.45716434148168505,0.2311155997577738,0.45716434148168505,0.4690386922428881,0.45716434148168505,0.537851369961796,0.45716434148168505,0.45185426804206247,0.45716434148168505,0.39296479706859894,0.45716434148168505,0.6896993008568486,0.45716434148168505,0.26032600391526955,0.45716434148168505,0.5220260701906131,0.45716434148168505,0.3310481560185286,0.45716434148168505,0.5839910580482716,0.45716434148168505,0.33788445606556616,0.45716434148168505,0.23013835288210915,0.45716434148168505,0.6896993008568486,0.45716434148168505,0.537851369961796,0.45716434148168505,0.4690386922428881,0.45716434148168505,0.39296479706859894,0.45716434148168505,0.45185426804206247,0.45716434148168505,0.23013835288210915,0.45716434148168505,0.33788445606556616,0.45716434148168505,0.3310481560185286,0.45716434148168505,0.5839910580482716,0.45716434148168505,0.7676003975245648,0.45716434148168505,0.354929090693835,0.45716434148168505,0.37207005738577253,0.45716434148168505,0.22858217074084253,0.45716434148168505,0.5220260701906131,0.45716434148168505,0.26032600391526955,0.45716434148168505,0.2311155997577738,0.45716434148168505,0.8850208407001934,0.45716434148168505,0.7774708561017134,0.45716434148168505,0.9143286829633701
nicolas_dominguez,MID,Nott'm Forest,,18.23030353265326,0.5208658152186646,17.127919276805052,0.4893691221944301,35,0.5208658152186647,0.60897501285863,0.5208658152186647,0.5581680352635633,0.5208658152186647,0.722844323901312,0.5208658152186647,0.26358439530442346,0.5208658152186647,0.6887477643533203,0.5208658152186647,0.3099600367084004,0.5208658152186647,0.38599165323012474,0.5208658152186647,0.4622584366659078,0.5208658152186647,0.6306824587458025,0.5208658152186647,0.30153880482540707,0.5208658152186647,0.44756790147988035,0.5208658152186647,0.4360132993187328,0.5208658152186647,0.4650832268574609,0.5208658152186647,0.3817597302347847,0.5208658152186647,0.5594453558391967,0.5208658152186647,0.6243865009134417,0.5208658152186647,0.30153880482540707,0.5208658152186647,0.38599165323012474,0.5208658152186647,0.4622584366659078,0.5208658152186647,0.6306824587458025,0.5208658152186647,0.3099600367084004,0.5208658152186647,0.6243865009134417,0.5208658152186647,0.3817597302347847,0.5208658152186647,0.4650832268574609,0.5208658152186647,0.5594453558391967,0.5208658152186647,0.5399197222267335,0.5208658152186647,0.60897501285863,0.5208658152186647,0.33585452471441013,0.5208658152186647,0.5581311568631354,0.5208658152186647,0.4360132993187328,0.5208658152186647,0.44756790147988035,0.5208658152186647,0.722844323901312,0.5208658152186647,0.26358439530442346,0.5208658152186647,0.6887477643533203,0.5208658152186647,0.5581680352635633
amine_adli,MID,Bournemouth,,15.390099470694757,0.4397171277341359,17.032795649385196,0.48665130426814845,35,0.4397171277341356,0.3048944782574246,0.4397171277341356,0.5490098326162272,0.4397171277341356,0.6203754562924912,0.4397171277341356,0.42888770055911063,0.4397171277341356,0.37552077682559953,0.4397171277341356,0.3303657825396696,0.4397171277341356,0.6774918227959484,0.4397171277341356,0.5355981337062369,0.4397171277341356,0.614182390893437,0.4397171277341356,0.4402534702718993,0.4397171277341356,0.29661087134952663,0.4397171277341356,0.25927673624179487,0.4397171277341356,0.5490461083270473,0.4397171277341356,0.5310960204978971,0.4397171277341356,0.7110311552987969,0.4397171277341356,0.5990227668995125,0.4397171277341356,0.4402534702718993,0.4397171277341356,0.6774918227959484,0.4397171277341356,0.5355981337062369,0.4397171277341356,0.614182390893437,0.4397171277341356,0.3303657825396696,0.4397171277341356,0.5990227668995125,0.4397171277341356,0.7110311552987969,0.4397171277341356,0.5490461083270473,0.4397171277341356,0.5310960204978971,0.4397171277341356,0.5503025541405494,0.4397171277341356,0.3048944782574246,0.4397171277341356,0.379683539120352,0.4397171277341356,0.4574825493790568,0.4397171277341356,0.25927673624179487,0.4397171277341356,0.29661087134952663,0.4397171277341356,0.37552077682559953,0.4397171277341356,0.42888770055911063,0.4397171277341356,0.6203754562924912,0.4397171277341356,0.5490098326162272
alysson_edward_franco_da_rocha_dos_santos,MID,Aston Villa,,30.061810311777894,0.858908866050797,16.960180707267423,0.4845765916362121,35,0.8589088660507973,0.48458756984025936,0.8589088660507973,0.4805142395549606,0.8589088660507973,0.42945443302539865,0.8589088660507973,0.4978915358471333,0.8589088660507973,0.42945443302539865,0.8589088660507973,0.5556874333788685,0.8589088660507973,0.42945443302539865,0.8589088660507973,0.42945443302539865,0.8589088660507973,0.6129672516286313,0.8589088660507973,0.42945443302539865,0.8589088660507973,0.6433122857293925,0.8589088660507973,0.49675475439648165,0.8589088660507973,0.5612906689443523,0.8589088660507973,0.42945443302539865,0.8589088660507973,0.49672193359774414,0.8589088660507973,0.42945443302539865,0.8589088660507973,0.42945443302539865,0.8589088660507973,0.42945443302539865,0.8589088660507973,0.5556874333788685,0.8589088660507973,0.6129672516286313,0.8589088660507973,0.42945443302539865,0.8589088660507973,0.42945443302539865,0.8589088660507973,0.42945443302539865,0.8589088660507973,0.5612906689443523,0.8589088660507973,0.49672193359774414,0.8589088660507973,0.42945443302539865,0.8589088660507973,0.48458756984025936,0.8589088660507973,0.42945443302539865,0.8589088660507973,0.42945443302539865,0.8589088660507973,0.49675475439648165,0.8589088660507973,0.6433122857293925,0.8589088660507973,0.42945443302539865,0.8589088660507973,0.4978915358471333,0.8589088660507973,0.42945443302539865,0.8589088660507973,0.4805142395549606
lucas_bergvall,MID,Spurs,,26.557302043915012,0.7587800583975718,16.933921551357642,0.4838263300387898,35,0.7587800583975715,0.4392972383660877,0.7587800583975715,0.575211114772666,0.7587800583975715,0.3793900291987857,0.7587800583975715,0.5272210698552197,0.7587800583975715,0.5957150170411923,0.7587800583975715,0.6827670767747751,0.7587800583975715,0.3793900291987857,0.7587800583975715,0.6505609605739682,0.7587800583975715,0.4118390585182484,0.7587800583975715,0.589768131131516,0.7587800583975715,0.3793900291987857,0.7587800583975715,0.3793900291987857,0.7587800583975715,0.5271862361340106,0.7587800583975715,0.43662906531994766,0.7587800583975715,0.4227530294522435,0.7587800583975715,0.3793900291987857,0.7587800583975715,0.589768131131516,0.7587800583975715,0.3793900291987857,0.7587800583975715,0.6827670767747751,0.7587800583975715,0.4118390585182484,0.7587800583975715,0.6505609605739682,0.7587800583975715,0.3793900291987857,0.7587800583975715,0.4227530294522435,0.7587800583975715,0.5271862361340106,0.7587800583975715,0.43662906531994766,0.7587800583975715,0.5143076633863659,0.7587800583975715,0.4392972383660877,0.7587800583975715,0.3793900291987857,0.7587800583975715,0.5284275709048821,0.7587800583975715,0.3793900291987857,0.7587800583975715,0.3793900291987857,0.7587800583975715,0.5957150170411923,0.7587800583975715,0.5272210698552197,0.7587800583975715,0.3793900291987857,0.7587800583975715,0.575211114772666
sean_longstaff,MID,Leeds,,18.79865761099905,0.5371045031714015,16.89647296369647,0.48275637039132774,35,0.5371045031714015,0.5336570136571456,0.5371045031714015,0.6895238993512539,0.5371045031714015,0.26855225158570073,0.5371045031714015,0.36416203199336444,0.5371045031714015,0.41591471410143327,0.5371045031714015,0.44095004860466724,0.5371045031714015,0.5150314388541156,0.5371045031714015,0.6016103520876699,0.5371045031714015,0.5324385727910974,0.5371045031714015,0.3681988791387527,0.5371045031714015,0.6569990638969143,0.5371045031714015,0.5324033943472416,0.5371045031714015,0.5956046144050521,0.5371045031714015,0.5809035384098702,0.5371045031714015,0.28763899173581653,0.5371045031714015,0.44364462651491005,0.5371045031714015,0.3681988791387527,0.5371045031714015,0.5150314388541156,0.5371045031714015,0.6016103520876699,0.5371045031714015,0.5324385727910974,0.5371045031714015,0.44095004860466724,0.5371045031714015,0.44364462651491005,0.5371045031714015,0.5809035384098702,0.5371045031714015,0.5956046144050521,0.5371045031714015,0.28763899173581653,0.5371045031714015,0.4269366922427386,0.5371045031714015,0.5336570136571456,0.5371045031714015,0.5193973722335478,0.5371045031714015,0.29567203627016825,0.5371045031714015,0.5324033943472416,0.5371045031714015,0.6569990638969143,0.5371045031714015,0.26855225158570073,0.5371045031714015,0.36416203199336444,0.5371045031714015,0.41591471410143327,0.5371045031714015,0.6895238993512539
dario_luis_essugo,MID,Chelsea,,12.849338249669986,0.367123949990571,16.856257541294948,0.4816073583227128,35,0.3671239499905712,0.2980439377827121,0.3671239499905712,0.30636756668626863,0.3671239499905712,0.45690081187712883,0.3671239499905712,0.4596928624478272,0.3671239499905712,0.5336619948207905,0.3671239499905712,0.3773350940749439,0.3671239499905712,0.4309598584826585,0.3671239499905712,0.3319619348029923,0.3671239499905712,0.538185859852615,0.3671239499905712,0.7144664807707587,0.3671239499905712,0.5516623569793142,0.3671239499905712,0.3815179686295296,0.3671239499905712,0.6019169272384503,0.3671239499905712,0.5516988079551315,0.3671239499905712,0.6807651039996654,0.3671239499905712,0.5529613242484924,0.3671239499905712,0.7144664807707587,0.3671239499905712,0.4309598584826585,0.3671239499905712,0.3319619348029923,0.3671239499905712,0.538185859852615,0.3671239499905712,0.3773350940749439,0.3671239499905712,0.5529613242484924,0.3671239499905712,0.6807651039996654,0.3671239499905712,0.6019169272384503,0.3671239499905712,0.5516988079551315,0.3671239499905712,0.2605294239329893,0.3671239499905712,0.2980439377827121,0.3671239499905712,0.6171497944961383,0.3671239499905712,0.442380541567262,0.3671239499905712,0.3815179686295296,0.3671239499905712,0.5516623569793142,0.3671239499905712,0.5336619948207905,0.3671239499905712,0.4596928624478272,0.3671239499905712,0.45690081187712883,0.3671239499905712,0.30636756668626863
dejan_kulusevski,MID,Spurs,,26.41891279072026,0.7548260797348646,16.84567942671427,0.4813051264775506,35,0.7548260797348644,0.4370080744801075,0.7548260797348644,0.5722137080153427,0.7548260797348644,0.3774130398674322,0.7548260797348644,0.524473737690034,0.7548260797348644,0.5926107651036685,0.7548260797348644,0.6792091993328354,0.7548260797348644,0.3774130398674322,0.7548260797348644,0.6471709081754747,0.7548260797348644,0.40969297833094165,0.7548260797348644,0.5866948682266324,0.7548260797348644,0.3774130398674322,0.7548260797348644,0.3774130398674322,0.7548260797348644,0.5244390854862342,0.7548260797348644,0.43435380519853806,0.7548260797348644,0.42055007691079294,0.7548260797348644,0.3774130398674322,0.7548260797348644,0.5866948682266324,0.7548260797348644,0.3774130398674322,0.7548260797348644,0.6792091993328354,0.7548260797348644,0.40969297833094165,0.7548260797348644,0.6471709081754747,0.7548260797348644,0.3774130398674322,0.7548260797348644,0.42055007691079294,0.7548260797348644,0.5244390854862342,0.7548260797348644,0.43435380519853806,0.7548260797348644,0.5116276225700706,0.7548260797348644,0.4370080744801075,0.7548260797348644,0.3774130398674322,0.7548260797348644,0.5256739517012403,0.7548260797348644,0.3774130398674322,0.7548260797348644,0.3774130398674322,0.7548260797348644,0.5926107651036685,0.7548260797348644,0.524473737690034,0.7548260797348644,0.3774130398674322,0.7548260797348644,0.5722137080153427
djiamgone_jocelin_ta_bi,MID,Sunderland,,16.669179171477065,0.47626226204220184,16.83315469899289,0.4809472771140825,35,0.4762622620422021,0.25862877444762433,0.4762622620422021,0.3787346671513836,0.4762622620422021,0.4391532272164593,0.4762622620422021,0.4535675672867579,0.4762622620422021,0.3295401612043743,0.4762622620422021,0.5476739802040591,0.4762622620422021,0.6188250680874199,0.4762622620422021,0.5975257414724905,0.4762622620422021,0.5297687516680483,0.4762622620422021,0.54763779515033,0.4762622620422021,0.5489272860178243,0.4762622620422021,0.5342596135879218,0.4762622620422021,0.7092542082815801,0.4762622620422021,0.4563392489125586,0.4762622620422021,0.37458230806890663,0.4762622620422021,0.29586960734275164,0.4762622620422021,0.54763779515033,0.4762622620422021,0.6188250680874199,0.4762622620422021,0.5476739802040591,0.4762622620422021,0.5297687516680483,0.4762622620422021,0.5975257414724905,0.4762622620422021,0.29586960734275164,0.4762622620422021,0.4563392489125586,0.4762622620422021,0.7092542082815801,0.4762622620422021,0.37458230806890663,0.4762622620422021,0.30413251258311075,0.4762622620422021,0.25862877444762433,0.4762622620422021,0.6757986943518085,0.4762622620422021,0.6126474798569909,0.4762622620422021,0.5342596135879218,0.4762622620422021,0.5489272860178243,0.4762622620422021,0.4391532272164593,0.4762622620422021,0.4535675672867579,0.4762622620422021,0.3295401612043743,0.4762622620422021,0.3787346671513836
manuel_angel_moran_ibanez,MID,Fulham,,21.157375680194523,0.6044964480055578,16.8208716808418,0.48059633373833716,35,0.6044964480055577,0.5626779712215325,0.6044964480055577,0.3848697351172302,0.6044964480055577,0.6943586466446372,0.6044964480055577,0.3039952900986889,0.6044964480055577,0.5627151500517761,0.6044964480055577,0.6139360265886871,0.6044964480055577,0.5640028763169362,0.6044964480055577,0.3891361334648279,0.6044964480055577,0.4660242241000577,0.6044964480055577,0.5443181771691158,0.6044964480055577,0.46887202643928344,0.6044964480055577,0.3124851255304541,0.6044964480055577,0.33859056293146056,0.6044964480055577,0.4512140124983795,0.6044964480055577,0.30224822400277884,0.6044964480055577,0.5489323749043485,0.6044964480055577,0.5443181771691158,0.6044964480055577,0.5640028763169362,0.6044964480055577,0.6139360265886871,0.6044964480055577,0.4660242241000577,0.6044964480055577,0.3891361334648279,0.6044964480055577,0.5489323749043485,0.6044964480055577,0.30224822400277884,0.6044964480055577,0.33859056293146056,0.6044964480055577,0.4512140124983795,0.6044964480055577,0.7287329737471157,0.6044964480055577,0.5626779712215325,0.6044964480055577,0.6358203121405697,0.6044964480055577,0.43956528079372614,0.6044964480055577,0.3124851255304541,0.6044964480055577,0.46887202643928344,0.6044964480055577,0.6943586466446372,0.6044964480055577,0.3039952900986889,0.6044964480055577,0.5627151500517761,0.6044964480055577,0.3848697351172302
nehemiah_oriola,MID,Brighton,,12.849338249669986,0.367123949990571,16.811505197920876,0.48032871994059645,35,0.3671239499905712,0.546190447731951,0.3671239499905712,0.2579282040371556,0.3671239499905712,0.42665699955306946,0.3671239499905712,0.7073329892954726,0.3671239499905712,0.5461543606958457,0.3671239499905712,0.3777087553912105,0.3671239499905712,0.3033086822122161,0.3671239499905712,0.29506815942689607,0.3671239499905712,0.5474403586065015,0.3671239499905712,0.4523389490965815,0.3671239499905712,0.5328124177854149,0.3671239499905712,0.45510312282563553,0.3671239499905712,0.6739680992461115,0.3671239499905712,0.6109879479763921,0.3671239499905712,0.5283337206565059,0.3671239499905712,0.37356764416741844,0.3671239499905712,0.4523389490965815,0.3671239499905712,0.3033086822122161,0.3671239499905712,0.3777087553912105,0.3671239499905712,0.5474403586065015,0.3671239499905712,0.29506815942689607,0.3671239499905712,0.37356764416741844,0.3671239499905712,0.5283337206565059,0.3671239499905712,0.6739680992461115,0.3671239499905712,0.6109879479763921,0.3671239499905712,0.3286475069106131,0.3671239499905712,0.546190447731951,0.3671239499905712,0.595907171168923,0.3671239499905712,0.6171488024325861,0.3671239499905712,0.45510312282563553,0.3671239499905712,0.5328124177854149,0.3671239499905712,0.42665699955306946,0.3671239499905712,0.7073329892954726,0.3671239499905712,0.5461543606958457,0.3671239499905712,0.2579282040371556
adam_aznou,DEF,Everton,,11.612757563577444,0.33179307324506985,16.77077941916336,0.4791651262618103,35,0.33179307324507,0.66358614649014,0.33179307324507,0.49236318936937035,0.33179307324507,0.5688259224965045,0.33179307324507,0.25183520851275787,0.33179307324507,0.2836643374398174,0.33179307324507,0.165896536622535,0.33179307324507,0.66358614649014,0.33179307324507,0.4054262913507556,0.33179307324507,0.36072675962188455,0.33179307324507,0.66358614649014,0.33179307324507,0.66358614649014,0.33179307324507,0.36817593678519966,0.33179307324507,0.66358614649014,0.33179307324507,0.4281942530563236,0.33179307324507,0.25077035105199197,0.33179307324507,0.5860699669133665,0.33179307324507,0.66358614649014,0.33179307324507,0.66358614649014,0.33179307324507,0.4054262913507556,0.33179307324507,0.36072675962188455,0.33179307324507,0.165896536622535,0.33179307324507,0.5860699669133665,0.33179307324507,0.4281942530563236,0.33179307324507,0.66358614649014,0.33179307324507,0.25077035105199197,0.33179307324507,0.66358614649014,0.33179307324507,0.66358614649014,0.33179307324507,0.5110882042810521,0.33179307324507,0.6363460970497545,0.33179307324507,0.36817593678519966,0.33179307324507,0.66358614649014,0.33179307324507,0.5688259224965045,0.33179307324507,0.25183520851275787,0.33179307324507,0.2836643374398174,0.33179307324507,0.49236318936937035
joel_piroe,FWD,Leeds,,15.668150367109483,0.44766143906027095,16.765646365549927,0.4790184675871408,35,0.4476614390602711,0.2305838997691881,0.4476614390602711,0.7611625677522343,0.4476614390602711,0.23911270182032004,0.4476614390602711,0.39763958225502843,0.4476614390602711,0.45491009492023715,0.4476614390602711,0.22383071953013556,0.4476614390602711,0.45304105214224594,0.4476614390602711,0.6606050844846781,0.4476614390602711,0.48940256277541966,0.4476614390602711,0.3419764880991033,0.4476614390602711,0.8953228781205422,0.4476614390602711,0.2929738847471728,0.4476614390602711,0.7987159802598844,0.4476614390602711,0.26474147253584124,0.4476614390602711,0.2801788714256108,0.4476614390602711,0.8953228781205422,0.4476614390602711,0.3419764880991033,0.4476614390602711,0.45304105214224594,0.4476614390602711,0.6606050844846781,0.4476614390602711,0.48940256277541966,0.4476614390602711,0.22383071953013556,0.4476614390602711,0.8953228781205422,0.4476614390602711,0.26474147253584124,0.4476614390602711,0.7987159802598844,0.4476614390602711,0.2801788714256108,0.4476614390602711,0.5057274375870998,0.4476614390602711,0.2305838997691881,0.4476614390602711,0.368082966806513,0.4476614390602711,0.5327945236399458,0.4476614390602711,0.2929738847471728,0.4476614390602711,0.8953228781205422,0.4476614390602711,0.23911270182032004,0.4476614390602711,0.39763958225502843,0.4476614390602711,0.45491009492023715,0.4476614390602711,0.7611625677522343
evan_ferguson,FWD,Brighton,,15.668150367109483,0.44766143906027095,16.196020708826246,0.462743448823607,35,0.4476614390602711,0.4785784372177792,0.4476614390602711,0.23382424175944072,0.4476614390602711,0.4448488399138666,0.4476614390602711,0.744327921124307,0.4476614390602711,0.2864941759045604,0.4476614390602711,0.33441298776932615,0.4476614390602711,0.5210106972790928,0.4476614390602711,0.2739821501299349,0.4476614390602711,0.22548407138145363,0.4476614390602711,0.22383071953013556,0.4476614390602711,0.35994206900297865,0.4476614390602711,0.8953228781205422,0.4476614390602711,0.8953228781205422,0.4476614390602711,0.7810507641110387,0.4476614390602711,0.4430211347896605,0.4476614390602711,0.3888449802394456,0.4476614390602711,0.22383071953013556,0.4476614390602711,0.5210106972790928,0.4476614390602711,0.33441298776932615,0.4476614390602711,0.22548407138145363,0.4476614390602711,0.2739821501299349,0.4476614390602711,0.3888449802394456,0.4476614390602711,0.4430211347896605,0.4476614390602711,0.8953228781205422,0.4476614390602711,0.7810507641110387,0.4476614390602711,0.23054216598114266,0.4476614390602711,0.4785784372177792,0.4476614390602711,0.2588861804777211,0.4476614390602711,0.6459944695791753,0.4476614390602711,0.8953228781205422,0.4476614390602711,0.35994206900297865,0.4476614390602711,0.4448488399138666,0.4476614390602711,0.744327921124307,0.4476614390602711,0.2864941759045604,0.4476614390602711,0.23382424175944072
jaden_philogene,MID,Ipswich Town,,20.064834965590858,0.5732809990168817,16.180376145507953,0.4622964613002272,35,0.5732809990168819,0.689146501913545,0.5732809990168819,0.4434018062943817,0.5732809990168819,0.5952786218534154,0.5732809990168819,0.36799735267435457,0.5732809990168819,0.519113090227343,0.5732809990168819,0.28748155815219684,0.5732809990168819,0.44070870320872435,0.5732809990168819,0.5147495464562654,0.5732809990168819,0.5805855922050204,0.5732809990168819,0.5321471529385038,0.5732809990168819,0.3201975352169627,0.5732809990168819,0.533364926914744,0.5732809990168819,0.4267030167836749,0.5732809990168819,0.2955102059565337,0.5732809990168819,0.6012810724128238,0.5732809990168819,0.28664049950844095,0.5732809990168819,0.5321471529385038,0.5732809990168819,0.44070870320872435,0.5732809990168819,0.28748155815219684,0.5732809990168819,0.5805855922050204,0.5732809990168819,0.5147495464562654,0.5732809990168819,0.28664049950844095,0.5732809990168819,0.6012810724128238,0.5732809990168819,0.4267030167836749,0.5732809990168819,0.2955102059565337,0.5732809990168819,0.532111993748882,0.5732809990168819,0.689146501913545,0.5732809990168819,0.41568707130681076,0.5732809990168819,0.3639627150183989,0.5732809990168819,0.533364926914744,0.5732809990168819,0.3201975352169627,0.5732809990168819,0.5952786218534154,0.5732809990168819,0.36799735267435457,0.5732809990168819,0.519113090227343,0.5732809990168819,0.4434018062943817
jayden_lienou,DEF,Leeds,,11.612757563577444,0.33179307324506985,16.156233258891987,0.46160666453977106,35,0.33179307324507,0.165896536622535,0.33179307324507,0.47802008818546166,0.33179307324507,0.2653108611434239,0.33179307324507,0.66358614649014,0.33179307324507,0.40048949064364103,0.33179307324507,0.5951736214614792,0.33179307324507,0.66358614649014,0.33179307324507,0.23554112102981214,0.33179307324507,0.66358614649014,0.33179307324507,0.23454516132454703,0.33179307324507,0.46050660772478963,0.33179307324507,0.3373872376645299,0.33179307324507,0.66358614649014,0.33179307324507,0.66358614649014,0.33179307324507,0.532022095905054,0.33179307324507,0.36172545685248914,0.33179307324507,0.23454516132454703,0.33179307324507,0.66358614649014,0.33179307324507,0.23554112102981214,0.33179307324507,0.66358614649014,0.33179307324507,0.5951736214614792,0.33179307324507,0.36172545685248914,0.33179307324507,0.66358614649014,0.33179307324507,0.66358614649014,0.33179307324507,0.532022095905054,0.33179307324507,0.3443544427275504,0.33179307324507,0.165896536622535,0.33179307324507,0.66358614649014,0.33179307324507,0.37919464765737265,0.33179307324507,0.3373872376645299,0.33179307324507,0.46050660772478963,0.33179307324507,0.2653108611434239,0.33179307324507,0.66358614649014,0.33179307324507,0.40048949064364103,0.33179307324507,0.47802008818546166
melker_ellborg,GK,Sunderland,14974.0,13.209879276186701,0.3774251221767629,16.10347187954187,0.4600991965583392,35,0.3774251221767626,0.3019400977414101,0.3774251221767626,0.2516167481178418,0.3774251221767626,0.3019400977414101,0.3774251221767626,0.40258679698854677,0.3774251221767626,0.35226344736497844,0.3774251221767626,0.7548502443535252,0.3774251221767626,0.2516167481178418,0.3774251221767626,0.7548502443535252,0.3774251221767626,0.7548502443535252,0.3774251221767626,0.20129339849427338,0.3774251221767626,0.20129339849427338,0.3774251221767626,0.7548502443535252,0.3774251221767626,0.40258679698854677,0.3774251221767626,0.35226344736497844,0.3774251221767626,0.6542035451063885,0.3774251221767626,0.6542035451063885,0.3774251221767626,0.20129339849427338,0.3774251221767626,0.2516167481178418,0.3774251221767626,0.7548502443535252,0.3774251221767626,0.7548502443535252,0.3774251221767626,0.7548502443535252,0.3774251221767626,0.6542035451063885,0.3774251221767626,0.35226344736497844,0.3774251221767626,0.40258679698854677,0.3774251221767626,0.6542035451063885,0.3774251221767626,0.35226344736497844,0.3774251221767626,0.3019400977414101,0.3774251221767626,0.5535568458592518,0.3774251221767626,0.5032334962356836,0.3774251221767626,0.7548502443535252,0.3774251221767626,0.20129339849427338,0.3774251221767626,0.3019400977414101,0.3774251221767626,0.40258679698854677,0.3774251221767626,0.35226344736497844,0.3774251221767626,0.2516167481178418
borna_sosa,DEF,Crystal Palace,,17.198413226332864,0.49138323503808184,16.096810739283946,0.4599088782652556,35,0.49138323503808157,0.37518010914173333,0.49138323503808157,0.4465845516048395,0.49138323503808157,0.6373479709916022,0.49138323503808157,0.2805495843898363,0.49138323503808157,0.24569161751904078,0.49138323503808157,0.9093238492615029,0.49138323503808157,0.2748733210917447,0.49138323503808157,0.7348435969087665,0.49138323503808157,0.43344461221446867,0.49138323503808157,0.24569161751904078,0.49138323503808157,0.8969970666082562,0.49138323503808157,0.6455435331189668,0.49138323503808157,0.32628346323229096,0.49138323503808157,0.24569161751904078,0.49138323503808157,0.48489489729894725,0.49138323503808157,0.30893430606119804,0.49138323503808157,0.24569161751904078,0.49138323503808157,0.2748733210917447,0.49138323503808157,0.9093238492615029,0.49138323503808157,0.43344461221446867,0.49138323503808157,0.7348435969087665,0.49138323503808157,0.30893430606119804,0.49138323503808157,0.48489489729894725,0.49138323503808157,0.32628346323229096,0.49138323503808157,0.24569161751904078,0.49138323503808157,0.5726657404204532,0.49138323503808157,0.37518010914173333,0.49138323503808157,0.2947019523818978,0.49138323503808157,0.24569161751904078,0.49138323503808157,0.6455435331189668,0.49138323503808157,0.8969970666082562,0.49138323503808157,0.6373479709916022,0.49138323503808157,0.2805495843898363,0.49138323503808157,0.24569161751904078,0.49138323503808157,0.4465845516048395
harry_howell,MID,Brighton,,12.27940853427729,0.350840243836494,16.065834394755594,0.4590238398501598,35,0.35084024383649415,0.5219642844558714,0.35084024383649415,0.24648785239706855,0.35084024383649415,0.4077327174148957,0.35084024383649415,0.6759593822315145,0.35084024383649415,0.5219297980527183,0.35084024383649415,0.36095556240347276,0.35084024383649415,0.28985548893716306,0.35084024383649415,0.2819804728195382,0.35084024383649415,0.5231587557945363,0.35084024383649415,0.43227554944825586,0.35084024383649415,0.5091796342345628,0.35084024383649415,0.434917118828659,0.35084024383649415,0.6440743849144058,0.35084024383649415,0.5838877051053246,0.35084024383649415,0.5048995887817488,0.35084024383649415,0.3569981293034351,0.35084024383649415,0.43227554944825586,0.35084024383649415,0.28985548893716306,0.35084024383649415,0.36095556240347276,0.35084024383649415,0.5231587557945363,0.35084024383649415,0.2819804728195382,0.35084024383649415,0.3569981293034351,0.35084024383649415,0.5048995887817488,0.35084024383649415,0.6440743849144058,0.35084024383649415,0.5838877051053246,0.35084024383649415,0.31407041535627606,0.35084024383649415,0.5219642844558714,0.35084024383649415,0.5694758330046021,0.35084024383649415,0.589775296148371,0.35084024383649415,0.434917118828659,0.35084024383649415,0.5091796342345628,0.35084024383649415,0.4077327174148957,0.35084024383649415,0.6759593822315145,0.35084024383649415,0.5219297980527183,0.35084024383649415,0.24648785239706855
zavier_gozo,MID,Crystal Palace,,21.60163383897442,0.617189538256412,15.936283765009856,0.4553223932859959,35,0.6171895382564123,0.6476060706001419,0.6171895382564123,0.3157925735668906,0.6171895382564123,0.5119716447038712,0.6171895382564123,0.420832857840607,0.6171895382564123,0.5260274186888889,0.6171895382564123,0.5076681302611175,0.6171895382564123,0.5247917221408605,0.6171895382564123,0.524826397645054,0.6171895382564123,0.30859476912820616,0.6171895382564123,0.5930092408913911,0.6171895382564123,0.5725984686735585,0.6171895382564123,0.3589556752214629,0.6171895382564123,0.4099684588687214,0.6171895382564123,0.30859476912820616,0.6171895382564123,0.4346458678556288,0.6171895382564123,0.30859476912820616,0.6171895382564123,0.5930092408913911,0.6171895382564123,0.5247917221408605,0.6171895382564123,0.5076681302611175,0.6171895382564123,0.30859476912820616,0.6171895382564123,0.524826397645054,0.6171895382564123,0.30859476912820616,0.6171895382564123,0.4346458678556288,0.6171895382564123,0.4099684588687214,0.6171895382564123,0.30859476912820616,0.6171895382564123,0.5870893661222764,0.6171895382564123,0.6476060706001419,0.6171895382564123,0.4373019218871641,0.6171895382564123,0.3629348083147917,0.6171895382564123,0.3589556752214629,0.6171895382564123,0.5725984686735585,0.6171895382564123,0.5119716447038712,0.6171895382564123,0.420832857840607,0.6171895382564123,0.5260274186888889,0.6171895382564123,0.3157925735668906
matthijs_de_ligt,DEF,Man Utd,,21.09325297218398,0.6026643706338279,15.863515100685957,0.45324328859102736,35,0.6026643706338275,0.30133218531691375,0.6026643706338275,0.5596846067661212,0.6026643706338275,0.8887113809590186,0.6026643706338275,0.43646141459286103,0.6026643706338275,0.47390334493976505,0.6026643706338275,0.30133218531691375,0.6026643706338275,0.876664020666593,0.6026643706338275,0.30133218531691375,0.6026643706338275,0.30193141199171103,0.6026643706338275,0.30133218531691375,0.6026643706338275,0.7181862307120404,0.6026643706338275,0.38062056275817924,0.6026643706338275,0.30133218531691375,0.6026643706338275,0.6229006265604774,0.6026643706338275,0.3188873000842965,0.6026643706338275,0.30133218531691375,0.6026643706338275,0.30133218531691375,0.6026643706338275,0.876664020666593,0.6026643706338275,0.30133218531691375,0.6026643706338275,0.30193141199171103,0.6026643706338275,0.30133218531691375,0.6026643706338275,0.30133218531691375,0.6026643706338275,0.6229006265604774,0.6026643706338275,0.30133218531691375,0.6026643706338275,0.3188873000842965,0.6026643706338275,0.30133218531691375,0.6026643706338275,0.30133218531691375,0.6026643706338275,0.4236193301244748,0.6026643706338275,0.3666755613794733,0.6026643706338275,0.38062056275817924,0.6026643706338275,0.7181862307120404,0.6026643706338275,0.47390334493976505,0.6026643706338275,0.43646141459286103,0.6026643706338275,0.8887113809590186,0.6026643706338275,0.5596846067661212
dillon_phillips,GK,Hull City,,8.027366640349072,0.22935333258140206,15.565446171191148,0.4447270334626042,35,0.2293533325814019,0.4417175294160333,0.2293533325814019,0.3533740235328266,0.2293533325814019,0.4587066651628038,0.2293533325814019,0.4587066651628038,0.2293533325814019,0.4587066651628038,0.2293533325814019,0.4587066651628038,0.2293533325814019,0.4587066651628038,0.2293533325814019,0.4587066651628038,0.2293533325814019,0.4587066651628038,0.2293533325814019,0.4587066651628038,0.2293533325814019,0.4587066651628038,0.2293533325814019,0.4587066651628038,0.2293533325814019,0.4417175294160333,0.2293533325814019,0.3533740235328266,0.2293533325814019,0.4587066651628038,0.2293533325814019,0.4587066651628038,0.2293533325814019,0.4587066651628038,0.2293533325814019,0.4587066651628038,0.2293533325814019,0.4587066651628038,0.2293533325814019,0.4587066651628038,0.2293533325814019,0.4587066651628038,0.2293533325814019,0.4587066651628038,0.2293533325814019,0.3533740235328266,0.2293533325814019,0.4417175294160333,0.2293533325814019,0.4587066651628038,0.2293533325814019,0.4587066651628038,0.2293533325814019,0.4417175294160333,0.2293533325814019,0.4587066651628038,0.2293533325814019,0.4587066651628038,0.2293533325814019,0.4587066651628038,0.2293533325814019,0.4587066651628038,0.2293533325814019,0.4587066651628038,0.2293533325814019,0.4587066651628038,0.2293533325814019,0.4587066651628038,0.2293533325814019,0.3533740235328266
simon_adingra,MID,Sunderland,,15.390099470694757,0.4397171277341359,15.541492628886134,0.44404264653960385,35,0.4397171277341356,0.2387833572239486,0.4397171277341356,0.3496731387010322,0.4397171277341356,0.4054555884372939,0.4397171277341356,0.41876386985920744,0.4397171277341356,0.30425348533071755,0.4397171277341356,0.5056491952089861,0.4397171277341356,0.5713406314044034,0.4397171277341356,0.5516756705871677,0.4397171277341356,0.4891178924147699,0.4397171277341356,0.5056157867507461,0.4397171277341356,0.5068063308389186,0.4397171277341356,0.49326415606368873,0.4397171277341356,0.654830852987654,0.4397171277341356,0.4213228714443101,0.4397171277341356,0.3458394034786817,0.4397171277341356,0.273166581300647,0.4397171277341356,0.5056157867507461,0.4397171277341356,0.5713406314044034,0.4397171277341356,0.5056491952089861,0.4397171277341356,0.4891178924147699,0.4397171277341356,0.5516756705871677,0.4397171277341356,0.273166581300647,0.4397171277341356,0.4213228714443101,0.4397171277341356,0.654830852987654,0.4397171277341356,0.3458394034786817,0.4397171277341356,0.28079544726086475,0.4397171277341356,0.2387833572239486,0.4397171277341356,0.6239424881842194,0.4397171277341356,0.5656370693767074,0.4397171277341356,0.49326415606368873,0.4397171277341356,0.5068063308389186,0.4397171277341356,0.4054555884372939,0.4397171277341356,0.41876386985920744,0.4397171277341356,0.30425348533071755,0.4397171277341356,0.3496731387010322
will_hughes,MID,Crystal Palace,,21.04306112172033,0.601230317763438,15.524205058745832,0.4435487159641666,35,0.6012303177634384,0.6308603426953984,0.6012303177634384,0.3076268432697839,0.6012303177634384,0.4987331371506452,0.6012303177634384,0.4099510072053223,0.6012303177634384,0.5124254584484058,0.6012303177634384,0.49454090252005517,0.6012303177634384,0.5112217144083995,0.6012303177634384,0.5112554932771467,0.6012303177634384,0.3006151588817192,0.6012303177634384,0.5776752719189213,0.6012303177634384,0.5577922792470228,0.6012303177634384,0.349673838098547,0.6012303177634384,0.3993675386899149,0.6012303177634384,0.3006151588817192,0.6012303177634384,0.42340684189763184,0.6012303177634384,0.3006151588817192,0.6012303177634384,0.5776752719189213,0.6012303177634384,0.5112217144083995,0.6012303177634384,0.49454090252005517,0.6012303177634384,0.3006151588817192,0.6012303177634384,0.5112554932771467,0.6012303177634384,0.3006151588817192,0.6012303177634384,0.42340684189763184,0.6012303177634384,0.3993675386899149,0.6012303177634384,0.3006151588817192,0.6012303177634384,0.5719084726329037,0.6012303177634384,0.6308603426953984,0.6012303177634384,0.4259942159705757,0.6012303177634384,0.3535500791976487,0.6012303177634384,0.349673838098547,0.6012303177634384,0.5577922792470228,0.6012303177634384,0.4987331371506452,0.6012303177634384,0.4099510072053223,0.6012303177634384,0.5124254584484058,0.6012303177634384,0.3076268432697839
john_victor_maciel_furtado,GK,Nott'm Forest,,13.185854863061683,0.37673871037319095,15.370939383226188,0.4391696966636054,35,0.37673871037319095,0.7534774207463819,0.37673871037319095,0.7534774207463819,0.37673871037319095,0.40185462439807035,0.37673871037319095,0.3013909682985528,0.37673871037319095,0.5525501085473467,0.37673871037319095,0.35162279634831156,0.37673871037319095,0.251159140248794,0.37673871037319095,0.40185462439807035,0.37673871037319095,0.251159140248794,0.37673871037319095,0.6530137646468642,0.37673871037319095,0.3013909682985528,0.37673871037319095,0.35162279634831156,0.37673871037319095,0.35162279634831156,0.37673871037319095,0.6530137646468642,0.37673871037319095,0.20092731219903517,0.37673871037319095,0.502318280497588,0.37673871037319095,0.6530137646468642,0.37673871037319095,0.251159140248794,0.37673871037319095,0.40185462439807035,0.37673871037319095,0.251159140248794,0.37673871037319095,0.35162279634831156,0.37673871037319095,0.502318280497588,0.37673871037319095,0.6530137646468642,0.37673871037319095,0.35162279634831156,0.37673871037319095,0.20092731219903517,0.37673871037319095,0.7534774207463819,0.37673871037319095,0.7534774207463819,0.37673871037319095,0.35162279634831156,0.37673871037319095,0.20092731219903517,0.37673871037319095,0.35162279634831156,0.37673871037319095,0.3013909682985528,0.37673871037319095,0.40185462439807035,0.37673871037319095,0.3013909682985528,0.37673871037319095,0.5525501085473467,0.37673871037319095,0.7534774207463819
steven_benda,GK,Nott'm Forest,,13.185854863061683,0.37673871037319095,15.370939383226188,0.4391696966636054,35,0.37673871037319095,0.7534774207463819,0.37673871037319095,0.7534774207463819,0.37673871037319095,0.40185462439807035,0.37673871037319095,0.3013909682985528,0.37673871037319095,0.5525501085473467,0.37673871037319095,0.35162279634831156,0.37673871037319095,0.251159140248794,0.37673871037319095,0.40185462439807035,0.37673871037319095,0.251159140248794,0.37673871037319095,0.6530137646468642,0.37673871037319095,0.3013909682985528,0.37673871037319095,0.35162279634831156,0.37673871037319095,0.35162279634831156,0.37673871037319095,0.6530137646468642,0.37673871037319095,0.20092731219903517,0.37673871037319095,0.502318280497588,0.37673871037319095,0.6530137646468642,0.37673871037319095,0.251159140248794,0.37673871037319095,0.40185462439807035,0.37673871037319095,0.251159140248794,0.37673871037319095,0.35162279634831156,0.37673871037319095,0.502318280497588,0.37673871037319095,0.6530137646468642,0.37673871037319095,0.35162279634831156,0.37673871037319095,0.20092731219903517,0.37673871037319095,0.7534774207463819,0.37673871037319095,0.7534774207463819,0.37673871037319095,0.35162279634831156,0.37673871037319095,0.20092731219903517,0.37673871037319095,0.35162279634831156,0.37673871037319095,0.3013909682985528,0.37673871037319095,0.40185462439807035,0.37673871037319095,0.3013909682985528,0.37673871037319095,0.5525501085473467,0.37673871037319095,0.7534774207463819
harvey_cartwright,GK,Hull City,,7.870555612277926,0.22487301749365501,15.261382120569385,0.43603948915912527,35,0.22487301749365485,0.43308877443222416,0.22487301749365485,0.3464710195457793,0.22487301749365485,0.4497460349873097,0.22487301749365485,0.4497460349873097,0.22487301749365485,0.4497460349873097,0.22487301749365485,0.4497460349873097,0.22487301749365485,0.4497460349873097,0.22487301749365485,0.4497460349873097,0.22487301749365485,0.4497460349873097,0.22487301749365485,0.4497460349873097,0.22487301749365485,0.4497460349873097,0.22487301749365485,0.4497460349873097,0.22487301749365485,0.43308877443222416,0.22487301749365485,0.3464710195457793,0.22487301749365485,0.4497460349873097,0.22487301749365485,0.4497460349873097,0.22487301749365485,0.4497460349873097,0.22487301749365485,0.4497460349873097,0.22487301749365485,0.4497460349873097,0.22487301749365485,0.4497460349873097,0.22487301749365485,0.4497460349873097,0.22487301749365485,0.4497460349873097,0.22487301749365485,0.3464710195457793,0.22487301749365485,0.43308877443222416,0.22487301749365485,0.4497460349873097,0.22487301749365485,0.4497460349873097,0.22487301749365485,0.43308877443222416,0.22487301749365485,0.4497460349873097,0.22487301749365485,0.4497460349873097,0.22487301749365485,0.4497460349873097,0.22487301749365485,0.4497460349873097,0.22487301749365485,0.4497460349873097,0.22487301749365485,0.4497460349873097,0.22487301749365485,0.4497460349873097,0.22487301749365485,0.3464710195457793
thimothee_lo_tutala,GK,Hull City,,7.870555612277926,0.22487301749365501,15.261382120569385,0.43603948915912527,35,0.22487301749365485,0.43308877443222416,0.22487301749365485,0.3464710195457793,0.22487301749365485,0.4497460349873097,0.22487301749365485,0.4497460349873097,0.22487301749365485,0.4497460349873097,0.22487301749365485,0.4497460349873097,0.22487301749365485,0.4497460349873097,0.22487301749365485,0.4497460349873097,0.22487301749365485,0.4497460349873097,0.22487301749365485,0.4497460349873097,0.22487301749365485,0.4497460349873097,0.22487301749365485,0.4497460349873097,0.22487301749365485,0.43308877443222416,0.22487301749365485,0.3464710195457793,0.22487301749365485,0.4497460349873097,0.22487301749365485,0.4497460349873097,0.22487301749365485,0.4497460349873097,0.22487301749365485,0.4497460349873097,0.22487301749365485,0.4497460349873097,0.22487301749365485,0.4497460349873097,0.22487301749365485,0.4497460349873097,0.22487301749365485,0.4497460349873097,0.22487301749365485,0.3464710195457793,0.22487301749365485,0.43308877443222416,0.22487301749365485,0.4497460349873097,0.22487301749365485,0.4497460349873097,0.22487301749365485,0.43308877443222416,0.22487301749365485,0.4497460349873097,0.22487301749365485,0.4497460349873097,0.22487301749365485,0.4497460349873097,0.22487301749365485,0.4497460349873097,0.22487301749365485,0.4497460349873097,0.22487301749365485,0.4497460349873097,0.22487301749365485,0.4497460349873097,0.22487301749365485,0.3464710195457793
divine_mukasa,MID,Man City,,12.849338249669986,0.367123949990571,15.237353070166389,0.43535294486189685,35,0.3671239499905712,0.339469879697097,0.3671239499905712,0.38771345048634487,0.3671239499905712,0.49630356915593393,0.3671239499905712,0.6124509794756824,0.3671239499905712,0.5415151415433936,0.3671239499905712,0.39798807898940947,0.3671239499905712,0.48417942557593024,0.3671239499905712,0.5552194051981868,0.3671239499905712,0.2343855463985019,0.3671239499905712,0.29864987339132937,0.3671239499905712,0.2756238755397175,0.3671239499905712,0.5608179214340796,0.3671239499905712,0.2681355148043855,0.3671239499905712,0.4974721863069027,0.3671239499905712,0.4135631250926902,0.3671239499905712,0.480109526056289,0.3671239499905712,0.29864987339132937,0.3671239499905712,0.48417942557593024,0.3671239499905712,0.39798807898940947,0.3671239499905712,0.2343855463985019,0.3671239499905712,0.5552194051981868,0.3671239499905712,0.480109526056289,0.3671239499905712,0.4974721863069027,0.3671239499905712,0.2681355148043855,0.3671239499905712,0.4135631250926902,0.3671239499905712,0.4963363623113277,0.3671239499905712,0.339469879697097,0.3671239499905712,0.4110512541158684,0.3671239499905712,0.642770455447449,0.3671239499905712,0.5608179214340796,0.3671239499905712,0.2756238755397175,0.3671239499905712,0.49630356915593393,0.3671239499905712,0.6124509794756824,0.3671239499905712,0.5415151415433936,0.3671239499905712,0.38771345048634487
tyler_fletcher,MID,Man Utd,,12.849338249669986,0.367123949990571,15.235857082923346,0.43531020236923845,35,0.3671239499905712,0.33736448602918134,0.3671239499905712,0.5457263886445677,0.3671239499905712,0.47190072132840716,0.3671239499905712,0.2935436250050213,0.3671239499905712,0.40402319219444655,0.3671239499905712,0.551229182708639,0.3671239499905712,0.5322564374084545,0.3671239499905712,0.48781788232023016,0.3671239499905712,0.27091132048747246,0.3671239499905712,0.4889665187179055,0.3671239499905712,0.48785011478562623,0.3671239499905712,0.6317805107217924,0.3671239499905712,0.23037807502581847,0.3671239499905712,0.47590103462114464,0.3671239499905712,0.38108441308406976,0.3671239499905712,0.3911833682991537,0.3671239499905712,0.4889665187179055,0.3671239499905712,0.5322564374084545,0.3671239499905712,0.48781788232023016,0.3671239499905712,0.27091132048747246,0.3671239499905712,0.551229182708639,0.3671239499905712,0.3911833682991537,0.3671239499905712,0.47590103462114464,0.3671239499905712,0.23037807502581847,0.3671239499905712,0.38108441308406976,0.3671239499905712,0.40649211576607996,0.3671239499905712,0.33736448602918134,0.3671239499905712,0.26355099406029764,0.3671239499905712,0.6019794303331094,0.3671239499905712,0.6317805107217924,0.3671239499905712,0.48785011478562623,0.3671239499905712,0.40402319219444655,0.3671239499905712,0.2935436250050213,0.3671239499905712,0.47190072132840716,0.3671239499905712,0.5457263886445677
bendito_mantato,MID,Man Utd,,12.849338249669986,0.367123949990571,15.235857082923346,0.43531020236923845,35,0.3671239499905712,0.33736448602918134,0.3671239499905712,0.5457263886445677,0.3671239499905712,0.47190072132840716,0.3671239499905712,0.2935436250050213,0.3671239499905712,0.40402319219444655,0.3671239499905712,0.551229182708639,0.3671239499905712,0.5322564374084545,0.3671239499905712,0.48781788232023016,0.3671239499905712,0.27091132048747246,0.3671239499905712,0.4889665187179055,0.3671239499905712,0.48785011478562623,0.3671239499905712,0.6317805107217924,0.3671239499905712,0.23037807502581847,0.3671239499905712,0.47590103462114464,0.3671239499905712,0.38108441308406976,0.3671239499905712,0.3911833682991537,0.3671239499905712,0.4889665187179055,0.3671239499905712,0.5322564374084545,0.3671239499905712,0.48781788232023016,0.3671239499905712,0.27091132048747246,0.3671239499905712,0.551229182708639,0.3671239499905712,0.3911833682991537,0.3671239499905712,0.47590103462114464,0.3671239499905712,0.23037807502581847,0.3671239499905712,0.38108441308406976,0.3671239499905712,0.40649211576607996,0.3671239499905712,0.33736448602918134,0.3671239499905712,0.26355099406029764,0.3671239499905712,0.6019794303331094,0.3671239499905712,0.6317805107217924,0.3671239499905712,0.48785011478562623,0.3671239499905712,0.40402319219444655,0.3671239499905712,0.2935436250050213,0.3671239499905712,0.47190072132840716,0.3671239499905712,0.5457263886445677
guglielmo_vicario,GK,Spurs,,12.865737528380333,0.36759250081086664,14.997774033083354,0.42850782951666727,35,0.3675925008108665,0.34308633409014205,0.3675925008108665,0.735185001621733,0.3675925008108665,0.6371603347388352,0.3675925008108665,0.735185001621733,0.3675925008108665,0.24506166720724434,0.3675925008108665,0.3920986675315909,0.3675925008108665,0.34308633409014205,0.3675925008108665,0.5391356678559375,0.3675925008108665,0.34308633409014205,0.3675925008108665,0.4901233344144887,0.3675925008108665,0.2940740006486932,0.3675925008108665,0.6371603347388352,0.3675925008108665,0.19604933376579545,0.3675925008108665,0.3920986675315909,0.3675925008108665,0.2940740006486932,0.3675925008108665,0.24506166720724434,0.3675925008108665,0.4901233344144887,0.3675925008108665,0.34308633409014205,0.3675925008108665,0.3920986675315909,0.3675925008108665,0.34308633409014205,0.3675925008108665,0.5391356678559375,0.3675925008108665,0.24506166720724434,0.3675925008108665,0.2940740006486932,0.3675925008108665,0.19604933376579545,0.3675925008108665,0.3920986675315909,0.3675925008108665,0.735185001621733,0.3675925008108665,0.34308633409014205,0.3675925008108665,0.34308633409014205,0.3675925008108665,0.19604933376579545,0.3675925008108665,0.6371603347388352,0.3675925008108665,0.2940740006486932,0.3675925008108665,0.24506166720724434,0.3675925008108665,0.735185001621733,0.3675925008108665,0.6371603347388352,0.3675925008108665,0.735185001621733
rio_cardines,DEF,Crystal Palace,,16.00075195185897,0.45716434148168483,14.975862741857188,0.4278817926244911,35,0.45716434148168505,0.34905335653039676,0.45716434148168505,0.41548534400954423,0.45716434148168505,0.5929644006484733,0.45716434148168505,0.26101270221520717,0.45716434148168505,0.22858217074084253,0.45716434148168505,0.8460004515803413,0.45716434148168505,0.2557317219380767,0.45716434148168505,0.6836706365181422,0.45716434148168505,0.40326044232350566,0.45716434148168505,0.22858217074084253,0.45716434148168505,0.8345320801088916,0.45716434148168505,0.6005892410904524,0.45716434148168505,0.3035617700579341,0.45716434148168505,0.22858217074084253,0.45716434148168505,0.4511278379172274,0.45716434148168505,0.28742077165213725,0.45716434148168505,0.22858217074084253,0.45716434148168505,0.2557317219380767,0.45716434148168505,0.8460004515803413,0.45716434148168505,0.40326044232350566,0.45716434148168505,0.6836706365181422,0.45716434148168505,0.28742077165213725,0.45716434148168505,0.4511278379172274,0.45716434148168505,0.3035617700579341,0.45716434148168505,0.22858217074084253,0.45716434148168505,0.5327865043831801,0.45716434148168505,0.34905335653039676,0.45716434148168505,0.27417952910745114,0.45716434148168505,0.22858217074084253,0.45716434148168505,0.6005892410904524,0.45716434148168505,0.8345320801088916,0.45716434148168505,0.5929644006484733,0.45716434148168505,0.26101270221520717,0.45716434148168505,0.22858217074084253,0.45716434148168505,0.41548534400954423
brian_madjo,FWD,Aston Villa,61014.0,18.149781314391497,0.5185651804111856,14.824478865198513,0.4235565390056718,35,0.5185651804111857,0.3043050975969215,0.5185651804111857,0.37454246466130886,0.5185651804111857,0.44047702321576204,0.5185651804111857,0.25928259020559286,0.5185651804111857,0.28272209792732167,0.5185651804111857,0.6603221725632544,0.5185651804111857,0.3287404275626873,0.5185651804111857,0.3760876577190154,0.5185651804111857,0.7739342798293319,0.5185651804111857,0.7856242715737514,0.5185651804111857,0.6292756534662568,0.5185651804111857,0.4046036031540767,0.5185651804111857,0.5461418018096009,0.5185651804111857,0.25928259020559286,0.5185651804111857,0.25928259020559286,0.5185651804111857,0.25928259020559286,0.5185651804111857,0.7856242715737514,0.5185651804111857,0.3287404275626873,0.5185651804111857,0.6603221725632544,0.5185651804111857,0.7739342798293319,0.5185651804111857,0.3760876577190154,0.5185651804111857,0.25928259020559286,0.5185651804111857,0.25928259020559286,0.5185651804111857,0.5461418018096009,0.5185651804111857,0.25928259020559286,0.5185651804111857,0.25928259020559286,0.5185651804111857,0.3043050975969215,0.5185651804111857,0.41809986098400553,0.5185651804111857,0.25928259020559286,0.5185651804111857,0.4046036031540767,0.5185651804111857,0.6292756534662568,0.5185651804111857,0.44047702321576204,0.5185651804111857,0.25928259020559286,0.5185651804111857,0.28272209792732167,0.5185651804111857,0.37454246466130886
tatsuhiro_sakamoto,MID,Coventry City,,24.197825670845884,0.6913664477384538,14.726889218962938,0.4207682633989411,35,0.691366447738454,0.3566437211472226,0.691366447738454,0.43388121694197657,0.691366447738454,0.4457930803913836,0.691366447738454,0.430234112453154,0.691366447738454,0.4975413214029914,0.691366447738454,0.3474364560652054,0.691366447738454,0.3706007783872748,0.691366447738454,0.5759972702106321,0.691366447738454,0.345683223869227,0.691366447738454,0.5488274847204179,0.691366447738454,0.345683223869227,0.691366447738454,0.48526070335574045,0.691366447738454,0.36834984912705615,0.691366447738454,0.5025582446946186,0.691366447738454,0.345683223869227,0.691366447738454,0.44474586317227427,0.691366447738454,0.5488274847204179,0.691366447738454,0.3706007783872748,0.691366447738454,0.3474364560652054,0.691366447738454,0.345683223869227,0.691366447738454,0.5759972702106321,0.691366447738454,0.44474586317227427,0.691366447738454,0.345683223869227,0.691366447738454,0.36834984912705615,0.691366447738454,0.5025582446946186,0.691366447738454,0.345683223869227,0.691366447738454,0.3566437211472226,0.691366447738454,0.345683223869227,0.691366447738454,0.345683223869227,0.691366447738454,0.48526070335574045,0.691366447738454,0.345683223869227,0.691366447738454,0.4457930803913836,0.691366447738454,0.430234112453154,0.691366447738454,0.4975413214029914,0.691366447738454,0.43388121694197657
tim_iroegbunam,MID,Hull City,,17.405989217927743,0.4973139776550784,14.701163981456954,0.42003325661305585,35,0.4973139776550781,0.5278278267913294,0.4973139776550781,0.468208402320767,0.4973139776550781,0.38923528870209967,0.4973139776550781,0.5225586430774944,0.4973139776550781,0.2594103106867875,0.4973139776550781,0.5764235719968315,0.4973139776550781,0.24865698882753906,0.4973139776550781,0.3745764441419125,0.4973139776550781,0.604959505853415,0.4973139776550781,0.45569758777556696,0.4973139776550781,0.3868711784477666,0.4973139776550781,0.4518670999530343,0.4973139776550781,0.32304233716791186,0.4973139776550781,0.467108529032892,0.4973139776550781,0.281081805018922,0.4973139776550781,0.3649062203017167,0.4973139776550781,0.45569758777556696,0.4973139776550781,0.24865698882753906,0.4973139776550781,0.5764235719968315,0.4973139776550781,0.604959505853415,0.4973139776550781,0.3745764441419125,0.4973139776550781,0.3649062203017167,0.4973139776550781,0.467108529032892,0.4973139776550781,0.32304233716791186,0.4973139776550781,0.281081805018922,0.4973139776550781,0.5096605322535964,0.4973139776550781,0.5278278267913294,0.4973139776550781,0.31950057587932196,0.4973139776550781,0.467139393132065,0.4973139776550781,0.4518670999530343,0.4973139776550781,0.3868711784477666,0.4973139776550781,0.38923528870209967,0.4973139776550781,0.5225586430774944,0.4973139776550781,0.2594103106867875,0.4973139776550781,0.468208402320767
leon_goretzka,MID,Aston Villa,,26.018650161269306,0.7433900046076944,14.67912291101813,0.41940351174337515,35,0.7433900046076948,0.4194130134349748,0.7433900046076948,0.41588752529619266,0.7433900046076948,0.3716950023038474,0.7433900046076948,0.4309276638735299,0.7433900046076948,0.3716950023038474,0.7433900046076948,0.480950307987069,0.7433900046076948,0.3716950023038474,0.7433900046076948,0.3716950023038474,0.7433900046076948,0.5305262828496928,0.7433900046076948,0.3716950023038474,0.7433900046076948,0.5567900646449682,0.7433900046076948,0.429943773729604,0.7433900046076948,0.48579993694944673,0.7433900046076948,0.3716950023038474,0.7433900046076948,0.4299153671608875,0.7433900046076948,0.3716950023038474,0.7433900046076948,0.3716950023038474,0.7433900046076948,0.3716950023038474,0.7433900046076948,0.480950307987069,0.7433900046076948,0.5305262828496928,0.7433900046076948,0.3716950023038474,0.7433900046076948,0.3716950023038474,0.7433900046076948,0.3716950023038474,0.7433900046076948,0.48579993694944673,0.7433900046076948,0.4299153671608875,0.7433900046076948,0.3716950023038474,0.7433900046076948,0.4194130134349748,0.7433900046076948,0.3716950023038474,0.7433900046076948,0.3716950023038474,0.7433900046076948,0.429943773729604,0.7433900046076948,0.5567900646449682,0.7433900046076948,0.3716950023038474,0.7433900046076948,0.4309276638735299,0.7433900046076948,0.3716950023038474,0.7433900046076948,0.41588752529619266
robinio_vaz,FWD,Hull City,,19.926250709691175,0.5693214488483193,14.654821491483833,0.41870918547096664,35,0.5693214488483191,0.5270533610515279,0.5693214488483191,0.2846607244241596,0.5693214488483191,0.7581655743702952,0.5693214488483191,0.6372429637745267,0.5693214488483191,0.4250817183057789,0.5693214488483191,0.7468841646354132,0.5693214488483191,0.2846607244241596,0.5693214488483191,0.4034866700491463,0.5693214488483191,0.6072815651326268,0.5693214488483191,0.2936691971611523,0.5693214488483191,0.2846607244241596,0.5693214488483191,0.3614516673182362,0.5693214488483191,0.2846607244241596,0.5693214488483191,0.2846607244241596,0.5693214488483191,0.2846607244241596,0.5693214488483191,0.3629428536581928,0.5693214488483191,0.2936691971611523,0.5693214488483191,0.2846607244241596,0.5693214488483191,0.7468841646354132,0.5693214488483191,0.6072815651326268,0.5693214488483191,0.4034866700491463,0.5693214488483191,0.3629428536581928,0.5693214488483191,0.2846607244241596,0.5693214488483191,0.2846607244241596,0.5693214488483191,0.2846607244241596,0.5693214488483191,0.2846607244241596,0.5693214488483191,0.5270533610515279,0.5693214488483191,0.31725047723198246,0.5693214488483191,0.3904621258239785,0.5693214488483191,0.3614516673182362,0.5693214488483191,0.2846607244241596,0.5693214488483191,0.7581655743702952,0.5693214488483191,0.6372429637745267,0.5693214488483191,0.4250817183057789,0.5693214488483191,0.2846607244241596
ilyas_ansah,FWD,Hull City,,19.926250709691175,0.5693214488483193,14.654821491483833,0.41870918547096664,35,0.5693214488483191,0.5270533610515279,0.5693214488483191,0.2846607244241596,0.5693214488483191,0.7581655743702952,0.5693214488483191,0.6372429637745267,0.5693214488483191,0.4250817183057789,0.5693214488483191,0.7468841646354132,0.5693214488483191,0.2846607244241596,0.5693214488483191,0.4034866700491463,0.5693214488483191,0.6072815651326268,0.5693214488483191,0.2936691971611523,0.5693214488483191,0.2846607244241596,0.5693214488483191,0.3614516673182362,0.5693214488483191,0.2846607244241596,0.5693214488483191,0.2846607244241596,0.5693214488483191,0.2846607244241596,0.5693214488483191,0.3629428536581928,0.5693214488483191,0.2936691971611523,0.5693214488483191,0.2846607244241596,0.5693214488483191,0.7468841646354132,0.5693214488483191,0.6072815651326268,0.5693214488483191,0.4034866700491463,0.5693214488483191,0.3629428536581928,0.5693214488483191,0.2846607244241596,0.5693214488483191,0.2846607244241596,0.5693214488483191,0.2846607244241596,0.5693214488483191,0.2846607244241596,0.5693214488483191,0.5270533610515279,0.5693214488483191,0.31725047723198246,0.5693214488483191,0.3904621258239785,0.5693214488483191,0.3614516673182362,0.5693214488483191,0.2846607244241596,0.5693214488483191,0.7581655743702952,0.5693214488483191,0.6372429637745267,0.5693214488483191,0.4250817183057789,0.5693214488483191,0.2846607244241596
xavi_simons,MID,Spurs,,22.884036726609526,0.6538296207602722,14.591711238814764,0.41690603539470755,35,0.6538296207602718,0.37853597176566645,0.6538296207602718,0.495650960863614,0.6538296207602718,0.3269148103801359,0.6538296207602718,0.4542986447064044,0.6538296207602718,0.5133188720006671,0.6538296207602718,0.5883303520364095,0.6538296207602718,0.3269148103801359,0.6538296207602718,0.560578815199497,0.6538296207602718,0.354875661880093,0.6538296207602718,0.5081945278432314,0.6538296207602718,0.3269148103801359,0.6538296207602718,0.3269148103801359,0.6538296207602718,0.4542686290009629,0.6538296207602718,0.37623684627920506,0.6538296207602718,0.36428007017705394,0.6538296207602718,0.3269148103801359,0.6538296207602718,0.5081945278432314,0.6538296207602718,0.3269148103801359,0.6538296207602718,0.5883303520364095,0.6538296207602718,0.354875661880093,0.6538296207602718,0.560578815199497,0.6538296207602718,0.3269148103801359,0.6538296207602718,0.36428007017705394,0.6538296207602718,0.4542686290009629,0.6538296207602718,0.37623684627920506,0.6538296207602718,0.44317135220469495,0.6538296207602718,0.37853597176566645,0.6538296207602718,0.3269148103801359,0.6538296207602718,0.4553382689229575,0.6538296207602718,0.3269148103801359,0.6538296207602718,0.3269148103801359,0.6538296207602718,0.5133188720006671,0.6538296207602718,0.4542986447064044,0.6538296207602718,0.3269148103801359,0.6538296207602718,0.495650960863614
braiden_graham,MID,Everton,,15.841469255481625,0.452613407299475,14.533853306864877,0.41525295162471076,35,0.45261340729947475,0.4572630539110584,0.45261340729947475,0.5833069123753144,0.45261340729947475,0.2553760292335718,0.45261340729947475,0.5341308629084224,0.45261340729947475,0.22630670364973737,0.45261340729947475,0.47379949532564714,0.45261340729947475,0.4727177206039742,0.45261340729947475,0.26250804914317905,0.45261340729947475,0.47268648794232315,0.45261340729947475,0.515746624307097,0.45261340729947475,0.5287987574356914,0.45261340729947475,0.3790494346441204,0.45261340729947475,0.4611392833596783,0.45261340729947475,0.36926373419009084,0.45261340729947475,0.3268999350723217,0.45261340729947475,0.28443833280879216,0.45261340729947475,0.515746624307097,0.45261340729947475,0.4727177206039742,0.45261340729947475,0.26250804914317905,0.45261340729947475,0.47268648794232315,0.45261340729947475,0.47379949532564714,0.45261340729947475,0.28443833280879216,0.45261340729947475,0.36926373419009084,0.45261340729947475,0.4611392833596783,0.45261340729947475,0.3268999350723217,0.45261340729947475,0.323315879974677,0.45261340729947475,0.4572630539110584,0.45261340729947475,0.612183607011462,0.45261340729947475,0.3914909860567022,0.45261340729947475,0.3790494346441204,0.45261340729947475,0.5287987574356914,0.45261340729947475,0.2553760292335718,0.45261340729947475,0.5341308629084224,0.45261340729947475,0.22630670364973737,0.45261340729947475,0.5833069123753144
james_mcconnell,MID,Liverpool,,12.849338249669986,0.367123949990571,14.528702041612904,0.4151057726175115,35,0.3671239499905712,0.5418467388962778,0.3671239499905712,0.40115093146358183,0.3671239499905712,0.33496611191618325,0.3671239499905712,0.26898537177359666,0.3671239499905712,0.38840238777862873,0.3671239499905712,0.22874028315908224,0.3671239499905712,0.627289089470414,0.3671239499905712,0.33129362112573446,0.3671239499905712,0.4036023030917641,0.3671239499905712,0.378375227532367,0.3671239499905712,0.5473104127820879,0.3671239499905712,0.29145677988526925,0.3671239499905712,0.468545909186618,0.3671239499905712,0.2616773709974527,0.3671239499905712,0.5284725475391261,0.3671239499905712,0.4843819160427871,0.3671239499905712,0.378375227532367,0.3671239499905712,0.627289089470414,0.3671239499905712,0.33129362112573446,0.3671239499905712,0.4036023030917641,0.3671239499905712,0.22874028315908224,0.3671239499905712,0.4843819160427871,0.3671239499905712,0.2616773709974527,0.3671239499905712,0.468545909186618,0.3671239499905712,0.5284725475391261,0.3671239499905712,0.5976998693773562,0.3671239499905712,0.5418467388962778,0.3671239499905712,0.48549038329411226,0.3671239499905712,0.4725177836594959,0.3671239499905712,0.29145677988526925,0.3671239499905712,0.5473104127820879,0.3671239499905712,0.33496611191618325,0.3671239499905712,0.26898537177359666,0.3671239499905712,0.38840238777862873,0.3671239499905712,0.40115093146358183
michael_zetterer,GK,Leeds,,8.870952887289931,0.2534557967797123,14.418818661245858,0.4119662474641674,35,0.2534557967797124,0.22529404158196661,0.2534557967797124,0.45058808316393323,0.2534557967797124,0.3379410623729499,0.2534557967797124,0.5069115935594248,0.2534557967797124,0.39426457276844157,0.2534557967797124,0.45058808316393323,0.2534557967797124,0.5069115935594248,0.2534557967797124,0.2816175519774583,0.2534557967797124,0.5069115935594248,0.2534557967797124,0.2816175519774583,0.2534557967797124,0.5069115935594248,0.2534557967797124,0.22529404158196661,0.2534557967797124,0.5069115935594248,0.2534557967797124,0.5069115935594248,0.2534557967797124,0.5069115935594248,0.2534557967797124,0.39426457276844157,0.2534557967797124,0.2816175519774583,0.2534557967797124,0.5069115935594248,0.2534557967797124,0.2816175519774583,0.2534557967797124,0.5069115935594248,0.2534557967797124,0.45058808316393323,0.2534557967797124,0.39426457276844157,0.2534557967797124,0.5069115935594248,0.2534557967797124,0.5069115935594248,0.2534557967797124,0.5069115935594248,0.2534557967797124,0.3379410623729499,0.2534557967797124,0.22529404158196661,0.2534557967797124,0.5069115935594248,0.2534557967797124,0.39426457276844157,0.2534557967797124,0.22529404158196661,0.2534557967797124,0.5069115935594248,0.2534557967797124,0.3379410623729499,0.2534557967797124,0.5069115935594248,0.2534557967797124,0.39426457276844157,0.2534557967797124,0.45058808316393323
arnaud_kalimuendo,FWD,Nott'm Forest,,20.252822346053744,0.578652067030107,14.40051918393031,0.4114434052551517,35,0.578652067030107,0.2893260335150535,0.578652067030107,0.37722458651792845,0.578652067030107,0.5866933619328452,0.578652067030107,0.2893260335150535,0.578652067030107,0.7215631211012583,0.578652067030107,0.41067049739035333,0.578652067030107,0.2893260335150535,0.578652067030107,0.2893260335150535,0.578652067030107,0.5091850733947358,0.578652067030107,0.2893260335150535,0.578652067030107,0.3898075695654015,0.578652067030107,0.35063827922344676,0.578652067030107,0.7324620658160618,0.578652067030107,0.3064949765458168,0.578652067030107,0.2893260335150535,0.578652067030107,0.6156390021542597,0.578652067030107,0.2893260335150535,0.578652067030107,0.2893260335150535,0.578652067030107,0.2893260335150535,0.578652067030107,0.5091850733947358,0.578652067030107,0.41067049739035333,0.578652067030107,0.6156390021542597,0.578652067030107,0.3064949765458168,0.578652067030107,0.7324620658160618,0.578652067030107,0.2893260335150535,0.578652067030107,0.34919764743534637,0.578652067030107,0.2893260335150535,0.578652067030107,0.2893260335150535,0.578652067030107,0.2893260335150535,0.578652067030107,0.35063827922344676,0.578652067030107,0.3898075695654015,0.578652067030107,0.5866933619328452,0.578652067030107,0.2893260335150535,0.578652067030107,0.7215631211012583,0.578652067030107,0.37722458651792845
leo_shahar,DEF,Newcastle,,11.612757563577444,0.33179307324506985,14.215592506762057,0.40615978590748736,35,0.33179307324507,0.4276783504037213,0.33179307324507,0.4150946916482092,0.33179307324507,0.66358614649014,0.33179307324507,0.66358614649014,0.33179307324507,0.37296120336777366,0.33179307324507,0.28222571605425917,0.33179307324507,0.5484218796096193,0.33179307324507,0.20700104552970358,0.33179307324507,0.2686724899621327,0.33179307324507,0.6182143837398202,0.33179307324507,0.3124702205164395,0.33179307324507,0.35929682208085995,0.33179307324507,0.29585554163163696,0.33179307324507,0.1829970073930297,0.33179307324507,0.6103657815464242,0.33179307324507,0.18377407584551156,0.33179307324507,0.6182143837398202,0.33179307324507,0.5484218796096193,0.33179307324507,0.20700104552970358,0.33179307324507,0.2686724899621327,0.33179307324507,0.28222571605425917,0.33179307324507,0.18377407584551156,0.33179307324507,0.1829970073930297,0.33179307324507,0.29585554163163696,0.33179307324507,0.6103657815464242,0.33179307324507,0.4643668238203973,0.33179307324507,0.4276783504037213,0.33179307324507,0.26323653183267853,0.33179307324507,0.66358614649014,0.33179307324507,0.35929682208085995,0.33179307324507,0.3124702205164395,0.33179307324507,0.66358614649014,0.33179307324507,0.66358614649014,0.33179307324507,0.37296120336777366,0.33179307324507,0.4150946916482092
wilfried_gnonto,MID,Leeds,,15.814284598388024,0.4518367028110864,14.214080477774301,0.40611658507926574,35,0.4518367028110868,0.44893651805020784,0.4518367028110868,0.5800588216123954,0.4518367028110868,0.2259183514055434,0.4518367028110868,0.30634964118399605,0.4518367028110868,0.34988634792778195,0.4518367028110868,0.37094720839147466,0.4518367028110868,0.43326783857112944,0.4518367028110868,0.506101952709868,0.4518367028110868,0.4479115102533363,0.4518367028110868,0.3097456203522111,0.4518367028110868,0.5526974527830744,0.4518367028110868,0.44788191654859544,0.4518367028110868,0.5010496533967187,0.4518367028110868,0.4886824405615687,0.4518367028110868,0.241974984120254,0.4518367028110868,0.37321400971457425,0.4518367028110868,0.3097456203522111,0.4518367028110868,0.43326783857112944,0.4518367028110868,0.506101952709868,0.4518367028110868,0.4479115102533363,0.4518367028110868,0.37094720839147466,0.4518367028110868,0.37321400971457425,0.4518367028110868,0.4886824405615687,0.4518367028110868,0.5010496533967187,0.4518367028110868,0.241974984120254,0.4518367028110868,0.35915853654734753,0.4518367028110868,0.44893651805020784,0.4518367028110868,0.43694066002618615,0.4518367028110868,0.24873274603530876,0.4518367028110868,0.44788191654859544,0.4518367028110868,0.5526974527830744,0.4518367028110868,0.2259183514055434,0.4518367028110868,0.30634964118399605,0.4518367028110868,0.34988634792778195,0.4518367028110868,0.5800588216123954
jack_harrison,MID,Leeds,,15.814284598388024,0.4518367028110864,14.214080477774301,0.40611658507926574,35,0.4518367028110868,0.44893651805020784,0.4518367028110868,0.5800588216123954,0.4518367028110868,0.2259183514055434,0.4518367028110868,0.30634964118399605,0.4518367028110868,0.34988634792778195,0.4518367028110868,0.37094720839147466,0.4518367028110868,0.43326783857112944,0.4518367028110868,0.506101952709868,0.4518367028110868,0.4479115102533363,0.4518367028110868,0.3097456203522111,0.4518367028110868,0.5526974527830744,0.4518367028110868,0.44788191654859544,0.4518367028110868,0.5010496533967187,0.4518367028110868,0.4886824405615687,0.4518367028110868,0.241974984120254,0.4518367028110868,0.37321400971457425,0.4518367028110868,0.3097456203522111,0.4518367028110868,0.43326783857112944,0.4518367028110868,0.506101952709868,0.4518367028110868,0.4479115102533363,0.4518367028110868,0.37094720839147466,0.4518367028110868,0.37321400971457425,0.4518367028110868,0.4886824405615687,0.4518367028110868,0.5010496533967187,0.4518367028110868,0.241974984120254,0.4518367028110868,0.35915853654734753,0.4518367028110868,0.44893651805020784,0.4518367028110868,0.43694066002618615,0.4518367028110868,0.24873274603530876,0.4518367028110868,0.44788191654859544,0.4518367028110868,0.5526974527830744,0.4518367028110868,0.2259183514055434,0.4518367028110868,0.30634964118399605,0.4518367028110868,0.34988634792778195,0.4518367028110868,0.5800588216123954
ilia_gruev,MID,Leeds,,15.814284598388024,0.4518367028110864,14.214080477774301,0.40611658507926574,35,0.4518367028110868,0.44893651805020784,0.4518367028110868,0.5800588216123954,0.4518367028110868,0.2259183514055434,0.4518367028110868,0.30634964118399605,0.4518367028110868,0.34988634792778195,0.4518367028110868,0.37094720839147466,0.4518367028110868,0.43326783857112944,0.4518367028110868,0.506101952709868,0.4518367028110868,0.4479115102533363,0.4518367028110868,0.3097456203522111,0.4518367028110868,0.5526974527830744,0.4518367028110868,0.44788191654859544,0.4518367028110868,0.5010496533967187,0.4518367028110868,0.4886824405615687,0.4518367028110868,0.241974984120254,0.4518367028110868,0.37321400971457425,0.4518367028110868,0.3097456203522111,0.4518367028110868,0.43326783857112944,0.4518367028110868,0.506101952709868,0.4518367028110868,0.4479115102533363,0.4518367028110868,0.37094720839147466,0.4518367028110868,0.37321400971457425,0.4518367028110868,0.4886824405615687,0.4518367028110868,0.5010496533967187,0.4518367028110868,0.241974984120254,0.4518367028110868,0.35915853654734753,0.4518367028110868,0.44893651805020784,0.4518367028110868,0.43694066002618615,0.4518367028110868,0.24873274603530876,0.4518367028110868,0.44788191654859544,0.4518367028110868,0.5526974527830744,0.4518367028110868,0.2259183514055434,0.4518367028110868,0.30634964118399605,0.4518367028110868,0.34988634792778195,0.4518367028110868,0.5800588216123954
christian_norgaard,MID,Everton,,15.390099470694757,0.4397171277341359,14.119741324355841,0.4034211806958812,35,0.4397171277341356,0.44423429231664996,0.4397171277341356,0.566686792659308,0.4397171277341356,0.24809961935669145,0.4397171277341356,0.5189119126487692,0.4397171277341356,0.2198585638670678,0.4397171277341356,0.4602995621573103,0.4397171277341356,0.45924861036092507,0.4397171277341356,0.25502842716268775,0.4397171277341356,0.4592182676091391,0.4397171277341356,0.5010514947667928,0.4397171277341356,0.5137317344537972,0.4397171277341356,0.36824920778513137,0.4397171277341356,0.4480000766529011,0.4397171277341356,0.35874233055366345,0.4397171277341356,0.31758559995852675,0.4397171277341356,0.27633385291526114,0.4397171277341356,0.5010514947667928,0.4397171277341356,0.45924861036092507,0.4397171277341356,0.25502842716268775,0.4397171277341356,0.4592182676091391,0.4397171277341356,0.4602995621573103,0.4397171277341356,0.27633385291526114,0.4397171277341356,0.35874233055366345,0.4397171277341356,0.4480000766529011,0.4397171277341356,0.31758559995852675,0.4397171277341356,0.31410366507157705,0.4397171277341356,0.44423429231664996,0.4397171277341356,0.5947407058202611,0.4397171277341356,0.38033626301475537,0.4397171277341356,0.36824920778513137,0.4397171277341356,0.5137317344537972,0.4397171277341356,0.24809961935669145,0.4397171277341356,0.5189119126487692,0.4397171277341356,0.2198585638670678,0.4397171277341356,0.566686792659308
mateo_joseph_fernandez_regatillo,FWD,Leeds,,13.18651941982748,0.3767576977093566,14.110186346524696,0.40314818132927704,35,0.37675769770935674,0.19406241330111088,0.37675769770935674,0.6406043308328465,0.37675769770935674,0.20124036419129393,0.37675769770935674,0.3346586515090585,0.37675769770935674,0.3828582608917052,0.37675769770935674,0.18837884885467837,0.37675769770935674,0.3812852501462757,0.37675769770935674,0.5559738431972321,0.37675769770935674,0.411887571088072,0.37675769770935674,0.2878118664797542,0.37675769770935674,0.7535153954187135,0.37675769770935674,0.24657063726109804,0.37675769770935674,0.6722097719162076,0.37675769770935674,0.22280987142910794,0.37675769770935674,0.23580218740016815,0.37675769770935674,0.7535153954187135,0.37675769770935674,0.2878118664797542,0.37675769770935674,0.3812852501462757,0.37675769770935674,0.5559738431972321,0.37675769770935674,0.411887571088072,0.37675769770935674,0.18837884885467837,0.37675769770935674,0.7535153954187135,0.37675769770935674,0.22280987142910794,0.37675769770935674,0.6722097719162076,0.37675769770935674,0.23580218740016815,0.37675769770935674,0.42562679835400147,0.37675769770935674,0.19406241330111088,0.37675769770935674,0.3097834189854812,0.37675769770935674,0.448406810513142,0.37675769770935674,0.24657063726109804,0.37675769770935674,0.7535153954187135,0.37675769770935674,0.20124036419129393,0.37675769770935674,0.3346586515090585,0.37675769770935674,0.3828582608917052,0.37675769770935674,0.6406043308328465
david_akintola,MID,Hull City,,16.669179171477065,0.47626226204220184,14.07885144406325,0.40225289840180717,35,0.4762622620422021,0.5054844344849903,0.4762622620422021,0.4483887499963112,0.4762622620422021,0.3727586341691047,0.4762622620422021,0.5004382997141563,0.4762622620422021,0.2484292557939092,0.4762622620422021,0.5520230812496124,0.4762622620422021,0.23813113102110106,0.4762622620422021,0.3587203107298993,0.4762622620422021,0.5793510652168138,0.4762622620422021,0.43640752866932886,0.4762622620422021,0.37049459867435586,0.4762622620422021,0.4327391885923287,0.4762622620422021,0.30936768550208965,0.4762622620422021,0.44733543526240194,0.4762622620422021,0.26918337768914313,0.4762622620422021,0.349459435533304,0.4762622620422021,0.43640752866932886,0.4762622620422021,0.23813113102110106,0.4762622620422021,0.5520230812496124,0.4762622620422021,0.5793510652168138,0.4762622620422021,0.3587203107298993,0.4762622620422021,0.349459435533304,0.4762622620422021,0.44733543526240194,0.4762622620422021,0.30936768550208965,0.4762622620422021,0.26918337768914313,0.4762622620422021,0.4880861766830976,0.4762622620422021,0.5054844344849903,0.4762622620422021,0.3059758499239486,0.4762622620422021,0.4473649928585052,0.4762622620422021,0.4327391885923287,0.4762622620422021,0.37049459867435586,0.4762622620422021,0.3727586341691047,0.4762622620422021,0.5004382997141563,0.4762622620422021,0.2484292557939092,0.4762622620422021,0.4483887499963112
bafode_diakite,DEF,Bournemouth,,22.64316756267956,0.6469476446479875,14.033454469236508,0.40095584197818596,35,0.6469476446479878,0.3234738223239939,0.6469476446479878,0.3234738223239939,0.6469476446479878,0.3234738223239939,0.6469476446479878,0.3234738223239939,0.6469476446479878,0.482464835604728,0.6469476446479878,0.33376733127916375,0.6469476446479878,0.3234738223239939,0.6469476446479878,0.47633965530067773,0.6469476446479878,0.42799759912937785,0.6469476446479878,0.3234738223239939,0.6469476446479878,0.323946833709927,0.6469476446479878,0.3234738223239939,0.6469476446479878,0.549205711138985,0.6469476446479878,0.679608359370798,0.6469476446479878,0.3234738223239939,0.6469476446479878,0.6703955970066556,0.6469476446479878,0.3234738223239939,0.6469476446479878,0.3234738223239939,0.6469476446479878,0.47633965530067773,0.6469476446479878,0.42799759912937785,0.6469476446479878,0.33376733127916375,0.6469476446479878,0.6703955970066556,0.6469476446479878,0.3234738223239939,0.6469476446479878,0.549205711138985,0.6469476446479878,0.679608359370798,0.6469476446479878,0.3234738223239939,0.6469476446479878,0.3234738223239939,0.6469476446479878,0.3234738223239939,0.6469476446479878,0.3234738223239939,0.6469476446479878,0.3234738223239939,0.6469476446479878,0.323946833709927,0.6469476446479878,0.482464835604728,0.6469476446479878,0.3234738223239939,0.6469476446479878,0.3234738223239939,0.6469476446479878,0.3234738223239939
mike_penders,GK,Chelsea,,13.25792810243672,0.3787979457839063,14.00149444045697,0.40004269829877054,35,0.37879794578390613,0.5106757491308956,0.37879794578390613,0.27497924953202074,0.37879794578390613,0.3142619994651666,0.37879794578390613,0.27497924953202074,0.37879794578390613,0.7575958915678123,0.37879794578390613,0.5106757491308956,0.37879794578390613,0.27497924953202074,0.37879794578390613,0.27497924953202074,0.37879794578390613,0.5892412489971873,0.37879794578390613,0.3142619994651666,0.37879794578390613,0.18939897289195307,0.37879794578390613,0.19641374966572914,0.37879794578390613,0.7070894987966247,0.37879794578390613,0.7575958915678123,0.37879794578390613,0.432110249264604,0.37879794578390613,0.18939897289195307,0.37879794578390613,0.3142619994651666,0.37879794578390613,0.27497924953202074,0.37879794578390613,0.27497924953202074,0.37879794578390613,0.5892412489971873,0.37879794578390613,0.5106757491308956,0.37879794578390613,0.18939897289195307,0.37879794578390613,0.432110249264604,0.37879794578390613,0.7070894987966247,0.37879794578390613,0.7575958915678123,0.37879794578390613,0.23569649959887493,0.37879794578390613,0.5106757491308956,0.37879794578390613,0.3928274993314583,0.37879794578390613,0.23569649959887493,0.37879794578390613,0.19641374966572914,0.37879794578390613,0.18939897289195307,0.37879794578390613,0.7575958915678123,0.37879794578390613,0.27497924953202074,0.37879794578390613,0.3142619994651666,0.37879794578390613,0.27497924953202074
jules_ahoka,MID,Sunderland,,13.704232822759028,0.3915495092216865,13.839042028611027,0.39540120081745794,35,0.3915495092216865,0.2126264828780414,0.3915495092216865,0.31136914441317337,0.3915495092216865,0.36104105719484386,0.3915495092216865,0.37289151907288326,0.3915495092216865,0.27092486361427187,0.3915495092216865,0.45025922743252145,0.3915495092216865,0.5087546736638887,0.3915495092216865,0.4912438575705301,0.3915495092216865,0.43553880130487677,0.3915495092216865,0.4502294786131041,0.3915495092216865,0.45128960778258354,0.3915495092216865,0.43923087376337666,0.3915495092216865,0.5830991856782063,0.3915495092216865,0.3751702017794397,0.3915495092216865,0.3079553653035617,0.3915495092216865,0.24324329005601986,0.3915495092216865,0.4502294786131041,0.3915495092216865,0.5087546736638887,0.3915495092216865,0.45025922743252145,0.3915495092216865,0.43553880130487677,0.3915495092216865,0.4912438575705301,0.3915495092216865,0.24324329005601986,0.3915495092216865,0.3751702017794397,0.3915495092216865,0.5830991856782063,0.3915495092216865,0.3079553653035617,0.3915495092216865,0.2500364726141652,0.3915495092216865,0.2126264828780414,0.3915495092216865,0.5555944029062289,0.3915495092216865,0.5036758928479864,0.3915495092216865,0.43923087376337666,0.3915495092216865,0.45128960778258354,0.3915495092216865,0.36104105719484386,0.3915495092216865,0.37289151907288326,0.3915495092216865,0.27092486361427187,0.3915495092216865,0.31136914441317337
lucas_digne,DEF,Aston Villa,,16.00075195185897,0.45716434148168483,13.79420889863037,0.394120254246582,35,0.45716434148168505,0.5750473537492012,0.45716434148168505,0.8204376526143434,0.45716434148168505,0.2787360488595303,0.45716434148168505,0.22858217074084253,0.45716434148168505,0.22858217074084253,0.45716434148168505,0.516687796305776,0.45716434148168505,0.5824418015678644,0.45716434148168505,0.29438932991649225,0.45716434148168505,0.33850633995998547,0.45716434148168505,0.2658949044715267,0.45716434148168505,0.3513800405133678,0.45716434148168505,0.6630128047077423,0.45716434148168505,0.22858217074084253,0.45716434148168505,0.4029310146325394,0.45716434148168505,0.2480045173190722,0.45716434148168505,0.4374965328663835,0.45716434148168505,0.2658949044715267,0.45716434148168505,0.5824418015678644,0.45716434148168505,0.516687796305776,0.45716434148168505,0.33850633995998547,0.45716434148168505,0.29438932991649225,0.45716434148168505,0.4374965328663835,0.45716434148168505,0.4029310146325394,0.45716434148168505,0.22858217074084253,0.45716434148168505,0.2480045173190722,0.45716434148168505,0.3910755012885466,0.45716434148168505,0.5750473537492012,0.45716434148168505,0.2531259271882726,0.45716434148168505,0.22858217074084253,0.45716434148168505,0.6630128047077423,0.45716434148168505,0.3513800405133678,0.45716434148168505,0.2787360488595303,0.45716434148168505,0.22858217074084253,0.45716434148168505,0.22858217074084253,0.45716434148168505,0.8204376526143434
abdulkadir_omur,MID,Hull City,,16.24499404378379,0.4641426869652512,13.720583089266654,0.392016659693333,35,0.46414268696525096,0.49262123485270826,0.46414268696525096,0.4369784797474393,0.46414268696525096,0.36327294400960614,0.46414268696525096,0.48770351044330273,0.46414268696525096,0.24210740907862485,0.46414268696525096,0.5379756000388887,0.46414268696525096,0.23207134348262548,0.46414268696525096,0.3495918575980553,0.46414268696525096,0.5646081613791282,0.46414268696525096,0.4253021478122036,0.46414268696525096,0.3610665220407282,0.46414268696525096,0.42172715698101676,0.46414268696525096,0.3014951220225735,0.46414268696525096,0.43595196899951566,0.46414268696525096,0.26233339519970167,0.46414268696525096,0.3405666464067123,0.46414268696525096,0.4253021478122036,0.46414268696525096,0.23207134348262548,0.46414268696525096,0.5379756000388887,0.46414268696525096,0.5646081613791282,0.46414268696525096,0.3495918575980553,0.46414268696525096,0.3405666464067123,0.46414268696525096,0.43595196899951566,0.46414268696525096,0.3014951220225735,0.46414268696525096,0.26233339519970167,0.46414268696525096,0.47566571524034595,0.46414268696525096,0.49262123485270826,0.46414268696525096,0.2981895994051984,0.46414268696525096,0.43598077443544664,0.46414268696525096,0.42172715698101676,0.46414268696525096,0.3610665220407282,0.46414268696525096,0.36327294400960614,0.46414268696525096,0.48770351044330273,0.46414268696525096,0.24210740907862485,0.46414268696525096,0.4369784797474393
haji_wright,FWD,Coventry City,,17.851985600717658,0.5100567314490759,13.545947104497937,0.3870270601285125,35,0.5100567314490758,0.3793128267329429,0.5100567314490758,0.27607477909003186,0.5100567314490758,0.2550283657245379,0.5100567314490758,0.33979624070633047,0.5100567314490758,0.5990642265221607,0.5100567314490758,0.3411980865361458,0.5100567314490758,0.712742076735703,0.5100567314490758,0.5708978863296894,0.5100567314490758,0.2550283657245379,0.5100567314490758,0.702136563013157,0.5100567314490758,0.2982432487461875,0.5100567314490758,0.2550283657245379,0.5100567314490758,0.2550283657245379,0.5100567314490758,0.4954763442252072,0.5100567314490758,0.3996140644334595,0.5100567314490758,0.2550283657245379,0.5100567314490758,0.702136563013157,0.5100567314490758,0.712742076735703,0.5100567314490758,0.3411980865361458,0.5100567314490758,0.2550283657245379,0.5100567314490758,0.5708978863296894,0.5100567314490758,0.2550283657245379,0.5100567314490758,0.3996140644334595,0.5100567314490758,0.2550283657245379,0.5100567314490758,0.4954763442252072,0.5100567314490758,0.2564940296614516,0.5100567314490758,0.3793128267329429,0.5100567314490758,0.2550283657245379,0.5100567314490758,0.2550283657245379,0.5100567314490758,0.2550283657245379,0.5100567314490758,0.2982432487461875,0.5100567314490758,0.2550283657245379,0.5100567314490758,0.33979624070633047,0.5100567314490758,0.5990642265221607,0.5100567314490758,0.27607477909003186
alex_cairns,GK,Leeds,,8.282911532023125,0.2366546152006607,13.46301810919314,0.3846576602626611,35,0.23665461520066056,0.21035965795614273,0.23665461520066056,0.42071931591228545,0.23665461520066056,0.31553948693421413,0.23665461520066056,0.4733092304013211,0.23665461520066056,0.36812940142324974,0.23665461520066056,0.42071931591228545,0.23665461520066056,0.4733092304013211,0.23665461520066056,0.26294957244517847,0.23665461520066056,0.4733092304013211,0.23665461520066056,0.26294957244517847,0.23665461520066056,0.4733092304013211,0.23665461520066056,0.21035965795614273,0.23665461520066056,0.4733092304013211,0.23665461520066056,0.4733092304013211,0.23665461520066056,0.4733092304013211,0.23665461520066056,0.36812940142324974,0.23665461520066056,0.26294957244517847,0.23665461520066056,0.4733092304013211,0.23665461520066056,0.26294957244517847,0.23665461520066056,0.4733092304013211,0.23665461520066056,0.42071931591228545,0.23665461520066056,0.36812940142324974,0.23665461520066056,0.4733092304013211,0.23665461520066056,0.4733092304013211,0.23665461520066056,0.4733092304013211,0.23665461520066056,0.31553948693421413,0.23665461520066056,0.21035965795614273,0.23665461520066056,0.4733092304013211,0.23665461520066056,0.36812940142324974,0.23665461520066056,0.21035965795614273,0.23665461520066056,0.4733092304013211,0.23665461520066056,0.31553948693421413,0.23665461520066056,0.4733092304013211,0.23665461520066056,0.36812940142324974,0.23665461520066056,0.42071931591228545
joe_gelhardt,MID,Hull City,,15.814284598388024,0.4518367028110864,13.356804271191576,0.3816229791769022,35,0.4518367028110868,0.47956018858321037,0.4518367028110868,0.42539271011559904,0.4518367028110868,0.3536413560988966,0.4518367028110868,0.4747728495926776,0.4518367028110868,0.23568832713809573,0.4518367028110868,0.523712056961884,0.4518367028110868,0.2259183514055434,0.4518367028110868,0.34032300131561516,0.4518367028110868,0.5496384995006388,0.4518367028110868,0.414025957022838,0.4518367028110868,0.35149343379951453,0.4518367028110868,0.41054575122598513,0.4518367028110868,0.29350147201286136,0.4518367028110868,0.4243934156211095,0.4518367028110868,0.255378054320492,0.4518367028110868,0.33153707883661804,0.4518367028110868,0.414025957022838,0.4518367028110868,0.2259183514055434,0.4518367028110868,0.523712056961884,0.4518367028110868,0.5496384995006388,0.4518367028110868,0.34032300131561516,0.4518367028110868,0.33153707883661804,0.4518367028110868,0.4243934156211095,0.4518367028110868,0.29350147201286136,0.4518367028110868,0.255378054320492,0.4518367028110868,0.4630542168394995,0.4518367028110868,0.47956018858321037,0.4518367028110868,0.29028358992089587,0.4518367028110868,0.42442145732802333,0.4518367028110868,0.41054575122598513,0.4518367028110868,0.35149343379951453,0.4518367028110868,0.3536413560988966,0.4518367028110868,0.4747728495926776,0.4518367028110868,0.23568832713809573,0.4518367028110868,0.42539271011559904
abu_kamara,MID,Hull City,,15.814284598388024,0.4518367028110864,13.356804271191576,0.3816229791769022,35,0.4518367028110868,0.47956018858321037,0.4518367028110868,0.42539271011559904,0.4518367028110868,0.3536413560988966,0.4518367028110868,0.4747728495926776,0.4518367028110868,0.23568832713809573,0.4518367028110868,0.523712056961884,0.4518367028110868,0.2259183514055434,0.4518367028110868,0.34032300131561516,0.4518367028110868,0.5496384995006388,0.4518367028110868,0.414025957022838,0.4518367028110868,0.35149343379951453,0.4518367028110868,0.41054575122598513,0.4518367028110868,0.29350147201286136,0.4518367028110868,0.4243934156211095,0.4518367028110868,0.255378054320492,0.4518367028110868,0.33153707883661804,0.4518367028110868,0.414025957022838,0.4518367028110868,0.2259183514055434,0.4518367028110868,0.523712056961884,0.4518367028110868,0.5496384995006388,0.4518367028110868,0.34032300131561516,0.4518367028110868,0.33153707883661804,0.4518367028110868,0.4243934156211095,0.4518367028110868,0.29350147201286136,0.4518367028110868,0.255378054320492,0.4518367028110868,0.4630542168394995,0.4518367028110868,0.47956018858321037,0.4518367028110868,0.29028358992089587,0.4518367028110868,0.42442145732802333,0.4518367028110868,0.41054575122598513,0.4518367028110868,0.35149343379951453,0.4518367028110868,0.3536413560988966,0.4518367028110868,0.4747728495926776,0.4518367028110868,0.23568832713809573,0.4518367028110868,0.42539271011559904
alex_murphy,DEF,Newcastle,,10.908250931533981,0.31166431232954234,13.353180702794635,0.3815194486512753,35,0.3116643123295426,0.40173255479133035,0.3116643123295426,0.38991230395164655,0.3116643123295426,0.6233286246590852,0.3116643123295426,0.6233286246590852,0.3116643123295426,0.35033491156507446,0.3116643123295426,0.26510403865723375,0.3116643123295426,0.5151509834226079,0.3116643123295426,0.1944429938682272,0.3116643123295426,0.2523730408442402,0.3116643123295426,0.5807094129363833,0.3116643123295426,0.29351371156800865,0.3116643123295426,0.3374995019661252,0.3116643123295426,0.2779069889243946,0.3116643123295426,0.1718951993472946,0.3116643123295426,0.5733369588298862,0.3116643123295426,0.1726251256911663,0.3116643123295426,0.5807094129363833,0.3116643123295426,0.5151509834226079,0.3116643123295426,0.1944429938682272,0.3116643123295426,0.2523730408442402,0.3116643123295426,0.26510403865723375,0.3116643123295426,0.1726251256911663,0.3116643123295426,0.1718951993472946,0.3116643123295426,0.2779069889243946,0.3116643123295426,0.5733369588298862,0.3116643123295426,0.43619526290634647,0.3116643123295426,0.40173255479133035,0.3116643123295426,0.2472668638656233,0.3116643123295426,0.6233286246590852,0.3116643123295426,0.3374995019661252,0.3116643123295426,0.29351371156800865,0.3116643123295426,0.6233286246590852,0.3116643123295426,0.6233286246590852,0.3116643123295426,0.35033491156507446,0.3116643123295426,0.38991230395164655
chiedozie_ogbene,MID,Ipswich Town,,16.24499404378379,0.4641426869652512,13.100038677652664,0.3742868193615047,35,0.46414268696525096,0.5579503064978384,0.46414268696525096,0.3589892323862972,0.46414268696525096,0.48195251458504995,0.46414268696525096,0.29793989397744586,0.46414268696525096,0.4202869883183735,0.46414268696525096,0.2327522856723678,0.46414268696525096,0.35680882852746537,0.46414268696525096,0.4167541537502095,0.46414268696525096,0.4700566689659536,0.46414268696525096,0.4308396926626764,0.46414268696525096,0.2592399619211436,0.46414268696525096,0.43182563304168387,0.46414268696525096,0.3454694732352733,0.46414268696525096,0.23925248046513614,0.46414268696525096,0.4868122492279172,0.46414268696525096,0.23207134348262548,0.46414268696525096,0.4308396926626764,0.46414268696525096,0.35680882852746537,0.46414268696525096,0.2327522856723678,0.46414268696525096,0.4700566689659536,0.46414268696525096,0.4167541537502095,0.46414268696525096,0.23207134348262548,0.46414268696525096,0.4868122492279172,0.46414268696525096,0.3454694732352733,0.46414268696525096,0.23925248046513614,0.46414268696525096,0.4308112269002134,0.46414268696525096,0.5579503064978384,0.46414268696525096,0.3365506872614444,0.46414268696525096,0.29467335005609163,0.46414268696525096,0.43182563304168387,0.46414268696525096,0.2592399619211436,0.46414268696525096,0.48195251458504995,0.46414268696525096,0.29793989397744586,0.46414268696525096,0.4202869883183735,0.46414268696525096,0.3589892323862972
florentino_ibrain_morris_luis,MID,Ipswich Town,,16.24499404378379,0.4641426869652512,13.100038677652664,0.3742868193615047,35,0.46414268696525096,0.5579503064978384,0.46414268696525096,0.3589892323862972,0.46414268696525096,0.48195251458504995,0.46414268696525096,0.29793989397744586,0.46414268696525096,0.4202869883183735,0.46414268696525096,0.2327522856723678,0.46414268696525096,0.35680882852746537,0.46414268696525096,0.4167541537502095,0.46414268696525096,0.4700566689659536,0.46414268696525096,0.4308396926626764,0.46414268696525096,0.2592399619211436,0.46414268696525096,0.43182563304168387,0.46414268696525096,0.3454694732352733,0.46414268696525096,0.23925248046513614,0.46414268696525096,0.4868122492279172,0.46414268696525096,0.23207134348262548,0.46414268696525096,0.4308396926626764,0.46414268696525096,0.35680882852746537,0.46414268696525096,0.2327522856723678,0.46414268696525096,0.4700566689659536,0.46414268696525096,0.4167541537502095,0.46414268696525096,0.23207134348262548,0.46414268696525096,0.4868122492279172,0.46414268696525096,0.3454694732352733,0.46414268696525096,0.23925248046513614,0.46414268696525096,0.4308112269002134,0.46414268696525096,0.5579503064978384,0.46414268696525096,0.3365506872614444,0.46414268696525096,0.29467335005609163,0.46414268696525096,0.43182563304168387,0.46414268696525096,0.2592399619211436,0.46414268696525096,0.48195251458504995,0.46414268696525096,0.29793989397744586,0.46414268696525096,0.4202869883183735,0.46414268696525096,0.3589892323862972
anis_mehmeti,MID,Ipswich Town,,16.24499404378379,0.4641426869652512,13.100038677652664,0.3742868193615047,35,0.46414268696525096,0.5579503064978384,0.46414268696525096,0.3589892323862972,0.46414268696525096,0.48195251458504995,0.46414268696525096,0.29793989397744586,0.46414268696525096,0.4202869883183735,0.46414268696525096,0.2327522856723678,0.46414268696525096,0.35680882852746537,0.46414268696525096,0.4167541537502095,0.46414268696525096,0.4700566689659536,0.46414268696525096,0.4308396926626764,0.46414268696525096,0.2592399619211436,0.46414268696525096,0.43182563304168387,0.46414268696525096,0.3454694732352733,0.46414268696525096,0.23925248046513614,0.46414268696525096,0.4868122492279172,0.46414268696525096,0.23207134348262548,0.46414268696525096,0.4308396926626764,0.46414268696525096,0.35680882852746537,0.46414268696525096,0.2327522856723678,0.46414268696525096,0.4700566689659536,0.46414268696525096,0.4167541537502095,0.46414268696525096,0.23207134348262548,0.46414268696525096,0.4868122492279172,0.46414268696525096,0.3454694732352733,0.46414268696525096,0.23925248046513614,0.46414268696525096,0.4308112269002134,0.46414268696525096,0.5579503064978384,0.46414268696525096,0.3365506872614444,0.46414268696525096,0.29467335005609163,0.46414268696525096,0.43182563304168387,0.46414268696525096,0.2592399619211436,0.46414268696525096,0.48195251458504995,0.46414268696525096,0.29793989397744586,0.46414268696525096,0.4202869883183735,0.46414268696525096,0.3589892323862972
veljko_milosavljevic,DEF,Bournemouth,,21.09325297218398,0.6026643706338279,13.072870850503996,0.3735105957286856,35,0.6026643706338275,0.30133218531691375,0.6026643706338275,0.30133218531691375,0.6026643706338275,0.30133218531691375,0.6026643706338275,0.30133218531691375,0.6026643706338275,0.4494403355636064,0.6026643706338275,0.31092110823424896,0.6026643706338275,0.30133218531691375,0.6026643706338275,0.443734421084286,0.6026643706338275,0.398701356819134,0.6026643706338275,0.30133218531691375,0.6026643706338275,0.3017728192871651,0.6026643706338275,0.30133218531691375,0.6026643706338275,0.5116128283180844,0.6026643706338275,0.6330894741885106,0.6026643706338275,0.30133218531691375,0.6026643706338275,0.6245073212462801,0.6026643706338275,0.30133218531691375,0.6026643706338275,0.30133218531691375,0.6026643706338275,0.443734421084286,0.6026643706338275,0.398701356819134,0.6026643706338275,0.31092110823424896,0.6026643706338275,0.6245073212462801,0.6026643706338275,0.30133218531691375,0.6026643706338275,0.5116128283180844,0.6026643706338275,0.6330894741885106,0.6026643706338275,0.30133218531691375,0.6026643706338275,0.30133218531691375,0.6026643706338275,0.30133218531691375,0.6026643706338275,0.30133218531691375,0.6026643706338275,0.30133218531691375,0.6026643706338275,0.3017728192871651,0.6026643706338275,0.4494403355636064,0.6026643706338275,0.30133218531691375,0.6026643706338275,0.30133218531691375,0.6026643706338275,0.30133218531691375
kenny_tete,DEF,Fulham,,17.198413226332864,0.49138323503808184,13.033722801642128,0.37239208004691793,35,0.49138323503808157,0.24569161751904078,0.49138323503808157,0.5095186806950499,0.49138323503808157,0.29612452828598285,0.49138323503808157,0.342111903596738,0.49138323503808157,0.5800019995633027,0.49138323503808157,0.7079875151988262,0.49138323503808157,0.24569161751904078,0.49138323503808157,0.24569161751904078,0.49138323503808157,0.3827209098568884,0.49138323503808157,0.717716876136502,0.49138323503808157,0.24569161751904078,0.49138323503808157,0.24569161751904078,0.49138323503808157,0.3524830780243514,0.49138323503808157,0.24569161751904078,0.49138323503808157,0.24569161751904078,0.49138323503808157,0.5030500356100103,0.49138323503808157,0.717716876136502,0.49138323503808157,0.24569161751904078,0.49138323503808157,0.7079875151988262,0.49138323503808157,0.3827209098568884,0.49138323503808157,0.24569161751904078,0.49138323503808157,0.5030500356100103,0.49138323503808157,0.24569161751904078,0.49138323503808157,0.3524830780243514,0.49138323503808157,0.24569161751904078,0.49138323503808157,0.3073864104241903,0.49138323503808157,0.24569161751904078,0.49138323503808157,0.24569161751904078,0.49138323503808157,0.25753107449701784,0.49138323503808157,0.24569161751904078,0.49138323503808157,0.24569161751904078,0.49138323503808157,0.29612452828598285,0.49138323503808157,0.342111903596738,0.49138323503808157,0.5800019995633027,0.49138323503808157,0.5095186806950499
tyler_bindon,DEF,Nott'm Forest,,11.612757563577444,0.33179307324506985,13.00126528212704,0.37146472234648686,35,0.33179307324507,0.66358614649014,0.33179307324507,0.66358614649014,0.33179307324507,0.35905899496655436,0.33179307324507,0.19928503740811224,0.33179307324507,0.3459039564064686,0.33179307324507,0.2848274632168352,0.33179307324507,0.17617575491259763,0.33179307324507,0.4470574514216883,0.33179307324507,0.17692385797277896,0.33179307324507,0.39962194848504756,0.33179307324507,0.2586576655959509,0.33179307324507,0.3008228264026048,0.33179307324507,0.27170569229484237,0.33179307324507,0.5951703107322925,0.33179307324507,0.165896536622535,0.33179307324507,0.5279793370789875,0.33179307324507,0.39962194848504756,0.33179307324507,0.17617575491259763,0.33179307324507,0.4470574514216883,0.33179307324507,0.17692385797277896,0.33179307324507,0.2848274632168352,0.33179307324507,0.5279793370789875,0.33179307324507,0.5951703107322925,0.33179307324507,0.27170569229484237,0.33179307324507,0.165896536622535,0.33179307324507,0.66358614649014,0.33179307324507,0.66358614649014,0.33179307324507,0.41173654867658765,0.33179307324507,0.2534243339651609,0.33179307324507,0.3008228264026048,0.33179307324507,0.2586576655959509,0.33179307324507,0.35905899496655436,0.33179307324507,0.19928503740811224,0.33179307324507,0.3459039564064686,0.33179307324507,0.66358614649014
omar_richards,DEF,Nott'm Forest,,11.612757563577444,0.33179307324506985,13.00126528212704,0.37146472234648686,35,0.33179307324507,0.66358614649014,0.33179307324507,0.66358614649014,0.33179307324507,0.35905899496655436,0.33179307324507,0.19928503740811224,0.33179307324507,0.3459039564064686,0.33179307324507,0.2848274632168352,0.33179307324507,0.17617575491259763,0.33179307324507,0.4470574514216883,0.33179307324507,0.17692385797277896,0.33179307324507,0.39962194848504756,0.33179307324507,0.2586576655959509,0.33179307324507,0.3008228264026048,0.33179307324507,0.27170569229484237,0.33179307324507,0.5951703107322925,0.33179307324507,0.165896536622535,0.33179307324507,0.5279793370789875,0.33179307324507,0.39962194848504756,0.33179307324507,0.17617575491259763,0.33179307324507,0.4470574514216883,0.33179307324507,0.17692385797277896,0.33179307324507,0.2848274632168352,0.33179307324507,0.5279793370789875,0.33179307324507,0.5951703107322925,0.33179307324507,0.27170569229484237,0.33179307324507,0.165896536622535,0.33179307324507,0.66358614649014,0.33179307324507,0.66358614649014,0.33179307324507,0.41173654867658765,0.33179307324507,0.2534243339651609,0.33179307324507,0.3008228264026048,0.33179307324507,0.2586576655959509,0.33179307324507,0.35905899496655436,0.33179307324507,0.19928503740811224,0.33179307324507,0.3459039564064686,0.33179307324507,0.66358614649014
zach_abbott,DEF,Nott'm Forest,,11.612757563577444,0.33179307324506985,13.00126528212704,0.37146472234648686,35,0.33179307324507,0.66358614649014,0.33179307324507,0.66358614649014,0.33179307324507,0.35905899496655436,0.33179307324507,0.19928503740811224,0.33179307324507,0.3459039564064686,0.33179307324507,0.2848274632168352,0.33179307324507,0.17617575491259763,0.33179307324507,0.4470574514216883,0.33179307324507,0.17692385797277896,0.33179307324507,0.39962194848504756,0.33179307324507,0.2586576655959509,0.33179307324507,0.3008228264026048,0.33179307324507,0.27170569229484237,0.33179307324507,0.5951703107322925,0.33179307324507,0.165896536622535,0.33179307324507,0.5279793370789875,0.33179307324507,0.39962194848504756,0.33179307324507,0.17617575491259763,0.33179307324507,0.4470574514216883,0.33179307324507,0.17692385797277896,0.33179307324507,0.2848274632168352,0.33179307324507,0.5279793370789875,0.33179307324507,0.5951703107322925,0.33179307324507,0.27170569229484237,0.33179307324507,0.165896536622535,0.33179307324507,0.66358614649014,0.33179307324507,0.66358614649014,0.33179307324507,0.41173654867658765,0.33179307324507,0.2534243339651609,0.33179307324507,0.3008228264026048,0.33179307324507,0.2586576655959509,0.33179307324507,0.35905899496655436,0.33179307324507,0.19928503740811224,0.33179307324507,0.3459039564064686,0.33179307324507,0.66358614649014
michele_di_gregorio,GK,Bournemouth,,13.723713939889974,0.392106112568285,12.817513146398822,0.36621466132568065,35,0.39210611256828476,0.24397713670915497,0.39210611256828476,0.19605305628414238,0.39210611256828476,0.19605305628414238,0.39210611256828476,0.24397713670915497,0.39210611256828476,0.45310039674557345,0.39210611256828476,0.24397713670915497,0.39210611256828476,0.3833926434001006,0.39210611256828476,0.5228081500910463,0.39210611256828476,0.3485387667273643,0.39210611256828476,0.20912326003641854,0.39210611256828476,0.45310039674557345,0.39210611256828476,0.20912326003641854,0.39210611256828476,0.7842122251365695,0.39210611256828476,0.6970775334547286,0.39210611256828476,0.27883101338189137,0.39210611256828476,0.6273697801092556,0.39210611256828476,0.20912326003641854,0.39210611256828476,0.3833926434001006,0.39210611256828476,0.5228081500910463,0.39210611256828476,0.3485387667273643,0.39210611256828476,0.24397713670915497,0.39210611256828476,0.6273697801092556,0.39210611256828476,0.27883101338189137,0.39210611256828476,0.7842122251365695,0.39210611256828476,0.6970775334547286,0.39210611256828476,0.19605305628414238,0.39210611256828476,0.24397713670915497,0.39210611256828476,0.19605305628414238,0.39210611256828476,0.24397713670915497,0.39210611256828476,0.20912326003641854,0.39210611256828476,0.45310039674557345,0.39210611256828476,0.45310039674557345,0.39210611256828476,0.24397713670915497,0.39210611256828476,0.19605305628414238,0.39210611256828476,0.19605305628414238
azor_matusiwa,MID,Ipswich Town,,15.814284598388024,0.4518367028110864,12.75271257963703,0.364363216561058,35,0.4518367028110868,0.5431571667513805,0.4518367028110868,0.34947122008248155,0.4518367028110868,0.4691743319827951,0.4518367028110868,0.29004050502412104,0.4518367028110868,0.40914376627977117,0.4518367028110868,0.22658123952693085,0.4518367028110868,0.3473486260655151,0.4518367028110868,0.4057045990415814,0.4518367028110868,0.45759388525244593,0.4518367028110868,0.4194166829292735,0.4518367028110868,0.25236663836543594,0.4518367028110868,0.4203764827118184,0.4518367028110868,0.33630991523129466,0.4518367028110868,0.2329090922870329,0.4518367028110868,0.4739052187105964,0.4518367028110868,0.2259183514055434,0.4518367028110868,0.4194166829292735,0.4518367028110868,0.3473486260655151,0.4518367028110868,0.22658123952693085,0.4518367028110868,0.45759388525244593,0.4518367028110868,0.4057045990415814,0.4518367028110868,0.2259183514055434,0.4518367028110868,0.4739052187105964,0.4518367028110868,0.33630991523129466,0.4518367028110868,0.2329090922870329,0.4518367028110868,0.4193889718899412,0.4518367028110868,0.5431571667513805,0.4518367028110868,0.3276275962792472,0.4518367028110868,0.2868605681718082,0.4518367028110868,0.4203764827118184,0.4518367028110868,0.25236663836543594,0.4518367028110868,0.4691743319827951,0.4518367028110868,0.29004050502412104,0.4518367028110868,0.40914376627977117,0.4518367028110868,0.34947122008248155
sam_szmodics,MID,Ipswich Town,,15.814284598388024,0.4518367028110864,12.75271257963703,0.364363216561058,35,0.4518367028110868,0.5431571667513805,0.4518367028110868,0.34947122008248155,0.4518367028110868,0.4691743319827951,0.4518367028110868,0.29004050502412104,0.4518367028110868,0.40914376627977117,0.4518367028110868,0.22658123952693085,0.4518367028110868,0.3473486260655151,0.4518367028110868,0.4057045990415814,0.4518367028110868,0.45759388525244593,0.4518367028110868,0.4194166829292735,0.4518367028110868,0.25236663836543594,0.4518367028110868,0.4203764827118184,0.4518367028110868,0.33630991523129466,0.4518367028110868,0.2329090922870329,0.4518367028110868,0.4739052187105964,0.4518367028110868,0.2259183514055434,0.4518367028110868,0.4194166829292735,0.4518367028110868,0.3473486260655151,0.4518367028110868,0.22658123952693085,0.4518367028110868,0.45759388525244593,0.4518367028110868,0.4057045990415814,0.4518367028110868,0.2259183514055434,0.4518367028110868,0.4739052187105964,0.4518367028110868,0.33630991523129466,0.4518367028110868,0.2329090922870329,0.4518367028110868,0.4193889718899412,0.4518367028110868,0.5431571667513805,0.4518367028110868,0.3276275962792472,0.4518367028110868,0.2868605681718082,0.4518367028110868,0.4203764827118184,0.4518367028110868,0.25236663836543594,0.4518367028110868,0.4691743319827951,0.4518367028110868,0.29004050502412104,0.4518367028110868,0.40914376627977117,0.4518367028110868,0.34947122008248155
wes_burns,MID,Ipswich Town,,15.814284598388024,0.4518367028110864,12.75271257963703,0.364363216561058,35,0.4518367028110868,0.5431571667513805,0.4518367028110868,0.34947122008248155,0.4518367028110868,0.4691743319827951,0.4518367028110868,0.29004050502412104,0.4518367028110868,0.40914376627977117,0.4518367028110868,0.22658123952693085,0.4518367028110868,0.3473486260655151,0.4518367028110868,0.4057045990415814,0.4518367028110868,0.45759388525244593,0.4518367028110868,0.4194166829292735,0.4518367028110868,0.25236663836543594,0.4518367028110868,0.4203764827118184,0.4518367028110868,0.33630991523129466,0.4518367028110868,0.2329090922870329,0.4518367028110868,0.4739052187105964,0.4518367028110868,0.2259183514055434,0.4518367028110868,0.4194166829292735,0.4518367028110868,0.3473486260655151,0.4518367028110868,0.22658123952693085,0.4518367028110868,0.45759388525244593,0.4518367028110868,0.4057045990415814,0.4518367028110868,0.2259183514055434,0.4518367028110868,0.4739052187105964,0.4518367028110868,0.33630991523129466,0.4518367028110868,0.2329090922870329,0.4518367028110868,0.4193889718899412,0.4518367028110868,0.5431571667513805,0.4518367028110868,0.3276275962792472,0.4518367028110868,0.2868605681718082,0.4518367028110868,0.4203764827118184,0.4518367028110868,0.25236663836543594,0.4518367028110868,0.4691743319827951,0.4518367028110868,0.29004050502412104,0.4518367028110868,0.40914376627977117,0.4518367028110868,0.34947122008248155
johan_manzambi,MID,Aston Villa,,22.45985159891623,0.6417100456833209,12.671330762365525,0.3620380217818721,35,0.6417100456833207,0.362046223843929,0.6417100456833207,0.3590029475817094,0.6417100456833207,0.32085502284166034,0.6417100456833207,0.37198591473720655,0.6417100456833207,0.32085502284166034,0.6417100456833207,0.4151665238930152,0.6417100456833207,0.32085502284166034,0.6417100456833207,0.32085502284166034,0.6417100456833207,0.4579615586617141,0.6417100456833207,0.32085502284166034,0.6417100456833207,0.4806330130950529,0.6417100456833207,0.37113659986171366,0.6417100456833207,0.41935282664622064,0.6417100456833207,0.32085502284166034,0.6417100456833207,0.37111207870808527,0.6417100456833207,0.32085502284166034,0.6417100456833207,0.32085502284166034,0.6417100456833207,0.32085502284166034,0.6417100456833207,0.4151665238930152,0.6417100456833207,0.4579615586617141,0.6417100456833207,0.32085502284166034,0.6417100456833207,0.32085502284166034,0.6417100456833207,0.32085502284166034,0.6417100456833207,0.41935282664622064,0.6417100456833207,0.37111207870808527,0.6417100456833207,0.32085502284166034,0.6417100456833207,0.362046223843929,0.6417100456833207,0.32085502284166034,0.6417100456833207,0.32085502284166034,0.6417100456833207,0.37113659986171366,0.6417100456833207,0.4806330130950529,0.6417100456833207,0.32085502284166034,0.6417100456833207,0.37198591473720655,0.6417100456833207,0.32085502284166034,0.6417100456833207,0.3590029475817094
christantus_uche,FWD,Crystal Palace,,15.668150367109483,0.44766143906027095,12.594984315262975,0.35985669472179926,35,0.4476614390602711,0.7554404314059775,0.4476614390602711,0.22383071953013556,0.4476614390602711,0.297033456456213,0.4476614390602711,0.40810899269404055,0.4476614390602711,0.22383071953013556,0.4476614390602711,0.36559243912285705,0.4476614390602711,0.2364223652967935,0.4476614390602711,0.3949352399567202,0.4476614390602711,0.22609711969990973,0.4476614390602711,0.5330912573854002,0.4476614390602711,0.22383071953013556,0.4476614390602711,0.3208848824648351,0.4476614390602711,0.3671007084172173,0.4476614390602711,0.22383071953013556,0.4476614390602711,0.22383071953013556,0.4476614390602711,0.42995143271844094,0.4476614390602711,0.5330912573854002,0.4476614390602711,0.2364223652967935,0.4476614390602711,0.36559243912285705,0.4476614390602711,0.22609711969990973,0.4476614390602711,0.3949352399567202,0.4476614390602711,0.42995143271844094,0.4476614390602711,0.22383071953013556,0.4476614390602711,0.3671007084172173,0.4476614390602711,0.22383071953013556,0.4476614390602711,0.6445431865585799,0.4476614390602711,0.7554404314059775,0.4476614390602711,0.766851080393491,0.4476614390602711,0.2759662017727365,0.4476614390602711,0.3208848824648351,0.4476614390602711,0.22383071953013556,0.4476614390602711,0.297033456456213,0.4476614390602711,0.40810899269404055,0.4476614390602711,0.22383071953013556,0.4476614390602711,0.22383071953013556
tom_cairney,MID,Fulham,,15.814284598388024,0.4518367028110864,12.572922841409426,0.35922636689741216,35,0.4518367028110868,0.420579078834937,0.4518367028110868,0.2876745970979582,0.4518367028110868,0.5190050702587369,0.4518367028110868,0.22722421281626554,0.4518367028110868,0.4206068685103388,0.4518367028110868,0.45889240690496447,0.4518367028110868,0.42156939193242493,0.4518367028110868,0.29086355770908734,0.4518367028110868,0.3483343029428837,0.4518367028110868,0.40685587361792586,0.4518367028110868,0.35046292027960896,0.4518367028110868,0.2335700222276423,0.4518367028110868,0.2530827833027968,0.4518367028110868,0.3372642673783815,0.4518367028110868,0.2259183514055434,0.4518367028110868,0.4103048002372379,0.4518367028110868,0.40685587361792586,0.4518367028110868,0.42156939193242493,0.4518367028110868,0.45889240690496447,0.4518367028110868,0.3483343029428837,0.4518367028110868,0.29086355770908734,0.4518367028110868,0.4103048002372379,0.4518367028110868,0.2259183514055434,0.4518367028110868,0.2530827833027968,0.4518367028110868,0.3372642673783815,0.4518367028110868,0.5446984927272687,0.4518367028110868,0.420579078834937,0.4518367028110868,0.47525002730085475,0.4518367028110868,0.3285573104678371,0.4518367028110868,0.2335700222276423,0.4518367028110868,0.35046292027960896,0.4518367028110868,0.5190050702587369,0.4518367028110868,0.22722421281626554,0.4518367028110868,0.4206068685103388,0.4518367028110868,0.2876745970979582
joao_victor_de_souza_menezes,DEF,Spurs,,11.612757563577444,0.33179307324506985,12.561240024239464,0.3588925721211275,35,0.33179307324507,0.25759448648972005,0.33179307324507,0.66358614649014,0.33179307324507,0.564259766779727,0.33179307324507,0.6423155919600888,0.33179307324507,0.1677352062717284,0.33179307324507,0.34041104051495896,0.33179307324507,0.39035275238290806,0.33179307324507,0.3279392171460156,0.33179307324507,0.28519940394725457,0.33179307324507,0.5005583985500708,0.33179307324507,0.1889350438065952,0.33179307324507,0.3788673315622738,0.33179307324507,0.24026258198858547,0.33179307324507,0.42383924185661515,0.33179307324507,0.24522411725373883,0.33179307324507,0.16702595641390916,0.33179307324507,0.5005583985500708,0.33179307324507,0.39035275238290806,0.33179307324507,0.34041104051495896,0.33179307324507,0.28519940394725457,0.33179307324507,0.3279392171460156,0.33179307324507,0.16702595641390916,0.33179307324507,0.24522411725373883,0.33179307324507,0.24026258198858547,0.33179307324507,0.42383924185661515,0.33179307324507,0.5570961507920144,0.33179307324507,0.25759448648972005,0.33179307324507,0.2700347699962524,0.33179307324507,0.165896536622535,0.33179307324507,0.3788673315622738,0.33179307324507,0.1889350438065952,0.33179307324507,0.1677352062717284,0.33179307324507,0.6423155919600888,0.33179307324507,0.564259766779727,0.33179307324507,0.66358614649014
ben_davies,DEF,Spurs,,11.612757563577444,0.33179307324506985,12.561240024239464,0.3588925721211275,35,0.33179307324507,0.25759448648972005,0.33179307324507,0.66358614649014,0.33179307324507,0.564259766779727,0.33179307324507,0.6423155919600888,0.33179307324507,0.1677352062717284,0.33179307324507,0.34041104051495896,0.33179307324507,0.39035275238290806,0.33179307324507,0.3279392171460156,0.33179307324507,0.28519940394725457,0.33179307324507,0.5005583985500708,0.33179307324507,0.1889350438065952,0.33179307324507,0.3788673315622738,0.33179307324507,0.24026258198858547,0.33179307324507,0.42383924185661515,0.33179307324507,0.24522411725373883,0.33179307324507,0.16702595641390916,0.33179307324507,0.5005583985500708,0.33179307324507,0.39035275238290806,0.33179307324507,0.34041104051495896,0.33179307324507,0.28519940394725457,0.33179307324507,0.3279392171460156,0.33179307324507,0.16702595641390916,0.33179307324507,0.24522411725373883,0.33179307324507,0.24026258198858547,0.33179307324507,0.42383924185661515,0.33179307324507,0.5570961507920144,0.33179307324507,0.25759448648972005,0.33179307324507,0.2700347699962524,0.33179307324507,0.165896536622535,0.33179307324507,0.3788673315622738,0.33179307324507,0.1889350438065952,0.33179307324507,0.1677352062717284,0.33179307324507,0.6423155919600888,0.33179307324507,0.564259766779727,0.33179307324507,0.66358614649014
james_rowswell,DEF,Spurs,,11.612757563577444,0.33179307324506985,12.561240024239464,0.3588925721211275,35,0.33179307324507,0.25759448648972005,0.33179307324507,0.66358614649014,0.33179307324507,0.564259766779727,0.33179307324507,0.6423155919600888,0.33179307324507,0.1677352062717284,0.33179307324507,0.34041104051495896,0.33179307324507,0.39035275238290806,0.33179307324507,0.3279392171460156,0.33179307324507,0.28519940394725457,0.33179307324507,0.5005583985500708,0.33179307324507,0.1889350438065952,0.33179307324507,0.3788673315622738,0.33179307324507,0.24026258198858547,0.33179307324507,0.42383924185661515,0.33179307324507,0.24522411725373883,0.33179307324507,0.16702595641390916,0.33179307324507,0.5005583985500708,0.33179307324507,0.39035275238290806,0.33179307324507,0.34041104051495896,0.33179307324507,0.28519940394725457,0.33179307324507,0.3279392171460156,0.33179307324507,0.16702595641390916,0.33179307324507,0.24522411725373883,0.33179307324507,0.24026258198858547,0.33179307324507,0.42383924185661515,0.33179307324507,0.5570961507920144,0.33179307324507,0.25759448648972005,0.33179307324507,0.2700347699962524,0.33179307324507,0.165896536622535,0.33179307324507,0.3788673315622738,0.33179307324507,0.1889350438065952,0.33179307324507,0.1677352062717284,0.33179307324507,0.6423155919600888,0.33179307324507,0.564259766779727,0.33179307324507,0.66358614649014
jun'ai_byfield,DEF,Spurs,,11.612757563577444,0.33179307324506985,12.561240024239464,0.3588925721211275,35,0.33179307324507,0.25759448648972005,0.33179307324507,0.66358614649014,0.33179307324507,0.564259766779727,0.33179307324507,0.6423155919600888,0.33179307324507,0.1677352062717284,0.33179307324507,0.34041104051495896,0.33179307324507,0.39035275238290806,0.33179307324507,0.3279392171460156,0.33179307324507,0.28519940394725457,0.33179307324507,0.5005583985500708,0.33179307324507,0.1889350438065952,0.33179307324507,0.3788673315622738,0.33179307324507,0.24026258198858547,0.33179307324507,0.42383924185661515,0.33179307324507,0.24522411725373883,0.33179307324507,0.16702595641390916,0.33179307324507,0.5005583985500708,0.33179307324507,0.39035275238290806,0.33179307324507,0.34041104051495896,0.33179307324507,0.28519940394725457,0.33179307324507,0.3279392171460156,0.33179307324507,0.16702595641390916,0.33179307324507,0.24522411725373883,0.33179307324507,0.24026258198858547,0.33179307324507,0.42383924185661515,0.33179307324507,0.5570961507920144,0.33179307324507,0.25759448648972005,0.33179307324507,0.2700347699962524,0.33179307324507,0.165896536622535,0.33179307324507,0.3788673315622738,0.33179307324507,0.1889350438065952,0.33179307324507,0.1677352062717284,0.33179307324507,0.6423155919600888,0.33179307324507,0.564259766779727,0.33179307324507,0.66358614649014
sidiki_cherif,FWD,Coventry City,,16.34944642192256,0.4671270406263589,12.405832122690207,0.35445234636257733,35,0.467127040626359,0.3473873930062404,0.467127040626359,0.25283853068955725,0.467127040626359,0.2335635203131795,0.467127040626359,0.3111967797898919,0.467127040626359,0.5486430862021765,0.467127040626359,0.31248063716010177,0.467127040626359,0.6527530694272882,0.467127040626359,0.5228474083331589,0.467127040626359,0.2335635203131795,0.467127040626359,0.6430401846949164,0.467127040626359,0.2731411578037513,0.467127040626359,0.2335635203131795,0.467127040626359,0.2335635203131795,0.467127040626359,0.45377383359050183,0.467127040626359,0.3659799465466133,0.467127040626359,0.2335635203131795,0.467127040626359,0.6430401846949164,0.467127040626359,0.6527530694272882,0.467127040626359,0.31248063716010177,0.467127040626359,0.2335635203131795,0.467127040626359,0.5228474083331589,0.467127040626359,0.2335635203131795,0.467127040626359,0.3659799465466133,0.467127040626359,0.2335635203131795,0.467127040626359,0.45377383359050183,0.467127040626359,0.23490582444365957,0.467127040626359,0.3473873930062404,0.467127040626359,0.2335635203131795,0.467127040626359,0.2335635203131795,0.467127040626359,0.2335635203131795,0.467127040626359,0.2731411578037513,0.467127040626359,0.2335635203131795,0.467127040626359,0.3111967797898919,0.467127040626359,0.5486430862021765,0.467127040626359,0.25283853068955725
wilson_odobert,MID,Spurs,,19.34916066249877,0.5528331617856792,12.337743050915243,0.3525069443118641,35,0.5528331617856792,0.32006386905122536,0.5528331617856792,0.4190882137118852,0.5528331617856792,0.2764165808928396,0.5528331617856792,0.38412355172277474,0.5528331617856792,0.43402697889766545,0.5528331617856792,0.4974515047399835,0.5528331617856792,0.2764165808928396,0.5528331617856792,0.47398672222351923,0.5528331617856792,0.30005834542924426,0.5528331617856792,0.42969418745983035,0.5528331617856792,0.2764165808928396,0.5528331617856792,0.2764165808928396,0.5528331617856792,0.3840981725156914,0.5528331617856792,0.31811988735987196,0.5528331617856792,0.3080100634433149,0.5528331617856792,0.2764165808928396,0.5528331617856792,0.42969418745983035,0.5528331617856792,0.2764165808928396,0.5528331617856792,0.4974515047399835,0.5528331617856792,0.30005834542924426,0.5528331617856792,0.47398672222351923,0.5528331617856792,0.2764165808928396,0.5528331617856792,0.3080100634433149,0.5528331617856792,0.3840981725156914,0.5528331617856792,0.31811988735987196,0.5528331617856792,0.3747150818393193,0.5528331617856792,0.32006386905122536,0.5528331617856792,0.2764165808928396,0.5528331617856792,0.38500258614467453,0.5528331617856792,0.2764165808928396,0.5528331617856792,0.2764165808928396,0.5528331617856792,0.43402697889766545,0.5528331617856792,0.38412355172277474,0.5528331617856792,0.2764165808928396,0.5528331617856792,0.4190882137118852
romain_esse,MID,Crystal Palace,,16.669179171477065,0.47626226204220184,12.297438767208657,0.35135539334881877,35,0.4762622620422021,0.49973357125853896,0.4762622620422021,0.24368540958743845,0.4762622620422021,0.39506951834759,0.4762622620422021,0.3247410987928709,0.4762622620422021,0.4059158375055103,0.4762622620422021,0.3917486559606037,0.4762622620422021,0.40496229633755015,0.4762622620422021,0.40498905413728753,0.4762622620422021,0.23813113102110106,0.4762622620422021,0.4576032239249136,0.4762622620422021,0.4418529884721951,0.4762622620422021,0.2769927733007613,0.4762622620422021,0.31635744529690135,0.4762622620422021,0.23813113102110106,0.4762622620422021,0.335400086004402,0.4762622620422021,0.23813113102110106,0.4762622620422021,0.4576032239249136,0.4762622620422021,0.40496229633755015,0.4762622620422021,0.3917486559606037,0.4762622620422021,0.23813113102110106,0.4762622620422021,0.40498905413728753,0.4762622620422021,0.23813113102110106,0.4762622620422021,0.335400086004402,0.4762622620422021,0.31635744529690135,0.4762622620422021,0.23813113102110106,0.4762622620422021,0.4530350762591089,0.4762622620422021,0.49973357125853896,0.4762622620422021,0.3374496643312462,0.4762622620422021,0.2800633226385701,0.4762622620422021,0.2769927733007613,0.4762622620422021,0.4418529884721951,0.4762622620422021,0.39506951834759,0.4762622620422021,0.3247410987928709,0.4762622620422021,0.4059158375055103,0.4762622620422021,0.24368540958743845
jesurun_rak_sakyi,MID,Crystal Palace,,16.669179171477065,0.47626226204220184,12.297438767208657,0.35135539334881877,35,0.4762622620422021,0.49973357125853896,0.4762622620422021,0.24368540958743845,0.4762622620422021,0.39506951834759,0.4762622620422021,0.3247410987928709,0.4762622620422021,0.4059158375055103,0.4762622620422021,0.3917486559606037,0.4762622620422021,0.40496229633755015,0.4762622620422021,0.40498905413728753,0.4762622620422021,0.23813113102110106,0.4762622620422021,0.4576032239249136,0.4762622620422021,0.4418529884721951,0.4762622620422021,0.2769927733007613,0.4762622620422021,0.31635744529690135,0.4762622620422021,0.23813113102110106,0.4762622620422021,0.335400086004402,0.4762622620422021,0.23813113102110106,0.4762622620422021,0.4576032239249136,0.4762622620422021,0.40496229633755015,0.4762622620422021,0.3917486559606037,0.4762622620422021,0.23813113102110106,0.4762622620422021,0.40498905413728753,0.4762622620422021,0.23813113102110106,0.4762622620422021,0.335400086004402,0.4762622620422021,0.31635744529690135,0.4762622620422021,0.23813113102110106,0.4762622620422021,0.4530350762591089,0.4762622620422021,0.49973357125853896,0.4762622620422021,0.3374496643312462,0.4762622620422021,0.2800633226385701,0.4762622620422021,0.2769927733007613,0.4762622620422021,0.4418529884721951,0.4762622620422021,0.39506951834759,0.4762622620422021,0.3247410987928709,0.4762622620422021,0.4059158375055103,0.4762622620422021,0.24368540958743845
justin_devenny,MID,Crystal Palace,,16.669179171477065,0.47626226204220184,12.297438767208657,0.35135539334881877,35,0.4762622620422021,0.49973357125853896,0.4762622620422021,0.24368540958743845,0.4762622620422021,0.39506951834759,0.4762622620422021,0.3247410987928709,0.4762622620422021,0.4059158375055103,0.4762622620422021,0.3917486559606037,0.4762622620422021,0.40496229633755015,0.4762622620422021,0.40498905413728753,0.4762622620422021,0.23813113102110106,0.4762622620422021,0.4576032239249136,0.4762622620422021,0.4418529884721951,0.4762622620422021,0.2769927733007613,0.4762622620422021,0.31635744529690135,0.4762622620422021,0.23813113102110106,0.4762622620422021,0.335400086004402,0.4762622620422021,0.23813113102110106,0.4762622620422021,0.4576032239249136,0.4762622620422021,0.40496229633755015,0.4762622620422021,0.3917486559606037,0.4762622620422021,0.23813113102110106,0.4762622620422021,0.40498905413728753,0.4762622620422021,0.23813113102110106,0.4762622620422021,0.335400086004402,0.4762622620422021,0.31635744529690135,0.4762622620422021,0.23813113102110106,0.4762622620422021,0.4530350762591089,0.4762622620422021,0.49973357125853896,0.4762622620422021,0.3374496643312462,0.4762622620422021,0.2800633226385701,0.4762622620422021,0.2769927733007613,0.4762622620422021,0.4418529884721951,0.4762622620422021,0.39506951834759,0.4762622620422021,0.3247410987928709,0.4762622620422021,0.4059158375055103,0.4762622620422021,0.24368540958743845
leo_fuhr_hjelde,DEF,Sunderland,,10.908250931533981,0.31166431232954234,12.277394390828952,0.3507826968808272,35,0.3116643123295426,0.1749428815004922,0.3116643123295426,0.1558321561647713,0.3116643123295426,0.2270632955191667,0.3116643123295426,0.39245053098398247,0.3116643123295426,0.36144398586754006,0.3116643123295426,0.5947469470259801,0.3116643123295426,0.1558321561647713,0.3116643123295426,0.6233286246590852,0.3116643123295426,0.6233286246590852,0.3116643123295426,0.22246920191713088,0.3116643123295426,0.1558321561647713,0.3116643123295426,0.5158386921176644,0.3116643123295426,0.3152008601603261,0.3116643123295426,0.23851753924106145,0.3116643123295426,0.5224717846218603,0.3116643123295426,0.35080915300051335,0.3116643123295426,0.22246920191713088,0.3116643123295426,0.1558321561647713,0.3116643123295426,0.5947469470259801,0.3116643123295426,0.6233286246590852,0.3116643123295426,0.6233286246590852,0.3116643123295426,0.35080915300051335,0.3116643123295426,0.23851753924106145,0.3116643123295426,0.3152008601603261,0.3116643123295426,0.5224717846218603,0.3116643123295426,0.2500365195184506,0.3116643123295426,0.1749428815004922,0.3116643123295426,0.30365267580146466,0.3116643123295426,0.4634880159726323,0.3116643123295426,0.5158386921176644,0.3116643123295426,0.1558321561647713,0.3116643123295426,0.2270632955191667,0.3116643123295426,0.39245053098398247,0.3116643123295426,0.36144398586754006,0.3116643123295426,0.1558321561647713
arthur_masuaku,DEF,Sunderland,,10.908250931533981,0.31166431232954234,12.277394390828952,0.3507826968808272,35,0.3116643123295426,0.1749428815004922,0.3116643123295426,0.1558321561647713,0.3116643123295426,0.2270632955191667,0.3116643123295426,0.39245053098398247,0.3116643123295426,0.36144398586754006,0.3116643123295426,0.5947469470259801,0.3116643123295426,0.1558321561647713,0.3116643123295426,0.6233286246590852,0.3116643123295426,0.6233286246590852,0.3116643123295426,0.22246920191713088,0.3116643123295426,0.1558321561647713,0.3116643123295426,0.5158386921176644,0.3116643123295426,0.3152008601603261,0.3116643123295426,0.23851753924106145,0.3116643123295426,0.5224717846218603,0.3116643123295426,0.35080915300051335,0.3116643123295426,0.22246920191713088,0.3116643123295426,0.1558321561647713,0.3116643123295426,0.5947469470259801,0.3116643123295426,0.6233286246590852,0.3116643123295426,0.6233286246590852,0.3116643123295426,0.35080915300051335,0.3116643123295426,0.23851753924106145,0.3116643123295426,0.3152008601603261,0.3116643123295426,0.5224717846218603,0.3116643123295426,0.2500365195184506,0.3116643123295426,0.1749428815004922,0.3116643123295426,0.30365267580146466,0.3116643123295426,0.4634880159726323,0.3116643123295426,0.5158386921176644,0.3116643123295426,0.1558321561647713,0.3116643123295426,0.2270632955191667,0.3116643123295426,0.39245053098398247,0.3116643123295426,0.36144398586754006,0.3116643123295426,0.1558321561647713
benoit_badiashile_mukinayi,DEF,Chelsea,,17.198413226332864,0.49138323503808184,12.267754751145809,0.350507278604166,35,0.49138323503808157,0.30661186704056737,0.49138323503808157,0.24569161751904078,0.49138323503808157,0.34300698541319075,0.49138323503808157,0.24569161751904078,0.49138323503808157,0.6432413169058604,0.49138323503808157,0.4566472909522156,0.49138323503808157,0.24569161751904078,0.49138323503808157,0.31590685245680783,0.49138323503808157,0.45084987985399,0.49138323503808157,0.2754897453499708,0.49138323503808157,0.24569161751904078,0.49138323503808157,0.24569161751904078,0.49138323503808157,0.6345215457115535,0.49138323503808157,0.5198167444737289,0.49138323503808157,0.2653964785782398,0.49138323503808157,0.24569161751904078,0.49138323503808157,0.2754897453499708,0.49138323503808157,0.24569161751904078,0.49138323503808157,0.31590685245680783,0.49138323503808157,0.45084987985399,0.49138323503808157,0.4566472909522156,0.49138323503808157,0.24569161751904078,0.49138323503808157,0.2653964785782398,0.49138323503808157,0.6345215457115535,0.49138323503808157,0.5198167444737289,0.49138323503808157,0.24569161751904078,0.49138323503808157,0.30661186704056737,0.49138323503808157,0.40509469240698265,0.49138323503808157,0.24569161751904078,0.49138323503808157,0.24569161751904078,0.49138323503808157,0.24569161751904078,0.49138323503808157,0.6432413169058604,0.49138323503808157,0.24569161751904078,0.49138323503808157,0.34300698541319075,0.49138323503808157,0.24569161751904078
aaron_anselmino,DEF,Chelsea,,17.198413226332864,0.49138323503808184,12.267754751145809,0.350507278604166,35,0.49138323503808157,0.30661186704056737,0.49138323503808157,0.24569161751904078,0.49138323503808157,0.34300698541319075,0.49138323503808157,0.24569161751904078,0.49138323503808157,0.6432413169058604,0.49138323503808157,0.4566472909522156,0.49138323503808157,0.24569161751904078,0.49138323503808157,0.31590685245680783,0.49138323503808157,0.45084987985399,0.49138323503808157,0.2754897453499708,0.49138323503808157,0.24569161751904078,0.49138323503808157,0.24569161751904078,0.49138323503808157,0.6345215457115535,0.49138323503808157,0.5198167444737289,0.49138323503808157,0.2653964785782398,0.49138323503808157,0.24569161751904078,0.49138323503808157,0.2754897453499708,0.49138323503808157,0.24569161751904078,0.49138323503808157,0.31590685245680783,0.49138323503808157,0.45084987985399,0.49138323503808157,0.4566472909522156,0.49138323503808157,0.24569161751904078,0.49138323503808157,0.2653964785782398,0.49138323503808157,0.6345215457115535,0.49138323503808157,0.5198167444737289,0.49138323503808157,0.24569161751904078,0.49138323503808157,0.30661186704056737,0.49138323503808157,0.40509469240698265,0.49138323503808157,0.24569161751904078,0.49138323503808157,0.24569161751904078,0.49138323503808157,0.24569161751904078,0.49138323503808157,0.6432413169058604,0.49138323503808157,0.24569161751904078,0.49138323503808157,0.34300698541319075,0.49138323503808157,0.24569161751904078
mamadou_sarr,DEF,Chelsea,,17.198413226332864,0.49138323503808184,12.267754751145809,0.350507278604166,35,0.49138323503808157,0.30661186704056737,0.49138323503808157,0.24569161751904078,0.49138323503808157,0.34300698541319075,0.49138323503808157,0.24569161751904078,0.49138323503808157,0.6432413169058604,0.49138323503808157,0.4566472909522156,0.49138323503808157,0.24569161751904078,0.49138323503808157,0.31590685245680783,0.49138323503808157,0.45084987985399,0.49138323503808157,0.2754897453499708,0.49138323503808157,0.24569161751904078,0.49138323503808157,0.24569161751904078,0.49138323503808157,0.6345215457115535,0.49138323503808157,0.5198167444737289,0.49138323503808157,0.2653964785782398,0.49138323503808157,0.24569161751904078,0.49138323503808157,0.2754897453499708,0.49138323503808157,0.24569161751904078,0.49138323503808157,0.31590685245680783,0.49138323503808157,0.45084987985399,0.49138323503808157,0.4566472909522156,0.49138323503808157,0.24569161751904078,0.49138323503808157,0.2653964785782398,0.49138323503808157,0.6345215457115535,0.49138323503808157,0.5198167444737289,0.49138323503808157,0.24569161751904078,0.49138323503808157,0.30661186704056737,0.49138323503808157,0.40509469240698265,0.49138323503808157,0.24569161751904078,0.49138323503808157,0.24569161751904078,0.49138323503808157,0.24569161751904078,0.49138323503808157,0.6432413169058604,0.49138323503808157,0.24569161751904078,0.49138323503808157,0.34300698541319075,0.49138323503808157,0.24569161751904078
darnell_furlong,DEF,Ipswich Town,,15.855537058616086,0.4530153445318882,12.062999466514638,0.34465712761470396,35,0.4530153445318885,0.2816274255924171,0.4530153445318885,0.22650767226594426,0.4530153445318885,0.41411986206165585,0.4530153445318885,0.22650767226594426,0.4530153445318885,0.46089443667179036,0.4530153445318885,0.31344292202609425,0.4530153445318885,0.35064889308099584,0.4530153445318885,0.6575721934213651,0.4530153445318885,0.6486581530454231,0.4530153445318885,0.5313978251349932,0.4530153445318885,0.32294499191392045,0.4530153445318885,0.22650767226594426,0.4530153445318885,0.22650767226594426,0.4530153445318885,0.22650767226594426,0.4530153445318885,0.22650767226594426,0.4530153445318885,0.22650767226594426,0.4530153445318885,0.5313978251349932,0.4530153445318885,0.35064889308099584,0.4530153445318885,0.31344292202609425,0.4530153445318885,0.6486581530454231,0.4530153445318885,0.6575721934213651,0.4530153445318885,0.22650767226594426,0.4530153445318885,0.22650767226594426,0.4530153445318885,0.22650767226594426,0.4530153445318885,0.22650767226594426,0.4530153445318885,0.22650767226594426,0.4530153445318885,0.2816274255924171,0.4530153445318885,0.23594996740602947,0.4530153445318885,0.46682100922214076,0.4530153445318885,0.22650767226594426,0.4530153445318885,0.32294499191392045,0.4530153445318885,0.41411986206165585,0.4530153445318885,0.22650767226594426,0.4530153445318885,0.46089443667179036,0.4530153445318885,0.22650767226594426
matheus_franca_de_oliveira,MID,Crystal Palace,,16.24499404378379,0.4641426869652512,11.984502504414467,0.3424143572689848,35,0.46414268696525096,0.4870167154040138,0.46414268696525096,0.2374842808144204,0.46414268696525096,0.38501607706148566,0.46414268696525096,0.3164773238917995,0.46414268696525096,0.3955863869912564,0.46414268696525096,0.38177972156120227,0.46414268696525096,0.39465711084426286,0.46414268696525096,0.3946831877310062,0.46414268696525096,0.23207134348262548,0.46414268696525096,0.44595847045645287,0.46414268696525096,0.4306090355211433,0.46414268696525096,0.26994406300111123,0.46414268696525096,0.30830701150232004,0.46414268696525096,0.23207134348262548,0.46414268696525096,0.32686506896207745,0.46414268696525096,0.23207134348262548,0.46414268696525096,0.44595847045645287,0.46414268696525096,0.39465711084426286,0.46414268696525096,0.38177972156120227,0.46414268696525096,0.23207134348262548,0.46414268696525096,0.3946831877310062,0.46414268696525096,0.23207134348262548,0.46414268696525096,0.32686506896207745,0.46414268696525096,0.30830701150232004,0.46414268696525096,0.23207134348262548,0.46414268696525096,0.44150656968445184,0.46414268696525096,0.4870167154040138,0.46414268696525096,0.32886249111282284,0.46414268696525096,0.272936475236334,0.46414268696525096,0.26994406300111123,0.46414268696525096,0.4306090355211433,0.46414268696525096,0.38501607706148566,0.46414268696525096,0.3164773238917995,0.46414268696525096,0.3955863869912564,0.46414268696525096,0.2374842808144204
cheick_doucoure,MID,Crystal Palace,,16.24499404378379,0.4641426869652512,11.984502504414467,0.3424143572689848,35,0.46414268696525096,0.4870167154040138,0.46414268696525096,0.2374842808144204,0.46414268696525096,0.38501607706148566,0.46414268696525096,0.3164773238917995,0.46414268696525096,0.3955863869912564,0.46414268696525096,0.38177972156120227,0.46414268696525096,0.39465711084426286,0.46414268696525096,0.3946831877310062,0.46414268696525096,0.23207134348262548,0.46414268696525096,0.44595847045645287,0.46414268696525096,0.4306090355211433,0.46414268696525096,0.26994406300111123,0.46414268696525096,0.30830701150232004,0.46414268696525096,0.23207134348262548,0.46414268696525096,0.32686506896207745,0.46414268696525096,0.23207134348262548,0.46414268696525096,0.44595847045645287,0.46414268696525096,0.39465711084426286,0.46414268696525096,0.38177972156120227,0.46414268696525096,0.23207134348262548,0.46414268696525096,0.3946831877310062,0.46414268696525096,0.23207134348262548,0.46414268696525096,0.32686506896207745,0.46414268696525096,0.30830701150232004,0.46414268696525096,0.23207134348262548,0.46414268696525096,0.44150656968445184,0.46414268696525096,0.4870167154040138,0.46414268696525096,0.32886249111282284,0.46414268696525096,0.272936475236334,0.46414268696525096,0.26994406300111123,0.46414268696525096,0.4306090355211433,0.46414268696525096,0.38501607706148566,0.46414268696525096,0.3164773238917995,0.46414268696525096,0.3955863869912564,0.46414268696525096,0.2374842808144204
jefferson_lerma_solis,MID,Crystal Palace,,16.24499404378379,0.4641426869652512,11.984502504414467,0.3424143572689848,35,0.46414268696525096,0.4870167154040138,0.46414268696525096,0.2374842808144204,0.46414268696525096,0.38501607706148566,0.46414268696525096,0.3164773238917995,0.46414268696525096,0.3955863869912564,0.46414268696525096,0.38177972156120227,0.46414268696525096,0.39465711084426286,0.46414268696525096,0.3946831877310062,0.46414268696525096,0.23207134348262548,0.46414268696525096,0.44595847045645287,0.46414268696525096,0.4306090355211433,0.46414268696525096,0.26994406300111123,0.46414268696525096,0.30830701150232004,0.46414268696525096,0.23207134348262548,0.46414268696525096,0.32686506896207745,0.46414268696525096,0.23207134348262548,0.46414268696525096,0.44595847045645287,0.46414268696525096,0.39465711084426286,0.46414268696525096,0.38177972156120227,0.46414268696525096,0.23207134348262548,0.46414268696525096,0.3946831877310062,0.46414268696525096,0.23207134348262548,0.46414268696525096,0.32686506896207745,0.46414268696525096,0.30830701150232004,0.46414268696525096,0.23207134348262548,0.46414268696525096,0.44150656968445184,0.46414268696525096,0.4870167154040138,0.46414268696525096,0.32886249111282284,0.46414268696525096,0.272936475236334,0.46414268696525096,0.26994406300111123,0.46414268696525096,0.4306090355211433,0.46414268696525096,0.38501607706148566,0.46414268696525096,0.3164773238917995,0.46414268696525096,0.3955863869912564,0.46414268696525096,0.2374842808144204
jonah_kusi_asare,FWD,Fulham,,13.673159458979677,0.3906616988279908,11.922903444227828,0.3406543841207951,35,0.39066169882799096,0.22479204685791337,0.39066169882799096,0.30509960191151825,0.39066169882799096,0.7182780725579602,0.39066169882799096,0.21497473076296422,0.39066169882799096,0.37550720235263785,0.39066169882799096,0.2031299736864485,0.39066169882799096,0.19533084941399548,0.39066169882799096,0.26239060455309093,0.39066169882799096,0.19533084941399548,0.39066169882799096,0.34760786105424657,0.39066169882799096,0.7291273978265757,0.39066169882799096,0.4088008445772097,0.39066169882799096,0.19533084941399548,0.39066169882799096,0.38803289906032773,0.39066169882799096,0.19533084941399548,0.39066169882799096,0.2824214983986483,0.39066169882799096,0.34760786105424657,0.39066169882799096,0.19533084941399548,0.39066169882799096,0.2031299736864485,0.39066169882799096,0.19533084941399548,0.39066169882799096,0.26239060455309093,0.39066169882799096,0.2824214983986483,0.39066169882799096,0.19533084941399548,0.39066169882799096,0.19533084941399548,0.39066169882799096,0.38803289906032773,0.39066169882799096,0.5840223327219306,0.39066169882799096,0.22479204685791337,0.39066169882799096,0.5068669148931323,0.39066169882799096,0.3490419341017206,0.39066169882799096,0.4088008445772097,0.39066169882799096,0.7291273978265757,0.39066169882799096,0.7182780725579602,0.39066169882799096,0.21497473076296422,0.39066169882799096,0.37550720235263785,0.39066169882799096,0.30509960191151825
jahnoah_markelo,FWD,Coventry City,,15.668150367109483,0.44766143906027095,11.888870002766138,0.33968200007903254,35,0.4476614390602711,0.3329114496477178,0.4476614390602711,0.2423025229851891,0.4476614390602711,0.22383071953013556,0.4476614390602711,0.2982289316517985,0.4476614390602711,0.5257806381116522,0.4476614390602711,0.29945928953715156,0.4476614390602711,0.6255522652232004,0.4476614390602711,0.5010598892102494,0.4476614390602711,0.22383071953013556,0.4476614390602711,0.6162441250845139,0.4476614390602711,0.2617591214695273,0.4476614390602711,0.22383071953013556,0.4476614390602711,0.22383071953013556,0.4476614390602711,0.4348646721042709,0.4476614390602711,0.35072923485348995,0.4476614390602711,0.22383071953013556,0.4476614390602711,0.6162441250845139,0.4476614390602711,0.6255522652232004,0.4476614390602711,0.29945928953715156,0.4476614390602711,0.22383071953013556,0.4476614390602711,0.5010598892102494,0.4476614390602711,0.22383071953013556,0.4476614390602711,0.35072923485348995,0.4476614390602711,0.22383071953013556,0.4476614390602711,0.4348646721042709,0.4476614390602711,0.22511708864698549,0.4476614390602711,0.3329114496477178,0.4476614390602711,0.22383071953013556,0.4476614390602711,0.22383071953013556,0.4476614390602711,0.22383071953013556,0.4476614390602711,0.2617591214695273,0.4476614390602711,0.22383071953013556,0.4476614390602711,0.2982289316517985,0.4476614390602711,0.5257806381116522,0.4476614390602711,0.2423025229851891
christian_walton,GK,Ipswich Town,,13.200639117292448,0.3771611176369271,11.880575205563208,0.3394450058732345,35,0.3771611176369274,0.2682034614307039,0.3771611176369274,0.23467802875186594,0.3771611176369274,0.3352543267883799,0.3771611176369274,0.1885805588184637,0.3771611176369274,0.5028814901825698,0.3771611176369274,0.4358306248248938,0.3771611176369274,0.2682034614307039,0.3771611176369274,0.6705086535767598,0.3771611176369274,0.6034577882190838,0.3771611176369274,0.7543222352738548,0.3771611176369274,0.23467802875186594,0.3771611176369274,0.1885805588184637,0.3771611176369274,0.20115259607302793,0.3771611176369274,0.23467802875186594,0.3771611176369274,0.1885805588184637,0.3771611176369274,0.20115259607302793,0.3771611176369274,0.7543222352738548,0.3771611176369274,0.2682034614307039,0.3771611176369274,0.4358306248248938,0.3771611176369274,0.6034577882190838,0.3771611176369274,0.6705086535767598,0.3771611176369274,0.20115259607302793,0.3771611176369274,0.1885805588184637,0.3771611176369274,0.20115259607302793,0.3771611176369274,0.23467802875186594,0.3771611176369274,0.1885805588184637,0.3771611176369274,0.2682034614307039,0.3771611176369274,0.23467802875186594,0.3771611176369274,0.4358306248248938,0.3771611176369274,0.1885805588184637,0.3771611176369274,0.23467802875186594,0.3771611176369274,0.3352543267883799,0.3771611176369274,0.1885805588184637,0.3771611176369274,0.5028814901825698,0.3771611176369274,0.23467802875186594
kayne_van_oevelen,GK,Ipswich Town,,13.200639117292448,0.3771611176369271,11.880575205563208,0.3394450058732345,35,0.3771611176369274,0.2682034614307039,0.3771611176369274,0.23467802875186594,0.3771611176369274,0.3352543267883799,0.3771611176369274,0.1885805588184637,0.3771611176369274,0.5028814901825698,0.3771611176369274,0.4358306248248938,0.3771611176369274,0.2682034614307039,0.3771611176369274,0.6705086535767598,0.3771611176369274,0.6034577882190838,0.3771611176369274,0.7543222352738548,0.3771611176369274,0.23467802875186594,0.3771611176369274,0.1885805588184637,0.3771611176369274,0.20115259607302793,0.3771611176369274,0.23467802875186594,0.3771611176369274,0.1885805588184637,0.3771611176369274,0.20115259607302793,0.3771611176369274,0.7543222352738548,0.3771611176369274,0.2682034614307039,0.3771611176369274,0.4358306248248938,0.3771611176369274,0.6034577882190838,0.3771611176369274,0.6705086535767598,0.3771611176369274,0.20115259607302793,0.3771611176369274,0.1885805588184637,0.3771611176369274,0.20115259607302793,0.3771611176369274,0.23467802875186594,0.3771611176369274,0.1885805588184637,0.3771611176369274,0.2682034614307039,0.3771611176369274,0.23467802875186594,0.3771611176369274,0.4358306248248938,0.3771611176369274,0.1885805588184637,0.3771611176369274,0.23467802875186594,0.3771611176369274,0.3352543267883799,0.3771611176369274,0.1885805588184637,0.3771611176369274,0.5028814901825698,0.3771611176369274,0.23467802875186594
joao_gomes,MID,Aston Villa,,20.52718118693835,0.5864908910553814,11.580962647645181,0.33088464707557663,35,0.5864908910553817,0.3308921433501273,0.5864908910553817,0.3281107410349177,0.5864908910553817,0.29324544552769083,0.5864908910553817,0.3399765237615417,0.5864908910553817,0.29324544552769083,0.5864908910553817,0.37944144114979483,0.5864908910553817,0.29324544552769083,0.5864908910553817,0.29324544552769083,0.5864908910553817,0.41855396283007157,0.5864908910553817,0.29324544552769083,0.5864908910553817,0.4392745384258168,0.5864908910553817,0.3392002924379632,0.5864908910553817,0.38326751251718416,0.5864908910553817,0.29324544552769083,0.5864908910553817,0.3391778813298031,0.5864908910553817,0.29324544552769083,0.5864908910553817,0.29324544552769083,0.5864908910553817,0.29324544552769083,0.5864908910553817,0.37944144114979483,0.5864908910553817,0.41855396283007157,0.5864908910553817,0.29324544552769083,0.5864908910553817,0.29324544552769083,0.5864908910553817,0.29324544552769083,0.5864908910553817,0.38326751251718416,0.5864908910553817,0.3391778813298031,0.5864908910553817,0.29324544552769083,0.5864908910553817,0.3308921433501273,0.5864908910553817,0.29324544552769083,0.5864908910553817,0.29324544552769083,0.5864908910553817,0.3392002924379632,0.5864908910553817,0.4392745384258168,0.5864908910553817,0.29324544552769083,0.5864908910553817,0.3399765237615417,0.5864908910553817,0.29324544552769083,0.5864908910553817,0.3281107410349177
alfie_cresswell,MID,Leeds,,12.849338249669986,0.367123949990571,11.549148924863134,0.3299756835675181,35,0.3671239499905712,0.3647675073233594,0.3671239499905712,0.4713063026804502,0.3671239499905712,0.1835619749952856,0.3671239499905712,0.248913577958464,0.3671239499905712,0.28428779092062456,0.3671239499905712,0.30140004903406925,0.3671239499905712,0.3520364753693206,0.3671239499905712,0.41121526166605377,0.3671239499905712,0.3639346734503751,0.3671239499905712,0.2516728608555023,0.3671239499905712,0.4490747890843335,0.3671239499905712,0.3639106281310999,0.3671239499905712,0.40711019435116247,0.3671239499905712,0.3970616524815732,0.3671239499905712,0.19660822464498923,0.3671239499905712,0.3032418583656324,0.3671239499905712,0.2516728608555023,0.3671239499905712,0.3520364753693206,0.3671239499905712,0.41121526166605377,0.3671239499905712,0.3639346734503751,0.3671239499905712,0.30140004903406925,0.3671239499905712,0.3032418583656324,0.3671239499905712,0.3970616524815732,0.3671239499905712,0.40711019435116247,0.3671239499905712,0.19660822464498923,0.3671239499905712,0.2918215802075381,0.3671239499905712,0.3647675073233594,0.3671239499905712,0.3550206966860079,0.3671239499905712,0.20209900534499808,0.3671239499905712,0.3639106281310999,0.3671239499905712,0.4490747890843335,0.3671239499905712,0.1835619749952856,0.3671239499905712,0.248913577958464,0.3671239499905712,0.28428779092062456,0.3671239499905712,0.4713063026804502
ryan_yates,MID,Nott'm Forest,,12.27940853427729,0.350840243836494,11.536874181238725,0.3296249766068207,35,0.35084024383649415,0.41018806717419193,0.35084024383649415,0.37596594722077303,0.35084024383649415,0.4868871625735259,0.35084024383649415,0.1775428734582561,0.35084024383649415,0.4639206999716732,0.35084024383649415,0.20878017270665195,0.35084024383649415,0.2599928845037703,0.35084024383649415,0.31136399797567704,0.35084024383649415,0.42480957886799725,0.35084024383649415,0.20310787293018703,0.35084024383649415,0.3014688756693864,0.35084024383649415,0.2936860277242801,0.35084024383649415,0.3132666954663453,0.35084024383649415,0.25714238279641777,0.35084024383649415,0.37682631365127967,0.35084024383649415,0.4205688026132483,0.35084024383649415,0.20310787293018703,0.35084024383649415,0.2599928845037703,0.35084024383649415,0.31136399797567704,0.35084024383649415,0.42480957886799725,0.35084024383649415,0.20878017270665195,0.35084024383649415,0.4205688026132483,0.35084024383649415,0.25714238279641777,0.35084024383649415,0.3132666954663453,0.35084024383649415,0.37682631365127967,0.35084024383649415,0.36367440800206213,0.35084024383649415,0.41018806717419193,0.35084024383649415,0.22622195563924027,0.35084024383649415,0.37594110699010247,0.35084024383649415,0.2936860277242801,0.35084024383649415,0.3014688756693864,0.35084024383649415,0.4868871625735259,0.35084024383649415,0.1775428734582561,0.35084024383649415,0.4639206999716732,0.35084024383649415,0.37596594722077303
leon_bailey,MID,Aston Villa,,20.064834965590858,0.5732809990168817,11.320117562733463,0.32343193036381324,35,0.5732809990168819,0.3234392577952002,0.5732809990168819,0.32072050270070607,0.5732809990168819,0.28664049950844095,0.5732809990168819,0.3323190251660685,0.5732809990168819,0.28664049950844095,0.5732809990168819,0.3708950501504362,0.5732809990168819,0.28664049950844095,0.5732809990168819,0.28664049950844095,0.5732809990168819,0.40912661665028344,0.5732809990168819,0.28664049950844095,0.5732809990168819,0.4293804900844609,0.5732809990168819,0.3315602773740124,0.5732809990168819,0.3746349445789069,0.5732809990168819,0.28664049950844095,0.5732809990168819,0.33153837104490985,0.5732809990168819,0.28664049950844095,0.5732809990168819,0.28664049950844095,0.5732809990168819,0.28664049950844095,0.5732809990168819,0.3708950501504362,0.5732809990168819,0.40912661665028344,0.5732809990168819,0.28664049950844095,0.5732809990168819,0.28664049950844095,0.5732809990168819,0.28664049950844095,0.5732809990168819,0.3746349445789069,0.5732809990168819,0.33153837104490985,0.5732809990168819,0.28664049950844095,0.5732809990168819,0.3234392577952002,0.5732809990168819,0.28664049950844095,0.5732809990168819,0.28664049950844095,0.5732809990168819,0.3315602773740124,0.5732809990168819,0.4293804900844609,0.5732809990168819,0.28664049950844095,0.5732809990168819,0.3323190251660685,0.5732809990168819,0.28664049950844095,0.5732809990168819,0.32072050270070607
lamare_bogarde,MID,Aston Villa,,19.684927866845992,0.5624265104813141,11.10578273126916,0.3173080780362617,35,0.5624265104813142,0.3173152667302406,0.5624265104813142,0.3146479884787864,0.5624265104813142,0.2812132552406571,0.5624265104813142,0.3260269048010084,0.5624265104813142,0.2812132552406571,0.5624265104813142,0.3638725322636395,0.5624265104813142,0.2812132552406571,0.5624265104813142,0.2812132552406571,0.5624265104813142,0.4013802232103444,0.5624265104813142,0.2812132552406571,0.5624265104813142,0.42125061029599614,0.5624265104813142,0.3252825231212504,0.5624265104813142,0.36754161562167936,0.5624265104813142,0.2812132552406571,0.5624265104813142,0.32526103156605196,0.5624265104813142,0.2812132552406571,0.5624265104813142,0.2812132552406571,0.5624265104813142,0.2812132552406571,0.5624265104813142,0.3638725322636395,0.5624265104813142,0.4013802232103444,0.5624265104813142,0.2812132552406571,0.5624265104813142,0.2812132552406571,0.5624265104813142,0.2812132552406571,0.5624265104813142,0.36754161562167936,0.5624265104813142,0.32526103156605196,0.5624265104813142,0.2812132552406571,0.5624265104813142,0.3173152667302406,0.5624265104813142,0.2812132552406571,0.5624265104813142,0.2812132552406571,0.5624265104813142,0.3252825231212504,0.5624265104813142,0.42125061029599614,0.5624265104813142,0.2812132552406571,0.5624265104813142,0.3260269048010084,0.5624265104813142,0.2812132552406571,0.5624265104813142,0.3146479884787864
wellity_lucky,DEF,Liverpool,,11.612757563577444,0.33179307324506985,10.990675115381364,0.31401928901089615,35,0.33179307324507,0.3892521979506937,0.33179307324507,0.32959262485322216,0.33179307324507,0.165896536622535,0.33179307324507,0.20998874067165815,0.33179307324507,0.19069508554452558,0.33179307324507,0.165896536622535,0.33179307324507,0.2647158575521851,0.33179307324507,0.4387886709530139,0.33179307324507,0.2003147291835398,0.33179307324507,0.22178130496314474,0.33179307324507,0.165896536622535,0.33179307324507,0.30355232732340376,0.33179307324507,0.6180853541441982,0.33179307324507,0.29462085137220495,0.33179307324507,0.6097065968644036,0.33179307324507,0.49948768549821015,0.33179307324507,0.22178130496314474,0.33179307324507,0.2647158575521851,0.33179307324507,0.4387886709530139,0.33179307324507,0.2003147291835398,0.33179307324507,0.165896536622535,0.33179307324507,0.49948768549821015,0.33179307324507,0.29462085137220495,0.33179307324507,0.6180853541441982,0.33179307324507,0.6097065968644036,0.33179307324507,0.25501731953369167,0.33179307324507,0.3892521979506937,0.33179307324507,0.165896536622535,0.33179307324507,0.4332179857411205,0.33179307324507,0.30355232732340376,0.33179307324507,0.165896536622535,0.33179307324507,0.165896536622535,0.33179307324507,0.20998874067165815,0.33179307324507,0.19069508554452558,0.33179307324507,0.32959262485322216
calvin_ramsay,DEF,Liverpool,,11.612757563577444,0.33179307324506985,10.990675115381364,0.31401928901089615,35,0.33179307324507,0.3892521979506937,0.33179307324507,0.32959262485322216,0.33179307324507,0.165896536622535,0.33179307324507,0.20998874067165815,0.33179307324507,0.19069508554452558,0.33179307324507,0.165896536622535,0.33179307324507,0.2647158575521851,0.33179307324507,0.4387886709530139,0.33179307324507,0.2003147291835398,0.33179307324507,0.22178130496314474,0.33179307324507,0.165896536622535,0.33179307324507,0.30355232732340376,0.33179307324507,0.6180853541441982,0.33179307324507,0.29462085137220495,0.33179307324507,0.6097065968644036,0.33179307324507,0.49948768549821015,0.33179307324507,0.22178130496314474,0.33179307324507,0.2647158575521851,0.33179307324507,0.4387886709530139,0.33179307324507,0.2003147291835398,0.33179307324507,0.165896536622535,0.33179307324507,0.49948768549821015,0.33179307324507,0.29462085137220495,0.33179307324507,0.6180853541441982,0.33179307324507,0.6097065968644036,0.33179307324507,0.25501731953369167,0.33179307324507,0.3892521979506937,0.33179307324507,0.165896536622535,0.33179307324507,0.4332179857411205,0.33179307324507,0.30355232732340376,0.33179307324507,0.165896536622535,0.33179307324507,0.165896536622535,0.33179307324507,0.20998874067165815,0.33179307324507,0.19069508554452558,0.33179307324507,0.32959262485322216
macauley_zepa,MID,Fulham,,13.704232822759028,0.3915495092216865,10.895356081983163,0.3112958880566618,35,0.3915495092216865,0.3644624947070322,0.3915495092216865,0.24929105273757787,0.3915495092216865,0.44975580619961314,0.3915495092216865,0.19690637891515209,0.3915495092216865,0.3644865764907768,0.3915495092216865,0.39766379223141873,0.3915495092216865,0.36532067334742324,0.3915495092216865,0.25205452005762197,0.3915495092216865,0.3018571189852835,0.3915495092216865,0.3525703349195707,0.3915495092216865,0.3037017214010018,0.3915495092216865,0.20240548632537456,0.3915495092216865,0.21931471918539555,0.3915495092216865,0.29226412451320827,0.3915495092216865,0.19577475461084326,0.3915495092216865,0.3555590817759717,0.3915495092216865,0.3525703349195707,0.3915495092216865,0.36532067334742324,0.3915495092216865,0.39766379223141873,0.3915495092216865,0.3018571189852835,0.3915495092216865,0.25205452005762197,0.3915495092216865,0.3555590817759717,0.3915495092216865,0.19577475461084326,0.3915495092216865,0.21931471918539555,0.3915495092216865,0.29226412451320827,0.3915495092216865,0.47202103364835646,0.3915495092216865,0.3644624947070322,0.3915495092216865,0.41183886521287005,0.3915495092216865,0.28471891031540675,0.3915495092216865,0.20240548632537456,0.3915495092216865,0.3037017214010018,0.3915495092216865,0.44975580619961314,0.3915495092216865,0.19690637891515209,0.3915495092216865,0.3644865764907768,0.3915495092216865,0.24929105273757787
kieran_dowell,MID,Hull City,,12.849338249669986,0.367123949990571,10.852599429801042,0.3100742694228869,35,0.3671239499905712,0.389649688915381,0.3671239499905712,0.3456378179621417,0.3671239499905712,0.2873387901498811,0.3671239499905712,0.38575990574988395,0.3671239499905712,0.19150022361460212,0.3671239499905712,0.4255237297310063,0.3671239499905712,0.1835619749952856,0.3671239499905712,0.2765174314931047,0.3671239499905712,0.4465893446640428,0.3671239499905712,0.33640216431112185,0.3671239499905712,0.28559357176917854,0.3671239499905712,0.3335744460426152,0.3671239499905712,0.23847425200971265,0.3671239499905712,0.3448258765245861,0.3671239499905712,0.2074984158209141,0.3671239499905712,0.2693787405794784,0.3671239499905712,0.33640216431112185,0.3671239499905712,0.1835619749952856,0.3671239499905712,0.4255237297310063,0.3671239499905712,0.4465893446640428,0.3671239499905712,0.2765174314931047,0.3671239499905712,0.2693787405794784,0.3671239499905712,0.3448258765245861,0.3671239499905712,0.23847425200971265,0.3671239499905712,0.2074984158209141,0.3671239499905712,0.3762383447123017,0.3671239499905712,0.389649688915381,0.3671239499905712,0.23585967560001309,0.3671239499905712,0.34484866082285714,0.3671239499905712,0.3335744460426152,0.3671239499905712,0.28559357176917854,0.3671239499905712,0.2873387901498811,0.3671239499905712,0.38575990574988395,0.3671239499905712,0.19150022361460212,0.3671239499905712,0.3456378179621417
freddie_woodman,GK,Liverpool,,8.093895784387557,0.23125416526821593,10.740471231346037,0.30687060660988674,35,0.23125416526821607,0.34259876336032014,0.23125416526821607,0.2740790106882561,0.23125416526821607,0.17129938168016007,0.23125416526821607,0.2398191343522241,0.23125416526821607,0.20555925801619207,0.23125416526821607,0.20555925801619207,0.23125416526821607,0.2740790106882561,0.23125416526821607,0.4453783923684161,0.23125416526821607,0.2398191343522241,0.23125416526821607,0.2398191343522241,0.23125416526821607,0.17129938168016007,0.23125416526821607,0.2398191343522241,0.23125416526821607,0.46250833053643214,0.23125416526821607,0.4453783923684161,0.23125416526821607,0.46250833053643214,0.23125416526821607,0.46250833053643214,0.23125416526821607,0.2398191343522241,0.23125416526821607,0.2740790106882561,0.23125416526821607,0.4453783923684161,0.23125416526821607,0.2398191343522241,0.23125416526821607,0.20555925801619207,0.23125416526821607,0.46250833053643214,0.23125416526821607,0.4453783923684161,0.23125416526821607,0.46250833053643214,0.23125416526821607,0.46250833053643214,0.23125416526821607,0.3768586396963521,0.23125416526821607,0.34259876336032014,0.23125416526821607,0.13703950534412804,0.23125416526821607,0.46250833053643214,0.23125416526821607,0.2398191343522241,0.23125416526821607,0.17129938168016007,0.23125416526821607,0.17129938168016007,0.23125416526821607,0.2398191343522241,0.23125416526821607,0.20555925801619207,0.23125416526821607,0.2740790106882561
harvey_davies,GK,Liverpool,,8.093895784387557,0.23125416526821593,10.740471231346037,0.30687060660988674,35,0.23125416526821607,0.34259876336032014,0.23125416526821607,0.2740790106882561,0.23125416526821607,0.17129938168016007,0.23125416526821607,0.2398191343522241,0.23125416526821607,0.20555925801619207,0.23125416526821607,0.20555925801619207,0.23125416526821607,0.2740790106882561,0.23125416526821607,0.4453783923684161,0.23125416526821607,0.2398191343522241,0.23125416526821607,0.2398191343522241,0.23125416526821607,0.17129938168016007,0.23125416526821607,0.2398191343522241,0.23125416526821607,0.46250833053643214,0.23125416526821607,0.4453783923684161,0.23125416526821607,0.46250833053643214,0.23125416526821607,0.46250833053643214,0.23125416526821607,0.2398191343522241,0.23125416526821607,0.2740790106882561,0.23125416526821607,0.4453783923684161,0.23125416526821607,0.2398191343522241,0.23125416526821607,0.20555925801619207,0.23125416526821607,0.46250833053643214,0.23125416526821607,0.4453783923684161,0.23125416526821607,0.46250833053643214,0.23125416526821607,0.46250833053643214,0.23125416526821607,0.3768586396963521,0.23125416526821607,0.34259876336032014,0.23125416526821607,0.13703950534412804,0.23125416526821607,0.46250833053643214,0.23125416526821607,0.2398191343522241,0.23125416526821607,0.17129938168016007,0.23125416526821607,0.17129938168016007,0.23125416526821607,0.2398191343522241,0.23125416526821607,0.20555925801619207,0.23125416526821607,0.2740790106882561
juanlu_sanchez,DEF,Bournemouth,,17.198413226332864,0.49138323503808184,10.658983478647883,0.3045423851042252,35,0.49138323503808157,0.24569161751904078,0.49138323503808157,0.24569161751904078,0.49138323503808157,0.24569161751904078,0.49138323503808157,0.24569161751904078,0.49138323503808157,0.3664518043659668,0.49138323503808157,0.2535099591918619,0.49138323503808157,0.24569161751904078,0.49138323503808157,0.36179947903810594,0.49138323503808157,0.325081707288939,0.49138323503808157,0.24569161751904078,0.49138323503808157,0.24605088904116854,0.49138323503808157,0.24569161751904078,0.49138323503808157,0.41714423303558734,0.49138323503808157,0.5161903856505284,0.49138323503808157,0.24569161751904078,0.49138323503808157,0.5091929152808936,0.49138323503808157,0.24569161751904078,0.49138323503808157,0.24569161751904078,0.49138323503808157,0.36179947903810594,0.49138323503808157,0.325081707288939,0.49138323503808157,0.2535099591918619,0.49138323503808157,0.5091929152808936,0.49138323503808157,0.24569161751904078,0.49138323503808157,0.41714423303558734,0.49138323503808157,0.5161903856505284,0.49138323503808157,0.24569161751904078,0.49138323503808157,0.24569161751904078,0.49138323503808157,0.24569161751904078,0.49138323503808157,0.24569161751904078,0.49138323503808157,0.24569161751904078,0.49138323503808157,0.24605088904116854,0.49138323503808157,0.3664518043659668,0.49138323503808157,0.24569161751904078,0.49138323503808157,0.24569161751904078,0.49138323503808157,0.24569161751904078
vitezslav_jaros,GK,Liverpool,,7.93708475631641,0.22677385018046886,10.532385486159564,0.300925299604559,35,0.22677385018046903,0.3359612595266208,0.22677385018046903,0.26876900762129663,0.22677385018046903,0.1679806297633104,0.22677385018046903,0.2351728816686346,0.22677385018046903,0.20157675571597247,0.22677385018046903,0.20157675571597247,0.22677385018046903,0.26876900762129663,0.22677385018046903,0.436749637384607,0.22677385018046903,0.2351728816686346,0.22677385018046903,0.2351728816686346,0.22677385018046903,0.1679806297633104,0.22677385018046903,0.2351728816686346,0.22677385018046903,0.45354770036093806,0.22677385018046903,0.436749637384607,0.22677385018046903,0.45354770036093806,0.22677385018046903,0.45354770036093806,0.22677385018046903,0.2351728816686346,0.22677385018046903,0.26876900762129663,0.22677385018046903,0.436749637384607,0.22677385018046903,0.2351728816686346,0.22677385018046903,0.20157675571597247,0.22677385018046903,0.45354770036093806,0.22677385018046903,0.436749637384607,0.22677385018046903,0.45354770036093806,0.22677385018046903,0.45354770036093806,0.22677385018046903,0.36955738547928285,0.22677385018046903,0.3359612595266208,0.22677385018046903,0.13438450381064831,0.22677385018046903,0.45354770036093806,0.22677385018046903,0.2351728816686346,0.22677385018046903,0.1679806297633104,0.22677385018046903,0.1679806297633104,0.22677385018046903,0.2351728816686346,0.22677385018046903,0.20157675571597247,0.22677385018046903,0.26876900762129663
armin_pecsi,GK,Liverpool,,7.93708475631641,0.22677385018046886,10.532385486159564,0.300925299604559,35,0.22677385018046903,0.3359612595266208,0.22677385018046903,0.26876900762129663,0.22677385018046903,0.1679806297633104,0.22677385018046903,0.2351728816686346,0.22677385018046903,0.20157675571597247,0.22677385018046903,0.20157675571597247,0.22677385018046903,0.26876900762129663,0.22677385018046903,0.436749637384607,0.22677385018046903,0.2351728816686346,0.22677385018046903,0.2351728816686346,0.22677385018046903,0.1679806297633104,0.22677385018046903,0.2351728816686346,0.22677385018046903,0.45354770036093806,0.22677385018046903,0.436749637384607,0.22677385018046903,0.45354770036093806,0.22677385018046903,0.45354770036093806,0.22677385018046903,0.2351728816686346,0.22677385018046903,0.26876900762129663,0.22677385018046903,0.436749637384607,0.22677385018046903,0.2351728816686346,0.22677385018046903,0.20157675571597247,0.22677385018046903,0.45354770036093806,0.22677385018046903,0.436749637384607,0.22677385018046903,0.45354770036093806,0.22677385018046903,0.45354770036093806,0.22677385018046903,0.36955738547928285,0.22677385018046903,0.3359612595266208,0.22677385018046903,0.13438450381064831,0.22677385018046903,0.45354770036093806,0.22677385018046903,0.2351728816686346,0.22677385018046903,0.1679806297633104,0.22677385018046903,0.1679806297633104,0.22677385018046903,0.2351728816686346,0.22677385018046903,0.20157675571597247,0.22677385018046903,0.26876900762129663
walter_benitez,GK,Crystal Palace,,13.25792810243672,0.3787979457839063,10.529179937437833,0.3008337124982238,35,0.37879794578390613,0.3086501780461457,0.37879794578390613,0.19641374966572914,0.37879794578390613,0.4208866064265624,0.37879794578390613,0.18939897289195307,0.37879794578390613,0.18939897289195307,0.37879794578390613,0.5611821419020833,0.37879794578390613,0.18939897289195307,0.37879794578390613,0.6453594631873957,0.37879794578390613,0.36476839223635404,0.37879794578390613,0.18939897289195307,0.37879794578390613,0.5050639277118748,0.37879794578390613,0.36476839223635404,0.37879794578390613,0.19641374966572914,0.37879794578390613,0.18939897289195307,0.37879794578390613,0.22447285676083326,0.37879794578390613,0.19641374966572914,0.37879794578390613,0.18939897289195307,0.37879794578390613,0.18939897289195307,0.37879794578390613,0.5611821419020833,0.37879794578390613,0.36476839223635404,0.37879794578390613,0.6453594631873957,0.37879794578390613,0.19641374966572914,0.37879794578390613,0.22447285676083326,0.37879794578390613,0.19641374966572914,0.37879794578390613,0.18939897289195307,0.37879794578390613,0.28059107095104163,0.37879794578390613,0.3086501780461457,0.37879794578390613,0.19641374966572914,0.37879794578390613,0.18939897289195307,0.37879794578390613,0.36476839223635404,0.37879794578390613,0.5050639277118748,0.37879794578390613,0.4208866064265624,0.37879794578390613,0.18939897289195307,0.37879794578390613,0.18939897289195307,0.37879794578390613,0.19641374966572914
dane_scarlett,FWD,Spurs,,13.673159458979677,0.3906616988279908,10.51671585807497,0.3004775959449992,35,0.39066169882799096,0.5617887123075327,0.39066169882799096,0.19533084941399548,0.39066169882799096,0.23507759137063847,0.39066169882799096,0.28932626630232433,0.39066169882799096,0.39053821359327584,0.39066169882799096,0.44998604528742925,0.39066169882799096,0.19533084941399548,0.39066169882799096,0.5534293659296166,0.39066169882799096,0.26893492040601685,0.39066169882799096,0.4721869683192428,0.39066169882799096,0.19533084941399548,0.39066169882799096,0.19533084941399548,0.39066169882799096,0.19533084941399548,0.39066169882799096,0.19533084941399548,0.39066169882799096,0.29897724779766166,0.39066169882799096,0.20217054014549224,0.39066169882799096,0.4721869683192428,0.39066169882799096,0.19533084941399548,0.39066169882799096,0.44998604528742925,0.39066169882799096,0.26893492040601685,0.39066169882799096,0.5534293659296166,0.39066169882799096,0.20217054014549224,0.39066169882799096,0.29897724779766166,0.39066169882799096,0.19533084941399548,0.39066169882799096,0.19533084941399548,0.39066169882799096,0.21760423540013296,0.39066169882799096,0.5617887123075327,0.39066169882799096,0.3149788373744357,0.39066169882799096,0.19533084941399548,0.39066169882799096,0.19533084941399548,0.39066169882799096,0.19533084941399548,0.39066169882799096,0.39053821359327584,0.39066169882799096,0.28932626630232433,0.39066169882799096,0.23507759137063847,0.39066169882799096,0.19533084941399548
oscar_zambrano,MID,Hull City,,12.27940853427729,0.350840243836494,10.37123464788659,0.29632098993961686,35,0.35084024383649415,0.37236685831419425,0.35084024383649415,0.33030712470833345,0.35084024383649415,0.2745939381030756,0.35084024383649415,0.36864960566889793,0.35084024383649415,0.18300627117739307,0.35084024383649415,0.4066497135391872,0.35084024383649415,0.17542012191824707,0.35084024383649415,0.26425255855024854,0.35084024383649415,0.426780967519926,0.35084024383649415,0.32148111654679445,0.35084024383649415,0.27292612851928416,0.35084024383649415,0.3187788211317194,0.35084024383649415,0.22789677635022706,0.35084024383649415,0.3295311967637243,0.35084024383649415,0.19829486690847994,0.35084024383649415,0.25743050278168766,0.35084024383649415,0.32148111654679445,0.35084024383649415,0.17542012191824707,0.35084024383649415,0.4066497135391872,0.35084024383649415,0.426780967519926,0.35084024383649415,0.26425255855024854,0.35084024383649415,0.25743050278168766,0.35084024383649415,0.3295311967637243,0.35084024383649415,0.22789677635022706,0.35084024383649415,0.19829486690847994,0.35084024383649415,0.35955037148323615,0.35084024383649415,0.37236685831419425,0.35084024383649415,0.22539816893131118,0.35084024383649415,0.3295529704692025,0.35084024383649415,0.3187788211317194,0.35084024383649415,0.27292612851928416,0.35084024383649415,0.2745939381030756,0.35084024383649415,0.36864960566889793,0.35084024383649415,0.18300627117739307,0.35084024383649415,0.33030712470833345
eliot_matazo,MID,Hull City,,12.27940853427729,0.350840243836494,10.37123464788659,0.29632098993961686,35,0.35084024383649415,0.37236685831419425,0.35084024383649415,0.33030712470833345,0.35084024383649415,0.2745939381030756,0.35084024383649415,0.36864960566889793,0.35084024383649415,0.18300627117739307,0.35084024383649415,0.4066497135391872,0.35084024383649415,0.17542012191824707,0.35084024383649415,0.26425255855024854,0.35084024383649415,0.426780967519926,0.35084024383649415,0.32148111654679445,0.35084024383649415,0.27292612851928416,0.35084024383649415,0.3187788211317194,0.35084024383649415,0.22789677635022706,0.35084024383649415,0.3295311967637243,0.35084024383649415,0.19829486690847994,0.35084024383649415,0.25743050278168766,0.35084024383649415,0.32148111654679445,0.35084024383649415,0.17542012191824707,0.35084024383649415,0.4066497135391872,0.35084024383649415,0.426780967519926,0.35084024383649415,0.26425255855024854,0.35084024383649415,0.25743050278168766,0.35084024383649415,0.3295311967637243,0.35084024383649415,0.22789677635022706,0.35084024383649415,0.19829486690847994,0.35084024383649415,0.35955037148323615,0.35084024383649415,0.37236685831419425,0.35084024383649415,0.22539816893131118,0.35084024383649415,0.3295529704692025,0.35084024383649415,0.3187788211317194,0.35084024383649415,0.27292612851928416,0.35084024383649415,0.2745939381030756,0.35084024383649415,0.36864960566889793,0.35084024383649415,0.18300627117739307,0.35084024383649415,0.33030712470833345
darko_gyabi,MID,Hull City,,12.27940853427729,0.350840243836494,10.37123464788659,0.29632098993961686,35,0.35084024383649415,0.37236685831419425,0.35084024383649415,0.33030712470833345,0.35084024383649415,0.2745939381030756,0.35084024383649415,0.36864960566889793,0.35084024383649415,0.18300627117739307,0.35084024383649415,0.4066497135391872,0.35084024383649415,0.17542012191824707,0.35084024383649415,0.26425255855024854,0.35084024383649415,0.426780967519926,0.35084024383649415,0.32148111654679445,0.35084024383649415,0.27292612851928416,0.35084024383649415,0.3187788211317194,0.35084024383649415,0.22789677635022706,0.35084024383649415,0.3295311967637243,0.35084024383649415,0.19829486690847994,0.35084024383649415,0.25743050278168766,0.35084024383649415,0.32148111654679445,0.35084024383649415,0.17542012191824707,0.35084024383649415,0.4066497135391872,0.35084024383649415,0.426780967519926,0.35084024383649415,0.26425255855024854,0.35084024383649415,0.25743050278168766,0.35084024383649415,0.3295311967637243,0.35084024383649415,0.22789677635022706,0.35084024383649415,0.19829486690847994,0.35084024383649415,0.35955037148323615,0.35084024383649415,0.37236685831419425,0.35084024383649415,0.22539816893131118,0.35084024383649415,0.3295529704692025,0.35084024383649415,0.3187788211317194,0.35084024383649415,0.27292612851928416,0.35084024383649415,0.2745939381030756,0.35084024383649415,0.36864960566889793,0.35084024383649415,0.18300627117739307,0.35084024383649415,0.33030712470833345
cameron_humphreys,MID,Ipswich Town,,12.849338249669986,0.367123949990571,10.361766067703158,0.2960504590772331,35,0.3671239499905712,0.4413231667167727,0.3671239499905712,0.28395049345592194,0.3671239499905712,0.3812110280552554,0.3671239499905712,0.23566216555505257,0.3671239499905712,0.3324353127051082,0.3671239499905712,0.18410058131923301,0.3671239499905712,0.28222585467627664,0.3671239499905712,0.3296409388675975,0.3671239499905712,0.37180174518856735,0.3671239499905712,0.3407822081981598,0.3671239499905712,0.20505159617654573,0.3671239499905712,0.34156205960282826,0.3671239499905712,0.27325674017307283,0.3671239499905712,0.1892420545235882,0.3671239499905712,0.3850549429290645,0.3671239499905712,0.1835619749952856,0.3671239499905712,0.3407822081981598,0.3671239499905712,0.28222585467627664,0.3671239499905712,0.18410058131923301,0.3671239499905712,0.37180174518856735,0.3671239499905712,0.3296409388675975,0.3671239499905712,0.1835619749952856,0.3671239499905712,0.3850549429290645,0.3671239499905712,0.27325674017307283,0.3671239499905712,0.1892420545235882,0.3671239499905712,0.34075969257215,0.3671239499905712,0.4413231667167727,0.3671239499905712,0.26620222864507426,0.3671239499905712,0.2330784202092705,0.3671239499905712,0.34156205960282826,0.3671239499905712,0.20505159617654573,0.3671239499905712,0.3812110280552554,0.3671239499905712,0.23566216555505257,0.3671239499905712,0.3324353127051082,0.3671239499905712,0.28395049345592194
giovanni_leoni,DEF,Liverpool,,10.908250931533981,0.31166431232954234,10.32390811649847,0.29496880332852776,35,0.3116643123295426,0.36563758673605323,0.3116643123295426,0.309597357681712,0.3116643123295426,0.1558321561647713,0.3116643123295426,0.1972494356747438,0.3116643123295426,0.17912626119521005,0.3116643123295426,0.1558321561647713,0.3116643123295426,0.2486564439089079,0.3116643123295426,0.4121688498588842,0.3116643123295426,0.188162313666969,0.3116643123295426,0.20832658506958188,0.3116643123295426,0.1558321561647713,0.3116643123295426,0.285136836721731,0.3116643123295426,0.5805882111288941,0.3116643123295426,0.27674720313718,0.3116643123295426,0.5727177646477691,0.3116643123295426,0.46918546097221037,0.3116643123295426,0.20832658506958188,0.3116643123295426,0.2486564439089079,0.3116643123295426,0.4121688498588842,0.3116643123295426,0.188162313666969,0.3116643123295426,0.1558321561647713,0.3116643123295426,0.46918546097221037,0.3116643123295426,0.27674720313718,0.3116643123295426,0.5805882111288941,0.3116643123295426,0.5727177646477691,0.3116643123295426,0.23954628331220656,0.3116643123295426,0.36563758673605323,0.3116643123295426,0.1558321561647713,0.3116643123295426,0.40693611923317063,0.3116643123295426,0.285136836721731,0.3116643123295426,0.1558321561647713,0.3116643123295426,0.1558321561647713,0.3116643123295426,0.1972494356747438,0.3116643123295426,0.17912626119521005,0.3116643123295426,0.309597357681712
harrison_reed,MID,Fulham,,12.849338249669986,0.367123949990571,10.215684267673982,0.29187669336211375,35,0.3671239499905712,0.34172667192517686,0.3671239499905712,0.23373983065449436,0.3671239499905712,0.4216992339778691,0.3671239499905712,0.18462300654996436,0.3671239499905712,0.34174925144414686,0.3671239499905712,0.3728568130820231,0.3671239499905712,0.3425313158459014,0.3671239499905712,0.23633090793670347,0.3671239499905712,0.28302673160013564,0.3671239499905712,0.3305763663513803,0.3671239499905712,0.2847562644154539,0.3671239499905712,0.1897790697969247,0.3671239499905712,0.20563347444480937,0.3671239499905712,0.2740321652940086,0.3671239499905712,0.1835619749952856,0.3671239499905712,0.333378669829234,0.3671239499905712,0.3305763663513803,0.3671239499905712,0.3425313158459014,0.3671239499905712,0.3728568130820231,0.3671239499905712,0.28302673160013564,0.3671239499905712,0.23633090793670347,0.3671239499905712,0.333378669829234,0.3671239499905712,0.1835619749952856,0.3671239499905712,0.20563347444480937,0.3671239499905712,0.2740321652940086,0.3671239499905712,0.44257551668518097,0.3671239499905712,0.34172667192517686,0.3671239499905712,0.3861476196385157,0.3671239499905712,0.2669576350632645,0.3671239499905712,0.1897790697969247,0.3671239499905712,0.2847562644154539,0.3671239499905712,0.4216992339778691,0.3671239499905712,0.18462300654996436,0.3671239499905712,0.34174925144414686,0.3671239499905712,0.23373983065449436
triston_rowe,DEF,Aston Villa,,11.612757563577444,0.33179307324506985,10.011329730195982,0.28603799229131377,35,0.33179307324507,0.4173482300555502,0.33179307324507,0.595443488187693,0.33179307324507,0.20229637765612257,0.33179307324507,0.165896536622535,0.33179307324507,0.165896536622535,0.33179307324507,0.3749930086167583,0.33179307324507,0.4227148484552988,0.33179307324507,0.21365695361754916,0.33179307324507,0.2456754577232563,0.33179307324507,0.19297674711216845,0.33179307324507,0.2550187163352463,0.33179307324507,0.4811903206663991,0.33179307324507,0.165896536622535,0.33179307324507,0.2924325182873879,0.33179307324507,0.17999256178481213,0.33179307324507,0.31751890075970746,0.33179307324507,0.19297674711216845,0.33179307324507,0.4227148484552988,0.33179307324507,0.3749930086167583,0.33179307324507,0.2456754577232563,0.33179307324507,0.21365695361754916,0.33179307324507,0.31751890075970746,0.33179307324507,0.2924325182873879,0.33179307324507,0.165896536622535,0.33179307324507,0.17999256178481213,0.33179307324507,0.28382822252242856,0.33179307324507,0.4173482300555502,0.33179307324507,0.18370949279990906,0.33179307324507,0.165896536622535,0.33179307324507,0.4811903206663991,0.33179307324507,0.2550187163352463,0.33179307324507,0.20229637765612257,0.33179307324507,0.165896536622535,0.33179307324507,0.165896536622535,0.33179307324507,0.595443488187693
andres_garcia,DEF,Aston Villa,,11.612757563577444,0.33179307324506985,10.011329730195982,0.28603799229131377,35,0.33179307324507,0.4173482300555502,0.33179307324507,0.595443488187693,0.33179307324507,0.20229637765612257,0.33179307324507,0.165896536622535,0.33179307324507,0.165896536622535,0.33179307324507,0.3749930086167583,0.33179307324507,0.4227148484552988,0.33179307324507,0.21365695361754916,0.33179307324507,0.2456754577232563,0.33179307324507,0.19297674711216845,0.33179307324507,0.2550187163352463,0.33179307324507,0.4811903206663991,0.33179307324507,0.165896536622535,0.33179307324507,0.2924325182873879,0.33179307324507,0.17999256178481213,0.33179307324507,0.31751890075970746,0.33179307324507,0.19297674711216845,0.33179307324507,0.4227148484552988,0.33179307324507,0.3749930086167583,0.33179307324507,0.2456754577232563,0.33179307324507,0.21365695361754916,0.33179307324507,0.31751890075970746,0.33179307324507,0.2924325182873879,0.33179307324507,0.165896536622535,0.33179307324507,0.17999256178481213,0.33179307324507,0.28382822252242856,0.33179307324507,0.4173482300555502,0.33179307324507,0.18370949279990906,0.33179307324507,0.165896536622535,0.33179307324507,0.4811903206663991,0.33179307324507,0.2550187163352463,0.33179307324507,0.20229637765612257,0.33179307324507,0.165896536622535,0.33179307324507,0.165896536622535,0.33179307324507,0.595443488187693
norman_bassette,FWD,Coventry City,,13.18651941982748,0.3767576977093566,10.005827841707271,0.2858807954773506,35,0.37675769770935674,0.280182612050871,0.37675769770935674,0.20392495922968595,0.37675769770935674,0.18837884885467837,0.37675769770935674,0.25099335318073945,0.37675769770935674,0.44250383309971075,0.37675769770935674,0.25202883840193085,0.37675769770935674,0.5264729339589931,0.37675769770935674,0.4216985288472494,0.37675769770935674,0.18837884885467837,0.37675769770935674,0.5186390819837832,0.37675769770935674,0.22029988592786798,0.37675769770935674,0.18837884885467837,0.37675769770935674,0.18837884885467837,0.37675769770935674,0.36598777196684334,0.37675769770935674,0.2951782921489792,0.37675769770935674,0.18837884885467837,0.37675769770935674,0.5186390819837832,0.37675769770935674,0.5264729339589931,0.37675769770935674,0.25202883840193085,0.37675769770935674,0.18837884885467837,0.37675769770935674,0.4216985288472494,0.37675769770935674,0.18837884885467837,0.37675769770935674,0.2951782921489792,0.37675769770935674,0.18837884885467837,0.37675769770935674,0.36598777196684334,0.37675769770935674,0.1894614738578195,0.37675769770935674,0.280182612050871,0.37675769770935674,0.18837884885467837,0.37675769770935674,0.18837884885467837,0.37675769770935674,0.18837884885467837,0.37675769770935674,0.22029988592786798,0.37675769770935674,0.18837884885467837,0.37675769770935674,0.25099335318073945,0.37675769770935674,0.44250383309971075,0.37675769770935674,0.20392495922968595
karl_darlow,GK,Man Utd,,13.196154874410775,0.37703299641173643,9.998356497437157,0.2856673284982045,35,0.37703299641173627,0.18851649820586813,0.37703299641173627,0.2792837010457306,0.37703299641173627,0.5585674020914612,0.37703299641173627,0.19549859073201142,0.37703299641173627,0.22342696083658445,0.37703299641173627,0.18851649820586813,0.37703299641173627,0.502710661882315,0.37703299641173627,0.18851649820586813,0.37703299641173627,0.19549859073201142,0.37703299641173627,0.18851649820586813,0.37703299641173627,0.6423525124051804,0.37703299641173627,0.22342696083658445,0.37703299641173627,0.18851649820586813,0.37703299641173627,0.41892555156859584,0.37703299641173627,0.19549859073201142,0.37703299641173627,0.18851649820586813,0.37703299641173627,0.18851649820586813,0.37703299641173627,0.502710661882315,0.37703299641173627,0.18851649820586813,0.37703299641173627,0.19549859073201142,0.37703299641173627,0.18851649820586813,0.37703299641173627,0.18851649820586813,0.37703299641173627,0.41892555156859584,0.37703299641173627,0.18851649820586813,0.37703299641173627,0.19549859073201142,0.37703299641173627,0.19549859073201142,0.37703299641173627,0.18851649820586813,0.37703299641173627,0.36306881135944974,0.37703299641173627,0.30721207115030363,0.37703299641173627,0.22342696083658445,0.37703299641173627,0.6423525124051804,0.37703299641173627,0.22342696083658445,0.37703299641173627,0.19549859073201142,0.37703299641173627,0.5585674020914612,0.37703299641173627,0.2792837010457306
jason_steele,GK,Brighton,,8.092047752608718,0.23120136436024907,9.957072091781395,0.284487774050897,35,0.23120136436024907,0.46240272872049815,0.23120136436024907,0.18496109148819928,0.23120136436024907,0.2157879400695658,0.23120136436024907,0.24661478865093234,0.23120136436024907,0.12330739432546617,0.23120136436024907,0.15413424290683272,0.23120136436024907,0.2157879400695658,0.23120136436024907,0.40074903155776503,0.23120136436024907,0.12330739432546617,0.23120136436024907,0.24661478865093234,0.23120136436024907,0.46240272872049815,0.23120136436024907,0.2157879400695658,0.23120136436024907,0.339095334395032,0.23120136436024907,0.30826848581366545,0.23120136436024907,0.46240272872049815,0.23120136436024907,0.40074903155776503,0.23120136436024907,0.24661478865093234,0.23120136436024907,0.2157879400695658,0.23120136436024907,0.15413424290683272,0.23120136436024907,0.12330739432546617,0.23120136436024907,0.40074903155776503,0.23120136436024907,0.40074903155776503,0.23120136436024907,0.46240272872049815,0.23120136436024907,0.339095334395032,0.23120136436024907,0.30826848581366545,0.23120136436024907,0.2157879400695658,0.23120136436024907,0.46240272872049815,0.23120136436024907,0.46240272872049815,0.23120136436024907,0.15413424290683272,0.23120136436024907,0.2157879400695658,0.23120136436024907,0.46240272872049815,0.23120136436024907,0.2157879400695658,0.23120136436024907,0.24661478865093234,0.23120136436024907,0.12330739432546617,0.23120136436024907,0.18496109148819928
julian_araujo_zuniga,DEF,Bournemouth,,16.00075195185897,0.45716434148168483,9.916714318718208,0.2833346948205202,35,0.45716434148168505,0.22858217074084253,0.45716434148168505,0.22858217074084253,0.45716434148168505,0.22858217074084253,0.45716434148168505,0.22858217074084253,0.45716434148168505,0.3409328725160093,0.45716434148168505,0.23585605956624595,0.45716434148168505,0.22858217074084253,0.45716434148168505,0.3366045253254397,0.45716434148168505,0.302443701867387,0.45716434148168505,0.22858217074084253,0.45716434148168505,0.22891642335085258,0.45716434148168505,0.22858217074084253,0.45716434148168505,0.388095187219437,0.45716434148168505,0.48024397437330646,0.45716434148168505,0.22858217074084253,0.45716434148168505,0.47373379310242164,0.45716434148168505,0.22858217074084253,0.45716434148168505,0.22858217074084253,0.45716434148168505,0.3366045253254397,0.45716434148168505,0.302443701867387,0.45716434148168505,0.23585605956624595,0.45716434148168505,0.47373379310242164,0.45716434148168505,0.22858217074084253,0.45716434148168505,0.388095187219437,0.45716434148168505,0.48024397437330646,0.45716434148168505,0.22858217074084253,0.45716434148168505,0.22858217074084253,0.45716434148168505,0.22858217074084253,0.45716434148168505,0.22858217074084253,0.45716434148168505,0.22858217074084253,0.45716434148168505,0.22891642335085258,0.45716434148168505,0.3409328725160093,0.45716434148168505,0.22858217074084253,0.45716434148168505,0.22858217074084253,0.45716434148168505,0.22858217074084253
jack_taylor,MID,Ipswich Town,,12.27940853427729,0.350840243836494,9.902172097088876,0.28291920277396787,35,0.35084024383649415,0.42174836979603997,0.35084024383649415,0.2713559286015719,0.35084024383649415,0.36430249249470475,0.35084024383649415,0.22520941940315892,0.35084024383649415,0.3176902138155704,0.35084024383649415,0.17593483847114547,0.35084024383649415,0.2697077858149295,0.35084024383649415,0.31501978384621604,0.35084024383649415,0.3553105564051084,0.35084024383649415,0.32566688450168385,0.35084024383649415,0.19595657543859307,0.35084024383649415,0.3264121457601148,0.35084024383649415,0.2611364945129529,0.35084024383649415,0.18084826270495288,0.35084024383649415,0.36797591132681456,0.35084024383649415,0.17542012191824707,0.35084024383649415,0.32566688450168385,0.35084024383649415,0.2697077858149295,0.35084024383649415,0.17593483847114547,0.35084024383649415,0.3553105564051084,0.35084024383649415,0.31501978384621604,0.35084024383649415,0.17542012191824707,0.35084024383649415,0.36797591132681456,0.35084024383649415,0.2611364945129529,0.35084024383649415,0.18084826270495288,0.35084024383649415,0.32564536755156487,0.35084024383649415,0.42174836979603997,0.35084024383649415,0.2543948843709452,0.35084024383649415,0.22274027554275738,0.35084024383649415,0.3264121457601148,0.35084024383649415,0.19595657543859307,0.35084024383649415,0.36430249249470475,0.35084024383649415,0.22520941940315892,0.35084024383649415,0.3176902138155704,0.35084024383649415,0.2713559286015719
josh_eccles,MID,Coventry City,,16.24499404378379,0.4641426869652512,9.886765484626018,0.2824790138464577,35,0.46414268696525096,0.23942957539238213,0.46414268696525096,0.2912822780364165,0.46414268696525096,0.29927920112439155,0.46414268696525096,0.2888338270266482,0.46414268696525096,0.3340199203296998,0.46414268696525096,0.23324836025134094,0.46414268696525096,0.2487995210568213,0.46414268696525096,0.3866906205164151,0.46414268696525096,0.23207134348262548,0.46414268696525096,0.36845042780392734,0.46414268696525096,0.23207134348262548,0.46414268696525096,0.3257754371374791,0.46414268696525096,0.24728837981121402,0.46414268696525096,0.3373879869526773,0.46414268696525096,0.23207134348262548,0.46414268696525096,0.2985761612017808,0.46414268696525096,0.36845042780392734,0.46414268696525096,0.2487995210568213,0.46414268696525096,0.23324836025134094,0.46414268696525096,0.23207134348262548,0.46414268696525096,0.3866906205164151,0.46414268696525096,0.2985761612017808,0.46414268696525096,0.23207134348262548,0.46414268696525096,0.24728837981121402,0.46414268696525096,0.3373879869526773,0.46414268696525096,0.23207134348262548,0.46414268696525096,0.23942957539238213,0.46414268696525096,0.23207134348262548,0.46414268696525096,0.23207134348262548,0.46414268696525096,0.3257754371374791,0.46414268696525096,0.23207134348262548,0.46414268696525096,0.29927920112439155,0.46414268696525096,0.2888338270266482,0.46414268696525096,0.3340199203296998,0.46414268696525096,0.2912822780364165
altay_bayindir,GK,Man Utd,,12.976619435111147,0.3707605552888899,9.83202065136464,0.28091487575327545,35,0.3707605552888902,0.1853802776444451,0.3707605552888902,0.2746374483621409,0.3707605552888902,0.5492748967242818,0.3707605552888902,0.19224621385349863,0.3707605552888902,0.2197099586897127,0.3707605552888902,0.1853802776444451,0.3707605552888902,0.49434740705185354,0.3707605552888902,0.1853802776444451,0.3707605552888902,0.19224621385349863,0.3707605552888902,0.1853802776444451,0.3707605552888902,0.6316661312329241,0.3707605552888902,0.2197099586897127,0.3707605552888902,0.1853802776444451,0.3707605552888902,0.4119561725432113,0.3707605552888902,0.19224621385349863,0.3707605552888902,0.1853802776444451,0.3707605552888902,0.1853802776444451,0.3707605552888902,0.49434740705185354,0.3707605552888902,0.1853802776444451,0.3707605552888902,0.19224621385349863,0.3707605552888902,0.1853802776444451,0.3707605552888902,0.1853802776444451,0.3707605552888902,0.4119561725432113,0.3707605552888902,0.1853802776444451,0.3707605552888902,0.19224621385349863,0.3707605552888902,0.19224621385349863,0.3707605552888902,0.1853802776444451,0.3707605552888902,0.3570286828707831,0.3707605552888902,0.30210119319835493,0.3707605552888902,0.2197099586897127,0.3707605552888902,0.6316661312329241,0.3707605552888902,0.2197099586897127,0.3707605552888902,0.19224621385349863,0.3707605552888902,0.5492748967242818,0.3707605552888902,0.2746374483621409
pape_matar_sarr,MID,Spurs,,15.220425419617419,0.4348692977033548,9.705108207448607,0.27728880592710303,35,0.43486929770335503,0.2517684530807581,0.43486929770335503,0.329662925038666,0.43486929770335503,0.21743464885167751,0.43486929770335503,0.30215904311789527,0.43486929770335503,0.34141404775335965,0.43486929770335503,0.39130501109775795,0.43486929770335503,0.21743464885167751,0.43486929770335503,0.3728471576275772,0.43486929770335503,0.236031719814653,0.43486929770335503,0.33800578989201785,0.43486929770335503,0.21743464885167751,0.43486929770335503,0.21743464885167751,0.43486929770335503,0.30213907934089435,0.43486929770335503,0.25023927934209095,0.43486929770335503,0.24228669557830768,0.43486929770335503,0.21743464885167751,0.43486929770335503,0.33800578989201785,0.43486929770335503,0.21743464885167751,0.43486929770335503,0.39130501109775795,0.43486929770335503,0.236031719814653,0.43486929770335503,0.3728471576275772,0.43486929770335503,0.21743464885167751,0.43486929770335503,0.24228669557830768,0.43486929770335503,0.30213907934089435,0.43486929770335503,0.25023927934209095,0.43486929770335503,0.2947581580525605,0.43486929770335503,0.2517684530807581,0.43486929770335503,0.21743464885167751,0.43486929770335503,0.30285050865964014,0.43486929770335503,0.21743464885167751,0.43486929770335503,0.21743464885167751,0.43486929770335503,0.34141404775335965,0.43486929770335503,0.30215904311789527,0.43486929770335503,0.21743464885167751,0.43486929770335503,0.329662925038666
enis_destan,FWD,Hull City,,13.18651941982748,0.3767576977093566,9.698065682651032,0.27708759093288665,35,0.37675769770935674,0.3487861054268064,0.37675769770935674,0.18837884885467837,0.37675769770935674,0.5017283590141833,0.37675769770935674,0.4217058612473643,0.37675769770935674,0.2813047178376923,0.37675769770935674,0.49426270324585053,0.37675769770935674,0.18837884885467837,0.37675769770935674,0.26701384458928423,0.37675769770935674,0.4018784200095375,0.37675769770935674,0.19434035171941788,0.37675769770935674,0.18837884885467837,0.37675769770935674,0.2391965001274852,0.37675769770935674,0.18837884885467837,0.37675769770935674,0.18837884885467837,0.37675769770935674,0.18837884885467837,0.37675769770935674,0.24018331686069305,0.37675769770935674,0.19434035171941788,0.37675769770935674,0.18837884885467837,0.37675769770935674,0.49426270324585053,0.37675769770935674,0.4018784200095375,0.37675769770935674,0.26701384458928423,0.37675769770935674,0.24018331686069305,0.37675769770935674,0.18837884885467837,0.37675769770935674,0.18837884885467837,0.37675769770935674,0.18837884885467837,0.37675769770935674,0.18837884885467837,0.37675769770935674,0.3487861054268064,0.37675769770935674,0.20994564606850277,0.37675769770935674,0.25839464131508033,0.37675769770935674,0.2391965001274852,0.37675769770935674,0.18837884885467837,0.37675769770935674,0.5017283590141833,0.37675769770935674,0.4217058612473643,0.37675769770935674,0.2813047178376923,0.37675769770935674,0.18837884885467837
mason_burstow,FWD,Hull City,,13.18651941982748,0.3767576977093566,9.698065682651032,0.27708759093288665,35,0.37675769770935674,0.3487861054268064,0.37675769770935674,0.18837884885467837,0.37675769770935674,0.5017283590141833,0.37675769770935674,0.4217058612473643,0.37675769770935674,0.2813047178376923,0.37675769770935674,0.49426270324585053,0.37675769770935674,0.18837884885467837,0.37675769770935674,0.26701384458928423,0.37675769770935674,0.4018784200095375,0.37675769770935674,0.19434035171941788,0.37675769770935674,0.18837884885467837,0.37675769770935674,0.2391965001274852,0.37675769770935674,0.18837884885467837,0.37675769770935674,0.18837884885467837,0.37675769770935674,0.18837884885467837,0.37675769770935674,0.24018331686069305,0.37675769770935674,0.19434035171941788,0.37675769770935674,0.18837884885467837,0.37675769770935674,0.49426270324585053,0.37675769770935674,0.4018784200095375,0.37675769770935674,0.26701384458928423,0.37675769770935674,0.24018331686069305,0.37675769770935674,0.18837884885467837,0.37675769770935674,0.18837884885467837,0.37675769770935674,0.18837884885467837,0.37675769770935674,0.18837884885467837,0.37675769770935674,0.3487861054268064,0.37675769770935674,0.20994564606850277,0.37675769770935674,0.25839464131508033,0.37675769770935674,0.2391965001274852,0.37675769770935674,0.18837884885467837,0.37675769770935674,0.5017283590141833,0.37675769770935674,0.4217058612473643,0.37675769770935674,0.2813047178376923,0.37675769770935674,0.18837884885467837
kaine_andrews,MID,Coventry City,,15.841469255481625,0.452613407299475,9.641178755666676,0.275462250161905,35,0.45261340729947475,0.23348215747009246,0.45261340729947475,0.28404684173745426,0.45261340729947475,0.29184512168112,0.45261340729947475,0.28165921012058465,0.45261340729947475,0.3257228832685305,0.45261340729947475,0.22745448338449986,0.45261340729947475,0.24261935418242642,0.45261340729947475,0.37708524606310595,0.45261340729947475,0.22630670364973737,0.45261340729947475,0.3592981387677664,0.45261340729947475,0.22630670364973737,0.45261340729947475,0.3176831926004458,0.45261340729947475,0.24114574960501273,0.45261340729947475,0.32900728729567313,0.45261340729947475,0.22630670364973737,0.45261340729947475,0.29115954523280635,0.45261340729947475,0.3592981387677664,0.45261340729947475,0.24261935418242642,0.45261340729947475,0.22745448338449986,0.45261340729947475,0.22630670364973737,0.45261340729947475,0.37708524606310595,0.45261340729947475,0.29115954523280635,0.45261340729947475,0.22630670364973737,0.45261340729947475,0.24114574960501273,0.45261340729947475,0.32900728729567313,0.45261340729947475,0.22630670364973737,0.45261340729947475,0.23348215747009246,0.45261340729947475,0.22630670364973737,0.45261340729947475,0.22630670364973737,0.45261340729947475,0.3176831926004458,0.45261340729947475,0.22630670364973737,0.45261340729947475,0.29184512168112,0.45261340729947475,0.28165921012058465,0.45261340729947475,0.3257228832685305,0.45261340729947475,0.28404684173745426
anthony_patterson,GK,Sunderland,,7.8908839618452316,0.22545382748129233,9.619363305868479,0.2748389515962423,35,0.2254538274812925,0.18036306198503402,0.2254538274812925,0.150302551654195,0.2254538274812925,0.18036306198503402,0.2254538274812925,0.240484082646712,0.2254538274812925,0.210423572315873,0.2254538274812925,0.450907654962585,0.2254538274812925,0.150302551654195,0.2254538274812925,0.450907654962585,0.2254538274812925,0.450907654962585,0.2254538274812925,0.120242041323356,0.2254538274812925,0.120242041323356,0.2254538274812925,0.450907654962585,0.2254538274812925,0.240484082646712,0.2254538274812925,0.210423572315873,0.2254538274812925,0.390786634300907,0.2254538274812925,0.390786634300907,0.2254538274812925,0.120242041323356,0.2254538274812925,0.150302551654195,0.2254538274812925,0.450907654962585,0.2254538274812925,0.450907654962585,0.2254538274812925,0.450907654962585,0.2254538274812925,0.390786634300907,0.2254538274812925,0.210423572315873,0.2254538274812925,0.240484082646712,0.2254538274812925,0.390786634300907,0.2254538274812925,0.210423572315873,0.2254538274812925,0.18036306198503402,0.2254538274812925,0.330665613639229,0.2254538274812925,0.30060510330839,0.2254538274812925,0.450907654962585,0.2254538274812925,0.120242041323356,0.2254538274812925,0.18036306198503402,0.2254538274812925,0.240484082646712,0.2254538274812925,0.210423572315873,0.2254538274812925,0.150302551654195
ben_wilson,GK,Coventry City,,13.163678481715513,0.3761050994775861,9.541925671931349,0.2726264477694671,35,0.3761050994775861,0.18805254973879304,0.3761050994775861,0.41789455497509564,0.3761050994775861,0.18805254973879304,0.3761050994775861,0.5571927399667942,0.3761050994775861,0.2785963699833971,0.3761050994775861,0.195017458988378,0.3761050994775861,0.195017458988378,0.3761050994775861,0.22287709598671768,0.3761050994775861,0.195017458988378,0.3761050994775861,0.3064560069817368,0.3761050994775861,0.3621752809784162,0.3761050994775861,0.5014734659701148,0.3761050994775861,0.22287709598671768,0.3761050994775861,0.18805254973879304,0.3761050994775861,0.195017458988378,0.3761050994775861,0.18805254973879304,0.3761050994775861,0.3064560069817368,0.3761050994775861,0.195017458988378,0.3761050994775861,0.195017458988378,0.3761050994775861,0.195017458988378,0.3761050994775861,0.22287709598671768,0.3761050994775861,0.18805254973879304,0.3761050994775861,0.195017458988378,0.3761050994775861,0.22287709598671768,0.3761050994775861,0.18805254973879304,0.3761050994775861,0.18805254973879304,0.3761050994775861,0.18805254973879304,0.3761050994775861,0.18805254973879304,0.3761050994775861,0.3621752809784162,0.3761050994775861,0.5014734659701148,0.3761050994775861,0.3621752809784162,0.3761050994775861,0.18805254973879304,0.3761050994775861,0.5571927399667942,0.3761050994775861,0.2785963699833971,0.3761050994775861,0.41789455497509564
liam_kitching,DEF,Coventry City,,11.612757563577444,0.33179307324506985,9.491034862364026,0.2711724246389722,35,0.33179307324507,0.16877731818262853,0.33179307324507,0.3834255592538292,0.33179307324507,0.165896536622535,0.33179307324507,0.547044975923412,0.33179307324507,0.3445130317816822,0.33179307324507,0.196290605852993,0.33179307324507,0.17729131659338626,0.33179307324507,0.23429042437300038,0.33179307324507,0.2686631781172837,0.33179307324507,0.22570659940247498,0.33179307324507,0.38835597110906006,0.33179307324507,0.5396292411164617,0.33179307324507,0.29171050295636175,0.33179307324507,0.165896536622535,0.33179307324507,0.1858534340195919,0.33179307324507,0.165896536622535,0.33179307324507,0.22570659940247498,0.33179307324507,0.17729131659338626,0.33179307324507,0.196290605852993,0.33179307324507,0.2686631781172837,0.33179307324507,0.23429042437300038,0.33179307324507,0.165896536622535,0.33179307324507,0.1858534340195919,0.33179307324507,0.29171050295636175,0.33179307324507,0.165896536622535,0.33179307324507,0.165896536622535,0.33179307324507,0.16877731818262853,0.33179307324507,0.165896536622535,0.33179307324507,0.26075825201941627,0.33179307324507,0.5396292411164617,0.33179307324507,0.38835597110906006,0.33179307324507,0.165896536622535,0.33179307324507,0.547044975923412,0.33179307324507,0.3445130317816822,0.33179307324507,0.3834255592538292
luke_woolfenden,DEF,Coventry City,,11.612757563577444,0.33179307324506985,9.491034862364026,0.2711724246389722,35,0.33179307324507,0.16877731818262853,0.33179307324507,0.3834255592538292,0.33179307324507,0.165896536622535,0.33179307324507,0.547044975923412,0.33179307324507,0.3445130317816822,0.33179307324507,0.196290605852993,0.33179307324507,0.17729131659338626,0.33179307324507,0.23429042437300038,0.33179307324507,0.2686631781172837,0.33179307324507,0.22570659940247498,0.33179307324507,0.38835597110906006,0.33179307324507,0.5396292411164617,0.33179307324507,0.29171050295636175,0.33179307324507,0.165896536622535,0.33179307324507,0.1858534340195919,0.33179307324507,0.165896536622535,0.33179307324507,0.22570659940247498,0.33179307324507,0.17729131659338626,0.33179307324507,0.196290605852993,0.33179307324507,0.2686631781172837,0.33179307324507,0.23429042437300038,0.33179307324507,0.165896536622535,0.33179307324507,0.1858534340195919,0.33179307324507,0.29171050295636175,0.33179307324507,0.165896536622535,0.33179307324507,0.165896536622535,0.33179307324507,0.16877731818262853,0.33179307324507,0.165896536622535,0.33179307324507,0.26075825201941627,0.33179307324507,0.5396292411164617,0.33179307324507,0.38835597110906006,0.33179307324507,0.165896536622535,0.33179307324507,0.547044975923412,0.33179307324507,0.3445130317816822,0.33179307324507,0.3834255592538292
miguel_brau,DEF,Coventry City,,11.612757563577444,0.33179307324506985,9.491034862364026,0.2711724246389722,35,0.33179307324507,0.16877731818262853,0.33179307324507,0.3834255592538292,0.33179307324507,0.165896536622535,0.33179307324507,0.547044975923412,0.33179307324507,0.3445130317816822,0.33179307324507,0.196290605852993,0.33179307324507,0.17729131659338626,0.33179307324507,0.23429042437300038,0.33179307324507,0.2686631781172837,0.33179307324507,0.22570659940247498,0.33179307324507,0.38835597110906006,0.33179307324507,0.5396292411164617,0.33179307324507,0.29171050295636175,0.33179307324507,0.165896536622535,0.33179307324507,0.1858534340195919,0.33179307324507,0.165896536622535,0.33179307324507,0.22570659940247498,0.33179307324507,0.17729131659338626,0.33179307324507,0.196290605852993,0.33179307324507,0.2686631781172837,0.33179307324507,0.23429042437300038,0.33179307324507,0.165896536622535,0.33179307324507,0.1858534340195919,0.33179307324507,0.29171050295636175,0.33179307324507,0.165896536622535,0.33179307324507,0.165896536622535,0.33179307324507,0.16877731818262853,0.33179307324507,0.165896536622535,0.33179307324507,0.26075825201941627,0.33179307324507,0.5396292411164617,0.33179307324507,0.38835597110906006,0.33179307324507,0.165896536622535,0.33179307324507,0.547044975923412,0.33179307324507,0.3445130317816822,0.33179307324507,0.3834255592538292
kaine_kesler_hayden,DEF,Coventry City,,11.612757563577444,0.33179307324506985,9.491034862364026,0.2711724246389722,35,0.33179307324507,0.16877731818262853,0.33179307324507,0.3834255592538292,0.33179307324507,0.165896536622535,0.33179307324507,0.547044975923412,0.33179307324507,0.3445130317816822,0.33179307324507,0.196290605852993,0.33179307324507,0.17729131659338626,0.33179307324507,0.23429042437300038,0.33179307324507,0.2686631781172837,0.33179307324507,0.22570659940247498,0.33179307324507,0.38835597110906006,0.33179307324507,0.5396292411164617,0.33179307324507,0.29171050295636175,0.33179307324507,0.165896536622535,0.33179307324507,0.1858534340195919,0.33179307324507,0.165896536622535,0.33179307324507,0.22570659940247498,0.33179307324507,0.17729131659338626,0.33179307324507,0.196290605852993,0.33179307324507,0.2686631781172837,0.33179307324507,0.23429042437300038,0.33179307324507,0.165896536622535,0.33179307324507,0.1858534340195919,0.33179307324507,0.29171050295636175,0.33179307324507,0.165896536622535,0.33179307324507,0.165896536622535,0.33179307324507,0.16877731818262853,0.33179307324507,0.165896536622535,0.33179307324507,0.26075825201941627,0.33179307324507,0.5396292411164617,0.33179307324507,0.38835597110906006,0.33179307324507,0.165896536622535,0.33179307324507,0.547044975923412,0.33179307324507,0.3445130317816822,0.33179307324507,0.3834255592538292
joel_latibeaudiere,DEF,Coventry City,,11.612757563577444,0.33179307324506985,9.491034862364026,0.2711724246389722,35,0.33179307324507,0.16877731818262853,0.33179307324507,0.3834255592538292,0.33179307324507,0.165896536622535,0.33179307324507,0.547044975923412,0.33179307324507,0.3445130317816822,0.33179307324507,0.196290605852993,0.33179307324507,0.17729131659338626,0.33179307324507,0.23429042437300038,0.33179307324507,0.2686631781172837,0.33179307324507,0.22570659940247498,0.33179307324507,0.38835597110906006,0.33179307324507,0.5396292411164617,0.33179307324507,0.29171050295636175,0.33179307324507,0.165896536622535,0.33179307324507,0.1858534340195919,0.33179307324507,0.165896536622535,0.33179307324507,0.22570659940247498,0.33179307324507,0.17729131659338626,0.33179307324507,0.196290605852993,0.33179307324507,0.2686631781172837,0.33179307324507,0.23429042437300038,0.33179307324507,0.165896536622535,0.33179307324507,0.1858534340195919,0.33179307324507,0.29171050295636175,0.33179307324507,0.165896536622535,0.33179307324507,0.165896536622535,0.33179307324507,0.16877731818262853,0.33179307324507,0.165896536622535,0.33179307324507,0.26075825201941627,0.33179307324507,0.5396292411164617,0.33179307324507,0.38835597110906006,0.33179307324507,0.165896536622535,0.33179307324507,0.547044975923412,0.33179307324507,0.3445130317816822,0.33179307324507,0.3834255592538292
jake_bidwell,DEF,Coventry City,,11.612757563577444,0.33179307324506985,9.491034862364026,0.2711724246389722,35,0.33179307324507,0.16877731818262853,0.33179307324507,0.3834255592538292,0.33179307324507,0.165896536622535,0.33179307324507,0.547044975923412,0.33179307324507,0.3445130317816822,0.33179307324507,0.196290605852993,0.33179307324507,0.17729131659338626,0.33179307324507,0.23429042437300038,0.33179307324507,0.2686631781172837,0.33179307324507,0.22570659940247498,0.33179307324507,0.38835597110906006,0.33179307324507,0.5396292411164617,0.33179307324507,0.29171050295636175,0.33179307324507,0.165896536622535,0.33179307324507,0.1858534340195919,0.33179307324507,0.165896536622535,0.33179307324507,0.22570659940247498,0.33179307324507,0.17729131659338626,0.33179307324507,0.196290605852993,0.33179307324507,0.2686631781172837,0.33179307324507,0.23429042437300038,0.33179307324507,0.165896536622535,0.33179307324507,0.1858534340195919,0.33179307324507,0.29171050295636175,0.33179307324507,0.165896536622535,0.33179307324507,0.165896536622535,0.33179307324507,0.16877731818262853,0.33179307324507,0.165896536622535,0.33179307324507,0.26075825201941627,0.33179307324507,0.5396292411164617,0.33179307324507,0.38835597110906006,0.33179307324507,0.165896536622535,0.33179307324507,0.547044975923412,0.33179307324507,0.3445130317816822,0.33179307324507,0.3834255592538292
joel_drakes_thomas,MID,Crystal Palace,,12.849338249669986,0.367123949990571,9.479407995976743,0.27084022845647837,35,0.3671239499905712,0.3852166699848086,0.3671239499905712,0.18784345780242234,0.3671239499905712,0.30453700336178974,0.3671239499905712,0.25032475678821015,0.3671239499905712,0.31289782438304725,0.3671239499905712,0.301977136217041,0.3671239499905712,0.31216279280914283,0.3671239499905712,0.3121834189009321,0.3671239499905712,0.1835619749952856,0.3671239499905712,0.3527407407325666,0.3671239499905712,0.34059976481755455,0.3671239499905712,0.21351824227468894,0.3671239499905712,0.24386226703814076,0.3671239499905712,0.1835619749952856,0.3671239499905712,0.2585411740857233,0.3671239499905712,0.1835619749952856,0.3671239499905712,0.3527407407325666,0.3671239499905712,0.31216279280914283,0.3671239499905712,0.301977136217041,0.3671239499905712,0.1835619749952856,0.3671239499905712,0.3121834189009321,0.3671239499905712,0.1835619749952856,0.3671239499905712,0.2585411740857233,0.3671239499905712,0.24386226703814076,0.3671239499905712,0.1835619749952856,0.3671239499905712,0.3492194111020828,0.3671239499905712,0.3852166699848086,0.3671239499905712,0.26012107942598606,0.3671239499905712,0.2158851570848265,0.3671239499905712,0.21351824227468894,0.3671239499905712,0.34059976481755455,0.3671239499905712,0.30453700336178974,0.3671239499905712,0.25032475678821015,0.3671239499905712,0.31289782438304725,0.3671239499905712,0.18784345780242234
kosta_nedeljkovic,DEF,Aston Villa,,10.908250931533981,0.31166431232954234,9.403976295675117,0.26868503701928903,35,0.3116643123295426,0.3920291278237151,0.3116643123295426,0.5593199504199683,0.3116643123295426,0.1900237422448653,0.3116643123295426,0.1558321561647713,0.3116643123295426,0.1558321561647713,0.3116643123295426,0.3522434540777888,0.3116643123295426,0.3970701716789534,0.3116643123295426,0.20069511057710987,0.3116643123295426,0.23077116058721697,0.3116643123295426,0.1812695020907875,0.3116643123295426,0.23954759537454628,0.3116643123295426,0.45199813523338445,0.3116643123295426,0.1558321561647713,0.3116643123295426,0.27469162880177567,0.3116643123295426,0.1690730232685161,0.3116643123295426,0.2982561054968525,0.3116643123295426,0.1812695020907875,0.3116643123295426,0.3970701716789534,0.3116643123295426,0.3522434540777888,0.3116643123295426,0.23077116058721697,0.3116643123295426,0.20069511057710987,0.3116643123295426,0.2982561054968525,0.3116643123295426,0.27469162880177567,0.3116643123295426,0.1558321561647713,0.3116643123295426,0.1690730232685161,0.3116643123295426,0.2666093264907648,0.3116643123295426,0.3920291278237151,0.3116643123295426,0.17256446067999237,0.3116643123295426,0.1558321561647713,0.3116643123295426,0.45199813523338445,0.3116643123295426,0.23954759537454628,0.3116643123295426,0.1900237422448653,0.3116643123295426,0.1558321561647713,0.3116643123295426,0.1558321561647713,0.3116643123295426,0.5593199504199683
brandon_austin,GK,Spurs,,8.0014941954452,0.22861411986986288,9.32745609069041,0.26649874544829744,35,0.22861411986986302,0.2133731785452055,0.22861411986986302,0.45722823973972604,0.22861411986986302,0.39626447444109586,0.22861411986986302,0.45722823973972604,0.22861411986986302,0.15240941324657536,0.22861411986986302,0.24385506119452055,0.22861411986986302,0.2133731785452055,0.22861411986986302,0.33530070914246574,0.22861411986986302,0.2133731785452055,0.22861411986986302,0.30481882649315073,0.22861411986986302,0.18289129589589043,0.22861411986986302,0.39626447444109586,0.22861411986986302,0.12192753059726028,0.22861411986986302,0.24385506119452055,0.22861411986986302,0.18289129589589043,0.22861411986986302,0.15240941324657536,0.22861411986986302,0.30481882649315073,0.22861411986986302,0.2133731785452055,0.22861411986986302,0.24385506119452055,0.22861411986986302,0.2133731785452055,0.22861411986986302,0.33530070914246574,0.22861411986986302,0.15240941324657536,0.22861411986986302,0.18289129589589043,0.22861411986986302,0.12192753059726028,0.22861411986986302,0.24385506119452055,0.22861411986986302,0.45722823973972604,0.22861411986986302,0.2133731785452055,0.22861411986986302,0.2133731785452055,0.22861411986986302,0.12192753059726028,0.22861411986986302,0.39626447444109586,0.22861411986986302,0.18289129589589043,0.22861411986986302,0.15240941324657536,0.22861411986986302,0.45722823973972604,0.22861411986986302,0.39626447444109586,0.22861411986986302,0.45722823973972604
martin_dubravka,GK,Spurs,,8.0014941954452,0.22861411986986288,9.32745609069041,0.26649874544829744,35,0.22861411986986302,0.2133731785452055,0.22861411986986302,0.45722823973972604,0.22861411986986302,0.39626447444109586,0.22861411986986302,0.45722823973972604,0.22861411986986302,0.15240941324657536,0.22861411986986302,0.24385506119452055,0.22861411986986302,0.2133731785452055,0.22861411986986302,0.33530070914246574,0.22861411986986302,0.2133731785452055,0.22861411986986302,0.30481882649315073,0.22861411986986302,0.18289129589589043,0.22861411986986302,0.39626447444109586,0.22861411986986302,0.12192753059726028,0.22861411986986302,0.24385506119452055,0.22861411986986302,0.18289129589589043,0.22861411986986302,0.15240941324657536,0.22861411986986302,0.30481882649315073,0.22861411986986302,0.2133731785452055,0.22861411986986302,0.24385506119452055,0.22861411986986302,0.2133731785452055,0.22861411986986302,0.33530070914246574,0.22861411986986302,0.15240941324657536,0.22861411986986302,0.18289129589589043,0.22861411986986302,0.12192753059726028,0.22861411986986302,0.24385506119452055,0.22861411986986302,0.45722823973972604,0.22861411986986302,0.2133731785452055,0.22861411986986302,0.2133731785452055,0.22861411986986302,0.12192753059726028,0.22861411986986302,0.39626447444109586,0.22861411986986302,0.18289129589589043,0.22861411986986302,0.15240941324657536,0.22861411986986302,0.45722823973972604,0.22861411986986302,0.39626447444109586,0.22861411986986302,0.45722823973972604
samuel_iling_junior,MID,Aston Villa,,15.814284598388024,0.4518367028110864,8.922054984816866,0.2549158567090533,35,0.4518367028110868,0.2549216318916316,0.4518367028110868,0.25277882000748797,0.4518367028110868,0.2259183514055434,0.4518367028110868,0.26192030238212943,0.4518367028110868,0.2259183514055434,0.4518367028110868,0.2923243519954702,0.4518367028110868,0.2259183514055434,0.4518367028110868,0.2259183514055434,0.4518367028110868,0.3224569134796597,0.4518367028110868,0.2259183514055434,0.4518367028110868,0.3384201904892686,0.4518367028110868,0.2613222883170972,0.4518367028110868,0.29527198425664686,0.4518367028110868,0.2259183514055434,0.4518367028110868,0.26130502264192335,0.4518367028110868,0.2259183514055434,0.4518367028110868,0.2259183514055434,0.4518367028110868,0.2259183514055434,0.4518367028110868,0.2923243519954702,0.4518367028110868,0.3224569134796597,0.4518367028110868,0.2259183514055434,0.4518367028110868,0.2259183514055434,0.4518367028110868,0.2259183514055434,0.4518367028110868,0.29527198425664686,0.4518367028110868,0.26130502264192335,0.4518367028110868,0.2259183514055434,0.4518367028110868,0.2549216318916316,0.4518367028110868,0.2259183514055434,0.4518367028110868,0.2259183514055434,0.4518367028110868,0.2613222883170972,0.4518367028110868,0.3384201904892686,0.4518367028110868,0.2259183514055434,0.4518367028110868,0.26192030238212943,0.4518367028110868,0.2259183514055434,0.4518367028110868,0.25277882000748797
amadou_onana,MID,Aston Villa,,15.814284598388024,0.4518367028110864,8.922054984816866,0.2549158567090533,35,0.4518367028110868,0.2549216318916316,0.4518367028110868,0.25277882000748797,0.4518367028110868,0.2259183514055434,0.4518367028110868,0.26192030238212943,0.4518367028110868,0.2259183514055434,0.4518367028110868,0.2923243519954702,0.4518367028110868,0.2259183514055434,0.4518367028110868,0.2259183514055434,0.4518367028110868,0.3224569134796597,0.4518367028110868,0.2259183514055434,0.4518367028110868,0.3384201904892686,0.4518367028110868,0.2613222883170972,0.4518367028110868,0.29527198425664686,0.4518367028110868,0.2259183514055434,0.4518367028110868,0.26130502264192335,0.4518367028110868,0.2259183514055434,0.4518367028110868,0.2259183514055434,0.4518367028110868,0.2259183514055434,0.4518367028110868,0.2923243519954702,0.4518367028110868,0.3224569134796597,0.4518367028110868,0.2259183514055434,0.4518367028110868,0.2259183514055434,0.4518367028110868,0.2259183514055434,0.4518367028110868,0.29527198425664686,0.4518367028110868,0.26130502264192335,0.4518367028110868,0.2259183514055434,0.4518367028110868,0.2549216318916316,0.4518367028110868,0.2259183514055434,0.4518367028110868,0.2259183514055434,0.4518367028110868,0.2613222883170972,0.4518367028110868,0.3384201904892686,0.4518367028110868,0.2259183514055434,0.4518367028110868,0.26192030238212943,0.4518367028110868,0.2259183514055434,0.4518367028110868,0.25277882000748797
kaye_furo,FWD,Brentford,,13.673159458979677,0.3906616988279908,8.896166257324364,0.2541761787806961,35,0.39066169882799096,0.19533084941399548,0.39066169882799096,0.3082391169809932,0.39066169882799096,0.19533084941399548,0.39066169882799096,0.19533084941399548,0.39066169882799096,0.19533084941399548,0.39066169882799096,0.19533084941399548,0.39066169882799096,0.2359730229998306,0.39066169882799096,0.44340156887158105,0.39066169882799096,0.19533084941399548,0.39066169882799096,0.19533084941399548,0.39066169882799096,0.19533084941399548,0.39066169882799096,0.3726818249756075,0.39066169882799096,0.19533084941399548,0.39066169882799096,0.4368038085081084,0.39066169882799096,0.2283558170246407,0.39066169882799096,0.3551593580996361,0.39066169882799096,0.19533084941399548,0.39066169882799096,0.2359730229998306,0.39066169882799096,0.44340156887158105,0.39066169882799096,0.19533084941399548,0.39066169882799096,0.19533084941399548,0.39066169882799096,0.3551593580996361,0.39066169882799096,0.2283558170246407,0.39066169882799096,0.19533084941399548,0.39066169882799096,0.4368038085081084,0.39066169882799096,0.2122615905588083,0.39066169882799096,0.19533084941399548,0.39066169882799096,0.21138949297884924,0.39066169882799096,0.19533084941399548,0.39066169882799096,0.3726818249756075,0.39066169882799096,0.19533084941399548,0.39066169882799096,0.19533084941399548,0.39066169882799096,0.19533084941399548,0.39066169882799096,0.19533084941399548,0.39066169882799096,0.3082391169809932
ben_johnson,DEF,Ipswich Town,,11.612757563577444,0.33179307324506985,8.835064228749975,0.2524304065357136,35,0.33179307324507,0.2062668079024149,0.33179307324507,0.165896536622535,0.33179307324507,0.30330562393475236,0.33179307324507,0.165896536622535,0.33179307324507,0.3375638009412377,0.33179307324507,0.22956880300250415,0.33179307324507,0.25681883686643203,0.33179307324507,0.4816126022424797,0.33179307324507,0.47508386786942974,0.33179307324507,0.38920120398896263,0.33179307324507,0.23652821620633077,0.33179307324507,0.165896536622535,0.33179307324507,0.165896536622535,0.33179307324507,0.165896536622535,0.33179307324507,0.165896536622535,0.33179307324507,0.165896536622535,0.33179307324507,0.38920120398896263,0.33179307324507,0.25681883686643203,0.33179307324507,0.22956880300250415,0.33179307324507,0.47508386786942974,0.33179307324507,0.4816126022424797,0.33179307324507,0.165896536622535,0.33179307324507,0.165896536622535,0.33179307324507,0.165896536622535,0.33179307324507,0.165896536622535,0.33179307324507,0.165896536622535,0.33179307324507,0.2062668079024149,0.33179307324507,0.17281217018954617,0.33179307324507,0.3419044833133162,0.33179307324507,0.165896536622535,0.33179307324507,0.23652821620633077,0.33179307324507,0.30330562393475236,0.33179307324507,0.165896536622535,0.33179307324507,0.3375638009412377,0.33179307324507,0.165896536622535
cedric_kipre,DEF,Ipswich Town,,11.612757563577444,0.33179307324506985,8.835064228749975,0.2524304065357136,35,0.33179307324507,0.2062668079024149,0.33179307324507,0.165896536622535,0.33179307324507,0.30330562393475236,0.33179307324507,0.165896536622535,0.33179307324507,0.3375638009412377,0.33179307324507,0.22956880300250415,0.33179307324507,0.25681883686643203,0.33179307324507,0.4816126022424797,0.33179307324507,0.47508386786942974,0.33179307324507,0.38920120398896263,0.33179307324507,0.23652821620633077,0.33179307324507,0.165896536622535,0.33179307324507,0.165896536622535,0.33179307324507,0.165896536622535,0.33179307324507,0.165896536622535,0.33179307324507,0.165896536622535,0.33179307324507,0.38920120398896263,0.33179307324507,0.25681883686643203,0.33179307324507,0.22956880300250415,0.33179307324507,0.47508386786942974,0.33179307324507,0.4816126022424797,0.33179307324507,0.165896536622535,0.33179307324507,0.165896536622535,0.33179307324507,0.165896536622535,0.33179307324507,0.165896536622535,0.33179307324507,0.165896536622535,0.33179307324507,0.2062668079024149,0.33179307324507,0.17281217018954617,0.33179307324507,0.3419044833133162,0.33179307324507,0.165896536622535,0.33179307324507,0.23652821620633077,0.33179307324507,0.30330562393475236,0.33179307324507,0.165896536622535,0.33179307324507,0.3375638009412377,0.33179307324507,0.165896536622535
luc_de_fougerolles,DEF,Fulham,,11.612757563577444,0.33179307324506985,8.800664401678334,0.2514475543336667,35,0.33179307324507,0.165896536622535,0.33179307324507,0.3440385362974026,0.33179307324507,0.1999499785450322,0.33179307324507,0.2310016943888733,0.33179307324507,0.39163046722275746,0.33179307324507,0.4780491818544733,0.33179307324507,0.165896536622535,0.33179307324507,0.165896536622535,0.33179307324507,0.2584218138144768,0.33179307324507,0.48461866639533646,0.33179307324507,0.165896536622535,0.33179307324507,0.165896536622535,0.33179307324507,0.2380045459131665,0.33179307324507,0.165896536622535,0.33179307324507,0.165896536622535,0.33179307324507,0.339670760843422,0.33179307324507,0.48461866639533646,0.33179307324507,0.165896536622535,0.33179307324507,0.4780491818544733,0.33179307324507,0.2584218138144768,0.33179307324507,0.165896536622535,0.33179307324507,0.339670760843422,0.33179307324507,0.165896536622535,0.33179307324507,0.2380045459131665,0.33179307324507,0.165896536622535,0.33179307324507,0.2075542560594452,0.33179307324507,0.165896536622535,0.33179307324507,0.165896536622535,0.33179307324507,0.17389080573098628,0.33179307324507,0.165896536622535,0.33179307324507,0.165896536622535,0.33179307324507,0.1999499785450322,0.33179307324507,0.2310016943888733,0.33179307324507,0.39163046722275746,0.33179307324507,0.3440385362974026
harry_amass,DEF,Man Utd,,11.612757563577444,0.33179307324506985,8.733558319020252,0.24953023768629293,35,0.33179307324507,0.165896536622535,0.33179307324507,0.3081308349647218,0.33179307324507,0.48927445305277856,0.33179307324507,0.24029108266074017,0.33179307324507,0.26090450157741146,0.33179307324507,0.165896536622535,0.33179307324507,0.48264185472659815,0.33179307324507,0.165896536622535,0.33179307324507,0.16622643709399032,0.33179307324507,0.165896536622535,0.33179307324507,0.39539290567257174,0.33179307324507,0.20954825340842181,0.33179307324507,0.165896536622535,0.33179307324507,0.34293401648320354,0.33179307324507,0.17556139448316146,0.33179307324507,0.165896536622535,0.33179307324507,0.165896536622535,0.33179307324507,0.48264185472659815,0.33179307324507,0.165896536622535,0.33179307324507,0.16622643709399032,0.33179307324507,0.165896536622535,0.33179307324507,0.165896536622535,0.33179307324507,0.34293401648320354,0.33179307324507,0.165896536622535,0.33179307324507,0.17556139448316146,0.33179307324507,0.165896536622535,0.33179307324507,0.165896536622535,0.33179307324507,0.2332209539452208,0.33179307324507,0.2018709207348784,0.33179307324507,0.20954825340842181,0.33179307324507,0.39539290567257174,0.33179307324507,0.26090450157741146,0.33179307324507,0.24029108266074017,0.33179307324507,0.48927445305277856,0.33179307324507,0.3081308349647218
tyler_fredricson,DEF,Man Utd,,10.908250931533981,0.31166431232954234,8.203722944140296,0.23439208411829415,35,0.3116643123295426,0.1558321561647713,0.3116643123295426,0.2894375818264155,0.3116643123295426,0.4595918307145464,0.3116643123295426,0.2257134373057429,0.3116643123295426,0.2450763099799409,0.3116643123295426,0.1558321561647713,0.3116643123295426,0.45336160964311295,0.3116643123295426,0.1558321561647713,0.3116643123295426,0.1561420426930454,0.3116643123295426,0.1558321561647713,0.3116643123295426,0.3714057585385496,0.3116643123295426,0.19683567128043689,0.3116643123295426,0.1558321561647713,0.3116643123295426,0.32212937231122185,0.3116643123295426,0.16491067986460167,0.3116643123295426,0.1558321561647713,0.3116643123295426,0.1558321561647713,0.3116643123295426,0.45336160964311295,0.3116643123295426,0.1558321561647713,0.3116643123295426,0.1561420426930454,0.3116643123295426,0.1558321561647713,0.3116643123295426,0.1558321561647713,0.3116643123295426,0.32212937231122185,0.3116643123295426,0.1558321561647713,0.3116643123295426,0.16491067986460167,0.3116643123295426,0.1558321561647713,0.3116643123295426,0.1558321561647713,0.3116643123295426,0.2190722293303849,0.3116643123295426,0.18962409635265742,0.3116643123295426,0.19683567128043689,0.3116643123295426,0.3714057585385496,0.3116643123295426,0.2450763099799409,0.3116643123295426,0.2257134373057429,0.3116643123295426,0.4595918307145464,0.3116643123295426,0.2894375818264155
luca_williams_barnett,MID,Spurs,,12.849338249669986,0.367123949990571,8.193215016606946,0.2340918576173413,35,0.3671239499905712,0.21254714799634986,0.3671239499905712,0.2783069668169561,0.3671239499905712,0.1835619749952856,0.3671239499905712,0.25508772870528906,0.3671239499905712,0.2882274615739465,0.3671239499905712,0.33034624905460386,0.3671239499905712,0.1835619749952856,0.3671239499905712,0.3147638197819299,0.3671239499905712,0.19926193400880932,0.3671239499905712,0.28535015316139506,0.3671239499905712,0.1835619749952856,0.3671239499905712,0.1835619749952856,0.3671239499905712,0.2550708749501309,0.3671239499905712,0.2112561938955977,0.3671239499905712,0.20454248938849637,0.3671239499905712,0.1835619749952856,0.3671239499905712,0.28535015316139506,0.3671239499905712,0.1835619749952856,0.3671239499905712,0.33034624905460386,0.3671239499905712,0.19926193400880932,0.3671239499905712,0.3147638197819299,0.3671239499905712,0.1835619749952856,0.3671239499905712,0.20454248938849637,0.3671239499905712,0.2550708749501309,0.3671239499905712,0.2112561938955977,0.3671239499905712,0.24883977748647174,0.3671239499905712,0.21254714799634986,0.3671239499905712,0.1835619749952856,0.3671239499905712,0.25567147550532393,0.3671239499905712,0.1835619749952856,0.3671239499905712,0.1835619749952856,0.3671239499905712,0.2882274615739465,0.3671239499905712,0.25508772870528906,0.3671239499905712,0.1835619749952856,0.3671239499905712,0.2783069668169561
callum_olusesi,MID,Spurs,,12.849338249669986,0.367123949990571,8.193215016606946,0.2340918576173413,35,0.3671239499905712,0.21254714799634986,0.3671239499905712,0.2783069668169561,0.3671239499905712,0.1835619749952856,0.3671239499905712,0.25508772870528906,0.3671239499905712,0.2882274615739465,0.3671239499905712,0.33034624905460386,0.3671239499905712,0.1835619749952856,0.3671239499905712,0.3147638197819299,0.3671239499905712,0.19926193400880932,0.3671239499905712,0.28535015316139506,0.3671239499905712,0.1835619749952856,0.3671239499905712,0.1835619749952856,0.3671239499905712,0.2550708749501309,0.3671239499905712,0.2112561938955977,0.3671239499905712,0.20454248938849637,0.3671239499905712,0.1835619749952856,0.3671239499905712,0.28535015316139506,0.3671239499905712,0.1835619749952856,0.3671239499905712,0.33034624905460386,0.3671239499905712,0.19926193400880932,0.3671239499905712,0.3147638197819299,0.3671239499905712,0.1835619749952856,0.3671239499905712,0.20454248938849637,0.3671239499905712,0.2550708749501309,0.3671239499905712,0.2112561938955977,0.3671239499905712,0.24883977748647174,0.3671239499905712,0.21254714799634986,0.3671239499905712,0.1835619749952856,0.3671239499905712,0.25567147550532393,0.3671239499905712,0.1835619749952856,0.3671239499905712,0.1835619749952856,0.3671239499905712,0.2882274615739465,0.3671239499905712,0.25508772870528906,0.3671239499905712,0.1835619749952856,0.3671239499905712,0.2783069668169561
raphael_borges_rodrigues,MID,Coventry City,,12.849338249669986,0.367123949990571,7.820156385698026,0.22343303959137217,35,0.3671239499905712,0.18938213168313356,0.3671239499905712,0.2303961766028796,0.3671239499905712,0.23672152024025117,0.3671239499905712,0.22845951998561864,0.3671239499905712,0.26420046242408207,0.3671239499905712,0.18449296250725367,0.3671239499905712,0.1967934979722753,0.3671239499905712,0.30586152063819916,0.3671239499905712,0.1835619749952856,0.3671239499905712,0.29143403576068977,0.3671239499905712,0.1835619749952856,0.3671239499905712,0.2576793056329474,0.3671239499905712,0.1955982272965519,0.3671239499905712,0.2668645094018415,0.3671239499905712,0.1835619749952856,0.3671239499905712,0.23616543522450423,0.3671239499905712,0.29143403576068977,0.3671239499905712,0.1967934979722753,0.3671239499905712,0.18449296250725367,0.3671239499905712,0.1835619749952856,0.3671239499905712,0.30586152063819916,0.3671239499905712,0.23616543522450423,0.3671239499905712,0.1835619749952856,0.3671239499905712,0.1955982272965519,0.3671239499905712,0.2668645094018415,0.3671239499905712,0.1835619749952856,0.3671239499905712,0.18938213168313356,0.3671239499905712,0.1835619749952856,0.3671239499905712,0.1835619749952856,0.3671239499905712,0.2576793056329474,0.3671239499905712,0.1835619749952856,0.3671239499905712,0.23672152024025117,0.3671239499905712,0.22845951998561864,0.3671239499905712,0.26420046242408207,0.3671239499905712,0.2303961766028796
george_shepherd,MID,Coventry City,,12.849338249669986,0.367123949990571,7.820156385698026,0.22343303959137217,35,0.3671239499905712,0.18938213168313356,0.3671239499905712,0.2303961766028796,0.3671239499905712,0.23672152024025117,0.3671239499905712,0.22845951998561864,0.3671239499905712,0.26420046242408207,0.3671239499905712,0.18449296250725367,0.3671239499905712,0.1967934979722753,0.3671239499905712,0.30586152063819916,0.3671239499905712,0.1835619749952856,0.3671239499905712,0.29143403576068977,0.3671239499905712,0.1835619749952856,0.3671239499905712,0.2576793056329474,0.3671239499905712,0.1955982272965519,0.3671239499905712,0.2668645094018415,0.3671239499905712,0.1835619749952856,0.3671239499905712,0.23616543522450423,0.3671239499905712,0.29143403576068977,0.3671239499905712,0.1967934979722753,0.3671239499905712,0.18449296250725367,0.3671239499905712,0.1835619749952856,0.3671239499905712,0.30586152063819916,0.3671239499905712,0.23616543522450423,0.3671239499905712,0.1835619749952856,0.3671239499905712,0.1955982272965519,0.3671239499905712,0.2668645094018415,0.3671239499905712,0.1835619749952856,0.3671239499905712,0.18938213168313356,0.3671239499905712,0.1835619749952856,0.3671239499905712,0.1835619749952856,0.3671239499905712,0.2576793056329474,0.3671239499905712,0.1835619749952856,0.3671239499905712,0.23672152024025117,0.3671239499905712,0.22845951998561864,0.3671239499905712,0.26420046242408207,0.3671239499905712,0.2303961766028796
will_dennis,GK,Bournemouth,,8.075415466599091,0.23072615618854547,7.542181683407792,0.21549090524022263,35,0.23072615618854564,0.1435629416284284,0.23072615618854564,0.11536307809427282,0.23072615618854564,0.11536307809427282,0.23072615618854564,0.1435629416284284,0.23072615618854564,0.2666168915956527,0.23072615618854564,0.1435629416284284,0.23072615618854564,0.22559890827324458,0.23072615618854564,0.30763487491806085,0.23072615618854564,0.2050899166120406,0.23072615618854564,0.12305394996722434,0.23072615618854564,0.2666168915956527,0.23072615618854564,0.12305394996722434,0.23072615618854564,0.4614523123770913,0.23072615618854564,0.4101798332240812,0.23072615618854564,0.16407193328963243,0.23072615618854564,0.369161849901673,0.23072615618854564,0.12305394996722434,0.23072615618854564,0.22559890827324458,0.23072615618854564,0.30763487491806085,0.23072615618854564,0.2050899166120406,0.23072615618854564,0.1435629416284284,0.23072615618854564,0.369161849901673,0.23072615618854564,0.16407193328963243,0.23072615618854564,0.4614523123770913,0.23072615618854564,0.4101798332240812,0.23072615618854564,0.11536307809427282,0.23072615618854564,0.1435629416284284,0.23072615618854564,0.11536307809427282,0.23072615618854564,0.1435629416284284,0.23072615618854564,0.12305394996722434,0.23072615618854564,0.2666168915956527,0.23072615618854564,0.2666168915956527,0.23072615618854564,0.1435629416284284,0.23072615618854564,0.11536307809427282,0.23072615618854564,0.11536307809427282
fraser_forster,GK,Bournemouth,,8.07541546659909,0.23072615618854542,7.542181683407783,0.21549090524022238,35,0.23072615618854542,0.14356294162842825,0.23072615618854542,0.11536307809427271,0.23072615618854542,0.11536307809427271,0.23072615618854542,0.14356294162842825,0.23072615618854542,0.26661689159565244,0.23072615618854542,0.14356294162842825,0.23072615618854542,0.2255989082732444,0.23072615618854542,0.3076348749180605,0.23072615618854542,0.20508991661204037,0.23072615618854542,0.12305394996722423,0.23072615618854542,0.26661689159565244,0.23072615618854542,0.12305394996722423,0.23072615618854542,0.46145231237709083,0.23072615618854542,0.41017983322408075,0.23072615618854542,0.16407193328963227,0.23072615618854542,0.3691618499016726,0.23072615618854542,0.12305394996722423,0.23072615618854542,0.2255989082732444,0.23072615618854542,0.3076348749180605,0.23072615618854542,0.20508991661204037,0.23072615618854542,0.14356294162842825,0.23072615618854542,0.3691618499016726,0.23072615618854542,0.16407193328963227,0.23072615618854542,0.46145231237709083,0.23072615618854542,0.41017983322408075,0.23072615618854542,0.11536307809427271,0.23072615618854542,0.14356294162842825,0.23072615618854542,0.11536307809427271,0.23072615618854542,0.14356294162842825,0.23072615618854542,0.12305394996722423,0.23072615618854542,0.26661689159565244,0.23072615618854542,0.26661689159565244,0.23072615618854542,0.14356294162842825,0.23072615618854542,0.11536307809427271,0.23072615618854542,0.11536307809427271
kai_andrews,MID,Coventry City,,12.27940853427729,0.350840243836494,7.47329498189447,0.21352271376841342,35,0.35084024383649415,0.18098212677133177,0.35084024383649415,0.22017700229153192,0.35084024383649415,0.22622178663246653,0.35084024383649415,0.21832624567419642,0.35084024383649415,0.25248190607275844,0.35084024383649415,0.1763098156734924,0.35084024383649415,0.18806476345605594,0.35084024383649415,0.29229509674774057,0.35084024383649415,0.17542012191824707,0.35084024383649415,0.2785075399498179,0.35084024383649415,0.17542012191824707,0.35084024383649415,0.24624999382961427,0.35084024383649415,0.1869225087616069,0.35084024383649415,0.2550277898030163,0.35084024383649415,0.17542012191824707,0.35084024383649415,0.22569036665149417,0.35084024383649415,0.2785075399498179,0.35084024383649415,0.18806476345605594,0.35084024383649415,0.1763098156734924,0.35084024383649415,0.17542012191824707,0.35084024383649415,0.29229509674774057,0.35084024383649415,0.22569036665149417,0.35084024383649415,0.17542012191824707,0.35084024383649415,0.1869225087616069,0.35084024383649415,0.2550277898030163,0.35084024383649415,0.17542012191824707,0.35084024383649415,0.18098212677133177,0.35084024383649415,0.17542012191824707,0.35084024383649415,0.17542012191824707,0.35084024383649415,0.24624999382961427,0.35084024383649415,0.17542012191824707,0.35084024383649415,0.22622178663246653,0.35084024383649415,0.21832624567419642,0.35084024383649415,0.25248190607275844,0.35084024383649415,0.22017700229153192
benjamin_lecomte,GK,Fulham,,8.071719403041406,0.2306205543726116,7.408044696569106,0.21165841990197445,35,0.23062055437261142,0.11531027718630571,0.23062055437261142,0.26649486283057316,0.23062055437261142,0.22549565316433112,0.23062055437261142,0.26649486283057316,0.23062055437261142,0.46124110874522284,0.23062055437261142,0.3689928869961782,0.23062055437261142,0.11531027718630571,0.23062055437261142,0.11531027718630571,0.23062055437261142,0.16399683866496811,0.23062055437261142,0.4099920966624203,0.23062055437261142,0.14349723383184712,0.23062055437261142,0.14349723383184712,0.23062055437261142,0.14349723383184712,0.23062055437261142,0.12299762899872609,0.23062055437261142,0.12299762899872609,0.23062055437261142,0.3074940724968152,0.23062055437261142,0.4099920966624203,0.23062055437261142,0.11531027718630571,0.23062055437261142,0.3689928869961782,0.23062055437261142,0.16399683866496811,0.23062055437261142,0.11531027718630571,0.23062055437261142,0.3074940724968152,0.23062055437261142,0.12299762899872609,0.23062055437261142,0.14349723383184712,0.23062055437261142,0.12299762899872609,0.23062055437261142,0.16399683866496811,0.23062055437261142,0.11531027718630571,0.23062055437261142,0.11531027718630571,0.23062055437261142,0.14349723383184712,0.23062055437261142,0.14349723383184712,0.23062055437261142,0.14349723383184712,0.23062055437261142,0.22549565316433112,0.23062055437261142,0.26649486283057316,0.23062055437261142,0.46124110874522284,0.23062055437261142,0.26649486283057316
alfie_mcnally,GK,Fulham,,8.071719403041406,0.2306205543726116,7.408044696569106,0.21165841990197445,35,0.23062055437261142,0.11531027718630571,0.23062055437261142,0.26649486283057316,0.23062055437261142,0.22549565316433112,0.23062055437261142,0.26649486283057316,0.23062055437261142,0.46124110874522284,0.23062055437261142,0.3689928869961782,0.23062055437261142,0.11531027718630571,0.23062055437261142,0.11531027718630571,0.23062055437261142,0.16399683866496811,0.23062055437261142,0.4099920966624203,0.23062055437261142,0.14349723383184712,0.23062055437261142,0.14349723383184712,0.23062055437261142,0.14349723383184712,0.23062055437261142,0.12299762899872609,0.23062055437261142,0.12299762899872609,0.23062055437261142,0.3074940724968152,0.23062055437261142,0.4099920966624203,0.23062055437261142,0.11531027718630571,0.23062055437261142,0.3689928869961782,0.23062055437261142,0.16399683866496811,0.23062055437261142,0.11531027718630571,0.23062055437261142,0.3074940724968152,0.23062055437261142,0.12299762899872609,0.23062055437261142,0.14349723383184712,0.23062055437261142,0.12299762899872609,0.23062055437261142,0.16399683866496811,0.23062055437261142,0.11531027718630571,0.23062055437261142,0.11531027718630571,0.23062055437261142,0.14349723383184712,0.23062055437261142,0.14349723383184712,0.23062055437261142,0.14349723383184712,0.23062055437261142,0.22549565316433112,0.23062055437261142,0.26649486283057316,0.23062055437261142,0.46124110874522284,0.23062055437261142,0.26649486283057316
luka_lynch,MID,Aston Villa,,12.849338249669986,0.367123949990571,7.249300571823006,0.2071228734806573,35,0.3671239499905712,0.20712756590123063,0.3671239499905712,0.20538649980788487,0.3671239499905712,0.1835619749952856,0.3671239499905712,0.21281408835318888,0.3671239499905712,0.1835619749952856,0.3671239499905712,0.23751782472589744,0.3671239499905712,0.1835619749952856,0.3671239499905712,0.1835619749952856,0.3671239499905712,0.2620009730106321,0.3671239499905712,0.1835619749952856,0.3671239499905712,0.2749713697803065,0.3671239499905712,0.21232819315180604,0.3671239499905712,0.23991281918320972,0.3671239499905712,0.1835619749952856,0.3671239499905712,0.21231416453742027,0.3671239499905712,0.1835619749952856,0.3671239499905712,0.1835619749952856,0.3671239499905712,0.1835619749952856,0.3671239499905712,0.23751782472589744,0.3671239499905712,0.2620009730106321,0.3671239499905712,0.1835619749952856,0.3671239499905712,0.1835619749952856,0.3671239499905712,0.1835619749952856,0.3671239499905712,0.23991281918320972,0.3671239499905712,0.21231416453742027,0.3671239499905712,0.1835619749952856,0.3671239499905712,0.20712756590123063,0.3671239499905712,0.1835619749952856,0.3671239499905712,0.1835619749952856,0.3671239499905712,0.21232819315180604,0.3671239499905712,0.2749713697803065,0.3671239499905712,0.1835619749952856,0.3671239499905712,0.21281408835318888,0.3671239499905712,0.1835619749952856,0.3671239499905712,0.20538649980788487
bradley_burrowes,MID,Aston Villa,,12.849338249669986,0.367123949990571,7.249300571823006,0.2071228734806573,35,0.3671239499905712,0.20712756590123063,0.3671239499905712,0.20538649980788487,0.3671239499905712,0.1835619749952856,0.3671239499905712,0.21281408835318888,0.3671239499905712,0.1835619749952856,0.3671239499905712,0.23751782472589744,0.3671239499905712,0.1835619749952856,0.3671239499905712,0.1835619749952856,0.3671239499905712,0.2620009730106321,0.3671239499905712,0.1835619749952856,0.3671239499905712,0.2749713697803065,0.3671239499905712,0.21232819315180604,0.3671239499905712,0.23991281918320972,0.3671239499905712,0.1835619749952856,0.3671239499905712,0.21231416453742027,0.3671239499905712,0.1835619749952856,0.3671239499905712,0.1835619749952856,0.3671239499905712,0.1835619749952856,0.3671239499905712,0.23751782472589744,0.3671239499905712,0.2620009730106321,0.3671239499905712,0.1835619749952856,0.3671239499905712,0.1835619749952856,0.3671239499905712,0.1835619749952856,0.3671239499905712,0.23991281918320972,0.3671239499905712,0.21231416453742027,0.3671239499905712,0.1835619749952856,0.3671239499905712,0.20712756590123063,0.3671239499905712,0.1835619749952856,0.3671239499905712,0.1835619749952856,0.3671239499905712,0.21232819315180604,0.3671239499905712,0.2749713697803065,0.3671239499905712,0.1835619749952856,0.3671239499905712,0.21281408835318888,0.3671239499905712,0.1835619749952856,0.3671239499905712,0.20538649980788487
alex_palmer,GK,Ipswich Town,,8.038454831022158,0.2296701380292045,7.234609347919937,0.20670312422628392,35,0.22967013802920433,0.16332098704298972,0.22967013802920433,0.14290586366261604,0.22967013802920433,0.2041512338037372,0.22967013802920433,0.11483506901460216,0.22967013802920433,0.30622685070560574,0.22967013802920433,0.2653966039448583,0.22967013802920433,0.16332098704298972,0.22967013802920433,0.4083024676074744,0.22967013802920433,0.36747222084672687,0.22967013802920433,0.45934027605840866,0.22967013802920433,0.14290586366261604,0.22967013802920433,0.11483506901460216,0.22967013802920433,0.12249074028224231,0.22967013802920433,0.14290586366261604,0.22967013802920433,0.11483506901460216,0.22967013802920433,0.12249074028224231,0.22967013802920433,0.45934027605840866,0.22967013802920433,0.16332098704298972,0.22967013802920433,0.2653966039448583,0.22967013802920433,0.36747222084672687,0.22967013802920433,0.4083024676074744,0.22967013802920433,0.12249074028224231,0.22967013802920433,0.11483506901460216,0.22967013802920433,0.12249074028224231,0.22967013802920433,0.14290586366261604,0.22967013802920433,0.11483506901460216,0.22967013802920433,0.16332098704298972,0.22967013802920433,0.14290586366261604,0.22967013802920433,0.2653966039448583,0.22967013802920433,0.11483506901460216,0.22967013802920433,0.14290586366261604,0.22967013802920433,0.2041512338037372,0.22967013802920433,0.11483506901460216,0.22967013802920433,0.30622685070560574,0.22967013802920433,0.14290586366261604
david_button,GK,Ipswich Town,,8.038454831022158,0.2296701380292045,7.234609347919937,0.20670312422628392,35,0.22967013802920433,0.16332098704298972,0.22967013802920433,0.14290586366261604,0.22967013802920433,0.2041512338037372,0.22967013802920433,0.11483506901460216,0.22967013802920433,0.30622685070560574,0.22967013802920433,0.2653966039448583,0.22967013802920433,0.16332098704298972,0.22967013802920433,0.4083024676074744,0.22967013802920433,0.36747222084672687,0.22967013802920433,0.45934027605840866,0.22967013802920433,0.14290586366261604,0.22967013802920433,0.11483506901460216,0.22967013802920433,0.12249074028224231,0.22967013802920433,0.14290586366261604,0.22967013802920433,0.11483506901460216,0.22967013802920433,0.12249074028224231,0.22967013802920433,0.45934027605840866,0.22967013802920433,0.16332098704298972,0.22967013802920433,0.2653966039448583,0.22967013802920433,0.36747222084672687,0.22967013802920433,0.4083024676074744,0.22967013802920433,0.12249074028224231,0.22967013802920433,0.11483506901460216,0.22967013802920433,0.12249074028224231,0.22967013802920433,0.14290586366261604,0.22967013802920433,0.11483506901460216,0.22967013802920433,0.16332098704298972,0.22967013802920433,0.14290586366261604,0.22967013802920433,0.2653966039448583,0.22967013802920433,0.11483506901460216,0.22967013802920433,0.14290586366261604,0.22967013802920433,0.2041512338037372,0.22967013802920433,0.11483506901460216,0.22967013802920433,0.30622685070560574,0.22967013802920433,0.14290586366261604
julio_soler_barreto,DEF,Bournemouth,,11.471856237168751,0.3277673210619643,7.109860921016971,0.20313888345762776,35,0.3277673210619645,0.16388366053098224,0.3277673210619645,0.16388366053098224,0.3277673210619645,0.16388366053098224,0.3277673210619645,0.16388366053098224,0.3277673210619645,0.24443431857427453,0.3277673210619645,0.16909872836912104,0.3277673210619645,0.16388366053098224,0.3277673210619645,0.24133107837255394,0.3277673210619645,0.2168392259375468,0.3277673210619645,0.16388366053098224,0.3277673210619645,0.16412330538645345,0.3277673210619645,0.16388366053098224,0.3277673210619645,0.2782476853283897,0.3277673210619645,0.3443144328062067,0.3277673210619645,0.16388366053098224,0.3277673210619645,0.3396469106896088,0.3277673210619645,0.16388366053098224,0.3277673210619645,0.16388366053098224,0.3277673210619645,0.24133107837255394,0.3277673210619645,0.2168392259375468,0.3277673210619645,0.16909872836912104,0.3277673210619645,0.3396469106896088,0.3277673210619645,0.16388366053098224,0.3277673210619645,0.2782476853283897,0.3277673210619645,0.3443144328062067,0.3277673210619645,0.16388366053098224,0.3277673210619645,0.16388366053098224,0.3277673210619645,0.16388366053098224,0.3277673210619645,0.16388366053098224,0.3277673210619645,0.16388366053098224,0.3277673210619645,0.16412330538645345,0.3277673210619645,0.24443431857427453,0.3277673210619645,0.16388366053098224,0.3277673210619645,0.16388366053098224,0.3277673210619645,0.16388366053098224
remi_matthews,GK,Crystal Palace,,8.0957438161664,0.23130696617618288,6.429476967230571,0.18369934192087348,35,0.23130696617618307,0.18847234281022324,0.23130696617618307,0.11993694542468754,0.23130696617618307,0.257007740195759,0.23130696617618307,0.11565348308809154,0.23130696617618307,0.11565348308809154,0.23130696617618307,0.3426769869276787,0.23130696617618307,0.11565348308809154,0.23130696617618307,0.3940785349668305,0.23130696617618307,0.2227400415029911,0.23130696617618307,0.11565348308809154,0.23130696617618307,0.30840928823491076,0.23130696617618307,0.2227400415029911,0.23130696617618307,0.11993694542468754,0.23130696617618307,0.11565348308809154,0.23130696617618307,0.13707079477107145,0.23130696617618307,0.11993694542468754,0.23130696617618307,0.11565348308809154,0.23130696617618307,0.11565348308809154,0.23130696617618307,0.3426769869276787,0.23130696617618307,0.2227400415029911,0.23130696617618307,0.3940785349668305,0.23130696617618307,0.11993694542468754,0.23130696617618307,0.13707079477107145,0.23130696617618307,0.11993694542468754,0.23130696617618307,0.11565348308809154,0.23130696617618307,0.17133849346383934,0.23130696617618307,0.18847234281022324,0.23130696617618307,0.11993694542468754,0.23130696617618307,0.11565348308809154,0.23130696617618307,0.2227400415029911,0.23130696617618307,0.30840928823491076,0.23130696617618307,0.257007740195759,0.23130696617618307,0.11565348308809154,0.23130696617618307,0.11565348308809154,0.23130696617618307,0.11993694542468754
tom_heaton,GK,Man Utd,,7.955565074104882,0.2273018592601395,6.027708564083704,0.17222024468810582,35,0.22730185926013968,0.11365092963006984,0.22730185926013968,0.16837174760010348,0.22730185926013968,0.33674349520020697,0.22730185926013968,0.11786022332007244,0.22730185926013968,0.13469739808008277,0.22730185926013968,0.11365092963006984,0.22730185926013968,0.3030691456801862,0.22730185926013968,0.11365092963006984,0.22730185926013968,0.11786022332007244,0.22730185926013968,0.11365092963006984,0.22730185926013968,0.38725501948023805,0.22730185926013968,0.13469739808008277,0.22730185926013968,0.11365092963006984,0.22730185926013968,0.2525576214001552,0.22730185926013968,0.11786022332007244,0.22730185926013968,0.11365092963006984,0.22730185926013968,0.11365092963006984,0.22730185926013968,0.3030691456801862,0.22730185926013968,0.11365092963006984,0.22730185926013968,0.11786022332007244,0.22730185926013968,0.11365092963006984,0.22730185926013968,0.11365092963006984,0.22730185926013968,0.2525576214001552,0.22730185926013968,0.11365092963006984,0.22730185926013968,0.11786022332007244,0.22730185926013968,0.11786022332007244,0.22730185926013968,0.11365092963006984,0.22730185926013968,0.21888327188013448,0.22730185926013968,0.1852089223601138,0.22730185926013968,0.13469739808008277,0.22730185926013968,0.38725501948023805,0.22730185926013968,0.13469739808008277,0.22730185926013968,0.11786022332007244,0.22730185926013968,0.33674349520020697,0.22730185926013968,0.16837174760010348
dan_bentley,GK,Coventry City,,8.236710737551947,0.2353345925014842,5.970525772722837,0.17058645064922393,35,0.23533459250148403,0.11766729625074202,0.23533459250148403,0.2614828805572045,0.23533459250148403,0.11766729625074202,0.23533459250148403,0.34864384074293936,0.23533459250148403,0.17432192037146968,0.23533459250148403,0.12202534426002877,0.23533459250148403,0.12202534426002877,0.23533459250148403,0.13945753629717572,0.23533459250148403,0.12202534426002877,0.23533459250148403,0.19175411240861662,0.23533459250148403,0.22661849648291055,0.23533459250148403,0.3137794566686454,0.23533459250148403,0.13945753629717572,0.23533459250148403,0.11766729625074202,0.23533459250148403,0.12202534426002877,0.23533459250148403,0.11766729625074202,0.23533459250148403,0.19175411240861662,0.23533459250148403,0.12202534426002877,0.23533459250148403,0.12202534426002877,0.23533459250148403,0.12202534426002877,0.23533459250148403,0.13945753629717572,0.23533459250148403,0.11766729625074202,0.23533459250148403,0.12202534426002877,0.23533459250148403,0.13945753629717572,0.23533459250148403,0.11766729625074202,0.23533459250148403,0.11766729625074202,0.23533459250148403,0.11766729625074202,0.23533459250148403,0.11766729625074202,0.23533459250148403,0.22661849648291055,0.23533459250148403,0.3137794566686454,0.23533459250148403,0.22661849648291055,0.23533459250148403,0.11766729625074202,0.23533459250148403,0.34864384074293936,0.23533459250148403,0.17432192037146968,0.23533459250148403,0.2614828805572045
oliver_dovin,GK,Coventry City,,8.0014941954452,0.22861411986986288,5.8000248929946725,0.16571499694270492,35,0.22861411986986302,0.11430705993493151,0.22861411986986302,0.25401568874429226,0.22861411986986302,0.11430705993493151,0.22861411986986302,0.3386875849923897,0.22861411986986302,0.16934379249619486,0.22861411986986302,0.1185406547473364,0.22861411986986302,0.1185406547473364,0.22861411986986302,0.13547503399695585,0.22861411986986302,0.1185406547473364,0.22861411986986302,0.1862781717458143,0.22861411986986302,0.22014693024505327,0.22861411986986302,0.3048188264931507,0.22861411986986302,0.13547503399695585,0.22861411986986302,0.11430705993493151,0.22861411986986302,0.1185406547473364,0.22861411986986302,0.11430705993493151,0.22861411986986302,0.1862781717458143,0.22861411986986302,0.1185406547473364,0.22861411986986302,0.1185406547473364,0.22861411986986302,0.1185406547473364,0.22861411986986302,0.13547503399695585,0.22861411986986302,0.11430705993493151,0.22861411986986302,0.1185406547473364,0.22861411986986302,0.13547503399695585,0.22861411986986302,0.11430705993493151,0.22861411986986302,0.11430705993493151,0.22861411986986302,0.11430705993493151,0.22861411986986302,0.11430705993493151,0.22861411986986302,0.22014693024505327,0.22861411986986302,0.3048188264931507,0.22861411986986302,0.22014693024505327,0.22861411986986302,0.11430705993493151,0.22861411986986302,0.3386875849923897,0.22861411986986302,0.16934379249619486,0.22861411986986302,0.25401568874429226
