full_name,gw,total_points,position,team,opponent_team,was_home,team_strength_attack,team_strength_defence,team_strength_overall,opponent_strength_attack,opponent_strength_defence,opponent_strength_overall,xP,assists,bonus,bps,clean_sheets,creativity,expected_assists,expected_goal_involvements,expected_goals,expected_goals_conceded,goals_conceded,goals_scored,ict_index,influence,minutes,own_goals,penalties_missed,penalties_saved,red_cards,saves,starts,threat,ewma_total_points,transfers_balance,transfers_in,transfers_out,value,yellow_cards,opponent_team_name,ewma_team_goals,ewma_team_points,team_name_nw_opponent,team_nw_opponent,ewma_team_goals_nw_opponent,ewma_team_points_nw_opponent,predicted_points,owner,fixture_diff_index,predicted_points_adj
aaron_anselmino,1,0,DEF,Chelsea,10,0,0,0,4,0,0,2,1.7,0.0,0.0,0.0,0.0,0.0,0.0,0.0,0.0,0.0,0.0,0.0,0.0,0.0,0.0,0.0,0.0,0.0,0.0,0.0,0.0,0.0,0.0,0.0,0.0,0.0,45.0,0.0,Fulham,3.0,3.0,Leeds,Leeds,1.0,3.0,0.5907786032583205,,0.8609062485052533,0.5086049910282942
aaron_hickey,1,1,DEF,Brentford,19,1,0,0,3,0,0,3,1.7,0.0,0.0,2.0,0.0,0.3,0.0,0.0,0.0,0.1,0.0,0.0,0.0,0.0,14.0,0.0,0.0,0.0,0.0,0.0,0.0,0.0,1.0,0.0,0.0,0.0,45.0,0.0,Spurs,3.0,3.0,Everton,Everton,2.0,3.0,1.5767379742587746,,2.0,3.153475948517549
abdoul_ouattara,1,1,DEF,Ipswich Town,20,1,0,0,2,0,0,3,1.0,0.0,0.0,4.0,0.0,10.0,0.0,0.0,0.0,0.03,0.0,0.0,1.5,5.2,10.0,0.0,0.0,0.0,0.0,0.0,0.0,0.0,1.0,0.0,0.0,0.0,40.0,0.0,Sunderland,2.0,3.0,Spurs,Spurs,0.0,0.0,0.9470011585946718,,2.0,1.8940023171893436
abdukodir_khusanov,1,2,DEF,Man City,3,1,0,0,4,0,0,3,2.5,0.0,0.0,14.0,0.0,3.4,0.02,0.02,0.0,0.65,1.0,0.0,2.0,17.0,90.0,0.0,0.0,0.0,0.0,0.0,1.0,0.0,2.0,0.0,0.0,0.0,55.0,0.0,Bournemouth,2.0,3.0,Fulham,Fulham,2.0,0.0,3.3389801189339288,14972.0,1.3616133660312049,4.546399958852899
abdul_fatawu,1,2,MID,Ipswich Town,20,1,0,0,2,0,0,3,2.0,0.0,0.0,22.0,0.0,28.4,0.41,0.41,0.0,0.63,1.0,0.0,5.5,18.6,65.0,0.0,0.0,0.0,0.0,0.0,1.0,8.0,2.0,0.0,0.0,0.0,55.0,0.0,Sunderland,2.0,3.0,Spurs,Spurs,0.0,0.0,2.414171937370041,,1.8846191761647035,4.549794727726273
abdulkadir_omur,1,0,MID,Hull City,16,1,0,0,2,0,0,4,1.5,0.0,0.0,0.0,0.0,0.0,0.0,0.0,0.0,0.0,0.0,0.0,0.0,0.0,0.0,0.0,0.0,0.0,0.0,0.0,0.0,0.0,0.0,0.0,0.0,0.0,50.0,0.0,Man Utd,2.0,3.0,Brighton,Brighton,4.0,3.0,0.45770869308820705,,0.5,0.22885434654410353
abu_kamara,1,0,MID,Hull City,16,1,0,0,2,0,0,4,0.0,0.0,0.0,0.0,0.0,0.0,0.0,0.0,0.0,0.0,0.0,0.0,0.0,0.0,0.0,0.0,0.0,0.0,0.0,0.0,0.0,0.0,0.0,0.0,0.0,0.0,50.0,0.0,Man Utd,2.0,3.0,Brighton,Brighton,4.0,3.0,0.3160327108775922,,0.5,0.1580163554387961
adam_aznou,1,0,DEF,Everton,8,1,0,0,3,0,0,3,1.0,0.0,0.0,0.0,0.0,0.0,0.0,0.0,0.0,0.0,0.0,0.0,0.0,0.0,0.0,0.0,0.0,0.0,0.0,0.0,0.0,0.0,0.0,0.0,0.0,0.0,40.0,0.0,Crystal Palace,2.0,3.0,Brentford,Brentford,3.0,3.0,0.4383131939413938,,2.0,0.8766263878827876
adam_smith,1,1,DEF,Bournemouth,15,0,0,0,3,0,0,4,1.7,0.0,0.0,4.0,0.0,0.6,0.0,0.0,0.0,2.25,2.0,0.0,0.8,7.0,90.0,0.0,0.0,0.0,0.0,0.0,1.0,0.0,1.0,0.0,0.0,0.0,45.0,0.0,Man City,1.0,0.0,Nott'm Forest,Nott'm Forest,0.0,0.0,1.833519497364326,,1.3197740027239773,2.4198313661089714
adam_wharton,1,4,MID,Crystal Palace,9,0,0,0,3,0,0,3,2.0,0.0,0.0,20.0,0.0,30.9,0.24,0.24,0.0,1.12,2.0,0.0,4.8,16.8,90.0,0.0,0.0,0.0,0.0,0.0,1.0,0.0,4.0,0.0,0.0,0.0,55.0,0.0,Everton,0.0,0.0,Coventry City,Coventry City,0.0,0.0,4.11646056356321,,1.0089732419121291,4.153398560021802
adrien_truffert,1,1,DEF,Bournemouth,15,0,0,0,3,0,0,4,2.5,0.0,0.0,0.0,0.0,1.3,0.0,0.0,0.0,2.25,2.0,0.0,1.7,15.4,90.0,0.0,0.0,0.0,0.0,0.0,1.0,0.0,1.0,0.0,0.0,0.0,55.0,0.0,Man City,1.0,0.0,Nott'm Forest,Nott'm Forest,0.0,0.0,2.374047366022996,61014.0,1.3197740027239773,3.1332059949124846
aladji_bamba,1,1,MID,Newcastle,14,1,0,0,2,0,0,4,1.5,0.0,0.0,5.0,0.0,0.0,0.0,0.0,0.0,1.04,1.0,0.0,0.4,4.0,14.0,0.0,0.0,0.0,0.0,0.0,0.0,0.0,1.0,0.0,0.0,0.0,50.0,0.0,Liverpool,2.0,1.0,Arsenal,Arsenal,3.0,3.0,1.2738758253241345,,0.5142177086722499,0.6550495080311477
alejandro_garnacho_ferreyra,1,1,MID,Aston Villa,5,0,0,0,4,0,0,2,2.2,0.0,0.0,2.0,0.0,0.0,0.0,0.0,0.0,0.14,0.0,0.0,0.0,0.0,4.0,0.0,0.0,0.0,0.0,0.0,0.0,0.0,1.0,0.0,0.0,0.0,60.0,0.0,Brighton,0.0,0.0,Sunderland,Sunderland,1.0,0.0,1.3591167166393874,,0.5,0.6795583583196937
alex_iwobi,1,2,MID,Fulham,6,1,0,0,2,0,0,4,2.0,0.0,0.0,17.0,0.0,11.3,0.04,0.04,0.0,2.24,3.0,0.0,2.4,12.4,90.0,0.0,0.0,0.0,0.0,0.0,1.0,0.0,2.0,0.0,0.0,0.0,55.0,0.0,Chelsea,2.0,0.0,Man City,Man City,2.0,3.0,2.629336810752382,,0.7011697849587407,1.8436115261793489
alex_murphy,1,0,DEF,Newcastle,14,1,0,0,2,0,0,4,0.0,0.0,0.0,0.0,0.0,0.0,0.0,0.0,0.0,0.0,0.0,0.0,0.0,0.0,0.0,0.0,0.0,0.0,0.0,0.0,0.0,0.0,0.0,0.0,0.0,0.0,40.0,0.0,Liverpool,2.0,1.0,Arsenal,Arsenal,3.0,3.0,0.2689829313094727,,0.5714723411707556,0.15371630549039692
alex_palmer,1,0,GK,Ipswich Town,20,1,0,0,2,0,0,3,1.0,0.0,0.0,0.0,0.0,0.0,0.0,0.0,0.0,0.0,0.0,0.0,0.0,0.0,0.0,0.0,0.0,0.0,0.0,0.0,0.0,0.0,0.0,0.0,0.0,0.0,40.0,0.0,Sunderland,2.0,3.0,Spurs,Spurs,0.0,0.0,-0.012962135363476568,,2.0,-0.025924270726953136
alex_scott,1,2,MID,Bournemouth,15,0,0,0,3,0,0,4,2.2,0.0,0.0,17.0,0.0,4.8,0.01,0.01,0.0,2.25,2.0,0.0,1.6,11.4,90.0,0.0,0.0,0.0,0.0,0.0,1.0,0.0,2.0,0.0,0.0,0.0,60.0,0.0,Man City,1.0,0.0,Nott'm Forest,Nott'm Forest,0.0,0.0,2.656980708169238,14973.0,1.2880509687543085,3.422326575118895
alex_toth,1,1,MID,Bournemouth,15,0,0,0,3,0,0,4,1.5,0.0,0.0,5.0,0.0,0.6,0.0,0.0,0.0,0.31,2.0,0.0,0.3,2.8,15.0,0.0,0.0,0.0,0.0,0.0,0.0,0.0,1.0,0.0,0.0,0.0,50.0,0.0,Man City,1.0,0.0,Nott'm Forest,Nott'm Forest,0.0,0.0,1.2699061629095785,,1.2880509687543085,1.6357038633627492
alexander_isak,1,2,FWD,Liverpool,17,0,0,0,4,0,0,2,2.7,0.0,0.0,6.0,0.0,14.6,0.01,1.1,1.09,1.58,2.0,0.0,9.2,11.4,90.0,0.0,0.0,0.0,0.0,0.0,1.0,66.0,2.0,0.0,0.0,0.0,90.0,0.0,Newcastle,2.0,1.0,Man Utd,Man Utd,0.0,0.0,4.170824010386619,14973.0,0.6530864197530863,2.7239085203636066
alexis_mac_allister,1,1,MID,Liverpool,17,0,0,0,4,0,0,2,2.0,0.0,0.0,9.0,0.0,1.4,0.01,0.01,0.0,1.07,0.0,0.0,0.7,5.8,27.0,0.0,0.0,0.0,0.0,0.0,0.0,0.0,1.0,0.0,0.0,0.0,55.0,0.0,Newcastle,2.0,1.0,Man Utd,Man Utd,0.0,0.0,1.781134417359652,,1.0548410285986136,1.8788136608800476
alfie_cresswell,1,0,MID,Leeds,18,0,0,0,3,0,0,3,1.0,0.0,0.0,0.0,0.0,0.0,0.0,0.0,0.0,0.0,0.0,0.0,0.0,0.0,0.0,0.0,0.0,0.0,0.0,0.0,0.0,0.0,0.0,0.0,0.0,0.0,45.0,0.0,Nott'm Forest,1.0,3.0,Chelsea,Chelsea,3.0,3.0,0.2792932766121521,,0.9918904123390104,0.27702832330234084
alfie_mcnally,1,0,GK,Fulham,6,1,0,0,2,0,0,4,1.0,0.0,0.0,0.0,0.0,0.0,0.0,0.0,0.0,0.0,0.0,0.0,0.0,0.0,0.0,0.0,0.0,0.0,0.0,0.0,0.0,0.0,0.0,0.0,0.0,0.0,40.0,0.0,Chelsea,2.0,0.0,Man City,Man City,2.0,3.0,0.270348573406227,,1.0,0.270348573406227
ali_al_hamadi,1,0,FWD,Ipswich Town,20,1,0,0,2,0,0,3,1.4,0.0,0.0,0.0,0.0,0.0,0.0,0.0,0.0,0.0,0.0,0.0,0.0,0.0,0.0,0.0,0.0,0.0,0.0,0.0,0.0,0.0,0.0,0.0,0.0,0.0,50.0,0.0,Sunderland,2.0,3.0,Spurs,Spurs,0.0,0.0,0.2331433489429462,,0.6604244694132333,0.15397357252286956
alisson_becker,1,2,GK,Liverpool,17,0,0,0,4,0,0,2,3.3,0.0,0.0,7.0,0.0,0.0,0.0,0.0,0.0,1.58,2.0,0.0,1.8,17.8,90.0,0.0,0.0,0.0,0.0,3.0,1.0,0.0,2.0,0.0,0.0,0.0,55.0,0.0,Newcastle,2.0,1.0,Man Utd,Man Utd,0.0,0.0,2.865372115064357,15210.0,2.0,5.730744230128714
altay_bayindir,1,0,GK,Man Utd,11,0,0,0,4,0,0,2,0.0,0.0,0.0,0.0,0.0,0.0,0.0,0.0,0.0,0.0,0.0,0.0,0.0,0.0,0.0,0.0,0.0,0.0,0.0,0.0,0.0,0.0,0.0,0.0,0.0,0.0,45.0,0.0,Hull City,0.0,0.0,Liverpool,Liverpool,2.0,1.0,0.05689452121754601,,0.5,0.028447260608773006
alvaro_rodriguez,1,0,FWD,Bournemouth,15,0,0,0,3,0,0,4,1.5,0.0,0.0,0.0,0.0,0.0,0.0,0.0,0.0,0.0,0.0,0.0,0.0,0.0,0.0,0.0,0.0,0.0,0.0,0.0,0.0,0.0,0.0,0.0,0.0,0.0,60.0,0.0,Man City,1.0,0.0,Nott'm Forest,Nott'm Forest,0.0,0.0,0.43668449843861357,50210.0,0.5,0.21834224921930678
alysson_edward_franco_da_rocha_dos_santos,1,1,MID,Aston Villa,5,0,0,0,4,0,0,2,1.5,0.0,0.0,5.0,0.0,0.0,0.0,0.0,0.0,0.14,0.0,0.0,0.4,4.0,8.0,0.0,0.0,0.0,0.0,0.0,0.0,0.0,1.0,0.0,0.0,0.0,50.0,0.0,Brighton,0.0,0.0,Sunderland,Sunderland,1.0,0.0,1.1163764934831597,,0.5,0.5581882467415799
amad_diallo,1,0,MID,Man Utd,11,0,0,0,4,0,0,2,2.2,0.0,0.0,0.0,0.0,0.0,0.0,0.0,0.0,0.0,0.0,0.0,0.0,0.0,0.0,0.0,0.0,0.0,0.0,0.0,0.0,0.0,0.0,0.0,0.0,0.0,60.0,0.0,Hull City,0.0,0.0,Liverpool,Liverpool,2.0,1.0,0.7329729619067729,,0.5,0.36648648095338643
amadou_onana,1,0,MID,Aston Villa,5,0,0,0,4,0,0,2,0.0,0.0,0.0,0.0,0.0,0.0,0.0,0.0,0.0,0.0,0.0,0.0,0.0,0.0,0.0,0.0,0.0,0.0,0.0,0.0,0.0,0.0,0.0,0.0,0.0,0.0,50.0,0.0,Brighton,0.0,0.0,Sunderland,Sunderland,1.0,0.0,0.2505597719653365,,0.5,0.12527988598266826
amar_dedic,1,1,DEF,Newcastle,14,1,0,0,2,0,0,4,1.7,0.0,0.0,-1.0,0.0,1.2,0.0,0.03,0.03,2.98,2.0,0.0,2.3,16.4,90.0,0.0,0.0,0.0,0.0,0.0,1.0,5.0,1.0,0.0,0.0,0.0,45.0,0.0,Liverpool,2.0,1.0,Arsenal,Arsenal,3.0,3.0,2.0135174236602476,,0.5714723411707556,1.1506695160872298
amine_adli,1,0,MID,Bournemouth,15,0,0,0,3,0,0,4,0.0,0.0,0.0,0.0,0.0,0.0,0.0,0.0,0.0,0.0,0.0,0.0,0.0,0.0,0.0,0.0,0.0,0.0,0.0,0.0,0.0,0.0,0.0,0.0,0.0,0.0,50.0,0.0,Man City,1.0,0.0,Nott'm Forest,Nott'm Forest,0.0,0.0,0.199263825325392,,1.2880509687543085,0.25666196324806045
anan_khalaili,1,1,DEF,Crystal Palace,9,0,0,0,3,0,0,3,2.2,0.0,0.0,12.0,0.0,26.5,0.16,0.16,0.0,0.27,0.0,0.0,5.5,24.0,35.0,0.0,0.0,0.0,0.0,0.0,0.0,4.0,1.0,0.0,0.0,0.0,50.0,0.0,Everton,0.0,0.0,Coventry City,Coventry City,0.0,0.0,2.2750048091841686,,1.7871465150029202,4.0657669163483705
andres_garcia,1,0,DEF,Aston Villa,5,0,0,0,4,0,0,2,1.0,0.0,0.0,0.0,0.0,0.0,0.0,0.0,0.0,0.0,0.0,0.0,0.0,0.0,0.0,0.0,0.0,0.0,0.0,0.0,0.0,0.0,0.0,0.0,0.0,0.0,40.0,0.0,Brighton,0.0,0.0,Sunderland,Sunderland,1.0,0.0,0.1509621141123476,,0.5,0.0754810570561738
andrew_robertson,1,3,DEF,Spurs,4,0,0,0,3,0,0,3,1.7,0.0,0.0,13.0,0.0,19.2,0.06,0.06,0.0,3.87,3.0,0.0,5.3,31.8,90.0,0.0,0.0,0.0,0.0,0.0,1.0,2.0,3.0,0.0,0.0,0.0,45.0,0.0,Brentford,0.0,0.0,Ipswich Town,Ipswich Town,2.0,3.0,2.4259398772734677,,0.5,1.2129699386367339
andrey_nascimento_dos_santos,1,2,MID,Man Utd,11,0,0,0,4,0,0,2,1.5,0.0,0.0,17.0,0.0,4.2,0.23,0.23,0.0,0.94,2.0,0.0,1.8,11.4,66.0,0.0,0.0,0.0,0.0,0.0,1.0,2.0,2.0,0.0,0.0,0.0,50.0,0.0,Hull City,0.0,0.0,Liverpool,Liverpool,2.0,1.0,1.9814322433681717,,0.5,0.9907161216840858
anis_mehmeti,1,0,MID,Ipswich Town,20,1,0,0,2,0,0,3,1.5,0.0,0.0,0.0,0.0,0.0,0.0,0.0,0.0,0.0,0.0,0.0,0.0,0.0,0.0,0.0,0.0,0.0,0.0,0.0,0.0,0.0,0.0,0.0,0.0,0.0,50.0,0.0,Sunderland,2.0,3.0,Spurs,Spurs,0.0,0.0,0.3242989531225442,,1.8846191761647035,0.6111800258648851
anthony_elanga,1,9,MID,Newcastle,14,1,0,0,2,0,0,4,2.2,0.0,2.0,31.0,0.0,3.5,0.01,0.23,0.22,1.94,1.0,1.0,6.9,37.4,75.0,0.0,0.0,0.0,0.0,0.0,1.0,28.0,9.0,0.0,0.0,0.0,60.0,0.0,Liverpool,2.0,1.0,Arsenal,Arsenal,3.0,3.0,2.7456490299996332,,0.5142177086722499,1.411861353024597
anthony_patterson,1,0,GK,Sunderland,12,0,0,0,3,0,0,2,0.0,0.0,0.0,0.0,0.0,0.0,0.0,0.0,0.0,0.0,0.0,0.0,0.0,0.0,0.0,0.0,0.0,0.0,0.0,0.0,0.0,0.0,0.0,0.0,0.0,0.0,40.0,0.0,Ipswich Town,1.0,0.0,Aston Villa,Aston Villa,0.0,0.0,-0.3955251606832524,,1.5,-0.5932877410248786
antoine_semenyo,1,2,MID,Man City,3,1,0,0,4,0,0,3,2.9,0.0,0.0,16.0,0.0,8.9,0.02,0.08,0.06,0.65,1.0,0.0,4.6,5.8,90.0,0.0,0.0,0.0,0.0,0.0,1.0,31.0,2.0,0.0,0.0,0.0,85.0,0.0,Bournemouth,2.0,3.0,Fulham,Fulham,2.0,0.0,4.21281806808835,14970.0,1.625283687110916,6.847024482830118
anton_stach,1,13,MID,Leeds,18,0,0,0,3,0,0,3,2.2,0.0,3.0,37.0,1.0,2.3,0.05,0.15,0.1,0.66,0.0,1.0,6.6,47.8,90.0,0.0,0.0,0.0,0.0,0.0,1.0,16.0,13.0,0.0,0.0,0.0,60.0,0.0,Nott'm Forest,1.0,3.0,Chelsea,Chelsea,3.0,3.0,4.090876996244584,50210.0,0.9918904123390104,4.057701670633213
antonee_robinson,1,1,DEF,Fulham,6,1,0,0,2,0,0,4,1.7,0.0,0.0,4.0,0.0,25.2,0.04,0.17,0.13,2.21,3.0,0.0,5.0,21.6,81.0,0.0,0.0,0.0,0.0,0.0,1.0,3.0,1.0,0.0,0.0,0.0,45.0,0.0,Chelsea,2.0,0.0,Man City,Man City,2.0,3.0,1.8584787333016486,50210.0,0.5,0.9292393666508243
antoni_milambo,1,0,MID,Brentford,19,1,0,0,3,0,0,3,0.0,0.0,0.0,0.0,0.0,0.0,0.0,0.0,0.0,0.0,0.0,0.0,0.0,0.0,0.0,0.0,0.0,0.0,0.0,0.0,0.0,0.0,0.0,0.0,0.0,0.0,50.0,0.0,Spurs,3.0,3.0,Everton,Everton,2.0,3.0,0.23362440222666092,,1.1173235652211289,0.2610340500185478
antonin_kinsky,1,2,GK,Spurs,4,0,0,0,3,0,0,3,1.9,0.0,0.0,15.0,0.0,0.0,0.0,0.0,0.0,3.87,3.0,0.0,4.4,43.6,90.0,0.0,0.0,0.0,0.0,5.0,1.0,0.0,2.0,0.0,0.0,0.0,45.0,0.0,Brentford,0.0,0.0,Ipswich Town,Ipswich Town,2.0,3.0,1.8041496292666586,61014.0,0.5,0.9020748146333293
antonio_joao_pereira_de_albuquerque_tavares_da_silva,1,2,DEF,Bournemouth,15,0,0,0,3,0,0,4,2.2,0.0,0.0,5.0,0.0,0.3,0.0,0.0,0.0,2.25,2.0,0.0,3.2,31.4,90.0,0.0,0.0,0.0,0.0,0.0,1.0,0.0,2.0,0.0,0.0,0.0,50.0,1.0,Man City,1.0,0.0,Nott'm Forest,Nott'm Forest,0.0,0.0,2.973524285326168,,1.3197740027239773,3.9243800482418703
archie_gray,1,2,MID,Spurs,4,0,0,0,3,0,0,3,1.5,0.0,0.0,15.0,0.0,3.3,0.01,0.01,0.0,3.43,3.0,0.0,1.0,6.2,85.0,0.0,0.0,0.0,0.0,0.0,1.0,0.0,2.0,0.0,0.0,0.0,50.0,0.0,Brentford,0.0,0.0,Ipswich Town,Ipswich Town,2.0,3.0,2.2292438824625664,,0.5,1.1146219412312832
armin_pecsi,1,0,GK,Liverpool,17,0,0,0,4,0,0,2,0.0,0.0,0.0,0.0,0.0,0.0,0.0,0.0,0.0,0.0,0.0,0.0,0.0,0.0,0.0,0.0,0.0,0.0,0.0,0.0,0.0,0.0,0.0,0.0,0.0,0.0,40.0,0.0,Newcastle,2.0,1.0,Man Utd,Man Utd,0.0,0.0,-0.23038719621282655,,2.0,-0.4607743924256531
arnaud_kalimuendo,1,1,FWD,Nott'm Forest,13,1,0,0,3,0,0,3,1.8,0.0,0.0,3.0,0.0,0.0,0.0,0.0,0.0,0.0,0.0,0.0,0.0,0.0,1.0,0.0,0.0,0.0,0.0,0.0,0.0,0.0,1.0,0.0,0.0,0.0,55.0,0.0,Leeds,0.0,0.0,Bournemouth,Bournemouth,1.0,0.0,1.0861424403727227,,0.5,0.5430712201863613
arthur_masuaku,1,0,DEF,Sunderland,12,0,0,0,3,0,0,2,0.0,0.0,0.0,0.0,0.0,0.0,0.0,0.0,0.0,0.0,0.0,0.0,0.0,0.0,0.0,0.0,0.0,0.0,0.0,0.0,0.0,0.0,0.0,0.0,0.0,0.0,40.0,0.0,Ipswich Town,1.0,0.0,Aston Villa,Aston Villa,0.0,0.0,-0.010422461137209016,,1.472970552427337,-0.015351978338927217
ashley_phillips,1,0,DEF,Spurs,4,0,0,0,3,0,0,3,0.0,0.0,0.0,0.0,0.0,0.0,0.0,0.0,0.0,0.0,0.0,0.0,0.0,0.0,0.0,0.0,0.0,0.0,0.0,0.0,0.0,0.0,0.0,0.0,0.0,0.0,45.0,0.0,Brentford,0.0,0.0,Ipswich Town,Ipswich Town,2.0,3.0,0.31479533854731856,,0.5,0.15739766927365928
aurele_amenda,1,1,DEF,Coventry City,1,0,0,0,2,0,0,4,1.0,0.0,0.0,1.0,0.0,0.8,0.01,0.01,0.0,1.88,3.0,0.0,3.0,28.8,90.0,0.0,0.0,0.0,0.0,0.0,1.0,0.0,1.0,0.0,0.0,0.0,40.0,0.0,Arsenal,0.0,0.0,Crystal Palace,Crystal Palace,0.0,0.0,2.025777371844922,,1.2503122131069258,2.5328541890533565
axel_disasi,1,0,DEF,Chelsea,10,0,0,0,4,0,0,2,1.7,0.0,0.0,0.0,0.0,0.0,0.0,0.0,0.0,0.0,0.0,0.0,0.0,0.0,0.0,0.0,0.0,0.0,0.0,0.0,0.0,0.0,0.0,0.0,0.0,0.0,45.0,0.0,Fulham,3.0,3.0,Leeds,Leeds,1.0,3.0,0.5907786032583205,,0.8609062485052533,0.5086049910282942
ayden_heaven,1,1,DEF,Man Utd,11,0,0,0,4,0,0,2,1.7,0.0,0.0,5.0,0.0,2.6,0.04,0.16,0.12,1.01,2.0,0.0,2.0,6.8,90.0,0.0,0.0,0.0,0.0,0.0,1.0,11.0,1.0,0.0,0.0,0.0,45.0,0.0,Hull City,0.0,0.0,Liverpool,Liverpool,2.0,1.0,2.738265174053136,,0.5,1.369132587026568
azor_matusiwa,1,0,MID,Ipswich Town,20,1,0,0,2,0,0,3,0.0,0.0,0.0,0.0,0.0,0.0,0.0,0.0,0.0,0.0,0.0,0.0,0.0,0.0,0.0,0.0,0.0,0.0,0.0,0.0,0.0,0.0,0.0,0.0,0.0,0.0,50.0,0.0,Sunderland,2.0,3.0,Spurs,Spurs,0.0,0.0,0.18262297091192936,,1.8846191761647035,0.3441747529887909
bafode_diakite,1,0,DEF,Bournemouth,15,0,0,0,3,0,0,4,2.2,0.0,0.0,0.0,0.0,0.0,0.0,0.0,0.0,0.0,0.0,0.0,0.0,0.0,0.0,0.0,0.0,0.0,0.0,0.0,0.0,0.0,0.0,0.0,0.0,0.0,50.0,0.0,Man City,1.0,0.0,Nott'm Forest,Nott'm Forest,0.0,0.0,0.6029326160240962,,1.3197740027239773,0.7957347920229603
bart_verbruggen,1,6,GK,Brighton,2,1,0,0,2,0,0,4,1.9,0.0,0.0,25.0,1.0,0.0,0.0,0.0,0.0,0.29,0.0,0.0,0.7,6.6,90.0,0.0,0.0,0.0,0.0,0.0,1.0,0.0,6.0,0.0,0.0,0.0,45.0,0.0,Aston Villa,4.0,3.0,Hull City,Hull City,2.0,3.0,3.85469207541711,61014.0,1.5,5.782038113125665
bazoumana_toure,1,0,MID,Newcastle,14,1,0,0,2,0,0,4,2.2,0.0,0.0,0.0,0.0,0.0,0.0,0.0,0.0,0.0,0.0,0.0,0.0,0.0,0.0,0.0,0.0,0.0,0.0,0.0,0.0,0.0,0.0,0.0,0.0,0.0,60.0,0.0,Liverpool,2.0,1.0,Arsenal,Arsenal,3.0,3.0,0.7308725926794865,,0.5142177086722499,0.37582762993899216
ben_davies,1,0,DEF,Spurs,4,0,0,0,3,0,0,3,1.0,0.0,0.0,0.0,0.0,0.0,0.0,0.0,0.0,0.0,0.0,0.0,0.0,0.0,0.0,0.0,0.0,0.0,0.0,0.0,0.0,0.0,0.0,0.0,0.0,0.0,40.0,0.0,Brentford,0.0,0.0,Ipswich Town,Ipswich Town,2.0,3.0,0.256531805833768,,0.5,0.128265902916884
ben_gannon_doak,1,1,MID,Bournemouth,15,0,0,0,3,0,0,4,1.5,0.0,0.0,3.0,0.0,0.1,0.0,0.0,0.0,0.19,1.0,0.0,0.2,0.2,1.0,0.0,0.0,0.0,0.0,0.0,0.0,2.0,1.0,0.0,0.0,0.0,50.0,0.0,Man City,1.0,0.0,Nott'm Forest,Nott'm Forest,0.0,0.0,0.8803136073655482,,1.2880509687543085,1.1338887947747942
ben_johnson,1,0,DEF,Ipswich Town,20,1,0,0,2,0,0,3,1.0,0.0,0.0,0.0,0.0,0.0,0.0,0.0,0.0,0.0,0.0,0.0,0.0,0.0,0.0,0.0,0.0,0.0,0.0,0.0,0.0,0.0,0.0,0.0,0.0,0.0,40.0,0.0,Sunderland,2.0,3.0,Spurs,Spurs,0.0,0.0,0.2051375336961483,,2.0,0.4102750673922966
ben_wilson,1,0,GK,Coventry City,1,0,0,0,2,0,0,4,1.9,0.0,0.0,0.0,0.0,0.0,0.0,0.0,0.0,0.0,0.0,0.0,0.0,0.0,0.0,0.0,0.0,0.0,0.0,0.0,0.0,0.0,0.0,0.0,0.0,0.0,45.0,0.0,Arsenal,0.0,0.0,Crystal Palace,Crystal Palace,0.0,0.0,-0.31803130307371386,,1.75,-0.5565547803789992
bendito_mantato,1,0,MID,Man Utd,11,0,0,0,4,0,0,2,1.0,0.0,0.0,0.0,0.0,0.0,0.0,0.0,0.0,0.0,0.0,0.0,0.0,0.0,0.0,0.0,0.0,0.0,0.0,0.0,0.0,0.0,0.0,0.0,0.0,0.0,45.0,0.0,Hull City,0.0,0.0,Liverpool,Liverpool,2.0,1.0,0.25884824106681714,,0.5,0.12942412053340857
benjamin_lecomte,1,0,GK,Fulham,6,1,0,0,2,0,0,4,1.0,0.0,0.0,0.0,0.0,0.0,0.0,0.0,0.0,0.0,0.0,0.0,0.0,0.0,0.0,0.0,0.0,0.0,0.0,0.0,0.0,0.0,0.0,0.0,0.0,0.0,40.0,0.0,Chelsea,2.0,0.0,Man City,Man City,2.0,3.0,0.270348573406227,,1.0,0.270348573406227
benjamin_sesko,1,1,FWD,Man Utd,11,0,0,0,4,0,0,2,1.7,0.0,0.0,2.0,0.0,0.5,0.0,0.04,0.04,0.07,0.0,0.0,0.9,0.0,23.0,0.0,0.0,0.0,0.0,0.0,0.0,9.0,1.0,0.0,0.0,0.0,70.0,0.0,Hull City,0.0,0.0,Liverpool,Liverpool,2.0,1.0,2.4189528794873882,50210.0,1.2689655172413792,3.069567791901237
benjamin_white,1,11,DEF,Arsenal,7,1,0,0,4,0,0,2,2.5,1.0,2.0,37.0,1.0,26.8,0.21,0.39,0.18,0.2,0.0,0.0,7.3,33.2,90.0,0.0,0.0,0.0,0.0,0.0,1.0,13.0,11.0,0.0,0.0,0.0,55.0,0.0,Coventry City,3.0,3.0,Newcastle,Newcastle,2.0,1.0,3.8639894597758624,14971.0,1.117588837376478,4.318351487985871
benoit_badiashile_mukinayi,1,0,DEF,Chelsea,10,0,0,0,4,0,0,2,1.7,0.0,0.0,0.0,0.0,0.0,0.0,0.0,0.0,0.0,0.0,0.0,0.0,0.0,0.0,0.0,0.0,0.0,0.0,0.0,0.0,0.0,0.0,0.0,0.0,0.0,45.0,0.0,Fulham,3.0,3.0,Leeds,Leeds,1.0,3.0,0.5907786032583205,,0.8609062485052533,0.5086049910282942
bernd_leno,1,2,GK,Fulham,6,1,0,0,2,0,0,4,1.9,0.0,0.0,11.0,0.0,0.0,0.0,0.0,0.0,2.24,3.0,0.0,3.0,29.6,90.0,0.0,0.0,0.0,0.0,3.0,1.0,0.0,2.0,0.0,0.0,0.0,45.0,0.0,Chelsea,2.0,0.0,Man City,Man City,2.0,3.0,2.5144007024618773,14973.0,1.0,2.5144007024618773
bobby_thomas,1,3,DEF,Coventry City,1,0,0,0,2,0,0,4,1.0,0.0,0.0,11.0,0.0,11.2,0.01,0.03,0.02,1.88,3.0,0.0,3.5,23.2,90.0,0.0,0.0,0.0,0.0,0.0,1.0,1.0,3.0,0.0,0.0,0.0,40.0,0.0,Arsenal,0.0,0.0,Crystal Palace,Crystal Palace,0.0,0.0,2.787499555146134,,1.2503122131069258,3.485244737829334
borna_sosa,1,0,DEF,Crystal Palace,9,0,0,0,3,0,0,3,1.7,0.0,0.0,0.0,0.0,0.0,0.0,0.0,0.0,0.0,0.0,0.0,0.0,0.0,0.0,0.0,0.0,0.0,0.0,0.0,0.0,0.0,0.0,0.0,0.0,0.0,45.0,0.0,Everton,0.0,0.0,Coventry City,Coventry City,0.0,0.0,0.3465197149325916,,1.7871465150029202,0.6192815009215864
boubacar_kamara,1,2,MID,Aston Villa,5,0,0,0,4,0,0,2,1.5,0.0,0.0,9.0,0.0,2.8,0.0,0.0,0.0,3.77,4.0,0.0,1.4,11.2,90.0,0.0,0.0,0.0,0.0,0.0,1.0,0.0,2.0,0.0,0.0,0.0,50.0,0.0,Brighton,0.0,0.0,Sunderland,Sunderland,1.0,0.0,2.3196064356203427,,0.5,1.1598032178101714
bradley_burrowes,1,0,MID,Aston Villa,5,0,0,0,4,0,0,2,1.0,0.0,0.0,0.0,0.0,0.0,0.0,0.0,0.0,0.0,0.0,0.0,0.0,0.0,0.0,0.0,0.0,0.0,0.0,0.0,0.0,0.0,0.0,0.0,0.0,0.0,45.0,0.0,Brighton,0.0,0.0,Sunderland,Sunderland,1.0,0.0,0.2247491150819252,,0.5,0.1123745575409626
brandon_austin,1,0,GK,Spurs,4,0,0,0,3,0,0,3,1.0,0.0,0.0,0.0,0.0,0.0,0.0,0.0,0.0,0.0,0.0,0.0,0.0,0.0,0.0,0.0,0.0,0.0,0.0,0.0,0.0,0.0,0.0,0.0,0.0,0.0,40.0,0.0,Brentford,0.0,0.0,Ipswich Town,Ipswich Town,2.0,3.0,0.16350264261379932,,0.5,0.08175132130689966
brandon_thomas_asante,1,2,FWD,Coventry City,1,0,0,0,2,0,0,4,1.4,0.0,0.0,9.0,0.0,1.1,0.02,0.02,0.0,1.6,3.0,0.0,0.6,4.6,69.0,0.0,0.0,0.0,0.0,0.0,1.0,0.0,2.0,0.0,0.0,0.0,50.0,0.0,Arsenal,0.0,0.0,Crystal Palace,Crystal Palace,0.0,0.0,2.2013430125297484,,1.6928601905845535,3.726565951733085
brenden_aaronson,1,3,MID,Leeds,18,0,0,0,3,0,0,3,2.0,0.0,0.0,16.0,1.0,1.1,0.01,0.02,0.01,0.58,0.0,0.0,1.6,8.0,81.0,0.0,0.0,0.0,0.0,0.0,1.0,7.0,3.0,0.0,0.0,0.0,55.0,0.0,Nott'm Forest,1.0,3.0,Chelsea,Chelsea,3.0,3.0,2.8359577757639753,,0.9918904123390104,2.8129593275785525
brennan_johnson,1,1,MID,Everton,8,1,0,0,3,0,0,3,2.2,0.0,0.0,3.0,0.0,0.3,0.0,0.0,0.0,0.29,0.0,0.0,0.4,4.0,6.0,0.0,0.0,0.0,0.0,0.0,0.0,0.0,1.0,0.0,0.0,0.0,60.0,0.0,Crystal Palace,2.0,3.0,Brentford,Brentford,3.0,3.0,1.3952548030793284,,0.5761082844092638,0.803817850915817
brian_brobbey,1,2,FWD,Sunderland,12,0,0,0,3,0,0,2,2.0,0.0,0.0,1.0,0.0,1.5,0.0,0.3,0.3,1.69,1.0,0.0,1.1,0.0,66.0,0.0,0.0,0.0,0.0,0.0,1.0,9.0,2.0,0.0,0.0,0.0,60.0,0.0,Ipswich Town,1.0,0.0,Aston Villa,Aston Villa,0.0,0.0,2.4957602629221425,14974.0,0.9223169314219293,2.301881947263138
brian_madjo,1,0,FWD,Aston Villa,5,0,0,0,4,0,0,2,0.0,0.0,0.0,0.0,0.0,0.0,0.0,0.0,0.0,0.0,0.0,0.0,0.0,0.0,0.0,0.0,0.0,0.0,0.0,0.0,0.0,0.0,0.0,0.0,0.0,0.0,55.0,0.0,Brighton,0.0,0.0,Sunderland,Sunderland,1.0,0.0,0.15646956261429779,61014.0,,
bruno_borges_fernandes,1,2,MID,Man Utd,11,0,0,0,4,0,0,2,4.0,0.0,0.0,18.0,0.0,55.4,0.26,0.34,0.08,1.01,2.0,0.0,9.3,20.2,90.0,0.0,0.0,0.0,0.0,0.0,1.0,17.0,2.0,0.0,0.0,0.0,120.0,0.0,Hull City,0.0,0.0,Liverpool,Liverpool,2.0,1.0,5.362794924161488,14969.0,0.5,2.681397462080744
bruno_guimaraes_rodriguez_moura,1,0,MID,Arsenal,7,1,0,0,4,0,0,2,1.8,0.0,0.0,0.0,0.0,0.0,0.0,0.0,0.0,0.0,0.0,0.0,0.0,0.0,0.0,0.0,0.0,0.0,0.0,0.0,0.0,0.0,0.0,0.0,0.0,0.0,70.0,0.0,Coventry City,3.0,3.0,Newcastle,Newcastle,2.0,1.0,0.8787072996935394,79641.0,2.0,1.757414599387079
bryan_mbeumo,1,2,MID,Man Utd,11,0,0,0,4,0,0,2,2.8,0.0,0.0,12.0,0.0,28.1,0.23,0.73,0.5,1.01,2.0,0.0,8.7,9.6,90.0,0.0,0.0,0.0,0.0,0.0,1.0,49.0,2.0,0.0,0.0,0.0,80.0,0.0,Hull City,0.0,0.0,Liverpool,Liverpool,2.0,1.0,4.963035802997611,79641.0,0.5,2.4815179014988056
bukayo_saka,1,9,MID,Arsenal,7,1,0,0,4,0,0,2,3.2,0.0,1.0,36.0,1.0,26.1,0.08,0.72,0.64,0.06,0.0,1.0,10.2,42.8,67.0,0.0,0.0,0.0,0.0,0.0,1.0,33.0,9.0,0.0,0.0,0.0,95.0,0.0,Coventry City,3.0,3.0,Newcastle,Newcastle,2.0,1.0,4.337728027378657,50210.0,2.0,8.675456054757314
caleb_yirenkyi,1,1,MID,Coventry City,1,0,0,0,2,0,0,4,1.5,0.0,0.0,2.0,0.0,3.1,0.0,0.0,0.0,1.56,3.0,0.0,0.0,0.0,61.0,0.0,0.0,0.0,0.0,0.0,1.0,0.0,1.0,0.0,0.0,0.0,50.0,1.0,Arsenal,0.0,0.0,Crystal Palace,Crystal Palace,0.0,0.0,1.3680593019217007,,0.6782227157728105,0.927848895087591
callum_hudson_odoi,1,0,MID,Nott'm Forest,13,1,0,0,3,0,0,3,2.2,0.0,0.0,0.0,0.0,0.0,0.0,0.0,0.0,0.0,0.0,0.0,0.0,0.0,0.0,0.0,0.0,0.0,0.0,0.0,0.0,0.0,0.0,0.0,0.0,0.0,60.0,0.0,Leeds,0.0,0.0,Bournemouth,Bournemouth,1.0,0.0,0.6988738359218808,,0.5855188667668813,0.40920381642200293
callum_olusesi,1,0,MID,Spurs,4,0,0,0,3,0,0,3,1.0,0.0,0.0,0.0,0.0,0.0,0.0,0.0,0.0,0.0,0.0,0.0,0.0,0.0,0.0,0.0,0.0,0.0,0.0,0.0,0.0,0.0,0.0,0.0,0.0,0.0,45.0,0.0,Brentford,0.0,0.0,Ipswich Town,Ipswich Town,2.0,3.0,0.26482176901462817,,0.5,0.13241088450731409
callum_wilson,1,1,FWD,Brentford,19,1,0,0,3,0,0,3,1.8,0.0,0.0,4.0,0.0,10.3,0.04,0.07,0.03,0.07,0.0,0.0,1.8,2.2,7.0,0.0,0.0,0.0,0.0,0.0,0.0,5.0,1.0,0.0,0.0,0.0,55.0,0.0,Spurs,3.0,3.0,Everton,Everton,2.0,3.0,1.6379441224860034,,0.5,0.8189720612430017
calvin_bassey,1,0,DEF,Fulham,6,1,0,0,2,0,0,4,1.7,0.0,0.0,1.0,0.0,3.8,0.02,0.04,0.02,2.24,3.0,0.0,2.0,13.8,90.0,0.0,0.0,0.0,0.0,0.0,1.0,2.0,0.0,0.0,0.0,0.0,45.0,1.0,Chelsea,2.0,0.0,Man City,Man City,2.0,3.0,2.3480348584760904,,0.5,1.1740174292380452
calvin_ramsay,1,0,DEF,Liverpool,17,0,0,0,4,0,0,2,1.0,0.0,0.0,0.0,0.0,0.0,0.0,0.0,0.0,0.0,0.0,0.0,0.0,0.0,0.0,0.0,0.0,0.0,0.0,0.0,0.0,0.0,0.0,0.0,0.0,0.0,40.0,0.0,Newcastle,2.0,1.0,Man Utd,Man Utd,0.0,0.0,0.15409965481046628,,1.4899357349188793,0.2295985824407777
cameron_humphreys,1,0,MID,Ipswich Town,20,1,0,0,2,0,0,3,1.0,0.0,0.0,0.0,0.0,0.0,0.0,0.0,0.0,0.0,0.0,0.0,0.0,0.0,0.0,0.0,0.0,0.0,0.0,0.0,0.0,0.0,0.0,0.0,0.0,0.0,45.0,0.0,Sunderland,2.0,3.0,Spurs,Spurs,0.0,0.0,0.15681231402851803,,1.8846191761647035,0.29553149407690643
caoimhin_kelleher,1,7,GK,Brentford,19,1,0,0,3,0,0,3,2.6,0.0,0.0,34.0,1.0,0.0,0.01,0.01,0.0,0.57,0.0,0.0,3.1,31.4,90.0,0.0,0.0,0.0,0.0,4.0,1.0,0.0,7.0,0.0,0.0,0.0,50.0,0.0,Spurs,3.0,3.0,Everton,Everton,2.0,3.0,4.038937909785036,14970.0,2.0,8.077875819570073
carl_rushworth,1,1,GK,Coventry City,1,0,0,0,2,0,0,4,1.9,0.0,0.0,0.0,0.0,0.0,0.01,0.01,0.0,1.88,3.0,0.0,1.4,14.2,90.0,0.0,0.0,0.0,0.0,2.0,1.0,0.0,1.0,0.0,0.0,0.0,45.0,0.0,Arsenal,0.0,0.0,Crystal Palace,Crystal Palace,0.0,0.0,2.424504778492542,,1.75,4.242883362361949
carlos_alcaraz_duran,1,1,MID,Everton,8,1,0,0,3,0,0,3,1.5,0.0,0.0,7.0,0.0,0.3,0.0,0.02,0.02,0.04,0.0,0.0,2.2,5.0,1.0,0.0,0.0,0.0,0.0,0.0,0.0,17.0,1.0,0.0,0.0,0.0,50.0,0.0,Crystal Palace,2.0,3.0,Brentford,Brentford,3.0,3.0,1.1721555280472604,,0.5761082844092638,0.6752885103241418
carlos_baleba,1,0,MID,Brighton,2,1,0,0,2,0,0,4,0.0,0.0,0.0,0.0,0.0,0.0,0.0,0.0,0.0,0.0,0.0,0.0,0.0,0.0,0.0,0.0,0.0,0.0,0.0,0.0,0.0,0.0,0.0,0.0,0.0,0.0,50.0,0.0,Aston Villa,4.0,3.0,Hull City,Hull City,2.0,3.0,0.21344081759770295,,0.7701498559185207,0.1643814149200022
cathal_mccarthy,1,0,DEF,Hull City,16,1,0,0,2,0,0,4,1.0,0.0,0.0,0.0,0.0,0.0,0.0,0.0,0.0,0.0,0.0,0.0,0.0,0.0,0.0,0.0,0.0,0.0,0.0,0.0,0.0,0.0,0.0,0.0,0.0,0.0,40.0,0.0,Man Utd,2.0,3.0,Brighton,Brighton,4.0,3.0,0.5021161782033062,,0.5,0.2510580891016531
cedric_kipre,1,0,DEF,Ipswich Town,20,1,0,0,2,0,0,3,1.0,0.0,0.0,0.0,0.0,0.0,0.0,0.0,0.0,0.0,0.0,0.0,0.0,0.0,0.0,0.0,0.0,0.0,0.0,0.0,0.0,0.0,0.0,0.0,0.0,0.0,40.0,0.0,Sunderland,2.0,3.0,Spurs,Spurs,0.0,0.0,0.2051375336961483,,2.0,0.4102750673922966
cesar_palacios,1,2,MID,Fulham,6,1,0,0,2,0,0,4,2.0,0.0,0.0,10.0,0.0,7.3,0.01,0.17,0.16,2.21,3.0,0.0,1.8,2.8,72.0,0.0,0.0,0.0,0.0,0.0,1.0,8.0,2.0,0.0,0.0,0.0,55.0,0.0,Chelsea,2.0,0.0,Man City,Man City,2.0,3.0,2.296166591418382,,0.7011697849587407,1.6100026351342718
chadi_riad_dnanou,1,1,DEF,Crystal Palace,9,0,0,0,3,0,0,3,1.7,0.0,0.0,7.0,0.0,1.3,0.01,0.01,0.0,0.98,2.0,0.0,1.4,12.6,72.0,0.0,0.0,0.0,0.0,0.0,1.0,0.0,1.0,0.0,0.0,0.0,45.0,0.0,Everton,0.0,0.0,Coventry City,Coventry City,0.0,0.0,1.6679880107695522,,1.7871465150029202,2.9809389605134586
charalampos_kostoulas,1,1,FWD,Brighton,2,1,0,0,2,0,0,4,1.8,0.0,0.0,-1.0,0.0,0.4,0.0,0.18,0.18,0.1,0.0,0.0,0.9,0.0,26.0,0.0,0.0,0.0,0.0,0.0,0.0,10.0,1.0,0.0,0.0,0.0,55.0,0.0,Aston Villa,4.0,3.0,Hull City,Hull City,2.0,3.0,2.585000572387135,,1.189655172413793,3.0752593016329706
charlie_hughes,1,0,DEF,Hull City,16,1,0,0,2,0,0,4,0.0,0.0,0.0,0.0,0.0,0.0,0.0,0.0,0.0,0.0,0.0,0.0,0.0,0.0,0.0,0.0,0.0,0.0,0.0,0.0,0.0,0.0,0.0,0.0,0.0,0.0,40.0,0.0,Man Utd,2.0,3.0,Brighton,Brighton,4.0,3.0,0.38382379445706727,,0.5,0.19191189722853363
cheick_doucoure,1,0,MID,Crystal Palace,9,0,0,0,3,0,0,3,1.5,0.0,0.0,0.0,0.0,0.0,0.0,0.0,0.0,0.0,0.0,0.0,0.0,0.0,0.0,0.0,0.0,0.0,0.0,0.0,0.0,0.0,0.0,0.0,0.0,0.0,50.0,0.0,Everton,0.0,0.0,Coventry City,Coventry City,0.0,0.0,0.3611233921649648,,1.0089732419121291,0.3643638397229897
chemsdine_talbi,1,1,MID,Sunderland,12,0,0,0,3,0,0,2,2.0,0.0,0.0,1.0,0.0,0.9,0.0,0.0,0.0,0.14,1.0,0.0,0.0,0.0,31.0,0.0,0.0,0.0,0.0,0.0,0.0,0.0,1.0,0.0,0.0,0.0,55.0,0.0,Ipswich Town,1.0,0.0,Aston Villa,Aston Villa,0.0,0.0,2.130666971808396,,1.7376667108663282,3.7023890688538152
chido_obi,1,0,FWD,Man Utd,11,0,0,0,4,0,0,2,1.0,0.0,0.0,0.0,0.0,0.0,0.0,0.0,0.0,0.0,0.0,0.0,0.0,0.0,0.0,0.0,0.0,0.0,0.0,0.0,0.0,0.0,0.0,0.0,0.0,0.0,45.0,0.0,Hull City,0.0,0.0,Liverpool,Liverpool,2.0,1.0,0.05886748926920049,,1.2689655172413792,0.07470081396919234
chiedozie_ogbene,1,0,MID,Ipswich Town,20,1,0,0,2,0,0,3,1.5,0.0,0.0,0.0,0.0,0.0,0.0,0.0,0.0,0.0,0.0,0.0,0.0,0.0,0.0,0.0,0.0,0.0,0.0,0.0,0.0,0.0,0.0,0.0,0.0,0.0,50.0,0.0,Sunderland,2.0,3.0,Spurs,Spurs,0.0,0.0,0.3242989531225442,,1.8846191761647035,0.6111800258648851
chris_richards,1,3,DEF,Crystal Palace,9,0,0,0,3,0,0,3,2.2,0.0,0.0,13.0,0.0,0.7,0.0,0.0,0.0,1.12,2.0,0.0,4.3,42.6,90.0,0.0,0.0,0.0,0.0,0.0,1.0,0.0,3.0,0.0,0.0,0.0,50.0,0.0,Everton,0.0,0.0,Coventry City,Coventry City,0.0,0.0,3.3700765345470565,14970.0,1.7871465150029202,6.022820534008891
chris_rigg,1,1,MID,Sunderland,12,0,0,0,3,0,0,2,1.5,0.0,0.0,3.0,0.0,0.3,0.0,0.0,0.0,0.1,1.0,0.0,0.0,0.0,10.0,0.0,0.0,0.0,0.0,0.0,0.0,0.0,1.0,0.0,0.0,0.0,50.0,0.0,Ipswich Town,1.0,0.0,Aston Villa,Aston Villa,0.0,0.0,1.1830439834753057,,1.7376667108663282,2.055736147575733
chris_wood,1,1,FWD,Nott'm Forest,13,1,0,0,3,0,0,3,2.0,0.0,0.0,3.0,0.0,2.4,0.01,0.13,0.12,0.22,1.0,0.0,0.4,0.0,28.0,0.0,0.0,0.0,0.0,0.0,0.0,3.0,1.0,0.0,0.0,0.0,60.0,0.0,Leeds,0.0,0.0,Bournemouth,Bournemouth,1.0,0.0,2.487745202703303,14969.0,0.5,1.2438726013516515
christantus_uche,1,0,FWD,Crystal Palace,9,0,0,0,3,0,0,3,0.0,0.0,0.0,0.0,0.0,0.0,0.0,0.0,0.0,0.0,0.0,0.0,0.0,0.0,0.0,0.0,0.0,0.0,0.0,0.0,0.0,0.0,0.0,0.0,0.0,0.0,50.0,0.0,Everton,0.0,0.0,Coventry City,Coventry City,0.0,0.0,0.10802546489424003,,0.9796296296296295,0.1058249461649129
christian_norgaard,1,0,MID,Everton,8,1,0,0,3,0,0,3,0.0,0.0,0.0,0.0,0.0,0.0,0.0,0.0,0.0,0.0,0.0,0.0,0.0,0.0,0.0,0.0,0.0,0.0,0.0,0.0,0.0,0.0,0.0,0.0,0.0,0.0,50.0,0.0,Crystal Palace,2.0,3.0,Brentford,Brentford,3.0,3.0,0.28492034886660567,,0.5761082844092638,0.1641449733788291
christian_walton,1,0,GK,Ipswich Town,20,1,0,0,2,0,0,3,1.9,0.0,0.0,0.0,0.0,0.0,0.0,0.0,0.0,0.0,0.0,0.0,0.0,0.0,0.0,0.0,0.0,0.0,0.0,0.0,0.0,0.0,0.0,0.0,0.0,0.0,45.0,0.0,Sunderland,2.0,3.0,Spurs,Spurs,0.0,0.0,0.12395962494135038,,2.0,0.24791924988270075
christos_tzolis,1,6,MID,Arsenal,7,1,0,0,4,0,0,2,2.3,1.0,0.0,30.0,1.0,39.8,0.14,0.33,0.19,0.06,0.0,0.0,8.7,17.0,75.0,0.0,0.0,0.0,0.0,0.0,1.0,30.0,6.0,0.0,0.0,0.0,65.0,0.0,Coventry City,3.0,3.0,Newcastle,Newcastle,2.0,1.0,3.9397773642105856,14971.0,2.0,7.879554728421171
chuba_akpom,1,1,FWD,Ipswich Town,20,1,0,0,2,0,0,3,1.4,0.0,0.0,3.0,0.0,0.0,0.0,0.0,0.0,0.03,0.0,0.0,0.3,1.4,24.0,0.0,0.0,0.0,0.0,0.0,0.0,2.0,1.0,0.0,0.0,0.0,50.0,0.0,Sunderland,2.0,3.0,Spurs,Spurs,0.0,0.0,2.1906905488880506,,0.6604244694132333,1.4467856433979756
claudio_echeverri,1,0,MID,Man City,3,1,0,0,4,0,0,3,1.5,0.0,0.0,0.0,0.0,0.0,0.0,0.0,0.0,0.0,0.0,0.0,0.0,0.0,0.0,0.0,0.0,0.0,0.0,0.0,0.0,0.0,0.0,0.0,0.0,0.0,50.0,0.0,Bournemouth,2.0,3.0,Fulham,Fulham,2.0,0.0,0.3865236771445173,,1.625283687110916,0.6282106271451103
cody_drameh,1,1,DEF,Hull City,16,1,0,0,2,0,0,4,1.0,0.0,0.0,4.0,0.0,0.0,0.0,0.05,0.05,0.67,0.0,0.0,0.3,2.2,20.0,0.0,0.0,0.0,0.0,0.0,0.0,1.0,1.0,0.0,0.0,0.0,40.0,0.0,Man Utd,2.0,3.0,Brighton,Brighton,4.0,3.0,1.319865316360905,,0.5,0.6599326581804525
cody_gakpo,1,12,MID,Liverpool,17,0,0,0,4,0,0,2,2.5,0.0,3.0,33.0,0.0,34.0,0.15,0.45,0.3,1.58,2.0,1.0,11.5,44.0,90.0,0.0,0.0,0.0,0.0,0.0,1.0,37.0,12.0,0.0,0.0,0.0,70.0,0.0,Newcastle,2.0,1.0,Man Utd,Man Utd,0.0,0.0,4.798141901865817,14974.0,1.0548410285986136,5.061276939126246
cole_palmer,1,13,MID,Chelsea,10,0,0,0,4,0,0,2,3.2,1.0,3.0,60.0,0.0,41.3,0.19,0.47,0.28,1.24,2.0,1.0,16.1,65.2,82.0,0.0,0.0,0.0,0.0,0.0,1.0,54.0,13.0,0.0,0.0,0.0,95.0,0.0,Fulham,3.0,3.0,Leeds,Leeds,1.0,3.0,4.398026976331444,15210.0,1.0654637504393782,4.685938316735659
conor_bradley,1,0,DEF,Liverpool,17,0,0,0,4,0,0,2,0.0,0.0,0.0,0.0,0.0,0.0,0.0,0.0,0.0,0.0,0.0,0.0,0.0,0.0,0.0,0.0,0.0,0.0,0.0,0.0,0.0,0.0,0.0,0.0,0.0,0.0,50.0,0.0,Newcastle,2.0,1.0,Man Utd,Man Utd,0.0,0.0,0.38891910398380647,,1.4899357349188793,0.5794644710181047
conor_gallagher,1,0,MID,Spurs,4,0,0,0,3,0,0,3,2.0,0.0,0.0,1.0,0.0,5.5,0.06,0.08,0.02,1.7,2.0,0.0,0.5,0.0,45.0,0.0,0.0,0.0,0.0,0.0,1.0,1.0,0.0,0.0,0.0,0.0,55.0,1.0,Brentford,0.0,0.0,Ipswich Town,Ipswich Town,2.0,3.0,0.6459282620881412,,0.5,0.3229641310440706
cristhian_mosquera,1,6,DEF,Arsenal,7,1,0,0,4,0,0,2,2.5,0.0,0.0,27.0,1.0,0.6,0.0,0.0,0.0,0.2,0.0,0.0,1.5,14.4,90.0,0.0,0.0,0.0,0.0,0.0,1.0,0.0,6.0,0.0,0.0,0.0,55.0,0.0,Coventry City,3.0,3.0,Newcastle,Newcastle,2.0,1.0,3.1778375160318175,14969.0,1.117588837376478,3.5515157349133535
cristian_romero,1,0,DEF,Spurs,4,0,0,0,3,0,0,3,0.0,0.0,0.0,0.0,0.0,0.0,0.0,0.0,0.0,0.0,0.0,0.0,0.0,0.0,0.0,0.0,0.0,0.0,0.0,0.0,0.0,0.0,0.0,0.0,0.0,0.0,50.0,0.0,Brentford,0.0,0.0,Ipswich Town,Ipswich Town,2.0,3.0,0.4913512550071082,,0.5,0.2456756275035541
curtis_jones,1,0,MID,Liverpool,17,0,0,0,4,0,0,2,1.5,0.0,0.0,0.0,0.0,0.0,0.0,0.0,0.0,0.0,0.0,0.0,0.0,0.0,0.0,0.0,0.0,0.0,0.0,0.0,0.0,0.0,0.0,0.0,0.0,0.0,55.0,0.0,Newcastle,2.0,1.0,Man Utd,Man Utd,0.0,0.0,0.44219844466936853,,1.0548410285986136,0.4664490622197438
daichi_kamada,1,3,MID,Crystal Palace,9,0,0,0,3,0,0,3,1.5,0.0,0.0,25.0,0.0,29.3,0.27,0.27,0.0,1.12,2.0,0.0,5.0,20.4,90.0,0.0,0.0,0.0,0.0,0.0,1.0,0.0,3.0,0.0,0.0,0.0,50.0,1.0,Everton,0.0,0.0,Coventry City,Coventry City,0.0,0.0,3.658244284241322,,1.0089732419121291,3.6910705951774827
daizen_maeda,1,2,MID,Ipswich Town,20,1,0,0,2,0,0,3,2.0,0.0,0.0,7.0,0.0,1.4,0.0,0.61,0.61,0.63,1.0,0.0,2.1,12.6,79.0,0.0,0.0,0.0,0.0,0.0,1.0,7.0,2.0,0.0,0.0,0.0,55.0,0.0,Sunderland,2.0,3.0,Spurs,Spurs,0.0,0.0,2.678632386771713,,1.8846191761647035,5.048201962005799
dan_burn,1,0,DEF,Newcastle,14,1,0,0,2,0,0,4,2.2,0.0,0.0,0.0,0.0,0.0,0.0,0.0,0.0,0.0,0.0,0.0,0.0,0.0,0.0,0.0,0.0,0.0,0.0,0.0,0.0,0.0,0.0,0.0,0.0,0.0,50.0,0.0,Liverpool,2.0,1.0,Arsenal,Arsenal,3.0,3.0,0.8823380084707777,,0.5714723411707556,0.5042317674047373
dan_ndoye,1,3,MID,Nott'm Forest,13,1,0,0,3,0,0,3,2.0,0.0,0.0,5.0,1.0,2.5,0.0,0.0,0.0,0.25,0.0,0.0,0.4,1.4,61.0,0.0,0.0,0.0,0.0,0.0,1.0,0.0,3.0,0.0,0.0,0.0,55.0,0.0,Leeds,0.0,0.0,Bournemouth,Bournemouth,1.0,0.0,2.165353227432092,,0.5855188667668813,1.2678551678760472
dane_scarlett,1,0,FWD,Spurs,4,0,0,0,3,0,0,3,1.0,0.0,0.0,0.0,0.0,0.0,0.0,0.0,0.0,0.0,0.0,0.0,0.0,0.0,0.0,0.0,0.0,0.0,0.0,0.0,0.0,0.0,0.0,0.0,0.0,0.0,45.0,0.0,Brentford,0.0,0.0,Ipswich Town,Ipswich Town,2.0,3.0,0.15095178327630165,,0.6010604721626056,0.09073115012984119
dango_ouattara,1,3,MID,Brentford,19,1,0,0,3,0,0,3,2.3,0.0,0.0,6.0,1.0,30.8,0.29,0.34,0.05,0.47,0.0,0.0,4.7,1.0,66.0,0.0,0.0,0.0,0.0,0.0,1.0,15.0,3.0,0.0,0.0,0.0,65.0,0.0,Spurs,3.0,3.0,Everton,Everton,2.0,3.0,3.4264200313462436,14969.0,1.1173235652211289,3.828419845368877
daniel_ballard,1,0,DEF,Sunderland,12,0,0,0,3,0,0,2,2.2,0.0,0.0,4.0,0.0,1.2,0.01,0.01,0.0,1.8,2.0,0.0,1.9,18.2,90.0,0.0,0.0,0.0,0.0,0.0,1.0,0.0,0.0,0.0,0.0,0.0,50.0,1.0,Ipswich Town,1.0,0.0,Aston Villa,Aston Villa,0.0,0.0,2.3516549938414015,14974.0,1.472970552427337,3.463918555397075
daniel_james,1,0,MID,Leeds,18,0,0,0,3,0,0,3,1.5,0.0,0.0,0.0,0.0,0.0,0.0,0.0,0.0,0.0,0.0,0.0,0.0,0.0,0.0,0.0,0.0,0.0,0.0,0.0,0.0,0.0,0.0,0.0,0.0,0.0,50.0,0.0,Nott'm Forest,1.0,3.0,Chelsea,Chelsea,3.0,3.0,0.44677991570617825,,0.9918904123390104,0.44315671481458946
daniel_jebbison,1,1,FWD,Bournemouth,15,0,0,0,3,0,0,4,1.4,0.0,0.0,6.0,0.0,0.8,0.0,0.1,0.1,0.31,2.0,0.0,2.1,3.4,15.0,0.0,0.0,0.0,0.0,0.0,0.0,17.0,1.0,0.0,0.0,0.0,50.0,0.0,Man City,1.0,0.0,Nott'm Forest,Nott'm Forest,0.0,0.0,1.5078692117532961,,0.5,0.7539346058766481
daniel_munoz_mejia,1,0,DEF,Crystal Palace,9,0,0,0,3,0,0,3,2.5,0.0,0.0,-4.0,0.0,1.8,0.01,0.24,0.23,0.84,2.0,0.0,2.4,1.2,54.0,0.0,0.0,0.0,0.0,0.0,1.0,21.0,0.0,0.0,0.0,0.0,55.0,0.0,Everton,0.0,0.0,Coventry City,Coventry City,0.0,0.0,1.532685236794172,14969.0,1.7871465150029202,2.7391330795331297
danny_welbeck,1,0,FWD,Chelsea,10,0,0,0,4,0,0,2,1.5,0.0,0.0,0.0,0.0,0.0,0.0,0.0,0.0,0.0,0.0,0.0,0.0,0.0,0.0,0.0,0.0,0.0,0.0,0.0,0.0,0.0,0.0,0.0,0.0,0.0,60.0,0.0,Fulham,3.0,3.0,Leeds,Leeds,1.0,3.0,0.5537011071657552,,2.0,1.1074022143315103
dara_o'shea,1,4,DEF,Ipswich Town,20,1,0,0,2,0,0,3,1.0,0.0,0.0,16.0,0.0,24.5,0.16,0.16,0.0,0.66,1.0,0.0,7.5,48.0,90.0,0.0,0.0,0.0,0.0,0.0,1.0,2.0,4.0,0.0,0.0,0.0,40.0,0.0,Sunderland,2.0,3.0,Spurs,Spurs,0.0,0.0,3.517981015559548,,2.0,7.035962031119096
dario_luis_essugo,1,0,MID,Chelsea,10,0,0,0,4,0,0,2,1.0,0.0,0.0,0.0,0.0,0.0,0.0,0.0,0.0,0.0,0.0,0.0,0.0,0.0,0.0,0.0,0.0,0.0,0.0,0.0,0.0,0.0,0.0,0.0,0.0,0.0,45.0,0.0,Fulham,3.0,3.0,Leeds,Leeds,1.0,3.0,0.17670138333226304,,1.0654637504393782,0.18826891859301922
darko_gyabi,1,0,MID,Hull City,16,1,0,0,2,0,0,4,0.0,0.0,0.0,0.0,0.0,0.0,0.0,0.0,0.0,0.0,0.0,0.0,0.0,0.0,0.0,0.0,0.0,0.0,0.0,0.0,0.0,0.0,0.0,0.0,0.0,0.0,45.0,0.0,Man Utd,2.0,3.0,Brighton,Brighton,4.0,3.0,0.1957713991871044,,0.5,0.0978856995935522
darnell_furlong,1,0,DEF,Ipswich Town,20,1,0,0,2,0,0,3,1.0,0.0,0.0,0.0,0.0,0.0,0.0,0.0,0.0,0.0,0.0,0.0,0.0,0.0,0.0,0.0,0.0,0.0,0.0,0.0,0.0,0.0,0.0,0.0,0.0,0.0,40.0,0.0,Sunderland,2.0,3.0,Spurs,Spurs,0.0,0.0,0.2051375336961483,,2.0,0.4102750673922966
david_akintola,1,0,MID,Hull City,16,1,0,0,2,0,0,4,1.5,0.0,0.0,0.0,0.0,0.0,0.0,0.0,0.0,0.0,0.0,0.0,0.0,0.0,0.0,0.0,0.0,0.0,0.0,0.0,0.0,0.0,0.0,0.0,0.0,0.0,50.0,0.0,Man Utd,2.0,3.0,Brighton,Brighton,4.0,3.0,0.45770869308820705,,0.5,0.22885434654410353
david_brooks,1,0,MID,Bournemouth,15,0,0,0,3,0,0,4,1.1,0.0,0.0,0.0,0.0,0.0,0.0,0.0,0.0,0.0,0.0,0.0,0.0,0.0,0.0,0.0,0.0,0.0,0.0,0.0,0.0,0.0,0.0,0.0,0.0,0.0,50.0,0.0,Man City,1.0,0.0,Nott'm Forest,Nott'm Forest,0.0,0.0,0.30315954561317615,,1.2880509687543085,0.39048494641416753
david_button,1,0,GK,Ipswich Town,20,1,0,0,2,0,0,3,1.0,0.0,0.0,0.0,0.0,0.0,0.0,0.0,0.0,0.0,0.0,0.0,0.0,0.0,0.0,0.0,0.0,0.0,0.0,0.0,0.0,0.0,0.0,0.0,0.0,0.0,40.0,0.0,Sunderland,2.0,3.0,Spurs,Spurs,0.0,0.0,-0.012962135363476568,,2.0,-0.025924270726953136
david_raya_martin,1,6,GK,Arsenal,7,1,0,0,4,0,0,2,4.0,0.0,0.0,24.0,1.0,0.0,0.0,0.0,0.0,0.2,0.0,0.0,1.2,11.8,90.0,0.0,0.0,0.0,0.0,1.0,1.0,0.0,6.0,0.0,0.0,0.0,60.0,0.0,Coventry City,3.0,3.0,Newcastle,Newcastle,2.0,1.0,4.090194086834584,14972.0,2.0,8.180388173669169
dean_henderson,1,2,GK,Crystal Palace,9,0,0,0,3,0,0,3,2.0,0.0,0.0,14.0,0.0,0.0,0.0,0.0,0.0,1.12,2.0,0.0,2.8,28.2,90.0,0.0,0.0,0.0,0.0,3.0,1.0,0.0,2.0,0.0,0.0,0.0,50.0,0.0,Everton,0.0,0.0,Coventry City,Coventry City,0.0,0.0,2.6422001183429353,15210.0,2.0,5.284400236685871
declan_rice,1,3,MID,Arsenal,7,1,0,0,4,0,0,2,2.6,0.0,0.0,10.0,1.0,6.4,0.08,0.15,0.07,0.06,0.0,0.0,1.5,6.8,67.0,0.0,0.0,0.0,0.0,0.0,1.0,2.0,3.0,0.0,0.0,0.0,75.0,0.0,Coventry City,3.0,3.0,Newcastle,Newcastle,2.0,1.0,2.974296859526044,15210.0,2.0,5.948593719052088
dejan_kulusevski,1,0,MID,Spurs,4,0,0,0,3,0,0,3,0.0,0.0,0.0,0.0,0.0,0.0,0.0,0.0,0.0,0.0,0.0,0.0,0.0,0.0,0.0,0.0,0.0,0.0,0.0,0.0,0.0,0.0,0.0,0.0,0.0,0.0,65.0,0.0,Brentford,0.0,0.0,Ipswich Town,Ipswich Town,2.0,3.0,0.6514163609695032,,0.5,0.3257081804847516
destiny_udogie,1,1,DEF,Spurs,4,0,0,0,3,0,0,3,1.7,0.0,0.0,3.0,0.0,0.7,0.02,0.02,0.0,0.44,0.0,0.0,0.0,0.0,4.0,0.0,0.0,0.0,0.0,0.0,0.0,0.0,1.0,0.0,0.0,0.0,45.0,0.0,Brentford,0.0,0.0,Ipswich Town,Ipswich Town,2.0,3.0,0.9685831083801906,,0.5,0.4842915541900953
diego_coppola,1,0,DEF,Brighton,2,1,0,0,2,0,0,4,1.7,0.0,0.0,0.0,0.0,0.0,0.0,0.0,0.0,0.0,0.0,0.0,0.0,0.0,0.0,0.0,0.0,0.0,0.0,0.0,0.0,0.0,0.0,0.0,0.0,0.0,45.0,0.0,Aston Villa,4.0,3.0,Hull City,Hull City,2.0,3.0,0.6752923802788282,,1.4975884446684624,1.011310065478234
diego_gomez_amarilla,1,6,MID,Brighton,2,1,0,0,2,0,0,4,1.5,1.0,0.0,27.0,1.0,25.1,0.48,0.66,0.18,0.29,0.0,0.0,9.9,33.0,85.0,0.0,0.0,0.0,0.0,0.0,1.0,41.0,6.0,0.0,0.0,0.0,50.0,0.0,Aston Villa,4.0,3.0,Hull City,Hull City,2.0,3.0,4.207632765093083,,0.7701498559185207,3.240507767794485
dilane_bakwa,1,0,MID,Nott'm Forest,13,1,0,0,3,0,0,3,2.0,0.0,0.0,0.0,0.0,0.0,0.0,0.0,0.0,0.0,0.0,0.0,0.0,0.0,0.0,0.0,0.0,0.0,0.0,0.0,0.0,0.0,0.0,0.0,0.0,0.0,55.0,0.0,Leeds,0.0,0.0,Bournemouth,Bournemouth,1.0,0.0,0.5597223932699777,,0.5855188667668813,0.327728021411484
dillon_phillips,1,0,GK,Hull City,16,1,0,0,2,0,0,4,1.0,0.0,0.0,0.0,0.0,0.0,0.0,0.0,0.0,0.0,0.0,0.0,0.0,0.0,0.0,0.0,0.0,0.0,0.0,0.0,0.0,0.0,0.0,0.0,0.0,0.0,40.0,0.0,Man Utd,2.0,3.0,Brighton,Brighton,4.0,3.0,0.8415403827672215,,2.0,1.683080765534443
diogo_dalot_teixeira,1,1,DEF,Man Utd,11,0,0,0,4,0,0,2,2.2,0.0,0.0,6.0,0.0,11.3,0.0,0.0,0.0,0.0,0.0,0.0,1.9,7.6,10.0,0.0,0.0,0.0,0.0,0.0,0.0,0.0,1.0,0.0,0.0,0.0,50.0,0.0,Hull City,0.0,0.0,Liverpool,Liverpool,2.0,1.0,1.4121254247123354,,0.5,0.7060627123561677
divine_mukasa,1,0,MID,Man City,3,1,0,0,4,0,0,3,1.0,0.0,0.0,0.0,0.0,0.0,0.0,0.0,0.0,0.0,0.0,0.0,0.0,0.0,0.0,0.0,0.0,0.0,0.0,0.0,0.0,0.0,0.0,0.0,0.0,0.0,45.0,0.0,Bournemouth,2.0,3.0,Fulham,Fulham,2.0,0.0,0.21903703805049113,,1.625283687110916,0.3559973248165562
djed_spence,1,0,DEF,Spurs,4,0,0,0,3,0,0,3,0.0,0.0,0.0,0.0,0.0,0.0,0.0,0.0,0.0,0.0,0.0,0.0,0.0,0.0,0.0,0.0,0.0,0.0,0.0,0.0,0.0,0.0,0.0,0.0,0.0,0.0,45.0,0.0,Brentford,0.0,0.0,Ipswich Town,Ipswich Town,2.0,3.0,0.31479533854731856,,0.5,0.15739766927365928
djiamgone_jocelin_ta_bi,1,0,MID,Sunderland,12,0,0,0,3,0,0,2,1.5,0.0,0.0,0.0,0.0,0.0,0.0,0.0,0.0,0.0,0.0,0.0,0.0,0.0,0.0,0.0,0.0,0.0,0.0,0.0,0.0,0.0,0.0,0.0,0.0,0.0,50.0,0.0,Ipswich Town,1.0,0.0,Aston Villa,Aston Villa,0.0,0.0,0.34093980753600683,,1.7376667108663282,0.592439753964492
dominic_calvert_lewin,1,1,FWD,Leeds,18,0,0,0,3,0,0,3,2.0,0.0,0.0,-2.0,1.0,0.8,0.0,0.13,0.13,0.66,0.0,0.0,0.7,0.0,90.0,0.0,0.0,0.0,0.0,0.0,1.0,11.0,1.0,0.0,0.0,0.0,60.0,1.0,Nott'm Forest,1.0,3.0,Chelsea,Chelsea,3.0,3.0,4.428543646911031,50210.0,0.5,2.2142718234555154
dominic_solanke_mitchell,1,1,FWD,Spurs,4,0,0,0,3,0,0,3,2.0,0.0,0.0,3.0,0.0,0.0,0.0,0.07,0.07,0.85,0.0,0.0,0.5,0.0,22.0,0.0,0.0,0.0,0.0,0.0,0.0,5.0,1.0,0.0,0.0,0.0,60.0,0.0,Brentford,0.0,0.0,Ipswich Town,Ipswich Town,2.0,3.0,2.1826085617062176,14971.0,0.6010604721626056,1.3118797326452847
dominik_szoboszlai,1,8,MID,Liverpool,17,0,0,0,4,0,0,2,2.5,0.0,1.0,29.0,0.0,47.1,0.27,1.12,0.85,1.58,2.0,1.0,11.9,50.4,90.0,0.0,0.0,0.0,0.0,0.0,1.0,21.0,8.0,0.0,0.0,0.0,70.0,0.0,Newcastle,2.0,1.0,Man Utd,Man Utd,0.0,0.0,4.353270958479218,14974.0,1.0548410285986136,4.592008815610691
dorde_petrovic,1,2,GK,Bournemouth,15,0,0,0,3,0,0,4,1.9,0.0,0.0,13.0,0.0,0.0,0.0,0.0,0.0,2.25,2.0,0.0,3.7,36.8,90.0,0.0,0.0,0.0,0.0,4.0,1.0,0.0,2.0,0.0,0.0,0.0,45.0,0.0,Man City,1.0,0.0,Nott'm Forest,Nott'm Forest,0.0,0.0,2.185972382673658,79641.0,2.0,4.371944765347316
dwight_mcneil,1,2,MID,Crystal Palace,9,0,0,0,3,0,0,3,2.0,0.0,0.0,11.0,0.0,4.7,0.02,0.07,0.05,0.98,2.0,0.0,1.6,9.6,62.0,0.0,0.0,0.0,0.0,0.0,1.0,2.0,2.0,0.0,0.0,0.0,55.0,0.0,Everton,0.0,0.0,Coventry City,Coventry City,0.0,0.0,1.7773456479737184,,1.0089732419121291,1.7932942004344565
eberechi_eze,1,1,MID,Arsenal,7,1,0,0,4,0,0,2,2.3,0.0,0.0,4.0,0.0,1.8,0.0,0.04,0.04,0.15,0.0,0.0,0.1,0.0,14.0,0.0,0.0,0.0,0.0,0.0,0.0,1.0,1.0,0.0,0.0,0.0,65.0,0.0,Coventry City,3.0,3.0,Newcastle,Newcastle,2.0,1.0,1.8147476786455283,79641.0,2.0,3.6294953572910567
eddie_nketiah,1,1,FWD,Crystal Palace,9,0,0,0,3,0,0,3,1.8,0.0,0.0,12.0,0.0,24.5,0.58,1.18,0.6,0.84,2.0,0.0,5.8,10.4,55.0,0.0,0.0,0.0,0.0,0.0,1.0,23.0,1.0,0.0,0.0,0.0,55.0,0.0,Everton,0.0,0.0,Coventry City,Coventry City,0.0,0.0,0.4459728616335963,,0.9796296296296295,0.43688822926698595
eliot_matazo,1,0,MID,Hull City,16,1,0,0,2,0,0,4,0.0,0.0,0.0,0.0,0.0,0.0,0.0,0.0,0.0,0.0,0.0,0.0,0.0,0.0,0.0,0.0,0.0,0.0,0.0,0.0,0.0,0.0,0.0,0.0,0.0,0.0,45.0,0.0,Man Utd,2.0,3.0,Brighton,Brighton,4.0,3.0,0.1957713991871044,,0.5,0.0978856995935522
elliot_anderson,1,2,MID,Man City,3,1,0,0,4,0,0,3,2.3,0.0,0.0,14.0,0.0,20.8,0.25,0.25,0.0,0.55,1.0,0.0,2.8,7.2,62.0,0.0,0.0,0.0,0.0,0.0,1.0,0.0,2.0,0.0,0.0,0.0,65.0,0.0,Bournemouth,2.0,3.0,Fulham,Fulham,2.0,0.0,2.471186782255036,14971.0,1.625283687110916,4.016379565003225
elliot_stroud,1,3,MID,Hull City,16,1,0,0,2,0,0,4,1.5,0.0,0.0,11.0,1.0,4.8,0.03,0.03,0.0,1.16,0.0,0.0,1.3,8.4,70.0,0.0,0.0,0.0,0.0,0.0,1.0,0.0,3.0,0.0,0.0,0.0,50.0,0.0,Man Utd,2.0,3.0,Brighton,Brighton,4.0,3.0,2.216354626547689,,0.5,1.1081773132738446
ellis_simms,1,2,FWD,Coventry City,1,0,0,0,2,0,0,4,1.4,0.0,0.0,7.0,0.0,12.3,0.01,0.01,0.0,1.6,3.0,0.0,1.7,2.6,69.0,0.0,0.0,0.0,0.0,0.0,1.0,2.0,2.0,0.0,0.0,0.0,50.0,0.0,Arsenal,0.0,0.0,Crystal Palace,Crystal Palace,0.0,0.0,2.418352546224098,,1.6928601905845535,4.0939327523015665
emersonn_correia_da_silva,1,9,FWD,Ipswich Town,20,1,0,0,2,0,0,3,1.8,0.0,3.0,41.0,0.0,26.3,0.06,0.88,0.82,0.63,1.0,1.0,11.2,45.6,65.0,0.0,0.0,0.0,0.0,0.0,1.0,40.0,9.0,0.0,0.0,0.0,55.0,0.0,Sunderland,2.0,3.0,Spurs,Spurs,0.0,0.0,3.6337785499539907,,0.6604244694132333,2.3998362708185526
emile_smith_rowe,1,0,MID,Fulham,6,1,0,0,2,0,0,4,2.0,0.0,0.0,0.0,0.0,0.0,0.0,0.0,0.0,0.0,0.0,0.0,0.0,0.0,0.0,0.0,0.0,0.0,0.0,0.0,0.0,0.0,0.0,0.0,0.0,0.0,55.0,0.0,Chelsea,2.0,0.0,Man City,Man City,2.0,3.0,0.5594278779447648,,0.7011697849587407,0.3922539248784554
emiliano_buendia_stati,1,2,MID,Aston Villa,5,0,0,0,4,0,0,2,2.2,0.0,0.0,4.0,0.0,16.3,0.09,0.22,0.13,3.62,4.0,0.0,2.2,0.0,85.0,0.0,0.0,0.0,0.0,0.0,1.0,8.0,2.0,0.0,0.0,0.0,60.0,0.0,Brighton,0.0,0.0,Sunderland,Sunderland,1.0,0.0,2.9965228326819586,14972.0,0.5,1.4982614163409793
emiliano_martinez_romero,1,0,GK,Aston Villa,5,0,0,0,4,0,0,2,2.6,0.0,0.0,0.0,0.0,0.0,0.0,0.0,0.0,0.0,0.0,0.0,0.0,0.0,0.0,0.0,0.0,0.0,0.0,0.0,0.0,0.0,0.0,0.0,0.0,0.0,50.0,0.0,Brighton,0.0,0.0,Sunderland,Sunderland,1.0,0.0,-0.0618851492398933,79641.0,0.5,-0.03094257461994665
emmanuel_emegha,1,0,FWD,Chelsea,10,0,0,0,4,0,0,2,1.4,0.0,0.0,0.0,0.0,0.0,0.0,0.0,0.0,0.0,0.0,0.0,0.0,0.0,0.0,0.0,0.0,0.0,0.0,0.0,0.0,0.0,0.0,0.0,0.0,0.0,50.0,0.0,Fulham,3.0,3.0,Leeds,Leeds,1.0,3.0,0.3678581011838826,,2.0,0.7357162023677652
endo_wataru,1,0,MID,Liverpool,17,0,0,0,4,0,0,2,1.5,0.0,0.0,0.0,0.0,0.0,0.0,0.0,0.0,0.0,0.0,0.0,0.0,0.0,0.0,0.0,0.0,0.0,0.0,0.0,0.0,0.0,0.0,0.0,0.0,0.0,50.0,0.0,Newcastle,2.0,1.0,Man Utd,Man Utd,0.0,0.0,0.3219371329788805,,1.0548410285986136,0.33959249649553097
enes_unal,1,0,FWD,Bournemouth,15,0,0,0,3,0,0,4,0.0,0.0,0.0,0.0,0.0,0.0,0.0,0.0,0.0,0.0,0.0,0.0,0.0,0.0,0.0,0.0,0.0,0.0,0.0,0.0,0.0,0.0,0.0,0.0,0.0,0.0,55.0,0.0,Man City,1.0,0.0,Nott'm Forest,Nott'm Forest,0.0,0.0,0.23447562430772173,,0.5,0.11723781215386087
enis_destan,1,0,FWD,Hull City,16,1,0,0,2,0,0,4,0.0,0.0,0.0,0.0,0.0,0.0,0.0,0.0,0.0,0.0,0.0,0.0,0.0,0.0,0.0,0.0,0.0,0.0,0.0,0.0,0.0,0.0,0.0,0.0,0.0,0.0,45.0,0.0,Man Utd,2.0,3.0,Brighton,Brighton,4.0,3.0,0.013762474975045569,,,
enzo_fernandez,1,1,MID,Chelsea,10,0,0,0,4,0,0,2,2.5,0.0,0.0,6.0,0.0,12.0,0.02,0.02,0.0,0.28,0.0,0.0,1.5,3.4,25.0,0.0,0.0,0.0,0.0,0.0,0.0,0.0,1.0,0.0,0.0,0.0,70.0,0.0,Fulham,3.0,3.0,Leeds,Leeds,1.0,3.0,2.3492459943479336,14970.0,1.0654637504393782,2.5030364478426357
enzo_le_fee,1,2,MID,Sunderland,12,0,0,0,3,0,0,2,2.2,0.0,0.0,13.0,0.0,9.9,0.03,0.03,0.0,1.69,1.0,0.0,1.5,4.6,79.0,0.0,0.0,0.0,0.0,0.0,1.0,0.0,2.0,0.0,0.0,0.0,60.0,0.0,Ipswich Town,1.0,0.0,Aston Villa,Aston Villa,0.0,0.0,2.5228115176397132,61014.0,1.7376667108663282,4.38380559199269
ephron_mason_clark,1,0,MID,Coventry City,1,0,0,0,2,0,0,4,2.0,0.0,0.0,0.0,0.0,0.0,0.0,0.0,0.0,0.0,0.0,0.0,0.0,0.0,0.0,0.0,0.0,0.0,0.0,0.0,0.0,0.0,0.0,0.0,0.0,0.0,55.0,0.0,Arsenal,0.0,0.0,Crystal Palace,Crystal Palace,0.0,0.0,0.5286100312589912,,0.6782227157728105,0.35851533098522326
erling_haaland,1,2,FWD,Man City,3,1,0,0,4,0,0,3,4.0,0.0,0.0,6.0,0.0,5.2,0.02,0.76,0.74,0.65,1.0,0.0,5.9,3.8,90.0,0.0,0.0,0.0,0.0,0.0,1.0,50.0,2.0,0.0,0.0,0.0,155.0,0.0,Bournemouth,2.0,3.0,Fulham,Fulham,2.0,0.0,5.2365744063108,14974.0,1.43679012345679,7.523858387733961
estevao_almeida_de_oliveira_goncalves,1,1,MID,Chelsea,10,0,0,0,4,0,0,2,2.3,0.0,0.0,3.0,0.0,0.4,0.0,0.0,0.0,0.09,0.0,0.0,0.1,0.2,7.0,0.0,0.0,0.0,0.0,0.0,0.0,0.0,1.0,0.0,0.0,0.0,65.0,0.0,Fulham,3.0,3.0,Leeds,Leeds,1.0,3.0,1.5492157202449088,50210.0,1.0654637504393782,1.6506331915317831
ethan_ampadu,1,5,MID,Leeds,18,0,0,0,3,0,0,3,2.0,0.0,0.0,18.0,1.0,23.3,0.04,0.04,0.0,0.66,0.0,0.0,4.2,18.6,90.0,0.0,0.0,0.0,0.0,0.0,1.0,0.0,5.0,0.0,0.0,0.0,55.0,0.0,Nott'm Forest,1.0,3.0,Chelsea,Chelsea,3.0,3.0,4.193440752428523,61014.0,0.9918904123390104,4.159433677045538
ethan_nwaneri,1,0,MID,Arsenal,7,1,0,0,4,0,0,2,2.0,0.0,0.0,0.0,0.0,0.0,0.0,0.0,0.0,0.0,0.0,0.0,0.0,0.0,0.0,0.0,0.0,0.0,0.0,0.0,0.0,0.0,0.0,0.0,0.0,0.0,55.0,0.0,Coventry City,3.0,3.0,Newcastle,Newcastle,2.0,1.0,0.5368134955834911,,2.0,1.0736269911669822
ethan_pinnock,1,0,DEF,Brentford,19,1,0,0,3,0,0,3,1.7,0.0,0.0,0.0,0.0,0.0,0.0,0.0,0.0,0.0,0.0,0.0,0.0,0.0,0.0,0.0,0.0,0.0,0.0,0.0,0.0,0.0,0.0,0.0,0.0,0.0,45.0,0.0,Spurs,3.0,3.0,Everton,Everton,2.0,3.0,0.6545815875202331,,2.0,1.3091631750404662
evan_ferguson,1,0,FWD,Brighton,2,1,0,0,2,0,0,4,0.0,0.0,0.0,0.0,0.0,0.0,0.0,0.0,0.0,0.0,0.0,0.0,0.0,0.0,0.0,0.0,0.0,0.0,0.0,0.0,0.0,0.0,0.0,0.0,0.0,0.0,50.0,0.0,Aston Villa,4.0,3.0,Hull City,Hull City,2.0,3.0,0.2589275713135204,,1.189655172413793,0.30803452449367075
evann_guessand,1,1,MID,Crystal Palace,9,0,0,0,3,0,0,3,2.0,0.0,0.0,3.0,0.0,1.8,0.02,0.05,0.03,0.14,0.0,0.0,1.2,3.2,27.0,0.0,0.0,0.0,0.0,0.0,0.0,7.0,1.0,0.0,0.0,0.0,55.0,0.0,Everton,0.0,0.0,Coventry City,Coventry City,0.0,0.0,2.151740134460696,,1.0089732419121291,2.1710482192192493
ewen_jaouen,1,0,GK,Newcastle,14,1,0,0,2,0,0,4,1.9,0.0,0.0,0.0,0.0,0.0,0.0,0.0,0.0,0.0,0.0,0.0,0.0,0.0,0.0,0.0,0.0,0.0,0.0,0.0,0.0,0.0,0.0,0.0,0.0,0.0,45.0,0.0,Liverpool,2.0,1.0,Arsenal,Arsenal,3.0,3.0,0.6370087388544453,,0.5,0.31850436942722266
ezri_konsa_ngoyo,1,0,DEF,Arsenal,7,1,0,0,4,0,0,2,1.7,0.0,0.0,0.0,0.0,0.0,0.0,0.0,0.0,0.0,0.0,0.0,0.0,0.0,0.0,0.0,0.0,0.0,0.0,0.0,0.0,0.0,0.0,0.0,0.0,0.0,45.0,0.0,Coventry City,3.0,3.0,Newcastle,Newcastle,2.0,1.0,0.6267371158805611,50210.0,1.117588837376478,0.7004344046776433
fabian_schar,1,1,DEF,Newcastle,14,1,0,0,2,0,0,4,2.2,0.0,0.0,-1.0,0.0,0.0,0.0,0.0,0.0,0.79,1.0,0.0,0.0,0.0,1.0,0.0,0.0,0.0,0.0,0.0,0.0,0.0,1.0,0.0,0.0,0.0,50.0,0.0,Liverpool,2.0,1.0,Arsenal,Arsenal,3.0,3.0,1.27215754352636,,0.5714723411707556,0.7270028497370463
fabio_ferreira_vieira,1,0,MID,Arsenal,7,1,0,0,4,0,0,2,2.0,0.0,0.0,0.0,0.0,0.0,0.0,0.0,0.0,0.0,0.0,0.0,0.0,0.0,0.0,0.0,0.0,0.0,0.0,0.0,0.0,0.0,0.0,0.0,0.0,0.0,55.0,0.0,Coventry City,3.0,3.0,Newcastle,Newcastle,2.0,1.0,0.5368134955834911,,2.0,1.0736269911669822
fabio_freitas_gouveia_carvalho,1,0,MID,Brentford,19,1,0,0,3,0,0,3,1.1,0.0,0.0,0.0,0.0,0.0,0.0,0.0,0.0,0.0,0.0,0.0,0.0,0.0,0.0,0.0,0.0,0.0,0.0,0.0,0.0,0.0,0.0,0.0,0.0,0.0,50.0,0.0,Spurs,3.0,3.0,Everton,Everton,2.0,3.0,0.3375201225144451,,1.1173235652211289,0.37711918662171195
facundo_buonanotte,1,0,MID,Brighton,2,1,0,0,2,0,0,4,0.0,0.0,0.0,0.0,0.0,0.0,0.0,0.0,0.0,0.0,0.0,0.0,0.0,0.0,0.0,0.0,0.0,0.0,0.0,0.0,0.0,0.0,0.0,0.0,0.0,0.0,50.0,0.0,Aston Villa,4.0,3.0,Hull City,Hull City,2.0,3.0,0.21344081759770295,,0.7701498559185207,0.1643814149200022
federico_chiesa,1,0,MID,Liverpool,17,0,0,0,4,0,0,2,2.0,0.0,0.0,0.0,0.0,0.0,0.0,0.0,0.0,0.0,0.0,0.0,0.0,0.0,0.0,0.0,0.0,0.0,0.0,0.0,0.0,0.0,0.0,0.0,0.0,0.0,55.0,0.0,Newcastle,2.0,1.0,Man Utd,Man Utd,0.0,0.0,0.4894237720729069,,1.0548410285986136,0.5162642751539985
felipe_rodrigues_da_silva,1,0,DEF,Nott'm Forest,13,1,0,0,3,0,0,3,2.2,0.0,0.0,0.0,0.0,0.0,0.0,0.0,0.0,0.0,0.0,0.0,0.0,0.0,0.0,0.0,0.0,0.0,0.0,0.0,0.0,0.0,0.0,0.0,0.0,0.0,50.0,0.0,Leeds,0.0,0.0,Bournemouth,Bournemouth,1.0,0.0,0.6460248075274135,,1.986317939310555,1.28321066443135
ferdi_kadioglu,1,0,DEF,Brighton,2,1,0,0,2,0,0,4,1.7,0.0,0.0,0.0,0.0,0.0,0.0,0.0,0.0,0.0,0.0,0.0,0.0,0.0,0.0,0.0,0.0,0.0,0.0,0.0,0.0,0.0,0.0,0.0,0.0,0.0,45.0,0.0,Aston Villa,4.0,3.0,Hull City,Hull City,2.0,3.0,0.6752923802788282,14970.0,1.4975884446684624,1.011310065478234
filip_jorgensen,1,0,GK,Chelsea,10,0,0,0,4,0,0,2,0.0,0.0,0.0,0.0,0.0,0.0,0.0,0.0,0.0,0.0,0.0,0.0,0.0,0.0,0.0,0.0,0.0,0.0,0.0,0.0,0.0,0.0,0.0,0.0,0.0,0.0,50.0,0.0,Fulham,3.0,3.0,Leeds,Leeds,1.0,3.0,0.8315504750029595,,1.0,0.8315504750029595
florentino_ibrain_morris_luis,1,0,MID,Ipswich Town,20,1,0,0,2,0,0,3,1.5,0.0,0.0,0.0,0.0,0.0,0.0,0.0,0.0,0.0,0.0,0.0,0.0,0.0,0.0,0.0,0.0,0.0,0.0,0.0,0.0,0.0,0.0,0.0,0.0,0.0,50.0,0.0,Sunderland,2.0,3.0,Spurs,Spurs,0.0,0.0,0.3242989531225442,,1.8846191761647035,0.6111800258648851
florian_wirtz,1,2,MID,Liverpool,17,0,0,0,4,0,0,2,2.6,0.0,0.0,16.0,0.0,17.9,0.04,0.3,0.26,0.51,2.0,0.0,5.7,9.8,62.0,0.0,0.0,0.0,0.0,0.0,1.0,29.0,2.0,0.0,0.0,0.0,75.0,0.0,Newcastle,2.0,1.0,Man Utd,Man Utd,0.0,0.0,2.9319640218522074,61014.0,1.0548410285986136,3.0927559446247104
francisco_evanilson_de_lima_barbosa,1,4,FWD,Bournemouth,15,0,0,0,3,0,0,4,2.0,1.0,0.0,17.0,1.0,11.9,0.21,0.21,0.0,1.94,0.0,0.0,3.3,19.4,74.0,0.0,0.0,0.0,0.0,0.0,1.0,2.0,4.0,0.0,0.0,0.0,60.0,1.0,Man City,1.0,0.0,Nott'm Forest,Nott'm Forest,0.0,0.0,3.073601165420812,15210.0,0.5,1.536800582710406
frank_onyeka,1,2,MID,Coventry City,1,0,0,0,2,0,0,4,1.5,0.0,0.0,8.0,0.0,1.6,0.01,0.01,0.0,1.88,3.0,0.0,0.5,3.6,90.0,0.0,0.0,0.0,0.0,0.0,1.0,0.0,2.0,0.0,0.0,0.0,50.0,0.0,Arsenal,0.0,0.0,Crystal Palace,Crystal Palace,0.0,0.0,2.552800515914001,,0.6782227157728105,1.7313672987294253
fraser_forster,1,0,GK,Bournemouth,15,0,0,0,3,0,0,4,1.0,0.0,0.0,0.0,0.0,0.0,0.0,0.0,0.0,0.0,0.0,0.0,0.0,0.0,0.0,0.0,0.0,0.0,0.0,0.0,0.0,0.0,0.0,0.0,0.0,0.0,40.0,0.0,Man City,1.0,0.0,Nott'm Forest,Nott'm Forest,0.0,0.0,-0.40153009798232664,,2.0,-0.8030601959646533
freddie_woodman,1,0,GK,Liverpool,17,0,0,0,4,0,0,2,1.0,0.0,0.0,0.0,0.0,0.0,0.0,0.0,0.0,0.0,0.0,0.0,0.0,0.0,0.0,0.0,0.0,0.0,0.0,0.0,0.0,0.0,0.0,0.0,0.0,0.0,40.0,0.0,Newcastle,2.0,1.0,Man Utd,Man Utd,0.0,0.0,-0.2363921335119008,,2.0,-0.4727842670238016
gabriel_dos_santos_magalhaes,1,5,DEF,Arsenal,7,1,0,0,4,0,0,2,4.0,0.0,0.0,21.0,1.0,1.8,0.01,0.06,0.05,0.2,0.0,0.0,0.9,6.6,90.0,0.0,0.0,0.0,0.0,0.0,1.0,1.0,5.0,0.0,0.0,0.0,80.0,1.0,Coventry City,3.0,3.0,Newcastle,Newcastle,2.0,1.0,4.328738737479885,14972.0,1.117588837376478,4.837750092926667
gabriel_fernando_de_jesus,1,0,FWD,Arsenal,7,1,0,0,4,0,0,2,2.0,0.0,0.0,0.0,0.0,0.0,0.0,0.0,0.0,0.0,0.0,0.0,0.0,0.0,0.0,0.0,0.0,0.0,0.0,0.0,0.0,0.0,0.0,0.0,0.0,0.0,60.0,0.0,Coventry City,3.0,3.0,Newcastle,Newcastle,2.0,1.0,0.4585932383201723,,0.7837037037037036,0.3594012193649942
gabriel_gudmundsson,1,0,DEF,Leeds,18,0,0,0,3,0,0,3,0.0,0.0,0.0,0.0,0.0,0.0,0.0,0.0,0.0,0.0,0.0,0.0,0.0,0.0,0.0,0.0,0.0,0.0,0.0,0.0,0.0,0.0,0.0,0.0,0.0,0.0,45.0,0.0,Nott'm Forest,1.0,3.0,Chelsea,Chelsea,3.0,3.0,0.4758659338963491,,2.0,0.9517318677926982
gabriel_martinelli_silva,1,0,MID,Arsenal,7,1,0,0,4,0,0,2,2.3,0.0,0.0,0.0,0.0,0.0,0.0,0.0,0.0,0.0,0.0,0.0,0.0,0.0,0.0,0.0,0.0,0.0,0.0,0.0,0.0,0.0,0.0,0.0,0.0,0.0,65.0,0.0,Coventry City,3.0,3.0,Newcastle,Newcastle,2.0,1.0,0.8056713154065898,,2.0,1.6113426308131795
george_hemmings,1,2,MID,Aston Villa,5,0,0,0,4,0,0,2,1.0,0.0,0.0,12.0,0.0,11.6,0.0,0.0,0.0,3.77,4.0,0.0,2.4,10.6,90.0,0.0,0.0,0.0,0.0,0.0,1.0,2.0,2.0,0.0,0.0,0.0,45.0,0.0,Brighton,0.0,0.0,Sunderland,Sunderland,1.0,0.0,2.2148996656725433,,0.5,1.1074498328362716
george_hirst,1,0,FWD,Ipswich Town,20,1,0,0,2,0,0,3,0.0,0.0,0.0,0.0,0.0,0.0,0.0,0.0,0.0,0.0,0.0,0.0,0.0,0.0,0.0,0.0,0.0,0.0,0.0,0.0,0.0,0.0,0.0,0.0,0.0,0.0,50.0,0.0,Sunderland,2.0,3.0,Spurs,Spurs,0.0,0.0,0.12762450784229928,,0.6604244694132333,0.08428634787587554
george_shepherd,1,0,MID,Coventry City,1,0,0,0,2,0,0,4,1.0,0.0,0.0,0.0,0.0,0.0,0.0,0.0,0.0,0.0,0.0,0.0,0.0,0.0,0.0,0.0,0.0,0.0,0.0,0.0,0.0,0.0,0.0,0.0,0.0,0.0,45.0,0.0,Arsenal,0.0,0.0,Crystal Palace,Crystal Palace,0.0,0.0,0.19363675307093864,,0.6782227157728105,0.1313288445412011
georginio_rutter,1,5,FWD,Brighton,2,1,0,0,2,0,0,4,1.8,1.0,0.0,22.0,1.0,11.4,0.44,0.52,0.08,0.29,0.0,0.0,4.6,19.8,90.0,0.0,0.0,0.0,0.0,0.0,1.0,15.0,5.0,0.0,0.0,0.0,55.0,0.0,Aston Villa,4.0,3.0,Hull City,Hull City,2.0,3.0,3.302532849438454,14972.0,1.189655172413793,3.928875286400919
geovany_quenda,1,1,MID,Chelsea,10,0,0,0,4,0,0,2,2.0,0.0,0.0,2.0,0.0,0.3,0.0,0.0,0.0,0.09,0.0,0.0,0.4,1.2,8.0,0.0,0.0,0.0,0.0,0.0,0.0,2.0,1.0,0.0,0.0,0.0,55.0,0.0,Fulham,3.0,3.0,Leeds,Leeds,1.0,3.0,1.3554901526313476,,1.0654637504393782,1.4442256217062408
geronimo_rulli,1,0,GK,Man City,3,1,0,0,4,0,0,3,2.6,0.0,0.0,0.0,0.0,0.0,0.0,0.0,0.0,0.0,0.0,0.0,0.0,0.0,0.0,0.0,0.0,0.0,0.0,0.0,0.0,0.0,0.0,0.0,0.0,0.0,50.0,0.0,Bournemouth,2.0,3.0,Fulham,Fulham,2.0,0.0,0.49812918484434987,,1.5,0.7471937772665248
gianluigi_donnarumma,1,3,GK,Man City,3,1,0,0,4,0,0,3,3.3,0.0,0.0,12.0,0.0,0.0,0.0,0.0,0.0,0.65,1.0,0.0,2.7,26.8,90.0,0.0,0.0,0.0,0.0,3.0,1.0,0.0,3.0,0.0,0.0,0.0,55.0,0.0,Bournemouth,2.0,3.0,Fulham,Fulham,2.0,0.0,3.8049816073867273,14969.0,1.5,5.707472411080091
giorgi_mamardashvili,1,0,GK,Liverpool,17,0,0,0,4,0,0,2,2.6,0.0,0.0,0.0,0.0,0.0,0.0,0.0,0.0,0.0,0.0,0.0,0.0,0.0,0.0,0.0,0.0,0.0,0.0,0.0,0.0,0.0,0.0,0.0,0.0,0.0,50.0,0.0,Newcastle,2.0,1.0,Man Utd,Man Utd,0.0,0.0,0.03865237455756754,14969.0,2.0,0.07730474911513507
giovanni_leoni,1,0,DEF,Liverpool,17,0,0,0,4,0,0,2,0.0,0.0,0.0,0.0,0.0,0.0,0.0,0.0,0.0,0.0,0.0,0.0,0.0,0.0,0.0,0.0,0.0,0.0,0.0,0.0,0.0,0.0,0.0,0.0,0.0,0.0,40.0,0.0,Newcastle,2.0,1.0,Man Utd,Man Utd,0.0,0.0,0.03580727106422721,,1.4899357349188793,0.05335053272851889
gonzalo_garcia,1,6,FWD,Fulham,6,1,0,0,2,0,0,4,2.0,0.0,0.0,33.0,0.0,4.3,0.01,0.74,0.73,2.24,3.0,1.0,8.2,37.2,90.0,0.0,0.0,0.0,0.0,0.0,1.0,40.0,6.0,0.0,0.0,0.0,60.0,0.0,Chelsea,2.0,0.0,Man City,Man City,2.0,3.0,3.030266117088807,14973.0,2.0,6.060532234177614
granit_xhaka,1,9,MID,Sunderland,12,0,0,0,3,0,0,2,2.0,1.0,2.0,31.0,0.0,31.4,0.09,0.09,0.0,1.8,2.0,0.0,5.0,18.8,90.0,0.0,0.0,0.0,0.0,0.0,1.0,0.0,9.0,0.0,0.0,0.0,55.0,0.0,Ipswich Town,1.0,0.0,Aston Villa,Aston Villa,0.0,0.0,3.630529815030112,50210.0,1.7376667108663282,6.308650802385514
guglielmo_vicario,1,0,GK,Spurs,4,0,0,0,3,0,0,3,0.0,0.0,0.0,0.0,0.0,0.0,0.0,0.0,0.0,0.0,0.0,0.0,0.0,0.0,0.0,0.0,0.0,0.0,0.0,0.0,0.0,0.0,0.0,0.0,0.0,0.0,45.0,0.0,Brentford,0.0,0.0,Ipswich Town,Ipswich Town,2.0,3.0,0.3118337837868672,,0.5,0.1559168918934336
gustavo_hamer,1,1,MID,Coventry City,1,0,0,0,2,0,0,4,2.0,0.0,0.0,3.0,0.0,0.3,0.0,0.0,0.0,0.13,0.0,0.0,0.1,0.4,8.0,0.0,0.0,0.0,0.0,0.0,0.0,0.0,1.0,0.0,0.0,0.0,55.0,0.0,Arsenal,0.0,0.0,Crystal Palace,Crystal Palace,0.0,0.0,1.3258453942827386,,0.6782227157728105,0.8992184640053117
habib_diarra,1,1,MID,Sunderland,12,0,0,0,3,0,0,2,2.0,0.0,0.0,3.0,0.0,0.6,0.0,0.03,0.03,0.1,1.0,0.0,0.3,0.4,10.0,0.0,0.0,0.0,0.0,0.0,0.0,2.0,1.0,0.0,0.0,0.0,55.0,0.0,Ipswich Town,1.0,0.0,Aston Villa,Aston Villa,0.0,0.0,1.4004109954367605,,1.7376667108663282,2.433447568301636
haji_wright,1,0,FWD,Coventry City,1,0,0,0,2,0,0,4,0.0,0.0,0.0,0.0,0.0,0.0,0.0,0.0,0.0,0.0,0.0,0.0,0.0,0.0,0.0,0.0,0.0,0.0,0.0,0.0,0.0,0.0,0.0,0.0,0.0,0.0,55.0,0.0,Arsenal,0.0,0.0,Crystal Palace,Crystal Palace,0.0,0.0,0.19717843784586764,14973.0,1.6928601905845535,0.33379552787092004
hakon_rafn_valdimarsson,1,0,GK,Brentford,19,1,0,0,3,0,0,3,1.9,0.0,0.0,0.0,0.0,0.0,0.0,0.0,0.0,0.0,0.0,0.0,0.0,0.0,0.0,0.0,0.0,0.0,0.0,0.0,0.0,0.0,0.0,0.0,0.0,0.0,45.0,0.0,Spurs,3.0,3.0,Everton,Everton,2.0,3.0,0.7958382963299043,,2.0,1.5916765926598087
harrison_armstrong,1,8,MID,Everton,8,1,0,0,3,0,0,3,1.5,1.0,0.0,25.0,1.0,14.7,0.04,0.04,0.0,1.96,0.0,0.0,4.8,28.8,90.0,0.0,0.0,0.0,0.0,0.0,1.0,4.0,8.0,0.0,0.0,0.0,50.0,0.0,Crystal Palace,2.0,3.0,Brentford,Brentford,3.0,3.0,4.169491957985793,,0.5761082844092638,2.402078858773417
harrison_reed,1,0,MID,Fulham,6,1,0,0,2,0,0,4,1.0,0.0,0.0,0.0,0.0,0.0,0.0,0.0,0.0,0.0,0.0,0.0,0.0,0.0,0.0,0.0,0.0,0.0,0.0,0.0,0.0,0.0,0.0,0.0,0.0,0.0,45.0,0.0,Chelsea,2.0,0.0,Man City,Man City,2.0,3.0,0.22445459975671223,,0.7011697849587407,0.15738078344441414
harry_amass,1,0,DEF,Man Utd,11,0,0,0,4,0,0,2,1.0,0.0,0.0,0.0,0.0,0.0,0.0,0.0,0.0,0.0,0.0,0.0,0.0,0.0,0.0,0.0,0.0,0.0,0.0,0.0,0.0,0.0,0.0,0.0,0.0,0.0,40.0,0.0,Hull City,0.0,0.0,Liverpool,Liverpool,2.0,1.0,0.22868733419409604,,0.5,0.11434366709704802
harry_howell,1,0,MID,Brighton,2,1,0,0,2,0,0,4,0.0,0.0,0.0,0.0,0.0,0.0,0.0,0.0,0.0,0.0,0.0,0.0,0.0,0.0,0.0,0.0,0.0,0.0,0.0,0.0,0.0,0.0,0.0,0.0,0.0,0.0,45.0,0.0,Aston Villa,4.0,3.0,Hull City,Hull City,2.0,3.0,0.09317950590721513,,0.7701498559185207,0.07176218304900069
harry_maguire,1,1,DEF,Man Utd,11,0,0,0,4,0,0,2,2.2,0.0,0.0,15.0,0.0,28.6,0.4,0.44,0.04,1.01,2.0,0.0,7.3,25.4,90.0,0.0,0.0,0.0,0.0,0.0,1.0,19.0,1.0,0.0,0.0,0.0,50.0,0.0,Hull City,0.0,0.0,Liverpool,Liverpool,2.0,1.0,3.5812790446410556,14974.0,0.5,1.7906395223205278
harry_wilson,1,3,MID,Leeds,18,0,0,0,3,0,0,3,2.3,0.0,0.0,8.0,1.0,15.3,0.02,0.02,0.0,0.53,0.0,0.0,2.6,6.2,65.0,0.0,0.0,0.0,0.0,0.0,1.0,4.0,3.0,0.0,0.0,0.0,65.0,0.0,Nott'm Forest,1.0,3.0,Chelsea,Chelsea,3.0,3.0,2.7179346666572783,15210.0,0.9918904123390104,2.695893337221179
harvey_barnes,1,2,MID,Newcastle,14,1,0,0,2,0,0,4,2.2,0.0,0.0,12.0,0.0,2.4,0.02,0.09,0.07,2.98,2.0,0.0,1.7,5.2,90.0,0.0,0.0,0.0,0.0,0.0,1.0,9.0,2.0,0.0,0.0,0.0,60.0,0.0,Liverpool,2.0,1.0,Arsenal,Arsenal,3.0,3.0,3.006494700326998,,0.5142177086722499,1.5459928159374117
harvey_cartwright,1,0,GK,Hull City,16,1,0,0,2,0,0,4,0.0,0.0,0.0,0.0,0.0,0.0,0.0,0.0,0.0,0.0,0.0,0.0,0.0,0.0,0.0,0.0,0.0,0.0,0.0,0.0,0.0,0.0,0.0,0.0,0.0,0.0,40.0,0.0,Man Utd,2.0,3.0,Brighton,Brighton,4.0,3.0,0.8475453200662958,,2.0,1.6950906401325916
harvey_davies,1,0,GK,Liverpool,17,0,0,0,4,0,0,2,1.0,0.0,0.0,0.0,0.0,0.0,0.0,0.0,0.0,0.0,0.0,0.0,0.0,0.0,0.0,0.0,0.0,0.0,0.0,0.0,0.0,0.0,0.0,0.0,0.0,0.0,40.0,0.0,Newcastle,2.0,1.0,Man Utd,Man Utd,0.0,0.0,-0.2363921335119008,,2.0,-0.4727842670238016
harvey_elliott,1,0,MID,Liverpool,17,0,0,0,4,0,0,2,2.0,0.0,0.0,0.0,0.0,0.0,0.0,0.0,0.0,0.0,0.0,0.0,0.0,0.0,0.0,0.0,0.0,0.0,0.0,0.0,0.0,0.0,0.0,0.0,0.0,0.0,55.0,0.0,Newcastle,2.0,1.0,Man Utd,Man Utd,0.0,0.0,0.4894237720729069,,1.0548410285986136,0.5162642751539985
hayden_hackney,1,3,MID,Everton,8,1,0,0,3,0,0,3,2.0,0.0,0.0,16.0,1.0,12.2,0.01,0.02,0.01,1.62,0.0,0.0,2.6,8.6,78.0,0.0,0.0,0.0,0.0,0.0,1.0,5.0,3.0,0.0,0.0,0.0,55.0,0.0,Crystal Palace,2.0,3.0,Brentford,Brentford,3.0,3.0,2.6697142571635792,,0.5761082844092638,1.5380445005574617
hidemasa_morita,1,0,MID,Hull City,16,1,0,0,2,0,0,4,0.8,0.0,0.0,0.0,0.0,0.0,0.0,0.0,0.0,0.0,0.0,0.0,0.0,0.0,0.0,0.0,0.0,0.0,0.0,0.0,0.0,0.0,0.0,0.0,0.0,0.0,50.0,0.0,Man Utd,2.0,3.0,Brighton,Brighton,4.0,3.0,0.39159323472325336,,0.5,0.19579661736162668
hugo_ekitike,1,0,FWD,Liverpool,17,0,0,0,4,0,0,2,0.0,0.0,0.0,0.0,0.0,0.0,0.0,0.0,0.0,0.0,0.0,0.0,0.0,0.0,0.0,0.0,0.0,0.0,0.0,0.0,0.0,0.0,0.0,0.0,0.0,0.0,75.0,0.0,Newcastle,2.0,1.0,Man Utd,Man Utd,0.0,0.0,0.610052925917536,,0.6530864197530863,0.3984172812473784
ian_maatsen,1,0,DEF,Aston Villa,5,0,0,0,4,0,0,2,1.7,0.0,0.0,-9.0,0.0,0.8,0.0,0.03,0.03,3.62,4.0,0.0,1.3,9.2,81.0,0.0,0.0,0.0,0.0,0.0,1.0,3.0,0.0,0.0,0.0,0.0,45.0,0.0,Brighton,0.0,0.0,Sunderland,Sunderland,1.0,0.0,1.2800782691480452,,0.5,0.6400391345740226
ibrahim_osman,1,1,MID,Brighton,2,1,0,0,2,0,0,4,1.5,0.0,0.0,7.0,0.0,15.4,0.05,0.05,0.0,0.0,0.0,0.0,2.4,4.2,12.0,0.0,0.0,0.0,0.0,0.0,0.0,4.0,1.0,0.0,0.0,0.0,50.0,0.0,Aston Villa,4.0,3.0,Hull City,Hull City,2.0,3.0,1.459604468317342,,0.7701498559185207,1.12411417097263
ibrahim_sangare,1,2,MID,Nott'm Forest,13,1,0,0,3,0,0,3,1.5,0.0,0.0,10.0,0.0,13.0,0.01,0.04,0.03,0.47,1.0,0.0,3.4,17.8,90.0,0.0,0.0,0.0,0.0,0.0,1.0,3.0,2.0,0.0,0.0,0.0,50.0,0.0,Leeds,0.0,0.0,Bournemouth,Bournemouth,1.0,0.0,2.7146350650644586,,0.5855188667668813,1.5894700469821808
igor_jesus_maciel_da_cruz,1,2,FWD,Nott'm Forest,13,1,0,0,3,0,0,3,2.0,0.0,0.0,8.0,0.0,6.8,0.02,0.24,0.22,0.47,1.0,0.0,4.3,5.2,90.0,0.0,0.0,0.0,0.0,0.0,1.0,31.0,2.0,0.0,0.0,0.0,60.0,0.0,Leeds,0.0,0.0,Bournemouth,Bournemouth,1.0,0.0,3.567672843844028,15210.0,0.5,1.783836421922014
igor_julio_dos_santos_de_paulo,1,0,DEF,Brighton,2,1,0,0,2,0,0,4,1.7,0.0,0.0,0.0,0.0,0.0,0.0,0.0,0.0,0.0,0.0,0.0,0.0,0.0,0.0,0.0,0.0,0.0,0.0,0.0,0.0,0.0,0.0,0.0,0.0,0.0,45.0,0.0,Aston Villa,4.0,3.0,Hull City,Hull City,2.0,3.0,0.6752923802788282,,1.4975884446684624,1.011310065478234
igor_thiago_nascimento_rodrigues,1,0,FWD,Brentford,19,1,0,0,3,0,0,3,2.5,0.0,0.0,-3.0,1.0,4.0,0.08,1.08,1.0,0.5,0.0,0.0,1.4,2.2,82.0,0.0,1.0,0.0,0.0,0.0,1.0,8.0,0.0,0.0,0.0,0.0,80.0,0.0,Spurs,3.0,3.0,Everton,Everton,2.0,3.0,4.182089219260582,79641.0,0.5,2.091044609630291
ilia_gruev,1,0,MID,Leeds,18,0,0,0,3,0,0,3,0.0,0.0,0.0,0.0,0.0,0.0,0.0,0.0,0.0,0.0,0.0,0.0,0.0,0.0,0.0,0.0,0.0,0.0,0.0,0.0,0.0,0.0,0.0,0.0,0.0,0.0,50.0,0.0,Nott'm Forest,1.0,3.0,Chelsea,Chelsea,3.0,3.0,0.3051039334955634,,0.9918904123390104,0.3026296664011684
iliman_ndiaye,1,9,MID,Everton,8,1,0,0,3,0,0,3,2.2,1.0,1.0,36.0,1.0,39.8,0.32,0.56,0.24,1.96,0.0,0.0,12.9,40.8,90.0,0.0,0.0,0.0,0.0,0.0,1.0,48.0,9.0,0.0,0.0,0.0,60.0,0.0,Crystal Palace,2.0,3.0,Brentford,Brentford,3.0,3.0,5.349845629374576,14969.0,0.5761082844092638,3.082090387393385
illan_meslier,1,0,GK,Arsenal,7,1,0,0,4,0,0,2,2.6,0.0,0.0,0.0,0.0,0.0,0.0,0.0,0.0,0.0,0.0,0.0,0.0,0.0,0.0,0.0,0.0,0.0,0.0,0.0,0.0,0.0,0.0,0.0,0.0,0.0,50.0,0.0,Coventry City,3.0,3.0,Newcastle,Newcastle,2.0,1.0,0.6790217815252244,,2.0,1.3580435630504488
ismaila_sarr,1,0,MID,Crystal Palace,9,0,0,0,3,0,0,3,2.3,0.0,0.0,0.0,0.0,0.0,0.0,0.0,0.0,0.0,0.0,0.0,0.0,0.0,0.0,0.0,0.0,0.0,0.0,0.0,0.0,0.0,0.0,0.0,0.0,0.0,65.0,0.0,Everton,0.0,0.0,Coventry City,Coventry City,0.0,0.0,0.7974678510820896,14971.0,1.0089732419121291,0.8046237230269949
issa_diop,1,2,DEF,Ipswich Town,20,1,0,0,2,0,0,3,1.0,0.0,0.0,7.0,0.0,0.8,0.01,0.01,0.0,0.66,1.0,0.0,1.0,7.2,90.0,0.0,0.0,0.0,0.0,0.0,1.0,2.0,2.0,0.0,0.0,0.0,40.0,0.0,Sunderland,2.0,3.0,Spurs,Spurs,0.0,0.0,2.627542688066878,,2.0,5.255085376133756
jack_butland,1,0,GK,Hull City,16,1,0,0,2,0,0,4,0.0,0.0,0.0,0.0,0.0,0.0,0.0,0.0,0.0,0.0,0.0,0.0,0.0,0.0,0.0,0.0,0.0,0.0,0.0,0.0,0.0,0.0,0.0,0.0,0.0,0.0,45.0,0.0,Man Utd,2.0,3.0,Brighton,Brighton,4.0,3.0,0.9898715239402894,,2.0,1.9797430478805789
jack_clarke,1,7,MID,Ipswich Town,20,1,0,0,2,0,0,3,2.0,0.0,1.0,27.0,0.0,0.6,0.0,0.1,0.1,0.03,0.0,1.0,5.2,33.6,19.0,0.0,0.0,0.0,0.0,0.0,0.0,18.0,7.0,0.0,0.0,0.0,55.0,0.0,Sunderland,2.0,3.0,Spurs,Spurs,0.0,0.0,2.022407366608454,,1.8846191761647035,3.8114677051270522
jack_fletcher,1,0,MID,Man Utd,11,0,0,0,4,0,0,2,1.5,0.0,0.0,0.0,0.0,0.0,0.0,0.0,0.0,0.0,0.0,0.0,0.0,0.0,0.0,0.0,0.0,0.0,0.0,0.0,0.0,0.0,0.0,0.0,0.0,0.0,50.0,0.0,Hull City,0.0,0.0,Liverpool,Liverpool,2.0,1.0,0.4263348801608433,,0.5,0.21316744008042166
jack_grealish,1,1,MID,Man City,3,1,0,0,4,0,0,3,2.3,0.0,0.0,2.0,0.0,0.6,0.0,0.0,0.0,0.0,0.0,0.0,0.2,1.0,8.0,0.0,0.0,0.0,0.0,0.0,0.0,0.0,1.0,0.0,0.0,0.0,65.0,0.0,Bournemouth,2.0,3.0,Fulham,Fulham,2.0,0.0,1.6406378231238452,,1.625283687110916,2.66650189038035
jack_harrison,1,0,MID,Leeds,18,0,0,0,3,0,0,3,0.0,0.0,0.0,0.0,0.0,0.0,0.0,0.0,0.0,0.0,0.0,0.0,0.0,0.0,0.0,0.0,0.0,0.0,0.0,0.0,0.0,0.0,0.0,0.0,0.0,0.0,50.0,0.0,Nott'm Forest,1.0,3.0,Chelsea,Chelsea,3.0,3.0,0.3051039334955634,,0.9918904123390104,0.3026296664011684
jack_hinshelwood,1,16,MID,Brighton,2,1,0,0,2,0,0,4,2.2,0.0,3.0,54.0,1.0,13.4,0.02,1.43,1.41,0.19,0.0,2.0,14.5,72.8,63.0,0.0,0.0,0.0,0.0,0.0,1.0,59.0,16.0,0.0,0.0,0.0,60.0,0.0,Aston Villa,4.0,3.0,Hull City,Hull City,2.0,3.0,3.6377737399856573,,0.7701498559185207,2.801630921714132
jack_rudoni,1,1,MID,Coventry City,1,0,0,0,2,0,0,4,1.5,0.0,0.0,3.0,0.0,3.8,0.0,0.15,0.15,0.29,0.0,0.0,2.6,5.6,20.0,0.0,0.0,0.0,0.0,0.0,0.0,17.0,1.0,0.0,0.0,0.0,50.0,0.0,Arsenal,0.0,0.0,Crystal Palace,Crystal Palace,0.0,0.0,1.8947740565274998,,0.6782227157728105,1.2850788063939456
jack_taylor,1,0,MID,Ipswich Town,20,1,0,0,2,0,0,3,0.0,0.0,0.0,0.0,0.0,0.0,0.0,0.0,0.0,0.0,0.0,0.0,0.0,0.0,0.0,0.0,0.0,0.0,0.0,0.0,0.0,0.0,0.0,0.0,0.0,0.0,45.0,0.0,Sunderland,2.0,3.0,Spurs,Spurs,0.0,0.0,0.062361659221441545,,1.8846191761647035,0.11752797882617716
jacob_greaves,1,2,DEF,Ipswich Town,20,1,0,0,2,0,0,3,1.0,0.0,0.0,12.0,0.0,1.3,0.0,0.0,0.0,0.66,1.0,0.0,1.8,16.4,90.0,0.0,0.0,0.0,0.0,0.0,1.0,0.0,2.0,0.0,0.0,0.0,40.0,0.0,Sunderland,2.0,3.0,Spurs,Spurs,0.0,0.0,2.4428174023326337,,2.0,4.885634804665267
jacob_murphy,1,0,MID,Newcastle,14,1,0,0,2,0,0,4,2.2,0.0,0.0,-1.0,0.0,0.1,0.0,0.0,0.0,1.04,1.0,0.0,0.1,0.0,14.0,0.0,0.0,0.0,0.0,0.0,0.0,2.0,0.0,0.0,0.0,0.0,60.0,1.0,Liverpool,2.0,1.0,Arsenal,Arsenal,3.0,3.0,1.5027319558793986,,0.5142177086722499,0.7727313831008729
jacob_ramsey,1,0,MID,Newcastle,14,1,0,0,2,0,0,4,1.5,0.0,0.0,1.0,0.0,1.3,0.01,0.07,0.06,1.5,1.0,0.0,1.3,7.8,34.0,0.0,0.0,0.0,0.0,0.0,0.0,4.0,0.0,0.0,0.0,0.0,50.0,1.0,Liverpool,2.0,1.0,Arsenal,Arsenal,3.0,3.0,1.8761236530788747,,0.5142177086722499,0.9647360060720301
jaden_philogene,1,0,MID,Ipswich Town,20,1,0,0,2,0,0,3,2.0,0.0,0.0,0.0,0.0,0.0,0.0,0.0,0.0,0.0,0.0,0.0,0.0,0.0,0.0,0.0,0.0,0.0,0.0,0.0,0.0,0.0,0.0,0.0,0.0,0.0,55.0,0.0,Sunderland,2.0,3.0,Spurs,Spurs,0.0,0.0,0.4917855922165706,,1.8846191761647035,0.9268285576528641
jahnoah_markelo,1,0,FWD,Coventry City,1,0,0,0,2,0,0,4,0.0,0.0,0.0,0.0,0.0,0.0,0.0,0.0,0.0,0.0,0.0,0.0,0.0,0.0,0.0,0.0,0.0,0.0,0.0,0.0,0.0,0.0,0.0,0.0,0.0,0.0,50.0,0.0,Arsenal,0.0,0.0,Crystal Palace,Crystal Palace,0.0,0.0,0.10802546489424003,,1.6928601905845535,0.18287200908884818
jaidon_anthony,1,1,MID,Brentford,19,1,0,0,3,0,0,3,2.2,0.0,0.0,9.0,0.0,34.9,0.35,0.38,0.03,0.1,0.0,0.0,4.7,10.6,23.0,0.0,0.0,0.0,0.0,0.0,0.0,1.0,1.0,0.0,0.0,0.0,60.0,0.0,Spurs,3.0,3.0,Everton,Everton,2.0,3.0,2.5601764057349885,,1.1173235652211289,2.8605454292508328
jair_paula_da_cunha_filho,1,1,DEF,Nott'm Forest,13,1,0,0,3,0,0,3,1.7,0.0,0.0,5.0,0.0,1.3,0.0,0.0,0.0,0.47,1.0,0.0,2.2,20.8,90.0,0.0,0.0,0.0,0.0,0.0,1.0,0.0,1.0,0.0,0.0,0.0,45.0,1.0,Leeds,0.0,0.0,Bournemouth,Bournemouth,1.0,0.0,2.887749586597894,,1.986317939310555,5.735988808096036
jaka_bijol,1,10,DEF,Leeds,18,0,0,0,3,0,0,3,2.2,0.0,2.0,28.0,1.0,0.4,0.0,0.11,0.11,0.66,0.0,0.0,3.9,23.6,90.0,0.0,0.0,0.0,0.0,0.0,1.0,15.0,10.0,0.0,0.0,0.0,50.0,0.0,Nott'm Forest,1.0,3.0,Chelsea,Chelsea,3.0,3.0,4.013280685407036,,2.0,8.026561370814072
jake_bidwell,1,0,DEF,Coventry City,1,0,0,0,2,0,0,4,1.0,0.0,0.0,0.0,0.0,0.0,0.0,0.0,0.0,0.0,0.0,0.0,0.0,0.0,0.0,0.0,0.0,0.0,0.0,0.0,0.0,0.0,0.0,0.0,0.0,0.0,40.0,0.0,Arsenal,0.0,0.0,Crystal Palace,Crystal Palace,0.0,0.0,0.08715912985043506,,1.2503122131069258,0.10897612453577137
jake_o'brien,1,0,DEF,Everton,8,1,0,0,3,0,0,3,2.2,0.0,0.0,0.0,0.0,0.0,0.0,0.0,0.0,0.0,0.0,0.0,0.0,0.0,0.0,0.0,0.0,0.0,0.0,0.0,0.0,0.0,0.0,0.0,0.0,0.0,50.0,0.0,Crystal Palace,2.0,3.0,Brentford,Brentford,3.0,3.0,0.9333758873564597,,2.0,1.8667517747129194
james_garner,1,1,MID,Everton,8,1,0,0,3,0,0,3,0.5,0.0,0.0,6.0,0.0,11.8,0.03,0.03,0.0,0.34,0.0,0.0,1.9,4.8,11.0,0.0,0.0,0.0,0.0,0.0,0.0,2.0,1.0,0.0,0.0,0.0,60.0,0.0,Crystal Palace,2.0,3.0,Brentford,Brentford,3.0,3.0,1.5344872255310804,,0.5761082844092638,0.8840308029486418
james_hill,1,1,DEF,Bournemouth,15,0,0,0,3,0,0,4,2.5,0.0,0.0,0.0,0.0,0.3,0.0,0.0,0.0,2.25,2.0,0.0,1.2,11.6,90.0,0.0,0.0,0.0,0.0,0.0,1.0,0.0,1.0,0.0,0.0,0.0,55.0,0.0,Man City,1.0,0.0,Nott'm Forest,Nott'm Forest,0.0,0.0,2.391107424040115,14969.0,1.3197740027239773,3.155721415968441
james_justin,1,10,DEF,Leeds,18,0,0,0,3,0,0,3,1.7,0.0,2.0,28.0,1.0,2.3,0.01,0.01,0.0,0.66,0.0,0.0,2.9,24.6,90.0,0.0,0.0,0.0,0.0,0.0,1.0,2.0,10.0,0.0,0.0,0.0,45.0,0.0,Nott'm Forest,1.0,3.0,Chelsea,Chelsea,3.0,3.0,3.55355131537006,,2.0,7.10710263074012
james_maddison,1,1,MID,Spurs,4,0,0,0,3,0,0,3,2.3,0.0,0.0,6.0,0.0,8.3,0.01,0.01,0.0,0.85,0.0,0.0,2.1,4.4,22.0,0.0,0.0,0.0,0.0,0.0,0.0,8.0,1.0,0.0,0.0,0.0,65.0,0.0,Brentford,0.0,0.0,Ipswich Town,Ipswich Town,2.0,3.0,2.2499260917356105,14972.0,0.5,1.1249630458678053
james_mcatee,1,3,MID,Nott'm Forest,13,1,0,0,3,0,0,3,2.0,0.0,0.0,18.0,1.0,42.5,0.16,0.16,0.0,0.34,0.0,0.0,5.4,11.6,73.0,0.0,0.0,0.0,0.0,0.0,1.0,0.0,3.0,0.0,0.0,0.0,55.0,0.0,Leeds,0.0,0.0,Bournemouth,Bournemouth,1.0,0.0,2.8023363212408983,,0.5855188667668813,1.6408207871126417
james_mcconnell,1,0,MID,Liverpool,17,0,0,0,4,0,0,2,1.0,0.0,0.0,0.0,0.0,0.0,0.0,0.0,0.0,0.0,0.0,0.0,0.0,0.0,0.0,0.0,0.0,0.0,0.0,0.0,0.0,0.0,0.0,0.0,0.0,0.0,45.0,0.0,Newcastle,2.0,1.0,Man Utd,Man Utd,0.0,0.0,0.15445049388485432,,1.0548410285986136,0.1629207178370636
james_rowswell,1,0,DEF,Spurs,4,0,0,0,3,0,0,3,1.0,0.0,0.0,0.0,0.0,0.0,0.0,0.0,0.0,0.0,0.0,0.0,0.0,0.0,0.0,0.0,0.0,0.0,0.0,0.0,0.0,0.0,0.0,0.0,0.0,0.0,40.0,0.0,Brentford,0.0,0.0,Ipswich Town,Ipswich Town,2.0,3.0,0.256531805833768,,0.5,0.128265902916884
james_tarkowski,1,6,DEF,Everton,8,1,0,0,3,0,0,3,2.8,0.0,0.0,25.0,1.0,0.8,0.0,0.05,0.05,1.96,0.0,0.0,2.0,15.2,90.0,0.0,0.0,0.0,0.0,0.0,1.0,4.0,6.0,0.0,0.0,0.0,60.0,0.0,Crystal Palace,2.0,3.0,Brentford,Brentford,3.0,3.0,2.8015366192558395,14973.0,2.0,5.603073238511679
james_trafford,1,9,GK,Leeds,18,0,0,0,3,0,0,3,2.6,0.0,2.0,28.0,1.0,0.0,0.0,0.0,0.0,0.66,0.0,0.0,1.9,19.4,90.0,0.0,0.0,0.0,0.0,3.0,1.0,0.0,9.0,0.0,0.0,0.0,50.0,0.0,Nott'm Forest,1.0,3.0,Chelsea,Chelsea,3.0,3.0,4.4036033218195625,50210.0,2.0,8.807206643639125
jamie_bynoe_gittens,1,0,MID,Chelsea,10,0,0,0,4,0,0,2,2.2,0.0,0.0,0.0,0.0,0.0,0.0,0.0,0.0,0.0,0.0,0.0,0.0,0.0,0.0,0.0,0.0,0.0,0.0,0.0,0.0,0.0,0.0,0.0,0.0,0.0,60.0,0.0,Fulham,3.0,3.0,Leeds,Leeds,1.0,3.0,0.6508261041722188,,1.0654637504393782,0.6934316218351817
jan_paul_van_hecke,1,1,DEF,Spurs,4,0,0,0,3,0,0,3,2.2,0.0,0.0,3.0,0.0,2.8,0.03,0.03,0.0,3.87,3.0,0.0,3.3,28.2,90.0,0.0,0.0,0.0,0.0,0.0,1.0,2.0,1.0,0.0,0.0,0.0,50.0,0.0,Brentford,0.0,0.0,Ipswich Town,Ipswich Town,2.0,3.0,1.9385552543424966,14970.0,0.5,0.9692776271712483
jannik_schuster,1,0,DEF,Brentford,19,1,0,0,3,0,0,3,1.7,0.0,0.0,0.0,0.0,0.0,0.0,0.0,0.0,0.0,0.0,0.0,0.0,0.0,0.0,0.0,0.0,0.0,0.0,0.0,0.0,0.0,0.0,0.0,0.0,0.0,45.0,0.0,Spurs,3.0,3.0,Everton,Everton,2.0,3.0,0.6545815875202331,,2.0,1.3091631750404662
jarrad_branthwaite,1,6,DEF,Everton,8,1,0,0,3,0,0,3,2.5,0.0,0.0,27.0,1.0,0.8,0.01,0.01,0.0,1.96,0.0,0.0,2.5,18.6,90.0,0.0,0.0,0.0,0.0,0.0,1.0,6.0,6.0,0.0,0.0,0.0,55.0,0.0,Crystal Palace,2.0,3.0,Brentford,Brentford,3.0,3.0,2.7477641535964277,61014.0,2.0,5.495528307192855
jason_steele,1,0,GK,Brighton,2,1,0,0,2,0,0,4,1.0,0.0,0.0,0.0,0.0,0.0,0.0,0.0,0.0,0.0,0.0,0.0,0.0,0.0,0.0,0.0,0.0,0.0,0.0,0.0,0.0,0.0,0.0,0.0,0.0,0.0,40.0,0.0,Aston Villa,4.0,3.0,Hull City,Hull City,2.0,3.0,0.7123395014212911,,1.5,1.0685092521319366
jay_dasilva,1,1,DEF,Coventry City,1,0,0,0,2,0,0,4,1.0,0.0,0.0,-4.0,0.0,3.8,0.02,0.02,0.0,1.88,3.0,0.0,1.8,13.8,90.0,0.0,0.0,0.0,0.0,0.0,1.0,0.0,1.0,0.0,0.0,0.0,40.0,0.0,Arsenal,0.0,0.0,Crystal Palace,Crystal Palace,0.0,0.0,2.1052334150847316,,1.2503122131069258,2.6321990503212422
jaydee_canvot,1,1,DEF,Crystal Palace,9,0,0,0,3,0,0,3,2.2,0.0,0.0,9.0,0.0,5.7,0.01,0.06,0.05,1.12,2.0,0.0,3.8,27.4,90.0,0.0,0.0,0.0,0.0,0.0,1.0,5.0,1.0,0.0,0.0,0.0,50.0,0.0,Everton,0.0,0.0,Coventry City,Coventry City,0.0,0.0,2.587544452747016,,1.7871465150029202,4.624321051141968
jayden_bogle,1,6,DEF,Leeds,18,0,0,0,3,0,0,3,1.7,0.0,0.0,24.0,1.0,1.1,0.0,0.0,0.0,0.66,0.0,0.0,0.8,7.0,90.0,0.0,0.0,0.0,0.0,0.0,1.0,0.0,6.0,0.0,0.0,0.0,45.0,0.0,Nott'm Forest,1.0,3.0,Chelsea,Chelsea,3.0,3.0,2.6407809164166283,,2.0,5.2815618328332565
jayden_danns,1,0,FWD,Liverpool,17,0,0,0,4,0,0,2,0.0,0.0,0.0,0.0,0.0,0.0,0.0,0.0,0.0,0.0,0.0,0.0,0.0,0.0,0.0,0.0,0.0,0.0,0.0,0.0,0.0,0.0,0.0,0.0,0.0,0.0,45.0,0.0,Newcastle,2.0,1.0,Man Utd,Man Utd,0.0,0.0,0.07513508820777126,,0.6530864197530863,0.04906970575544567
jayden_lienou,1,0,DEF,Leeds,18,0,0,0,3,0,0,3,1.0,0.0,0.0,0.0,0.0,0.0,0.0,0.0,0.0,0.0,0.0,0.0,0.0,0.0,0.0,0.0,0.0,0.0,0.0,0.0,0.0,0.0,0.0,0.0,0.0,0.0,40.0,0.0,Nott'm Forest,1.0,3.0,Chelsea,Chelsea,3.0,3.0,0.4176024011827988,,2.0,0.8352048023655976
jean_philippe_mateta,1,2,FWD,Crystal Palace,9,0,0,0,3,0,0,3,2.1,0.0,0.0,-3.0,0.0,12.3,0.02,0.72,0.7,0.98,2.0,0.0,2.5,1.4,62.0,0.0,0.0,0.0,0.0,0.0,1.0,11.0,2.0,0.0,0.0,0.0,65.0,0.0,Everton,0.0,0.0,Coventry City,Coventry City,0.0,0.0,2.747047105999034,79641.0,0.9796296296296295,2.691088739024979
jefferson_lerma_solis,1,0,MID,Crystal Palace,9,0,0,0,3,0,0,3,1.5,0.0,0.0,0.0,0.0,0.0,0.0,0.0,0.0,0.0,0.0,0.0,0.0,0.0,0.0,0.0,0.0,0.0,0.0,0.0,0.0,0.0,0.0,0.0,0.0,0.0,50.0,0.0,Everton,0.0,0.0,Coventry City,Coventry City,0.0,0.0,0.3611233921649648,,1.0089732419121291,0.3643638397229897
jens_hjerto_dahl,1,0,MID,Hull City,16,1,0,0,2,0,0,4,1.5,0.0,0.0,0.0,0.0,0.0,0.0,0.0,0.0,0.0,0.0,0.0,0.0,0.0,0.0,0.0,0.0,0.0,0.0,0.0,0.0,0.0,0.0,0.0,0.0,0.0,50.0,0.0,Man Utd,2.0,3.0,Brighton,Brighton,4.0,3.0,0.45770869308820705,,0.5,0.22885434654410353
jenson_seelt,1,0,DEF,Sunderland,12,0,0,0,3,0,0,2,1.7,0.0,0.0,0.0,0.0,0.0,0.0,0.0,0.0,0.0,0.0,0.0,0.0,0.0,0.0,0.0,0.0,0.0,0.0,0.0,0.0,0.0,0.0,0.0,0.0,0.0,45.0,0.0,Ipswich Town,1.0,0.0,Aston Villa,Aston Villa,0.0,0.0,0.3672305076911868,,1.472970552427337,0.5409197237820589
jeremie_frimpong,1,0,DEF,Liverpool,17,0,0,0,4,0,0,2,2.5,0.0,0.0,3.0,0.0,37.8,0.09,0.1,0.01,1.58,2.0,0.0,6.1,13.6,90.0,0.0,0.0,0.0,0.0,0.0,1.0,10.0,0.0,0.0,0.0,0.0,55.0,1.0,Newcastle,2.0,1.0,Man Utd,Man Utd,0.0,0.0,3.036189713405923,14969.0,1.4899357349188793,4.523727551996595
jeremy_doku,1,0,MID,Man City,3,1,0,0,4,0,0,3,0.0,0.0,0.0,0.0,0.0,0.0,0.0,0.0,0.0,0.0,0.0,0.0,0.0,0.0,0.0,0.0,0.0,0.0,0.0,0.0,0.0,0.0,0.0,0.0,0.0,0.0,75.0,0.0,Bournemouth,2.0,3.0,Fulham,Fulham,2.0,0.0,0.846154253386342,79641.0,1.625283687110916,1.3752407048083382
jeremy_jacquet,1,1,DEF,Liverpool,17,0,0,0,4,0,0,2,2.2,0.0,0.0,9.0,0.0,11.9,0.02,0.02,0.0,1.04,2.0,0.0,2.4,12.4,69.0,0.0,0.0,0.0,0.0,0.0,1.0,0.0,1.0,0.0,0.0,0.0,50.0,0.0,Newcastle,2.0,1.0,Man Utd,Man Utd,0.0,0.0,1.827800467687251,14973.0,1.4899357349188793,2.723305233108676
jeremy_monga,1,0,MID,Man City,3,1,0,0,4,0,0,3,1.5,0.0,0.0,0.0,0.0,0.0,0.0,0.0,0.0,0.0,0.0,0.0,0.0,0.0,0.0,0.0,0.0,0.0,0.0,0.0,0.0,0.0,0.0,0.0,0.0,0.0,50.0,0.0,Bournemouth,2.0,3.0,Fulham,Fulham,2.0,0.0,0.3865236771445173,,1.625283687110916,0.6282106271451103
jesurun_rak_sakyi,1,0,MID,Crystal Palace,9,0,0,0,3,0,0,3,1.5,0.0,0.0,0.0,0.0,0.0,0.0,0.0,0.0,0.0,0.0,0.0,0.0,0.0,0.0,0.0,0.0,0.0,0.0,0.0,0.0,0.0,0.0,0.0,0.0,0.0,50.0,0.0,Everton,0.0,0.0,Coventry City,Coventry City,0.0,0.0,0.3611233921649648,,1.0089732419121291,0.3643638397229897
joachim_andersen,1,0,DEF,Fulham,6,1,0,0,2,0,0,4,0.0,0.0,0.0,0.0,0.0,0.0,0.0,0.0,0.0,0.0,0.0,0.0,0.0,0.0,0.0,0.0,0.0,0.0,0.0,0.0,0.0,0.0,0.0,0.0,0.0,0.0,50.0,0.0,Chelsea,2.0,0.0,Man City,Man City,2.0,3.0,0.5327728405242985,,0.5,0.26638642026214926
joao_gomes,1,-2,MID,Aston Villa,5,0,0,0,4,0,0,2,0.0,0.0,0.0,-2.0,0.0,11.0,0.01,0.01,0.0,2.58,4.0,0.0,1.2,1.0,39.0,0.0,0.0,0.0,1.0,0.0,1.0,0.0,-2.0,0.0,0.0,0.0,55.0,0.0,Brighton,0.0,0.0,Sunderland,Sunderland,1.0,0.0,-2.073661451664667,,0.5,-1.0368307258323335
joao_pedro_junqueira_de_jesus,1,11,FWD,Chelsea,10,0,0,0,4,0,0,2,2.4,1.0,2.0,45.0,0.0,23.0,0.06,0.69,0.63,1.33,2.0,1.0,11.1,51.2,90.0,0.0,0.0,0.0,0.0,0.0,1.0,37.0,11.0,0.0,0.0,0.0,75.0,0.0,Fulham,3.0,3.0,Leeds,Leeds,1.0,3.0,4.53855299536276,61014.0,2.0,9.07710599072552
joao_pedro_loureiro_da_costa,1,1,DEF,Brighton,2,1,0,0,2,0,0,4,1.7,0.0,0.0,7.0,0.0,1.9,0.0,0.12,0.12,0.1,0.0,0.0,2.8,8.2,26.0,0.0,0.0,0.0,0.0,0.0,0.0,18.0,1.0,0.0,0.0,0.0,45.0,0.0,Aston Villa,4.0,3.0,Hull City,Hull City,2.0,3.0,2.30399298328,,1.4975884446684624,3.450433268357346
joao_victor_de_souza_menezes,1,0,DEF,Spurs,4,0,0,0,3,0,0,3,1.0,0.0,0.0,0.0,0.0,0.0,0.0,0.0,0.0,0.0,0.0,0.0,0.0,0.0,0.0,0.0,0.0,0.0,0.0,0.0,0.0,0.0,0.0,0.0,0.0,0.0,40.0,0.0,Brentford,0.0,0.0,Ipswich Town,Ipswich Town,2.0,3.0,0.256531805833768,,0.5,0.128265902916884
joe_gelhardt,1,0,MID,Hull City,16,1,0,0,2,0,0,4,0.0,0.0,0.0,0.0,0.0,0.0,0.0,0.0,0.0,0.0,0.0,0.0,0.0,0.0,0.0,0.0,0.0,0.0,0.0,0.0,0.0,0.0,0.0,0.0,0.0,0.0,50.0,0.0,Man Utd,2.0,3.0,Brighton,Brighton,4.0,3.0,0.3160327108775922,,0.5,0.1580163554387961
joe_gomez,1,0,DEF,Liverpool,17,0,0,0,4,0,0,2,0.0,0.0,0.0,0.0,0.0,0.0,0.0,0.0,0.0,0.0,0.0,0.0,0.0,0.0,0.0,0.0,0.0,0.0,0.0,0.0,0.0,0.0,0.0,0.0,0.0,0.0,50.0,0.0,Newcastle,2.0,1.0,Man Utd,Man Utd,0.0,0.0,0.38891910398380647,,1.4899357349188793,0.5794644710181047
joe_rodon,1,6,DEF,Leeds,18,0,0,0,3,0,0,3,1.7,0.0,0.0,21.0,1.0,14.4,0.06,0.09,0.03,0.66,0.0,0.0,3.4,14.4,90.0,0.0,0.0,0.0,0.0,0.0,1.0,5.0,6.0,0.0,0.0,0.0,45.0,0.0,Nott'm Forest,1.0,3.0,Chelsea,Chelsea,3.0,3.0,2.835929660268497,,2.0,5.671859320536994
joe_willock,1,6,MID,Newcastle,14,1,0,0,2,0,0,4,1.5,0.0,0.0,28.0,0.0,13.9,0.17,0.26,0.09,1.5,1.0,1.0,6.1,38.4,34.0,0.0,0.0,0.0,0.0,0.0,0.0,9.0,6.0,0.0,0.0,0.0,50.0,0.0,Liverpool,2.0,1.0,Arsenal,Arsenal,3.0,3.0,2.6948952481614454,,0.5142177086722499,1.3857628596213127
joel_drakes_thomas,1,0,MID,Crystal Palace,9,0,0,0,3,0,0,3,1.0,0.0,0.0,0.0,0.0,0.0,0.0,0.0,0.0,0.0,0.0,0.0,0.0,0.0,0.0,0.0,0.0,0.0,0.0,0.0,0.0,0.0,0.0,0.0,0.0,0.0,45.0,0.0,Everton,0.0,0.0,Coventry City,Coventry City,0.0,0.0,0.19363675307093864,,1.0089732419121291,0.1953743024993234
joel_latibeaudiere,1,0,DEF,Coventry City,1,0,0,0,2,0,0,4,1.0,0.0,0.0,0.0,0.0,0.0,0.0,0.0,0.0,0.0,0.0,0.0,0.0,0.0,0.0,0.0,0.0,0.0,0.0,0.0,0.0,0.0,0.0,0.0,0.0,0.0,40.0,0.0,Arsenal,0.0,0.0,Crystal Palace,Crystal Palace,0.0,0.0,0.08715912985043506,,1.2503122131069258,0.10897612453577137
joel_piroe,1,0,FWD,Leeds,18,0,0,0,3,0,0,3,0.0,0.0,0.0,0.0,0.0,0.0,0.0,0.0,0.0,0.0,0.0,0.0,0.0,0.0,0.0,0.0,0.0,0.0,0.0,0.0,0.0,0.0,0.0,0.0,0.0,0.0,50.0,0.0,Nott'm Forest,1.0,3.0,Chelsea,Chelsea,3.0,3.0,0.10632713669638849,,0.5,0.053163568348194246
joelinton_cassio_apolinario_de_lira,1,0,MID,Newcastle,14,1,0,0,2,0,0,4,0.0,0.0,0.0,0.0,0.0,0.0,0.0,0.0,0.0,0.0,0.0,0.0,0.0,0.0,0.0,0.0,0.0,0.0,0.0,0.0,0.0,0.0,0.0,0.0,0.0,0.0,55.0,0.0,Liverpool,2.0,1.0,Arsenal,Arsenal,3.0,3.0,0.40281984041343,,0.5142177086722499,0.20713709534511535
johan_manzambi,1,0,MID,Aston Villa,5,0,0,0,4,0,0,2,0.0,0.0,0.0,0.0,0.0,0.0,0.0,0.0,0.0,0.0,0.0,0.0,0.0,0.0,0.0,0.0,0.0,0.0,0.0,0.0,0.0,0.0,0.0,0.0,0.0,0.0,60.0,0.0,Brighton,0.0,0.0,Sunderland,Sunderland,1.0,0.0,0.4910823953463124,,0.5,0.2455411976731562
john_egan,1,8,DEF,Hull City,16,1,0,0,2,0,0,4,1.0,0.0,0.0,27.0,1.0,0.1,0.0,0.0,0.0,1.83,0.0,0.0,4.6,43.4,90.0,0.0,0.0,0.0,0.0,0.0,1.0,2.0,8.0,0.0,0.0,0.0,40.0,0.0,Man Utd,2.0,3.0,Brighton,Brighton,4.0,3.0,2.8627971110715547,,0.5,1.4313985555357773
john_mcginn,1,1,MID,Aston Villa,5,0,0,0,4,0,0,2,2.0,0.0,0.0,8.0,0.0,2.4,0.01,0.05,0.04,3.62,4.0,0.0,0.5,1.6,81.0,0.0,0.0,0.0,0.0,0.0,1.0,1.0,1.0,0.0,0.0,0.0,55.0,1.0,Brighton,0.0,0.0,Sunderland,Sunderland,1.0,0.0,2.1156157955337975,,0.5,1.0578078977668988
john_victor_maciel_furtado,1,0,GK,Nott'm Forest,13,1,0,0,3,0,0,3,1.9,0.0,0.0,0.0,0.0,0.0,0.0,0.0,0.0,0.0,0.0,0.0,0.0,0.0,0.0,0.0,0.0,0.0,0.0,0.0,0.0,0.0,0.0,0.0,0.0,0.0,45.0,0.0,Leeds,0.0,0.0,Bournemouth,Bournemouth,1.0,0.0,-0.2000078970045347,,1.5,-0.30001184550680204
jonah_kusi_asare,1,0,FWD,Fulham,6,1,0,0,2,0,0,4,1.0,0.0,0.0,0.0,0.0,0.0,0.0,0.0,0.0,0.0,0.0,0.0,0.0,0.0,0.0,0.0,0.0,0.0,0.0,0.0,0.0,0.0,0.0,0.0,0.0,0.0,45.0,0.0,Chelsea,2.0,0.0,Man City,Man City,2.0,3.0,0.22554615620000984,,2.0,0.4510923124000197
jordan_henderson,1,0,MID,Chelsea,10,0,0,0,4,0,0,2,1.1,0.0,0.0,0.0,0.0,0.0,0.0,0.0,0.0,0.0,0.0,0.0,0.0,0.0,0.0,0.0,0.0,0.0,0.0,0.0,0.0,0.0,0.0,0.0,0.0,0.0,50.0,0.0,Fulham,3.0,3.0,Leeds,Leeds,1.0,3.0,0.3064077605034585,,1.0654637504393782,0.3264663616697457
jordan_pickford,1,7,GK,Everton,8,1,0,0,3,0,0,3,3.3,0.0,0.0,34.0,1.0,0.0,0.02,0.02,0.0,1.96,0.0,0.0,3.2,31.8,90.0,0.0,0.0,0.0,0.0,4.0,1.0,0.0,7.0,0.0,0.0,0.0,55.0,0.0,Crystal Palace,2.0,3.0,Brentford,Brentford,3.0,3.0,3.9041053531470595,14973.0,2.0,7.808210706294119
jorge_cuenca_barreno,1,3,DEF,Fulham,6,1,0,0,2,0,0,4,1.7,0.0,0.0,7.0,0.0,21.3,0.03,0.03,0.0,2.24,3.0,0.0,5.4,32.8,90.0,0.0,0.0,0.0,0.0,0.0,1.0,0.0,3.0,0.0,0.0,0.0,45.0,0.0,Chelsea,2.0,0.0,Man City,Man City,2.0,3.0,3.16880528560569,,0.5,1.584402642802845
jorgen_strand_larsen,1,1,FWD,Crystal Palace,9,0,0,0,3,0,0,3,2.0,0.0,0.0,3.0,0.0,3.5,0.01,0.26,0.25,0.14,0.0,0.0,2.2,1.0,27.0,0.0,0.0,0.0,0.0,0.0,0.0,17.0,1.0,0.0,0.0,0.0,60.0,0.0,Everton,0.0,0.0,Coventry City,Coventry City,0.0,0.0,2.45992600101379,,0.9796296296296295,2.409816397289435
jorrel_hato,1,1,DEF,Chelsea,10,0,0,0,4,0,0,2,1.7,0.0,0.0,5.0,0.0,12.3,0.03,0.04,0.01,1.05,2.0,0.0,3.2,8.4,64.0,0.0,0.0,0.0,0.0,0.0,1.0,11.0,1.0,0.0,0.0,0.0,45.0,0.0,Fulham,3.0,3.0,Leeds,Leeds,1.0,3.0,1.9162275327802518,,0.8609062485052533,1.6496922565283239
josh_acheampong,1,3,DEF,Chelsea,10,0,0,0,4,0,0,2,1.7,0.0,0.0,13.0,0.0,2.2,0.01,0.01,0.0,1.33,2.0,0.0,3.7,33.2,90.0,0.0,0.0,0.0,0.0,0.0,1.0,2.0,3.0,0.0,0.0,0.0,45.0,0.0,Fulham,3.0,3.0,Leeds,Leeds,1.0,3.0,3.358987806608125,,0.8609062485052533,2.8917735913618903
josh_dasilva,1,0,MID,Brentford,19,1,0,0,3,0,0,3,1.5,0.0,0.0,0.0,0.0,0.0,0.0,0.0,0.0,0.0,0.0,0.0,0.0,0.0,0.0,0.0,0.0,0.0,0.0,0.0,0.0,0.0,0.0,0.0,0.0,0.0,50.0,0.0,Spurs,3.0,3.0,Everton,Everton,2.0,3.0,0.37530038443727576,,1.1173235652211289,0.4193319635683172
josh_eccles,1,0,MID,Coventry City,1,0,0,0,2,0,0,4,1.5,0.0,0.0,0.0,0.0,0.0,0.0,0.0,0.0,0.0,0.0,0.0,0.0,0.0,0.0,0.0,0.0,0.0,0.0,0.0,0.0,0.0,0.0,0.0,0.0,0.0,50.0,0.0,Arsenal,0.0,0.0,Crystal Palace,Crystal Palace,0.0,0.0,0.3611233921649648,,0.6782227157728105,0.2449220877632121
josh_king,1,7,MID,Fulham,6,1,0,0,2,0,0,4,2.0,0.0,0.0,34.0,0.0,15.6,0.04,0.21,0.17,2.24,3.0,1.0,9.8,41.6,90.0,0.0,0.0,0.0,0.0,0.0,1.0,41.0,7.0,0.0,0.0,0.0,55.0,0.0,Chelsea,2.0,0.0,Man City,Man City,2.0,3.0,3.801635902606302,,0.7011697849587407,2.6655922283218887
joshua_zirkzee,1,0,FWD,Man Utd,11,0,0,0,4,0,0,2,1.8,0.0,0.0,0.0,0.0,0.0,0.0,0.0,0.0,0.0,0.0,0.0,0.0,0.0,0.0,0.0,0.0,0.0,0.0,0.0,0.0,0.0,0.0,0.0,0.0,0.0,55.0,0.0,Hull City,0.0,0.0,Liverpool,Liverpool,2.0,1.0,0.29746991580139626,,1.2689655172413792,0.37747906556866834
josko_gvardiol,1,9,DEF,Man City,3,1,0,0,4,0,0,3,2.5,0.0,1.0,28.0,0.0,13.3,0.05,0.24,0.19,0.65,1.0,1.0,7.8,47.6,90.0,0.0,0.0,0.0,0.0,0.0,1.0,17.0,9.0,0.0,0.0,0.0,55.0,0.0,Bournemouth,2.0,3.0,Fulham,Fulham,2.0,0.0,3.5002872490457615,14971.0,1.3616133660312049,4.766037903249305
juanlu_sanchez,1,0,DEF,Bournemouth,15,0,0,0,3,0,0,4,1.7,0.0,0.0,0.0,0.0,0.0,0.0,0.0,0.0,0.0,0.0,0.0,0.0,0.0,0.0,0.0,0.0,0.0,0.0,0.0,0.0,0.0,0.0,0.0,0.0,0.0,45.0,0.0,Man City,1.0,0.0,Nott'm Forest,Nott'm Forest,0.0,0.0,0.3672305076911868,,1.3197740027239773,0.4846612770579559
julian_araujo_zuniga,1,0,DEF,Bournemouth,15,0,0,0,3,0,0,4,0.0,0.0,0.0,0.0,0.0,0.0,0.0,0.0,0.0,0.0,0.0,0.0,0.0,0.0,0.0,0.0,0.0,0.0,0.0,0.0,0.0,0.0,0.0,0.0,0.0,0.0,45.0,0.0,Man City,1.0,0.0,Nott'm Forest,Nott'm Forest,0.0,0.0,0.16613345532258084,,1.3197740027239773,0.21925861531744756
julio_enciso,1,5,MID,Ipswich Town,20,1,0,0,2,0,0,3,2.0,1.0,0.0,24.0,0.0,14.0,0.31,0.54,0.23,0.63,1.0,0.0,5.4,21.6,70.0,0.0,0.0,0.0,0.0,0.0,1.0,18.0,5.0,0.0,0.0,0.0,55.0,0.0,Sunderland,2.0,3.0,Spurs,Spurs,0.0,0.0,3.0256233230179923,,1.8846191761647035,5.7021477344108815
julio_soler_barreto,1,0,DEF,Bournemouth,15,0,0,0,3,0,0,4,0.8,0.0,0.0,0.0,0.0,0.0,0.0,0.0,0.0,0.0,0.0,0.0,0.0,0.0,0.0,0.0,0.0,0.0,0.0,0.0,0.0,0.0,0.0,0.0,0.0,0.0,40.0,0.0,Man City,1.0,0.0,Nott'm Forest,Nott'm Forest,0.0,0.0,0.08421144585978224,,1.3197740027239773,0.11114007697753832
jun'ai_byfield,1,0,DEF,Spurs,4,0,0,0,3,0,0,3,1.0,0.0,0.0,0.0,0.0,0.0,0.0,0.0,0.0,0.0,0.0,0.0,0.0,0.0,0.0,0.0,0.0,0.0,0.0,0.0,0.0,0.0,0.0,0.0,0.0,0.0,40.0,0.0,Brentford,0.0,0.0,Ipswich Town,Ipswich Town,2.0,3.0,0.256531805833768,,0.5,0.128265902916884
junior_kroupi,1,0,MID,Bournemouth,15,0,0,0,3,0,0,4,0.0,0.0,0.0,0.0,0.0,0.0,0.0,0.0,0.0,0.0,0.0,0.0,0.0,0.0,0.0,0.0,0.0,0.0,0.0,0.0,0.0,0.0,0.0,0.0,0.0,0.0,75.0,0.0,Man City,1.0,0.0,Nott'm Forest,Nott'm Forest,0.0,0.0,0.8005703837778314,,1.2880509687543085,1.0311754583810442
jurrien_timber,1,0,DEF,Arsenal,7,1,0,0,4,0,0,2,0.0,0.0,0.0,0.0,0.0,0.0,0.0,0.0,0.0,0.0,0.0,0.0,0.0,0.0,0.0,0.0,0.0,0.0,0.0,0.0,0.0,0.0,0.0,0.0,0.0,0.0,65.0,0.0,Coventry City,3.0,3.0,Newcastle,Newcastle,2.0,1.0,1.1318637293511136,,1.117588837376478,1.2649582693541155
justin_devenny,1,0,MID,Crystal Palace,9,0,0,0,3,0,0,3,1.5,0.0,0.0,0.0,0.0,0.0,0.0,0.0,0.0,0.0,0.0,0.0,0.0,0.0,0.0,0.0,0.0,0.0,0.0,0.0,0.0,0.0,0.0,0.0,0.0,0.0,50.0,0.0,Everton,0.0,0.0,Coventry City,Coventry City,0.0,0.0,0.3611233921649648,,1.0089732419121291,0.3643638397229897
justin_kluivert,1,3,MID,Bournemouth,15,0,0,0,3,0,0,4,2.2,0.0,0.0,15.0,1.0,14.3,0.0,0.11,0.11,1.94,0.0,0.0,4.2,11.0,74.0,0.0,0.0,0.0,0.0,0.0,1.0,17.0,3.0,0.0,0.0,0.0,60.0,0.0,Man City,1.0,0.0,Nott'm Forest,Nott'm Forest,0.0,0.0,2.7821752915246094,14969.0,1.2880509687543085,3.583583579492574
kai_havertz,1,6,FWD,Arsenal,7,1,0,0,4,0,0,2,2.4,0.0,0.0,34.0,1.0,13.2,0.03,0.29,0.26,0.2,0.0,1.0,7.5,37.2,90.0,0.0,0.0,0.0,0.0,0.0,1.0,25.0,6.0,0.0,0.0,0.0,75.0,0.0,Coventry City,3.0,3.0,Newcastle,Newcastle,2.0,1.0,4.075870071967806,14972.0,0.7837037037037036,3.1942744712162505
kaine_andrews,1,0,MID,Coventry City,1,0,0,0,2,0,0,4,1.0,0.0,0.0,0.0,0.0,0.0,0.0,0.0,0.0,0.0,0.0,0.0,0.0,0.0,0.0,0.0,0.0,0.0,0.0,0.0,0.0,0.0,0.0,0.0,0.0,0.0,45.0,0.0,Arsenal,0.0,0.0,Crystal Palace,Crystal Palace,0.0,0.0,0.19363675307093864,,0.6782227157728105,0.1313288445412011
kaine_kesler_hayden,1,0,DEF,Coventry City,1,0,0,0,2,0,0,4,1.0,0.0,0.0,0.0,0.0,0.0,0.0,0.0,0.0,0.0,0.0,0.0,0.0,0.0,0.0,0.0,0.0,0.0,0.0,0.0,0.0,0.0,0.0,0.0,0.0,0.0,40.0,0.0,Arsenal,0.0,0.0,Crystal Palace,Crystal Palace,0.0,0.0,0.08715912985043506,,1.2503122131069258,0.10897612453577137
kalvin_phillips,1,0,MID,Man City,3,1,0,0,4,0,0,3,0.0,0.0,0.0,0.0,0.0,0.0,0.0,0.0,0.0,0.0,0.0,0.0,0.0,0.0,0.0,0.0,0.0,0.0,0.0,0.0,0.0,0.0,0.0,0.0,0.0,0.0,50.0,0.0,Bournemouth,2.0,3.0,Fulham,Fulham,2.0,0.0,0.24484769493390246,,1.625283687110916,0.3979469644027817
karl_darlow,1,0,GK,Man Utd,11,0,0,0,4,0,0,2,1.4,0.0,0.0,0.0,0.0,0.0,0.0,0.0,0.0,0.0,0.0,0.0,0.0,0.0,0.0,0.0,0.0,0.0,0.0,0.0,0.0,0.0,0.0,0.0,0.0,0.0,45.0,0.0,Hull City,0.0,0.0,Liverpool,Liverpool,2.0,1.0,0.04848760899884197,,0.5,0.024243804499420984
kasey_mcateer,1,1,MID,Ipswich Town,20,1,0,0,2,0,0,3,1.0,0.0,0.0,4.0,0.0,1.3,0.0,0.0,0.0,0.03,0.0,0.0,0.3,1.2,24.0,0.0,0.0,0.0,0.0,0.0,0.0,0.0,1.0,0.0,0.0,0.0,45.0,0.0,Sunderland,2.0,3.0,Spurs,Spurs,0.0,0.0,1.5336723637621186,,1.8846191761647035,2.8903883466999374
kaye_furo,1,0,FWD,Brentford,19,1,0,0,3,0,0,3,1.0,0.0,0.0,0.0,0.0,0.0,0.0,0.0,0.0,0.0,0.0,0.0,0.0,0.0,0.0,0.0,0.0,0.0,0.0,0.0,0.0,0.0,0.0,0.0,0.0,0.0,45.0,0.0,Spurs,3.0,3.0,Everton,Everton,2.0,3.0,0.207848012686215,,0.5,0.1039240063431075
kayne_van_oevelen,1,0,GK,Ipswich Town,20,1,0,0,2,0,0,3,1.9,0.0,0.0,0.0,0.0,0.0,0.0,0.0,0.0,0.0,0.0,0.0,0.0,0.0,0.0,0.0,0.0,0.0,0.0,0.0,0.0,0.0,0.0,0.0,0.0,0.0,45.0,0.0,Sunderland,2.0,3.0,Spurs,Spurs,0.0,0.0,0.12395962494135038,,2.0,0.24791924988270075
keane_lewis_potter,1,10,MID,Brentford,19,1,0,0,3,0,0,3,2.0,0.0,2.0,37.0,1.0,15.9,0.12,0.89,0.77,0.57,0.0,1.0,8.2,47.2,90.0,0.0,0.0,0.0,0.0,0.0,1.0,19.0,10.0,0.0,0.0,0.0,55.0,0.0,Spurs,3.0,3.0,Everton,Everton,2.0,3.0,3.5261318408714795,,1.1173235652211289,3.939830199882264
kenny_tete,1,0,DEF,Fulham,6,1,0,0,2,0,0,4,1.7,0.0,0.0,0.0,0.0,0.0,0.0,0.0,0.0,0.0,0.0,0.0,0.0,0.0,0.0,0.0,0.0,0.0,0.0,0.0,0.0,0.0,0.0,0.0,0.0,0.0,45.0,0.0,Chelsea,2.0,0.0,Man City,Man City,2.0,3.0,0.557313976433115,,0.5,0.2786569882165575
kepa_arrizabalaga_revuelta,1,0,GK,Arsenal,7,1,0,0,4,0,0,2,2.6,0.0,0.0,0.0,0.0,0.0,0.0,0.0,0.0,0.0,0.0,0.0,0.0,0.0,0.0,0.0,0.0,0.0,0.0,0.0,0.0,0.0,0.0,0.0,0.0,0.0,50.0,0.0,Coventry City,3.0,3.0,Newcastle,Newcastle,2.0,1.0,0.6790217815252244,,2.0,1.3580435630504488
kevin_danso,1,0,DEF,Spurs,4,0,0,0,3,0,0,3,2.2,0.0,0.0,0.0,0.0,0.0,0.0,0.0,0.0,0.0,0.0,0.0,0.0,0.0,0.0,0.0,0.0,0.0,0.0,0.0,0.0,0.0,0.0,0.0,0.0,0.0,50.0,0.0,Brentford,0.0,0.0,Ipswich Town,Ipswich Town,2.0,3.0,0.751594499248834,,0.5,0.375797249624417
kevin_santos_lopes_de_macedo,1,1,MID,Fulham,6,1,0,0,2,0,0,4,2.0,0.0,0.0,2.0,0.0,1.9,0.01,0.01,0.0,0.03,0.0,0.0,0.7,5.2,17.0,0.0,0.0,0.0,0.0,0.0,0.0,0.0,1.0,0.0,0.0,0.0,55.0,0.0,Chelsea,2.0,0.0,Man City,Man City,2.0,3.0,1.6697635989530906,,0.7011697849587407,1.1707877836098715
kevin_schade,1,3,MID,Brentford,19,1,0,0,3,0,0,3,2.2,0.0,0.0,17.0,1.0,11.8,0.01,0.53,0.52,0.57,0.0,0.0,8.5,14.4,90.0,0.0,0.0,0.0,0.0,0.0,1.0,59.0,3.0,0.0,0.0,0.0,60.0,0.0,Spurs,3.0,3.0,Everton,Everton,2.0,3.0,4.332743719330822,14973.0,1.1173235652211289,4.841076659672169
kieran_dowell,1,0,MID,Hull City,16,1,0,0,2,0,0,4,1.0,0.0,0.0,0.0,0.0,0.0,0.0,0.0,0.0,0.0,0.0,0.0,0.0,0.0,0.0,0.0,0.0,0.0,0.0,0.0,0.0,0.0,0.0,0.0,0.0,0.0,45.0,0.0,Man Utd,2.0,3.0,Brighton,Brighton,4.0,3.0,0.2902220539941809,,0.5,0.14511102699709044
kiernan_dewsbury_hall,1,11,MID,Everton,8,1,0,0,3,0,0,3,2.3,0.0,3.0,40.0,1.0,28.3,0.17,0.29,0.12,1.92,0.0,1.0,9.8,42.8,90.0,0.0,0.0,0.0,0.0,0.0,1.0,27.0,11.0,0.0,0.0,0.0,65.0,0.0,Crystal Palace,2.0,3.0,Brentford,Brentford,3.0,3.0,3.555109572339314,15210.0,0.5761082844092638,2.0481280766073535
kim_ji_soo,1,0,DEF,Brentford,19,1,0,0,3,0,0,3,1.7,0.0,0.0,0.0,0.0,0.0,0.0,0.0,0.0,0.0,0.0,0.0,0.0,0.0,0.0,0.0,0.0,0.0,0.0,0.0,0.0,0.0,0.0,0.0,0.0,0.0,45.0,0.0,Spurs,3.0,3.0,Everton,Everton,2.0,3.0,0.6545815875202331,,2.0,1.3091631750404662
kjell_scherpen,1,2,GK,Ipswich Town,20,1,0,0,2,0,0,3,1.9,0.0,0.0,12.0,0.0,0.0,0.0,0.0,0.0,0.66,1.0,0.0,1.4,14.4,90.0,0.0,0.0,0.0,0.0,2.0,1.0,0.0,2.0,0.0,0.0,0.0,45.0,0.0,Sunderland,2.0,3.0,Spurs,Spurs,0.0,0.0,3.342629932552392,,2.0,6.685259865104784
kobbie_mainoo,1,1,MID,Man Utd,11,0,0,0,4,0,0,2,2.0,0.0,0.0,7.0,0.0,2.5,0.01,0.08,0.07,0.07,0.0,0.0,0.7,2.8,23.0,0.0,0.0,0.0,0.0,0.0,0.0,2.0,1.0,0.0,0.0,0.0,55.0,0.0,Hull City,0.0,0.0,Liverpool,Liverpool,2.0,1.0,1.9423640143859817,,0.5,0.9711820071929909
konstantinos_tzolakis,1,10,GK,Hull City,16,1,0,0,2,0,0,4,1.9,0.0,3.0,41.0,1.0,0.0,0.0,0.0,0.0,1.83,0.0,0.0,3.5,34.6,90.0,0.0,0.0,0.0,0.0,5.0,1.0,0.0,10.0,0.0,0.0,0.0,45.0,0.0,Man Utd,2.0,3.0,Brighton,Brighton,4.0,3.0,4.235017319504677,,2.0,8.470034639009354
kosta_nedeljkovic,1,0,DEF,Aston Villa,5,0,0,0,4,0,0,2,0.0,0.0,0.0,0.0,0.0,0.0,0.0,0.0,0.0,0.0,0.0,0.0,0.0,0.0,0.0,0.0,0.0,0.0,0.0,0.0,0.0,0.0,0.0,0.0,0.0,0.0,40.0,0.0,Brighton,0.0,0.0,Sunderland,Sunderland,1.0,0.0,0.03266973036610854,,0.5,0.01633486518305427
kostas_tsimikas,1,0,DEF,Liverpool,17,0,0,0,4,0,0,2,2.2,0.0,0.0,0.0,0.0,0.0,0.0,0.0,0.0,0.0,0.0,0.0,0.0,0.0,0.0,0.0,0.0,0.0,0.0,0.0,0.0,0.0,0.0,0.0,0.0,0.0,50.0,0.0,Newcastle,2.0,1.0,Man Utd,Man Utd,0.0,0.0,0.6491623482255323,,1.4899357349188793,0.9672101803850739
kristoffer_ajer,1,8,DEF,Brentford,19,1,0,0,3,0,0,3,1.7,0.0,0.0,29.0,1.0,0.9,0.02,0.13,0.11,0.57,0.0,0.0,5.6,20.0,90.0,0.0,0.0,0.0,0.0,0.0,1.0,35.0,8.0,0.0,0.0,0.0,45.0,0.0,Spurs,3.0,3.0,Everton,Everton,2.0,3.0,4.374216846954109,,2.0,8.748433693908218
lamare_bogarde,1,1,MID,Aston Villa,5,0,0,0,4,0,0,2,1.5,0.0,0.0,3.0,0.0,0.5,0.0,0.0,0.0,0.22,0.0,0.0,0.3,2.2,16.0,0.0,0.0,0.0,0.0,0.0,0.0,0.0,1.0,0.0,0.0,0.0,50.0,0.0,Brighton,0.0,0.0,Sunderland,Sunderland,1.0,0.0,1.455789672521383,,0.5,0.7278948362606915
leif_davis,1,2,DEF,Ipswich Town,20,1,0,0,2,0,0,3,1.0,0.0,0.0,10.0,0.0,2.3,0.01,0.01,0.0,0.66,1.0,0.0,1.8,15.2,90.0,0.0,0.0,0.0,0.0,0.0,1.0,0.0,2.0,0.0,0.0,0.0,40.0,0.0,Sunderland,2.0,3.0,Spurs,Spurs,0.0,0.0,2.469608069346763,,2.0,4.939216138693526
leny_yoro,1,0,DEF,Man Utd,11,0,0,0,4,0,0,2,2.2,0.0,0.0,0.0,0.0,0.0,0.0,0.0,0.0,0.0,0.0,0.0,0.0,0.0,0.0,0.0,0.0,0.0,0.0,0.0,0.0,0.0,0.0,0.0,0.0,0.0,50.0,0.0,Hull City,0.0,0.0,Liverpool,Liverpool,2.0,1.0,0.7237500276091621,,0.5,0.36187501380458104
leo_fuhr_hjelde,1,0,DEF,Sunderland,12,0,0,0,3,0,0,2,0.0,0.0,0.0,0.0,0.0,0.0,0.0,0.0,0.0,0.0,0.0,0.0,0.0,0.0,0.0,0.0,0.0,0.0,0.0,0.0,0.0,0.0,0.0,0.0,0.0,0.0,40.0,0.0,Ipswich Town,1.0,0.0,Aston Villa,Aston Villa,0.0,0.0,-0.010422461137209016,,1.472970552427337,-0.015351978338927217
leo_shahar,1,0,DEF,Newcastle,14,1,0,0,2,0,0,4,1.0,0.0,0.0,0.0,0.0,0.0,0.0,0.0,0.0,0.0,0.0,0.0,0.0,0.0,0.0,0.0,0.0,0.0,0.0,0.0,0.0,0.0,0.0,0.0,0.0,0.0,40.0,0.0,Liverpool,2.0,1.0,Arsenal,Arsenal,3.0,3.0,0.3872753150557118,,0.5714723411707556,0.22131713097252959
leon_bailey,1,0,MID,Aston Villa,5,0,0,0,4,0,0,2,2.0,0.0,0.0,0.0,0.0,0.0,0.0,0.0,0.0,0.0,0.0,0.0,0.0,0.0,0.0,0.0,0.0,0.0,0.0,0.0,0.0,0.0,0.0,0.0,0.0,0.0,55.0,0.0,Brighton,0.0,0.0,Sunderland,Sunderland,1.0,0.0,0.5597223932699777,,0.5,0.2798611966349889
levi_samuels_colwill,1,0,DEF,Chelsea,10,0,0,0,4,0,0,2,2.2,0.0,0.0,6.0,0.0,1.6,0.03,0.04,0.01,1.33,2.0,0.0,1.5,6.0,90.0,0.0,0.0,0.0,0.0,0.0,1.0,7.0,0.0,0.0,0.0,0.0,50.0,1.0,Fulham,3.0,3.0,Leeds,Leeds,1.0,3.0,2.863751731938957,14971.0,0.8609062485052533,2.4654217601939896
lewie_coyle,1,6,DEF,Hull City,16,1,0,0,2,0,0,4,1.0,0.0,0.0,23.0,1.0,11.3,0.01,0.01,0.0,1.16,0.0,0.0,1.7,5.8,69.0,0.0,0.0,0.0,0.0,0.0,1.0,0.0,6.0,0.0,0.0,0.0,40.0,0.0,Man Utd,2.0,3.0,Brighton,Brighton,4.0,3.0,1.478002815320492,,0.5,0.739001407660246
lewis_cook,1,3,MID,Bournemouth,15,0,0,0,3,0,0,4,1.5,0.0,0.0,8.0,1.0,2.1,0.0,0.0,0.0,1.94,0.0,0.0,0.7,4.6,75.0,0.0,0.0,0.0,0.0,0.0,1.0,0.0,3.0,0.0,0.0,0.0,50.0,0.0,Man City,1.0,0.0,Nott'm Forest,Nott'm Forest,0.0,0.0,2.2532022437869377,,1.2880509687543085,2.9022393329091467
lewis_dunk,1,6,DEF,Brighton,2,1,0,0,2,0,0,4,1.7,0.0,0.0,24.0,1.0,6.4,0.04,0.04,0.0,0.29,0.0,0.0,2.0,13.4,90.0,0.0,0.0,0.0,0.0,0.0,1.0,0.0,6.0,0.0,0.0,0.0,45.0,0.0,Aston Villa,4.0,3.0,Hull City,Hull City,2.0,3.0,2.8174874264858687,,1.4975884446684624,4.219436612903921
lewis_hall,1,3,DEF,Newcastle,14,1,0,0,2,0,0,4,2.2,0.0,0.0,8.0,0.0,15.2,0.35,0.35,0.0,2.98,2.0,0.0,3.7,22.0,90.0,0.0,0.0,0.0,0.0,0.0,1.0,0.0,3.0,0.0,0.0,0.0,50.0,0.0,Liverpool,2.0,1.0,Arsenal,Arsenal,3.0,3.0,3.393670350531729,14973.0,0.5714723411707556,1.9393887403801462
lewis_koumas,1,1,MID,Liverpool,17,0,0,0,4,0,0,2,1.5,0.0,0.0,4.0,0.0,0.5,0.0,0.03,0.03,0.48,0.0,0.0,0.9,1.2,12.0,0.0,0.0,0.0,0.0,0.0,0.0,7.0,1.0,0.0,0.0,0.0,50.0,0.0,Newcastle,2.0,1.0,Man Utd,Man Utd,0.0,0.0,1.3526100305428626,,1.0548410285986136,1.4267885559106352
lewis_miley,1,3,MID,Newcastle,14,1,0,0,2,0,0,4,2.0,0.0,0.0,13.0,0.0,21.4,0.01,0.06,0.05,1.94,1.0,0.0,4.0,15.6,75.0,0.0,0.0,0.0,0.0,0.0,1.0,3.0,3.0,0.0,0.0,0.0,55.0,1.0,Liverpool,2.0,1.0,Arsenal,Arsenal,3.0,3.0,3.1922100734734613,,0.5142177086722499,1.6414909495819978
liam_delap,1,0,FWD,Chelsea,10,0,0,0,4,0,0,2,1.8,0.0,0.0,0.0,0.0,0.0,0.0,0.0,0.0,0.0,0.0,0.0,0.0,0.0,0.0,0.0,0.0,0.0,0.0,0.0,0.0,0.0,0.0,0.0,0.0,0.0,55.0,0.0,Fulham,3.0,3.0,Leeds,Leeds,1.0,3.0,0.4871593144499804,,2.0,0.9743186288999608
liam_kitching,1,0,DEF,Coventry City,1,0,0,0,2,0,0,4,1.0,0.0,0.0,0.0,0.0,0.0,0.0,0.0,0.0,0.0,0.0,0.0,0.0,0.0,0.0,0.0,0.0,0.0,0.0,0.0,0.0,0.0,0.0,0.0,0.0,0.0,40.0,0.0,Arsenal,0.0,0.0,Crystal Palace,Crystal Palace,0.0,0.0,0.08715912985043506,,1.2503122131069258,0.10897612453577137
liam_millar,1,0,MID,Hull City,16,1,0,0,2,0,0,4,1.5,0.0,0.0,2.0,0.0,0.3,0.0,0.0,0.0,0.67,0.0,0.0,0.4,2.0,19.0,0.0,0.0,0.0,0.0,0.0,0.0,2.0,0.0,0.0,0.0,0.0,50.0,1.0,Man Utd,2.0,3.0,Brighton,Brighton,4.0,3.0,1.4197822697071933,,0.5,0.7098911348535967
lisandro_martinez,1,0,DEF,Man Utd,11,0,0,0,4,0,0,2,2.2,0.0,0.0,0.0,0.0,0.0,0.0,0.0,0.0,0.0,0.0,0.0,0.0,0.0,0.0,0.0,0.0,0.0,0.0,0.0,0.0,0.0,0.0,0.0,0.0,0.0,50.0,0.0,Hull City,0.0,0.0,Liverpool,Liverpool,2.0,1.0,0.7237500276091621,,0.5,0.36187501380458104
loum_tchaouna,1,2,MID,Coventry City,1,0,0,0,2,0,0,4,2.0,0.0,0.0,11.0,0.0,6.0,0.02,0.06,0.04,1.76,3.0,0.0,1.1,1.8,81.0,0.0,0.0,0.0,0.0,0.0,1.0,3.0,2.0,0.0,0.0,0.0,55.0,0.0,Arsenal,0.0,0.0,Crystal Palace,Crystal Palace,0.0,0.0,2.502117560126661,,0.6782227157728105,1.6969929668119426
luc_de_fougerolles,1,0,DEF,Fulham,6,1,0,0,2,0,0,4,1.0,0.0,0.0,0.0,0.0,0.0,0.0,0.0,0.0,0.0,0.0,0.0,0.0,0.0,0.0,0.0,0.0,0.0,0.0,0.0,0.0,0.0,0.0,0.0,0.0,0.0,40.0,0.0,Chelsea,2.0,0.0,Man City,Man City,2.0,3.0,0.2979533913509582,,0.5,0.1489766956754791
luca_netz,1,1,DEF,Nott'm Forest,13,1,0,0,3,0,0,3,1.7,0.0,0.0,-2.0,0.0,0.9,0.0,0.0,0.0,0.13,1.0,0.0,0.1,0.0,16.0,0.0,0.0,0.0,0.0,0.0,0.0,0.0,1.0,0.0,0.0,0.0,45.0,0.0,Leeds,0.0,0.0,Bournemouth,Bournemouth,1.0,0.0,1.646490577854728,,1.986317939310555,3.2704537716986484
luca_williams_barnett,1,0,MID,Spurs,4,0,0,0,3,0,0,3,1.0,0.0,0.0,0.0,0.0,0.0,0.0,0.0,0.0,0.0,0.0,0.0,0.0,0.0,0.0,0.0,0.0,0.0,0.0,0.0,0.0,0.0,0.0,0.0,0.0,0.0,45.0,0.0,Brentford,0.0,0.0,Ipswich Town,Ipswich Town,2.0,3.0,0.26482176901462817,,0.5,0.13241088450731409
lucas_bergvall,1,1,MID,Spurs,4,0,0,0,3,0,0,3,2.0,0.0,0.0,2.0,0.0,2.0,0.01,0.01,0.0,1.7,2.0,0.0,0.0,0.0,45.0,0.0,0.0,0.0,0.0,0.0,1.0,2.0,1.0,0.0,0.0,0.0,55.0,0.0,Brentford,0.0,0.0,Ipswich Town,Ipswich Town,2.0,3.0,0.7222022746931809,,0.5,0.36110113734659044
lucas_digne,1,0,DEF,Aston Villa,5,0,0,0,4,0,0,2,0.0,0.0,0.0,0.0,0.0,0.0,0.0,0.0,0.0,0.0,0.0,0.0,0.0,0.0,0.0,0.0,0.0,0.0,0.0,0.0,0.0,0.0,0.0,0.0,0.0,0.0,45.0,0.0,Brighton,0.0,0.0,Sunderland,Sunderland,1.0,0.0,0.20922564682589817,,0.5,0.10461282341294909
lucas_estella_perri,1,0,GK,Leeds,18,0,0,0,3,0,0,3,1.9,0.0,0.0,0.0,0.0,0.0,0.0,0.0,0.0,0.0,0.0,0.0,0.0,0.0,0.0,0.0,0.0,0.0,0.0,0.0,0.0,0.0,0.0,0.0,0.0,0.0,45.0,0.0,Nott'm Forest,1.0,3.0,Chelsea,Chelsea,3.0,3.0,0.8070157716066556,,2.0,1.6140315432133112
lucas_gourna_douath,1,0,MID,Hull City,16,1,0,0,2,0,0,4,1.5,0.0,0.0,0.0,0.0,0.0,0.0,0.0,0.0,0.0,0.0,0.0,0.0,0.0,0.0,0.0,0.0,0.0,0.0,0.0,0.0,0.0,0.0,0.0,0.0,0.0,50.0,0.0,Man Utd,2.0,3.0,Brighton,Brighton,4.0,3.0,0.45770869308820705,,0.5,0.22885434654410353
lucas_herrington,1,1,DEF,Hull City,16,1,0,0,2,0,0,4,1.0,0.0,0.0,4.0,0.0,0.0,0.0,0.0,0.0,0.96,0.0,0.0,0.8,8.0,26.0,0.0,0.0,0.0,0.0,0.0,0.0,0.0,1.0,0.0,0.0,0.0,40.0,0.0,Man Utd,2.0,3.0,Brighton,Brighton,4.0,3.0,1.456191994154012,,0.5,0.728095997077006
luka_lynch,1,0,MID,Aston Villa,5,0,0,0,4,0,0,2,1.0,0.0,0.0,0.0,0.0,0.0,0.0,0.0,0.0,0.0,0.0,0.0,0.0,0.0,0.0,0.0,0.0,0.0,0.0,0.0,0.0,0.0,0.0,0.0,0.0,0.0,45.0,0.0,Brighton,0.0,0.0,Sunderland,Sunderland,1.0,0.0,0.2247491150819252,,0.5,0.1123745575409626
luka_vuskovic,1,6,DEF,Brighton,2,1,0,0,2,0,0,4,2.2,0.0,0.0,19.0,1.0,4.5,0.03,0.16,0.13,0.29,0.0,0.0,2.9,12.4,90.0,0.0,0.0,0.0,0.0,0.0,1.0,12.0,6.0,0.0,0.0,0.0,50.0,0.0,Aston Villa,4.0,3.0,Hull City,Hull City,2.0,3.0,3.3080356511532436,50210.0,1.4975884446684624,4.954075965718411
lukas_hornicek,1,1,GK,Newcastle,14,1,0,0,2,0,0,4,2.6,0.0,0.0,12.0,0.0,0.0,0.0,0.0,0.0,2.98,2.0,0.0,4.1,41.2,90.0,0.0,0.0,0.0,0.0,5.0,1.0,0.0,1.0,0.0,0.0,0.0,50.0,1.0,Liverpool,2.0,1.0,Arsenal,Arsenal,3.0,3.0,2.543358867711545,14972.0,0.5,1.2716794338557724
lukas_nmecha,1,0,FWD,Leeds,18,0,0,0,3,0,0,3,1.8,0.0,0.0,0.0,0.0,0.0,0.0,0.0,0.0,0.0,0.0,0.0,0.0,0.0,0.0,0.0,0.0,0.0,0.0,0.0,0.0,0.0,0.0,0.0,0.0,0.0,55.0,0.0,Nott'm Forest,1.0,3.0,Chelsea,Chelsea,3.0,3.0,0.33114719106313295,14970.0,0.5,0.16557359553156648
luke_o'nien,1,1,DEF,Sunderland,12,0,0,0,3,0,0,2,1.0,0.0,0.0,1.0,0.0,1.4,0.01,0.02,0.01,1.69,1.0,0.0,1.7,11.4,66.0,0.0,0.0,0.0,0.0,0.0,1.0,4.0,1.0,0.0,0.0,0.0,40.0,1.0,Ipswich Town,1.0,0.0,Aston Villa,Aston Villa,0.0,0.0,1.3226328276715997,,1.472970552427337,1.9481992068339673
luke_shaw,1,1,DEF,Man Utd,11,0,0,0,4,0,0,2,1.7,0.0,0.0,13.0,0.0,59.2,0.26,0.26,0.0,1.01,2.0,0.0,9.0,25.2,90.0,0.0,0.0,0.0,0.0,0.0,1.0,6.0,1.0,0.0,0.0,0.0,45.0,0.0,Hull City,0.0,0.0,Liverpool,Liverpool,2.0,1.0,2.8334796230730257,14969.0,0.5,1.4167398115365128
luke_woolfenden,1,0,DEF,Coventry City,1,0,0,0,2,0,0,4,1.0,0.0,0.0,0.0,0.0,0.0,0.0,0.0,0.0,0.0,0.0,0.0,0.0,0.0,0.0,0.0,0.0,0.0,0.0,0.0,0.0,0.0,0.0,0.0,0.0,0.0,40.0,0.0,Arsenal,0.0,0.0,Crystal Palace,Crystal Palace,0.0,0.0,0.08715912985043506,,1.2503122131069258,0.10897612453577137
malick_thiaw,1,3,DEF,Newcastle,14,1,0,0,2,0,0,4,2.2,0.0,0.0,0.0,0.0,0.2,0.0,0.0,0.0,2.98,2.0,0.0,3.8,37.8,90.0,0.0,0.0,0.0,0.0,0.0,1.0,0.0,3.0,0.0,0.0,0.0,50.0,0.0,Liverpool,2.0,1.0,Arsenal,Arsenal,3.0,3.0,3.089744585060182,14974.0,0.5714723411707556,1.7657035716440073
malick_yalcouye,1,1,MID,Brighton,2,1,0,0,2,0,0,4,1.0,0.0,0.0,3.0,0.0,2.7,0.01,0.01,0.0,0.0,0.0,0.0,0.3,0.6,4.0,0.0,0.0,0.0,0.0,0.0,0.0,0.0,1.0,0.0,0.0,0.0,45.0,0.0,Aston Villa,4.0,3.0,Hull City,Hull City,2.0,3.0,0.8656656536620627,,0.7701498559185207,0.6666922784414496
malo_gusto,1,1,DEF,Chelsea,10,0,0,0,4,0,0,2,2.2,0.0,0.0,2.0,0.0,9.8,0.03,0.03,0.0,1.11,2.0,0.0,2.3,7.2,75.0,0.0,0.0,0.0,0.0,0.0,1.0,6.0,1.0,0.0,0.0,0.0,50.0,0.0,Fulham,3.0,3.0,Leeds,Leeds,1.0,3.0,2.49135360614187,,0.8609062485052533,2.1448218867636317
mamadou_sangare,1,14,MID,Brentford,19,1,0,0,3,0,0,3,2.0,2.0,3.0,41.0,1.0,21.8,0.33,0.38,0.05,0.47,0.0,0.0,7.4,31.6,75.0,0.0,0.0,0.0,0.0,0.0,1.0,21.0,14.0,0.0,0.0,0.0,55.0,0.0,Spurs,3.0,3.0,Everton,Everton,2.0,3.0,4.027327000076021,14974.0,1.1173235652211289,4.499827362036253
mamadou_sarr,1,0,DEF,Chelsea,10,0,0,0,4,0,0,2,1.7,0.0,0.0,0.0,0.0,0.0,0.0,0.0,0.0,0.0,0.0,0.0,0.0,0.0,0.0,0.0,0.0,0.0,0.0,0.0,0.0,0.0,0.0,0.0,0.0,0.0,45.0,0.0,Fulham,3.0,3.0,Leeds,Leeds,1.0,3.0,0.5907786032583205,,0.8609062485052533,0.5086049910282942
manuel_ugarte_ribeiro,1,0,MID,Man Utd,11,0,0,0,4,0,0,2,0.0,0.0,0.0,0.0,0.0,0.0,0.0,0.0,0.0,0.0,0.0,0.0,0.0,0.0,0.0,0.0,0.0,0.0,0.0,0.0,0.0,0.0,0.0,0.0,0.0,0.0,50.0,0.0,Hull City,0.0,0.0,Liverpool,Liverpool,2.0,1.0,0.2846588979502285,,0.5,0.14232944897511424
marc_guehi,1,10,DEF,Man City,3,1,0,0,4,0,0,3,2.8,0.0,2.0,31.0,0.0,17.5,0.32,1.21,0.89,0.65,1.0,1.0,8.9,43.6,90.0,0.0,0.0,0.0,0.0,0.0,1.0,28.0,10.0,0.0,0.0,0.0,60.0,0.0,Bournemouth,2.0,3.0,Fulham,Fulham,2.0,0.0,3.3086795556557522,14970.0,1.3616133660312049,4.50514230689506
marc_guiu_paz,1,0,FWD,Chelsea,10,0,0,0,4,0,0,2,1.4,0.0,0.0,0.0,0.0,0.0,0.0,0.0,0.0,0.0,0.0,0.0,0.0,0.0,0.0,0.0,0.0,0.0,0.0,0.0,0.0,0.0,0.0,0.0,0.0,0.0,50.0,0.0,Fulham,3.0,3.0,Leeds,Leeds,1.0,3.0,0.3678581011838826,,2.0,0.7357162023677652
marcelino_nunez,1,4,MID,Ipswich Town,20,1,0,0,2,0,0,3,1.5,0.0,0.0,26.0,0.0,7.3,0.03,0.06,0.03,0.63,1.0,0.0,2.4,13.0,79.0,0.0,0.0,0.0,0.0,0.0,1.0,4.0,4.0,0.0,0.0,0.0,50.0,0.0,Sunderland,2.0,3.0,Spurs,Spurs,0.0,0.0,3.1741584716622304,,1.8846191761647035,5.9820799238802875
marco_bizot,1,1,GK,Aston Villa,5,0,0,0,4,0,0,2,1.9,0.0,0.0,1.0,0.0,0.0,0.0,0.0,0.0,3.77,4.0,0.0,2.8,28.2,90.0,0.0,0.0,0.0,0.0,3.0,1.0,0.0,1.0,0.0,0.0,0.0,45.0,0.0,Brighton,0.0,0.0,Sunderland,Sunderland,1.0,0.0,1.280344210137213,,0.5,0.6401721050686064
marco_palestra,1,0,DEF,Chelsea,10,0,0,0,4,0,0,2,2.5,0.0,0.0,0.0,0.0,0.0,0.0,0.0,0.0,0.0,0.0,0.0,0.0,0.0,0.0,0.0,0.0,0.0,0.0,0.0,0.0,0.0,0.0,0.0,0.0,0.0,55.0,0.0,Fulham,3.0,3.0,Leeds,Leeds,1.0,3.0,1.0385243431748912,79641.0,0.8609062485052533,0.8940720962640778
marcos_senesi_baron,1,3,DEF,Spurs,4,0,0,0,3,0,0,3,2.8,0.0,0.0,10.0,0.0,2.2,0.02,0.02,0.0,3.87,3.0,0.0,3.9,36.6,90.0,0.0,0.0,0.0,0.0,0.0,1.0,0.0,3.0,0.0,0.0,0.0,60.0,0.0,Brentford,0.0,0.0,Ipswich Town,Ipswich Town,2.0,3.0,3.0466892792355154,14974.0,0.5,1.5233446396177577
marcus_bettinelli,1,0,GK,Man City,3,1,0,0,4,0,0,3,1.9,0.0,0.0,0.0,0.0,0.0,0.0,0.0,0.0,0.0,0.0,0.0,0.0,0.0,0.0,0.0,0.0,0.0,0.0,0.0,0.0,0.0,0.0,0.0,0.0,0.0,45.0,0.0,Bournemouth,2.0,3.0,Fulham,Fulham,2.0,0.0,0.3600064370797085,,1.5,0.5400096556195627
marcus_rashford,1,1,MID,Man Utd,11,0,0,0,4,0,0,2,2.5,0.0,0.0,9.0,0.0,48.6,0.1,0.1,0.0,0.09,0.0,0.0,6.4,11.6,45.0,0.0,0.0,0.0,0.0,0.0,0.0,4.0,1.0,0.0,0.0,0.0,70.0,0.0,Hull City,0.0,0.0,Liverpool,Liverpool,2.0,1.0,3.485414023849101,14972.0,0.5,1.7427070119245505
marcus_tavernier,1,10,MID,Bournemouth,15,0,0,0,3,0,0,4,2.2,0.0,3.0,32.0,0.0,17.2,0.08,0.48,0.4,2.25,2.0,1.0,7.5,40.0,90.0,0.0,0.0,0.0,0.0,0.0,1.0,18.0,10.0,0.0,0.0,0.0,60.0,0.0,Man City,1.0,0.0,Nott'm Forest,Nott'm Forest,0.0,0.0,2.9373541734729622,,1.2880509687543085,3.78346188871636
mark_gillespie,1,0,GK,Newcastle,14,1,0,0,2,0,0,4,1.9,0.0,0.0,0.0,0.0,0.0,0.0,0.0,0.0,0.0,0.0,0.0,0.0,0.0,0.0,0.0,0.0,0.0,0.0,0.0,0.0,0.0,0.0,0.0,0.0,0.0,45.0,0.0,Liverpool,2.0,1.0,Arsenal,Arsenal,3.0,3.0,0.6370087388544453,,0.5,0.31850436942722266
mark_travers,1,0,GK,Everton,8,1,0,0,3,0,0,3,2.6,0.0,0.0,0.0,0.0,0.0,0.0,0.0,0.0,0.0,0.0,0.0,0.0,0.0,0.0,0.0,0.0,0.0,0.0,0.0,0.0,0.0,0.0,0.0,0.0,0.0,50.0,0.0,Crystal Palace,2.0,3.0,Brentford,Brentford,3.0,3.0,0.9985614847675108,,2.0,1.9971229695350217
martin_dubravka,1,0,GK,Spurs,4,0,0,0,3,0,0,3,1.0,0.0,0.0,0.0,0.0,0.0,0.0,0.0,0.0,0.0,0.0,0.0,0.0,0.0,0.0,0.0,0.0,0.0,0.0,0.0,0.0,0.0,0.0,0.0,0.0,0.0,40.0,0.0,Brentford,0.0,0.0,Ipswich Town,Ipswich Town,2.0,3.0,0.16350264261379932,,0.5,0.08175132130689966
martin_odegaard,1,11,MID,Arsenal,7,1,0,0,4,0,0,2,2.3,0.0,3.0,41.0,1.0,41.5,0.1,0.31,0.21,0.06,0.0,1.0,12.3,50.6,75.0,0.0,0.0,0.0,0.0,0.0,1.0,31.0,11.0,0.0,0.0,0.0,65.0,0.0,Coventry City,3.0,3.0,Newcastle,Newcastle,2.0,1.0,3.109934145352624,14972.0,2.0,6.219868290705248
martin_zubimendi_ibanez,1,1,MID,Arsenal,7,1,0,0,4,0,0,2,2.0,0.0,0.0,3.0,0.0,2.3,0.02,0.02,0.0,0.15,0.0,0.0,0.6,3.8,22.0,0.0,0.0,0.0,0.0,0.0,0.0,0.0,1.0,0.0,0.0,0.0,55.0,0.0,Coventry City,3.0,3.0,Newcastle,Newcastle,2.0,1.0,1.8374479240500987,,2.0,3.6748958481001974
mason_burstow,1,0,FWD,Hull City,16,1,0,0,2,0,0,4,0.0,0.0,0.0,0.0,0.0,0.0,0.0,0.0,0.0,0.0,0.0,0.0,0.0,0.0,0.0,0.0,0.0,0.0,0.0,0.0,0.0,0.0,0.0,0.0,0.0,0.0,45.0,0.0,Man Utd,2.0,3.0,Brighton,Brighton,4.0,3.0,0.013762474975045569,,,
mason_mount,1,0,MID,Man Utd,11,0,0,0,4,0,0,2,1.0,0.0,0.0,0.0,0.0,0.0,0.0,0.0,0.0,0.0,0.0,0.0,0.0,0.0,0.0,0.0,0.0,0.0,0.0,0.0,0.0,0.0,0.0,0.0,0.0,0.0,55.0,0.0,Hull City,0.0,0.0,Liverpool,Liverpool,2.0,1.0,0.499370864447793,,0.5,0.2496854322238965
mateo_joseph_fernandez_regatillo,1,0,FWD,Leeds,18,0,0,0,3,0,0,3,0.0,0.0,0.0,0.0,0.0,0.0,0.0,0.0,0.0,0.0,0.0,0.0,0.0,0.0,0.0,0.0,0.0,0.0,0.0,0.0,0.0,0.0,0.0,0.0,0.0,0.0,45.0,0.0,Nott'm Forest,1.0,3.0,Chelsea,Chelsea,3.0,3.0,0.017174163744761106,,0.5,0.008587081872380553
mateo_kovacic,1,1,MID,Man City,3,1,0,0,4,0,0,3,2.0,0.0,0.0,3.0,0.0,2.1,0.01,0.01,0.0,0.1,0.0,0.0,0.4,2.2,27.0,0.0,0.0,0.0,0.0,0.0,0.0,0.0,1.0,0.0,0.0,0.0,55.0,0.0,Bournemouth,2.0,3.0,Fulham,Fulham,2.0,0.0,2.040008204724244,,1.625283687110916,3.3155920567107398
mateus_fernandes,1,1,MID,Spurs,4,0,0,0,3,0,0,3,2.2,0.0,0.0,16.0,0.0,27.2,0.06,0.06,0.0,2.18,1.0,0.0,3.6,7.2,45.0,0.0,0.0,0.0,0.0,0.0,0.0,2.0,1.0,0.0,0.0,0.0,60.0,0.0,Brentford,0.0,0.0,Ipswich Town,Ipswich Town,2.0,3.0,2.7513716667060493,,0.5,1.3756858333530246
matheus_franca_de_oliveira,1,0,MID,Crystal Palace,9,0,0,0,3,0,0,3,1.5,0.0,0.0,0.0,0.0,0.0,0.0,0.0,0.0,0.0,0.0,0.0,0.0,0.0,0.0,0.0,0.0,0.0,0.0,0.0,0.0,0.0,0.0,0.0,0.0,0.0,50.0,0.0,Everton,0.0,0.0,Coventry City,Coventry City,0.0,0.0,0.3611233921649648,,1.0089732419121291,0.3643638397229897
matheus_nunes,1,1,DEF,Man City,3,1,0,0,4,0,0,3,2.8,0.0,0.0,4.0,0.0,1.5,0.04,0.04,0.0,0.1,0.0,0.0,0.9,3.8,33.0,0.0,0.0,0.0,0.0,0.0,0.0,4.0,1.0,0.0,0.0,0.0,60.0,0.0,Bournemouth,2.0,3.0,Fulham,Fulham,2.0,0.0,3.02774707194608,14973.0,1.3616133660312049,4.122620882123626
matheus_santos_carneiro_da_cunha,1,2,MID,Man Utd,11,0,0,0,4,0,0,2,2.8,0.0,0.0,14.0,0.0,28.2,0.21,0.45,0.24,1.01,2.0,0.0,6.9,5.4,79.0,0.0,0.0,0.0,0.0,0.0,1.0,35.0,2.0,0.0,0.0,0.0,80.0,0.0,Hull City,0.0,0.0,Liverpool,Liverpool,2.0,1.0,4.216705205850209,14973.0,0.5,2.1083526029251045
mathias_jensen,1,6,MID,Brentford,19,1,0,0,3,0,0,3,2.0,1.0,0.0,22.0,1.0,46.2,0.34,0.42,0.08,0.47,0.0,0.0,7.2,12.6,66.0,0.0,0.0,0.0,0.0,0.0,1.0,13.0,6.0,0.0,0.0,0.0,55.0,0.0,Spurs,3.0,3.0,Everton,Everton,2.0,3.0,3.4232182906396673,,1.1173235652211289,3.8248424650276918
mathys_tel,1,2,MID,Spurs,4,0,0,0,3,0,0,3,2.2,0.0,0.0,17.0,0.0,26.0,0.06,0.12,0.06,3.87,3.0,0.0,4.5,10.4,90.0,0.0,0.0,0.0,0.0,0.0,1.0,9.0,2.0,0.0,0.0,0.0,60.0,0.0,Brentford,0.0,0.0,Ipswich Town,Ipswich Town,2.0,3.0,3.003237531487676,,0.5,1.501618765743838
mats_wieffer,1,7,DEF,Brighton,2,1,0,0,2,0,0,4,2.2,0.0,1.0,32.0,1.0,26.3,0.05,0.14,0.09,0.29,0.0,0.0,4.9,16.6,77.0,0.0,0.0,0.0,0.0,0.0,1.0,6.0,7.0,0.0,0.0,0.0,50.0,0.0,Aston Villa,4.0,3.0,Hull City,Hull City,2.0,3.0,2.458926722244678,,1.4975884446684624,3.682460245520127
matt_crooks,1,2,MID,Hull City,16,1,0,0,2,0,0,4,1.0,0.0,0.0,9.0,1.0,2.4,0.0,0.0,0.0,1.83,0.0,0.0,2.1,19.0,90.0,0.0,0.0,0.0,0.0,0.0,1.0,0.0,2.0,0.0,0.0,0.0,45.0,1.0,Man Utd,2.0,3.0,Brighton,Brighton,4.0,3.0,2.364558996211286,,0.5,1.182279498105643
matt_grimes,1,2,MID,Coventry City,1,0,0,0,2,0,0,4,1.5,0.0,0.0,14.0,0.0,3.7,0.01,0.01,0.0,1.88,3.0,0.0,1.7,13.4,90.0,0.0,0.0,0.0,0.0,0.0,1.0,0.0,2.0,0.0,0.0,0.0,50.0,0.0,Arsenal,0.0,0.0,Crystal Palace,Crystal Palace,0.0,0.0,2.38700946198698,,0.6782227157728105,1.6189240398842049
matt_o'riley,1,0,MID,Brighton,2,1,0,0,2,0,0,4,2.0,0.0,0.0,0.0,0.0,0.0,0.0,0.0,0.0,0.0,0.0,0.0,0.0,0.0,0.0,0.0,0.0,0.0,0.0,0.0,0.0,0.0,0.0,0.0,0.0,0.0,55.0,0.0,Aston Villa,4.0,3.0,Hull City,Hull City,2.0,3.0,0.5226034389023442,,0.7701498559185207,0.4024829631731638
matt_targett,1,1,DEF,Hull City,16,1,0,0,2,0,0,4,1.0,0.0,0.0,3.0,0.0,0.0,0.0,0.0,0.0,0.07,0.0,0.0,0.0,0.4,5.0,0.0,0.0,0.0,0.0,0.0,0.0,0.0,1.0,0.0,0.0,0.0,40.0,0.0,Man Utd,2.0,3.0,Brighton,Brighton,4.0,3.0,1.0925585557913395,,0.5,0.5462792778956698
matteo_ruggeri,1,1,DEF,Aston Villa,5,0,0,0,4,0,0,2,1.7,0.0,0.0,3.0,0.0,0.0,0.0,0.0,0.0,0.14,0.0,0.0,0.4,4.0,8.0,0.0,0.0,0.0,0.0,0.0,0.0,0.0,1.0,0.0,0.0,0.0,45.0,0.0,Brighton,0.0,0.0,Sunderland,Sunderland,1.0,0.0,1.0484633843748714,,0.5,0.5242316921874357
matthijs_de_ligt,1,0,DEF,Man Utd,11,0,0,0,4,0,0,2,0.0,0.0,0.0,0.0,0.0,0.0,0.0,0.0,0.0,0.0,0.0,0.0,0.0,0.0,0.0,0.0,0.0,0.0,0.0,0.0,0.0,0.0,0.0,0.0,0.0,0.0,50.0,0.0,Hull City,0.0,0.0,Liverpool,Liverpool,2.0,1.0,0.4635067833674362,,0.5,0.2317533916837181
matty_cash,1,-1,DEF,Aston Villa,5,0,0,0,4,0,0,2,1.7,0.0,0.0,-8.0,0.0,1.1,0.0,0.0,0.0,3.77,4.0,0.0,1.3,12.0,90.0,0.0,0.0,0.0,0.0,0.0,1.0,0.0,-1.0,0.0,0.0,0.0,45.0,1.0,Brighton,0.0,0.0,Sunderland,Sunderland,1.0,0.0,1.4897229136637036,,0.5,0.7448614568318518
matty_jacob,1,0,DEF,Hull City,16,1,0,0,2,0,0,4,0.0,0.0,0.0,0.0,0.0,0.0,0.0,0.0,0.0,0.0,0.0,0.0,0.0,0.0,0.0,0.0,0.0,0.0,0.0,0.0,0.0,0.0,0.0,0.0,0.0,0.0,40.0,0.0,Man Utd,2.0,3.0,Brighton,Brighton,4.0,3.0,0.38382379445706727,,0.5,0.19191189722853363
matz_sels,1,2,GK,Nott'm Forest,13,1,0,0,3,0,0,3,2.6,0.0,0.0,11.0,0.0,0.0,0.0,0.0,0.0,0.47,1.0,0.0,1.4,14.2,90.0,0.0,0.0,0.0,0.0,2.0,1.0,0.0,2.0,0.0,0.0,0.0,50.0,0.0,Leeds,0.0,0.0,Bournemouth,Bournemouth,1.0,0.0,3.260873233088046,50210.0,1.5,4.891309849632069
max_alleyne,1,0,DEF,Man City,3,1,0,0,4,0,0,3,0.0,0.0,0.0,0.0,0.0,0.0,0.0,0.0,0.0,0.0,0.0,0.0,0.0,0.0,0.0,0.0,0.0,0.0,0.0,0.0,0.0,0.0,0.0,0.0,0.0,0.0,50.0,0.0,Bournemouth,2.0,3.0,Fulham,Fulham,2.0,0.0,0.5675629513933136,,1.3616133660312049,0.7728013006812549
max_dowman,1,0,MID,Arsenal,7,1,0,0,4,0,0,2,2.0,0.0,0.0,0.0,0.0,0.0,0.0,0.0,0.0,0.0,0.0,0.0,0.0,0.0,0.0,0.0,0.0,0.0,0.0,0.0,0.0,0.0,0.0,0.0,0.0,0.0,55.0,0.0,Coventry City,3.0,3.0,Newcastle,Newcastle,2.0,1.0,0.5368134955834911,,2.0,1.0736269911669822
maxence_lacroix,1,6,DEF,Chelsea,10,0,0,0,4,0,0,2,2.8,1.0,0.0,25.0,0.0,11.2,0.2,0.2,0.0,1.33,2.0,0.0,5.7,44.2,90.0,0.0,0.0,0.0,0.0,0.0,1.0,2.0,6.0,0.0,0.0,0.0,60.0,0.0,Fulham,3.0,3.0,Leeds,Leeds,1.0,3.0,4.530816405598346,14974.0,0.8609062485052533,3.900608154409728
maxim_de_cuyper,1,17,DEF,Brighton,2,1,0,0,2,0,0,4,1.7,1.0,2.0,46.0,1.0,45.3,0.21,1.68,1.47,0.29,0.0,1.0,12.9,40.6,77.0,0.0,0.0,0.0,0.0,0.0,1.0,43.0,17.0,0.0,0.0,0.0,45.0,0.0,Aston Villa,4.0,3.0,Hull City,Hull City,2.0,3.0,1.8496161879041697,14971.0,1.4975884446684624,2.769963830077016
melker_ellborg,1,0,GK,Sunderland,12,0,0,0,3,0,0,2,1.9,0.0,0.0,0.0,0.0,0.0,0.0,0.0,0.0,0.0,0.0,0.0,0.0,0.0,0.0,0.0,0.0,0.0,0.0,0.0,0.0,0.0,0.0,0.0,0.0,0.0,45.0,0.0,Ipswich Town,1.0,0.0,Aston Villa,Aston Villa,0.0,0.0,-0.2646083376774999,14974.0,1.5,-0.3969125065162499
merlin_rohl,1,3,MID,Everton,8,1,0,0,3,0,0,3,1.5,0.0,0.0,12.0,1.0,13.0,0.06,0.06,0.0,1.96,0.0,0.0,2.9,13.8,90.0,0.0,0.0,0.0,0.0,0.0,1.0,2.0,3.0,0.0,0.0,0.0,50.0,0.0,Crystal Palace,2.0,3.0,Brentford,Brentford,3.0,3.0,2.9199172158723705,,0.5761082844092638,1.6821884978533053
michael_kayode,1,13,DEF,Brentford,19,1,0,0,3,0,0,3,1.7,0.0,1.0,36.0,1.0,1.5,0.0,0.5,0.5,0.47,0.0,1.0,8.1,33.8,75.0,0.0,0.0,0.0,0.0,0.0,1.0,46.0,13.0,0.0,0.0,0.0,45.0,0.0,Spurs,3.0,3.0,Everton,Everton,2.0,3.0,2.781458914972128,,2.0,5.562917829944256
michael_keane,1,0,DEF,Everton,8,1,0,0,3,0,0,3,2.2,0.0,0.0,0.0,0.0,0.0,0.0,0.0,0.0,0.0,0.0,0.0,0.0,0.0,0.0,0.0,0.0,0.0,0.0,0.0,0.0,0.0,0.0,0.0,0.0,0.0,50.0,0.0,Crystal Palace,2.0,3.0,Brentford,Brentford,3.0,3.0,0.9333758873564597,79641.0,2.0,1.8667517747129194
michael_svoboda,1,0,DEF,Brighton,2,1,0,0,2,0,0,4,2.2,0.0,0.0,0.0,0.0,0.0,0.0,0.0,0.0,0.0,0.0,0.0,0.0,0.0,0.0,0.0,0.0,0.0,0.0,0.0,0.0,0.0,0.0,0.0,0.0,0.0,50.0,0.0,Aston Villa,4.0,3.0,Hull City,Hull City,2.0,3.0,0.9109944886117375,,1.4975884446684624,1.3642948193015931
micky_van_de_ven,1,0,DEF,Spurs,4,0,0,0,3,0,0,3,0.0,0.0,0.0,0.0,0.0,0.0,0.0,0.0,0.0,0.0,0.0,0.0,0.0,0.0,0.0,0.0,0.0,0.0,0.0,0.0,0.0,0.0,0.0,0.0,0.0,0.0,50.0,0.0,Brentford,0.0,0.0,Ipswich Town,Ipswich Town,2.0,3.0,0.4913512550071082,50210.0,0.5,0.2456756275035541
miguel_brau,1,0,DEF,Coventry City,1,0,0,0,2,0,0,4,1.0,0.0,0.0,0.0,0.0,0.0,0.0,0.0,0.0,0.0,0.0,0.0,0.0,0.0,0.0,0.0,0.0,0.0,0.0,0.0,0.0,0.0,0.0,0.0,0.0,0.0,40.0,0.0,Arsenal,0.0,0.0,Crystal Palace,Crystal Palace,0.0,0.0,0.08715912985043506,,1.2503122131069258,0.10897612453577137
mike_penders,1,0,GK,Chelsea,10,0,0,0,4,0,0,2,1.9,0.0,0.0,0.0,0.0,0.0,0.0,0.0,0.0,0.0,0.0,0.0,0.0,0.0,0.0,0.0,0.0,0.0,0.0,0.0,0.0,0.0,0.0,0.0,0.0,0.0,45.0,0.0,Fulham,3.0,3.0,Leeds,Leeds,1.0,3.0,0.6778148902607252,14971.0,1.0,0.6778148902607252
mikel_merino_zazon,1,1,MID,Arsenal,7,1,0,0,4,0,0,2,2.2,0.0,0.0,5.0,0.0,1.2,0.02,0.16,0.14,0.15,0.0,0.0,1.9,3.6,14.0,0.0,0.0,0.0,0.0,0.0,0.0,14.0,1.0,0.0,0.0,0.0,60.0,0.0,Coventry City,3.0,3.0,Newcastle,Newcastle,2.0,1.0,1.958613901374935,,2.0,3.91722780274987
mikey_moore,1,2,MID,Spurs,4,0,0,0,3,0,0,3,1.5,0.0,0.0,10.0,0.0,5.9,0.02,0.4,0.38,3.02,3.0,0.0,7.5,14.2,67.0,0.0,0.0,0.0,0.0,0.0,1.0,55.0,2.0,0.0,0.0,0.0,50.0,0.0,Brentford,0.0,0.0,Ipswich Town,Ipswich Town,2.0,3.0,2.717172952127221,,0.5,1.3585864760636106
mikkel_damsgaard,1,1,MID,Brentford,19,1,0,0,3,0,0,3,2.0,0.0,0.0,6.0,0.0,26.3,0.11,0.11,0.0,0.1,0.0,0.0,3.4,7.6,14.0,0.0,0.0,0.0,0.0,0.0,0.0,0.0,1.0,0.0,0.0,0.0,55.0,0.0,Spurs,3.0,3.0,Everton,Everton,2.0,3.0,1.765698471659402,50210.0,1.1173235652211289,1.9728565114599814
milan_van_ewijk,1,1,DEF,Coventry City,1,0,0,0,2,0,0,4,1.0,0.0,0.0,-8.0,0.0,2.0,0.01,0.01,0.0,1.88,3.0,0.0,1.5,10.6,90.0,0.0,0.0,0.0,0.0,0.0,1.0,2.0,1.0,0.0,0.0,0.0,40.0,0.0,Arsenal,0.0,0.0,Crystal Palace,Crystal Palace,0.0,0.0,2.2247016950979086,,1.2503122131069258,2.7815716999005953
milos_kerkez,1,0,DEF,Liverpool,17,0,0,0,4,0,0,2,2.5,0.0,0.0,3.0,0.0,13.8,0.02,0.04,0.02,1.58,2.0,0.0,4.4,18.0,90.0,0.0,0.0,0.0,0.0,0.0,1.0,12.0,0.0,0.0,0.0,0.0,55.0,1.0,Newcastle,2.0,1.0,Man Utd,Man Utd,0.0,0.0,2.9806159803917915,15210.0,1.4899357349188793,4.440926261256
mitoma_kaoru,1,0,MID,Brighton,2,1,0,0,2,0,0,4,0.0,0.0,0.0,0.0,0.0,0.0,0.0,0.0,0.0,0.0,0.0,0.0,0.0,0.0,0.0,0.0,0.0,0.0,0.0,0.0,0.0,0.0,0.0,0.0,0.0,0.0,60.0,0.0,Aston Villa,4.0,3.0,Hull City,Hull City,2.0,3.0,0.4539634409786788,,0.7701498559185207,0.34961987866200533
mohamed_belloumi,1,3,MID,Hull City,16,1,0,0,2,0,0,4,1.5,0.0,0.0,8.0,1.0,2.2,0.03,0.08,0.05,1.83,0.0,0.0,2.0,10.6,90.0,0.0,0.0,0.0,0.0,0.0,1.0,7.0,3.0,0.0,0.0,0.0,50.0,0.0,Man Utd,2.0,3.0,Brighton,Brighton,4.0,3.0,3.038623657696917,,0.5,1.5193118288484584
mohammed_kudus,1,0,MID,Spurs,4,0,0,0,3,0,0,3,0.6,0.0,0.0,0.0,0.0,0.0,0.0,0.0,0.0,0.0,0.0,0.0,0.0,0.0,0.0,0.0,0.0,0.0,0.0,0.0,0.0,0.0,0.0,0.0,0.0,0.0,65.0,0.0,Brentford,0.0,0.0,Ipswich Town,Ipswich Town,2.0,3.0,0.7080867538537491,,0.5,0.35404337692687454
moises_caicedo_corozo,1,0,MID,Chelsea,10,0,0,0,4,0,0,2,2.0,0.0,0.0,0.0,0.0,0.0,0.0,0.0,0.0,0.0,0.0,0.0,0.0,0.0,0.0,0.0,0.0,0.0,0.0,0.0,0.0,0.0,0.0,0.0,0.0,0.0,55.0,0.0,Fulham,3.0,3.0,Leeds,Leeds,1.0,3.0,0.5116746615203156,61014.0,1.0654637504393782,0.5451708038682349
morgan_gibbs_white,1,2,MID,Nott'm Forest,13,1,0,0,3,0,0,3,2.8,0.0,0.0,10.0,0.0,9.3,0.06,0.19,0.13,0.47,1.0,0.0,2.4,0.0,90.0,0.0,0.0,0.0,0.0,0.0,1.0,16.0,2.0,0.0,0.0,0.0,80.0,0.0,Leeds,0.0,0.0,Bournemouth,Bournemouth,1.0,0.0,4.025092513638494,14971.0,0.5855188667668813,2.356767607217469
morgan_rogers,1,8,MID,Chelsea,10,0,0,0,4,0,0,2,2.6,0.0,1.0,37.0,0.0,53.5,0.1,1.06,0.96,1.24,2.0,1.0,13.1,48.8,81.0,0.0,0.0,0.0,0.0,0.0,1.0,29.0,8.0,0.0,0.0,0.0,75.0,0.0,Fulham,3.0,3.0,Leeds,Leeds,1.0,3.0,4.117961518150388,14970.0,1.0654637504393782,4.387538723293548
murillo_costa_dos_santos,1,4,DEF,Nott'm Forest,13,1,0,0,3,0,0,3,2.5,0.0,0.0,15.0,0.0,25.9,0.28,0.28,0.0,0.47,1.0,0.0,5.8,32.2,90.0,0.0,0.0,0.0,0.0,0.0,1.0,0.0,4.0,0.0,0.0,0.0,55.0,0.0,Leeds,0.0,0.0,Bournemouth,Bournemouth,1.0,0.0,4.410416418763696,15210.0,1.986317939310555,8.760489252420143
mykhailo_mudryk,1,0,MID,Chelsea,10,0,0,0,4,0,0,2,2.0,0.0,0.0,0.0,0.0,0.0,0.0,0.0,0.0,0.0,0.0,0.0,0.0,0.0,0.0,0.0,0.0,0.0,0.0,0.0,0.0,0.0,0.0,0.0,0.0,0.0,55.0,0.0,Fulham,3.0,3.0,Leeds,Leeds,1.0,3.0,0.5116746615203156,,1.0654637504393782,0.5451708038682349
myles_lewis_skelly,1,3,MID,Arsenal,7,1,0,0,4,0,0,2,2.0,0.0,0.0,15.0,1.0,22.9,0.11,0.17,0.06,0.2,0.0,0.0,4.1,11.0,90.0,0.0,0.0,0.0,0.0,0.0,1.0,7.0,3.0,0.0,0.0,0.0,55.0,0.0,Coventry City,3.0,3.0,Newcastle,Newcastle,2.0,1.0,3.400236476957467,,2.0,6.800472953914934
nathan_collins,1,6,DEF,Brentford,19,1,0,0,3,0,0,3,2.5,0.0,0.0,21.0,1.0,21.5,0.04,0.38,0.34,0.57,0.0,0.0,5.0,11.6,90.0,0.0,0.0,0.0,0.0,0.0,1.0,17.0,6.0,0.0,0.0,0.0,55.0,0.0,Spurs,3.0,3.0,Everton,Everton,2.0,3.0,3.173057512506766,14972.0,2.0,6.346115025013532
nathan_patterson,1,0,DEF,Everton,8,1,0,0,3,0,0,3,1.7,0.0,0.0,0.0,0.0,0.0,0.0,0.0,0.0,0.0,0.0,0.0,0.0,0.0,0.0,0.0,0.0,0.0,0.0,0.0,0.0,0.0,0.0,0.0,0.0,0.0,45.0,0.0,Crystal Palace,2.0,3.0,Brentford,Brentford,3.0,3.0,0.6976737790235504,,2.0,1.3953475580471009
neco_williams,1,2,DEF,Nott'm Forest,13,1,0,0,3,0,0,3,2.2,0.0,0.0,13.0,0.0,5.8,0.02,0.02,0.0,0.47,1.0,0.0,2.7,15.2,90.0,0.0,0.0,0.0,0.0,0.0,1.0,6.0,2.0,0.0,0.0,0.0,50.0,0.0,Leeds,0.0,0.0,Bournemouth,Bournemouth,1.0,0.0,3.1733816414418743,14971.0,1.986317939310555,6.303344882674771
nehemiah_oriola,1,0,MID,Brighton,2,1,0,0,2,0,0,4,1.0,0.0,0.0,0.0,0.0,0.0,0.0,0.0,0.0,0.0,0.0,0.0,0.0,0.0,0.0,0.0,0.0,0.0,0.0,0.0,0.0,0.0,0.0,0.0,0.0,0.0,45.0,0.0,Aston Villa,4.0,3.0,Hull City,Hull City,2.0,3.0,0.18763016071429162,,0.7701498559185207,0.14450334124008057
nick_pope,1,0,GK,Newcastle,14,1,0,0,2,0,0,4,2.6,0.0,0.0,0.0,0.0,0.0,0.0,0.0,0.0,0.0,0.0,0.0,0.0,0.0,0.0,0.0,0.0,0.0,0.0,0.0,0.0,0.0,0.0,0.0,0.0,0.0,50.0,0.0,Liverpool,2.0,1.0,Arsenal,Arsenal,3.0,3.0,0.7751314866190867,,0.5,0.38756574330954335
nick_woltemade,1,0,FWD,Newcastle,14,1,0,0,2,0,0,4,2.0,0.0,0.0,0.0,0.0,0.0,0.0,0.0,0.0,0.0,0.0,0.0,0.0,0.0,0.0,0.0,0.0,0.0,0.0,0.0,0.0,0.0,0.0,0.0,0.0,0.0,60.0,0.0,Liverpool,2.0,1.0,Arsenal,Arsenal,3.0,3.0,0.5093350239509491,14970.0,0.9236141422959404,0.4704290312877381
nico_elvedi,1,0,DEF,Leeds,18,0,0,0,3,0,0,3,1.7,0.0,0.0,0.0,0.0,0.0,0.0,0.0,0.0,0.0,0.0,0.0,0.0,0.0,0.0,0.0,0.0,0.0,0.0,0.0,0.0,0.0,0.0,0.0,0.0,0.0,45.0,0.0,Nott'm Forest,1.0,3.0,Chelsea,Chelsea,3.0,3.0,0.6769629862649553,,2.0,1.3539259725299106
nico_gonzalez_iglesias,1,0,MID,Man City,3,1,0,0,4,0,0,3,2.0,0.0,0.0,0.0,0.0,0.0,0.0,0.0,0.0,0.0,0.0,0.0,0.0,0.0,0.0,0.0,0.0,0.0,0.0,0.0,0.0,0.0,0.0,0.0,0.0,0.0,55.0,0.0,Bournemouth,2.0,3.0,Fulham,Fulham,2.0,0.0,0.5540103162385437,,1.625283687110916,0.9004239294736649
nico_o'reilly,1,2,DEF,Man City,3,1,0,0,4,0,0,3,3.1,0.0,0.0,5.0,0.0,30.4,0.41,0.48,0.07,0.55,1.0,0.0,5.0,8.8,62.0,0.0,0.0,0.0,0.0,0.0,1.0,11.0,2.0,0.0,0.0,0.0,65.0,0.0,Bournemouth,2.0,3.0,Fulham,Fulham,2.0,0.0,3.5974376917869337,14972.0,1.3616133660312049,4.898319244601535
nicolas_dominguez,1,0,MID,Nott'm Forest,13,1,0,0,3,0,0,3,1.5,0.0,0.0,0.0,0.0,0.0,0.0,0.0,0.0,0.0,0.0,0.0,0.0,0.0,0.0,0.0,0.0,0.0,0.0,0.0,0.0,0.0,0.0,0.0,0.0,0.0,50.0,0.0,Leeds,0.0,0.0,Bournemouth,Bournemouth,1.0,0.0,0.39223575417595136,,0.5855188667668813,0.22966143429055605
nicolas_jackson,1,0,FWD,Chelsea,10,0,0,0,4,0,0,2,2.1,0.0,0.0,0.0,0.0,0.0,0.0,0.0,0.0,0.0,0.0,0.0,0.0,0.0,0.0,0.0,0.0,0.0,0.0,0.0,0.0,0.0,0.0,0.0,0.0,0.0,65.0,0.0,Fulham,3.0,3.0,Leeds,Leeds,1.0,3.0,0.6880764405890882,,2.0,1.3761528811781765
nicolo_savona,1,0,DEF,Nott'm Forest,13,1,0,0,3,0,0,3,0.0,0.0,0.0,0.0,0.0,0.0,0.0,0.0,0.0,0.0,0.0,0.0,0.0,0.0,0.0,0.0,0.0,0.0,0.0,0.0,0.0,0.0,0.0,0.0,0.0,0.0,45.0,0.0,Leeds,0.0,0.0,Bournemouth,Bournemouth,1.0,0.0,0.20922564682589817,,1.986317939310555,0.415588655654136
nikola_milenkovic,1,2,DEF,Nott'm Forest,13,1,0,0,3,0,0,3,2.5,0.0,0.0,4.0,0.0,0.6,0.02,0.13,0.11,0.47,1.0,0.0,2.2,7.6,90.0,0.0,0.0,0.0,0.0,0.0,1.0,14.0,2.0,0.0,0.0,0.0,55.0,0.0,Leeds,0.0,0.0,Bournemouth,Bournemouth,1.0,0.0,3.645067516178053,14972.0,1.986317939310555,7.240262997382633
nilson_angulo,1,5,MID,Sunderland,12,0,0,0,3,0,0,2,1.5,0.0,0.0,23.0,0.0,3.3,0.01,0.16,0.15,1.66,1.0,1.0,5.2,32.8,58.0,0.0,0.0,0.0,0.0,0.0,1.0,16.0,5.0,0.0,0.0,0.0,50.0,1.0,Ipswich Town,1.0,0.0,Aston Villa,Aston Villa,0.0,0.0,1.4068591947605966,,1.7376667108663282,2.4446523896116967
noah_okafor,1,1,MID,Leeds,18,0,0,0,3,0,0,3,2.2,0.0,0.0,10.0,0.0,14.0,0.16,0.16,0.0,0.13,0.0,0.0,2.8,10.0,24.0,0.0,0.0,0.0,0.0,0.0,0.0,4.0,1.0,0.0,0.0,0.0,60.0,0.0,Nott'm Forest,1.0,3.0,Chelsea,Chelsea,3.0,3.0,2.303755507734799,,0.9918904123390104,2.285073000495336
noah_sadiki,1,2,MID,Sunderland,12,0,0,0,3,0,0,2,1.5,0.0,0.0,18.0,0.0,32.1,0.03,0.09,0.06,1.8,2.0,0.0,7.2,14.6,90.0,0.0,0.0,0.0,0.0,0.0,1.0,25.0,2.0,0.0,0.0,0.0,50.0,0.0,Ipswich Town,1.0,0.0,Aston Villa,Aston Villa,0.0,0.0,3.0335963957214926,,1.7376667108663282,5.271379471049314
nobel_mendy,1,15,DEF,Hull City,16,1,0,0,2,0,0,4,1.0,0.0,1.0,35.0,1.0,0.6,0.0,0.28,0.28,0.86,0.0,1.0,8.5,51.8,63.0,0.0,0.0,0.0,0.0,0.0,1.0,33.0,15.0,0.0,0.0,0.0,40.0,0.0,Man Utd,2.0,3.0,Brighton,Brighton,4.0,3.0,2.9057300587354824,,0.5,1.4528650293677412
noni_madueke,1,1,MID,Arsenal,7,1,0,0,4,0,0,2,2.3,0.0,0.0,8.0,0.0,43.1,0.04,0.04,0.0,0.15,0.0,0.0,5.3,9.4,22.0,0.0,0.0,0.0,0.0,0.0,0.0,0.0,1.0,0.0,0.0,0.0,65.0,0.0,Coventry City,3.0,3.0,Newcastle,Newcastle,2.0,1.0,2.311517993406298,,2.0,4.623035986812596
norberto_bercique_gomes_betuncal,1,1,FWD,Everton,8,1,0,0,3,0,0,3,1.8,0.0,0.0,3.0,0.0,0.0,0.0,0.05,0.05,0.34,0.0,0.0,0.2,0.0,11.0,0.0,0.0,0.0,0.0,0.0,0.0,2.0,1.0,0.0,0.0,0.0,55.0,0.0,Crystal Palace,2.0,3.0,Brentford,Brentford,3.0,3.0,1.6005720862802153,15210.0,1.8031814164878166,2.8861218417296186
nordi_mukiele,1,0,DEF,Sunderland,12,0,0,0,3,0,0,2,2.5,0.0,0.0,0.0,0.0,0.0,0.0,0.0,0.0,0.0,0.0,0.0,0.0,0.0,0.0,0.0,0.0,0.0,0.0,0.0,0.0,0.0,0.0,0.0,0.0,0.0,55.0,0.0,Ipswich Town,1.0,0.0,Aston Villa,Aston Villa,0.0,0.0,0.8149762476077574,79641.0,1.472970552427337,1.2004360136539567
norman_bassette,1,0,FWD,Coventry City,1,0,0,0,2,0,0,4,0.0,0.0,0.0,0.0,0.0,0.0,0.0,0.0,0.0,0.0,0.0,0.0,0.0,0.0,0.0,0.0,0.0,0.0,0.0,0.0,0.0,0.0,0.0,0.0,0.0,0.0,45.0,0.0,Arsenal,0.0,0.0,Crystal Palace,Crystal Palace,0.0,0.0,0.018872491942612868,,1.6928601905845535,0.03194849030677707
noussair_mazraoui,1,1,DEF,Man Utd,11,0,0,0,4,0,0,2,1.7,0.0,0.0,8.0,0.0,29.4,0.05,0.27,0.22,1.01,2.0,0.0,5.6,17.4,79.0,0.0,0.0,0.0,0.0,0.0,1.0,9.0,1.0,0.0,0.0,0.0,45.0,0.0,Hull City,0.0,0.0,Liverpool,Liverpool,2.0,1.0,1.9703994505304308,,0.5,0.9851997252652154
ola_aina,1,5,DEF,Nott'm Forest,13,1,0,0,3,0,0,3,1.7,0.0,0.0,24.0,1.0,35.6,0.17,0.21,0.04,0.34,0.0,0.0,6.3,16.0,73.0,0.0,0.0,0.0,0.0,0.0,1.0,11.0,5.0,0.0,0.0,0.0,45.0,1.0,Leeds,0.0,0.0,Bournemouth,Bournemouth,1.0,0.0,2.253945796452562,,1.986317939310555,4.477052969727341
oli_mcburnie,1,5,FWD,Hull City,16,1,0,0,2,0,0,4,1.8,1.0,0.0,21.0,1.0,21.1,0.01,0.17,0.16,1.83,0.0,0.0,9.0,17.2,90.0,0.0,0.0,0.0,0.0,0.0,1.0,52.0,5.0,0.0,0.0,0.0,55.0,0.0,Man Utd,2.0,3.0,Brighton,Brighton,4.0,3.0,3.356486978518502,61014.0,,
oliver_dovin,1,0,GK,Coventry City,1,0,0,0,2,0,0,4,1.0,0.0,0.0,0.0,0.0,0.0,0.0,0.0,0.0,0.0,0.0,0.0,0.0,0.0,0.0,0.0,0.0,0.0,0.0,0.0,0.0,0.0,0.0,0.0,0.0,0.0,40.0,0.0,Arsenal,0.0,0.0,Crystal Palace,Crystal Palace,0.0,0.0,-0.4549530633785406,,1.75,-0.7961678609124461
olivier_boscagli,1,6,DEF,Brighton,2,1,0,0,2,0,0,4,1.7,0.0,0.0,29.0,1.0,7.3,0.04,0.04,0.0,0.29,0.0,0.0,2.9,15.2,90.0,0.0,0.0,0.0,0.0,0.0,1.0,6.0,6.0,0.0,0.0,0.0,45.0,0.0,Aston Villa,4.0,3.0,Hull City,Hull City,2.0,3.0,2.87785431968791,,1.4975884446684624,4.309841374603833
ollie_watkins,1,0,FWD,Aston Villa,5,0,0,0,4,0,0,2,2.5,0.0,0.0,0.0,0.0,0.0,0.0,0.0,0.0,0.0,0.0,0.0,0.0,0.0,0.0,0.0,0.0,0.0,0.0,0.0,0.0,0.0,0.0,0.0,0.0,0.0,80.0,0.0,Brighton,0.0,0.0,Sunderland,Sunderland,1.0,0.0,0.7906609293378757,14971.0,,
omar_alderete,1,1,DEF,Sunderland,12,0,0,0,3,0,0,2,2.2,0.0,0.0,2.0,0.0,0.6,0.01,0.01,0.0,0.1,1.0,0.0,0.0,0.0,23.0,0.0,0.0,0.0,0.0,0.0,0.0,0.0,1.0,0.0,0.0,0.0,50.0,0.0,Ipswich Town,1.0,0.0,Aston Villa,Aston Villa,0.0,0.0,2.1250048850407266,,1.472970552427337,3.130069619429229
omar_marmoush,1,0,FWD,Man City,3,1,0,0,4,0,0,3,2.2,0.0,0.0,0.0,0.0,0.0,0.0,0.0,0.0,0.0,0.0,0.0,0.0,0.0,0.0,0.0,0.0,0.0,0.0,0.0,0.0,0.0,0.0,0.0,0.0,0.0,70.0,0.0,Bournemouth,2.0,3.0,Fulham,Fulham,2.0,0.0,0.5686339709152577,14972.0,1.43679012345679,0.8170076732730578
omar_richards,1,0,DEF,Nott'm Forest,13,1,0,0,3,0,0,3,1.0,0.0,0.0,0.0,0.0,0.0,0.0,0.0,0.0,0.0,0.0,0.0,0.0,0.0,0.0,0.0,0.0,0.0,0.0,0.0,0.0,0.0,0.0,0.0,0.0,0.0,40.0,0.0,Leeds,0.0,0.0,Bournemouth,Bournemouth,1.0,0.0,0.1509621141123476,,1.986317939310555,0.29985875541760315
omari_hutchinson,1,0,MID,Nott'm Forest,13,1,0,0,3,0,0,3,2.0,0.0,0.0,0.0,0.0,0.0,0.0,0.0,0.0,0.0,0.0,0.0,0.0,0.0,0.0,0.0,0.0,0.0,0.0,0.0,0.0,0.0,0.0,0.0,0.0,0.0,55.0,0.0,Leeds,0.0,0.0,Bournemouth,Bournemouth,1.0,0.0,0.5597223932699777,,0.5855188667668813,0.327728021411484
oscar_bobb,1,2,MID,Fulham,6,1,0,0,2,0,0,4,2.0,0.0,0.0,10.0,0.0,13.8,0.26,0.26,0.0,2.21,3.0,0.0,3.0,9.8,66.0,0.0,0.0,0.0,0.0,0.0,1.0,6.0,2.0,0.0,0.0,0.0,55.0,0.0,Chelsea,2.0,0.0,Man City,Man City,2.0,3.0,2.2779535812119303,,0.7011697849587407,1.5972322226843625
oscar_mingueza,1,0,DEF,Crystal Palace,9,0,0,0,3,0,0,3,1.7,0.0,0.0,0.0,0.0,0.0,0.0,0.0,0.0,0.0,0.0,0.0,0.0,0.0,0.0,0.0,0.0,0.0,0.0,0.0,0.0,0.0,0.0,0.0,0.0,0.0,45.0,0.0,Everton,0.0,0.0,Coventry City,Coventry City,0.0,0.0,0.3465197149325916,,1.7871465150029202,0.6192815009215864
oscar_zambrano,1,0,MID,Hull City,16,1,0,0,2,0,0,4,0.0,0.0,0.0,0.0,0.0,0.0,0.0,0.0,0.0,0.0,0.0,0.0,0.0,0.0,0.0,0.0,0.0,0.0,0.0,0.0,0.0,0.0,0.0,0.0,0.0,0.0,45.0,0.0,Man Utd,2.0,3.0,Brighton,Brighton,4.0,3.0,0.1957713991871044,,0.5,0.0978856995935522
ousmane_diomande,1,0,DEF,Nott'm Forest,13,1,0,0,3,0,0,3,2.5,0.0,0.0,0.0,0.0,0.0,0.0,0.0,0.0,0.0,0.0,0.0,0.0,0.0,0.0,0.0,0.0,0.0,0.0,0.0,0.0,0.0,0.0,0.0,0.0,0.0,55.0,0.0,Leeds,0.0,0.0,Bournemouth,Bournemouth,1.0,0.0,0.8580684391110748,,1.986317939310555,1.7043967337625345
paddy_mcnair,1,1,DEF,Hull City,16,1,0,0,2,0,0,4,1.0,0.0,0.0,3.0,0.0,0.0,0.0,0.0,0.0,0.96,0.0,0.0,0.4,4.2,26.0,0.0,0.0,0.0,0.0,0.0,0.0,0.0,1.0,0.0,0.0,0.0,40.0,0.0,Man Utd,2.0,3.0,Brighton,Brighton,4.0,3.0,1.4894883062905104,,0.5,0.7447441531452552
pape_matar_sarr,1,0,MID,Spurs,4,0,0,0,3,0,0,3,0.0,0.0,0.0,0.0,0.0,0.0,0.0,0.0,0.0,0.0,0.0,0.0,0.0,0.0,0.0,0.0,0.0,0.0,0.0,0.0,0.0,0.0,0.0,0.0,0.0,0.0,50.0,0.0,Brentford,0.0,0.0,Ipswich Town,Ipswich Town,2.0,3.0,0.2906324258980395,,0.5,0.14531621294901975
pascal_gross,1,2,MID,Brighton,2,1,0,0,2,0,0,4,2.0,0.0,0.0,18.0,1.0,56.9,0.27,0.27,0.0,0.29,0.0,0.0,8.6,21.0,90.0,0.0,0.0,0.0,0.0,0.0,1.0,8.0,2.0,0.0,0.0,0.0,55.0,1.0,Aston Villa,4.0,3.0,Hull City,Hull City,2.0,3.0,3.460062614992702,61014.0,0.7701498559185207,2.6647667244056894
pascal_struijk,1,0,DEF,Brighton,2,1,0,0,2,0,0,4,2.2,0.0,0.0,0.0,0.0,0.0,0.0,0.0,0.0,0.0,0.0,0.0,0.0,0.0,0.0,0.0,0.0,0.0,0.0,0.0,0.0,0.0,0.0,0.0,0.0,0.0,50.0,0.0,Aston Villa,4.0,3.0,Hull City,Hull City,2.0,3.0,0.9109944886117375,,1.4975884446684624,1.3642948193015931
patrick_dorgu,1,0,MID,Man Utd,11,0,0,0,4,0,0,2,2.2,0.0,0.0,-11.0,0.0,1.2,0.03,0.5,0.47,0.92,2.0,0.0,0.7,0.0,45.0,0.0,0.0,0.0,0.0,0.0,1.0,16.0,0.0,0.0,0.0,0.0,60.0,1.0,Hull City,0.0,0.0,Liverpool,Liverpool,2.0,1.0,1.191727683695877,79641.0,0.5,0.5958638418479385
pau_torres,1,0,DEF,Aston Villa,5,0,0,0,4,0,0,2,1.7,0.0,0.0,-14.0,0.0,0.7,0.0,0.0,0.0,3.55,4.0,0.0,0.0,0.0,73.0,0.0,0.0,0.0,0.0,0.0,1.0,0.0,0.0,0.0,0.0,0.0,45.0,0.0,Brighton,0.0,0.0,Sunderland,Sunderland,1.0,0.0,1.1145120273266869,,0.5,0.5572560136633434
pedro_lomba_neto,1,1,MID,Chelsea,10,0,0,0,4,0,0,2,2.3,0.0,0.0,9.0,0.0,4.1,0.07,0.1,0.03,0.22,0.0,0.0,1.3,5.2,14.0,0.0,0.0,0.0,0.0,0.0,0.0,4.0,1.0,0.0,0.0,0.0,65.0,0.0,Fulham,3.0,3.0,Leeds,Leeds,1.0,3.0,1.8457641598948553,14973.0,1.0654637504393782,1.9665948042281607
pedro_porro_sauceda,1,0,DEF,Spurs,4,0,0,0,3,0,0,3,0.0,0.0,0.0,0.0,0.0,0.0,0.0,0.0,0.0,0.0,0.0,0.0,0.0,0.0,0.0,0.0,0.0,0.0,0.0,0.0,0.0,0.0,0.0,0.0,0.0,0.0,55.0,0.0,Brentford,0.0,0.0,Ipswich Town,Ipswich Town,2.0,3.0,0.6679071714668979,14973.0,0.5,0.33395358573344897
pep_chavarria,1,1,DEF,Chelsea,10,0,0,0,4,0,0,2,2.2,0.0,0.0,3.0,0.0,0.2,0.0,0.0,0.0,0.28,0.0,0.0,0.5,2.4,25.0,0.0,0.0,0.0,0.0,0.0,0.0,2.0,1.0,0.0,0.0,0.0,50.0,0.0,Fulham,3.0,3.0,Leeds,Leeds,1.0,3.0,2.0605508996577506,,0.8609062485052533,1.7739411448784788
phil_foden,1,1,MID,Man City,3,1,0,0,4,0,0,3,2.5,0.0,0.0,15.0,0.0,49.6,0.4,0.52,0.12,0.65,1.0,0.0,7.5,10.4,81.0,0.0,0.0,0.0,0.0,0.0,1.0,15.0,1.0,0.0,0.0,0.0,70.0,1.0,Bournemouth,2.0,3.0,Fulham,Fulham,2.0,0.0,3.7379411387603616,14969.0,1.625283687110916,6.075214756208016
piero_hincapie,1,1,DEF,Arsenal,7,1,0,0,4,0,0,2,2.5,0.0,0.0,3.0,0.0,0.5,0.0,0.0,0.0,0.15,0.0,0.0,0.1,0.4,9.0,0.0,0.0,0.0,0.0,0.0,0.0,0.0,1.0,0.0,0.0,0.0,55.0,0.0,Coventry City,3.0,3.0,Newcastle,Newcastle,2.0,1.0,1.730138134312654,79641.0,1.117588837376478,1.9335830660271878
promise_david,1,0,FWD,Brighton,2,1,0,0,2,0,0,4,2.0,0.0,0.0,0.0,0.0,0.0,0.0,0.0,0.0,0.0,0.0,0.0,0.0,0.0,0.0,0.0,0.0,0.0,0.0,0.0,0.0,0.0,0.0,0.0,0.0,0.0,60.0,0.0,Aston Villa,4.0,3.0,Hull City,Hull City,2.0,3.0,0.5879747187891275,14969.0,1.189655172413793,0.699487165456031
raphael_borges_rodrigues,1,0,MID,Coventry City,1,0,0,0,2,0,0,4,1.0,0.0,0.0,0.0,0.0,0.0,0.0,0.0,0.0,0.0,0.0,0.0,0.0,0.0,0.0,0.0,0.0,0.0,0.0,0.0,0.0,0.0,0.0,0.0,0.0,0.0,45.0,0.0,Arsenal,0.0,0.0,Crystal Palace,Crystal Palace,0.0,0.0,0.19363675307093864,,0.6782227157728105,0.1313288445412011
rayan_ait_nouri,1,0,DEF,Man City,3,1,0,0,4,0,0,3,2.5,0.0,0.0,0.0,0.0,0.0,0.0,0.0,0.0,0.0,0.0,0.0,0.0,0.0,0.0,0.0,0.0,0.0,0.0,0.0,0.0,0.0,0.0,0.0,0.0,0.0,55.0,0.0,Bournemouth,2.0,3.0,Fulham,Fulham,2.0,0.0,1.0398498272187005,,1.3616133660312049,1.4158734234062216
rayan_cherki,1,8,MID,Man City,3,1,0,0,4,0,0,3,2.6,2.0,1.0,28.0,0.0,48.8,0.5,0.5,0.0,0.1,0.0,0.0,9.2,39.2,27.0,0.0,0.0,0.0,0.0,0.0,0.0,4.0,8.0,0.0,0.0,0.0,75.0,0.0,Bournemouth,2.0,3.0,Fulham,Fulham,2.0,0.0,3.527211109889959,14973.0,1.625283687110916,5.732718677900539
rayan_vitor_simplicio_rocha,1,2,MID,Bournemouth,15,0,0,0,3,0,0,4,2.3,0.0,0.0,9.0,0.0,11.3,0.03,0.07,0.04,2.06,1.0,0.0,3.5,6.2,88.0,0.0,0.0,0.0,0.0,0.0,1.0,17.0,2.0,0.0,0.0,0.0,65.0,0.0,Man City,1.0,0.0,Nott'm Forest,Nott'm Forest,0.0,0.0,3.3117267062499836,14971.0,1.2880509687543085,4.265672792234806
reece_james,1,0,DEF,Chelsea,10,0,0,0,4,0,0,2,2.5,0.0,0.0,5.0,0.0,16.8,0.07,0.17,0.1,1.33,2.0,0.0,5.9,23.4,90.0,0.0,0.0,0.0,0.0,0.0,1.0,19.0,0.0,0.0,0.0,0.0,55.0,1.0,Fulham,3.0,3.0,Leeds,Leeds,1.0,3.0,3.425845415997207,50210.0,0.8609062485052533,2.9493317250450746
regan_slater,1,6,MID,Hull City,16,1,0,0,2,0,0,4,1.0,1.0,0.0,20.0,1.0,19.3,0.44,0.44,0.0,1.83,0.0,0.0,3.8,18.4,90.0,0.0,0.0,0.0,0.0,0.0,1.0,0.0,6.0,0.0,0.0,0.0,45.0,0.0,Man Utd,2.0,3.0,Brighton,Brighton,4.0,3.0,3.576472922189481,,0.5,1.7882364610947405
reinildo_mandava,1,1,DEF,Sunderland,12,0,0,0,3,0,0,2,1.7,0.0,0.0,9.0,0.0,27.5,0.29,0.29,0.0,1.8,2.0,0.0,5.5,23.0,90.0,0.0,0.0,0.0,0.0,0.0,1.0,4.0,1.0,0.0,0.0,0.0,45.0,0.0,Ipswich Town,1.0,0.0,Aston Villa,Aston Villa,0.0,0.0,2.4071575254445676,,1.472970552427337,3.5456721500337065
reiss_nelson,1,0,MID,Arsenal,7,1,0,0,4,0,0,2,2.0,0.0,0.0,0.0,0.0,0.0,0.0,0.0,0.0,0.0,0.0,0.0,0.0,0.0,0.0,0.0,0.0,0.0,0.0,0.0,0.0,0.0,0.0,0.0,0.0,0.0,55.0,0.0,Coventry City,3.0,3.0,Newcastle,Newcastle,2.0,1.0,0.5368134955834911,,2.0,1.0736269911669822
remi_matthews,1,0,GK,Crystal Palace,9,0,0,0,3,0,0,3,1.0,0.0,0.0,0.0,0.0,0.0,0.0,0.0,0.0,0.0,0.0,0.0,0.0,0.0,0.0,0.0,0.0,0.0,0.0,0.0,0.0,0.0,0.0,0.0,0.0,0.0,40.0,0.0,Everton,0.0,0.0,Coventry City,Coventry City,0.0,0.0,-0.4549530633785406,,2.0,-0.9099061267570812
riccardo_calafiori,1,9,DEF,Arsenal,7,1,0,0,4,0,0,2,2.5,1.0,0.0,31.0,1.0,12.2,0.09,0.13,0.04,0.06,0.0,0.0,4.2,26.0,80.0,0.0,0.0,0.0,0.0,0.0,1.0,4.0,9.0,0.0,0.0,0.0,55.0,0.0,Coventry City,3.0,3.0,Newcastle,Newcastle,2.0,1.0,3.458160285783227,15210.0,1.117588837376478,3.8648013332499858
richarlison_de_andrade,1,2,FWD,Spurs,4,0,0,0,3,0,0,3,2.0,0.0,0.0,6.0,0.0,2.2,0.0,0.0,0.0,3.02,3.0,0.0,0.2,0.0,67.0,0.0,0.0,0.0,0.0,0.0,1.0,0.0,2.0,0.0,0.0,0.0,60.0,0.0,Brentford,0.0,0.0,Ipswich Town,Ipswich Town,2.0,3.0,2.2250449057718154,14970.0,0.6010604721626056,1.3373865416462076
rico_henry,1,0,DEF,Brentford,19,1,0,0,3,0,0,3,1.7,0.0,0.0,0.0,0.0,0.0,0.0,0.0,0.0,0.0,0.0,0.0,0.0,0.0,0.0,0.0,0.0,0.0,0.0,0.0,0.0,0.0,0.0,0.0,0.0,0.0,45.0,0.0,Spurs,3.0,3.0,Everton,Everton,2.0,3.0,0.6545815875202331,,2.0,1.3091631750404662
rico_lewis,1,1,DEF,Man City,3,1,0,0,4,0,0,3,1.7,0.0,0.0,-1.0,0.0,3.8,0.02,0.19,0.17,0.55,1.0,0.0,4.7,3.8,56.0,0.0,0.0,0.0,0.0,0.0,1.0,39.0,1.0,0.0,0.0,0.0,45.0,0.0,Bournemouth,2.0,3.0,Fulham,Fulham,2.0,0.0,2.3088555423438506,,1.3616133660312049,3.1437685666906137
rio_cardines,1,0,DEF,Crystal Palace,9,0,0,0,3,0,0,3,0.0,0.0,0.0,0.0,0.0,0.0,0.0,0.0,0.0,0.0,0.0,0.0,0.0,0.0,0.0,0.0,0.0,0.0,0.0,0.0,0.0,0.0,0.0,0.0,0.0,0.0,45.0,0.0,Everton,0.0,0.0,Coventry City,Coventry City,0.0,0.0,0.14542266256398562,,1.7871465150029202,0.2598916046036725
rio_ngumoha,1,2,MID,Liverpool,17,0,0,0,4,0,0,2,2.2,0.0,0.0,9.0,0.0,6.0,0.02,0.06,0.04,0.51,2.0,0.0,1.3,2.4,62.0,0.0,0.0,0.0,0.0,0.0,1.0,5.0,2.0,0.0,0.0,0.0,60.0,0.0,Newcastle,2.0,1.0,Man Utd,Man Utd,0.0,0.0,2.0739128440311787,14970.0,1.0548410285986136,2.1876483576217245
robert_lynch_sanchez,1,2,GK,Chelsea,10,0,0,0,4,0,0,2,2.6,0.0,0.0,6.0,0.0,0.0,0.01,0.01,0.0,1.33,2.0,0.0,2.1,21.4,90.0,0.0,0.0,0.0,0.0,4.0,1.0,0.0,2.0,0.0,0.0,0.0,50.0,0.0,Fulham,3.0,3.0,Leeds,Leeds,1.0,3.0,3.935850980434605,14971.0,1.0,3.935850980434605
robin_roefs,1,1,GK,Sunderland,12,0,0,0,3,0,0,2,2.6,0.0,0.0,7.0,0.0,0.0,0.0,0.0,0.0,1.8,2.0,0.0,1.5,15.2,90.0,0.0,0.0,0.0,0.0,1.0,1.0,0.0,1.0,0.0,0.0,0.0,50.0,0.0,Ipswich Town,1.0,0.0,Aston Villa,Aston Villa,0.0,0.0,2.5343428306793676,14974.0,1.5,3.8015142460190514
rodrigo_'rodri'_hernandez_cascante,1,0,MID,Man City,3,1,0,0,4,0,0,3,0.0,0.0,0.0,0.0,0.0,0.0,0.0,0.0,0.0,0.0,0.0,0.0,0.0,0.0,0.0,0.0,0.0,0.0,0.0,0.0,0.0,0.0,0.0,0.0,0.0,0.0,65.0,0.0,Bournemouth,2.0,3.0,Fulham,Fulham,2.0,0.0,0.6056316300053661,,1.625283687110916,0.9843232086461156
rodrigo_bentancur,1,1,MID,Spurs,4,0,0,0,3,0,0,3,2.0,0.0,0.0,8.0,0.0,14.7,0.01,0.01,0.0,2.18,1.0,0.0,1.7,2.0,45.0,0.0,0.0,0.0,0.0,0.0,0.0,0.0,1.0,0.0,0.0,0.0,55.0,0.0,Brentford,0.0,0.0,Ipswich Town,Ipswich Town,2.0,3.0,2.5964616009915638,,0.5,1.2982308004957819
rodrigo_muniz_carvalho,1,1,FWD,Fulham,6,1,0,0,2,0,0,4,1.8,0.0,0.0,6.0,0.0,11.5,0.0,0.02,0.02,0.03,0.0,0.0,2.5,6.0,8.0,0.0,0.0,0.0,0.0,0.0,0.0,7.0,1.0,0.0,0.0,0.0,55.0,0.0,Chelsea,2.0,0.0,Man City,Man City,2.0,3.0,1.7857943770781803,,2.0,3.5715887541563607
romain_esse,1,0,MID,Crystal Palace,9,0,0,0,3,0,0,3,1.5,0.0,0.0,0.0,0.0,0.0,0.0,0.0,0.0,0.0,0.0,0.0,0.0,0.0,0.0,0.0,0.0,0.0,0.0,0.0,0.0,0.0,0.0,0.0,0.0,0.0,50.0,0.0,Everton,0.0,0.0,Coventry City,Coventry City,0.0,0.0,0.3611233921649648,,1.0089732419121291,0.3643638397229897
romaine_mundle,1,0,MID,Sunderland,12,0,0,0,3,0,0,2,1.5,0.0,0.0,0.0,0.0,0.0,0.0,0.0,0.0,0.0,0.0,0.0,0.0,0.0,0.0,0.0,0.0,0.0,0.0,0.0,0.0,0.0,0.0,0.0,0.0,0.0,50.0,0.0,Ipswich Town,1.0,0.0,Aston Villa,Aston Villa,0.0,0.0,0.34093980753600683,,1.7376667108663282,0.592439753964492
romeo_lavia,1,1,MID,Chelsea,10,0,0,0,4,0,0,2,1.5,0.0,0.0,8.0,0.0,21.9,0.03,0.24,0.21,1.05,2.0,0.0,6.9,13.6,64.0,0.0,0.0,0.0,0.0,0.0,1.0,33.0,1.0,0.0,0.0,0.0,50.0,1.0,Fulham,3.0,3.0,Leeds,Leeds,1.0,3.0,2.201314197765098,,1.0654637504393782,2.3454204810462524
ronald_araujo,1,1,DEF,Liverpool,17,0,0,0,4,0,0,2,2.5,0.0,0.0,3.0,0.0,1.2,0.03,0.03,0.0,0.54,0.0,0.0,1.4,13.2,20.0,0.0,0.0,0.0,0.0,0.0,0.0,0.0,1.0,0.0,0.0,0.0,55.0,0.0,Newcastle,2.0,1.0,Man Utd,Man Utd,0.0,0.0,1.8712809038316651,15210.0,1.4899357349188793,2.788088288690097
ross_barkley,1,2,MID,Aston Villa,5,0,0,0,4,0,0,2,1.5,0.0,0.0,11.0,0.0,21.4,0.02,0.12,0.1,3.55,4.0,0.0,3.8,9.4,73.0,0.0,0.0,0.0,0.0,0.0,1.0,7.0,2.0,0.0,0.0,0.0,50.0,0.0,Brighton,0.0,0.0,Sunderland,Sunderland,1.0,0.0,2.034542643103203,,0.5,1.0172713215516016
ruben_dos_santos_gato_alves_dias,1,2,DEF,Man City,3,1,0,0,4,0,0,3,2.5,0.0,0.0,11.0,0.0,17.9,0.14,0.14,0.0,0.65,1.0,0.0,4.4,24.4,90.0,0.0,0.0,0.0,0.0,0.0,1.0,2.0,2.0,0.0,0.0,0.0,55.0,0.0,Bournemouth,2.0,3.0,Fulham,Fulham,2.0,0.0,3.58935312769396,79641.0,1.3616133660312049,4.887311194074006
ryan_christie,1,0,MID,Bournemouth,15,0,0,0,3,0,0,4,0.0,0.0,0.0,0.0,0.0,0.0,0.0,0.0,0.0,0.0,0.0,0.0,0.0,0.0,0.0,0.0,0.0,0.0,0.0,0.0,0.0,0.0,0.0,0.0,0.0,0.0,50.0,0.0,Man City,1.0,0.0,Nott'm Forest,Nott'm Forest,0.0,0.0,0.199263825325392,,1.2880509687543085,0.25666196324806045
ryan_giles,1,6,DEF,Hull City,16,1,0,0,2,0,0,4,1.0,0.0,0.0,24.0,1.0,18.8,0.07,0.09,0.02,1.76,0.0,0.0,3.7,13.8,84.0,0.0,0.0,0.0,0.0,0.0,1.0,4.0,6.0,0.0,0.0,0.0,40.0,0.0,Man Utd,2.0,3.0,Brighton,Brighton,4.0,3.0,1.8870532680394327,,0.5,0.9435266340197164
ryan_gravenberch,1,5,MID,Liverpool,17,0,0,0,4,0,0,2,2.2,1.0,0.0,26.0,0.0,16.0,0.05,0.11,0.06,1.1,2.0,0.0,4.4,24.4,77.0,0.0,0.0,0.0,0.0,0.0,1.0,4.0,5.0,0.0,0.0,0.0,60.0,0.0,Newcastle,2.0,1.0,Man Utd,Man Utd,0.0,0.0,2.665311157943605,14970.0,1.0548410285986136,2.811479563380594
ryan_sessegnon,1,1,DEF,Fulham,6,1,0,0,2,0,0,4,1.7,0.0,0.0,7.0,0.0,0.5,0.0,0.03,0.03,0.03,0.0,0.0,2.6,6.6,17.0,0.0,0.0,0.0,0.0,0.0,0.0,19.0,1.0,0.0,0.0,0.0,45.0,0.0,Chelsea,2.0,0.0,Man City,Man City,2.0,3.0,2.0466550872291616,,0.5,1.0233275436145808
ryan_yates,1,0,MID,Nott'm Forest,13,1,0,0,3,0,0,3,0.0,0.0,0.0,0.0,0.0,0.0,0.0,0.0,0.0,0.0,0.0,0.0,0.0,0.0,0.0,0.0,0.0,0.0,0.0,0.0,0.0,0.0,0.0,0.0,0.0,0.0,45.0,0.0,Leeds,0.0,0.0,Bournemouth,Bournemouth,1.0,0.0,0.1302984602748487,,0.5855188667668813,0.07629220680159891
sam_szmodics,1,0,MID,Ipswich Town,20,1,0,0,2,0,0,3,0.0,0.0,0.0,0.0,0.0,0.0,0.0,0.0,0.0,0.0,0.0,0.0,0.0,0.0,0.0,0.0,0.0,0.0,0.0,0.0,0.0,0.0,0.0,0.0,0.0,0.0,50.0,0.0,Sunderland,2.0,3.0,Spurs,Spurs,0.0,0.0,0.18262297091192936,,1.8846191761647035,0.3441747529887909
samuel_iling_junior,1,0,MID,Aston Villa,5,0,0,0,4,0,0,2,0.0,0.0,0.0,0.0,0.0,0.0,0.0,0.0,0.0,0.0,0.0,0.0,0.0,0.0,0.0,0.0,0.0,0.0,0.0,0.0,0.0,0.0,0.0,0.0,0.0,0.0,50.0,0.0,Brighton,0.0,0.0,Sunderland,Sunderland,1.0,0.0,0.2505597719653365,,0.5,0.12527988598266826
sander_berge,1,2,MID,Fulham,6,1,0,0,2,0,0,4,1.5,0.0,0.0,14.0,0.0,23.1,0.03,0.06,0.03,2.21,3.0,0.0,4.4,13.6,72.0,0.0,0.0,0.0,0.0,0.0,1.0,7.0,2.0,0.0,0.0,0.0,50.0,0.0,Chelsea,2.0,0.0,Man City,Man City,2.0,3.0,2.0420559662272124,,0.7011697849587407,1.431827942713248
sandro_tonali,1,2,MID,Spurs,4,0,0,0,3,0,0,3,2.0,0.0,0.0,14.0,0.0,6.4,0.06,0.1,0.04,3.87,3.0,0.0,2.1,6.2,90.0,0.0,0.0,0.0,0.0,0.0,1.0,8.0,2.0,0.0,0.0,0.0,55.0,0.0,Brentford,0.0,0.0,Ipswich Town,Ipswich Town,2.0,3.0,2.7969650739510286,14974.0,0.5,1.3984825369755143
sasa_lukic,1,5,MID,Ipswich Town,20,1,0,0,2,0,0,3,1.5,1.0,0.0,22.0,0.0,14.8,0.02,0.02,0.0,0.66,1.0,0.0,4.0,23.4,90.0,0.0,0.0,0.0,0.0,0.0,1.0,2.0,5.0,0.0,0.0,0.0,50.0,0.0,Sunderland,2.0,3.0,Spurs,Spurs,0.0,0.0,2.854122725930159,,1.8846191761647035,5.378934420415454
savio_moreira_de_oliveira,1,0,MID,Man City,3,1,0,0,4,0,0,3,2.3,0.0,0.0,0.0,0.0,0.0,0.0,0.0,0.0,0.0,0.0,0.0,0.0,0.0,0.0,0.0,0.0,0.0,0.0,0.0,0.0,0.0,0.0,0.0,0.0,0.0,65.0,0.0,Bournemouth,2.0,3.0,Fulham,Fulham,2.0,0.0,0.8228681360616422,15210.0,1.625283687110916,1.3373941581843527
sean_longstaff,1,1,MID,Leeds,18,0,0,0,3,0,0,3,1.5,0.0,0.0,3.0,0.0,0.2,0.0,0.0,0.0,0.07,0.0,0.0,0.0,0.0,8.0,0.0,0.0,0.0,0.0,0.0,0.0,0.0,1.0,0.0,0.0,0.0,50.0,0.0,Nott'm Forest,1.0,3.0,Chelsea,Chelsea,3.0,3.0,1.2428299426608311,,0.9918904123390104,1.2327511042931205
sean_neave,1,0,FWD,Newcastle,14,1,0,0,2,0,0,4,1.0,0.0,0.0,0.0,0.0,0.0,0.0,0.0,0.0,0.0,0.0,0.0,0.0,0.0,0.0,0.0,0.0,0.0,0.0,0.0,0.0,0.0,0.0,0.0,0.0,0.0,45.0,0.0,Liverpool,2.0,1.0,Arsenal,Arsenal,3.0,3.0,0.16650550430989064,,0.9236141422959404,0.15378683855073266
sean_steur,1,1,MID,Newcastle,14,1,0,0,2,0,0,4,1.5,0.0,0.0,3.0,0.0,1.2,0.0,0.0,0.0,1.48,1.0,0.0,0.2,0.4,55.0,0.0,0.0,0.0,0.0,0.0,1.0,0.0,1.0,0.0,0.0,0.0,50.0,0.0,Liverpool,2.0,1.0,Arsenal,Arsenal,3.0,3.0,0.962863822085002,,0.5142177086722499,0.49512162835595463
sebastiaan_bornauw,1,0,DEF,Leeds,18,0,0,0,3,0,0,3,0.0,0.0,0.0,0.0,0.0,0.0,0.0,0.0,0.0,0.0,0.0,0.0,0.0,0.0,0.0,0.0,0.0,0.0,0.0,0.0,0.0,0.0,0.0,0.0,0.0,0.0,45.0,0.0,Nott'm Forest,1.0,3.0,Chelsea,Chelsea,3.0,3.0,0.4758659338963491,,2.0,0.9517318677926982
semi_ajayi,1,14,DEF,Hull City,16,1,0,0,2,0,0,4,1.0,0.0,2.0,39.0,1.0,0.2,0.0,0.52,0.52,0.86,0.0,1.0,7.9,44.2,63.0,0.0,0.0,0.0,0.0,0.0,1.0,35.0,14.0,0.0,0.0,0.0,40.0,0.0,Man Utd,2.0,3.0,Brighton,Brighton,4.0,3.0,1.6320309015988963,,0.5,0.8160154507994481
senne_lammens,1,1,GK,Man Utd,11,0,0,0,4,0,0,2,2.6,0.0,0.0,7.0,0.0,0.0,0.0,0.0,0.0,1.01,2.0,0.0,2.0,20.2,90.0,0.0,0.0,0.0,0.0,2.0,1.0,0.0,1.0,0.0,0.0,0.0,50.0,0.0,Hull City,0.0,0.0,Liverpool,Liverpool,2.0,1.0,3.2660096441781663,14970.0,0.5,1.6330048220890832
sepp_van_den_berg,1,0,DEF,Brentford,19,1,0,0,3,0,0,3,0.0,0.0,0.0,0.0,0.0,0.0,0.0,0.0,0.0,0.0,0.0,0.0,0.0,0.0,0.0,0.0,0.0,0.0,0.0,0.0,0.0,0.0,0.0,0.0,0.0,0.0,50.0,0.0,Spurs,3.0,3.0,Everton,Everton,2.0,3.0,0.6300404516114166,,2.0,1.2600809032228333
shea_charles,1,1,MID,Fulham,6,1,0,0,2,0,0,4,1.5,0.0,0.0,5.0,0.0,1.3,0.0,0.0,0.0,0.03,0.0,0.0,0.5,3.4,23.0,0.0,0.0,0.0,0.0,0.0,0.0,0.0,1.0,0.0,0.0,0.0,50.0,0.0,Chelsea,2.0,0.0,Man City,Man City,2.0,3.0,1.6920734928418932,,0.7011697849587407,1.1864308071103356
shea_lacey,1,1,MID,Man Utd,11,0,0,0,4,0,0,2,1.5,0.0,0.0,3.0,0.0,0.6,0.0,0.0,0.0,0.0,0.0,0.0,0.1,0.2,10.0,0.0,0.0,0.0,0.0,0.0,0.0,0.0,1.0,0.0,0.0,0.0,50.0,0.0,Hull City,0.0,0.0,Liverpool,Liverpool,2.0,1.0,1.3088608953272045,,0.5,0.6544304476636023
shumaira_mheuka,1,0,FWD,Chelsea,10,0,0,0,4,0,0,2,1.0,0.0,0.0,0.0,0.0,0.0,0.0,0.0,0.0,0.0,0.0,0.0,0.0,0.0,0.0,0.0,0.0,0.0,0.0,0.0,0.0,0.0,0.0,0.0,0.0,0.0,45.0,0.0,Fulham,3.0,3.0,Leeds,Leeds,1.0,3.0,0.24855688791778463,,2.0,0.49711377583556926
sidiki_cherif,1,0,FWD,Coventry City,1,0,0,0,2,0,0,4,1.4,0.0,0.0,0.0,0.0,0.0,0.0,0.0,0.0,0.0,0.0,0.0,0.0,0.0,0.0,0.0,0.0,0.0,0.0,0.0,0.0,0.0,0.0,0.0,0.0,0.0,50.0,0.0,Arsenal,0.0,0.0,Crystal Palace,Crystal Palace,0.0,0.0,0.21354430599488694,,1.6928601905845535,0.3615006545447505
simon_adingra,1,0,MID,Sunderland,12,0,0,0,3,0,0,2,0.0,0.0,0.0,0.0,0.0,0.0,0.0,0.0,0.0,0.0,0.0,0.0,0.0,0.0,0.0,0.0,0.0,0.0,0.0,0.0,0.0,0.0,0.0,0.0,0.0,0.0,50.0,0.0,Ipswich Town,1.0,0.0,Aston Villa,Aston Villa,0.0,0.0,0.199263825325392,,1.7376667108663282,0.34625411594781647
sindre_walle_egeli,1,1,FWD,Ipswich Town,20,1,0,0,2,0,0,3,1.0,0.0,0.0,3.0,0.0,0.1,0.0,0.0,0.0,0.03,0.0,0.0,0.0,0.0,10.0,0.0,0.0,0.0,0.0,0.0,0.0,0.0,1.0,0.0,0.0,0.0,45.0,0.0,Sunderland,2.0,3.0,Spurs,Spurs,0.0,0.0,1.3558122505211625,,0.6604244694132333,0.8954115861744005
stefan_bajcetic_maquieira,1,0,MID,Liverpool,17,0,0,0,4,0,0,2,0.0,0.0,0.0,0.0,0.0,0.0,0.0,0.0,0.0,0.0,0.0,0.0,0.0,0.0,0.0,0.0,0.0,0.0,0.0,0.0,0.0,0.0,0.0,0.0,0.0,0.0,50.0,0.0,Newcastle,2.0,1.0,Man Utd,Man Utd,0.0,0.0,0.18026115076826565,,1.0548410285986136,0.19014685769276712
stefanos_tzimas,1,0,FWD,Brighton,2,1,0,0,2,0,0,4,0.0,0.0,0.0,0.0,0.0,0.0,0.0,0.0,0.0,0.0,0.0,0.0,0.0,0.0,0.0,0.0,0.0,0.0,0.0,0.0,0.0,0.0,0.0,0.0,0.0,0.0,55.0,0.0,Aston Villa,4.0,3.0,Hull City,Hull City,2.0,3.0,0.3480805442651478,,1.189655172413793,0.4140958199016413
steven_benda,1,0,GK,Nott'm Forest,13,1,0,0,3,0,0,3,1.9,0.0,0.0,0.0,0.0,0.0,0.0,0.0,0.0,0.0,0.0,0.0,0.0,0.0,0.0,0.0,0.0,0.0,0.0,0.0,0.0,0.0,0.0,0.0,0.0,0.0,45.0,0.0,Leeds,0.0,0.0,Bournemouth,Bournemouth,1.0,0.0,-0.2000078970045347,,1.5,-0.30001184550680204
sven_botman,1,3,DEF,Newcastle,14,1,0,0,2,0,0,4,2.2,0.0,0.0,4.0,0.0,0.3,0.01,0.01,0.0,2.98,2.0,0.0,3.3,32.4,90.0,0.0,0.0,0.0,0.0,0.0,1.0,0.0,3.0,0.0,0.0,0.0,50.0,0.0,Liverpool,2.0,1.0,Arsenal,Arsenal,3.0,3.0,2.993048717205016,,0.5714723411707556,1.7104445576592775
taiwo_awoniyi,1,1,FWD,Coventry City,1,0,0,0,2,0,0,4,1.8,0.0,0.0,4.0,0.0,1.4,0.0,0.0,0.0,0.29,0.0,0.0,0.1,0.0,20.0,0.0,0.0,0.0,0.0,0.0,0.0,0.0,1.0,0.0,0.0,0.0,55.0,0.0,Arsenal,0.0,0.0,Crystal Palace,Crystal Palace,0.0,0.0,2.0259892080429114,,1.6928601905845535,3.4297164768497717
takehiro_tomiyasu,1,1,DEF,Crystal Palace,9,0,0,0,3,0,0,3,1.7,0.0,0.0,3.0,0.0,2.4,0.01,0.01,0.0,0.14,0.0,0.0,0.5,2.4,18.0,0.0,0.0,0.0,0.0,0.0,0.0,0.0,1.0,0.0,0.0,0.0,45.0,0.0,Everton,0.0,0.0,Coventry City,Coventry City,0.0,0.0,1.346026765022143,,1.7871465150029202,2.405547042209977
tammy_abraham,1,0,FWD,Aston Villa,5,0,0,0,4,0,0,2,1.3,0.0,0.0,0.0,0.0,0.0,0.0,0.0,0.0,0.0,0.0,0.0,0.0,0.0,0.0,0.0,0.0,0.0,0.0,0.0,0.0,0.0,0.0,0.0,0.0,0.0,55.0,0.0,Brighton,0.0,0.0,Sunderland,Sunderland,1.0,0.0,0.25445134363632693,,,
tanaka_ao,1,0,MID,Leeds,18,0,0,0,3,0,0,3,1.5,0.0,0.0,0.0,0.0,0.0,0.0,0.0,0.0,0.0,0.0,0.0,0.0,0.0,0.0,0.0,0.0,0.0,0.0,0.0,0.0,0.0,0.0,0.0,0.0,0.0,50.0,0.0,Nott'm Forest,1.0,3.0,Chelsea,Chelsea,3.0,3.0,0.44677991570617825,,0.9918904123390104,0.44315671481458946
tarik_muharemovic,1,6,DEF,Leeds,18,0,0,0,3,0,0,3,2.2,0.0,0.0,25.0,1.0,0.6,0.0,0.09,0.09,0.66,0.0,0.0,3.3,15.6,90.0,0.0,0.0,0.0,0.0,0.0,1.0,17.0,6.0,0.0,0.0,0.0,50.0,0.0,Nott'm Forest,1.0,3.0,Chelsea,Chelsea,3.0,3.0,3.257080526355029,61014.0,2.0,6.514161052710058
tatsuhiro_sakamoto,1,0,MID,Coventry City,1,0,0,0,2,0,0,4,1.5,0.0,0.0,0.0,0.0,0.0,0.0,0.0,0.0,0.0,0.0,0.0,0.0,0.0,0.0,0.0,0.0,0.0,0.0,0.0,0.0,0.0,0.0,0.0,0.0,0.0,50.0,0.0,Arsenal,0.0,0.0,Crystal Palace,Crystal Palace,0.0,0.0,0.3611233921649648,,0.6782227157728105,0.2449220877632121
thierno_barry,1,8,FWD,Everton,8,1,0,0,3,0,0,3,1.8,0.0,2.0,37.0,1.0,19.0,0.09,0.54,0.45,1.62,0.0,1.0,9.8,38.0,78.0,0.0,0.0,0.0,0.0,0.0,1.0,41.0,8.0,0.0,0.0,0.0,55.0,0.0,Crystal Palace,2.0,3.0,Brentford,Brentford,3.0,3.0,3.746519561030008,,1.8031814164878166,6.755654448957403
thimothee_lo_tutala,1,0,GK,Hull City,16,1,0,0,2,0,0,4,0.0,0.0,0.0,0.0,0.0,0.0,0.0,0.0,0.0,0.0,0.0,0.0,0.0,0.0,0.0,0.0,0.0,0.0,0.0,0.0,0.0,0.0,0.0,0.0,0.0,0.0,40.0,0.0,Man Utd,2.0,3.0,Brighton,Brighton,4.0,3.0,0.8475453200662958,,2.0,1.6950906401325916
thomas_meunier,1,1,DEF,Sunderland,12,0,0,0,3,0,0,2,1.7,0.0,0.0,5.0,0.0,5.3,0.08,0.16,0.08,1.8,2.0,0.0,3.0,13.8,90.0,0.0,0.0,0.0,0.0,0.0,1.0,11.0,1.0,0.0,0.0,0.0,45.0,0.0,Ipswich Town,1.0,0.0,Aston Villa,Aston Villa,0.0,0.0,2.374514708633539,,1.472970552427337,3.497590242122781
tijjani_reijnders,1,0,MID,Man City,3,1,0,0,4,0,0,3,0.0,0.0,0.0,0.0,0.0,0.0,0.0,0.0,0.0,0.0,0.0,0.0,0.0,0.0,0.0,0.0,0.0,0.0,0.0,0.0,0.0,0.0,0.0,0.0,0.0,0.0,60.0,0.0,Bournemouth,2.0,3.0,Fulham,Fulham,2.0,0.0,0.4853703183148783,,1.625283687110916,0.7888644605650044
tim_iroegbunam,1,0,MID,Everton,8,1,0,0,3,0,0,3,0.0,0.0,0.0,0.0,0.0,0.0,0.0,0.0,0.0,0.0,0.0,0.0,0.0,0.0,0.0,0.0,0.0,0.0,0.0,0.0,0.0,0.0,0.0,0.0,0.0,0.0,50.0,0.0,Crystal Palace,2.0,3.0,Brentford,Brentford,3.0,3.0,0.28492034886660567,,0.5761082844092638,0.1641449733788291
timothy_castagne,1,6,DEF,Fulham,6,1,0,0,2,0,0,4,1.7,2.0,0.0,21.0,0.0,27.8,0.18,0.27,0.09,2.24,3.0,0.0,8.9,38.0,90.0,0.0,0.0,0.0,0.0,0.0,1.0,23.0,6.0,0.0,0.0,0.0,45.0,1.0,Chelsea,2.0,0.0,Man City,Man City,2.0,3.0,3.6806530371619894,,0.5,1.8403265185809947
tino_livramento,1,0,DEF,Newcastle,14,1,0,0,2,0,0,4,0.0,0.0,0.0,0.0,0.0,0.0,0.0,0.0,0.0,0.0,0.0,0.0,0.0,0.0,0.0,0.0,0.0,0.0,0.0,0.0,0.0,0.0,0.0,0.0,0.0,0.0,50.0,0.0,Liverpool,2.0,1.0,Arsenal,Arsenal,3.0,3.0,0.622094764229052,,0.5714723411707556,0.35550995134404556
toby_collyer,1,0,MID,Man Utd,11,0,0,0,4,0,0,2,1.5,0.0,0.0,0.0,0.0,0.0,0.0,0.0,0.0,0.0,0.0,0.0,0.0,0.0,0.0,0.0,0.0,0.0,0.0,0.0,0.0,0.0,0.0,0.0,0.0,0.0,50.0,0.0,Hull City,0.0,0.0,Liverpool,Liverpool,2.0,1.0,0.4263348801608433,,0.5,0.21316744008042166
tom_cairney,1,0,MID,Fulham,6,1,0,0,2,0,0,4,0.0,0.0,0.0,0.0,0.0,0.0,0.0,0.0,0.0,0.0,0.0,0.0,0.0,0.0,0.0,0.0,0.0,0.0,0.0,0.0,0.0,0.0,0.0,0.0,0.0,0.0,50.0,0.0,Chelsea,2.0,0.0,Man City,Man City,2.0,3.0,0.25026525664012356,,0.7011697849587407,0.17547843618099948
tom_heaton,1,0,GK,Man Utd,11,0,0,0,4,0,0,2,0.0,0.0,0.0,0.0,0.0,0.0,0.0,0.0,0.0,0.0,0.0,0.0,0.0,0.0,0.0,0.0,0.0,0.0,0.0,0.0,0.0,0.0,0.0,0.0,0.0,0.0,40.0,0.0,Hull City,0.0,0.0,Liverpool,Liverpool,2.0,1.0,-0.08543168265644763,,0.5,-0.042715841328223814
tom_king,1,0,GK,Everton,8,1,0,0,3,0,0,3,1.9,0.0,0.0,0.0,0.0,0.0,0.0,0.0,0.0,0.0,0.0,0.0,0.0,0.0,0.0,0.0,0.0,0.0,0.0,0.0,0.0,0.0,0.0,0.0,0.0,0.0,45.0,0.0,Crystal Palace,2.0,3.0,Brentford,Brentford,3.0,3.0,0.8604387370028694,,2.0,1.7208774740057389
tom_watson,1,0,MID,Brighton,2,1,0,0,2,0,0,4,0.0,0.0,0.0,0.0,0.0,0.0,0.0,0.0,0.0,0.0,0.0,0.0,0.0,0.0,0.0,0.0,0.0,0.0,0.0,0.0,0.0,0.0,0.0,0.0,0.0,0.0,50.0,0.0,Aston Villa,4.0,3.0,Hull City,Hull City,2.0,3.0,0.21344081759770295,,0.7701498559185207,0.1643814149200022
tosin_adarabioyo,1,0,DEF,Chelsea,10,0,0,0,4,0,0,2,1.7,0.0,0.0,0.0,0.0,0.0,0.0,0.0,0.0,0.0,0.0,0.0,0.0,0.0,0.0,0.0,0.0,0.0,0.0,0.0,0.0,0.0,0.0,0.0,0.0,0.0,45.0,0.0,Fulham,3.0,3.0,Leeds,Leeds,1.0,3.0,0.5907786032583205,,0.8609062485052533,0.5086049910282942
trai_hume,1,2,DEF,Sunderland,12,0,0,0,3,0,0,2,1.7,0.0,0.0,14.0,0.0,39.4,0.27,0.31,0.04,1.69,1.0,0.0,6.2,9.4,79.0,0.0,0.0,0.0,0.0,0.0,1.0,13.0,2.0,0.0,0.0,0.0,45.0,0.0,Ipswich Town,1.0,0.0,Aston Villa,Aston Villa,0.0,0.0,2.348199308011902,61014.0,1.472970552427337,3.458828431931782
trevoh_chalobah,1,0,DEF,Chelsea,10,0,0,0,4,0,0,2,0.0,0.0,0.0,0.0,0.0,0.0,0.0,0.0,0.0,0.0,0.0,0.0,0.0,0.0,0.0,0.0,0.0,0.0,0.0,0.0,0.0,0.0,0.0,0.0,0.0,0.0,55.0,0.0,Fulham,3.0,3.0,Leeds,Leeds,1.0,3.0,0.7427933838092937,,0.8609062485052533,0.6394754654697818
trey_nyoni,1,0,MID,Liverpool,17,0,0,0,4,0,0,2,1.5,0.0,0.0,0.0,0.0,0.0,0.0,0.0,0.0,0.0,0.0,0.0,0.0,0.0,0.0,0.0,0.0,0.0,0.0,0.0,0.0,0.0,0.0,0.0,0.0,0.0,50.0,0.0,Newcastle,2.0,1.0,Man Utd,Man Utd,0.0,0.0,0.3219371329788805,,1.0548410285986136,0.33959249649553097
triston_rowe,1,0,DEF,Aston Villa,5,0,0,0,4,0,0,2,1.0,0.0,0.0,0.0,0.0,0.0,0.0,0.0,0.0,0.0,0.0,0.0,0.0,0.0,0.0,0.0,0.0,0.0,0.0,0.0,0.0,0.0,0.0,0.0,0.0,0.0,40.0,0.0,Brighton,0.0,0.0,Sunderland,Sunderland,1.0,0.0,0.1509621141123476,,0.5,0.0754810570561738
tyler_adams,1,1,MID,Bournemouth,15,0,0,0,3,0,0,4,1.1,0.0,0.0,4.0,0.0,0.6,0.0,0.0,0.0,0.31,2.0,0.0,0.4,3.6,15.0,0.0,0.0,0.0,0.0,0.0,0.0,0.0,1.0,0.0,0.0,0.0,50.0,0.0,Man City,1.0,0.0,Nott'm Forest,Nott'm Forest,0.0,0.0,1.2401725011610392,,1.2880509687543085,1.5974053915429303
tyler_bindon,1,0,DEF,Nott'm Forest,13,1,0,0,3,0,0,3,1.0,0.0,0.0,0.0,0.0,0.0,0.0,0.0,0.0,0.0,0.0,0.0,0.0,0.0,0.0,0.0,0.0,0.0,0.0,0.0,0.0,0.0,0.0,0.0,0.0,0.0,40.0,0.0,Leeds,0.0,0.0,Bournemouth,Bournemouth,1.0,0.0,0.1509621141123476,,1.986317939310555,0.29985875541760315
tyler_dibling,1,0,MID,Everton,8,1,0,0,3,0,0,3,2.0,0.0,0.0,0.0,0.0,0.0,0.0,0.0,0.0,0.0,0.0,0.0,0.0,0.0,0.0,0.0,0.0,0.0,0.0,0.0,0.0,0.0,0.0,0.0,0.0,0.0,55.0,0.0,Crystal Palace,2.0,3.0,Brentford,Brentford,3.0,3.0,0.5940829701712469,,0.5761082844092638,0.34225612074211686
tyler_fletcher,1,0,MID,Man Utd,11,0,0,0,4,0,0,2,1.0,0.0,0.0,0.0,0.0,0.0,0.0,0.0,0.0,0.0,0.0,0.0,0.0,0.0,0.0,0.0,0.0,0.0,0.0,0.0,0.0,0.0,0.0,0.0,0.0,0.0,45.0,0.0,Hull City,0.0,0.0,Liverpool,Liverpool,2.0,1.0,0.25884824106681714,,0.5,0.12942412053340857
tyler_fredricson,1,0,DEF,Man Utd,11,0,0,0,4,0,0,2,0.0,0.0,0.0,0.0,0.0,0.0,0.0,0.0,0.0,0.0,0.0,0.0,0.0,0.0,0.0,0.0,0.0,0.0,0.0,0.0,0.0,0.0,0.0,0.0,0.0,0.0,40.0,0.0,Hull City,0.0,0.0,Liverpool,Liverpool,2.0,1.0,0.11039495044785697,,0.5,0.05519747522392848
tyrick_mitchell,1,1,DEF,Crystal Palace,9,0,0,0,3,0,0,3,1.7,0.0,0.0,9.0,0.0,13.8,0.01,0.01,0.0,1.12,2.0,0.0,2.7,11.6,90.0,0.0,0.0,0.0,0.0,0.0,1.0,2.0,1.0,0.0,0.0,0.0,45.0,0.0,Everton,0.0,0.0,Coventry City,Coventry City,0.0,0.0,2.329857564694792,15210.0,1.7871465150029202,4.163796827197488
tyrique_george,1,3,MID,Everton,8,1,0,0,3,0,0,3,2.0,0.0,0.0,13.0,1.0,23.4,0.08,0.26,0.18,1.67,0.0,0.0,5.5,7.0,83.0,0.0,0.0,0.0,0.0,0.0,1.0,25.0,3.0,0.0,0.0,0.0,55.0,0.0,Crystal Palace,2.0,3.0,Brentford,Brentford,3.0,3.0,3.4770771923813797,,0.5761082844092638,2.0031729760614163
tyrone_mings,1,1,DEF,Aston Villa,5,0,0,0,4,0,0,2,1.7,0.0,0.0,5.0,0.0,0.0,0.0,0.0,0.0,0.22,0.0,0.0,0.2,2.0,16.0,0.0,0.0,0.0,0.0,0.0,0.0,0.0,1.0,0.0,0.0,0.0,45.0,0.0,Brighton,0.0,0.0,Sunderland,Sunderland,1.0,0.0,1.275231937612653,,0.5,0.6376159688063265
valentin_barco,1,0,MID,Chelsea,10,0,0,0,4,0,0,2,2.0,0.0,0.0,0.0,0.0,0.0,0.0,0.0,0.0,0.0,0.0,0.0,0.0,0.0,0.0,0.0,0.0,0.0,0.0,0.0,0.0,0.0,0.0,0.0,0.0,0.0,55.0,0.0,Fulham,3.0,3.0,Leeds,Leeds,1.0,3.0,0.5116746615203156,,1.0654637504393782,0.5451708038682349
veljko_milosavljevic,1,0,DEF,Bournemouth,15,0,0,0,3,0,0,4,0.0,0.0,0.0,0.0,0.0,0.0,0.0,0.0,0.0,0.0,0.0,0.0,0.0,0.0,0.0,0.0,0.0,0.0,0.0,0.0,0.0,0.0,0.0,0.0,0.0,0.0,50.0,0.0,Man City,1.0,0.0,Nott'm Forest,Nott'm Forest,0.0,0.0,0.34268937178237024,,1.3197740027239773,0.45227252388818395
victor_lindelof,1,-2,DEF,Aston Villa,5,0,0,0,4,0,0,2,1.7,0.0,0.0,-13.0,0.0,0.1,0.0,0.0,0.0,3.77,4.0,0.0,0.2,1.8,90.0,1.0,0.0,0.0,0.0,0.0,1.0,0.0,-2.0,0.0,0.0,0.0,45.0,0.0,Brighton,0.0,0.0,Sunderland,Sunderland,1.0,0.0,2.178262494064784,,0.5,1.089131247032392
victor_munoz,1,4,MID,Liverpool,17,0,0,0,4,0,0,2,2.3,1.0,0.0,15.0,0.0,8.9,0.04,0.14,0.1,1.07,0.0,0.0,2.7,4.0,27.0,0.0,0.0,0.0,0.0,0.0,0.0,14.0,4.0,0.0,0.0,0.0,65.0,0.0,Newcastle,2.0,1.0,Man Utd,Man Utd,0.0,0.0,2.8215129252635043,14972.0,1.0548410285986136,2.9762475962892383
victor_torp,1,1,MID,Coventry City,1,0,0,0,2,0,0,4,2.0,0.0,0.0,8.0,0.0,16.4,0.11,0.11,0.0,0.32,0.0,0.0,2.3,6.8,28.0,0.0,0.0,0.0,0.0,0.0,0.0,0.0,1.0,0.0,0.0,0.0,55.0,0.0,Arsenal,0.0,0.0,Crystal Palace,Crystal Palace,0.0,0.0,2.150065322448467,,0.6782227157728105,1.4582231420799427
viktor_gyokeres,1,0,FWD,Arsenal,7,1,0,0,4,0,0,2,2.4,0.0,0.0,0.0,0.0,0.0,0.0,0.0,0.0,0.0,0.0,0.0,0.0,0.0,0.0,0.0,0.0,0.0,0.0,0.0,0.0,0.0,0.0,0.0,0.0,0.0,75.0,0.0,Coventry City,3.0,3.0,Newcastle,Newcastle,2.0,1.0,0.7562003974895253,14969.0,0.7837037037037036,0.5926370522547538
virgil_van_dijk,1,2,DEF,Liverpool,17,0,0,0,4,0,0,2,3.1,0.0,0.0,8.0,0.0,1.6,0.01,0.26,0.25,1.58,2.0,0.0,5.1,25.6,90.0,0.0,0.0,0.0,0.0,0.0,1.0,24.0,2.0,0.0,0.0,0.0,65.0,1.0,Newcastle,2.0,1.0,Man Utd,Man Utd,0.0,0.0,4.280660683351562,61014.0,1.4899357349188793,6.3779093211877615
vitalii_mykolenko,1,6,DEF,Everton,8,1,0,0,3,0,0,3,1.7,0.0,0.0,27.0,1.0,13.8,0.05,0.05,0.0,1.96,0.0,0.0,2.9,12.8,90.0,0.0,0.0,0.0,0.0,0.0,1.0,2.0,6.0,0.0,0.0,0.0,45.0,0.0,Crystal Palace,2.0,3.0,Brentford,Brentford,3.0,3.0,2.1197828274137978,,2.0,4.2395656548275955
vitaly_janelt,1,9,MID,Brentford,19,1,0,0,3,0,0,3,1.5,0.0,0.0,35.0,1.0,38.8,0.17,0.56,0.39,0.57,0.0,1.0,11.6,53.2,90.0,0.0,0.0,0.0,0.0,0.0,1.0,24.0,9.0,0.0,0.0,0.0,50.0,1.0,Spurs,3.0,3.0,Everton,Everton,2.0,3.0,4.891965940700407,,1.1173235652211289,5.465908825803712
vitezslav_jaros,1,0,GK,Liverpool,17,0,0,0,4,0,0,2,0.0,0.0,0.0,0.0,0.0,0.0,0.0,0.0,0.0,0.0,0.0,0.0,0.0,0.0,0.0,0.0,0.0,0.0,0.0,0.0,0.0,0.0,0.0,0.0,0.0,0.0,40.0,0.0,Newcastle,2.0,1.0,Man Utd,Man Utd,0.0,0.0,-0.23038719621282655,,2.0,-0.4607743924256531
vitor_de_oliveira_nunes_dos_reis,1,0,DEF,Man City,3,1,0,0,4,0,0,3,1.7,0.0,0.0,0.0,0.0,0.0,0.0,0.0,0.0,0.0,0.0,0.0,0.0,0.0,0.0,0.0,0.0,0.0,0.0,0.0,0.0,0.0,0.0,0.0,0.0,0.0,45.0,0.0,Bournemouth,2.0,3.0,Fulham,Fulham,2.0,0.0,0.59210408730213,,1.3616133660312049,0.8062168393522877
walter_benitez,1,0,GK,Crystal Palace,9,0,0,0,3,0,0,3,1.9,0.0,0.0,0.0,0.0,0.0,0.0,0.0,0.0,0.0,0.0,0.0,0.0,0.0,0.0,0.0,0.0,0.0,0.0,0.0,0.0,0.0,0.0,0.0,0.0,0.0,45.0,0.0,Everton,0.0,0.0,Coventry City,Coventry City,0.0,0.0,-0.31803130307371386,,2.0,-0.6360626061474277
wellity_lucky,1,0,DEF,Liverpool,17,0,0,0,4,0,0,2,1.0,0.0,0.0,0.0,0.0,0.0,0.0,0.0,0.0,0.0,0.0,0.0,0.0,0.0,0.0,0.0,0.0,0.0,0.0,0.0,0.0,0.0,0.0,0.0,0.0,0.0,40.0,0.0,Newcastle,2.0,1.0,Man Utd,Man Utd,0.0,0.0,0.15409965481046628,,1.4899357349188793,0.2295985824407777
wes_burns,1,0,MID,Ipswich Town,20,1,0,0,2,0,0,3,0.0,0.0,0.0,0.0,0.0,0.0,0.0,0.0,0.0,0.0,0.0,0.0,0.0,0.0,0.0,0.0,0.0,0.0,0.0,0.0,0.0,0.0,0.0,0.0,0.0,0.0,50.0,0.0,Sunderland,2.0,3.0,Spurs,Spurs,0.0,0.0,0.18262297091192936,,1.8846191761647035,0.3441747529887909
wesley_fofana,1,0,DEF,Chelsea,10,0,0,0,4,0,0,2,0.0,0.0,0.0,0.0,0.0,0.0,0.0,0.0,0.0,0.0,0.0,0.0,0.0,0.0,0.0,0.0,0.0,0.0,0.0,0.0,0.0,0.0,0.0,0.0,0.0,0.0,50.0,0.0,Fulham,3.0,3.0,Leeds,Leeds,1.0,3.0,0.5662374673495041,,0.8609062485052533,0.48747737377897743
wilfried_gnonto,1,0,MID,Leeds,18,0,0,0,3,0,0,3,0.0,0.0,0.0,0.0,0.0,0.0,0.0,0.0,0.0,0.0,0.0,0.0,0.0,0.0,0.0,0.0,0.0,0.0,0.0,0.0,0.0,0.0,0.0,0.0,0.0,0.0,50.0,0.0,Nott'm Forest,1.0,3.0,Chelsea,Chelsea,3.0,3.0,0.3051039334955634,,0.9918904123390104,0.3026296664011684
will_dennis,1,0,GK,Bournemouth,15,0,0,0,3,0,0,4,1.0,0.0,0.0,0.0,0.0,0.0,0.0,0.0,0.0,0.0,0.0,0.0,0.0,0.0,0.0,0.0,0.0,0.0,0.0,0.0,0.0,0.0,0.0,0.0,0.0,0.0,40.0,0.0,Man City,1.0,0.0,Nott'm Forest,Nott'm Forest,0.0,0.0,-0.4015300979823271,,2.0,-0.8030601959646542
will_hughes,1,0,MID,Crystal Palace,9,0,0,0,3,0,0,3,1.0,0.0,0.0,0.0,0.0,0.0,0.0,0.0,0.0,0.0,0.0,0.0,0.0,0.0,0.0,0.0,0.0,0.0,0.0,0.0,0.0,0.0,0.0,0.0,0.0,0.0,45.0,0.0,Everton,0.0,0.0,Coventry City,Coventry City,0.0,0.0,0.19363675307093864,,1.0089732419121291,0.1953743024993234
william_osula,1,4,FWD,Newcastle,14,1,0,0,2,0,0,4,2.0,1.0,0.0,18.0,0.0,13.7,0.14,0.2,0.06,1.48,1.0,0.0,5.0,28.2,55.0,0.0,0.0,0.0,0.0,0.0,1.0,8.0,4.0,0.0,0.0,0.0,60.0,0.0,Liverpool,2.0,1.0,Arsenal,Arsenal,3.0,3.0,1.05696667134443,14974.0,0.9236141422959404,0.9762293655891807
william_saliba,1,0,DEF,Arsenal,7,1,0,0,4,0,0,2,0.0,0.0,0.0,0.0,0.0,0.0,0.0,0.0,0.0,0.0,0.0,0.0,0.0,0.0,0.0,0.0,0.0,0.0,0.0,0.0,0.0,0.0,0.0,0.0,0.0,0.0,60.0,0.0,Coventry City,3.0,3.0,Newcastle,Newcastle,2.0,1.0,0.9553078128913238,14970.0,1.117588837376478,1.0676413479458806
wilson_isidor,1,1,FWD,Sunderland,12,0,0,0,3,0,0,2,1.8,0.0,0.0,3.0,0.0,0.2,0.0,0.0,0.0,0.1,1.0,0.0,0.0,0.0,23.0,0.0,0.0,0.0,0.0,0.0,0.0,0.0,1.0,0.0,0.0,0.0,55.0,0.0,Ipswich Town,1.0,0.0,Aston Villa,Aston Villa,0.0,0.0,2.227410700614551,79641.0,0.9223169314219293,2.0543786024071826
wilson_odobert,1,0,MID,Spurs,4,0,0,0,3,0,0,3,0.0,0.0,0.0,0.0,0.0,0.0,0.0,0.0,0.0,0.0,0.0,0.0,0.0,0.0,0.0,0.0,0.0,0.0,0.0,0.0,0.0,0.0,0.0,0.0,0.0,0.0,55.0,0.0,Brentford,0.0,0.0,Ipswich Town,Ipswich Town,2.0,3.0,0.41089373758852754,,0.5,0.20544686879426377
xaver_schlager,1,1,MID,Nott'm Forest,13,1,0,0,3,0,0,3,1.5,0.0,0.0,3.0,0.0,1.0,0.0,0.0,0.0,0.13,1.0,0.0,0.4,0.6,16.0,0.0,0.0,0.0,0.0,0.0,0.0,2.0,1.0,0.0,0.0,0.0,50.0,0.0,Leeds,0.0,0.0,Bournemouth,Bournemouth,1.0,0.0,1.4976240644696488,,0.5855188667668813,0.8768871450710795
xavi_simons,1,0,MID,Spurs,4,0,0,0,3,0,0,3,0.0,0.0,0.0,0.0,0.0,0.0,0.0,0.0,0.0,0.0,0.0,0.0,0.0,0.0,0.0,0.0,0.0,0.0,0.0,0.0,0.0,0.0,0.0,0.0,0.0,0.0,60.0,0.0,Brentford,0.0,0.0,Ipswich Town,Ipswich Town,2.0,3.0,0.5311550492790154,,0.5,0.2655775246395077
yankuba_minteh,1,0,MID,Brighton,2,1,0,0,2,0,0,4,0.0,0.0,0.0,0.0,0.0,0.0,0.0,0.0,0.0,0.0,0.0,0.0,0.0,0.0,0.0,0.0,0.0,0.0,0.0,0.0,0.0,0.0,0.0,0.0,0.0,0.0,60.0,0.0,Aston Villa,4.0,3.0,Hull City,Hull City,2.0,3.0,0.4539634409786788,,0.7701498559185207,0.34961987866200533
yasin_ayari,1,2,MID,Brighton,2,1,0,0,2,0,0,4,2.0,0.0,0.0,8.0,1.0,15.0,0.03,0.14,0.11,0.19,0.0,0.0,1.7,0.0,63.0,0.0,0.0,0.0,0.0,0.0,1.0,6.0,2.0,0.0,0.0,0.0,55.0,1.0,Aston Villa,4.0,3.0,Hull City,Hull City,2.0,3.0,2.165226957905266,,0.7701498559185207,1.6675492296616374
yehor_yarmoliuk,1,1,MID,Brentford,19,1,0,0,3,0,0,3,1.5,0.0,0.0,7.0,0.0,0.8,0.0,0.04,0.04,0.1,0.0,0.0,0.6,2.2,23.0,0.0,0.0,0.0,0.0,0.0,0.0,3.0,1.0,0.0,0.0,0.0,50.0,0.0,Spurs,3.0,3.0,Everton,Everton,2.0,3.0,1.715647449999916,,1.1173235652211289,1.9169333254964445
yeremy_pino_santos,1,1,MID,Crystal Palace,9,0,0,0,3,0,0,3,2.0,0.0,0.0,4.0,0.0,6.3,0.02,0.08,0.06,0.27,0.0,0.0,1.4,2.0,35.0,0.0,0.0,0.0,0.0,0.0,0.0,6.0,1.0,0.0,0.0,0.0,55.0,0.0,Everton,0.0,0.0,Coventry City,Coventry City,0.0,0.0,2.45286684139257,,1.0089732419121291,2.4748770089386256
yoane_wissa,1,4,FWD,Newcastle,14,1,0,0,2,0,0,4,2.0,1.0,0.0,7.0,0.0,16.3,0.02,1.02,1.0,2.19,1.0,0.0,6.4,20.0,90.0,0.0,0.0,0.0,0.0,0.0,1.0,28.0,4.0,0.0,0.0,0.0,60.0,1.0,Liverpool,2.0,1.0,Arsenal,Arsenal,3.0,3.0,4.0562749442053505,14971.0,0.9236141422959404,3.7464329035087385
youri_tielemans,1,2,MID,Man Utd,11,0,0,0,4,0,0,2,2.2,0.0,0.0,13.0,0.0,11.3,0.11,0.15,0.04,0.94,2.0,0.0,2.0,5.0,66.0,0.0,0.0,0.0,0.0,0.0,1.0,4.0,2.0,0.0,0.0,0.0,60.0,0.0,Hull City,0.0,0.0,Liverpool,Liverpool,2.0,1.0,2.346129436854735,14974.0,0.5,1.1730647184273675
zach_abbott,1,0,DEF,Nott'm Forest,13,1,0,0,3,0,0,3,1.0,0.0,0.0,0.0,0.0,0.0,0.0,0.0,0.0,0.0,0.0,0.0,0.0,0.0,0.0,0.0,0.0,0.0,0.0,0.0,0.0,0.0,0.0,0.0,0.0,0.0,40.0,0.0,Leeds,0.0,0.0,Bournemouth,Bournemouth,1.0,0.0,0.15096211411234717,,1.986317939310555,0.29985875541760226
zadok_yohanna,1,1,MID,Brighton,2,1,0,0,2,0,0,4,1.5,0.0,0.0,3.0,0.0,1.3,0.03,0.03,0.0,0.0,0.0,0.0,0.2,0.2,12.0,0.0,0.0,0.0,0.0,0.0,0.0,0.0,1.0,0.0,0.0,0.0,50.0,0.0,Aston Villa,4.0,3.0,Hull City,Hull City,2.0,3.0,1.3587041322274567,,0.7701498559185207,1.0464057916708744
zavier_gozo,1,0,MID,Crystal Palace,9,0,0,0,3,0,0,3,1.5,0.0,0.0,0.0,0.0,0.0,0.0,0.0,0.0,0.0,0.0,0.0,0.0,0.0,0.0,0.0,0.0,0.0,0.0,0.0,0.0,0.0,0.0,0.0,0.0,0.0,50.0,0.0,Everton,0.0,0.0,Coventry City,Coventry City,0.0,0.0,0.3611233921649648,,1.0089732419121291,0.3643638397229897
zion_suzuki,1,0,GK,Aston Villa,5,0,0,0,4,0,0,2,2.6,0.0,0.0,0.0,0.0,0.0,0.0,0.0,0.0,0.0,0.0,0.0,0.0,0.0,0.0,0.0,0.0,0.0,0.0,0.0,0.0,0.0,0.0,0.0,0.0,0.0,50.0,0.0,Brighton,0.0,0.0,Sunderland,Sunderland,1.0,0.0,-0.0618851492398933,,0.5,-0.03094257461994665
