full_name,gw,total_points,position,team,opponent_team,was_home,team_strength_attack,team_strength_defence,team_strength_overall,opponent_strength_attack,opponent_strength_defence,opponent_strength_overall,xP,assists,bonus,bps,clean_sheets,creativity,expected_assists,expected_goal_involvements,expected_goals,expected_goals_conceded,goals_conceded,goals_scored,ict_index,influence,minutes,own_goals,penalties_missed,penalties_saved,red_cards,saves,starts,threat,ewma_total_points,transfers_balance,transfers_in,transfers_out,value,yellow_cards,opponent_team_name,ewma_team_goals,ewma_team_points,team_name_nw_opponent,team_nw_opponent,ewma_team_goals_nw_opponent,ewma_team_points_nw_opponent,predicted_points,owner,fixture_diff_index,predicted_points_adj
aaron_anselmino,2,0,DEF,Chelsea,5,1,0,0,4,0,0,3,0.68,0.0,0.0,0.0,0.0,0.0,0.0,0.0,0.0,0.0,0.0,0.0,0.0,0.0,0.0,0.0,0.0,0.0,0.0,0.0,0.0,0.0,0.0,-194.4,73.2,267.59999999999997,45.0,0.0,Brighton,3.6,3.0,Aston Villa,Aston Villa,0.0,0.0,0.3769771557708934,,2.0,0.7539543115417868
aaron_hickey,2,1,DEF,Brentford,13,0,0,0,3,0,0,2,1.28,0.0,0.0,4.3999999999999995,0.0,2.5799999999999996,0.012,0.012,0.0,0.04000000000000001,0.0,0.0,0.48,2.4,6.800000000000001,0.0,0.0,0.0,0.0,0.0,0.0,0.0,1.0,49.8,373.8,324.0,45.0,0.0,Leeds,1.8000000000000003,1.8000000000000003,Newcastle,Newcastle,2.0,2.1999999999999997,1.175000130014022,,0.9447351548064342,1.1100639297263775
aaron_wan_bissaka,2,1,DEF,Aston Villa,1,1,0,0,3,0,0,5,1.7,0.0,0.0,4.0,0.0,0.8,0.0,0.0,0.0,0.0,0.0,0.0,0.4,3.6,12.0,0.0,0.0,0.0,0.0,0.0,0.0,0.0,1.0,1383.0,1549.0,166.0,45.0,0.0,Arsenal,0.0,0.0,Chelsea,Chelsea,3.6,3.0,1.4843596228074167,,0.5,0.7421798114037084
abdoul_ouattara,2,1,DEF,Ipswich Town,16,0,0,0,2,0,0,4,1.0,0.0,0.0,1.0,0.0,4.36,0.0,0.0,0.0,0.528,0.6,0.0,0.6600000000000001,2.44,14.2,0.0,0.0,0.0,0.0,0.0,0.0,0.0,1.0,-1858.1999999999998,1661.3999999999999,3519.6,40.0,0.0,Man Utd,2.0,1.2000000000000002,Brighton,Brighton,3.4,1.2000000000000002,1.277136090390085,,0.5,0.6385680451950425
abdukodir_khusanov,2,2,DEF,Man City,8,0,0,0,5,0,0,3,2.2,0.0,0.0,15.8,0.0,4.54,0.02,0.02,0.0,0.656,1.0,0.0,2.5999999999999996,19.4,88.8,0.0,0.0,0.0,0.0,0.0,1.0,2.4,2.0,-5070.599999999999,3651.6,8722.199999999999,55.0,0.0,Crystal Palace,3.2,3.0,Hull City,Hull City,1.4,3.0,3.3187291713611224,14972.0,1.2386222137026826,4.110651672910983
abdul_fatawu,2,4,MID,Ipswich Town,16,0,0,0,2,0,0,4,2.5999999999999996,0.6,0.0,23.8,0.0,36.739999999999995,0.29600000000000004,0.29600000000000004,0.0,3.0060000000000002,3.4,0.0,6.46,23.400000000000002,75.19999999999999,0.0,0.0,0.0,0.0,0.0,1.0,4.4,3.2,-1318.8,342.0,1660.8,55.0,0.6,Man Utd,2.0,1.2000000000000002,Brighton,Brighton,3.4,1.2000000000000002,2.6298999782280865,,0.9251338906569119,2.4330095988966773
abdulkadir_omur,2,0,MID,Hull City,7,0,0,0,2,0,0,2,0.6000000000000001,0.0,0.0,0.0,0.0,0.0,0.0,0.0,0.0,0.0,0.0,0.0,0.0,0.0,0.0,0.0,0.0,0.0,0.0,0.0,0.0,0.0,0.0,-106.8,125.39999999999999,232.2,50.0,0.0,Coventry City,1.4,3.0,Man City,Man City,3.2,3.0,0.35992336493042343,,0.6851315495216126,0.24659485272381385
abu_kamara,2,0,MID,Hull City,7,0,0,0,2,0,0,2,0.0,0.0,0.0,0.0,0.0,0.0,0.0,0.0,0.0,0.0,0.0,0.0,0.0,0.0,0.0,0.0,0.0,0.0,0.0,0.0,0.0,0.0,0.0,-118.19999999999999,0.0,118.19999999999999,50.0,0.0,Coventry City,1.4,3.0,Man City,Man City,3.2,3.0,0.3032529720461776,,0.6851315495216126,0.20776817863503194
adam_aznou,2,0,DEF,Everton,3,0,0,0,3,0,0,3,0.4,0.0,0.0,0.0,0.0,0.0,0.0,0.0,0.0,0.0,0.0,0.0,0.0,0.0,0.0,0.0,0.0,0.0,0.0,0.0,0.0,0.0,0.0,-407.4,605.4,1012.8,40.0,0.0,Bournemouth,1.4,1.8000000000000003,Nott'm Forest,Nott'm Forest,1.2,0.6,0.17602982306803527,,2.0,0.35205964613607055
adam_smith,2,1,DEF,Bournemouth,9,1,0,0,3,0,0,3,1.28,0.0,0.0,4.6,0.0,9.66,0.012,0.012,0.0,2.004,1.4,0.0,2.1799999999999997,12.16,90.0,0.0,0.0,0.0,0.0,0.0,1.0,0.0,1.0,1096.2,1707.0,610.8,45.0,0.6,Everton,1.0,0.6,Coventry City,Coventry City,0.0,0.0,2.0661593952450783,,1.9055914726584429,3.9372557247321467
adam_wharton,2,2,MID,Crystal Palace,15,1,0,0,3,0,0,5,2.5999999999999996,0.0,0.0,20.6,0.0,27.18,0.138,0.138,0.0,1.774,3.2,0.0,4.379999999999999,16.439999999999998,90.0,0.0,0.0,0.0,0.0,0.0,1.0,0.0,2.8,-654.0,4026.0,4680.0,55.0,0.0,Man City,0.6,0.0,Sunderland,Sunderland,1.0,1.7999999999999998,3.296847405581201,,0.5924448878848673,1.9532003915730702
adrien_truffert,2,4,DEF,Bournemouth,9,1,0,0,3,0,0,3,2.5,0.0,1.2,16.2,0.0,14.739999999999998,0.042,0.042,0.0,2.004,1.4,0.0,4.04,22.84,90.0,0.0,0.0,0.0,0.0,0.0,1.0,2.4,2.8,-3132.0,12360.6,15492.599999999999,55.0,0.0,Everton,1.0,0.6,Coventry City,Coventry City,0.0,0.0,2.443276179960919,61014.0,1.9055914726584429,4.655886253883023
aladji_bamba,2,0,MID,Newcastle,19,0,0,0,3,0,0,3,0.9000000000000001,0.0,0.0,2.0,0.0,0.0,0.0,0.0,0.0,0.41600000000000004,0.4,0.0,0.16000000000000003,1.6,5.6000000000000005,0.0,0.0,0.0,0.0,0.0,0.0,0.0,0.4,-586.1999999999999,414.0,1000.1999999999999,50.0,0.0,Spurs,2.0,2.1999999999999997,Brentford,Brentford,1.8000000000000003,1.8000000000000003,0.6679187847098694,,0.5046080890693773,0.33703722160598804
alejandro_garnacho_ferreyra,2,1,MID,Aston Villa,1,1,0,0,3,0,0,5,1.48,0.0,0.0,2.5999999999999996,0.0,1.2,0.0,0.0,0.0,0.05600000000000001,0.0,0.0,0.12,0.12,8.799999999999999,0.0,0.0,0.0,0.0,0.0,0.0,0.0,1.0,-5132.4,1212.6,6345.0,60.0,0.0,Arsenal,0.0,0.0,Chelsea,Chelsea,3.6,3.0,1.5595423211622874,,0.5337727251520737,0.8324411547567848
alex_cairns,2,0,GK,Leeds,4,1,0,0,2,0,0,3,1.0,0.0,0.0,0.0,0.0,0.0,0.0,0.0,0.0,0.0,0.0,0.0,0.0,0.0,0.0,0.0,0.0,0.0,0.0,0.0,0.0,0.0,0.0,0.0,0.0,0.0,40.0,0.0,Brentford,1.0,1.8000000000000003,Fulham,Fulham,0.8,0.0,-0.10602437479340177,,2.0,-0.21204874958680353
alex_iwobi,2,2,MID,Fulham,20,0,0,0,3,0,0,2,2.0,0.0,0.0,18.8,0.0,25.82,0.256,0.26199999999999996,0.006,2.108,1.8000000000000003,0.0,3.96,12.16,90.0,0.0,0.0,0.0,0.0,0.0,1.0,1.2,2.0,-1980.6,3657.0,5637.599999999999,55.0,0.0,Sunderland,0.8,0.0,Leeds,Leeds,1.0,1.8000000000000003,3.0370931053131134,,0.5246172912441401,1.5933115581656196
alex_murphy,2,0,DEF,Newcastle,19,0,0,0,3,0,0,3,0.0,0.0,0.0,0.0,0.0,0.0,0.0,0.0,0.0,0.0,0.0,0.0,0.0,0.0,0.0,0.0,0.0,0.0,0.0,0.0,0.0,0.0,0.0,-1965.6,0.0,1965.6,40.0,0.0,Spurs,2.0,2.1999999999999997,Brentford,Brentford,1.8000000000000003,1.8000000000000003,0.2063353945427837,,1.8956784806584177,0.3911455672329194
alex_palmer,2,0,GK,Ipswich Town,16,0,0,0,2,0,0,4,0.4,0.0,0.0,0.0,0.0,0.0,0.0,0.0,0.0,0.0,0.0,0.0,0.0,0.0,0.0,0.0,0.0,0.0,0.0,0.0,0.0,0.0,0.0,-5797.2,4611.599999999999,10408.8,40.0,0.0,Man Utd,2.0,1.2000000000000002,Brighton,Brighton,3.4,1.2000000000000002,0.3437969668591878,,0.5333333333333333,0.18335838232490018
alex_scott,2,12,MID,Bournemouth,9,1,0,0,3,0,0,3,5.08,0.0,1.7999999999999998,30.2,0.6,21.18,0.166,0.322,0.156,1.9260000000000002,0.8,0.6,6.699999999999999,33.12,87.6,0.0,0.0,0.0,0.0,0.0,1.0,12.6,7.999999999999999,-2619.6,5112.0,7731.599999999999,60.0,0.6,Everton,1.0,0.6,Coventry City,Coventry City,0.0,0.0,3.8347472446674997,14973.0,1.197570608711334,4.592380592050569
alex_toth,2,0,MID,Bournemouth,9,1,0,0,3,0,0,3,0.9000000000000001,0.0,0.0,2.0,0.0,0.24,0.0,0.0,0.0,0.124,0.8,0.0,0.12,1.1199999999999999,6.0,0.0,0.0,0.0,0.0,0.0,0.0,0.0,0.4,-27.599999999999998,60.0,87.6,50.0,0.0,Everton,1.0,0.6,Coventry City,Coventry City,0.0,0.0,0.6565645028442884,,1.197570608711334,0.7862823513294888
alexander_isak,2,8,FWD,Liverpool,18,1,0,0,4,0,0,3,4.08,0.0,1.2,20.4,0.0,12.02,0.004,1.034,1.03,2.012,2.0,0.6,9.2,24.96,90.0,0.0,0.0,0.0,0.0,0.0,1.0,55.2,5.6,-16858.2,43821.6,60679.799999999996,90.0,0.0,Nott'm Forest,2.0,1.0,Spurs,Spurs,0.0,0.0,4.58667986584021,14973.0,1.2977871281198392,5.952534090693856
alexis_mac_allister,2,2,MID,Liverpool,18,1,0,0,4,0,0,3,1.7,0.0,0.0,9.6,0.0,5.18,0.238,0.238,0.0,1.766,1.2,0.0,1.48,9.879999999999999,56.400000000000006,0.0,0.0,0.0,0.0,0.0,0.6,0.0,1.6,-8964.6,3940.2,12904.8,55.0,0.0,Nott'm Forest,2.0,1.0,Spurs,Spurs,0.0,0.0,2.221912369337266,,1.6380907773744013,3.6396941603454804
alfie_cresswell,2,0,MID,Leeds,4,1,0,0,2,0,0,3,0.4,0.0,0.0,0.0,0.0,0.0,0.0,0.0,0.0,0.0,0.0,0.0,0.0,0.0,0.0,0.0,0.0,0.0,0.0,0.0,0.0,0.0,0.0,1391.3999999999999,1817.3999999999999,426.0,45.0,0.0,Brentford,1.0,1.8000000000000003,Fulham,Fulham,0.8,0.0,0.143798303295821,,1.3734508511032946,0.19749990204885504
alfie_mcnally,2,0,GK,Fulham,20,0,0,0,3,0,0,2,0.4,0.0,0.0,0.0,0.0,0.0,0.0,0.0,0.0,0.0,0.0,0.0,0.0,0.0,0.0,0.0,0.0,0.0,0.0,0.0,0.0,0.0,0.0,111.0,483.0,372.0,40.0,0.0,Sunderland,0.8,0.0,Leeds,Leeds,1.0,1.8000000000000003,-0.06114298630055681,,0.888888888888889,-0.054349321156050505
ali_al_hamadi,2,0,FWD,Ipswich Town,16,0,0,0,2,0,0,4,0.5599999999999999,0.0,0.0,0.0,0.0,0.0,0.0,0.0,0.0,0.0,0.0,0.0,0.0,0.0,0.0,0.0,0.0,0.0,0.0,0.0,0.0,0.0,0.0,-1348.2,453.0,1801.2,50.0,0.0,Man Utd,2.0,1.2000000000000002,Brighton,Brighton,3.4,1.2000000000000002,0.11966964288487159,,2.0,0.23933928576974317
alisson_becker,2,0,GK,Liverpool,18,1,0,0,4,0,0,3,1.92,0.0,0.0,-0.19999999999999973,0.0,0.0,0.0,0.0,0.0,2.012,2.0,0.0,1.2000000000000002,11.68,90.0,0.0,0.0,0.0,0.0,1.8000000000000003,1.0,0.0,0.8,2450.4,15184.199999999999,12733.8,55.0,0.6,Nott'm Forest,2.0,1.0,Spurs,Spurs,0.0,0.0,2.566556705422575,15210.0,1.2444444444444442,3.193937233414759
altay_bayindir,2,0,GK,Man Utd,12,1,0,0,4,0,0,2,0.0,0.0,0.0,0.0,0.0,0.0,0.0,0.0,0.0,0.0,0.0,0.0,0.0,0.0,0.0,0.0,0.0,0.0,0.0,0.0,0.0,0.0,0.0,-352.8,0.0,352.8,45.0,0.0,Ipswich Town,3.0,1.7999999999999998,Arsenal,Arsenal,1.8000000000000003,3.0,0.6495849970952549,,0.5,0.32479249854762743
alvaro_rodriguez,2,1,FWD,Bournemouth,9,1,0,0,3,0,0,3,0.9000000000000001,0.0,0.0,2.4,0.0,0.0,0.0,0.0,0.0,0.096,0.6,0.0,0.0,0.0,5.3999999999999995,0.0,0.0,0.0,0.0,0.0,0.0,0.0,0.6,-109.2,600.0,709.1999999999999,60.0,0.0,Everton,1.0,0.6,Coventry City,Coventry City,0.0,0.0,1.0463853722941296,50210.0,0.8555617197365379,0.895247268627123
alysson_edward_franco_da_rocha_dos_santos,2,0,MID,Aston Villa,1,1,0,0,3,0,0,5,0.9000000000000001,0.0,0.0,3.2,0.0,0.48,0.0,0.0,0.0,0.068,0.0,0.0,0.4,2.3200000000000003,14.600000000000001,0.0,0.0,0.0,0.0,0.0,0.0,1.2,0.4,-151.79999999999998,205.79999999999998,357.59999999999997,50.0,0.6,Arsenal,0.0,0.0,Chelsea,Chelsea,3.6,3.0,1.3332091899841616,,0.5337727251520737,0.7116307025356348
amad_diallo,2,0,MID,Man Utd,12,1,0,0,4,0,0,2,0.8800000000000001,0.0,0.0,0.0,0.0,0.0,0.0,0.0,0.0,0.0,0.0,0.0,0.0,0.0,0.0,0.0,0.0,0.0,0.0,0.0,0.0,0.0,0.0,-34729.799999999996,945.5999999999999,35675.4,59.4,0.0,Ipswich Town,3.0,1.7999999999999998,Arsenal,Arsenal,1.8000000000000003,3.0,0.5351926799466102,,0.5624563952570014,0.30102254553070446
amadou_onana,2,0,MID,Aston Villa,1,1,0,0,3,0,0,5,0.0,0.0,0.0,0.0,0.0,0.0,0.0,0.0,0.0,0.0,0.0,0.0,0.0,0.0,0.0,0.0,0.0,0.0,0.0,0.0,0.0,0.0,0.0,-223.2,94.2,317.4,50.0,0.0,Arsenal,0.0,0.0,Chelsea,Chelsea,3.6,3.0,0.3404122051156182,,0.5337727251520737,0.18170275039959022
amar_dedic,2,11,DEF,Newcastle,19,0,0,0,3,0,0,3,4.279999999999999,0.6,1.2,21.8,0.6,18.72,0.036,0.048,0.012,1.8639999999999999,0.8,0.0,5.3,32.12,90.0,0.0,0.0,0.0,0.0,0.0,1.0,2.0,7.0,4921.8,6215.4,1293.6,45.0,0.0,Spurs,2.0,2.1999999999999997,Brentford,Brentford,1.8000000000000003,1.8000000000000003,2.685020850598712,,1.8956784806584177,5.089936246599139
amario_cozier_duberry,2,0,MID,Brighton,6,0,0,0,3,0,0,4,1.5,0.0,0.0,0.0,0.0,0.0,0.0,0.0,0.0,0.0,0.0,0.0,0.0,0.0,0.0,0.0,0.0,0.0,0.0,0.0,0.0,0.0,0.0,0.0,0.0,0.0,50.0,0.0,Chelsea,3.4,1.2000000000000002,Ipswich Town,Ipswich Town,2.0,1.2000000000000002,0.35972513730336564,,2.0,0.7194502746067313
amine_adli,2,0,MID,Bournemouth,9,1,0,0,3,0,0,3,0.0,0.0,0.0,0.0,0.0,0.0,0.0,0.0,0.0,0.0,0.0,0.0,0.0,0.0,0.0,0.0,0.0,0.0,0.0,0.0,0.0,0.0,0.0,-553.1999999999999,32.4,585.6,50.0,0.0,Everton,1.0,0.6,Coventry City,Coventry City,0.0,0.0,0.1999723713684909,,1.197570608711334,0.23948103450521258
anan_khalaili,2,2,DEF,Crystal Palace,15,1,0,0,3,0,0,5,1.78,0.0,0.0,10.2,0.0,11.500000000000002,0.064,0.076,0.012,1.3139999999999998,1.7999999999999998,0.0,4.0600000000000005,25.439999999999998,58.4,0.0,0.0,0.0,0.0,0.0,0.6,3.4,1.6,-219.0,277.2,496.2,50.0,0.6,Man City,0.6,0.0,Sunderland,Sunderland,1.0,1.7999999999999998,2.5647993714442183,,0.5,1.2823996857221092
andres_garcia,2,0,DEF,Aston Villa,1,1,0,0,3,0,0,5,0.4,0.0,0.0,0.0,0.0,0.0,0.0,0.0,0.0,0.0,0.0,0.0,0.0,0.0,0.0,0.0,0.0,0.0,0.0,0.0,0.0,0.0,0.0,-3950.3999999999996,4403.4,8353.8,40.0,0.0,Arsenal,0.0,0.0,Chelsea,Chelsea,3.6,3.0,0.28764115040508464,,0.5,0.14382057520254232
andrew_robertson,2,2,DEF,Spurs,17,1,0,0,3,0,0,3,2.18,0.0,0.0,9.4,0.0,17.759999999999998,0.036000000000000004,0.07200000000000001,0.036,1.836,1.8000000000000003,0.0,5.3,19.44,76.19999999999999,0.0,0.0,0.0,0.0,0.0,1.0,15.8,2.4000000000000004,-676.1999999999999,13302.6,13978.8,45.0,0.0,Newcastle,0.0,0.0,Liverpool,Liverpool,2.0,1.0,2.644533758728036,,0.6592857121295471,1.7435033223736411
andrey_nascimento_dos_santos,2,1,MID,Man Utd,12,1,0,0,4,0,0,2,1.5,0.0,0.0,8.0,0.0,2.1,0.09200000000000001,0.09200000000000001,0.0,0.976,1.4,0.0,1.1400000000000001,8.280000000000001,32.400000000000006,0.0,0.0,0.0,0.0,0.0,0.4,0.8,1.4,-4615.8,4473.599999999999,9089.4,50.0,0.0,Ipswich Town,3.0,1.7999999999999998,Arsenal,Arsenal,1.8000000000000003,3.0,1.4271277137958998,,0.5624563952570014,0.8026971094730074
anis_mehmeti,2,0,MID,Ipswich Town,16,0,0,0,2,0,0,4,0.6000000000000001,0.0,0.0,0.0,0.0,0.0,0.0,0.0,0.0,0.0,0.0,0.0,0.0,0.0,0.0,0.0,0.0,0.0,0.0,0.0,0.0,0.0,0.0,-383.4,28.2,411.59999999999997,50.0,0.0,Man Utd,2.0,1.2000000000000002,Brighton,Brighton,3.4,1.2000000000000002,0.34653387327291885,,0.9251338906569119,0.32059023042538465
anthony_elanga,2,8,MID,Newcastle,19,0,0,0,3,0,0,3,5.9799999999999995,0.0,0.8,31.6,0.6,10.58,0.064,0.272,0.20800000000000002,1.22,0.4,1.0,7.619999999999999,37.04,78.6,0.0,0.0,0.0,0.0,0.0,1.0,28.6,8.4,50140.799999999996,57264.6,7123.8,60.0,0.0,Spurs,2.0,2.1999999999999997,Brentford,Brentford,1.8000000000000003,1.8000000000000003,3.811985562424973,14973.0,0.5046080890693773,1.923558750215321
anthony_patterson,2,0,GK,Sunderland,10,1,0,0,2,0,0,3,0.0,0.0,0.0,0.0,0.0,0.0,0.0,0.0,0.0,0.0,0.0,0.0,0.0,0.0,0.0,0.0,0.0,0.0,0.0,0.0,0.0,0.0,0.0,-1384.2,0.0,1384.2,40.0,0.0,Fulham,1.0,1.7999999999999998,Crystal Palace,Crystal Palace,0.6,0.0,-0.12362411870816326,,2.0,-0.2472482374163265
antoine_semenyo,2,5,MID,Man City,8,0,0,0,5,0,0,3,3.26,0.6,0.0,26.200000000000003,0.0,29.36,0.35,0.41000000000000003,0.06,0.656,1.0,0.0,8.559999999999999,19.84,90.0,0.0,0.0,0.0,0.0,0.0,1.0,36.4,3.8,-74466.0,29460.0,103926.0,85.0,0.0,Crystal Palace,3.2,3.0,Hull City,Hull City,1.4,3.0,4.849115194025954,14970.0,0.7159827077538236,3.47188262682891
anton_stach,2,4,MID,Leeds,4,1,0,0,2,0,0,3,5.9799999999999995,0.0,1.2000000000000002,22.6,0.4,11.12,0.026000000000000002,0.108,0.08200000000000002,1.266,0.6,0.4,5.4,33.88,90.0,0.0,0.0,0.0,0.0,0.0,1.0,8.8,7.6,40599.0,48806.4,8207.4,60.0,0.0,Brentford,1.0,1.8000000000000003,Fulham,Fulham,0.8,0.0,4.337634086194764,50210.0,1.3734508511032946,5.9575272274588595
antonee_robinson,2,2,DEF,Fulham,20,0,0,0,3,0,0,2,1.58,0.0,0.0,7.6,0.0,12.84,0.028,0.08,0.052000000000000005,2.096,1.8000000000000003,0.0,2.84,14.52,86.4,0.0,0.0,0.0,0.0,0.0,1.0,1.2000000000000002,1.6,1051.2,6708.599999999999,5657.4,45.0,0.0,Sunderland,0.8,0.0,Leeds,Leeds,1.0,1.8000000000000003,2.02832554501718,50210.0,1.1898796390075914,2.4134632672949183
antoni_milambo,2,0,MID,Brentford,13,0,0,0,3,0,0,2,0.0,0.0,0.0,0.0,0.0,0.0,0.0,0.0,0.0,0.0,0.0,0.0,0.0,0.0,0.0,0.0,0.0,0.0,0.0,0.0,0.0,0.0,0.0,-10.2,16.8,27.0,50.0,0.0,Leeds,1.8000000000000003,1.8000000000000003,Newcastle,Newcastle,2.0,2.1999999999999997,0.25403820051608816,,1.3398293368431589,0.34036783373029983
antonin_kinsky,2,1,GK,Spurs,17,1,0,0,3,0,0,3,1.66,0.0,0.0,8.4,0.0,0.0,0.0,0.0,0.0,1.98,2.4000000000000004,0.0,2.0,19.720000000000002,90.0,0.0,0.0,0.0,0.0,2.0,1.0,0.0,1.4,-24915.6,24375.0,49290.6,45.0,0.0,Newcastle,0.0,0.0,Liverpool,Liverpool,2.0,1.0,2.4964709051233287,61014.0,0.5,1.2482354525616643
antonio_joao_pereira_de_albuquerque_tavares_da_silva,2,4,DEF,Bournemouth,9,1,0,0,3,0,0,3,2.6799999999999997,0.0,0.0,8.6,0.0,1.2000000000000002,0.018,0.168,0.15,2.004,1.4,0.0,3.26,23.72,90.0,0.0,0.0,0.0,0.0,0.0,1.0,7.8,3.2,3105.0,4419.0,1314.0,50.0,0.4,Everton,1.0,0.6,Coventry City,Coventry City,0.0,0.0,3.290018838738832,,1.9055914726584429,6.269431843986351
archie_gray,2,2,MID,Spurs,17,1,0,0,3,0,0,3,1.8,0.0,0.0,11.399999999999999,0.0,2.2199999999999998,0.004,0.004,0.0,1.6600000000000001,1.8000000000000003,0.0,0.5800000000000001,3.5600000000000005,74.19999999999999,0.0,0.0,0.0,0.0,0.0,1.0,0.0,2.0,-499.79999999999995,1026.6,1526.3999999999999,50.0,0.0,Newcastle,0.0,0.0,Liverpool,Liverpool,2.0,1.0,2.073839464016093,,0.6492992224190566,1.3465423514076023
armin_pecsi,2,0,GK,Liverpool,18,1,0,0,4,0,0,3,0.0,0.0,0.0,0.0,0.0,0.0,0.0,0.0,0.0,0.0,0.0,0.0,0.0,0.0,0.0,0.0,0.0,0.0,0.0,0.0,0.0,0.0,0.0,-268.8,0.0,268.8,40.0,0.0,Nott'm Forest,2.0,1.0,Spurs,Spurs,0.0,0.0,-0.23038719621282655,,1.2444444444444442,-0.28670406639818413
arnaud_kalimuendo,2,0,FWD,Nott'm Forest,14,0,0,0,3,0,0,4,1.02,0.0,0.0,1.2000000000000002,0.0,0.0,0.0,0.0,0.0,0.0,0.0,0.0,0.0,0.0,0.4,0.0,0.0,0.0,0.0,0.0,0.0,0.0,0.4,-250.79999999999998,203.4,454.2,55.0,0.0,Liverpool,1.2,0.6,Everton,Everton,1.4,1.8000000000000003,0.6512997662263789,,0.5,0.32564988311318943
arthur_masuaku,2,0,DEF,Sunderland,10,1,0,0,2,0,0,3,0.0,0.0,0.0,0.0,0.0,0.0,0.0,0.0,0.0,0.0,0.0,0.0,0.0,0.0,0.0,0.0,0.0,0.0,0.0,0.0,0.0,0.0,0.0,-2920.7999999999997,0.0,2920.7999999999997,40.0,0.0,Fulham,1.0,1.7999999999999998,Crystal Palace,Crystal Palace,0.6,0.0,0.07379342041705228,,2.0,0.14758684083410456
ashley_phillips,2,0,DEF,Spurs,17,1,0,0,3,0,0,3,0.0,0.0,0.0,0.0,0.0,0.0,0.0,0.0,0.0,0.0,0.0,0.0,0.0,0.0,0.0,0.0,0.0,0.0,0.0,0.0,0.0,0.0,0.0,-394.8,0.0,394.8,45.0,0.0,Newcastle,0.0,0.0,Liverpool,Liverpool,2.0,1.0,0.2869508669076466,,0.6592857121295471,0.18918260663539868
aurele_amenda,2,1,DEF,Coventry City,11,1,0,0,2,0,0,2,1.0,0.0,0.0,2.8,0.0,1.58,0.028,0.039999999999999994,0.012,1.184,1.8000000000000003,0.0,2.34,18.36,90.0,0.0,0.0,0.0,0.0,0.0,1.0,3.0,1.0,-709.8,1996.8,2706.6,40.0,0.6,Hull City,0.0,0.0,Bournemouth,Bournemouth,1.0,0.6,2.4301701323887563,,1.8882084590182253,4.5886678008298905
axel_disasi,2,1,DEF,Crystal Palace,15,1,0,0,3,0,0,5,0.98,0.0,0.0,-1.2,0.0,0.0,0.0,0.0,0.0,0.12,0.6,0.0,0.06,0.72,9.6,0.0,0.0,0.0,0.0,0.0,0.0,0.0,0.6,-193.79999999999998,315.0,508.79999999999995,45.0,0.0,Man City,0.6,0.0,Sunderland,Sunderland,1.0,1.7999999999999998,1.1066838315736984,,0.5,0.5533419157868492
ayden_heaven,2,0,DEF,Man Utd,12,1,0,0,4,0,0,2,0.98,0.0,0.0,2.0,0.0,1.04,0.016,0.064,0.048,0.404,0.8,0.0,0.8,2.72,36.0,0.0,0.0,0.0,0.0,0.0,0.4,4.4,0.4,-661.8,1852.8,2514.6,45.0,0.0,Ipswich Town,3.0,1.7999999999999998,Arsenal,Arsenal,1.8000000000000003,3.0,1.4261146489499028,,0.5,0.7130573244749514
ayyoub_bouaddi,2,1,MID,Man City,8,0,0,0,5,0,0,3,2.0,0.0,0.0,3.0,0.0,4.3,0.12,0.12,0.0,0.0,0.0,0.0,0.6,1.8,8.0,0.0,0.0,0.0,0.0,0.0,0.0,0.0,1.0,2706.0,3055.0,349.0,55.0,0.0,Crystal Palace,3.2,3.0,Hull City,Hull City,1.4,3.0,1.4838614196679187,,0.7159827077538236,1.0624191171852693
azor_matusiwa,2,0,MID,Ipswich Town,16,0,0,0,2,0,0,4,0.0,0.0,0.0,0.0,0.0,0.0,0.0,0.0,0.0,0.0,0.0,0.0,0.0,0.0,0.0,0.0,0.0,0.0,0.0,0.0,0.0,0.0,0.0,-62.4,4.8,67.2,50.0,0.0,Man Utd,2.0,1.2000000000000002,Brighton,Brighton,3.4,1.2000000000000002,0.28986348038867304,,0.9251338906569119,0.26816252937132656
bafode_diakite,2,0,DEF,Bournemouth,9,1,0,0,3,0,0,3,0.8800000000000001,0.0,0.0,0.0,0.0,0.0,0.0,0.0,0.0,0.0,0.0,0.0,0.0,0.0,0.0,0.0,0.0,0.0,0.0,0.0,0.0,0.0,0.0,240.6,1633.2,1392.6,50.0,0.0,Everton,1.0,0.6,Coventry City,Coventry City,0.0,0.0,0.4620980331447653,,1.9055914726584429,0.8805700714929032
bart_verbruggen,2,0,GK,Brighton,6,0,0,0,3,0,0,4,2.5599999999999996,0.0,0.0,9.4,0.4,0.0,0.0,0.0,0.0,1.874,2.4,0.0,0.8799999999999999,8.76,90.0,0.0,0.0,0.0,0.0,0.6,1.0,0.0,2.4000000000000004,23565.6,50853.6,27288.0,45.0,0.0,Chelsea,3.4,1.2000000000000002,Ipswich Town,Ipswich Town,2.0,1.2000000000000002,2.7072390182663746,61014.0,0.7999999999999999,2.1657912146130993
bazoumana_toure,2,1,MID,Newcastle,19,0,0,0,3,0,0,3,1.1800000000000002,0.0,0.0,1.7999999999999998,0.0,0.0,0.0,0.0,0.0,0.0,0.0,0.0,0.0,0.0,0.6,0.0,0.0,0.0,0.0,0.0,0.0,0.0,0.6,-2367.0,307.8,2674.7999999999997,60.0,0.0,Spurs,2.0,2.1999999999999997,Brentford,Brentford,1.8000000000000003,1.8000000000000003,0.9244205844625334,,0.5046080890693773,0.46647010462203586
ben_davies,2,0,DEF,Spurs,17,1,0,0,3,0,0,3,0.4,0.0,0.0,0.0,0.0,0.0,0.0,0.0,0.0,0.0,0.0,0.0,0.0,0.0,0.0,0.0,0.0,0.0,0.0,0.0,0.0,0.0,0.0,-3663.6,1726.2,5389.8,40.0,0.0,Newcastle,0.0,0.0,Liverpool,Liverpool,2.0,1.0,0.1577119039463526,,0.6592857121295471,0.1039772049045778
ben_gannon_doak,2,0,MID,Bournemouth,9,1,0,0,3,0,0,3,0.9000000000000001,0.0,0.0,1.2000000000000002,0.0,0.04000000000000001,0.0,0.0,0.0,0.07600000000000001,0.4,0.0,0.08000000000000002,0.08000000000000002,0.4,0.0,0.0,0.0,0.0,0.0,0.0,0.8,0.4,-280.8,219.0,499.79999999999995,50.0,0.0,Everton,1.0,0.6,Coventry City,Coventry City,0.0,0.0,0.5007274806266764,,1.197570608711334,0.5996565137725816
ben_johnson,2,0,DEF,Ipswich Town,16,0,0,0,2,0,0,4,0.4,0.0,0.0,0.0,0.0,0.0,0.0,0.0,0.0,0.0,0.0,0.0,0.0,0.0,0.0,0.0,0.0,0.0,0.0,0.0,0.0,0.0,0.0,-357.0,256.2,613.1999999999999,40.0,0.0,Man Utd,2.0,1.2000000000000002,Brighton,Brighton,3.4,1.2000000000000002,0.32186484192559695,,0.5,0.16093242096279847
ben_wilson,2,0,GK,Coventry City,11,1,0,0,2,0,0,2,0.76,0.0,0.0,0.0,0.0,0.0,0.0,0.0,0.0,0.0,0.0,0.0,0.0,0.0,0.0,0.0,0.0,0.0,0.0,0.0,0.0,0.0,0.0,-1927.8,136.2,2064.0,45.0,0.0,Hull City,0.0,0.0,Bournemouth,Bournemouth,1.0,0.6,-0.11668048971279399,,0.7999999999999999,-0.09334439177023518
bendito_mantato,2,0,MID,Man Utd,12,1,0,0,4,0,0,2,0.4,0.0,0.0,0.0,0.0,0.0,0.0,0.0,0.0,0.0,0.0,0.0,0.0,0.0,0.0,0.0,0.0,0.0,0.0,0.0,0.0,0.0,0.0,-846.0,576.6,1422.6,45.0,0.0,Ipswich Town,3.0,1.7999999999999998,Arsenal,Arsenal,1.8000000000000003,3.0,0.14350378797060825,,0.5624563952570014,0.08071462328767336
benjamin_lecomte,2,0,GK,Fulham,20,0,0,0,3,0,0,2,0.4,0.0,0.0,0.0,0.0,0.0,0.0,0.0,0.0,0.0,0.0,0.0,0.0,0.0,0.0,0.0,0.0,0.0,0.0,0.0,0.0,0.0,0.0,-1581.6,895.1999999999999,2476.7999999999997,40.0,0.0,Sunderland,0.8,0.0,Leeds,Leeds,1.0,1.8000000000000003,-0.06114298630055681,,0.888888888888889,-0.054349321156050505
benjamin_sesko,2,1,FWD,Man Utd,12,1,0,0,4,0,0,2,1.28,0.0,0.0,3.8,0.0,6.5,0.006,0.022,0.016,0.628,0.6,0.0,1.26,1.32,15.200000000000001,0.0,0.0,0.0,0.0,0.0,0.0,4.8,1.0,9256.8,18332.399999999998,9075.6,70.0,0.0,Ipswich Town,3.0,1.7999999999999998,Arsenal,Arsenal,1.8000000000000003,3.0,2.176893690806687,50210.0,0.8345409604458967,1.8167069515144254
benjamin_white,2,7,DEF,Arsenal,2,0,0,0,5,0,0,3,6.3999999999999995,0.4,1.4,30.4,1.0,22.9,0.114,0.18600000000000003,0.072,0.278,0.0,0.0,5.140000000000001,23.119999999999997,90.0,0.0,0.0,0.0,0.0,0.0,1.0,5.2,8.600000000000001,71931.59999999999,86964.59999999999,15033.0,55.0,0.0,Aston Villa,1.8000000000000003,3.0,Man Utd,Man Utd,3.0,1.7999999999999998,3.9473770572320324,14971.0,2.0,7.894754114464065
benoit_badiashile_mukinayi,2,0,DEF,Chelsea,5,1,0,0,4,0,0,3,0.68,0.0,0.0,0.0,0.0,0.0,0.0,0.0,0.0,0.0,0.0,0.0,0.0,0.0,0.0,0.0,0.0,0.0,0.0,0.0,0.0,0.0,0.0,-340.8,139.2,480.0,45.0,0.0,Brighton,3.6,3.0,Aston Villa,Aston Villa,0.0,0.0,0.3769771557708934,,2.0,0.7539543115417868
bernd_leno,2,3,GK,Fulham,20,0,0,0,3,0,0,2,2.26,0.0,0.0,11.0,0.0,0.0,0.0,0.0,0.0,2.108,1.8000000000000003,0.0,2.34,23.36,90.0,0.0,0.0,0.0,0.0,3.0,1.0,0.0,2.5999999999999996,387.0,7304.4,6917.4,45.0,0.0,Sunderland,0.8,0.0,Leeds,Leeds,1.0,1.8000000000000003,2.433302344201733,14973.0,0.888888888888889,2.1629354170682076
bobby_thomas,2,8,DEF,Coventry City,11,1,0,0,2,0,0,2,3.6999999999999997,0.0,1.2,21.200000000000003,0.6,4.8999999999999995,0.01,0.018000000000000002,0.008,0.86,1.2000000000000002,0.0,2.4800000000000004,19.479999999999997,82.19999999999999,0.0,0.0,0.0,0.0,0.0,1.0,0.4,6.0,8532.6,22866.6,14334.0,40.0,0.0,Hull City,0.0,0.0,Bournemouth,Bournemouth,1.0,0.6,2.5251247401722305,,1.8882084590182253,4.767961894469404
borna_sosa,2,0,DEF,Crystal Palace,15,1,0,0,3,0,0,5,0.68,0.0,0.0,0.0,0.0,0.0,0.0,0.0,0.0,0.0,0.0,0.0,0.0,0.0,0.0,0.0,0.0,0.0,0.0,0.0,0.0,0.0,0.0,-135.6,75.6,211.2,45.0,0.0,Man City,0.6,0.0,Sunderland,Sunderland,1.0,1.7999999999999998,0.3271509679042026,,0.5,0.1635754839521013
boubacar_kamara,2,2,MID,Aston Villa,1,1,0,0,3,0,0,5,1.8,0.0,0.0,11.4,0.0,9.639999999999999,0.018,0.018,0.0,2.132,2.2,0.0,2.06,10.84,90.0,0.0,0.0,0.0,0.0,0.0,1.0,0.0,2.0,-1350.0,1493.3999999999999,2843.4,50.0,0.0,Arsenal,0.0,0.0,Chelsea,Chelsea,3.6,3.0,2.653380284270375,,0.5337727251520737,1.4163020251997822
bradley_burrowes,2,0,MID,Aston Villa,1,1,0,0,3,0,0,5,0.4,0.0,0.0,0.0,0.0,0.0,0.0,0.0,0.0,0.0,0.0,0.0,0.0,0.0,0.0,0.0,0.0,0.0,0.0,0.0,0.0,0.0,0.0,-1953.0,2107.7999999999997,4060.7999999999997,45.0,0.0,Arsenal,0.0,0.0,Chelsea,Chelsea,3.6,3.0,0.25793115534796085,,0.5337727251520737,0.13767661569170395
brandon_austin,2,0,GK,Spurs,17,1,0,0,3,0,0,3,0.4,0.0,0.0,0.0,0.0,0.0,0.0,0.0,0.0,0.0,0.0,0.0,0.0,0.0,0.0,0.0,0.0,0.0,0.0,0.0,0.0,0.0,0.0,-294.0,1927.1999999999998,2221.2,40.0,0.0,Newcastle,0.0,0.0,Liverpool,Liverpool,2.0,1.0,-0.08783365757607742,,0.5,-0.04391682878803871
brandon_thomas_asante,2,1,FWD,Coventry City,11,1,0,0,2,0,0,2,1.46,0.0,0.0,6.6,0.0,1.6400000000000001,0.008,0.008,0.0,1.054,1.8000000000000003,0.0,0.54,2.5599999999999996,46.8,0.0,0.0,0.0,0.0,0.0,0.4,1.2,1.4,4023.6,8756.4,4732.8,50.0,0.0,Hull City,0.0,0.0,Bournemouth,Bournemouth,1.0,0.6,2.3193762091595276,,0.5,1.1596881045797638
brenden_aaronson,2,1,MID,Leeds,4,1,0,0,2,0,0,3,2.0,0.0,0.0,10.0,0.4,0.8,0.01,0.014,0.004,0.562,0.6,0.0,0.8200000000000001,4.5200000000000005,59.4,0.0,0.0,0.0,0.0,0.0,1.0,2.8000000000000003,1.8000000000000003,-3504.0,1555.8,5059.8,55.0,0.0,Brentford,1.0,1.8000000000000003,Fulham,Fulham,0.8,0.0,1.5399101956438723,,1.3734508511032946,2.1149909688297175
brennan_johnson,2,1,MID,Everton,3,0,0,0,3,0,0,3,1.48,0.0,0.0,1.8000000000000003,0.0,0.12,0.0,0.0,0.0,1.064,0.0,0.0,0.22000000000000003,2.3200000000000003,19.200000000000003,0.0,0.0,0.0,0.0,0.0,0.0,0.0,1.0,-1108.8,439.2,1548.0,60.0,0.0,Bournemouth,1.4,1.8000000000000003,Nott'm Forest,Nott'm Forest,1.2,0.6,1.7287568320626805,,1.14717540741883,1.9831873231495916
brian_brobbey,2,2,FWD,Sunderland,10,1,0,0,2,0,0,3,2.0,0.0,0.0,3.4,0.6,2.2800000000000002,0.0,0.13799999999999998,0.13799999999999998,1.024,0.4,0.0,0.8600000000000001,0.0,64.2,0.0,0.0,0.0,0.0,0.0,1.0,7.199999999999999,2.0,-48814.799999999996,22961.399999999998,71776.2,60.0,0.0,Fulham,1.0,1.7999999999999998,Crystal Palace,Crystal Palace,0.6,0.0,2.5697216125569136,,2.0,5.139443225113827
brian_madjo,2,0,FWD,Aston Villa,1,1,0,0,3,0,0,5,0.0,0.0,0.0,0.0,0.0,0.0,0.0,0.0,0.0,0.0,0.0,0.0,0.0,0.0,0.0,0.0,0.0,0.0,0.0,0.0,0.0,0.0,0.0,-4654.2,699.6,5353.8,55.0,0.0,Arsenal,0.0,0.0,Chelsea,Chelsea,3.6,3.0,0.18875292802286903,61014.0,0.8330718127388149,0.15724474390777055
bruno_borges_fernandes,2,23,MID,Man Utd,12,1,0,0,4,0,0,2,9.1,0.6,1.7999999999999998,59.4,0.0,59.66,0.392,1.6360000000000001,1.244,1.6400000000000001,2.0,1.7999999999999998,19.380000000000003,87.52,90.0,0.0,0.0,0.0,0.0,0.0,1.0,46.400000000000006,14.6,-108037.2,29110.8,137148.0,120.0,0.0,Ipswich Town,3.0,1.7999999999999998,Arsenal,Arsenal,1.8000000000000003,3.0,7.044320792253583,14969.0,0.5624563952570014,3.9621232798448944
bruno_guimaraes_rodriguez_moura,2,1,MID,Arsenal,2,0,0,0,5,0,0,3,0.9600000000000001,0.0,0.0,2.4,0.0,0.48,0.006,0.006,0.0,0.0,0.0,0.0,0.24,0.84,11.4,0.0,0.0,0.0,0.0,0.0,0.0,1.2,0.6,-75423.0,510.0,75933.0,69.4,0.0,Aston Villa,1.8000000000000003,3.0,Man Utd,Man Utd,3.0,1.7999999999999998,1.578385277786617,79641.0,0.9613771764907572,1.5174235817730772
bryan_mbeumo,2,11,MID,Man Utd,12,1,0,0,4,0,0,2,5.02,0.6,1.2,27.0,0.0,37.22,0.21800000000000003,1.474,1.256,1.6400000000000001,2.0,0.6,10.92,31.2,90.0,0.0,0.0,0.0,0.0,0.0,1.0,40.6,7.3999999999999995,-82777.8,49335.0,132112.8,80.0,0.6,Ipswich Town,3.0,1.7999999999999998,Arsenal,Arsenal,1.8000000000000003,3.0,5.1902279602910255,79641.0,0.5624563952570014,2.9192769091073894
bukayo_saka,2,11,MID,Arsenal,2,0,0,0,5,0,0,3,7.28,0.0,2.1999999999999997,42.0,1.0,15.240000000000002,0.056,0.69,0.634,0.222,0.0,1.0,9.66,41.72,80.8,0.0,0.0,0.0,0.0,0.0,1.0,39.6,10.2,32209.8,53347.799999999996,21138.0,95.0,0.0,Aston Villa,1.8000000000000003,3.0,Man Utd,Man Utd,3.0,1.7999999999999998,4.9079806871677745,50210.0,0.9613771764907572,4.718420615300521
caleb_yirenkyi,2,3,MID,Coventry City,11,1,0,0,2,0,0,2,1.8,0.0,0.0,11.0,0.6,10.84,0.078,0.096,0.018,0.6360000000000001,1.2000000000000002,0.0,1.92,5.64,66.4,0.0,0.0,0.0,0.0,0.0,1.0,4.2,2.1999999999999997,-946.8,598.1999999999999,1545.0,50.0,0.4,Hull City,0.0,0.0,Bournemouth,Bournemouth,1.0,0.6,2.082622339627344,,0.5,1.041311169813672
callum_hudson_odoi,2,1,MID,Nott'm Forest,14,0,0,0,3,0,0,4,1.1800000000000002,0.0,0.0,1.2,0.0,0.18,0.0,0.0,0.0,0.0,0.0,0.0,0.0,0.0,0.6,0.0,0.0,0.0,0.0,0.0,0.0,0.0,0.6,-2854.7999999999997,435.59999999999997,3290.4,60.0,0.0,Liverpool,1.2,0.6,Everton,Everton,1.4,1.8000000000000003,0.9318733172287522,,0.9780144719578355,0.9113855902810747
callum_olusesi,2,0,MID,Spurs,17,1,0,0,3,0,0,3,0.4,0.0,0.0,0.0,0.0,0.0,0.0,0.0,0.0,0.0,0.0,0.0,0.0,0.0,0.0,0.0,0.0,0.0,0.0,0.0,0.0,0.0,0.0,-4378.8,1208.3999999999999,5587.2,45.0,0.0,Newcastle,0.0,0.0,Liverpool,Liverpool,2.0,1.0,0.20217784818257112,,0.6492992224190566,0.1312739196153015
callum_wilson,2,1,FWD,Brentford,13,0,0,0,3,0,0,2,1.32,0.0,0.0,3.4,0.0,4.18,0.016,0.052000000000000005,0.036000000000000004,0.028000000000000004,0.0,0.0,1.1400000000000001,0.8800000000000001,4.0,0.0,0.0,0.0,0.0,0.0,0.0,6.2,1.0,-274.2,2610.6,2884.7999999999997,55.0,0.0,Leeds,1.8000000000000003,1.8000000000000003,Newcastle,Newcastle,2.0,2.1999999999999997,1.303553222044086,,0.5,0.651776611022043
calvin_bassey,2,2,DEF,Fulham,20,0,0,0,3,0,0,2,1.28,0.0,0.0,8.2,0.0,3.08,0.014,0.022,0.008,2.108,1.8000000000000003,0.0,2.12,17.16,90.0,0.0,0.0,0.0,0.0,0.0,1.0,0.8,1.2,492.59999999999997,4117.8,3625.2,45.0,0.4,Sunderland,0.8,0.0,Leeds,Leeds,1.0,1.8000000000000003,2.133512747336501,,1.1898796390075914,2.5386233776188507
calvin_ramsay,2,0,DEF,Liverpool,18,1,0,0,4,0,0,3,0.4,0.0,0.0,0.0,0.0,0.0,0.0,0.0,0.0,0.0,0.0,0.0,0.0,0.0,0.0,0.0,0.0,0.0,0.0,0.0,0.0,0.0,0.0,-1868.3999999999999,382.8,2251.2,40.0,0.0,Nott'm Forest,2.0,1.0,Spurs,Spurs,0.0,0.0,0.08312422456272284,,1.666587621079056,0.13853380366802948
cameron_humphreys,2,0,MID,Ipswich Town,16,0,0,0,2,0,0,4,0.4,0.0,0.0,0.0,0.0,0.0,0.0,0.0,0.0,0.0,0.0,0.0,0.0,0.0,0.0,0.0,0.0,0.0,0.0,0.0,0.0,0.0,0.0,565.1999999999999,765.0,199.79999999999998,45.0,0.0,Man Utd,2.0,1.2000000000000002,Brighton,Brighton,3.4,1.2000000000000002,0.2073824306210157,,0.9251338906569119,0.19185651489430733
caoimhin_kelleher,2,2,GK,Brentford,13,0,0,0,3,0,0,2,3.7399999999999998,0.0,0.0,17.8,0.4,0.0,0.004,0.004,0.0,1.104,0.6,0.0,1.7800000000000002,18.2,90.0,0.0,0.0,0.0,0.0,2.2,1.0,0.0,4.0,32706.0,44660.4,11954.4,50.0,0.0,Leeds,1.8000000000000003,1.8000000000000003,Newcastle,Newcastle,2.0,2.1999999999999997,3.5964175003686067,14970.0,1.2,4.315701000442328
carl_rushworth,2,2,GK,Coventry City,11,1,0,0,2,0,0,2,1.66,0.0,0.0,6.0,0.0,0.0,0.004,0.004,0.0,1.184,1.8000000000000003,0.0,1.22,12.04,90.0,0.0,0.0,0.0,0.0,1.4,1.0,0.0,1.6,4355.4,7158.599999999999,2803.2,45.0,0.0,Hull City,0.0,0.0,Bournemouth,Bournemouth,1.0,0.6,2.8813701547325974,14971.0,0.7999999999999999,2.3050961237860776
carlos_alcaraz_duran,2,0,MID,Everton,3,0,0,0,3,0,0,3,0.9000000000000001,0.0,0.0,1.6000000000000003,0.0,0.42,0.012,0.038,0.026,0.016,0.0,0.0,1.1800000000000002,2.0,2.8,0.0,0.0,0.0,0.0,0.0,0.0,11.600000000000001,0.4,-231.0,451.8,682.8,50.0,0.6,Bournemouth,1.4,1.8000000000000003,Nott'm Forest,Nott'm Forest,1.2,0.6,0.9903584241989244,,1.14717540741883,1.1361148287710716
carlos_baleba,2,0,MID,Man Utd,12,1,0,0,4,0,0,2,0.0,0.0,0.0,0.0,0.0,0.0,0.0,0.0,0.0,0.0,0.0,0.0,0.0,0.0,0.0,0.0,0.0,0.0,0.0,0.0,0.0,0.0,0.0,-1258.2,1394.3999999999999,2652.6,50.0,0.0,Ipswich Town,3.0,1.7999999999999998,Arsenal,Arsenal,1.8000000000000003,3.0,0.2259848377382656,,0.5624563952570014,0.12710661721700325
cathal_mccarthy,2,0,DEF,Hull City,7,0,0,0,2,0,0,2,0.4,0.0,0.0,0.0,0.0,0.0,0.0,0.0,0.0,0.0,0.0,0.0,0.0,0.0,0.0,0.0,0.0,0.0,0.0,0.0,0.0,0.0,0.0,-170.4,405.0,575.4,40.0,0.0,Coventry City,1.4,3.0,Man City,Man City,3.2,3.0,0.36767188489087577,,1.1535231286585013,0.42411802297909135
cedric_kipre,2,0,DEF,Ipswich Town,16,0,0,0,2,0,0,4,0.4,0.0,0.0,0.0,0.0,0.0,0.0,0.0,0.0,0.0,0.0,0.0,0.0,0.0,0.0,0.0,0.0,0.0,0.0,0.0,0.0,0.0,0.0,-2769.0,199.2,2968.2,40.0,0.0,Man Utd,2.0,1.2000000000000002,Brighton,Brighton,3.4,1.2000000000000002,0.32186484192559695,,0.5,0.16093242096279847
cesar_palacios,2,1,MID,Fulham,20,0,0,0,3,0,0,2,1.7,0.0,0.0,7.6,0.0,3.7,0.004,0.08,0.076,1.8559999999999999,1.8000000000000003,0.0,1.1400000000000001,2.92,73.8,0.0,0.0,0.0,0.0,0.0,1.0,5.0,1.4,-524.4,546.0,1070.3999999999999,55.0,0.6,Sunderland,0.8,0.0,Leeds,Leeds,1.0,1.8000000000000003,2.160200759785583,,0.5246172912441401,1.133278671142246
chadi_riad_dnanou,2,0,DEF,Crystal Palace,15,1,0,0,3,0,0,5,0.68,0.0,0.0,2.8000000000000003,0.0,0.52,0.004,0.004,0.0,0.392,0.8,0.0,0.5599999999999999,5.04,28.8,0.0,0.0,0.0,0.0,0.0,0.4,0.0,0.4,-1513.8,192.0,1705.8,45.0,0.0,Man City,0.6,0.0,Sunderland,Sunderland,1.0,1.7999999999999998,0.8557382862389866,,0.5,0.4278691431194933
charalampos_kostoulas,2,5,FWD,Brighton,6,0,0,0,3,0,0,4,2.52,0.6,0.0,9.799999999999999,0.0,9.219999999999999,0.012,0.186,0.174,1.774,2.4,0.0,2.58,3.0,57.8,0.0,0.0,0.0,0.0,0.0,0.6,14.2,3.4,-460.2,830.4,1290.6,55.0,0.0,Chelsea,3.4,1.2000000000000002,Ipswich Town,Ipswich Town,2.0,1.2000000000000002,2.46906342665846,,1.4177746472228794,3.500575528701612
charlie_hughes,2,0,DEF,Hull City,7,0,0,0,2,0,0,2,0.0,0.0,0.0,0.0,0.0,0.0,0.0,0.0,0.0,0.0,0.0,0.0,0.0,0.0,0.0,0.0,0.0,0.0,0.0,0.0,0.0,0.0,0.0,-1332.6,59.4,1392.0,40.0,0.0,Coventry City,1.4,3.0,Man City,Man City,3.2,3.0,0.32035493139238014,,1.1535231286585013,0.36953682274091787
cheick_doucoure,2,0,MID,Crystal Palace,15,1,0,0,3,0,0,5,0.6000000000000001,0.0,0.0,0.0,0.0,0.0,0.0,0.0,0.0,0.0,0.0,0.0,0.0,0.0,0.0,0.0,0.0,0.0,0.0,0.0,0.0,0.0,0.0,-486.59999999999997,148.79999999999998,635.4,50.0,0.0,Man City,0.6,0.0,Sunderland,Sunderland,1.0,1.7999999999999998,0.30049618922523735,,0.5924448878848673,0.1780274311353756
chemsdine_talbi,2,0,MID,Sunderland,10,1,0,0,2,0,0,3,1.1,0.0,0.0,0.4,0.0,0.36000000000000004,0.0,0.0,0.0,0.05600000000000001,0.4,0.0,0.0,0.0,12.4,0.0,0.0,0.0,0.0,0.0,0.0,0.0,0.4,-1536.0,170.4,1706.3999999999999,55.0,0.0,Fulham,1.0,1.7999999999999998,Crystal Palace,Crystal Palace,0.6,0.0,1.0931101227108981,,1.6995687171114577,1.8578157689173094
chido_obi,2,0,FWD,Man Utd,12,1,0,0,4,0,0,2,0.4,0.0,0.0,0.0,0.0,0.0,0.0,0.0,0.0,0.0,0.0,0.0,0.0,0.0,0.0,0.0,0.0,0.0,0.0,0.0,0.0,0.0,0.0,-3151.7999999999997,3789.6,6941.4,45.0,0.0,Ipswich Town,3.0,1.7999999999999998,Arsenal,Arsenal,1.8000000000000003,3.0,0.19276555925108285,,0.8345409604458967,0.1608707549582891
chiedozie_ogbene,2,0,MID,Ipswich Town,16,0,0,0,2,0,0,4,0.6000000000000001,0.0,0.0,0.0,0.0,0.0,0.0,0.0,0.0,0.0,0.0,0.0,0.0,0.0,0.0,0.0,0.0,0.0,0.0,0.0,0.0,0.0,0.0,-123.6,22.2,145.79999999999998,50.0,0.0,Man Utd,2.0,1.2000000000000002,Brighton,Brighton,3.4,1.2000000000000002,0.34653387327291885,,0.9251338906569119,0.32059023042538465
chris_richards,2,0,DEF,Crystal Palace,15,1,0,0,3,0,0,5,1.78,0.0,0.0,2.8000000000000003,0.0,0.33999999999999997,0.0,0.024,0.024,1.774,3.2,0.0,3.6399999999999997,26.040000000000003,90.0,0.0,0.0,0.0,0.0,0.0,1.0,10.2,1.2000000000000002,-1347.6,2524.7999999999997,3872.3999999999996,50.0,0.0,Man City,0.6,0.0,Sunderland,Sunderland,1.0,1.7999999999999998,3.030662542358951,14970.0,0.5,1.5153312711794755
chris_rigg,2,1,MID,Sunderland,10,1,0,0,2,0,0,3,1.2000000000000002,0.0,0.0,3.0,0.0,0.12,0.0,0.0,0.0,0.24400000000000002,0.4,0.0,0.0,0.0,8.2,0.0,0.0,0.0,0.0,0.0,0.0,0.0,1.0,-312.59999999999997,59.4,372.0,50.0,0.0,Fulham,1.0,1.7999999999999998,Crystal Palace,Crystal Palace,0.6,0.0,1.1148881765964525,,1.6995687171114577,1.8948290680207651
chris_wood,2,0,FWD,Nott'm Forest,14,0,0,0,3,0,0,4,1.1,0.0,0.0,1.2000000000000002,0.0,0.96,0.004,0.052000000000000005,0.048,0.08800000000000001,0.4,0.0,0.16000000000000003,0.0,11.200000000000001,0.0,0.0,0.0,0.0,0.0,0.0,1.2000000000000002,0.4,-14869.199999999999,2741.4,17610.6,60.0,0.0,Liverpool,1.2,0.6,Everton,Everton,1.4,1.8000000000000003,1.265432654929588,,0.5,0.632716327464794
christantus_uche,2,0,FWD,Crystal Palace,15,1,0,0,3,0,0,5,0.0,0.0,0.0,0.0,0.0,0.0,0.0,0.0,0.0,0.0,0.0,0.0,0.0,0.0,0.0,0.0,0.0,0.0,0.0,0.0,0.0,0.0,0.0,0.0,0.0,0.0,50.0,0.0,Man City,0.6,0.0,Sunderland,Sunderland,1.0,1.7999999999999998,0.17257076614617417,,0.6975933120050559,0.12038421231115962
christian_norgaard,2,0,MID,Everton,3,0,0,0,3,0,0,3,0.0,0.0,0.0,0.0,0.0,0.0,0.0,0.0,0.0,0.0,0.0,0.0,0.0,0.0,0.0,0.0,0.0,0.0,0.0,0.0,0.0,0.0,0.0,-1658.3999999999999,61.199999999999996,1719.6,50.0,0.0,Bournemouth,1.4,1.8000000000000003,Nott'm Forest,Nott'm Forest,1.2,0.6,0.23244292240063302,,1.14717540741883,0.26665280420656967
christian_walton,2,0,GK,Ipswich Town,16,0,0,0,2,0,0,4,0.76,0.0,0.0,0.0,0.0,0.0,0.0,0.0,0.0,0.0,0.0,0.0,0.0,0.0,0.0,0.0,0.0,0.0,0.0,0.0,0.0,0.0,0.0,-2617.7999999999997,125.39999999999999,2743.2,45.0,0.0,Man Utd,2.0,1.2000000000000002,Brighton,Brighton,3.4,1.2000000000000002,0.4839613933055147,,0.5333333333333333,0.2581127430962745
christos_tzolis,2,0,MID,Arsenal,2,0,0,0,5,0,0,3,2.7199999999999998,0.4,0.0,12.6,0.4,23.0,0.062000000000000006,0.138,0.07600000000000001,0.08399999999999999,0.0,0.0,4.4399999999999995,6.800000000000001,57.0,0.0,0.0,0.0,0.0,0.0,1.0,14.4,2.4000000000000004,108592.2,142012.19999999998,33420.0,65.0,0.6,Aston Villa,1.8000000000000003,3.0,Man Utd,Man Utd,3.0,1.7999999999999998,2.3229337830485823,14971.0,0.9613771764907572,2.233215521522239
chuba_akpom,2,5,FWD,Ipswich Town,16,0,0,0,2,0,0,4,2.36,0.0,0.0,19.2,0.0,1.02,0.0,0.582,0.582,2.4179999999999997,2.4,0.6,3.24,20.48,36.6,0.0,0.0,0.0,0.0,0.0,0.0,11.0,3.4,-975.0,2775.0,3750.0,50.0,0.0,Man Utd,2.0,1.2000000000000002,Brighton,Brighton,3.4,1.2000000000000002,2.16408008517638,,2.0,4.32816017035276
claudio_echeverri,2,0,MID,Man City,8,0,0,0,5,0,0,3,0.6000000000000001,0.0,0.0,0.0,0.0,0.0,0.0,0.0,0.0,0.0,0.0,0.0,0.0,0.0,0.0,0.0,0.0,0.0,0.0,0.0,0.0,0.0,0.0,-122.39999999999999,55.8,178.2,50.0,0.0,Crystal Palace,3.2,3.0,Hull City,Hull City,1.4,3.0,0.26759066097852324,,0.7159827077538236,0.19159028601703848
cody_drameh,2,1,DEF,Hull City,7,0,0,0,2,0,0,2,1.0,0.0,0.0,4.0,0.0,0.24,0.0,0.020000000000000004,0.020000000000000004,0.388,0.0,0.0,0.42,3.4000000000000004,35.0,0.0,0.0,0.0,0.0,0.0,0.0,0.4,1.0,417.0,664.8,247.79999999999998,40.0,0.0,Coventry City,1.4,3.0,Man City,Man City,3.2,3.0,1.9298602287105306,,1.1535231286585013,2.2261384088957823
cody_gakpo,2,5,MID,Liverpool,18,1,0,0,4,0,0,3,6.1,0.6,1.2000000000000002,25.8,0.0,30.28,0.45,0.5700000000000001,0.12,1.97,2.0,0.4,8.02,31.520000000000003,78.0,0.0,0.0,0.0,0.0,0.0,1.0,18.4,7.800000000000001,106771.8,123422.4,16650.6,70.0,0.0,Nott'm Forest,2.0,1.0,Spurs,Spurs,0.0,0.0,4.375329392418385,14974.0,1.6380907773744013,7.167186725695699
cole_palmer,2,7,MID,Chelsea,5,1,0,0,4,0,0,3,7.28,0.4,1.2000000000000002,40.8,0.0,31.7,0.15400000000000003,0.6619999999999999,0.508,1.342,2.5999999999999996,1.0,11.96,50.56,86.80000000000001,0.0,0.0,0.0,0.0,0.0,1.0,37.2,9.4,206947.19999999998,226123.19999999998,19176.0,95.0,0.0,Brighton,3.6,3.0,Aston Villa,Aston Villa,0.0,0.0,5.1384564941331945,15210.0,2.0,10.276912988266389
conor_bradley,2,0,DEF,Liverpool,18,1,0,0,4,0,0,3,0.0,0.0,0.0,0.0,0.0,0.0,0.0,0.0,0.0,0.0,0.0,0.0,0.0,0.0,0.0,0.0,0.0,0.0,0.0,0.0,0.0,0.0,0.0,-84.0,47.4,131.4,50.0,0.0,Nott'm Forest,2.0,1.0,Spurs,Spurs,0.0,0.0,0.38891910398380647,,1.666587621079056,0.64816776430057
conor_gallagher,2,0,MID,Spurs,17,1,0,0,3,0,0,3,0.8,0.0,0.0,0.4,0.0,2.2,0.024,0.032,0.008,0.68,0.8,0.0,0.2,0.0,18.0,0.0,0.0,0.0,0.0,0.0,0.4,0.4,0.0,-2063.4,724.8,2788.2,55.0,0.4,Newcastle,0.0,0.0,Liverpool,Liverpool,2.0,1.0,0.49893401944056137,,0.6492992224190566,0.32395747086117094
cristhian_mosquera,2,6,DEF,Arsenal,2,0,0,0,5,0,0,3,4.6,0.0,0.0,25.8,1.0,1.08,0.006,0.006,0.0,0.278,0.0,0.0,1.32,11.879999999999999,82.8,0.0,0.0,0.0,0.0,0.0,1.0,0.0,6.0,-18323.399999999998,9246.0,27569.399999999998,55.0,0.0,Aston Villa,1.8000000000000003,3.0,Man Utd,Man Utd,3.0,1.7999999999999998,3.175745479408464,14969.0,2.0,6.351490958816928
cristian_romero,2,0,DEF,Spurs,17,1,0,0,3,0,0,3,0.0,0.0,0.0,0.0,0.0,0.0,0.0,0.0,0.0,0.0,0.0,0.0,0.0,0.0,0.0,0.0,0.0,0.0,0.0,0.0,0.0,0.0,0.0,-6467.4,0.0,6467.4,50.0,0.0,Newcastle,0.0,0.0,Liverpool,Liverpool,2.0,1.0,0.4635067833674362,,0.6592857121295471,0.3055833997492759
curtis_jones,2,0,MID,Liverpool,18,1,0,0,4,0,0,3,0.6000000000000001,0.0,0.0,0.0,0.0,0.0,0.0,0.0,0.0,0.0,0.0,0.0,0.0,0.0,0.0,0.0,0.0,0.0,0.0,0.0,0.0,0.0,0.0,-657.0,19.8,676.8,55.0,0.0,Nott'm Forest,2.0,1.0,Spurs,Spurs,0.0,0.0,0.3571928553429995,,1.6380907773744013,0.5851143220813961
daichi_kamada,2,2,MID,Crystal Palace,15,1,0,0,3,0,0,5,2.1,0.0,0.0,22.6,0.0,13.4,0.12000000000000001,0.15000000000000002,0.03,1.774,3.2,0.0,3.62,18.72,90.0,0.0,0.0,0.0,0.0,0.0,1.0,4.2,2.4000000000000004,-690.0,1166.3999999999999,1856.3999999999999,50.0,0.4,Man City,0.6,0.0,Sunderland,Sunderland,1.0,1.7999999999999998,2.951622181769147,,0.5924448878848673,1.7486734725567095
daizen_maeda,2,2,MID,Ipswich Town,16,0,0,0,2,0,0,4,2.0,0.0,0.0,8.8,0.0,1.4,0.006,0.286,0.27999999999999997,2.598,2.8,0.0,2.52,9.84,74.8,0.0,0.0,0.0,0.0,0.0,1.0,14.200000000000001,2.0,-1981.1999999999998,444.0,2425.2,55.0,0.0,Man Utd,2.0,1.2000000000000002,Brighton,Brighton,3.4,1.2000000000000002,2.4555551277099887,,0.9251338906569119,2.271717269020872
dan_bentley,2,0,GK,Coventry City,11,1,0,0,2,0,0,2,1.0,0.0,0.0,0.0,0.0,0.0,0.0,0.0,0.0,0.0,0.0,0.0,0.0,0.0,0.0,0.0,0.0,0.0,0.0,0.0,0.0,0.0,0.0,0.0,0.0,0.0,40.0,0.0,Hull City,0.0,0.0,Bournemouth,Bournemouth,1.0,0.6,-0.2604478785385653,,0.7999999999999999,-0.20835830283085224
dan_burn,2,0,DEF,Newcastle,19,0,0,0,3,0,0,3,0.8800000000000001,0.0,0.0,0.0,0.0,0.0,0.0,0.0,0.0,0.0,0.0,0.0,0.0,0.0,0.0,0.0,0.0,0.0,0.0,0.0,0.0,0.0,0.0,-41438.4,3748.2,45186.6,50.0,0.0,Spurs,2.0,2.1999999999999997,Brentford,Brentford,1.8000000000000003,1.8000000000000003,0.6635445251590533,,1.8956784806584177,1.2578670773027254
dan_ndoye,2,9,MID,Nott'm Forest,14,0,0,0,3,0,0,4,4.3999999999999995,0.0,1.2,20.0,0.4,14.799999999999999,0.378,0.588,0.21,0.952,0.6,0.6,5.86,22.039999999999996,63.400000000000006,0.0,0.0,0.0,0.0,0.0,1.0,21.599999999999998,6.6,-2262.6,894.6,3157.2,55.0,0.0,Liverpool,1.2,0.6,Everton,Everton,1.4,1.8000000000000003,3.1203576871682364,,0.9780144719578355,3.0517549757354154
dane_scarlett,2,0,FWD,Spurs,17,1,0,0,3,0,0,3,0.4,0.0,0.0,0.0,0.0,0.0,0.0,0.0,0.0,0.0,0.0,0.0,0.0,0.0,0.0,0.0,0.0,0.0,0.0,0.0,0.0,0.0,0.0,-2397.6,7910.4,10308.0,45.0,0.0,Newcastle,0.0,0.0,Liverpool,Liverpool,2.0,1.0,0.013645128797494799,,0.5,0.006822564398747399
dango_ouattara,2,1,MID,Brentford,13,0,0,0,3,0,0,2,2.12,0.0,0.0,12.0,0.4,21.619999999999997,0.16399999999999998,0.196,0.032,1.004,0.6,0.0,3.86,9.64,43.8,0.0,0.0,0.0,0.0,0.0,0.4,7.2,1.8000000000000003,-2162.4,4408.8,6571.2,65.0,0.0,Leeds,1.8000000000000003,1.8000000000000003,Newcastle,Newcastle,2.0,2.1999999999999997,2.6786436786860186,14969.0,1.3398293368431589,3.5889253836530077
daniel_ballard,2,8,DEF,Sunderland,10,1,0,0,2,0,0,3,3.2800000000000002,0.0,0.0,17.8,0.6,1.2,0.004,0.022,0.018,1.29,0.8,0.0,2.6799999999999997,21.44,90.0,0.0,0.0,0.0,0.0,0.0,1.0,4.2,4.8,-22143.6,7678.799999999999,29822.399999999998,50.0,0.4,Fulham,1.0,1.7999999999999998,Crystal Palace,Crystal Palace,0.6,0.0,3.217420853839709,14974.0,2.0,6.434841707679418
daniel_james,2,1,MID,Leeds,4,1,0,0,2,0,0,3,0.9000000000000001,0.0,0.0,1.2,0.0,0.66,0.006,0.15,0.144,0.558,0.0,0.0,0.66,0.0,13.2,0.0,0.0,0.0,0.0,0.0,0.0,7.199999999999999,0.6,-523.8,517.8,1041.6,50.0,0.0,Brentford,1.0,1.8000000000000003,Fulham,Fulham,0.8,0.0,1.2325201864783306,,1.3734508511032946,1.6928058991206545
daniel_jebbison,2,0,FWD,Bournemouth,9,1,0,0,3,0,0,3,0.8599999999999999,0.0,0.0,2.4000000000000004,0.0,0.32000000000000006,0.0,0.04000000000000001,0.04000000000000001,0.124,0.8,0.0,0.8400000000000001,1.36,6.0,0.0,0.0,0.0,0.0,0.0,0.0,6.800000000000001,0.4,1233.6,1486.2,252.6,50.0,0.0,Everton,1.0,0.6,Coventry City,Coventry City,0.0,0.0,0.701953389755698,,0.8555617197365379,0.6005644493142772
daniel_munoz_mejia,2,0,DEF,Crystal Palace,15,1,0,0,3,0,0,5,1.0,0.0,0.0,-1.6,0.0,0.7200000000000001,0.004,0.096,0.09200000000000001,0.336,0.8,0.0,0.96,0.48,21.6,0.0,0.0,0.0,0.0,0.0,0.4,8.4,0.0,-65868.59999999999,9387.0,75255.59999999999,55.0,0.0,Man City,0.6,0.0,Sunderland,Sunderland,1.0,1.7999999999999998,1.013484276400582,14969.0,0.5,0.506742138200291
danny_welbeck,2,0,FWD,Chelsea,5,1,0,0,4,0,0,3,0.6000000000000001,0.0,0.0,0.0,0.0,0.0,0.0,0.0,0.0,0.0,0.0,0.0,0.0,0.0,0.0,0.0,0.0,0.0,0.0,0.0,0.0,0.0,0.0,-11573.4,1881.6,13455.0,60.0,0.0,Brighton,3.6,3.0,Aston Villa,Aston Villa,0.0,0.0,0.41082831255622665,,1.4625052156953289,0.6008385498687923
dara_o'shea,2,0,DEF,Ipswich Town,16,0,0,0,2,0,0,4,1.6,0.0,0.0,-2.0,0.0,10.280000000000001,0.07,0.112,0.042,3.1259999999999994,3.4,0.0,3.54,19.200000000000003,90.0,0.0,0.0,0.0,0.0,0.0,1.0,6.199999999999999,1.6,993.0,9383.4,8390.4,40.0,0.0,Man Utd,2.0,1.2000000000000002,Brighton,Brighton,3.4,1.2000000000000002,2.530415986074669,,0.5,1.2652079930373346
dario_luis_essugo,2,0,MID,Chelsea,5,1,0,0,4,0,0,3,0.4,0.0,0.0,0.0,0.0,0.0,0.0,0.0,0.0,0.0,0.0,0.0,0.0,0.0,0.0,0.0,0.0,0.0,0.0,0.0,0.0,0.0,0.0,-981.0,751.1999999999999,1732.2,45.0,0.0,Brighton,3.6,3.0,Aston Villa,Aston Villa,0.0,0.0,0.06784818573793916,,2.0,0.13569637147587832
darko_gyabi,2,0,MID,Hull City,7,0,0,0,2,0,0,2,0.0,0.0,0.0,0.0,0.0,0.0,0.0,0.0,0.0,0.0,0.0,0.0,0.0,0.0,0.0,0.0,0.0,0.0,0.0,0.0,0.0,0.0,0.0,-277.2,38.4,315.59999999999997,45.0,0.0,Coventry City,1.4,3.0,Man City,Man City,3.2,3.0,0.1829916603556898,,0.6851315495216126,0.12537335980902642
darnell_furlong,2,1,DEF,Ipswich Town,16,0,0,0,2,0,0,4,0.7,0.0,0.0,-0.6,0.0,0.3,0.0,0.0,0.0,0.516,0.6,0.0,0.36,3.0,10.2,0.0,0.0,0.0,0.0,0.0,0.0,0.0,0.6,-2488.2,161.4,2649.6,40.0,0.0,Man Utd,2.0,1.2000000000000002,Brighton,Brighton,3.4,1.2000000000000002,0.9065619776124921,,0.5,0.45328098880624607
david_akintola,2,0,MID,Hull City,7,0,0,0,2,0,0,2,0.6000000000000001,0.0,0.0,0.0,0.0,0.0,0.0,0.0,0.0,0.0,0.0,0.0,0.0,0.0,0.0,0.0,0.0,0.0,0.0,0.0,0.0,0.0,0.0,-15.6,548.4,564.0,50.0,0.0,Coventry City,1.4,3.0,Man City,Man City,3.2,3.0,0.35992336493042343,,0.6851315495216126,0.24659485272381385
david_brooks,2,1,MID,Bournemouth,9,1,0,0,3,0,0,3,0.74,0.0,0.0,1.7999999999999998,0.0,0.96,0.006,0.006,0.0,0.096,0.6,0.0,0.06,0.0,5.3999999999999995,0.0,0.0,0.0,0.0,0.0,0.0,0.0,0.6,-55.8,361.2,417.0,50.0,0.0,Everton,1.0,0.6,Coventry City,Coventry City,0.0,0.0,0.7602403394110806,,1.197570608711334,0.910441486035439
david_button,2,0,GK,Ipswich Town,16,0,0,0,2,0,0,4,0.4,0.0,0.0,0.0,0.0,0.0,0.0,0.0,0.0,0.0,0.0,0.0,0.0,0.0,0.0,0.0,0.0,0.0,0.0,0.0,0.0,0.0,0.0,84.0,1175.3999999999999,1091.3999999999999,40.0,0.0,Man Utd,2.0,1.2000000000000002,Brighton,Brighton,3.4,1.2000000000000002,0.3437969668591878,,0.5333333333333333,0.18335838232490018
david_raya_martin,2,6,GK,Arsenal,2,0,0,0,5,0,0,3,5.199999999999999,0.0,0.0,22.200000000000003,1.0,0.0,0.0,0.0,0.0,0.278,0.0,0.0,0.84,8.08,90.0,0.0,0.0,0.0,0.0,0.4,1.0,0.0,6.0,14853.599999999999,64040.399999999994,49186.799999999996,60.0,0.0,Aston Villa,1.8000000000000003,3.0,Man Utd,Man Utd,3.0,1.7999999999999998,4.1886849703059355,14972.0,2.0,8.377369940611871
dayann_methalie,2,0,DEF,Sunderland,10,1,0,0,2,0,0,3,0.0,0.0,0.0,0.0,0.0,0.0,0.0,0.0,0.0,0.0,0.0,0.0,0.0,0.0,0.0,0.0,0.0,0.0,0.0,0.0,0.0,0.0,0.0,68.0,95.0,27.0,45.0,0.0,Fulham,1.0,1.7999999999999998,Crystal Palace,Crystal Palace,0.6,0.0,0.2503493368768419,,2.0,0.5006986737536838
dean_henderson,2,1,GK,Crystal Palace,15,1,0,0,3,0,0,5,1.7,0.0,0.0,8.0,0.0,0.0,0.0,0.0,0.0,1.774,3.2,0.0,2.92,29.4,90.0,0.0,0.0,0.0,0.0,3.6,1.0,0.0,1.4,-4722.0,3542.4,8264.4,50.0,0.0,Man City,0.6,0.0,Sunderland,Sunderland,1.0,1.7999999999999998,2.633650160598786,15210.0,0.6666666666666666,1.755766773732524
declan_rice,2,5,MID,Arsenal,2,0,0,0,5,0,0,3,3.44,0.0,0.0,15.4,1.0,19.119999999999997,0.092,0.12,0.028000000000000004,0.222,0.0,0.0,3.72,17.119999999999997,77.2,0.0,0.0,0.0,0.0,0.0,1.0,0.8,4.2,-73341.0,21292.2,94633.2,75.0,0.0,Aston Villa,1.8000000000000003,3.0,Man Utd,Man Utd,3.0,1.7999999999999998,4.027723386682436,15210.0,0.9613771764907572,3.8721613371745507
dejan_kulusevski,2,0,MID,Spurs,17,1,0,0,3,0,0,3,0.0,0.0,0.0,0.0,0.0,0.0,0.0,0.0,0.0,0.0,0.0,0.0,0.0,0.0,0.0,0.0,0.0,0.0,0.0,0.0,0.0,0.0,0.0,-99.6,45.0,144.6,65.0,0.0,Newcastle,0.0,0.0,Liverpool,Liverpool,2.0,1.0,0.6454428330216921,,0.6492992224190566,0.4190855295969377
destiny_udogie,2,1,DEF,Spurs,17,1,0,0,3,0,0,3,1.28,0.0,0.0,2.4000000000000004,0.0,7.18,0.122,0.122,0.0,0.32,0.6,0.0,1.14,3.12,14.799999999999999,0.0,0.0,0.0,0.0,0.0,0.0,1.2,1.0,-1804.2,1011.0,2815.2,45.0,0.0,Newcastle,0.0,0.0,Liverpool,Liverpool,2.0,1.0,1.5965406543467937,,0.6592857121295471,1.052576442244799
diego_coppola,2,0,DEF,Brighton,6,0,0,0,3,0,0,4,0.68,0.0,0.0,0.0,0.0,0.0,0.0,0.0,0.0,0.0,0.0,0.0,0.0,0.0,0.0,0.0,0.0,0.0,0.0,0.0,0.0,0.0,0.0,-19.8,114.6,134.4,45.0,0.0,Chelsea,3.4,1.2000000000000002,Ipswich Town,Ipswich Town,2.0,1.2000000000000002,0.471213557729689,,1.0905779983260113,0.5138951385729226
diego_gomez_amarilla,2,5,MID,Brighton,6,0,0,0,3,0,0,4,3.9,1.0,0.0,19.8,0.4,22.22,0.29400000000000004,0.5940000000000001,0.3,1.874,2.4,0.0,7.98,15.96,88.0,0.0,0.0,0.0,0.0,0.0,1.0,41.6,5.4,4248.0,14371.199999999999,10123.199999999999,50.0,0.0,Chelsea,3.4,1.2000000000000002,Ipswich Town,Ipswich Town,2.0,1.2000000000000002,4.3218019239976435,14972.0,2.0,8.643603847995287
dilane_bakwa,2,0,MID,Nott'm Forest,14,0,0,0,3,0,0,4,0.8,0.0,0.0,0.0,0.0,0.0,0.0,0.0,0.0,0.0,0.0,0.0,0.0,0.0,0.0,0.0,0.0,0.0,0.0,0.0,0.0,0.0,0.0,-178.79999999999998,64.2,243.0,55.0,0.0,Liverpool,1.2,0.6,Everton,Everton,1.4,1.8000000000000003,0.4406909719472598,,0.9780144719578355,0.43100214822558464
dillon_phillips,2,0,GK,Hull City,7,0,0,0,2,0,0,2,0.4,0.0,0.0,0.0,0.0,0.0,0.0,0.0,0.0,0.0,0.0,0.0,0.0,0.0,0.0,0.0,0.0,0.0,0.0,0.0,0.0,0.0,0.0,-2387.4,1869.0,4256.4,40.0,0.0,Coventry City,1.4,3.0,Man City,Man City,3.2,3.0,0.7186708410535946,,2.0,1.4373416821071892
diogo_dalot_teixeira,2,2,DEF,Man Utd,12,1,0,0,4,0,0,2,1.78,0.0,0.0,9.6,0.0,29.84,0.072,0.162,0.09,0.636,0.6,0.0,6.279999999999999,12.879999999999999,47.8,0.0,0.0,0.0,0.0,0.0,0.6,19.8,1.6,-15265.199999999999,4914.0,20179.2,50.0,0.0,Ipswich Town,3.0,1.7999999999999998,Arsenal,Arsenal,1.8000000000000003,3.0,2.435546702898023,,0.5,1.2177733514490114
divine_mukasa,2,0,MID,Man City,8,0,0,0,5,0,0,3,0.4,0.0,0.0,0.0,0.0,0.0,0.0,0.0,0.0,0.0,0.0,0.0,0.0,0.0,0.0,0.0,0.0,0.0,0.0,0.0,0.0,0.0,0.0,-935.4,556.1999999999999,1491.6,45.0,0.0,Crystal Palace,3.2,3.0,Hull City,Hull City,1.4,3.0,0.12843921832662009,,0.7159827077538236,0.09196025931927797
djed_spence,2,0,DEF,Spurs,17,1,0,0,3,0,0,3,0.0,0.0,0.0,0.0,0.0,0.0,0.0,0.0,0.0,0.0,0.0,0.0,0.0,0.0,0.0,0.0,0.0,0.0,0.0,0.0,0.0,0.0,0.0,-27469.2,0.0,27469.2,45.0,0.0,Newcastle,0.0,0.0,Liverpool,Liverpool,2.0,1.0,0.2869508669076466,,0.6592857121295471,0.18918260663539868
djiamgone_jocelin_ta_bi,2,0,MID,Sunderland,10,1,0,0,2,0,0,3,0.6000000000000001,0.0,0.0,0.0,0.0,0.0,0.0,0.0,0.0,0.0,0.0,0.0,0.0,0.0,0.0,0.0,0.0,0.0,0.0,0.0,0.0,0.0,0.0,-30.0,30.599999999999998,60.599999999999994,50.0,0.0,Fulham,1.0,1.7999999999999998,Crystal Palace,Crystal Palace,0.6,0.0,0.27672727354552684,,1.6995687171114577,0.47031701728952247
dominic_calvert_lewin,2,8,FWD,Leeds,4,1,0,0,2,0,0,3,3.5,0.0,1.2,17.799999999999997,0.4,2.7199999999999998,0.012,0.616,0.6040000000000001,1.266,0.6,0.6,4.9,23.04,90.0,0.0,0.0,0.0,0.0,0.0,1.0,25.4,5.2,-62773.2,50588.4,113361.59999999999,60.0,0.4,Brentford,1.0,1.8000000000000003,Fulham,Fulham,0.8,0.0,4.369824813456483,50210.0,2.0,8.739649626912966
dominic_solanke_mitchell,2,1,FWD,Spurs,17,1,0,0,3,0,0,3,1.4,0.0,0.0,4.8,0.0,0.18,0.0,0.148,0.148,0.34,0.0,0.0,0.8,1.92,17.8,0.0,0.0,0.0,0.0,0.0,0.0,5.6,1.0,-7563.599999999999,4927.2,12490.8,60.0,0.0,Newcastle,0.0,0.0,Liverpool,Liverpool,2.0,1.0,1.887453519410143,14971.0,0.5,0.9437267597050715
dominik_szoboszlai,2,4,MID,Liverpool,18,1,0,0,4,0,0,3,4.6,0.0,0.4,26.0,0.0,43.260000000000005,0.21000000000000002,0.6460000000000001,0.43600000000000005,2.012,2.0,0.4,8.72,33.0,90.0,0.0,0.0,0.0,0.0,0.0,1.0,10.8,5.6,106558.8,147001.8,40443.0,70.0,0.0,Nott'm Forest,2.0,1.0,Spurs,Spurs,0.0,0.0,4.578126763495217,14974.0,1.6380907773744013,7.499387228932433
dorde_petrovic,2,3,GK,Bournemouth,9,1,0,0,3,0,0,3,2.26,0.0,0.0,17.2,0.0,0.0,0.0,0.0,0.0,2.004,1.4,0.0,3.5200000000000005,35.0,90.0,0.0,0.0,0.0,0.0,4.6,1.0,0.0,2.5999999999999996,6795.0,15226.8,8431.8,45.0,0.0,Everton,1.0,0.6,Coventry City,Coventry City,0.0,0.0,2.3691030736589305,79641.0,2.0,4.738206147317861
dwight_mcneil,2,1,MID,Crystal Palace,15,1,0,0,3,0,0,5,1.7,0.0,0.0,5.6000000000000005,0.0,2.06,0.008,0.028000000000000004,0.020000000000000004,0.512,1.4,0.0,0.7000000000000002,4.08,38.0,0.0,0.0,0.0,0.0,0.0,0.4,0.8,1.4,-813.6,283.2,1096.8,55.0,0.0,Man City,0.6,0.0,Sunderland,Sunderland,1.0,1.7999999999999998,1.7987860192770342,,0.5924448878848673,1.0656815815194491
eberechi_eze,2,1,MID,Arsenal,2,0,0,0,5,0,0,3,1.52,0.0,0.0,5.199999999999999,0.0,1.92,0.042,0.058,0.016,0.204,0.0,0.0,0.4,0.96,32.6,0.0,0.0,0.0,0.0,0.0,0.0,1.6,1.0,-23265.6,3429.6,26695.2,65.0,0.0,Aston Villa,1.8000000000000003,3.0,Man Utd,Man Utd,3.0,1.7999999999999998,2.526086145258242,,0.9613771764907572,2.4285215659007893
eddie_nketiah,2,2,FWD,Crystal Palace,15,1,0,0,3,0,0,5,1.62,0.0,0.0,9.600000000000001,0.0,16.16,0.23199999999999998,0.688,0.45599999999999996,1.5419999999999998,2.5999999999999996,0.0,3.58,5.720000000000001,62.199999999999996,0.0,0.0,0.0,0.0,0.0,1.0,14.0,1.6,-1510.2,1957.8,3468.0,55.0,0.0,Man City,0.6,0.0,Sunderland,Sunderland,1.0,1.7999999999999998,1.5998168350195336,,0.6975933120050559,1.1160215245427225
el_hadji_malick_diouf,2,0,DEF,Brentford,13,0,0,0,3,0,0,2,1.7,0.0,0.0,0.0,0.0,0.0,0.0,0.0,0.0,0.0,0.0,0.0,0.0,0.0,0.0,0.0,0.0,0.0,0.0,0.0,0.0,0.0,0.0,563.0,600.0,37.0,45.0,0.0,Leeds,1.8000000000000003,1.8000000000000003,Newcastle,Newcastle,2.0,2.1999999999999997,0.587968120222641,,0.9447351548064342,0.5554741530797849
eliot_matazo,2,0,MID,Hull City,7,0,0,0,2,0,0,2,0.0,0.0,0.0,0.0,0.0,0.0,0.0,0.0,0.0,0.0,0.0,0.0,0.0,0.0,0.0,0.0,0.0,0.0,0.0,0.0,0.0,0.0,0.0,-19.2,38.4,57.599999999999994,45.0,0.0,Coventry City,1.4,3.0,Man City,Man City,3.2,3.0,0.1829916603556898,,0.6851315495216126,0.12537335980902642
elliot_anderson,2,3,MID,Man City,8,0,0,0,5,0,0,3,2.42,0.0,0.0,20.6,0.0,20.439999999999998,0.232,0.274,0.042,0.6160000000000001,1.0,0.0,4.6,17.88,73.4,0.0,0.0,0.0,0.0,0.0,1.0,7.8,2.5999999999999996,-85841.4,6141.599999999999,91983.0,64.4,0.6,Crystal Palace,3.2,3.0,Hull City,Hull City,1.4,3.0,3.303510913867628,14971.0,0.7159827077538236,2.3652566892052524
elliot_stroud,2,0,MID,Hull City,7,0,0,0,2,0,0,2,1.5,0.0,0.0,3.2,0.4,4.5,0.018000000000000002,0.024,0.006,1.1179999999999999,0.0,0.0,1.06,3.3600000000000003,62.8,0.0,0.0,0.0,0.0,0.0,1.0,4.2,1.2000000000000002,499.79999999999995,858.0,358.2,50.0,0.6,Coventry City,1.4,3.0,Man City,Man City,3.2,3.0,1.5492487166535074,,0.6851315495216126,1.0614391738351872
ellis_simms,2,0,FWD,Coventry City,11,1,0,0,2,0,0,2,1.16,0.0,0.0,2.8000000000000003,0.0,4.920000000000001,0.004,0.004,0.0,0.6400000000000001,1.2000000000000002,0.0,0.68,1.04,27.6,0.0,0.0,0.0,0.0,0.0,0.4,0.8,0.8,6199.8,11961.6,5761.8,50.0,0.0,Hull City,0.0,0.0,Bournemouth,Bournemouth,1.0,0.6,1.06429507086845,14970.0,0.5,0.532147535434225
emersonn_correia_da_silva,2,1,FWD,Ipswich Town,16,0,0,0,2,0,0,4,3.72,0.0,1.2000000000000002,20.6,0.0,17.18,0.024,0.35200000000000004,0.328,0.714,1.0,0.4,5.319999999999999,18.840000000000003,53.0,0.0,0.0,0.0,0.0,0.0,1.0,17.2,4.2,35998.2,46084.2,10086.0,55.0,0.0,Man Utd,2.0,1.2000000000000002,Brighton,Brighton,3.4,1.2000000000000002,1.9284348680660508,,2.0,3.8568697361321016
emile_smith_rowe,2,1,MID,Fulham,20,0,0,0,3,0,0,2,1.1,0.0,0.0,3.0,0.0,13.68,0.012,0.048,0.036,0.24599999999999997,0.0,0.0,2.1,3.12,8.4,0.0,0.0,0.0,0.0,0.0,0.0,4.2,0.6,-2000.3999999999999,848.4,2848.7999999999997,55.0,0.0,Sunderland,0.8,0.0,Leeds,Leeds,1.0,1.8000000000000003,1.2102029957616525,,0.5246172912441401,0.6348934174920218
emiliano_buendia_stati,2,2,MID,Aston Villa,1,1,0,0,3,0,0,5,2.08,0.0,0.0,7.0,0.0,14.44,0.048,0.124,0.07600000000000001,2.072,2.2,0.0,2.5,3.0,88.0,0.0,0.0,0.0,0.0,0.0,1.0,8.6,2.0,-10119.6,3012.0,13131.6,60.0,0.0,Arsenal,0.0,0.0,Chelsea,Chelsea,3.6,3.0,3.2236334476485404,14972.0,0.5337727251520737,1.7206876102427362
emiliano_martinez_romero,2,2,GK,Chelsea,5,1,0,0,4,0,0,3,1.6400000000000001,0.0,0.0,10.799999999999999,0.0,12.0,0.006,0.006,0.0,0.846,1.7999999999999998,0.0,3.36,21.720000000000002,54.0,0.0,0.0,0.0,0.0,2.4,0.6,0.0,1.2,-25373.399999999998,8925.6,4869.0,50.0,0.0,Brighton,3.6,3.0,Aston Villa,Aston Villa,0.0,0.0,1.8971111121323934,79641.0,2.0,3.7942222242647867
emmanuel_emegha,2,0,FWD,Chelsea,5,1,0,0,4,0,0,3,0.5599999999999999,0.0,0.0,0.0,0.0,0.0,0.0,0.0,0.0,0.0,0.0,0.0,0.0,0.0,0.0,0.0,0.0,0.0,0.0,0.0,0.0,0.0,0.0,-530.4,870.0,1400.3999999999999,50.0,0.0,Brighton,3.6,3.0,Aston Villa,Aston Villa,0.0,0.0,0.2295075426215245,,1.4625052156953289,0.3356559781253976
endo_wataru,2,0,MID,Liverpool,18,1,0,0,4,0,0,3,0.6000000000000001,0.0,0.0,0.0,0.0,0.0,0.0,0.0,0.0,0.0,0.0,0.0,0.0,0.0,0.0,0.0,0.0,0.0,0.0,0.0,0.0,0.0,0.0,-300.0,291.0,591.0,50.0,0.0,Nott'm Forest,2.0,1.0,Spurs,Spurs,0.0,0.0,0.23693154365251146,,1.6380907773744013,0.3881153765262594
enes_unal,2,0,FWD,Bournemouth,9,1,0,0,3,0,0,3,0.0,0.0,0.0,0.0,0.0,0.0,0.0,0.0,0.0,0.0,0.0,0.0,0.0,0.0,0.0,0.0,0.0,0.0,0.0,0.0,0.0,0.0,0.0,-642.0,0.0,642.0,55.0,0.0,Everton,1.0,0.6,Coventry City,Coventry City,0.0,0.0,0.22347655831259194,,0.8555617197365379,0.19119798855072387
enis_destan,2,0,FWD,Hull City,7,0,0,0,2,0,0,2,0.0,0.0,0.0,0.0,0.0,0.0,0.0,0.0,0.0,0.0,0.0,0.0,0.0,0.0,0.0,0.0,0.0,0.0,0.0,0.0,0.0,0.0,0.0,-5319.599999999999,0.0,5319.599999999999,45.0,0.0,Coventry City,1.4,3.0,Man City,Man City,3.2,3.0,0.02395126328318886,,0.5173163886779066,0.012390381025933003
enzo_fernandez,2,0,MID,Chelsea,5,1,0,0,4,0,0,3,1.3,0.0,0.0,2.4000000000000004,0.0,4.800000000000001,0.008,0.008,0.0,0.11200000000000002,0.0,0.0,0.6000000000000001,1.36,10.0,0.0,0.0,0.0,0.0,0.0,0.0,0.0,0.4,-44526.6,8972.4,53499.0,70.0,0.0,Brighton,3.6,3.0,Aston Villa,Aston Villa,0.0,0.0,1.3259851616577938,14970.0,2.0,2.6519703233155876
enzo_le_fee,2,3,MID,Sunderland,10,1,0,0,2,0,0,3,2.38,0.0,0.0,13.0,0.6,16.68,0.114,0.336,0.222,1.1920000000000002,0.4,0.0,3.9,3.88,85.0,0.0,0.0,0.0,0.0,0.0,1.0,18.0,2.5999999999999996,-62234.399999999994,6831.599999999999,69066.0,60.0,0.0,Fulham,1.0,1.7999999999999998,Crystal Palace,Crystal Palace,0.6,0.0,3.519056874817967,61014.0,1.6995687171114577,5.980878978176627
ephron_mason_clark,2,1,MID,Coventry City,11,1,0,0,2,0,0,2,1.1,0.0,0.0,2.4,0.0,9.6,0.036,0.036,0.0,0.012,0.0,0.0,1.2,2.52,34.199999999999996,0.0,0.0,0.0,0.0,0.0,0.6,0.0,0.6,-653.4,293.4,946.8,55.0,0.0,Hull City,0.0,0.0,Bournemouth,Bournemouth,1.0,0.6,0.995053687127886,,0.5,0.497526843563943
erling_haaland,2,13,FWD,Man City,8,0,0,0,5,0,0,3,6.1,0.0,1.7999999999999998,38.4,0.0,2.14,0.008,0.7000000000000001,0.692,0.656,1.0,1.2,9.559999999999999,42.92,90.0,0.0,0.0,0.0,0.0,0.0,1.0,50.599999999999994,8.6,-20548.2,41763.0,62311.2,155.0,0.0,Crystal Palace,3.2,3.0,Hull City,Hull City,1.4,3.0,6.054821406864486,14974.0,1.0096889092344843,6.113486021906608
estevao_almeida_de_oliveira_goncalves,2,0,MID,Chelsea,5,1,0,0,4,0,0,3,1.22,0.0,0.0,1.2000000000000002,0.0,0.16000000000000003,0.0,0.0,0.0,0.036,0.0,0.0,0.04000000000000001,0.08000000000000002,2.8000000000000003,0.0,0.0,0.0,0.0,0.0,0.0,0.0,0.4,-10932.0,3338.4,14270.4,65.0,0.0,Brighton,3.6,3.0,Aston Villa,Aston Villa,0.0,0.0,0.9338162650022911,50210.0,2.0,1.8676325300045822
ethan_ampadu,2,2,MID,Leeds,4,1,0,0,2,0,0,3,2.9000000000000004,0.0,0.0,14.399999999999999,0.4,19.28,0.07,0.076,0.006,1.266,0.6,0.0,3.9000000000000004,19.200000000000003,90.0,0.0,0.0,0.0,0.0,0.0,1.0,0.6,3.2,-2910.0,2754.6,5664.599999999999,55.0,0.0,Brentford,1.0,1.8000000000000003,Fulham,Fulham,0.8,0.0,3.408257085677434,61014.0,1.3734508511032946,4.6810735951025055
ethan_nwaneri,2,0,MID,Arsenal,2,0,0,0,5,0,0,3,0.8,0.0,0.0,0.0,0.0,0.0,0.0,0.0,0.0,0.0,0.0,0.0,0.0,0.0,0.0,0.0,0.0,0.0,0.0,0.0,0.0,0.0,0.0,-148.79999999999998,45.6,194.4,55.0,0.0,Aston Villa,1.8000000000000003,3.0,Man Utd,Man Utd,3.0,1.7999999999999998,0.48119478455985987,,0.9613771764907572,0.4626096833222363
ethan_pinnock,2,1,DEF,Coventry City,11,1,0,0,2,0,0,2,0.98,0.0,0.0,-0.6,0.0,0.42,0.0,0.0,0.0,0.324,0.6,0.0,0.3,2.28,7.199999999999999,0.0,0.0,0.0,0.0,0.0,0.0,0.0,0.6,-238.2,344.4,582.6,45.0,0.0,Hull City,0.0,0.0,Bournemouth,Bournemouth,1.0,0.6,0.8499907058697569,,1.8882084590182253,1.6049596409101472
evan_ferguson,2,0,FWD,Brighton,6,0,0,0,3,0,0,4,0.0,0.0,0.0,0.0,0.0,0.0,0.0,0.0,0.0,0.0,0.0,0.0,0.0,0.0,0.0,0.0,0.0,0.0,0.0,0.0,0.0,0.0,0.0,-183.0,190.79999999999998,373.8,50.0,0.0,Chelsea,3.4,1.2000000000000002,Ipswich Town,Ipswich Town,2.0,1.2000000000000002,0.1866705928154062,,1.4177746472228794,0.2646568338757483
evann_guessand,2,1,MID,Crystal Palace,15,1,0,0,3,0,0,5,1.4,0.0,0.0,3.0,0.0,0.9000000000000001,0.014,0.026000000000000002,0.012,0.176,0.6,0.0,0.6599999999999999,2.6000000000000005,27.0,0.0,0.0,0.0,0.0,0.0,0.0,2.8000000000000003,1.0,-84.0,289.8,373.8,55.0,0.0,Man City,0.6,0.0,Sunderland,Sunderland,1.0,1.7999999999999998,2.0198324865693498,,0.5924448878848673,1.1966394310517912
ewen_jaouen,2,0,GK,Newcastle,19,0,0,0,3,0,0,3,0.76,0.0,0.0,0.0,0.0,0.0,0.0,0.0,0.0,0.0,0.0,0.0,0.0,0.0,0.0,0.0,0.0,0.0,0.0,0.0,0.0,0.0,0.0,-134.4,74.39999999999999,208.79999999999998,45.0,0.0,Spurs,2.0,2.1999999999999997,Brentford,Brentford,1.8000000000000003,1.8000000000000003,0.4833207214398365,,1.7777777777777777,0.8592368381152649
exequiel_palacios,2,1,MID,Ipswich Town,16,0,0,0,2,0,0,4,1.5,0.0,0.0,11.0,0.0,12.0,0.01,0.01,0.0,1.92,2.0,0.0,2.1,7.2,28.0,0.0,0.0,0.0,0.0,0.0,0.0,2.0,1.0,84.0,89.0,5.0,50.0,0.0,Man Utd,2.0,1.2000000000000002,Brighton,Brighton,3.4,1.2000000000000002,1.7182143677312027,,0.9251338906569119,1.5895783430017734
ezri_konsa_ngoyo,2,1,DEF,Arsenal,2,0,0,0,5,0,0,3,0.98,0.0,0.0,1.7999999999999998,0.0,0.06,0.0,0.0,0.0,0.0,0.0,0.0,0.18,1.92,6.6,0.0,0.0,0.0,0.0,0.0,0.0,0.0,0.6,-107859.59999999999,29892.6,137752.19999999998,45.0,0.0,Aston Villa,1.8000000000000003,3.0,Man Utd,Man Utd,3.0,1.7999999999999998,1.094560928121439,50210.0,2.0,2.189121856242878
fabian_schar,2,0,DEF,Newcastle,19,0,0,0,3,0,0,3,1.1800000000000002,0.0,0.0,-0.4,0.0,0.0,0.0,0.0,0.0,0.31600000000000006,0.4,0.0,0.0,0.0,0.4,0.0,0.0,0.0,0.0,0.0,0.0,0.0,0.4,6.0,1137.0,1131.0,50.0,0.0,Spurs,2.0,2.1999999999999997,Brentford,Brentford,1.8000000000000003,1.8000000000000003,0.8549600543051578,,1.8956784806584177,1.6207293767688398
fabio_ferreira_vieira,2,0,MID,Arsenal,2,0,0,0,5,0,0,3,0.8,0.0,0.0,0.0,0.0,0.0,0.0,0.0,0.0,0.0,0.0,0.0,0.0,0.0,0.0,0.0,0.0,0.0,0.0,0.0,0.0,0.0,0.0,-81.0,48.0,129.0,55.0,0.0,Aston Villa,1.8000000000000003,3.0,Man Utd,Man Utd,3.0,1.7999999999999998,0.48119478455985987,,0.9613771764907572,0.4626096833222363
fabio_freitas_gouveia_carvalho,2,0,MID,Brentford,13,0,0,0,3,0,0,2,0.44000000000000006,0.0,0.0,0.0,0.0,0.0,0.0,0.0,0.0,0.0,0.0,0.0,0.0,0.0,0.0,0.0,0.0,0.0,0.0,0.0,0.0,0.0,0.0,-54.6,93.0,147.6,50.0,0.0,Leeds,1.8000000000000003,1.8000000000000003,Newcastle,Newcastle,2.0,2.1999999999999997,0.2955964886312017,,1.3398293368431589,0.39604884733590934
facundo_buonanotte,2,0,MID,Brighton,6,0,0,0,3,0,0,4,0.0,0.0,0.0,0.0,0.0,0.0,0.0,0.0,0.0,0.0,0.0,0.0,0.0,0.0,0.0,0.0,0.0,0.0,0.0,0.0,0.0,0.0,0.0,-103.8,0.0,103.8,50.0,0.0,Chelsea,3.4,1.2000000000000002,Ipswich Town,Ipswich Town,2.0,1.2000000000000002,0.2180491550927508,,2.0,0.4360983101855016
federico_chiesa,2,0,MID,Liverpool,18,1,0,0,4,0,0,3,0.8,0.0,0.0,0.0,0.0,0.0,0.0,0.0,0.0,0.0,0.0,0.0,0.0,0.0,0.0,0.0,0.0,0.0,0.0,0.0,0.0,0.0,0.0,-1779.0,351.0,2130.0,55.0,0.0,Nott'm Forest,2.0,1.0,Spurs,Spurs,0.0,0.0,0.37608298630441483,,1.6380907773744013,0.6160580713926852
felipe_rodrigues_da_silva,2,0,DEF,Nott'm Forest,14,0,0,0,3,0,0,4,0.8800000000000001,0.0,0.0,0.0,0.0,0.0,0.0,0.0,0.0,0.0,0.0,0.0,0.0,0.0,0.0,0.0,0.0,0.0,0.0,0.0,0.0,0.0,0.0,-262.2,138.0,400.2,50.0,0.0,Liverpool,1.2,0.6,Everton,Everton,1.4,1.8000000000000003,0.5806243941388666,,0.8667834297595639,0.5032756037537556
ferdi_kadioglu,2,0,DEF,Brighton,6,0,0,0,3,0,0,4,0.68,0.0,0.0,-2.4,0.0,10.02,0.006,0.018,0.012,1.758,2.4,0.0,1.68,1.68,54.0,0.0,0.0,0.0,0.0,0.0,0.6,4.8,0.0,-29294.399999999998,1548.0,30842.399999999998,45.0,0.0,Chelsea,3.4,1.2000000000000002,Ipswich Town,Ipswich Town,2.0,1.2000000000000002,1.3681134697045476,,1.0905779983260113,1.4920344492732396
filip_jorgensen,2,0,GK,Chelsea,5,1,0,0,4,0,0,3,0.0,0.0,0.0,0.0,0.0,0.0,0.0,0.0,0.0,0.0,0.0,0.0,0.0,0.0,0.0,0.0,0.0,0.0,0.0,0.0,0.0,0.0,0.0,-300.59999999999997,0.0,300.59999999999997,50.0,0.0,Brighton,3.6,3.0,Aston Villa,Aston Villa,0.0,0.0,0.3631719543175269,,2.0,0.7263439086350538
florentino_ibrain_morris_luis,2,0,MID,Ipswich Town,16,0,0,0,2,0,0,4,0.6000000000000001,0.0,0.0,0.0,0.0,0.0,0.0,0.0,0.0,0.0,0.0,0.0,0.0,0.0,0.0,0.0,0.0,0.0,0.0,0.0,0.0,0.0,0.0,-1195.8,128.4,1324.2,50.0,0.0,Man Utd,2.0,1.2000000000000002,Brighton,Brighton,3.4,1.2000000000000002,0.34653387327291885,,0.9251338906569119,0.32059023042538465
florian_wirtz,2,4,MID,Liverpool,18,1,0,0,4,0,0,3,2.84,0.6,0.0,20.2,0.0,21.740000000000002,0.136,0.378,0.24200000000000002,1.5839999999999999,2.0,0.0,6.720000000000001,20.6,78.8,0.0,0.0,0.0,0.0,0.0,1.0,24.8,3.2,-59003.399999999994,14953.8,73957.2,75.0,0.6,Nott'm Forest,2.0,1.0,Spurs,Spurs,0.0,0.0,3.515586772223676,61014.0,1.6380907773744013,5.758850268639044
francisco_evanilson_de_lima_barbosa,2,5,FWD,Bournemouth,9,1,0,0,3,0,0,3,3.5,1.0,0.0,13.4,1.0,18.08,0.10800000000000001,0.456,0.348,1.778,0.0,0.0,4.86,16.759999999999998,77.6,0.0,0.0,0.0,0.0,0.0,1.0,14.0,4.6,32159.399999999998,43575.0,11415.6,60.0,0.4,Everton,1.0,0.6,Coventry City,Coventry City,0.0,0.0,3.448202346215192,15210.0,0.8555617197365379,2.9501499293274347
frank_onyeka,2,0,MID,Coventry City,11,1,0,0,2,0,0,2,1.2000000000000002,0.0,0.0,3.2,0.0,0.6400000000000001,0.004,0.004,0.0,0.752,1.2000000000000002,0.0,0.2,1.4400000000000002,36.0,0.0,0.0,0.0,0.0,0.0,0.4,0.0,0.8,513.6,1473.6,960.0,50.0,0.0,Hull City,0.0,0.0,Bournemouth,Bournemouth,1.0,0.6,1.2423634656177858,,0.5,0.6211817328088929
fraser_forster,2,0,GK,Bournemouth,9,1,0,0,3,0,0,3,0.4,0.0,0.0,0.0,0.0,0.0,0.0,0.0,0.0,0.0,0.0,0.0,0.0,0.0,0.0,0.0,0.0,0.0,0.0,0.0,0.0,0.0,0.0,-654.6,5737.2,6391.8,40.0,0.0,Everton,1.0,0.6,Coventry City,Coventry City,0.0,0.0,-0.33089813615835495,,2.0,-0.6617962723167099
freddie_woodman,2,0,GK,Liverpool,18,1,0,0,4,0,0,3,0.4,0.0,0.0,0.0,0.0,0.0,0.0,0.0,0.0,0.0,0.0,0.0,0.0,0.0,0.0,0.0,0.0,0.0,0.0,0.0,0.0,0.0,0.0,-1356.0,1957.8,3313.7999999999997,40.0,0.0,Nott'm Forest,2.0,1.0,Spurs,Spurs,0.0,0.0,-0.23278917113245634,,1.2444444444444442,-0.2896931907426123
gabriel_dos_santos_magalhaes,2,8,DEF,Arsenal,2,0,0,0,5,0,0,3,5.5,0.0,0.0,22.2,1.0,2.64,0.016,0.11399999999999999,0.098,0.278,0.0,0.0,1.9800000000000002,13.56,90.0,0.0,0.0,0.0,0.0,0.0,1.0,3.9999999999999996,6.8,-39205.799999999996,35259.0,74464.8,80.0,0.4,Aston Villa,1.8000000000000003,3.0,Man Utd,Man Utd,3.0,1.7999999999999998,5.079549215195129,14972.0,2.0,10.159098430390259
gabriel_fernando_de_jesus,2,0,FWD,Arsenal,2,0,0,0,5,0,0,3,0.8,0.0,0.0,0.0,0.0,0.0,0.0,0.0,0.0,0.0,0.0,0.0,0.0,0.0,0.0,0.0,0.0,0.0,0.0,0.0,0.0,0.0,0.0,-3158.4,1148.3999999999999,4306.8,60.0,0.0,Aston Villa,1.8000000000000003,3.0,Man Utd,Man Utd,3.0,1.7999999999999998,0.3195167359938067,,0.9669205467498652,0.3089472970628639
gabriel_gudmundsson,2,0,DEF,Leeds,4,1,0,0,2,0,0,3,0.0,0.0,0.0,0.0,0.0,0.0,0.0,0.0,0.0,0.0,0.0,0.0,0.0,0.0,0.0,0.0,0.0,0.0,0.0,0.0,0.0,0.0,0.0,-555.6,39.6,595.1999999999999,45.0,0.0,Brentford,1.0,1.8000000000000003,Fulham,Fulham,0.8,0.0,0.2631099337292244,,2.0,0.5262198674584488
gabriel_martinelli_silva,2,0,MID,Arsenal,2,0,0,0,5,0,0,3,0.9199999999999999,0.0,0.0,0.0,0.0,0.0,0.0,0.0,0.0,0.0,0.0,0.0,0.0,0.0,0.0,0.0,0.0,0.0,0.0,0.0,0.0,0.0,0.0,-3430.7999999999997,790.8,4221.599999999999,64.4,0.0,Aston Villa,1.8000000000000003,3.0,Man Utd,Man Utd,3.0,1.7999999999999998,0.7186201291148262,,0.9613771764907572,0.6908649906978349
george_hemmings,2,2,MID,Aston Villa,1,1,0,0,3,0,0,5,1.6,0.0,0.0,7.800000000000001,0.0,7.219999999999999,0.006,0.006,0.0,2.114,2.2,0.0,1.3199999999999998,5.32,78.0,0.0,0.0,0.0,0.0,0.0,1.0,0.8,2.0,1955.3999999999999,5245.8,3290.4,45.0,0.0,Arsenal,0.0,0.0,Chelsea,Chelsea,3.6,3.0,2.1614392145250667,,0.5337727251520737,1.1537172997876026
george_hirst,2,0,FWD,Ipswich Town,16,0,0,0,2,0,0,4,0.0,0.0,0.0,0.0,0.0,0.0,0.0,0.0,0.0,0.0,0.0,0.0,0.0,0.0,0.0,0.0,0.0,0.0,0.0,0.0,0.0,0.0,0.0,-5217.0,0.0,5217.0,50.0,0.0,Man Utd,2.0,1.2000000000000002,Brighton,Brighton,3.4,1.2000000000000002,0.07746210644461304,,2.0,0.1549242128892261
george_shepherd,2,0,MID,Coventry City,11,1,0,0,2,0,0,2,0.4,0.0,0.0,0.0,0.0,0.0,0.0,0.0,0.0,0.0,0.0,0.0,0.0,0.0,0.0,0.0,0.0,0.0,0.0,0.0,0.0,0.0,0.0,-1294.8,607.8,1902.6,45.0,0.0,Hull City,0.0,0.0,Bournemouth,Bournemouth,1.0,0.6,0.16987078058202232,,0.5,0.08493539029101116
georginio_rutter,2,0,FWD,Brighton,6,0,0,0,3,0,0,4,1.8599999999999999,0.4,0.0,8.8,0.4,4.5600000000000005,0.17600000000000002,0.20800000000000002,0.032,0.11599999999999999,0.0,0.0,1.8399999999999999,7.920000000000001,36.0,0.0,0.0,0.0,0.0,0.0,0.4,6.0,2.0,5328.0,14332.199999999999,9004.199999999999,55.0,0.0,Chelsea,3.4,1.2000000000000002,Ipswich Town,Ipswich Town,2.0,1.2000000000000002,1.5435269727325966,14972.0,1.4177746472228794,2.188373409244956
geovany_quenda,2,0,MID,Chelsea,5,1,0,0,4,0,0,3,1.1,0.0,0.0,0.8,0.0,0.12,0.0,0.0,0.0,0.036,0.0,0.0,0.16000000000000003,0.48,3.2,0.0,0.0,0.0,0.0,0.0,0.0,0.8,0.4,-353.4,138.6,492.0,55.0,0.0,Brighton,3.6,3.0,Aston Villa,Aston Villa,0.0,0.0,0.7120124639282813,,2.0,1.4240249278565627
geronimo_rulli,2,0,GK,Man City,8,0,0,0,5,0,0,3,1.04,0.0,0.0,0.0,0.0,0.0,0.0,0.0,0.0,0.0,0.0,0.0,0.0,0.0,0.0,0.0,0.0,0.0,0.0,0.0,0.0,0.0,0.0,-78.0,56.4,134.4,50.0,0.0,Crystal Palace,3.2,3.0,Hull City,Hull City,1.4,3.0,0.8831992957188367,,0.5,0.44159964785941835
gianluigi_donnarumma,2,0,GK,Man City,8,0,0,0,5,0,0,3,2.2199999999999998,0.0,0.0,7.800000000000001,0.0,0.0,0.0,0.0,0.0,0.656,1.0,0.0,1.5,14.8,90.0,0.6,0.0,0.0,0.0,1.8000000000000003,1.0,0.0,1.2000000000000002,-6566.4,20404.8,26971.2,55.0,0.0,Crystal Palace,3.2,3.0,Hull City,Hull City,1.4,3.0,4.656850771038996,14969.0,0.5,2.328425385519498
giorgi_mamardashvili,2,0,GK,Liverpool,18,1,0,0,4,0,0,3,1.04,0.0,0.0,0.0,0.0,0.0,0.0,0.0,0.0,0.0,0.0,0.0,0.0,0.0,0.0,0.0,0.0,0.0,0.0,0.0,0.0,0.0,0.0,-828.0,394.8,1222.8,50.0,0.0,Nott'm Forest,2.0,1.0,Spurs,Spurs,0.0,0.0,0.04802007674412323,14969.0,1.2444444444444442,0.05975831772602001
giovanni_leoni,2,0,DEF,Liverpool,18,1,0,0,4,0,0,3,0.0,0.0,0.0,0.0,0.0,0.0,0.0,0.0,0.0,0.0,0.0,0.0,0.0,0.0,0.0,0.0,0.0,0.0,0.0,0.0,0.0,0.0,0.0,-202.2,109.2,311.4,40.0,0.0,Nott'm Forest,2.0,1.0,Spurs,Spurs,0.0,0.0,0.03580727106422721,,1.666587621079056,0.059675954700263344
gonzalo_garcia,2,2,FWD,Fulham,20,0,0,0,3,0,0,2,3.2,0.0,0.0,14.4,0.0,3.4,0.01,0.46399999999999997,0.45399999999999996,2.108,1.8000000000000003,0.4,5.199999999999999,18.240000000000002,90.0,0.0,0.0,0.0,0.0,0.0,1.0,30.4,3.6000000000000005,81006.59999999999,91330.8,10324.199999999999,60.0,0.0,Sunderland,0.8,0.0,Leeds,Leeds,1.0,1.8000000000000003,3.4833884552257457,14973.0,0.5519602665449025,1.9226920202258386
granit_xhaka,2,6,MID,Sunderland,10,1,0,0,2,0,0,3,5.3,0.4,2.5999999999999996,29.799999999999997,0.6,47.3,0.252,0.252,0.0,1.29,0.8,0.0,6.68,19.759999999999998,90.0,0.0,0.0,0.0,0.0,0.0,1.0,0.0,7.199999999999999,14739.6,25668.6,10929.0,55.0,0.0,Fulham,1.0,1.7999999999999998,Crystal Palace,Crystal Palace,0.6,0.0,3.397412377773918,50210.0,1.6995687171114577,5.774135796391805
guglielmo_vicario,2,0,GK,Spurs,17,1,0,0,3,0,0,3,0.0,0.0,0.0,0.0,0.0,0.0,0.0,0.0,0.0,0.0,0.0,0.0,0.0,0.0,0.0,0.0,0.0,0.0,0.0,0.0,0.0,0.0,0.0,-6862.2,0.0,6862.2,45.0,0.0,Newcastle,0.0,0.0,Liverpool,Liverpool,2.0,1.0,0.05689452121754601,,0.5,0.028447260608773006
gustavo_hamer,2,1,MID,Coventry City,11,1,0,0,2,0,0,2,1.4,0.0,0.0,2.4000000000000004,0.0,1.02,0.012,0.012,0.0,0.46599999999999997,0.6,0.0,0.16,0.28,14.600000000000001,0.0,0.0,0.0,0.0,0.0,0.0,0.0,1.0,-625.1999999999999,231.6,856.8,55.0,0.0,Hull City,0.0,0.0,Bournemouth,Bournemouth,1.0,0.6,1.531605234884008,,0.5,0.765802617442004
habib_diarra,2,4,MID,Sunderland,10,1,0,0,2,0,0,3,2.3,0.6,0.0,10.2,0.0,6.420000000000001,0.096,0.108,0.012,0.052000000000000005,0.4,0.0,1.6800000000000002,9.28,14.799999999999999,0.0,0.0,0.0,0.0,0.0,0.0,0.8,2.8,-505.2,201.0,706.1999999999999,55.0,0.0,Fulham,1.0,1.7999999999999998,Crystal Palace,Crystal Palace,0.6,0.0,1.8621830253169684,,1.6995687171114577,3.164908015364693
haji_wright,2,0,FWD,Coventry City,11,1,0,0,2,0,0,2,0.0,0.0,0.0,0.0,0.0,0.0,0.0,0.0,0.0,0.0,0.0,0.0,0.0,0.0,0.0,0.0,0.0,0.0,0.0,0.0,0.0,0.0,0.0,-3190.7999999999997,64.2,3255.0,55.0,0.0,Hull City,0.0,0.0,Bournemouth,Bournemouth,1.0,0.6,0.18409485081642818,14973.0,0.5,0.09204742540821409
hakon_rafn_valdimarsson,2,0,GK,Brentford,13,0,0,0,3,0,0,2,0.76,0.0,0.0,0.0,0.0,0.0,0.0,0.0,0.0,0.0,0.0,0.0,0.0,0.0,0.0,0.0,0.0,0.0,0.0,0.0,0.0,0.0,0.0,-148.79999999999998,385.2,534.0,45.0,0.0,Leeds,1.8000000000000003,1.8000000000000003,Newcastle,Newcastle,2.0,2.1999999999999997,0.5025426624586091,,1.2,0.6030511949503309
harrison_armstrong,2,2,MID,Everton,3,0,0,0,3,0,0,3,3.6,0.4,0.0,17.2,0.4,13.26,0.034,0.034,0.0,2.08,0.6,0.0,3.36,18.240000000000002,87.6,0.0,0.0,0.0,0.0,0.0,1.0,1.6,4.4,6191.4,7671.599999999999,1480.2,50.0,0.0,Bournemouth,1.4,1.8000000000000003,Nott'm Forest,Nott'm Forest,1.2,0.6,3.301313837542062,,1.14717540741883,3.7871860465997362
harrison_reed,2,0,MID,Fulham,20,0,0,0,3,0,0,2,0.4,0.0,0.0,0.0,0.0,0.0,0.0,0.0,0.0,0.0,0.0,0.0,0.0,0.0,0.0,0.0,0.0,0.0,0.0,0.0,0.0,0.0,0.0,-5352.599999999999,3349.2,8701.8,45.0,0.0,Sunderland,0.8,0.0,Leeds,Leeds,1.0,1.8000000000000003,0.15730802964754265,,0.5246172912441401,0.08252651240464672
harry_amass,2,0,DEF,Man Utd,12,1,0,0,4,0,0,2,0.4,0.0,0.0,0.0,0.0,0.0,0.0,0.0,0.0,0.0,0.0,0.0,0.0,0.0,0.0,0.0,0.0,0.0,0.0,0.0,0.0,0.0,0.0,-655.8,532.8,1188.6,40.0,0.0,Ipswich Town,3.0,1.7999999999999998,Arsenal,Arsenal,1.8000000000000003,3.0,0.28086224800654125,,0.5,0.14043112400327062
harry_howell,2,0,MID,Brighton,6,0,0,0,3,0,0,4,0.0,0.0,0.0,0.0,0.0,0.0,0.0,0.0,0.0,0.0,0.0,0.0,0.0,0.0,0.0,0.0,0.0,0.0,0.0,0.0,0.0,0.0,0.0,-919.1999999999999,0.0,919.1999999999999,45.0,0.0,Chelsea,3.4,1.2000000000000002,Ipswich Town,Ipswich Town,2.0,1.2000000000000002,0.09778784340226299,,2.0,0.19557568680452597
harry_maguire,2,4,DEF,Man Utd,12,1,0,0,4,0,0,2,2.38,0.6,0.0,13.8,0.0,12.340000000000002,0.16600000000000004,0.2,0.034,1.6400000000000001,2.0,0.0,3.82,14.48,90.0,0.0,0.0,0.0,0.0,0.0,1.0,11.2,2.8,-32014.8,31771.8,63786.6,50.0,0.0,Ipswich Town,3.0,1.7999999999999998,Arsenal,Arsenal,1.8000000000000003,3.0,3.2193052496238277,14974.0,0.5,1.6096526248119138
harry_wilson,2,1,MID,Leeds,4,1,0,0,2,0,0,3,2.12,0.0,0.0,7.4,0.4,13.38,0.032,0.038,0.006,0.8899999999999999,0.0,0.0,2.66,7.5200000000000005,53.0,0.0,0.0,0.0,0.0,0.0,0.4,5.199999999999999,1.8000000000000003,-25703.399999999998,8957.4,34660.799999999996,65.0,0.0,Brentford,1.0,1.8000000000000003,Fulham,Fulham,0.8,0.0,2.827903179193438,15210.0,1.3734508511032946,3.88398602830094
harvey_barnes,2,3,MID,Newcastle,19,0,0,0,3,0,0,3,2.38,0.0,0.0,10.2,0.6,14.219999999999999,0.014,0.066,0.052000000000000005,1.8639999999999999,0.8,0.0,2.8400000000000003,6.4,90.0,0.0,0.0,0.0,0.0,0.0,1.0,7.800000000000001,2.5999999999999996,2799.0,8997.0,6198.0,60.0,0.0,Spurs,2.0,2.1999999999999997,Brentford,Brentford,1.8000000000000003,1.8000000000000003,3.2773983193772214,,0.5046080890693773,1.6538017030601282
harvey_cartwright,2,0,GK,Hull City,7,0,0,0,2,0,0,2,0.0,0.0,0.0,0.0,0.0,0.0,0.0,0.0,0.0,0.0,0.0,0.0,0.0,0.0,0.0,0.0,0.0,0.0,0.0,0.0,0.0,0.0,0.0,-66.6,0.0,66.6,40.0,0.0,Coventry City,1.4,3.0,Man City,Man City,3.2,3.0,0.7210728159732244,,2.0,1.4421456319464487
harvey_davies,2,0,GK,Liverpool,18,1,0,0,4,0,0,3,0.4,0.0,0.0,0.0,0.0,0.0,0.0,0.0,0.0,0.0,0.0,0.0,0.0,0.0,0.0,0.0,0.0,0.0,0.0,0.0,0.0,0.0,0.0,-41.4,386.4,427.8,40.0,0.0,Nott'm Forest,2.0,1.0,Spurs,Spurs,0.0,0.0,-0.23278917113245634,,1.2444444444444442,-0.2896931907426123
harvey_elliott,2,0,MID,Liverpool,18,1,0,0,4,0,0,3,0.8,0.0,0.0,0.0,0.0,0.0,0.0,0.0,0.0,0.0,0.0,0.0,0.0,0.0,0.0,0.0,0.0,0.0,0.0,0.0,0.0,0.0,0.0,-501.59999999999997,228.0,729.6,55.0,0.0,Nott'm Forest,2.0,1.0,Spurs,Spurs,0.0,0.0,0.37608298630441483,,1.6380907773744013,0.6160580713926852
hayden_hackney,2,1,MID,Everton,3,0,0,0,3,0,0,3,1.4,0.0,0.0,8.2,0.4,5.72,0.01,0.014,0.004,1.596,0.0,0.0,1.7000000000000002,8.12,48.0,0.0,0.0,0.0,0.0,0.0,0.4,3.2,1.8000000000000003,-1414.8,506.4,1921.1999999999998,55.0,0.0,Bournemouth,1.4,1.8000000000000003,Nott'm Forest,Nott'm Forest,1.2,0.6,2.1431290873102844,,1.14717540741883,2.458544983886321
hidemasa_morita,2,1,MID,Hull City,7,0,0,0,2,0,0,2,0.6200000000000001,0.0,0.0,3.5999999999999996,0.0,8.04,0.0,0.0,0.0,0.654,0.0,0.0,1.44,6.6,27.0,0.0,0.0,0.0,0.0,0.0,0.6,0.0,0.6,-126.0,70.8,196.79999999999998,50.0,0.0,Coventry City,1.4,3.0,Man City,Man City,3.2,3.0,0.45064694142756245,,0.6851315495216126,0.3087524372674412
hugo_ekitike,2,0,FWD,Liverpool,18,1,0,0,4,0,0,3,0.0,0.0,0.0,0.0,0.0,0.0,0.0,0.0,0.0,0.0,0.0,0.0,0.0,0.0,0.0,0.0,0.0,0.0,0.0,0.0,0.0,0.0,0.0,-1858.8,425.4,2284.2,75.0,0.0,Nott'm Forest,2.0,1.0,Spurs,Spurs,0.0,0.0,0.610052925917536,,1.2977871281198392,0.791718834727624
ian_maatsen,2,1,DEF,Aston Villa,1,1,0,0,3,0,0,5,0.98,0.0,0.0,-6.6,0.0,0.6200000000000001,0.0,0.054000000000000006,0.054000000000000006,2.072,2.2,0.0,1.54,6.56,86.4,0.0,0.0,0.0,0.0,0.0,1.0,8.399999999999999,0.6,-3787.2,1527.6,5314.8,45.0,0.6,Arsenal,0.0,0.0,Chelsea,Chelsea,3.6,3.0,2.486990643924007,,0.5,1.2434953219620035
ibrahim_osman,2,1,MID,Brighton,6,0,0,0,3,0,0,4,1.2000000000000002,0.0,0.0,6.4,0.0,6.94,0.026000000000000002,0.026000000000000002,0.0,0.06,0.6,0.0,1.3199999999999998,3.48,14.4,0.0,0.0,0.0,0.0,0.0,0.0,2.8,1.0,45.0,130.79999999999998,85.8,50.0,0.0,Chelsea,3.4,1.2000000000000002,Ipswich Town,Ipswich Town,2.0,1.2000000000000002,1.4000188959060023,,2.0,2.8000377918120045
ibrahim_sangare,2,0,MID,Nott'm Forest,14,0,0,0,3,0,0,4,0.6000000000000001,0.0,0.0,4.0,0.0,5.2,0.004,0.016,0.012,0.188,0.4,0.0,1.36,7.120000000000001,36.0,0.0,0.0,0.0,0.0,0.0,0.4,1.2000000000000002,0.8,-9076.199999999999,1710.0,10786.199999999999,50.0,0.0,Liverpool,1.2,0.6,Everton,Everton,1.4,1.8000000000000003,1.230499253650759,,0.9780144719578355,1.203446077803758
igor_jesus_maciel_da_cruz,2,1,FWD,Nott'm Forest,14,0,0,0,3,0,0,4,1.7,0.0,0.0,5.6,0.0,10.700000000000001,0.032,0.564,0.532,1.238,1.6,0.0,5.319999999999999,7.239999999999999,90.0,0.0,0.0,0.0,0.0,0.0,1.0,35.2,1.4,-28987.8,6142.2,35130.0,60.0,0.6,Liverpool,1.2,0.6,Everton,Everton,1.4,1.8000000000000003,3.821061685739439,15210.0,0.5,1.9105308428697194
igor_julio_dos_santos_de_paulo,2,0,DEF,Brighton,6,0,0,0,3,0,0,4,0.68,0.0,0.0,0.0,0.0,0.0,0.0,0.0,0.0,0.0,0.0,0.0,0.0,0.0,0.0,0.0,0.0,0.0,0.0,0.0,0.0,0.0,0.0,-242.39999999999998,282.59999999999997,525.0,45.0,0.0,Chelsea,3.4,1.2000000000000002,Ipswich Town,Ipswich Town,2.0,1.2000000000000002,0.471213557729689,,1.0905779983260113,0.5138951385729226
igor_thiago_nascimento_rodrigues,2,2,FWD,Brentford,13,0,0,0,3,0,0,2,1.6,0.0,0.0,-2.220446049250313e-16,0.4,5.32,0.038,0.918,0.88,1.076,0.6,0.0,4.3999999999999995,2.3200000000000003,86.80000000000001,0.0,0.4,0.0,0.0,0.0,1.0,36.2,1.2,-29637.0,55063.2,84700.2,80.0,0.0,Leeds,1.8000000000000003,1.8000000000000003,Newcastle,Newcastle,2.0,2.1999999999999997,3.9150355905048353,79641.0,0.5,1.9575177952524176
ilia_gruev,2,0,MID,Leeds,4,1,0,0,2,0,0,3,0.0,0.0,0.0,0.0,0.0,0.0,0.0,0.0,0.0,0.0,0.0,0.0,0.0,0.0,0.0,0.0,0.0,0.0,0.0,0.0,0.0,0.0,0.0,-72.0,5.3999999999999995,77.39999999999999,50.0,0.0,Brentford,1.0,1.8000000000000003,Fulham,Fulham,0.8,0.0,0.22627935306347835,,1.3734508511032946,0.31078357005213725
iliman_ndiaye,2,4,MID,Everton,3,0,0,0,3,0,0,3,4.78,0.4,0.4,24.0,0.4,24.619999999999997,0.17,0.278,0.108,2.08,0.6,0.0,7.380000000000001,23.88,90.0,0.0,0.0,0.0,0.0,0.0,1.0,25.200000000000003,6.0,37600.799999999996,73612.8,36012.0,60.0,0.0,Bournemouth,1.4,1.8000000000000003,Nott'm Forest,Nott'm Forest,1.2,0.6,4.855134911814382,14969.0,1.14717540741883,5.569691370534049
illan_meslier,2,0,GK,Arsenal,2,0,0,0,5,0,0,3,1.04,0.0,0.0,0.0,0.0,0.0,0.0,0.0,0.0,0.0,0.0,0.0,0.0,0.0,0.0,0.0,0.0,0.0,0.0,0.0,0.0,0.0,0.0,-234.6,60.599999999999994,295.2,50.0,0.0,Aston Villa,1.8000000000000003,3.0,Man Utd,Man Utd,3.0,1.7999999999999998,0.8442810363332309,,2.0,1.6885620726664619
ismaila_sarr,2,0,MID,Crystal Palace,15,1,0,0,3,0,0,5,0.9199999999999999,0.0,0.0,0.0,0.0,0.0,0.0,0.0,0.0,0.0,0.0,0.0,0.0,0.0,0.0,0.0,0.0,0.0,0.0,0.0,0.0,0.0,0.0,-122685.59999999999,1261.2,123946.79999999999,64.4,0.0,Man City,0.6,0.0,Sunderland,Sunderland,1.0,1.7999999999999998,0.6770729764321073,14971.0,0.5924448878848673,0.4011284236121932
issa_diop,2,2,DEF,Ipswich Town,16,0,0,0,2,0,0,4,1.6,0.0,0.0,7.0,0.0,0.5,0.004,0.004,0.0,3.1259999999999994,3.4,0.0,2.8599999999999994,27.359999999999996,90.0,0.0,0.0,0.0,0.0,0.0,1.0,0.8,2.0,-26646.6,15907.8,42554.4,40.0,0.0,Man Utd,2.0,1.2000000000000002,Brighton,Brighton,3.4,1.2000000000000002,2.3633570658718637,,0.5,1.1816785329359318
jack_butland,2,0,GK,Hull City,7,0,0,0,2,0,0,2,0.0,0.0,0.0,0.0,0.0,0.0,0.0,0.0,0.0,0.0,0.0,0.0,0.0,0.0,0.0,0.0,0.0,0.0,0.0,0.0,0.0,0.0,0.0,-968.4,74.39999999999999,1042.8,45.0,0.0,Coventry City,1.4,3.0,Man City,Man City,3.2,3.0,0.8633990198472179,,2.0,1.7267980396944358
jack_clarke,2,0,MID,Ipswich Town,16,0,0,0,2,0,0,4,2.9000000000000004,0.0,0.4,10.8,0.0,0.24,0.0,0.04000000000000001,0.04000000000000001,0.012,0.0,0.4,2.08,13.440000000000001,7.6000000000000005,0.0,0.0,0.0,0.0,0.0,0.0,7.2,2.8000000000000003,455.4,1921.1999999999998,1465.8,55.0,0.0,Man Utd,2.0,1.2000000000000002,Brighton,Brighton,3.4,1.2000000000000002,1.2962804007764368,,0.9251338906569119,1.199232930552606
jack_fletcher,2,0,MID,Man Utd,12,1,0,0,4,0,0,2,0.6000000000000001,0.0,0.0,0.0,0.0,0.0,0.0,0.0,0.0,0.0,0.0,0.0,0.0,0.0,0.0,0.0,0.0,0.0,0.0,0.0,0.0,0.0,0.0,-76.8,24.599999999999998,101.39999999999999,50.0,0.0,Ipswich Town,3.0,1.7999999999999998,Arsenal,Arsenal,1.8000000000000003,3.0,0.2826552306225114,,0.5624563952570014,0.15898124211647416
jack_grealish,2,0,MID,Man City,8,0,0,0,5,0,0,3,1.22,0.0,0.0,0.8,0.0,0.24,0.0,0.0,0.0,0.0,0.0,0.0,0.08000000000000002,0.4,3.2,0.0,0.0,0.0,0.0,0.0,0.0,0.0,0.4,-720.6,721.1999999999999,1441.8,65.0,0.0,Crystal Palace,3.2,3.0,Hull City,Hull City,1.4,3.0,1.0140418768552555,,0.7159827077538236,0.7260364487665951
jack_harrison,2,0,MID,Leeds,4,1,0,0,2,0,0,3,0.0,0.0,0.0,0.0,0.0,0.0,0.0,0.0,0.0,0.0,0.0,0.0,0.0,0.0,0.0,0.0,0.0,0.0,0.0,0.0,0.0,0.0,0.0,-21.599999999999998,0.0,21.599999999999998,50.0,0.0,Brentford,1.0,1.8000000000000003,Fulham,Fulham,0.8,0.0,0.22627935306347835,,1.3734508511032946,0.31078357005213725
jack_hinshelwood,2,0,MID,Brighton,6,0,0,0,3,0,0,4,2.08,0.0,1.2000000000000002,21.6,0.4,5.36,0.008,0.572,0.564,0.07600000000000001,0.0,0.8,5.800000000000001,29.12,25.200000000000003,0.0,0.0,0.0,0.0,0.0,0.4,23.6,6.4,61045.799999999996,83896.8,22851.0,60.0,0.0,Chelsea,3.4,1.2000000000000002,Ipswich Town,Ipswich Town,2.0,1.2000000000000002,1.8454366838450091,79641.0,2.0,3.6908733676900183
jack_rudoni,2,3,MID,Coventry City,11,1,0,0,2,0,0,2,1.8,0.0,0.0,8.399999999999999,0.6,18.139999999999997,0.054,0.15,0.096,0.128,0.0,0.0,3.38,6.32,50.0,0.0,0.0,0.0,0.0,0.0,0.6,9.200000000000001,2.1999999999999997,-29.4,750.0,779.4,50.0,0.0,Hull City,0.0,0.0,Bournemouth,Bournemouth,1.0,0.6,2.3540494298751757,,0.5,1.1770247149375879
jack_taylor,2,0,MID,Ipswich Town,16,0,0,0,2,0,0,4,0.0,0.0,0.0,0.0,0.0,0.0,0.0,0.0,0.0,0.0,0.0,0.0,0.0,0.0,0.0,0.0,0.0,0.0,0.0,0.0,0.0,0.0,0.0,-463.2,66.6,529.8,45.0,0.0,Man Utd,2.0,1.2000000000000002,Brighton,Brighton,3.4,1.2000000000000002,0.16960216869818523,,0.9251338906569119,0.156904714191602
jacob_greaves,2,-1,DEF,Ipswich Town,16,0,0,0,2,0,0,4,0.7,0.0,0.0,-2.999999999999999,0.0,1.3,0.006,0.006,0.0,3.1259999999999994,3.4,0.0,1.92,17.599999999999998,90.0,0.6,0.0,0.0,0.0,0.0,1.0,0.0,0.20000000000000007,-2685.0,981.5999999999999,3666.6,40.0,0.6,Man Utd,2.0,1.2000000000000002,Brighton,Brighton,3.4,1.2000000000000002,2.7281682340002025,,0.5,1.3640841170001012
jacob_murphy,2,1,MID,Newcastle,19,0,0,0,3,0,0,3,1.1800000000000002,0.0,0.0,1.4,0.0,1.9,0.12,0.12,0.0,0.644,0.4,0.0,0.45999999999999996,1.32,10.4,0.0,0.0,0.0,0.0,0.0,0.0,2.0,0.6,-1179.0,430.2,1609.2,60.0,0.4,Spurs,2.0,2.1999999999999997,Brentford,Brentford,1.8000000000000003,1.8000000000000003,1.5357581184102564,,0.5046080890693773,0.7749559694037819
jacob_ramsey,2,1,MID,Newcastle,19,0,0,0,3,0,0,3,0.9000000000000001,0.0,0.0,2.1999999999999997,0.0,3.04,0.082,0.10600000000000001,0.024,0.8280000000000001,0.4,0.0,0.76,3.24,18.400000000000002,0.0,0.0,0.0,0.0,0.0,0.0,1.6,0.6,-1942.8,865.1999999999999,2808.0,50.0,0.4,Spurs,2.0,2.1999999999999997,Brentford,Brentford,1.8000000000000003,1.8000000000000003,1.483465942792365,,0.5046080890693773,0.7485689145919575
jaden_philogene,2,0,MID,Ipswich Town,16,0,0,0,2,0,0,4,0.8,0.0,0.0,0.0,0.0,0.0,0.0,0.0,0.0,0.0,0.0,0.0,0.0,0.0,0.0,0.0,0.0,0.0,0.0,0.0,0.0,0.0,0.0,-2293.2,63.599999999999994,2356.7999999999997,55.0,0.0,Man Utd,2.0,1.2000000000000002,Brighton,Brighton,3.4,1.2000000000000002,0.4856853159248222,,0.9251338906569119,0.4493239459564622
jahnoah_markelo,2,0,FWD,Coventry City,11,1,0,0,2,0,0,2,0.0,0.0,0.0,0.0,0.0,0.0,0.0,0.0,0.0,0.0,0.0,0.0,0.0,0.0,0.0,0.0,0.0,0.0,0.0,0.0,0.0,0.0,0.0,-354.0,0.0,354.0,50.0,0.0,Hull City,0.0,0.0,Bournemouth,Bournemouth,1.0,0.6,0.0949418778648008,,0.5,0.0474709389324004
jaidon_anthony,2,2,MID,Brentford,13,0,0,0,3,0,0,2,1.78,0.0,0.0,6.0,0.6,29.5,0.176,0.254,0.078,0.094,0.0,0.0,4.5200000000000005,6.16,45.2,0.0,0.0,0.0,0.0,0.0,0.6,9.4,1.6,-259.8,1174.8,1434.6,60.0,0.6,Leeds,1.8000000000000003,1.8000000000000003,Newcastle,Newcastle,2.0,2.1999999999999997,2.5582849062747295,,1.3398293368431589,3.427665169429934
jair_paula_da_cunha_filho,2,1,DEF,Nott'm Forest,14,0,0,0,3,0,0,4,1.28,0.0,0.0,5.6,0.0,0.76,0.0,0.0,0.0,1.238,1.6,0.0,1.78,17.08,90.0,0.0,0.0,0.0,0.0,0.0,1.0,0.0,1.0,-780.0,155.4,935.4,45.0,0.4,Liverpool,1.2,0.6,Everton,Everton,1.4,1.8000000000000003,2.456675534101989,,0.8667834297595639,2.1294056452553307
jaka_bijol,2,1,DEF,Leeds,4,1,0,0,2,0,0,3,4.18,0.0,0.8,11.200000000000001,0.4,0.28,0.0,0.044000000000000004,0.044000000000000004,0.5940000000000001,0.6,0.0,2.1,14.48,63.0,0.0,0.0,0.0,0.0,0.0,1.0,6.0,4.6,22221.0,27131.399999999998,4910.4,50.0,0.0,Brentford,1.0,1.8000000000000003,Fulham,Fulham,0.8,0.0,2.3859606563921902,15210.0,2.0,4.7719213127843805
jake_bidwell,2,0,DEF,Coventry City,11,1,0,0,2,0,0,2,0.4,0.0,0.0,0.0,0.0,0.0,0.0,0.0,0.0,0.0,0.0,0.0,0.0,0.0,0.0,0.0,0.0,0.0,0.0,0.0,0.0,0.0,0.0,-142.79999999999998,303.59999999999997,446.4,40.0,0.0,Hull City,0.0,0.0,Bournemouth,Bournemouth,1.0,0.6,0.08834002535650587,,1.8882084590182253,0.1668043831480389
jake_o'brien,2,0,DEF,Everton,3,0,0,0,3,0,0,3,0.8800000000000001,0.0,0.0,0.0,0.0,0.0,0.0,0.0,0.0,0.0,0.0,0.0,0.0,0.0,0.0,0.0,0.0,0.0,0.0,0.0,0.0,0.0,0.0,-3795.6,841.8,4637.4,50.0,0.0,Bournemouth,1.4,1.8000000000000003,Nott'm Forest,Nott'm Forest,1.2,0.6,0.5859220001858092,,2.0,1.1718440003716184
james_garner,2,1,MID,Everton,3,0,0,0,3,0,0,3,0.8,0.0,0.0,7.8,0.0,5.380000000000001,0.012,0.012,0.0,0.484,0.6,0.0,1.06,3.96,41.0,0.0,0.0,0.0,0.0,0.0,0.6,0.8,1.0,-69.6,919.8,989.4,60.0,0.6,Bournemouth,1.4,1.8000000000000003,Nott'm Forest,Nott'm Forest,1.2,0.6,1.5667755271117076,,1.14717540741883,1.7973663536482254
james_hill,2,4,DEF,Bournemouth,9,1,0,0,3,0,0,3,2.5,0.0,0.0,11.4,0.0,12.719999999999999,0.444,0.444,0.0,2.004,1.4,0.0,3.5399999999999996,20.0,90.0,0.0,0.0,0.0,0.0,0.0,1.0,2.4,2.8,1447.2,5491.8,4044.6,55.0,0.0,Everton,1.0,0.6,Coventry City,Coventry City,0.0,0.0,3.6258673125354126,14969.0,1.9055914726584429,6.9094218317584675
james_justin,2,2,DEF,Leeds,4,1,0,0,2,0,0,3,4.279999999999999,0.0,0.8,18.4,0.4,8.0,0.01,0.028,0.018,1.266,0.6,0.0,3.8599999999999994,24.6,90.0,0.0,0.0,0.0,0.0,0.0,1.0,6.199999999999999,5.2,20485.8,26120.399999999998,5634.599999999999,45.0,0.0,Brentford,1.0,1.8000000000000003,Fulham,Fulham,0.8,0.0,3.1867904133788607,14970.0,2.0,6.373580826757721
james_maddison,2,0,MID,Spurs,17,1,0,0,3,0,0,3,1.16,0.0,0.0,2.4000000000000004,0.0,3.3200000000000003,0.004,0.004,0.0,0.34,0.0,0.0,0.8400000000000001,1.7600000000000002,8.8,0.0,0.0,0.0,0.0,0.0,0.0,3.2,0.4,-20580.0,1611.6,22191.6,65.0,0.0,Newcastle,0.0,0.0,Liverpool,Liverpool,2.0,1.0,1.3075148824818335,,0.6492992224190566,0.8489683964967986
james_mcatee,2,2,MID,Nott'm Forest,14,0,0,0,3,0,0,4,2.3,0.0,0.0,16.8,0.4,28.1,0.16,0.16,0.0,1.186,1.2,0.0,3.7800000000000002,9.559999999999999,83.2,0.0,0.0,0.0,0.0,0.0,1.0,0.0,2.4000000000000004,119.39999999999999,404.4,285.0,55.0,0.0,Liverpool,1.2,0.6,Everton,Everton,1.4,1.8000000000000003,2.9141770496598105,,0.9780144719578355,2.8501073284146825
james_mcconnell,2,0,MID,Liverpool,18,1,0,0,4,0,0,3,0.4,0.0,0.0,0.0,0.0,0.0,0.0,0.0,0.0,0.0,0.0,0.0,0.0,0.0,0.0,0.0,0.0,0.0,0.0,0.0,0.0,0.0,0.0,-1210.2,529.8,1740.0,45.0,0.0,Nott'm Forest,2.0,1.0,Spurs,Spurs,0.0,0.0,0.0977801010006083,,1.6380907773744013,0.16017268165983392
james_rowswell,2,0,DEF,Spurs,17,1,0,0,3,0,0,3,0.4,0.0,0.0,0.0,0.0,0.0,0.0,0.0,0.0,0.0,0.0,0.0,0.0,0.0,0.0,0.0,0.0,0.0,0.0,0.0,0.0,0.0,0.0,-216.0,201.0,417.0,40.0,0.0,Newcastle,0.0,0.0,Liverpool,Liverpool,2.0,1.0,0.1577119039463526,,0.6592857121295471,0.1039772049045778
james_tarkowski,2,12,DEF,Everton,3,0,0,0,3,0,0,3,6.52,0.0,1.2,26.2,0.4,7.1000000000000005,0.006,0.08600000000000001,0.08,2.08,0.6,0.6,5.8999999999999995,38.959999999999994,90.0,0.0,0.0,0.0,0.0,0.0,1.0,13.0,9.6,3402.0,25641.6,22239.6,60.0,0.0,Bournemouth,1.4,1.8000000000000003,Nott'm Forest,Nott'm Forest,1.2,0.6,3.9368508683563235,14973.0,2.0,7.873701736712647
james_trafford,2,3,GK,Leeds,4,1,0,0,2,0,0,3,4.64,0.0,0.8,23.200000000000003,0.4,0.0,0.0,0.0,0.0,1.266,0.6,0.0,3.04,30.32,90.0,0.0,0.0,0.0,0.0,3.6,1.0,0.0,5.4,29214.0,38276.4,9062.4,50.0,0.0,Brentford,1.0,1.8000000000000003,Fulham,Fulham,0.8,0.0,3.1607764697551604,50210.0,2.0,6.321552939510321
jamie_bynoe_gittens,2,0,MID,Chelsea,5,1,0,0,4,0,0,3,0.8800000000000001,0.0,0.0,0.0,0.0,0.0,0.0,0.0,0.0,0.0,0.0,0.0,0.0,0.0,0.0,0.0,0.0,0.0,0.0,0.0,0.0,0.0,0.0,-301.2,162.6,463.79999999999995,60.0,0.0,Brighton,3.6,3.0,Aston Villa,Aston Villa,0.0,0.0,0.47396843511679965,,2.0,0.9479368702335993
jan_paul_van_hecke,2,1,DEF,Spurs,17,1,0,0,3,0,0,3,1.48,0.0,0.0,6.6,0.0,9.339999999999998,0.03,0.096,0.066,1.98,2.4000000000000004,0.0,5.7,27.240000000000002,90.0,0.0,0.0,0.0,0.0,0.0,1.0,20.6,1.0,-37298.4,21962.399999999998,59260.799999999996,50.0,0.0,Newcastle,0.0,0.0,Liverpool,Liverpool,2.0,1.0,2.8884994483190702,14970.0,0.6592857121295471,1.9043464157708423
jannik_schuster,2,0,DEF,Brentford,13,0,0,0,3,0,0,2,0.68,0.0,0.0,0.0,0.0,0.0,0.0,0.0,0.0,0.0,0.0,0.0,0.0,0.0,0.0,0.0,0.0,0.0,0.0,0.0,0.0,0.0,0.0,-638.4,85.2,723.6,45.0,0.0,Leeds,1.8000000000000003,1.8000000000000003,Newcastle,Newcastle,2.0,2.1999999999999997,0.4673098888014773,,0.9447351548064342,0.4414840801394412
jaouen_hadjam,2,0,DEF,Brighton,6,0,0,0,3,0,0,4,1.7,0.0,0.0,0.0,0.0,0.0,0.0,0.0,0.0,0.0,0.0,0.0,0.0,0.0,0.0,0.0,0.0,0.0,0.0,0.0,0.0,0.0,0.0,952.0,1006.0,54.0,45.0,0.0,Chelsea,3.4,1.2000000000000002,Ipswich Town,Ipswich Town,2.0,1.2000000000000002,0.5918717891508526,,1.0905779983260113,0.6454823510777719
jarrad_branthwaite,2,4,DEF,Everton,3,0,0,0,3,0,0,3,4.0,0.0,0.0,14.4,0.4,1.22,0.01,0.064,0.054,2.08,0.6,0.0,4.42,21.0,90.0,0.0,0.0,0.0,0.0,0.0,1.0,22.200000000000003,4.800000000000001,6111.0,11461.8,5350.8,55.0,0.0,Bournemouth,1.4,1.8000000000000003,Nott'm Forest,Nott'm Forest,1.2,0.6,3.8915382091107653,61014.0,2.0,7.783076418221531
jason_steele,2,0,GK,Brighton,6,0,0,0,3,0,0,4,0.4,0.0,0.0,0.0,0.0,0.0,0.0,0.0,0.0,0.0,0.0,0.0,0.0,0.0,0.0,0.0,0.0,0.0,0.0,0.0,0.0,0.0,0.0,-1998.0,6428.4,8426.4,40.0,0.0,Chelsea,3.4,1.2000000000000002,Ipswich Town,Ipswich Town,2.0,1.2000000000000002,0.2533563499170366,,0.7999999999999999,0.20268507993362925
jay_dasilva,2,2,DEF,Coventry City,11,1,0,0,2,0,0,2,1.2999999999999998,0.0,0.0,7.4,0.0,5.9,0.038,0.14600000000000002,0.108,1.184,1.8000000000000003,0.0,3.12,14.64,90.0,0.0,0.0,0.0,0.0,0.0,1.0,10.2,1.6,-498.0,1934.3999999999999,2432.4,40.0,0.0,Hull City,0.0,0.0,Bournemouth,Bournemouth,1.0,0.6,2.461064933260027,,1.8882084590182253,4.647003625174707
jaydee_canvot,2,0,DEF,Crystal Palace,15,1,0,0,3,0,0,5,1.1800000000000002,0.0,0.0,3.0,0.0,2.58,0.004,0.024,0.020000000000000004,1.774,3.2,0.0,2.9,24.64,90.0,0.0,0.0,0.0,0.0,0.0,1.0,2.0,0.4,-1920.0,492.59999999999997,2412.6,50.0,0.0,Man City,0.6,0.0,Sunderland,Sunderland,1.0,1.7999999999999998,2.3595916676393762,,0.5,1.1797958338196881
jayden_bogle,2,2,DEF,Leeds,4,1,0,0,2,0,0,3,3.08,0.0,0.0,15.0,0.4,7.220000000000001,0.006,0.006,0.0,0.708,0.6,0.0,2.3600000000000003,13.96,76.19999999999999,0.0,0.0,0.0,0.0,0.0,1.0,2.4,3.6000000000000005,1680.6,3555.0,1874.3999999999999,45.0,0.0,Brentford,1.0,1.8000000000000003,Fulham,Fulham,0.8,0.0,2.3334219006890473,,2.0,4.666843801378095
jayden_danns,2,0,FWD,Liverpool,18,1,0,0,4,0,0,3,0.0,0.0,0.0,0.0,0.0,0.0,0.0,0.0,0.0,0.0,0.0,0.0,0.0,0.0,0.0,0.0,0.0,0.0,0.0,0.0,0.0,0.0,0.0,-151.79999999999998,185.4,337.2,45.0,0.0,Nott'm Forest,2.0,1.0,Spurs,Spurs,0.0,0.0,0.07513508820777126,,1.2977871281198392,0.09750935034619426
jayden_lienou,2,0,DEF,Leeds,4,1,0,0,2,0,0,3,0.4,0.0,0.0,0.0,0.0,0.0,0.0,0.0,0.0,0.0,0.0,0.0,0.0,0.0,0.0,0.0,0.0,0.0,0.0,0.0,0.0,0.0,0.0,701.4,892.8,191.4,40.0,0.0,Brentford,1.0,1.8000000000000003,Fulham,Fulham,0.8,0.0,0.13387097076793042,,2.0,0.26774194153586084
jean_philippe_mateta,2,0,FWD,Crystal Palace,15,1,0,0,3,0,0,5,1.44,0.0,0.0,-1.2000000000000002,0.0,4.920000000000001,0.008,0.288,0.27999999999999997,0.392,0.8,0.0,1.0,0.5599999999999999,24.8,0.0,0.0,0.0,0.0,0.0,0.4,4.4,0.8,-29089.2,14370.6,43459.799999999996,65.0,0.0,Man City,0.6,0.0,Sunderland,Sunderland,1.0,1.7999999999999998,1.433877134372727,79641.0,0.6975933120050559,1.0002630991753894
jefferson_lerma_solis,2,0,MID,Crystal Palace,15,1,0,0,3,0,0,5,0.6000000000000001,0.0,0.0,0.0,0.0,0.0,0.0,0.0,0.0,0.0,0.0,0.0,0.0,0.0,0.0,0.0,0.0,0.0,0.0,0.0,0.0,0.0,0.0,-747.6,122.39999999999999,870.0,50.0,0.0,Man City,0.6,0.0,Sunderland,Sunderland,1.0,1.7999999999999998,0.30049618922523735,,0.5924448878848673,0.1780274311353756
jens_hjerto_dahl,2,0,MID,Hull City,7,0,0,0,2,0,0,2,0.6000000000000001,0.0,0.0,0.0,0.0,0.0,0.0,0.0,0.0,0.0,0.0,0.0,0.0,0.0,0.0,0.0,0.0,0.0,0.0,0.0,0.0,0.0,0.0,-397.2,184.2,581.4,50.0,0.0,Coventry City,1.4,3.0,Man City,Man City,3.2,3.0,0.35992336493042343,,0.6851315495216126,0.24659485272381385
jenson_seelt,2,0,DEF,Sunderland,10,1,0,0,2,0,0,3,0.68,0.0,0.0,0.0,0.0,0.0,0.0,0.0,0.0,0.0,0.0,0.0,0.0,0.0,0.0,0.0,0.0,0.0,0.0,0.0,0.0,0.0,0.0,-41.4,34.8,76.2,45.0,0.0,Fulham,1.0,1.7999999999999998,Crystal Palace,Crystal Palace,0.6,0.0,0.3307881578242844,,2.0,0.6615763156485688
jeremie_frimpong,2,1,DEF,Liverpool,18,1,0,0,4,0,0,3,1.3,0.0,0.0,6.6,0.0,23.4,0.048,0.052000000000000005,0.004,1.97,2.0,0.0,4.3,13.120000000000001,78.0,0.0,0.0,0.0,0.0,0.0,1.0,6.4,0.6,-5429.4,14712.0,20141.399999999998,55.0,0.4,Nott'm Forest,2.0,1.0,Spurs,Spurs,0.0,0.0,2.0467993410032914,14969.0,1.666587621079056,3.411170444548855
jeremy_doku,2,0,MID,Man City,8,0,0,0,5,0,0,3,0.0,0.0,0.0,0.0,0.0,0.0,0.0,0.0,0.0,0.0,0.0,0.0,0.0,0.0,0.0,0.0,0.0,0.0,0.0,0.0,0.0,0.0,0.0,-41712.6,296.4,42009.0,75.0,0.0,Crystal Palace,3.2,3.0,Hull City,Hull City,1.4,3.0,0.8122268265467171,79641.0,0.7159827077538236,0.5815403625812137
jeremy_jacquet,2,3,DEF,Liverpool,18,1,0,0,4,0,0,3,2.08,0.0,0.0,11.4,0.0,13.82,0.038,0.038,0.0,1.754,2.0,0.0,3.84,23.44,73.2,0.0,0.0,0.0,0.0,0.0,1.0,1.2,2.1999999999999997,2733.6,13627.199999999999,10893.6,50.0,0.0,Nott'm Forest,2.0,1.0,Spurs,Spurs,0.0,0.0,2.2104270387636618,14973.0,1.666587621079056,3.6838703401019535
jeremy_monga,2,0,MID,Man City,8,0,0,0,5,0,0,3,0.6000000000000001,0.0,0.0,0.0,0.0,0.0,0.0,0.0,0.0,0.0,0.0,0.0,0.0,0.0,0.0,0.0,0.0,0.0,0.0,0.0,0.0,0.0,0.0,-124.19999999999999,45.6,169.79999999999998,50.0,0.0,Crystal Palace,3.2,3.0,Hull City,Hull City,1.4,3.0,0.26759066097852324,,0.7159827077538236,0.19159028601703848
jesurun_rak_sakyi,2,0,MID,Crystal Palace,15,1,0,0,3,0,0,5,0.6000000000000001,0.0,0.0,0.0,0.0,0.0,0.0,0.0,0.0,0.0,0.0,0.0,0.0,0.0,0.0,0.0,0.0,0.0,0.0,0.0,0.0,0.0,0.0,-30.599999999999998,23.4,54.0,50.0,0.0,Man City,0.6,0.0,Sunderland,Sunderland,1.0,1.7999999999999998,0.30049618922523735,,0.5924448878848673,0.1780274311353756
joachim_andersen,2,1,DEF,Fulham,20,0,0,0,3,0,0,2,0.3,0.0,0.0,2.4,0.0,7.74,0.024,0.024,0.0,1.212,0.6,0.0,1.9799999999999998,10.68,54.0,0.0,0.0,0.0,0.0,0.0,0.6,1.2,0.6,1010.4,1388.3999999999999,378.0,50.0,0.6,Sunderland,0.8,0.0,Leeds,Leeds,1.0,1.8000000000000003,1.597279493970909,,1.1898796390075914,1.9005703476803335
joao_gomes,2,0,MID,Aston Villa,1,1,0,0,3,0,0,5,0.0,0.0,0.0,-0.8,0.0,4.4,0.004,0.004,0.0,1.032,1.6,0.0,0.48,0.4,15.600000000000001,0.0,0.0,0.0,0.4,0.0,0.4,0.0,-0.8,-1037.3999999999999,92.39999999999999,1129.8,55.0,0.0,Arsenal,0.0,0.0,Chelsea,Chelsea,3.6,3.0,-0.5171194973220905,,0.5337727251520737,-0.27602428331488277
joao_pedro_junqueira_de_jesus,2,9,FWD,Chelsea,5,1,0,0,4,0,0,3,6.96,1.0,2.0,44.4,0.0,22.700000000000003,0.048,1.038,0.99,1.3780000000000001,2.5999999999999996,1.0,11.7,52.16,90.0,0.6,0.0,0.0,0.0,0.0,1.0,42.4,9.8,226213.8,243112.8,16899.0,75.6,0.0,Brighton,3.6,3.0,Aston Villa,Aston Villa,0.0,0.0,5.889760869219401,61014.0,1.4625052156953289,8.613805990431628
joao_pedro_loureiro_da_costa,2,0,DEF,Brighton,6,0,0,0,3,0,0,4,0.98,0.0,0.0,2.2,0.0,0.94,0.0,0.048,0.048,0.064,0.0,0.0,1.1199999999999999,3.28,16.4,0.0,0.0,0.0,0.0,0.0,0.0,7.2,0.4,35.4,171.0,135.6,45.0,0.6,Chelsea,3.4,1.2000000000000002,Ipswich Town,Ipswich Town,2.0,1.2000000000000002,1.6612010437423481,,1.0905779983260113,1.8116693091016107
joao_victor_de_souza_menezes,2,0,DEF,Spurs,17,1,0,0,3,0,0,3,0.4,0.0,0.0,0.0,0.0,0.0,0.0,0.0,0.0,0.0,0.0,0.0,0.0,0.0,0.0,0.0,0.0,0.0,0.0,0.0,0.0,0.0,0.0,-900.6,715.8,1616.3999999999999,40.0,0.0,Newcastle,0.0,0.0,Liverpool,Liverpool,2.0,1.0,0.1577119039463526,,0.6592857121295471,0.1039772049045778
joe_gelhardt,2,0,MID,Hull City,7,0,0,0,2,0,0,2,0.0,0.0,0.0,0.0,0.0,0.0,0.0,0.0,0.0,0.0,0.0,0.0,0.0,0.0,0.0,0.0,0.0,0.0,0.0,0.0,0.0,0.0,0.0,-145.79999999999998,27.0,172.79999999999998,50.0,0.0,Coventry City,1.4,3.0,Man City,Man City,3.2,3.0,0.3032529720461776,,0.6851315495216126,0.20776817863503194
joe_gomez,2,0,DEF,Liverpool,18,1,0,0,4,0,0,3,0.0,0.0,0.0,0.0,0.0,0.0,0.0,0.0,0.0,0.0,0.0,0.0,0.0,0.0,0.0,0.0,0.0,0.0,0.0,0.0,0.0,0.0,0.0,-198.0,47.4,245.39999999999998,50.0,0.0,Nott'm Forest,2.0,1.0,Spurs,Spurs,0.0,0.0,0.38891910398380647,,1.666587621079056,0.64816776430057
joe_rodon,2,1,DEF,Leeds,4,1,0,0,2,0,0,3,2.7800000000000002,0.0,0.0,10.8,0.4,5.94,0.024,0.036,0.012,0.474,0.0,0.0,2.02,10.92,55.8,0.0,0.0,0.0,0.0,0.0,1.0,3.2,3.0000000000000004,5415.599999999999,12960.0,7544.4,45.0,0.0,Brentford,1.0,1.8000000000000003,Fulham,Fulham,0.8,0.0,1.3264795244408338,,2.0,2.6529590488816677
joe_willock,2,3,MID,Newcastle,19,0,0,0,3,0,0,3,3.3,0.0,0.0,11.200000000000001,0.6,8.14,0.08,0.158,0.078,1.044,0.4,0.4,2.7399999999999998,15.36,55.6,0.0,0.0,0.0,0.0,0.0,0.6,8.4,4.2,4098.599999999999,5257.8,1159.2,50.0,0.0,Spurs,2.0,2.1999999999999997,Brentford,Brentford,1.8000000000000003,1.8000000000000003,2.687494373294748,,0.5046080890693773,1.3561314000929665
joel_drakes_thomas,2,0,MID,Crystal Palace,15,1,0,0,3,0,0,5,0.4,0.0,0.0,0.0,0.0,0.0,0.0,0.0,0.0,0.0,0.0,0.0,0.0,0.0,0.0,0.0,0.0,0.0,0.0,0.0,0.0,0.0,0.0,-353.4,239.39999999999998,592.8,45.0,0.0,Man City,0.6,0.0,Sunderland,Sunderland,1.0,1.7999999999999998,0.1613447465733342,,0.5924448878848673,0.0955878702944513
joel_latibeaudiere,2,0,DEF,Coventry City,11,1,0,0,2,0,0,2,0.4,0.0,0.0,0.0,0.0,0.0,0.0,0.0,0.0,0.0,0.0,0.0,0.0,0.0,0.0,0.0,0.0,0.0,0.0,0.0,0.0,0.0,0.0,-156.0,96.0,252.0,40.0,0.0,Hull City,0.0,0.0,Bournemouth,Bournemouth,1.0,0.6,0.08834002535650587,,1.8882084590182253,0.1668043831480389
joel_piroe,2,0,FWD,Leeds,4,1,0,0,2,0,0,3,0.0,0.0,0.0,0.0,0.0,0.0,0.0,0.0,0.0,0.0,0.0,0.0,0.0,0.0,0.0,0.0,0.0,0.0,0.0,0.0,0.0,0.0,0.0,-3210.6,0.0,3210.6,50.0,0.0,Brentford,1.0,1.8000000000000003,Fulham,Fulham,0.8,0.0,0.07975835318544933,,2.0,0.15951670637089865
joelinton_cassio_apolinario_de_lira,2,0,MID,Newcastle,19,0,0,0,3,0,0,3,0.0,0.0,0.0,0.0,0.0,0.0,0.0,0.0,0.0,0.0,0.0,0.0,0.0,0.0,0.0,0.0,0.0,0.0,0.0,0.0,0.0,0.0,0.0,-612.0,28.799999999999997,640.8,55.0,0.0,Spurs,2.0,2.1999999999999997,Brentford,Brentford,1.8000000000000003,1.8000000000000003,0.3633179813177576,,0.5046080890693773,0.18333319227729739
johan_manzambi,2,0,MID,Aston Villa,1,1,0,0,3,0,0,5,0.0,0.0,0.0,0.0,0.0,0.0,0.0,0.0,0.0,0.0,0.0,0.0,0.0,0.0,0.0,0.0,0.0,0.0,0.0,0.0,0.0,0.0,0.0,-5134.8,139.2,5274.0,60.0,0.0,Arsenal,0.0,0.0,Chelsea,Chelsea,3.6,3.0,0.5809348284965941,,0.5337727251520737,0.3100871665423796
john_egan,2,9,DEF,Hull City,7,0,0,0,2,0,0,2,5.5,0.0,0.6,25.8,1.0,0.28,0.0,0.0,0.0,1.5060000000000002,0.0,0.0,3.28,31.64,90.0,0.0,0.0,0.0,0.0,0.0,1.0,0.8,8.6,19038.0,25762.2,6724.2,40.0,0.0,Coventry City,1.4,3.0,Man City,Man City,3.2,3.0,3.4850261914650944,,1.1535231286585013,4.020058315835636
john_mcginn,2,1,MID,Aston Villa,1,1,0,0,3,0,0,5,1.4,0.0,0.0,4.4,0.0,8.16,0.034,0.08,0.046,2.072,2.2,0.0,1.22,0.6400000000000001,86.4,0.0,0.0,0.0,0.0,0.0,1.0,6.4,1.0,-22228.2,4563.599999999999,26791.8,55.0,1.0,Arsenal,0.0,0.0,Chelsea,Chelsea,3.6,3.0,2.676660091725417,,0.5337727251520737,1.4287281514660755
john_victor_maciel_furtado,2,0,GK,Nott'm Forest,14,0,0,0,3,0,0,4,0.76,0.0,0.0,0.0,0.0,0.0,0.0,0.0,0.0,0.0,0.0,0.0,0.0,0.0,0.0,0.0,0.0,0.0,0.0,0.0,0.0,0.0,0.0,-172.79999999999998,106.8,279.59999999999997,45.0,0.0,Liverpool,1.2,0.6,Everton,Everton,1.4,1.8000000000000003,0.21462898817645448,,0.6666666666666666,0.1430859921176363
jonah_kusi_asare,2,0,FWD,Fulham,20,0,0,0,3,0,0,2,0.4,0.0,0.0,0.0,0.0,0.0,0.0,0.0,0.0,0.0,0.0,0.0,0.0,0.0,0.0,0.0,0.0,0.0,0.0,0.0,0.0,0.0,0.0,-12353.4,14212.8,26566.2,45.0,0.0,Sunderland,0.8,0.0,Leeds,Leeds,1.0,1.8000000000000003,0.12102547080138804,,0.5519602665449025,0.06680125112225645
jordan_henderson,2,0,MID,Chelsea,5,1,0,0,4,0,0,3,0.44000000000000006,0.0,0.0,0.0,0.0,0.0,0.0,0.0,0.0,0.0,0.0,0.0,0.0,0.0,0.0,0.0,0.0,0.0,0.0,0.0,0.0,0.0,0.0,-286.2,128.4,414.59999999999997,50.0,0.0,Brighton,3.6,3.0,Aston Villa,Aston Villa,0.0,0.0,0.19188752362071004,,2.0,0.3837750472414201
jordan_pickford,2,3,GK,Everton,3,0,0,0,3,0,0,3,4.32,0.0,0.0,26.8,0.4,0.0,0.008,0.008,0.0,2.08,0.6,0.0,3.2,31.68,90.0,0.0,0.0,0.0,0.0,4.0,1.0,0.0,4.6,21209.399999999998,38123.4,16914.0,55.0,0.0,Bournemouth,1.4,1.8000000000000003,Nott'm Forest,Nott'm Forest,1.2,0.6,3.003809342250653,14973.0,2.0,6.007618684501306
jorge_cuenca_barreno,2,0,DEF,Fulham,20,0,0,0,3,0,0,2,1.58,0.0,0.0,2.8000000000000003,0.0,8.520000000000001,0.012,0.012,0.0,0.8960000000000001,1.2000000000000002,0.0,2.16,13.12,36.0,0.0,0.0,0.0,0.0,0.0,0.4,0.0,1.2000000000000002,313.2,468.59999999999997,155.4,45.0,0.0,Sunderland,0.8,0.0,Leeds,Leeds,1.0,1.8000000000000003,1.4823527954965667,,1.1898796390075914,1.7638214091873488
jorgen_strand_larsen,2,2,FWD,Crystal Palace,15,1,0,0,3,0,0,5,1.7,0.0,0.0,9.0,0.0,1.58,0.004,0.134,0.13,1.2619999999999998,1.7999999999999998,0.0,1.48,3.52,48.0,0.0,0.0,0.0,0.0,0.0,0.6,9.200000000000001,1.6,-3756.6,906.0,4662.599999999999,60.0,0.0,Man City,0.6,0.0,Sunderland,Sunderland,1.0,1.7999999999999998,2.1500994633194876,,0.6975933120050559,1.4998950057573346
jorrel_hato,2,4,DEF,Chelsea,5,1,0,0,4,0,0,3,2.18,0.6,0.0,9.2,0.0,17.34,0.048,0.052,0.004,1.266,2.5999999999999996,0.0,4.34,21.36,79.6,0.0,0.0,0.0,0.0,0.0,1.0,4.4,2.8,-75.6,2614.7999999999997,2690.4,45.0,0.0,Brighton,3.6,3.0,Aston Villa,Aston Villa,0.0,0.0,2.553699232033073,,2.0,5.107398464066146
josh_acheampong,2,1,DEF,Chelsea,5,1,0,0,4,0,0,3,1.88,0.0,0.0,4.6000000000000005,0.0,0.9400000000000002,0.004,0.004,0.0,0.616,1.4,0.0,1.8400000000000003,17.0,49.2,0.0,0.0,0.0,0.0,0.0,0.4,0.8,1.8000000000000003,2958.6,4839.0,1880.3999999999999,45.0,0.0,Brighton,3.6,3.0,Aston Villa,Aston Villa,0.0,0.0,2.519092449447519,,2.0,5.038184898895038
josh_dasilva,2,0,MID,Brentford,13,0,0,0,3,0,0,2,0.6000000000000001,0.0,0.0,0.0,0.0,0.0,0.0,0.0,0.0,0.0,0.0,0.0,0.0,0.0,0.0,0.0,0.0,0.0,0.0,0.0,0.0,0.0,0.0,-113.39999999999999,98.39999999999999,211.79999999999998,50.0,0.0,Leeds,1.8000000000000003,1.8000000000000003,Newcastle,Newcastle,2.0,2.1999999999999997,0.31070859340033397,,1.3398293368431589,0.41629648864704016
josh_eccles,2,0,MID,Coventry City,11,1,0,0,2,0,0,2,0.6000000000000001,0.0,0.0,0.0,0.0,0.0,0.0,0.0,0.0,0.0,0.0,0.0,0.0,0.0,0.0,0.0,0.0,0.0,0.0,0.0,0.0,0.0,0.0,-138.0,41.4,179.4,50.0,0.0,Hull City,0.0,0.0,Bournemouth,Bournemouth,1.0,0.6,0.3090222232339255,,0.5,0.15451111161696274
josh_king,2,2,MID,Fulham,20,0,0,0,3,0,0,2,3.5,0.0,0.0,18.400000000000002,0.0,8.94,0.034,0.384,0.35,2.108,1.8000000000000003,0.4,6.08,23.0,90.0,0.0,0.0,0.0,0.0,0.0,1.0,29.0,4.0,18311.399999999998,20809.8,2498.4,55.0,0.0,Sunderland,0.8,0.0,Leeds,Leeds,1.0,1.8000000000000003,3.633517407523643,,0.5246172912441401,1.906206060023484
joshua_zirkzee,2,0,FWD,Man Utd,12,1,0,0,4,0,0,2,0.7200000000000001,0.0,0.0,0.0,0.0,0.0,0.0,0.0,0.0,0.0,0.0,0.0,0.0,0.0,0.0,0.0,0.0,0.0,0.0,0.0,0.0,0.0,0.0,-6651.599999999999,1227.0,7878.599999999999,55.0,0.0,Ipswich Town,3.0,1.7999999999999998,Arsenal,Arsenal,1.8000000000000003,3.0,0.39519009740591415,,0.8345409604458967,0.32980232344783905
josko_gvardiol,2,5,DEF,Man City,8,0,0,0,5,0,0,3,5.2,0.6,0.4,22.0,0.0,23.8,0.044000000000000004,0.12,0.07600000000000001,0.656,1.0,0.4,6.72,35.6,80.4,0.0,0.0,0.0,0.0,0.0,1.0,8.0,6.6,115836.59999999999,137050.8,21214.2,55.0,0.0,Crystal Palace,3.2,3.0,Hull City,Hull City,1.4,3.0,3.6566789247840514,14971.0,1.2386222137026826,4.529243744615967
juanlu_sanchez,2,0,DEF,Bournemouth,9,1,0,0,3,0,0,3,0.68,0.0,0.0,0.0,0.0,0.0,0.0,0.0,0.0,0.0,0.0,0.0,0.0,0.0,0.0,0.0,0.0,0.0,0.0,0.0,0.0,0.0,0.0,-607.8,271.2,879.0,45.0,0.0,Everton,1.0,0.6,Coventry City,Coventry City,0.0,0.0,0.26188363993572783,,1.9055914726584429,0.499043231090277
jules_ahoka,2,0,MID,Sunderland,10,1,0,0,2,0,0,3,1.0,0.0,0.0,0.0,0.0,0.0,0.0,0.0,0.0,0.0,0.0,0.0,0.0,0.0,0.0,0.0,0.0,0.0,0.0,0.0,0.0,0.0,0.0,2077.0,2475.0,398.0,45.0,0.0,Fulham,1.0,1.7999999999999998,Crystal Palace,Crystal Palace,0.6,0.0,0.1942462237778697,,1.6995687171114577,0.33013480534989914
julian_araujo_zuniga,2,0,DEF,Bournemouth,9,1,0,0,3,0,0,3,0.0,0.0,0.0,0.0,0.0,0.0,0.0,0.0,0.0,0.0,0.0,0.0,0.0,0.0,0.0,0.0,0.0,0.0,0.0,0.0,0.0,0.0,0.0,-250.79999999999998,52.8,303.59999999999997,45.0,0.0,Everton,1.0,0.6,Coventry City,Coventry City,0.0,0.0,0.18144481898828535,,1.9055914726584429,0.3457596998221313
julio_enciso,2,5,MID,Ipswich Town,16,0,0,0,2,0,0,4,3.8,1.0,0.0,24.6,0.0,13.04,0.31,0.642,0.332,3.114,3.4,0.0,5.46,21.72,82.0,0.0,0.0,0.0,0.0,0.0,1.0,19.8,5.0,7929.0,10601.4,2672.4,55.0,0.0,Man Utd,2.0,1.2000000000000002,Brighton,Brighton,3.4,1.2000000000000002,3.5380215228673566,,0.9251338906569119,3.27314361667817
julio_soler_barreto,2,0,DEF,Bournemouth,9,1,0,0,3,0,0,3,0.32000000000000006,0.0,0.0,0.0,0.0,0.0,0.0,0.0,0.0,0.0,0.0,0.0,0.0,0.0,0.0,0.0,0.0,0.0,0.0,0.0,0.0,0.0,0.0,-1206.6,249.6,1456.2,40.0,0.0,Everton,1.0,0.6,Coventry City,Coventry City,0.0,0.0,0.04274246532729231,,1.9055914726584429,0.08144967744808738
jun'ai_byfield,2,0,DEF,Spurs,17,1,0,0,3,0,0,3,0.4,0.0,0.0,0.0,0.0,0.0,0.0,0.0,0.0,0.0,0.0,0.0,0.0,0.0,0.0,0.0,0.0,0.0,0.0,0.0,0.0,0.0,0.0,-143.4,191.4,334.8,40.0,0.0,Newcastle,0.0,0.0,Liverpool,Liverpool,2.0,1.0,0.1577119039463526,,0.6592857121295471,0.1039772049045778
junior_kroupi,2,0,MID,Bournemouth,9,1,0,0,3,0,0,3,0.0,0.0,0.0,0.0,0.0,0.0,0.0,0.0,0.0,0.0,0.0,0.0,0.0,0.0,0.0,0.0,0.0,0.0,0.0,0.0,0.0,0.0,0.0,-7767.599999999999,277.2,8044.799999999999,75.0,0.0,Everton,1.0,0.6,Coventry City,Coventry City,0.0,0.0,0.8012789298209305,,1.197570608711334,0.959588095733218
jurrien_timber,2,0,DEF,Arsenal,2,0,0,0,5,0,0,3,0.0,0.0,0.0,0.0,0.0,0.0,0.0,0.0,0.0,0.0,0.0,0.0,0.0,0.0,0.0,0.0,0.0,0.0,0.0,0.0,0.0,0.0,0.0,-1621.8,240.6,1862.3999999999999,65.0,0.0,Aston Villa,1.8000000000000003,3.0,Man Utd,Man Utd,3.0,1.7999999999999998,1.1819515509585807,,2.0,2.3639031019171615
justin_devenny,2,0,MID,Crystal Palace,15,1,0,0,3,0,0,5,0.6000000000000001,0.0,0.0,0.0,0.0,0.0,0.0,0.0,0.0,0.0,0.0,0.0,0.0,0.0,0.0,0.0,0.0,0.0,0.0,0.0,0.0,0.0,0.0,-64.2,41.4,105.6,50.0,0.0,Man City,0.6,0.0,Sunderland,Sunderland,1.0,1.7999999999999998,0.30049618922523735,,0.5924448878848673,0.1780274311353756
justin_kluivert,2,3,MID,Bournemouth,9,1,0,0,3,0,0,3,2.6799999999999997,0.0,0.0,13.2,1.0,21.86,0.03,0.44,0.41,1.778,0.0,0.0,7.380000000000001,11.120000000000001,77.6,0.0,0.0,0.0,0.0,0.0,1.0,41.0,3.0,4038.6,9792.6,5754.0,60.0,0.0,Everton,1.0,0.6,Coventry City,Coventry City,0.0,0.0,3.6225987433991804,14969.0,1.197570608711334,4.3383177822494705
kaden_braithwaite,2,1,DEF,Man City,8,0,0,0,5,0,0,3,1.0,0.0,0.0,3.0,0.0,0.8,0.0,0.0,0.0,0.0,0.0,0.0,0.1,0.6,1.0,0.0,0.0,0.0,0.0,0.0,0.0,0.0,1.0,0.0,0.0,0.0,40.0,0.0,Crystal Palace,3.2,3.0,Hull City,Hull City,1.4,3.0,0.8297534457888923,,1.2386222137026826,1.0277510498504665
kai_andrews,2,0,MID,Coventry City,11,1,0,0,2,0,0,2,0.0,0.0,0.0,0.0,0.0,0.0,0.0,0.0,0.0,0.0,0.0,0.0,0.0,0.0,0.0,0.0,0.0,0.0,0.0,0.0,0.0,0.0,0.0,-4618.0,2576.0,7194.0,45.0,0.0,Hull City,0.0,0.0,Bournemouth,Bournemouth,1.0,0.6,0.13209051865919186,,0.5,0.06604525932959593
kai_havertz,2,2,FWD,Arsenal,2,0,0,0,5,0,0,3,3.36,0.0,0.0,16.6,1.0,7.32,0.03,0.146,0.116,0.278,0.0,0.4,4.74,16.320000000000004,90.0,0.0,0.0,0.0,0.0,0.0,1.0,23.799999999999997,3.6000000000000005,89269.8,112564.8,23295.0,75.0,0.0,Aston Villa,1.8000000000000003,3.0,Man Utd,Man Utd,3.0,1.7999999999999998,4.227234726211384,14972.0,0.9669205467498652,4.087400112708328
kaine_andrews,1,0,MID,Coventry City,1,0,0,0,2,0,0,4,1.0,0.0,0.0,0.0,0.0,0.0,0.0,0.0,0.0,0.0,0.0,0.0,0.0,0.0,0.0,0.0,0.0,0.0,0.0,0.0,0.0,0.0,0.0,0.0,0.0,0.0,45.0,0.0,Arsenal,0.0,0.0,Bournemouth,Bournemouth,1.0,0.6,0.22654117346626834,,0.5,0.11327058673313417
kaine_kesler_hayden,2,0,DEF,Coventry City,11,1,0,0,2,0,0,2,0.4,0.0,0.0,0.0,0.0,0.0,0.0,0.0,0.0,0.0,0.0,0.0,0.0,0.0,0.0,0.0,0.0,0.0,0.0,0.0,0.0,0.0,0.0,-349.2,100.8,450.0,40.0,0.0,Hull City,0.0,0.0,Bournemouth,Bournemouth,1.0,0.6,0.08834002535650587,,1.8882084590182253,0.1668043831480389
kalvin_phillips,2,0,MID,Man City,8,0,0,0,5,0,0,3,0.0,0.0,0.0,0.0,0.0,0.0,0.0,0.0,0.0,0.0,0.0,0.0,0.0,0.0,0.0,0.0,0.0,0.0,0.0,0.0,0.0,0.0,0.0,-183.0,0.0,183.0,50.0,0.0,Crystal Palace,3.2,3.0,Hull City,Hull City,1.4,3.0,0.21092026809427744,,0.7159827077538236,0.15101526467030316
karl_darlow,2,0,GK,Man Utd,12,1,0,0,4,0,0,2,0.5599999999999999,0.0,0.0,0.0,0.0,0.0,0.0,0.0,0.0,0.0,0.0,0.0,0.0,0.0,0.0,0.0,0.0,0.0,0.0,0.0,0.0,0.0,0.0,-9.0,145.2,154.2,45.0,0.0,Ipswich Town,3.0,1.7999999999999998,Arsenal,Arsenal,1.8000000000000003,3.0,0.6462222322077734,,0.5,0.3231111161038867
kasey_mcateer,2,1,MID,Ipswich Town,16,0,0,0,2,0,0,4,1.0,0.0,0.0,3.4,0.0,0.52,0.0,0.0,0.0,0.12,0.0,0.0,0.12,0.6,13.8,0.0,0.0,0.0,0.0,0.0,0.0,0.0,1.0,-3570.0,3369.0,6939.0,45.0,0.0,Man Utd,2.0,1.2000000000000002,Brighton,Brighton,3.4,1.2000000000000002,1.2633241303138985,,0.9251338906569119,1.1687439678380565
kaye_furo,2,0,FWD,Brentford,13,0,0,0,3,0,0,2,0.4,0.0,0.0,0.0,0.0,0.0,0.0,0.0,0.0,0.0,0.0,0.0,0.0,0.0,0.0,0.0,0.0,0.0,0.0,0.0,0.0,0.0,0.0,-151.2,4914.599999999999,5065.8,45.0,0.0,Leeds,1.8000000000000003,1.8000000000000003,Newcastle,Newcastle,2.0,2.1999999999999997,0.10303344284770333,,0.5,0.051516721423851664
kayne_van_oevelen,2,0,GK,Ipswich Town,16,0,0,0,2,0,0,4,0.76,0.0,0.0,0.0,0.0,0.0,0.0,0.0,0.0,0.0,0.0,0.0,0.0,0.0,0.0,0.0,0.0,0.0,0.0,0.0,0.0,0.0,0.0,-349.8,32.4,382.2,45.0,0.0,Man Utd,2.0,1.2000000000000002,Brighton,Brighton,3.4,1.2000000000000002,0.4839613933055147,,0.5333333333333333,0.2581127430962745
keane_lewis_potter,2,6,MID,Brentford,13,0,0,0,3,0,0,2,5.6,0.6,1.4,32.2,0.4,25.32,0.126,0.44600000000000006,0.32000000000000006,1.104,0.6,0.4,7.6,41.92,88.19999999999999,0.0,0.0,0.0,0.0,0.0,1.0,8.8,7.6,27495.6,31525.199999999997,4029.6,55.0,0.0,Leeds,1.8000000000000003,1.8000000000000003,Newcastle,Newcastle,2.0,2.1999999999999997,3.371469284842102,,1.3398293368431589,4.517193456097073
kenny_tete,2,0,DEF,Fulham,20,0,0,0,3,0,0,2,0.68,0.0,0.0,0.0,0.0,0.0,0.0,0.0,0.0,0.0,0.0,0.0,0.0,0.0,0.0,0.0,0.0,0.0,0.0,0.0,0.0,0.0,0.0,-1033.8,202.79999999999998,1236.6,45.0,0.0,Sunderland,0.8,0.0,Leeds,Leeds,1.0,1.8000000000000003,0.33129312645592157,,1.1898796390075914,0.3941989457130683
kepa_arrizabalaga_revuelta,2,0,GK,Arsenal,2,0,0,0,5,0,0,3,1.04,0.0,0.0,0.0,0.0,0.0,0.0,0.0,0.0,0.0,0.0,0.0,0.0,0.0,0.0,0.0,0.0,0.0,0.0,0.0,0.0,0.0,0.0,-640.1999999999999,193.2,833.4,50.0,0.0,Aston Villa,1.8000000000000003,3.0,Man Utd,Man Utd,3.0,1.7999999999999998,0.8442810363332309,,2.0,1.6885620726664619
kevin_danso,2,0,DEF,Spurs,17,1,0,0,3,0,0,3,0.8800000000000001,0.0,0.0,0.0,0.0,0.0,0.0,0.0,0.0,0.0,0.0,0.0,0.0,0.0,0.0,0.0,0.0,0.0,0.0,0.0,0.0,0.0,0.0,-847.1999999999999,612.0,1459.2,50.0,0.0,Newcastle,0.0,0.0,Liverpool,Liverpool,2.0,1.0,0.5676040810641266,,0.6592857121295471,0.3742132607919999
kevin_santos_lopes_de_macedo,2,1,MID,Fulham,20,0,0,0,3,0,0,2,1.4,0.0,0.0,2.0,0.0,1.66,0.028,0.028,0.0,0.114,0.0,0.0,0.33999999999999997,2.08,11.0,0.0,0.0,0.0,0.0,0.0,0.0,0.0,1.0,-265.8,251.39999999999998,517.1999999999999,55.0,0.0,Sunderland,0.8,0.0,Leeds,Leeds,1.0,1.8000000000000003,1.427578506954232,,0.5246172912441401,0.7489323693566831
kevin_schade,2,10,MID,Brentford,13,0,0,0,3,0,0,2,4.78,0.0,1.7999999999999998,27.2,0.4,11.379999999999999,0.016,0.374,0.358,1.104,0.6,0.6,8.86,33.12,88.19999999999999,0.0,0.0,0.0,0.0,0.0,1.0,44.0,7.2,-474.59999999999997,14998.8,15473.4,60.0,0.0,Leeds,1.8000000000000003,1.8000000000000003,Newcastle,Newcastle,2.0,2.1999999999999997,3.7852249956616824,14973.0,1.3398293368431589,5.071555495739541
kieran_dowell,2,0,MID,Hull City,7,0,0,0,2,0,0,2,0.4,0.0,0.0,0.0,0.0,0.0,0.0,0.0,0.0,0.0,0.0,0.0,0.0,0.0,0.0,0.0,0.0,0.0,0.0,0.0,0.0,0.0,0.0,-1525.2,1029.6,2554.7999999999997,45.0,0.0,Coventry City,1.4,3.0,Man City,Man City,3.2,3.0,0.22077192227852027,,0.6851315495216126,0.1512578092015476
kiernan_dewsbury_hall,2,2,MID,Everton,3,0,0,0,3,0,0,3,4.82,0.0,1.2000000000000002,30.4,0.4,42.699999999999996,0.164,0.248,0.08399999999999999,2.064,0.6,0.4,8.78,28.759999999999998,90.0,0.0,0.0,0.0,0.0,0.0,1.0,16.2,5.6000000000000005,63417.6,79588.2,16170.599999999999,65.0,0.0,Bournemouth,1.4,1.8000000000000003,Nott'm Forest,Nott'm Forest,1.2,0.6,3.6755905485000833,15210.0,1.14717540741883,4.216547084980384
kim_ji_soo,2,0,DEF,Brentford,13,0,0,0,3,0,0,2,0.68,0.0,0.0,0.0,0.0,0.0,0.0,0.0,0.0,0.0,0.0,0.0,0.0,0.0,0.0,0.0,0.0,0.0,0.0,0.0,0.0,0.0,0.0,-51.6,67.2,118.8,45.0,0.0,Leeds,1.8000000000000003,1.8000000000000003,Newcastle,Newcastle,2.0,2.1999999999999997,0.4673098888014773,,0.9447351548064342,0.4414840801394412
kjell_scherpen,2,2,GK,Ipswich Town,16,0,0,0,2,0,0,4,1.96,0.0,0.0,10.2,0.0,0.0,0.006,0.006,0.0,3.1259999999999994,3.4,0.0,3.32,33.6,90.0,0.0,0.0,0.0,0.0,4.3999999999999995,1.0,0.0,2.0,-1348.2,797.4,2145.6,45.0,0.0,Man Utd,2.0,1.2000000000000002,Brighton,Brighton,3.4,1.2000000000000002,2.312786403002488,,0.5333333333333333,1.233486081601327
kobbie_mainoo,2,4,MID,Man Utd,12,1,0,0,4,0,0,2,2.3,0.0,0.0,17.8,0.0,5.32,0.166,0.27799999999999997,0.11200000000000002,0.664,0.6,0.0,2.1399999999999997,10.239999999999998,56.6,0.0,0.0,0.0,0.0,0.0,0.6,6.199999999999999,2.8,-6139.8,2076.0,8215.8,55.0,0.0,Ipswich Town,3.0,1.7999999999999998,Arsenal,Arsenal,1.8000000000000003,3.0,3.0424005390924975,,0.5624563952570014,1.711217640145924
konstantinos_tzolakis,2,10,GK,Hull City,7,0,0,0,2,0,0,2,6.76,0.0,3.0,35.6,1.0,0.0,0.0,0.0,0.0,1.5060000000000002,0.0,0.0,2.96,29.560000000000002,90.0,0.0,0.0,0.0,0.0,3.8,1.0,0.0,10.0,53733.0,61182.0,7449.0,45.0,0.0,Coventry City,1.4,3.0,Man City,Man City,3.2,3.0,4.218183953443761,,2.0,8.436367906887522
kosta_nedeljkovic,2,0,DEF,Aston Villa,1,1,0,0,3,0,0,5,0.0,0.0,0.0,0.0,0.0,0.0,0.0,0.0,0.0,0.0,0.0,0.0,0.0,0.0,0.0,0.0,0.0,0.0,0.0,0.0,0.0,0.0,0.0,-4342.8,0.0,4342.8,40.0,0.0,Arsenal,0.0,0.0,Chelsea,Chelsea,3.6,3.0,0.24032419690658902,,0.5,0.12016209845329451
kostas_tsimikas,2,1,DEF,Liverpool,18,1,0,0,4,0,0,3,1.1800000000000002,0.0,0.0,2.4,0.0,0.78,0.006,0.03,0.024,0.042,0.0,0.0,0.84,2.16,11.4,0.0,0.0,0.0,0.0,0.0,0.0,5.3999999999999995,0.6,-385.8,203.4,589.1999999999999,50.0,0.0,Nott'm Forest,2.0,1.0,Spurs,Spurs,0.0,0.0,1.2923202063270185,,1.666587621079056,2.1537648583349407
kristoffer_ajer,2,3,DEF,Brentford,13,0,0,0,3,0,0,2,3.98,0.0,0.0,15.8,0.4,12.959999999999999,0.014,0.058,0.044000000000000004,1.104,0.6,0.0,5.8999999999999995,30.679999999999996,90.0,0.0,0.0,0.0,0.0,0.0,1.0,15.2,5.0,33645.6,41986.799999999996,8341.199999999999,45.0,0.6,Leeds,1.8000000000000003,1.8000000000000003,Newcastle,Newcastle,2.0,2.1999999999999997,4.111780720815247,,0.9447351548064342,3.884543795809504
lamare_bogarde,2,0,MID,Aston Villa,1,1,0,0,3,0,0,5,0.9000000000000001,0.0,0.0,1.2000000000000002,0.0,0.2,0.0,0.0,0.0,0.08800000000000001,0.0,0.0,0.12,0.8800000000000001,6.4,0.0,0.0,0.0,0.0,0.0,0.0,0.0,0.4,-209.4,381.59999999999997,591.0,50.0,0.0,Arsenal,0.0,0.0,Chelsea,Chelsea,3.6,3.0,0.8508393617801595,,0.5337727251520737,0.45415484480404694
leif_davis,2,6,DEF,Ipswich Town,16,0,0,0,2,0,0,4,2.8,0.0,0.0,4.6,0.0,9.739999999999998,0.076,0.4,0.324,3.1259999999999994,3.4,0.6,7.4399999999999995,34.28,90.0,0.0,0.0,0.0,0.0,0.0,1.0,30.0,4.3999999999999995,-8380.8,4393.2,12774.0,40.0,0.0,Man Utd,2.0,1.2000000000000002,Brighton,Brighton,3.4,1.2000000000000002,2.5508770662762807,,0.5,1.2754385331381404
leny_yoro,2,1,DEF,Man Utd,12,1,0,0,4,0,0,2,1.1800000000000002,0.0,0.0,-1.2,0.0,1.08,0.006,0.006,0.0,0.6,0.6,0.0,0.24,1.08,9.6,0.0,0.0,0.0,0.0,0.0,0.0,0.0,0.6,-5524.8,921.5999999999999,6446.4,50.0,0.0,Ipswich Town,3.0,1.7999999999999998,Arsenal,Arsenal,1.8000000000000003,3.0,1.2387084485107878,,0.5,0.6193542242553939
leo_fuhr_hjelde,2,0,DEF,Sunderland,10,1,0,0,2,0,0,3,0.0,0.0,0.0,0.0,0.0,0.0,0.0,0.0,0.0,0.0,0.0,0.0,0.0,0.0,0.0,0.0,0.0,0.0,0.0,0.0,0.0,0.0,0.0,-594.0,0.0,594.0,40.0,0.0,Fulham,1.0,1.7999999999999998,Crystal Palace,Crystal Palace,0.6,0.0,0.07379342041705228,,2.0,0.14758684083410456
leo_shahar,2,0,DEF,Newcastle,19,0,0,0,3,0,0,3,0.4,0.0,0.0,0.0,0.0,0.0,0.0,0.0,0.0,0.0,0.0,0.0,0.0,0.0,0.0,0.0,0.0,0.0,0.0,0.0,0.0,0.0,0.0,2008.8,2395.7999999999997,387.0,40.0,0.0,Spurs,2.0,2.1999999999999997,Brentford,Brentford,1.8000000000000003,1.8000000000000003,0.25365234804127934,,1.8956784806584177,0.4808432977503326
leon_bailey,2,0,MID,Aston Villa,1,1,0,0,3,0,0,5,0.8,0.0,0.0,0.0,0.0,0.0,0.0,0.0,0.0,0.0,0.0,0.0,0.0,0.0,0.0,0.0,0.0,0.0,0.0,0.0,0.0,0.0,0.0,-993.0,601.1999999999999,1594.2,55.0,0.0,Arsenal,0.0,0.0,Chelsea,Chelsea,3.6,3.0,0.5362340406517674,,0.5337727251520737,0.28622710519800176
leon_goretzka,2,0,MID,Aston Villa,1,1,0,0,3,0,0,5,2.2,0.0,0.0,0.0,0.0,0.0,0.0,0.0,0.0,0.0,0.0,0.0,0.0,0.0,0.0,0.0,0.0,0.0,0.0,0.0,0.0,0.0,0.0,205.0,212.0,7.0,60.0,0.0,Arsenal,0.0,0.0,Chelsea,Chelsea,3.6,3.0,0.7887262690721625,,0.5337727251520737,0.42100057004167596
levi_samuels_colwill,2,1,DEF,Chelsea,5,1,0,0,4,0,0,3,1.1800000000000002,0.0,0.0,3.6000000000000005,0.0,0.8800000000000001,0.012,0.016,0.004,1.318,2.0,0.0,1.44,10.32,78.6,0.0,0.0,0.0,0.0,0.0,1.0,2.8000000000000003,0.6,-4324.8,6342.599999999999,10667.4,50.0,0.4,Brighton,3.6,3.0,Aston Villa,Aston Villa,0.0,0.0,2.144898742306012,14971.0,2.0,4.289797484612024
lewie_coyle,2,0,DEF,Hull City,7,0,0,0,2,0,0,2,2.1999999999999997,0.0,0.0,10.4,0.4,4.7,0.004,0.004,0.0,1.1179999999999999,0.0,0.0,0.98,5.08,54.6,0.0,0.0,0.0,0.0,0.0,1.0,0.0,2.4000000000000004,-1474.8,1573.8,3048.6,40.0,0.6,Coventry City,1.4,3.0,Man City,Man City,3.2,3.0,0.8987023405438449,,1.1535231286585013,1.0366739355968537
lewis_cook,2,3,MID,Bournemouth,9,1,0,0,3,0,0,3,2.4,0.0,0.0,11.0,1.0,8.52,0.006,0.006,0.0,1.778,0.0,0.0,1.3,4.119999999999999,70.8,0.0,0.0,0.0,0.0,0.0,1.0,0.0,3.0,931.1999999999999,1955.3999999999999,1024.2,50.0,0.0,Everton,1.0,0.6,Coventry City,Coventry City,0.0,0.0,2.219901030637981,,1.197570608711334,2.658488228540045
lewis_dunk,2,-1,DEF,Brighton,6,0,0,0,3,0,0,4,2.18,0.0,0.0,7.200000000000001,0.4,3.7600000000000007,0.022,0.022,0.0,1.874,2.4,0.0,1.82,14.240000000000002,90.0,0.0,0.0,0.0,0.0,0.0,1.0,0.0,1.8000000000000003,4819.8,8005.799999999999,3186.0,45.0,0.6,Chelsea,3.4,1.2000000000000002,Ipswich Town,Ipswich Town,2.0,1.2000000000000002,2.3128522167646195,,1.0905779983260113,2.5223457409830368
lewis_hall,2,11,DEF,Newcastle,19,0,0,0,3,0,0,3,5.08,0.0,1.7999999999999998,34.4,0.6,22.46,0.32599999999999996,0.344,0.018,1.8639999999999999,0.8,0.0,5.680000000000001,32.2,90.0,0.0,0.0,0.0,0.0,0.0,1.0,2.4,7.8,19959.0,31620.6,11661.6,50.0,0.0,Spurs,2.0,2.1999999999999997,Brentford,Brentford,1.8000000000000003,1.8000000000000003,3.7770402667324383,14973.0,1.8956784806584177,7.160053954225013
lewis_koumas,2,0,MID,Liverpool,18,1,0,0,4,0,0,3,0.9000000000000001,0.0,0.0,1.6,0.0,0.2,0.0,0.012,0.012,0.192,0.0,0.0,0.36000000000000004,0.48,4.800000000000001,0.0,0.0,0.0,0.0,0.0,0.0,2.8000000000000003,0.4,-32.4,93.6,126.0,50.0,0.0,Nott'm Forest,2.0,1.0,Spurs,Spurs,0.0,0.0,0.6775358991202274,,1.6380907773744013,1.1098653076889173
lewis_miley,2,3,MID,Newcastle,19,0,0,0,3,0,0,3,2.5999999999999996,0.0,0.0,14.8,0.6,17.38,0.028,0.048,0.020000000000000004,1.448,0.4,0.0,3.16,12.96,84.0,0.0,0.0,0.0,0.0,0.0,1.0,1.2000000000000002,3.0,514.1999999999999,834.6,320.4,55.0,0.4,Spurs,2.0,2.1999999999999997,Brentford,Brentford,1.8000000000000003,1.8000000000000003,3.1398463225532316,,0.5046080890693773,1.5843918527950978
liam_delap,2,1,FWD,Nott'm Forest,14,0,0,0,3,0,0,4,1.02,0.0,0.0,5.3999999999999995,0.0,6.06,0.0,0.042,0.042,0.198,0.6,0.0,1.26,2.4,14.399999999999999,0.0,0.0,0.0,0.0,0.0,0.0,4.2,0.6,105.0,4644.0,4539.0,55.0,0.0,Liverpool,1.2,0.6,Everton,Everton,1.4,1.8000000000000003,1.4602723150653771,14974.0,0.5,0.7301361575326886
liam_kitching,2,0,DEF,Coventry City,11,1,0,0,2,0,0,2,0.4,0.0,0.0,0.0,0.0,0.0,0.0,0.0,0.0,0.0,0.0,0.0,0.0,0.0,0.0,0.0,0.0,0.0,0.0,0.0,0.0,0.0,0.0,-2559.6,312.0,2871.6,40.0,0.0,Hull City,0.0,0.0,Bournemouth,Bournemouth,1.0,0.6,0.08834002535650587,,1.8882084590182253,0.1668043831480389
liam_millar,2,6,MID,Hull City,7,0,0,0,2,0,0,2,2.4,0.0,0.0,15.2,0.0,0.6,0.0,0.348,0.348,0.388,0.0,0.6,3.04,21.2,26.2,0.0,0.0,0.0,0.0,0.0,0.0,8.6,3.5999999999999996,-409.2,183.0,592.1999999999999,50.0,0.4,Coventry City,1.4,3.0,Man City,Man City,3.2,3.0,2.3163723493574553,,0.6851315495216126,1.5870197769842915
lisandro_martinez,2,1,DEF,Man Utd,12,1,0,0,4,0,0,2,1.1800000000000002,0.0,0.0,1.2,0.0,1.08,0.036,0.054,0.018,1.236,1.2,0.0,0.6,2.88,54.0,0.0,0.0,0.0,0.0,0.0,0.6,1.7999999999999998,0.6,-7680.0,4065.0,11745.0,50.0,0.0,Ipswich Town,3.0,1.7999999999999998,Arsenal,Arsenal,1.8000000000000003,3.0,1.7493367133436841,,0.5,0.8746683566718421
loum_tchaouna,2,1,MID,Coventry City,11,1,0,0,2,0,0,2,1.7,0.0,0.0,8.600000000000001,0.0,13.5,0.086,0.132,0.046,0.7160000000000001,1.2000000000000002,0.0,2.3,4.92,67.19999999999999,0.0,0.0,0.0,0.0,0.0,1.0,4.2,1.4,786.6,1657.2,870.6,55.0,0.0,Hull City,0.0,0.0,Bournemouth,Bournemouth,1.0,0.6,1.957090873231462,,0.5,0.978545436615731
luc_de_fougerolles,2,0,DEF,Fulham,20,0,0,0,3,0,0,2,0.4,0.0,0.0,0.0,0.0,0.0,0.0,0.0,0.0,0.0,0.0,0.0,0.0,0.0,0.0,0.0,0.0,0.0,0.0,0.0,0.0,0.0,0.0,1546.2,1830.6,284.4,40.0,0.0,Sunderland,0.8,0.0,Leeds,Leeds,1.0,1.8000000000000003,0.12161534254718509,,1.1898796390075914,0.14470761988782918
luca_netz,2,1,DEF,Nott'm Forest,14,0,0,0,3,0,0,4,1.28,0.0,0.0,2.2,0.0,0.36000000000000004,0.0,0.0,0.0,0.052000000000000005,0.4,0.0,0.16,1.2,8.8,0.0,0.0,0.0,0.0,0.0,0.0,0.0,1.0,-105.6,67.2,172.79999999999998,45.0,0.0,Liverpool,1.2,0.6,Everton,Everton,1.4,1.8000000000000003,1.2506549029248961,,0.8667834297595639,1.084046946202856
luca_williams_barnett,2,0,MID,Spurs,17,1,0,0,3,0,0,3,0.4,0.0,0.0,0.0,0.0,0.0,0.0,0.0,0.0,0.0,0.0,0.0,0.0,0.0,0.0,0.0,0.0,0.0,0.0,0.0,0.0,0.0,0.0,1231.2,1581.6,350.4,45.0,0.0,Newcastle,0.0,0.0,Liverpool,Liverpool,2.0,1.0,0.20217784818257112,,0.6492992224190566,0.1312739196153015
lucas_bergvall,2,0,MID,Spurs,17,1,0,0,3,0,0,3,1.1,0.0,0.0,0.8,0.0,0.8,0.004,0.004,0.0,0.68,0.8,0.0,0.0,0.0,18.0,0.0,0.0,0.0,0.0,0.0,0.4,0.8,0.4,-938.4,381.0,1319.3999999999999,55.0,0.0,Newcastle,0.0,0.0,Liverpool,Liverpool,2.0,1.0,0.5577788209247005,,0.6492992224190566,0.36216535470822625
lucas_digne,2,0,DEF,Aston Villa,1,1,0,0,3,0,0,5,0.0,0.0,0.0,0.0,0.0,0.0,0.0,0.0,0.0,0.0,0.0,0.0,0.0,0.0,0.0,0.0,0.0,0.0,0.0,0.0,0.0,0.0,0.0,-2986.2,0.0,2986.2,45.0,0.0,Arsenal,0.0,0.0,Chelsea,Chelsea,3.6,3.0,0.41688011336637865,,0.5,0.20844005668318932
lucas_estella_perri,2,0,GK,Leeds,4,1,0,0,2,0,0,3,0.76,0.0,0.0,0.0,0.0,0.0,0.0,0.0,0.0,0.0,0.0,0.0,0.0,0.0,0.0,0.0,0.0,0.0,0.0,0.0,0.0,0.0,0.0,-3018.6,196.79999999999998,3215.4,45.0,0.0,Brentford,1.0,1.8000000000000003,Fulham,Fulham,0.8,0.0,0.03774301403236957,,2.0,0.07548602806473914
lucas_gourna_douath,2,1,MID,Hull City,7,0,0,0,2,0,0,2,0.9000000000000001,0.0,0.0,3.5999999999999996,0.0,0.54,0.006,0.006,0.0,0.12,0.0,0.0,0.84,7.68,27.0,0.0,0.0,0.0,0.0,0.0,0.0,0.0,0.6,-106.8,81.0,187.79999999999998,50.0,0.0,Coventry City,1.4,3.0,Man City,Man City,3.2,3.0,1.5783126196198283,,0.6851315495216126,1.0813517707096485
lucas_herrington,2,1,DEF,Hull City,7,0,0,0,2,0,0,2,1.0,0.0,0.0,3.4,0.0,0.12,0.0,0.0,0.0,0.504,0.0,0.0,0.5,5.0,29.0,0.0,0.0,0.0,0.0,0.0,0.0,0.0,1.0,-498.59999999999997,1662.6,2161.2,40.0,0.0,Coventry City,1.4,3.0,Man City,Man City,3.2,3.0,1.7159313425175722,,1.1535231286585013,1.9793664907840522
luka_lynch,2,0,MID,Aston Villa,1,1,0,0,3,0,0,5,0.4,0.0,0.0,0.0,0.0,0.0,0.0,0.0,0.0,0.0,0.0,0.0,0.0,0.0,0.0,0.0,0.0,0.0,0.0,0.0,0.0,0.0,0.0,1662.6,2161.7999999999997,499.2,45.0,0.0,Arsenal,0.0,0.0,Chelsea,Chelsea,3.6,3.0,0.25793115534796085,,0.5337727251520737,0.13767661569170395
luka_vuskovic,2,0,DEF,Brighton,6,0,0,0,3,0,0,4,2.6799999999999997,0.0,0.0,6.4,0.4,6.78,0.024,0.094,0.07,1.874,2.4,0.0,3.3200000000000003,18.64,90.0,0.0,0.0,0.0,0.0,0.0,1.0,7.800000000000001,2.4000000000000004,5303.4,12711.6,7408.2,50.0,0.0,Chelsea,3.4,1.2000000000000002,Ipswich Town,Ipswich Town,2.0,1.2000000000000002,2.724916860181227,50210.0,1.0905779983260113,2.971734374981242
lukas_hornicek,2,7,GK,Newcastle,19,0,0,0,3,0,0,3,3.44,0.0,0.0,24.0,0.6,0.0,0.0,0.0,0.0,1.8639999999999999,0.8,0.0,3.74,37.24,90.0,0.0,0.0,0.0,0.0,4.4,1.0,0.0,4.6000000000000005,767.4,3322.2,2554.7999999999997,50.0,0.4,Spurs,2.0,2.1999999999999997,Brentford,Brentford,1.8000000000000003,1.8000000000000003,2.929007537678503,14972.0,1.7777777777777777,5.207124511428449
lukas_nmecha,2,4,FWD,Leeds,4,1,0,0,2,0,0,3,1.92,0.6,0.0,10.799999999999999,0.0,12.18,0.0,0.06,0.06,0.558,0.0,0.0,2.6999999999999997,10.92,12.6,0.0,0.0,0.0,0.0,0.0,0.0,3.5999999999999996,2.4,-4576.2,1150.2,5726.4,55.0,0.0,Brentford,1.0,1.8000000000000003,Fulham,Fulham,0.8,0.0,1.3195751663619895,,2.0,2.639150332723979
luke_o'nien,2,0,DEF,Sunderland,10,1,0,0,2,0,0,3,0.7,0.0,0.0,0.4,0.0,0.5599999999999999,0.004,0.008,0.004,0.676,0.4,0.0,0.68,4.5600000000000005,26.400000000000002,0.0,0.0,0.0,0.0,0.0,0.4,1.6,0.4,-7762.2,2761.2,10523.4,40.0,0.4,Fulham,1.0,1.7999999999999998,Crystal Palace,Crystal Palace,0.6,0.0,0.6425032510644477,,2.0,1.2850065021288954
luke_shaw,2,2,DEF,Man Utd,12,1,0,0,4,0,0,2,1.58,0.0,0.0,12.399999999999999,0.0,24.640000000000004,0.116,0.116,0.0,1.04,1.4,0.0,5.04,21.119999999999997,79.19999999999999,0.0,0.0,0.0,0.0,0.0,1.0,4.800000000000001,1.6,-44497.2,25756.2,70253.4,45.0,0.0,Ipswich Town,3.0,1.7999999999999998,Arsenal,Arsenal,1.8000000000000003,3.0,2.480368636725508,14969.0,0.5,1.240184318362754
luke_woolfenden,2,0,DEF,Coventry City,11,1,0,0,2,0,0,2,0.4,0.0,0.0,0.0,0.0,0.0,0.0,0.0,0.0,0.0,0.0,0.0,0.0,0.0,0.0,0.0,0.0,0.0,0.0,0.0,0.0,0.0,0.0,-769.1999999999999,567.6,1336.8,40.0,0.0,Hull City,0.0,0.0,Bournemouth,Bournemouth,1.0,0.6,0.08834002535650587,,1.8882084590182253,0.1668043831480389
macauley_zepa,2,0,MID,Fulham,20,0,0,0,3,0,0,2,1.0,0.0,0.0,0.0,0.0,0.0,0.0,0.0,0.0,0.0,0.0,0.0,0.0,0.0,0.0,0.0,0.0,0.0,0.0,0.0,0.0,0.0,0.0,0.0,0.0,0.0,45.0,0.0,Sunderland,0.8,0.0,Leeds,Leeds,1.0,1.8000000000000003,0.21397842253178867,,0.5246172912441401,0.11225678041332106
malick_thiaw,2,6,DEF,Newcastle,19,0,0,0,3,0,0,3,3.58,0.0,0.0,15.0,0.6,0.98,0.012,0.012,0.0,1.8639999999999999,0.8,0.0,2.0,19.2,90.0,0.0,0.0,0.0,0.0,0.0,1.0,0.0,4.8,5340.0,11878.8,6538.8,50.0,0.0,Spurs,2.0,2.1999999999999997,Brentford,Brentford,1.8000000000000003,1.8000000000000003,2.9448277622083565,14974.0,1.8956784806584177,5.582446618063866
malick_yalcouye,2,8,MID,Brighton,6,0,0,0,3,0,0,4,3.0999999999999996,0.0,0.6,24.599999999999998,0.0,13.14,0.1,0.52,0.42,1.698,1.7999999999999998,0.6,6.9,30.719999999999995,45.4,0.0,0.0,0.0,0.0,0.0,0.6,25.2,5.2,2032.1999999999998,2603.4,571.1999999999999,45.0,0.0,Chelsea,3.4,1.2000000000000002,Ipswich Town,Ipswich Town,2.0,1.2000000000000002,2.198788269696861,,2.0,4.397576539393722
malo_gusto,2,1,DEF,Chelsea,5,1,0,0,4,0,0,3,1.48,0.0,0.0,0.20000000000000007,0.0,4.340000000000001,0.018000000000000002,0.018000000000000002,0.0,1.29,2.5999999999999996,0.0,1.46,7.5600000000000005,84.0,0.0,0.0,0.0,0.0,0.0,1.0,2.4000000000000004,1.0,1426.8,7995.0,6568.2,50.0,0.0,Brighton,3.6,3.0,Aston Villa,Aston Villa,0.0,0.0,2.5956439116435632,,2.0,5.1912878232871265
mamadou_sangare,2,4,MID,Brentford,13,0,0,0,3,0,0,2,6.199999999999999,0.8,1.2000000000000002,26.0,0.4,23.9,0.15,0.29600000000000004,0.14600000000000002,1.064,0.6,0.0,6.62,27.28,84.0,0.0,0.0,0.0,0.0,0.0,1.0,15.0,8.0,252253.19999999998,266257.2,14004.0,55.6,0.0,Leeds,1.8000000000000003,1.8000000000000003,Newcastle,Newcastle,2.0,2.1999999999999997,4.481799739115359,14974.0,1.3398293368431589,6.004846772322773
mamadou_sarr,2,0,DEF,Chelsea,5,1,0,0,4,0,0,3,0.68,0.0,0.0,0.0,0.0,0.0,0.0,0.0,0.0,0.0,0.0,0.0,0.0,0.0,0.0,0.0,0.0,0.0,0.0,0.0,0.0,0.0,0.0,-326.4,243.0,569.4,45.0,0.0,Brighton,3.6,3.0,Aston Villa,Aston Villa,0.0,0.0,0.3769771557708934,,2.0,0.7539543115417868
manuel_ugarte_ribeiro,2,0,MID,Man Utd,12,1,0,0,4,0,0,2,0.0,0.0,0.0,0.0,0.0,0.0,0.0,0.0,0.0,0.0,0.0,0.0,0.0,0.0,0.0,0.0,0.0,0.0,0.0,0.0,0.0,0.0,0.0,-38.4,14.399999999999999,52.8,50.0,0.0,Ipswich Town,3.0,1.7999999999999998,Arsenal,Arsenal,1.8000000000000003,3.0,0.2259848377382656,,0.5624563952570014,0.12710661721700325
marc_guehi,2,2,DEF,Man City,8,0,0,0,5,0,0,3,4.72,0.0,0.8,19.6,0.0,16.48,0.152,0.508,0.35600000000000004,0.656,1.0,0.4,5.960000000000001,31.96,90.0,0.0,0.0,0.0,0.0,0.0,1.0,11.200000000000001,5.2,84592.2,109647.0,25054.8,60.0,0.0,Crystal Palace,3.2,3.0,Hull City,Hull City,1.4,3.0,3.711792003539015,14970.0,1.2386222137026826,4.59750802822741
marc_guiu_paz,2,0,FWD,Chelsea,5,1,0,0,4,0,0,3,0.5599999999999999,0.0,0.0,0.0,0.0,0.0,0.0,0.0,0.0,0.0,0.0,0.0,0.0,0.0,0.0,0.0,0.0,0.0,0.0,0.0,0.0,0.0,0.0,-2380.7999999999997,1306.8,3687.6,50.0,0.0,Brighton,3.6,3.0,Aston Villa,Aston Villa,0.0,0.0,0.2295075426215245,,1.4625052156953289,0.3356559781253976
marcelino_nunez,2,2,MID,Ipswich Town,16,0,0,0,2,0,0,4,2.4,0.0,0.0,14.0,0.0,10.18,0.024,0.036000000000000004,0.012,1.962,2.1999999999999997,0.0,2.52,12.16,68.2,0.0,0.0,0.0,0.0,0.0,1.0,2.8,2.8,-117.6,718.1999999999999,835.8,50.0,0.0,Man Utd,2.0,1.2000000000000002,Brighton,Brighton,3.4,1.2000000000000002,2.3366491373442226,,0.9251338906569119,2.1617133075313775
marco_bizot,2,0,GK,Aston Villa,1,1,0,0,3,0,0,5,1.06,0.0,0.0,0.4,0.0,0.0,0.0,0.0,0.0,1.508,1.6,0.0,1.1199999999999999,11.280000000000001,36.0,0.0,0.0,0.0,0.0,1.2000000000000002,0.4,0.0,0.4,-21.599999999999998,507.0,528.6,45.0,0.0,Arsenal,0.0,0.0,Chelsea,Chelsea,3.6,3.0,1.0864468428172342,,0.5,0.5432234214086171
marco_palestra,2,0,DEF,Chelsea,5,1,0,0,4,0,0,3,1.0,0.0,0.0,0.0,0.0,0.0,0.0,0.0,0.0,0.0,0.0,0.0,0.0,0.0,0.0,0.0,0.0,0.0,0.0,0.0,0.0,0.0,0.0,-38986.2,2976.0,41962.2,55.0,0.0,Brighton,3.6,3.0,Aston Villa,Aston Villa,0.0,0.0,0.7679425514892694,,2.0,1.5358851029785388
marcos_senesi_baron,2,0,DEF,Spurs,17,1,0,0,3,0,0,3,2.0199999999999996,0.0,0.0,4.0,0.0,0.8800000000000001,0.008,0.008,0.0,1.548,1.2000000000000002,0.0,1.56,14.64,36.0,0.0,0.0,0.0,0.0,0.0,0.4,0.0,1.2000000000000002,-28975.8,9565.199999999999,38541.0,60.0,0.0,Newcastle,0.0,0.0,Liverpool,Liverpool,2.0,1.0,1.803972238182162,14974.0,0.6592857121295471,1.1893331217118597
marcus_bettinelli,2,0,GK,Man City,8,0,0,0,5,0,0,3,0.76,0.0,0.0,0.0,0.0,0.0,0.0,0.0,0.0,0.0,0.0,0.0,0.0,0.0,0.0,0.0,0.0,0.0,0.0,0.0,0.0,0.0,0.0,-60.599999999999994,81.0,141.6,45.0,0.0,Crystal Palace,3.2,3.0,Hull City,Hull City,1.4,3.0,0.742554474288584,,0.5,0.371277237144292
marcus_rashford,2,2,MID,Man Utd,12,1,0,0,4,0,0,2,1.9,0.0,0.0,13.799999999999999,0.0,40.019999999999996,0.07,0.226,0.156,0.672,0.6,0.0,9.040000000000001,14.239999999999998,65.4,0.0,0.0,0.0,0.0,0.0,0.6,36.4,1.6,-4208.4,9038.4,13246.8,70.0,0.0,Ipswich Town,3.0,1.7999999999999998,Arsenal,Arsenal,1.8000000000000003,3.0,3.714623946746763,14972.0,0.5624563952570014,2.08931399482252
marcus_tavernier,2,1,MID,Bournemouth,9,1,0,0,3,0,0,3,4.18,0.0,1.2000000000000002,24.8,0.0,29.859999999999996,0.158,0.372,0.21400000000000002,2.004,1.4,0.4,6.84,25.0,90.0,0.0,0.0,0.0,0.0,0.0,1.0,13.8,4.6,44865.6,52324.2,7458.599999999999,60.0,0.6,Everton,1.0,0.6,Coventry City,Coventry City,0.0,0.0,3.2456693707842352,15210.0,1.197570608711334,3.886918244045809
mark_gillespie,2,0,GK,Newcastle,19,0,0,0,3,0,0,3,0.76,0.0,0.0,0.0,0.0,0.0,0.0,0.0,0.0,0.0,0.0,0.0,0.0,0.0,0.0,0.0,0.0,0.0,0.0,0.0,0.0,0.0,0.0,-41.4,97.2,138.6,45.0,0.0,Spurs,2.0,2.1999999999999997,Brentford,Brentford,1.8000000000000003,1.8000000000000003,0.4833207214398365,,1.7777777777777777,0.8592368381152649
mark_travers,2,0,GK,Everton,3,0,0,0,3,0,0,3,1.04,0.0,0.0,0.0,0.0,0.0,0.0,0.0,0.0,0.0,0.0,0.0,0.0,0.0,0.0,0.0,0.0,0.0,0.0,0.0,0.0,0.0,0.0,-67.8,174.0,241.79999999999998,50.0,0.0,Bournemouth,1.4,1.8000000000000003,Nott'm Forest,Nott'm Forest,1.2,0.6,0.3234481628195758,,2.0,0.6468963256391516
martin_dubravka,2,0,GK,Spurs,17,1,0,0,3,0,0,3,0.4,0.0,0.0,0.0,0.0,0.0,0.0,0.0,0.0,0.0,0.0,0.0,0.0,0.0,0.0,0.0,0.0,0.0,0.0,0.0,0.0,0.0,0.0,-17238.6,21051.6,38290.2,40.0,0.0,Newcastle,0.0,0.0,Liverpool,Liverpool,2.0,1.0,-0.08783365757607742,,0.5,-0.04391682878803871
martin_odegaard,2,3,MID,Arsenal,2,0,0,0,5,0,0,3,5.12,0.0,1.2000000000000002,24.200000000000003,1.0,20.68,0.08200000000000002,0.214,0.132,0.222,0.0,0.4,6.0600000000000005,24.32,72.0,0.0,0.0,0.0,0.0,0.0,1.0,15.4,6.2,151619.4,173735.4,22116.0,65.6,0.0,Aston Villa,1.8000000000000003,3.0,Man Utd,Man Utd,3.0,1.7999999999999998,3.270598692166093,14972.0,0.9613771764907572,3.1442789361090013
martin_zubimendi_ibanez,2,1,MID,Arsenal,2,0,0,0,5,0,0,3,1.4,0.0,0.0,4.2,0.0,1.46,0.008,0.008,0.0,0.06,0.0,0.0,0.6,4.4,11.8,0.0,0.0,0.0,0.0,0.0,0.0,0.0,1.0,-11407.8,947.4,12355.199999999999,55.0,0.0,Aston Villa,1.8000000000000003,3.0,Man Utd,Man Utd,3.0,1.7999999999999998,1.4356901567851028,,0.9613771764907572,1.3802397492456346
mason_burstow,2,0,FWD,Hull City,7,0,0,0,2,0,0,2,0.0,0.0,0.0,0.0,0.0,0.0,0.0,0.0,0.0,0.0,0.0,0.0,0.0,0.0,0.0,0.0,0.0,0.0,0.0,0.0,0.0,0.0,0.0,-726.0,0.0,726.0,45.0,0.0,Coventry City,1.4,3.0,Man City,Man City,3.2,3.0,0.02395126328318886,,0.5173163886779066,0.012390381025933003
mason_mount,2,0,MID,Man Utd,12,1,0,0,4,0,0,2,0.4,0.0,0.0,0.0,0.0,0.0,0.0,0.0,0.0,0.0,0.0,0.0,0.0,0.0,0.0,0.0,0.0,0.0,0.0,0.0,0.0,0.0,0.0,-396.0,21.0,417.0,55.0,0.0,Ipswich Town,3.0,1.7999999999999998,Arsenal,Arsenal,1.8000000000000003,3.0,0.3840264113515841,,0.5624563952570014,0.2159981110122944
mateo_joseph_fernandez_regatillo,2,0,FWD,Leeds,4,1,0,0,2,0,0,3,0.0,0.0,0.0,0.0,0.0,0.0,0.0,0.0,0.0,0.0,0.0,0.0,0.0,0.0,0.0,0.0,0.0,0.0,0.0,0.0,0.0,0.0,0.0,-435.59999999999997,195.0,630.6,45.0,0.0,Brentford,1.0,1.8000000000000003,Fulham,Fulham,0.8,0.0,-0.00939461976617828,,2.0,-0.01878923953235656
mateo_kovacic,2,1,MID,Man City,8,0,0,0,5,0,0,3,1.4,0.0,0.0,6.6,0.0,2.7,0.01,0.01,0.0,0.04000000000000001,0.0,0.0,0.46,2.08,19.8,0.0,0.0,0.0,0.0,0.0,0.0,0.0,1.0,-276.0,497.4,773.4,55.0,0.0,Crystal Palace,3.2,3.0,Hull City,Hull City,1.4,3.0,1.6534281897111351,,0.7159827077538236,1.1838259923458812
mateus_fernandes,2,2,MID,Spurs,17,1,0,0,3,0,0,3,1.78,0.0,0.0,17.2,0.0,38.66,0.126,0.132,0.006,1.304,1.6,0.0,5.1,11.280000000000001,72.0,0.0,0.0,0.0,0.0,0.0,0.6,1.4,1.6,-16080.0,2717.4,18797.399999999998,60.0,0.0,Newcastle,0.0,0.0,Liverpool,Liverpool,2.0,1.0,3.061524206886725,,0.6492992224190566,1.9878452869486694
matheus_franca_de_oliveira,2,0,MID,Crystal Palace,15,1,0,0,3,0,0,5,0.6000000000000001,0.0,0.0,0.0,0.0,0.0,0.0,0.0,0.0,0.0,0.0,0.0,0.0,0.0,0.0,0.0,0.0,0.0,0.0,0.0,0.0,0.0,0.0,-418.2,10.2,428.4,50.0,0.0,Man City,0.6,0.0,Sunderland,Sunderland,1.0,1.7999999999999998,0.30049618922523735,,0.5924448878848673,0.1780274311353756
matheus_nunes,2,0,DEF,Man City,8,0,0,0,5,0,0,3,1.3599999999999999,0.0,0.0,1.6,0.0,0.6000000000000001,0.016,0.016,0.0,0.04000000000000001,0.0,0.0,0.36000000000000004,1.52,13.200000000000001,0.0,0.0,0.0,0.0,0.0,0.0,1.6,0.4,-8677.199999999999,1818.6,10495.8,60.0,0.0,Crystal Palace,3.2,3.0,Hull City,Hull City,1.4,3.0,1.8202317396779397,14973.0,1.2386222137026826,2.2545794668517747
matheus_santos_carneiro_da_cunha,2,9,MID,Man Utd,12,1,0,0,4,0,0,2,4.42,1.2,0.6,24.2,0.0,27.84,0.174,0.336,0.162,1.04,1.4,0.0,7.32,14.16,79.0,0.0,0.0,0.0,0.0,0.0,1.0,30.8,6.199999999999999,-39661.799999999996,16112.4,55774.2,80.0,0.0,Ipswich Town,3.0,1.7999999999999998,Arsenal,Arsenal,1.8000000000000003,3.0,4.332556386749515,14973.0,0.5624563952570014,2.4368740475388315
mathias_jensen,2,0,MID,Brentford,13,0,0,0,3,0,0,2,2.5999999999999996,0.4,0.0,8.8,0.4,18.48,0.136,0.168,0.032,0.188,0.0,0.0,2.8800000000000003,5.04,26.400000000000002,0.0,0.0,0.0,0.0,0.0,0.4,5.2,2.4000000000000004,1512.6,2314.7999999999997,802.1999999999999,55.0,0.0,Leeds,1.8000000000000003,1.8000000000000003,Newcastle,Newcastle,2.0,2.1999999999999997,1.7720437215483213,,1.3398293368431589,2.3742361642991705
mathys_tel,2,2,MID,Spurs,17,1,0,0,3,0,0,3,2.08,0.0,0.0,12.8,0.0,12.38,0.041999999999999996,0.15000000000000002,0.10800000000000001,1.836,1.8000000000000003,0.0,4.26,6.4399999999999995,76.19999999999999,0.0,0.0,0.0,0.0,0.0,1.0,24.0,2.0,-3772.2,2504.4,6276.599999999999,60.0,0.0,Newcastle,0.0,0.0,Liverpool,Liverpool,2.0,1.0,2.9317811057513428,,0.6492992224190566,1.9036031922672287
mats_wieffer,2,0,DEF,Brighton,6,0,0,0,3,0,0,4,2.9800000000000004,0.0,0.4,16.4,0.4,16.04,0.068,0.12200000000000001,0.05399999999999999,1.85,2.4,0.0,4.0,18.88,78.2,0.0,0.0,0.0,0.0,0.0,1.0,4.800000000000001,2.8000000000000003,6222.599999999999,8056.799999999999,1834.2,50.0,0.0,Chelsea,3.4,1.2000000000000002,Ipswich Town,Ipswich Town,2.0,1.2000000000000002,2.094233364042979,,1.0905779983260113,2.283924830185541
matt_crooks,2,0,MID,Hull City,7,0,0,0,2,0,0,2,1.0,0.0,0.0,3.6,0.4,0.96,0.0,0.0,0.0,0.7320000000000001,0.0,0.0,0.8400000000000001,7.6000000000000005,36.0,0.0,0.0,0.0,0.0,0.0,0.4,0.0,0.8,2670.6,6084.599999999999,3414.0,45.0,0.4,Coventry City,1.4,3.0,Man City,Man City,3.2,3.0,1.1071770920496082,,0.6851315495216126,0.7585619566707812
matt_grimes,2,2,MID,Coventry City,11,1,0,0,2,0,0,2,1.8,0.0,0.0,14.0,0.0,14.02,0.028,0.034,0.006,1.184,1.8000000000000003,0.0,2.9000000000000004,13.879999999999999,90.0,0.0,0.0,0.0,0.0,0.0,1.0,1.2,2.0,404.4,1374.0,969.5999999999999,50.0,0.0,Hull City,0.0,0.0,Bournemouth,Bournemouth,1.0,0.6,2.6451108302912782,,0.5,1.3225554151456391
matt_o'riley,2,0,MID,Brighton,6,0,0,0,3,0,0,4,0.8,0.0,0.0,0.0,0.0,0.0,0.0,0.0,0.0,0.0,0.0,0.0,0.0,0.0,0.0,0.0,0.0,0.0,0.0,0.0,0.0,0.0,0.0,-417.59999999999997,393.59999999999997,811.1999999999999,55.0,0.0,Chelsea,3.4,1.2000000000000002,Ipswich Town,Ipswich Town,2.0,1.2000000000000002,0.4138709906289,,2.0,0.8277419812578
matt_targett,2,0,DEF,Hull City,7,0,0,0,2,0,0,2,0.7,0.0,0.0,1.2000000000000002,0.0,0.0,0.0,0.0,0.0,0.028000000000000004,0.0,0.0,0.0,0.16000000000000003,2.0,0.0,0.0,0.0,0.0,0.0,0.0,0.0,0.4,-6028.8,3235.7999999999997,9264.6,40.0,0.0,Coventry City,1.4,3.0,Man City,Man City,3.2,3.0,0.6393365510499608,,1.1535231286585013,0.7374894986328864
matteo_ruggeri,2,0,DEF,Aston Villa,1,1,0,0,3,0,0,5,0.98,0.0,0.0,1.2000000000000002,0.0,0.0,0.0,0.0,0.0,0.05600000000000001,0.0,0.0,0.16000000000000003,1.6,3.2,0.0,0.0,0.0,0.0,0.0,0.0,0.0,0.4,-145.79999999999998,513.6,659.4,45.0,0.0,Arsenal,0.0,0.0,Chelsea,Chelsea,3.6,3.0,0.7880629235098396,,0.5,0.3940314617549198
matthijs_de_ligt,2,0,DEF,Man Utd,12,1,0,0,4,0,0,2,0.0,0.0,0.0,0.0,0.0,0.0,0.0,0.0,0.0,0.0,0.0,0.0,0.0,0.0,0.0,0.0,0.0,0.0,0.0,0.0,0.0,0.0,0.0,-228.6,70.2,298.8,50.0,0.0,Ipswich Town,3.0,1.7999999999999998,Arsenal,Arsenal,1.8000000000000003,3.0,0.5866571274276249,,0.5,0.29332856371381244
matty_cash,2,2,DEF,Aston Villa,1,1,0,0,3,0,0,5,0.98,0.0,0.0,1.5999999999999996,0.0,1.52,0.006,0.096,0.09,2.132,2.2,0.0,1.9,13.200000000000001,82.19999999999999,0.0,0.0,0.0,0.0,0.0,1.0,4.2,0.7999999999999999,-47609.4,16186.8,63796.2,45.0,0.4,Arsenal,0.0,0.0,Chelsea,Chelsea,3.6,3.0,1.9643200793712952,,0.5,0.9821600396856476
matty_jacob,2,0,DEF,Hull City,7,0,0,0,2,0,0,2,0.0,0.0,0.0,0.0,0.0,0.0,0.0,0.0,0.0,0.0,0.0,0.0,0.0,0.0,0.0,0.0,0.0,0.0,0.0,0.0,0.0,0.0,0.0,-102.6,34.199999999999996,136.79999999999998,40.0,0.0,Coventry City,1.4,3.0,Man City,Man City,3.2,3.0,0.32035493139238014,,1.1535231286585013,0.36953682274091787
matz_sels,2,1,GK,Nott'm Forest,14,0,0,0,3,0,0,4,1.94,0.0,0.0,8.0,0.0,0.0,0.006,0.006,0.0,1.238,1.6,0.0,1.58,15.64,90.0,0.0,0.0,0.0,0.0,2.0,1.0,0.0,1.4,-5037.599999999999,2010.0,7047.599999999999,50.0,0.0,Liverpool,1.2,0.6,Everton,Everton,1.4,1.8000000000000003,3.492513296327818,50210.0,0.6666666666666666,2.3283421975518785
max_alleyne,2,0,DEF,Man City,8,0,0,0,5,0,0,3,0.0,0.0,0.0,0.0,0.0,0.0,0.0,0.0,0.0,0.0,0.0,0.0,0.0,0.0,0.0,0.0,0.0,0.0,0.0,0.0,0.0,0.0,0.0,-214.2,0.0,214.2,50.0,0.0,Crystal Palace,3.2,3.0,Hull City,Hull City,1.4,3.0,0.5959008196059882,,1.2386222137026826,0.7380959923276119
max_dowman,2,0,MID,Arsenal,2,0,0,0,5,0,0,3,0.8,0.0,0.0,0.0,0.0,0.0,0.0,0.0,0.0,0.0,0.0,0.0,0.0,0.0,0.0,0.0,0.0,0.0,0.0,0.0,0.0,0.0,0.0,-1114.2,283.8,1398.0,54.4,0.0,Aston Villa,1.8000000000000003,3.0,Man Utd,Man Utd,3.0,1.7999999999999998,0.46676342715700114,,0.9613771764907572,0.44873570568934695
maxence_lacroix,2,1,DEF,Chelsea,5,1,0,0,4,0,0,3,3.2199999999999998,0.4,0.0,8.2,0.0,4.539999999999999,0.08000000000000002,0.09200000000000001,0.012,1.3780000000000001,2.5999999999999996,0.0,3.42,25.480000000000004,90.0,0.0,0.0,0.0,0.0,0.0,1.0,4.3999999999999995,3.0000000000000004,11229.0,38113.2,26884.2,60.0,0.0,Brighton,3.6,3.0,Aston Villa,Aston Villa,0.0,0.0,3.9457341484788353,14974.0,2.0,7.891468296957671
maxim_de_cuyper,2,0,DEF,Brighton,6,0,0,0,3,0,0,4,5.779999999999999,0.4,0.8,17.200000000000003,0.4,32.34,0.114,0.7200000000000001,0.606,1.874,2.4,0.4,7.4399999999999995,21.520000000000003,84.8,0.0,0.0,0.0,0.0,0.0,1.0,20.2,6.800000000000001,284304.0,296998.8,12694.8,45.599999999999994,0.0,Chelsea,3.4,1.2000000000000002,Ipswich Town,Ipswich Town,2.0,1.2000000000000002,2.405853125478094,14971.0,1.0905779983260113,2.623770485850278
melker_ellborg,2,0,GK,Sunderland,10,1,0,0,2,0,0,3,0.76,0.0,0.0,0.0,0.0,0.0,0.0,0.0,0.0,0.0,0.0,0.0,0.0,0.0,0.0,0.0,0.0,0.0,0.0,0.0,0.0,0.0,0.0,-387.0,125.39999999999999,512.4,45.0,0.0,Fulham,1.0,1.7999999999999998,Crystal Palace,Crystal Palace,0.6,0.0,0.014138332818533828,14974.0,2.0,0.028276665637067655
merlin_rohl,2,2,MID,Everton,3,0,0,0,3,0,0,3,2.1,0.0,0.0,12.600000000000001,0.4,6.58,0.03,0.03,0.0,2.08,0.6,0.0,1.8199999999999998,10.56,87.0,0.0,0.0,0.0,0.0,0.0,1.0,0.8,2.4000000000000004,-70.8,310.8,381.59999999999997,50.0,0.0,Bournemouth,1.4,1.8000000000000003,Nott'm Forest,Nott'm Forest,1.2,0.6,2.58784928010678,,1.14717540741883,2.968717052245021
michael_kayode,2,2,DEF,Brentford,13,0,0,0,3,0,0,2,5.18,0.0,0.4,19.8,0.4,10.2,0.126,0.338,0.21200000000000002,1.064,0.6,0.4,5.52,22.16,82.19999999999999,0.0,0.0,0.0,0.0,0.0,1.0,23.200000000000003,6.4,173785.8,186481.8,12696.0,45.599999999999994,0.0,Leeds,1.8000000000000003,1.8000000000000003,Newcastle,Newcastle,2.0,2.1999999999999997,3.3000272089848313,79641.0,0.9447351548064342,3.11765171614573
michael_keane,2,0,DEF,Everton,3,0,0,0,3,0,0,3,0.8800000000000001,0.0,0.0,0.0,0.0,0.0,0.0,0.0,0.0,0.0,0.0,0.0,0.0,0.0,0.0,0.0,0.0,0.0,0.0,0.0,0.0,0.0,0.0,-12975.0,1956.0,14931.0,50.0,0.0,Bournemouth,1.4,1.8000000000000003,Nott'm Forest,Nott'm Forest,1.2,0.6,0.5859220001858092,79641.0,2.0,1.1718440003716184
michael_svoboda,2,0,DEF,Brighton,6,0,0,0,3,0,0,4,0.8800000000000001,0.0,0.0,0.0,0.0,0.0,0.0,0.0,0.0,0.0,0.0,0.0,0.0,0.0,0.0,0.0,0.0,0.0,0.0,0.0,0.0,0.0,0.0,50.4,460.79999999999995,410.4,50.0,0.0,Chelsea,3.4,1.2000000000000002,Ipswich Town,Ipswich Town,2.0,1.2000000000000002,0.6714279509387264,,1.0905779983260113,0.7322445507548916
michele_di_gregorio,2,0,GK,Bournemouth,9,1,0,0,3,0,0,3,2.0,0.0,0.0,0.0,0.0,0.0,0.0,0.0,0.0,0.0,0.0,0.0,0.0,0.0,0.0,0.0,0.0,0.0,0.0,0.0,0.0,0.0,0.0,214.0,241.0,27.0,45.0,0.0,Everton,1.0,0.6,Coventry City,Coventry City,0.0,0.0,-0.19817983196288003,,2.0,-0.39635966392576005
micky_van_de_ven,2,0,DEF,Spurs,17,1,0,0,3,0,0,3,0.0,0.0,0.0,3.0,0.0,1.26,0.012,0.012,0.0,0.432,1.2,0.0,1.02,9.12,54.0,0.0,0.0,0.0,0.0,0.0,0.6,0.0,0.0,-69797.4,5024.4,74821.8,50.0,0.6,Newcastle,0.0,0.0,Liverpool,Liverpool,2.0,1.0,1.7734437275116945,50210.0,0.6592857121295471,1.169206110814226
miguel_brau,2,0,DEF,Coventry City,11,1,0,0,2,0,0,2,0.4,0.0,0.0,0.0,0.0,0.0,0.0,0.0,0.0,0.0,0.0,0.0,0.0,0.0,0.0,0.0,0.0,0.0,0.0,0.0,0.0,0.0,0.0,-49.199999999999996,153.6,202.79999999999998,40.0,0.0,Hull City,0.0,0.0,Bournemouth,Bournemouth,1.0,0.6,0.08834002535650587,,1.8882084590182253,0.1668043831480389
mike_penders,2,0,GK,Chelsea,5,1,0,0,4,0,0,3,0.76,0.0,0.0,0.0,0.0,0.0,0.0,0.0,0.0,0.0,0.0,0.0,0.0,0.0,0.0,0.0,0.0,0.0,0.0,0.0,0.0,0.0,0.0,-222.0,237.0,459.0,45.0,0.0,Brighton,3.6,3.0,Aston Villa,Aston Villa,0.0,0.0,0.21628199809623694,,2.0,0.4325639961924739
mikel_merino_zazon,2,1,MID,Arsenal,2,0,0,0,5,0,0,3,1.48,0.0,0.0,6.2,0.0,1.08,0.008,0.064,0.05600000000000001,0.06,0.0,0.0,1.0,3.12,17.0,0.0,0.0,0.0,0.0,0.0,0.0,5.6000000000000005,1.0,-7701.0,1453.2,9154.199999999999,60.0,0.0,Aston Villa,1.8000000000000003,3.0,Man Utd,Man Utd,3.0,1.7999999999999998,1.8588323819022703,,0.9613771764907572,1.7870390268827934
mikey_moore,2,1,MID,Spurs,17,1,0,0,3,0,0,3,1.5,0.0,0.0,4.6,0.0,2.6000000000000005,0.008,0.17200000000000004,0.16400000000000003,1.352,1.8000000000000003,0.0,3.0,5.68,40.0,0.0,0.0,0.0,0.0,0.0,0.4,22.6,1.4,-64.2,1451.3999999999999,1515.6,50.0,0.0,Newcastle,0.0,0.0,Liverpool,Liverpool,2.0,1.0,2.1196153813034146,,0.6492992224190566,1.3762646189077792
mikkel_damsgaard,2,3,MID,Brentford,13,0,0,0,3,0,0,2,2.0,0.0,0.0,14.4,0.6,29.96,0.122,0.14,0.018,0.11800000000000001,0.0,0.0,5.800000000000001,13.0,46.4,0.0,0.0,0.0,0.0,0.0,0.6,15.0,2.1999999999999997,-3135.6,1390.8,4526.4,55.0,0.0,Leeds,1.8000000000000003,1.8000000000000003,Newcastle,Newcastle,2.0,2.1999999999999997,2.4580644518405492,50210.0,1.3398293368431589,3.2933868644272657
milan_van_ewijk,2,2,DEF,Coventry City,11,1,0,0,2,0,0,2,1.2999999999999998,0.0,0.0,5.8,0.0,21.14,0.118,0.118,0.0,1.184,1.8000000000000003,0.0,3.9,13.48,90.0,0.0,0.0,0.0,0.0,0.0,1.0,4.3999999999999995,1.6,-9244.199999999999,20670.6,29914.8,40.0,0.0,Hull City,0.0,0.0,Bournemouth,Bournemouth,1.0,0.6,2.6047800662110436,,1.8882084590182253,4.9183677549017455
milos_kerkez,2,1,DEF,Liverpool,18,1,0,0,4,0,0,3,1.3,0.0,0.0,6.6,0.0,13.2,0.014,0.022,0.008,1.97,2.0,0.0,3.9800000000000004,21.599999999999998,78.0,0.0,0.0,0.0,0.0,0.0,1.0,4.800000000000001,0.6,-11245.199999999999,9387.0,20632.2,55.0,0.4,Nott'm Forest,2.0,1.0,Spurs,Spurs,0.0,0.0,1.9657794742485897,15210.0,1.666587621079056,3.2761437375539946
mitoma_kaoru,2,0,MID,Brighton,6,0,0,0,3,0,0,4,0.0,0.0,0.0,0.0,0.0,0.0,0.0,0.0,0.0,0.0,0.0,0.0,0.0,0.0,0.0,0.0,0.0,0.0,0.0,0.0,0.0,0.0,0.0,-646.8,95.39999999999999,742.1999999999999,60.0,0.0,Chelsea,3.4,1.2000000000000002,Ipswich Town,Ipswich Town,2.0,1.2000000000000002,0.45857177847372665,,2.0,0.9171435569474533
mohamed_ali_cho,2,1,MID,Hull City,7,0,0,0,2,0,0,2,1.5,0.0,0.0,3.0,0.0,0.3,0.0,0.0,0.0,0.18,0.0,0.0,0.1,0.4,7.0,0.0,0.0,0.0,0.0,0.0,0.0,0.0,1.0,23.0,25.0,2.0,50.0,0.0,Coventry City,1.4,3.0,Man City,Man City,3.2,3.0,1.201893747775583,,0.6851315495216126,0.8234553257738235
mohamed_belloumi,2,6,MID,Hull City,7,0,0,0,2,0,0,2,3.3,0.6,0.0,17.0,1.0,8.14,0.024,0.116,0.092,1.3980000000000001,0.0,0.0,3.5599999999999996,18.16,85.19999999999999,0.0,0.0,0.0,0.0,0.0,1.0,9.4,4.8,5915.4,8334.0,2418.6,50.0,0.0,Coventry City,1.4,3.0,Man City,Man City,3.2,3.0,3.2132881352546914,,0.6851315495216126,2.20152507916646
mohammed_kudus,2,1,MID,Spurs,17,1,0,0,3,0,0,3,0.48,0.0,0.0,2.4,0.0,1.9799999999999998,0.006,0.03,0.024,0.144,0.6,0.0,0.96,0.72,13.2,0.0,0.0,0.0,0.0,0.0,0.0,6.6,0.6,-1282.2,161.4,1443.6,65.0,0.0,Newcastle,0.0,0.0,Liverpool,Liverpool,2.0,1.0,1.5913520184360697,,0.6492992224190566,1.0332636281655363
moises_caicedo_corozo,2,1,MID,Chelsea,5,1,0,0,4,0,0,3,1.04,0.0,0.0,1.7999999999999998,0.0,0.06,0.0,0.0,0.0,0.042,0.0,0.0,0.0,0.0,7.8,0.0,0.0,0.0,0.0,0.0,0.0,0.0,0.6,-53305.2,5688.599999999999,58993.799999999996,55.0,0.0,Brighton,3.6,3.0,Aston Villa,Aston Villa,0.0,0.0,0.9563514385292481,61014.0,2.0,1.9127028770584962
morgan_gibbs_white,2,13,MID,Nott'm Forest,14,0,0,0,3,0,0,4,5.62,0.6,1.7999999999999998,25.599999999999998,0.0,11.22,0.048,0.574,0.526,1.238,1.6,0.6,6.119999999999999,33.839999999999996,90.0,0.0,0.0,0.0,0.0,0.0,1.0,16.6,8.6,-164587.8,5268.0,169855.8,80.0,0.0,Liverpool,1.2,0.6,Everton,Everton,1.4,1.8000000000000003,4.169318376099993,14971.0,0.9780144719578355,4.077653710025534
morgan_rogers,2,5,MID,Chelsea,5,1,0,0,4,0,0,3,4.9399999999999995,0.6,0.4,31.6,0.0,49.3,0.646,1.1139999999999999,0.468,1.342,2.5999999999999996,0.4,11.0,35.599999999999994,86.4,0.0,0.0,0.0,0.0,0.0,1.0,25.4,6.2,108061.2,151110.6,43049.4,75.0,0.0,Brighton,3.6,3.0,Aston Villa,Aston Villa,0.0,0.0,4.966037818710957,14970.0,2.0,9.932075637421914
murillo_costa_dos_santos,2,1,DEF,Nott'm Forest,14,0,0,0,3,0,0,4,2.5,0.0,0.0,7.2,0.0,10.54,0.11200000000000002,0.22000000000000003,0.108,1.238,1.6,0.0,3.5199999999999996,19.6,90.0,0.0,0.0,0.0,0.0,0.0,1.0,4.8,2.2,-1954.1999999999998,5148.0,7102.2,55.0,0.0,Liverpool,1.2,0.6,Everton,Everton,1.4,1.8000000000000003,3.3758829554177723,15210.0,0.8667834297595639,2.9261594065638694
mykhailo_mudryk,2,0,MID,Chelsea,5,1,0,0,4,0,0,3,0.8,0.0,0.0,0.0,0.0,0.0,0.0,0.0,0.0,0.0,0.0,0.0,0.0,0.0,0.0,0.0,0.0,0.0,0.0,0.0,0.0,0.0,0.0,-445.2,140.4,585.6,55.0,0.0,Brighton,3.6,3.0,Aston Villa,Aston Villa,0.0,0.0,0.3461510710417457,,2.0,0.6923021420834914
myles_lewis_skelly,2,3,MID,Arsenal,2,0,0,0,5,0,0,3,2.5999999999999996,0.0,0.0,15.0,1.0,11.08,0.05600000000000001,0.122,0.066,0.278,0.0,0.0,2.78,10.76,78.0,0.0,0.0,0.0,0.0,0.0,1.0,5.800000000000001,3.0,385.2,5815.8,5430.599999999999,55.0,0.0,Aston Villa,1.8000000000000003,3.0,Man Utd,Man Utd,3.0,1.7999999999999998,2.9037301726436935,,0.9613771764907572,2.7915799146672127
nathan_collins,2,3,DEF,Brentford,13,0,0,0,3,0,0,2,3.6999999999999997,0.0,0.0,16.8,0.4,9.14,0.022,0.26,0.23800000000000002,1.104,0.6,0.0,5.779999999999999,21.44,90.0,0.0,0.0,0.0,0.0,0.0,1.0,27.2,4.2,9429.6,15053.4,5623.8,55.0,0.6,Leeds,1.8000000000000003,1.8000000000000003,Newcastle,Newcastle,2.0,2.1999999999999997,4.143432835599891,14972.0,0.9447351548064342,3.914446661370526
nathan_patterson,2,0,DEF,Everton,3,0,0,0,3,0,0,3,0.68,0.0,0.0,0.0,0.0,0.0,0.0,0.0,0.0,0.0,0.0,0.0,0.0,0.0,0.0,0.0,0.0,0.0,0.0,0.0,0.0,0.0,0.0,-97.2,124.19999999999999,221.4,45.0,0.0,Bournemouth,1.4,1.8000000000000003,Nott'm Forest,Nott'm Forest,1.2,0.6,0.38570760697677176,,2.0,0.7714152139535435
neco_williams,2,6,DEF,Nott'm Forest,14,0,0,0,3,0,0,4,3.2800000000000002,0.6,0.0,14.8,0.0,17.5,0.098,0.17,0.072,1.238,1.6,0.0,5.039999999999999,26.72,90.0,0.0,0.0,0.0,0.0,0.0,1.0,6.0,4.3999999999999995,-40790.4,8490.0,49280.4,50.0,0.0,Liverpool,1.2,0.6,Everton,Everton,1.4,1.8000000000000003,3.6905722988710794,14971.0,0.8667834297595639,3.1989269149911124
nehemiah_oriola,2,0,MID,Brighton,6,0,0,0,3,0,0,4,0.4,0.0,0.0,0.0,0.0,0.0,0.0,0.0,0.0,0.0,0.0,0.0,0.0,0.0,0.0,0.0,0.0,0.0,0.0,0.0,0.0,0.0,0.0,-643.1999999999999,1024.8,1668.0,45.0,0.0,Chelsea,3.4,1.2000000000000002,Ipswich Town,Ipswich Town,2.0,1.2000000000000002,0.13556810532509345,,2.0,0.2711362106501869
nick_pope,2,0,GK,Newcastle,19,0,0,0,3,0,0,3,1.04,0.0,0.0,0.0,0.0,0.0,0.0,0.0,0.0,0.0,0.0,0.0,0.0,0.0,0.0,0.0,0.0,0.0,0.0,0.0,0.0,0.0,0.0,-5758.8,1623.6,7382.4,50.0,0.0,Spurs,2.0,2.1999999999999997,Brentford,Brentford,1.8000000000000003,1.8000000000000003,0.6239655428700892,,1.7777777777777777,1.1092720762134918
nick_woltemade,2,4,FWD,Newcastle,19,0,0,0,3,0,0,3,2.0,0.6,0.0,10.799999999999999,0.0,6.3,0.006,0.018,0.012,0.22799999999999998,0.0,0.0,2.4,10.92,11.4,0.0,0.0,0.0,0.0,0.0,0.0,6.6,2.4,-14154.6,4315.8,18470.399999999998,60.0,0.0,Spurs,2.0,2.1999999999999997,Brentford,Brentford,1.8000000000000003,1.8000000000000003,1.3404754852527505,14970.0,2.0,2.680950970505501
nico_elvedi,2,1,DEF,Leeds,4,1,0,0,2,0,0,3,0.98,0.0,0.0,5.3999999999999995,0.0,0.66,0.0,0.0,0.0,0.792,0.6,0.0,1.38,9.6,33.6,0.0,0.0,0.0,0.0,0.0,0.0,3.5999999999999996,0.6,45.0,212.4,167.4,45.0,0.0,Brentford,1.0,1.8000000000000003,Fulham,Fulham,0.8,0.0,1.7314397003754252,,2.0,3.4628794007508503
nico_gonzalez_iglesias,2,2,MID,Newcastle,19,0,0,0,3,0,0,3,1.4,0.0,0.0,5.3999999999999995,0.6,17.7,0.12,0.12,0.0,0.444,0.0,0.0,2.22,4.32,42.0,0.0,0.0,0.0,0.0,0.0,0.6,0.0,1.2,387.0,1432.2,1045.2,55.0,0.6,Spurs,2.0,2.1999999999999997,Brentford,Brentford,1.8000000000000003,1.8000000000000003,1.7053207751709605,,0.5046080890693773,0.8605186576093276
nico_o'reilly,2,2,DEF,Man City,8,0,0,0,5,0,0,3,2.4400000000000004,0.0,0.0,8.6,0.0,16.84,0.17600000000000002,0.216,0.04000000000000001,0.6160000000000001,1.0,0.0,2.96,5.680000000000001,77.6,0.0,0.0,0.0,0.0,0.0,1.0,7.4,2.0,-23127.6,41270.4,64398.0,65.0,0.0,Crystal Palace,3.2,3.0,Hull City,Hull City,1.4,3.0,3.688929837426335,14972.0,1.2386222137026826,4.569190441426883
nicolas_dominguez,2,1,MID,Nott'm Forest,14,0,0,0,3,0,0,4,0.9000000000000001,0.0,0.0,1.7999999999999998,0.0,0.0,0.0,0.0,0.0,0.0,0.0,0.0,0.0,0.12,0.6,0.0,0.0,0.0,0.0,0.0,0.0,0.0,0.6,-508.79999999999995,128.4,637.1999999999999,50.0,0.0,Liverpool,1.2,0.6,Everton,Everton,1.4,1.8000000000000003,0.6557140093414477,,0.9780144719578355,0.6412977906014312
nicolas_jackson,2,2,FWD,Aston Villa,1,1,0,0,3,0,0,5,1.44,0.0,0.0,6.6,0.0,3.54,0.06,0.06,0.0,0.606,0.6,0.0,0.72,2.52,42.0,0.0,0.0,0.0,0.0,0.0,0.6,1.2,1.2,-1726.8,16193.4,3105.0,65.0,0.0,Arsenal,0.0,0.0,Chelsea,Chelsea,3.6,3.0,1.7123265757202883,14969.0,0.8330718127388149,1.4264910044361483
nicolo_savona,2,0,DEF,Nott'm Forest,14,0,0,0,3,0,0,4,0.0,0.0,0.0,0.0,0.0,0.0,0.0,0.0,0.0,0.0,0.0,0.0,0.0,0.0,0.0,0.0,0.0,0.0,0.0,0.0,0.0,0.0,0.0,39.0,67.8,28.799999999999997,45.0,0.0,Liverpool,1.2,0.6,Everton,Everton,1.4,1.8000000000000003,0.29997117998238676,,0.8667834297595639,0.26001004821415663
nikola_milenkovic,2,3,DEF,Nott'm Forest,14,0,0,0,3,0,0,4,2.5,0.0,0.0,3.4,0.0,0.24,0.008,0.052000000000000005,0.044000000000000004,1.238,1.6,0.0,1.9000000000000001,13.239999999999998,90.0,0.0,0.0,0.0,0.0,0.0,1.0,5.6000000000000005,2.5999999999999996,-8670.0,1554.6,10224.6,55.0,0.0,Liverpool,1.2,0.6,Everton,Everton,1.4,1.8000000000000003,3.649785544220064,14972.0,0.8667834297595639,3.1635736319059435
nilson_angulo,2,3,MID,Sunderland,10,1,0,0,2,0,0,3,3.0,0.0,0.0,17.0,0.6,11.34,0.028,0.088,0.06,1.012,0.4,0.4,3.52,17.439999999999998,61.6,0.0,0.0,0.0,0.0,0.0,1.0,6.4,3.8,2378.4,3205.7999999999997,827.4,50.0,0.4,Fulham,1.0,1.7999999999999998,Crystal Palace,Crystal Palace,0.6,0.0,1.93540585465079,,1.6995687171114577,3.2893552454788475
noah_okafor,2,2,MID,Leeds,4,1,0,0,2,0,0,3,1.78,0.0,0.0,10.6,0.0,10.100000000000001,0.07,0.118,0.048,0.496,0.6,0.0,2.5599999999999996,7.84,50.4,0.0,0.0,0.0,0.0,0.0,0.6,7.6,1.6,-4687.8,813.0,5500.8,60.0,0.0,Brentford,1.0,1.8000000000000003,Fulham,Fulham,0.8,0.0,2.281813615323928,,1.3734508511032946,3.133958852025734
noah_sadiki,2,3,MID,Sunderland,10,1,0,0,2,0,0,3,2.1,0.0,0.0,19.8,0.6,17.520000000000003,0.024,0.06,0.036000000000000004,1.29,0.8,0.0,4.800000000000001,16.88,90.0,0.0,0.0,0.0,0.0,0.0,1.0,13.6,2.5999999999999996,-1399.2,699.0,2098.2,50.0,0.0,Fulham,1.0,1.7999999999999998,Crystal Palace,Crystal Palace,0.6,0.0,2.9289266100374767,,1.6995687171114577,4.9779120411350055
nobel_mendy,2,1,DEF,Hull City,7,0,0,0,2,0,0,2,5.2,0.0,0.4,19.4,0.4,0.24,0.0,0.11800000000000002,0.11800000000000002,0.998,0.0,0.4,5.5,37.28,60.0,0.0,0.0,0.0,0.0,0.0,1.0,17.400000000000002,6.6,96072.0,107748.0,11676.0,40.0,0.0,Coventry City,1.4,3.0,Man City,Man City,3.2,3.0,2.166758552208731,,1.1535231286585013,2.49940610419138
noni_madueke,2,0,MID,Arsenal,2,0,0,0,5,0,0,3,1.22,0.0,0.0,3.2,0.0,17.240000000000002,0.016,0.016,0.0,0.06,0.0,0.0,2.12,3.7600000000000002,8.8,0.0,0.0,0.0,0.0,0.0,0.0,0.0,0.4,-4091.3999999999996,847.1999999999999,4938.599999999999,64.4,0.0,Aston Villa,1.8000000000000003,3.0,Man Utd,Man Utd,3.0,1.7999999999999998,1.3492939967568325,,0.9613771764907572,1.2971804528580124
norberto_bercique_gomes_betuncal,2,1,FWD,Everton,3,0,0,0,3,0,0,3,1.32,0.0,0.0,2.4000000000000004,0.0,0.18,0.0,0.044000000000000004,0.044000000000000004,1.084,0.0,0.0,0.44,1.7999999999999998,16.4,0.0,0.0,0.0,0.0,0.0,0.0,2.5999999999999996,1.0,-21061.2,4625.4,25686.6,55.0,0.0,Bournemouth,1.4,1.8000000000000003,Nott'm Forest,Nott'm Forest,1.2,0.6,1.7522480821671809,15210.0,1.2000086458642352,2.102712848299642
nordi_mukiele,2,9,DEF,Sunderland,10,1,0,0,2,0,0,3,3.6999999999999997,0.0,0.6,16.8,0.6,4.8,0.006,0.006,0.0,0.57,0.0,0.0,3.1799999999999997,25.56,54.0,0.0,0.0,0.0,0.0,0.0,0.6,1.2,5.3999999999999995,-19799.399999999998,3352.7999999999997,23152.2,55.0,0.0,Fulham,1.0,1.7999999999999998,Crystal Palace,Crystal Palace,0.6,0.0,2.677809251266871,79641.0,2.0,5.355618502533742
norman_bassette,2,0,FWD,Coventry City,11,1,0,0,2,0,0,2,0.0,0.0,0.0,0.0,0.0,0.0,0.0,0.0,0.0,0.0,0.0,0.0,0.0,0.0,0.0,0.0,0.0,0.0,0.0,0.0,0.0,0.0,0.0,-472.79999999999995,0.0,472.79999999999995,45.0,0.0,Hull City,0.0,0.0,Bournemouth,Bournemouth,1.0,0.6,0.005788904913173409,,0.5,0.0028944524565867047
noussair_mazraoui,2,1,DEF,Man Utd,12,1,0,0,4,0,0,2,1.28,0.0,0.0,2.6,0.0,12.54,0.020000000000000004,0.10800000000000001,0.08800000000000001,1.004,1.4,0.0,2.42,7.8,41.8,0.0,0.0,0.0,0.0,0.0,0.4,3.6,1.0,-142.79999999999998,3512.4,3655.2,45.0,0.0,Ipswich Town,3.0,1.7999999999999998,Arsenal,Arsenal,1.8000000000000003,3.0,1.6764427889938462,,0.5,0.8382213944969231
ola_aina,2,0,DEF,Nott'm Forest,14,0,0,0,3,0,0,4,2.18,0.0,0.0,10.8,0.4,23.54,0.278,0.294,0.016,1.186,1.2,0.0,4.38,13.48,80.2,0.0,0.0,0.0,0.0,0.0,1.0,6.800000000000001,2.0,-3040.2,10662.0,13702.199999999999,45.0,1.0,Liverpool,1.2,0.6,Everton,Everton,1.4,1.8000000000000003,2.5915790300318586,,0.8667834297595639,2.2463377601439785
oli_mcburnie,2,1,FWD,Hull City,7,0,0,0,2,0,0,2,2.52,0.4,0.0,12.600000000000001,1.0,16.42,0.01,0.07400000000000001,0.064,1.5060000000000002,0.0,0.0,4.92,7.359999999999999,90.0,0.0,0.0,0.0,0.0,0.0,1.0,25.6,2.6,40020.0,49584.6,9564.6,55.0,0.6,Coventry City,1.4,3.0,Man City,Man City,3.2,3.0,3.9116386106763006,61014.0,0.5173163886779066,2.023554759888128
oliver_dovin,2,0,GK,Coventry City,11,1,0,0,2,0,0,2,0.4,0.0,0.0,0.0,0.0,0.0,0.0,0.0,0.0,0.0,0.0,0.0,0.0,0.0,0.0,0.0,0.0,0.0,0.0,0.0,0.0,0.0,0.0,-2266.2,1580.3999999999999,3846.6,40.0,0.0,Hull City,0.0,0.0,Bournemouth,Bournemouth,1.0,0.6,-0.25684491615912086,,0.7999999999999999,-0.20547593292729668
olivier_boscagli,2,-1,DEF,Brighton,6,0,0,0,3,0,0,4,2.18,0.0,0.0,10.400000000000002,0.4,18.880000000000003,0.082,0.112,0.03,1.874,2.4,0.0,4.4,16.16,90.0,0.0,0.0,0.0,0.0,0.0,1.0,9.0,1.8000000000000003,1526.3999999999999,2461.7999999999997,935.4,45.0,0.6,Chelsea,3.4,1.2000000000000002,Ipswich Town,Ipswich Town,2.0,1.2000000000000002,2.5583353607372405,,1.0905779983260113,2.790064256759474
ollie_watkins,2,0,FWD,Aston Villa,1,1,0,0,3,0,0,5,1.0,0.0,0.0,0.0,0.0,0.0,0.0,0.0,0.0,0.0,0.0,0.0,0.0,0.0,0.0,0.0,0.0,0.0,0.0,0.0,0.0,0.0,0.0,-159496.8,6379.2,165876.0,79.4,0.0,Arsenal,0.0,0.0,Chelsea,Chelsea,3.6,3.0,0.6991900368129873,,0.8330718127388149,0.582475511416714
omar_alderete,2,0,DEF,Sunderland,10,1,0,0,2,0,0,3,1.1800000000000002,0.0,0.0,0.8,0.0,0.24,0.004,0.004,0.0,0.04000000000000001,0.4,0.0,0.0,0.0,9.200000000000001,0.0,0.0,0.0,0.0,0.0,0.0,0.0,0.4,-1600.2,1558.2,3158.4,50.0,0.0,Fulham,1.0,1.7999999999999998,Crystal Palace,Crystal Palace,0.6,0.0,1.175319173763846,,2.0,2.350638347527692
omar_marmoush,2,2,FWD,Spurs,17,1,0,0,3,0,0,3,1.48,0.0,0.0,8.4,0.0,21.06,0.042,0.144,0.10200000000000001,0.432,1.2,0.0,4.32,5.52,54.0,0.0,0.0,0.0,0.0,0.0,0.6,16.8,1.2,12268.199999999999,23884.8,11616.6,70.0,0.0,Newcastle,0.0,0.0,Liverpool,Liverpool,2.0,1.0,2.604826145103987,14972.0,0.5,1.3024130725519936
omar_richards,2,0,DEF,Nott'm Forest,14,0,0,0,3,0,0,4,0.4,0.0,0.0,0.0,0.0,0.0,0.0,0.0,0.0,0.0,0.0,0.0,0.0,0.0,0.0,0.0,0.0,0.0,0.0,0.0,0.0,0.0,0.0,-907.8,297.0,1204.8,40.0,0.0,Liverpool,1.2,0.6,Everton,Everton,1.4,1.8000000000000003,0.17073221702109276,,0.8667834297595639,0.14798785663999697
omari_hutchinson,2,0,MID,Nott'm Forest,14,0,0,0,3,0,0,4,0.8,0.0,0.0,0.0,0.0,0.0,0.0,0.0,0.0,0.0,0.0,0.0,0.0,0.0,0.0,0.0,0.0,0.0,0.0,0.0,0.0,0.0,0.0,-1219.2,128.4,1347.6,55.0,0.0,Liverpool,1.2,0.6,Everton,Everton,1.4,1.8000000000000003,0.4406909719472598,,0.9780144719578355,0.43100214822558464
oscar_bobb,2,3,MID,Fulham,20,0,0,0,3,0,0,2,2.3,0.0,0.0,8.8,0.6,12.96,0.11000000000000001,0.11000000000000001,0.0,1.04,1.2000000000000002,0.0,2.7,8.120000000000001,66.6,0.0,0.0,0.0,0.0,0.0,1.0,6.0,2.5999999999999996,913.8,2712.0,1798.2,55.0,0.0,Sunderland,0.8,0.0,Leeds,Leeds,1.0,1.8000000000000003,2.4076987739182716,,0.5246172912441401,1.263120408904841
oscar_mingueza,2,1,DEF,Crystal Palace,15,1,0,0,3,0,0,5,0.98,0.0,0.0,0.6,0.0,0.06,0.0,0.0,0.0,0.12,0.6,0.0,0.12,1.32,9.0,0.0,0.0,0.0,0.0,0.0,0.0,0.0,0.6,-648.6,119.39999999999999,768.0,45.0,0.0,Man City,0.6,0.0,Sunderland,Sunderland,1.0,1.7999999999999998,1.0578964978589354,,0.5,0.5289482489294677
oscar_zambrano,2,0,MID,Hull City,7,0,0,0,2,0,0,2,0.0,0.0,0.0,0.0,0.0,0.0,0.0,0.0,0.0,0.0,0.0,0.0,0.0,0.0,0.0,0.0,0.0,0.0,0.0,0.0,0.0,0.0,0.0,-994.8,294.59999999999997,1289.3999999999999,45.0,0.0,Coventry City,1.4,3.0,Man City,Man City,3.2,3.0,0.1829916603556898,,0.6851315495216126,0.12537335980902642
ousmane_diomande,2,0,DEF,Nott'm Forest,14,0,0,0,3,0,0,4,1.0,0.0,0.0,0.0,0.0,0.0,0.0,0.0,0.0,0.0,0.0,0.0,0.0,0.0,0.0,0.0,0.0,0.0,0.0,0.0,0.0,0.0,0.0,-5170.2,2090.4,7260.599999999999,55.0,0.0,Liverpool,1.2,0.6,Everton,Everton,1.4,1.8000000000000003,0.7713753966482049,,0.8667834297595639,0.6686154119388751
paddy_mcnair,2,0,DEF,Hull City,7,0,0,0,2,0,0,2,0.7,0.0,0.0,1.2000000000000002,0.0,0.0,0.0,0.0,0.0,0.384,0.0,0.0,0.16000000000000003,1.6800000000000002,10.4,0.0,0.0,0.0,0.0,0.0,0.0,0.0,0.4,-26.4,387.59999999999997,414.0,40.0,0.0,Coventry City,1.4,3.0,Man City,Man City,3.2,3.0,0.798108451249629,,1.1535231286585013,0.920636557694263
pape_matar_sarr,2,0,MID,Spurs,17,1,0,0,3,0,0,3,0.0,0.0,0.0,0.0,0.0,0.0,0.0,0.0,0.0,0.0,0.0,0.0,0.0,0.0,0.0,0.0,0.0,0.0,0.0,0.0,0.0,0.0,0.0,-6210.599999999999,67.8,6278.4,49.4,0.0,Newcastle,0.0,0.0,Liverpool,Liverpool,2.0,1.0,0.27022754054736997,,0.6492992224190566,0.1754585319536214
pascal_gross,2,13,MID,Brighton,6,0,0,0,3,0,0,4,5.3,0.6,1.7999999999999998,34.8,0.4,42.68000000000001,0.17400000000000002,0.20400000000000001,0.03,1.874,2.4,0.6,9.68,37.08,90.0,0.0,0.0,0.0,0.0,0.0,1.0,17.0,8.6,-49016.4,14507.4,63523.799999999996,55.0,0.4,Chelsea,3.4,1.2000000000000002,Ipswich Town,Ipswich Town,2.0,1.2000000000000002,3.508749931194072,61014.0,2.0,7.017499862388144
pascal_struijk,2,0,DEF,Brighton,6,0,0,0,3,0,0,4,0.8800000000000001,0.0,0.0,0.0,0.0,0.0,0.0,0.0,0.0,0.0,0.0,0.0,0.0,0.0,0.0,0.0,0.0,0.0,0.0,0.0,0.0,0.0,0.0,-682.8,849.6,1532.3999999999999,50.0,0.0,Chelsea,3.4,1.2000000000000002,Ipswich Town,Ipswich Town,2.0,1.2000000000000002,0.6714279509387264,,1.0905779983260113,0.7322445507548916
patrick_dorgu,2,1,MID,Man Utd,12,1,0,0,4,0,0,2,1.1800000000000002,0.0,0.0,-2.0000000000000004,0.0,7.5,0.018000000000000002,0.314,0.296,0.968,1.4,0.0,3.76,4.2,24.0,0.0,0.0,0.0,0.0,0.0,0.4,29.799999999999997,0.6,-14311.8,2884.7999999999997,17196.6,60.0,0.4,Ipswich Town,3.0,1.7999999999999998,Arsenal,Arsenal,1.8000000000000003,3.0,1.6895311482835893,79641.0,0.5624563952570014,0.95028759933801
pau_torres,2,2,DEF,Aston Villa,1,1,0,0,3,0,0,5,1.28,0.0,0.0,-2.000000000000001,0.0,0.76,0.006,0.006,0.0,2.044,2.2,0.0,0.72,6.6,83.2,0.0,0.0,0.0,0.0,0.0,1.0,0.0,1.2,-1937.3999999999999,1098.6,3036.0,45.0,0.0,Arsenal,0.0,0.0,Chelsea,Chelsea,3.6,3.0,2.173116000152091,,0.5,1.0865580000760455
pedro_lomba_neto,2,7,MID,Chelsea,5,1,0,0,4,0,0,3,3.32,0.0,0.0,22.8,0.0,17.0,0.226,0.484,0.25799999999999995,0.844,1.2,0.6,7.0600000000000005,29.200000000000003,45.8,0.0,0.0,0.0,0.0,0.0,0.6,24.400000000000002,4.6000000000000005,-10636.199999999999,3381.0,14017.199999999999,65.0,0.0,Brighton,3.6,3.0,Aston Villa,Aston Villa,0.0,0.0,3.031688365472955,,2.0,6.06337673094591
pedro_porro_sauceda,2,1,DEF,Spurs,17,1,0,0,3,0,0,3,0.3,0.0,0.0,0.6,0.0,4.74,0.06,0.258,0.198,0.432,1.2,0.0,2.28,5.64,54.0,0.0,0.0,0.0,0.0,0.0,0.6,12.6,0.6,-178166.4,12344.4,190510.8,55.0,0.0,Newcastle,0.0,0.0,Liverpool,Liverpool,2.0,1.0,2.1711428320613937,14973.0,0.6592857121295471,1.4314034481705578
pep_chavarria,2,1,DEF,Chelsea,5,1,0,0,4,0,0,3,1.48,0.0,0.0,1.8000000000000003,0.0,0.26,0.012,0.012,0.0,0.166,0.6,0.0,0.62,4.8,20.799999999999997,0.0,0.0,0.0,0.0,0.0,0.0,0.8,1.0,-886.1999999999999,648.6,1534.8,50.0,0.0,Brighton,3.6,3.0,Aston Villa,Aston Villa,0.0,0.0,1.91593337149189,,2.0,3.83186674298378
phil_foden,2,9,MID,Man City,8,0,0,0,5,0,0,3,4.0,1.2,0.6,28.8,0.0,47.32,0.43000000000000005,1.0,0.5700000000000001,0.656,1.0,0.0,9.36,29.839999999999996,86.4,0.0,0.0,0.0,0.0,0.0,1.0,16.2,5.8,-15824.4,12088.199999999999,27912.6,70.0,0.4,Crystal Palace,3.2,3.0,Hull City,Hull City,1.4,3.0,4.380109276437881,14969.0,0.7159827077538236,3.136082500001635
piero_hincapie,2,0,DEF,Arsenal,2,0,0,0,5,0,0,3,1.3,0.0,0.0,1.2000000000000002,0.0,0.2,0.0,0.0,0.0,0.06,0.0,0.0,0.04000000000000001,0.16000000000000003,3.6,0.0,0.0,0.0,0.0,0.0,0.0,0.0,0.4,-22281.6,2346.0,24627.6,54.4,0.0,Aston Villa,1.8000000000000003,3.0,Man Utd,Man Utd,3.0,1.7999999999999998,1.2236952183401462,79641.0,2.0,2.4473904366802923
promise_david,2,1,FWD,Brighton,6,0,0,0,3,0,0,4,1.1,0.0,0.0,1.7999999999999998,0.0,2.22,0.0,0.0,0.0,0.024,0.0,0.0,0.24,0.0,6.0,0.0,0.0,0.0,0.0,0.0,0.0,0.0,0.6,-973.1999999999999,1511.3999999999999,2484.6,60.0,0.0,Chelsea,3.4,1.2000000000000002,Ipswich Town,Ipswich Town,2.0,1.2000000000000002,1.2304116705911887,14969.0,1.4177746472228794,1.7444464722113362
raphael_borges_rodrigues,2,0,MID,Coventry City,11,1,0,0,2,0,0,2,0.4,0.0,0.0,0.0,0.0,0.0,0.0,0.0,0.0,0.0,0.0,0.0,0.0,0.0,0.0,0.0,0.0,0.0,0.0,0.0,0.0,0.0,0.0,-715.8,408.0,1123.8,45.0,0.0,Hull City,0.0,0.0,Bournemouth,Bournemouth,1.0,0.6,0.16987078058202232,,0.5,0.08493539029101116
rayan_ait_nouri,2,0,DEF,Man City,8,0,0,0,5,0,0,3,1.0,0.0,0.0,0.0,0.0,0.0,0.0,0.0,0.0,0.0,0.0,0.0,0.0,0.0,0.0,0.0,0.0,0.0,0.0,0.0,0.0,0.0,0.0,-8497.8,1569.6,10067.4,55.0,0.0,Crystal Palace,3.2,3.0,Hull City,Hull City,1.4,3.0,0.8907491198120168,,1.2386222137026826,1.1033016466352763
rayan_cherki,2,14,MID,Man City,8,0,0,0,5,0,0,3,7.64,0.8,2.1999999999999997,47.2,0.0,48.199999999999996,0.53,0.74,0.21,0.43600000000000005,0.6,1.2,13.999999999999998,60.559999999999995,59.400000000000006,0.0,0.0,0.0,0.0,0.0,0.6,31.0,11.600000000000001,97149.59999999999,121990.79999999999,24841.2,75.0,0.6,Crystal Palace,3.2,3.0,Hull City,Hull City,1.4,3.0,4.551806860921906,14973.0,0.7159827077538236,3.2590150014552983
rayan_vitor_simplicio_rocha,2,2,MID,Bournemouth,9,1,0,0,3,0,0,3,2.12,0.0,0.0,6.0,0.0,6.620000000000001,0.024,0.28,0.256,1.9280000000000002,1.0,0.0,4.76,7.64,89.2,0.0,0.0,0.0,0.0,0.0,1.0,33.2,2.0,900.6,14208.0,13307.4,65.0,0.0,Everton,1.0,0.6,Coventry City,Coventry City,0.0,0.0,3.6903550722013083,14971.0,1.197570608711334,4.41946077017708
reece_james,2,1,DEF,Chelsea,5,1,0,0,4,0,0,3,1.3,0.0,0.0,1.4,0.0,6.960000000000001,0.028000000000000004,0.068,0.04000000000000001,0.616,1.4,0.0,2.5400000000000005,9.6,49.2,0.0,0.0,0.0,0.0,0.0,0.4,8.8,0.6,-11275.8,37515.0,48790.799999999996,55.0,0.4,Brighton,3.6,3.0,Aston Villa,Aston Villa,0.0,0.0,2.6526355386084237,50210.0,2.0,5.305271077216847
regan_slater,2,2,MID,Hull City,7,0,0,0,2,0,0,2,2.8,0.4,0.0,11.6,1.0,9.4,0.18200000000000002,0.18200000000000002,0.0,1.5060000000000002,0.0,0.0,2.42,13.239999999999998,90.0,0.0,0.0,0.0,0.0,0.0,1.0,1.2,3.6000000000000005,41998.2,55422.6,13424.4,45.0,0.6,Coventry City,1.4,3.0,Man City,Man City,3.2,3.0,3.153764348711971,,0.6851315495216126,2.1607434550590523
reinildo_mandava,2,6,DEF,Sunderland,10,1,0,0,2,0,0,3,2.7800000000000002,0.0,0.0,19.2,0.6,14.6,0.122,0.122,0.0,1.29,0.8,0.0,3.64,19.04,90.0,0.0,0.0,0.0,0.0,0.0,1.0,2.8,3.9999999999999996,-1561.8,585.0,2146.7999999999997,45.0,0.0,Fulham,1.0,1.7999999999999998,Crystal Palace,Crystal Palace,0.6,0.0,2.5420143319203135,,2.0,5.084028663840627
reiss_nelson,2,0,MID,Arsenal,2,0,0,0,5,0,0,3,0.8,0.0,0.0,0.0,0.0,0.0,0.0,0.0,0.0,0.0,0.0,0.0,0.0,0.0,0.0,0.0,0.0,0.0,0.0,0.0,0.0,0.0,0.0,-64.8,38.4,103.2,55.0,0.0,Aston Villa,1.8000000000000003,3.0,Man Utd,Man Utd,3.0,1.7999999999999998,0.48119478455985987,,0.9613771764907572,0.4626096833222363
remi_matthews,2,0,GK,Crystal Palace,15,1,0,0,3,0,0,5,0.4,0.0,0.0,0.0,0.0,0.0,0.0,0.0,0.0,0.0,0.0,0.0,0.0,0.0,0.0,0.0,0.0,0.0,0.0,0.0,0.0,0.0,0.0,-174.0,3567.0,3741.0,40.0,0.0,Man City,0.6,0.0,Sunderland,Sunderland,1.0,1.7999999999999998,-0.07182757937979956,,0.6666666666666666,-0.04788505291986637
riccardo_calafiori,2,11,DEF,Arsenal,2,0,0,0,5,0,0,3,7.0,1.0,1.2,30.4,1.0,12.02,0.312,0.39399999999999996,0.082,0.222,0.0,0.0,4.2,23.119999999999997,86.0,0.0,0.0,0.0,0.0,0.0,1.0,7.0,10.2,161083.19999999998,186063.0,24979.8,55.6,0.0,Aston Villa,1.8000000000000003,3.0,Man Utd,Man Utd,3.0,1.7999999999999998,4.562624445303809,15210.0,2.0,9.125248890607619
richarlison_de_andrade,2,0,FWD,Spurs,17,1,0,0,3,0,0,3,1.4,0.0,0.0,2.4000000000000004,0.0,0.8800000000000001,0.0,0.0,0.0,1.2080000000000002,1.2000000000000002,0.0,0.08000000000000002,0.0,26.8,0.0,0.0,0.0,0.0,0.0,0.4,0.0,0.8,-19048.8,8833.8,27882.6,60.0,0.0,Newcastle,0.0,0.0,Liverpool,Liverpool,2.0,1.0,1.0489800895803354,14970.0,0.5,0.5244900447901677
rico_henry,2,1,DEF,Brentford,13,0,0,0,3,0,0,2,0.98,0.0,0.0,1.7999999999999998,0.0,0.0,0.0,0.0,0.0,0.0,0.0,0.0,0.0,0.0,1.2,0.0,0.0,0.0,0.0,0.0,0.0,0.0,0.6,-961.1999999999999,326.4,1287.6,45.0,0.0,Leeds,1.8000000000000003,1.8000000000000003,Newcastle,Newcastle,2.0,2.1999999999999997,0.7830458861356681,,0.9447351548064342,0.7397709764589219
rico_lewis,2,0,DEF,Man City,8,0,0,0,5,0,0,3,0.98,0.0,0.0,-0.4,0.0,1.52,0.008,0.07600000000000001,0.068,0.22000000000000003,0.4,0.0,1.8800000000000001,1.52,22.400000000000002,0.0,0.0,0.0,0.0,0.0,0.4,15.600000000000001,0.4,658.1999999999999,2172.0,1513.8,45.0,0.0,Crystal Palace,3.2,3.0,Hull City,Hull City,1.4,3.0,1.2219720212342011,,1.2386222137026826,1.5135616900238476
rio_cardines,2,0,DEF,Crystal Palace,15,1,0,0,3,0,0,5,0.0,0.0,0.0,0.0,0.0,0.0,0.0,0.0,0.0,0.0,0.0,0.0,0.0,0.0,0.0,0.0,0.0,0.0,0.0,0.0,0.0,0.0,0.0,-39.0,0.0,39.0,45.0,0.0,Man City,0.6,0.0,Sunderland,Sunderland,1.0,1.7999999999999998,0.24671214695676014,,0.5,0.12335607347838007
rio_ngumoha,2,1,MID,Liverpool,18,1,0,0,4,0,0,3,1.78,0.0,0.0,6.6,0.0,3.1800000000000006,0.026,0.041999999999999996,0.016,0.24600000000000002,0.8,0.0,0.8200000000000001,2.16,36.2,0.0,0.0,0.0,0.0,0.0,0.4,3.2,1.4,-5598.0,3328.2,8926.199999999999,60.0,0.0,Nott'm Forest,2.0,1.0,Spurs,Spurs,0.0,0.0,1.903968208507196,14970.0,1.6380907773744013,3.118872762769699
robert_lynch_sanchez,2,0,GK,Chelsea,5,1,0,0,4,0,0,3,1.6400000000000001,0.0,0.0,2.4000000000000004,0.0,0.0,0.004,0.004,0.0,0.532,0.8,0.0,0.8400000000000001,8.56,36.0,0.0,0.0,0.0,0.0,1.6,0.4,0.0,0.8,-10960.199999999999,5354.4,16314.599999999999,50.0,0.0,Brighton,3.6,3.0,Aston Villa,Aston Villa,0.0,0.0,1.601289194110741,,2.0,3.202578388221482
robin_roefs,2,6,GK,Sunderland,10,1,0,0,2,0,0,3,3.14,0.0,0.0,16.0,0.6,0.0,0.0,0.0,0.0,1.29,0.8,0.0,0.8400000000000001,8.48,90.0,0.0,0.0,0.0,0.0,0.4,1.0,0.0,3.9999999999999996,-15340.8,2859.6,18200.399999999998,50.0,0.0,Fulham,1.0,1.7999999999999998,Crystal Palace,Crystal Palace,0.6,0.0,2.8529399469938745,14974.0,2.0,5.705879893987749
rodrigo_'rodri'_hernandez_cascante,2,0,MID,Man City,8,0,0,0,5,0,0,3,0.0,0.0,0.0,0.0,0.0,0.0,0.0,0.0,0.0,0.0,0.0,0.0,0.0,0.0,0.0,0.0,0.0,0.0,0.0,0.0,0.0,0.0,0.0,-477.59999999999997,0.0,477.59999999999997,65.0,0.0,Crystal Palace,3.2,3.0,Hull City,Hull City,1.4,3.0,0.5717042031657411,,0.7159827077538236,0.4093303234168494
rodrigo_bentancur,2,2,MID,Spurs,17,1,0,0,3,0,0,3,1.7,0.0,0.0,13.399999999999999,0.0,10.14,0.016,0.016,0.0,1.304,1.6,0.0,2.06,10.040000000000001,72.0,0.0,0.0,0.0,0.0,0.0,0.6,0.0,1.6,-857.4,361.2,1218.6,55.0,0.0,Newcastle,0.0,0.0,Liverpool,Liverpool,2.0,1.0,2.640358679075759,,0.6492992224190566,1.7143828372312977
rodrigo_muniz_carvalho,2,0,FWD,Fulham,20,0,0,0,3,0,0,2,1.02,0.0,0.0,2.4000000000000004,0.0,4.6000000000000005,0.0,0.008,0.008,0.012,0.0,0.0,1.0,2.4000000000000004,3.2,0.0,0.0,0.0,0.0,0.0,0.0,2.8000000000000003,0.4,-2446.7999999999997,1687.2,4134.0,55.0,0.0,Sunderland,0.8,0.0,Leeds,Leeds,1.0,1.8000000000000003,0.8747195069304617,,0.5519602665449025,0.48281041219736337
romain_esse,2,0,MID,Crystal Palace,15,1,0,0,3,0,0,5,0.6000000000000001,0.0,0.0,0.0,0.0,0.0,0.0,0.0,0.0,0.0,0.0,0.0,0.0,0.0,0.0,0.0,0.0,0.0,0.0,0.0,0.0,0.0,0.0,-227.4,126.6,354.0,50.0,0.0,Man City,0.6,0.0,Sunderland,Sunderland,1.0,1.7999999999999998,0.30049618922523735,,0.5924448878848673,0.1780274311353756
romaine_mundle,2,1,MID,Sunderland,10,1,0,0,2,0,0,3,0.9000000000000001,0.0,0.0,1.2,0.0,0.06,0.0,0.10200000000000001,0.10200000000000001,0.054,0.0,0.0,1.5,4.8,0.6,0.0,0.0,0.0,0.0,0.0,0.0,10.2,0.6,-66.0,24.0,90.0,50.0,0.0,Fulham,1.0,1.7999999999999998,Crystal Palace,Crystal Palace,0.6,0.0,0.8035922632920318,,1.6995687171114577,1.3657602720039312
romeo_lavia,2,7,MID,Chelsea,5,1,0,0,4,0,0,3,3.0,0.0,0.0,22.4,0.0,9.24,0.012,0.42000000000000004,0.40800000000000003,1.1760000000000002,2.0,0.6,7.140000000000001,28.84,65.8,0.0,0.0,0.0,0.0,0.0,1.0,33.0,4.6000000000000005,152.4,703.8,551.4,50.0,0.4,Brighton,3.6,3.0,Aston Villa,Aston Villa,0.0,0.0,2.61769575209405,,2.0,5.2353915041881
ronald_araujo,2,0,DEF,Liverpool,18,1,0,0,4,0,0,3,1.3,0.0,0.0,0.6000000000000002,0.0,1.8599999999999999,0.018000000000000002,0.018000000000000002,0.0,0.258,0.0,0.0,1.04,8.76,15.8,0.0,0.0,0.0,0.0,0.0,0.0,0.0,0.4,-5920.2,14344.199999999999,20264.399999999998,55.0,0.6,Nott'm Forest,2.0,1.0,Spurs,Spurs,0.0,0.0,1.6845163459145662,,1.666587621079056,2.8073940896065412
ross_barkley,2,2,MID,Aston Villa,1,1,0,0,3,0,0,5,1.8,0.0,0.0,18.2,0.0,22.54,0.02,0.078,0.05800000000000001,2.044,2.2,0.0,3.8,11.44,75.4,0.0,0.0,0.0,0.0,0.0,1.0,4.0,2.0,-504.59999999999997,1125.0,1629.6,50.0,0.0,Arsenal,0.0,0.0,Chelsea,Chelsea,3.6,3.0,2.2200936792712955,,0.5337727251520737,1.1850254532775333
ruben_dos_santos_gato_alves_dias,2,2,DEF,Man City,8,0,0,0,5,0,0,3,2.2,0.0,0.0,15.8,0.0,20.54,0.39799999999999996,0.452,0.054,0.656,1.0,0.0,6.800000000000001,25.96,90.0,0.0,0.0,0.0,0.0,0.0,1.0,21.8,2.0,-1619.3999999999999,5914.8,7534.2,55.0,0.0,Crystal Palace,3.2,3.0,Hull City,Hull City,1.4,3.0,4.36003903263722,79641.0,1.2386222137026826,5.400441198435216
ryan_christie,2,1,MID,Bournemouth,9,1,0,0,3,0,0,3,0.3,0.0,0.0,3.0,0.0,0.18,0.0,0.0,0.0,0.078,0.6,0.0,0.18,1.68,1.7999999999999998,0.0,0.0,0.0,0.0,0.0,0.0,0.0,0.6,218.4,336.0,117.6,50.0,0.0,Everton,1.0,0.6,Coventry City,Coventry City,0.0,0.0,0.5480060999536129,,1.197570608711334,0.6562759986989724
ryan_giles,2,6,DEF,Hull City,7,0,0,0,2,0,0,2,3.9999999999999996,0.0,0.0,22.200000000000003,1.0,16.52,0.07,0.078,0.008,1.4780000000000002,0.0,0.0,3.1000000000000005,11.280000000000001,87.6,0.0,0.0,0.0,0.0,0.0,1.0,2.8,6.0,5220.599999999999,7735.2,2514.6,40.0,0.0,Coventry City,1.4,3.0,Man City,Man City,3.2,3.0,2.448504972882126,,1.1535231286585013,2.824407116854889
ryan_gravenberch,2,1,MID,Liverpool,18,1,0,0,4,0,0,3,2.6799999999999997,0.4,0.0,14.600000000000001,0.0,13.66,0.026000000000000002,0.05,0.024,0.48200000000000004,0.8,0.0,2.7800000000000002,12.4,42.2,0.0,0.0,0.0,0.0,0.0,0.4,1.6,2.6,-106.8,9003.0,9109.8,60.0,0.0,Nott'm Forest,2.0,1.0,Spurs,Spurs,0.0,0.0,2.213941028186308,14970.0,1.6380907773744013,3.626636379922791
ryan_mcaidoo,2,1,MID,Man City,8,0,0,0,5,0,0,3,1.0,0.0,0.0,3.0,0.0,0.5,0.0,0.1,0.1,0.0,0.0,0.0,0.1,0.0,8.0,0.0,0.0,0.0,0.0,0.0,0.0,1.0,1.0,0.0,0.0,0.0,45.0,0.0,Crystal Palace,3.2,3.0,Hull City,Hull City,1.4,3.0,1.0372727406049713,,0.7159827077538236,0.7426693454975768
ryan_sessegnon,2,1,DEF,Fulham,20,0,0,0,3,0,0,2,1.28,0.0,0.0,4.6,0.0,6.8,0.072,0.096,0.024,1.074,0.6,0.0,2.7199999999999998,7.799999999999999,20.0,0.0,0.0,0.0,0.0,0.0,0.0,12.4,1.0,-1233.0,575.4,1808.3999999999999,45.0,0.0,Sunderland,0.8,0.0,Leeds,Leeds,1.0,1.8000000000000003,1.6074764728655313,,1.1898796390075914,1.9127035252464346
ryan_yates,2,0,MID,Nott'm Forest,14,0,0,0,3,0,0,4,0.0,0.0,0.0,0.0,0.0,0.0,0.0,0.0,0.0,0.0,0.0,0.0,0.0,0.0,0.0,0.0,0.0,0.0,0.0,0.0,0.0,0.0,0.0,-21204.0,1045.8,22249.8,45.0,0.0,Liverpool,1.2,0.6,Everton,Everton,1.4,1.8000000000000003,0.12460782472062282,,0.9780144719578355,0.12186825589595444
sam_szmodics,2,0,MID,Ipswich Town,16,0,0,0,2,0,0,4,0.0,0.0,0.0,0.0,0.0,0.0,0.0,0.0,0.0,0.0,0.0,0.0,0.0,0.0,0.0,0.0,0.0,0.0,0.0,0.0,0.0,0.0,0.0,-245.39999999999998,0.0,245.39999999999998,50.0,0.0,Man Utd,2.0,1.2000000000000002,Brighton,Brighton,3.4,1.2000000000000002,0.28986348038867304,,0.9251338906569119,0.26816252937132656
samuel_iling_junior,2,0,MID,Aston Villa,1,1,0,0,3,0,0,5,0.0,0.0,0.0,0.0,0.0,0.0,0.0,0.0,0.0,0.0,0.0,0.0,0.0,0.0,0.0,0.0,0.0,0.0,0.0,0.0,0.0,0.0,0.0,-72.0,0.0,72.0,50.0,0.0,Arsenal,0.0,0.0,Chelsea,Chelsea,3.6,3.0,0.3404122051156182,,0.5337727251520737,0.18170275039959022
sander_berge,2,2,MID,Fulham,20,0,0,0,3,0,0,2,1.8,0.0,0.0,14.0,0.0,25.979999999999997,0.132,0.144,0.012,1.9940000000000002,1.8000000000000003,0.0,3.9200000000000004,9.04,78.0,0.0,0.0,0.0,0.0,0.0,1.0,4.0,2.0,-1120.8,879.0,1999.8,50.0,0.0,Sunderland,0.8,0.0,Leeds,Leeds,1.0,1.8000000000000003,2.458514647147446,,0.5246172912441401,1.289779294670536
sandro_tonali,2,2,MID,Spurs,17,1,0,0,3,0,0,3,2.0,0.0,0.0,15.2,0.0,18.34,0.036000000000000004,0.08200000000000002,0.046,1.98,2.4000000000000004,0.0,2.9400000000000004,5.48,80.4,0.0,0.0,0.0,0.0,0.0,1.0,5.6,2.0,-22858.2,8471.4,31329.6,55.0,0.0,Newcastle,0.0,0.0,Liverpool,Liverpool,2.0,1.0,2.601636776438195,14974.0,0.6492992224190566,1.689240735958141
sasa_lukic,2,1,MID,Ipswich Town,16,0,0,0,2,0,0,4,2.4,0.4,0.0,15.4,0.0,13.06,0.02,0.032,0.012,2.6100000000000003,2.8,0.0,3.46,19.799999999999997,79.19999999999999,0.0,0.0,0.0,0.0,0.0,1.0,2.0,2.6,-100.2,706.8,807.0,50.0,0.6,Man Utd,2.0,1.2000000000000002,Brighton,Brighton,3.4,1.2000000000000002,2.1781685205641255,,0.9251338906569119,2.015097517935899
savio_moreira_de_oliveira,2,0,MID,Spurs,17,1,0,0,3,0,0,3,0.9199999999999999,0.0,0.0,0.0,0.0,0.0,0.0,0.0,0.0,0.0,0.0,0.0,0.0,0.0,0.0,0.0,0.0,0.0,0.0,0.0,0.0,0.0,0.0,29329.8,33448.2,4118.4,65.0,0.0,Newcastle,0.0,0.0,Liverpool,Liverpool,2.0,1.0,0.7323374354442026,,0.6492992224190566,0.4755061273822868
sean_longstaff,2,0,MID,Leeds,4,1,0,0,2,0,0,3,0.9000000000000001,0.0,0.0,1.2000000000000002,0.0,0.08000000000000002,0.0,0.0,0.0,0.028000000000000004,0.0,0.0,0.0,0.0,3.2,0.0,0.0,0.0,0.0,0.0,0.0,0.0,0.4,-633.6,345.0,978.5999999999999,50.0,0.0,Brentford,1.0,1.8000000000000003,Fulham,Fulham,0.8,0.0,0.6297049531717083,,1.3734508511032946,0.864868803877643
sean_neave,2,0,FWD,Newcastle,19,0,0,0,3,0,0,3,0.4,0.0,0.0,0.0,0.0,0.0,0.0,0.0,0.0,0.0,0.0,0.0,0.0,0.0,0.0,0.0,0.0,0.0,0.0,0.0,0.0,0.0,0.0,-988.1999999999999,3886.7999999999997,4875.0,45.0,0.0,Spurs,2.0,2.1999999999999997,Brentford,Brentford,1.8000000000000003,1.8000000000000003,0.09288508572154797,,2.0,0.18577017144309593
sean_steur,2,1,MID,Newcastle,19,0,0,0,3,0,0,3,1.2000000000000002,0.0,0.0,3.6,0.0,0.48,0.0,0.0,0.0,0.82,0.4,0.0,0.38,3.16,33.4,0.0,0.0,0.0,0.0,0.0,0.4,0.0,1.0,-142.79999999999998,457.2,600.0,50.0,0.0,Spurs,2.0,2.1999999999999997,Brentford,Brentford,1.8000000000000003,1.8000000000000003,1.2367179882328456,,0.5046080890693773,0.6240579007599009
sebastiaan_bornauw,2,0,DEF,Leeds,4,1,0,0,2,0,0,3,0.0,0.0,0.0,0.0,0.0,0.0,0.0,0.0,0.0,0.0,0.0,0.0,0.0,0.0,0.0,0.0,0.0,0.0,0.0,0.0,0.0,0.0,0.0,-102.0,0.0,102.0,45.0,0.0,Brentford,1.0,1.8000000000000003,Fulham,Fulham,0.8,0.0,0.2631099337292244,,2.0,0.5262198674584488
semi_ajayi,2,6,DEF,Hull City,7,0,0,0,2,0,0,2,6.4,0.0,0.8,30.0,1.0,0.56,0.0,0.20800000000000002,0.20800000000000002,1.118,0.0,0.4,4.12,27.040000000000003,79.2,0.0,0.0,0.0,0.0,0.0,1.0,14.0,9.2,38287.799999999996,47643.6,9355.8,40.0,0.0,Coventry City,1.4,3.0,Man City,Man City,3.2,3.0,2.5735990136224784,,1.1535231286585013,2.968705986106234
senne_lammens,2,2,GK,Man Utd,12,1,0,0,4,0,0,2,1.94,0.0,0.0,9.4,0.0,0.0,0.0,0.0,0.0,1.6400000000000001,2.0,0.0,2.42,24.28,90.0,0.0,0.0,0.0,0.0,2.5999999999999996,1.0,0.0,1.6,-32337.6,20828.399999999998,53166.0,50.0,0.0,Ipswich Town,3.0,1.7999999999999998,Arsenal,Arsenal,1.8000000000000003,3.0,3.488193345921385,14970.0,0.5,1.7440966729606926
sepp_van_den_berg,2,0,DEF,Brentford,13,0,0,0,3,0,0,2,0.0,0.0,0.0,0.0,0.0,0.0,0.0,0.0,0.0,0.0,0.0,0.0,0.0,0.0,0.0,0.0,0.0,0.0,0.0,0.0,0.0,0.0,0.0,-2386.7999999999997,87.0,2473.7999999999997,50.0,0.0,Leeds,1.8000000000000003,1.8000000000000003,Newcastle,Newcastle,2.0,2.1999999999999997,0.5634269843138245,,0.9447351548064342,0.5322892792478434
shea_charles,2,1,MID,Fulham,20,0,0,0,3,0,0,2,1.2000000000000002,0.0,0.0,3.2,0.0,2.2,0.018,0.072,0.054,1.074,0.6,0.0,0.74,1.7200000000000002,22.4,0.0,0.0,0.0,0.0,0.0,0.0,3.5999999999999996,1.0,-269.4,215.4,484.79999999999995,50.0,0.0,Sunderland,0.8,0.0,Leeds,Leeds,1.0,1.8000000000000003,1.6825475786150472,,0.5246172912441401,0.882693553082413
shea_lacey,2,0,MID,Man Utd,12,1,0,0,4,0,0,2,0.9000000000000001,0.0,0.0,1.2000000000000002,0.0,0.24,0.0,0.0,0.0,0.0,0.0,0.0,0.04000000000000001,0.08000000000000002,4.0,0.0,0.0,0.0,0.0,0.0,0.0,0.0,0.4,-157.79999999999998,196.2,354.0,50.0,0.0,Ipswich Town,3.0,1.7999999999999998,Arsenal,Arsenal,1.8000000000000003,3.0,0.6640008331311786,,0.5624563952570014,0.37347151505060844
shumaira_mheuka,2,0,FWD,Chelsea,5,1,0,0,4,0,0,3,0.4,0.0,0.0,0.0,0.0,0.0,0.0,0.0,0.0,0.0,0.0,0.0,0.0,0.0,0.0,0.0,0.0,0.0,0.0,0.0,0.0,0.0,0.0,-888.0,1757.3999999999999,2645.4,45.0,0.0,Brighton,3.6,3.0,Aston Villa,Aston Villa,0.0,0.0,0.1282952735441092,,1.4625052156953289,0.18763250670731862
sidiki_cherif,2,0,FWD,Coventry City,11,1,0,0,2,0,0,2,0.5599999999999999,0.0,0.0,0.0,0.0,0.0,0.0,0.0,0.0,0.0,0.0,0.0,0.0,0.0,0.0,0.0,0.0,0.0,0.0,0.0,0.0,0.0,0.0,198.0,1034.3999999999999,836.4,50.0,0.0,Hull City,0.0,0.0,Bournemouth,Bournemouth,1.0,0.6,0.13714941430505934,,0.5,0.06857470715252967
simon_adingra,2,0,MID,Sunderland,10,1,0,0,2,0,0,3,0.0,0.0,0.0,0.0,0.0,0.0,0.0,0.0,0.0,0.0,0.0,0.0,0.0,0.0,0.0,0.0,0.0,0.0,0.0,0.0,0.0,0.0,0.0,-2103.6,31.799999999999997,2135.4,50.0,0.0,Fulham,1.0,1.7999999999999998,Crystal Palace,Crystal Palace,0.6,0.0,0.22005688066128104,,1.6995687171114577,0.37400179035704256
sindre_walle_egeli,2,0,FWD,Ipswich Town,16,0,0,0,2,0,0,4,0.7,0.0,0.0,1.2000000000000002,0.0,0.04000000000000001,0.0,0.0,0.0,0.012,0.0,0.0,0.0,0.0,4.0,0.0,0.0,0.0,0.0,0.0,0.0,0.0,0.4,10362.6,24427.2,14064.6,45.0,0.0,Man Utd,2.0,1.2000000000000002,Brighton,Brighton,3.4,1.2000000000000002,0.5378565999810343,,2.0,1.0757131999620686
stefan_bajcetic_maquieira,2,0,MID,Liverpool,18,1,0,0,4,0,0,3,0.0,0.0,0.0,0.0,0.0,0.0,0.0,0.0,0.0,0.0,0.0,0.0,0.0,0.0,0.0,0.0,0.0,0.0,0.0,0.0,0.0,0.0,0.0,-12.6,4.8,17.4,50.0,0.0,Nott'm Forest,2.0,1.0,Spurs,Spurs,0.0,0.0,0.18026115076826565,,1.6380907773744013,0.29528412859239245
stefanos_tzimas,2,0,FWD,Brighton,6,0,0,0,3,0,0,4,0.0,0.0,0.0,0.0,0.0,0.0,0.0,0.0,0.0,0.0,0.0,0.0,0.0,0.0,0.0,0.0,0.0,0.0,0.0,0.0,0.0,0.0,0.0,-100.8,50.4,151.2,55.0,0.0,Chelsea,3.4,1.2000000000000002,Ipswich Town,Ipswich Town,2.0,1.2000000000000002,0.2758235657670336,,1.4177746472228794,0.39105565865111275
steven_benda,2,0,GK,Nott'm Forest,14,0,0,0,3,0,0,4,0.76,0.0,0.0,0.0,0.0,0.0,0.0,0.0,0.0,0.0,0.0,0.0,0.0,0.0,0.0,0.0,0.0,0.0,0.0,0.0,0.0,0.0,0.0,48.6,375.0,326.4,45.0,0.0,Liverpool,1.2,0.6,Everton,Everton,1.4,1.8000000000000003,0.21462898817645448,,0.6666666666666666,0.1430859921176363
sven_botman,2,5,DEF,Newcastle,19,0,0,0,3,0,0,3,3.2800000000000002,0.0,0.0,14.799999999999999,0.6,1.2000000000000002,0.004,0.01,0.006,1.8639999999999999,0.8,0.0,2.2199999999999998,19.68,90.0,0.0,0.0,0.0,0.0,0.0,1.0,1.2,4.2,3361.7999999999997,5331.0,1969.1999999999998,50.0,0.6,Spurs,2.0,2.1999999999999997,Brentford,Brentford,1.8000000000000003,1.8000000000000003,2.8908433947969705,,1.8956784806584177,5.480109614470144
taiwo_awoniyi,2,2,FWD,Coventry City,11,1,0,0,2,0,0,2,1.62,0.0,0.0,5.199999999999999,0.0,14.72,0.018,0.576,0.558,0.548,0.6,0.0,5.98,6.0,62.0,0.0,0.0,0.0,0.0,0.0,0.6,39.0,1.6,-383.4,5192.4,5575.8,55.0,0.0,Hull City,0.0,0.0,Bournemouth,Bournemouth,1.0,0.6,2.990698687991501,,0.5,1.4953493439957506
takehiro_tomiyasu,2,1,DEF,Crystal Palace,15,1,0,0,3,0,0,5,1.28,0.0,0.0,-0.5999999999999996,0.0,1.74,0.004,0.004,0.0,1.2619999999999998,1.7999999999999998,0.0,1.16,8.52,51.0,0.0,0.0,0.0,0.0,0.0,0.6,1.2,1.0,-1102.8,497.4,1600.2,45.0,0.0,Man City,0.6,0.0,Sunderland,Sunderland,1.0,1.7999999999999998,1.6226958783874035,,0.5,0.8113479391937017
tammy_abraham,2,1,FWD,Aston Villa,1,1,0,0,3,0,0,5,0.64,0.0,0.0,1.7999999999999998,0.0,0.78,0.0,0.0,0.0,0.012,0.0,0.0,0.06,0.0,11.4,0.0,0.0,0.0,0.0,0.0,0.0,0.0,0.6,-1251.6,358.2,1609.8,55.0,0.0,Arsenal,0.0,0.0,Chelsea,Chelsea,3.6,3.0,1.2656912193038239,,0.8330718127388149,1.0544116784330375
tanaka_ao,2,1,MID,Leeds,4,1,0,0,2,0,0,3,0.9000000000000001,0.0,0.0,3.5999999999999996,0.0,1.08,0.006,0.006,0.0,0.6779999999999999,0.0,0.0,1.32,12.0,27.0,0.0,0.0,0.0,0.0,0.0,0.0,0.0,0.6,-2000.3999999999999,539.4,2539.7999999999997,50.0,0.0,Brentford,1.0,1.8000000000000003,Fulham,Fulham,0.8,0.0,1.4144329394911073,,1.3734508511032946,1.9426541245725961
tarik_muharemovic,2,4,DEF,Leeds,4,1,0,0,2,0,0,3,3.88,0.0,0.0,20.2,0.4,0.72,0.006,0.041999999999999996,0.036,1.266,0.6,0.0,4.5600000000000005,37.2,90.0,0.0,0.0,0.0,0.0,0.0,1.0,8.0,4.800000000000001,5818.2,12923.4,7105.2,50.0,0.0,Brentford,1.0,1.8000000000000003,Fulham,Fulham,0.8,0.0,3.5201487877223463,61014.0,2.0,7.040297575444693
tatsuhiro_sakamoto,2,1,MID,Coventry City,11,1,0,0,2,0,0,2,0.9000000000000001,0.0,0.0,4.8,0.0,3.54,0.012,0.024,0.012,0.414,0.6,0.0,1.14,3.7199999999999998,18.599999999999998,0.0,0.0,0.0,0.0,0.0,0.0,4.2,0.6,-790.8,82.2,873.0,50.0,0.0,Hull City,0.0,0.0,Bournemouth,Bournemouth,1.0,0.6,1.3154511897261403,,0.5,0.6577255948630701
thierno_barry,2,2,FWD,Everton,3,0,0,0,3,0,0,3,3.72,0.0,0.8,18.4,0.4,14.620000000000001,0.036,1.104,1.068,0.9960000000000001,0.6,0.4,8.72,21.200000000000003,72.6,0.0,0.0,0.0,0.0,0.0,1.0,51.2,4.4,76702.2,90159.0,13456.8,55.0,0.0,Bournemouth,1.4,1.8000000000000003,Nott'm Forest,Nott'm Forest,1.2,0.6,3.145921038889157,14971.0,1.2000086458642352,3.7751324458731856
thimothee_lo_tutala,2,0,GK,Hull City,7,0,0,0,2,0,0,2,0.0,0.0,0.0,0.0,0.0,0.0,0.0,0.0,0.0,0.0,0.0,0.0,0.0,0.0,0.0,0.0,0.0,0.0,0.0,0.0,0.0,0.0,0.0,-229.79999999999998,0.0,229.79999999999998,40.0,0.0,Coventry City,1.4,3.0,Man City,Man City,3.2,3.0,0.7210728159732244,,2.0,1.4421456319464487
thomas_meunier,2,6,DEF,Sunderland,10,1,0,0,2,0,0,3,2.7800000000000002,0.0,0.0,18.2,0.6,14.120000000000001,0.062,0.10600000000000001,0.044,1.29,0.8,0.0,4.32,19.080000000000002,90.0,0.0,0.0,0.0,0.0,0.0,1.0,9.8,3.9999999999999996,-424.8,606.0,1030.8,45.0,0.0,Fulham,1.0,1.7999999999999998,Crystal Palace,Crystal Palace,0.6,0.0,2.599230650682733,,2.0,5.198461301365466
tijjani_reijnders,2,0,MID,Man City,8,0,0,0,5,0,0,3,0.0,0.0,0.0,0.0,0.0,0.0,0.0,0.0,0.0,0.0,0.0,0.0,0.0,0.0,0.0,0.0,0.0,0.0,0.0,0.0,0.0,0.0,0.0,-3374.4,0.0,3374.4,60.0,0.0,Crystal Palace,3.2,3.0,Hull City,Hull City,1.4,3.0,0.4514428914752533,,0.7159827077538236,0.32322530383466735
tim_iroegbunam,2,1,MID,Everton,3,0,0,0,3,0,0,3,0.0,0.0,0.0,1.2,0.0,0.0,0.0,0.0,0.0,0.0,0.0,0.0,0.0,0.0,2.4,0.0,0.0,0.0,0.0,0.0,0.0,0.0,0.6,-196.2,12.6,208.79999999999998,50.0,0.0,Bournemouth,1.4,1.8000000000000003,Nott'm Forest,Nott'm Forest,1.2,0.6,0.6350887478455669,,1.14717540741883,0.7285581930568529
timothy_castagne,2,6,DEF,Fulham,20,0,0,0,3,0,0,2,4.279999999999999,0.8,0.0,19.2,0.6,11.540000000000001,0.072,0.10800000000000001,0.036,1.052,1.2000000000000002,0.0,3.5600000000000005,15.200000000000001,76.19999999999999,0.0,0.0,0.0,0.0,0.0,1.0,9.200000000000001,6.0,5688.599999999999,7257.599999999999,1569.0,45.0,0.4,Sunderland,0.8,0.0,Leeds,Leeds,1.0,1.8000000000000003,2.865707564554885,,1.1898796390075914,3.4098470824138905
tino_livramento,2,0,DEF,Newcastle,19,0,0,0,3,0,0,3,0.0,0.0,0.0,0.0,0.0,0.0,0.0,0.0,0.0,0.0,0.0,0.0,0.0,0.0,0.0,0.0,0.0,0.0,0.0,0.0,0.0,0.0,0.0,-682.1999999999999,54.6,736.8,50.0,0.0,Spurs,2.0,2.1999999999999997,Brentford,Brentford,1.8000000000000003,1.8000000000000003,0.559447227462363,,1.8956784806584177,1.0605320701644165
toby_collyer,2,0,MID,Man Utd,12,1,0,0,4,0,0,2,0.6000000000000001,0.0,0.0,0.0,0.0,0.0,0.0,0.0,0.0,0.0,0.0,0.0,0.0,0.0,0.0,0.0,0.0,0.0,0.0,0.0,0.0,0.0,0.0,-104.39999999999999,36.0,140.4,50.0,0.0,Ipswich Town,3.0,1.7999999999999998,Arsenal,Arsenal,1.8000000000000003,3.0,0.2826552306225114,,0.5624563952570014,0.15898124211647416
tom_cairney,2,0,MID,Fulham,20,0,0,0,3,0,0,2,0.0,0.0,0.0,0.0,0.0,0.0,0.0,0.0,0.0,0.0,0.0,0.0,0.0,0.0,0.0,0.0,0.0,0.0,0.0,0.0,0.0,0.0,0.0,-61.8,7.199999999999999,69.0,50.0,0.0,Sunderland,0.8,0.0,Leeds,Leeds,1.0,1.8000000000000003,0.2397890794152,,0.5246172912441401,0.12579749731272824
tom_heaton,2,0,GK,Man Utd,12,1,0,0,4,0,0,2,0.0,0.0,0.0,0.0,0.0,0.0,0.0,0.0,0.0,0.0,0.0,0.0,0.0,0.0,0.0,0.0,0.0,0.0,0.0,0.0,0.0,0.0,0.0,-474.0,129.0,603.0,40.0,0.0,Ipswich Town,3.0,1.7999999999999998,Arsenal,Arsenal,1.8000000000000003,3.0,0.5072587932212611,,0.5,0.25362939661063055
tom_king,2,0,GK,Everton,3,0,0,0,3,0,0,3,0.76,0.0,0.0,0.0,0.0,0.0,0.0,0.0,0.0,0.0,0.0,0.0,0.0,0.0,0.0,0.0,0.0,0.0,0.0,0.0,0.0,0.0,0.0,-81.6,145.79999999999998,227.4,45.0,0.0,Bournemouth,1.4,1.8000000000000003,Nott'm Forest,Nott'm Forest,1.2,0.6,0.18280334138932308,,2.0,0.36560668277864616
tom_watson,2,0,MID,Brighton,6,0,0,0,3,0,0,4,0.0,0.0,0.0,0.0,0.0,0.0,0.0,0.0,0.0,0.0,0.0,0.0,0.0,0.0,0.0,0.0,0.0,0.0,0.0,0.0,0.0,0.0,0.0,-33.6,0.0,33.6,50.0,0.0,Chelsea,3.4,1.2000000000000002,Ipswich Town,Ipswich Town,2.0,1.2000000000000002,0.2180491550927508,,2.0,0.4360983101855016
tosin_adarabioyo,2,0,DEF,Chelsea,5,1,0,0,4,0,0,3,0.68,0.0,0.0,0.0,0.0,0.0,0.0,0.0,0.0,0.0,0.0,0.0,0.0,0.0,0.0,0.0,0.0,0.0,0.0,0.0,0.0,0.0,0.0,-1114.2,157.79999999999998,1272.0,45.0,0.0,Brighton,3.6,3.0,Aston Villa,Aston Villa,0.0,0.0,0.3769771557708934,,2.0,0.7539543115417868
trai_hume,2,6,DEF,Sunderland,10,1,0,0,2,0,0,3,3.08,0.0,0.0,20.0,0.6,27.22,0.11400000000000002,0.13,0.016,1.246,0.4,0.0,4.880000000000001,14.92,85.6,0.0,0.0,0.0,0.0,0.0,1.0,6.4,4.3999999999999995,-14251.199999999999,8171.4,22422.6,45.0,0.0,Fulham,1.0,1.7999999999999998,Crystal Palace,Crystal Palace,0.6,0.0,2.5193863768156133,61014.0,2.0,5.038772753631227
trevoh_chalobah,2,0,DEF,Chelsea,5,1,0,0,4,0,0,3,0.0,0.0,0.0,0.0,0.0,0.0,0.0,0.0,0.0,0.0,0.0,0.0,0.0,0.0,0.0,0.0,0.0,0.0,0.0,0.0,0.0,0.0,0.0,-4834.8,0.0,4834.8,55.0,0.0,Brighton,3.6,3.0,Aston Villa,Aston Villa,0.0,0.0,0.6496501677430304,,2.0,1.2993003354860608
trey_nyoni,2,1,MID,Liverpool,18,1,0,0,4,0,0,3,0.9000000000000001,0.0,0.0,1.7999999999999998,0.0,1.32,0.0,0.0,0.0,0.042,0.0,0.0,0.54,3.84,7.8,0.0,0.0,0.0,0.0,0.0,0.0,0.0,0.6,-320.4,83.39999999999999,403.8,50.0,0.0,Nott'm Forest,2.0,1.0,Spurs,Spurs,0.0,0.0,0.826194654559872,,1.6380907773744013,1.3533818439505556
triston_rowe,2,0,DEF,Aston Villa,1,1,0,0,3,0,0,5,0.4,0.0,0.0,0.0,0.0,0.0,0.0,0.0,0.0,0.0,0.0,0.0,0.0,0.0,0.0,0.0,0.0,0.0,0.0,0.0,0.0,0.0,0.0,788.4,936.0,147.6,40.0,0.0,Arsenal,0.0,0.0,Chelsea,Chelsea,3.6,3.0,0.28764115040508464,,0.5,0.14382057520254232
tyler_adams,2,1,MID,Bournemouth,9,1,0,0,3,0,0,3,1.04,0.0,0.0,4.0,0.0,1.02,0.0,0.0,0.0,0.22,1.4,0.0,0.34,2.4000000000000004,18.6,0.0,0.0,0.0,0.0,0.0,0.0,0.0,1.0,106.2,1819.2,1713.0,50.0,0.0,Everton,1.0,0.6,Coventry City,Coventry City,0.0,0.0,1.4065047663487902,,1.197570608711334,1.6843887691917132
tyler_bindon,2,0,DEF,Nott'm Forest,14,0,0,0,3,0,0,4,0.4,0.0,0.0,0.0,0.0,0.0,0.0,0.0,0.0,0.0,0.0,0.0,0.0,0.0,0.0,0.0,0.0,0.0,0.0,0.0,0.0,0.0,0.0,-631.1999999999999,219.0,850.1999999999999,40.0,0.0,Liverpool,1.2,0.6,Everton,Everton,1.4,1.8000000000000003,0.17073221702109276,,0.8667834297595639,0.14798785663999697
tyler_dibling,2,0,MID,Everton,3,0,0,0,3,0,0,3,0.8,0.0,0.0,0.0,0.0,0.0,0.0,0.0,0.0,0.0,0.0,0.0,0.0,0.0,0.0,0.0,0.0,0.0,0.0,0.0,0.0,0.0,0.0,-330.0,120.6,450.59999999999997,55.0,0.0,Bournemouth,1.4,1.8000000000000003,Nott'm Forest,Nott'm Forest,1.2,0.6,0.4282647579367822,,1.14717540741883,0.49129479816925475
tyler_fletcher,2,0,MID,Man Utd,12,1,0,0,4,0,0,2,0.4,0.0,0.0,0.0,0.0,0.0,0.0,0.0,0.0,0.0,0.0,0.0,0.0,0.0,0.0,0.0,0.0,0.0,0.0,0.0,0.0,0.0,0.0,-1593.6,796.8,2390.4,45.0,0.0,Ipswich Town,3.0,1.7999999999999998,Arsenal,Arsenal,1.8000000000000003,3.0,0.14350378797060825,,0.5624563952570014,0.08071462328767336
tyler_fredricson,2,0,DEF,Man Utd,12,1,0,0,4,0,0,2,0.0,0.0,0.0,0.0,0.0,0.0,0.0,0.0,0.0,0.0,0.0,0.0,0.0,0.0,0.0,0.0,0.0,0.0,0.0,0.0,0.0,0.0,0.0,-408.0,0.0,408.0,40.0,0.0,Ipswich Town,3.0,1.7999999999999998,Arsenal,Arsenal,1.8000000000000003,3.0,0.23354529450804562,,0.5,0.11677264725402281
tyrick_mitchell,2,0,DEF,Crystal Palace,15,1,0,0,3,0,0,5,0.98,0.0,0.0,-1.1999999999999997,0.0,18.48,0.1,0.166,0.066,1.774,3.2,0.0,3.48,11.6,90.0,0.0,0.0,0.0,0.0,0.0,1.0,5.0,0.4,-26624.399999999998,3579.0,30203.399999999998,45.0,0.0,Man City,0.6,0.0,Sunderland,Sunderland,1.0,1.7999999999999998,2.344996148114573,15210.0,0.5,1.1724980740572866
tyrique_george,2,2,MID,Everton,3,0,0,0,3,0,0,3,2.3,0.0,0.0,12.399999999999999,0.4,16.68,0.038,0.14,0.102,1.016,0.6,0.0,4.24,6.4,69.80000000000001,0.0,0.0,0.0,0.0,0.0,1.0,19.6,2.4000000000000004,-125.39999999999999,1363.8,1489.2,55.0,0.0,Bournemouth,1.4,1.8000000000000003,Nott'm Forest,Nott'm Forest,1.2,0.6,2.673411381768255,,1.14717540741883,3.0668717910781353
tyrone_mings,2,0,DEF,Aston Villa,1,1,0,0,3,0,0,5,0.98,0.0,0.0,2.0,0.0,0.0,0.0,0.0,0.0,0.08800000000000001,0.0,0.0,0.08000000000000002,0.8,6.4,0.0,0.0,0.0,0.0,0.0,0.0,0.0,0.4,-152.4,1951.8,2104.2,45.0,0.0,Arsenal,0.0,0.0,Chelsea,Chelsea,3.6,3.0,0.8787703448049521,,0.5,0.43938517240247604
valentin_barco,2,1,MID,Chelsea,5,1,0,0,4,0,0,3,1.1,0.0,0.0,0.6,0.0,0.0,0.0,0.024,0.024,0.042,0.6,0.0,0.12,0.0,4.8,0.0,0.0,0.0,0.0,0.0,0.0,2.4,0.6,-679.8,316.8,996.5999999999999,55.0,0.0,Brighton,3.6,3.0,Aston Villa,Aston Villa,0.0,0.0,0.8837079728433448,,2.0,1.7674159456866896
veljko_milosavljevic,2,0,DEF,Bournemouth,9,1,0,0,3,0,0,3,0.0,0.0,0.0,0.0,0.0,0.0,0.0,0.0,0.0,0.0,0.0,0.0,0.0,0.0,0.0,0.0,0.0,0.0,0.0,0.0,0.0,0.0,0.0,-133.2,44.4,177.6,50.0,0.0,Everton,1.0,0.6,Coventry City,Coventry City,0.0,0.0,0.358000735448075,,1.9055914726584429,0.6822031486753029
victor_lindelof,2,2,DEF,Aston Villa,1,1,0,0,3,0,0,5,0.68,0.0,0.0,0.7999999999999998,0.0,0.76,0.048,0.048,0.0,2.132,2.2,0.0,1.04,9.72,90.0,0.4,0.0,0.0,0.0,0.0,1.0,0.0,0.3999999999999999,-1341.6,1065.0,2406.6,45.0,0.0,Arsenal,0.0,0.0,Chelsea,Chelsea,3.6,3.0,2.568171214571727,,0.5,1.2840856072858635
victor_munoz,2,6,MID,Liverpool,18,1,0,0,4,0,0,3,3.92,0.4,0.0,20.4,0.0,13.64,0.13,0.362,0.232,1.8079999999999998,1.2,0.6,6.36,26.92,64.8,0.0,0.0,0.0,0.0,0.0,0.6,23.0,5.199999999999999,343.8,3891.6,3547.7999999999997,65.0,0.6,Nott'm Forest,2.0,1.0,Spurs,Spurs,0.0,0.0,3.663783800323241,,1.6380907773744013,6.001610453603236
victor_torp,2,1,MID,Coventry City,11,1,0,0,2,0,0,2,1.4,0.0,0.0,4.4,0.0,8.719999999999999,0.05,0.05,0.0,0.542,0.6,0.0,1.0999999999999999,2.72,22.6,0.0,0.0,0.0,0.0,0.0,0.0,0.0,1.0,-765.0,329.4,1094.3999999999999,55.0,0.0,Hull City,0.0,0.0,Bournemouth,Bournemouth,1.0,0.6,1.8539700289942682,,0.5,0.9269850144971341
viktor_gyokeres,2,0,FWD,Arsenal,2,0,0,0,5,0,0,3,0.96,0.0,0.0,0.0,0.0,0.0,0.0,0.0,0.0,0.0,0.0,0.0,0.0,0.0,0.0,0.0,0.0,0.0,0.0,0.0,0.0,0.0,0.0,-137611.8,5265.599999999999,142877.4,74.4,0.0,Aston Villa,1.8000000000000003,3.0,Man Utd,Man Utd,3.0,1.7999999999999998,0.5883365942202821,14969.0,0.9669205467498652,0.5688747413564287
virgil_van_dijk,2,1,DEF,Liverpool,18,1,0,0,4,0,0,3,2.14,0.0,0.0,6.2,0.0,3.2199999999999998,0.022,0.12200000000000001,0.1,2.012,2.0,0.0,3.9,25.0,90.0,0.0,0.0,0.0,0.0,0.0,1.0,10.8,1.4,-2703.6,44768.4,47472.0,65.0,0.4,Nott'm Forest,2.0,1.0,Spurs,Spurs,0.0,0.0,3.314309367200392,61014.0,1.666587621079056,5.523586963802533
vitalii_mykolenko,2,4,DEF,Everton,3,0,0,0,3,0,0,3,3.68,0.0,0.0,15.0,0.4,6.12,0.026000000000000002,0.026000000000000002,0.0,2.08,0.6,0.0,3.4399999999999995,27.2,90.0,0.0,0.0,0.0,0.0,0.0,1.0,0.8,4.800000000000001,7628.4,13070.4,5442.0,45.0,0.0,Bournemouth,1.4,1.8000000000000003,Nott'm Forest,Nott'm Forest,1.2,0.6,2.895131366922013,,2.0,5.790262733844026
vitaly_janelt,2,1,MID,Brentford,13,0,0,0,3,0,0,2,3.6,0.0,0.0,20.6,0.4,36.76,0.15200000000000002,0.30800000000000005,0.15600000000000003,1.104,0.6,0.4,8.0,31.119999999999997,90.0,0.0,0.0,0.0,0.0,0.0,1.0,12.000000000000002,4.2,17684.399999999998,20255.399999999998,2571.0,50.0,1.0,Leeds,1.8000000000000003,1.8000000000000003,Newcastle,Newcastle,2.0,2.1999999999999997,3.819806722188871,14972.0,1.3398293368431589,5.117889107459356
vitezslav_jaros,2,0,GK,Liverpool,18,1,0,0,4,0,0,3,0.0,0.0,0.0,0.0,0.0,0.0,0.0,0.0,0.0,0.0,0.0,0.0,0.0,0.0,0.0,0.0,0.0,0.0,0.0,0.0,0.0,0.0,0.0,-9.6,97.8,107.39999999999999,40.0,0.0,Nott'm Forest,2.0,1.0,Spurs,Spurs,0.0,0.0,-0.23038719621282655,,1.2444444444444442,-0.28670406639818413
vitor_de_oliveira_nunes_dos_reis,2,1,DEF,Man City,8,0,0,0,5,0,0,3,0.98,0.0,0.0,1.7999999999999998,0.0,0.54,0.0,0.0,0.0,0.0,0.0,0.0,0.12,0.72,0.6,0.0,0.0,0.0,0.0,0.0,0.0,0.0,0.6,-82.8,61.199999999999996,144.0,45.0,0.0,Crystal Palace,3.2,3.0,Hull City,Hull City,1.4,3.0,0.7988541390406699,,1.2386222137026826,0.9894784821241052
walter_benitez,2,0,GK,Crystal Palace,15,1,0,0,3,0,0,5,0.76,0.0,0.0,0.0,0.0,0.0,0.0,0.0,0.0,0.0,0.0,0.0,0.0,0.0,0.0,0.0,0.0,0.0,0.0,0.0,0.0,0.0,0.0,-544.8,280.8,825.6,45.0,0.0,Man City,0.6,0.0,Sunderland,Sunderland,1.0,1.7999999999999998,0.06833684706652732,,0.6666666666666666,0.04555789804435154
wellity_lucky,2,0,DEF,Liverpool,18,1,0,0,4,0,0,3,0.4,0.0,0.0,0.0,0.0,0.0,0.0,0.0,0.0,0.0,0.0,0.0,0.0,0.0,0.0,0.0,0.0,0.0,0.0,0.0,0.0,0.0,0.0,-317.4,364.8,682.1999999999999,40.0,0.0,Nott'm Forest,2.0,1.0,Spurs,Spurs,0.0,0.0,0.08312422456272284,,1.666587621079056,0.13853380366802948
wes_burns,2,0,MID,Ipswich Town,16,0,0,0,2,0,0,4,0.0,0.0,0.0,0.0,0.0,0.0,0.0,0.0,0.0,0.0,0.0,0.0,0.0,0.0,0.0,0.0,0.0,0.0,0.0,0.0,0.0,0.0,0.0,-114.6,0.0,114.6,50.0,0.0,Man Utd,2.0,1.2000000000000002,Brighton,Brighton,3.4,1.2000000000000002,0.28986348038867304,,0.9251338906569119,0.26816252937132656
wesley_fofana,2,0,DEF,Chelsea,5,1,0,0,4,0,0,3,0.0,0.0,0.0,-1.2,0.0,0.54,0.006,0.006,0.0,0.756,1.2,0.0,1.2,11.639999999999999,40.199999999999996,0.0,0.0,0.0,0.0,0.0,0.6,0.0,0.0,331.2,487.79999999999995,156.6,50.0,0.6,Brighton,3.6,3.0,Aston Villa,Aston Villa,0.0,0.0,1.203035542528461,,2.0,2.406071085056922
wilfried_gnonto,2,0,MID,Leeds,4,1,0,0,2,0,0,3,0.0,0.0,0.0,0.0,0.0,0.0,0.0,0.0,0.0,0.0,0.0,0.0,0.0,0.0,0.0,0.0,0.0,0.0,0.0,0.0,0.0,0.0,0.0,-406.8,10.799999999999999,417.59999999999997,50.0,0.0,Brentford,1.0,1.8000000000000003,Fulham,Fulham,0.8,0.0,0.22627935306347835,,1.3734508511032946,0.31078357005213725
will_dennis,2,0,GK,Bournemouth,9,1,0,0,3,0,0,3,0.4,0.0,0.0,0.0,0.0,0.0,0.0,0.0,0.0,0.0,0.0,0.0,0.0,0.0,0.0,0.0,0.0,0.0,0.0,0.0,0.0,0.0,0.0,-230.39999999999998,679.8,910.1999999999999,40.0,0.0,Everton,1.0,0.6,Coventry City,Coventry City,0.0,0.0,-0.3308981361583547,,2.0,-0.6617962723167095
will_hughes,2,0,MID,Crystal Palace,15,1,0,0,3,0,0,5,0.4,0.0,0.0,0.0,0.0,0.0,0.0,0.0,0.0,0.0,0.0,0.0,0.0,0.0,0.0,0.0,0.0,0.0,0.0,0.0,0.0,0.0,0.0,-41998.799999999996,12109.199999999999,54108.0,45.0,0.0,Man City,0.6,0.0,Sunderland,Sunderland,1.0,1.7999999999999998,0.1613447465733342,,0.5924448878848673,0.0955878702944513
william_osula,2,0,FWD,Newcastle,19,0,0,0,3,0,0,3,0.8,0.4,0.0,7.2,0.0,5.48,0.05600000000000001,0.08000000000000002,0.024,0.592,0.4,0.0,2.0,11.280000000000001,22.0,0.0,0.0,0.0,0.0,0.0,0.4,3.2,1.6,-3697.7999999999997,12206.4,15904.199999999999,60.0,0.0,Spurs,2.0,2.1999999999999997,Brentford,Brentford,1.8000000000000003,1.8000000000000003,0.6095449038482936,14974.0,2.0,1.2190898076965873
william_saliba,2,0,DEF,Arsenal,2,0,0,0,5,0,0,3,0.0,0.0,0.0,0.0,0.0,0.0,0.0,0.0,0.0,0.0,0.0,0.0,0.0,0.0,0.0,0.0,0.0,0.0,0.0,0.0,0.0,0.0,0.0,-3582.0,507.59999999999997,4089.6,60.0,0.0,Aston Villa,1.8000000000000003,3.0,Man Utd,Man Utd,3.0,1.7999999999999998,1.0053956344987909,14970.0,2.0,2.0107912689975818
wilson_isidor,2,8,FWD,Sunderland,10,1,0,0,2,0,0,3,3.42,0.0,1.7999999999999998,18.599999999999998,0.0,0.14,0.0,0.834,0.834,0.262,0.4,0.6,3.24,17.52,24.8,0.0,0.0,0.0,0.0,0.0,0.0,15.0,5.2,-6270.599999999999,1482.0,7752.599999999999,55.0,0.0,Fulham,1.0,1.7999999999999998,Crystal Palace,Crystal Palace,0.6,0.0,2.956513095113895,79641.0,2.0,5.91302619022779
wilson_odobert,2,0,MID,Spurs,17,1,0,0,3,0,0,3,0.0,0.0,0.0,0.0,0.0,0.0,0.0,0.0,0.0,0.0,0.0,0.0,0.0,0.0,0.0,0.0,0.0,0.0,0.0,0.0,0.0,0.0,0.0,-1.7999999999999998,9.6,11.4,55.0,0.0,Newcastle,0.0,0.0,Liverpool,Liverpool,2.0,1.0,0.4049202096407165,,0.6492992224190566,0.2629143772614786
xaver_schlager,2,4,MID,Nott'm Forest,14,0,0,0,3,0,0,4,2.1,0.0,0.0,10.2,0.0,0.8200000000000001,0.0,0.03,0.03,1.102,1.6,0.0,1.9,12.959999999999999,60.4,0.0,0.0,0.0,0.0,0.0,0.6,5.0,2.8,-591.6,94.8,686.4,50.0,0.0,Liverpool,1.2,0.6,Everton,Everton,1.4,1.8000000000000003,2.7914589136519425,,0.9780144719578355,2.730087215427298
xavi_simons,2,0,MID,Spurs,17,1,0,0,3,0,0,3,0.0,0.0,0.0,0.0,0.0,0.0,0.0,0.0,0.0,0.0,0.0,0.0,0.0,0.0,0.0,0.0,0.0,0.0,0.0,0.0,0.0,0.0,0.0,-167.4,46.199999999999996,213.6,60.0,0.0,Newcastle,0.0,0.0,Liverpool,Liverpool,2.0,1.0,0.5251815213312043,,0.6492992224190566,0.34099995342920814
yankuba_minteh,2,0,MID,Brighton,6,0,0,0,3,0,0,4,0.0,0.0,0.0,0.0,0.0,0.0,0.0,0.0,0.0,0.0,0.0,0.0,0.0,0.0,0.0,0.0,0.0,0.0,0.0,0.0,0.0,0.0,0.0,-2028.6,84.0,2112.6,60.0,0.0,Chelsea,3.4,1.2000000000000002,Ipswich Town,Ipswich Town,2.0,1.2000000000000002,0.45857177847372665,,2.0,0.9171435569474533
yasin_ayari,2,0,MID,Brighton,6,0,0,0,3,0,0,4,1.4,0.0,0.0,3.2,0.4,6.0,0.012,0.05600000000000001,0.044000000000000004,0.07600000000000001,0.0,0.0,0.68,0.0,25.200000000000003,0.0,0.0,0.0,0.0,0.0,0.4,2.4000000000000004,0.8,-2566.2,2000.3999999999999,4566.599999999999,55.0,0.4,Chelsea,3.4,1.2000000000000002,Ipswich Town,Ipswich Town,2.0,1.2000000000000002,1.1275907911143144,,2.0,2.2551815822286287
yehor_yarmoliuk,2,1,MID,Brentford,13,0,0,0,3,0,0,2,1.2000000000000002,0.0,0.0,5.2,0.0,7.82,0.006,0.022,0.016,0.8320000000000001,0.6,0.0,1.44,2.6799999999999997,21.8,0.0,0.0,0.0,0.0,0.0,0.0,3.6,1.0,-7460.4,447.0,7907.4,50.0,0.0,Leeds,1.8000000000000003,1.8000000000000003,Newcastle,Newcastle,2.0,2.1999999999999997,1.6770316386060629,,1.3398293368431589,2.2469361882185575
yeremy_pino_santos,2,5,MID,Crystal Palace,15,1,0,0,3,0,0,5,2.5999999999999996,0.6,0.0,17.8,0.0,23.04,0.05,0.104,0.054,1.3139999999999998,1.7999999999999998,0.0,3.8000000000000003,7.28,54.199999999999996,0.0,0.0,0.0,0.0,0.0,0.6,7.8,3.4,-1286.3999999999999,188.4,1474.8,55.0,0.0,Man City,0.6,0.0,Sunderland,Sunderland,1.0,1.7999999999999998,2.5559426503830167,,0.5924448878848673,1.5142551569463167
yoane_wissa,2,8,FWD,Newcastle,19,0,0,0,3,0,0,3,4.3999999999999995,0.4,1.2,25.0,0.6,12.700000000000001,0.008,0.618,0.61,1.32,0.4,0.6,8.08,29.36,84.6,0.0,0.0,0.0,0.0,0.0,1.0,38.8,6.4,80921.4,95374.2,14452.8,60.0,0.4,Spurs,2.0,2.1999999999999997,Brentford,Brentford,1.8000000000000003,1.8000000000000003,4.19609697497231,14971.0,2.0,8.39219394994462
youri_tielemans,2,4,MID,Man Utd,12,1,0,0,4,0,0,2,2.6799999999999997,0.0,0.0,20.8,0.0,32.3,0.11,0.408,0.298,1.612,2.0,0.0,6.8,21.92,80.4,0.0,0.0,0.0,0.0,0.0,1.0,13.6,3.2,-13843.8,7578.599999999999,21422.399999999998,60.0,0.0,Ipswich Town,3.0,1.7999999999999998,Arsenal,Arsenal,1.8000000000000003,3.0,3.608200978257058,14974.0,0.5624563952570014,2.029455715593251
zach_abbott,2,0,DEF,Nott'm Forest,14,0,0,0,3,0,0,4,0.4,0.0,0.0,0.0,0.0,0.0,0.0,0.0,0.0,0.0,0.0,0.0,0.0,0.0,0.0,0.0,0.0,0.0,0.0,0.0,0.0,0.0,0.0,-736.1999999999999,597.6,1333.8,40.0,0.0,Liverpool,1.2,0.6,Everton,Everton,1.4,1.8000000000000003,0.17073221702109231,,0.8667834297595639,0.14798785663999658
zadok_yohanna,2,0,MID,Brighton,6,0,0,0,3,0,0,4,0.9000000000000001,0.0,0.0,1.2000000000000002,0.0,0.52,0.012,0.012,0.0,0.0,0.0,0.0,0.08000000000000002,0.08000000000000002,4.800000000000001,0.0,0.0,0.0,0.0,0.0,0.0,0.0,0.4,-303.59999999999997,223.79999999999998,527.4,50.0,0.0,Chelsea,3.4,1.2000000000000002,Ipswich Town,Ipswich Town,2.0,1.2000000000000002,0.704489677386775,,2.0,1.40897935477355
zavier_gozo,2,1,MID,Crystal Palace,15,1,0,0,3,0,0,5,0.9000000000000001,0.0,0.0,1.7999999999999998,0.0,0.78,0.0,0.0,0.0,0.12,0.6,0.0,0.18,0.84,13.2,0.0,0.0,0.0,0.0,0.0,0.0,0.0,0.6,-43.199999999999996,60.599999999999994,103.8,50.0,0.0,Man City,0.6,0.0,Sunderland,Sunderland,1.0,1.7999999999999998,1.0935975317274989,,0.5924448878848673,0.6478962670754657
zion_suzuki,2,2,GK,Aston Villa,1,1,0,0,3,0,0,5,1.6400000000000001,0.0,0.0,4.8,0.0,0.0,0.0,0.0,0.0,0.624,0.6,0.0,0.84,8.16,54.0,0.0,0.0,0.0,0.0,0.6,0.6,0.0,1.2,-1525.2,2537.4,4062.6,50.0,0.0,Arsenal,0.0,0.0,Chelsea,Chelsea,3.6,3.0,2.486963776996757,14971.0,0.5,1.2434818884983785
