full_name,gw,total_points,position,team,opponent_team,was_home,team_strength_attack,team_strength_defence,team_strength_overall,opponent_strength_attack,opponent_strength_defence,opponent_strength_overall,xP,assists,bonus,bps,clean_sheets,creativity,expected_assists,expected_goal_involvements,expected_goals,expected_goals_conceded,goals_conceded,goals_scored,ict_index,influence,minutes,own_goals,penalties_missed,penalties_saved,red_cards,saves,starts,threat,ewma_total_points,transfers_balance,transfers_in,transfers_out,value,yellow_cards,opponent_team_name,ewma_team_goals,ewma_team_points,team_name_nw_opponent,team_nw_opponent,ewma_team_goals_nw_opponent,ewma_team_points_nw_opponent,predicted_points,owner,fixture_diff_index,predicted_points_adj
aaron_anselmino,1,0,DEF,Chelsea,10,0,0,0,4,0,0,2,1.7,0.0,0.0,0.0,0.0,0.0,0.0,0.0,0.0,0.0,0.0,0.0,0.0,0.0,0.0,0.0,0.0,0.0,0.0,0.0,0.0,0.0,0.0,0.0,0.0,0.0,45.0,0.0,Fulham,3.0,3.0,Nott'm Forest,Nott'm Forest,0.0,0.0,0.48520891153690016,,2.0,0.9704178230738003
aaron_hickey,1,1,DEF,Brentford,19,1,0,0,3,0,0,3,1.7,0.0,0.0,2.0,0.0,0.3,0.0,0.0,0.0,0.1,0.0,0.0,0.0,0.0,14.0,0.0,0.0,0.0,0.0,0.0,0.0,0.0,1.0,0.0,0.0,0.0,45.0,0.0,Spurs,3.0,3.0,Man Utd,Man Utd,0.0,0.0,1.4073652982754417,,2.0,2.8147305965508833
abdoul_ouattara,1,1,DEF,Ipswich Town,20,1,0,0,2,0,0,3,1.0,0.0,0.0,4.0,0.0,10.0,0.0,0.0,0.0,0.03,0.0,0.0,1.5,5.2,10.0,0.0,0.0,0.0,0.0,0.0,0.0,0.0,1.0,0.0,0.0,0.0,40.0,0.0,Sunderland,2.0,3.0,Aston Villa,Aston Villa,0.0,0.0,0.9470011585946718,,2.0,1.8940023171893436
abdukodir_khusanov,1,2,DEF,Man City,3,1,0,0,4,0,0,3,2.5,0.0,0.0,14.0,0.0,3.4,0.02,0.02,0.0,0.65,1.0,0.0,2.0,17.0,90.0,0.0,0.0,0.0,0.0,0.0,1.0,0.0,2.0,0.0,0.0,0.0,55.0,0.0,Bournemouth,2.0,3.0,Arsenal,Arsenal,3.0,3.0,3.4445498106553494,14972.0,0.9909519497227103,3.413383350785911
abdul_fatawu,1,2,MID,Ipswich Town,20,1,0,0,2,0,0,3,2.0,0.0,0.0,22.0,0.0,28.4,0.41,0.41,0.0,0.63,1.0,0.0,5.5,18.6,65.0,0.0,0.0,0.0,0.0,0.0,1.0,8.0,2.0,0.0,0.0,0.0,55.0,0.0,Sunderland,2.0,3.0,Aston Villa,Aston Villa,0.0,0.0,2.414171937370041,,1.8584836898691064,4.486699170141923
abdulkadir_omur,1,0,MID,Hull City,16,1,0,0,2,0,0,4,1.5,0.0,0.0,0.0,0.0,0.0,0.0,0.0,0.0,0.0,0.0,0.0,0.0,0.0,0.0,0.0,0.0,0.0,0.0,0.0,0.0,0.0,0.0,0.0,0.0,0.0,50.0,0.0,Man Utd,2.0,3.0,Crystal Palace,Crystal Palace,0.0,0.0,0.3242989531225442,,0.9997645158411456,0.3242225858563508
abu_kamara,1,0,MID,Hull City,16,1,0,0,2,0,0,4,0.0,0.0,0.0,0.0,0.0,0.0,0.0,0.0,0.0,0.0,0.0,0.0,0.0,0.0,0.0,0.0,0.0,0.0,0.0,0.0,0.0,0.0,0.0,0.0,0.0,0.0,50.0,0.0,Man Utd,2.0,3.0,Crystal Palace,Crystal Palace,0.0,0.0,0.18262297091192936,,0.9997645158411456,0.18257996609523666
adam_aznou,1,0,DEF,Everton,8,1,0,0,3,0,0,3,1.0,0.0,0.0,0.0,0.0,0.0,0.0,0.0,0.0,0.0,0.0,0.0,0.0,0.0,0.0,0.0,0.0,0.0,0.0,0.0,0.0,0.0,0.0,0.0,0.0,0.0,40.0,0.0,Crystal Palace,2.0,3.0,Liverpool,Liverpool,2.0,1.0,0.34666573803980927,,2.0,0.6933314760796185
adam_smith,1,1,DEF,Bournemouth,15,0,0,0,3,0,0,4,1.7,0.0,0.0,4.0,0.0,0.6,0.0,0.0,0.0,2.25,2.0,0.0,0.8,7.0,90.0,0.0,0.0,0.0,0.0,0.0,1.0,0.0,1.0,0.0,0.0,0.0,45.0,0.0,Man City,1.0,0.0,Fulham,Fulham,2.0,0.0,1.9611254658881512,,0.5,0.9805627329440756
adam_wharton,1,4,MID,Crystal Palace,9,0,0,0,3,0,0,3,2.0,0.0,0.0,20.0,0.0,30.9,0.24,0.24,0.0,1.12,2.0,0.0,4.8,16.8,90.0,0.0,0.0,0.0,0.0,0.0,1.0,0.0,4.0,0.0,0.0,0.0,55.0,0.0,Everton,0.0,0.0,Hull City,Hull City,2.0,3.0,4.1876455795069,,0.5,2.09382278975345
adrien_truffert,1,1,DEF,Bournemouth,15,0,0,0,3,0,0,4,2.5,0.0,0.0,0.0,0.0,1.3,0.0,0.0,0.0,2.25,2.0,0.0,1.7,15.4,90.0,0.0,0.0,0.0,0.0,0.0,1.0,0.0,1.0,0.0,0.0,0.0,55.0,0.0,Man City,1.0,0.0,Fulham,Fulham,2.0,0.0,2.5016533345468206,61014.0,0.5,1.2508266672734103
aladji_bamba,1,1,MID,Newcastle,14,1,0,0,2,0,0,4,1.5,0.0,0.0,5.0,0.0,0.0,0.0,0.0,0.0,1.04,1.0,0.0,0.4,4.0,14.0,0.0,0.0,0.0,0.0,0.0,0.0,0.0,1.0,0.0,0.0,0.0,50.0,0.0,Liverpool,2.0,1.0,Brighton,Brighton,4.0,3.0,1.304988187335121,,0.5,0.6524940936675605
alejandro_garnacho_ferreyra,1,1,MID,Aston Villa,5,0,0,0,4,0,0,2,2.2,0.0,0.0,2.0,0.0,0.0,0.0,0.0,0.0,0.14,0.0,0.0,0.0,0.0,4.0,0.0,0.0,0.0,0.0,0.0,0.0,0.0,1.0,0.0,0.0,0.0,60.0,0.0,Brighton,0.0,0.0,Ipswich Town,Ipswich Town,2.0,3.0,1.3991893705720906,,0.5,0.6995946852860453
alex_iwobi,1,2,MID,Fulham,6,1,0,0,2,0,0,4,2.0,0.0,0.0,17.0,0.0,11.3,0.04,0.04,0.0,2.24,3.0,0.0,2.4,12.4,90.0,0.0,0.0,0.0,0.0,0.0,1.0,0.0,2.0,0.0,0.0,0.0,55.0,0.0,Chelsea,2.0,0.0,Bournemouth,Bournemouth,1.0,0.0,2.589264156819679,,0.6944526094211847,1.7981212501841697
alex_murphy,1,0,DEF,Newcastle,14,1,0,0,2,0,0,4,0.0,0.0,0.0,0.0,0.0,0.0,0.0,0.0,0.0,0.0,0.0,0.0,0.0,0.0,0.0,0.0,0.0,0.0,0.0,0.0,0.0,0.0,0.0,0.0,0.0,0.0,40.0,0.0,Liverpool,2.0,1.0,Brighton,Brighton,4.0,3.0,0.33278591557138526,,0.5,0.16639295778569263
alex_palmer,1,0,GK,Ipswich Town,20,1,0,0,2,0,0,3,1.0,0.0,0.0,0.0,0.0,0.0,0.0,0.0,0.0,0.0,0.0,0.0,0.0,0.0,0.0,0.0,0.0,0.0,0.0,0.0,0.0,0.0,0.0,0.0,0.0,0.0,40.0,0.0,Sunderland,2.0,3.0,Aston Villa,Aston Villa,0.0,0.0,-0.012962135363476568,,2.0,-0.025924270726953136
alex_scott,1,2,MID,Bournemouth,15,0,0,0,3,0,0,4,2.2,0.0,0.0,17.0,0.0,4.8,0.01,0.01,0.0,2.25,2.0,0.0,1.6,11.4,90.0,0.0,0.0,0.0,0.0,0.0,1.0,0.0,2.0,0.0,0.0,0.0,60.0,0.0,Man City,1.0,0.0,Fulham,Fulham,2.0,0.0,2.7192054321912114,14973.0,1.6410044370606494,4.462228179505199
alex_toth,1,1,MID,Bournemouth,15,0,0,0,3,0,0,4,1.5,0.0,0.0,5.0,0.0,0.6,0.0,0.0,0.0,0.31,2.0,0.0,0.3,2.8,15.0,0.0,0.0,0.0,0.0,0.0,0.0,0.0,1.0,0.0,0.0,0.0,50.0,0.0,Man City,1.0,0.0,Fulham,Fulham,2.0,0.0,1.3321308869315516,,1.6410044370606494,2.1860326962002143
alexander_isak,1,2,FWD,Liverpool,17,0,0,0,4,0,0,2,2.7,0.0,0.0,6.0,0.0,14.6,0.01,1.1,1.09,1.58,2.0,0.0,9.2,11.4,90.0,0.0,0.0,0.0,0.0,0.0,1.0,66.0,2.0,0.0,0.0,0.0,90.0,0.0,Newcastle,2.0,1.0,Everton,Everton,2.0,3.0,4.227532700934132,14973.0,0.5,2.113766350467066
alexis_mac_allister,1,1,MID,Liverpool,17,0,0,0,4,0,0,2,2.0,0.0,0.0,9.0,0.0,1.4,0.01,0.01,0.0,1.07,0.0,0.0,0.7,5.8,27.0,0.0,0.0,0.0,0.0,0.0,0.0,0.0,1.0,0.0,0.0,0.0,55.0,0.0,Newcastle,2.0,1.0,Everton,Everton,2.0,3.0,1.8523194333033417,,0.9787516968834412,1.8129607885158199
alfie_cresswell,1,0,MID,Leeds,18,0,0,0,3,0,0,3,1.0,0.0,0.0,0.0,0.0,0.0,0.0,0.0,0.0,0.0,0.0,0.0,0.0,0.0,0.0,0.0,0.0,0.0,0.0,0.0,0.0,0.0,0.0,0.0,0.0,0.0,45.0,0.0,Nott'm Forest,1.0,3.0,Coventry City,Coventry City,0.0,0.0,0.17699589865747578,,2.0,0.35399179731495156
alfie_mcnally,1,0,GK,Fulham,6,1,0,0,2,0,0,4,1.0,0.0,0.0,0.0,0.0,0.0,0.0,0.0,0.0,0.0,0.0,0.0,0.0,0.0,0.0,0.0,0.0,0.0,0.0,0.0,0.0,0.0,0.0,0.0,0.0,0.0,40.0,0.0,Chelsea,2.0,0.0,Bournemouth,Bournemouth,1.0,0.0,-0.23008372651693376,,1.5,-0.34512558977540064
ali_al_hamadi,1,0,FWD,Ipswich Town,20,1,0,0,2,0,0,3,1.4,0.0,0.0,0.0,0.0,0.0,0.0,0.0,0.0,0.0,0.0,0.0,0.0,0.0,0.0,0.0,0.0,0.0,0.0,0.0,0.0,0.0,0.0,0.0,0.0,0.0,50.0,0.0,Sunderland,2.0,3.0,Aston Villa,Aston Villa,0.0,0.0,0.2331433489429462,,2.0,0.4662866978858924
alisson_becker,1,2,GK,Liverpool,17,0,0,0,4,0,0,2,3.3,0.0,0.0,7.0,0.0,0.0,0.0,0.0,0.0,1.58,2.0,0.0,1.8,17.8,90.0,0.0,0.0,0.0,0.0,3.0,1.0,0.0,2.0,0.0,0.0,0.0,55.0,0.0,Newcastle,2.0,1.0,Everton,Everton,2.0,3.0,3.483827821056697,15210.0,1.0,3.483827821056697
altay_bayindir,1,0,GK,Man Utd,11,0,0,0,4,0,0,2,0.0,0.0,0.0,0.0,0.0,0.0,0.0,0.0,0.0,0.0,0.0,0.0,0.0,0.0,0.0,0.0,0.0,0.0,0.0,0.0,0.0,0.0,0.0,0.0,0.0,0.0,45.0,0.0,Hull City,0.0,0.0,Brentford,Brentford,3.0,3.0,0.42985718985604615,,0.5,0.21492859492802308
alvaro_rodriguez,1,0,FWD,Bournemouth,15,0,0,0,3,0,0,4,1.5,0.0,0.0,0.0,0.0,0.0,0.0,0.0,0.0,0.0,0.0,0.0,0.0,0.0,0.0,0.0,0.0,0.0,0.0,0.0,0.0,0.0,0.0,0.0,0.0,0.0,60.0,0.0,Man City,1.0,0.0,Fulham,Fulham,2.0,0.0,0.3552667479754743,50210.0,2.0,0.7105334959509486
alysson_edward_franco_da_rocha_dos_santos,1,1,MID,Aston Villa,5,0,0,0,4,0,0,2,1.5,0.0,0.0,5.0,0.0,0.0,0.0,0.0,0.0,0.14,0.0,0.0,0.4,4.0,8.0,0.0,0.0,0.0,0.0,0.0,0.0,0.0,1.0,0.0,0.0,0.0,50.0,0.0,Brighton,0.0,0.0,Ipswich Town,Ipswich Town,2.0,3.0,1.156449147415863,,0.5,0.5782245737079315
amad_diallo,1,0,MID,Man Utd,11,0,0,0,4,0,0,2,2.2,0.0,0.0,0.0,0.0,0.0,0.0,0.0,0.0,0.0,0.0,0.0,0.0,0.0,0.0,0.0,0.0,0.0,0.0,0.0,0.0,0.0,0.0,0.0,0.0,0.0,60.0,0.0,Hull City,0.0,0.0,Brentford,Brentford,3.0,3.0,0.7700588518655705,,0.5,0.3850294259327853
amadou_onana,1,0,MID,Aston Villa,5,0,0,0,4,0,0,2,0.0,0.0,0.0,0.0,0.0,0.0,0.0,0.0,0.0,0.0,0.0,0.0,0.0,0.0,0.0,0.0,0.0,0.0,0.0,0.0,0.0,0.0,0.0,0.0,0.0,0.0,50.0,0.0,Brighton,0.0,0.0,Ipswich Town,Ipswich Town,2.0,3.0,0.2906324258980395,,0.5,0.14531621294901975
amar_dedic,1,1,DEF,Newcastle,14,1,0,0,2,0,0,4,1.7,0.0,0.0,-1.0,0.0,1.2,0.0,0.03,0.03,2.98,2.0,0.0,2.3,16.4,90.0,0.0,0.0,0.0,0.0,0.0,1.0,5.0,1.0,0.0,0.0,0.0,45.0,0.0,Liverpool,2.0,1.0,Brighton,Brighton,4.0,3.0,2.0773204079221603,,0.5,1.0386602039610802
amine_adli,1,0,MID,Bournemouth,15,0,0,0,3,0,0,4,0.0,0.0,0.0,0.0,0.0,0.0,0.0,0.0,0.0,0.0,0.0,0.0,0.0,0.0,0.0,0.0,0.0,0.0,0.0,0.0,0.0,0.0,0.0,0.0,0.0,0.0,50.0,0.0,Man City,1.0,0.0,Fulham,Fulham,2.0,0.0,0.2614885493473651,,1.6410044370606494,0.4291038697195787
anan_khalaili,1,1,DEF,Crystal Palace,9,0,0,0,3,0,0,3,2.2,0.0,0.0,12.0,0.0,26.5,0.16,0.16,0.0,0.27,0.0,0.0,5.5,24.0,35.0,0.0,0.0,0.0,0.0,0.0,0.0,4.0,1.0,0.0,0.0,0.0,50.0,0.0,Everton,0.0,0.0,Hull City,Hull City,2.0,3.0,2.4443774851675015,,0.5,1.2221887425837508
andres_garcia,1,0,DEF,Aston Villa,5,0,0,0,4,0,0,2,1.0,0.0,0.0,0.0,0.0,0.0,0.0,0.0,0.0,0.0,0.0,0.0,0.0,0.0,0.0,0.0,0.0,0.0,0.0,0.0,0.0,0.0,0.0,0.0,0.0,0.0,40.0,0.0,Brighton,0.0,0.0,Ipswich Town,Ipswich Town,2.0,3.0,0.256531805833768,,0.5,0.128265902916884
andrew_robertson,1,3,DEF,Spurs,4,0,0,0,3,0,0,3,1.7,0.0,0.0,13.0,0.0,19.2,0.06,0.06,0.0,3.87,3.0,0.0,5.3,31.8,90.0,0.0,0.0,0.0,0.0,0.0,1.0,2.0,3.0,0.0,0.0,0.0,45.0,0.0,Brentford,0.0,0.0,Sunderland,Sunderland,1.0,0.0,2.320370185552047,,0.9767678760906346,2.266463057885705
andrey_nascimento_dos_santos,1,2,MID,Man Utd,11,0,0,0,4,0,0,2,1.5,0.0,0.0,17.0,0.0,4.2,0.23,0.23,0.0,0.94,2.0,0.0,1.8,11.4,66.0,0.0,0.0,0.0,0.0,0.0,1.0,2.0,2.0,0.0,0.0,0.0,50.0,0.0,Hull City,0.0,0.0,Brentford,Brentford,3.0,3.0,2.0185181333269693,,0.5,1.0092590666634846
anis_mehmeti,1,0,MID,Ipswich Town,20,1,0,0,2,0,0,3,1.5,0.0,0.0,0.0,0.0,0.0,0.0,0.0,0.0,0.0,0.0,0.0,0.0,0.0,0.0,0.0,0.0,0.0,0.0,0.0,0.0,0.0,0.0,0.0,0.0,0.0,50.0,0.0,Sunderland,2.0,3.0,Aston Villa,Aston Villa,0.0,0.0,0.3242989531225442,,1.8584836898691064,0.6027043150198743
anthony_elanga,1,9,MID,Newcastle,14,1,0,0,2,0,0,4,2.2,0.0,2.0,31.0,0.0,3.5,0.01,0.23,0.22,1.94,1.0,1.0,6.9,37.4,75.0,0.0,0.0,0.0,0.0,0.0,1.0,28.0,9.0,0.0,0.0,0.0,60.0,0.0,Liverpool,2.0,1.0,Brighton,Brighton,4.0,3.0,2.77676139201062,,0.5,1.38838069600531
anthony_patterson,1,0,GK,Sunderland,12,0,0,0,3,0,0,2,0.0,0.0,0.0,0.0,0.0,0.0,0.0,0.0,0.0,0.0,0.0,0.0,0.0,0.0,0.0,0.0,0.0,0.0,0.0,0.0,0.0,0.0,0.0,0.0,0.0,0.0,40.0,0.0,Ipswich Town,1.0,0.0,Spurs,Spurs,0.0,0.0,-0.3955251606832524,,1.75,-0.6921690311956916
antoine_semenyo,1,2,MID,Man City,3,1,0,0,4,0,0,3,2.9,0.0,0.0,16.0,0.0,8.9,0.02,0.08,0.06,0.65,1.0,0.0,4.6,5.8,90.0,0.0,0.0,0.0,0.0,0.0,1.0,31.0,2.0,0.0,0.0,0.0,85.0,0.0,Bournemouth,2.0,3.0,Arsenal,Arsenal,3.0,3.0,4.252890722021053,14970.0,0.5,2.1264453610105263
anton_stach,1,13,MID,Leeds,18,0,0,0,3,0,0,3,2.2,0.0,3.0,37.0,1.0,2.3,0.05,0.15,0.1,0.66,0.0,1.0,6.6,47.8,90.0,0.0,0.0,0.0,0.0,0.0,1.0,16.0,13.0,0.0,0.0,0.0,60.0,0.0,Nott'm Forest,1.0,3.0,Coventry City,Coventry City,0.0,0.0,3.988579618289908,50210.0,2.0,7.977159236579816
antonee_robinson,1,1,DEF,Fulham,6,1,0,0,2,0,0,4,1.7,0.0,0.0,4.0,0.0,25.2,0.04,0.17,0.13,2.21,3.0,0.0,5.0,21.6,81.0,0.0,0.0,0.0,0.0,0.0,1.0,3.0,1.0,0.0,0.0,0.0,45.0,0.0,Chelsea,2.0,0.0,Bournemouth,Bournemouth,1.0,0.0,1.752909041580228,50210.0,1.7772507793939916,3.115358960355235
antoni_milambo,1,0,MID,Brentford,19,1,0,0,3,0,0,3,0.0,0.0,0.0,0.0,0.0,0.0,0.0,0.0,0.0,0.0,0.0,0.0,0.0,0.0,0.0,0.0,0.0,0.0,0.0,0.0,0.0,0.0,0.0,0.0,0.0,0.0,50.0,0.0,Spurs,3.0,3.0,Man Utd,Man Utd,0.0,0.0,0.1624393862829714,,1.2041856403092235,0.1956071763825972
antonin_kinsky,1,2,GK,Spurs,4,0,0,0,3,0,0,3,1.9,0.0,0.0,15.0,0.0,0.0,0.0,0.0,0.0,3.87,3.0,0.0,4.4,43.6,90.0,0.0,0.0,0.0,0.0,5.0,1.0,0.0,2.0,0.0,0.0,0.0,45.0,0.0,Brentford,0.0,0.0,Sunderland,Sunderland,1.0,0.0,1.3037173293434976,61014.0,1.0,1.3037173293434976
antonio_joao_pereira_de_albuquerque_tavares_da_silva,1,2,DEF,Bournemouth,15,0,0,0,3,0,0,4,2.2,0.0,0.0,5.0,0.0,0.3,0.0,0.0,0.0,2.25,2.0,0.0,3.2,31.4,90.0,0.0,0.0,0.0,0.0,0.0,1.0,0.0,2.0,0.0,0.0,0.0,50.0,1.0,Man City,1.0,0.0,Fulham,Fulham,2.0,0.0,3.101130253849993,,0.5,1.5505651269249965
archie_gray,1,2,MID,Spurs,4,0,0,0,3,0,0,3,1.5,0.0,0.0,15.0,0.0,3.3,0.01,0.01,0.0,3.43,3.0,0.0,1.0,6.2,85.0,0.0,0.0,0.0,0.0,0.0,1.0,0.0,2.0,0.0,0.0,0.0,50.0,0.0,Brentford,0.0,0.0,Sunderland,Sunderland,1.0,0.0,2.189171228529863,,0.5,1.0945856142649315
armin_pecsi,1,0,GK,Liverpool,17,0,0,0,4,0,0,2,0.0,0.0,0.0,0.0,0.0,0.0,0.0,0.0,0.0,0.0,0.0,0.0,0.0,0.0,0.0,0.0,0.0,0.0,0.0,0.0,0.0,0.0,0.0,0.0,0.0,0.0,40.0,0.0,Newcastle,2.0,1.0,Everton,Everton,2.0,3.0,0.38806850977951335,,1.0,0.38806850977951335
arnaud_kalimuendo,1,1,FWD,Nott'm Forest,13,1,0,0,3,0,0,3,1.8,0.0,0.0,3.0,0.0,0.0,0.0,0.0,0.0,0.0,0.0,0.0,0.0,0.0,1.0,0.0,0.0,0.0,0.0,0.0,0.0,0.0,1.0,0.0,0.0,0.0,55.0,0.0,Leeds,0.0,0.0,Chelsea,Chelsea,3.0,3.0,1.1428511309202354,,1.2701080432172867,1.4515444135817632
arthur_masuaku,1,0,DEF,Sunderland,12,0,0,0,3,0,0,2,0.0,0.0,0.0,0.0,0.0,0.0,0.0,0.0,0.0,0.0,0.0,0.0,0.0,0.0,0.0,0.0,0.0,0.0,0.0,0.0,0.0,0.0,0.0,0.0,0.0,0.0,40.0,0.0,Ipswich Town,1.0,0.0,Spurs,Spurs,0.0,0.0,-0.010422461137209016,,1.6045153419715095,-0.01672299879575369
ashley_phillips,1,0,DEF,Spurs,4,0,0,0,3,0,0,3,0.0,0.0,0.0,0.0,0.0,0.0,0.0,0.0,0.0,0.0,0.0,0.0,0.0,0.0,0.0,0.0,0.0,0.0,0.0,0.0,0.0,0.0,0.0,0.0,0.0,0.0,45.0,0.0,Brentford,0.0,0.0,Sunderland,Sunderland,1.0,0.0,0.20922564682589817,,0.9767678760906346,0.2043648906738218
aurele_amenda,1,1,DEF,Coventry City,1,0,0,0,2,0,0,4,1.0,0.0,0.0,1.0,0.0,0.8,0.01,0.01,0.0,1.88,3.0,0.0,3.0,28.8,90.0,0.0,0.0,0.0,0.0,0.0,1.0,0.0,1.0,0.0,0.0,0.0,40.0,0.0,Arsenal,0.0,0.0,Leeds,Leeds,1.0,3.0,2.1313470635663427,,0.6265484364121565,1.3353921701291331
axel_disasi,1,0,DEF,Chelsea,10,0,0,0,4,0,0,2,1.7,0.0,0.0,0.0,0.0,0.0,0.0,0.0,0.0,0.0,0.0,0.0,0.0,0.0,0.0,0.0,0.0,0.0,0.0,0.0,0.0,0.0,0.0,0.0,0.0,0.0,45.0,0.0,Fulham,3.0,3.0,Nott'm Forest,Nott'm Forest,0.0,0.0,0.48520891153690016,,2.0,0.9704178230738003
ayden_heaven,1,1,DEF,Man Utd,11,0,0,0,4,0,0,2,1.7,0.0,0.0,5.0,0.0,2.6,0.04,0.16,0.12,1.01,2.0,0.0,2.0,6.8,90.0,0.0,0.0,0.0,0.0,0.0,1.0,11.0,1.0,0.0,0.0,0.0,45.0,0.0,Hull City,0.0,0.0,Brentford,Brentford,3.0,3.0,2.8299126299547206,,0.5,1.4149563149773603
azor_matusiwa,1,0,MID,Ipswich Town,20,1,0,0,2,0,0,3,0.0,0.0,0.0,0.0,0.0,0.0,0.0,0.0,0.0,0.0,0.0,0.0,0.0,0.0,0.0,0.0,0.0,0.0,0.0,0.0,0.0,0.0,0.0,0.0,0.0,0.0,50.0,0.0,Sunderland,2.0,3.0,Aston Villa,Aston Villa,0.0,0.0,0.18262297091192936,,1.8584836898691064,0.33940181283526094
bafode_diakite,1,0,DEF,Bournemouth,15,0,0,0,3,0,0,4,2.2,0.0,0.0,0.0,0.0,0.0,0.0,0.0,0.0,0.0,0.0,0.0,0.0,0.0,0.0,0.0,0.0,0.0,0.0,0.0,0.0,0.0,0.0,0.0,0.0,0.0,50.0,0.0,Man City,1.0,0.0,Fulham,Fulham,2.0,0.0,0.7305385845479212,,0.5,0.3652692922739606
bart_verbruggen,1,6,GK,Brighton,2,1,0,0,2,0,0,4,1.9,0.0,0.0,25.0,1.0,0.0,0.0,0.0,0.0,0.29,0.0,0.0,0.7,6.6,90.0,0.0,0.0,0.0,0.0,0.0,1.0,0.0,6.0,0.0,0.0,0.0,45.0,0.0,Aston Villa,4.0,3.0,Newcastle,Newcastle,2.0,1.0,3.5997528128477887,61014.0,2.0,7.199505625695577
bazoumana_toure,1,0,MID,Newcastle,14,1,0,0,2,0,0,4,2.2,0.0,0.0,0.0,0.0,0.0,0.0,0.0,0.0,0.0,0.0,0.0,0.0,0.0,0.0,0.0,0.0,0.0,0.0,0.0,0.0,0.0,0.0,0.0,0.0,0.0,60.0,0.0,Liverpool,2.0,1.0,Brighton,Brighton,4.0,3.0,0.761984954690473,,0.5,0.3809924773452365
ben_davies,1,0,DEF,Spurs,4,0,0,0,3,0,0,3,1.0,0.0,0.0,0.0,0.0,0.0,0.0,0.0,0.0,0.0,0.0,0.0,0.0,0.0,0.0,0.0,0.0,0.0,0.0,0.0,0.0,0.0,0.0,0.0,0.0,0.0,40.0,0.0,Brentford,0.0,0.0,Sunderland,Sunderland,1.0,0.0,0.1509621141123476,,0.9767678760906346,0.1474549435716698
ben_gannon_doak,1,1,MID,Bournemouth,15,0,0,0,3,0,0,4,1.5,0.0,0.0,3.0,0.0,0.1,0.0,0.0,0.0,0.19,1.0,0.0,0.2,0.2,1.0,0.0,0.0,0.0,0.0,0.0,0.0,2.0,1.0,0.0,0.0,0.0,50.0,0.0,Man City,1.0,0.0,Fulham,Fulham,2.0,0.0,0.9425383313875214,,1.6410044370606494,1.5467095839066634
ben_johnson,1,0,DEF,Ipswich Town,20,1,0,0,2,0,0,3,1.0,0.0,0.0,0.0,0.0,0.0,0.0,0.0,0.0,0.0,0.0,0.0,0.0,0.0,0.0,0.0,0.0,0.0,0.0,0.0,0.0,0.0,0.0,0.0,0.0,0.0,40.0,0.0,Sunderland,2.0,3.0,Aston Villa,Aston Villa,0.0,0.0,0.2051375336961483,,2.0,0.4102750673922966
ben_wilson,1,0,GK,Coventry City,1,0,0,0,2,0,0,4,1.9,0.0,0.0,0.0,0.0,0.0,0.0,0.0,0.0,0.0,0.0,0.0,0.0,0.0,0.0,0.0,0.0,0.0,0.0,0.0,0.0,0.0,0.0,0.0,0.0,0.0,45.0,0.0,Arsenal,0.0,0.0,Leeds,Leeds,1.0,3.0,0.1824009968494471,,0.5,0.09120049842472355
bendito_mantato,1,0,MID,Man Utd,11,0,0,0,4,0,0,2,1.0,0.0,0.0,0.0,0.0,0.0,0.0,0.0,0.0,0.0,0.0,0.0,0.0,0.0,0.0,0.0,0.0,0.0,0.0,0.0,0.0,0.0,0.0,0.0,0.0,0.0,45.0,0.0,Hull City,0.0,0.0,Brentford,Brentford,3.0,3.0,0.29593413102561494,,0.5,0.14796706551280747
benjamin_lecomte,1,0,GK,Fulham,6,1,0,0,2,0,0,4,1.0,0.0,0.0,0.0,0.0,0.0,0.0,0.0,0.0,0.0,0.0,0.0,0.0,0.0,0.0,0.0,0.0,0.0,0.0,0.0,0.0,0.0,0.0,0.0,0.0,0.0,40.0,0.0,Chelsea,2.0,0.0,Bournemouth,Bournemouth,1.0,0.0,-0.23008372651693376,,1.5,-0.34512558977540064
benjamin_sesko,1,1,FWD,Man Utd,11,0,0,0,4,0,0,2,1.7,0.0,0.0,2.0,0.0,0.5,0.0,0.04,0.04,0.07,0.0,0.0,0.9,0.0,23.0,0.0,0.0,0.0,0.0,0.0,0.0,9.0,1.0,0.0,0.0,0.0,70.0,0.0,Hull City,0.0,0.0,Brentford,Brentford,3.0,3.0,2.47032829826292,50210.0,0.7752808988764044,1.915198343597095
benjamin_white,1,11,DEF,Arsenal,7,1,0,0,4,0,0,2,2.5,1.0,2.0,37.0,1.0,26.8,0.21,0.39,0.18,0.2,0.0,0.0,7.3,33.2,90.0,0.0,0.0,0.0,0.0,0.0,1.0,13.0,11.0,0.0,0.0,0.0,55.0,0.0,Coventry City,3.0,3.0,Man City,Man City,2.0,3.0,3.8918339314155346,14971.0,1.3931055299241515,5.421735371401432
benoit_badiashile_mukinayi,1,0,DEF,Chelsea,10,0,0,0,4,0,0,2,1.7,0.0,0.0,0.0,0.0,0.0,0.0,0.0,0.0,0.0,0.0,0.0,0.0,0.0,0.0,0.0,0.0,0.0,0.0,0.0,0.0,0.0,0.0,0.0,0.0,0.0,45.0,0.0,Fulham,3.0,3.0,Nott'm Forest,Nott'm Forest,0.0,0.0,0.48520891153690016,,2.0,0.9704178230738003
bernd_leno,1,2,GK,Fulham,6,1,0,0,2,0,0,4,1.9,0.0,0.0,11.0,0.0,0.0,0.0,0.0,0.0,2.24,3.0,0.0,3.0,29.6,90.0,0.0,0.0,0.0,0.0,3.0,1.0,0.0,2.0,0.0,0.0,0.0,45.0,0.0,Chelsea,2.0,0.0,Bournemouth,Bournemouth,1.0,0.0,2.0139684025387163,14973.0,1.5,3.0209526038080745
bobby_thomas,1,3,DEF,Coventry City,1,0,0,0,2,0,0,4,1.0,0.0,0.0,11.0,0.0,11.2,0.01,0.03,0.02,1.88,3.0,0.0,3.5,23.2,90.0,0.0,0.0,0.0,0.0,0.0,1.0,1.0,3.0,0.0,0.0,0.0,40.0,0.0,Arsenal,0.0,0.0,Leeds,Leeds,1.0,3.0,2.8930692468675545,,0.6265484364121565,1.8126480130569615
borna_sosa,1,0,DEF,Crystal Palace,9,0,0,0,3,0,0,3,1.7,0.0,0.0,0.0,0.0,0.0,0.0,0.0,0.0,0.0,0.0,0.0,0.0,0.0,0.0,0.0,0.0,0.0,0.0,0.0,0.0,0.0,0.0,0.0,0.0,0.0,45.0,0.0,Everton,0.0,0.0,Hull City,Hull City,2.0,3.0,0.5158923909159248,,0.5,0.2579461954579624
boubacar_kamara,1,2,MID,Aston Villa,5,0,0,0,4,0,0,2,1.5,0.0,0.0,9.0,0.0,2.8,0.0,0.0,0.0,3.77,4.0,0.0,1.4,11.2,90.0,0.0,0.0,0.0,0.0,0.0,1.0,0.0,2.0,0.0,0.0,0.0,50.0,0.0,Brighton,0.0,0.0,Ipswich Town,Ipswich Town,2.0,3.0,2.3596790895530457,,0.5,1.1798395447765229
bradley_burrowes,1,0,MID,Aston Villa,5,0,0,0,4,0,0,2,1.0,0.0,0.0,0.0,0.0,0.0,0.0,0.0,0.0,0.0,0.0,0.0,0.0,0.0,0.0,0.0,0.0,0.0,0.0,0.0,0.0,0.0,0.0,0.0,0.0,0.0,45.0,0.0,Brighton,0.0,0.0,Ipswich Town,Ipswich Town,2.0,3.0,0.26482176901462817,,0.5,0.13241088450731409
brandon_austin,1,0,GK,Spurs,4,0,0,0,3,0,0,3,1.0,0.0,0.0,0.0,0.0,0.0,0.0,0.0,0.0,0.0,0.0,0.0,0.0,0.0,0.0,0.0,0.0,0.0,0.0,0.0,0.0,0.0,0.0,0.0,0.0,0.0,40.0,0.0,Brentford,0.0,0.0,Sunderland,Sunderland,1.0,0.0,-0.33692965730936164,,1.0,-0.33692965730936164
brandon_thomas_asante,1,2,FWD,Coventry City,1,0,0,0,2,0,0,4,1.4,0.0,0.0,9.0,0.0,1.1,0.02,0.02,0.0,1.6,3.0,0.0,0.6,4.6,69.0,0.0,0.0,0.0,0.0,0.0,1.0,0.0,2.0,0.0,0.0,0.0,50.0,0.0,Arsenal,0.0,0.0,Leeds,Leeds,1.0,3.0,2.2987605783088307,,0.5627060950962662,1.293526588581397
brenden_aaronson,1,3,MID,Leeds,18,0,0,0,3,0,0,3,2.0,0.0,0.0,16.0,1.0,1.1,0.01,0.02,0.01,0.58,0.0,0.0,1.6,8.0,81.0,0.0,0.0,0.0,0.0,0.0,1.0,7.0,3.0,0.0,0.0,0.0,55.0,0.0,Nott'm Forest,1.0,3.0,Coventry City,Coventry City,0.0,0.0,2.7336603978092993,,2.0,5.4673207956185985
brennan_johnson,1,1,MID,Everton,8,1,0,0,3,0,0,3,2.2,0.0,0.0,3.0,0.0,0.3,0.0,0.0,0.0,0.29,0.0,0.0,0.4,4.0,6.0,0.0,0.0,0.0,0.0,0.0,0.0,0.0,1.0,0.0,0.0,0.0,60.0,0.0,Crystal Palace,2.0,3.0,Liverpool,Liverpool,2.0,1.0,1.3581689131205308,,1.442480845106571,1.959132641595576
brian_brobbey,1,2,FWD,Sunderland,12,0,0,0,3,0,0,2,2.0,0.0,0.0,1.0,0.0,1.5,0.0,0.3,0.3,1.69,1.0,0.0,1.1,0.0,66.0,0.0,0.0,0.0,0.0,0.0,1.0,9.0,2.0,0.0,0.0,0.0,60.0,0.0,Ipswich Town,1.0,0.0,Spurs,Spurs,0.0,0.0,2.4957602629221425,14974.0,0.5,1.2478801314610712
brian_madjo,1,0,FWD,Aston Villa,5,0,0,0,4,0,0,2,0.0,0.0,0.0,0.0,0.0,0.0,0.0,0.0,0.0,0.0,0.0,0.0,0.0,0.0,0.0,0.0,0.0,0.0,0.0,0.0,0.0,0.0,0.0,0.0,0.0,0.0,55.0,0.0,Brighton,0.0,0.0,Ipswich Town,Ipswich Town,2.0,3.0,0.25388712839338035,61014.0,,
bruno_borges_fernandes,1,2,MID,Man Utd,11,0,0,0,4,0,0,2,4.0,0.0,0.0,18.0,0.0,55.4,0.26,0.34,0.08,1.01,2.0,0.0,9.3,20.2,90.0,0.0,0.0,0.0,0.0,0.0,1.0,17.0,2.0,0.0,0.0,0.0,120.0,0.0,Hull City,0.0,0.0,Brentford,Brentford,3.0,3.0,5.399880814120285,14969.0,0.5,2.6999404070601427
bruno_guimaraes_rodriguez_moura,1,0,MID,Arsenal,7,1,0,0,4,0,0,2,1.8,0.0,0.0,0.0,0.0,0.0,0.0,0.0,0.0,0.0,0.0,0.0,0.0,0.0,0.0,0.0,0.0,0.0,0.0,0.0,0.0,0.0,0.0,0.0,0.0,0.0,70.0,0.0,Coventry City,3.0,3.0,Man City,Man City,2.0,3.0,0.8846808276413505,79641.0,1.4315626841415598,1.2664760602268283
bryan_mbeumo,1,2,MID,Man Utd,11,0,0,0,4,0,0,2,2.8,0.0,0.0,12.0,0.0,28.1,0.23,0.73,0.5,1.01,2.0,0.0,8.7,9.6,90.0,0.0,0.0,0.0,0.0,0.0,1.0,49.0,2.0,0.0,0.0,0.0,80.0,0.0,Hull City,0.0,0.0,Brentford,Brentford,3.0,3.0,5.000121692956409,79641.0,0.5,2.5000608464782044
bukayo_saka,1,9,MID,Arsenal,7,1,0,0,4,0,0,2,3.2,0.0,1.0,36.0,1.0,26.1,0.08,0.72,0.64,0.06,0.0,1.0,10.2,42.8,67.0,0.0,0.0,0.0,0.0,0.0,1.0,33.0,9.0,0.0,0.0,0.0,95.0,0.0,Coventry City,3.0,3.0,Man City,Man City,2.0,3.0,4.343701555326468,50210.0,1.4315626841415598,6.2182810576530265
caleb_yirenkyi,1,1,MID,Coventry City,1,0,0,0,2,0,0,4,1.5,0.0,0.0,2.0,0.0,3.1,0.0,0.0,0.0,1.56,3.0,0.0,0.0,0.0,61.0,0.0,0.0,0.0,0.0,0.0,1.0,0.0,1.0,0.0,0.0,0.0,50.0,1.0,Arsenal,0.0,0.0,Leeds,Leeds,1.0,3.0,1.4081319558544039,,0.5,0.7040659779272019
callum_hudson_odoi,1,0,MID,Nott'm Forest,13,1,0,0,3,0,0,3,2.2,0.0,0.0,0.0,0.0,0.0,0.0,0.0,0.0,0.0,0.0,0.0,0.0,0.0,0.0,0.0,0.0,0.0,0.0,0.0,0.0,0.0,0.0,0.0,0.0,0.0,60.0,0.0,Leeds,0.0,0.0,Chelsea,Chelsea,3.0,3.0,0.7700588518655705,,0.5,0.3850294259327853
callum_olusesi,1,0,MID,Spurs,4,0,0,0,3,0,0,3,1.0,0.0,0.0,0.0,0.0,0.0,0.0,0.0,0.0,0.0,0.0,0.0,0.0,0.0,0.0,0.0,0.0,0.0,0.0,0.0,0.0,0.0,0.0,0.0,0.0,0.0,45.0,0.0,Brentford,0.0,0.0,Sunderland,Sunderland,1.0,0.0,0.2247491150819252,,0.5,0.1123745575409626
callum_wilson,1,1,FWD,Brentford,19,1,0,0,3,0,0,3,1.8,0.0,0.0,4.0,0.0,10.3,0.04,0.07,0.03,0.07,0.0,0.0,1.8,2.2,7.0,0.0,0.0,0.0,0.0,0.0,0.0,5.0,1.0,0.0,0.0,0.0,55.0,0.0,Spurs,3.0,3.0,Man Utd,Man Utd,0.0,0.0,1.5812354319384907,,0.5,0.7906177159692453
calvin_bassey,1,0,DEF,Fulham,6,1,0,0,2,0,0,4,1.7,0.0,0.0,1.0,0.0,3.8,0.02,0.04,0.02,2.24,3.0,0.0,2.0,13.8,90.0,0.0,0.0,0.0,0.0,0.0,1.0,2.0,0.0,0.0,0.0,0.0,45.0,1.0,Chelsea,2.0,0.0,Bournemouth,Bournemouth,1.0,0.0,2.2424651667546702,,1.7772507793939916,3.985422965378615
calvin_ramsay,1,0,DEF,Liverpool,17,0,0,0,4,0,0,2,1.0,0.0,0.0,0.0,0.0,0.0,0.0,0.0,0.0,0.0,0.0,0.0,0.0,0.0,0.0,0.0,0.0,0.0,0.0,0.0,0.0,0.0,0.0,0.0,0.0,0.0,40.0,0.0,Newcastle,2.0,1.0,Everton,Everton,2.0,3.0,0.3234723307937992,,0.5,0.1617361653968996
cameron_humphreys,1,0,MID,Ipswich Town,20,1,0,0,2,0,0,3,1.0,0.0,0.0,0.0,0.0,0.0,0.0,0.0,0.0,0.0,0.0,0.0,0.0,0.0,0.0,0.0,0.0,0.0,0.0,0.0,0.0,0.0,0.0,0.0,0.0,0.0,45.0,0.0,Sunderland,2.0,3.0,Aston Villa,Aston Villa,0.0,0.0,0.15681231402851803,,1.8584836898691064,0.2914331279926332
caoimhin_kelleher,1,7,GK,Brentford,19,1,0,0,3,0,0,3,2.6,0.0,0.0,34.0,1.0,0.0,0.01,0.01,0.0,0.57,0.0,0.0,3.1,31.4,90.0,0.0,0.0,0.0,0.0,4.0,1.0,0.0,7.0,0.0,0.0,0.0,50.0,0.0,Spurs,3.0,3.0,Man Utd,Man Utd,0.0,0.0,3.4204822037926963,14970.0,2.0,6.840964407585393
carl_rushworth,1,1,GK,Coventry City,1,0,0,0,2,0,0,4,1.9,0.0,0.0,0.0,0.0,0.0,0.01,0.01,0.0,1.88,3.0,0.0,1.4,14.2,90.0,0.0,0.0,0.0,0.0,2.0,1.0,0.0,1.0,0.0,0.0,0.0,45.0,0.0,Arsenal,0.0,0.0,Leeds,Leeds,1.0,3.0,2.924937078415703,,0.5,1.4624685392078516
carlos_alcaraz_duran,1,1,MID,Everton,8,1,0,0,3,0,0,3,1.5,0.0,0.0,7.0,0.0,0.3,0.0,0.02,0.02,0.04,0.0,0.0,2.2,5.0,1.0,0.0,0.0,0.0,0.0,0.0,0.0,17.0,1.0,0.0,0.0,0.0,50.0,0.0,Crystal Palace,2.0,3.0,Liverpool,Liverpool,2.0,1.0,1.1350696380884626,,1.442480845106571,1.637316210804655
carlos_baleba,1,0,MID,Brighton,2,1,0,0,2,0,0,4,0.0,0.0,0.0,0.0,0.0,0.0,0.0,0.0,0.0,0.0,0.0,0.0,0.0,0.0,0.0,0.0,0.0,0.0,0.0,0.0,0.0,0.0,0.0,0.0,0.0,0.0,50.0,0.0,Aston Villa,4.0,3.0,Newcastle,Newcastle,2.0,1.0,0.20746728964989192,,2.0,0.41493457929978383
cathal_mccarthy,1,0,DEF,Hull City,16,1,0,0,2,0,0,4,1.0,0.0,0.0,0.0,0.0,0.0,0.0,0.0,0.0,0.0,0.0,0.0,0.0,0.0,0.0,0.0,0.0,0.0,0.0,0.0,0.0,0.0,0.0,0.0,0.0,0.0,40.0,0.0,Man Utd,2.0,3.0,Crystal Palace,Crystal Palace,0.0,0.0,0.2051375336961483,,2.0,0.4102750673922966
cedric_kipre,1,0,DEF,Ipswich Town,20,1,0,0,2,0,0,3,1.0,0.0,0.0,0.0,0.0,0.0,0.0,0.0,0.0,0.0,0.0,0.0,0.0,0.0,0.0,0.0,0.0,0.0,0.0,0.0,0.0,0.0,0.0,0.0,0.0,0.0,40.0,0.0,Sunderland,2.0,3.0,Aston Villa,Aston Villa,0.0,0.0,0.2051375336961483,,2.0,0.4102750673922966
cesar_palacios,1,2,MID,Fulham,6,1,0,0,2,0,0,4,2.0,0.0,0.0,10.0,0.0,7.3,0.01,0.17,0.16,2.21,3.0,0.0,1.8,2.8,72.0,0.0,0.0,0.0,0.0,0.0,1.0,8.0,2.0,0.0,0.0,0.0,55.0,0.0,Chelsea,2.0,0.0,Bournemouth,Bournemouth,1.0,0.0,2.256093937485679,,0.6944526094211847,1.566750321986245
chadi_riad_dnanou,1,1,DEF,Crystal Palace,9,0,0,0,3,0,0,3,1.7,0.0,0.0,7.0,0.0,1.3,0.01,0.01,0.0,0.98,2.0,0.0,1.4,12.6,72.0,0.0,0.0,0.0,0.0,0.0,1.0,0.0,1.0,0.0,0.0,0.0,45.0,0.0,Everton,0.0,0.0,Hull City,Hull City,2.0,3.0,1.8373606867528853,,0.5,0.9186803433764427
charalampos_kostoulas,1,1,FWD,Brighton,2,1,0,0,2,0,0,4,1.8,0.0,0.0,-1.0,0.0,0.4,0.0,0.18,0.18,0.1,0.0,0.0,0.9,0.0,26.0,0.0,0.0,0.0,0.0,0.0,0.0,10.0,1.0,0.0,0.0,0.0,55.0,0.0,Aston Villa,4.0,3.0,Newcastle,Newcastle,2.0,1.0,2.492916278380034,,0.6080459770114941,1.5158077140954456
charlie_hughes,1,0,DEF,Hull City,16,1,0,0,2,0,0,4,0.0,0.0,0.0,0.0,0.0,0.0,0.0,0.0,0.0,0.0,0.0,0.0,0.0,0.0,0.0,0.0,0.0,0.0,0.0,0.0,0.0,0.0,0.0,0.0,0.0,0.0,40.0,0.0,Man Utd,2.0,3.0,Crystal Palace,Crystal Palace,0.0,0.0,0.08684514994990922,,2.0,0.17369029989981843
cheick_doucoure,1,0,MID,Crystal Palace,9,0,0,0,3,0,0,3,1.5,0.0,0.0,0.0,0.0,0.0,0.0,0.0,0.0,0.0,0.0,0.0,0.0,0.0,0.0,0.0,0.0,0.0,0.0,0.0,0.0,0.0,0.0,0.0,0.0,0.0,50.0,0.0,Everton,0.0,0.0,Hull City,Hull City,2.0,3.0,0.43230840810865434,,0.5,0.21615420405432717
chemsdine_talbi,1,1,MID,Sunderland,12,0,0,0,3,0,0,2,2.0,0.0,0.0,1.0,0.0,0.9,0.0,0.0,0.0,0.14,1.0,0.0,0.0,0.0,31.0,0.0,0.0,0.0,0.0,0.0,0.0,0.0,1.0,0.0,0.0,0.0,55.0,0.0,Ipswich Town,1.0,0.0,Spurs,Spurs,0.0,0.0,2.130666971808396,,1.7621031720285787,3.754455029560101
chido_obi,1,0,FWD,Man Utd,11,0,0,0,4,0,0,2,1.0,0.0,0.0,0.0,0.0,0.0,0.0,0.0,0.0,0.0,0.0,0.0,0.0,0.0,0.0,0.0,0.0,0.0,0.0,0.0,0.0,0.0,0.0,0.0,0.0,0.0,45.0,0.0,Hull City,0.0,0.0,Brentford,Brentford,3.0,3.0,0.11024290804473202,,0.7752808988764044,0.08546922084366863
chiedozie_ogbene,1,0,MID,Ipswich Town,20,1,0,0,2,0,0,3,1.5,0.0,0.0,0.0,0.0,0.0,0.0,0.0,0.0,0.0,0.0,0.0,0.0,0.0,0.0,0.0,0.0,0.0,0.0,0.0,0.0,0.0,0.0,0.0,0.0,0.0,50.0,0.0,Sunderland,2.0,3.0,Aston Villa,Aston Villa,0.0,0.0,0.3242989531225442,,1.8584836898691064,0.6027043150198743
chris_richards,1,3,DEF,Crystal Palace,9,0,0,0,3,0,0,3,2.2,0.0,0.0,13.0,0.0,0.7,0.0,0.0,0.0,1.12,2.0,0.0,4.3,42.6,90.0,0.0,0.0,0.0,0.0,0.0,1.0,0.0,3.0,0.0,0.0,0.0,50.0,0.0,Everton,0.0,0.0,Hull City,Hull City,2.0,3.0,3.53944921053039,14970.0,0.5,1.769724605265195
chris_rigg,1,1,MID,Sunderland,12,0,0,0,3,0,0,2,1.5,0.0,0.0,3.0,0.0,0.3,0.0,0.0,0.0,0.1,1.0,0.0,0.0,0.0,10.0,0.0,0.0,0.0,0.0,0.0,0.0,0.0,1.0,0.0,0.0,0.0,50.0,0.0,Ipswich Town,1.0,0.0,Spurs,Spurs,0.0,0.0,1.1830439834753057,,1.7621031720285787,2.0846455559311616
chris_wood,1,1,FWD,Nott'm Forest,13,1,0,0,3,0,0,3,2.0,0.0,0.0,3.0,0.0,2.4,0.01,0.13,0.12,0.22,1.0,0.0,0.4,0.0,28.0,0.0,0.0,0.0,0.0,0.0,0.0,3.0,1.0,0.0,0.0,0.0,60.0,0.0,Leeds,0.0,0.0,Chelsea,Chelsea,3.0,3.0,2.5444538932508154,14969.0,1.2701080432172867,3.2317313554134
christantus_uche,1,0,FWD,Crystal Palace,9,0,0,0,3,0,0,3,0.0,0.0,0.0,0.0,0.0,0.0,0.0,0.0,0.0,0.0,0.0,0.0,0.0,0.0,0.0,0.0,0.0,0.0,0.0,0.0,0.0,0.0,0.0,0.0,0.0,0.0,50.0,0.0,Everton,0.0,0.0,Hull City,Hull City,2.0,3.0,0.16473415544175296,,0.6388888888888888,0.10524682153223106
christian_norgaard,1,0,MID,Everton,8,1,0,0,3,0,0,3,0.0,0.0,0.0,0.0,0.0,0.0,0.0,0.0,0.0,0.0,0.0,0.0,0.0,0.0,0.0,0.0,0.0,0.0,0.0,0.0,0.0,0.0,0.0,0.0,0.0,0.0,50.0,0.0,Crystal Palace,2.0,3.0,Liverpool,Liverpool,2.0,1.0,0.24783445890780786,,1.442480845106571,0.3574964597318644
christian_walton,1,0,GK,Ipswich Town,20,1,0,0,2,0,0,3,1.9,0.0,0.0,0.0,0.0,0.0,0.0,0.0,0.0,0.0,0.0,0.0,0.0,0.0,0.0,0.0,0.0,0.0,0.0,0.0,0.0,0.0,0.0,0.0,0.0,0.0,45.0,0.0,Sunderland,2.0,3.0,Aston Villa,Aston Villa,0.0,0.0,0.12395962494135038,,2.0,0.24791924988270075
christos_tzolis,1,6,MID,Arsenal,7,1,0,0,4,0,0,2,2.3,1.0,0.0,30.0,1.0,39.8,0.14,0.33,0.19,0.06,0.0,0.0,8.7,17.0,75.0,0.0,0.0,0.0,0.0,0.0,1.0,30.0,6.0,0.0,0.0,0.0,65.0,0.0,Coventry City,3.0,3.0,Man City,Man City,2.0,3.0,3.9457508921583964,14971.0,1.4315626841415598,5.6485897381322285
chuba_akpom,1,1,FWD,Ipswich Town,20,1,0,0,2,0,0,3,1.4,0.0,0.0,3.0,0.0,0.0,0.0,0.0,0.0,0.03,0.0,0.0,0.3,1.4,24.0,0.0,0.0,0.0,0.0,0.0,0.0,2.0,1.0,0.0,0.0,0.0,50.0,0.0,Sunderland,2.0,3.0,Aston Villa,Aston Villa,0.0,0.0,2.1906905488880506,,2.0,4.381381097776101
claudio_echeverri,1,0,MID,Man City,3,1,0,0,4,0,0,3,1.5,0.0,0.0,0.0,0.0,0.0,0.0,0.0,0.0,0.0,0.0,0.0,0.0,0.0,0.0,0.0,0.0,0.0,0.0,0.0,0.0,0.0,0.0,0.0,0.0,0.0,50.0,0.0,Bournemouth,2.0,3.0,Arsenal,Arsenal,3.0,3.0,0.4265963310772205,,0.5,0.21329816553861025
cody_drameh,1,1,DEF,Hull City,16,1,0,0,2,0,0,4,1.0,0.0,0.0,4.0,0.0,0.0,0.0,0.05,0.05,0.67,0.0,0.0,0.3,2.2,20.0,0.0,0.0,0.0,0.0,0.0,0.0,1.0,1.0,0.0,0.0,0.0,40.0,0.0,Man Utd,2.0,3.0,Crystal Palace,Crystal Palace,0.0,0.0,1.022886671853747,,2.0,2.045773343707494
cody_gakpo,1,12,MID,Liverpool,17,0,0,0,4,0,0,2,2.5,0.0,3.0,33.0,0.0,34.0,0.15,0.45,0.3,1.58,2.0,1.0,11.5,44.0,90.0,0.0,0.0,0.0,0.0,0.0,1.0,37.0,12.0,0.0,0.0,0.0,70.0,0.0,Newcastle,2.0,1.0,Everton,Everton,2.0,3.0,4.869326917809507,14974.0,0.9787516968834412,4.765861983486271
cole_palmer,1,13,MID,Chelsea,10,0,0,0,4,0,0,2,3.2,1.0,3.0,60.0,0.0,41.3,0.19,0.47,0.28,1.24,2.0,1.0,16.1,65.2,82.0,0.0,0.0,0.0,0.0,0.0,1.0,54.0,13.0,0.0,0.0,0.0,95.0,0.0,Fulham,3.0,3.0,Nott'm Forest,Nott'm Forest,0.0,0.0,4.357954322398741,15210.0,2.0,8.715908644797482
conor_bradley,1,0,DEF,Liverpool,17,0,0,0,4,0,0,2,0.0,0.0,0.0,0.0,0.0,0.0,0.0,0.0,0.0,0.0,0.0,0.0,0.0,0.0,0.0,0.0,0.0,0.0,0.0,0.0,0.0,0.0,0.0,0.0,0.0,0.0,50.0,0.0,Newcastle,2.0,1.0,Everton,Everton,2.0,3.0,0.5582917799671395,,0.5,0.27914588998356976
conor_gallagher,1,0,MID,Spurs,4,0,0,0,3,0,0,3,2.0,0.0,0.0,1.0,0.0,5.5,0.06,0.08,0.02,1.7,2.0,0.0,0.5,0.0,45.0,0.0,0.0,0.0,0.0,0.0,1.0,1.0,0.0,0.0,0.0,0.0,55.0,1.0,Brentford,0.0,0.0,Sunderland,Sunderland,1.0,0.0,0.605855608155438,,0.5,0.302927804077719
cristhian_mosquera,1,6,DEF,Arsenal,7,1,0,0,4,0,0,2,2.5,0.0,0.0,27.0,1.0,0.6,0.0,0.0,0.0,0.2,0.0,0.0,1.5,14.4,90.0,0.0,0.0,0.0,0.0,0.0,1.0,0.0,6.0,0.0,0.0,0.0,55.0,0.0,Coventry City,3.0,3.0,Man City,Man City,2.0,3.0,3.2056819876714897,14969.0,1.3931055299241515,4.465853304203398
cristian_romero,1,0,DEF,Spurs,4,0,0,0,3,0,0,3,0.0,0.0,0.0,0.0,0.0,0.0,0.0,0.0,0.0,0.0,0.0,0.0,0.0,0.0,0.0,0.0,0.0,0.0,0.0,0.0,0.0,0.0,0.0,0.0,0.0,0.0,50.0,0.0,Brentford,0.0,0.0,Sunderland,Sunderland,1.0,0.0,0.3857815632856878,,0.9767678760906346,0.376819038205486
curtis_jones,1,0,MID,Liverpool,17,0,0,0,4,0,0,2,1.5,0.0,0.0,0.0,0.0,0.0,0.0,0.0,0.0,0.0,0.0,0.0,0.0,0.0,0.0,0.0,0.0,0.0,0.0,0.0,0.0,0.0,0.0,0.0,0.0,0.0,55.0,0.0,Newcastle,2.0,1.0,Everton,Everton,2.0,3.0,0.5133834606130583,,0.9787516968834412,0.502474933226924
daichi_kamada,1,3,MID,Crystal Palace,9,0,0,0,3,0,0,3,1.5,0.0,0.0,25.0,0.0,29.3,0.27,0.27,0.0,1.12,2.0,0.0,5.0,20.4,90.0,0.0,0.0,0.0,0.0,0.0,1.0,0.0,3.0,0.0,0.0,0.0,50.0,1.0,Everton,0.0,0.0,Hull City,Hull City,2.0,3.0,3.7294293001850116,,0.5,1.8647146500925058
daizen_maeda,1,2,MID,Ipswich Town,20,1,0,0,2,0,0,3,2.0,0.0,0.0,7.0,0.0,1.4,0.0,0.61,0.61,0.63,1.0,0.0,2.1,12.6,79.0,0.0,0.0,0.0,0.0,0.0,1.0,7.0,2.0,0.0,0.0,0.0,55.0,0.0,Sunderland,2.0,3.0,Aston Villa,Aston Villa,0.0,0.0,2.678632386771713,,1.8584836898691064,4.978194601970384
dan_burn,1,0,DEF,Newcastle,14,1,0,0,2,0,0,4,2.2,0.0,0.0,0.0,0.0,0.0,0.0,0.0,0.0,0.0,0.0,0.0,0.0,0.0,0.0,0.0,0.0,0.0,0.0,0.0,0.0,0.0,0.0,0.0,0.0,0.0,50.0,0.0,Liverpool,2.0,1.0,Brighton,Brighton,4.0,3.0,0.9461409927326901,,0.5,0.4730704963663451
dan_ndoye,1,3,MID,Nott'm Forest,13,1,0,0,3,0,0,3,2.0,0.0,0.0,5.0,1.0,2.5,0.0,0.0,0.0,0.25,0.0,0.0,0.4,1.4,61.0,0.0,0.0,0.0,0.0,0.0,1.0,0.0,3.0,0.0,0.0,0.0,55.0,0.0,Leeds,0.0,0.0,Chelsea,Chelsea,3.0,3.0,2.2365382433757817,,0.5,1.1182691216878908
dane_scarlett,1,0,FWD,Spurs,4,0,0,0,3,0,0,3,1.0,0.0,0.0,0.0,0.0,0.0,0.0,0.0,0.0,0.0,0.0,0.0,0.0,0.0,0.0,0.0,0.0,0.0,0.0,0.0,0.0,0.0,0.0,0.0,0.0,0.0,45.0,0.0,Brentford,0.0,0.0,Sunderland,Sunderland,1.0,0.0,0.053534217497219316,,1.9812734082396999,0.1060659215581611
dango_ouattara,1,3,MID,Brentford,19,1,0,0,3,0,0,3,2.3,0.0,0.0,6.0,1.0,30.8,0.29,0.34,0.05,0.47,0.0,0.0,4.7,1.0,66.0,0.0,0.0,0.0,0.0,0.0,1.0,15.0,3.0,0.0,0.0,0.0,65.0,0.0,Spurs,3.0,3.0,Man Utd,Man Utd,0.0,0.0,3.3552350154025543,14969.0,1.2041856403092235,4.040325825410452
daniel_ballard,1,0,DEF,Sunderland,12,0,0,0,3,0,0,2,2.2,0.0,0.0,4.0,0.0,1.2,0.01,0.01,0.0,1.8,2.0,0.0,1.9,18.2,90.0,0.0,0.0,0.0,0.0,0.0,1.0,0.0,0.0,0.0,0.0,0.0,50.0,1.0,Ipswich Town,1.0,0.0,Spurs,Spurs,0.0,0.0,2.3516549938414015,14974.0,1.6045153419715095,3.7732665166424444
daniel_james,1,0,MID,Leeds,18,0,0,0,3,0,0,3,1.5,0.0,0.0,0.0,0.0,0.0,0.0,0.0,0.0,0.0,0.0,0.0,0.0,0.0,0.0,0.0,0.0,0.0,0.0,0.0,0.0,0.0,0.0,0.0,0.0,0.0,50.0,0.0,Nott'm Forest,1.0,3.0,Coventry City,Coventry City,0.0,0.0,0.34448253775150217,,2.0,0.6889650755030043
daniel_jebbison,1,1,FWD,Bournemouth,15,0,0,0,3,0,0,4,1.4,0.0,0.0,6.0,0.0,0.8,0.0,0.1,0.1,0.31,2.0,0.0,2.1,3.4,15.0,0.0,0.0,0.0,0.0,0.0,0.0,17.0,1.0,0.0,0.0,0.0,50.0,0.0,Man City,1.0,0.0,Fulham,Fulham,2.0,0.0,1.4264514612901569,,2.0,2.8529029225803137
daniel_munoz_mejia,1,0,DEF,Crystal Palace,9,0,0,0,3,0,0,3,2.5,0.0,0.0,-4.0,0.0,1.8,0.01,0.24,0.23,0.84,2.0,0.0,2.4,1.2,54.0,0.0,0.0,0.0,0.0,0.0,1.0,21.0,0.0,0.0,0.0,0.0,55.0,0.0,Everton,0.0,0.0,Hull City,Hull City,2.0,3.0,1.7020579127775048,14969.0,0.5,0.8510289563887524
danny_welbeck,1,0,FWD,Chelsea,10,0,0,0,4,0,0,2,1.5,0.0,0.0,0.0,0.0,0.0,0.0,0.0,0.0,0.0,0.0,0.0,0.0,0.0,0.0,0.0,0.0,0.0,0.0,0.0,0.0,0.0,0.0,0.0,0.0,0.0,60.0,0.0,Fulham,3.0,3.0,Nott'm Forest,Nott'm Forest,0.0,0.0,0.4562835413866728,,0.718395061728395,0.32779184288012947
dara_o'shea,1,4,DEF,Ipswich Town,20,1,0,0,2,0,0,3,1.0,0.0,0.0,16.0,0.0,24.5,0.16,0.16,0.0,0.66,1.0,0.0,7.5,48.0,90.0,0.0,0.0,0.0,0.0,0.0,1.0,2.0,4.0,0.0,0.0,0.0,40.0,0.0,Sunderland,2.0,3.0,Aston Villa,Aston Villa,0.0,0.0,3.517981015559548,,2.0,7.035962031119096
dario_luis_essugo,1,0,MID,Chelsea,10,0,0,0,4,0,0,2,1.0,0.0,0.0,0.0,0.0,0.0,0.0,0.0,0.0,0.0,0.0,0.0,0.0,0.0,0.0,0.0,0.0,0.0,0.0,0.0,0.0,0.0,0.0,0.0,0.0,0.0,45.0,0.0,Fulham,3.0,3.0,Nott'm Forest,Nott'm Forest,0.0,0.0,0.13662872939956006,,2.0,0.2732574587991201
darko_gyabi,1,0,MID,Hull City,16,1,0,0,2,0,0,4,0.0,0.0,0.0,0.0,0.0,0.0,0.0,0.0,0.0,0.0,0.0,0.0,0.0,0.0,0.0,0.0,0.0,0.0,0.0,0.0,0.0,0.0,0.0,0.0,0.0,0.0,45.0,0.0,Man Utd,2.0,3.0,Crystal Palace,Crystal Palace,0.0,0.0,0.062361659221441545,,0.9997645158411456,0.06234697403857502
darnell_furlong,1,0,DEF,Ipswich Town,20,1,0,0,2,0,0,3,1.0,0.0,0.0,0.0,0.0,0.0,0.0,0.0,0.0,0.0,0.0,0.0,0.0,0.0,0.0,0.0,0.0,0.0,0.0,0.0,0.0,0.0,0.0,0.0,0.0,0.0,40.0,0.0,Sunderland,2.0,3.0,Aston Villa,Aston Villa,0.0,0.0,0.2051375336961483,,2.0,0.4102750673922966
david_akintola,1,0,MID,Hull City,16,1,0,0,2,0,0,4,1.5,0.0,0.0,0.0,0.0,0.0,0.0,0.0,0.0,0.0,0.0,0.0,0.0,0.0,0.0,0.0,0.0,0.0,0.0,0.0,0.0,0.0,0.0,0.0,0.0,0.0,50.0,0.0,Man Utd,2.0,3.0,Crystal Palace,Crystal Palace,0.0,0.0,0.3242989531225442,,0.9997645158411456,0.3242225858563508
david_brooks,1,0,MID,Bournemouth,15,0,0,0,3,0,0,4,1.1,0.0,0.0,0.0,0.0,0.0,0.0,0.0,0.0,0.0,0.0,0.0,0.0,0.0,0.0,0.0,0.0,0.0,0.0,0.0,0.0,0.0,0.0,0.0,0.0,0.0,50.0,0.0,Man City,1.0,0.0,Fulham,Fulham,2.0,0.0,0.36538426963514925,,1.6410044370606494,0.5995972077034446
david_button,1,0,GK,Ipswich Town,20,1,0,0,2,0,0,3,1.0,0.0,0.0,0.0,0.0,0.0,0.0,0.0,0.0,0.0,0.0,0.0,0.0,0.0,0.0,0.0,0.0,0.0,0.0,0.0,0.0,0.0,0.0,0.0,0.0,0.0,40.0,0.0,Sunderland,2.0,3.0,Aston Villa,Aston Villa,0.0,0.0,-0.012962135363476568,,2.0,-0.025924270726953136
david_raya_martin,1,6,GK,Arsenal,7,1,0,0,4,0,0,2,4.0,0.0,0.0,24.0,1.0,0.0,0.0,0.0,0.0,0.2,0.0,0.0,1.2,11.8,90.0,0.0,0.0,0.0,0.0,1.0,1.0,0.0,6.0,0.0,0.0,0.0,60.0,0.0,Coventry City,3.0,3.0,Man City,Man City,2.0,3.0,4.3451333494039055,14972.0,2.0,8.690266698807811
dean_henderson,1,2,GK,Crystal Palace,9,0,0,0,3,0,0,3,2.0,0.0,0.0,14.0,0.0,0.0,0.0,0.0,0.0,1.12,2.0,0.0,2.8,28.2,90.0,0.0,0.0,0.0,0.0,3.0,1.0,0.0,2.0,0.0,0.0,0.0,50.0,0.0,Everton,0.0,0.0,Hull City,Hull City,2.0,3.0,3.2606558243352755,15210.0,0.5,1.6303279121676377
declan_rice,1,3,MID,Arsenal,7,1,0,0,4,0,0,2,2.6,0.0,0.0,10.0,1.0,6.4,0.08,0.15,0.07,0.06,0.0,0.0,1.5,6.8,67.0,0.0,0.0,0.0,0.0,0.0,1.0,2.0,3.0,0.0,0.0,0.0,75.0,0.0,Coventry City,3.0,3.0,Man City,Man City,2.0,3.0,2.9802703874738548,15210.0,1.4315626841415598,4.266443875359678
dejan_kulusevski,1,0,MID,Spurs,4,0,0,0,3,0,0,3,0.0,0.0,0.0,0.0,0.0,0.0,0.0,0.0,0.0,0.0,0.0,0.0,0.0,0.0,0.0,0.0,0.0,0.0,0.0,0.0,0.0,0.0,0.0,0.0,0.0,0.0,65.0,0.0,Brentford,0.0,0.0,Sunderland,Sunderland,1.0,0.0,0.6113437070368002,,0.5,0.3056718535184001
destiny_udogie,1,1,DEF,Spurs,4,0,0,0,3,0,0,3,1.7,0.0,0.0,3.0,0.0,0.7,0.02,0.02,0.0,0.44,0.0,0.0,0.0,0.0,4.0,0.0,0.0,0.0,0.0,0.0,0.0,0.0,1.0,0.0,0.0,0.0,45.0,0.0,Brentford,0.0,0.0,Sunderland,Sunderland,1.0,0.0,0.8630134166587701,,0.9767678760906346,0.8429637820275088
diego_coppola,1,0,DEF,Brighton,2,1,0,0,2,0,0,4,1.7,0.0,0.0,0.0,0.0,0.0,0.0,0.0,0.0,0.0,0.0,0.0,0.0,0.0,0.0,0.0,0.0,0.0,0.0,0.0,0.0,0.0,0.0,0.0,0.0,0.0,45.0,0.0,Aston Villa,4.0,3.0,Newcastle,Newcastle,2.0,1.0,0.6474479086391562,,1.19807075573477,0.7756884052022103
diego_gomez_amarilla,1,6,MID,Brighton,2,1,0,0,2,0,0,4,1.5,1.0,0.0,27.0,1.0,25.1,0.48,0.66,0.18,0.29,0.0,0.0,9.9,33.0,85.0,0.0,0.0,0.0,0.0,0.0,1.0,41.0,6.0,0.0,0.0,0.0,50.0,0.0,Aston Villa,4.0,3.0,Newcastle,Newcastle,2.0,1.0,4.201659237145273,,2.0,8.403318474290545
dilane_bakwa,1,0,MID,Nott'm Forest,13,1,0,0,3,0,0,3,2.0,0.0,0.0,0.0,0.0,0.0,0.0,0.0,0.0,0.0,0.0,0.0,0.0,0.0,0.0,0.0,0.0,0.0,0.0,0.0,0.0,0.0,0.0,0.0,0.0,0.0,55.0,0.0,Leeds,0.0,0.0,Chelsea,Chelsea,3.0,3.0,0.6309074092136673,,0.5,0.31545370460683364
dillon_phillips,1,0,GK,Hull City,16,1,0,0,2,0,0,4,1.0,0.0,0.0,0.0,0.0,0.0,0.0,0.0,0.0,0.0,0.0,0.0,0.0,0.0,0.0,0.0,0.0,0.0,0.0,0.0,0.0,0.0,0.0,0.0,0.0,0.0,40.0,0.0,Man Utd,2.0,3.0,Crystal Palace,Crystal Palace,0.0,0.0,-0.012962135363476568,,2.0,-0.025924270726953136
diogo_dalot_teixeira,1,1,DEF,Man Utd,11,0,0,0,4,0,0,2,2.2,0.0,0.0,6.0,0.0,11.3,0.0,0.0,0.0,0.0,0.0,0.0,1.9,7.6,10.0,0.0,0.0,0.0,0.0,0.0,0.0,0.0,1.0,0.0,0.0,0.0,50.0,0.0,Hull City,0.0,0.0,Brentford,Brentford,3.0,3.0,1.50377288061392,,0.5,0.75188644030696
divine_mukasa,1,0,MID,Man City,3,1,0,0,4,0,0,3,1.0,0.0,0.0,0.0,0.0,0.0,0.0,0.0,0.0,0.0,0.0,0.0,0.0,0.0,0.0,0.0,0.0,0.0,0.0,0.0,0.0,0.0,0.0,0.0,0.0,0.0,45.0,0.0,Bournemouth,2.0,3.0,Arsenal,Arsenal,3.0,3.0,0.25910969198319433,,0.5,0.12955484599159717
djed_spence,1,0,DEF,Spurs,4,0,0,0,3,0,0,3,0.0,0.0,0.0,0.0,0.0,0.0,0.0,0.0,0.0,0.0,0.0,0.0,0.0,0.0,0.0,0.0,0.0,0.0,0.0,0.0,0.0,0.0,0.0,0.0,0.0,0.0,45.0,0.0,Brentford,0.0,0.0,Sunderland,Sunderland,1.0,0.0,0.20922564682589817,,0.9767678760906346,0.2043648906738218
djiamgone_jocelin_ta_bi,1,0,MID,Sunderland,12,0,0,0,3,0,0,2,1.5,0.0,0.0,0.0,0.0,0.0,0.0,0.0,0.0,0.0,0.0,0.0,0.0,0.0,0.0,0.0,0.0,0.0,0.0,0.0,0.0,0.0,0.0,0.0,0.0,0.0,50.0,0.0,Ipswich Town,1.0,0.0,Spurs,Spurs,0.0,0.0,0.34093980753600683,,1.7621031720285787,0.6007711163300108
dominic_calvert_lewin,1,1,FWD,Leeds,18,0,0,0,3,0,0,3,2.0,0.0,0.0,-2.0,1.0,0.8,0.0,0.13,0.13,0.66,0.0,0.0,0.7,0.0,90.0,0.0,0.0,0.0,0.0,0.0,1.0,11.0,1.0,0.0,0.0,0.0,60.0,1.0,Nott'm Forest,1.0,3.0,Coventry City,Coventry City,0.0,0.0,4.412543831595087,50210.0,0.5,2.2062719157975437
dominic_solanke_mitchell,1,1,FWD,Spurs,4,0,0,0,3,0,0,3,2.0,0.0,0.0,3.0,0.0,0.0,0.0,0.07,0.07,0.85,0.0,0.0,0.5,0.0,22.0,0.0,0.0,0.0,0.0,0.0,0.0,5.0,1.0,0.0,0.0,0.0,60.0,0.0,Brentford,0.0,0.0,Sunderland,Sunderland,1.0,0.0,2.0851909959271353,14971.0,1.9812734082396999,4.131333471331289
dominik_szoboszlai,1,8,MID,Liverpool,17,0,0,0,4,0,0,2,2.5,0.0,1.0,29.0,0.0,47.1,0.27,1.12,0.85,1.58,2.0,1.0,11.9,50.4,90.0,0.0,0.0,0.0,0.0,0.0,1.0,21.0,8.0,0.0,0.0,0.0,70.0,0.0,Newcastle,2.0,1.0,Everton,Everton,2.0,3.0,4.424455974422908,14974.0,0.9787516968834412,4.3304437927525
dorde_petrovic,1,2,GK,Bournemouth,15,0,0,0,3,0,0,4,1.9,0.0,0.0,13.0,0.0,0.0,0.0,0.0,0.0,2.25,2.0,0.0,3.7,36.8,90.0,0.0,0.0,0.0,0.0,4.0,1.0,0.0,2.0,0.0,0.0,0.0,45.0,0.0,Man City,1.0,0.0,Fulham,Fulham,2.0,0.0,2.422019194812016,79641.0,1.0,2.422019194812016
dwight_mcneil,1,2,MID,Crystal Palace,9,0,0,0,3,0,0,3,2.0,0.0,0.0,11.0,0.0,4.7,0.02,0.07,0.05,0.98,2.0,0.0,1.6,9.6,62.0,0.0,0.0,0.0,0.0,0.0,1.0,2.0,2.0,0.0,0.0,0.0,55.0,0.0,Everton,0.0,0.0,Hull City,Hull City,2.0,3.0,1.8485306639174082,,0.5,0.9242653319587041
eberechi_eze,1,1,MID,Arsenal,7,1,0,0,4,0,0,2,2.3,0.0,0.0,4.0,0.0,1.8,0.0,0.04,0.04,0.15,0.0,0.0,0.1,0.0,14.0,0.0,0.0,0.0,0.0,0.0,0.0,1.0,1.0,0.0,0.0,0.0,65.0,0.0,Coventry City,3.0,3.0,Man City,Man City,2.0,3.0,1.8207212065933394,79641.0,1.4315626841415598,2.6064765375842205
eddie_nketiah,1,1,FWD,Crystal Palace,9,0,0,0,3,0,0,3,1.8,0.0,0.0,12.0,0.0,24.5,0.58,1.18,0.6,0.84,2.0,0.0,5.8,10.4,55.0,0.0,0.0,0.0,0.0,0.0,1.0,23.0,1.0,0.0,0.0,0.0,55.0,0.0,Everton,0.0,0.0,Hull City,Hull City,2.0,3.0,0.502681552181109,,0.6388888888888888,0.3211576583379307
eliot_matazo,1,0,MID,Hull City,16,1,0,0,2,0,0,4,0.0,0.0,0.0,0.0,0.0,0.0,0.0,0.0,0.0,0.0,0.0,0.0,0.0,0.0,0.0,0.0,0.0,0.0,0.0,0.0,0.0,0.0,0.0,0.0,0.0,0.0,45.0,0.0,Man Utd,2.0,3.0,Crystal Palace,Crystal Palace,0.0,0.0,0.062361659221441545,,0.9997645158411456,0.06234697403857502
elliot_anderson,1,2,MID,Man City,3,1,0,0,4,0,0,3,2.3,0.0,0.0,14.0,0.0,20.8,0.25,0.25,0.0,0.55,1.0,0.0,2.8,7.2,62.0,0.0,0.0,0.0,0.0,0.0,1.0,0.0,2.0,0.0,0.0,0.0,65.0,0.0,Bournemouth,2.0,3.0,Arsenal,Arsenal,3.0,3.0,2.5112594361877396,14971.0,0.5,1.2556297180938698
elliot_stroud,1,3,MID,Hull City,16,1,0,0,2,0,0,4,1.5,0.0,0.0,11.0,1.0,4.8,0.03,0.03,0.0,1.16,0.0,0.0,1.3,8.4,70.0,0.0,0.0,0.0,0.0,0.0,1.0,0.0,3.0,0.0,0.0,0.0,50.0,0.0,Man Utd,2.0,3.0,Crystal Palace,Crystal Palace,0.0,0.0,2.082944886582026,,0.9997645158411456,2.082454386057469
ellis_simms,1,2,FWD,Coventry City,1,0,0,0,2,0,0,4,1.4,0.0,0.0,7.0,0.0,12.3,0.01,0.01,0.0,1.6,3.0,0.0,1.7,2.6,69.0,0.0,0.0,0.0,0.0,0.0,1.0,2.0,2.0,0.0,0.0,0.0,50.0,0.0,Arsenal,0.0,0.0,Leeds,Leeds,1.0,3.0,2.51577011200318,,0.5627060950962662,1.4156391758852056
emersonn_correia_da_silva,1,9,FWD,Ipswich Town,20,1,0,0,2,0,0,3,1.8,0.0,3.0,41.0,0.0,26.3,0.06,0.88,0.82,0.63,1.0,1.0,11.2,45.6,65.0,0.0,0.0,0.0,0.0,0.0,1.0,40.0,9.0,0.0,0.0,0.0,55.0,0.0,Sunderland,2.0,3.0,Aston Villa,Aston Villa,0.0,0.0,3.6337785499539907,,2.0,7.2675570999079815
emile_smith_rowe,1,0,MID,Fulham,6,1,0,0,2,0,0,4,2.0,0.0,0.0,0.0,0.0,0.0,0.0,0.0,0.0,0.0,0.0,0.0,0.0,0.0,0.0,0.0,0.0,0.0,0.0,0.0,0.0,0.0,0.0,0.0,0.0,0.0,55.0,0.0,Chelsea,2.0,0.0,Bournemouth,Bournemouth,1.0,0.0,0.5193552240120618,,0.6944526094211847,0.3606675905317002
emiliano_buendia_stati,1,2,MID,Aston Villa,5,0,0,0,4,0,0,2,2.2,0.0,0.0,4.0,0.0,16.3,0.09,0.22,0.13,3.62,4.0,0.0,2.2,0.0,85.0,0.0,0.0,0.0,0.0,0.0,1.0,8.0,2.0,0.0,0.0,0.0,60.0,0.0,Brighton,0.0,0.0,Ipswich Town,Ipswich Town,2.0,3.0,3.0365954866146616,14972.0,0.5,1.5182977433073308
emiliano_martinez_romero,1,0,GK,Aston Villa,5,0,0,0,4,0,0,2,2.6,0.0,0.0,0.0,0.0,0.0,0.0,0.0,0.0,0.0,0.0,0.0,0.0,0.0,0.0,0.0,0.0,0.0,0.0,0.0,0.0,0.0,0.0,0.0,0.0,0.0,50.0,0.0,Brighton,0.0,0.0,Ipswich Town,Ipswich Town,2.0,3.0,0.43854715068326766,79641.0,0.5,0.21927357534163383
emmanuel_emegha,1,0,FWD,Chelsea,10,0,0,0,4,0,0,2,1.4,0.0,0.0,0.0,0.0,0.0,0.0,0.0,0.0,0.0,0.0,0.0,0.0,0.0,0.0,0.0,0.0,0.0,0.0,0.0,0.0,0.0,0.0,0.0,0.0,0.0,50.0,0.0,Fulham,3.0,3.0,Nott'm Forest,Nott'm Forest,0.0,0.0,0.2704405354048003,,0.718395061728395,0.19428314512599168
endo_wataru,1,0,MID,Liverpool,17,0,0,0,4,0,0,2,1.5,0.0,0.0,0.0,0.0,0.0,0.0,0.0,0.0,0.0,0.0,0.0,0.0,0.0,0.0,0.0,0.0,0.0,0.0,0.0,0.0,0.0,0.0,0.0,0.0,0.0,50.0,0.0,Newcastle,2.0,1.0,Everton,Everton,2.0,3.0,0.39312214892257025,,0.9787516968834412,0.3847689703404305
enes_unal,1,0,FWD,Bournemouth,15,0,0,0,3,0,0,4,0.0,0.0,0.0,0.0,0.0,0.0,0.0,0.0,0.0,0.0,0.0,0.0,0.0,0.0,0.0,0.0,0.0,0.0,0.0,0.0,0.0,0.0,0.0,0.0,0.0,0.0,55.0,0.0,Man City,1.0,0.0,Fulham,Fulham,2.0,0.0,0.15305787384458247,,2.0,0.30611574768916494
enis_destan,1,0,FWD,Hull City,16,1,0,0,2,0,0,4,0.0,0.0,0.0,0.0,0.0,0.0,0.0,0.0,0.0,0.0,0.0,0.0,0.0,0.0,0.0,0.0,0.0,0.0,0.0,0.0,0.0,0.0,0.0,0.0,0.0,0.0,45.0,0.0,Man Utd,2.0,3.0,Crystal Palace,Crystal Palace,0.0,0.0,0.03847153489067212,,2.0,0.07694306978134424
enzo_fernandez,1,1,MID,Chelsea,10,0,0,0,4,0,0,2,2.5,0.0,0.0,6.0,0.0,12.0,0.02,0.02,0.0,0.28,0.0,0.0,1.5,3.4,25.0,0.0,0.0,0.0,0.0,0.0,0.0,0.0,1.0,0.0,0.0,0.0,70.0,0.0,Fulham,3.0,3.0,Nott'm Forest,Nott'm Forest,0.0,0.0,2.30917334041523,14970.0,2.0,4.61834668083046
enzo_le_fee,1,2,MID,Sunderland,12,0,0,0,3,0,0,2,2.2,0.0,0.0,13.0,0.0,9.9,0.03,0.03,0.0,1.69,1.0,0.0,1.5,4.6,79.0,0.0,0.0,0.0,0.0,0.0,1.0,0.0,2.0,0.0,0.0,0.0,60.0,0.0,Ipswich Town,1.0,0.0,Spurs,Spurs,0.0,0.0,2.5228115176397132,61014.0,1.7621031720285787,4.445454177663171
ephron_mason_clark,1,0,MID,Coventry City,1,0,0,0,2,0,0,4,2.0,0.0,0.0,0.0,0.0,0.0,0.0,0.0,0.0,0.0,0.0,0.0,0.0,0.0,0.0,0.0,0.0,0.0,0.0,0.0,0.0,0.0,0.0,0.0,0.0,0.0,55.0,0.0,Arsenal,0.0,0.0,Leeds,Leeds,1.0,3.0,0.5686826851916942,,0.5,0.2843413425958471
erling_haaland,1,2,FWD,Man City,3,1,0,0,4,0,0,3,4.0,0.0,0.0,6.0,0.0,5.2,0.02,0.76,0.74,0.65,1.0,0.0,5.9,3.8,90.0,0.0,0.0,0.0,0.0,0.0,1.0,50.0,2.0,0.0,0.0,0.0,155.0,0.0,Bournemouth,2.0,3.0,Arsenal,Arsenal,3.0,3.0,5.3339919720898825,14974.0,0.5,2.6669959860449413
estevao_almeida_de_oliveira_goncalves,1,1,MID,Chelsea,10,0,0,0,4,0,0,2,2.3,0.0,0.0,3.0,0.0,0.4,0.0,0.0,0.0,0.09,0.0,0.0,0.1,0.2,7.0,0.0,0.0,0.0,0.0,0.0,0.0,0.0,1.0,0.0,0.0,0.0,65.0,0.0,Fulham,3.0,3.0,Nott'm Forest,Nott'm Forest,0.0,0.0,1.5091430663122056,50210.0,2.0,3.0182861326244113
ethan_ampadu,1,5,MID,Leeds,18,0,0,0,3,0,0,3,2.0,0.0,0.0,18.0,1.0,23.3,0.04,0.04,0.0,0.66,0.0,0.0,4.2,18.6,90.0,0.0,0.0,0.0,0.0,0.0,1.0,0.0,5.0,0.0,0.0,0.0,55.0,0.0,Nott'm Forest,1.0,3.0,Coventry City,Coventry City,0.0,0.0,4.091143374473846,61014.0,2.0,8.182286748947693
ethan_nwaneri,1,0,MID,Arsenal,7,1,0,0,4,0,0,2,2.0,0.0,0.0,0.0,0.0,0.0,0.0,0.0,0.0,0.0,0.0,0.0,0.0,0.0,0.0,0.0,0.0,0.0,0.0,0.0,0.0,0.0,0.0,0.0,0.0,0.0,55.0,0.0,Coventry City,3.0,3.0,Man City,Man City,2.0,3.0,0.5427870235313021,,1.4315626841415598,0.7770336483236789
ethan_pinnock,1,0,DEF,Brentford,19,1,0,0,3,0,0,3,1.7,0.0,0.0,0.0,0.0,0.0,0.0,0.0,0.0,0.0,0.0,0.0,0.0,0.0,0.0,0.0,0.0,0.0,0.0,0.0,0.0,0.0,0.0,0.0,0.0,0.0,45.0,0.0,Spurs,3.0,3.0,Man Utd,Man Utd,0.0,0.0,0.48520891153690016,,2.0,0.9704178230738003
evan_ferguson,1,0,FWD,Brighton,2,1,0,0,2,0,0,4,0.0,0.0,0.0,0.0,0.0,0.0,0.0,0.0,0.0,0.0,0.0,0.0,0.0,0.0,0.0,0.0,0.0,0.0,0.0,0.0,0.0,0.0,0.0,0.0,0.0,0.0,50.0,0.0,Aston Villa,4.0,3.0,Newcastle,Newcastle,2.0,1.0,0.16684327730641924,,0.6080459770114941,0.10144838355758133
evann_guessand,1,1,MID,Crystal Palace,9,0,0,0,3,0,0,3,2.0,0.0,0.0,3.0,0.0,1.8,0.02,0.05,0.03,0.14,0.0,0.0,1.2,3.2,27.0,0.0,0.0,0.0,0.0,0.0,0.0,7.0,1.0,0.0,0.0,0.0,55.0,0.0,Everton,0.0,0.0,Hull City,Hull City,2.0,3.0,2.222925150404386,,0.5,1.111462575202193
ewen_jaouen,1,0,GK,Newcastle,14,1,0,0,2,0,0,4,1.9,0.0,0.0,0.0,0.0,0.0,0.0,0.0,0.0,0.0,0.0,0.0,0.0,0.0,0.0,0.0,0.0,0.0,0.0,0.0,0.0,0.0,0.0,0.0,0.0,0.0,45.0,0.0,Liverpool,2.0,1.0,Brighton,Brighton,4.0,3.0,0.7550321449236245,,0.5,0.37751607246181224
ezri_konsa_ngoyo,1,0,DEF,Arsenal,7,1,0,0,4,0,0,2,1.7,0.0,0.0,0.0,0.0,0.0,0.0,0.0,0.0,0.0,0.0,0.0,0.0,0.0,0.0,0.0,0.0,0.0,0.0,0.0,0.0,0.0,0.0,0.0,0.0,0.0,45.0,0.0,Coventry City,3.0,3.0,Man City,Man City,2.0,3.0,0.6545815875202331,50210.0,1.3931055299241515,0.9119012293609666
fabian_schar,1,1,DEF,Newcastle,14,1,0,0,2,0,0,4,2.2,0.0,0.0,-1.0,0.0,0.0,0.0,0.0,0.0,0.79,1.0,0.0,0.0,0.0,1.0,0.0,0.0,0.0,0.0,0.0,0.0,0.0,1.0,0.0,0.0,0.0,50.0,0.0,Liverpool,2.0,1.0,Brighton,Brighton,4.0,3.0,1.3359605277882722,,0.5,0.6679802638941361
fabio_ferreira_vieira,1,0,MID,Arsenal,7,1,0,0,4,0,0,2,2.0,0.0,0.0,0.0,0.0,0.0,0.0,0.0,0.0,0.0,0.0,0.0,0.0,0.0,0.0,0.0,0.0,0.0,0.0,0.0,0.0,0.0,0.0,0.0,0.0,0.0,55.0,0.0,Coventry City,3.0,3.0,Man City,Man City,2.0,3.0,0.5427870235313021,,1.4315626841415598,0.7770336483236789
fabio_freitas_gouveia_carvalho,1,0,MID,Brentford,19,1,0,0,3,0,0,3,1.1,0.0,0.0,0.0,0.0,0.0,0.0,0.0,0.0,0.0,0.0,0.0,0.0,0.0,0.0,0.0,0.0,0.0,0.0,0.0,0.0,0.0,0.0,0.0,0.0,0.0,50.0,0.0,Spurs,3.0,3.0,Man Utd,Man Utd,0.0,0.0,0.26633510657075554,,1.2041856403092235,0.3207169108427305
facundo_buonanotte,1,0,MID,Brighton,2,1,0,0,2,0,0,4,0.0,0.0,0.0,0.0,0.0,0.0,0.0,0.0,0.0,0.0,0.0,0.0,0.0,0.0,0.0,0.0,0.0,0.0,0.0,0.0,0.0,0.0,0.0,0.0,0.0,0.0,50.0,0.0,Aston Villa,4.0,3.0,Newcastle,Newcastle,2.0,1.0,0.20746728964989192,,2.0,0.41493457929978383
federico_chiesa,1,0,MID,Liverpool,17,0,0,0,4,0,0,2,2.0,0.0,0.0,0.0,0.0,0.0,0.0,0.0,0.0,0.0,0.0,0.0,0.0,0.0,0.0,0.0,0.0,0.0,0.0,0.0,0.0,0.0,0.0,0.0,0.0,0.0,55.0,0.0,Newcastle,2.0,1.0,Everton,Everton,2.0,3.0,0.5606087880165966,,0.9787516968834412,0.5486968025590133
felipe_rodrigues_da_silva,1,0,DEF,Nott'm Forest,13,1,0,0,3,0,0,3,2.2,0.0,0.0,0.0,0.0,0.0,0.0,0.0,0.0,0.0,0.0,0.0,0.0,0.0,0.0,0.0,0.0,0.0,0.0,0.0,0.0,0.0,0.0,0.0,0.0,0.0,50.0,0.0,Leeds,0.0,0.0,Chelsea,Chelsea,3.0,3.0,0.8153974835107465,,1.1237010000870202,0.9162629676894654
ferdi_kadioglu,1,0,DEF,Brighton,2,1,0,0,2,0,0,4,1.7,0.0,0.0,0.0,0.0,0.0,0.0,0.0,0.0,0.0,0.0,0.0,0.0,0.0,0.0,0.0,0.0,0.0,0.0,0.0,0.0,0.0,0.0,0.0,0.0,0.0,45.0,0.0,Aston Villa,4.0,3.0,Newcastle,Newcastle,2.0,1.0,0.6474479086391562,14970.0,1.19807075573477,0.7756884052022103
filip_jorgensen,1,0,GK,Chelsea,10,0,0,0,4,0,0,2,0.0,0.0,0.0,0.0,0.0,0.0,0.0,0.0,0.0,0.0,0.0,0.0,0.0,0.0,0.0,0.0,0.0,0.0,0.0,0.0,0.0,0.0,0.0,0.0,0.0,0.0,50.0,0.0,Fulham,3.0,3.0,Nott'm Forest,Nott'm Forest,0.0,0.0,0.3311181750797987,,2.0,0.6622363501595974
florentino_ibrain_morris_luis,1,0,MID,Ipswich Town,20,1,0,0,2,0,0,3,1.5,0.0,0.0,0.0,0.0,0.0,0.0,0.0,0.0,0.0,0.0,0.0,0.0,0.0,0.0,0.0,0.0,0.0,0.0,0.0,0.0,0.0,0.0,0.0,0.0,0.0,50.0,0.0,Sunderland,2.0,3.0,Aston Villa,Aston Villa,0.0,0.0,0.3242989531225442,,1.8584836898691064,0.6027043150198743
florian_wirtz,1,2,MID,Liverpool,17,0,0,0,4,0,0,2,2.6,0.0,0.0,16.0,0.0,17.9,0.04,0.3,0.26,0.51,2.0,0.0,5.7,9.8,62.0,0.0,0.0,0.0,0.0,0.0,1.0,29.0,2.0,0.0,0.0,0.0,75.0,0.0,Newcastle,2.0,1.0,Everton,Everton,2.0,3.0,3.003149037795897,61014.0,0.9787516968834412,2.939337216736608
francisco_evanilson_de_lima_barbosa,1,4,FWD,Bournemouth,15,0,0,0,3,0,0,4,2.0,1.0,0.0,17.0,1.0,11.9,0.21,0.21,0.0,1.94,0.0,0.0,3.3,19.4,74.0,0.0,0.0,0.0,0.0,0.0,1.0,2.0,4.0,0.0,0.0,0.0,60.0,1.0,Man City,1.0,0.0,Fulham,Fulham,2.0,0.0,2.9921834149576734,15210.0,2.0,5.984366829915347
frank_onyeka,1,2,MID,Coventry City,1,0,0,0,2,0,0,4,1.5,0.0,0.0,8.0,0.0,1.6,0.01,0.01,0.0,1.88,3.0,0.0,0.5,3.6,90.0,0.0,0.0,0.0,0.0,0.0,1.0,0.0,2.0,0.0,0.0,0.0,50.0,0.0,Arsenal,0.0,0.0,Leeds,Leeds,1.0,3.0,2.5928731698467042,,0.5,1.2964365849233521
fraser_forster,1,0,GK,Bournemouth,15,0,0,0,3,0,0,4,1.0,0.0,0.0,0.0,0.0,0.0,0.0,0.0,0.0,0.0,0.0,0.0,0.0,0.0,0.0,0.0,0.0,0.0,0.0,0.0,0.0,0.0,0.0,0.0,0.0,0.0,40.0,0.0,Man City,1.0,0.0,Fulham,Fulham,2.0,0.0,-0.16548328584396876,,1.0,-0.16548328584396876
freddie_woodman,1,0,GK,Liverpool,17,0,0,0,4,0,0,2,1.0,0.0,0.0,0.0,0.0,0.0,0.0,0.0,0.0,0.0,0.0,0.0,0.0,0.0,0.0,0.0,0.0,0.0,0.0,0.0,0.0,0.0,0.0,0.0,0.0,0.0,40.0,0.0,Newcastle,2.0,1.0,Everton,Everton,2.0,3.0,0.3820635724804391,,1.0,0.3820635724804391
gabriel_dos_santos_magalhaes,1,5,DEF,Arsenal,7,1,0,0,4,0,0,2,4.0,0.0,0.0,21.0,1.0,1.8,0.01,0.06,0.05,0.2,0.0,0.0,0.9,6.6,90.0,0.0,0.0,0.0,0.0,0.0,1.0,1.0,5.0,0.0,0.0,0.0,80.0,1.0,Coventry City,3.0,3.0,Man City,Man City,2.0,3.0,4.356583209119558,14972.0,1.3931055299241515,6.069180160199162
gabriel_fernando_de_jesus,1,0,FWD,Arsenal,7,1,0,0,4,0,0,2,2.0,0.0,0.0,0.0,0.0,0.0,0.0,0.0,0.0,0.0,0.0,0.0,0.0,0.0,0.0,0.0,0.0,0.0,0.0,0.0,0.0,0.0,0.0,0.0,0.0,0.0,60.0,0.0,Coventry City,3.0,3.0,Man City,Man City,2.0,3.0,0.5506775323272735,,1.9812734082396997,1.0910427513150844
gabriel_gudmundsson,1,0,DEF,Leeds,18,0,0,0,3,0,0,3,0.0,0.0,0.0,0.0,0.0,0.0,0.0,0.0,0.0,0.0,0.0,0.0,0.0,0.0,0.0,0.0,0.0,0.0,0.0,0.0,0.0,0.0,0.0,0.0,0.0,0.0,45.0,0.0,Nott'm Forest,1.0,3.0,Coventry City,Coventry City,0.0,0.0,0.24269027365110363,,2.0,0.48538054730220725
gabriel_martinelli_silva,1,0,MID,Arsenal,7,1,0,0,4,0,0,2,2.3,0.0,0.0,0.0,0.0,0.0,0.0,0.0,0.0,0.0,0.0,0.0,0.0,0.0,0.0,0.0,0.0,0.0,0.0,0.0,0.0,0.0,0.0,0.0,0.0,0.0,65.0,0.0,Coventry City,3.0,3.0,Man City,Man City,2.0,3.0,0.8116448433544008,,1.4315626841415598,1.1619204705220818
george_hemmings,1,2,MID,Aston Villa,5,0,0,0,4,0,0,2,1.0,0.0,0.0,12.0,0.0,11.6,0.0,0.0,0.0,3.77,4.0,0.0,2.4,10.6,90.0,0.0,0.0,0.0,0.0,0.0,1.0,2.0,2.0,0.0,0.0,0.0,45.0,0.0,Brighton,0.0,0.0,Ipswich Town,Ipswich Town,2.0,3.0,2.2549723196052462,,0.5,1.1274861598026231
george_hirst,1,0,FWD,Ipswich Town,20,1,0,0,2,0,0,3,0.0,0.0,0.0,0.0,0.0,0.0,0.0,0.0,0.0,0.0,0.0,0.0,0.0,0.0,0.0,0.0,0.0,0.0,0.0,0.0,0.0,0.0,0.0,0.0,0.0,0.0,50.0,0.0,Sunderland,2.0,3.0,Aston Villa,Aston Villa,0.0,0.0,0.12762450784229928,,2.0,0.25524901568459857
george_shepherd,1,0,MID,Coventry City,1,0,0,0,2,0,0,4,1.0,0.0,0.0,0.0,0.0,0.0,0.0,0.0,0.0,0.0,0.0,0.0,0.0,0.0,0.0,0.0,0.0,0.0,0.0,0.0,0.0,0.0,0.0,0.0,0.0,0.0,45.0,0.0,Arsenal,0.0,0.0,Leeds,Leeds,1.0,3.0,0.23370940700364162,,0.5,0.11685470350182081
georginio_rutter,1,5,FWD,Brighton,2,1,0,0,2,0,0,4,1.8,1.0,0.0,22.0,1.0,11.4,0.44,0.52,0.08,0.29,0.0,0.0,4.6,19.8,90.0,0.0,0.0,0.0,0.0,0.0,1.0,15.0,5.0,0.0,0.0,0.0,55.0,0.0,Aston Villa,4.0,3.0,Newcastle,Newcastle,2.0,1.0,3.210448555431353,14972.0,0.6080459770114941,1.9521003285323968
geovany_quenda,1,1,MID,Chelsea,10,0,0,0,4,0,0,2,2.0,0.0,0.0,2.0,0.0,0.3,0.0,0.0,0.0,0.09,0.0,0.0,0.4,1.2,8.0,0.0,0.0,0.0,0.0,0.0,0.0,2.0,1.0,0.0,0.0,0.0,55.0,0.0,Fulham,3.0,3.0,Nott'm Forest,Nott'm Forest,0.0,0.0,1.3154174986986444,,2.0,2.630834997397289
geronimo_rulli,1,0,GK,Man City,3,1,0,0,4,0,0,3,2.6,0.0,0.0,0.0,0.0,0.0,0.0,0.0,0.0,0.0,0.0,0.0,0.0,0.0,0.0,0.0,0.0,0.0,0.0,0.0,0.0,0.0,0.0,0.0,0.0,0.0,50.0,0.0,Bournemouth,2.0,3.0,Arsenal,Arsenal,3.0,3.0,0.9985614847675108,,0.75,0.7489211135756331
gianluigi_donnarumma,1,3,GK,Man City,3,1,0,0,4,0,0,3,3.3,0.0,0.0,12.0,0.0,0.0,0.0,0.0,0.0,0.65,1.0,0.0,2.7,26.8,90.0,0.0,0.0,0.0,0.0,3.0,1.0,0.0,3.0,0.0,0.0,0.0,55.0,0.0,Bournemouth,2.0,3.0,Arsenal,Arsenal,3.0,3.0,4.305413907309888,14969.0,0.75,3.2290604304824164
giorgi_mamardashvili,1,0,GK,Liverpool,17,0,0,0,4,0,0,2,2.6,0.0,0.0,0.0,0.0,0.0,0.0,0.0,0.0,0.0,0.0,0.0,0.0,0.0,0.0,0.0,0.0,0.0,0.0,0.0,0.0,0.0,0.0,0.0,0.0,0.0,50.0,0.0,Newcastle,2.0,1.0,Everton,Everton,2.0,3.0,0.6571080805499075,14969.0,1.0,0.6571080805499075
giovanni_leoni,1,0,DEF,Liverpool,17,0,0,0,4,0,0,2,0.0,0.0,0.0,0.0,0.0,0.0,0.0,0.0,0.0,0.0,0.0,0.0,0.0,0.0,0.0,0.0,0.0,0.0,0.0,0.0,0.0,0.0,0.0,0.0,0.0,0.0,40.0,0.0,Newcastle,2.0,1.0,Everton,Everton,2.0,3.0,0.20517994704756015,,0.5,0.10258997352378008
gonzalo_garcia,1,6,FWD,Fulham,6,1,0,0,2,0,0,4,2.0,0.0,0.0,33.0,0.0,4.3,0.01,0.74,0.73,2.24,3.0,1.0,8.2,37.2,90.0,0.0,0.0,0.0,0.0,0.0,1.0,40.0,6.0,0.0,0.0,0.0,60.0,0.0,Chelsea,2.0,0.0,Bournemouth,Bournemouth,1.0,0.0,2.932848551309725,14973.0,0.8396825396825396,2.4626617200680068
granit_xhaka,1,9,MID,Sunderland,12,0,0,0,3,0,0,2,2.0,1.0,2.0,31.0,0.0,31.4,0.09,0.09,0.0,1.8,2.0,0.0,5.0,18.8,90.0,0.0,0.0,0.0,0.0,0.0,1.0,0.0,9.0,0.0,0.0,0.0,55.0,0.0,Ipswich Town,1.0,0.0,Spurs,Spurs,0.0,0.0,3.630529815030112,50210.0,1.7621031720285787,6.39736810320889
guglielmo_vicario,1,0,GK,Spurs,4,0,0,0,3,0,0,3,0.0,0.0,0.0,0.0,0.0,0.0,0.0,0.0,0.0,0.0,0.0,0.0,0.0,0.0,0.0,0.0,0.0,0.0,0.0,0.0,0.0,0.0,0.0,0.0,0.0,0.0,45.0,0.0,Brentford,0.0,0.0,Sunderland,Sunderland,1.0,0.0,-0.18859851613629375,,1.0,-0.18859851613629375
gustavo_hamer,1,1,MID,Coventry City,1,0,0,0,2,0,0,4,2.0,0.0,0.0,3.0,0.0,0.3,0.0,0.0,0.0,0.13,0.0,0.0,0.1,0.4,8.0,0.0,0.0,0.0,0.0,0.0,0.0,0.0,1.0,0.0,0.0,0.0,55.0,0.0,Arsenal,0.0,0.0,Leeds,Leeds,1.0,3.0,1.3659180482154416,,0.5,0.6829590241077208
habib_diarra,1,1,MID,Sunderland,12,0,0,0,3,0,0,2,2.0,0.0,0.0,3.0,0.0,0.6,0.0,0.03,0.03,0.1,1.0,0.0,0.3,0.4,10.0,0.0,0.0,0.0,0.0,0.0,0.0,2.0,1.0,0.0,0.0,0.0,55.0,0.0,Ipswich Town,1.0,0.0,Spurs,Spurs,0.0,0.0,1.4004109954367605,,1.7621031720285787,2.467668657202815
haji_wright,1,0,FWD,Coventry City,1,0,0,0,2,0,0,4,0.0,0.0,0.0,0.0,0.0,0.0,0.0,0.0,0.0,0.0,0.0,0.0,0.0,0.0,0.0,0.0,0.0,0.0,0.0,0.0,0.0,0.0,0.0,0.0,0.0,0.0,55.0,0.0,Arsenal,0.0,0.0,Leeds,Leeds,1.0,3.0,0.29459600362494975,14973.0,0.5627060950962662,0.16577096683076098
hakon_rafn_valdimarsson,1,0,GK,Brentford,19,1,0,0,3,0,0,3,1.9,0.0,0.0,0.0,0.0,0.0,0.0,0.0,0.0,0.0,0.0,0.0,0.0,0.0,0.0,0.0,0.0,0.0,0.0,0.0,0.0,0.0,0.0,0.0,0.0,0.0,45.0,0.0,Spurs,3.0,3.0,Man Utd,Man Utd,0.0,0.0,0.17738259033756432,,2.0,0.35476518067512863
harrison_armstrong,1,8,MID,Everton,8,1,0,0,3,0,0,3,1.5,1.0,0.0,25.0,1.0,14.7,0.04,0.04,0.0,1.96,0.0,0.0,4.8,28.8,90.0,0.0,0.0,0.0,0.0,0.0,1.0,4.0,8.0,0.0,0.0,0.0,50.0,0.0,Crystal Palace,2.0,3.0,Liverpool,Liverpool,2.0,1.0,4.132406068026996,,1.442480845106571,5.960916597331103
harrison_reed,1,0,MID,Fulham,6,1,0,0,2,0,0,4,1.0,0.0,0.0,0.0,0.0,0.0,0.0,0.0,0.0,0.0,0.0,0.0,0.0,0.0,0.0,0.0,0.0,0.0,0.0,0.0,0.0,0.0,0.0,0.0,0.0,0.0,45.0,0.0,Chelsea,2.0,0.0,Bournemouth,Bournemouth,1.0,0.0,0.18438194582400924,,0.6944526094211847,0.12804452340763872
harry_amass,1,0,DEF,Man Utd,11,0,0,0,4,0,0,2,1.0,0.0,0.0,0.0,0.0,0.0,0.0,0.0,0.0,0.0,0.0,0.0,0.0,0.0,0.0,0.0,0.0,0.0,0.0,0.0,0.0,0.0,0.0,0.0,0.0,0.0,40.0,0.0,Hull City,0.0,0.0,Brentford,Brentford,3.0,3.0,0.32033479009568055,,0.5,0.16016739504784028
harry_howell,1,0,MID,Brighton,2,1,0,0,2,0,0,4,0.0,0.0,0.0,0.0,0.0,0.0,0.0,0.0,0.0,0.0,0.0,0.0,0.0,0.0,0.0,0.0,0.0,0.0,0.0,0.0,0.0,0.0,0.0,0.0,0.0,0.0,45.0,0.0,Aston Villa,4.0,3.0,Newcastle,Newcastle,2.0,1.0,0.0872059779594041,,2.0,0.1744119559188082
harry_maguire,1,1,DEF,Man Utd,11,0,0,0,4,0,0,2,2.2,0.0,0.0,15.0,0.0,28.6,0.4,0.44,0.04,1.01,2.0,0.0,7.3,25.4,90.0,0.0,0.0,0.0,0.0,0.0,1.0,19.0,1.0,0.0,0.0,0.0,50.0,0.0,Hull City,0.0,0.0,Brentford,Brentford,3.0,3.0,3.67292650054264,14974.0,0.5,1.83646325027132
harry_wilson,1,3,MID,Leeds,18,0,0,0,3,0,0,3,2.3,0.0,0.0,8.0,1.0,15.3,0.02,0.02,0.0,0.53,0.0,0.0,2.6,6.2,65.0,0.0,0.0,0.0,0.0,0.0,1.0,4.0,3.0,0.0,0.0,0.0,65.0,0.0,Nott'm Forest,1.0,3.0,Coventry City,Coventry City,0.0,0.0,2.6156372887026023,15210.0,2.0,5.2312745774052045
harvey_barnes,1,2,MID,Newcastle,14,1,0,0,2,0,0,4,2.2,0.0,0.0,12.0,0.0,2.4,0.02,0.09,0.07,2.98,2.0,0.0,1.7,5.2,90.0,0.0,0.0,0.0,0.0,0.0,1.0,9.0,2.0,0.0,0.0,0.0,60.0,0.0,Liverpool,2.0,1.0,Brighton,Brighton,4.0,3.0,3.037607062337985,,0.5,1.5188035311689925
harvey_cartwright,1,0,GK,Hull City,16,1,0,0,2,0,0,4,0.0,0.0,0.0,0.0,0.0,0.0,0.0,0.0,0.0,0.0,0.0,0.0,0.0,0.0,0.0,0.0,0.0,0.0,0.0,0.0,0.0,0.0,0.0,0.0,0.0,0.0,40.0,0.0,Man Utd,2.0,3.0,Crystal Palace,Crystal Palace,0.0,0.0,-0.006957198064402315,,2.0,-0.01391439612880463
harvey_davies,1,0,GK,Liverpool,17,0,0,0,4,0,0,2,1.0,0.0,0.0,0.0,0.0,0.0,0.0,0.0,0.0,0.0,0.0,0.0,0.0,0.0,0.0,0.0,0.0,0.0,0.0,0.0,0.0,0.0,0.0,0.0,0.0,0.0,40.0,0.0,Newcastle,2.0,1.0,Everton,Everton,2.0,3.0,0.3820635724804391,,1.0,0.3820635724804391
harvey_elliott,1,0,MID,Liverpool,17,0,0,0,4,0,0,2,2.0,0.0,0.0,0.0,0.0,0.0,0.0,0.0,0.0,0.0,0.0,0.0,0.0,0.0,0.0,0.0,0.0,0.0,0.0,0.0,0.0,0.0,0.0,0.0,0.0,0.0,55.0,0.0,Newcastle,2.0,1.0,Everton,Everton,2.0,3.0,0.5606087880165966,,0.9787516968834412,0.5486968025590133
hayden_hackney,1,3,MID,Everton,8,1,0,0,3,0,0,3,2.0,0.0,0.0,16.0,1.0,12.2,0.01,0.02,0.01,1.62,0.0,0.0,2.6,8.6,78.0,0.0,0.0,0.0,0.0,0.0,1.0,5.0,3.0,0.0,0.0,0.0,55.0,0.0,Crystal Palace,2.0,3.0,Liverpool,Liverpool,2.0,1.0,2.632628367204781,,1.442480845106571,3.7975159919770847
hidemasa_morita,1,0,MID,Hull City,16,1,0,0,2,0,0,4,0.8,0.0,0.0,0.0,0.0,0.0,0.0,0.0,0.0,0.0,0.0,0.0,0.0,0.0,0.0,0.0,0.0,0.0,0.0,0.0,0.0,0.0,0.0,0.0,0.0,0.0,50.0,0.0,Man Utd,2.0,3.0,Crystal Palace,Crystal Palace,0.0,0.0,0.2581834947575905,,0.9997645158411456,0.25812269663449744
hugo_ekitike,1,0,FWD,Liverpool,17,0,0,0,4,0,0,2,0.0,0.0,0.0,0.0,0.0,0.0,0.0,0.0,0.0,0.0,0.0,0.0,0.0,0.0,0.0,0.0,0.0,0.0,0.0,0.0,0.0,0.0,0.0,0.0,0.0,0.0,75.0,0.0,Newcastle,2.0,1.0,Everton,Everton,2.0,3.0,0.666761616465049,,0.5,0.3333808082325245
ian_maatsen,1,0,DEF,Aston Villa,5,0,0,0,4,0,0,2,1.7,0.0,0.0,-9.0,0.0,0.8,0.0,0.03,0.03,3.62,4.0,0.0,1.3,9.2,81.0,0.0,0.0,0.0,0.0,0.0,1.0,3.0,0.0,0.0,0.0,0.0,45.0,0.0,Brighton,0.0,0.0,Ipswich Town,Ipswich Town,2.0,3.0,1.3856479608694658,,0.5,0.6928239804347329
ibrahim_osman,1,1,MID,Brighton,2,1,0,0,2,0,0,4,1.5,0.0,0.0,7.0,0.0,15.4,0.05,0.05,0.0,0.0,0.0,0.0,2.4,4.2,12.0,0.0,0.0,0.0,0.0,0.0,0.0,4.0,1.0,0.0,0.0,0.0,50.0,0.0,Aston Villa,4.0,3.0,Newcastle,Newcastle,2.0,1.0,1.4536309403695309,,2.0,2.9072618807390618
ibrahim_sangare,1,2,MID,Nott'm Forest,13,1,0,0,3,0,0,3,1.5,0.0,0.0,10.0,0.0,13.0,0.01,0.04,0.03,0.47,1.0,0.0,3.4,17.8,90.0,0.0,0.0,0.0,0.0,0.0,1.0,3.0,2.0,0.0,0.0,0.0,50.0,0.0,Leeds,0.0,0.0,Chelsea,Chelsea,3.0,3.0,2.785820081008148,,0.5,1.392910040504074
igor_jesus_maciel_da_cruz,1,2,FWD,Nott'm Forest,13,1,0,0,3,0,0,3,2.0,0.0,0.0,8.0,0.0,6.8,0.02,0.24,0.22,0.47,1.0,0.0,4.3,5.2,90.0,0.0,0.0,0.0,0.0,0.0,1.0,31.0,2.0,0.0,0.0,0.0,60.0,0.0,Leeds,0.0,0.0,Chelsea,Chelsea,3.0,3.0,3.624381534391541,15210.0,1.2701080432172867,4.603356138518907
igor_julio_dos_santos_de_paulo,1,0,DEF,Brighton,2,1,0,0,2,0,0,4,1.7,0.0,0.0,0.0,0.0,0.0,0.0,0.0,0.0,0.0,0.0,0.0,0.0,0.0,0.0,0.0,0.0,0.0,0.0,0.0,0.0,0.0,0.0,0.0,0.0,0.0,45.0,0.0,Aston Villa,4.0,3.0,Newcastle,Newcastle,2.0,1.0,0.6474479086391562,,1.19807075573477,0.7756884052022103
igor_thiago_nascimento_rodrigues,1,0,FWD,Brentford,19,1,0,0,3,0,0,3,2.5,0.0,0.0,-3.0,1.0,4.0,0.08,1.08,1.0,0.5,0.0,0.0,1.4,2.2,82.0,0.0,1.0,0.0,0.0,0.0,1.0,8.0,0.0,0.0,0.0,0.0,80.0,0.0,Spurs,3.0,3.0,Man Utd,Man Utd,0.0,0.0,4.12538052871307,79641.0,0.5,2.062690264356535
ilia_gruev,1,0,MID,Leeds,18,0,0,0,3,0,0,3,0.0,0.0,0.0,0.0,0.0,0.0,0.0,0.0,0.0,0.0,0.0,0.0,0.0,0.0,0.0,0.0,0.0,0.0,0.0,0.0,0.0,0.0,0.0,0.0,0.0,0.0,50.0,0.0,Nott'm Forest,1.0,3.0,Coventry City,Coventry City,0.0,0.0,0.20280655554088733,,2.0,0.40561311108177467
iliman_ndiaye,1,9,MID,Everton,8,1,0,0,3,0,0,3,2.2,1.0,1.0,36.0,1.0,39.8,0.32,0.56,0.24,1.96,0.0,0.0,12.9,40.8,90.0,0.0,0.0,0.0,0.0,0.0,1.0,48.0,9.0,0.0,0.0,0.0,60.0,0.0,Crystal Palace,2.0,3.0,Liverpool,Liverpool,2.0,1.0,5.312759739415779,14969.0,1.442480845106571,7.663554158760639
illan_meslier,1,0,GK,Arsenal,7,1,0,0,4,0,0,2,2.6,0.0,0.0,0.0,0.0,0.0,0.0,0.0,0.0,0.0,0.0,0.0,0.0,0.0,0.0,0.0,0.0,0.0,0.0,0.0,0.0,0.0,0.0,0.0,0.0,0.0,50.0,0.0,Coventry City,3.0,3.0,Man City,Man City,2.0,3.0,0.9339610440945457,,2.0,1.8679220881890914
ismaila_sarr,1,0,MID,Crystal Palace,9,0,0,0,3,0,0,3,2.3,0.0,0.0,0.0,0.0,0.0,0.0,0.0,0.0,0.0,0.0,0.0,0.0,0.0,0.0,0.0,0.0,0.0,0.0,0.0,0.0,0.0,0.0,0.0,0.0,0.0,65.0,0.0,Everton,0.0,0.0,Hull City,Hull City,2.0,3.0,0.8686528670257794,14971.0,0.5,0.4343264335128897
issa_diop,1,2,DEF,Ipswich Town,20,1,0,0,2,0,0,3,1.0,0.0,0.0,7.0,0.0,0.8,0.01,0.01,0.0,0.66,1.0,0.0,1.0,7.2,90.0,0.0,0.0,0.0,0.0,0.0,1.0,2.0,2.0,0.0,0.0,0.0,40.0,0.0,Sunderland,2.0,3.0,Aston Villa,Aston Villa,0.0,0.0,2.627542688066878,,2.0,5.255085376133756
jack_butland,1,0,GK,Hull City,16,1,0,0,2,0,0,4,0.0,0.0,0.0,0.0,0.0,0.0,0.0,0.0,0.0,0.0,0.0,0.0,0.0,0.0,0.0,0.0,0.0,0.0,0.0,0.0,0.0,0.0,0.0,0.0,0.0,0.0,45.0,0.0,Man Utd,2.0,3.0,Crystal Palace,Crystal Palace,0.0,0.0,0.13536900580959133,,2.0,0.27073801161918265
jack_clarke,1,7,MID,Ipswich Town,20,1,0,0,2,0,0,3,2.0,0.0,1.0,27.0,0.0,0.6,0.0,0.1,0.1,0.03,0.0,1.0,5.2,33.6,19.0,0.0,0.0,0.0,0.0,0.0,0.0,18.0,7.0,0.0,0.0,0.0,55.0,0.0,Sunderland,2.0,3.0,Aston Villa,Aston Villa,0.0,0.0,2.022407366608454,,1.8584836898691064,3.7586111051129425
jack_fletcher,1,0,MID,Man Utd,11,0,0,0,4,0,0,2,1.5,0.0,0.0,0.0,0.0,0.0,0.0,0.0,0.0,0.0,0.0,0.0,0.0,0.0,0.0,0.0,0.0,0.0,0.0,0.0,0.0,0.0,0.0,0.0,0.0,0.0,50.0,0.0,Hull City,0.0,0.0,Brentford,Brentford,3.0,3.0,0.4634207701196409,,0.5,0.23171038505982045
jack_grealish,1,1,MID,Man City,3,1,0,0,4,0,0,3,2.3,0.0,0.0,2.0,0.0,0.6,0.0,0.0,0.0,0.0,0.0,0.0,0.2,1.0,8.0,0.0,0.0,0.0,0.0,0.0,0.0,0.0,1.0,0.0,0.0,0.0,65.0,0.0,Bournemouth,2.0,3.0,Arsenal,Arsenal,3.0,3.0,1.6807104770565484,,0.5,0.8403552385282742
jack_harrison,1,0,MID,Leeds,18,0,0,0,3,0,0,3,0.0,0.0,0.0,0.0,0.0,0.0,0.0,0.0,0.0,0.0,0.0,0.0,0.0,0.0,0.0,0.0,0.0,0.0,0.0,0.0,0.0,0.0,0.0,0.0,0.0,0.0,50.0,0.0,Nott'm Forest,1.0,3.0,Coventry City,Coventry City,0.0,0.0,0.20280655554088733,,2.0,0.40561311108177467
jack_hinshelwood,1,16,MID,Brighton,2,1,0,0,2,0,0,4,2.2,0.0,3.0,54.0,1.0,13.4,0.02,1.43,1.41,0.19,0.0,2.0,14.5,72.8,63.0,0.0,0.0,0.0,0.0,0.0,1.0,59.0,16.0,0.0,0.0,0.0,60.0,0.0,Aston Villa,4.0,3.0,Newcastle,Newcastle,2.0,1.0,3.631800212037846,,2.0,7.263600424075692
jack_rudoni,1,1,MID,Coventry City,1,0,0,0,2,0,0,4,1.5,0.0,0.0,3.0,0.0,3.8,0.0,0.15,0.15,0.29,0.0,0.0,2.6,5.6,20.0,0.0,0.0,0.0,0.0,0.0,0.0,17.0,1.0,0.0,0.0,0.0,50.0,0.0,Arsenal,0.0,0.0,Leeds,Leeds,1.0,3.0,1.934846710460203,,0.5,0.9674233552301015
jack_taylor,1,0,MID,Ipswich Town,20,1,0,0,2,0,0,3,0.0,0.0,0.0,0.0,0.0,0.0,0.0,0.0,0.0,0.0,0.0,0.0,0.0,0.0,0.0,0.0,0.0,0.0,0.0,0.0,0.0,0.0,0.0,0.0,0.0,0.0,45.0,0.0,Sunderland,2.0,3.0,Aston Villa,Aston Villa,0.0,0.0,0.062361659221441545,,1.8584836898691064,0.11589812653622447
jacob_greaves,1,2,DEF,Ipswich Town,20,1,0,0,2,0,0,3,1.0,0.0,0.0,12.0,0.0,1.3,0.0,0.0,0.0,0.66,1.0,0.0,1.8,16.4,90.0,0.0,0.0,0.0,0.0,0.0,1.0,0.0,2.0,0.0,0.0,0.0,40.0,0.0,Sunderland,2.0,3.0,Aston Villa,Aston Villa,0.0,0.0,2.4428174023326337,,2.0,4.885634804665267
jacob_murphy,1,0,MID,Newcastle,14,1,0,0,2,0,0,4,2.2,0.0,0.0,-1.0,0.0,0.1,0.0,0.0,0.0,1.04,1.0,0.0,0.1,0.0,14.0,0.0,0.0,0.0,0.0,0.0,0.0,2.0,0.0,0.0,0.0,0.0,60.0,1.0,Liverpool,2.0,1.0,Brighton,Brighton,4.0,3.0,1.5338443178903851,,0.5,0.7669221589451926
jacob_ramsey,1,0,MID,Newcastle,14,1,0,0,2,0,0,4,1.5,0.0,0.0,1.0,0.0,1.3,0.01,0.07,0.06,1.5,1.0,0.0,1.3,7.8,34.0,0.0,0.0,0.0,0.0,0.0,0.0,4.0,0.0,0.0,0.0,0.0,50.0,1.0,Liverpool,2.0,1.0,Brighton,Brighton,4.0,3.0,1.9072360150898613,,0.5,0.9536180075449306
jaden_philogene,1,0,MID,Ipswich Town,20,1,0,0,2,0,0,3,2.0,0.0,0.0,0.0,0.0,0.0,0.0,0.0,0.0,0.0,0.0,0.0,0.0,0.0,0.0,0.0,0.0,0.0,0.0,0.0,0.0,0.0,0.0,0.0,0.0,0.0,55.0,0.0,Sunderland,2.0,3.0,Aston Villa,Aston Villa,0.0,0.0,0.4917855922165706,,1.8584836898691064,0.9139755020471158
jahnoah_markelo,1,0,FWD,Coventry City,1,0,0,0,2,0,0,4,0.0,0.0,0.0,0.0,0.0,0.0,0.0,0.0,0.0,0.0,0.0,0.0,0.0,0.0,0.0,0.0,0.0,0.0,0.0,0.0,0.0,0.0,0.0,0.0,0.0,0.0,50.0,0.0,Arsenal,0.0,0.0,Leeds,Leeds,1.0,3.0,0.20544303067332237,,0.5627060950962662,0.11560404555492768
jaidon_anthony,1,1,MID,Brentford,19,1,0,0,3,0,0,3,2.2,0.0,0.0,9.0,0.0,34.9,0.35,0.38,0.03,0.1,0.0,0.0,4.7,10.6,23.0,0.0,0.0,0.0,0.0,0.0,0.0,1.0,1.0,0.0,0.0,0.0,60.0,0.0,Spurs,3.0,3.0,Man Utd,Man Utd,0.0,0.0,2.4889913897912987,,1.2041856403092235,2.997207690439979
jair_paula_da_cunha_filho,1,1,DEF,Nott'm Forest,13,1,0,0,3,0,0,3,1.7,0.0,0.0,5.0,0.0,1.3,0.0,0.0,0.0,0.47,1.0,0.0,2.2,20.8,90.0,0.0,0.0,0.0,0.0,0.0,1.0,0.0,1.0,0.0,0.0,0.0,45.0,1.0,Leeds,0.0,0.0,Chelsea,Chelsea,3.0,3.0,3.057122262581227,,1.1237010000870202,3.435291343850819
jaka_bijol,1,10,DEF,Leeds,18,0,0,0,3,0,0,3,2.2,0.0,2.0,28.0,1.0,0.4,0.0,0.11,0.11,0.66,0.0,0.0,3.9,23.6,90.0,0.0,0.0,0.0,0.0,0.0,1.0,15.0,10.0,0.0,0.0,0.0,50.0,0.0,Nott'm Forest,1.0,3.0,Coventry City,Coventry City,0.0,0.0,3.7801050251617903,,2.0,7.5602100503235805
jake_bidwell,1,0,DEF,Coventry City,1,0,0,0,2,0,0,4,1.0,0.0,0.0,0.0,0.0,0.0,0.0,0.0,0.0,0.0,0.0,0.0,0.0,0.0,0.0,0.0,0.0,0.0,0.0,0.0,0.0,0.0,0.0,0.0,0.0,0.0,40.0,0.0,Arsenal,0.0,0.0,Leeds,Leeds,1.0,3.0,0.19272882157185567,,0.6265484364121565,0.12075394180740368
jake_o'brien,1,0,DEF,Everton,8,1,0,0,3,0,0,3,2.2,0.0,0.0,0.0,0.0,0.0,0.0,0.0,0.0,0.0,0.0,0.0,0.0,0.0,0.0,0.0,0.0,0.0,0.0,0.0,0.0,0.0,0.0,0.0,0.0,0.0,50.0,0.0,Crystal Palace,2.0,3.0,Liverpool,Liverpool,2.0,1.0,0.8417284314548753,,2.0,1.6834568629097506
james_garner,1,1,MID,Everton,8,1,0,0,3,0,0,3,0.5,0.0,0.0,6.0,0.0,11.8,0.03,0.03,0.0,0.34,0.0,0.0,1.9,4.8,11.0,0.0,0.0,0.0,0.0,0.0,0.0,2.0,1.0,0.0,0.0,0.0,60.0,0.0,Crystal Palace,2.0,3.0,Liverpool,Liverpool,2.0,1.0,1.4974013355722826,,1.442480845106571,2.1599727440000143
james_hill,1,1,DEF,Bournemouth,15,0,0,0,3,0,0,4,2.5,0.0,0.0,0.0,0.0,0.3,0.0,0.0,0.0,2.25,2.0,0.0,1.2,11.6,90.0,0.0,0.0,0.0,0.0,0.0,1.0,0.0,1.0,0.0,0.0,0.0,55.0,0.0,Man City,1.0,0.0,Fulham,Fulham,2.0,0.0,2.5187133925639396,14969.0,0.5,1.2593566962819698
james_justin,1,10,DEF,Leeds,18,0,0,0,3,0,0,3,1.7,0.0,2.0,28.0,1.0,2.3,0.01,0.01,0.0,0.66,0.0,0.0,2.9,24.6,90.0,0.0,0.0,0.0,0.0,0.0,1.0,2.0,10.0,0.0,0.0,0.0,45.0,0.0,Nott'm Forest,1.0,3.0,Coventry City,Coventry City,0.0,0.0,3.3203756551248143,,2.0,6.6407513102496285
james_maddison,1,1,MID,Spurs,4,0,0,0,3,0,0,3,2.3,0.0,0.0,6.0,0.0,8.3,0.01,0.01,0.0,0.85,0.0,0.0,2.1,4.4,22.0,0.0,0.0,0.0,0.0,0.0,0.0,8.0,1.0,0.0,0.0,0.0,65.0,0.0,Brentford,0.0,0.0,Sunderland,Sunderland,1.0,0.0,2.209853437802907,14972.0,0.5,1.1049267189014536
james_mcatee,1,3,MID,Nott'm Forest,13,1,0,0,3,0,0,3,2.0,0.0,0.0,18.0,1.0,42.5,0.16,0.16,0.0,0.34,0.0,0.0,5.4,11.6,73.0,0.0,0.0,0.0,0.0,0.0,1.0,0.0,3.0,0.0,0.0,0.0,55.0,0.0,Leeds,0.0,0.0,Chelsea,Chelsea,3.0,3.0,2.873521337184588,,0.5,1.436760668592294
james_mcconnell,1,0,MID,Liverpool,17,0,0,0,4,0,0,2,1.0,0.0,0.0,0.0,0.0,0.0,0.0,0.0,0.0,0.0,0.0,0.0,0.0,0.0,0.0,0.0,0.0,0.0,0.0,0.0,0.0,0.0,0.0,0.0,0.0,0.0,45.0,0.0,Newcastle,2.0,1.0,Everton,Everton,2.0,3.0,0.22563550982854408,,0.9787516968834412,0.22084113812184789
james_rowswell,1,0,DEF,Spurs,4,0,0,0,3,0,0,3,1.0,0.0,0.0,0.0,0.0,0.0,0.0,0.0,0.0,0.0,0.0,0.0,0.0,0.0,0.0,0.0,0.0,0.0,0.0,0.0,0.0,0.0,0.0,0.0,0.0,0.0,40.0,0.0,Brentford,0.0,0.0,Sunderland,Sunderland,1.0,0.0,0.1509621141123476,,0.9767678760906346,0.1474549435716698
james_tarkowski,1,6,DEF,Everton,8,1,0,0,3,0,0,3,2.8,0.0,0.0,25.0,1.0,0.8,0.0,0.05,0.05,1.96,0.0,0.0,2.0,15.2,90.0,0.0,0.0,0.0,0.0,0.0,1.0,4.0,6.0,0.0,0.0,0.0,60.0,0.0,Crystal Palace,2.0,3.0,Liverpool,Liverpool,2.0,1.0,2.709889163354255,14973.0,2.0,5.41977832670851
james_trafford,1,9,GK,Leeds,18,0,0,0,3,0,0,3,2.6,0.0,2.0,28.0,1.0,0.0,0.0,0.0,0.0,0.66,0.0,0.0,1.9,19.4,90.0,0.0,0.0,0.0,0.0,3.0,1.0,0.0,9.0,0.0,0.0,0.0,50.0,0.0,Nott'm Forest,1.0,3.0,Coventry City,Coventry City,0.0,0.0,3.667124209758043,50210.0,2.0,7.334248419516086
jamie_bynoe_gittens,1,0,MID,Chelsea,10,0,0,0,4,0,0,2,2.2,0.0,0.0,0.0,0.0,0.0,0.0,0.0,0.0,0.0,0.0,0.0,0.0,0.0,0.0,0.0,0.0,0.0,0.0,0.0,0.0,0.0,0.0,0.0,0.0,0.0,60.0,0.0,Fulham,3.0,3.0,Nott'm Forest,Nott'm Forest,0.0,0.0,0.6107534502395158,,2.0,1.2215069004790315
jan_paul_van_hecke,1,1,DEF,Spurs,4,0,0,0,3,0,0,3,2.2,0.0,0.0,3.0,0.0,2.8,0.03,0.03,0.0,3.87,3.0,0.0,3.3,28.2,90.0,0.0,0.0,0.0,0.0,0.0,1.0,2.0,1.0,0.0,0.0,0.0,50.0,0.0,Brentford,0.0,0.0,Sunderland,Sunderland,1.0,0.0,1.832985562621076,14970.0,0.9767678760906346,1.7904014149061855
jannik_schuster,1,0,DEF,Brentford,19,1,0,0,3,0,0,3,1.7,0.0,0.0,0.0,0.0,0.0,0.0,0.0,0.0,0.0,0.0,0.0,0.0,0.0,0.0,0.0,0.0,0.0,0.0,0.0,0.0,0.0,0.0,0.0,0.0,0.0,45.0,0.0,Spurs,3.0,3.0,Man Utd,Man Utd,0.0,0.0,0.48520891153690016,,2.0,0.9704178230738003
jarrad_branthwaite,1,6,DEF,Everton,8,1,0,0,3,0,0,3,2.5,0.0,0.0,27.0,1.0,0.8,0.01,0.01,0.0,1.96,0.0,0.0,2.5,18.6,90.0,0.0,0.0,0.0,0.0,0.0,1.0,6.0,6.0,0.0,0.0,0.0,55.0,0.0,Crystal Palace,2.0,3.0,Liverpool,Liverpool,2.0,1.0,2.656116697694843,61014.0,2.0,5.312233395389686
jason_steele,1,0,GK,Brighton,2,1,0,0,2,0,0,4,1.0,0.0,0.0,0.0,0.0,0.0,0.0,0.0,0.0,0.0,0.0,0.0,0.0,0.0,0.0,0.0,0.0,0.0,0.0,0.0,0.0,0.0,0.0,0.0,0.0,0.0,40.0,0.0,Aston Villa,4.0,3.0,Newcastle,Newcastle,2.0,1.0,0.4574002388519698,,2.0,0.9148004777039396
jay_dasilva,1,1,DEF,Coventry City,1,0,0,0,2,0,0,4,1.0,0.0,0.0,-4.0,0.0,3.8,0.02,0.02,0.0,1.88,3.0,0.0,1.8,13.8,90.0,0.0,0.0,0.0,0.0,0.0,1.0,0.0,1.0,0.0,0.0,0.0,40.0,0.0,Arsenal,0.0,0.0,Leeds,Leeds,1.0,3.0,2.210803106806152,,0.6265484364121565,1.3851752297845326
jaydee_canvot,1,1,DEF,Crystal Palace,9,0,0,0,3,0,0,3,2.2,0.0,0.0,9.0,0.0,5.7,0.01,0.06,0.05,1.12,2.0,0.0,3.8,27.4,90.0,0.0,0.0,0.0,0.0,0.0,1.0,5.0,1.0,0.0,0.0,0.0,50.0,0.0,Everton,0.0,0.0,Hull City,Hull City,2.0,3.0,2.756917128730349,,0.5,1.3784585643651746
jayden_bogle,1,6,DEF,Leeds,18,0,0,0,3,0,0,3,1.7,0.0,0.0,24.0,1.0,1.1,0.0,0.0,0.0,0.66,0.0,0.0,0.8,7.0,90.0,0.0,0.0,0.0,0.0,0.0,1.0,0.0,6.0,0.0,0.0,0.0,45.0,0.0,Nott'm Forest,1.0,3.0,Coventry City,Coventry City,0.0,0.0,2.407605256171383,,2.0,4.815210512342766
jayden_danns,1,0,FWD,Liverpool,17,0,0,0,4,0,0,2,0.0,0.0,0.0,0.0,0.0,0.0,0.0,0.0,0.0,0.0,0.0,0.0,0.0,0.0,0.0,0.0,0.0,0.0,0.0,0.0,0.0,0.0,0.0,0.0,0.0,0.0,45.0,0.0,Newcastle,2.0,1.0,Everton,Everton,2.0,3.0,0.1318437787552842,,0.5,0.0659218893776421
jayden_lienou,1,0,DEF,Leeds,18,0,0,0,3,0,0,3,1.0,0.0,0.0,0.0,0.0,0.0,0.0,0.0,0.0,0.0,0.0,0.0,0.0,0.0,0.0,0.0,0.0,0.0,0.0,0.0,0.0,0.0,0.0,0.0,0.0,0.0,40.0,0.0,Nott'm Forest,1.0,3.0,Coventry City,Coventry City,0.0,0.0,0.18442674093755307,,2.0,0.36885348187510614
jean_philippe_mateta,1,2,FWD,Crystal Palace,9,0,0,0,3,0,0,3,2.1,0.0,0.0,-3.0,0.0,12.3,0.02,0.72,0.7,0.98,2.0,0.0,2.5,1.4,62.0,0.0,0.0,0.0,0.0,0.0,1.0,11.0,2.0,0.0,0.0,0.0,65.0,0.0,Everton,0.0,0.0,Hull City,Hull City,2.0,3.0,2.8037557965465467,79641.0,0.6388888888888888,1.7912884255714048
jefferson_lerma_solis,1,0,MID,Crystal Palace,9,0,0,0,3,0,0,3,1.5,0.0,0.0,0.0,0.0,0.0,0.0,0.0,0.0,0.0,0.0,0.0,0.0,0.0,0.0,0.0,0.0,0.0,0.0,0.0,0.0,0.0,0.0,0.0,0.0,0.0,50.0,0.0,Everton,0.0,0.0,Hull City,Hull City,2.0,3.0,0.43230840810865434,,0.5,0.21615420405432717
jens_hjerto_dahl,1,0,MID,Hull City,16,1,0,0,2,0,0,4,1.5,0.0,0.0,0.0,0.0,0.0,0.0,0.0,0.0,0.0,0.0,0.0,0.0,0.0,0.0,0.0,0.0,0.0,0.0,0.0,0.0,0.0,0.0,0.0,0.0,0.0,50.0,0.0,Man Utd,2.0,3.0,Crystal Palace,Crystal Palace,0.0,0.0,0.3242989531225442,,0.9997645158411456,0.3242225858563508
jenson_seelt,1,0,DEF,Sunderland,12,0,0,0,3,0,0,2,1.7,0.0,0.0,0.0,0.0,0.0,0.0,0.0,0.0,0.0,0.0,0.0,0.0,0.0,0.0,0.0,0.0,0.0,0.0,0.0,0.0,0.0,0.0,0.0,0.0,0.0,45.0,0.0,Ipswich Town,1.0,0.0,Spurs,Spurs,0.0,0.0,0.3672305076911868,,1.6045153419715095,0.5892269836304956
jeremie_frimpong,1,0,DEF,Liverpool,17,0,0,0,4,0,0,2,2.5,0.0,0.0,3.0,0.0,37.8,0.09,0.1,0.01,1.58,2.0,0.0,6.1,13.6,90.0,0.0,0.0,0.0,0.0,0.0,1.0,10.0,0.0,0.0,0.0,0.0,55.0,1.0,Newcastle,2.0,1.0,Everton,Everton,2.0,3.0,3.2055623893892564,14969.0,0.5,1.6027811946946282
jeremy_doku,1,0,MID,Man City,3,1,0,0,4,0,0,3,0.0,0.0,0.0,0.0,0.0,0.0,0.0,0.0,0.0,0.0,0.0,0.0,0.0,0.0,0.0,0.0,0.0,0.0,0.0,0.0,0.0,0.0,0.0,0.0,0.0,0.0,75.0,0.0,Bournemouth,2.0,3.0,Arsenal,Arsenal,3.0,3.0,0.8862269073190452,79641.0,0.5,0.4431134536595226
jeremy_jacquet,1,1,DEF,Liverpool,17,0,0,0,4,0,0,2,2.2,0.0,0.0,9.0,0.0,11.9,0.02,0.02,0.0,1.04,2.0,0.0,2.4,12.4,69.0,0.0,0.0,0.0,0.0,0.0,1.0,0.0,1.0,0.0,0.0,0.0,50.0,0.0,Newcastle,2.0,1.0,Everton,Everton,2.0,3.0,1.997173143670584,14973.0,0.5,0.998586571835292
jeremy_monga,1,0,MID,Man City,3,1,0,0,4,0,0,3,1.5,0.0,0.0,0.0,0.0,0.0,0.0,0.0,0.0,0.0,0.0,0.0,0.0,0.0,0.0,0.0,0.0,0.0,0.0,0.0,0.0,0.0,0.0,0.0,0.0,0.0,50.0,0.0,Bournemouth,2.0,3.0,Arsenal,Arsenal,3.0,3.0,0.4265963310772205,,0.5,0.21329816553861025
jesurun_rak_sakyi,1,0,MID,Crystal Palace,9,0,0,0,3,0,0,3,1.5,0.0,0.0,0.0,0.0,0.0,0.0,0.0,0.0,0.0,0.0,0.0,0.0,0.0,0.0,0.0,0.0,0.0,0.0,0.0,0.0,0.0,0.0,0.0,0.0,0.0,50.0,0.0,Everton,0.0,0.0,Hull City,Hull City,2.0,3.0,0.43230840810865434,,0.5,0.21615420405432717
joachim_andersen,1,0,DEF,Fulham,6,1,0,0,2,0,0,4,0.0,0.0,0.0,0.0,0.0,0.0,0.0,0.0,0.0,0.0,0.0,0.0,0.0,0.0,0.0,0.0,0.0,0.0,0.0,0.0,0.0,0.0,0.0,0.0,0.0,0.0,50.0,0.0,Chelsea,2.0,0.0,Bournemouth,Bournemouth,1.0,0.0,0.427203148802878,,1.7772507793939916,0.7592471291694823
joao_gomes,1,-2,MID,Aston Villa,5,0,0,0,4,0,0,2,0.0,0.0,0.0,-2.0,0.0,11.0,0.01,0.01,0.0,2.58,4.0,0.0,1.2,1.0,39.0,0.0,0.0,0.0,1.0,0.0,1.0,0.0,-2.0,0.0,0.0,0.0,55.0,0.0,Brighton,0.0,0.0,Ipswich Town,Ipswich Town,2.0,3.0,-2.033588797731963,,0.5,-1.0167943988659816
joao_pedro_junqueira_de_jesus,1,11,FWD,Chelsea,10,0,0,0,4,0,0,2,2.4,1.0,2.0,45.0,0.0,23.0,0.06,0.69,0.63,1.33,2.0,1.0,11.1,51.2,90.0,0.0,0.0,0.0,0.0,0.0,1.0,37.0,11.0,0.0,0.0,0.0,75.0,0.0,Fulham,3.0,3.0,Nott'm Forest,Nott'm Forest,0.0,0.0,4.441135429583678,61014.0,0.718395061728395,3.1904897610799283
joao_pedro_loureiro_da_costa,1,1,DEF,Brighton,2,1,0,0,2,0,0,4,1.7,0.0,0.0,7.0,0.0,1.9,0.0,0.12,0.12,0.1,0.0,0.0,2.8,8.2,26.0,0.0,0.0,0.0,0.0,0.0,0.0,18.0,1.0,0.0,0.0,0.0,45.0,0.0,Aston Villa,4.0,3.0,Newcastle,Newcastle,2.0,1.0,2.276148511640328,,1.19807075573477,2.7269869675055
joao_victor_de_souza_menezes,1,0,DEF,Spurs,4,0,0,0,3,0,0,3,1.0,0.0,0.0,0.0,0.0,0.0,0.0,0.0,0.0,0.0,0.0,0.0,0.0,0.0,0.0,0.0,0.0,0.0,0.0,0.0,0.0,0.0,0.0,0.0,0.0,0.0,40.0,0.0,Brentford,0.0,0.0,Sunderland,Sunderland,1.0,0.0,0.1509621141123476,,0.9767678760906346,0.1474549435716698
joe_gelhardt,1,0,MID,Hull City,16,1,0,0,2,0,0,4,0.0,0.0,0.0,0.0,0.0,0.0,0.0,0.0,0.0,0.0,0.0,0.0,0.0,0.0,0.0,0.0,0.0,0.0,0.0,0.0,0.0,0.0,0.0,0.0,0.0,0.0,50.0,0.0,Man Utd,2.0,3.0,Crystal Palace,Crystal Palace,0.0,0.0,0.18262297091192936,,0.9997645158411456,0.18257996609523666
joe_gomez,1,0,DEF,Liverpool,17,0,0,0,4,0,0,2,0.0,0.0,0.0,0.0,0.0,0.0,0.0,0.0,0.0,0.0,0.0,0.0,0.0,0.0,0.0,0.0,0.0,0.0,0.0,0.0,0.0,0.0,0.0,0.0,0.0,0.0,50.0,0.0,Newcastle,2.0,1.0,Everton,Everton,2.0,3.0,0.5582917799671395,,0.5,0.27914588998356976
joe_rodon,1,6,DEF,Leeds,18,0,0,0,3,0,0,3,1.7,0.0,0.0,21.0,1.0,14.4,0.06,0.09,0.03,0.66,0.0,0.0,3.4,14.4,90.0,0.0,0.0,0.0,0.0,0.0,1.0,5.0,6.0,0.0,0.0,0.0,45.0,0.0,Nott'm Forest,1.0,3.0,Coventry City,Coventry City,0.0,0.0,2.602754000023251,,2.0,5.205508000046502
joe_willock,1,6,MID,Newcastle,14,1,0,0,2,0,0,4,1.5,0.0,0.0,28.0,0.0,13.9,0.17,0.26,0.09,1.5,1.0,1.0,6.1,38.4,34.0,0.0,0.0,0.0,0.0,0.0,0.0,9.0,6.0,0.0,0.0,0.0,50.0,0.0,Liverpool,2.0,1.0,Brighton,Brighton,4.0,3.0,2.726007610172432,,0.5,1.363003805086216
joel_drakes_thomas,1,0,MID,Crystal Palace,9,0,0,0,3,0,0,3,1.0,0.0,0.0,0.0,0.0,0.0,0.0,0.0,0.0,0.0,0.0,0.0,0.0,0.0,0.0,0.0,0.0,0.0,0.0,0.0,0.0,0.0,0.0,0.0,0.0,0.0,45.0,0.0,Everton,0.0,0.0,Hull City,Hull City,2.0,3.0,0.26482176901462817,,0.5,0.13241088450731409
joel_latibeaudiere,1,0,DEF,Coventry City,1,0,0,0,2,0,0,4,1.0,0.0,0.0,0.0,0.0,0.0,0.0,0.0,0.0,0.0,0.0,0.0,0.0,0.0,0.0,0.0,0.0,0.0,0.0,0.0,0.0,0.0,0.0,0.0,0.0,0.0,40.0,0.0,Arsenal,0.0,0.0,Leeds,Leeds,1.0,3.0,0.19272882157185567,,0.6265484364121565,0.12075394180740368
joel_piroe,1,0,FWD,Leeds,18,0,0,0,3,0,0,3,0.0,0.0,0.0,0.0,0.0,0.0,0.0,0.0,0.0,0.0,0.0,0.0,0.0,0.0,0.0,0.0,0.0,0.0,0.0,0.0,0.0,0.0,0.0,0.0,0.0,0.0,50.0,0.0,Nott'm Forest,1.0,3.0,Coventry City,Coventry City,0.0,0.0,0.09032732138044519,,0.5,0.045163660690222596
joelinton_cassio_apolinario_de_lira,1,0,MID,Newcastle,14,1,0,0,2,0,0,4,0.0,0.0,0.0,0.0,0.0,0.0,0.0,0.0,0.0,0.0,0.0,0.0,0.0,0.0,0.0,0.0,0.0,0.0,0.0,0.0,0.0,0.0,0.0,0.0,0.0,0.0,55.0,0.0,Liverpool,2.0,1.0,Brighton,Brighton,4.0,3.0,0.43393220242441677,,0.5,0.21696610121220838
johan_manzambi,1,0,MID,Aston Villa,5,0,0,0,4,0,0,2,0.0,0.0,0.0,0.0,0.0,0.0,0.0,0.0,0.0,0.0,0.0,0.0,0.0,0.0,0.0,0.0,0.0,0.0,0.0,0.0,0.0,0.0,0.0,0.0,0.0,0.0,60.0,0.0,Brighton,0.0,0.0,Ipswich Town,Ipswich Town,2.0,3.0,0.5311550492790154,,0.5,0.2655775246395077
john_egan,1,8,DEF,Hull City,16,1,0,0,2,0,0,4,1.0,0.0,0.0,27.0,1.0,0.1,0.0,0.0,0.0,1.83,0.0,0.0,4.6,43.4,90.0,0.0,0.0,0.0,0.0,0.0,1.0,2.0,8.0,0.0,0.0,0.0,40.0,0.0,Man Utd,2.0,3.0,Crystal Palace,Crystal Palace,0.0,0.0,2.5658184665643966,,2.0,5.131636933128793
john_mcginn,1,1,MID,Aston Villa,5,0,0,0,4,0,0,2,2.0,0.0,0.0,8.0,0.0,2.4,0.01,0.05,0.04,3.62,4.0,0.0,0.5,1.6,81.0,0.0,0.0,0.0,0.0,0.0,1.0,1.0,1.0,0.0,0.0,0.0,55.0,1.0,Brighton,0.0,0.0,Ipswich Town,Ipswich Town,2.0,3.0,2.1556884494665005,,0.5,1.0778442247332503
john_victor_maciel_furtado,1,0,GK,Nott'm Forest,13,1,0,0,3,0,0,3,1.9,0.0,0.0,0.0,0.0,0.0,0.0,0.0,0.0,0.0,0.0,0.0,0.0,0.0,0.0,0.0,0.0,0.0,0.0,0.0,0.0,0.0,0.0,0.0,0.0,0.0,45.0,0.0,Leeds,0.0,0.0,Chelsea,Chelsea,3.0,3.0,0.4184478089878052,,1.0,0.4184478089878052
jonah_kusi_asare,1,0,FWD,Fulham,6,1,0,0,2,0,0,4,1.0,0.0,0.0,0.0,0.0,0.0,0.0,0.0,0.0,0.0,0.0,0.0,0.0,0.0,0.0,0.0,0.0,0.0,0.0,0.0,0.0,0.0,0.0,0.0,0.0,0.0,45.0,0.0,Chelsea,2.0,0.0,Bournemouth,Bournemouth,1.0,0.0,0.1281285904209275,,0.8396825396825396,0.10758734021058831
jordan_henderson,1,0,MID,Chelsea,10,0,0,0,4,0,0,2,1.1,0.0,0.0,0.0,0.0,0.0,0.0,0.0,0.0,0.0,0.0,0.0,0.0,0.0,0.0,0.0,0.0,0.0,0.0,0.0,0.0,0.0,0.0,0.0,0.0,0.0,50.0,0.0,Fulham,3.0,3.0,Nott'm Forest,Nott'm Forest,0.0,0.0,0.26633510657075554,,2.0,0.5326702131415111
jordan_pickford,1,7,GK,Everton,8,1,0,0,3,0,0,3,3.3,0.0,0.0,34.0,1.0,0.0,0.02,0.02,0.0,1.96,0.0,0.0,3.2,31.8,90.0,0.0,0.0,0.0,0.0,4.0,1.0,0.0,7.0,0.0,0.0,0.0,55.0,0.0,Crystal Palace,2.0,3.0,Liverpool,Liverpool,2.0,1.0,3.531142684508559,14973.0,1.75,6.1794996978899785
jorge_cuenca_barreno,1,3,DEF,Fulham,6,1,0,0,2,0,0,4,1.7,0.0,0.0,7.0,0.0,21.3,0.03,0.03,0.0,2.24,3.0,0.0,5.4,32.8,90.0,0.0,0.0,0.0,0.0,0.0,1.0,0.0,3.0,0.0,0.0,0.0,45.0,0.0,Chelsea,2.0,0.0,Bournemouth,Bournemouth,1.0,0.0,3.06323559388427,,1.7772507793939916,5.4441378466982355
jorgen_strand_larsen,1,1,FWD,Crystal Palace,9,0,0,0,3,0,0,3,2.0,0.0,0.0,3.0,0.0,3.5,0.01,0.26,0.25,0.14,0.0,0.0,2.2,1.0,27.0,0.0,0.0,0.0,0.0,0.0,0.0,17.0,1.0,0.0,0.0,0.0,60.0,0.0,Everton,0.0,0.0,Hull City,Hull City,2.0,3.0,2.516634691561303,,0.6388888888888888,1.6078499418308325
jorrel_hato,1,1,DEF,Chelsea,10,0,0,0,4,0,0,2,1.7,0.0,0.0,5.0,0.0,12.3,0.03,0.04,0.01,1.05,2.0,0.0,3.2,8.4,64.0,0.0,0.0,0.0,0.0,0.0,1.0,11.0,1.0,0.0,0.0,0.0,45.0,0.0,Fulham,3.0,3.0,Nott'm Forest,Nott'm Forest,0.0,0.0,1.8106578410588314,,2.0,3.621315682117663
josh_acheampong,1,3,DEF,Chelsea,10,0,0,0,4,0,0,2,1.7,0.0,0.0,13.0,0.0,2.2,0.01,0.01,0.0,1.33,2.0,0.0,3.7,33.2,90.0,0.0,0.0,0.0,0.0,0.0,1.0,2.0,3.0,0.0,0.0,0.0,45.0,0.0,Fulham,3.0,3.0,Nott'm Forest,Nott'm Forest,0.0,0.0,3.2534181148867045,,2.0,6.506836229773409
josh_dasilva,1,0,MID,Brentford,19,1,0,0,3,0,0,3,1.5,0.0,0.0,0.0,0.0,0.0,0.0,0.0,0.0,0.0,0.0,0.0,0.0,0.0,0.0,0.0,0.0,0.0,0.0,0.0,0.0,0.0,0.0,0.0,0.0,0.0,50.0,0.0,Spurs,3.0,3.0,Man Utd,Man Utd,0.0,0.0,0.3041153684935862,,1.2041856403092235,0.3662113597373246
josh_eccles,1,0,MID,Coventry City,1,0,0,0,2,0,0,4,1.5,0.0,0.0,0.0,0.0,0.0,0.0,0.0,0.0,0.0,0.0,0.0,0.0,0.0,0.0,0.0,0.0,0.0,0.0,0.0,0.0,0.0,0.0,0.0,0.0,0.0,50.0,0.0,Arsenal,0.0,0.0,Leeds,Leeds,1.0,3.0,0.4011960460976678,,0.5,0.2005980230488339
josh_king,1,7,MID,Fulham,6,1,0,0,2,0,0,4,2.0,0.0,0.0,34.0,0.0,15.6,0.04,0.21,0.17,2.24,3.0,1.0,9.8,41.6,90.0,0.0,0.0,0.0,0.0,0.0,1.0,41.0,7.0,0.0,0.0,0.0,55.0,0.0,Chelsea,2.0,0.0,Bournemouth,Bournemouth,1.0,0.0,3.761563248673599,,0.6944526094211847,2.6122274135442094
joshua_zirkzee,1,0,FWD,Man Utd,11,0,0,0,4,0,0,2,1.8,0.0,0.0,0.0,0.0,0.0,0.0,0.0,0.0,0.0,0.0,0.0,0.0,0.0,0.0,0.0,0.0,0.0,0.0,0.0,0.0,0.0,0.0,0.0,0.0,0.0,55.0,0.0,Hull City,0.0,0.0,Brentford,Brentford,3.0,3.0,0.3488453345769278,,0.7752808988764044,0.2704531245596406
josko_gvardiol,1,9,DEF,Man City,3,1,0,0,4,0,0,3,2.5,0.0,1.0,28.0,0.0,13.3,0.05,0.24,0.19,0.65,1.0,1.0,7.8,47.6,90.0,0.0,0.0,0.0,0.0,0.0,1.0,17.0,9.0,0.0,0.0,0.0,55.0,0.0,Bournemouth,2.0,3.0,Arsenal,Arsenal,3.0,3.0,3.605856940767182,14971.0,0.9909519497227103,3.5732309658744064
juanlu_sanchez,1,0,DEF,Bournemouth,15,0,0,0,3,0,0,4,1.7,0.0,0.0,0.0,0.0,0.0,0.0,0.0,0.0,0.0,0.0,0.0,0.0,0.0,0.0,0.0,0.0,0.0,0.0,0.0,0.0,0.0,0.0,0.0,0.0,0.0,45.0,0.0,Man City,1.0,0.0,Fulham,Fulham,2.0,0.0,0.4948364762150119,,0.5,0.24741823810750596
julian_araujo_zuniga,1,0,DEF,Bournemouth,15,0,0,0,3,0,0,4,0.0,0.0,0.0,0.0,0.0,0.0,0.0,0.0,0.0,0.0,0.0,0.0,0.0,0.0,0.0,0.0,0.0,0.0,0.0,0.0,0.0,0.0,0.0,0.0,0.0,0.0,45.0,0.0,Man City,1.0,0.0,Fulham,Fulham,2.0,0.0,0.2937394238464057,,0.5,0.14686971192320286
julio_enciso,1,5,MID,Ipswich Town,20,1,0,0,2,0,0,3,2.0,1.0,0.0,24.0,0.0,14.0,0.31,0.54,0.23,0.63,1.0,0.0,5.4,21.6,70.0,0.0,0.0,0.0,0.0,0.0,1.0,18.0,5.0,0.0,0.0,0.0,55.0,0.0,Sunderland,2.0,3.0,Aston Villa,Aston Villa,0.0,0.0,3.0256233230179923,,1.8584836898691064,5.623071597516505
julio_soler_barreto,1,0,DEF,Bournemouth,15,0,0,0,3,0,0,4,0.8,0.0,0.0,0.0,0.0,0.0,0.0,0.0,0.0,0.0,0.0,0.0,0.0,0.0,0.0,0.0,0.0,0.0,0.0,0.0,0.0,0.0,0.0,0.0,0.0,0.0,40.0,0.0,Man City,1.0,0.0,Fulham,Fulham,2.0,0.0,0.21181741438360735,,0.5,0.10590870719180367
jun'ai_byfield,1,0,DEF,Spurs,4,0,0,0,3,0,0,3,1.0,0.0,0.0,0.0,0.0,0.0,0.0,0.0,0.0,0.0,0.0,0.0,0.0,0.0,0.0,0.0,0.0,0.0,0.0,0.0,0.0,0.0,0.0,0.0,0.0,0.0,40.0,0.0,Brentford,0.0,0.0,Sunderland,Sunderland,1.0,0.0,0.1509621141123476,,0.9767678760906346,0.1474549435716698
junior_kroupi,1,0,MID,Bournemouth,15,0,0,0,3,0,0,4,0.0,0.0,0.0,0.0,0.0,0.0,0.0,0.0,0.0,0.0,0.0,0.0,0.0,0.0,0.0,0.0,0.0,0.0,0.0,0.0,0.0,0.0,0.0,0.0,0.0,0.0,75.0,0.0,Man City,1.0,0.0,Fulham,Fulham,2.0,0.0,0.8627951077998046,,1.6410044370606494,1.4158506001737006
jurrien_timber,1,0,DEF,Arsenal,7,1,0,0,4,0,0,2,0.0,0.0,0.0,0.0,0.0,0.0,0.0,0.0,0.0,0.0,0.0,0.0,0.0,0.0,0.0,0.0,0.0,0.0,0.0,0.0,0.0,0.0,0.0,0.0,0.0,0.0,65.0,0.0,Coventry City,3.0,3.0,Man City,Man City,2.0,3.0,1.1597082009907855,,1.3931055299241515,1.6155959078986526
justin_devenny,1,0,MID,Crystal Palace,9,0,0,0,3,0,0,3,1.5,0.0,0.0,0.0,0.0,0.0,0.0,0.0,0.0,0.0,0.0,0.0,0.0,0.0,0.0,0.0,0.0,0.0,0.0,0.0,0.0,0.0,0.0,0.0,0.0,0.0,50.0,0.0,Everton,0.0,0.0,Hull City,Hull City,2.0,3.0,0.43230840810865434,,0.5,0.21615420405432717
justin_kluivert,1,3,MID,Bournemouth,15,0,0,0,3,0,0,4,2.2,0.0,0.0,15.0,1.0,14.3,0.0,0.11,0.11,1.94,0.0,0.0,4.2,11.0,74.0,0.0,0.0,0.0,0.0,0.0,1.0,17.0,3.0,0.0,0.0,0.0,60.0,0.0,Man City,1.0,0.0,Fulham,Fulham,2.0,0.0,2.8444000155465825,14969.0,1.6410044370606494,4.667673046287322
kai_havertz,1,6,FWD,Arsenal,7,1,0,0,4,0,0,2,2.4,0.0,0.0,34.0,1.0,13.2,0.03,0.29,0.26,0.2,0.0,1.0,7.5,37.2,90.0,0.0,0.0,0.0,0.0,0.0,1.0,25.0,6.0,0.0,0.0,0.0,75.0,0.0,Coventry City,3.0,3.0,Man City,Man City,2.0,3.0,4.167954365974907,14972.0,1.9812734082396997,8.257857152062641
kaine_andrews,1,0,MID,Coventry City,1,0,0,0,2,0,0,4,1.0,0.0,0.0,0.0,0.0,0.0,0.0,0.0,0.0,0.0,0.0,0.0,0.0,0.0,0.0,0.0,0.0,0.0,0.0,0.0,0.0,0.0,0.0,0.0,0.0,0.0,45.0,0.0,Arsenal,0.0,0.0,Leeds,Leeds,1.0,3.0,0.23370940700364162,,0.5,0.11685470350182081
kaine_kesler_hayden,1,0,DEF,Coventry City,1,0,0,0,2,0,0,4,1.0,0.0,0.0,0.0,0.0,0.0,0.0,0.0,0.0,0.0,0.0,0.0,0.0,0.0,0.0,0.0,0.0,0.0,0.0,0.0,0.0,0.0,0.0,0.0,0.0,0.0,40.0,0.0,Arsenal,0.0,0.0,Leeds,Leeds,1.0,3.0,0.19272882157185567,,0.6265484364121565,0.12075394180740368
kalvin_phillips,1,0,MID,Man City,3,1,0,0,4,0,0,3,0.0,0.0,0.0,0.0,0.0,0.0,0.0,0.0,0.0,0.0,0.0,0.0,0.0,0.0,0.0,0.0,0.0,0.0,0.0,0.0,0.0,0.0,0.0,0.0,0.0,0.0,50.0,0.0,Bournemouth,2.0,3.0,Arsenal,Arsenal,3.0,3.0,0.28492034886660567,,0.5,0.14246017443330283
karl_darlow,1,0,GK,Man Utd,11,0,0,0,4,0,0,2,1.4,0.0,0.0,0.0,0.0,0.0,0.0,0.0,0.0,0.0,0.0,0.0,0.0,0.0,0.0,0.0,0.0,0.0,0.0,0.0,0.0,0.0,0.0,0.0,0.0,0.0,45.0,0.0,Hull City,0.0,0.0,Brentford,Brentford,3.0,3.0,0.4214502776373421,,0.5,0.21072513881867105
kasey_mcateer,1,1,MID,Ipswich Town,20,1,0,0,2,0,0,3,1.0,0.0,0.0,4.0,0.0,1.3,0.0,0.0,0.0,0.03,0.0,0.0,0.3,1.2,24.0,0.0,0.0,0.0,0.0,0.0,0.0,0.0,1.0,0.0,0.0,0.0,45.0,0.0,Sunderland,2.0,3.0,Aston Villa,Aston Villa,0.0,0.0,1.5336723637621186,,1.8584836898691064,2.8503050736548965
kaye_furo,1,0,FWD,Brentford,19,1,0,0,3,0,0,3,1.0,0.0,0.0,0.0,0.0,0.0,0.0,0.0,0.0,0.0,0.0,0.0,0.0,0.0,0.0,0.0,0.0,0.0,0.0,0.0,0.0,0.0,0.0,0.0,0.0,0.0,45.0,0.0,Spurs,3.0,3.0,Man Utd,Man Utd,0.0,0.0,0.15113932213870207,,0.5,0.07556966106935104
kayne_van_oevelen,1,0,GK,Ipswich Town,20,1,0,0,2,0,0,3,1.9,0.0,0.0,0.0,0.0,0.0,0.0,0.0,0.0,0.0,0.0,0.0,0.0,0.0,0.0,0.0,0.0,0.0,0.0,0.0,0.0,0.0,0.0,0.0,0.0,0.0,45.0,0.0,Sunderland,2.0,3.0,Aston Villa,Aston Villa,0.0,0.0,0.12395962494135038,,2.0,0.24791924988270075
keane_lewis_potter,1,10,MID,Brentford,19,1,0,0,3,0,0,3,2.0,0.0,2.0,37.0,1.0,15.9,0.12,0.89,0.77,0.57,0.0,1.0,8.2,47.2,90.0,0.0,0.0,0.0,0.0,0.0,1.0,19.0,10.0,0.0,0.0,0.0,55.0,0.0,Spurs,3.0,3.0,Man Utd,Man Utd,0.0,0.0,3.4549468249277897,,1.2041856403092235,4.160397354609989
kenny_tete,1,0,DEF,Fulham,6,1,0,0,2,0,0,4,1.7,0.0,0.0,0.0,0.0,0.0,0.0,0.0,0.0,0.0,0.0,0.0,0.0,0.0,0.0,0.0,0.0,0.0,0.0,0.0,0.0,0.0,0.0,0.0,0.0,0.0,45.0,0.0,Chelsea,2.0,0.0,Bournemouth,Bournemouth,1.0,0.0,0.45174428471169437,,1.7772507793939916,0.80286288209064
kepa_arrizabalaga_revuelta,1,0,GK,Arsenal,7,1,0,0,4,0,0,2,2.6,0.0,0.0,0.0,0.0,0.0,0.0,0.0,0.0,0.0,0.0,0.0,0.0,0.0,0.0,0.0,0.0,0.0,0.0,0.0,0.0,0.0,0.0,0.0,0.0,0.0,50.0,0.0,Coventry City,3.0,3.0,Man City,Man City,2.0,3.0,0.9339610440945457,,2.0,1.8679220881890914
kevin_danso,1,0,DEF,Spurs,4,0,0,0,3,0,0,3,2.2,0.0,0.0,0.0,0.0,0.0,0.0,0.0,0.0,0.0,0.0,0.0,0.0,0.0,0.0,0.0,0.0,0.0,0.0,0.0,0.0,0.0,0.0,0.0,0.0,0.0,50.0,0.0,Brentford,0.0,0.0,Sunderland,Sunderland,1.0,0.0,0.6460248075274135,,0.9767678760906346,0.6310162791504128
kevin_santos_lopes_de_macedo,1,1,MID,Fulham,6,1,0,0,2,0,0,4,2.0,0.0,0.0,2.0,0.0,1.9,0.01,0.01,0.0,0.03,0.0,0.0,0.7,5.2,17.0,0.0,0.0,0.0,0.0,0.0,0.0,0.0,1.0,0.0,0.0,0.0,55.0,0.0,Chelsea,2.0,0.0,Bournemouth,Bournemouth,1.0,0.0,1.6296909450203874,,0.6944526094211847,1.1317431293194844
kevin_schade,1,3,MID,Brentford,19,1,0,0,3,0,0,3,2.2,0.0,0.0,17.0,1.0,11.8,0.01,0.53,0.52,0.57,0.0,0.0,8.5,14.4,90.0,0.0,0.0,0.0,0.0,0.0,1.0,59.0,3.0,0.0,0.0,0.0,60.0,0.0,Spurs,3.0,3.0,Man Utd,Man Utd,0.0,0.0,4.2615587033871325,14973.0,1.2041856403092235,5.131707795953578
kieran_dowell,1,0,MID,Hull City,16,1,0,0,2,0,0,4,1.0,0.0,0.0,0.0,0.0,0.0,0.0,0.0,0.0,0.0,0.0,0.0,0.0,0.0,0.0,0.0,0.0,0.0,0.0,0.0,0.0,0.0,0.0,0.0,0.0,0.0,45.0,0.0,Man Utd,2.0,3.0,Crystal Palace,Crystal Palace,0.0,0.0,0.15681231402851803,,0.9997645158411456,0.156775387212651
kiernan_dewsbury_hall,1,11,MID,Everton,8,1,0,0,3,0,0,3,2.3,0.0,3.0,40.0,1.0,28.3,0.17,0.29,0.12,1.92,0.0,1.0,9.8,42.8,90.0,0.0,0.0,0.0,0.0,0.0,1.0,27.0,11.0,0.0,0.0,0.0,65.0,0.0,Crystal Palace,2.0,3.0,Liverpool,Liverpool,2.0,1.0,3.518023682380516,15210.0,1.442480845106571,5.074681774465177
kim_ji_soo,1,0,DEF,Brentford,19,1,0,0,3,0,0,3,1.7,0.0,0.0,0.0,0.0,0.0,0.0,0.0,0.0,0.0,0.0,0.0,0.0,0.0,0.0,0.0,0.0,0.0,0.0,0.0,0.0,0.0,0.0,0.0,0.0,0.0,45.0,0.0,Spurs,3.0,3.0,Man Utd,Man Utd,0.0,0.0,0.48520891153690016,,2.0,0.9704178230738003
kjell_scherpen,1,2,GK,Ipswich Town,20,1,0,0,2,0,0,3,1.9,0.0,0.0,12.0,0.0,0.0,0.0,0.0,0.0,0.66,1.0,0.0,1.4,14.4,90.0,0.0,0.0,0.0,0.0,2.0,1.0,0.0,2.0,0.0,0.0,0.0,45.0,0.0,Sunderland,2.0,3.0,Aston Villa,Aston Villa,0.0,0.0,3.342629932552392,,2.0,6.685259865104784
kobbie_mainoo,1,1,MID,Man Utd,11,0,0,0,4,0,0,2,2.0,0.0,0.0,7.0,0.0,2.5,0.01,0.08,0.07,0.07,0.0,0.0,0.7,2.8,23.0,0.0,0.0,0.0,0.0,0.0,0.0,2.0,1.0,0.0,0.0,0.0,55.0,0.0,Hull City,0.0,0.0,Brentford,Brentford,3.0,3.0,1.9794499043447793,,0.5,0.9897249521723896
konstantinos_tzolakis,1,10,GK,Hull City,16,1,0,0,2,0,0,4,1.9,0.0,3.0,41.0,1.0,0.0,0.0,0.0,0.0,1.83,0.0,0.0,3.5,34.6,90.0,0.0,0.0,0.0,0.0,5.0,1.0,0.0,10.0,0.0,0.0,0.0,45.0,0.0,Man Utd,2.0,3.0,Crystal Palace,Crystal Palace,0.0,0.0,3.380514801373979,,2.0,6.761029602747958
kosta_nedeljkovic,1,0,DEF,Aston Villa,5,0,0,0,4,0,0,2,0.0,0.0,0.0,0.0,0.0,0.0,0.0,0.0,0.0,0.0,0.0,0.0,0.0,0.0,0.0,0.0,0.0,0.0,0.0,0.0,0.0,0.0,0.0,0.0,0.0,0.0,40.0,0.0,Brighton,0.0,0.0,Ipswich Town,Ipswich Town,2.0,3.0,0.13823942208752893,,0.5,0.06911971104376446
kostas_tsimikas,1,0,DEF,Liverpool,17,0,0,0,4,0,0,2,2.2,0.0,0.0,0.0,0.0,0.0,0.0,0.0,0.0,0.0,0.0,0.0,0.0,0.0,0.0,0.0,0.0,0.0,0.0,0.0,0.0,0.0,0.0,0.0,0.0,0.0,50.0,0.0,Newcastle,2.0,1.0,Everton,Everton,2.0,3.0,0.8185350242088653,,0.5,0.40926751210443263
kristoffer_ajer,1,8,DEF,Brentford,19,1,0,0,3,0,0,3,1.7,0.0,0.0,29.0,1.0,0.9,0.02,0.13,0.11,0.57,0.0,0.0,5.6,20.0,90.0,0.0,0.0,0.0,0.0,0.0,1.0,35.0,8.0,0.0,0.0,0.0,45.0,0.0,Spurs,3.0,3.0,Man Utd,Man Utd,0.0,0.0,4.204844170970776,,2.0,8.409688341941552
lamare_bogarde,1,1,MID,Aston Villa,5,0,0,0,4,0,0,2,1.5,0.0,0.0,3.0,0.0,0.5,0.0,0.0,0.0,0.22,0.0,0.0,0.3,2.2,16.0,0.0,0.0,0.0,0.0,0.0,0.0,0.0,1.0,0.0,0.0,0.0,50.0,0.0,Brighton,0.0,0.0,Ipswich Town,Ipswich Town,2.0,3.0,1.4958623264540862,,0.5,0.7479311632270431
leif_davis,1,2,DEF,Ipswich Town,20,1,0,0,2,0,0,3,1.0,0.0,0.0,10.0,0.0,2.3,0.01,0.01,0.0,0.66,1.0,0.0,1.8,15.2,90.0,0.0,0.0,0.0,0.0,0.0,1.0,0.0,2.0,0.0,0.0,0.0,40.0,0.0,Sunderland,2.0,3.0,Aston Villa,Aston Villa,0.0,0.0,2.469608069346763,,2.0,4.939216138693526
leny_yoro,1,0,DEF,Man Utd,11,0,0,0,4,0,0,2,2.2,0.0,0.0,0.0,0.0,0.0,0.0,0.0,0.0,0.0,0.0,0.0,0.0,0.0,0.0,0.0,0.0,0.0,0.0,0.0,0.0,0.0,0.0,0.0,0.0,0.0,50.0,0.0,Hull City,0.0,0.0,Brentford,Brentford,3.0,3.0,0.8153974835107465,,0.5,0.40769874175537324
leo_fuhr_hjelde,1,0,DEF,Sunderland,12,0,0,0,3,0,0,2,0.0,0.0,0.0,0.0,0.0,0.0,0.0,0.0,0.0,0.0,0.0,0.0,0.0,0.0,0.0,0.0,0.0,0.0,0.0,0.0,0.0,0.0,0.0,0.0,0.0,0.0,40.0,0.0,Ipswich Town,1.0,0.0,Spurs,Spurs,0.0,0.0,-0.010422461137209016,,1.6045153419715095,-0.01672299879575369
leo_shahar,1,0,DEF,Newcastle,14,1,0,0,2,0,0,4,1.0,0.0,0.0,0.0,0.0,0.0,0.0,0.0,0.0,0.0,0.0,0.0,0.0,0.0,0.0,0.0,0.0,0.0,0.0,0.0,0.0,0.0,0.0,0.0,0.0,0.0,40.0,0.0,Liverpool,2.0,1.0,Brighton,Brighton,4.0,3.0,0.45107829931762433,,0.5,0.22553914965881217
leon_bailey,1,0,MID,Aston Villa,5,0,0,0,4,0,0,2,2.0,0.0,0.0,0.0,0.0,0.0,0.0,0.0,0.0,0.0,0.0,0.0,0.0,0.0,0.0,0.0,0.0,0.0,0.0,0.0,0.0,0.0,0.0,0.0,0.0,0.0,55.0,0.0,Brighton,0.0,0.0,Ipswich Town,Ipswich Town,2.0,3.0,0.5997950472026807,,0.5,0.29989752360134037
levi_samuels_colwill,1,0,DEF,Chelsea,10,0,0,0,4,0,0,2,2.2,0.0,0.0,6.0,0.0,1.6,0.03,0.04,0.01,1.33,2.0,0.0,1.5,6.0,90.0,0.0,0.0,0.0,0.0,0.0,1.0,7.0,0.0,0.0,0.0,0.0,50.0,1.0,Fulham,3.0,3.0,Nott'm Forest,Nott'm Forest,0.0,0.0,2.7581820402175365,14971.0,2.0,5.516364080435073
lewie_coyle,1,6,DEF,Hull City,16,1,0,0,2,0,0,4,1.0,0.0,0.0,23.0,1.0,11.3,0.01,0.01,0.0,1.16,0.0,0.0,1.7,5.8,69.0,0.0,0.0,0.0,0.0,0.0,1.0,0.0,6.0,0.0,0.0,0.0,40.0,0.0,Man Utd,2.0,3.0,Crystal Palace,Crystal Palace,0.0,0.0,1.1810241708133342,,2.0,2.3620483416266684
lewis_cook,1,3,MID,Bournemouth,15,0,0,0,3,0,0,4,1.5,0.0,0.0,8.0,1.0,2.1,0.0,0.0,0.0,1.94,0.0,0.0,0.7,4.6,75.0,0.0,0.0,0.0,0.0,0.0,1.0,0.0,3.0,0.0,0.0,0.0,50.0,0.0,Man City,1.0,0.0,Fulham,Fulham,2.0,0.0,2.3154269678089108,,1.6410044370606494,3.799625927864308
lewis_dunk,1,6,DEF,Brighton,2,1,0,0,2,0,0,4,1.7,0.0,0.0,24.0,1.0,6.4,0.04,0.04,0.0,0.29,0.0,0.0,2.0,13.4,90.0,0.0,0.0,0.0,0.0,0.0,1.0,0.0,6.0,0.0,0.0,0.0,45.0,0.0,Aston Villa,4.0,3.0,Newcastle,Newcastle,2.0,1.0,2.7896429548461965,,1.19807075573477,3.34218964314276
lewis_hall,1,3,DEF,Newcastle,14,1,0,0,2,0,0,4,2.2,0.0,0.0,8.0,0.0,15.2,0.35,0.35,0.0,2.98,2.0,0.0,3.7,22.0,90.0,0.0,0.0,0.0,0.0,0.0,1.0,0.0,3.0,0.0,0.0,0.0,50.0,0.0,Liverpool,2.0,1.0,Brighton,Brighton,4.0,3.0,3.457473334793642,14973.0,0.5,1.728736667396821
lewis_koumas,1,1,MID,Liverpool,17,0,0,0,4,0,0,2,1.5,0.0,0.0,4.0,0.0,0.5,0.0,0.03,0.03,0.48,0.0,0.0,0.9,1.2,12.0,0.0,0.0,0.0,0.0,0.0,0.0,7.0,1.0,0.0,0.0,0.0,50.0,0.0,Newcastle,2.0,1.0,Everton,Everton,2.0,3.0,1.4237950464865523,,0.9787516968834412,1.393541817762951
lewis_miley,1,3,MID,Newcastle,14,1,0,0,2,0,0,4,2.0,0.0,0.0,13.0,0.0,21.4,0.01,0.06,0.05,1.94,1.0,0.0,4.0,15.6,75.0,0.0,0.0,0.0,0.0,0.0,1.0,3.0,3.0,0.0,0.0,0.0,55.0,1.0,Liverpool,2.0,1.0,Brighton,Brighton,4.0,3.0,3.223322435484448,,0.5,1.611661217742224
liam_delap,1,0,FWD,Chelsea,10,0,0,0,4,0,0,2,1.8,0.0,0.0,0.0,0.0,0.0,0.0,0.0,0.0,0.0,0.0,0.0,0.0,0.0,0.0,0.0,0.0,0.0,0.0,0.0,0.0,0.0,0.0,0.0,0.0,0.0,55.0,0.0,Fulham,3.0,3.0,Nott'm Forest,Nott'm Forest,0.0,0.0,0.38974174867089806,,0.718395061728395,0.27998854759456243
liam_kitching,1,0,DEF,Coventry City,1,0,0,0,2,0,0,4,1.0,0.0,0.0,0.0,0.0,0.0,0.0,0.0,0.0,0.0,0.0,0.0,0.0,0.0,0.0,0.0,0.0,0.0,0.0,0.0,0.0,0.0,0.0,0.0,0.0,0.0,40.0,0.0,Arsenal,0.0,0.0,Leeds,Leeds,1.0,3.0,0.19272882157185567,,0.6265484364121565,0.12075394180740368
liam_millar,1,0,MID,Hull City,16,1,0,0,2,0,0,4,1.5,0.0,0.0,2.0,0.0,0.3,0.0,0.0,0.0,0.67,0.0,0.0,0.4,2.0,19.0,0.0,0.0,0.0,0.0,0.0,0.0,2.0,0.0,0.0,0.0,0.0,50.0,1.0,Man Utd,2.0,3.0,Crystal Palace,Crystal Palace,0.0,0.0,1.2863725297415303,,0.9997645158411456,1.2860696093883905
lisandro_martinez,1,0,DEF,Man Utd,11,0,0,0,4,0,0,2,2.2,0.0,0.0,0.0,0.0,0.0,0.0,0.0,0.0,0.0,0.0,0.0,0.0,0.0,0.0,0.0,0.0,0.0,0.0,0.0,0.0,0.0,0.0,0.0,0.0,0.0,50.0,0.0,Hull City,0.0,0.0,Brentford,Brentford,3.0,3.0,0.8153974835107465,,0.5,0.40769874175537324
loum_tchaouna,1,2,MID,Coventry City,1,0,0,0,2,0,0,4,2.0,0.0,0.0,11.0,0.0,6.0,0.02,0.06,0.04,1.76,3.0,0.0,1.1,1.8,81.0,0.0,0.0,0.0,0.0,0.0,1.0,3.0,2.0,0.0,0.0,0.0,55.0,0.0,Arsenal,0.0,0.0,Leeds,Leeds,1.0,3.0,2.542190214059364,,0.5,1.271095107029682
luc_de_fougerolles,1,0,DEF,Fulham,6,1,0,0,2,0,0,4,1.0,0.0,0.0,0.0,0.0,0.0,0.0,0.0,0.0,0.0,0.0,0.0,0.0,0.0,0.0,0.0,0.0,0.0,0.0,0.0,0.0,0.0,0.0,0.0,0.0,0.0,40.0,0.0,Chelsea,2.0,0.0,Bournemouth,Bournemouth,1.0,0.0,0.19238369962953783,,1.7772507793939916,0.3419140801092957
luca_netz,1,1,DEF,Nott'm Forest,13,1,0,0,3,0,0,3,1.7,0.0,0.0,-2.0,0.0,0.9,0.0,0.0,0.0,0.13,1.0,0.0,0.1,0.0,16.0,0.0,0.0,0.0,0.0,0.0,0.0,0.0,1.0,0.0,0.0,0.0,45.0,0.0,Leeds,0.0,0.0,Chelsea,Chelsea,3.0,3.0,1.8158632538380612,,1.1237010000870202,2.0404873543591
luca_williams_barnett,1,0,MID,Spurs,4,0,0,0,3,0,0,3,1.0,0.0,0.0,0.0,0.0,0.0,0.0,0.0,0.0,0.0,0.0,0.0,0.0,0.0,0.0,0.0,0.0,0.0,0.0,0.0,0.0,0.0,0.0,0.0,0.0,0.0,45.0,0.0,Brentford,0.0,0.0,Sunderland,Sunderland,1.0,0.0,0.2247491150819252,,0.5,0.1123745575409626
lucas_bergvall,1,1,MID,Spurs,4,0,0,0,3,0,0,3,2.0,0.0,0.0,2.0,0.0,2.0,0.01,0.01,0.0,1.7,2.0,0.0,0.0,0.0,45.0,0.0,0.0,0.0,0.0,0.0,1.0,2.0,1.0,0.0,0.0,0.0,55.0,0.0,Brentford,0.0,0.0,Sunderland,Sunderland,1.0,0.0,0.6821296207604778,,0.5,0.3410648103802389
lucas_digne,1,0,DEF,Aston Villa,5,0,0,0,4,0,0,2,0.0,0.0,0.0,0.0,0.0,0.0,0.0,0.0,0.0,0.0,0.0,0.0,0.0,0.0,0.0,0.0,0.0,0.0,0.0,0.0,0.0,0.0,0.0,0.0,0.0,0.0,45.0,0.0,Brighton,0.0,0.0,Ipswich Town,Ipswich Town,2.0,3.0,0.31479533854731856,,0.5,0.15739766927365928
lucas_estella_perri,1,0,GK,Leeds,18,0,0,0,3,0,0,3,1.9,0.0,0.0,0.0,0.0,0.0,0.0,0.0,0.0,0.0,0.0,0.0,0.0,0.0,0.0,0.0,0.0,0.0,0.0,0.0,0.0,0.0,0.0,0.0,0.0,0.0,45.0,0.0,Nott'm Forest,1.0,3.0,Coventry City,Coventry City,0.0,0.0,0.07053665954513644,,2.0,0.14107331909027288
lucas_gourna_douath,1,0,MID,Hull City,16,1,0,0,2,0,0,4,1.5,0.0,0.0,0.0,0.0,0.0,0.0,0.0,0.0,0.0,0.0,0.0,0.0,0.0,0.0,0.0,0.0,0.0,0.0,0.0,0.0,0.0,0.0,0.0,0.0,0.0,50.0,0.0,Man Utd,2.0,3.0,Crystal Palace,Crystal Palace,0.0,0.0,0.3242989531225442,,0.9997645158411456,0.3242225858563508
lucas_herrington,1,1,DEF,Hull City,16,1,0,0,2,0,0,4,1.0,0.0,0.0,4.0,0.0,0.0,0.0,0.0,0.0,0.96,0.0,0.0,0.8,8.0,26.0,0.0,0.0,0.0,0.0,0.0,0.0,0.0,1.0,0.0,0.0,0.0,40.0,0.0,Man Utd,2.0,3.0,Crystal Palace,Crystal Palace,0.0,0.0,1.1592133496468542,,2.0,2.3184266992937084
luka_lynch,1,0,MID,Aston Villa,5,0,0,0,4,0,0,2,1.0,0.0,0.0,0.0,0.0,0.0,0.0,0.0,0.0,0.0,0.0,0.0,0.0,0.0,0.0,0.0,0.0,0.0,0.0,0.0,0.0,0.0,0.0,0.0,0.0,0.0,45.0,0.0,Brighton,0.0,0.0,Ipswich Town,Ipswich Town,2.0,3.0,0.26482176901462817,,0.5,0.13241088450731409
luka_vuskovic,1,6,DEF,Brighton,2,1,0,0,2,0,0,4,2.2,0.0,0.0,19.0,1.0,4.5,0.03,0.16,0.13,0.29,0.0,0.0,2.9,12.4,90.0,0.0,0.0,0.0,0.0,0.0,1.0,12.0,6.0,0.0,0.0,0.0,50.0,0.0,Aston Villa,4.0,3.0,Newcastle,Newcastle,2.0,1.0,3.2801911795135714,50210.0,1.19807075573477,3.9299011253943514
lukas_hornicek,1,1,GK,Newcastle,14,1,0,0,2,0,0,4,2.6,0.0,0.0,12.0,0.0,0.0,0.0,0.0,0.0,2.98,2.0,0.0,4.1,41.2,90.0,0.0,0.0,0.0,0.0,5.0,1.0,0.0,1.0,0.0,0.0,0.0,50.0,1.0,Liverpool,2.0,1.0,Brighton,Brighton,4.0,3.0,2.661382273780724,14972.0,0.5,1.330691136890362
lukas_nmecha,1,0,FWD,Leeds,18,0,0,0,3,0,0,3,1.8,0.0,0.0,0.0,0.0,0.0,0.0,0.0,0.0,0.0,0.0,0.0,0.0,0.0,0.0,0.0,0.0,0.0,0.0,0.0,0.0,0.0,0.0,0.0,0.0,0.0,55.0,0.0,Nott'm Forest,1.0,3.0,Coventry City,Coventry City,0.0,0.0,0.3151473757471899,14970.0,0.5,0.15757368787359494
luke_o'nien,1,1,DEF,Sunderland,12,0,0,0,3,0,0,2,1.0,0.0,0.0,1.0,0.0,1.4,0.01,0.02,0.01,1.69,1.0,0.0,1.7,11.4,66.0,0.0,0.0,0.0,0.0,0.0,1.0,4.0,1.0,0.0,0.0,0.0,40.0,1.0,Ipswich Town,1.0,0.0,Spurs,Spurs,0.0,0.0,1.3226328276715997,,1.6045153419715095,2.122184663794241
luke_shaw,1,1,DEF,Man Utd,11,0,0,0,4,0,0,2,1.7,0.0,0.0,13.0,0.0,59.2,0.26,0.26,0.0,1.01,2.0,0.0,9.0,25.2,90.0,0.0,0.0,0.0,0.0,0.0,1.0,6.0,1.0,0.0,0.0,0.0,45.0,0.0,Hull City,0.0,0.0,Brentford,Brentford,3.0,3.0,2.9251270789746107,14969.0,0.5,1.4625635394873053
luke_woolfenden,1,0,DEF,Coventry City,1,0,0,0,2,0,0,4,1.0,0.0,0.0,0.0,0.0,0.0,0.0,0.0,0.0,0.0,0.0,0.0,0.0,0.0,0.0,0.0,0.0,0.0,0.0,0.0,0.0,0.0,0.0,0.0,0.0,0.0,40.0,0.0,Arsenal,0.0,0.0,Leeds,Leeds,1.0,3.0,0.19272882157185567,,0.6265484364121565,0.12075394180740368
malick_thiaw,1,3,DEF,Newcastle,14,1,0,0,2,0,0,4,2.2,0.0,0.0,0.0,0.0,0.2,0.0,0.0,0.0,2.98,2.0,0.0,3.8,37.8,90.0,0.0,0.0,0.0,0.0,0.0,1.0,0.0,3.0,0.0,0.0,0.0,50.0,0.0,Liverpool,2.0,1.0,Brighton,Brighton,4.0,3.0,3.153547569322095,14974.0,0.5,1.5767737846610475
malick_yalcouye,1,1,MID,Brighton,2,1,0,0,2,0,0,4,1.0,0.0,0.0,3.0,0.0,2.7,0.01,0.01,0.0,0.0,0.0,0.0,0.3,0.6,4.0,0.0,0.0,0.0,0.0,0.0,0.0,0.0,1.0,0.0,0.0,0.0,45.0,0.0,Aston Villa,4.0,3.0,Newcastle,Newcastle,2.0,1.0,0.8596921257142517,,2.0,1.7193842514285034
malo_gusto,1,1,DEF,Chelsea,10,0,0,0,4,0,0,2,2.2,0.0,0.0,2.0,0.0,9.8,0.03,0.03,0.0,1.11,2.0,0.0,2.3,7.2,75.0,0.0,0.0,0.0,0.0,0.0,1.0,6.0,1.0,0.0,0.0,0.0,50.0,0.0,Fulham,3.0,3.0,Nott'm Forest,Nott'm Forest,0.0,0.0,2.3857839144204496,,2.0,4.771567828840899
mamadou_sangare,1,14,MID,Brentford,19,1,0,0,3,0,0,3,2.0,2.0,3.0,41.0,1.0,21.8,0.33,0.38,0.05,0.47,0.0,0.0,7.4,31.6,75.0,0.0,0.0,0.0,0.0,0.0,1.0,21.0,14.0,0.0,0.0,0.0,55.0,0.0,Spurs,3.0,3.0,Man Utd,Man Utd,0.0,0.0,3.95614198413233,14974.0,1.2041856403092235,4.7639293683165915
mamadou_sarr,1,0,DEF,Chelsea,10,0,0,0,4,0,0,2,1.7,0.0,0.0,0.0,0.0,0.0,0.0,0.0,0.0,0.0,0.0,0.0,0.0,0.0,0.0,0.0,0.0,0.0,0.0,0.0,0.0,0.0,0.0,0.0,0.0,0.0,45.0,0.0,Fulham,3.0,3.0,Nott'm Forest,Nott'm Forest,0.0,0.0,0.48520891153690016,,2.0,0.9704178230738003
manuel_ugarte_ribeiro,1,0,MID,Man Utd,11,0,0,0,4,0,0,2,0.0,0.0,0.0,0.0,0.0,0.0,0.0,0.0,0.0,0.0,0.0,0.0,0.0,0.0,0.0,0.0,0.0,0.0,0.0,0.0,0.0,0.0,0.0,0.0,0.0,0.0,50.0,0.0,Hull City,0.0,0.0,Brentford,Brentford,3.0,3.0,0.32174478790902605,,0.5,0.16087239395451303
marc_guehi,1,10,DEF,Man City,3,1,0,0,4,0,0,3,2.8,0.0,2.0,31.0,0.0,17.5,0.32,1.21,0.89,0.65,1.0,1.0,8.9,43.6,90.0,0.0,0.0,0.0,0.0,0.0,1.0,28.0,10.0,0.0,0.0,0.0,60.0,0.0,Bournemouth,2.0,3.0,Arsenal,Arsenal,3.0,3.0,3.414249247377173,14970.0,0.9909519497227103,3.3833569485277057
marc_guiu_paz,1,0,FWD,Chelsea,10,0,0,0,4,0,0,2,1.4,0.0,0.0,0.0,0.0,0.0,0.0,0.0,0.0,0.0,0.0,0.0,0.0,0.0,0.0,0.0,0.0,0.0,0.0,0.0,0.0,0.0,0.0,0.0,0.0,0.0,50.0,0.0,Fulham,3.0,3.0,Nott'm Forest,Nott'm Forest,0.0,0.0,0.2704405354048003,,0.718395061728395,0.19428314512599168
marcelino_nunez,1,4,MID,Ipswich Town,20,1,0,0,2,0,0,3,1.5,0.0,0.0,26.0,0.0,7.3,0.03,0.06,0.03,0.63,1.0,0.0,2.4,13.0,79.0,0.0,0.0,0.0,0.0,0.0,1.0,4.0,4.0,0.0,0.0,0.0,50.0,0.0,Sunderland,2.0,3.0,Aston Villa,Aston Villa,0.0,0.0,3.1741584716622304,,1.8584836898691064,5.899121748644105
marco_bizot,1,1,GK,Aston Villa,5,0,0,0,4,0,0,2,1.9,0.0,0.0,1.0,0.0,0.0,0.0,0.0,0.0,3.77,4.0,0.0,2.8,28.2,90.0,0.0,0.0,0.0,0.0,3.0,1.0,0.0,1.0,0.0,0.0,0.0,45.0,0.0,Brighton,0.0,0.0,Ipswich Town,Ipswich Town,2.0,3.0,1.7807765100603739,,0.5,0.8903882550301869
marco_palestra,1,0,DEF,Chelsea,10,0,0,0,4,0,0,2,2.5,0.0,0.0,0.0,0.0,0.0,0.0,0.0,0.0,0.0,0.0,0.0,0.0,0.0,0.0,0.0,0.0,0.0,0.0,0.0,0.0,0.0,0.0,0.0,0.0,0.0,55.0,0.0,Fulham,3.0,3.0,Nott'm Forest,Nott'm Forest,0.0,0.0,0.9329546514534707,79641.0,2.0,1.8659093029069413
marcos_senesi_baron,1,3,DEF,Spurs,4,0,0,0,3,0,0,3,2.8,0.0,0.0,10.0,0.0,2.2,0.02,0.02,0.0,3.87,3.0,0.0,3.9,36.6,90.0,0.0,0.0,0.0,0.0,0.0,1.0,0.0,3.0,0.0,0.0,0.0,60.0,0.0,Brentford,0.0,0.0,Sunderland,Sunderland,1.0,0.0,2.941119587514095,14974.0,0.9767678760906346,2.872791132824706
marcus_bettinelli,1,0,GK,Man City,3,1,0,0,4,0,0,3,1.9,0.0,0.0,0.0,0.0,0.0,0.0,0.0,0.0,0.0,0.0,0.0,0.0,0.0,0.0,0.0,0.0,0.0,0.0,0.0,0.0,0.0,0.0,0.0,0.0,0.0,45.0,0.0,Bournemouth,2.0,3.0,Arsenal,Arsenal,3.0,3.0,0.8604387370028694,,0.75,0.645329052752152
marcus_rashford,1,1,MID,Man Utd,11,0,0,0,4,0,0,2,2.5,0.0,0.0,9.0,0.0,48.6,0.1,0.1,0.0,0.09,0.0,0.0,6.4,11.6,45.0,0.0,0.0,0.0,0.0,0.0,0.0,4.0,1.0,0.0,0.0,0.0,70.0,0.0,Hull City,0.0,0.0,Brentford,Brentford,3.0,3.0,3.5224999138078985,14972.0,0.5,1.7612499569039493
marcus_tavernier,1,10,MID,Bournemouth,15,0,0,0,3,0,0,4,2.2,0.0,3.0,32.0,0.0,17.2,0.08,0.48,0.4,2.25,2.0,1.0,7.5,40.0,90.0,0.0,0.0,0.0,0.0,0.0,1.0,18.0,10.0,0.0,0.0,0.0,60.0,0.0,Man City,1.0,0.0,Fulham,Fulham,2.0,0.0,2.9995788974949353,,1.6410044370606494,4.92232228010268
mark_gillespie,1,0,GK,Newcastle,14,1,0,0,2,0,0,4,1.9,0.0,0.0,0.0,0.0,0.0,0.0,0.0,0.0,0.0,0.0,0.0,0.0,0.0,0.0,0.0,0.0,0.0,0.0,0.0,0.0,0.0,0.0,0.0,0.0,0.0,45.0,0.0,Liverpool,2.0,1.0,Brighton,Brighton,4.0,3.0,0.7550321449236245,,0.5,0.37751607246181224
mark_travers,1,0,GK,Everton,8,1,0,0,3,0,0,3,2.6,0.0,0.0,0.0,0.0,0.0,0.0,0.0,0.0,0.0,0.0,0.0,0.0,0.0,0.0,0.0,0.0,0.0,0.0,0.0,0.0,0.0,0.0,0.0,0.0,0.0,50.0,0.0,Crystal Palace,2.0,3.0,Liverpool,Liverpool,2.0,1.0,0.6255988161290105,,1.75,1.0947979282257683
martin_dubravka,1,0,GK,Spurs,4,0,0,0,3,0,0,3,1.0,0.0,0.0,0.0,0.0,0.0,0.0,0.0,0.0,0.0,0.0,0.0,0.0,0.0,0.0,0.0,0.0,0.0,0.0,0.0,0.0,0.0,0.0,0.0,0.0,0.0,40.0,0.0,Brentford,0.0,0.0,Sunderland,Sunderland,1.0,0.0,-0.33692965730936164,,1.0,-0.33692965730936164
martin_odegaard,1,11,MID,Arsenal,7,1,0,0,4,0,0,2,2.3,0.0,3.0,41.0,1.0,41.5,0.1,0.31,0.21,0.06,0.0,1.0,12.3,50.6,75.0,0.0,0.0,0.0,0.0,0.0,1.0,31.0,11.0,0.0,0.0,0.0,65.0,0.0,Coventry City,3.0,3.0,Man City,Man City,2.0,3.0,3.1159076733004354,14972.0,1.4315626841415598,4.460617152327254
martin_zubimendi_ibanez,1,1,MID,Arsenal,7,1,0,0,4,0,0,2,2.0,0.0,0.0,3.0,0.0,2.3,0.02,0.02,0.0,0.15,0.0,0.0,0.6,3.8,22.0,0.0,0.0,0.0,0.0,0.0,0.0,0.0,1.0,0.0,0.0,0.0,55.0,0.0,Coventry City,3.0,3.0,Man City,Man City,2.0,3.0,1.8434214519979097,,1.4315626841415598,2.638973361826259
mason_burstow,1,0,FWD,Hull City,16,1,0,0,2,0,0,4,0.0,0.0,0.0,0.0,0.0,0.0,0.0,0.0,0.0,0.0,0.0,0.0,0.0,0.0,0.0,0.0,0.0,0.0,0.0,0.0,0.0,0.0,0.0,0.0,0.0,0.0,45.0,0.0,Man Utd,2.0,3.0,Crystal Palace,Crystal Palace,0.0,0.0,0.03847153489067212,,2.0,0.07694306978134424
mason_mount,1,0,MID,Man Utd,11,0,0,0,4,0,0,2,1.0,0.0,0.0,0.0,0.0,0.0,0.0,0.0,0.0,0.0,0.0,0.0,0.0,0.0,0.0,0.0,0.0,0.0,0.0,0.0,0.0,0.0,0.0,0.0,0.0,0.0,55.0,0.0,Hull City,0.0,0.0,Brentford,Brentford,3.0,3.0,0.5364567544065906,,0.5,0.2682283772032953
mateo_joseph_fernandez_regatillo,1,0,FWD,Leeds,18,0,0,0,3,0,0,3,0.0,0.0,0.0,0.0,0.0,0.0,0.0,0.0,0.0,0.0,0.0,0.0,0.0,0.0,0.0,0.0,0.0,0.0,0.0,0.0,0.0,0.0,0.0,0.0,0.0,0.0,45.0,0.0,Nott'm Forest,1.0,3.0,Coventry City,Coventry City,0.0,0.0,0.0011743484288180284,,0.5,0.0005871742144090142
mateo_kovacic,1,1,MID,Man City,3,1,0,0,4,0,0,3,2.0,0.0,0.0,3.0,0.0,2.1,0.01,0.01,0.0,0.1,0.0,0.0,0.4,2.2,27.0,0.0,0.0,0.0,0.0,0.0,0.0,0.0,1.0,0.0,0.0,0.0,55.0,0.0,Bournemouth,2.0,3.0,Arsenal,Arsenal,3.0,3.0,2.0800808586569475,,0.5,1.0400404293284737
mateus_fernandes,1,1,MID,Spurs,4,0,0,0,3,0,0,3,2.2,0.0,0.0,16.0,0.0,27.2,0.06,0.06,0.0,2.18,1.0,0.0,3.6,7.2,45.0,0.0,0.0,0.0,0.0,0.0,0.0,2.0,1.0,0.0,0.0,0.0,60.0,0.0,Brentford,0.0,0.0,Sunderland,Sunderland,1.0,0.0,2.7112990127733463,,0.5,1.3556495063866731
matheus_franca_de_oliveira,1,0,MID,Crystal Palace,9,0,0,0,3,0,0,3,1.5,0.0,0.0,0.0,0.0,0.0,0.0,0.0,0.0,0.0,0.0,0.0,0.0,0.0,0.0,0.0,0.0,0.0,0.0,0.0,0.0,0.0,0.0,0.0,0.0,0.0,50.0,0.0,Everton,0.0,0.0,Hull City,Hull City,2.0,3.0,0.43230840810865434,,0.5,0.21615420405432717
matheus_nunes,1,1,DEF,Man City,3,1,0,0,4,0,0,3,2.8,0.0,0.0,4.0,0.0,1.5,0.04,0.04,0.0,0.1,0.0,0.0,0.9,3.8,33.0,0.0,0.0,0.0,0.0,0.0,0.0,4.0,1.0,0.0,0.0,0.0,60.0,0.0,Bournemouth,2.0,3.0,Arsenal,Arsenal,3.0,3.0,3.1333167636675006,14973.0,0.9909519497227103,3.1049663560551624
matheus_santos_carneiro_da_cunha,1,2,MID,Man Utd,11,0,0,0,4,0,0,2,2.8,0.0,0.0,14.0,0.0,28.2,0.21,0.45,0.24,1.01,2.0,0.0,6.9,5.4,79.0,0.0,0.0,0.0,0.0,0.0,1.0,35.0,2.0,0.0,0.0,0.0,80.0,0.0,Hull City,0.0,0.0,Brentford,Brentford,3.0,3.0,4.253791095809007,14973.0,0.5,2.1268955479045033
mathias_jensen,1,6,MID,Brentford,19,1,0,0,3,0,0,3,2.0,1.0,0.0,22.0,1.0,46.2,0.34,0.42,0.08,0.47,0.0,0.0,7.2,12.6,66.0,0.0,0.0,0.0,0.0,0.0,1.0,13.0,6.0,0.0,0.0,0.0,55.0,0.0,Spurs,3.0,3.0,Man Utd,Man Utd,0.0,0.0,3.3520332746959776,,1.2041856403092235,4.036470335227599
mathys_tel,1,2,MID,Spurs,4,0,0,0,3,0,0,3,2.2,0.0,0.0,17.0,0.0,26.0,0.06,0.12,0.06,3.87,3.0,0.0,4.5,10.4,90.0,0.0,0.0,0.0,0.0,0.0,1.0,9.0,2.0,0.0,0.0,0.0,60.0,0.0,Brentford,0.0,0.0,Sunderland,Sunderland,1.0,0.0,2.963164877554973,,0.5,1.4815824387774865
mats_wieffer,1,7,DEF,Brighton,2,1,0,0,2,0,0,4,2.2,0.0,1.0,32.0,1.0,26.3,0.05,0.14,0.09,0.29,0.0,0.0,4.9,16.6,77.0,0.0,0.0,0.0,0.0,0.0,1.0,6.0,7.0,0.0,0.0,0.0,50.0,0.0,Aston Villa,4.0,3.0,Newcastle,Newcastle,2.0,1.0,2.4310822506050056,,1.19807075573477,2.9126085492357245
matt_crooks,1,2,MID,Hull City,16,1,0,0,2,0,0,4,1.0,0.0,0.0,9.0,1.0,2.4,0.0,0.0,0.0,1.83,0.0,0.0,2.1,19.0,90.0,0.0,0.0,0.0,0.0,0.0,1.0,0.0,2.0,0.0,0.0,0.0,45.0,1.0,Man Utd,2.0,3.0,Crystal Palace,Crystal Palace,0.0,0.0,2.231149256245623,,0.9997645158411456,2.2306238559397373
matt_grimes,1,2,MID,Coventry City,1,0,0,0,2,0,0,4,1.5,0.0,0.0,14.0,0.0,3.7,0.01,0.01,0.0,1.88,3.0,0.0,1.7,13.4,90.0,0.0,0.0,0.0,0.0,0.0,1.0,0.0,2.0,0.0,0.0,0.0,50.0,0.0,Arsenal,0.0,0.0,Leeds,Leeds,1.0,3.0,2.4270821159196836,,0.5,1.2135410579598418
matt_o'riley,1,0,MID,Brighton,2,1,0,0,2,0,0,4,2.0,0.0,0.0,0.0,0.0,0.0,0.0,0.0,0.0,0.0,0.0,0.0,0.0,0.0,0.0,0.0,0.0,0.0,0.0,0.0,0.0,0.0,0.0,0.0,0.0,0.0,55.0,0.0,Aston Villa,4.0,3.0,Newcastle,Newcastle,2.0,1.0,0.5166299109545331,,2.0,1.0332598219090663
matt_targett,1,1,DEF,Hull City,16,1,0,0,2,0,0,4,1.0,0.0,0.0,3.0,0.0,0.0,0.0,0.0,0.0,0.07,0.0,0.0,0.0,0.4,5.0,0.0,0.0,0.0,0.0,0.0,0.0,0.0,1.0,0.0,0.0,0.0,40.0,0.0,Man Utd,2.0,3.0,Crystal Palace,Crystal Palace,0.0,0.0,0.7955799112841817,,2.0,1.5911598225683634
matteo_ruggeri,1,1,DEF,Aston Villa,5,0,0,0,4,0,0,2,1.7,0.0,0.0,3.0,0.0,0.0,0.0,0.0,0.0,0.14,0.0,0.0,0.4,4.0,8.0,0.0,0.0,0.0,0.0,0.0,0.0,0.0,1.0,0.0,0.0,0.0,45.0,0.0,Brighton,0.0,0.0,Ipswich Town,Ipswich Town,2.0,3.0,1.1540330760962918,,0.5,0.5770165380481459
matthijs_de_ligt,1,0,DEF,Man Utd,11,0,0,0,4,0,0,2,0.0,0.0,0.0,0.0,0.0,0.0,0.0,0.0,0.0,0.0,0.0,0.0,0.0,0.0,0.0,0.0,0.0,0.0,0.0,0.0,0.0,0.0,0.0,0.0,0.0,0.0,50.0,0.0,Hull City,0.0,0.0,Brentford,Brentford,3.0,3.0,0.5551542392690207,,0.5,0.27757711963451037
matty_cash,1,-1,DEF,Aston Villa,5,0,0,0,4,0,0,2,1.7,0.0,0.0,-8.0,0.0,1.1,0.0,0.0,0.0,3.77,4.0,0.0,1.3,12.0,90.0,0.0,0.0,0.0,0.0,0.0,1.0,0.0,-1.0,0.0,0.0,0.0,45.0,1.0,Brighton,0.0,0.0,Ipswich Town,Ipswich Town,2.0,3.0,1.595292605385124,,0.5,0.797646302692562
matty_jacob,1,0,DEF,Hull City,16,1,0,0,2,0,0,4,0.0,0.0,0.0,0.0,0.0,0.0,0.0,0.0,0.0,0.0,0.0,0.0,0.0,0.0,0.0,0.0,0.0,0.0,0.0,0.0,0.0,0.0,0.0,0.0,0.0,0.0,40.0,0.0,Man Utd,2.0,3.0,Crystal Palace,Crystal Palace,0.0,0.0,0.08684514994990922,,2.0,0.17369029989981843
matz_sels,1,2,GK,Nott'm Forest,13,1,0,0,3,0,0,3,2.6,0.0,0.0,11.0,0.0,0.0,0.0,0.0,0.0,0.47,1.0,0.0,1.4,14.2,90.0,0.0,0.0,0.0,0.0,2.0,1.0,0.0,2.0,0.0,0.0,0.0,50.0,0.0,Leeds,0.0,0.0,Chelsea,Chelsea,3.0,3.0,3.879328939080386,50210.0,1.0,3.879328939080386
max_alleyne,1,0,DEF,Man City,3,1,0,0,4,0,0,3,0.0,0.0,0.0,0.0,0.0,0.0,0.0,0.0,0.0,0.0,0.0,0.0,0.0,0.0,0.0,0.0,0.0,0.0,0.0,0.0,0.0,0.0,0.0,0.0,0.0,0.0,50.0,0.0,Bournemouth,2.0,3.0,Arsenal,Arsenal,3.0,3.0,0.673132643114734,,0.9909519497227103,0.6670421051165469
max_dowman,1,0,MID,Arsenal,7,1,0,0,4,0,0,2,2.0,0.0,0.0,0.0,0.0,0.0,0.0,0.0,0.0,0.0,0.0,0.0,0.0,0.0,0.0,0.0,0.0,0.0,0.0,0.0,0.0,0.0,0.0,0.0,0.0,0.0,55.0,0.0,Coventry City,3.0,3.0,Man City,Man City,2.0,3.0,0.5427870235313021,,1.4315626841415598,0.7770336483236789
maxence_lacroix,1,6,DEF,Chelsea,10,0,0,0,4,0,0,2,2.8,1.0,0.0,25.0,0.0,11.2,0.2,0.2,0.0,1.33,2.0,0.0,5.7,44.2,90.0,0.0,0.0,0.0,0.0,0.0,1.0,2.0,6.0,0.0,0.0,0.0,60.0,0.0,Fulham,3.0,3.0,Nott'm Forest,Nott'm Forest,0.0,0.0,4.425246713876925,14974.0,2.0,8.85049342775385
maxim_de_cuyper,1,17,DEF,Brighton,2,1,0,0,2,0,0,4,1.7,1.0,2.0,46.0,1.0,45.3,0.21,1.68,1.47,0.29,0.0,1.0,12.9,40.6,77.0,0.0,0.0,0.0,0.0,0.0,1.0,43.0,17.0,0.0,0.0,0.0,45.0,0.0,Aston Villa,4.0,3.0,Newcastle,Newcastle,2.0,1.0,1.8217717162644975,14971.0,1.19807075573477,2.182611416881236
melker_ellborg,1,0,GK,Sunderland,12,0,0,0,3,0,0,2,1.9,0.0,0.0,0.0,0.0,0.0,0.0,0.0,0.0,0.0,0.0,0.0,0.0,0.0,0.0,0.0,0.0,0.0,0.0,0.0,0.0,0.0,0.0,0.0,0.0,0.0,45.0,0.0,Ipswich Town,1.0,0.0,Spurs,Spurs,0.0,0.0,-0.2646083376774999,14974.0,1.75,-0.46306459093562485
merlin_rohl,1,3,MID,Everton,8,1,0,0,3,0,0,3,1.5,0.0,0.0,12.0,1.0,13.0,0.06,0.06,0.0,1.96,0.0,0.0,2.9,13.8,90.0,0.0,0.0,0.0,0.0,0.0,1.0,2.0,3.0,0.0,0.0,0.0,50.0,0.0,Crystal Palace,2.0,3.0,Liverpool,Liverpool,2.0,1.0,2.8828313259135725,,1.442480845106571,4.158428967303506
michael_kayode,1,13,DEF,Brentford,19,1,0,0,3,0,0,3,1.7,0.0,1.0,36.0,1.0,1.5,0.0,0.5,0.5,0.47,0.0,1.0,8.1,33.8,75.0,0.0,0.0,0.0,0.0,0.0,1.0,46.0,13.0,0.0,0.0,0.0,45.0,0.0,Spurs,3.0,3.0,Man Utd,Man Utd,0.0,0.0,2.6120862389887947,,2.0,5.224172477977589
michael_keane,1,0,DEF,Everton,8,1,0,0,3,0,0,3,2.2,0.0,0.0,0.0,0.0,0.0,0.0,0.0,0.0,0.0,0.0,0.0,0.0,0.0,0.0,0.0,0.0,0.0,0.0,0.0,0.0,0.0,0.0,0.0,0.0,0.0,50.0,0.0,Crystal Palace,2.0,3.0,Liverpool,Liverpool,2.0,1.0,0.8417284314548753,79641.0,2.0,1.6834568629097506
michael_svoboda,1,0,DEF,Brighton,2,1,0,0,2,0,0,4,2.2,0.0,0.0,0.0,0.0,0.0,0.0,0.0,0.0,0.0,0.0,0.0,0.0,0.0,0.0,0.0,0.0,0.0,0.0,0.0,0.0,0.0,0.0,0.0,0.0,0.0,50.0,0.0,Aston Villa,4.0,3.0,Newcastle,Newcastle,2.0,1.0,0.8831500169720655,,1.19807075573477,1.0580762082608977
micky_van_de_ven,1,0,DEF,Spurs,4,0,0,0,3,0,0,3,0.0,0.0,0.0,0.0,0.0,0.0,0.0,0.0,0.0,0.0,0.0,0.0,0.0,0.0,0.0,0.0,0.0,0.0,0.0,0.0,0.0,0.0,0.0,0.0,0.0,0.0,50.0,0.0,Brentford,0.0,0.0,Sunderland,Sunderland,1.0,0.0,0.3857815632856878,50210.0,0.9767678760906346,0.376819038205486
miguel_brau,1,0,DEF,Coventry City,1,0,0,0,2,0,0,4,1.0,0.0,0.0,0.0,0.0,0.0,0.0,0.0,0.0,0.0,0.0,0.0,0.0,0.0,0.0,0.0,0.0,0.0,0.0,0.0,0.0,0.0,0.0,0.0,0.0,0.0,40.0,0.0,Arsenal,0.0,0.0,Leeds,Leeds,1.0,3.0,0.19272882157185567,,0.6265484364121565,0.12075394180740368
mike_penders,1,0,GK,Chelsea,10,0,0,0,4,0,0,2,1.9,0.0,0.0,0.0,0.0,0.0,0.0,0.0,0.0,0.0,0.0,0.0,0.0,0.0,0.0,0.0,0.0,0.0,0.0,0.0,0.0,0.0,0.0,0.0,0.0,0.0,45.0,0.0,Fulham,3.0,3.0,Nott'm Forest,Nott'm Forest,0.0,0.0,0.17738259033756432,14971.0,2.0,0.35476518067512863
mikel_merino_zazon,1,1,MID,Arsenal,7,1,0,0,4,0,0,2,2.2,0.0,0.0,5.0,0.0,1.2,0.02,0.16,0.14,0.15,0.0,0.0,1.9,3.6,14.0,0.0,0.0,0.0,0.0,0.0,0.0,14.0,1.0,0.0,0.0,0.0,60.0,0.0,Coventry City,3.0,3.0,Man City,Man City,2.0,3.0,1.964587429322746,,1.4315626841415598,2.8124300535520375
mikey_moore,1,2,MID,Spurs,4,0,0,0,3,0,0,3,1.5,0.0,0.0,10.0,0.0,5.9,0.02,0.4,0.38,3.02,3.0,0.0,7.5,14.2,67.0,0.0,0.0,0.0,0.0,0.0,1.0,55.0,2.0,0.0,0.0,0.0,50.0,0.0,Brentford,0.0,0.0,Sunderland,Sunderland,1.0,0.0,2.6771002981945182,,0.5,1.3385501490972591
mikkel_damsgaard,1,1,MID,Brentford,19,1,0,0,3,0,0,3,2.0,0.0,0.0,6.0,0.0,26.3,0.11,0.11,0.0,0.1,0.0,0.0,3.4,7.6,14.0,0.0,0.0,0.0,0.0,0.0,0.0,0.0,1.0,0.0,0.0,0.0,55.0,0.0,Spurs,3.0,3.0,Man Utd,Man Utd,0.0,0.0,1.694513455715712,50210.0,1.2041856403092235,2.0405087706836196
milan_van_ewijk,1,1,DEF,Coventry City,1,0,0,0,2,0,0,4,1.0,0.0,0.0,-8.0,0.0,2.0,0.01,0.01,0.0,1.88,3.0,0.0,1.5,10.6,90.0,0.0,0.0,0.0,0.0,0.0,1.0,2.0,1.0,0.0,0.0,0.0,40.0,0.0,Arsenal,0.0,0.0,Leeds,Leeds,1.0,3.0,2.3302713868193288,,0.6265484364121565,1.460027893827638
milos_kerkez,1,0,DEF,Liverpool,17,0,0,0,4,0,0,2,2.5,0.0,0.0,3.0,0.0,13.8,0.02,0.04,0.02,1.58,2.0,0.0,4.4,18.0,90.0,0.0,0.0,0.0,0.0,0.0,1.0,12.0,0.0,0.0,0.0,0.0,55.0,1.0,Newcastle,2.0,1.0,Everton,Everton,2.0,3.0,3.1499886563751245,15210.0,0.5,1.5749943281875622
mitoma_kaoru,1,0,MID,Brighton,2,1,0,0,2,0,0,4,0.0,0.0,0.0,0.0,0.0,0.0,0.0,0.0,0.0,0.0,0.0,0.0,0.0,0.0,0.0,0.0,0.0,0.0,0.0,0.0,0.0,0.0,0.0,0.0,0.0,0.0,60.0,0.0,Aston Villa,4.0,3.0,Newcastle,Newcastle,2.0,1.0,0.44798991303086777,,2.0,0.8959798260617355
mohamed_belloumi,1,3,MID,Hull City,16,1,0,0,2,0,0,4,1.5,0.0,0.0,8.0,1.0,2.2,0.03,0.08,0.05,1.83,0.0,0.0,2.0,10.6,90.0,0.0,0.0,0.0,0.0,0.0,1.0,7.0,3.0,0.0,0.0,0.0,50.0,0.0,Man Utd,2.0,3.0,Crystal Palace,Crystal Palace,0.0,0.0,2.905213917731254,,0.9997645158411456,2.904529785875545
mohammed_kudus,1,0,MID,Spurs,4,0,0,0,3,0,0,3,0.6,0.0,0.0,0.0,0.0,0.0,0.0,0.0,0.0,0.0,0.0,0.0,0.0,0.0,0.0,0.0,0.0,0.0,0.0,0.0,0.0,0.0,0.0,0.0,0.0,0.0,65.0,0.0,Brentford,0.0,0.0,Sunderland,Sunderland,1.0,0.0,0.668014099921046,,0.5,0.334007049960523
moises_caicedo_corozo,1,0,MID,Chelsea,10,0,0,0,4,0,0,2,2.0,0.0,0.0,0.0,0.0,0.0,0.0,0.0,0.0,0.0,0.0,0.0,0.0,0.0,0.0,0.0,0.0,0.0,0.0,0.0,0.0,0.0,0.0,0.0,0.0,0.0,55.0,0.0,Fulham,3.0,3.0,Nott'm Forest,Nott'm Forest,0.0,0.0,0.4716020075876126,61014.0,2.0,0.9432040151752252
morgan_gibbs_white,1,2,MID,Nott'm Forest,13,1,0,0,3,0,0,3,2.8,0.0,0.0,10.0,0.0,9.3,0.06,0.19,0.13,0.47,1.0,0.0,2.4,0.0,90.0,0.0,0.0,0.0,0.0,0.0,1.0,16.0,2.0,0.0,0.0,0.0,80.0,0.0,Leeds,0.0,0.0,Chelsea,Chelsea,3.0,3.0,4.096277529582185,14971.0,0.5,2.0481387647910925
morgan_rogers,1,8,MID,Chelsea,10,0,0,0,4,0,0,2,2.6,0.0,1.0,37.0,0.0,53.5,0.1,1.06,0.96,1.24,2.0,1.0,13.1,48.8,81.0,0.0,0.0,0.0,0.0,0.0,1.0,29.0,8.0,0.0,0.0,0.0,75.0,0.0,Fulham,3.0,3.0,Nott'm Forest,Nott'm Forest,0.0,0.0,4.077888864217684,14970.0,2.0,8.155777728435368
murillo_costa_dos_santos,1,4,DEF,Nott'm Forest,13,1,0,0,3,0,0,3,2.5,0.0,0.0,15.0,0.0,25.9,0.28,0.28,0.0,0.47,1.0,0.0,5.8,32.2,90.0,0.0,0.0,0.0,0.0,0.0,1.0,0.0,4.0,0.0,0.0,0.0,55.0,0.0,Leeds,0.0,0.0,Chelsea,Chelsea,3.0,3.0,4.57978909474703,15210.0,1.1237010000870202,5.146313585954866
mykhailo_mudryk,1,0,MID,Chelsea,10,0,0,0,4,0,0,2,2.0,0.0,0.0,0.0,0.0,0.0,0.0,0.0,0.0,0.0,0.0,0.0,0.0,0.0,0.0,0.0,0.0,0.0,0.0,0.0,0.0,0.0,0.0,0.0,0.0,0.0,55.0,0.0,Fulham,3.0,3.0,Nott'm Forest,Nott'm Forest,0.0,0.0,0.4716020075876126,,2.0,0.9432040151752252
myles_lewis_skelly,1,3,MID,Arsenal,7,1,0,0,4,0,0,2,2.0,0.0,0.0,15.0,1.0,22.9,0.11,0.17,0.06,0.2,0.0,0.0,4.1,11.0,90.0,0.0,0.0,0.0,0.0,0.0,1.0,7.0,3.0,0.0,0.0,0.0,55.0,0.0,Coventry City,3.0,3.0,Man City,Man City,2.0,3.0,3.406210004905278,,1.4315626841415598,4.876203137372036
nathan_collins,1,6,DEF,Brentford,19,1,0,0,3,0,0,3,2.5,0.0,0.0,21.0,1.0,21.5,0.04,0.38,0.34,0.57,0.0,0.0,5.0,11.6,90.0,0.0,0.0,0.0,0.0,0.0,1.0,17.0,6.0,0.0,0.0,0.0,55.0,0.0,Spurs,3.0,3.0,Man Utd,Man Utd,0.0,0.0,3.0036848365234325,14972.0,2.0,6.007369673046865
nathan_patterson,1,0,DEF,Everton,8,1,0,0,3,0,0,3,1.7,0.0,0.0,0.0,0.0,0.0,0.0,0.0,0.0,0.0,0.0,0.0,0.0,0.0,0.0,0.0,0.0,0.0,0.0,0.0,0.0,0.0,0.0,0.0,0.0,0.0,45.0,0.0,Crystal Palace,2.0,3.0,Liverpool,Liverpool,2.0,1.0,0.606026323121966,,2.0,1.212052646243932
neco_williams,1,2,DEF,Nott'm Forest,13,1,0,0,3,0,0,3,2.2,0.0,0.0,13.0,0.0,5.8,0.02,0.02,0.0,0.47,1.0,0.0,2.7,15.2,90.0,0.0,0.0,0.0,0.0,0.0,1.0,6.0,2.0,0.0,0.0,0.0,50.0,0.0,Leeds,0.0,0.0,Chelsea,Chelsea,3.0,3.0,3.3427543174252072,14971.0,1.1237010000870202,3.75625636953591
nehemiah_oriola,1,0,MID,Brighton,2,1,0,0,2,0,0,4,1.0,0.0,0.0,0.0,0.0,0.0,0.0,0.0,0.0,0.0,0.0,0.0,0.0,0.0,0.0,0.0,0.0,0.0,0.0,0.0,0.0,0.0,0.0,0.0,0.0,0.0,45.0,0.0,Aston Villa,4.0,3.0,Newcastle,Newcastle,2.0,1.0,0.18165663276648059,,2.0,0.36331326553296117
nick_pope,1,0,GK,Newcastle,14,1,0,0,2,0,0,4,2.6,0.0,0.0,0.0,0.0,0.0,0.0,0.0,0.0,0.0,0.0,0.0,0.0,0.0,0.0,0.0,0.0,0.0,0.0,0.0,0.0,0.0,0.0,0.0,0.0,0.0,50.0,0.0,Liverpool,2.0,1.0,Brighton,Brighton,4.0,3.0,0.8931548926882658,,0.5,0.4465774463441329
nick_woltemade,1,0,FWD,Newcastle,14,1,0,0,2,0,0,4,2.0,0.0,0.0,0.0,0.0,0.0,0.0,0.0,0.0,0.0,0.0,0.0,0.0,0.0,0.0,0.0,0.0,0.0,0.0,0.0,0.0,0.0,0.0,0.0,0.0,0.0,60.0,0.0,Liverpool,2.0,1.0,Brighton,Brighton,4.0,3.0,0.46862614871937947,14970.0,,
nico_elvedi,1,0,DEF,Leeds,18,0,0,0,3,0,0,3,1.7,0.0,0.0,0.0,0.0,0.0,0.0,0.0,0.0,0.0,0.0,0.0,0.0,0.0,0.0,0.0,0.0,0.0,0.0,0.0,0.0,0.0,0.0,0.0,0.0,0.0,45.0,0.0,Nott'm Forest,1.0,3.0,Coventry City,Coventry City,0.0,0.0,0.4437873260197098,,2.0,0.8875746520394197
nico_gonzalez_iglesias,1,0,MID,Man City,3,1,0,0,4,0,0,3,2.0,0.0,0.0,0.0,0.0,0.0,0.0,0.0,0.0,0.0,0.0,0.0,0.0,0.0,0.0,0.0,0.0,0.0,0.0,0.0,0.0,0.0,0.0,0.0,0.0,0.0,55.0,0.0,Bournemouth,2.0,3.0,Arsenal,Arsenal,3.0,3.0,0.5940829701712469,,0.5,0.29704148508562345
nico_o'reilly,1,2,DEF,Man City,3,1,0,0,4,0,0,3,3.1,0.0,0.0,5.0,0.0,30.4,0.41,0.48,0.07,0.55,1.0,0.0,5.0,8.8,62.0,0.0,0.0,0.0,0.0,0.0,1.0,11.0,2.0,0.0,0.0,0.0,65.0,0.0,Bournemouth,2.0,3.0,Arsenal,Arsenal,3.0,3.0,3.7030073835083543,14972.0,0.9909519497227103,3.669502386525196
nicolas_dominguez,1,0,MID,Nott'm Forest,13,1,0,0,3,0,0,3,1.5,0.0,0.0,0.0,0.0,0.0,0.0,0.0,0.0,0.0,0.0,0.0,0.0,0.0,0.0,0.0,0.0,0.0,0.0,0.0,0.0,0.0,0.0,0.0,0.0,0.0,50.0,0.0,Leeds,0.0,0.0,Chelsea,Chelsea,3.0,3.0,0.4634207701196409,,0.5,0.23171038505982045
nicolas_jackson,1,0,FWD,Chelsea,10,0,0,0,4,0,0,2,2.1,0.0,0.0,0.0,0.0,0.0,0.0,0.0,0.0,0.0,0.0,0.0,0.0,0.0,0.0,0.0,0.0,0.0,0.0,0.0,0.0,0.0,0.0,0.0,0.0,0.0,65.0,0.0,Fulham,3.0,3.0,Nott'm Forest,Nott'm Forest,0.0,0.0,0.5906588748100057,,0.718395061728395,0.42432641882955835
nicolo_savona,1,0,DEF,Nott'm Forest,13,1,0,0,3,0,0,3,0.0,0.0,0.0,0.0,0.0,0.0,0.0,0.0,0.0,0.0,0.0,0.0,0.0,0.0,0.0,0.0,0.0,0.0,0.0,0.0,0.0,0.0,0.0,0.0,0.0,0.0,45.0,0.0,Leeds,0.0,0.0,Chelsea,Chelsea,3.0,3.0,0.3785983228092311,,1.1237010000870202,0.4254313139720015
nikola_milenkovic,1,2,DEF,Nott'm Forest,13,1,0,0,3,0,0,3,2.5,0.0,0.0,4.0,0.0,0.6,0.02,0.13,0.11,0.47,1.0,0.0,2.2,7.6,90.0,0.0,0.0,0.0,0.0,0.0,1.0,14.0,2.0,0.0,0.0,0.0,55.0,0.0,Leeds,0.0,0.0,Chelsea,Chelsea,3.0,3.0,3.814440192161386,14972.0,1.1237010000870202,4.286290258703875
nilson_angulo,1,5,MID,Sunderland,12,0,0,0,3,0,0,2,1.5,0.0,0.0,23.0,0.0,3.3,0.01,0.16,0.15,1.66,1.0,1.0,5.2,32.8,58.0,0.0,0.0,0.0,0.0,0.0,1.0,16.0,5.0,0.0,0.0,0.0,50.0,1.0,Ipswich Town,1.0,0.0,Spurs,Spurs,0.0,0.0,1.4068591947605966,,1.7621031720285787,2.4790310496852195
noah_okafor,1,1,MID,Leeds,18,0,0,0,3,0,0,3,2.2,0.0,0.0,10.0,0.0,14.0,0.16,0.16,0.0,0.13,0.0,0.0,2.8,10.0,24.0,0.0,0.0,0.0,0.0,0.0,0.0,4.0,1.0,0.0,0.0,0.0,60.0,0.0,Nott'm Forest,1.0,3.0,Coventry City,Coventry City,0.0,0.0,2.2014581297801223,,2.0,4.402916259560245
noah_sadiki,1,2,MID,Sunderland,12,0,0,0,3,0,0,2,1.5,0.0,0.0,18.0,0.0,32.1,0.03,0.09,0.06,1.8,2.0,0.0,7.2,14.6,90.0,0.0,0.0,0.0,0.0,0.0,1.0,25.0,2.0,0.0,0.0,0.0,50.0,0.0,Ipswich Town,1.0,0.0,Spurs,Spurs,0.0,0.0,3.0335963957214926,,1.7621031720285787,5.345509831555305
nobel_mendy,1,15,DEF,Hull City,16,1,0,0,2,0,0,4,1.0,0.0,1.0,35.0,1.0,0.6,0.0,0.28,0.28,0.86,0.0,1.0,8.5,51.8,63.0,0.0,0.0,0.0,0.0,0.0,1.0,33.0,15.0,0.0,0.0,0.0,40.0,0.0,Man Utd,2.0,3.0,Crystal Palace,Crystal Palace,0.0,0.0,2.6087514142283244,,2.0,5.217502828456649
noni_madueke,1,1,MID,Arsenal,7,1,0,0,4,0,0,2,2.3,0.0,0.0,8.0,0.0,43.1,0.04,0.04,0.0,0.15,0.0,0.0,5.3,9.4,22.0,0.0,0.0,0.0,0.0,0.0,0.0,0.0,1.0,0.0,0.0,0.0,65.0,0.0,Coventry City,3.0,3.0,Man City,Man City,2.0,3.0,2.317491521354109,,1.4315626841415598,3.3176343827849957
norberto_bercique_gomes_betuncal,1,1,FWD,Everton,8,1,0,0,3,0,0,3,1.8,0.0,0.0,3.0,0.0,0.0,0.0,0.05,0.05,0.34,0.0,0.0,0.2,0.0,11.0,0.0,0.0,0.0,0.0,0.0,0.0,2.0,1.0,0.0,0.0,0.0,55.0,0.0,Crystal Palace,2.0,3.0,Liverpool,Liverpool,2.0,1.0,1.5491966675046838,15210.0,2.0,3.0983933350093675
nordi_mukiele,1,0,DEF,Sunderland,12,0,0,0,3,0,0,2,2.5,0.0,0.0,0.0,0.0,0.0,0.0,0.0,0.0,0.0,0.0,0.0,0.0,0.0,0.0,0.0,0.0,0.0,0.0,0.0,0.0,0.0,0.0,0.0,0.0,0.0,55.0,0.0,Ipswich Town,1.0,0.0,Spurs,Spurs,0.0,0.0,0.8149762476077574,79641.0,1.6045153419715095,1.3076418926290185
norman_bassette,1,0,FWD,Coventry City,1,0,0,0,2,0,0,4,0.0,0.0,0.0,0.0,0.0,0.0,0.0,0.0,0.0,0.0,0.0,0.0,0.0,0.0,0.0,0.0,0.0,0.0,0.0,0.0,0.0,0.0,0.0,0.0,0.0,0.0,45.0,0.0,Arsenal,0.0,0.0,Leeds,Leeds,1.0,3.0,0.11629005772169498,,0.5627060950962662,0.06543712427909439
noussair_mazraoui,1,1,DEF,Man Utd,11,0,0,0,4,0,0,2,1.7,0.0,0.0,8.0,0.0,29.4,0.05,0.27,0.22,1.01,2.0,0.0,5.6,17.4,79.0,0.0,0.0,0.0,0.0,0.0,1.0,9.0,1.0,0.0,0.0,0.0,45.0,0.0,Hull City,0.0,0.0,Brentford,Brentford,3.0,3.0,2.0620469064320153,,0.5,1.0310234532160076
ola_aina,1,5,DEF,Nott'm Forest,13,1,0,0,3,0,0,3,1.7,0.0,0.0,24.0,1.0,35.6,0.17,0.21,0.04,0.34,0.0,0.0,6.3,16.0,73.0,0.0,0.0,0.0,0.0,0.0,1.0,11.0,5.0,0.0,0.0,0.0,45.0,1.0,Leeds,0.0,0.0,Chelsea,Chelsea,3.0,3.0,2.423318472435895,,1.1237010000870202,2.7230853910055655
oli_mcburnie,1,5,FWD,Hull City,16,1,0,0,2,0,0,4,1.8,1.0,0.0,21.0,1.0,21.1,0.01,0.17,0.16,1.83,0.0,0.0,9.0,17.2,90.0,0.0,0.0,0.0,0.0,0.0,1.0,52.0,5.0,0.0,0.0,0.0,55.0,0.0,Man Utd,2.0,3.0,Crystal Palace,Crystal Palace,0.0,0.0,3.3811960384341284,61014.0,2.0,6.762392076868257
oliver_dovin,1,0,GK,Coventry City,1,0,0,0,2,0,0,4,1.0,0.0,0.0,0.0,0.0,0.0,0.0,0.0,0.0,0.0,0.0,0.0,0.0,0.0,0.0,0.0,0.0,0.0,0.0,0.0,0.0,0.0,0.0,0.0,0.0,0.0,40.0,0.0,Arsenal,0.0,0.0,Leeds,Leeds,1.0,3.0,0.04547923654462016,,0.5,0.02273961827231008
olivier_boscagli,1,6,DEF,Brighton,2,1,0,0,2,0,0,4,1.7,0.0,0.0,29.0,1.0,7.3,0.04,0.04,0.0,0.29,0.0,0.0,2.9,15.2,90.0,0.0,0.0,0.0,0.0,0.0,1.0,6.0,6.0,0.0,0.0,0.0,45.0,0.0,Aston Villa,4.0,3.0,Newcastle,Newcastle,2.0,1.0,2.850009848048238,,1.19807075573477,3.4145134525026895
ollie_watkins,1,0,FWD,Aston Villa,5,0,0,0,4,0,0,2,2.5,0.0,0.0,0.0,0.0,0.0,0.0,0.0,0.0,0.0,0.0,0.0,0.0,0.0,0.0,0.0,0.0,0.0,0.0,0.0,0.0,0.0,0.0,0.0,0.0,0.0,80.0,0.0,Brighton,0.0,0.0,Ipswich Town,Ipswich Town,2.0,3.0,0.888078495116958,14971.0,,
omar_alderete,1,1,DEF,Sunderland,12,0,0,0,3,0,0,2,2.2,0.0,0.0,2.0,0.0,0.6,0.01,0.01,0.0,0.1,1.0,0.0,0.0,0.0,23.0,0.0,0.0,0.0,0.0,0.0,0.0,0.0,1.0,0.0,0.0,0.0,50.0,0.0,Ipswich Town,1.0,0.0,Spurs,Spurs,0.0,0.0,2.1250048850407266,,1.6045153419715095,3.40960293981225
omar_marmoush,1,0,FWD,Man City,3,1,0,0,4,0,0,3,2.2,0.0,0.0,0.0,0.0,0.0,0.0,0.0,0.0,0.0,0.0,0.0,0.0,0.0,0.0,0.0,0.0,0.0,0.0,0.0,0.0,0.0,0.0,0.0,0.0,0.0,70.0,0.0,Bournemouth,2.0,3.0,Arsenal,Arsenal,3.0,3.0,0.6660515366943398,14972.0,0.5,0.3330257683471699
omar_richards,1,0,DEF,Nott'm Forest,13,1,0,0,3,0,0,3,1.0,0.0,0.0,0.0,0.0,0.0,0.0,0.0,0.0,0.0,0.0,0.0,0.0,0.0,0.0,0.0,0.0,0.0,0.0,0.0,0.0,0.0,0.0,0.0,0.0,0.0,40.0,0.0,Leeds,0.0,0.0,Chelsea,Chelsea,3.0,3.0,0.32033479009568055,,1.1237010000870202,0.35996052399318196
omari_hutchinson,1,0,MID,Nott'm Forest,13,1,0,0,3,0,0,3,2.0,0.0,0.0,0.0,0.0,0.0,0.0,0.0,0.0,0.0,0.0,0.0,0.0,0.0,0.0,0.0,0.0,0.0,0.0,0.0,0.0,0.0,0.0,0.0,0.0,0.0,55.0,0.0,Leeds,0.0,0.0,Chelsea,Chelsea,3.0,3.0,0.6309074092136673,,0.5,0.31545370460683364
oscar_bobb,1,2,MID,Fulham,6,1,0,0,2,0,0,4,2.0,0.0,0.0,10.0,0.0,13.8,0.26,0.26,0.0,2.21,3.0,0.0,3.0,9.8,66.0,0.0,0.0,0.0,0.0,0.0,1.0,6.0,2.0,0.0,0.0,0.0,55.0,0.0,Chelsea,2.0,0.0,Bournemouth,Bournemouth,1.0,0.0,2.2378809272792273,,0.6944526094211847,1.55410224952296
oscar_mingueza,1,0,DEF,Crystal Palace,9,0,0,0,3,0,0,3,1.7,0.0,0.0,0.0,0.0,0.0,0.0,0.0,0.0,0.0,0.0,0.0,0.0,0.0,0.0,0.0,0.0,0.0,0.0,0.0,0.0,0.0,0.0,0.0,0.0,0.0,45.0,0.0,Everton,0.0,0.0,Hull City,Hull City,2.0,3.0,0.5158923909159248,,0.5,0.2579461954579624
oscar_zambrano,1,0,MID,Hull City,16,1,0,0,2,0,0,4,0.0,0.0,0.0,0.0,0.0,0.0,0.0,0.0,0.0,0.0,0.0,0.0,0.0,0.0,0.0,0.0,0.0,0.0,0.0,0.0,0.0,0.0,0.0,0.0,0.0,0.0,45.0,0.0,Man Utd,2.0,3.0,Crystal Palace,Crystal Palace,0.0,0.0,0.062361659221441545,,0.9997645158411456,0.06234697403857502
ousmane_diomande,1,0,DEF,Nott'm Forest,13,1,0,0,3,0,0,3,2.5,0.0,0.0,0.0,0.0,0.0,0.0,0.0,0.0,0.0,0.0,0.0,0.0,0.0,0.0,0.0,0.0,0.0,0.0,0.0,0.0,0.0,0.0,0.0,0.0,0.0,55.0,0.0,Leeds,0.0,0.0,Chelsea,Chelsea,3.0,3.0,1.0274411150944078,,1.1237010000870202,1.1545366085621094
paddy_mcnair,1,1,DEF,Hull City,16,1,0,0,2,0,0,4,1.0,0.0,0.0,3.0,0.0,0.0,0.0,0.0,0.0,0.96,0.0,0.0,0.4,4.2,26.0,0.0,0.0,0.0,0.0,0.0,0.0,0.0,1.0,0.0,0.0,0.0,40.0,0.0,Man Utd,2.0,3.0,Crystal Palace,Crystal Palace,0.0,0.0,1.1925096617833526,,2.0,2.385019323566705
pape_matar_sarr,1,0,MID,Spurs,4,0,0,0,3,0,0,3,0.0,0.0,0.0,0.0,0.0,0.0,0.0,0.0,0.0,0.0,0.0,0.0,0.0,0.0,0.0,0.0,0.0,0.0,0.0,0.0,0.0,0.0,0.0,0.0,0.0,0.0,50.0,0.0,Brentford,0.0,0.0,Sunderland,Sunderland,1.0,0.0,0.2505597719653365,,0.5,0.12527988598266826
pascal_gross,1,2,MID,Brighton,2,1,0,0,2,0,0,4,2.0,0.0,0.0,18.0,1.0,56.9,0.27,0.27,0.0,0.29,0.0,0.0,8.6,21.0,90.0,0.0,0.0,0.0,0.0,0.0,1.0,8.0,2.0,0.0,0.0,0.0,55.0,1.0,Aston Villa,4.0,3.0,Newcastle,Newcastle,2.0,1.0,3.4540890870448906,61014.0,2.0,6.908178174089781
pascal_struijk,1,0,DEF,Brighton,2,1,0,0,2,0,0,4,2.2,0.0,0.0,0.0,0.0,0.0,0.0,0.0,0.0,0.0,0.0,0.0,0.0,0.0,0.0,0.0,0.0,0.0,0.0,0.0,0.0,0.0,0.0,0.0,0.0,0.0,50.0,0.0,Aston Villa,4.0,3.0,Newcastle,Newcastle,2.0,1.0,0.8831500169720655,,1.19807075573477,1.0580762082608977
patrick_dorgu,1,0,MID,Man Utd,11,0,0,0,4,0,0,2,2.2,0.0,0.0,-11.0,0.0,1.2,0.03,0.5,0.47,0.92,2.0,0.0,0.7,0.0,45.0,0.0,0.0,0.0,0.0,0.0,1.0,16.0,0.0,0.0,0.0,0.0,60.0,1.0,Hull City,0.0,0.0,Brentford,Brentford,3.0,3.0,1.2288135736546748,79641.0,0.5,0.6144067868273374
pau_torres,1,0,DEF,Aston Villa,5,0,0,0,4,0,0,2,1.7,0.0,0.0,-14.0,0.0,0.7,0.0,0.0,0.0,3.55,4.0,0.0,0.0,0.0,73.0,0.0,0.0,0.0,0.0,0.0,1.0,0.0,0.0,0.0,0.0,0.0,45.0,0.0,Brighton,0.0,0.0,Ipswich Town,Ipswich Town,2.0,3.0,1.2200817190481075,,0.5,0.6100408595240537
pedro_lomba_neto,1,1,MID,Chelsea,10,0,0,0,4,0,0,2,2.3,0.0,0.0,9.0,0.0,4.1,0.07,0.1,0.03,0.22,0.0,0.0,1.3,5.2,14.0,0.0,0.0,0.0,0.0,0.0,0.0,4.0,1.0,0.0,0.0,0.0,65.0,0.0,Fulham,3.0,3.0,Nott'm Forest,Nott'm Forest,0.0,0.0,1.805691505962152,14973.0,2.0,3.611383011924304
pedro_porro_sauceda,1,0,DEF,Spurs,4,0,0,0,3,0,0,3,0.0,0.0,0.0,0.0,0.0,0.0,0.0,0.0,0.0,0.0,0.0,0.0,0.0,0.0,0.0,0.0,0.0,0.0,0.0,0.0,0.0,0.0,0.0,0.0,0.0,0.0,55.0,0.0,Brentford,0.0,0.0,Sunderland,Sunderland,1.0,0.0,0.5623374797454774,14973.0,0.9767678760906346,0.5492731857371502
pep_chavarria,1,1,DEF,Chelsea,10,0,0,0,4,0,0,2,2.2,0.0,0.0,3.0,0.0,0.2,0.0,0.0,0.0,0.28,0.0,0.0,0.5,2.4,25.0,0.0,0.0,0.0,0.0,0.0,0.0,2.0,1.0,0.0,0.0,0.0,50.0,0.0,Fulham,3.0,3.0,Nott'm Forest,Nott'm Forest,0.0,0.0,1.9549812079363305,,2.0,3.909962415872661
phil_foden,1,1,MID,Man City,3,1,0,0,4,0,0,3,2.5,0.0,0.0,15.0,0.0,49.6,0.4,0.52,0.12,0.65,1.0,0.0,7.5,10.4,81.0,0.0,0.0,0.0,0.0,0.0,1.0,15.0,1.0,0.0,0.0,0.0,70.0,1.0,Bournemouth,2.0,3.0,Arsenal,Arsenal,3.0,3.0,3.7780137926930655,14969.0,0.5,1.8890068963465327
piero_hincapie,1,1,DEF,Arsenal,7,1,0,0,4,0,0,2,2.5,0.0,0.0,3.0,0.0,0.5,0.0,0.0,0.0,0.15,0.0,0.0,0.1,0.4,9.0,0.0,0.0,0.0,0.0,0.0,0.0,0.0,1.0,0.0,0.0,0.0,55.0,0.0,Coventry City,3.0,3.0,Man City,Man City,2.0,3.0,1.757982605952326,79641.0,1.3931055299241515,2.449055289862656
promise_david,1,0,FWD,Brighton,2,1,0,0,2,0,0,4,2.0,0.0,0.0,0.0,0.0,0.0,0.0,0.0,0.0,0.0,0.0,0.0,0.0,0.0,0.0,0.0,0.0,0.0,0.0,0.0,0.0,0.0,0.0,0.0,0.0,0.0,60.0,0.0,Aston Villa,4.0,3.0,Newcastle,Newcastle,2.0,1.0,0.4958904247820264,14969.0,0.6080459770114941,0.30152417782723206
raphael_borges_rodrigues,1,0,MID,Coventry City,1,0,0,0,2,0,0,4,1.0,0.0,0.0,0.0,0.0,0.0,0.0,0.0,0.0,0.0,0.0,0.0,0.0,0.0,0.0,0.0,0.0,0.0,0.0,0.0,0.0,0.0,0.0,0.0,0.0,0.0,45.0,0.0,Arsenal,0.0,0.0,Leeds,Leeds,1.0,3.0,0.23370940700364162,,0.5,0.11685470350182081
rayan_ait_nouri,1,0,DEF,Man City,3,1,0,0,4,0,0,3,2.5,0.0,0.0,0.0,0.0,0.0,0.0,0.0,0.0,0.0,0.0,0.0,0.0,0.0,0.0,0.0,0.0,0.0,0.0,0.0,0.0,0.0,0.0,0.0,0.0,0.0,55.0,0.0,Bournemouth,2.0,3.0,Arsenal,Arsenal,3.0,3.0,1.145419518940121,,0.9909519497227103,1.135055705544162
rayan_cherki,1,8,MID,Man City,3,1,0,0,4,0,0,3,2.6,2.0,1.0,28.0,0.0,48.8,0.5,0.5,0.0,0.1,0.0,0.0,9.2,39.2,27.0,0.0,0.0,0.0,0.0,0.0,0.0,4.0,8.0,0.0,0.0,0.0,75.0,0.0,Bournemouth,2.0,3.0,Arsenal,Arsenal,3.0,3.0,3.567283763822662,14973.0,0.5,1.783641881911331
rayan_vitor_simplicio_rocha,1,2,MID,Bournemouth,15,0,0,0,3,0,0,4,2.3,0.0,0.0,9.0,0.0,11.3,0.03,0.07,0.04,2.06,1.0,0.0,3.5,6.2,88.0,0.0,0.0,0.0,0.0,0.0,1.0,17.0,2.0,0.0,0.0,0.0,65.0,0.0,Man City,1.0,0.0,Fulham,Fulham,2.0,0.0,3.3739514302719567,14971.0,1.6410044370606494,5.536669267503405
reece_james,1,0,DEF,Chelsea,10,0,0,0,4,0,0,2,2.5,0.0,0.0,5.0,0.0,16.8,0.07,0.17,0.1,1.33,2.0,0.0,5.9,23.4,90.0,0.0,0.0,0.0,0.0,0.0,1.0,19.0,0.0,0.0,0.0,0.0,55.0,1.0,Fulham,3.0,3.0,Nott'm Forest,Nott'm Forest,0.0,0.0,3.3202757242757865,50210.0,2.0,6.640551448551573
regan_slater,1,6,MID,Hull City,16,1,0,0,2,0,0,4,1.0,1.0,0.0,20.0,1.0,19.3,0.44,0.44,0.0,1.83,0.0,0.0,3.8,18.4,90.0,0.0,0.0,0.0,0.0,0.0,1.0,0.0,6.0,0.0,0.0,0.0,45.0,0.0,Man Utd,2.0,3.0,Crystal Palace,Crystal Palace,0.0,0.0,3.4430631822238187,,0.9997645158411456,3.44225239538647
reinildo_mandava,1,1,DEF,Sunderland,12,0,0,0,3,0,0,2,1.7,0.0,0.0,9.0,0.0,27.5,0.29,0.29,0.0,1.8,2.0,0.0,5.5,23.0,90.0,0.0,0.0,0.0,0.0,0.0,1.0,4.0,1.0,0.0,0.0,0.0,45.0,0.0,Ipswich Town,1.0,0.0,Spurs,Spurs,0.0,0.0,2.4071575254445676,,1.6045153419715095,3.862321180117983
reiss_nelson,1,0,MID,Arsenal,7,1,0,0,4,0,0,2,2.0,0.0,0.0,0.0,0.0,0.0,0.0,0.0,0.0,0.0,0.0,0.0,0.0,0.0,0.0,0.0,0.0,0.0,0.0,0.0,0.0,0.0,0.0,0.0,0.0,0.0,55.0,0.0,Coventry City,3.0,3.0,Man City,Man City,2.0,3.0,0.5427870235313021,,1.4315626841415598,0.7770336483236789
remi_matthews,1,0,GK,Crystal Palace,9,0,0,0,3,0,0,3,1.0,0.0,0.0,0.0,0.0,0.0,0.0,0.0,0.0,0.0,0.0,0.0,0.0,0.0,0.0,0.0,0.0,0.0,0.0,0.0,0.0,0.0,0.0,0.0,0.0,0.0,40.0,0.0,Everton,0.0,0.0,Hull City,Hull City,2.0,3.0,0.16350264261379932,,0.5,0.08175132130689966
riccardo_calafiori,1,9,DEF,Arsenal,7,1,0,0,4,0,0,2,2.5,1.0,0.0,31.0,1.0,12.2,0.09,0.13,0.04,0.06,0.0,0.0,4.2,26.0,80.0,0.0,0.0,0.0,0.0,0.0,1.0,4.0,9.0,0.0,0.0,0.0,55.0,0.0,Coventry City,3.0,3.0,Man City,Man City,2.0,3.0,3.4860047574228994,15210.0,1.3931055299241515,4.856372504907742
richarlison_de_andrade,1,2,FWD,Spurs,4,0,0,0,3,0,0,3,2.0,0.0,0.0,6.0,0.0,2.2,0.0,0.0,0.0,3.02,3.0,0.0,0.2,0.0,67.0,0.0,0.0,0.0,0.0,0.0,1.0,0.0,2.0,0.0,0.0,0.0,60.0,0.0,Brentford,0.0,0.0,Sunderland,Sunderland,1.0,0.0,2.127627339992733,14970.0,1.9812734082396999,4.215411471371369
rico_henry,1,0,DEF,Brentford,19,1,0,0,3,0,0,3,1.7,0.0,0.0,0.0,0.0,0.0,0.0,0.0,0.0,0.0,0.0,0.0,0.0,0.0,0.0,0.0,0.0,0.0,0.0,0.0,0.0,0.0,0.0,0.0,0.0,0.0,45.0,0.0,Spurs,3.0,3.0,Man Utd,Man Utd,0.0,0.0,0.48520891153690016,,2.0,0.9704178230738003
rico_lewis,1,1,DEF,Man City,3,1,0,0,4,0,0,3,1.7,0.0,0.0,-1.0,0.0,3.8,0.02,0.19,0.17,0.55,1.0,0.0,4.7,3.8,56.0,0.0,0.0,0.0,0.0,0.0,1.0,39.0,1.0,0.0,0.0,0.0,45.0,0.0,Bournemouth,2.0,3.0,Arsenal,Arsenal,3.0,3.0,2.4144252340652708,,0.9909519497227103,2.392579393156691
rio_cardines,1,0,DEF,Crystal Palace,9,0,0,0,3,0,0,3,0.0,0.0,0.0,0.0,0.0,0.0,0.0,0.0,0.0,0.0,0.0,0.0,0.0,0.0,0.0,0.0,0.0,0.0,0.0,0.0,0.0,0.0,0.0,0.0,0.0,0.0,45.0,0.0,Everton,0.0,0.0,Hull City,Hull City,2.0,3.0,0.31479533854731856,,0.5,0.15739766927365928
rio_ngumoha,1,2,MID,Liverpool,17,0,0,0,4,0,0,2,2.2,0.0,0.0,9.0,0.0,6.0,0.02,0.06,0.04,0.51,2.0,0.0,1.3,2.4,62.0,0.0,0.0,0.0,0.0,0.0,1.0,5.0,2.0,0.0,0.0,0.0,60.0,0.0,Newcastle,2.0,1.0,Everton,Everton,2.0,3.0,2.145097859974869,14970.0,0.9787516968834412,2.099518170431441
robert_lynch_sanchez,1,2,GK,Chelsea,10,0,0,0,4,0,0,2,2.6,0.0,0.0,6.0,0.0,0.0,0.01,0.01,0.0,1.33,2.0,0.0,2.1,21.4,90.0,0.0,0.0,0.0,0.0,4.0,1.0,0.0,2.0,0.0,0.0,0.0,50.0,0.0,Fulham,3.0,3.0,Nott'm Forest,Nott'm Forest,0.0,0.0,3.4354186805114444,14971.0,2.0,6.870837361022889
robin_roefs,1,1,GK,Sunderland,12,0,0,0,3,0,0,2,2.6,0.0,0.0,7.0,0.0,0.0,0.0,0.0,0.0,1.8,2.0,0.0,1.5,15.2,90.0,0.0,0.0,0.0,0.0,1.0,1.0,0.0,1.0,0.0,0.0,0.0,50.0,0.0,Ipswich Town,1.0,0.0,Spurs,Spurs,0.0,0.0,2.5343428306793676,14974.0,1.75,4.435099953688893
rodrigo_'rodri'_hernandez_cascante,1,0,MID,Man City,3,1,0,0,4,0,0,3,0.0,0.0,0.0,0.0,0.0,0.0,0.0,0.0,0.0,0.0,0.0,0.0,0.0,0.0,0.0,0.0,0.0,0.0,0.0,0.0,0.0,0.0,0.0,0.0,0.0,0.0,65.0,0.0,Bournemouth,2.0,3.0,Arsenal,Arsenal,3.0,3.0,0.6457042839380693,,0.5,0.32285214196903467
rodrigo_bentancur,1,1,MID,Spurs,4,0,0,0,3,0,0,3,2.0,0.0,0.0,8.0,0.0,14.7,0.01,0.01,0.0,2.18,1.0,0.0,1.7,2.0,45.0,0.0,0.0,0.0,0.0,0.0,0.0,0.0,1.0,0.0,0.0,0.0,55.0,0.0,Brentford,0.0,0.0,Sunderland,Sunderland,1.0,0.0,2.5563889470588603,,0.5,1.2781944735294302
rodrigo_muniz_carvalho,1,1,FWD,Fulham,6,1,0,0,2,0,0,4,1.8,0.0,0.0,6.0,0.0,11.5,0.0,0.02,0.02,0.03,0.0,0.0,2.5,6.0,8.0,0.0,0.0,0.0,0.0,0.0,0.0,7.0,1.0,0.0,0.0,0.0,55.0,0.0,Chelsea,2.0,0.0,Bournemouth,Bournemouth,1.0,0.0,1.688376811299098,,0.8396825396825396,1.4177005288527345
romain_esse,1,0,MID,Crystal Palace,9,0,0,0,3,0,0,3,1.5,0.0,0.0,0.0,0.0,0.0,0.0,0.0,0.0,0.0,0.0,0.0,0.0,0.0,0.0,0.0,0.0,0.0,0.0,0.0,0.0,0.0,0.0,0.0,0.0,0.0,50.0,0.0,Everton,0.0,0.0,Hull City,Hull City,2.0,3.0,0.43230840810865434,,0.5,0.21615420405432717
romaine_mundle,1,0,MID,Sunderland,12,0,0,0,3,0,0,2,1.5,0.0,0.0,0.0,0.0,0.0,0.0,0.0,0.0,0.0,0.0,0.0,0.0,0.0,0.0,0.0,0.0,0.0,0.0,0.0,0.0,0.0,0.0,0.0,0.0,0.0,50.0,0.0,Ipswich Town,1.0,0.0,Spurs,Spurs,0.0,0.0,0.34093980753600683,,1.7621031720285787,0.6007711163300108
romeo_lavia,1,1,MID,Chelsea,10,0,0,0,4,0,0,2,1.5,0.0,0.0,8.0,0.0,21.9,0.03,0.24,0.21,1.05,2.0,0.0,6.9,13.6,64.0,0.0,0.0,0.0,0.0,0.0,1.0,33.0,1.0,0.0,0.0,0.0,50.0,1.0,Fulham,3.0,3.0,Nott'm Forest,Nott'm Forest,0.0,0.0,2.161241543832395,,2.0,4.32248308766479
ronald_araujo,1,1,DEF,Liverpool,17,0,0,0,4,0,0,2,2.5,0.0,0.0,3.0,0.0,1.2,0.03,0.03,0.0,0.54,0.0,0.0,1.4,13.2,20.0,0.0,0.0,0.0,0.0,0.0,0.0,0.0,1.0,0.0,0.0,0.0,55.0,0.0,Newcastle,2.0,1.0,Everton,Everton,2.0,3.0,2.040653579814998,15210.0,0.5,1.020326789907499
ross_barkley,1,2,MID,Aston Villa,5,0,0,0,4,0,0,2,1.5,0.0,0.0,11.0,0.0,21.4,0.02,0.12,0.1,3.55,4.0,0.0,3.8,9.4,73.0,0.0,0.0,0.0,0.0,0.0,1.0,7.0,2.0,0.0,0.0,0.0,50.0,0.0,Brighton,0.0,0.0,Ipswich Town,Ipswich Town,2.0,3.0,2.074615297035906,,0.5,1.037307648517953
ruben_dos_santos_gato_alves_dias,1,2,DEF,Man City,3,1,0,0,4,0,0,3,2.5,0.0,0.0,11.0,0.0,17.9,0.14,0.14,0.0,0.65,1.0,0.0,4.4,24.4,90.0,0.0,0.0,0.0,0.0,0.0,1.0,2.0,2.0,0.0,0.0,0.0,55.0,0.0,Bournemouth,2.0,3.0,Arsenal,Arsenal,3.0,3.0,3.6949228194153805,79641.0,0.9909519497227103,3.661490971974605
ryan_christie,1,0,MID,Bournemouth,15,0,0,0,3,0,0,4,0.0,0.0,0.0,0.0,0.0,0.0,0.0,0.0,0.0,0.0,0.0,0.0,0.0,0.0,0.0,0.0,0.0,0.0,0.0,0.0,0.0,0.0,0.0,0.0,0.0,0.0,50.0,0.0,Man City,1.0,0.0,Fulham,Fulham,2.0,0.0,0.2614885493473651,,1.6410044370606494,0.4291038697195787
ryan_giles,1,6,DEF,Hull City,16,1,0,0,2,0,0,4,1.0,0.0,0.0,24.0,1.0,18.8,0.07,0.09,0.02,1.76,0.0,0.0,3.7,13.8,84.0,0.0,0.0,0.0,0.0,0.0,1.0,4.0,6.0,0.0,0.0,0.0,40.0,0.0,Man Utd,2.0,3.0,Crystal Palace,Crystal Palace,0.0,0.0,1.5900746235322747,,2.0,3.1801492470645494
ryan_gravenberch,1,5,MID,Liverpool,17,0,0,0,4,0,0,2,2.2,1.0,0.0,26.0,0.0,16.0,0.05,0.11,0.06,1.1,2.0,0.0,4.4,24.4,77.0,0.0,0.0,0.0,0.0,0.0,1.0,4.0,5.0,0.0,0.0,0.0,60.0,0.0,Newcastle,2.0,1.0,Everton,Everton,2.0,3.0,2.7364961738872946,14970.0,0.9787516968834412,2.678350273707234
ryan_sessegnon,1,1,DEF,Fulham,6,1,0,0,2,0,0,4,1.7,0.0,0.0,7.0,0.0,0.5,0.0,0.03,0.03,0.03,0.0,0.0,2.6,6.6,17.0,0.0,0.0,0.0,0.0,0.0,0.0,19.0,1.0,0.0,0.0,0.0,45.0,0.0,Chelsea,2.0,0.0,Bournemouth,Bournemouth,1.0,0.0,1.941085395507741,,1.7772507793939916,3.449795532036427
ryan_yates,1,0,MID,Nott'm Forest,13,1,0,0,3,0,0,3,0.0,0.0,0.0,0.0,0.0,0.0,0.0,0.0,0.0,0.0,0.0,0.0,0.0,0.0,0.0,0.0,0.0,0.0,0.0,0.0,0.0,0.0,0.0,0.0,0.0,0.0,45.0,0.0,Leeds,0.0,0.0,Chelsea,Chelsea,3.0,3.0,0.20148347621853824,,0.5,0.10074173810926912
sam_szmodics,1,0,MID,Ipswich Town,20,1,0,0,2,0,0,3,0.0,0.0,0.0,0.0,0.0,0.0,0.0,0.0,0.0,0.0,0.0,0.0,0.0,0.0,0.0,0.0,0.0,0.0,0.0,0.0,0.0,0.0,0.0,0.0,0.0,0.0,50.0,0.0,Sunderland,2.0,3.0,Aston Villa,Aston Villa,0.0,0.0,0.18262297091192936,,1.8584836898691064,0.33940181283526094
samuel_iling_junior,1,0,MID,Aston Villa,5,0,0,0,4,0,0,2,0.0,0.0,0.0,0.0,0.0,0.0,0.0,0.0,0.0,0.0,0.0,0.0,0.0,0.0,0.0,0.0,0.0,0.0,0.0,0.0,0.0,0.0,0.0,0.0,0.0,0.0,50.0,0.0,Brighton,0.0,0.0,Ipswich Town,Ipswich Town,2.0,3.0,0.2906324258980395,,0.5,0.14531621294901975
sander_berge,1,2,MID,Fulham,6,1,0,0,2,0,0,4,1.5,0.0,0.0,14.0,0.0,23.1,0.03,0.06,0.03,2.21,3.0,0.0,4.4,13.6,72.0,0.0,0.0,0.0,0.0,0.0,1.0,7.0,2.0,0.0,0.0,0.0,50.0,0.0,Chelsea,2.0,0.0,Bournemouth,Bournemouth,1.0,0.0,2.0019833122945094,,0.6944526094211847,1.3902825352405885
sandro_tonali,1,2,MID,Spurs,4,0,0,0,3,0,0,3,2.0,0.0,0.0,14.0,0.0,6.4,0.06,0.1,0.04,3.87,3.0,0.0,2.1,6.2,90.0,0.0,0.0,0.0,0.0,0.0,1.0,8.0,2.0,0.0,0.0,0.0,55.0,0.0,Brentford,0.0,0.0,Sunderland,Sunderland,1.0,0.0,2.7568924200183256,14974.0,0.5,1.3784462100091628
sasa_lukic,1,5,MID,Ipswich Town,20,1,0,0,2,0,0,3,1.5,1.0,0.0,22.0,0.0,14.8,0.02,0.02,0.0,0.66,1.0,0.0,4.0,23.4,90.0,0.0,0.0,0.0,0.0,0.0,1.0,2.0,5.0,0.0,0.0,0.0,50.0,0.0,Sunderland,2.0,3.0,Aston Villa,Aston Villa,0.0,0.0,2.854122725930159,,1.8584836898691064,5.304340535025954
savio_moreira_de_oliveira,1,0,MID,Man City,3,1,0,0,4,0,0,3,2.3,0.0,0.0,0.0,0.0,0.0,0.0,0.0,0.0,0.0,0.0,0.0,0.0,0.0,0.0,0.0,0.0,0.0,0.0,0.0,0.0,0.0,0.0,0.0,0.0,0.0,65.0,0.0,Bournemouth,2.0,3.0,Arsenal,Arsenal,3.0,3.0,0.8629407899943454,15210.0,0.5,0.4314703949971727
sean_longstaff,1,1,MID,Leeds,18,0,0,0,3,0,0,3,1.5,0.0,0.0,3.0,0.0,0.2,0.0,0.0,0.0,0.07,0.0,0.0,0.0,0.0,8.0,0.0,0.0,0.0,0.0,0.0,0.0,0.0,1.0,0.0,0.0,0.0,50.0,0.0,Nott'm Forest,1.0,3.0,Coventry City,Coventry City,0.0,0.0,1.1405325647061546,,2.0,2.281065129412309
sean_neave,1,0,FWD,Newcastle,14,1,0,0,2,0,0,4,1.0,0.0,0.0,0.0,0.0,0.0,0.0,0.0,0.0,0.0,0.0,0.0,0.0,0.0,0.0,0.0,0.0,0.0,0.0,0.0,0.0,0.0,0.0,0.0,0.0,0.0,45.0,0.0,Liverpool,2.0,1.0,Brighton,Brighton,4.0,3.0,0.125796629078321,,,
sean_steur,1,1,MID,Newcastle,14,1,0,0,2,0,0,4,1.5,0.0,0.0,3.0,0.0,1.2,0.0,0.0,0.0,1.48,1.0,0.0,0.2,0.4,55.0,0.0,0.0,0.0,0.0,0.0,1.0,0.0,1.0,0.0,0.0,0.0,50.0,0.0,Liverpool,2.0,1.0,Brighton,Brighton,4.0,3.0,0.9939761840959885,,0.5,0.49698809204799427
sebastiaan_bornauw,1,0,DEF,Leeds,18,0,0,0,3,0,0,3,0.0,0.0,0.0,0.0,0.0,0.0,0.0,0.0,0.0,0.0,0.0,0.0,0.0,0.0,0.0,0.0,0.0,0.0,0.0,0.0,0.0,0.0,0.0,0.0,0.0,0.0,45.0,0.0,Nott'm Forest,1.0,3.0,Coventry City,Coventry City,0.0,0.0,0.24269027365110363,,2.0,0.48538054730220725
semi_ajayi,1,14,DEF,Hull City,16,1,0,0,2,0,0,4,1.0,0.0,2.0,39.0,1.0,0.2,0.0,0.52,0.52,0.86,0.0,1.0,7.9,44.2,63.0,0.0,0.0,0.0,0.0,0.0,1.0,35.0,14.0,0.0,0.0,0.0,40.0,0.0,Man Utd,2.0,3.0,Crystal Palace,Crystal Palace,0.0,0.0,1.3350522570917382,,2.0,2.6701045141834765
senne_lammens,1,1,GK,Man Utd,11,0,0,0,4,0,0,2,2.6,0.0,0.0,7.0,0.0,0.0,0.0,0.0,0.0,1.01,2.0,0.0,2.0,20.2,90.0,0.0,0.0,0.0,0.0,2.0,1.0,0.0,1.0,0.0,0.0,0.0,50.0,0.0,Hull City,0.0,0.0,Brentford,Brentford,3.0,3.0,3.6389723128166667,14970.0,0.5,1.8194861564083333
sepp_van_den_berg,1,0,DEF,Brentford,19,1,0,0,3,0,0,3,0.0,0.0,0.0,0.0,0.0,0.0,0.0,0.0,0.0,0.0,0.0,0.0,0.0,0.0,0.0,0.0,0.0,0.0,0.0,0.0,0.0,0.0,0.0,0.0,0.0,0.0,50.0,0.0,Spurs,3.0,3.0,Man Utd,Man Utd,0.0,0.0,0.4606677756280837,,2.0,0.9213355512561674
shea_charles,1,1,MID,Fulham,6,1,0,0,2,0,0,4,1.5,0.0,0.0,5.0,0.0,1.3,0.0,0.0,0.0,0.03,0.0,0.0,0.5,3.4,23.0,0.0,0.0,0.0,0.0,0.0,0.0,0.0,1.0,0.0,0.0,0.0,50.0,0.0,Chelsea,2.0,0.0,Bournemouth,Bournemouth,1.0,0.0,1.65200083890919,,0.6944526094211847,1.1472362933464733
shea_lacey,1,1,MID,Man Utd,11,0,0,0,4,0,0,2,1.5,0.0,0.0,3.0,0.0,0.6,0.0,0.0,0.0,0.0,0.0,0.0,0.1,0.2,10.0,0.0,0.0,0.0,0.0,0.0,0.0,0.0,1.0,0.0,0.0,0.0,50.0,0.0,Hull City,0.0,0.0,Brentford,Brentford,3.0,3.0,1.3459467852860023,,0.5,0.6729733926430012
shumaira_mheuka,1,0,FWD,Chelsea,10,0,0,0,4,0,0,2,1.0,0.0,0.0,0.0,0.0,0.0,0.0,0.0,0.0,0.0,0.0,0.0,0.0,0.0,0.0,0.0,0.0,0.0,0.0,0.0,0.0,0.0,0.0,0.0,0.0,0.0,45.0,0.0,Fulham,3.0,3.0,Nott'm Forest,Nott'm Forest,0.0,0.0,0.15113932213870207,,0.718395061728395,0.10857774265742065
sidiki_cherif,1,0,FWD,Coventry City,1,0,0,0,2,0,0,4,1.4,0.0,0.0,0.0,0.0,0.0,0.0,0.0,0.0,0.0,0.0,0.0,0.0,0.0,0.0,0.0,0.0,0.0,0.0,0.0,0.0,0.0,0.0,0.0,0.0,0.0,50.0,0.0,Arsenal,0.0,0.0,Leeds,Leeds,1.0,3.0,0.31096187177396906,,0.5627060950962662,0.17498014058975597
simon_adingra,1,0,MID,Sunderland,12,0,0,0,3,0,0,2,0.0,0.0,0.0,0.0,0.0,0.0,0.0,0.0,0.0,0.0,0.0,0.0,0.0,0.0,0.0,0.0,0.0,0.0,0.0,0.0,0.0,0.0,0.0,0.0,0.0,0.0,50.0,0.0,Ipswich Town,1.0,0.0,Spurs,Spurs,0.0,0.0,0.199263825325392,,1.7621031720285787,0.3511234186764219
sindre_walle_egeli,1,1,FWD,Ipswich Town,20,1,0,0,2,0,0,3,1.0,0.0,0.0,3.0,0.0,0.1,0.0,0.0,0.0,0.03,0.0,0.0,0.0,0.0,10.0,0.0,0.0,0.0,0.0,0.0,0.0,0.0,1.0,0.0,0.0,0.0,45.0,0.0,Sunderland,2.0,3.0,Aston Villa,Aston Villa,0.0,0.0,1.3558122505211625,,2.0,2.711624501042325
stefan_bajcetic_maquieira,1,0,MID,Liverpool,17,0,0,0,4,0,0,2,0.0,0.0,0.0,0.0,0.0,0.0,0.0,0.0,0.0,0.0,0.0,0.0,0.0,0.0,0.0,0.0,0.0,0.0,0.0,0.0,0.0,0.0,0.0,0.0,0.0,0.0,50.0,0.0,Newcastle,2.0,1.0,Everton,Everton,2.0,3.0,0.2514461667119554,,0.9787516968834412,0.246103362344163
stefanos_tzimas,1,0,FWD,Brighton,2,1,0,0,2,0,0,4,0.0,0.0,0.0,0.0,0.0,0.0,0.0,0.0,0.0,0.0,0.0,0.0,0.0,0.0,0.0,0.0,0.0,0.0,0.0,0.0,0.0,0.0,0.0,0.0,0.0,0.0,55.0,0.0,Aston Villa,4.0,3.0,Newcastle,Newcastle,2.0,1.0,0.2559962502580466,,0.6080459770114941,0.15565749009943292
steven_benda,1,0,GK,Nott'm Forest,13,1,0,0,3,0,0,3,1.9,0.0,0.0,0.0,0.0,0.0,0.0,0.0,0.0,0.0,0.0,0.0,0.0,0.0,0.0,0.0,0.0,0.0,0.0,0.0,0.0,0.0,0.0,0.0,0.0,0.0,45.0,0.0,Leeds,0.0,0.0,Chelsea,Chelsea,3.0,3.0,0.4184478089878052,,1.0,0.4184478089878052
sven_botman,1,3,DEF,Newcastle,14,1,0,0,2,0,0,4,2.2,0.0,0.0,4.0,0.0,0.3,0.01,0.01,0.0,2.98,2.0,0.0,3.3,32.4,90.0,0.0,0.0,0.0,0.0,0.0,1.0,0.0,3.0,0.0,0.0,0.0,50.0,0.0,Liverpool,2.0,1.0,Brighton,Brighton,4.0,3.0,3.056851701466929,,0.5,1.5284258507334645
taiwo_awoniyi,1,1,FWD,Coventry City,1,0,0,0,2,0,0,4,1.8,0.0,0.0,4.0,0.0,1.4,0.0,0.0,0.0,0.29,0.0,0.0,0.1,0.0,20.0,0.0,0.0,0.0,0.0,0.0,0.0,0.0,1.0,0.0,0.0,0.0,55.0,0.0,Arsenal,0.0,0.0,Leeds,Leeds,1.0,3.0,2.1234067738219937,,0.5627060950962662,1.1948539339983346
takehiro_tomiyasu,1,1,DEF,Crystal Palace,9,0,0,0,3,0,0,3,1.7,0.0,0.0,3.0,0.0,2.4,0.01,0.01,0.0,0.14,0.0,0.0,0.5,2.4,18.0,0.0,0.0,0.0,0.0,0.0,0.0,0.0,1.0,0.0,0.0,0.0,45.0,0.0,Everton,0.0,0.0,Hull City,Hull City,2.0,3.0,1.515399441005476,,0.5,0.757699720502738
tammy_abraham,1,0,FWD,Aston Villa,5,0,0,0,4,0,0,2,1.3,0.0,0.0,0.0,0.0,0.0,0.0,0.0,0.0,0.0,0.0,0.0,0.0,0.0,0.0,0.0,0.0,0.0,0.0,0.0,0.0,0.0,0.0,0.0,0.0,0.0,55.0,0.0,Brighton,0.0,0.0,Ipswich Town,Ipswich Town,2.0,3.0,0.3518689094154095,,,
tanaka_ao,1,0,MID,Leeds,18,0,0,0,3,0,0,3,1.5,0.0,0.0,0.0,0.0,0.0,0.0,0.0,0.0,0.0,0.0,0.0,0.0,0.0,0.0,0.0,0.0,0.0,0.0,0.0,0.0,0.0,0.0,0.0,0.0,0.0,50.0,0.0,Nott'm Forest,1.0,3.0,Coventry City,Coventry City,0.0,0.0,0.34448253775150217,,2.0,0.6889650755030043
tarik_muharemovic,1,6,DEF,Leeds,18,0,0,0,3,0,0,3,2.2,0.0,0.0,25.0,1.0,0.6,0.0,0.09,0.09,0.66,0.0,0.0,3.3,15.6,90.0,0.0,0.0,0.0,0.0,0.0,1.0,17.0,6.0,0.0,0.0,0.0,50.0,0.0,Nott'm Forest,1.0,3.0,Coventry City,Coventry City,0.0,0.0,3.023904866109784,61014.0,2.0,6.047809732219568
tatsuhiro_sakamoto,1,0,MID,Coventry City,1,0,0,0,2,0,0,4,1.5,0.0,0.0,0.0,0.0,0.0,0.0,0.0,0.0,0.0,0.0,0.0,0.0,0.0,0.0,0.0,0.0,0.0,0.0,0.0,0.0,0.0,0.0,0.0,0.0,0.0,50.0,0.0,Arsenal,0.0,0.0,Leeds,Leeds,1.0,3.0,0.4011960460976678,,0.5,0.2005980230488339
thierno_barry,1,8,FWD,Everton,8,1,0,0,3,0,0,3,1.8,0.0,2.0,37.0,1.0,19.0,0.09,0.54,0.45,1.62,0.0,1.0,9.8,38.0,78.0,0.0,0.0,0.0,0.0,0.0,1.0,41.0,8.0,0.0,0.0,0.0,55.0,0.0,Crystal Palace,2.0,3.0,Liverpool,Liverpool,2.0,1.0,3.6951441422544766,,2.0,7.390288284508953
thimothee_lo_tutala,1,0,GK,Hull City,16,1,0,0,2,0,0,4,0.0,0.0,0.0,0.0,0.0,0.0,0.0,0.0,0.0,0.0,0.0,0.0,0.0,0.0,0.0,0.0,0.0,0.0,0.0,0.0,0.0,0.0,0.0,0.0,0.0,0.0,40.0,0.0,Man Utd,2.0,3.0,Crystal Palace,Crystal Palace,0.0,0.0,-0.006957198064402315,,2.0,-0.01391439612880463
thomas_meunier,1,1,DEF,Sunderland,12,0,0,0,3,0,0,2,1.7,0.0,0.0,5.0,0.0,5.3,0.08,0.16,0.08,1.8,2.0,0.0,3.0,13.8,90.0,0.0,0.0,0.0,0.0,0.0,1.0,11.0,1.0,0.0,0.0,0.0,45.0,0.0,Ipswich Town,1.0,0.0,Spurs,Spurs,0.0,0.0,2.374514708633539,,1.6045153419715095,3.809945279739522
tijjani_reijnders,1,0,MID,Man City,3,1,0,0,4,0,0,3,0.0,0.0,0.0,0.0,0.0,0.0,0.0,0.0,0.0,0.0,0.0,0.0,0.0,0.0,0.0,0.0,0.0,0.0,0.0,0.0,0.0,0.0,0.0,0.0,0.0,0.0,60.0,0.0,Bournemouth,2.0,3.0,Arsenal,Arsenal,3.0,3.0,0.5254429722475815,,0.5,0.26272148612379076
tim_iroegbunam,1,0,MID,Everton,8,1,0,0,3,0,0,3,0.0,0.0,0.0,0.0,0.0,0.0,0.0,0.0,0.0,0.0,0.0,0.0,0.0,0.0,0.0,0.0,0.0,0.0,0.0,0.0,0.0,0.0,0.0,0.0,0.0,0.0,50.0,0.0,Crystal Palace,2.0,3.0,Liverpool,Liverpool,2.0,1.0,0.24783445890780786,,1.442480845106571,0.3574964597318644
timothy_castagne,1,6,DEF,Fulham,6,1,0,0,2,0,0,4,1.7,2.0,0.0,21.0,0.0,27.8,0.18,0.27,0.09,2.24,3.0,0.0,8.9,38.0,90.0,0.0,0.0,0.0,0.0,0.0,1.0,23.0,6.0,0.0,0.0,0.0,45.0,1.0,Chelsea,2.0,0.0,Bournemouth,Bournemouth,1.0,0.0,3.5750833454405684,,1.7772507793939916,6.353819662082729
tino_livramento,1,0,DEF,Newcastle,14,1,0,0,2,0,0,4,0.0,0.0,0.0,0.0,0.0,0.0,0.0,0.0,0.0,0.0,0.0,0.0,0.0,0.0,0.0,0.0,0.0,0.0,0.0,0.0,0.0,0.0,0.0,0.0,0.0,0.0,50.0,0.0,Liverpool,2.0,1.0,Brighton,Brighton,4.0,3.0,0.6858977484909644,,0.5,0.3429488742454822
toby_collyer,1,0,MID,Man Utd,11,0,0,0,4,0,0,2,1.5,0.0,0.0,0.0,0.0,0.0,0.0,0.0,0.0,0.0,0.0,0.0,0.0,0.0,0.0,0.0,0.0,0.0,0.0,0.0,0.0,0.0,0.0,0.0,0.0,0.0,50.0,0.0,Hull City,0.0,0.0,Brentford,Brentford,3.0,3.0,0.4634207701196409,,0.5,0.23171038505982045
tom_cairney,1,0,MID,Fulham,6,1,0,0,2,0,0,4,0.0,0.0,0.0,0.0,0.0,0.0,0.0,0.0,0.0,0.0,0.0,0.0,0.0,0.0,0.0,0.0,0.0,0.0,0.0,0.0,0.0,0.0,0.0,0.0,0.0,0.0,50.0,0.0,Chelsea,2.0,0.0,Bournemouth,Bournemouth,1.0,0.0,0.21019260270742057,,0.6944526094211847,0.14596880143119859
tom_heaton,1,0,GK,Man Utd,11,0,0,0,4,0,0,2,0.0,0.0,0.0,0.0,0.0,0.0,0.0,0.0,0.0,0.0,0.0,0.0,0.0,0.0,0.0,0.0,0.0,0.0,0.0,0.0,0.0,0.0,0.0,0.0,0.0,0.0,40.0,0.0,Hull City,0.0,0.0,Brentford,Brentford,3.0,3.0,0.2875309859820525,,0.5,0.14376549299102626
tom_king,1,0,GK,Everton,8,1,0,0,3,0,0,3,1.9,0.0,0.0,0.0,0.0,0.0,0.0,0.0,0.0,0.0,0.0,0.0,0.0,0.0,0.0,0.0,0.0,0.0,0.0,0.0,0.0,0.0,0.0,0.0,0.0,0.0,45.0,0.0,Crystal Palace,2.0,3.0,Liverpool,Liverpool,2.0,1.0,0.4874760683643691,,1.75,0.8530831196376458
tom_watson,1,0,MID,Brighton,2,1,0,0,2,0,0,4,0.0,0.0,0.0,0.0,0.0,0.0,0.0,0.0,0.0,0.0,0.0,0.0,0.0,0.0,0.0,0.0,0.0,0.0,0.0,0.0,0.0,0.0,0.0,0.0,0.0,0.0,50.0,0.0,Aston Villa,4.0,3.0,Newcastle,Newcastle,2.0,1.0,0.20746728964989192,,2.0,0.41493457929978383
tosin_adarabioyo,1,0,DEF,Chelsea,10,0,0,0,4,0,0,2,1.7,0.0,0.0,0.0,0.0,0.0,0.0,0.0,0.0,0.0,0.0,0.0,0.0,0.0,0.0,0.0,0.0,0.0,0.0,0.0,0.0,0.0,0.0,0.0,0.0,0.0,45.0,0.0,Fulham,3.0,3.0,Nott'm Forest,Nott'm Forest,0.0,0.0,0.48520891153690016,,2.0,0.9704178230738003
trai_hume,1,2,DEF,Sunderland,12,0,0,0,3,0,0,2,1.7,0.0,0.0,14.0,0.0,39.4,0.27,0.31,0.04,1.69,1.0,0.0,6.2,9.4,79.0,0.0,0.0,0.0,0.0,0.0,1.0,13.0,2.0,0.0,0.0,0.0,45.0,0.0,Ipswich Town,1.0,0.0,Spurs,Spurs,0.0,0.0,2.348199308011902,61014.0,1.6045153419715095,3.7677218157119787
trevoh_chalobah,1,0,DEF,Chelsea,10,0,0,0,4,0,0,2,0.0,0.0,0.0,0.0,0.0,0.0,0.0,0.0,0.0,0.0,0.0,0.0,0.0,0.0,0.0,0.0,0.0,0.0,0.0,0.0,0.0,0.0,0.0,0.0,0.0,0.0,55.0,0.0,Fulham,3.0,3.0,Nott'm Forest,Nott'm Forest,0.0,0.0,0.6372236920878733,,2.0,1.2744473841757467
trey_nyoni,1,0,MID,Liverpool,17,0,0,0,4,0,0,2,1.5,0.0,0.0,0.0,0.0,0.0,0.0,0.0,0.0,0.0,0.0,0.0,0.0,0.0,0.0,0.0,0.0,0.0,0.0,0.0,0.0,0.0,0.0,0.0,0.0,0.0,50.0,0.0,Newcastle,2.0,1.0,Everton,Everton,2.0,3.0,0.39312214892257025,,0.9787516968834412,0.3847689703404305
triston_rowe,1,0,DEF,Aston Villa,5,0,0,0,4,0,0,2,1.0,0.0,0.0,0.0,0.0,0.0,0.0,0.0,0.0,0.0,0.0,0.0,0.0,0.0,0.0,0.0,0.0,0.0,0.0,0.0,0.0,0.0,0.0,0.0,0.0,0.0,40.0,0.0,Brighton,0.0,0.0,Ipswich Town,Ipswich Town,2.0,3.0,0.256531805833768,,0.5,0.128265902916884
tyler_adams,1,1,MID,Bournemouth,15,0,0,0,3,0,0,4,1.1,0.0,0.0,4.0,0.0,0.6,0.0,0.0,0.0,0.31,2.0,0.0,0.4,3.6,15.0,0.0,0.0,0.0,0.0,0.0,0.0,0.0,1.0,0.0,0.0,0.0,50.0,0.0,Man City,1.0,0.0,Fulham,Fulham,2.0,0.0,1.3023972251830125,,1.6410044370606494,2.137239625340801
tyler_bindon,1,0,DEF,Nott'm Forest,13,1,0,0,3,0,0,3,1.0,0.0,0.0,0.0,0.0,0.0,0.0,0.0,0.0,0.0,0.0,0.0,0.0,0.0,0.0,0.0,0.0,0.0,0.0,0.0,0.0,0.0,0.0,0.0,0.0,0.0,40.0,0.0,Leeds,0.0,0.0,Chelsea,Chelsea,3.0,3.0,0.32033479009568055,,1.1237010000870202,0.35996052399318196
tyler_dibling,1,0,MID,Everton,8,1,0,0,3,0,0,3,2.0,0.0,0.0,0.0,0.0,0.0,0.0,0.0,0.0,0.0,0.0,0.0,0.0,0.0,0.0,0.0,0.0,0.0,0.0,0.0,0.0,0.0,0.0,0.0,0.0,0.0,55.0,0.0,Crystal Palace,2.0,3.0,Liverpool,Liverpool,2.0,1.0,0.5569970802124491,,1.442480845106571,0.8034576189867461
tyler_fletcher,1,0,MID,Man Utd,11,0,0,0,4,0,0,2,1.0,0.0,0.0,0.0,0.0,0.0,0.0,0.0,0.0,0.0,0.0,0.0,0.0,0.0,0.0,0.0,0.0,0.0,0.0,0.0,0.0,0.0,0.0,0.0,0.0,0.0,45.0,0.0,Hull City,0.0,0.0,Brentford,Brentford,3.0,3.0,0.29593413102561494,,0.5,0.14796706551280747
tyler_fredricson,1,0,DEF,Man Utd,11,0,0,0,4,0,0,2,0.0,0.0,0.0,0.0,0.0,0.0,0.0,0.0,0.0,0.0,0.0,0.0,0.0,0.0,0.0,0.0,0.0,0.0,0.0,0.0,0.0,0.0,0.0,0.0,0.0,0.0,40.0,0.0,Hull City,0.0,0.0,Brentford,Brentford,3.0,3.0,0.20204240634944148,,0.5,0.10102120317472074
tyrick_mitchell,1,1,DEF,Crystal Palace,9,0,0,0,3,0,0,3,1.7,0.0,0.0,9.0,0.0,13.8,0.01,0.01,0.0,1.12,2.0,0.0,2.7,11.6,90.0,0.0,0.0,0.0,0.0,0.0,1.0,2.0,1.0,0.0,0.0,0.0,45.0,0.0,Everton,0.0,0.0,Hull City,Hull City,2.0,3.0,2.499230240678125,15210.0,0.5,1.2496151203390624
tyrique_george,1,3,MID,Everton,8,1,0,0,3,0,0,3,2.0,0.0,0.0,13.0,1.0,23.4,0.08,0.26,0.18,1.67,0.0,0.0,5.5,7.0,83.0,0.0,0.0,0.0,0.0,0.0,1.0,25.0,3.0,0.0,0.0,0.0,55.0,0.0,Crystal Palace,2.0,3.0,Liverpool,Liverpool,2.0,1.0,3.439991302422582,,1.442480845106571,4.96212156107778
tyrone_mings,1,1,DEF,Aston Villa,5,0,0,0,4,0,0,2,1.7,0.0,0.0,5.0,0.0,0.0,0.0,0.0,0.0,0.22,0.0,0.0,0.2,2.0,16.0,0.0,0.0,0.0,0.0,0.0,0.0,0.0,1.0,0.0,0.0,0.0,45.0,0.0,Brighton,0.0,0.0,Ipswich Town,Ipswich Town,2.0,3.0,1.3808016293340735,,0.5,0.6904008146670367
valentin_barco,1,0,MID,Chelsea,10,0,0,0,4,0,0,2,2.0,0.0,0.0,0.0,0.0,0.0,0.0,0.0,0.0,0.0,0.0,0.0,0.0,0.0,0.0,0.0,0.0,0.0,0.0,0.0,0.0,0.0,0.0,0.0,0.0,0.0,55.0,0.0,Fulham,3.0,3.0,Nott'm Forest,Nott'm Forest,0.0,0.0,0.4716020075876126,,2.0,0.9432040151752252
veljko_milosavljevic,1,0,DEF,Bournemouth,15,0,0,0,3,0,0,4,0.0,0.0,0.0,0.0,0.0,0.0,0.0,0.0,0.0,0.0,0.0,0.0,0.0,0.0,0.0,0.0,0.0,0.0,0.0,0.0,0.0,0.0,0.0,0.0,0.0,0.0,50.0,0.0,Man City,1.0,0.0,Fulham,Fulham,2.0,0.0,0.47029534030619535,,0.5,0.23514767015309768
victor_lindelof,1,-2,DEF,Aston Villa,5,0,0,0,4,0,0,2,1.7,0.0,0.0,-13.0,0.0,0.1,0.0,0.0,0.0,3.77,4.0,0.0,0.2,1.8,90.0,1.0,0.0,0.0,0.0,0.0,1.0,0.0,-2.0,0.0,0.0,0.0,45.0,0.0,Brighton,0.0,0.0,Ipswich Town,Ipswich Town,2.0,3.0,2.283832185786204,,0.5,1.141916092893102
victor_munoz,1,4,MID,Liverpool,17,0,0,0,4,0,0,2,2.3,1.0,0.0,15.0,0.0,8.9,0.04,0.14,0.1,1.07,0.0,0.0,2.7,4.0,27.0,0.0,0.0,0.0,0.0,0.0,0.0,14.0,4.0,0.0,0.0,0.0,65.0,0.0,Newcastle,2.0,1.0,Everton,Everton,2.0,3.0,2.892697941207194,14972.0,0.9787516968834412,2.831233018527778
victor_torp,1,1,MID,Coventry City,1,0,0,0,2,0,0,4,2.0,0.0,0.0,8.0,0.0,16.4,0.11,0.11,0.0,0.32,0.0,0.0,2.3,6.8,28.0,0.0,0.0,0.0,0.0,0.0,0.0,0.0,1.0,0.0,0.0,0.0,55.0,0.0,Arsenal,0.0,0.0,Leeds,Leeds,1.0,3.0,2.19013797638117,,0.5,1.095068988190585
viktor_gyokeres,1,0,FWD,Arsenal,7,1,0,0,4,0,0,2,2.4,0.0,0.0,0.0,0.0,0.0,0.0,0.0,0.0,0.0,0.0,0.0,0.0,0.0,0.0,0.0,0.0,0.0,0.0,0.0,0.0,0.0,0.0,0.0,0.0,0.0,75.0,0.0,Coventry City,3.0,3.0,Man City,Man City,2.0,3.0,0.8482846914966264,14969.0,1.9812734082396997,1.6806839018790833
virgil_van_dijk,1,2,DEF,Liverpool,17,0,0,0,4,0,0,2,3.1,0.0,0.0,8.0,0.0,1.6,0.01,0.26,0.25,1.58,2.0,0.0,5.1,25.6,90.0,0.0,0.0,0.0,0.0,0.0,1.0,24.0,2.0,0.0,0.0,0.0,65.0,1.0,Newcastle,2.0,1.0,Everton,Everton,2.0,3.0,4.4500333593348955,61014.0,0.5,2.2250166796674478
vitalii_mykolenko,1,6,DEF,Everton,8,1,0,0,3,0,0,3,1.7,0.0,0.0,27.0,1.0,13.8,0.05,0.05,0.0,1.96,0.0,0.0,2.9,12.8,90.0,0.0,0.0,0.0,0.0,0.0,1.0,2.0,6.0,0.0,0.0,0.0,45.0,0.0,Crystal Palace,2.0,3.0,Liverpool,Liverpool,2.0,1.0,2.0281353715122137,,2.0,4.056270743024427
vitaly_janelt,1,9,MID,Brentford,19,1,0,0,3,0,0,3,1.5,0.0,0.0,35.0,1.0,38.8,0.17,0.56,0.39,0.57,0.0,1.0,11.6,53.2,90.0,0.0,0.0,0.0,0.0,0.0,1.0,24.0,9.0,0.0,0.0,0.0,50.0,1.0,Spurs,3.0,3.0,Man Utd,Man Utd,0.0,0.0,4.8207809247567175,,1.2041856403092235,5.805115164668658
vitezslav_jaros,1,0,GK,Liverpool,17,0,0,0,4,0,0,2,0.0,0.0,0.0,0.0,0.0,0.0,0.0,0.0,0.0,0.0,0.0,0.0,0.0,0.0,0.0,0.0,0.0,0.0,0.0,0.0,0.0,0.0,0.0,0.0,0.0,0.0,40.0,0.0,Newcastle,2.0,1.0,Everton,Everton,2.0,3.0,0.38806850977951335,,1.0,0.38806850977951335
vitor_de_oliveira_nunes_dos_reis,1,0,DEF,Man City,3,1,0,0,4,0,0,3,1.7,0.0,0.0,0.0,0.0,0.0,0.0,0.0,0.0,0.0,0.0,0.0,0.0,0.0,0.0,0.0,0.0,0.0,0.0,0.0,0.0,0.0,0.0,0.0,0.0,0.0,45.0,0.0,Bournemouth,2.0,3.0,Arsenal,Arsenal,3.0,3.0,0.6976737790235504,,0.9909519497227103,0.6913611915937986
walter_benitez,1,0,GK,Crystal Palace,9,0,0,0,3,0,0,3,1.9,0.0,0.0,0.0,0.0,0.0,0.0,0.0,0.0,0.0,0.0,0.0,0.0,0.0,0.0,0.0,0.0,0.0,0.0,0.0,0.0,0.0,0.0,0.0,0.0,0.0,45.0,0.0,Everton,0.0,0.0,Hull City,Hull City,2.0,3.0,0.30042440291862604,,0.5,0.15021220145931302
wellity_lucky,1,0,DEF,Liverpool,17,0,0,0,4,0,0,2,1.0,0.0,0.0,0.0,0.0,0.0,0.0,0.0,0.0,0.0,0.0,0.0,0.0,0.0,0.0,0.0,0.0,0.0,0.0,0.0,0.0,0.0,0.0,0.0,0.0,0.0,40.0,0.0,Newcastle,2.0,1.0,Everton,Everton,2.0,3.0,0.3234723307937992,,0.5,0.1617361653968996
wes_burns,1,0,MID,Ipswich Town,20,1,0,0,2,0,0,3,0.0,0.0,0.0,0.0,0.0,0.0,0.0,0.0,0.0,0.0,0.0,0.0,0.0,0.0,0.0,0.0,0.0,0.0,0.0,0.0,0.0,0.0,0.0,0.0,0.0,0.0,50.0,0.0,Sunderland,2.0,3.0,Aston Villa,Aston Villa,0.0,0.0,0.18262297091192936,,1.8584836898691064,0.33940181283526094
wesley_fofana,1,0,DEF,Chelsea,10,0,0,0,4,0,0,2,0.0,0.0,0.0,0.0,0.0,0.0,0.0,0.0,0.0,0.0,0.0,0.0,0.0,0.0,0.0,0.0,0.0,0.0,0.0,0.0,0.0,0.0,0.0,0.0,0.0,0.0,50.0,0.0,Fulham,3.0,3.0,Nott'm Forest,Nott'm Forest,0.0,0.0,0.4606677756280837,,2.0,0.9213355512561674
wilfried_gnonto,1,0,MID,Leeds,18,0,0,0,3,0,0,3,0.0,0.0,0.0,0.0,0.0,0.0,0.0,0.0,0.0,0.0,0.0,0.0,0.0,0.0,0.0,0.0,0.0,0.0,0.0,0.0,0.0,0.0,0.0,0.0,0.0,0.0,50.0,0.0,Nott'm Forest,1.0,3.0,Coventry City,Coventry City,0.0,0.0,0.20280655554088733,,2.0,0.40561311108177467
will_dennis,1,0,GK,Bournemouth,15,0,0,0,3,0,0,4,1.0,0.0,0.0,0.0,0.0,0.0,0.0,0.0,0.0,0.0,0.0,0.0,0.0,0.0,0.0,0.0,0.0,0.0,0.0,0.0,0.0,0.0,0.0,0.0,0.0,0.0,40.0,0.0,Man City,1.0,0.0,Fulham,Fulham,2.0,0.0,-0.16548328584396876,,1.0,-0.16548328584396876
will_hughes,1,0,MID,Crystal Palace,9,0,0,0,3,0,0,3,1.0,0.0,0.0,0.0,0.0,0.0,0.0,0.0,0.0,0.0,0.0,0.0,0.0,0.0,0.0,0.0,0.0,0.0,0.0,0.0,0.0,0.0,0.0,0.0,0.0,0.0,45.0,0.0,Everton,0.0,0.0,Hull City,Hull City,2.0,3.0,0.26482176901462817,,0.5,0.13241088450731409
william_osula,1,4,FWD,Newcastle,14,1,0,0,2,0,0,4,2.0,1.0,0.0,18.0,0.0,13.7,0.14,0.2,0.06,1.48,1.0,0.0,5.0,28.2,55.0,0.0,0.0,0.0,0.0,0.0,1.0,8.0,4.0,0.0,0.0,0.0,60.0,0.0,Liverpool,2.0,1.0,Brighton,Brighton,4.0,3.0,1.0162577961128603,14974.0,,
william_saliba,1,0,DEF,Arsenal,7,1,0,0,4,0,0,2,0.0,0.0,0.0,0.0,0.0,0.0,0.0,0.0,0.0,0.0,0.0,0.0,0.0,0.0,0.0,0.0,0.0,0.0,0.0,0.0,0.0,0.0,0.0,0.0,0.0,0.0,60.0,0.0,Coventry City,3.0,3.0,Man City,Man City,2.0,3.0,0.9831522845309959,14970.0,1.3931055299241515,1.3696348843376933
wilson_isidor,1,1,FWD,Sunderland,12,0,0,0,3,0,0,2,1.8,0.0,0.0,3.0,0.0,0.2,0.0,0.0,0.0,0.1,1.0,0.0,0.0,0.0,23.0,0.0,0.0,0.0,0.0,0.0,0.0,0.0,1.0,0.0,0.0,0.0,55.0,0.0,Ipswich Town,1.0,0.0,Spurs,Spurs,0.0,0.0,2.227410700614551,79641.0,0.5,1.1137053503072756
wilson_odobert,1,0,MID,Spurs,4,0,0,0,3,0,0,3,0.0,0.0,0.0,0.0,0.0,0.0,0.0,0.0,0.0,0.0,0.0,0.0,0.0,0.0,0.0,0.0,0.0,0.0,0.0,0.0,0.0,0.0,0.0,0.0,0.0,0.0,55.0,0.0,Brentford,0.0,0.0,Sunderland,Sunderland,1.0,0.0,0.37082108365582456,,0.5,0.18541054182791228
xaver_schlager,1,1,MID,Nott'm Forest,13,1,0,0,3,0,0,3,1.5,0.0,0.0,3.0,0.0,1.0,0.0,0.0,0.0,0.13,1.0,0.0,0.4,0.6,16.0,0.0,0.0,0.0,0.0,0.0,0.0,2.0,1.0,0.0,0.0,0.0,50.0,0.0,Leeds,0.0,0.0,Chelsea,Chelsea,3.0,3.0,1.5688090804133386,,0.5,0.7844045402066693
xavi_simons,1,0,MID,Spurs,4,0,0,0,3,0,0,3,0.0,0.0,0.0,0.0,0.0,0.0,0.0,0.0,0.0,0.0,0.0,0.0,0.0,0.0,0.0,0.0,0.0,0.0,0.0,0.0,0.0,0.0,0.0,0.0,0.0,0.0,60.0,0.0,Brentford,0.0,0.0,Sunderland,Sunderland,1.0,0.0,0.4910823953463124,,0.5,0.2455411976731562
yankuba_minteh,1,0,MID,Brighton,2,1,0,0,2,0,0,4,0.0,0.0,0.0,0.0,0.0,0.0,0.0,0.0,0.0,0.0,0.0,0.0,0.0,0.0,0.0,0.0,0.0,0.0,0.0,0.0,0.0,0.0,0.0,0.0,0.0,0.0,60.0,0.0,Aston Villa,4.0,3.0,Newcastle,Newcastle,2.0,1.0,0.44798991303086777,,2.0,0.8959798260617355
yasin_ayari,1,2,MID,Brighton,2,1,0,0,2,0,0,4,2.0,0.0,0.0,8.0,1.0,15.0,0.03,0.14,0.11,0.19,0.0,0.0,1.7,0.0,63.0,0.0,0.0,0.0,0.0,0.0,1.0,6.0,2.0,0.0,0.0,0.0,55.0,1.0,Aston Villa,4.0,3.0,Newcastle,Newcastle,2.0,1.0,2.1592534299574546,,2.0,4.318506859914909
yehor_yarmoliuk,1,1,MID,Brentford,19,1,0,0,3,0,0,3,1.5,0.0,0.0,7.0,0.0,0.8,0.0,0.04,0.04,0.1,0.0,0.0,0.6,2.2,23.0,0.0,0.0,0.0,0.0,0.0,0.0,3.0,1.0,0.0,0.0,0.0,50.0,0.0,Spurs,3.0,3.0,Man Utd,Man Utd,0.0,0.0,1.644462434056226,,1.2041856403092235,1.9802380491184606
yeremy_pino_santos,1,1,MID,Crystal Palace,9,0,0,0,3,0,0,3,2.0,0.0,0.0,4.0,0.0,6.3,0.02,0.08,0.06,0.27,0.0,0.0,1.4,2.0,35.0,0.0,0.0,0.0,0.0,0.0,0.0,6.0,1.0,0.0,0.0,0.0,55.0,0.0,Everton,0.0,0.0,Hull City,Hull City,2.0,3.0,2.52405185733626,,0.5,1.26202592866813
yoane_wissa,1,4,FWD,Newcastle,14,1,0,0,2,0,0,4,2.0,1.0,0.0,7.0,0.0,16.3,0.02,1.02,1.0,2.19,1.0,0.0,6.4,20.0,90.0,0.0,0.0,0.0,0.0,0.0,1.0,28.0,4.0,0.0,0.0,0.0,60.0,1.0,Liverpool,2.0,1.0,Brighton,Brighton,4.0,3.0,4.01556606897378,14971.0,,
youri_tielemans,1,2,MID,Man Utd,11,0,0,0,4,0,0,2,2.2,0.0,0.0,13.0,0.0,11.3,0.11,0.15,0.04,0.94,2.0,0.0,2.0,5.0,66.0,0.0,0.0,0.0,0.0,0.0,1.0,4.0,2.0,0.0,0.0,0.0,60.0,0.0,Hull City,0.0,0.0,Brentford,Brentford,3.0,3.0,2.383215326813533,14974.0,0.5,1.1916076634067665
zach_abbott,1,0,DEF,Nott'm Forest,13,1,0,0,3,0,0,3,1.0,0.0,0.0,0.0,0.0,0.0,0.0,0.0,0.0,0.0,0.0,0.0,0.0,0.0,0.0,0.0,0.0,0.0,0.0,0.0,0.0,0.0,0.0,0.0,0.0,0.0,40.0,0.0,Leeds,0.0,0.0,Chelsea,Chelsea,3.0,3.0,0.3203347900956801,,1.1237010000870202,0.35996052399318146
zadok_yohanna,1,1,MID,Brighton,2,1,0,0,2,0,0,4,1.5,0.0,0.0,3.0,0.0,1.3,0.03,0.03,0.0,0.0,0.0,0.0,0.2,0.2,12.0,0.0,0.0,0.0,0.0,0.0,0.0,0.0,1.0,0.0,0.0,0.0,50.0,0.0,Aston Villa,4.0,3.0,Newcastle,Newcastle,2.0,1.0,1.3527306042796456,,2.0,2.7054612085592913
zavier_gozo,1,0,MID,Crystal Palace,9,0,0,0,3,0,0,3,1.5,0.0,0.0,0.0,0.0,0.0,0.0,0.0,0.0,0.0,0.0,0.0,0.0,0.0,0.0,0.0,0.0,0.0,0.0,0.0,0.0,0.0,0.0,0.0,0.0,0.0,50.0,0.0,Everton,0.0,0.0,Hull City,Hull City,2.0,3.0,0.43230840810865434,,0.5,0.21615420405432717
zion_suzuki,1,0,GK,Aston Villa,5,0,0,0,4,0,0,2,2.6,0.0,0.0,0.0,0.0,0.0,0.0,0.0,0.0,0.0,0.0,0.0,0.0,0.0,0.0,0.0,0.0,0.0,0.0,0.0,0.0,0.0,0.0,0.0,0.0,0.0,50.0,0.0,Brighton,0.0,0.0,Ipswich Town,Ipswich Town,2.0,3.0,0.43854715068326744,,0.5,0.21927357534163372
