full_name,gw,total_points,position,team,opponent_team,was_home,team_strength_attack,team_strength_defence,team_strength_overall,opponent_strength_attack,opponent_strength_defence,opponent_strength_overall,xP,assists,bonus,bps,clean_sheets,creativity,expected_assists,expected_goal_involvements,expected_goals,expected_goals_conceded,goals_conceded,goals_scored,ict_index,influence,minutes,own_goals,penalties_missed,penalties_saved,red_cards,saves,starts,threat,ewma_total_points,transfers_balance,transfers_in,transfers_out,value,yellow_cards,opponent_team_name,ewma_team_goals,ewma_team_points,team_name_nw_opponent,team_nw_opponent,ewma_team_goals_nw_opponent,ewma_team_points_nw_opponent,predicted_points,owner,fixture_diff_index,predicted_points_adj
aaron_anselmino,2,0,DEF,Chelsea,5,1,0,0,4,0,0,3,0.68,0.0,0.0,0.0,0.0,0.0,0.0,0.0,0.0,0.0,0.0,0.0,0.0,0.0,0.0,0.0,0.0,0.0,0.0,0.0,0.0,0.0,0.0,-194.4,73.2,267.59999999999997,45.0,0.0,Brighton,3.6,3.0,Arsenal,Arsenal,1.8000000000000003,3.0,0.5427115753726766,,0.5,0.2713557876863383
aaron_hickey,2,1,DEF,Brentford,13,0,0,0,3,0,0,2,1.28,0.0,0.0,4.3999999999999995,0.0,2.5799999999999996,0.012,0.012,0.0,0.04000000000000001,0.0,0.0,0.48,2.4,6.800000000000001,0.0,0.0,0.0,0.0,0.0,0.0,0.0,1.0,49.8,373.8,324.0,45.0,0.0,Leeds,1.8000000000000003,1.8000000000000003,Sunderland,Sunderland,1.0,1.7999999999999998,0.7945650086614194,,2.0,1.5891300173228389
aaron_wan_bissaka,2,1,DEF,Aston Villa,1,1,0,0,3,0,0,5,1.7,0.0,0.0,4.0,0.0,0.8,0.0,0.0,0.0,0.0,0.0,0.0,0.4,3.6,12.0,0.0,0.0,0.0,0.0,0.0,0.0,0.0,1.0,1383.0,1549.0,166.0,45.0,0.0,Arsenal,0.0,0.0,Hull City,Hull City,1.4,3.0,0.9237651859765628,,0.5,0.4618825929882814
abdoul_ouattara,2,1,DEF,Ipswich Town,16,0,0,0,2,0,0,4,1.0,0.0,0.0,1.0,0.0,4.36,0.0,0.0,0.0,0.528,0.6,0.0,0.6600000000000001,2.44,14.2,0.0,0.0,0.0,0.0,0.0,0.0,0.0,1.0,-1858.1999999999998,1661.3999999999999,3519.6,40.0,0.0,Man Utd,2.0,1.2000000000000002,Liverpool,Liverpool,2.0,1.0,0.7339677248698715,,0.8037214541405995,0.5899056071246805
abdukodir_khusanov,2,2,DEF,Man City,8,0,0,0,5,0,0,3,2.2,0.0,0.0,15.8,0.0,4.54,0.02,0.02,0.0,0.656,1.0,0.0,2.5999999999999996,19.4,88.8,0.0,0.0,0.0,0.0,0.0,1.0,2.4,2.0,-5070.599999999999,3651.6,8722.199999999999,55.0,0.0,Crystal Palace,3.2,3.0,Coventry City,Coventry City,0.0,0.0,2.726555867069445,14972.0,2.0,5.45311173413889
abdul_fatawu,2,4,MID,Ipswich Town,16,0,0,0,2,0,0,4,2.5999999999999996,0.6,0.0,23.8,0.0,36.739999999999995,0.29600000000000004,0.29600000000000004,0.0,3.0060000000000002,3.4,0.0,6.46,23.400000000000002,75.19999999999999,0.0,0.0,0.0,0.0,0.0,1.0,4.4,3.2,-1318.8,342.0,1660.8,55.0,0.6,Man Utd,2.0,1.2000000000000002,Liverpool,Liverpool,2.0,1.0,3.074923615721957,,1.2904377628115025,3.9679975514884984
abdulkadir_omur,2,0,MID,Hull City,7,0,0,0,2,0,0,2,0.6000000000000001,0.0,0.0,0.0,0.0,0.0,0.0,0.0,0.0,0.0,0.0,0.0,0.0,0.0,0.0,0.0,0.0,0.0,0.0,0.0,0.0,0.0,0.0,-106.8,125.39999999999999,232.2,50.0,0.0,Coventry City,1.4,3.0,Aston Villa,Aston Villa,0.0,0.0,0.512900600888875,,1.1253711500471155,0.5772035390821699
abu_kamara,2,0,MID,Hull City,7,0,0,0,2,0,0,2,0.0,0.0,0.0,0.0,0.0,0.0,0.0,0.0,0.0,0.0,0.0,0.0,0.0,0.0,0.0,0.0,0.0,0.0,0.0,0.0,0.0,0.0,0.0,-118.19999999999999,0.0,118.19999999999999,50.0,0.0,Coventry City,1.4,3.0,Aston Villa,Aston Villa,0.0,0.0,0.4518367028110868,,1.1253711500471155,0.5084839898760095
adam_aznou,2,0,DEF,Everton,3,0,0,0,3,0,0,3,0.4,0.0,0.0,0.0,0.0,0.0,0.0,0.0,0.0,0.0,0.0,0.0,0.0,0.0,0.0,0.0,0.0,0.0,0.0,0.0,0.0,0.0,0.0,-407.4,605.4,1012.8,40.0,0.0,Bournemouth,1.4,1.8000000000000003,Man Utd,Man Utd,3.0,1.7999999999999998,0.3619862146183612,,2.0,0.7239724292367224
adam_smith,2,1,DEF,Bournemouth,9,1,0,0,3,0,0,3,1.28,0.0,0.0,4.6,0.0,9.66,0.012,0.012,0.0,2.004,1.4,0.0,2.1799999999999997,12.16,90.0,0.0,0.0,0.0,0.0,0.0,1.0,0.0,1.0,1096.2,1707.0,610.8,45.0,0.6,Everton,1.0,0.6,Newcastle,Newcastle,2.0,2.1999999999999997,2.2390802315718696,,0.5,1.1195401157859348
adam_wharton,2,2,MID,Crystal Palace,15,1,0,0,3,0,0,5,2.5999999999999996,0.0,0.0,20.6,0.0,27.18,0.138,0.138,0.0,1.774,3.2,0.0,4.379999999999999,16.439999999999998,90.0,0.0,0.0,0.0,0.0,0.0,1.0,0.0,2.8,-654.0,4026.0,4680.0,55.0,0.0,Man City,0.6,0.0,Fulham,Fulham,0.8,0.0,2.982894848112494,,0.9928633625211627,2.9616070089440236
adrien_truffert,2,4,DEF,Bournemouth,9,1,0,0,3,0,0,3,2.5,0.0,1.2,16.2,0.0,14.739999999999998,0.042,0.042,0.0,2.004,1.4,0.0,4.04,22.84,90.0,0.0,0.0,0.0,0.0,0.0,1.0,2.4,2.8,-3132.0,12360.6,15492.599999999999,55.0,0.0,Everton,1.0,0.6,Newcastle,Newcastle,2.0,2.1999999999999997,2.9058911867412567,61014.0,0.5,1.4529455933706283
aladji_bamba,2,0,MID,Newcastle,19,0,0,0,3,0,0,3,0.9000000000000001,0.0,0.0,2.0,0.0,0.0,0.0,0.0,0.0,0.41600000000000004,0.4,0.0,0.16000000000000003,1.6,5.6000000000000005,0.0,0.0,0.0,0.0,0.0,0.0,0.0,0.4,-586.1999999999999,414.0,1000.1999999999999,50.0,0.0,Spurs,2.0,2.1999999999999997,Bournemouth,Bournemouth,1.0,0.6,0.6798801621202527,,0.7810309736599298,0.5310074649928519
alejandro_garnacho_ferreyra,2,1,MID,Aston Villa,1,1,0,0,3,0,0,5,1.48,0.0,0.0,2.5999999999999996,0.0,1.2,0.0,0.0,0.0,0.05600000000000001,0.0,0.0,0.12,0.12,8.799999999999999,0.0,0.0,0.0,0.0,0.0,0.0,0.0,1.0,-5132.4,1212.6,6345.0,60.0,0.0,Arsenal,0.0,0.0,Hull City,Hull City,1.4,3.0,1.015201829222692,,0.5,0.507600914611346
alex_cairns,2,0,GK,Leeds,4,1,0,0,2,0,0,3,1.0,0.0,0.0,0.0,0.0,0.0,0.0,0.0,0.0,0.0,0.0,0.0,0.0,0.0,0.0,0.0,0.0,0.0,0.0,0.0,0.0,0.0,0.0,0.0,0.0,0.0,40.0,0.0,Brentford,1.0,1.8000000000000003,Brighton,Brighton,3.4,1.2000000000000002,0.2534557967797124,,1.5999999999999999,0.4055292748475398
alex_iwobi,2,2,MID,Fulham,20,0,0,0,3,0,0,2,2.0,0.0,0.0,18.8,0.0,25.82,0.256,0.26199999999999996,0.006,2.108,1.8000000000000003,0.0,3.96,12.16,90.0,0.0,0.0,0.0,0.0,0.0,1.0,1.2,2.0,-1980.6,3657.0,5637.599999999999,55.0,0.0,Sunderland,0.8,0.0,Crystal Palace,Crystal Palace,0.6,0.0,3.0179059986697876,,1.0091673238434073,3.045572120288555
alex_murphy,2,0,DEF,Newcastle,19,0,0,0,3,0,0,3,0.0,0.0,0.0,0.0,0.0,0.0,0.0,0.0,0.0,0.0,0.0,0.0,0.0,0.0,0.0,0.0,0.0,0.0,0.0,0.0,0.0,0.0,0.0,-1965.6,0.0,1965.6,40.0,0.0,Spurs,2.0,2.1999999999999997,Bournemouth,Bournemouth,1.0,0.6,0.3116643123295426,,2.0,0.6233286246590852
alex_palmer,2,0,GK,Ipswich Town,16,0,0,0,2,0,0,4,0.4,0.0,0.0,0.0,0.0,0.0,0.0,0.0,0.0,0.0,0.0,0.0,0.0,0.0,0.0,0.0,0.0,0.0,0.0,0.0,0.0,0.0,0.0,-5797.2,4611.599999999999,10408.8,40.0,0.0,Man Utd,2.0,1.2000000000000002,Liverpool,Liverpool,2.0,1.0,0.23797463789983708,,0.5,0.11898731894991854
alex_scott,2,12,MID,Bournemouth,9,1,0,0,3,0,0,3,5.08,0.0,1.7999999999999998,30.2,0.6,21.18,0.166,0.322,0.156,1.9260000000000002,0.8,0.6,6.699999999999999,33.12,87.6,0.0,0.0,0.0,0.0,0.0,1.0,12.6,7.999999999999999,-2619.6,5112.0,7731.599999999999,60.0,0.6,Everton,1.0,0.6,Newcastle,Newcastle,2.0,2.1999999999999997,3.8287092603403146,14973.0,0.9908882275887397,3.7938229329312088
alex_toth,2,0,MID,Bournemouth,9,1,0,0,3,0,0,3,0.9000000000000001,0.0,0.0,2.0,0.0,0.24,0.0,0.0,0.0,0.124,0.8,0.0,0.12,1.1199999999999999,6.0,0.0,0.0,0.0,0.0,0.0,0.0,0.0,0.4,-27.599999999999998,60.0,87.6,50.0,0.0,Everton,1.0,0.6,Newcastle,Newcastle,2.0,2.1999999999999997,0.6767715902256888,,0.9908882275887397,0.6706050015211457
alexander_isak,2,8,FWD,Liverpool,18,1,0,0,4,0,0,3,4.08,0.0,1.2,20.4,0.0,12.02,0.004,1.034,1.03,2.012,2.0,0.6,9.2,24.96,90.0,0.0,0.0,0.0,0.0,0.0,1.0,55.2,5.6,-16858.2,43821.6,60679.799999999996,90.0,0.0,Nott'm Forest,2.0,1.0,Ipswich Town,Ipswich Town,2.0,1.2000000000000002,4.407125524917772,14973.0,1.3222317486837405,5.8272412894807735
alexis_mac_allister,2,2,MID,Liverpool,18,1,0,0,4,0,0,3,1.7,0.0,0.0,9.6,0.0,5.18,0.238,0.238,0.0,1.766,1.2,0.0,1.48,9.879999999999999,56.400000000000006,0.0,0.0,0.0,0.0,0.0,0.6,0.0,1.6,-8964.6,3940.2,12904.8,55.0,0.0,Nott'm Forest,2.0,1.0,Ipswich Town,Ipswich Town,2.0,1.2000000000000002,2.1613952176476503,,1.862003468953543,4.024525393039523
alfie_cresswell,2,0,MID,Leeds,4,1,0,0,2,0,0,3,0.4,0.0,0.0,0.0,0.0,0.0,0.0,0.0,0.0,0.0,0.0,0.0,0.0,0.0,0.0,0.0,0.0,0.0,0.0,0.0,0.0,0.0,0.0,1391.3999999999999,1817.3999999999999,426.0,45.0,0.0,Brentford,1.0,1.8000000000000003,Brighton,Brighton,3.4,1.2000000000000002,0.3915495092216865,,0.9472508144914338,0.37089559152396373
alfie_mcnally,2,0,GK,Fulham,20,0,0,0,3,0,0,2,0.4,0.0,0.0,0.0,0.0,0.0,0.0,0.0,0.0,0.0,0.0,0.0,0.0,0.0,0.0,0.0,0.0,0.0,0.0,0.0,0.0,0.0,0.0,111.0,483.0,372.0,40.0,0.0,Sunderland,0.8,0.0,Crystal Palace,Crystal Palace,0.6,0.0,0.23639061066082534,,1.5555555555555556,0.3677187276946172
ali_al_hamadi,2,0,FWD,Ipswich Town,16,0,0,0,2,0,0,4,0.5599999999999999,0.0,0.0,0.0,0.0,0.0,0.0,0.0,0.0,0.0,0.0,0.0,0.0,0.0,0.0,0.0,0.0,0.0,0.0,0.0,0.0,0.0,0.0,-1348.2,453.0,1801.2,50.0,0.0,Man Utd,2.0,1.2000000000000002,Liverpool,Liverpool,2.0,1.0,0.4963254429754904,,1.1505413270351472,0.5710429338023281
alisson_becker,2,0,GK,Liverpool,18,1,0,0,4,0,0,3,1.92,0.0,0.0,-0.19999999999999973,0.0,0.0,0.0,0.0,0.0,2.012,2.0,0.0,1.2000000000000002,11.68,90.0,0.0,0.0,0.0,0.0,1.8000000000000003,1.0,0.0,0.8,2450.4,15184.199999999999,12733.8,55.0,0.6,Nott'm Forest,2.0,1.0,Ipswich Town,Ipswich Town,2.0,1.2000000000000002,3.0451861631820965,15210.0,0.5,1.5225930815910482
altay_bayindir,2,0,GK,Man Utd,12,1,0,0,4,0,0,2,0.0,0.0,0.0,0.0,0.0,0.0,0.0,0.0,0.0,0.0,0.0,0.0,0.0,0.0,0.0,0.0,0.0,0.0,0.0,0.0,0.0,0.0,0.0,-352.8,0.0,352.8,45.0,0.0,Ipswich Town,3.0,1.7999999999999998,Everton,Everton,1.4,1.8000000000000003,0.37155256890839605,,0.6666666666666666,0.24770171260559737
alvaro_rodriguez,2,1,FWD,Bournemouth,9,1,0,0,3,0,0,3,0.9000000000000001,0.0,0.0,2.4,0.0,0.0,0.0,0.0,0.0,0.096,0.6,0.0,0.0,0.0,5.3999999999999995,0.0,0.0,0.0,0.0,0.0,0.0,0.0,0.6,-109.2,600.0,709.1999999999999,60.0,0.0,Everton,1.0,0.6,Newcastle,Newcastle,2.0,2.1999999999999997,0.857223343850431,50210.0,0.5587341843177389,0.4789599858043952
alysson_edward_franco_da_rocha_dos_santos,2,0,MID,Aston Villa,1,1,0,0,3,0,0,5,0.9000000000000001,0.0,0.0,3.2,0.0,0.48,0.0,0.0,0.0,0.068,0.0,0.0,0.4,2.3200000000000003,14.600000000000001,0.0,0.0,0.0,0.0,0.0,0.0,1.2,0.4,-151.79999999999998,205.79999999999998,357.59999999999997,50.0,0.6,Arsenal,0.0,0.0,Hull City,Hull City,1.4,3.0,0.8544121659690325,,0.5,0.42720608298451623
amad_diallo,2,0,MID,Man Utd,12,1,0,0,4,0,0,2,0.8800000000000001,0.0,0.0,0.0,0.0,0.0,0.0,0.0,0.0,0.0,0.0,0.0,0.0,0.0,0.0,0.0,0.0,0.0,0.0,0.0,0.0,0.0,0.0,-34729.799999999996,945.5999999999999,35675.4,59.4,0.0,Ipswich Town,3.0,1.7999999999999998,Everton,Everton,1.4,1.8000000000000003,0.7312704295307436,,1.0363820346939674,0.7578755356686036
amadou_onana,2,0,MID,Aston Villa,1,1,0,0,3,0,0,5,0.0,0.0,0.0,0.0,0.0,0.0,0.0,0.0,0.0,0.0,0.0,0.0,0.0,0.0,0.0,0.0,0.0,0.0,0.0,0.0,0.0,0.0,0.0,-223.2,94.2,317.4,50.0,0.0,Arsenal,0.0,0.0,Hull City,Hull City,1.4,3.0,0.4518367028110868,,0.5,0.2259183514055434
amar_dedic,2,11,DEF,Newcastle,19,0,0,0,3,0,0,3,4.279999999999999,0.6,1.2,21.8,0.6,18.72,0.036,0.048,0.012,1.8639999999999999,0.8,0.0,5.3,32.12,90.0,0.0,0.0,0.0,0.0,0.0,1.0,2.0,7.0,4921.8,6215.4,1293.6,45.0,0.0,Spurs,2.0,2.1999999999999997,Bournemouth,Bournemouth,1.0,0.6,3.051053704729293,14970.0,2.0,6.102107409458586
amario_cozier_duberry,2,0,MID,Brighton,6,0,0,0,3,0,0,4,1.5,0.0,0.0,0.0,0.0,0.0,0.0,0.0,0.0,0.0,0.0,0.0,0.0,0.0,0.0,0.0,0.0,0.0,0.0,0.0,0.0,0.0,0.0,0.0,0.0,0.0,50.0,0.0,Chelsea,3.4,1.2000000000000002,Leeds,Leeds,1.0,1.8000000000000003,0.6044964480055577,,1.4413143626859686,0.8712694127030621
amine_adli,2,0,MID,Bournemouth,9,1,0,0,3,0,0,3,0.0,0.0,0.0,0.0,0.0,0.0,0.0,0.0,0.0,0.0,0.0,0.0,0.0,0.0,0.0,0.0,0.0,0.0,0.0,0.0,0.0,0.0,0.0,-553.1999999999999,32.4,585.6,50.0,0.0,Everton,1.0,0.6,Newcastle,Newcastle,2.0,2.1999999999999997,0.4518367028110868,,0.9908882275887397,0.4477196696080179
anan_khalaili,2,2,DEF,Crystal Palace,15,1,0,0,3,0,0,5,1.78,0.0,0.0,10.2,0.0,11.500000000000002,0.064,0.076,0.012,1.3139999999999998,1.7999999999999998,0.0,4.0600000000000005,25.439999999999998,58.4,0.0,0.0,0.0,0.0,0.0,0.6,3.4,1.6,-219.0,277.2,496.2,50.0,0.6,Man City,0.6,0.0,Fulham,Fulham,0.8,0.0,2.1666753329798745,,0.7797970486568478,1.6895670300552992
andres_garcia,2,0,DEF,Aston Villa,1,1,0,0,3,0,0,5,0.4,0.0,0.0,0.0,0.0,0.0,0.0,0.0,0.0,0.0,0.0,0.0,0.0,0.0,0.0,0.0,0.0,0.0,0.0,0.0,0.0,0.0,0.0,-3950.3999999999996,4403.4,8353.8,40.0,0.0,Arsenal,0.0,0.0,Hull City,Hull City,1.4,3.0,0.3619862146183612,,0.5,0.1809931073091806
andrew_robertson,2,2,DEF,Spurs,17,1,0,0,3,0,0,3,2.18,0.0,0.0,9.4,0.0,17.759999999999998,0.036000000000000004,0.07200000000000001,0.036,1.836,1.8000000000000003,0.0,5.3,19.44,76.19999999999999,0.0,0.0,0.0,0.0,0.0,1.0,15.8,2.4000000000000004,-676.1999999999999,13302.6,13978.8,45.0,0.0,Newcastle,0.0,0.0,Nott'm Forest,Nott'm Forest,1.2,0.6,2.4900894552887687,,1.2120722362551493,3.0181682945472246
andrey_nascimento_dos_santos,2,1,MID,Man Utd,12,1,0,0,4,0,0,2,1.5,0.0,0.0,8.0,0.0,2.1,0.09200000000000001,0.09200000000000001,0.0,0.976,1.4,0.0,1.1400000000000001,8.280000000000001,32.400000000000006,0.0,0.0,0.0,0.0,0.0,0.4,0.8,1.4,-4615.8,4473.599999999999,9089.4,50.0,0.0,Ipswich Town,3.0,1.7999999999999998,Everton,Everton,1.4,1.8000000000000003,1.4171990662296599,,1.0363820346939674,1.4687596518254855
anis_mehmeti,2,0,MID,Ipswich Town,16,0,0,0,2,0,0,4,0.6000000000000001,0.0,0.0,0.0,0.0,0.0,0.0,0.0,0.0,0.0,0.0,0.0,0.0,0.0,0.0,0.0,0.0,0.0,0.0,0.0,0.0,0.0,0.0,-383.4,28.2,411.59999999999997,50.0,0.0,Man Utd,2.0,1.2000000000000002,Liverpool,Liverpool,2.0,1.0,0.512900600888875,,1.2904377628115025,0.6618663039557152
anthony_elanga,2,8,MID,Newcastle,19,0,0,0,3,0,0,3,5.9799999999999995,0.0,0.8,31.6,0.6,10.58,0.064,0.272,0.20800000000000002,1.22,0.4,1.0,7.619999999999999,37.04,78.6,0.0,0.0,0.0,0.0,0.0,1.0,28.6,8.4,50140.799999999996,57264.6,7123.8,60.0,0.0,Spurs,2.0,2.1999999999999997,Bournemouth,Bournemouth,1.0,0.6,3.8575896387378883,14973.0,0.7810309736599298,3.0128969915239097
anthony_patterson,2,0,GK,Sunderland,10,1,0,0,2,0,0,3,0.0,0.0,0.0,0.0,0.0,0.0,0.0,0.0,0.0,0.0,0.0,0.0,0.0,0.0,0.0,0.0,0.0,0.0,0.0,0.0,0.0,0.0,0.0,-1384.2,0.0,1384.2,40.0,0.0,Fulham,1.0,1.7999999999999998,Brentford,Brentford,1.8000000000000003,1.8000000000000003,0.2254538274812925,,1.5555555555555556,0.35070595385978837
antoine_semenyo,2,5,MID,Man City,8,0,0,0,5,0,0,3,3.26,0.6,0.0,26.200000000000003,0.0,29.36,0.35,0.41000000000000003,0.06,0.656,1.0,0.0,8.559999999999999,19.84,90.0,0.0,0.0,0.0,0.0,0.0,1.0,36.4,3.8,-74466.0,29460.0,103926.0,85.0,0.0,Crystal Palace,3.2,3.0,Coventry City,Coventry City,0.0,0.0,4.478794902965212,14970.0,1.6191035401041651,7.251632682791465
anton_stach,2,4,MID,Leeds,4,1,0,0,2,0,0,3,5.9799999999999995,0.0,1.2000000000000002,22.6,0.4,11.12,0.026000000000000002,0.108,0.08200000000000002,1.266,0.6,0.4,5.4,33.88,90.0,0.0,0.0,0.0,0.0,0.0,1.0,8.8,7.6,40599.0,48806.4,8207.4,60.0,0.0,Brentford,1.0,1.8000000000000003,Brighton,Brighton,3.4,1.2000000000000002,3.6202798977857147,50210.0,0.9472508144914338,3.429313081864483
antonee_robinson,2,2,DEF,Fulham,20,0,0,0,3,0,0,2,1.58,0.0,0.0,7.6,0.0,12.84,0.028,0.08,0.052000000000000005,2.096,1.8000000000000003,0.0,2.84,14.52,86.4,0.0,0.0,0.0,0.0,0.0,1.0,1.2000000000000002,1.6,1051.2,6708.599999999999,5657.4,45.0,0.0,Sunderland,0.8,0.0,Crystal Palace,Crystal Palace,0.6,0.0,2.2974196889042307,50210.0,1.715888306938883,3.9421155803219357
antoni_milambo,2,0,MID,Brentford,13,0,0,0,3,0,0,2,0.0,0.0,0.0,0.0,0.0,0.0,0.0,0.0,0.0,0.0,0.0,0.0,0.0,0.0,0.0,0.0,0.0,0.0,0.0,0.0,0.0,0.0,0.0,-10.2,16.8,27.0,50.0,0.0,Leeds,1.8000000000000003,1.8000000000000003,Sunderland,Sunderland,1.0,1.7999999999999998,0.4518367028110868,,1.138219828224887,0.5142894942593346
antonin_kinsky,2,1,GK,Spurs,17,1,0,0,3,0,0,3,1.66,0.0,0.0,8.4,0.0,0.0,0.0,0.0,0.0,1.98,2.4000000000000004,0.0,2.0,19.720000000000002,90.0,0.0,0.0,0.0,0.0,2.0,1.0,0.0,1.4,-24915.6,24375.0,49290.6,45.0,0.0,Newcastle,0.0,0.0,Nott'm Forest,Nott'm Forest,1.2,0.6,2.775244806353552,61014.0,1.2,3.3302937676242625
antonio_joao_pereira_de_albuquerque_tavares_da_silva,2,4,DEF,Bournemouth,9,1,0,0,3,0,0,3,2.6799999999999997,0.0,0.0,8.6,0.0,1.2000000000000002,0.018,0.168,0.15,2.004,1.4,0.0,3.26,23.72,90.0,0.0,0.0,0.0,0.0,0.0,1.0,7.8,3.2,3105.0,4419.0,1314.0,50.0,0.4,Everton,1.0,0.6,Newcastle,Newcastle,2.0,2.1999999999999997,2.782751885265399,,0.5,1.3913759426326995
archie_gray,2,2,MID,Spurs,17,1,0,0,3,0,0,3,1.8,0.0,0.0,11.399999999999999,0.0,2.2199999999999998,0.004,0.004,0.0,1.6600000000000001,1.8000000000000003,0.0,0.5800000000000001,3.5600000000000005,74.19999999999999,0.0,0.0,0.0,0.0,0.0,1.0,0.0,2.0,-499.79999999999995,1026.6,1526.3999999999999,50.0,0.0,Newcastle,0.0,0.0,Nott'm Forest,Nott'm Forest,1.2,0.6,2.151986851923139,,0.5542453299159469,1.1927286627189202
armin_pecsi,2,0,GK,Liverpool,18,1,0,0,4,0,0,3,0.0,0.0,0.0,0.0,0.0,0.0,0.0,0.0,0.0,0.0,0.0,0.0,0.0,0.0,0.0,0.0,0.0,0.0,0.0,0.0,0.0,0.0,0.0,-268.8,0.0,268.8,40.0,0.0,Nott'm Forest,2.0,1.0,Ipswich Town,Ipswich Town,2.0,1.2000000000000002,0.22677385018046903,,0.5,0.11338692509023451
arnaud_kalimuendo,2,0,FWD,Nott'm Forest,14,0,0,0,3,0,0,4,1.02,0.0,0.0,1.2000000000000002,0.0,0.0,0.0,0.0,0.0,0.0,0.0,0.0,0.0,0.0,0.4,0.0,0.0,0.0,0.0,0.0,0.0,0.0,0.4,-250.79999999999998,203.4,454.2,55.0,0.0,Liverpool,1.2,0.6,Spurs,Spurs,0.0,0.0,0.6509485162176045,,0.5975216277632697,0.3889558170004282
arthur_masuaku,2,0,DEF,Sunderland,10,1,0,0,2,0,0,3,0.0,0.0,0.0,0.0,0.0,0.0,0.0,0.0,0.0,0.0,0.0,0.0,0.0,0.0,0.0,0.0,0.0,0.0,0.0,0.0,0.0,0.0,0.0,-2920.7999999999997,0.0,2920.7999999999997,40.0,0.0,Fulham,1.0,1.7999999999999998,Brentford,Brentford,1.8000000000000003,1.8000000000000003,0.3116643123295426,,1.4197911637393419,0.442498236698383
ashley_phillips,2,0,DEF,Spurs,17,1,0,0,3,0,0,3,0.0,0.0,0.0,0.0,0.0,0.0,0.0,0.0,0.0,0.0,0.0,0.0,0.0,0.0,0.0,0.0,0.0,0.0,0.0,0.0,0.0,0.0,0.0,-394.8,0.0,394.8,45.0,0.0,Newcastle,0.0,0.0,Nott'm Forest,Nott'm Forest,1.2,0.6,0.45716434148168505,,1.2120722362551493,0.5541162057158187
aurele_amenda,2,1,DEF,Coventry City,11,1,0,0,2,0,0,2,1.0,0.0,0.0,2.8,0.0,1.58,0.028,0.039999999999999994,0.012,1.184,1.8000000000000003,0.0,2.34,18.36,90.0,0.0,0.0,0.0,0.0,0.0,1.0,3.0,1.0,-709.8,1996.8,2706.6,40.0,0.6,Hull City,0.0,0.0,Man City,Man City,3.2,3.0,2.121491114381227,,0.5,1.0607455571906135
axel_disasi,2,1,DEF,Crystal Palace,15,1,0,0,3,0,0,5,0.98,0.0,0.0,-1.2,0.0,0.0,0.0,0.0,0.0,0.12,0.6,0.0,0.06,0.72,9.6,0.0,0.0,0.0,0.0,0.0,0.0,0.0,0.6,-193.79999999999998,315.0,508.79999999999995,45.0,0.0,Man City,0.6,0.0,Fulham,Fulham,0.8,0.0,0.7550661032773158,,0.7797970486568478,0.5887983188764776
ayden_heaven,2,0,DEF,Man Utd,12,1,0,0,4,0,0,2,0.98,0.0,0.0,2.0,0.0,1.04,0.016,0.064,0.048,0.404,0.8,0.0,0.8,2.72,36.0,0.0,0.0,0.0,0.0,0.0,0.4,4.4,0.4,-661.8,1852.8,2514.6,45.0,0.0,Ipswich Town,3.0,1.7999999999999998,Everton,Everton,1.4,1.8000000000000003,1.2543777640319473,,0.6436531910726833,0.8073842506297803
ayyoub_bouaddi,2,1,MID,Man City,8,0,0,0,5,0,0,3,2.0,0.0,0.0,3.0,0.0,4.3,0.12,0.12,0.0,0.0,0.0,0.0,0.6,1.8,8.0,0.0,0.0,0.0,0.0,0.0,0.0,0.0,1.0,2706.0,3055.0,349.0,55.0,0.0,Crystal Palace,3.2,3.0,Coventry City,Coventry City,0.0,0.0,1.0891663934815308,,1.6191035401041651,1.7634731634484326
azor_matusiwa,2,0,MID,Ipswich Town,16,0,0,0,2,0,0,4,0.0,0.0,0.0,0.0,0.0,0.0,0.0,0.0,0.0,0.0,0.0,0.0,0.0,0.0,0.0,0.0,0.0,0.0,0.0,0.0,0.0,0.0,0.0,-62.4,4.8,67.2,50.0,0.0,Man Utd,2.0,1.2000000000000002,Liverpool,Liverpool,2.0,1.0,0.4518367028110868,,1.2904377628115025,0.5830671439316646
bafode_diakite,2,0,DEF,Bournemouth,9,1,0,0,3,0,0,3,0.8800000000000001,0.0,0.0,0.0,0.0,0.0,0.0,0.0,0.0,0.0,0.0,0.0,0.0,0.0,0.0,0.0,0.0,0.0,0.0,0.0,0.0,0.0,0.0,240.6,1633.2,1392.6,50.0,0.0,Everton,1.0,0.6,Newcastle,Newcastle,2.0,2.1999999999999997,0.7133725556692283,,0.5,0.35668627783461415
bart_verbruggen,2,0,GK,Brighton,6,0,0,0,3,0,0,4,2.5599999999999996,0.0,0.0,9.4,0.4,0.0,0.0,0.0,0.0,1.874,2.4,0.0,0.8799999999999999,8.76,90.0,0.0,0.0,0.0,0.0,0.6,1.0,0.0,2.4000000000000004,23565.6,50853.6,27288.0,45.0,0.0,Chelsea,3.4,1.2000000000000002,Leeds,Leeds,1.0,1.8000000000000003,2.8497623103074963,61014.0,1.0666666666666667,3.039746464327996
bazoumana_toure,2,1,MID,Newcastle,19,0,0,0,3,0,0,3,1.1800000000000002,0.0,0.0,1.7999999999999998,0.0,0.0,0.0,0.0,0.0,0.0,0.0,0.0,0.0,0.0,0.6,0.0,0.0,0.0,0.0,0.0,0.0,0.0,0.6,-2367.0,307.8,2674.7999999999997,60.0,0.0,Spurs,2.0,2.1999999999999997,Bournemouth,Bournemouth,1.0,0.6,0.8091009639905101,,0.7810309736599298,0.631932913694696
ben_davies,2,0,DEF,Spurs,17,1,0,0,3,0,0,3,0.4,0.0,0.0,0.0,0.0,0.0,0.0,0.0,0.0,0.0,0.0,0.0,0.0,0.0,0.0,0.0,0.0,0.0,0.0,0.0,0.0,0.0,0.0,-3663.6,1726.2,5389.8,40.0,0.0,Newcastle,0.0,0.0,Nott'm Forest,Nott'm Forest,1.2,0.6,0.3619862146183612,,1.2120722362551493,0.4387534406460135
ben_gannon_doak,2,0,MID,Bournemouth,9,1,0,0,3,0,0,3,0.9000000000000001,0.0,0.0,1.2000000000000002,0.0,0.04000000000000001,0.0,0.0,0.0,0.07600000000000001,0.4,0.0,0.08000000000000002,0.08000000000000002,0.4,0.0,0.0,0.0,0.0,0.0,0.0,0.8,0.4,-280.8,219.0,499.79999999999995,50.0,0.0,Everton,1.0,0.6,Newcastle,Newcastle,2.0,2.1999999999999997,0.5826267371883864,,0.9908882275887397,0.5773179749584108
ben_johnson,2,0,DEF,Ipswich Town,16,0,0,0,2,0,0,4,0.4,0.0,0.0,0.0,0.0,0.0,0.0,0.0,0.0,0.0,0.0,0.0,0.0,0.0,0.0,0.0,0.0,0.0,0.0,0.0,0.0,0.0,0.0,-357.0,256.2,613.1999999999999,40.0,0.0,Man Utd,2.0,1.2000000000000002,Liverpool,Liverpool,2.0,1.0,0.3619862146183612,,0.8037214541405995,0.2909360867919204
ben_wilson,2,0,GK,Coventry City,11,1,0,0,2,0,0,2,0.76,0.0,0.0,0.0,0.0,0.0,0.0,0.0,0.0,0.0,0.0,0.0,0.0,0.0,0.0,0.0,0.0,0.0,0.0,0.0,0.0,0.0,0.0,-1927.8,136.2,2064.0,45.0,0.0,Hull City,0.0,0.0,Man City,Man City,3.2,3.0,0.3888739974776656,,0.5,0.1944369987388328
bendito_mantato,2,0,MID,Man Utd,12,1,0,0,4,0,0,2,0.4,0.0,0.0,0.0,0.0,0.0,0.0,0.0,0.0,0.0,0.0,0.0,0.0,0.0,0.0,0.0,0.0,0.0,0.0,0.0,0.0,0.0,0.0,-846.0,576.6,1422.6,45.0,0.0,Ipswich Town,3.0,1.7999999999999998,Everton,Everton,1.4,1.8000000000000003,0.3915495092216865,,1.0363820346939674,0.4057948770505958
benjamin_lecomte,2,0,GK,Fulham,20,0,0,0,3,0,0,2,0.4,0.0,0.0,0.0,0.0,0.0,0.0,0.0,0.0,0.0,0.0,0.0,0.0,0.0,0.0,0.0,0.0,0.0,0.0,0.0,0.0,0.0,0.0,-1581.6,895.1999999999999,2476.7999999999997,40.0,0.0,Sunderland,0.8,0.0,Crystal Palace,Crystal Palace,0.6,0.0,0.23639061066082534,,1.5555555555555556,0.3677187276946172
benjamin_sesko,2,1,FWD,Man Utd,12,1,0,0,4,0,0,2,1.28,0.0,0.0,3.8,0.0,6.5,0.006,0.022,0.016,0.628,0.6,0.0,1.26,1.32,15.200000000000001,0.0,0.0,0.0,0.0,0.0,0.0,4.8,1.0,9256.8,18332.399999999998,9075.6,70.0,0.0,Ipswich Town,3.0,1.7999999999999998,Everton,Everton,1.4,1.8000000000000003,1.4372971455728978,50210.0,1.2155884682592115,1.7471618356202958
benjamin_white,2,7,DEF,Arsenal,2,0,0,0,5,0,0,3,6.3999999999999995,0.4,1.4,30.4,1.0,22.9,0.114,0.18600000000000003,0.072,0.278,0.0,0.0,5.140000000000001,23.119999999999997,90.0,0.0,0.0,0.0,0.0,0.0,1.0,5.2,8.600000000000001,71931.59999999999,86964.59999999999,15033.0,55.0,0.0,Aston Villa,1.8000000000000003,3.0,Chelsea,Chelsea,3.6,3.0,3.674965721973047,14971.0,1.2669970969055286,4.65617090096718
benoit_badiashile_mukinayi,2,0,DEF,Chelsea,5,1,0,0,4,0,0,3,0.68,0.0,0.0,0.0,0.0,0.0,0.0,0.0,0.0,0.0,0.0,0.0,0.0,0.0,0.0,0.0,0.0,0.0,0.0,0.0,0.0,0.0,0.0,-340.8,139.2,480.0,45.0,0.0,Brighton,3.6,3.0,Arsenal,Arsenal,1.8000000000000003,3.0,0.5427115753726766,,0.5,0.2713557876863383
bernd_leno,2,3,GK,Fulham,20,0,0,0,3,0,0,2,2.26,0.0,0.0,11.0,0.0,0.0,0.0,0.0,0.0,2.108,1.8000000000000003,0.0,2.34,23.36,90.0,0.0,0.0,0.0,0.0,3.0,1.0,0.0,2.5999999999999996,387.0,7304.4,6917.4,45.0,0.0,Sunderland,0.8,0.0,Crystal Palace,Crystal Palace,0.6,0.0,2.8468951913817446,14973.0,1.5555555555555556,4.42850363103827
bobby_thomas,2,8,DEF,Coventry City,11,1,0,0,2,0,0,2,3.6999999999999997,0.0,1.2,21.200000000000003,0.6,4.8999999999999995,0.01,0.018000000000000002,0.008,0.86,1.2000000000000002,0.0,2.4800000000000004,19.479999999999997,82.19999999999999,0.0,0.0,0.0,0.0,0.0,1.0,0.4,6.0,8532.6,22866.6,14334.0,40.0,0.0,Hull City,0.0,0.0,Man City,Man City,3.2,3.0,2.4592191479598506,,0.5,1.2296095739799253
borna_sosa,2,0,DEF,Crystal Palace,15,1,0,0,3,0,0,5,0.68,0.0,0.0,0.0,0.0,0.0,0.0,0.0,0.0,0.0,0.0,0.0,0.0,0.0,0.0,0.0,0.0,0.0,0.0,0.0,0.0,0.0,0.0,-135.6,75.6,211.2,45.0,0.0,Man City,0.6,0.0,Fulham,Fulham,0.8,0.0,0.5427115753726766,,0.7797970486568478,0.4232048847475216
boubacar_kamara,2,2,MID,Aston Villa,1,1,0,0,3,0,0,5,1.8,0.0,0.0,11.4,0.0,9.639999999999999,0.018,0.018,0.0,2.132,2.2,0.0,2.06,10.84,90.0,0.0,0.0,0.0,0.0,0.0,1.0,0.0,2.0,-1350.0,1493.3999999999999,2843.4,50.0,0.0,Arsenal,0.0,0.0,Hull City,Hull City,1.4,3.0,2.5354122941751225,,0.5,1.2677061470875612
bradley_burrowes,2,0,MID,Aston Villa,1,1,0,0,3,0,0,5,0.4,0.0,0.0,0.0,0.0,0.0,0.0,0.0,0.0,0.0,0.0,0.0,0.0,0.0,0.0,0.0,0.0,0.0,0.0,0.0,0.0,0.0,0.0,-1953.0,2107.7999999999997,4060.7999999999997,45.0,0.0,Arsenal,0.0,0.0,Hull City,Hull City,1.4,3.0,0.3915495092216865,,0.5,0.19577475461084326
brandon_austin,2,0,GK,Spurs,17,1,0,0,3,0,0,3,0.4,0.0,0.0,0.0,0.0,0.0,0.0,0.0,0.0,0.0,0.0,0.0,0.0,0.0,0.0,0.0,0.0,0.0,0.0,0.0,0.0,0.0,0.0,-294.0,1927.1999999999998,2221.2,40.0,0.0,Newcastle,0.0,0.0,Nott'm Forest,Nott'm Forest,1.2,0.6,0.23533459250148403,,1.2,0.28240151100178085
brandon_thomas_asante,2,1,FWD,Coventry City,11,1,0,0,2,0,0,2,1.46,0.0,0.0,6.6,0.0,1.6400000000000001,0.008,0.008,0.0,1.054,1.8000000000000003,0.0,0.54,2.5599999999999996,46.8,0.0,0.0,0.0,0.0,0.0,0.4,1.2,1.4,4023.6,8756.4,4732.8,50.0,0.0,Hull City,0.0,0.0,Man City,Man City,3.2,3.0,1.9326862744488724,,0.5,0.9663431372244362
brenden_aaronson,2,1,MID,Leeds,4,1,0,0,2,0,0,3,2.0,0.0,0.0,10.0,0.4,0.8,0.01,0.014,0.004,0.562,0.6,0.0,0.8200000000000001,4.5200000000000005,59.4,0.0,0.0,0.0,0.0,0.0,1.0,2.8000000000000003,1.8000000000000003,-3504.0,1555.8,5059.8,55.0,0.0,Brentford,1.0,1.8000000000000003,Brighton,Brighton,3.4,1.2000000000000002,2.030227865274451,,0.9472508144914338,1.9231349989844289
brennan_johnson,2,1,MID,Everton,3,0,0,0,3,0,0,3,1.48,0.0,0.0,1.8000000000000003,0.0,0.12,0.0,0.0,0.0,1.064,0.0,0.0,0.22000000000000003,2.3200000000000003,19.200000000000003,0.0,0.0,0.0,0.0,0.0,0.0,0.0,1.0,-1108.8,439.2,1548.0,60.0,0.0,Bournemouth,1.4,1.8000000000000003,Man Utd,Man Utd,3.0,1.7999999999999998,1.2380716178581437,,0.7199556720256638,0.8913566836509607
brian_brobbey,2,2,FWD,Sunderland,10,1,0,0,2,0,0,3,2.0,0.0,0.0,3.4,0.6,2.2800000000000002,0.0,0.13799999999999998,0.13799999999999998,1.024,0.4,0.0,0.8600000000000001,0.0,64.2,0.0,0.0,0.0,0.0,0.0,1.0,7.199999999999999,2.0,-48814.799999999996,22961.399999999998,71776.2,60.0,0.0,Fulham,1.0,1.7999999999999998,Brentford,Brentford,1.8000000000000003,1.8000000000000003,2.7083420926384765,15210.0,1.8436209355809725,4.993156182703477
brian_madjo,2,0,FWD,Aston Villa,1,1,0,0,3,0,0,5,0.0,0.0,0.0,0.0,0.0,0.0,0.0,0.0,0.0,0.0,0.0,0.0,0.0,0.0,0.0,0.0,0.0,0.0,0.0,0.0,0.0,0.0,0.0,-4654.2,699.6,5353.8,55.0,0.0,Arsenal,0.0,0.0,Hull City,Hull City,1.4,3.0,0.5185651804111857,61014.0,0.5,0.25928259020559286
bruno_borges_fernandes,2,23,MID,Man Utd,12,1,0,0,4,0,0,2,9.1,0.6,1.7999999999999998,59.4,0.0,59.66,0.392,1.6360000000000001,1.244,1.6400000000000001,2.0,1.7999999999999998,19.380000000000003,87.52,90.0,0.0,0.0,0.0,0.0,0.0,1.0,46.400000000000006,14.6,-108037.2,29110.8,137148.0,120.0,0.0,Ipswich Town,3.0,1.7999999999999998,Everton,Everton,1.4,1.8000000000000003,7.218612147484683,14969.0,1.0363820346939674,7.481239945076766
bruno_guimaraes_rodriguez_moura,2,1,MID,Arsenal,2,0,0,0,5,0,0,3,0.9600000000000001,0.0,0.0,2.4,0.0,0.48,0.006,0.006,0.0,0.0,0.0,0.0,0.24,0.84,11.4,0.0,0.0,0.0,0.0,0.0,0.0,1.2,0.6,-75423.0,510.0,75933.0,69.4,0.0,Aston Villa,1.8000000000000003,3.0,Chelsea,Chelsea,3.6,3.0,1.2023912332712954,79641.0,1.7281163923988747,2.0778720002928246
bryan_mbeumo,2,11,MID,Man Utd,12,1,0,0,4,0,0,2,5.02,0.6,1.2,27.0,0.0,37.22,0.21800000000000003,1.474,1.256,1.6400000000000001,2.0,0.6,10.92,31.2,90.0,0.0,0.0,0.0,0.0,0.0,1.0,40.6,7.3999999999999995,-82777.8,49335.0,132112.8,80.0,0.6,Ipswich Town,3.0,1.7999999999999998,Everton,Everton,1.4,1.8000000000000003,5.1866115229243,79641.0,1.0363820346939674,5.375311003295463
bukayo_saka,2,11,MID,Arsenal,2,0,0,0,5,0,0,3,7.28,0.0,2.1999999999999997,42.0,1.0,15.240000000000002,0.056,0.69,0.634,0.222,0.0,1.0,9.66,41.72,80.8,0.0,0.0,0.0,0.0,0.0,1.0,39.6,10.2,32209.8,53347.799999999996,21138.0,95.0,0.0,Aston Villa,1.8000000000000003,3.0,Chelsea,Chelsea,3.6,3.0,5.165317908632315,50210.0,1.7281163923988747,8.926270549858977
caleb_yirenkyi,2,3,MID,Coventry City,11,1,0,0,2,0,0,2,1.8,0.0,0.0,11.0,0.6,10.84,0.078,0.096,0.018,0.6360000000000001,1.2000000000000002,0.0,1.92,5.64,66.4,0.0,0.0,0.0,0.0,0.0,1.0,4.2,2.1999999999999997,-946.8,598.1999999999999,1545.0,50.0,0.4,Hull City,0.0,0.0,Man City,Man City,3.2,3.0,2.230641405988507,,0.5,1.1153207029942536
callum_hudson_odoi,2,1,MID,Nott'm Forest,14,0,0,0,3,0,0,4,1.1800000000000002,0.0,0.0,1.2,0.0,0.18,0.0,0.0,0.0,0.0,0.0,0.0,0.0,0.0,0.6,0.0,0.0,0.0,0.0,0.0,0.0,0.0,0.6,-2854.7999999999997,435.59999999999997,3290.4,60.0,0.0,Liverpool,1.2,0.6,Spurs,Spurs,0.0,0.0,0.809992771145063,,1.5454128877977802,1.2517732675506181
callum_olusesi,2,0,MID,Spurs,17,1,0,0,3,0,0,3,0.4,0.0,0.0,0.0,0.0,0.0,0.0,0.0,0.0,0.0,0.0,0.0,0.0,0.0,0.0,0.0,0.0,0.0,0.0,0.0,0.0,0.0,0.0,-4378.8,1208.3999999999999,5587.2,45.0,0.0,Newcastle,0.0,0.0,Nott'm Forest,Nott'm Forest,1.2,0.6,0.3915495092216865,,0.5542453299159469,0.21701448691700073
callum_wilson,2,1,FWD,Brentford,13,0,0,0,3,0,0,2,1.32,0.0,0.0,3.4,0.0,4.18,0.016,0.052000000000000005,0.036000000000000004,0.028000000000000004,0.0,0.0,1.1400000000000001,0.8800000000000001,4.0,0.0,0.0,0.0,0.0,0.0,0.0,6.2,1.0,-274.2,2610.6,2884.7999999999997,55.0,0.0,Leeds,1.8000000000000003,1.8000000000000003,Sunderland,Sunderland,1.0,1.7999999999999998,0.8842344366691889,,0.5202936037020054,0.46006152157202496
calvin_bassey,2,2,DEF,Fulham,20,0,0,0,3,0,0,2,1.28,0.0,0.0,8.2,0.0,3.08,0.014,0.022,0.008,2.108,1.8000000000000003,0.0,2.12,17.16,90.0,0.0,0.0,0.0,0.0,0.0,1.0,0.8,1.2,492.59999999999997,4117.8,3625.2,45.0,0.4,Sunderland,0.8,0.0,Crystal Palace,Crystal Palace,0.6,0.0,2.2680965736009537,,1.715888306938883,3.8918003896500224
calvin_ramsay,2,0,DEF,Liverpool,18,1,0,0,4,0,0,3,0.4,0.0,0.0,0.0,0.0,0.0,0.0,0.0,0.0,0.0,0.0,0.0,0.0,0.0,0.0,0.0,0.0,0.0,0.0,0.0,0.0,0.0,0.0,-1868.3999999999999,382.8,2251.2,40.0,0.0,Nott'm Forest,2.0,1.0,Ipswich Town,Ipswich Town,2.0,1.2000000000000002,0.3619862146183612,,0.5,0.1809931073091806
cameron_humphreys,2,0,MID,Ipswich Town,16,0,0,0,2,0,0,4,0.4,0.0,0.0,0.0,0.0,0.0,0.0,0.0,0.0,0.0,0.0,0.0,0.0,0.0,0.0,0.0,0.0,0.0,0.0,0.0,0.0,0.0,0.0,565.1999999999999,765.0,199.79999999999998,45.0,0.0,Man Utd,2.0,1.2000000000000002,Liverpool,Liverpool,2.0,1.0,0.3915495092216865,,1.2904377628115025,0.5052702727099749
caoimhin_kelleher,2,2,GK,Brentford,13,0,0,0,3,0,0,2,3.7399999999999998,0.0,0.0,17.8,0.4,0.0,0.004,0.004,0.0,1.104,0.6,0.0,1.7800000000000002,18.2,90.0,0.0,0.0,0.0,0.0,2.2,1.0,0.0,4.0,32706.0,44660.4,11954.4,50.0,0.0,Leeds,1.8000000000000003,1.8000000000000003,Sunderland,Sunderland,1.0,1.7999999999999998,3.1536437935139623,14970.0,2.0,6.307287587027925
carl_rushworth,2,2,GK,Coventry City,11,1,0,0,2,0,0,2,1.66,0.0,0.0,6.0,0.0,0.0,0.004,0.004,0.0,1.184,1.8000000000000003,0.0,1.22,12.04,90.0,0.0,0.0,0.0,0.0,1.4,1.0,0.0,1.6,4355.4,7158.599999999999,2803.2,45.0,0.0,Hull City,0.0,0.0,Man City,Man City,3.2,3.0,2.8419785899063825,14971.0,0.5,1.4209892949531913
carlos_alcaraz_duran,2,0,MID,Everton,3,0,0,0,3,0,0,3,0.9000000000000001,0.0,0.0,1.6000000000000003,0.0,0.42,0.012,0.038,0.026,0.016,0.0,0.0,1.1800000000000002,2.0,2.8,0.0,0.0,0.0,0.0,0.0,0.0,11.600000000000001,0.4,-231.0,451.8,682.8,50.0,0.6,Bournemouth,1.4,1.8000000000000003,Man Utd,Man Utd,3.0,1.7999999999999998,0.81895620233733,,0.7199556720256638,0.589612163013358
carlos_baleba,2,0,MID,Man Utd,12,1,0,0,4,0,0,2,0.0,0.0,0.0,0.0,0.0,0.0,0.0,0.0,0.0,0.0,0.0,0.0,0.0,0.0,0.0,0.0,0.0,0.0,0.0,0.0,0.0,0.0,0.0,-1258.2,1394.3999999999999,2652.6,50.0,0.0,Ipswich Town,3.0,1.7999999999999998,Everton,Everton,1.4,1.8000000000000003,0.4518367028110868,,1.0363820346939674,0.4682754414087676
cathal_mccarthy,2,0,DEF,Hull City,7,0,0,0,2,0,0,2,0.4,0.0,0.0,0.0,0.0,0.0,0.0,0.0,0.0,0.0,0.0,0.0,0.0,0.0,0.0,0.0,0.0,0.0,0.0,0.0,0.0,0.0,0.0,-170.4,405.0,575.4,40.0,0.0,Coventry City,1.4,3.0,Aston Villa,Aston Villa,0.0,0.0,0.3619862146183612,,2.0,0.7239724292367224
cedric_kipre,2,0,DEF,Ipswich Town,16,0,0,0,2,0,0,4,0.4,0.0,0.0,0.0,0.0,0.0,0.0,0.0,0.0,0.0,0.0,0.0,0.0,0.0,0.0,0.0,0.0,0.0,0.0,0.0,0.0,0.0,0.0,-2769.0,199.2,2968.2,40.0,0.0,Man Utd,2.0,1.2000000000000002,Liverpool,Liverpool,2.0,1.0,0.3619862146183612,,0.8037214541405995,0.2909360867919204
cesar_palacios,2,1,MID,Fulham,20,0,0,0,3,0,0,2,1.7,0.0,0.0,7.6,0.0,3.7,0.004,0.08,0.076,1.8559999999999999,1.8000000000000003,0.0,1.1400000000000001,2.92,73.8,0.0,0.0,0.0,0.0,0.0,1.0,5.0,1.4,-524.4,546.0,1070.3999999999999,55.0,0.6,Sunderland,0.8,0.0,Crystal Palace,Crystal Palace,0.6,0.0,2.333892420977445,,1.0091673238434073,2.3552879686162194
chadi_riad_dnanou,2,0,DEF,Crystal Palace,15,1,0,0,3,0,0,5,0.68,0.0,0.0,2.8000000000000003,0.0,0.52,0.004,0.004,0.0,0.392,0.8,0.0,0.5599999999999999,5.04,28.8,0.0,0.0,0.0,0.0,0.0,0.4,0.0,0.4,-1513.8,192.0,1705.8,45.0,0.0,Man City,0.6,0.0,Fulham,Fulham,0.8,0.0,1.0610876839284509,,0.7797970486568478,0.8274330442935361
charalampos_kostoulas,2,5,FWD,Brighton,6,0,0,0,3,0,0,4,2.52,0.6,0.0,9.799999999999999,0.0,9.219999999999999,0.012,0.186,0.174,1.774,2.4,0.0,2.58,3.0,57.8,0.0,0.0,0.0,0.0,0.0,0.6,14.2,3.4,-460.2,830.4,1290.6,55.0,0.0,Chelsea,3.4,1.2000000000000002,Leeds,Leeds,1.0,1.8000000000000003,2.6928482918635055,14969.0,0.7021881062813077,1.890886042566489
charlie_hughes,2,0,DEF,Hull City,7,0,0,0,2,0,0,2,0.0,0.0,0.0,0.0,0.0,0.0,0.0,0.0,0.0,0.0,0.0,0.0,0.0,0.0,0.0,0.0,0.0,0.0,0.0,0.0,0.0,0.0,0.0,-1332.6,59.4,1392.0,40.0,0.0,Coventry City,1.4,3.0,Aston Villa,Aston Villa,0.0,0.0,0.3116643123295426,,2.0,0.6233286246590852
cheick_doucoure,2,0,MID,Crystal Palace,15,1,0,0,3,0,0,5,0.6000000000000001,0.0,0.0,0.0,0.0,0.0,0.0,0.0,0.0,0.0,0.0,0.0,0.0,0.0,0.0,0.0,0.0,0.0,0.0,0.0,0.0,0.0,0.0,-486.59999999999997,148.79999999999998,635.4,50.0,0.0,Man City,0.6,0.0,Fulham,Fulham,0.8,0.0,0.512900600888875,,0.9928633625211627,0.5092402152376533
chemsdine_talbi,2,0,MID,Sunderland,10,1,0,0,2,0,0,3,1.1,0.0,0.0,0.4,0.0,0.36000000000000004,0.0,0.0,0.0,0.05600000000000001,0.4,0.0,0.0,0.0,12.4,0.0,0.0,0.0,0.0,0.0,0.0,0.0,0.4,-1536.0,170.4,1706.3999999999999,55.0,0.0,Fulham,1.0,1.7999999999999998,Brentford,Brentford,1.8000000000000003,1.8000000000000003,0.9101977811719172,,0.5354852137320407,0.4873974533892733
chido_obi,2,0,FWD,Man Utd,12,1,0,0,4,0,0,2,0.4,0.0,0.0,0.0,0.0,0.0,0.0,0.0,0.0,0.0,0.0,0.0,0.0,0.0,0.0,0.0,0.0,0.0,0.0,0.0,0.0,0.0,0.0,-3151.7999999999997,3789.6,6941.4,45.0,0.0,Ipswich Town,3.0,1.7999999999999998,Everton,Everton,1.4,1.8000000000000003,0.41151770050594205,,1.2155884682592115,0.5002361712195711
chiedozie_ogbene,2,0,MID,Ipswich Town,16,0,0,0,2,0,0,4,0.6000000000000001,0.0,0.0,0.0,0.0,0.0,0.0,0.0,0.0,0.0,0.0,0.0,0.0,0.0,0.0,0.0,0.0,0.0,0.0,0.0,0.0,0.0,0.0,-123.6,22.2,145.79999999999998,50.0,0.0,Man Utd,2.0,1.2000000000000002,Liverpool,Liverpool,2.0,1.0,0.512900600888875,,1.2904377628115025,0.6618663039557152
chris_richards,2,0,DEF,Crystal Palace,15,1,0,0,3,0,0,5,1.78,0.0,0.0,2.8000000000000003,0.0,0.33999999999999997,0.0,0.024,0.024,1.774,3.2,0.0,3.6399999999999997,26.040000000000003,90.0,0.0,0.0,0.0,0.0,0.0,1.0,10.2,1.2000000000000002,-1347.6,2524.7999999999997,3872.3999999999996,50.0,0.0,Man City,0.6,0.0,Fulham,Fulham,0.8,0.0,2.6504406291399443,14970.0,0.7797970486568478,2.0668057802435276
chris_rigg,2,1,MID,Sunderland,10,1,0,0,2,0,0,3,1.2000000000000002,0.0,0.0,3.0,0.0,0.12,0.0,0.0,0.0,0.24400000000000002,0.4,0.0,0.0,0.0,8.2,0.0,0.0,0.0,0.0,0.0,0.0,0.0,1.0,-312.59999999999997,59.4,372.0,50.0,0.0,Fulham,1.0,1.7999999999999998,Brentford,Brentford,1.8000000000000003,1.8000000000000003,0.773072827822463,,0.5354852137320407,0.4139690684369447
chris_wood,2,0,FWD,Nott'm Forest,14,0,0,0,3,0,0,4,1.1,0.0,0.0,1.2000000000000002,0.0,0.96,0.004,0.052000000000000005,0.048,0.08800000000000001,0.4,0.0,0.16000000000000003,0.0,11.200000000000001,0.0,0.0,0.0,0.0,0.0,0.0,1.2000000000000002,0.4,-14869.199999999999,2741.4,17610.6,60.0,0.0,Liverpool,1.2,0.6,Spurs,Spurs,0.0,0.0,1.016382142110432,,0.5975216277632697,0.6073103119833442
christantus_uche,2,0,FWD,Crystal Palace,15,1,0,0,3,0,0,5,0.0,0.0,0.0,0.0,0.0,0.0,0.0,0.0,0.0,0.0,0.0,0.0,0.0,0.0,0.0,0.0,0.0,0.0,0.0,0.0,0.0,0.0,0.0,0.0,0.0,0.0,50.0,0.0,Man City,0.6,0.0,Fulham,Fulham,0.8,0.0,0.4476614390602711,,1.227320068593165,0.5494238680939668
christian_norgaard,2,0,MID,Everton,3,0,0,0,3,0,0,3,0.0,0.0,0.0,0.0,0.0,0.0,0.0,0.0,0.0,0.0,0.0,0.0,0.0,0.0,0.0,0.0,0.0,0.0,0.0,0.0,0.0,0.0,0.0,-1658.3999999999999,61.199999999999996,1719.6,50.0,0.0,Bournemouth,1.4,1.8000000000000003,Man Utd,Man Utd,3.0,1.7999999999999998,0.4518367028110868,,0.7199556720256638,0.3253023970182161
christian_walton,2,0,GK,Ipswich Town,16,0,0,0,2,0,0,4,0.76,0.0,0.0,0.0,0.0,0.0,0.0,0.0,0.0,0.0,0.0,0.0,0.0,0.0,0.0,0.0,0.0,0.0,0.0,0.0,0.0,0.0,0.0,-2617.7999999999997,125.39999999999999,2743.2,45.0,0.0,Man Utd,2.0,1.2000000000000002,Liverpool,Liverpool,2.0,1.0,0.39151404287601865,,0.5,0.19575702143800933
christos_tzolis,2,0,MID,Arsenal,2,0,0,0,5,0,0,3,2.7199999999999998,0.4,0.0,12.6,0.4,23.0,0.062000000000000006,0.138,0.07600000000000001,0.08399999999999999,0.0,0.0,4.4399999999999995,6.800000000000001,57.0,0.0,0.0,0.0,0.0,0.0,1.0,14.4,2.4000000000000004,108592.2,142012.19999999998,33420.0,65.0,0.6,Aston Villa,1.8000000000000003,3.0,Chelsea,Chelsea,3.6,3.0,2.686157691808172,14971.0,1.7281163923988747,4.641993139782027
chuba_akpom,2,5,FWD,Ipswich Town,16,0,0,0,2,0,0,4,2.36,0.0,0.0,19.2,0.0,1.02,0.0,0.582,0.582,2.4179999999999997,2.4,0.6,3.24,20.48,36.6,0.0,0.0,0.0,0.0,0.0,0.0,11.0,3.4,-975.0,2775.0,3750.0,50.0,0.0,Man Utd,2.0,1.2000000000000002,Liverpool,Liverpool,2.0,1.0,1.985367933177117,,1.1505413270351472,2.284247856490628
claudio_echeverri,2,0,MID,Man City,8,0,0,0,5,0,0,3,0.6000000000000001,0.0,0.0,0.0,0.0,0.0,0.0,0.0,0.0,0.0,0.0,0.0,0.0,0.0,0.0,0.0,0.0,0.0,0.0,0.0,0.0,0.0,0.0,-122.39999999999999,55.8,178.2,50.0,0.0,Crystal Palace,3.2,3.0,Coventry City,Coventry City,0.0,0.0,0.512900600888875,,1.6191035401041651,0.830439178620731
cody_drameh,2,1,DEF,Hull City,7,0,0,0,2,0,0,2,1.0,0.0,0.0,4.0,0.0,0.24,0.0,0.020000000000000004,0.020000000000000004,0.388,0.0,0.0,0.42,3.4000000000000004,35.0,0.0,0.0,0.0,0.0,0.0,0.0,0.4,1.0,417.0,664.8,247.79999999999998,40.0,0.0,Coventry City,1.4,3.0,Aston Villa,Aston Villa,0.0,0.0,1.057587104494857,,2.0,2.115174208989714
cody_gakpo,2,5,MID,Liverpool,18,1,0,0,4,0,0,3,6.1,0.6,1.2000000000000002,25.8,0.0,30.28,0.45,0.5700000000000001,0.12,1.97,2.0,0.4,8.02,31.520000000000003,78.0,0.0,0.0,0.0,0.0,0.0,1.0,18.4,7.800000000000001,106771.8,123422.4,16650.6,70.0,0.0,Nott'm Forest,2.0,1.0,Ipswich Town,Ipswich Town,2.0,1.2000000000000002,4.3161398214968125,14974.0,1.862003468953543,8.03666732011559
cole_palmer,2,7,MID,Chelsea,5,1,0,0,4,0,0,3,7.28,0.4,1.2000000000000002,40.8,0.0,31.7,0.15400000000000003,0.6619999999999999,0.508,1.342,2.5999999999999996,1.0,11.96,50.56,86.80000000000001,0.0,0.0,0.0,0.0,0.0,1.0,37.2,9.4,206947.19999999998,226123.19999999998,19176.0,95.0,0.0,Brighton,3.6,3.0,Arsenal,Arsenal,1.8000000000000003,3.0,5.34723881449849,15210.0,0.7639707456291492,4.085134024169539
conor_bradley,2,0,DEF,Liverpool,18,1,0,0,4,0,0,3,0.0,0.0,0.0,0.0,0.0,0.0,0.0,0.0,0.0,0.0,0.0,0.0,0.0,0.0,0.0,0.0,0.0,0.0,0.0,0.0,0.0,0.0,0.0,-84.0,47.4,131.4,50.0,0.0,Nott'm Forest,2.0,1.0,Ipswich Town,Ipswich Town,2.0,1.2000000000000002,0.6026643706338275,,0.5,0.30133218531691375
conor_gallagher,2,0,MID,Spurs,17,1,0,0,3,0,0,3,0.8,0.0,0.0,0.4,0.0,2.2,0.024,0.032,0.008,0.68,0.8,0.0,0.2,0.0,18.0,0.0,0.0,0.0,0.0,0.0,0.4,0.4,0.0,-2063.4,724.8,2788.2,55.0,0.4,Newcastle,0.0,0.0,Nott'm Forest,Nott'm Forest,1.2,0.6,1.0325856090388439,,0.5542453299159469,0.572305751548193
cristhian_mosquera,2,6,DEF,Arsenal,2,0,0,0,5,0,0,3,4.6,0.0,0.0,25.8,1.0,1.08,0.006,0.006,0.0,0.278,0.0,0.0,1.32,11.879999999999999,82.8,0.0,0.0,0.0,0.0,0.0,1.0,0.0,6.0,-18323.399999999998,9246.0,27569.399999999998,55.0,0.0,Aston Villa,1.8000000000000003,3.0,Chelsea,Chelsea,3.6,3.0,2.9231117559823416,14969.0,1.2669970969055286,3.703574108760049
cristian_romero,2,0,DEF,Spurs,17,1,0,0,3,0,0,3,0.0,0.0,0.0,0.0,0.0,0.0,0.0,0.0,0.0,0.0,0.0,0.0,0.0,0.0,0.0,0.0,0.0,0.0,0.0,0.0,0.0,0.0,0.0,-6467.4,0.0,6467.4,50.0,0.0,Newcastle,0.0,0.0,Nott'm Forest,Nott'm Forest,1.2,0.6,0.6026643706338275,,1.2120722362551493,0.7304727514254454
curtis_jones,2,0,MID,Liverpool,18,1,0,0,4,0,0,3,0.6000000000000001,0.0,0.0,0.0,0.0,0.0,0.0,0.0,0.0,0.0,0.0,0.0,0.0,0.0,0.0,0.0,0.0,0.0,0.0,0.0,0.0,0.0,0.0,-657.0,19.8,676.8,55.0,0.0,Nott'm Forest,2.0,1.0,Ipswich Town,Ipswich Town,2.0,1.2000000000000002,0.6138970598634677,,1.862003468953543,1.1430784550461577
daichi_kamada,2,2,MID,Crystal Palace,15,1,0,0,3,0,0,5,2.1,0.0,0.0,22.6,0.0,13.4,0.12000000000000001,0.15000000000000002,0.03,1.774,3.2,0.0,3.62,18.72,90.0,0.0,0.0,0.0,0.0,0.0,1.0,4.2,2.4000000000000004,-690.0,1166.3999999999999,1856.3999999999999,50.0,0.4,Man City,0.6,0.0,Fulham,Fulham,0.8,0.0,2.7841732344362793,,0.9928633625211627,2.7643035993838256
daizen_maeda,2,2,MID,Ipswich Town,16,0,0,0,2,0,0,4,2.0,0.0,0.0,8.8,0.0,1.4,0.006,0.286,0.27999999999999997,2.598,2.8,0.0,2.52,9.84,74.8,0.0,0.0,0.0,0.0,0.0,1.0,14.200000000000001,2.0,-1981.1999999999998,444.0,2425.2,55.0,0.0,Man Utd,2.0,1.2000000000000002,Liverpool,Liverpool,2.0,1.0,2.653453860336717,,1.2904377628115025,3.4241170632564577
dan_bentley,2,0,GK,Coventry City,11,1,0,0,2,0,0,2,1.0,0.0,0.0,0.0,0.0,0.0,0.0,0.0,0.0,0.0,0.0,0.0,0.0,0.0,0.0,0.0,0.0,0.0,0.0,0.0,0.0,0.0,0.0,0.0,0.0,0.0,40.0,0.0,Hull City,0.0,0.0,Man City,Man City,3.2,3.0,0.2521357740805359,,0.5,0.12606788704026795
dan_burn,2,0,DEF,Newcastle,19,0,0,0,3,0,0,3,0.8800000000000001,0.0,0.0,0.0,0.0,0.0,0.0,0.0,0.0,0.0,0.0,0.0,0.0,0.0,0.0,0.0,0.0,0.0,0.0,0.0,0.0,0.0,0.0,-41438.4,3748.2,45186.6,50.0,0.0,Spurs,2.0,2.1999999999999997,Bournemouth,Bournemouth,1.0,0.6,0.7133725556692283,,2.0,1.4267451113384566
dan_ndoye,2,9,MID,Nott'm Forest,14,0,0,0,3,0,0,4,4.3999999999999995,0.0,1.2,20.0,0.4,14.799999999999999,0.378,0.588,0.21,0.952,0.6,0.6,5.86,22.039999999999996,63.400000000000006,0.0,0.0,0.0,0.0,0.0,1.0,21.599999999999998,6.6,-2262.6,894.6,3157.2,55.0,0.0,Liverpool,1.2,0.6,Spurs,Spurs,0.0,0.0,3.4092836456185704,14970.0,1.5454128877977802,5.268750884097138
dane_scarlett,2,0,FWD,Spurs,17,1,0,0,3,0,0,3,0.4,0.0,0.0,0.0,0.0,0.0,0.0,0.0,0.0,0.0,0.0,0.0,0.0,0.0,0.0,0.0,0.0,0.0,0.0,0.0,0.0,0.0,0.0,-2397.6,7910.4,10308.0,45.0,0.0,Newcastle,0.0,0.0,Nott'm Forest,Nott'm Forest,1.2,0.6,0.41151770050594205,,0.5542897078515753,0.22810002598919066
dango_ouattara,2,1,MID,Brentford,13,0,0,0,3,0,0,2,2.12,0.0,0.0,12.0,0.4,21.619999999999997,0.16399999999999998,0.196,0.032,1.004,0.6,0.0,3.86,9.64,43.8,0.0,0.0,0.0,0.0,0.0,0.4,7.2,1.8000000000000003,-2162.4,4408.8,6571.2,65.0,0.0,Leeds,1.8000000000000003,1.8000000000000003,Sunderland,Sunderland,1.0,1.7999999999999998,2.3572375200183338,,1.138219828224887,2.6830544851205262
daniel_ballard,2,8,DEF,Sunderland,10,1,0,0,2,0,0,3,3.2800000000000002,0.0,0.0,17.8,0.6,1.2,0.004,0.022,0.018,1.29,0.8,0.0,2.6799999999999997,21.44,90.0,0.0,0.0,0.0,0.0,0.0,1.0,4.2,4.8,-22143.6,7678.799999999999,29822.399999999998,50.0,0.4,Fulham,1.0,1.7999999999999998,Brentford,Brentford,1.8000000000000003,1.8000000000000003,2.829850252442,14974.0,1.4197911637393419,4.017796383122698
daniel_james,2,1,MID,Leeds,4,1,0,0,2,0,0,3,0.9000000000000001,0.0,0.0,1.2,0.0,0.66,0.006,0.15,0.144,0.558,0.0,0.0,0.66,0.0,13.2,0.0,0.0,0.0,0.0,0.0,0.0,7.199999999999999,0.6,-523.8,517.8,1041.6,50.0,0.0,Brentford,1.0,1.8000000000000003,Brighton,Brighton,3.4,1.2000000000000002,1.0023821974954474,,0.9472508144914338,0.9495073530092758
daniel_jebbison,2,0,FWD,Bournemouth,9,1,0,0,3,0,0,3,0.8599999999999999,0.0,0.0,2.4000000000000004,0.0,0.32000000000000006,0.0,0.04000000000000001,0.04000000000000001,0.124,0.8,0.0,0.8400000000000001,1.36,6.0,0.0,0.0,0.0,0.0,0.0,0.0,6.800000000000001,0.4,1233.6,1486.2,252.6,50.0,0.0,Everton,1.0,0.6,Newcastle,Newcastle,2.0,2.1999999999999997,0.7168906190984774,,0.5587341843177389,0.40055129530702666
daniel_munoz_mejia,2,0,DEF,Crystal Palace,15,1,0,0,3,0,0,5,1.0,0.0,0.0,-1.6,0.0,0.7200000000000001,0.004,0.096,0.09200000000000001,0.336,0.8,0.0,0.96,0.48,21.6,0.0,0.0,0.0,0.0,0.0,0.4,8.4,0.0,-65868.59999999999,9387.0,75255.59999999999,55.0,0.0,Man City,0.6,0.0,Fulham,Fulham,0.8,0.0,1.3304110920318133,14969.0,0.7797970486568478,1.037450643066742
danny_welbeck,2,0,FWD,Chelsea,5,1,0,0,4,0,0,3,0.6000000000000001,0.0,0.0,0.0,0.0,0.0,0.0,0.0,0.0,0.0,0.0,0.0,0.0,0.0,0.0,0.0,0.0,0.0,0.0,0.0,0.0,0.0,0.0,-11573.4,1881.6,13455.0,60.0,0.0,Brighton,3.6,3.0,Arsenal,Arsenal,1.8000000000000003,3.0,0.6416089259569779,,1.2925550229128364,0.829314839991402
dara_o'shea,2,0,DEF,Ipswich Town,16,0,0,0,2,0,0,4,1.6,0.0,0.0,-2.0,0.0,10.280000000000001,0.07,0.112,0.042,3.1259999999999994,3.4,0.0,3.54,19.200000000000003,90.0,0.0,0.0,0.0,0.0,0.0,1.0,6.199999999999999,1.6,993.0,9383.4,8390.4,40.0,0.0,Man Utd,2.0,1.2000000000000002,Liverpool,Liverpool,2.0,1.0,2.325261762185664,,0.8037214541405995,1.868862764761395
dario_luis_essugo,2,0,MID,Chelsea,5,1,0,0,4,0,0,3,0.4,0.0,0.0,0.0,0.0,0.0,0.0,0.0,0.0,0.0,0.0,0.0,0.0,0.0,0.0,0.0,0.0,0.0,0.0,0.0,0.0,0.0,0.0,-981.0,751.1999999999999,1732.2,45.0,0.0,Brighton,3.6,3.0,Arsenal,Arsenal,1.8000000000000003,3.0,0.3915495092216865,,0.7639707456291492,0.2991323705108193
darko_gyabi,2,0,MID,Hull City,7,0,0,0,2,0,0,2,0.0,0.0,0.0,0.0,0.0,0.0,0.0,0.0,0.0,0.0,0.0,0.0,0.0,0.0,0.0,0.0,0.0,0.0,0.0,0.0,0.0,0.0,0.0,-277.2,38.4,315.59999999999997,45.0,0.0,Coventry City,1.4,3.0,Aston Villa,Aston Villa,0.0,0.0,0.35084024383649415,,1.1253711500471155,0.39482548868908585
darnell_furlong,2,1,DEF,Ipswich Town,16,0,0,0,2,0,0,4,0.7,0.0,0.0,-0.6,0.0,0.3,0.0,0.0,0.0,0.516,0.6,0.0,0.36,3.0,10.2,0.0,0.0,0.0,0.0,0.0,0.0,0.0,0.6,-2488.2,161.4,2649.6,40.0,0.0,Man Utd,2.0,1.2000000000000002,Liverpool,Liverpool,2.0,1.0,0.6084297527604869,,0.8037214541405995,0.489008045631064
david_akintola,2,0,MID,Hull City,7,0,0,0,2,0,0,2,0.6000000000000001,0.0,0.0,0.0,0.0,0.0,0.0,0.0,0.0,0.0,0.0,0.0,0.0,0.0,0.0,0.0,0.0,0.0,0.0,0.0,0.0,0.0,0.0,-15.6,548.4,564.0,50.0,0.0,Coventry City,1.4,3.0,Aston Villa,Aston Villa,0.0,0.0,0.512900600888875,,1.1253711500471155,0.5772035390821699
david_brooks,2,1,MID,Bournemouth,9,1,0,0,3,0,0,3,0.74,0.0,0.0,1.7999999999999998,0.0,0.96,0.006,0.006,0.0,0.096,0.6,0.0,0.06,0.0,5.3999999999999995,0.0,0.0,0.0,0.0,0.0,0.0,0.0,0.6,-55.8,361.2,417.0,50.0,0.0,Everton,1.0,0.6,Newcastle,Newcastle,2.0,2.1999999999999997,0.6647389967241603,,0.9908882275887397,0.6586820462731202
david_button,2,0,GK,Ipswich Town,16,0,0,0,2,0,0,4,0.4,0.0,0.0,0.0,0.0,0.0,0.0,0.0,0.0,0.0,0.0,0.0,0.0,0.0,0.0,0.0,0.0,0.0,0.0,0.0,0.0,0.0,0.0,84.0,1175.3999999999999,1091.3999999999999,40.0,0.0,Man Utd,2.0,1.2000000000000002,Liverpool,Liverpool,2.0,1.0,0.23797463789983708,,0.5,0.11898731894991854
david_raya_martin,2,6,GK,Arsenal,2,0,0,0,5,0,0,3,5.199999999999999,0.0,0.0,22.200000000000003,1.0,0.0,0.0,0.0,0.0,0.278,0.0,0.0,0.84,8.08,90.0,0.0,0.0,0.0,0.0,0.4,1.0,0.0,6.0,14853.599999999999,64040.399999999994,49186.799999999996,60.0,0.0,Aston Villa,1.8000000000000003,3.0,Chelsea,Chelsea,3.6,3.0,3.5133311168922914,14972.0,1.0666666666666667,3.7475531913517774
dayann_methalie,2,0,DEF,Sunderland,10,1,0,0,2,0,0,3,0.0,0.0,0.0,0.0,0.0,0.0,0.0,0.0,0.0,0.0,0.0,0.0,0.0,0.0,0.0,0.0,0.0,0.0,0.0,0.0,0.0,0.0,0.0,68.0,95.0,27.0,45.0,0.0,Fulham,1.0,1.7999999999999998,Brentford,Brentford,1.8000000000000003,1.8000000000000003,0.45716434148168505,,1.4197911637393419,0.6490778924124115
dean_henderson,2,1,GK,Crystal Palace,15,1,0,0,3,0,0,5,1.7,0.0,0.0,8.0,0.0,0.0,0.0,0.0,0.0,1.774,3.2,0.0,2.92,29.4,90.0,0.0,0.0,0.0,0.0,3.6,1.0,0.0,1.4,-4722.0,3542.4,8264.4,50.0,0.0,Man City,0.6,0.0,Fulham,Fulham,0.8,0.0,2.9206155947737455,15210.0,1.0666666666666667,3.1153233010919954
declan_rice,2,5,MID,Arsenal,2,0,0,0,5,0,0,3,3.44,0.0,0.0,15.4,1.0,19.119999999999997,0.092,0.12,0.028000000000000004,0.222,0.0,0.0,3.72,17.119999999999997,77.2,0.0,0.0,0.0,0.0,0.0,1.0,0.8,4.2,-73341.0,21292.2,94633.2,75.0,0.0,Aston Villa,1.8000000000000003,3.0,Chelsea,Chelsea,3.6,3.0,3.240462442341941,15210.0,1.7281163923988747,5.599896265564001
dejan_kulusevski,2,0,MID,Spurs,17,1,0,0,3,0,0,3,0.0,0.0,0.0,0.0,0.0,0.0,0.0,0.0,0.0,0.0,0.0,0.0,0.0,0.0,0.0,0.0,0.0,0.0,0.0,0.0,0.0,0.0,0.0,-99.6,45.0,144.6,65.0,0.0,Newcastle,0.0,0.0,Nott'm Forest,Nott'm Forest,1.2,0.6,0.7548260797348644,,0.5542453299159469,0.41835882959181075
destiny_udogie,2,1,DEF,Spurs,17,1,0,0,3,0,0,3,1.28,0.0,0.0,2.4000000000000004,0.0,7.18,0.122,0.122,0.0,0.32,0.6,0.0,1.14,3.12,14.799999999999999,0.0,0.0,0.0,0.0,0.0,0.0,1.2,1.0,-1804.2,1011.0,2815.2,45.0,0.0,Newcastle,0.0,0.0,Nott'm Forest,Nott'm Forest,1.2,0.6,1.0272977782995727,,1.2120722362551493,1.2451591154435095
diego_coppola,2,0,DEF,Brighton,6,0,0,0,3,0,0,4,0.68,0.0,0.0,0.0,0.0,0.0,0.0,0.0,0.0,0.0,0.0,0.0,0.0,0.0,0.0,0.0,0.0,0.0,0.0,0.0,0.0,0.0,0.0,-19.8,114.6,134.4,45.0,0.0,Chelsea,3.4,1.2000000000000002,Leeds,Leeds,1.0,1.8000000000000003,0.5427115753726766,,1.7259761128146704,0.9367072152412583
diego_gomez_amarilla,2,5,MID,Brighton,6,0,0,0,3,0,0,4,3.9,1.0,0.0,19.8,0.4,22.22,0.29400000000000004,0.5940000000000001,0.3,1.874,2.4,0.0,7.98,15.96,88.0,0.0,0.0,0.0,0.0,0.0,1.0,41.6,5.4,4248.0,14371.199999999999,10123.199999999999,50.0,0.0,Chelsea,3.4,1.2000000000000002,Leeds,Leeds,1.0,1.8000000000000003,4.000058606022228,14972.0,1.4413143626859686,5.765341920445452
dilane_bakwa,2,0,MID,Nott'm Forest,14,0,0,0,3,0,0,4,0.8,0.0,0.0,0.0,0.0,0.0,0.0,0.0,0.0,0.0,0.0,0.0,0.0,0.0,0.0,0.0,0.0,0.0,0.0,0.0,0.0,0.0,0.0,-178.79999999999998,64.2,243.0,55.0,0.0,Liverpool,1.2,0.6,Spurs,Spurs,0.0,0.0,0.6342516925560637,,1.5454128877977802,0.9801807397836962
dillon_phillips,2,0,GK,Hull City,7,0,0,0,2,0,0,2,0.4,0.0,0.0,0.0,0.0,0.0,0.0,0.0,0.0,0.0,0.0,0.0,0.0,0.0,0.0,0.0,0.0,0.0,0.0,0.0,0.0,0.0,0.0,-2387.4,1869.0,4256.4,40.0,0.0,Coventry City,1.4,3.0,Aston Villa,Aston Villa,0.0,0.0,0.2371826242803312,,2.0,0.4743652485606624
diogo_dalot_teixeira,2,2,DEF,Man Utd,12,1,0,0,4,0,0,2,1.78,0.0,0.0,9.6,0.0,29.84,0.072,0.162,0.09,0.636,0.6,0.0,6.279999999999999,12.879999999999999,47.8,0.0,0.0,0.0,0.0,0.0,0.6,19.8,1.6,-15265.199999999999,4914.0,20179.2,50.0,0.0,Ipswich Town,3.0,1.7999999999999998,Everton,Everton,1.4,1.8000000000000003,2.1868203609272285,,0.6436531910726833,1.4075539036135276
divine_mukasa,2,0,MID,Man City,8,0,0,0,5,0,0,3,0.4,0.0,0.0,0.0,0.0,0.0,0.0,0.0,0.0,0.0,0.0,0.0,0.0,0.0,0.0,0.0,0.0,0.0,0.0,0.0,0.0,0.0,0.0,-935.4,556.1999999999999,1491.6,45.0,0.0,Crystal Palace,3.2,3.0,Coventry City,Coventry City,0.0,0.0,0.3915495092216865,,1.6191035401041651,0.633959196506881
djed_spence,2,0,DEF,Spurs,17,1,0,0,3,0,0,3,0.0,0.0,0.0,0.0,0.0,0.0,0.0,0.0,0.0,0.0,0.0,0.0,0.0,0.0,0.0,0.0,0.0,0.0,0.0,0.0,0.0,0.0,0.0,-27469.2,0.0,27469.2,45.0,0.0,Newcastle,0.0,0.0,Nott'm Forest,Nott'm Forest,1.2,0.6,0.45716434148168505,,1.2120722362551493,0.5541162057158187
djiamgone_jocelin_ta_bi,2,0,MID,Sunderland,10,1,0,0,2,0,0,3,0.6000000000000001,0.0,0.0,0.0,0.0,0.0,0.0,0.0,0.0,0.0,0.0,0.0,0.0,0.0,0.0,0.0,0.0,0.0,0.0,0.0,0.0,0.0,0.0,-30.0,30.599999999999998,60.599999999999994,50.0,0.0,Fulham,1.0,1.7999999999999998,Brentford,Brentford,1.8000000000000003,1.8000000000000003,0.512900600888875,,0.5354852137320407,0.27465068789027136
dominic_calvert_lewin,2,8,FWD,Leeds,4,1,0,0,2,0,0,3,3.5,0.0,1.2,17.799999999999997,0.4,2.7199999999999998,0.012,0.616,0.6040000000000001,1.266,0.6,0.6,4.9,23.04,90.0,0.0,0.0,0.0,0.0,0.0,1.0,25.4,5.2,-62773.2,50588.4,113361.59999999999,60.0,0.4,Brentford,1.0,1.8000000000000003,Brighton,Brighton,3.4,1.2000000000000002,3.9085252514900617,50210.0,2.0,7.817050502980123
dominic_solanke_mitchell,2,1,FWD,Spurs,17,1,0,0,3,0,0,3,1.4,0.0,0.0,4.8,0.0,0.18,0.0,0.148,0.148,0.34,0.0,0.0,0.8,1.92,17.8,0.0,0.0,0.0,0.0,0.0,0.0,5.6,1.0,-7563.599999999999,4927.2,12490.8,60.0,0.0,Newcastle,0.0,0.0,Nott'm Forest,Nott'm Forest,1.2,0.6,1.2577213011941084,,0.5542897078515753,0.6971419725975855
dominik_szoboszlai,2,4,MID,Liverpool,18,1,0,0,4,0,0,3,4.6,0.0,0.4,26.0,0.0,43.260000000000005,0.21000000000000002,0.6460000000000001,0.43600000000000005,2.012,2.0,0.4,8.72,33.0,90.0,0.0,0.0,0.0,0.0,0.0,1.0,10.8,5.6,106558.8,147001.8,40443.0,70.0,0.0,Nott'm Forest,2.0,1.0,Ipswich Town,Ipswich Town,2.0,1.2000000000000002,4.151391116245953,14974.0,1.862003468953543,7.729904659432885
dorde_petrovic,2,3,GK,Bournemouth,9,1,0,0,3,0,0,3,2.26,0.0,0.0,17.2,0.0,0.0,0.0,0.0,0.0,2.004,1.4,0.0,3.5200000000000005,35.0,90.0,0.0,0.0,0.0,0.0,4.6,1.0,0.0,2.5999999999999996,6795.0,15226.8,8431.8,45.0,0.0,Everton,1.0,0.6,Newcastle,Newcastle,2.0,2.1999999999999997,2.84715919592158,79641.0,0.6666666666666666,1.8981061306143865
dwight_mcneil,2,1,MID,Crystal Palace,15,1,0,0,3,0,0,5,1.7,0.0,0.0,5.6000000000000005,0.0,2.06,0.008,0.028000000000000004,0.020000000000000004,0.512,1.4,0.0,0.7000000000000002,4.08,38.0,0.0,0.0,0.0,0.0,0.0,0.4,0.8,1.4,-813.6,283.2,1096.8,55.0,0.0,Man City,0.6,0.0,Fulham,Fulham,0.8,0.0,1.5418487724798333,,0.9928633625211627,1.5308451567434544
eberechi_eze,2,1,MID,Arsenal,2,0,0,0,5,0,0,3,1.52,0.0,0.0,5.199999999999999,0.0,1.92,0.042,0.058,0.016,0.204,0.0,0.0,0.4,0.96,32.6,0.0,0.0,0.0,0.0,0.0,0.0,1.6,1.0,-23265.6,3429.6,26695.2,65.0,0.0,Aston Villa,1.8000000000000003,3.0,Chelsea,Chelsea,3.6,3.0,1.6353227457094301,,1.7281163923988747,2.826028043723203
eddie_nketiah,2,2,FWD,Crystal Palace,15,1,0,0,3,0,0,5,1.62,0.0,0.0,9.600000000000001,0.0,16.16,0.23199999999999998,0.688,0.45599999999999996,1.5419999999999998,2.5999999999999996,0.0,3.58,5.720000000000001,62.199999999999996,0.0,0.0,0.0,0.0,0.0,1.0,14.0,1.6,-1510.2,1957.8,3468.0,55.0,0.0,Man City,0.6,0.0,Fulham,Fulham,0.8,0.0,2.668467502450902,14971.0,1.227320068593165,3.275063718146672
el_hadji_malick_diouf,2,0,DEF,Brentford,13,0,0,0,3,0,0,2,1.7,0.0,0.0,0.0,0.0,0.0,0.0,0.0,0.0,0.0,0.0,0.0,0.0,0.0,0.0,0.0,0.0,0.0,0.0,0.0,0.0,0.0,0.0,563.0,600.0,37.0,45.0,0.0,Leeds,1.8000000000000003,1.8000000000000003,Sunderland,Sunderland,1.0,1.7999999999999998,0.6710324262091639,,2.0,1.3420648524183278
eliot_matazo,2,0,MID,Hull City,7,0,0,0,2,0,0,2,0.0,0.0,0.0,0.0,0.0,0.0,0.0,0.0,0.0,0.0,0.0,0.0,0.0,0.0,0.0,0.0,0.0,0.0,0.0,0.0,0.0,0.0,0.0,-19.2,38.4,57.599999999999994,45.0,0.0,Coventry City,1.4,3.0,Aston Villa,Aston Villa,0.0,0.0,0.35084024383649415,,1.1253711500471155,0.39482548868908585
elliot_anderson,2,3,MID,Man City,8,0,0,0,5,0,0,3,2.42,0.0,0.0,20.6,0.0,20.439999999999998,0.232,0.274,0.042,0.6160000000000001,1.0,0.0,4.6,17.88,73.4,0.0,0.0,0.0,0.0,0.0,1.0,7.8,2.5999999999999996,-85841.4,6141.599999999999,91983.0,64.4,0.6,Crystal Palace,3.2,3.0,Coventry City,Coventry City,0.0,0.0,2.9860985358549508,14971.0,1.6191035401041651,4.834802710502615
elliot_stroud,2,0,MID,Hull City,7,0,0,0,2,0,0,2,1.5,0.0,0.0,3.2,0.4,4.5,0.018000000000000002,0.024,0.006,1.1179999999999999,0.0,0.0,1.06,3.3600000000000003,62.8,0.0,0.0,0.0,0.0,0.0,1.0,4.2,1.2000000000000002,499.79999999999995,858.0,358.2,50.0,0.6,Coventry City,1.4,3.0,Aston Villa,Aston Villa,0.0,0.0,1.9872916627907387,,1.1253711500471155,2.236440704033858
ellis_simms,2,0,FWD,Coventry City,11,1,0,0,2,0,0,2,1.16,0.0,0.0,2.8000000000000003,0.0,4.920000000000001,0.004,0.004,0.0,0.6400000000000001,1.2000000000000002,0.0,0.68,1.04,27.6,0.0,0.0,0.0,0.0,0.0,0.4,0.8,0.8,6199.8,11961.6,5761.8,50.0,0.0,Hull City,0.0,0.0,Man City,Man City,3.2,3.0,1.409828331097252,14970.0,0.5,0.704914165548626
emersonn_correia_da_silva,2,1,FWD,Ipswich Town,16,0,0,0,2,0,0,4,3.72,0.0,1.2000000000000002,20.6,0.0,17.18,0.024,0.35200000000000004,0.328,0.714,1.0,0.4,5.319999999999999,18.840000000000003,53.0,0.0,0.0,0.0,0.0,0.0,1.0,17.2,4.2,35998.2,46084.2,10086.0,55.0,0.0,Man Utd,2.0,1.2000000000000002,Liverpool,Liverpool,2.0,1.0,2.855507813375044,14970.0,1.1505413270351472,3.2853797489597545
emile_smith_rowe,2,1,MID,Fulham,20,0,0,0,3,0,0,2,1.1,0.0,0.0,3.0,0.0,13.68,0.012,0.048,0.036,0.24599999999999997,0.0,0.0,2.1,3.12,8.4,0.0,0.0,0.0,0.0,0.0,0.0,4.2,0.6,-2000.3999999999999,848.4,2848.7999999999997,55.0,0.0,Sunderland,0.8,0.0,Crystal Palace,Crystal Palace,0.6,0.0,1.0424185891573325,,1.0091673238434073,1.0519747779445257
emiliano_buendia_stati,2,2,MID,Aston Villa,1,1,0,0,3,0,0,5,2.08,0.0,0.0,7.0,0.0,14.44,0.048,0.124,0.07600000000000001,2.072,2.2,0.0,2.5,3.0,88.0,0.0,0.0,0.0,0.0,0.0,1.0,8.6,2.0,-10119.6,3012.0,13131.6,60.0,0.0,Arsenal,0.0,0.0,Hull City,Hull City,1.4,3.0,2.9356430861404,14972.0,0.5,1.4678215430702
emiliano_martinez_romero,2,2,GK,Chelsea,5,1,0,0,4,0,0,3,1.6400000000000001,0.0,0.0,10.799999999999999,0.0,12.0,0.006,0.006,0.0,0.846,1.7999999999999998,0.0,3.36,21.720000000000002,54.0,0.0,0.0,0.0,0.0,2.4,0.6,0.0,1.2,-25373.399999999998,8925.6,4869.0,50.0,0.0,Brighton,3.6,3.0,Arsenal,Arsenal,1.8000000000000003,3.0,2.0812182647041815,79641.0,0.5333333333333333,1.1099830745088968
emmanuel_emegha,2,0,FWD,Chelsea,5,1,0,0,4,0,0,3,0.5599999999999999,0.0,0.0,0.0,0.0,0.0,0.0,0.0,0.0,0.0,0.0,0.0,0.0,0.0,0.0,0.0,0.0,0.0,0.0,0.0,0.0,0.0,0.0,-530.4,870.0,1400.3999999999999,50.0,0.0,Brighton,3.6,3.0,Arsenal,Arsenal,1.8000000000000003,3.0,0.4963254429754904,,1.2925550229128364,0.6415279443174087
endo_wataru,2,0,MID,Liverpool,18,1,0,0,4,0,0,3,0.6000000000000001,0.0,0.0,0.0,0.0,0.0,0.0,0.0,0.0,0.0,0.0,0.0,0.0,0.0,0.0,0.0,0.0,0.0,0.0,0.0,0.0,0.0,0.0,-300.0,291.0,591.0,50.0,0.0,Nott'm Forest,2.0,1.0,Ipswich Town,Ipswich Town,2.0,1.2000000000000002,0.512900600888875,,1.862003468953543,0.9550226980834419
enes_unal,2,0,FWD,Bournemouth,9,1,0,0,3,0,0,3,0.0,0.0,0.0,0.0,0.0,0.0,0.0,0.0,0.0,0.0,0.0,0.0,0.0,0.0,0.0,0.0,0.0,0.0,0.0,0.0,0.0,0.0,0.0,-642.0,0.0,642.0,55.0,0.0,Everton,1.0,0.6,Newcastle,Newcastle,2.0,2.1999999999999997,0.5185651804111857,,0.5587341843177389,0.289740093092625
enis_destan,2,0,FWD,Hull City,7,0,0,0,2,0,0,2,0.0,0.0,0.0,0.0,0.0,0.0,0.0,0.0,0.0,0.0,0.0,0.0,0.0,0.0,0.0,0.0,0.0,0.0,0.0,0.0,0.0,0.0,0.0,-5319.599999999999,0.0,5319.599999999999,45.0,0.0,Coventry City,1.4,3.0,Aston Villa,Aston Villa,0.0,0.0,0.37675769770935674,,0.5,0.18837884885467837
enzo_fernandez,2,0,MID,Chelsea,5,1,0,0,4,0,0,3,1.3,0.0,0.0,2.4000000000000004,0.0,4.800000000000001,0.008,0.008,0.0,0.11200000000000002,0.0,0.0,0.6000000000000001,1.36,10.0,0.0,0.0,0.0,0.0,0.0,0.0,0.0,0.4,-44526.6,8972.4,53499.0,70.0,0.0,Brighton,3.6,3.0,Arsenal,Arsenal,1.8000000000000003,3.0,1.2332399565442196,14970.0,0.7639707456291492,0.942159249140747
enzo_le_fee,2,3,MID,Sunderland,10,1,0,0,2,0,0,3,2.38,0.0,0.0,13.0,0.6,16.68,0.114,0.336,0.222,1.1920000000000002,0.4,0.0,3.9,3.88,85.0,0.0,0.0,0.0,0.0,0.0,1.0,18.0,2.5999999999999996,-62234.399999999994,6831.599999999999,69066.0,60.0,0.0,Fulham,1.0,1.7999999999999998,Brentford,Brentford,1.8000000000000003,1.8000000000000003,3.2341837265004476,61014.0,0.5354852137320407,1.73185756403378
ephron_mason_clark,2,1,MID,Coventry City,11,1,0,0,2,0,0,2,1.1,0.0,0.0,2.4,0.0,9.6,0.036,0.036,0.0,0.012,0.0,0.0,1.2,2.52,34.199999999999996,0.0,0.0,0.0,0.0,0.0,0.6,0.0,0.6,-653.4,293.4,946.8,55.0,0.0,Hull City,0.0,0.0,Man City,Man City,3.2,3.0,1.416171816002767,,0.5,0.7080859080013835
erling_haaland,2,13,FWD,Man City,8,0,0,0,5,0,0,3,6.1,0.0,1.7999999999999998,38.4,0.0,2.14,0.008,0.7000000000000001,0.692,0.656,1.0,1.2,9.559999999999999,42.92,90.0,0.0,0.0,0.0,0.0,0.0,1.0,50.599999999999994,8.6,-20548.2,41763.0,62311.2,155.0,0.0,Crystal Palace,3.2,3.0,Coventry City,Coventry City,0.0,0.0,5.555421747664666,14974.0,1.1537120160083618,6.409356824274899
estevao_almeida_de_oliveira_goncalves,2,0,MID,Chelsea,5,1,0,0,4,0,0,3,1.22,0.0,0.0,1.2000000000000002,0.0,0.16000000000000003,0.0,0.0,0.0,0.036,0.0,0.0,0.04000000000000001,0.08000000000000002,2.8000000000000003,0.0,0.0,0.0,0.0,0.0,0.0,0.0,0.4,-10932.0,3338.4,14270.4,65.0,0.0,Brighton,3.6,3.0,Arsenal,Arsenal,1.8000000000000003,3.0,0.9489637700724225,,0.7639707456291492,0.7249805589972772
ethan_ampadu,2,2,MID,Leeds,4,1,0,0,2,0,0,3,2.9000000000000004,0.0,0.0,14.399999999999999,0.4,19.28,0.07,0.076,0.006,1.266,0.6,0.0,3.9000000000000004,19.200000000000003,90.0,0.0,0.0,0.0,0.0,0.0,1.0,0.6,3.2,-2910.0,2754.6,5664.599999999999,55.0,0.0,Brentford,1.0,1.8000000000000003,Brighton,Brighton,3.4,1.2000000000000002,2.938995512922686,61014.0,0.9472508144914338,2.7839658934026836
ethan_nwaneri,2,0,MID,Arsenal,2,0,0,0,5,0,0,3,0.8,0.0,0.0,0.0,0.0,0.0,0.0,0.0,0.0,0.0,0.0,0.0,0.0,0.0,0.0,0.0,0.0,0.0,0.0,0.0,0.0,0.0,0.0,-148.79999999999998,45.6,194.4,55.0,0.0,Aston Villa,1.8000000000000003,3.0,Chelsea,Chelsea,3.6,3.0,0.6342516925560637,,1.7281163923988747,1.0960607468128651
ethan_pinnock,2,1,DEF,Coventry City,11,1,0,0,2,0,0,2,0.98,0.0,0.0,-0.6,0.0,0.42,0.0,0.0,0.0,0.324,0.6,0.0,0.3,2.28,7.199999999999999,0.0,0.0,0.0,0.0,0.0,0.0,0.0,0.6,-238.2,344.4,582.6,45.0,0.0,Hull City,0.0,0.0,Man City,Man City,3.2,3.0,0.7356830383474249,,0.5,0.36784151917371244
evan_ferguson,2,0,FWD,Brighton,6,0,0,0,3,0,0,4,0.0,0.0,0.0,0.0,0.0,0.0,0.0,0.0,0.0,0.0,0.0,0.0,0.0,0.0,0.0,0.0,0.0,0.0,0.0,0.0,0.0,0.0,0.0,-183.0,190.79999999999998,373.8,50.0,0.0,Chelsea,3.4,1.2000000000000002,Leeds,Leeds,1.0,1.8000000000000003,0.4476614390602711,,0.7021881062813077,0.3143425381488968
evann_guessand,2,1,MID,Crystal Palace,15,1,0,0,3,0,0,5,1.4,0.0,0.0,3.0,0.0,0.9000000000000001,0.014,0.026000000000000002,0.012,0.176,0.6,0.0,0.6599999999999999,2.6000000000000005,27.0,0.0,0.0,0.0,0.0,0.0,0.0,2.8000000000000003,1.0,-84.0,289.8,373.8,55.0,0.0,Man City,0.6,0.0,Fulham,Fulham,0.8,0.0,1.3070375099340756,,0.9928633625211627,1.297709657054434
ewen_jaouen,2,0,GK,Newcastle,19,0,0,0,3,0,0,3,0.76,0.0,0.0,0.0,0.0,0.0,0.0,0.0,0.0,0.0,0.0,0.0,0.0,0.0,0.0,0.0,0.0,0.0,0.0,0.0,0.0,0.0,0.0,-134.4,74.39999999999999,208.79999999999998,45.0,0.0,Spurs,2.0,2.1999999999999997,Bournemouth,Bournemouth,1.0,0.6,0.39151404287601865,,2.0,0.7830280857520373
exequiel_palacios,2,1,MID,Ipswich Town,16,0,0,0,2,0,0,4,1.5,0.0,0.0,11.0,0.0,12.0,0.01,0.01,0.0,1.92,2.0,0.0,2.1,7.2,28.0,0.0,0.0,0.0,0.0,0.0,0.0,2.0,1.0,84.0,89.0,5.0,50.0,0.0,Man Utd,2.0,1.2000000000000002,Liverpool,Liverpool,2.0,1.0,1.362520406258231,,1.2904377628115025,1.7582477848368911
ezri_konsa_ngoyo,2,1,DEF,Arsenal,2,0,0,0,5,0,0,3,0.98,0.0,0.0,1.7999999999999998,0.0,0.06,0.0,0.0,0.0,0.0,0.0,0.0,0.18,1.92,6.6,0.0,0.0,0.0,0.0,0.0,0.0,0.0,0.6,-107859.59999999999,29892.6,137752.19999999998,45.0,0.0,Aston Villa,1.8000000000000003,3.0,Chelsea,Chelsea,3.6,3.0,0.718525938598098,50210.0,1.2669970969055286,0.9103702782551103
fabian_schar,2,0,DEF,Newcastle,19,0,0,0,3,0,0,3,1.1800000000000002,0.0,0.0,-0.4,0.0,0.0,0.0,0.0,0.0,0.31600000000000006,0.4,0.0,0.0,0.0,0.4,0.0,0.0,0.0,0.0,0.0,0.0,0.0,0.4,6.0,1137.0,1131.0,50.0,0.0,Spurs,2.0,2.1999999999999997,Bournemouth,Bournemouth,1.0,0.6,0.7685251089092998,,2.0,1.5370502178185996
fabio_ferreira_vieira,2,0,MID,Arsenal,2,0,0,0,5,0,0,3,0.8,0.0,0.0,0.0,0.0,0.0,0.0,0.0,0.0,0.0,0.0,0.0,0.0,0.0,0.0,0.0,0.0,0.0,0.0,0.0,0.0,0.0,0.0,-81.0,48.0,129.0,55.0,0.0,Aston Villa,1.8000000000000003,3.0,Chelsea,Chelsea,3.6,3.0,0.6342516925560637,,1.7281163923988747,1.0960607468128651
fabio_freitas_gouveia_carvalho,2,0,MID,Brentford,13,0,0,0,3,0,0,2,0.44000000000000006,0.0,0.0,0.0,0.0,0.0,0.0,0.0,0.0,0.0,0.0,0.0,0.0,0.0,0.0,0.0,0.0,0.0,0.0,0.0,0.0,0.0,0.0,-54.6,93.0,147.6,50.0,0.0,Leeds,1.8000000000000003,1.8000000000000003,Sunderland,Sunderland,1.0,1.7999999999999998,0.4966168947347982,,1.138219828224887,0.5652591966186188
facundo_buonanotte,2,0,MID,Brighton,6,0,0,0,3,0,0,4,0.0,0.0,0.0,0.0,0.0,0.0,0.0,0.0,0.0,0.0,0.0,0.0,0.0,0.0,0.0,0.0,0.0,0.0,0.0,0.0,0.0,0.0,0.0,-103.8,0.0,103.8,50.0,0.0,Chelsea,3.4,1.2000000000000002,Leeds,Leeds,1.0,1.8000000000000003,0.4518367028110868,,1.4413143626859686,0.6512387293502909
federico_chiesa,2,0,MID,Liverpool,18,1,0,0,4,0,0,3,0.8,0.0,0.0,0.0,0.0,0.0,0.0,0.0,0.0,0.0,0.0,0.0,0.0,0.0,0.0,0.0,0.0,0.0,0.0,0.0,0.0,0.0,0.0,-1779.0,351.0,2130.0,55.0,0.0,Nott'm Forest,2.0,1.0,Ipswich Town,Ipswich Town,2.0,1.2000000000000002,0.6342516925560637,,1.862003468953543,1.1809788517290467
felipe_rodrigues_da_silva,2,0,DEF,Nott'm Forest,14,0,0,0,3,0,0,4,0.8800000000000001,0.0,0.0,0.0,0.0,0.0,0.0,0.0,0.0,0.0,0.0,0.0,0.0,0.0,0.0,0.0,0.0,0.0,0.0,0.0,0.0,0.0,0.0,-262.2,138.0,400.2,50.0,0.0,Liverpool,1.2,0.6,Spurs,Spurs,0.0,0.0,0.7133725556692283,,2.0,1.4267451113384566
ferdi_kadioglu,2,0,DEF,Brighton,6,0,0,0,3,0,0,4,0.68,0.0,0.0,-2.4,0.0,10.02,0.006,0.018,0.012,1.758,2.4,0.0,1.68,1.68,54.0,0.0,0.0,0.0,0.0,0.0,0.6,4.8,0.0,-29294.399999999998,1548.0,30842.399999999998,45.0,0.0,Chelsea,3.4,1.2000000000000002,Leeds,Leeds,1.0,1.8000000000000003,1.529630636639463,14969.0,1.7259761128146704,2.6401059402692097
filip_jorgensen,2,0,GK,Chelsea,5,1,0,0,4,0,0,3,0.0,0.0,0.0,0.0,0.0,0.0,0.0,0.0,0.0,0.0,0.0,0.0,0.0,0.0,0.0,0.0,0.0,0.0,0.0,0.0,0.0,0.0,0.0,-300.59999999999997,0.0,300.59999999999997,50.0,0.0,Brighton,3.6,3.0,Arsenal,Arsenal,1.8000000000000003,3.0,0.5158032785566524,,0.5333333333333333,0.2750950818968813
florentino_ibrain_morris_luis,2,0,MID,Ipswich Town,16,0,0,0,2,0,0,4,0.6000000000000001,0.0,0.0,0.0,0.0,0.0,0.0,0.0,0.0,0.0,0.0,0.0,0.0,0.0,0.0,0.0,0.0,0.0,0.0,0.0,0.0,0.0,0.0,-1195.8,128.4,1324.2,50.0,0.0,Man Utd,2.0,1.2000000000000002,Liverpool,Liverpool,2.0,1.0,0.512900600888875,,1.2904377628115025,0.6618663039557152
florian_wirtz,2,4,MID,Liverpool,18,1,0,0,4,0,0,3,2.84,0.6,0.0,20.2,0.0,21.740000000000002,0.136,0.378,0.24200000000000002,1.5839999999999999,2.0,0.0,6.720000000000001,20.6,78.8,0.0,0.0,0.0,0.0,0.0,1.0,24.8,3.2,-59003.399999999994,14953.8,73957.2,75.0,0.6,Nott'm Forest,2.0,1.0,Ipswich Town,Ipswich Town,2.0,1.2000000000000002,3.667023770791202,61014.0,1.862003468953543,6.82801098194832
francisco_evanilson_de_lima_barbosa,2,5,FWD,Bournemouth,9,1,0,0,3,0,0,3,3.5,1.0,0.0,13.4,1.0,18.08,0.10800000000000001,0.456,0.348,1.778,0.0,0.0,4.86,16.759999999999998,77.6,0.0,0.0,0.0,0.0,0.0,1.0,14.0,4.6,32159.399999999998,43575.0,11415.6,60.0,0.4,Everton,1.0,0.6,Newcastle,Newcastle,2.0,2.1999999999999997,3.87105509231578,15210.0,0.5587341843177389,2.162890809454087
frank_onyeka,2,0,MID,Coventry City,11,1,0,0,2,0,0,2,1.2000000000000002,0.0,0.0,3.2,0.0,0.6400000000000001,0.004,0.004,0.0,0.752,1.2000000000000002,0.0,0.2,1.4400000000000002,36.0,0.0,0.0,0.0,0.0,0.0,0.4,0.0,0.8,513.6,1473.6,960.0,50.0,0.0,Hull City,0.0,0.0,Man City,Man City,3.2,3.0,1.2992993811721614,,0.5,0.6496496905860807
fraser_forster,2,0,GK,Bournemouth,9,1,0,0,3,0,0,3,0.4,0.0,0.0,0.0,0.0,0.0,0.0,0.0,0.0,0.0,0.0,0.0,0.0,0.0,0.0,0.0,0.0,0.0,0.0,0.0,0.0,0.0,0.0,-654.6,5737.2,6391.8,40.0,0.0,Everton,1.0,0.6,Newcastle,Newcastle,2.0,2.1999999999999997,0.23665461520066056,,0.6666666666666666,0.15776974346710704
freddie_woodman,2,0,GK,Liverpool,18,1,0,0,4,0,0,3,0.4,0.0,0.0,0.0,0.0,0.0,0.0,0.0,0.0,0.0,0.0,0.0,0.0,0.0,0.0,0.0,0.0,0.0,0.0,0.0,0.0,0.0,0.0,-1356.0,1957.8,3313.7999999999997,40.0,0.0,Nott'm Forest,2.0,1.0,Ipswich Town,Ipswich Town,2.0,1.2000000000000002,0.23797463789983708,,0.5,0.11898731894991854
gabriel_dos_santos_magalhaes,2,8,DEF,Arsenal,2,0,0,0,5,0,0,3,5.5,0.0,0.0,22.2,1.0,2.64,0.016,0.11399999999999999,0.098,0.278,0.0,0.0,1.9800000000000002,13.56,90.0,0.0,0.0,0.0,0.0,0.0,1.0,3.9999999999999996,6.8,-39205.799999999996,35259.0,74464.8,80.0,0.4,Aston Villa,1.8000000000000003,3.0,Chelsea,Chelsea,3.6,3.0,3.9751770086713476,14972.0,1.2669970969055286,5.036537729672201
gabriel_fernando_de_jesus,2,0,FWD,Arsenal,2,0,0,0,5,0,0,3,0.8,0.0,0.0,0.0,0.0,0.0,0.0,0.0,0.0,0.0,0.0,0.0,0.0,0.0,0.0,0.0,0.0,0.0,0.0,0.0,0.0,0.0,0.0,-3158.4,1148.3999999999999,4306.8,60.0,0.0,Aston Villa,1.8000000000000003,3.0,Chelsea,Chelsea,3.6,3.0,0.6589889273552705,,1.098420612351919,0.7238470211187104
gabriel_gudmundsson,2,0,DEF,Leeds,4,1,0,0,2,0,0,3,0.0,0.0,0.0,0.0,0.0,0.0,0.0,0.0,0.0,0.0,0.0,0.0,0.0,0.0,0.0,0.0,0.0,0.0,0.0,0.0,0.0,0.0,0.0,-555.6,39.6,595.1999999999999,45.0,0.0,Brentford,1.0,1.8000000000000003,Brighton,Brighton,3.4,1.2000000000000002,0.45716434148168505,,0.5598157112273285,0.2559277809743428
gabriel_martinelli_silva,2,0,MID,Arsenal,2,0,0,0,5,0,0,3,0.9199999999999999,0.0,0.0,0.0,0.0,0.0,0.0,0.0,0.0,0.0,0.0,0.0,0.0,0.0,0.0,0.0,0.0,0.0,0.0,0.0,0.0,0.0,0.0,-3430.7999999999997,790.8,4221.599999999999,64.4,0.0,Aston Villa,1.8000000000000003,3.0,Chelsea,Chelsea,3.6,3.0,0.8363378150438555,,1.7281163923988747,1.4452890877603448
george_hemmings,2,2,MID,Aston Villa,1,1,0,0,3,0,0,5,1.6,0.0,0.0,7.800000000000001,0.0,7.219999999999999,0.006,0.006,0.0,2.114,2.2,0.0,1.3199999999999998,5.32,78.0,0.0,0.0,0.0,0.0,0.0,1.0,0.8,2.0,1955.3999999999999,5245.8,3290.4,45.0,0.0,Arsenal,0.0,0.0,Hull City,Hull City,1.4,3.0,2.168707843042267,,0.5,1.0843539215211335
george_hirst,2,0,FWD,Ipswich Town,16,0,0,0,2,0,0,4,0.0,0.0,0.0,0.0,0.0,0.0,0.0,0.0,0.0,0.0,0.0,0.0,0.0,0.0,0.0,0.0,0.0,0.0,0.0,0.0,0.0,0.0,0.0,-5217.0,0.0,5217.0,50.0,0.0,Man Utd,2.0,1.2000000000000002,Liverpool,Liverpool,2.0,1.0,0.4476614390602711,,1.1505413270351472,0.515052986158868
george_shepherd,2,0,MID,Coventry City,11,1,0,0,2,0,0,2,0.4,0.0,0.0,0.0,0.0,0.0,0.0,0.0,0.0,0.0,0.0,0.0,0.0,0.0,0.0,0.0,0.0,0.0,0.0,0.0,0.0,0.0,0.0,-1294.8,607.8,1902.6,45.0,0.0,Hull City,0.0,0.0,Man City,Man City,3.2,3.0,0.3915495092216865,,0.5,0.19577475461084326
georginio_rutter,2,0,FWD,Brighton,6,0,0,0,3,0,0,4,1.8599999999999999,0.4,0.0,8.8,0.4,4.5600000000000005,0.17600000000000002,0.20800000000000002,0.032,0.11599999999999999,0.0,0.0,1.8399999999999999,7.920000000000001,36.0,0.0,0.0,0.0,0.0,0.0,0.4,6.0,2.0,5328.0,14332.199999999999,9004.199999999999,55.0,0.0,Chelsea,3.4,1.2000000000000002,Leeds,Leeds,1.0,1.8000000000000003,1.8839194923073237,14972.0,0.7021881062813077,1.3228658606897221
geovany_quenda,2,0,MID,Chelsea,5,1,0,0,4,0,0,3,1.1,0.0,0.0,0.8,0.0,0.12,0.0,0.0,0.0,0.036,0.0,0.0,0.16000000000000003,0.48,3.2,0.0,0.0,0.0,0.0,0.0,0.0,0.8,0.4,-353.4,138.6,492.0,55.0,0.0,Brighton,3.6,3.0,Arsenal,Arsenal,1.8000000000000003,3.0,0.7553418809224366,,0.7639707456291492,0.5770590999732379
geronimo_rulli,2,0,GK,Man City,8,0,0,0,5,0,0,3,1.04,0.0,0.0,0.0,0.0,0.0,0.0,0.0,0.0,0.0,0.0,0.0,0.0,0.0,0.0,0.0,0.0,0.0,0.0,0.0,0.0,0.0,0.0,-78.0,56.4,134.4,50.0,0.0,Crystal Palace,3.2,3.0,Coventry City,Coventry City,0.0,0.0,0.5443973175473384,,2.0,1.0887946350946769
gianluigi_donnarumma,2,0,GK,Man City,8,0,0,0,5,0,0,3,2.2199999999999998,0.0,0.0,7.800000000000001,0.0,0.0,0.0,0.0,0.0,0.656,1.0,0.0,1.5,14.8,90.0,0.6,0.0,0.0,0.0,1.8000000000000003,1.0,0.0,1.2000000000000002,-6566.4,20404.8,26971.2,55.0,0.0,Crystal Palace,3.2,3.0,Coventry City,Coventry City,0.0,0.0,3.0731018429739,14969.0,2.0,6.1462036859478
giorgi_mamardashvili,2,0,GK,Liverpool,18,1,0,0,4,0,0,3,1.04,0.0,0.0,0.0,0.0,0.0,0.0,0.0,0.0,0.0,0.0,0.0,0.0,0.0,0.0,0.0,0.0,0.0,0.0,0.0,0.0,0.0,0.0,-828.0,394.8,1222.8,50.0,0.0,Nott'm Forest,2.0,1.0,Ipswich Town,Ipswich Town,2.0,1.2000000000000002,0.5428132903083267,14969.0,0.5,0.27140664515416335
giovanni_leoni,2,0,DEF,Liverpool,18,1,0,0,4,0,0,3,0.0,0.0,0.0,0.0,0.0,0.0,0.0,0.0,0.0,0.0,0.0,0.0,0.0,0.0,0.0,0.0,0.0,0.0,0.0,0.0,0.0,0.0,0.0,-202.2,109.2,311.4,40.0,0.0,Nott'm Forest,2.0,1.0,Ipswich Town,Ipswich Town,2.0,1.2000000000000002,0.3116643123295426,,0.5,0.1558321561647713
gonzalo_garcia,2,2,FWD,Fulham,20,0,0,0,3,0,0,2,3.2,0.0,0.0,14.4,0.0,3.4,0.01,0.46399999999999997,0.45399999999999996,2.108,1.8000000000000003,0.4,5.199999999999999,18.240000000000002,90.0,0.0,0.0,0.0,0.0,0.0,1.0,30.4,3.6000000000000005,81006.59999999999,91330.8,10324.199999999999,60.0,0.0,Sunderland,0.8,0.0,Crystal Palace,Crystal Palace,0.6,0.0,3.5663736017665224,14973.0,2.0,7.132747203533045
granit_xhaka,2,6,MID,Sunderland,10,1,0,0,2,0,0,3,5.3,0.4,2.5999999999999996,29.799999999999997,0.6,47.3,0.252,0.252,0.0,1.29,0.8,0.0,6.68,19.759999999999998,90.0,0.0,0.0,0.0,0.0,0.0,1.0,0.0,7.199999999999999,14739.6,25668.6,10929.0,55.0,0.0,Fulham,1.0,1.7999999999999998,Brentford,Brentford,1.8000000000000003,1.8000000000000003,3.7164271035704353,50210.0,0.5354852137320407,1.9900917618749636
guglielmo_vicario,2,0,GK,Spurs,17,1,0,0,3,0,0,3,0.0,0.0,0.0,0.0,0.0,0.0,0.0,0.0,0.0,0.0,0.0,0.0,0.0,0.0,0.0,0.0,0.0,0.0,0.0,0.0,0.0,0.0,0.0,-6862.2,0.0,6862.2,45.0,0.0,Newcastle,0.0,0.0,Nott'm Forest,Nott'm Forest,1.2,0.6,0.3675925008108665,,1.2,0.44111100097303974
gustavo_hamer,2,1,MID,Coventry City,11,1,0,0,2,0,0,2,1.4,0.0,0.0,2.4000000000000004,0.0,1.02,0.012,0.012,0.0,0.46599999999999997,0.6,0.0,0.16,0.28,14.600000000000001,0.0,0.0,0.0,0.0,0.0,0.0,0.0,1.0,-625.1999999999999,231.6,856.8,55.0,0.0,Hull City,0.0,0.0,Man City,Man City,3.2,3.0,1.0379160400178402,,0.5,0.5189580200089201
habib_diarra,2,4,MID,Sunderland,10,1,0,0,2,0,0,3,2.3,0.6,0.0,10.2,0.0,6.420000000000001,0.096,0.108,0.012,0.052000000000000005,0.4,0.0,1.6800000000000002,9.28,14.799999999999999,0.0,0.0,0.0,0.0,0.0,0.0,0.8,2.8,-505.2,201.0,706.1999999999999,55.0,0.0,Fulham,1.0,1.7999999999999998,Brentford,Brentford,1.8000000000000003,1.8000000000000003,1.3422149739148685,,0.5354852137320407,0.7187362721811489
haji_wright,2,0,FWD,Coventry City,11,1,0,0,2,0,0,2,0.0,0.0,0.0,0.0,0.0,0.0,0.0,0.0,0.0,0.0,0.0,0.0,0.0,0.0,0.0,0.0,0.0,0.0,0.0,0.0,0.0,0.0,0.0,-3190.7999999999997,64.2,3255.0,55.0,0.0,Hull City,0.0,0.0,Man City,Man City,3.2,3.0,0.5185651804111857,,0.5,0.25928259020559286
hakon_rafn_valdimarsson,2,0,GK,Brentford,13,0,0,0,3,0,0,2,0.76,0.0,0.0,0.0,0.0,0.0,0.0,0.0,0.0,0.0,0.0,0.0,0.0,0.0,0.0,0.0,0.0,0.0,0.0,0.0,0.0,0.0,0.0,-148.79999999999998,385.2,534.0,45.0,0.0,Leeds,1.8000000000000003,1.8000000000000003,Sunderland,Sunderland,1.0,1.7999999999999998,0.39125003833618344,,2.0,0.7825000766723669
harrison_armstrong,2,2,MID,Everton,3,0,0,0,3,0,0,3,3.6,0.4,0.0,17.2,0.4,13.26,0.034,0.034,0.0,2.08,0.6,0.0,3.36,18.240000000000002,87.6,0.0,0.0,0.0,0.0,0.0,1.0,1.6,4.4,6191.4,7671.599999999999,1480.2,50.0,0.0,Bournemouth,1.4,1.8000000000000003,Man Utd,Man Utd,3.0,1.7999999999999998,2.8815632349157596,,0.7199556720256638,2.0745977952782213
harrison_reed,2,0,MID,Fulham,20,0,0,0,3,0,0,2,0.4,0.0,0.0,0.0,0.0,0.0,0.0,0.0,0.0,0.0,0.0,0.0,0.0,0.0,0.0,0.0,0.0,0.0,0.0,0.0,0.0,0.0,0.0,-5352.599999999999,3349.2,8701.8,45.0,0.0,Sunderland,0.8,0.0,Crystal Palace,Crystal Palace,0.6,0.0,0.3915495092216865,,1.0091673238434073,0.3951389703734489
harry_amass,2,0,DEF,Man Utd,12,1,0,0,4,0,0,2,0.4,0.0,0.0,0.0,0.0,0.0,0.0,0.0,0.0,0.0,0.0,0.0,0.0,0.0,0.0,0.0,0.0,0.0,0.0,0.0,0.0,0.0,0.0,-655.8,532.8,1188.6,40.0,0.0,Ipswich Town,3.0,1.7999999999999998,Everton,Everton,1.4,1.8000000000000003,0.3619862146183612,,0.6436531910726833,0.23299358216342939
harry_howell,2,0,MID,Brighton,6,0,0,0,3,0,0,4,0.0,0.0,0.0,0.0,0.0,0.0,0.0,0.0,0.0,0.0,0.0,0.0,0.0,0.0,0.0,0.0,0.0,0.0,0.0,0.0,0.0,0.0,0.0,-919.1999999999999,0.0,919.1999999999999,45.0,0.0,Chelsea,3.4,1.2000000000000002,Leeds,Leeds,1.0,1.8000000000000003,0.35084024383649415,,1.4413143626859686,0.5056710824497864
harry_maguire,2,4,DEF,Man Utd,12,1,0,0,4,0,0,2,2.38,0.6,0.0,13.8,0.0,12.340000000000002,0.16600000000000004,0.2,0.034,1.6400000000000001,2.0,0.0,3.82,14.48,90.0,0.0,0.0,0.0,0.0,0.0,1.0,11.2,2.8,-32014.8,31771.8,63786.6,50.0,0.0,Ipswich Town,3.0,1.7999999999999998,Everton,Everton,1.4,1.8000000000000003,2.8320835293477975,14974.0,0.6436531910726833,1.822879601049097
harry_wilson,2,1,MID,Leeds,4,1,0,0,2,0,0,3,2.12,0.0,0.0,7.4,0.4,13.38,0.032,0.038,0.006,0.8899999999999999,0.0,0.0,2.66,7.5200000000000005,53.0,0.0,0.0,0.0,0.0,0.0,0.4,5.199999999999999,1.8000000000000003,-25703.399999999998,8957.4,34660.799999999996,65.0,0.0,Brentford,1.0,1.8000000000000003,Brighton,Brighton,3.4,1.2000000000000002,2.293453350207221,15210.0,0.9472508144914338,2.1724755539818976
harvey_barnes,2,3,MID,Newcastle,19,0,0,0,3,0,0,3,2.38,0.0,0.0,10.2,0.6,14.219999999999999,0.014,0.066,0.052000000000000005,1.8639999999999999,0.8,0.0,2.8400000000000003,6.4,90.0,0.0,0.0,0.0,0.0,0.0,1.0,7.800000000000001,2.5999999999999996,2799.0,8997.0,6198.0,60.0,0.0,Spurs,2.0,2.1999999999999997,Bournemouth,Bournemouth,1.0,0.6,3.018532523331448,,0.7810309736599298,2.3575673957217256
harvey_cartwright,2,0,GK,Hull City,7,0,0,0,2,0,0,2,0.0,0.0,0.0,0.0,0.0,0.0,0.0,0.0,0.0,0.0,0.0,0.0,0.0,0.0,0.0,0.0,0.0,0.0,0.0,0.0,0.0,0.0,0.0,-66.6,0.0,66.6,40.0,0.0,Coventry City,1.4,3.0,Aston Villa,Aston Villa,0.0,0.0,0.22598183656096316,,2.0,0.4519636731219263
harvey_davies,2,0,GK,Liverpool,18,1,0,0,4,0,0,3,0.4,0.0,0.0,0.0,0.0,0.0,0.0,0.0,0.0,0.0,0.0,0.0,0.0,0.0,0.0,0.0,0.0,0.0,0.0,0.0,0.0,0.0,0.0,-41.4,386.4,427.8,40.0,0.0,Nott'm Forest,2.0,1.0,Ipswich Town,Ipswich Town,2.0,1.2000000000000002,0.23797463789983708,,0.5,0.11898731894991854
harvey_elliott,2,0,MID,Liverpool,18,1,0,0,4,0,0,3,0.8,0.0,0.0,0.0,0.0,0.0,0.0,0.0,0.0,0.0,0.0,0.0,0.0,0.0,0.0,0.0,0.0,0.0,0.0,0.0,0.0,0.0,0.0,-501.59999999999997,228.0,729.6,55.0,0.0,Nott'm Forest,2.0,1.0,Ipswich Town,Ipswich Town,2.0,1.2000000000000002,0.6342516925560637,,1.862003468953543,1.1809788517290467
hayden_hackney,2,1,MID,Everton,3,0,0,0,3,0,0,3,1.4,0.0,0.0,8.2,0.4,5.72,0.01,0.014,0.004,1.596,0.0,0.0,1.7000000000000002,8.12,48.0,0.0,0.0,0.0,0.0,0.0,0.4,3.2,1.8000000000000003,-1414.8,506.4,1921.1999999999998,55.0,0.0,Bournemouth,1.4,1.8000000000000003,Man Utd,Man Utd,3.0,1.7999999999999998,1.847232780057296,,0.7199556720256638,1.3299257175539858
hidemasa_morita,2,1,MID,Hull City,7,0,0,0,2,0,0,2,0.6200000000000001,0.0,0.0,3.5999999999999996,0.0,8.04,0.0,0.0,0.0,0.654,0.0,0.0,1.44,6.6,27.0,0.0,0.0,0.0,0.0,0.0,0.6,0.0,0.6,-126.0,70.8,196.79999999999998,50.0,0.0,Coventry City,1.4,3.0,Aston Villa,Aston Villa,0.0,0.0,1.1219274847277263,,1.1253711500471155,1.262584823757509
hugo_ekitike,2,0,FWD,Liverpool,18,1,0,0,4,0,0,3,0.0,0.0,0.0,0.0,0.0,0.0,0.0,0.0,0.0,0.0,0.0,0.0,0.0,0.0,0.0,0.0,0.0,0.0,0.0,0.0,0.0,0.0,0.0,-1858.8,425.4,2284.2,75.0,0.0,Nott'm Forest,2.0,1.0,Ipswich Town,Ipswich Town,2.0,1.2000000000000002,0.8021801458148433,,1.3222317486837405,1.060668056960138
ian_maatsen,2,1,DEF,Aston Villa,1,1,0,0,3,0,0,5,0.98,0.0,0.0,-6.6,0.0,0.6200000000000001,0.0,0.054000000000000006,0.054000000000000006,2.072,2.2,0.0,1.54,6.56,86.4,0.0,0.0,0.0,0.0,0.0,1.0,8.399999999999999,0.6,-3787.2,1527.6,5314.8,45.0,0.6,Arsenal,0.0,0.0,Hull City,Hull City,1.4,3.0,2.1317171558282086,,0.5,1.0658585779141043
ibrahim_osman,2,1,MID,Brighton,6,0,0,0,3,0,0,4,1.2000000000000002,0.0,0.0,6.4,0.0,6.94,0.026000000000000002,0.026000000000000002,0.0,0.06,0.6,0.0,1.3199999999999998,3.48,14.4,0.0,0.0,0.0,0.0,0.0,0.0,2.8,1.0,45.0,130.79999999999998,85.8,50.0,0.0,Chelsea,3.4,1.2000000000000002,Leeds,Leeds,1.0,1.8000000000000003,1.002217657591733,,1.4413143626859686,1.444510704424453
ibrahim_sangare,2,0,MID,Nott'm Forest,14,0,0,0,3,0,0,4,0.6000000000000001,0.0,0.0,4.0,0.0,5.2,0.004,0.016,0.012,0.188,0.4,0.0,1.36,7.120000000000001,36.0,0.0,0.0,0.0,0.0,0.0,0.4,1.2000000000000002,0.8,-9076.199999999999,1710.0,10786.199999999999,50.0,0.0,Liverpool,1.2,0.6,Spurs,Spurs,0.0,0.0,1.2835986995521342,,1.5454128877977802,1.983689973048339
igor_jesus_maciel_da_cruz,2,1,FWD,Nott'm Forest,14,0,0,0,3,0,0,4,1.7,0.0,0.0,5.6,0.0,10.700000000000001,0.032,0.564,0.532,1.238,1.6,0.0,5.319999999999999,7.239999999999999,90.0,0.0,0.0,0.0,0.0,0.0,1.0,35.2,1.4,-28987.8,6142.2,35130.0,60.0,0.6,Liverpool,1.2,0.6,Spurs,Spurs,0.0,0.0,3.519435542867022,15210.0,0.5975216277632697,2.1029388543818097
igor_julio_dos_santos_de_paulo,2,0,DEF,Brighton,6,0,0,0,3,0,0,4,0.68,0.0,0.0,0.0,0.0,0.0,0.0,0.0,0.0,0.0,0.0,0.0,0.0,0.0,0.0,0.0,0.0,0.0,0.0,0.0,0.0,0.0,0.0,-242.39999999999998,282.59999999999997,525.0,45.0,0.0,Chelsea,3.4,1.2000000000000002,Leeds,Leeds,1.0,1.8000000000000003,0.5427115753726766,,1.7259761128146704,0.9367072152412583
igor_thiago_nascimento_rodrigues,2,2,FWD,Brentford,13,0,0,0,3,0,0,2,1.6,0.0,0.0,-2.220446049250313e-16,0.4,5.32,0.038,0.918,0.88,1.076,0.6,0.0,4.3999999999999995,2.3200000000000003,86.80000000000001,0.0,0.4,0.0,0.0,0.0,1.0,36.2,1.2,-29637.0,55063.2,84700.2,80.0,0.0,Leeds,1.8000000000000003,1.8000000000000003,Sunderland,Sunderland,1.0,1.7999999999999998,3.4714494530605657,79641.0,0.5202936037020054,1.8061729460022373
ilia_gruev,2,0,MID,Leeds,4,1,0,0,2,0,0,3,0.0,0.0,0.0,0.0,0.0,0.0,0.0,0.0,0.0,0.0,0.0,0.0,0.0,0.0,0.0,0.0,0.0,0.0,0.0,0.0,0.0,0.0,0.0,-72.0,5.3999999999999995,77.39999999999999,50.0,0.0,Brentford,1.0,1.8000000000000003,Brighton,Brighton,3.4,1.2000000000000002,0.4518367028110868,,0.9472508144914338,0.42800268475492587
iliman_ndiaye,2,4,MID,Everton,3,0,0,0,3,0,0,3,4.78,0.4,0.4,24.0,0.4,24.619999999999997,0.17,0.278,0.108,2.08,0.6,0.0,7.380000000000001,23.88,90.0,0.0,0.0,0.0,0.0,0.0,1.0,25.200000000000003,6.0,37600.799999999996,73612.8,36012.0,60.0,0.0,Bournemouth,1.4,1.8000000000000003,Man Utd,Man Utd,3.0,1.7999999999999998,3.944154060847132,14969.0,0.7199556720256638,2.8396160874499476
illan_meslier,2,0,GK,Arsenal,2,0,0,0,5,0,0,3,1.04,0.0,0.0,0.0,0.0,0.0,0.0,0.0,0.0,0.0,0.0,0.0,0.0,0.0,0.0,0.0,0.0,0.0,0.0,0.0,0.0,0.0,0.0,-234.6,60.599999999999994,295.2,50.0,0.0,Aston Villa,1.8000000000000003,3.0,Chelsea,Chelsea,3.6,3.0,0.5425492857684915,,1.0666666666666667,0.5787192381530576
ismaila_sarr,2,0,MID,Crystal Palace,15,1,0,0,3,0,0,5,0.9199999999999999,0.0,0.0,0.0,0.0,0.0,0.0,0.0,0.0,0.0,0.0,0.0,0.0,0.0,0.0,0.0,0.0,0.0,0.0,0.0,0.0,0.0,0.0,-122685.59999999999,1261.2,123946.79999999999,64.4,0.0,Man City,0.6,0.0,Fulham,Fulham,0.8,0.0,0.8363378150438555,14971.0,0.9928633625211627,0.8303691752480447
issa_diop,2,2,DEF,Ipswich Town,16,0,0,0,2,0,0,4,1.6,0.0,0.0,7.0,0.0,0.5,0.004,0.004,0.0,3.1259999999999994,3.4,0.0,2.8599999999999994,27.359999999999996,90.0,0.0,0.0,0.0,0.0,0.0,1.0,0.8,2.0,-26646.6,15907.8,42554.4,40.0,0.0,Man Utd,2.0,1.2000000000000002,Liverpool,Liverpool,2.0,1.0,2.2582448883755912,,0.8037214541405995,1.814999865490806
jack_butland,2,0,GK,Hull City,7,0,0,0,2,0,0,2,0.0,0.0,0.0,0.0,0.0,0.0,0.0,0.0,0.0,0.0,0.0,0.0,0.0,0.0,0.0,0.0,0.0,0.0,0.0,0.0,0.0,0.0,0.0,-968.4,74.39999999999999,1042.8,45.0,0.0,Coventry City,1.4,3.0,Aston Villa,Aston Villa,0.0,0.0,0.36944053258971365,,2.0,0.7388810651794273
jack_clarke,2,0,MID,Ipswich Town,16,0,0,0,2,0,0,4,2.9000000000000004,0.0,0.4,10.8,0.0,0.24,0.0,0.04000000000000001,0.04000000000000001,0.012,0.0,0.4,2.08,13.440000000000001,7.6000000000000005,0.0,0.0,0.0,0.0,0.0,0.0,7.2,2.8000000000000003,455.4,1921.1999999999998,1465.8,55.0,0.0,Man Utd,2.0,1.2000000000000002,Liverpool,Liverpool,2.0,1.0,1.2564165475476172,,1.2904377628115025,1.621327358776699
jack_fletcher,2,0,MID,Man Utd,12,1,0,0,4,0,0,2,0.6000000000000001,0.0,0.0,0.0,0.0,0.0,0.0,0.0,0.0,0.0,0.0,0.0,0.0,0.0,0.0,0.0,0.0,0.0,0.0,0.0,0.0,0.0,0.0,-76.8,24.599999999999998,101.39999999999999,50.0,0.0,Ipswich Town,3.0,1.7999999999999998,Everton,Everton,1.4,1.8000000000000003,0.512900600888875,,1.0363820346939674,0.5315609683449708
jack_grealish,2,0,MID,Man City,8,0,0,0,5,0,0,3,1.22,0.0,0.0,0.8,0.0,0.24,0.0,0.0,0.0,0.0,0.0,0.0,0.08000000000000002,0.4,3.2,0.0,0.0,0.0,0.0,0.0,0.0,0.0,0.4,-720.6,721.1999999999999,1441.8,65.0,0.0,Crystal Palace,3.2,3.0,Coventry City,Coventry City,0.0,0.0,0.9560769943935564,14974.0,1.6191035401041651,1.5479876462347573
jack_harrison,2,0,MID,Leeds,4,1,0,0,2,0,0,3,0.0,0.0,0.0,0.0,0.0,0.0,0.0,0.0,0.0,0.0,0.0,0.0,0.0,0.0,0.0,0.0,0.0,0.0,0.0,0.0,0.0,0.0,0.0,-21.599999999999998,0.0,21.599999999999998,50.0,0.0,Brentford,1.0,1.8000000000000003,Brighton,Brighton,3.4,1.2000000000000002,0.4518367028110868,,0.9472508144914338,0.42800268475492587
jack_hinshelwood,2,0,MID,Brighton,6,0,0,0,3,0,0,4,2.08,0.0,1.2000000000000002,21.6,0.4,5.36,0.008,0.572,0.564,0.07600000000000001,0.0,0.8,5.800000000000001,29.12,25.200000000000003,0.0,0.0,0.0,0.0,0.0,0.4,23.6,6.4,61045.799999999996,83896.8,22851.0,60.0,0.0,Chelsea,3.4,1.2000000000000002,Leeds,Leeds,1.0,1.8000000000000003,2.2951564940688014,79641.0,1.4413143626859686,3.3080420195133367
jack_rudoni,2,3,MID,Coventry City,11,1,0,0,2,0,0,2,1.8,0.0,0.0,8.399999999999999,0.6,18.139999999999997,0.054,0.15,0.096,0.128,0.0,0.0,3.38,6.32,50.0,0.0,0.0,0.0,0.0,0.0,0.6,9.200000000000001,2.1999999999999997,-29.4,750.0,779.4,50.0,0.0,Hull City,0.0,0.0,Man City,Man City,3.2,3.0,2.053415915238876,,0.5,1.026707957619438
jack_taylor,2,0,MID,Ipswich Town,16,0,0,0,2,0,0,4,0.0,0.0,0.0,0.0,0.0,0.0,0.0,0.0,0.0,0.0,0.0,0.0,0.0,0.0,0.0,0.0,0.0,0.0,0.0,0.0,0.0,0.0,0.0,-463.2,66.6,529.8,45.0,0.0,Man Utd,2.0,1.2000000000000002,Liverpool,Liverpool,2.0,1.0,0.35084024383649415,,1.2904377628115025,0.45273749936060753
jacob_greaves,2,-1,DEF,Ipswich Town,16,0,0,0,2,0,0,4,0.7,0.0,0.0,-2.999999999999999,0.0,1.3,0.006,0.006,0.0,3.1259999999999994,3.4,0.0,1.92,17.599999999999998,90.0,0.6,0.0,0.0,0.0,0.0,1.0,0.0,0.20000000000000007,-2685.0,981.5999999999999,3666.6,40.0,0.6,Man Utd,2.0,1.2000000000000002,Liverpool,Liverpool,2.0,1.0,2.003152086551621,,0.8037214541405995,1.609976307868045
jacob_murphy,2,1,MID,Newcastle,19,0,0,0,3,0,0,3,1.1800000000000002,0.0,0.0,1.4,0.0,1.9,0.12,0.12,0.0,0.644,0.4,0.0,0.45999999999999996,1.32,10.4,0.0,0.0,0.0,0.0,0.0,0.0,2.0,0.6,-1179.0,430.2,1609.2,60.0,0.4,Spurs,2.0,2.1999999999999997,Bournemouth,Bournemouth,1.0,0.6,1.1712891026387893,,0.7810309736599298,0.914813068271239
jacob_ramsey,2,1,MID,Newcastle,19,0,0,0,3,0,0,3,0.9000000000000001,0.0,0.0,2.1999999999999997,0.0,3.04,0.082,0.10600000000000001,0.024,0.8280000000000001,0.4,0.0,0.76,3.24,18.400000000000002,0.0,0.0,0.0,0.0,0.0,0.0,1.6,0.6,-1942.8,865.1999999999999,2808.0,50.0,0.4,Spurs,2.0,2.1999999999999997,Bournemouth,Bournemouth,1.0,0.6,1.0714208142165607,,0.7810309736599298,0.8368128417270752
jaden_philogene,2,0,MID,Ipswich Town,16,0,0,0,2,0,0,4,0.8,0.0,0.0,0.0,0.0,0.0,0.0,0.0,0.0,0.0,0.0,0.0,0.0,0.0,0.0,0.0,0.0,0.0,0.0,0.0,0.0,0.0,0.0,-2293.2,63.599999999999994,2356.7999999999997,55.0,0.0,Man Utd,2.0,1.2000000000000002,Liverpool,Liverpool,2.0,1.0,0.6342516925560637,,1.2904377628115025,0.8184623352014557
jahnoah_markelo,2,0,FWD,Coventry City,11,1,0,0,2,0,0,2,0.0,0.0,0.0,0.0,0.0,0.0,0.0,0.0,0.0,0.0,0.0,0.0,0.0,0.0,0.0,0.0,0.0,0.0,0.0,0.0,0.0,0.0,0.0,-354.0,0.0,354.0,50.0,0.0,Hull City,0.0,0.0,Man City,Man City,3.2,3.0,0.4476614390602711,,0.5,0.22383071953013556
jaidon_anthony,2,2,MID,Brentford,13,0,0,0,3,0,0,2,1.78,0.0,0.0,6.0,0.6,29.5,0.176,0.254,0.078,0.094,0.0,0.0,4.5200000000000005,6.16,45.2,0.0,0.0,0.0,0.0,0.0,0.6,9.4,1.6,-259.8,1174.8,1434.6,60.0,0.6,Leeds,1.8000000000000003,1.8000000000000003,Sunderland,Sunderland,1.0,1.7999999999999998,2.3312227462547797,,1.138219828224887,2.6534439537960646
jair_paula_da_cunha_filho,2,1,DEF,Nott'm Forest,14,0,0,0,3,0,0,4,1.28,0.0,0.0,5.6,0.0,0.76,0.0,0.0,0.0,1.238,1.6,0.0,1.78,17.08,90.0,0.0,0.0,0.0,0.0,0.0,1.0,0.0,1.0,-780.0,155.4,935.4,45.0,0.4,Liverpool,1.2,0.6,Spurs,Spurs,0.0,0.0,2.2311578516294945,,2.0,4.462315703258989
jaka_bijol,2,1,DEF,Leeds,4,1,0,0,2,0,0,3,4.18,0.0,0.8,11.200000000000001,0.4,0.28,0.0,0.044000000000000004,0.044000000000000004,0.5940000000000001,0.6,0.0,2.1,14.48,63.0,0.0,0.0,0.0,0.0,0.0,1.0,6.0,4.6,22221.0,27131.399999999998,4910.4,50.0,0.0,Brentford,1.0,1.8000000000000003,Brighton,Brighton,3.4,1.2000000000000002,2.4630660223419114,15210.0,0.5598157112273285,1.3788630570972042
jake_bidwell,2,0,DEF,Coventry City,11,1,0,0,2,0,0,2,0.4,0.0,0.0,0.0,0.0,0.0,0.0,0.0,0.0,0.0,0.0,0.0,0.0,0.0,0.0,0.0,0.0,0.0,0.0,0.0,0.0,0.0,0.0,-142.79999999999998,303.59999999999997,446.4,40.0,0.0,Hull City,0.0,0.0,Man City,Man City,3.2,3.0,0.3619862146183612,,0.5,0.1809931073091806
jake_o'brien,2,0,DEF,Everton,3,0,0,0,3,0,0,3,0.8800000000000001,0.0,0.0,0.0,0.0,0.0,0.0,0.0,0.0,0.0,0.0,0.0,0.0,0.0,0.0,0.0,0.0,0.0,0.0,0.0,0.0,0.0,0.0,-3795.6,841.8,4637.4,50.0,0.0,Bournemouth,1.4,1.8000000000000003,Man Utd,Man Utd,3.0,1.7999999999999998,0.7133725556692283,,2.0,1.4267451113384566
james_garner,2,1,MID,Everton,3,0,0,0,3,0,0,3,0.8,0.0,0.0,7.8,0.0,5.380000000000001,0.012,0.012,0.0,0.484,0.6,0.0,1.06,3.96,41.0,0.0,0.0,0.0,0.0,0.0,0.6,0.8,1.0,-69.6,919.8,989.4,60.0,0.6,Bournemouth,1.4,1.8000000000000003,Man Utd,Man Utd,3.0,1.7999999999999998,1.6086165084251314,,0.7199556720256638,1.1581325793547923
james_hill,2,4,DEF,Bournemouth,9,1,0,0,3,0,0,3,2.5,0.0,0.0,11.4,0.0,12.719999999999999,0.444,0.444,0.0,2.004,1.4,0.0,3.5399999999999996,20.0,90.0,0.0,0.0,0.0,0.0,0.0,1.0,2.4,2.8,1447.2,5491.8,4044.6,55.0,0.0,Everton,1.0,0.6,Newcastle,Newcastle,2.0,2.1999999999999997,3.089000736023738,14969.0,0.5,1.544500368011869
james_justin,2,2,DEF,Leeds,4,1,0,0,2,0,0,3,4.279999999999999,0.0,0.8,18.4,0.4,8.0,0.01,0.028,0.018,1.266,0.6,0.0,3.8599999999999994,24.6,90.0,0.0,0.0,0.0,0.0,0.0,1.0,6.199999999999999,5.2,20485.8,26120.399999999998,5634.599999999999,45.0,0.0,Brentford,1.0,1.8000000000000003,Brighton,Brighton,3.4,1.2000000000000002,2.9126710236708586,14970.0,0.5598157112273285,1.6305590006875328
james_maddison,2,0,MID,Spurs,17,1,0,0,3,0,0,3,1.16,0.0,0.0,2.4000000000000004,0.0,3.3200000000000003,0.004,0.004,0.0,0.34,0.0,0.0,0.8400000000000001,1.7600000000000002,8.8,0.0,0.0,0.0,0.0,0.0,0.0,3.2,0.4,-20580.0,1611.6,22191.6,65.0,0.0,Newcastle,0.0,0.0,Nott'm Forest,Nott'm Forest,1.2,0.6,1.1428636810112751,,0.5542453299159469,0.6334268579310477
james_mcatee,2,2,MID,Nott'm Forest,14,0,0,0,3,0,0,4,2.3,0.0,0.0,16.8,0.4,28.1,0.16,0.16,0.0,1.186,1.2,0.0,3.7800000000000002,9.559999999999999,83.2,0.0,0.0,0.0,0.0,0.0,1.0,0.0,2.4000000000000004,119.39999999999999,404.4,285.0,55.0,0.0,Liverpool,1.2,0.6,Spurs,Spurs,0.0,0.0,2.8353174802959527,,1.5454128877977802,4.381736175047694
james_mcconnell,2,0,MID,Liverpool,18,1,0,0,4,0,0,3,0.4,0.0,0.0,0.0,0.0,0.0,0.0,0.0,0.0,0.0,0.0,0.0,0.0,0.0,0.0,0.0,0.0,0.0,0.0,0.0,0.0,0.0,0.0,-1210.2,529.8,1740.0,45.0,0.0,Nott'm Forest,2.0,1.0,Ipswich Town,Ipswich Town,2.0,1.2000000000000002,0.3915495092216865,,1.862003468953543,0.7290665444378376
james_rowswell,2,0,DEF,Spurs,17,1,0,0,3,0,0,3,0.4,0.0,0.0,0.0,0.0,0.0,0.0,0.0,0.0,0.0,0.0,0.0,0.0,0.0,0.0,0.0,0.0,0.0,0.0,0.0,0.0,0.0,0.0,-216.0,201.0,417.0,40.0,0.0,Newcastle,0.0,0.0,Nott'm Forest,Nott'm Forest,1.2,0.6,0.3619862146183612,,1.2120722362551493,0.4387534406460135
james_tarkowski,2,12,DEF,Everton,3,0,0,0,3,0,0,3,6.52,0.0,1.2,26.2,0.4,7.1000000000000005,0.006,0.08600000000000001,0.08,2.08,0.6,0.6,5.8999999999999995,38.959999999999994,90.0,0.0,0.0,0.0,0.0,0.0,1.0,13.0,9.6,3402.0,25641.6,22239.6,60.0,0.0,Bournemouth,1.4,1.8000000000000003,Man Utd,Man Utd,3.0,1.7999999999999998,3.9621882177337513,14973.0,2.0,7.924376435467503
james_trafford,2,3,GK,Leeds,4,1,0,0,2,0,0,3,4.64,0.0,0.8,23.200000000000003,0.4,0.0,0.0,0.0,0.0,1.266,0.6,0.0,3.04,30.32,90.0,0.0,0.0,0.0,0.0,3.6,1.0,0.0,5.4,29214.0,38276.4,9062.4,50.0,0.0,Brentford,1.0,1.8000000000000003,Brighton,Brighton,3.4,1.2000000000000002,3.1827800112234343,50210.0,1.5999999999999999,5.092448017957494
jamie_bynoe_gittens,2,0,MID,Chelsea,5,1,0,0,4,0,0,3,0.8800000000000001,0.0,0.0,0.0,0.0,0.0,0.0,0.0,0.0,0.0,0.0,0.0,0.0,0.0,0.0,0.0,0.0,0.0,0.0,0.0,0.0,0.0,0.0,-301.2,162.6,463.79999999999995,60.0,0.0,Brighton,3.6,3.0,Arsenal,Arsenal,1.8000000000000003,3.0,0.7433900046076948,,0.7639707456291492,0.5679282161133973
jan_paul_van_hecke,2,1,DEF,Spurs,17,1,0,0,3,0,0,3,1.48,0.0,0.0,6.6,0.0,9.339999999999998,0.03,0.096,0.066,1.98,2.4000000000000004,0.0,5.7,27.240000000000002,90.0,0.0,0.0,0.0,0.0,0.0,1.0,20.6,1.0,-37298.4,21962.399999999998,59260.799999999996,50.0,0.0,Newcastle,0.0,0.0,Nott'm Forest,Nott'm Forest,1.2,0.6,2.8101239385885695,,1.2120722362551493,3.406073206399175
jannik_schuster,2,0,DEF,Brentford,13,0,0,0,3,0,0,2,0.68,0.0,0.0,0.0,0.0,0.0,0.0,0.0,0.0,0.0,0.0,0.0,0.0,0.0,0.0,0.0,0.0,0.0,0.0,0.0,0.0,0.0,0.0,-638.4,85.2,723.6,45.0,0.0,Leeds,1.8000000000000003,1.8000000000000003,Sunderland,Sunderland,1.0,1.7999999999999998,0.5427115753726766,,2.0,1.0854231507453531
jaouen_hadjam,2,0,DEF,Brighton,6,0,0,0,3,0,0,4,1.7,0.0,0.0,0.0,0.0,0.0,0.0,0.0,0.0,0.0,0.0,0.0,0.0,0.0,0.0,0.0,0.0,0.0,0.0,0.0,0.0,0.0,0.0,952.0,1006.0,54.0,45.0,0.0,Chelsea,3.4,1.2000000000000002,Leeds,Leeds,1.0,1.8000000000000003,0.6710324262091639,,1.7259761128146704,1.15818593856109
jarrad_branthwaite,2,4,DEF,Everton,3,0,0,0,3,0,0,3,4.0,0.0,0.0,14.4,0.4,1.22,0.01,0.064,0.054,2.08,0.6,0.0,4.42,21.0,90.0,0.0,0.0,0.0,0.0,0.0,1.0,22.200000000000003,4.800000000000001,6111.0,11461.8,5350.8,55.0,0.0,Bournemouth,1.4,1.8000000000000003,Man Utd,Man Utd,3.0,1.7999999999999998,3.2872930523743205,61014.0,2.0,6.574586104748641
jason_steele,2,0,GK,Brighton,6,0,0,0,3,0,0,4,0.4,0.0,0.0,0.0,0.0,0.0,0.0,0.0,0.0,0.0,0.0,0.0,0.0,0.0,0.0,0.0,0.0,0.0,0.0,0.0,0.0,0.0,0.0,-1998.0,6428.4,8426.4,40.0,0.0,Chelsea,3.4,1.2000000000000002,Leeds,Leeds,1.0,1.8000000000000003,0.23982266967868426,,1.0666666666666667,0.2558108476572632
jay_dasilva,2,2,DEF,Coventry City,11,1,0,0,2,0,0,2,1.2999999999999998,0.0,0.0,7.4,0.0,5.9,0.038,0.14600000000000002,0.108,1.184,1.8000000000000003,0.0,3.12,14.64,90.0,0.0,0.0,0.0,0.0,0.0,1.0,10.2,1.6,-498.0,1934.3999999999999,2432.4,40.0,0.0,Hull City,0.0,0.0,Man City,Man City,3.2,3.0,2.258923995685432,,0.5,1.129461997842716
jaydee_canvot,2,0,DEF,Crystal Palace,15,1,0,0,3,0,0,5,1.1800000000000002,0.0,0.0,3.0,0.0,2.58,0.004,0.024,0.020000000000000004,1.774,3.2,0.0,2.9,24.64,90.0,0.0,0.0,0.0,0.0,0.0,1.0,2.0,0.4,-1920.0,492.59999999999997,2412.6,50.0,0.0,Man City,0.6,0.0,Fulham,Fulham,0.8,0.0,2.452067076972714,,0.7797970486568478,1.9121146697319462
jayden_bogle,2,2,DEF,Leeds,4,1,0,0,2,0,0,3,3.08,0.0,0.0,15.0,0.4,7.220000000000001,0.006,0.006,0.0,0.708,0.6,0.0,2.3600000000000003,13.96,76.19999999999999,0.0,0.0,0.0,0.0,0.0,1.0,2.4,3.6000000000000005,1680.6,3555.0,1874.3999999999999,45.0,0.0,Brentford,1.0,1.8000000000000003,Brighton,Brighton,3.4,1.2000000000000002,2.3493959645105913,,0.5598157112273285,1.3152287728271121
jayden_danns,2,0,FWD,Liverpool,18,1,0,0,4,0,0,3,0.0,0.0,0.0,0.0,0.0,0.0,0.0,0.0,0.0,0.0,0.0,0.0,0.0,0.0,0.0,0.0,0.0,0.0,0.0,0.0,0.0,0.0,0.0,-151.79999999999998,185.4,337.2,45.0,0.0,Nott'm Forest,2.0,1.0,Ipswich Town,Ipswich Town,2.0,1.2000000000000002,0.37675769770935674,,1.3222317486837405,0.49816098947230286
jayden_lienou,2,0,DEF,Leeds,4,1,0,0,2,0,0,3,0.4,0.0,0.0,0.0,0.0,0.0,0.0,0.0,0.0,0.0,0.0,0.0,0.0,0.0,0.0,0.0,0.0,0.0,0.0,0.0,0.0,0.0,0.0,701.4,892.8,191.4,40.0,0.0,Brentford,1.0,1.8000000000000003,Brighton,Brighton,3.4,1.2000000000000002,0.3619862146183612,,0.5598157112273285,0.20264557019106627
jean_philippe_mateta,2,0,FWD,Crystal Palace,15,1,0,0,3,0,0,5,1.44,0.0,0.0,-1.2000000000000002,0.0,4.920000000000001,0.008,0.288,0.27999999999999997,0.392,0.8,0.0,1.0,0.5599999999999999,24.8,0.0,0.0,0.0,0.0,0.0,0.4,4.4,0.8,-29089.2,14370.6,43459.799999999996,65.0,0.0,Man City,0.6,0.0,Fulham,Fulham,0.8,0.0,1.565391738290577,79641.0,1.227320068593165,1.9212366956139646
jefferson_lerma_solis,2,0,MID,Crystal Palace,15,1,0,0,3,0,0,5,0.6000000000000001,0.0,0.0,0.0,0.0,0.0,0.0,0.0,0.0,0.0,0.0,0.0,0.0,0.0,0.0,0.0,0.0,0.0,0.0,0.0,0.0,0.0,0.0,-747.6,122.39999999999999,870.0,50.0,0.0,Man City,0.6,0.0,Fulham,Fulham,0.8,0.0,0.512900600888875,,0.9928633625211627,0.5092402152376533
jens_hjerto_dahl,2,0,MID,Hull City,7,0,0,0,2,0,0,2,0.6000000000000001,0.0,0.0,0.0,0.0,0.0,0.0,0.0,0.0,0.0,0.0,0.0,0.0,0.0,0.0,0.0,0.0,0.0,0.0,0.0,0.0,0.0,0.0,-397.2,184.2,581.4,50.0,0.0,Coventry City,1.4,3.0,Aston Villa,Aston Villa,0.0,0.0,0.512900600888875,,1.1253711500471155,0.5772035390821699
jenson_seelt,2,0,DEF,Sunderland,10,1,0,0,2,0,0,3,0.68,0.0,0.0,0.0,0.0,0.0,0.0,0.0,0.0,0.0,0.0,0.0,0.0,0.0,0.0,0.0,0.0,0.0,0.0,0.0,0.0,0.0,0.0,-41.4,34.8,76.2,45.0,0.0,Fulham,1.0,1.7999999999999998,Brentford,Brentford,1.8000000000000003,1.8000000000000003,0.5427115753726766,,1.4197911637393419,0.770537099173184
jeremie_frimpong,2,1,DEF,Liverpool,18,1,0,0,4,0,0,3,1.3,0.0,0.0,6.6,0.0,23.4,0.048,0.052000000000000005,0.004,1.97,2.0,0.0,4.3,13.120000000000001,78.0,0.0,0.0,0.0,0.0,0.0,1.0,6.4,0.6,-5429.4,14712.0,20141.399999999998,55.0,0.4,Nott'm Forest,2.0,1.0,Ipswich Town,Ipswich Town,2.0,1.2000000000000002,2.5111276437092354,,0.5,1.2555638218546177
jeremy_doku,2,0,MID,Man City,8,0,0,0,5,0,0,3,0.0,0.0,0.0,0.0,0.0,0.0,0.0,0.0,0.0,0.0,0.0,0.0,0.0,0.0,0.0,0.0,0.0,0.0,0.0,0.0,0.0,0.0,0.0,-41712.6,296.4,42009.0,75.0,0.0,Crystal Palace,3.2,3.0,Coventry City,Coventry City,0.0,0.0,0.9568189976840495,79641.0,1.6191035401041651,1.5491890263891637
jeremy_jacquet,2,3,DEF,Liverpool,18,1,0,0,4,0,0,3,2.08,0.0,0.0,11.4,0.0,13.82,0.038,0.038,0.0,1.754,2.0,0.0,3.84,23.44,73.2,0.0,0.0,0.0,0.0,0.0,1.0,1.2,2.1999999999999997,2733.6,13627.199999999999,10893.6,50.0,0.0,Nott'm Forest,2.0,1.0,Ipswich Town,Ipswich Town,2.0,1.2000000000000002,2.4060310247415164,14973.0,0.5,1.2030155123707582
jeremy_monga,2,0,MID,Man City,8,0,0,0,5,0,0,3,0.6000000000000001,0.0,0.0,0.0,0.0,0.0,0.0,0.0,0.0,0.0,0.0,0.0,0.0,0.0,0.0,0.0,0.0,0.0,0.0,0.0,0.0,0.0,0.0,-124.19999999999999,45.6,169.79999999999998,50.0,0.0,Crystal Palace,3.2,3.0,Coventry City,Coventry City,0.0,0.0,0.512900600888875,,1.6191035401041651,0.830439178620731
jesurun_rak_sakyi,2,0,MID,Crystal Palace,15,1,0,0,3,0,0,5,0.6000000000000001,0.0,0.0,0.0,0.0,0.0,0.0,0.0,0.0,0.0,0.0,0.0,0.0,0.0,0.0,0.0,0.0,0.0,0.0,0.0,0.0,0.0,0.0,-30.599999999999998,23.4,54.0,50.0,0.0,Man City,0.6,0.0,Fulham,Fulham,0.8,0.0,0.512900600888875,,0.9928633625211627,0.5092402152376533
joachim_andersen,2,1,DEF,Fulham,20,0,0,0,3,0,0,2,0.3,0.0,0.0,2.4,0.0,7.74,0.024,0.024,0.0,1.212,0.6,0.0,1.9799999999999998,10.68,54.0,0.0,0.0,0.0,0.0,0.0,0.6,1.2,0.6,1010.4,1388.3999999999999,378.0,50.0,0.6,Sunderland,0.8,0.0,Crystal Palace,Crystal Palace,0.6,0.0,1.6790413422408417,,1.715888306938883,2.8810474060180273
joao_gomes,2,0,MID,Aston Villa,1,1,0,0,3,0,0,5,0.0,0.0,0.0,-0.8,0.0,4.4,0.004,0.004,0.0,1.032,1.6,0.0,0.48,0.4,15.600000000000001,0.0,0.0,0.0,0.4,0.0,0.4,0.0,-0.8,-1037.3999999999999,92.39999999999999,1129.8,55.0,0.0,Arsenal,0.0,0.0,Hull City,Hull City,1.4,3.0,0.6369774849599348,,0.5,0.3184887424799674
joao_pedro_junqueira_de_jesus,2,9,FWD,Chelsea,5,1,0,0,4,0,0,3,6.96,1.0,2.0,44.4,0.0,22.700000000000003,0.048,1.038,0.99,1.3780000000000001,2.5999999999999996,1.0,11.7,52.16,90.0,0.6,0.0,0.0,0.0,0.0,1.0,42.4,9.8,226213.8,243112.8,16899.0,75.6,0.0,Brighton,3.6,3.0,Arsenal,Arsenal,1.8000000000000003,3.0,4.96765600714633,61014.0,1.2925550229128364,6.420968724140113
joao_pedro_loureiro_da_costa,2,0,DEF,Brighton,6,0,0,0,3,0,0,4,0.98,0.0,0.0,2.2,0.0,0.94,0.0,0.048,0.048,0.064,0.0,0.0,1.1199999999999999,3.28,16.4,0.0,0.0,0.0,0.0,0.0,0.0,7.2,0.4,35.4,171.0,135.6,45.0,0.6,Chelsea,3.4,1.2000000000000002,Leeds,Leeds,1.0,1.8000000000000003,0.974164061621027,,1.7259761128146704,1.6813839003204112
joao_victor_de_souza_menezes,2,0,DEF,Spurs,17,1,0,0,3,0,0,3,0.4,0.0,0.0,0.0,0.0,0.0,0.0,0.0,0.0,0.0,0.0,0.0,0.0,0.0,0.0,0.0,0.0,0.0,0.0,0.0,0.0,0.0,0.0,-900.6,715.8,1616.3999999999999,40.0,0.0,Newcastle,0.0,0.0,Nott'm Forest,Nott'm Forest,1.2,0.6,0.3619862146183612,,1.2120722362551493,0.4387534406460135
joe_gelhardt,2,0,MID,Hull City,7,0,0,0,2,0,0,2,0.0,0.0,0.0,0.0,0.0,0.0,0.0,0.0,0.0,0.0,0.0,0.0,0.0,0.0,0.0,0.0,0.0,0.0,0.0,0.0,0.0,0.0,0.0,-145.79999999999998,27.0,172.79999999999998,50.0,0.0,Coventry City,1.4,3.0,Aston Villa,Aston Villa,0.0,0.0,0.4518367028110868,,1.1253711500471155,0.5084839898760095
joe_gomez,2,0,DEF,Liverpool,18,1,0,0,4,0,0,3,0.0,0.0,0.0,0.0,0.0,0.0,0.0,0.0,0.0,0.0,0.0,0.0,0.0,0.0,0.0,0.0,0.0,0.0,0.0,0.0,0.0,0.0,0.0,-198.0,47.4,245.39999999999998,50.0,0.0,Nott'm Forest,2.0,1.0,Ipswich Town,Ipswich Town,2.0,1.2000000000000002,0.6026643706338275,,0.5,0.30133218531691375
joe_rodon,2,1,DEF,Leeds,4,1,0,0,2,0,0,3,2.7800000000000002,0.0,0.0,10.8,0.4,5.94,0.024,0.036,0.012,0.474,0.0,0.0,2.02,10.92,55.8,0.0,0.0,0.0,0.0,0.0,1.0,3.2,3.0000000000000004,5415.599999999999,12960.0,7544.4,45.0,0.0,Brentford,1.0,1.8000000000000003,Brighton,Brighton,3.4,1.2000000000000002,1.957908585009637,,0.5598157112273285,1.0960679870352623
joe_willock,2,3,MID,Newcastle,19,0,0,0,3,0,0,3,3.3,0.0,0.0,11.200000000000001,0.6,8.14,0.08,0.158,0.078,1.044,0.4,0.4,2.7399999999999998,15.36,55.6,0.0,0.0,0.0,0.0,0.0,0.6,8.4,4.2,4098.599999999999,5257.8,1159.2,50.0,0.0,Spurs,2.0,2.1999999999999997,Bournemouth,Bournemouth,1.0,0.6,2.3676929945658642,,0.7810309736599298,1.8492415648735718
joel_drakes_thomas,2,0,MID,Crystal Palace,15,1,0,0,3,0,0,5,0.4,0.0,0.0,0.0,0.0,0.0,0.0,0.0,0.0,0.0,0.0,0.0,0.0,0.0,0.0,0.0,0.0,0.0,0.0,0.0,0.0,0.0,0.0,-353.4,239.39999999999998,592.8,45.0,0.0,Man City,0.6,0.0,Fulham,Fulham,0.8,0.0,0.3915495092216865,,0.9928633625211627,0.3887551623193547
joel_latibeaudiere,2,0,DEF,Coventry City,11,1,0,0,2,0,0,2,0.4,0.0,0.0,0.0,0.0,0.0,0.0,0.0,0.0,0.0,0.0,0.0,0.0,0.0,0.0,0.0,0.0,0.0,0.0,0.0,0.0,0.0,0.0,-156.0,96.0,252.0,40.0,0.0,Hull City,0.0,0.0,Man City,Man City,3.2,3.0,0.3619862146183612,,0.5,0.1809931073091806
joel_piroe,2,0,FWD,Leeds,4,1,0,0,2,0,0,3,0.0,0.0,0.0,0.0,0.0,0.0,0.0,0.0,0.0,0.0,0.0,0.0,0.0,0.0,0.0,0.0,0.0,0.0,0.0,0.0,0.0,0.0,0.0,-3210.6,0.0,3210.6,50.0,0.0,Brentford,1.0,1.8000000000000003,Brighton,Brighton,3.4,1.2000000000000002,0.4476614390602711,,2.0,0.8953228781205422
joelinton_cassio_apolinario_de_lira,2,0,MID,Newcastle,19,0,0,0,3,0,0,3,0.0,0.0,0.0,0.0,0.0,0.0,0.0,0.0,0.0,0.0,0.0,0.0,0.0,0.0,0.0,0.0,0.0,0.0,0.0,0.0,0.0,0.0,0.0,-612.0,28.799999999999997,640.8,55.0,0.0,Spurs,2.0,2.1999999999999997,Bournemouth,Bournemouth,1.0,0.6,0.5528331617856792,,0.7810309736599298,0.43177982262096654
johan_manzambi,2,0,MID,Aston Villa,1,1,0,0,3,0,0,5,0.0,0.0,0.0,0.0,0.0,0.0,0.0,0.0,0.0,0.0,0.0,0.0,0.0,0.0,0.0,0.0,0.0,0.0,0.0,0.0,0.0,0.0,0.0,-5134.8,139.2,5274.0,60.0,0.0,Arsenal,0.0,0.0,Hull City,Hull City,1.4,3.0,0.6538296207602718,,0.5,0.3269148103801359
john_egan,2,9,DEF,Hull City,7,0,0,0,2,0,0,2,5.5,0.0,0.6,25.8,1.0,0.28,0.0,0.0,0.0,1.5060000000000002,0.0,0.0,3.28,31.64,90.0,0.0,0.0,0.0,0.0,0.0,1.0,0.8,8.6,19038.0,25762.2,6724.2,40.0,0.0,Coventry City,1.4,3.0,Aston Villa,Aston Villa,0.0,0.0,2.968166203044776,14974.0,2.0,5.936332406089552
john_mcginn,2,1,MID,Aston Villa,1,1,0,0,3,0,0,5,1.4,0.0,0.0,4.4,0.0,8.16,0.034,0.08,0.046,2.072,2.2,0.0,1.22,0.6400000000000001,86.4,0.0,0.0,0.0,0.0,0.0,1.0,6.4,1.0,-22228.2,4563.599999999999,26791.8,55.0,1.0,Arsenal,0.0,0.0,Hull City,Hull City,1.4,3.0,2.5851080200282732,,0.5,1.2925540100141366
john_victor_maciel_furtado,2,0,GK,Nott'm Forest,14,0,0,0,3,0,0,4,0.76,0.0,0.0,0.0,0.0,0.0,0.0,0.0,0.0,0.0,0.0,0.0,0.0,0.0,0.0,0.0,0.0,0.0,0.0,0.0,0.0,0.0,0.0,-172.79999999999998,106.8,279.59999999999997,45.0,0.0,Liverpool,1.2,0.6,Spurs,Spurs,0.0,0.0,0.39045802471667757,,1.8666666666666665,0.7288549794711314
jonah_kusi_asare,2,0,FWD,Fulham,20,0,0,0,3,0,0,2,0.4,0.0,0.0,0.0,0.0,0.0,0.0,0.0,0.0,0.0,0.0,0.0,0.0,0.0,0.0,0.0,0.0,0.0,0.0,0.0,0.0,0.0,0.0,-12353.4,14212.8,26566.2,45.0,0.0,Sunderland,0.8,0.0,Crystal Palace,Crystal Palace,0.6,0.0,0.41151770050594205,,2.0,0.8230354010118841
jordan_henderson,2,0,MID,Chelsea,5,1,0,0,4,0,0,3,0.44000000000000006,0.0,0.0,0.0,0.0,0.0,0.0,0.0,0.0,0.0,0.0,0.0,0.0,0.0,0.0,0.0,0.0,0.0,0.0,0.0,0.0,0.0,0.0,-286.2,128.4,414.59999999999997,50.0,0.0,Brighton,3.6,3.0,Arsenal,Arsenal,1.8000000000000003,3.0,0.4966168947347982,,0.7639707456291492,0.3794007793625765
jordan_pickford,2,3,GK,Everton,3,0,0,0,3,0,0,3,4.32,0.0,0.0,26.8,0.4,0.0,0.008,0.008,0.0,2.08,0.6,0.0,3.2,31.68,90.0,0.0,0.0,0.0,0.0,4.0,1.0,0.0,4.6,21209.399999999998,38123.4,16914.0,55.0,0.0,Bournemouth,1.4,1.8000000000000003,Man Utd,Man Utd,3.0,1.7999999999999998,3.397480467972222,14973.0,2.0,6.794960935944444
jorge_cuenca_barreno,2,0,DEF,Fulham,20,0,0,0,3,0,0,2,1.58,0.0,0.0,2.8000000000000003,0.0,8.520000000000001,0.012,0.012,0.0,0.8960000000000001,1.2000000000000002,0.0,2.16,13.12,36.0,0.0,0.0,0.0,0.0,0.0,0.4,0.0,1.2000000000000002,313.2,468.59999999999997,155.4,45.0,0.0,Sunderland,0.8,0.0,Crystal Palace,Crystal Palace,0.6,0.0,1.4298931351772315,,1.715888306938883,2.453536910822791
jorgen_strand_larsen,2,2,FWD,Crystal Palace,15,1,0,0,3,0,0,5,1.7,0.0,0.0,9.0,0.0,1.58,0.004,0.134,0.13,1.2619999999999998,1.7999999999999998,0.0,1.48,3.52,48.0,0.0,0.0,0.0,0.0,0.0,0.6,9.200000000000001,1.6,-3756.6,906.0,4662.599999999999,60.0,0.0,Man City,0.6,0.0,Fulham,Fulham,0.8,0.0,2.152093057517699,14973.0,1.227320068593165,2.641306998971496
jorrel_hato,2,4,DEF,Chelsea,5,1,0,0,4,0,0,3,2.18,0.6,0.0,9.2,0.0,17.34,0.048,0.052,0.004,1.266,2.5999999999999996,0.0,4.34,21.36,79.6,0.0,0.0,0.0,0.0,0.0,1.0,4.4,2.8,-75.6,2614.7999999999997,2690.4,45.0,0.0,Brighton,3.6,3.0,Arsenal,Arsenal,1.8000000000000003,3.0,2.437331990586747,,0.5,1.2186659952933736
josh_acheampong,2,1,DEF,Chelsea,5,1,0,0,4,0,0,3,1.88,0.0,0.0,4.6000000000000005,0.0,0.9400000000000002,0.004,0.004,0.0,0.616,1.4,0.0,1.8400000000000003,17.0,49.2,0.0,0.0,0.0,0.0,0.0,0.4,0.8,1.8000000000000003,2958.6,4839.0,1880.3999999999999,45.0,0.0,Brighton,3.6,3.0,Arsenal,Arsenal,1.8000000000000003,3.0,1.693372774340341,,0.5,0.8466863871701705
josh_dasilva,2,0,MID,Brentford,13,0,0,0,3,0,0,2,0.6000000000000001,0.0,0.0,0.0,0.0,0.0,0.0,0.0,0.0,0.0,0.0,0.0,0.0,0.0,0.0,0.0,0.0,0.0,0.0,0.0,0.0,0.0,0.0,-113.39999999999999,98.39999999999999,211.79999999999998,50.0,0.0,Leeds,1.8000000000000003,1.8000000000000003,Sunderland,Sunderland,1.0,1.7999999999999998,0.512900600888875,,1.138219828224887,0.5837936338401767
josh_eccles,2,0,MID,Coventry City,11,1,0,0,2,0,0,2,0.6000000000000001,0.0,0.0,0.0,0.0,0.0,0.0,0.0,0.0,0.0,0.0,0.0,0.0,0.0,0.0,0.0,0.0,0.0,0.0,0.0,0.0,0.0,0.0,-138.0,41.4,179.4,50.0,0.0,Hull City,0.0,0.0,Man City,Man City,3.2,3.0,0.512900600888875,,0.5,0.2564503004444375
josh_king,2,2,MID,Fulham,20,0,0,0,3,0,0,2,3.5,0.0,0.0,18.400000000000002,0.0,8.94,0.034,0.384,0.35,2.108,1.8000000000000003,0.4,6.08,23.0,90.0,0.0,0.0,0.0,0.0,0.0,1.0,29.0,4.0,18311.399999999998,20809.8,2498.4,55.0,0.0,Sunderland,0.8,0.0,Crystal Palace,Crystal Palace,0.6,0.0,3.510274286769409,,1.0091673238434073,3.5424541079354097
joshua_zirkzee,2,0,FWD,Man Utd,12,1,0,0,4,0,0,2,0.7200000000000001,0.0,0.0,0.0,0.0,0.0,0.0,0.0,0.0,0.0,0.0,0.0,0.0,0.0,0.0,0.0,0.0,0.0,0.0,0.0,0.0,0.0,0.0,-6651.599999999999,1227.0,7878.599999999999,55.0,0.0,Ipswich Town,3.0,1.7999999999999998,Everton,Everton,1.4,1.8000000000000003,0.581133185445039,,1.2155884682592115,0.7064187987497312
josko_gvardiol,2,5,DEF,Man City,8,0,0,0,5,0,0,3,5.2,0.6,0.4,22.0,0.0,23.8,0.044000000000000004,0.12,0.07600000000000001,0.656,1.0,0.4,6.72,35.6,80.4,0.0,0.0,0.0,0.0,0.0,1.0,8.0,6.6,115836.59999999999,137050.8,21214.2,55.0,0.0,Crystal Palace,3.2,3.0,Coventry City,Coventry City,0.0,0.0,3.4297079339362577,14971.0,2.0,6.8594158678725154
juanlu_sanchez,2,0,DEF,Bournemouth,9,1,0,0,3,0,0,3,0.68,0.0,0.0,0.0,0.0,0.0,0.0,0.0,0.0,0.0,0.0,0.0,0.0,0.0,0.0,0.0,0.0,0.0,0.0,0.0,0.0,0.0,0.0,-607.8,271.2,879.0,45.0,0.0,Everton,1.0,0.6,Newcastle,Newcastle,2.0,2.1999999999999997,0.5427115753726766,,0.5,0.2713557876863383
jules_ahoka,2,0,MID,Sunderland,10,1,0,0,2,0,0,3,1.0,0.0,0.0,0.0,0.0,0.0,0.0,0.0,0.0,0.0,0.0,0.0,0.0,0.0,0.0,0.0,0.0,0.0,0.0,0.0,0.0,0.0,0.0,2077.0,2475.0,398.0,45.0,0.0,Fulham,1.0,1.7999999999999998,Brentford,Brentford,1.8000000000000003,1.8000000000000003,0.45261340729947475,,0.5354852137320407,0.24236778714574644
julian_araujo_zuniga,2,0,DEF,Bournemouth,9,1,0,0,3,0,0,3,0.0,0.0,0.0,0.0,0.0,0.0,0.0,0.0,0.0,0.0,0.0,0.0,0.0,0.0,0.0,0.0,0.0,0.0,0.0,0.0,0.0,0.0,0.0,-250.79999999999998,52.8,303.59999999999997,45.0,0.0,Everton,1.0,0.6,Newcastle,Newcastle,2.0,2.1999999999999997,0.45716434148168505,,0.5,0.22858217074084253
julio_enciso,2,5,MID,Ipswich Town,16,0,0,0,2,0,0,4,3.8,1.0,0.0,24.6,0.0,13.04,0.31,0.642,0.332,3.114,3.4,0.0,5.46,21.72,82.0,0.0,0.0,0.0,0.0,0.0,1.0,19.8,5.0,7929.0,10601.4,2672.4,55.0,0.0,Man Utd,2.0,1.2000000000000002,Liverpool,Liverpool,2.0,1.0,3.6083826565441264,,1.2904377628115025,4.656393242678629
julio_soler_barreto,2,0,DEF,Bournemouth,9,1,0,0,3,0,0,3,0.32000000000000006,0.0,0.0,0.0,0.0,0.0,0.0,0.0,0.0,0.0,0.0,0.0,0.0,0.0,0.0,0.0,0.0,0.0,0.0,0.0,0.0,0.0,0.0,-1206.6,249.6,1456.2,40.0,0.0,Everton,1.0,0.6,Newcastle,Newcastle,2.0,2.1999999999999997,0.3519218341605974,,0.5,0.1759609170802987
jun'ai_byfield,2,0,DEF,Spurs,17,1,0,0,3,0,0,3,0.4,0.0,0.0,0.0,0.0,0.0,0.0,0.0,0.0,0.0,0.0,0.0,0.0,0.0,0.0,0.0,0.0,0.0,0.0,0.0,0.0,0.0,0.0,-143.4,191.4,334.8,40.0,0.0,Newcastle,0.0,0.0,Nott'm Forest,Nott'm Forest,1.2,0.6,0.3619862146183612,,1.2120722362551493,0.4387534406460135
junior_kroupi,2,0,MID,Bournemouth,9,1,0,0,3,0,0,3,0.0,0.0,0.0,0.0,0.0,0.0,0.0,0.0,0.0,0.0,0.0,0.0,0.0,0.0,0.0,0.0,0.0,0.0,0.0,0.0,0.0,0.0,0.0,-7767.599999999999,277.2,8044.799999999999,75.0,0.0,Everton,1.0,0.6,Newcastle,Newcastle,2.0,2.1999999999999997,0.9568189976840495,,0.9908882275887397,0.9481006807383823
jurrien_timber,2,0,DEF,Arsenal,2,0,0,0,5,0,0,3,0.0,0.0,0.0,0.0,0.0,0.0,0.0,0.0,0.0,0.0,0.0,0.0,0.0,0.0,0.0,0.0,0.0,0.0,0.0,0.0,0.0,0.0,0.0,-1621.8,240.6,1862.3999999999999,65.0,0.0,Aston Villa,1.8000000000000003,3.0,Chelsea,Chelsea,3.6,3.0,1.0391644580902548,,1.2669970969055286,1.3166183516077596
justin_devenny,2,0,MID,Crystal Palace,15,1,0,0,3,0,0,5,0.6000000000000001,0.0,0.0,0.0,0.0,0.0,0.0,0.0,0.0,0.0,0.0,0.0,0.0,0.0,0.0,0.0,0.0,0.0,0.0,0.0,0.0,0.0,0.0,-64.2,41.4,105.6,50.0,0.0,Man City,0.6,0.0,Fulham,Fulham,0.8,0.0,0.512900600888875,,0.9928633625211627,0.5092402152376533
justin_kluivert,2,3,MID,Bournemouth,9,1,0,0,3,0,0,3,2.6799999999999997,0.0,0.0,13.2,1.0,21.86,0.03,0.44,0.41,1.778,0.0,0.0,7.380000000000001,11.120000000000001,77.6,0.0,0.0,0.0,0.0,0.0,1.0,41.0,3.0,4038.6,9792.6,5754.0,60.0,0.0,Everton,1.0,0.6,Newcastle,Newcastle,2.0,2.1999999999999997,3.601173859094363,14969.0,0.9908882275887397,3.5683607824769155
kaden_braithwaite,2,1,DEF,Man City,8,0,0,0,5,0,0,3,1.0,0.0,0.0,3.0,0.0,0.8,0.0,0.0,0.0,0.0,0.0,0.0,0.1,0.6,1.0,0.0,0.0,0.0,0.0,0.0,0.0,0.0,1.0,0.0,0.0,0.0,40.0,0.0,Crystal Palace,3.2,3.0,Coventry City,Coventry City,0.0,0.0,0.488560536124359,,2.0,0.977121072248718
kai_andrews,2,0,MID,Coventry City,11,1,0,0,2,0,0,2,0.0,0.0,0.0,0.0,0.0,0.0,0.0,0.0,0.0,0.0,0.0,0.0,0.0,0.0,0.0,0.0,0.0,0.0,0.0,0.0,0.0,0.0,0.0,-4618.0,2576.0,7194.0,45.0,0.0,Hull City,0.0,0.0,Man City,Man City,3.2,3.0,0.35084024383649415,,0.5,0.17542012191824707
kai_havertz,2,2,FWD,Arsenal,2,0,0,0,5,0,0,3,3.36,0.0,0.0,16.6,1.0,7.32,0.03,0.146,0.116,0.278,0.0,0.4,4.74,16.320000000000004,90.0,0.0,0.0,0.0,0.0,0.0,1.0,23.799999999999997,3.6000000000000005,89269.8,112564.8,23295.0,75.0,0.0,Aston Villa,1.8000000000000003,3.0,Chelsea,Chelsea,3.6,3.0,3.9216443017507707,14972.0,1.098420612351919,4.307614935355495
kaine_andrews,1,0,MID,Coventry City,1,0,0,0,2,0,0,4,1.0,0.0,0.0,0.0,0.0,0.0,0.0,0.0,0.0,0.0,0.0,0.0,0.0,0.0,0.0,0.0,0.0,0.0,0.0,0.0,0.0,0.0,0.0,0.0,0.0,0.0,45.0,0.0,Arsenal,0.0,0.0,Man City,Man City,3.2,3.0,0.45261340729947475,,0.5,0.22630670364973737
kaine_kesler_hayden,2,0,DEF,Coventry City,11,1,0,0,2,0,0,2,0.4,0.0,0.0,0.0,0.0,0.0,0.0,0.0,0.0,0.0,0.0,0.0,0.0,0.0,0.0,0.0,0.0,0.0,0.0,0.0,0.0,0.0,0.0,-349.2,100.8,450.0,40.0,0.0,Hull City,0.0,0.0,Man City,Man City,3.2,3.0,0.3619862146183612,,0.5,0.1809931073091806
kalvin_phillips,2,0,MID,Man City,8,0,0,0,5,0,0,3,0.0,0.0,0.0,0.0,0.0,0.0,0.0,0.0,0.0,0.0,0.0,0.0,0.0,0.0,0.0,0.0,0.0,0.0,0.0,0.0,0.0,0.0,0.0,-183.0,0.0,183.0,50.0,0.0,Crystal Palace,3.2,3.0,Coventry City,Coventry City,0.0,0.0,0.4518367028110868,,1.6191035401041651,0.7315704050704241
karl_darlow,2,0,GK,Man Utd,12,1,0,0,4,0,0,2,0.5599999999999999,0.0,0.0,0.0,0.0,0.0,0.0,0.0,0.0,0.0,0.0,0.0,0.0,0.0,0.0,0.0,0.0,0.0,0.0,0.0,0.0,0.0,0.0,-9.0,145.2,154.2,45.0,0.0,Ipswich Town,3.0,1.7999999999999998,Everton,Everton,1.4,1.8000000000000003,0.38723367171551115,,0.6666666666666666,0.2581557811436741
kasey_mcateer,2,1,MID,Ipswich Town,16,0,0,0,2,0,0,4,1.0,0.0,0.0,3.4,0.0,0.52,0.0,0.0,0.0,0.12,0.0,0.0,0.12,0.6,13.8,0.0,0.0,0.0,0.0,0.0,0.0,0.0,1.0,-3570.0,3369.0,6939.0,45.0,0.0,Man Utd,2.0,1.2000000000000002,Liverpool,Liverpool,2.0,1.0,0.7532359051325616,,1.2904377628115025,0.9720040562885598
kaye_furo,2,0,FWD,Brentford,13,0,0,0,3,0,0,2,0.4,0.0,0.0,0.0,0.0,0.0,0.0,0.0,0.0,0.0,0.0,0.0,0.0,0.0,0.0,0.0,0.0,0.0,0.0,0.0,0.0,0.0,0.0,-151.2,4914.599999999999,5065.8,45.0,0.0,Leeds,1.8000000000000003,1.8000000000000003,Sunderland,Sunderland,1.0,1.7999999999999998,0.41151770050594205,,0.5202936037020054,0.21411002738339915
kayne_van_oevelen,2,0,GK,Ipswich Town,16,0,0,0,2,0,0,4,0.76,0.0,0.0,0.0,0.0,0.0,0.0,0.0,0.0,0.0,0.0,0.0,0.0,0.0,0.0,0.0,0.0,0.0,0.0,0.0,0.0,0.0,0.0,-349.8,32.4,382.2,45.0,0.0,Man Utd,2.0,1.2000000000000002,Liverpool,Liverpool,2.0,1.0,0.39151404287601865,,0.5,0.19575702143800933
keane_lewis_potter,2,6,MID,Brentford,13,0,0,0,3,0,0,2,5.6,0.6,1.4,32.2,0.4,25.32,0.126,0.44600000000000006,0.32000000000000006,1.104,0.6,0.4,7.6,41.92,88.19999999999999,0.0,0.0,0.0,0.0,0.0,1.0,8.8,7.6,27495.6,31525.199999999997,4029.6,55.0,0.0,Leeds,1.8000000000000003,1.8000000000000003,Sunderland,Sunderland,1.0,1.7999999999999998,3.7354484337271145,14972.0,1.138219828224887,4.2517614745798
kenny_tete,2,0,DEF,Fulham,20,0,0,0,3,0,0,2,0.68,0.0,0.0,0.0,0.0,0.0,0.0,0.0,0.0,0.0,0.0,0.0,0.0,0.0,0.0,0.0,0.0,0.0,0.0,0.0,0.0,0.0,0.0,-1033.8,202.79999999999998,1236.6,45.0,0.0,Sunderland,0.8,0.0,Crystal Palace,Crystal Palace,0.6,0.0,0.5427115753726766,,1.715888306938883,0.931232446222356
kepa_arrizabalaga_revuelta,2,0,GK,Arsenal,2,0,0,0,5,0,0,3,1.04,0.0,0.0,0.0,0.0,0.0,0.0,0.0,0.0,0.0,0.0,0.0,0.0,0.0,0.0,0.0,0.0,0.0,0.0,0.0,0.0,0.0,0.0,-640.1999999999999,193.2,833.4,50.0,0.0,Aston Villa,1.8000000000000003,3.0,Chelsea,Chelsea,3.6,3.0,0.5425492857684915,,1.0666666666666667,0.5787192381530576
kevin_danso,2,0,DEF,Spurs,17,1,0,0,3,0,0,3,0.8800000000000001,0.0,0.0,0.0,0.0,0.0,0.0,0.0,0.0,0.0,0.0,0.0,0.0,0.0,0.0,0.0,0.0,0.0,0.0,0.0,0.0,0.0,0.0,-847.1999999999999,612.0,1459.2,50.0,0.0,Newcastle,0.0,0.0,Nott'm Forest,Nott'm Forest,1.2,0.6,0.7133725556692283,,1.2120722362551493,0.8646590688330525
kevin_santos_lopes_de_macedo,2,1,MID,Fulham,20,0,0,0,3,0,0,2,1.4,0.0,0.0,2.0,0.0,1.66,0.028,0.028,0.0,0.114,0.0,0.0,0.33999999999999997,2.08,11.0,0.0,0.0,0.0,0.0,0.0,0.0,0.0,1.0,-265.8,251.39999999999998,517.1999999999999,55.0,0.0,Sunderland,0.8,0.0,Crystal Palace,Crystal Palace,0.6,0.0,0.981338057114663,,1.0091673238434073,0.9903343008840934
kevin_schade,2,10,MID,Brentford,13,0,0,0,3,0,0,2,4.78,0.0,1.7999999999999998,27.2,0.4,11.379999999999999,0.016,0.374,0.358,1.104,0.6,0.6,8.86,33.12,88.19999999999999,0.0,0.0,0.0,0.0,0.0,1.0,44.0,7.2,-474.59999999999997,14998.8,15473.4,60.0,0.0,Leeds,1.8000000000000003,1.8000000000000003,Sunderland,Sunderland,1.0,1.7999999999999998,4.0933511587869775,14973.0,1.138219828224887,4.659133452818656
kieran_dowell,2,0,MID,Hull City,7,0,0,0,2,0,0,2,0.4,0.0,0.0,0.0,0.0,0.0,0.0,0.0,0.0,0.0,0.0,0.0,0.0,0.0,0.0,0.0,0.0,0.0,0.0,0.0,0.0,0.0,0.0,-1525.2,1029.6,2554.7999999999997,45.0,0.0,Coventry City,1.4,3.0,Aston Villa,Aston Villa,0.0,0.0,0.3915495092216865,,1.1253711500471155,0.44063852149319305
kiernan_dewsbury_hall,2,2,MID,Everton,3,0,0,0,3,0,0,3,4.82,0.0,1.2000000000000002,30.4,0.4,42.699999999999996,0.164,0.248,0.08399999999999999,2.064,0.6,0.4,8.78,28.759999999999998,90.0,0.0,0.0,0.0,0.0,0.0,1.0,16.2,5.6000000000000005,63417.6,79588.2,16170.599999999999,65.0,0.0,Bournemouth,1.4,1.8000000000000003,Man Utd,Man Utd,3.0,1.7999999999999998,4.009116961284501,15210.0,0.7199556720256638,2.88638649609107
kim_ji_soo,2,0,DEF,Brentford,13,0,0,0,3,0,0,2,0.68,0.0,0.0,0.0,0.0,0.0,0.0,0.0,0.0,0.0,0.0,0.0,0.0,0.0,0.0,0.0,0.0,0.0,0.0,0.0,0.0,0.0,0.0,-51.6,67.2,118.8,45.0,0.0,Leeds,1.8000000000000003,1.8000000000000003,Sunderland,Sunderland,1.0,1.7999999999999998,0.5427115753726766,,2.0,1.0854231507453531
kjell_scherpen,2,2,GK,Ipswich Town,16,0,0,0,2,0,0,4,1.96,0.0,0.0,10.2,0.0,0.0,0.006,0.006,0.0,3.1259999999999994,3.4,0.0,3.32,33.6,90.0,0.0,0.0,0.0,0.0,4.3999999999999995,1.0,0.0,2.0,-1348.2,797.4,2145.6,45.0,0.0,Man Utd,2.0,1.2000000000000002,Liverpool,Liverpool,2.0,1.0,2.8998344141931263,,0.5,1.4499172070965631
kobbie_mainoo,2,4,MID,Man Utd,12,1,0,0,4,0,0,2,2.3,0.0,0.0,17.8,0.0,5.32,0.166,0.27799999999999997,0.11200000000000002,0.664,0.6,0.0,2.1399999999999997,10.239999999999998,56.6,0.0,0.0,0.0,0.0,0.0,0.6,6.199999999999999,2.8,-6139.8,2076.0,8215.8,55.0,0.0,Ipswich Town,3.0,1.7999999999999998,Everton,Everton,1.4,1.8000000000000003,2.305928618982186,,1.0363820346939674,2.3898229939998084
konstantinos_tzolakis,2,10,GK,Hull City,7,0,0,0,2,0,0,2,6.76,0.0,3.0,35.6,1.0,0.0,0.0,0.0,0.0,1.5060000000000002,0.0,0.0,2.96,29.560000000000002,90.0,0.0,0.0,0.0,0.0,3.8,1.0,0.0,10.0,53733.0,61182.0,7449.0,45.0,0.0,Coventry City,1.4,3.0,Aston Villa,Aston Villa,0.0,0.0,3.305420709464568,,2.0,6.610841418929136
kosta_nedeljkovic,2,0,DEF,Aston Villa,1,1,0,0,3,0,0,5,0.0,0.0,0.0,0.0,0.0,0.0,0.0,0.0,0.0,0.0,0.0,0.0,0.0,0.0,0.0,0.0,0.0,0.0,0.0,0.0,0.0,0.0,0.0,-4342.8,0.0,4342.8,40.0,0.0,Arsenal,0.0,0.0,Hull City,Hull City,1.4,3.0,0.3116643123295426,,0.5,0.1558321561647713
kostas_tsimikas,2,1,DEF,Liverpool,18,1,0,0,4,0,0,3,1.1800000000000002,0.0,0.0,2.4,0.0,0.78,0.006,0.03,0.024,0.042,0.0,0.0,0.84,2.16,11.4,0.0,0.0,0.0,0.0,0.0,0.0,5.3999999999999995,0.6,-385.8,203.4,589.1999999999999,50.0,0.0,Nott'm Forest,2.0,1.0,Ipswich Town,Ipswich Town,2.0,1.2000000000000002,1.0425539903740093,,0.5,0.5212769951870047
kristoffer_ajer,2,3,DEF,Brentford,13,0,0,0,3,0,0,2,3.98,0.0,0.0,15.8,0.4,12.959999999999999,0.014,0.058,0.044000000000000004,1.104,0.6,0.0,5.8999999999999995,30.679999999999996,90.0,0.0,0.0,0.0,0.0,0.0,1.0,15.2,5.0,33645.6,41986.799999999996,8341.199999999999,45.0,0.6,Leeds,1.8000000000000003,1.8000000000000003,Sunderland,Sunderland,1.0,1.7999999999999998,3.0662724783917605,14969.0,2.0,6.132544956783521
lamare_bogarde,2,0,MID,Aston Villa,1,1,0,0,3,0,0,5,0.9000000000000001,0.0,0.0,1.2000000000000002,0.0,0.2,0.0,0.0,0.0,0.08800000000000001,0.0,0.0,0.12,0.8800000000000001,6.4,0.0,0.0,0.0,0.0,0.0,0.0,0.0,0.4,-209.4,381.59999999999997,591.0,50.0,0.0,Arsenal,0.0,0.0,Hull City,Hull City,1.4,3.0,0.6825132984283142,,0.5,0.3412566492141571
leif_davis,2,6,DEF,Ipswich Town,16,0,0,0,2,0,0,4,2.8,0.0,0.0,4.6,0.0,9.739999999999998,0.076,0.4,0.324,3.1259999999999994,3.4,0.6,7.4399999999999995,34.28,90.0,0.0,0.0,0.0,0.0,0.0,1.0,30.0,4.3999999999999995,-8380.8,4393.2,12774.0,40.0,0.0,Man Utd,2.0,1.2000000000000002,Liverpool,Liverpool,2.0,1.0,2.9903157749917013,,0.8037214541405995,2.403380943015904
leny_yoro,2,1,DEF,Man Utd,12,1,0,0,4,0,0,2,1.1800000000000002,0.0,0.0,-1.2,0.0,1.08,0.006,0.006,0.0,0.6,0.6,0.0,0.24,1.08,9.6,0.0,0.0,0.0,0.0,0.0,0.0,0.0,0.6,-5524.8,921.5999999999999,6446.4,50.0,0.0,Ipswich Town,3.0,1.7999999999999998,Everton,Everton,1.4,1.8000000000000003,0.939786223786793,,0.6436531910726833,0.6048964018665162
leo_fuhr_hjelde,2,0,DEF,Sunderland,10,1,0,0,2,0,0,3,0.0,0.0,0.0,0.0,0.0,0.0,0.0,0.0,0.0,0.0,0.0,0.0,0.0,0.0,0.0,0.0,0.0,0.0,0.0,0.0,0.0,0.0,0.0,-594.0,0.0,594.0,40.0,0.0,Fulham,1.0,1.7999999999999998,Brentford,Brentford,1.8000000000000003,1.8000000000000003,0.3116643123295426,,1.4197911637393419,0.442498236698383
leo_shahar,2,0,DEF,Newcastle,19,0,0,0,3,0,0,3,0.4,0.0,0.0,0.0,0.0,0.0,0.0,0.0,0.0,0.0,0.0,0.0,0.0,0.0,0.0,0.0,0.0,0.0,0.0,0.0,0.0,0.0,0.0,2008.8,2395.7999999999997,387.0,40.0,0.0,Spurs,2.0,2.1999999999999997,Bournemouth,Bournemouth,1.0,0.6,0.3619862146183612,,2.0,0.7239724292367224
leon_bailey,2,0,MID,Aston Villa,1,1,0,0,3,0,0,5,0.8,0.0,0.0,0.0,0.0,0.0,0.0,0.0,0.0,0.0,0.0,0.0,0.0,0.0,0.0,0.0,0.0,0.0,0.0,0.0,0.0,0.0,0.0,-993.0,601.1999999999999,1594.2,55.0,0.0,Arsenal,0.0,0.0,Hull City,Hull City,1.4,3.0,0.6342516925560637,,0.5,0.31712584627803186
leon_goretzka,2,0,MID,Aston Villa,1,1,0,0,3,0,0,5,2.2,0.0,0.0,0.0,0.0,0.0,0.0,0.0,0.0,0.0,0.0,0.0,0.0,0.0,0.0,0.0,0.0,0.0,0.0,0.0,0.0,0.0,0.0,205.0,212.0,7.0,60.0,0.0,Arsenal,0.0,0.0,Hull City,Hull City,1.4,3.0,0.8777305803788291,,0.5,0.43886529018941456
levi_samuels_colwill,2,1,DEF,Chelsea,5,1,0,0,4,0,0,3,1.1800000000000002,0.0,0.0,3.6000000000000005,0.0,0.8800000000000001,0.012,0.016,0.004,1.318,2.0,0.0,1.44,10.32,78.6,0.0,0.0,0.0,0.0,0.0,1.0,2.8000000000000003,0.6,-4324.8,6342.599999999999,10667.4,50.0,0.4,Brighton,3.6,3.0,Arsenal,Arsenal,1.8000000000000003,3.0,2.154808669410971,14971.0,0.5,1.0774043347054856
lewie_coyle,2,0,DEF,Hull City,7,0,0,0,2,0,0,2,2.1999999999999997,0.0,0.0,10.4,0.4,4.7,0.004,0.004,0.0,1.1179999999999999,0.0,0.0,0.98,5.08,54.6,0.0,0.0,0.0,0.0,0.0,1.0,0.0,2.4000000000000004,-1474.8,1573.8,3048.6,40.0,0.6,Coventry City,1.4,3.0,Aston Villa,Aston Villa,0.0,0.0,1.5927696770730344,,2.0,3.185539354146069
lewis_cook,2,3,MID,Bournemouth,9,1,0,0,3,0,0,3,2.4,0.0,0.0,11.0,1.0,8.52,0.006,0.006,0.0,1.778,0.0,0.0,1.3,4.119999999999999,70.8,0.0,0.0,0.0,0.0,0.0,1.0,0.0,3.0,931.1999999999999,1955.3999999999999,1024.2,50.0,0.0,Everton,1.0,0.6,Newcastle,Newcastle,2.0,2.1999999999999997,2.319828727629919,,0.9908882275887397,2.298690976230652
lewis_dunk,2,-1,DEF,Brighton,6,0,0,0,3,0,0,4,2.18,0.0,0.0,7.200000000000001,0.4,3.7600000000000007,0.022,0.022,0.0,1.874,2.4,0.0,1.82,14.240000000000002,90.0,0.0,0.0,0.0,0.0,0.0,1.0,0.0,1.8000000000000003,4819.8,8005.799999999999,3186.0,45.0,0.6,Chelsea,3.4,1.2000000000000002,Leeds,Leeds,1.0,1.8000000000000003,2.3694523602932342,,1.7259761128146704,4.0896181743184625
lewis_hall,2,11,DEF,Newcastle,19,0,0,0,3,0,0,3,5.08,0.0,1.7999999999999998,34.4,0.6,22.46,0.32599999999999996,0.344,0.018,1.8639999999999999,0.8,0.0,5.680000000000001,32.2,90.0,0.0,0.0,0.0,0.0,0.0,1.0,2.4,7.8,19959.0,31620.6,11661.6,50.0,0.0,Spurs,2.0,2.1999999999999997,Bournemouth,Bournemouth,1.0,0.6,3.5011997832481856,14973.0,2.0,7.002399566496371
lewis_koumas,2,0,MID,Liverpool,18,1,0,0,4,0,0,3,0.9000000000000001,0.0,0.0,1.6,0.0,0.2,0.0,0.012,0.012,0.192,0.0,0.0,0.36000000000000004,0.48,4.800000000000001,0.0,0.0,0.0,0.0,0.0,0.0,2.8000000000000003,0.4,-32.4,93.6,126.0,50.0,0.0,Nott'm Forest,2.0,1.0,Ipswich Town,Ipswich Town,2.0,1.2000000000000002,0.7053801517754952,,1.862003468953543,1.3134202895369487
lewis_miley,2,3,MID,Newcastle,19,0,0,0,3,0,0,3,2.5999999999999996,0.0,0.0,14.8,0.6,17.38,0.028,0.048,0.020000000000000004,1.448,0.4,0.0,3.16,12.96,84.0,0.0,0.0,0.0,0.0,0.0,1.0,1.2000000000000002,3.0,514.1999999999999,834.6,320.4,55.0,0.4,Spurs,2.0,2.1999999999999997,Bournemouth,Bournemouth,1.0,0.6,2.763114224828881,,0.7810309736599298,2.158077793351703
liam_delap,2,1,FWD,Nott'm Forest,14,0,0,0,3,0,0,4,1.02,0.0,0.0,5.3999999999999995,0.0,6.06,0.0,0.042,0.042,0.198,0.6,0.0,1.26,2.4,14.399999999999999,0.0,0.0,0.0,0.0,0.0,0.0,4.2,0.6,105.0,4644.0,4539.0,55.0,0.0,Liverpool,1.2,0.6,Spurs,Spurs,0.0,0.0,1.1201277190800671,14974.0,0.5975216277632697,0.6693005380074801
liam_kitching,2,0,DEF,Coventry City,11,1,0,0,2,0,0,2,0.4,0.0,0.0,0.0,0.0,0.0,0.0,0.0,0.0,0.0,0.0,0.0,0.0,0.0,0.0,0.0,0.0,0.0,0.0,0.0,0.0,0.0,0.0,-2559.6,312.0,2871.6,40.0,0.0,Hull City,0.0,0.0,Man City,Man City,3.2,3.0,0.3619862146183612,,0.5,0.1809931073091806
liam_millar,2,6,MID,Hull City,7,0,0,0,2,0,0,2,2.4,0.0,0.0,15.2,0.0,0.6,0.0,0.348,0.348,0.388,0.0,0.6,3.04,21.2,26.2,0.0,0.0,0.0,0.0,0.0,0.0,8.6,3.5999999999999996,-409.2,183.0,592.1999999999999,50.0,0.4,Coventry City,1.4,3.0,Aston Villa,Aston Villa,0.0,0.0,1.6394830981789044,,1.1253711500471155,1.8450269796804015
lisandro_martinez,2,1,DEF,Man Utd,12,1,0,0,4,0,0,2,1.1800000000000002,0.0,0.0,1.2,0.0,1.08,0.036,0.054,0.018,1.236,1.2,0.0,0.6,2.88,54.0,0.0,0.0,0.0,0.0,0.0,0.6,1.7999999999999998,0.6,-7680.0,4065.0,11745.0,50.0,0.0,Ipswich Town,3.0,1.7999999999999998,Everton,Everton,1.4,1.8000000000000003,1.6981572597447625,,0.6436531910726833,1.09302433917796
loum_tchaouna,2,1,MID,Coventry City,11,1,0,0,2,0,0,2,1.7,0.0,0.0,8.600000000000001,0.0,13.5,0.086,0.132,0.046,0.7160000000000001,1.2000000000000002,0.0,2.3,4.92,67.19999999999999,0.0,0.0,0.0,0.0,0.0,1.0,4.2,1.4,786.6,1657.2,870.6,55.0,0.0,Hull City,0.0,0.0,Man City,Man City,3.2,3.0,2.2988112631789894,,0.5,1.1494056315894947
luc_de_fougerolles,2,0,DEF,Fulham,20,0,0,0,3,0,0,2,0.4,0.0,0.0,0.0,0.0,0.0,0.0,0.0,0.0,0.0,0.0,0.0,0.0,0.0,0.0,0.0,0.0,0.0,0.0,0.0,0.0,0.0,0.0,1546.2,1830.6,284.4,40.0,0.0,Sunderland,0.8,0.0,Crystal Palace,Crystal Palace,0.6,0.0,0.3619862146183612,,1.715888306938883,0.621127912936715
luca_netz,2,1,DEF,Nott'm Forest,14,0,0,0,3,0,0,4,1.28,0.0,0.0,2.2,0.0,0.36000000000000004,0.0,0.0,0.0,0.052000000000000005,0.4,0.0,0.16,1.2,8.8,0.0,0.0,0.0,0.0,0.0,0.0,0.0,1.0,-105.6,67.2,172.79999999999998,45.0,0.0,Liverpool,1.2,0.6,Spurs,Spurs,0.0,0.0,0.798303535704031,,2.0,1.596607071408062
luca_williams_barnett,2,0,MID,Spurs,17,1,0,0,3,0,0,3,0.4,0.0,0.0,0.0,0.0,0.0,0.0,0.0,0.0,0.0,0.0,0.0,0.0,0.0,0.0,0.0,0.0,0.0,0.0,0.0,0.0,0.0,0.0,1231.2,1581.6,350.4,45.0,0.0,Newcastle,0.0,0.0,Nott'm Forest,Nott'm Forest,1.2,0.6,0.3915495092216865,,0.5542453299159469,0.21701448691700073
lucas_bergvall,2,0,MID,Spurs,17,1,0,0,3,0,0,3,1.1,0.0,0.0,0.8,0.0,0.8,0.004,0.004,0.0,0.68,0.8,0.0,0.0,0.0,18.0,0.0,0.0,0.0,0.0,0.0,0.4,0.8,0.4,-938.4,381.0,1319.3999999999999,55.0,0.0,Newcastle,0.0,0.0,Nott'm Forest,Nott'm Forest,1.2,0.6,1.052201417449446,,0.5542453299159469,0.5831777217522952
lucas_digne,2,0,DEF,Aston Villa,1,1,0,0,3,0,0,5,0.0,0.0,0.0,0.0,0.0,0.0,0.0,0.0,0.0,0.0,0.0,0.0,0.0,0.0,0.0,0.0,0.0,0.0,0.0,0.0,0.0,0.0,0.0,-2986.2,0.0,2986.2,45.0,0.0,Arsenal,0.0,0.0,Hull City,Hull City,1.4,3.0,0.45716434148168505,,0.5,0.22858217074084253
lucas_estella_perri,2,0,GK,Leeds,4,1,0,0,2,0,0,3,0.76,0.0,0.0,0.0,0.0,0.0,0.0,0.0,0.0,0.0,0.0,0.0,0.0,0.0,0.0,0.0,0.0,0.0,0.0,0.0,0.0,0.0,0.0,-3018.6,196.79999999999998,3215.4,45.0,0.0,Brentford,1.0,1.8000000000000003,Brighton,Brighton,3.4,1.2000000000000002,0.3901940201768421,,1.5999999999999999,0.6243104322829474
lucas_gourna_douath,2,1,MID,Hull City,7,0,0,0,2,0,0,2,0.9000000000000001,0.0,0.0,3.5999999999999996,0.0,0.54,0.006,0.006,0.0,0.12,0.0,0.0,0.84,7.68,27.0,0.0,0.0,0.0,0.0,0.0,0.0,0.0,0.6,-106.8,81.0,187.79999999999998,50.0,0.0,Coventry City,1.4,3.0,Aston Villa,Aston Villa,0.0,0.0,1.087574856592131,,1.1253711500471155,1.2239253671254133
lucas_herrington,2,1,DEF,Hull City,7,0,0,0,2,0,0,2,1.0,0.0,0.0,3.4,0.0,0.12,0.0,0.0,0.0,0.504,0.0,0.0,0.5,5.0,29.0,0.0,0.0,0.0,0.0,0.0,0.0,0.0,1.0,-498.59999999999997,1662.6,2161.2,40.0,0.0,Coventry City,1.4,3.0,Aston Villa,Aston Villa,0.0,0.0,0.9701604677861906,,2.0,1.9403209355723812
luka_lynch,2,0,MID,Aston Villa,1,1,0,0,3,0,0,5,0.4,0.0,0.0,0.0,0.0,0.0,0.0,0.0,0.0,0.0,0.0,0.0,0.0,0.0,0.0,0.0,0.0,0.0,0.0,0.0,0.0,0.0,0.0,1662.6,2161.7999999999997,499.2,45.0,0.0,Arsenal,0.0,0.0,Hull City,Hull City,1.4,3.0,0.3915495092216865,,0.5,0.19577475461084326
luka_vuskovic,2,0,DEF,Brighton,6,0,0,0,3,0,0,4,2.6799999999999997,0.0,0.0,6.4,0.4,6.78,0.024,0.094,0.07,1.874,2.4,0.0,3.3200000000000003,18.64,90.0,0.0,0.0,0.0,0.0,0.0,1.0,7.800000000000001,2.4000000000000004,5303.4,12711.6,7408.2,50.0,0.0,Chelsea,3.4,1.2000000000000002,Leeds,Leeds,1.0,1.8000000000000003,2.7469420254838326,50210.0,1.7259761128146704,4.741156319271843
lukas_hornicek,2,7,GK,Newcastle,19,0,0,0,3,0,0,3,3.44,0.0,0.0,24.0,0.6,0.0,0.0,0.0,0.0,1.8639999999999999,0.8,0.0,3.74,37.24,90.0,0.0,0.0,0.0,0.0,4.4,1.0,0.0,4.6000000000000005,767.4,3322.2,2554.7999999999997,50.0,0.4,Spurs,2.0,2.1999999999999997,Bournemouth,Bournemouth,1.0,0.6,3.114635547237974,14972.0,2.0,6.229271094475948
lukas_nmecha,2,4,FWD,Leeds,4,1,0,0,2,0,0,3,1.92,0.6,0.0,10.799999999999999,0.0,12.18,0.0,0.06,0.06,0.558,0.0,0.0,2.6999999999999997,10.92,12.6,0.0,0.0,0.0,0.0,0.0,0.0,3.5999999999999996,2.4,-4576.2,1150.2,5726.4,55.0,0.0,Brentford,1.0,1.8000000000000003,Brighton,Brighton,3.4,1.2000000000000002,1.4190194156585512,14970.0,2.0,2.8380388313171023
luke_o'nien,2,0,DEF,Sunderland,10,1,0,0,2,0,0,3,0.7,0.0,0.0,0.4,0.0,0.5599999999999999,0.004,0.008,0.004,0.676,0.4,0.0,0.68,4.5600000000000005,26.400000000000002,0.0,0.0,0.0,0.0,0.0,0.4,1.6,0.4,-7762.2,2761.2,10523.4,40.0,0.4,Fulham,1.0,1.7999999999999998,Brentford,Brentford,1.8000000000000003,1.8000000000000003,0.8959366974155438,,1.4197911637393419,1.2720430062603976
luke_shaw,2,2,DEF,Man Utd,12,1,0,0,4,0,0,2,1.58,0.0,0.0,12.399999999999999,0.0,24.640000000000004,0.116,0.116,0.0,1.04,1.4,0.0,5.04,21.119999999999997,79.19999999999999,0.0,0.0,0.0,0.0,0.0,1.0,4.800000000000001,1.6,-44497.2,25756.2,70253.4,45.0,0.0,Ipswich Town,3.0,1.7999999999999998,Everton,Everton,1.4,1.8000000000000003,2.39783706139865,,0.6436531910726833,1.5433754762415868
luke_woolfenden,2,0,DEF,Coventry City,11,1,0,0,2,0,0,2,0.4,0.0,0.0,0.0,0.0,0.0,0.0,0.0,0.0,0.0,0.0,0.0,0.0,0.0,0.0,0.0,0.0,0.0,0.0,0.0,0.0,0.0,0.0,-769.1999999999999,567.6,1336.8,40.0,0.0,Hull City,0.0,0.0,Man City,Man City,3.2,3.0,0.3619862146183612,,0.5,0.1809931073091806
macauley_zepa,2,0,MID,Fulham,20,0,0,0,3,0,0,2,1.0,0.0,0.0,0.0,0.0,0.0,0.0,0.0,0.0,0.0,0.0,0.0,0.0,0.0,0.0,0.0,0.0,0.0,0.0,0.0,0.0,0.0,0.0,0.0,0.0,0.0,45.0,0.0,Sunderland,0.8,0.0,Crystal Palace,Crystal Palace,0.6,0.0,0.45261340729947475,,1.0091673238434073,0.4567626609800571
malick_thiaw,2,6,DEF,Newcastle,19,0,0,0,3,0,0,3,3.58,0.0,0.0,15.0,0.6,0.98,0.012,0.012,0.0,1.8639999999999999,0.8,0.0,2.0,19.2,90.0,0.0,0.0,0.0,0.0,0.0,1.0,0.0,4.8,5340.0,11878.8,6538.8,50.0,0.0,Spurs,2.0,2.1999999999999997,Bournemouth,Bournemouth,1.0,0.6,2.797607842089424,14974.0,2.0,5.595215684178848
malick_yalcouye,2,8,MID,Brighton,6,0,0,0,3,0,0,4,3.0999999999999996,0.0,0.6,24.599999999999998,0.0,13.14,0.1,0.52,0.42,1.698,1.7999999999999998,0.6,6.9,30.719999999999995,45.4,0.0,0.0,0.0,0.0,0.0,0.6,25.2,5.2,2032.1999999999998,2603.4,571.1999999999999,45.0,0.0,Chelsea,3.4,1.2000000000000002,Leeds,Leeds,1.0,1.8000000000000003,2.5617831471575325,,1.4413143626859686,3.6923348440850137
malo_gusto,2,1,DEF,Chelsea,5,1,0,0,4,0,0,3,1.48,0.0,0.0,0.20000000000000007,0.0,4.340000000000001,0.018000000000000002,0.018000000000000002,0.0,1.29,2.5999999999999996,0.0,1.46,7.5600000000000005,84.0,0.0,0.0,0.0,0.0,0.0,1.0,2.4000000000000004,1.0,1426.8,7995.0,6568.2,50.0,0.0,Brighton,3.6,3.0,Arsenal,Arsenal,1.8000000000000003,3.0,2.2796988326557415,79641.0,0.5,1.1398494163278707
mamadou_sangare,2,4,MID,Brentford,13,0,0,0,3,0,0,2,6.199999999999999,0.8,1.2000000000000002,26.0,0.4,23.9,0.15,0.29600000000000004,0.14600000000000002,1.064,0.6,0.0,6.62,27.28,84.0,0.0,0.0,0.0,0.0,0.0,1.0,15.0,8.0,252253.19999999998,266257.2,14004.0,55.6,0.0,Leeds,1.8000000000000003,1.8000000000000003,Sunderland,Sunderland,1.0,1.7999999999999998,3.7678756263941047,14974.0,1.138219828224887,4.2886707482470365
mamadou_sarr,2,0,DEF,Chelsea,5,1,0,0,4,0,0,3,0.68,0.0,0.0,0.0,0.0,0.0,0.0,0.0,0.0,0.0,0.0,0.0,0.0,0.0,0.0,0.0,0.0,0.0,0.0,0.0,0.0,0.0,0.0,-326.4,243.0,569.4,45.0,0.0,Brighton,3.6,3.0,Arsenal,Arsenal,1.8000000000000003,3.0,0.5427115753726766,,0.5,0.2713557876863383
manuel_ugarte_ribeiro,2,0,MID,Man Utd,12,1,0,0,4,0,0,2,0.0,0.0,0.0,0.0,0.0,0.0,0.0,0.0,0.0,0.0,0.0,0.0,0.0,0.0,0.0,0.0,0.0,0.0,0.0,0.0,0.0,0.0,0.0,-38.4,14.399999999999999,52.8,50.0,0.0,Ipswich Town,3.0,1.7999999999999998,Everton,Everton,1.4,1.8000000000000003,0.4518367028110868,,1.0363820346939674,0.4682754414087676
marc_guehi,2,2,DEF,Man City,8,0,0,0,5,0,0,3,4.72,0.0,0.8,19.6,0.0,16.48,0.152,0.508,0.35600000000000004,0.656,1.0,0.4,5.960000000000001,31.96,90.0,0.0,0.0,0.0,0.0,0.0,1.0,11.200000000000001,5.2,84592.2,109647.0,25054.8,60.0,0.0,Crystal Palace,3.2,3.0,Coventry City,Coventry City,0.0,0.0,3.656438230169337,14970.0,2.0,7.312876460338674
marc_guiu_paz,2,0,FWD,Chelsea,5,1,0,0,4,0,0,3,0.5599999999999999,0.0,0.0,0.0,0.0,0.0,0.0,0.0,0.0,0.0,0.0,0.0,0.0,0.0,0.0,0.0,0.0,0.0,0.0,0.0,0.0,0.0,0.0,-2380.7999999999997,1306.8,3687.6,50.0,0.0,Brighton,3.6,3.0,Arsenal,Arsenal,1.8000000000000003,3.0,0.4963254429754904,,1.2925550229128364,0.6415279443174087
marcelino_nunez,2,2,MID,Ipswich Town,16,0,0,0,2,0,0,4,2.4,0.0,0.0,14.0,0.0,10.18,0.024,0.036000000000000004,0.012,1.962,2.1999999999999997,0.0,2.52,12.16,68.2,0.0,0.0,0.0,0.0,0.0,1.0,2.8,2.8,-117.6,718.1999999999999,835.8,50.0,0.0,Man Utd,2.0,1.2000000000000002,Liverpool,Liverpool,2.0,1.0,2.287080139152793,,1.2904377628115025,2.9513345781389497
marco_bizot,2,0,GK,Aston Villa,1,1,0,0,3,0,0,5,1.06,0.0,0.0,0.4,0.0,0.0,0.0,0.0,0.0,1.508,1.6,0.0,1.1199999999999999,11.280000000000001,36.0,0.0,0.0,0.0,0.0,1.2000000000000002,0.4,0.0,0.4,-21.599999999999998,507.0,528.6,45.0,0.0,Arsenal,0.0,0.0,Hull City,Hull City,1.4,3.0,1.3345697781648085,,0.5,0.6672848890824042
marco_palestra,2,0,DEF,Chelsea,5,1,0,0,4,0,0,3,1.0,0.0,0.0,0.0,0.0,0.0,0.0,0.0,0.0,0.0,0.0,0.0,0.0,0.0,0.0,0.0,0.0,0.0,0.0,0.0,0.0,0.0,0.0,-38986.2,2976.0,41962.2,55.0,0.0,Brighton,3.6,3.0,Arsenal,Arsenal,1.8000000000000003,3.0,0.8739691555080163,,0.5,0.4369845777540082
marcos_senesi_baron,2,0,DEF,Spurs,17,1,0,0,3,0,0,3,2.0199999999999996,0.0,0.0,4.0,0.0,0.8800000000000001,0.008,0.008,0.0,1.548,1.2000000000000002,0.0,1.56,14.64,36.0,0.0,0.0,0.0,0.0,0.0,0.4,0.0,1.2000000000000002,-28975.8,9565.199999999999,38541.0,60.0,0.0,Newcastle,0.0,0.0,Nott'm Forest,Nott'm Forest,1.2,0.6,1.8943933659833616,,1.2120722362551493,2.2961416034543727
marcus_bettinelli,2,0,GK,Man City,8,0,0,0,5,0,0,3,0.76,0.0,0.0,0.0,0.0,0.0,0.0,0.0,0.0,0.0,0.0,0.0,0.0,0.0,0.0,0.0,0.0,0.0,0.0,0.0,0.0,0.0,0.0,-60.599999999999994,81.0,141.6,45.0,0.0,Crystal Palace,3.2,3.0,Coventry City,Coventry City,0.0,0.0,0.3930980701150304,,2.0,0.7861961402300608
marcus_rashford,2,2,MID,Man Utd,12,1,0,0,4,0,0,2,1.9,0.0,0.0,13.799999999999999,0.0,40.019999999999996,0.07,0.226,0.156,0.672,0.6,0.0,9.040000000000001,14.239999999999998,65.4,0.0,0.0,0.0,0.0,0.0,0.6,36.4,1.6,-4208.4,9038.4,13246.8,70.0,0.0,Ipswich Town,3.0,1.7999999999999998,Everton,Everton,1.4,1.8000000000000003,3.3325572322906662,14972.0,1.0363820346939674,3.4538024451354974
marcus_tavernier,2,1,MID,Bournemouth,9,1,0,0,3,0,0,3,4.18,0.0,1.2000000000000002,24.8,0.0,29.859999999999996,0.158,0.372,0.21400000000000002,2.004,1.4,0.4,6.84,25.0,90.0,0.0,0.0,0.0,0.0,0.0,1.0,13.8,4.6,44865.6,52324.2,7458.599999999999,60.0,0.6,Everton,1.0,0.6,Newcastle,Newcastle,2.0,2.1999999999999997,3.675800619224029,15210.0,0.9908882275887397,3.6423075605524904
mark_gillespie,2,0,GK,Newcastle,19,0,0,0,3,0,0,3,0.76,0.0,0.0,0.0,0.0,0.0,0.0,0.0,0.0,0.0,0.0,0.0,0.0,0.0,0.0,0.0,0.0,0.0,0.0,0.0,0.0,0.0,0.0,-41.4,97.2,138.6,45.0,0.0,Spurs,2.0,2.1999999999999997,Bournemouth,Bournemouth,1.0,0.6,0.39151404287601865,,2.0,0.7830280857520373
mark_travers,2,0,GK,Everton,3,0,0,0,3,0,0,3,1.04,0.0,0.0,0.0,0.0,0.0,0.0,0.0,0.0,0.0,0.0,0.0,0.0,0.0,0.0,0.0,0.0,0.0,0.0,0.0,0.0,0.0,0.0,-67.8,174.0,241.79999999999998,50.0,0.0,Bournemouth,1.4,1.8000000000000003,Man Utd,Man Utd,3.0,1.7999999999999998,0.5420212766888208,,2.0,1.0840425533776417
martin_dubravka,2,0,GK,Spurs,17,1,0,0,3,0,0,3,0.4,0.0,0.0,0.0,0.0,0.0,0.0,0.0,0.0,0.0,0.0,0.0,0.0,0.0,0.0,0.0,0.0,0.0,0.0,0.0,0.0,0.0,0.0,-17238.6,21051.6,38290.2,40.0,0.0,Newcastle,0.0,0.0,Nott'm Forest,Nott'm Forest,1.2,0.6,0.23533459250148403,,1.2,0.28240151100178085
martin_odegaard,2,3,MID,Arsenal,2,0,0,0,5,0,0,3,5.12,0.0,1.2000000000000002,24.200000000000003,1.0,20.68,0.08200000000000002,0.214,0.132,0.222,0.0,0.4,6.0600000000000005,24.32,72.0,0.0,0.0,0.0,0.0,0.0,1.0,15.4,6.2,151619.4,173735.4,22116.0,65.6,0.0,Aston Villa,1.8000000000000003,3.0,Chelsea,Chelsea,3.6,3.0,3.49305415764721,14972.0,1.7281163923988747,6.036404149367186
martin_zubimendi_ibanez,2,1,MID,Arsenal,2,0,0,0,5,0,0,3,1.4,0.0,0.0,4.2,0.0,1.46,0.008,0.008,0.0,0.06,0.0,0.0,0.6,4.4,11.8,0.0,0.0,0.0,0.0,0.0,0.0,0.0,1.0,-11407.8,947.4,12355.199999999999,55.0,0.0,Aston Villa,1.8000000000000003,3.0,Chelsea,Chelsea,3.6,3.0,0.9789480888075591,,1.7281163923988747,1.6917362395758924
mason_burstow,2,0,FWD,Hull City,7,0,0,0,2,0,0,2,0.0,0.0,0.0,0.0,0.0,0.0,0.0,0.0,0.0,0.0,0.0,0.0,0.0,0.0,0.0,0.0,0.0,0.0,0.0,0.0,0.0,0.0,0.0,-726.0,0.0,726.0,45.0,0.0,Coventry City,1.4,3.0,Aston Villa,Aston Villa,0.0,0.0,0.37675769770935674,,0.5,0.18837884885467837
mason_mount,2,0,MID,Man Utd,12,1,0,0,4,0,0,2,0.4,0.0,0.0,0.0,0.0,0.0,0.0,0.0,0.0,0.0,0.0,0.0,0.0,0.0,0.0,0.0,0.0,0.0,0.0,0.0,0.0,0.0,0.0,-396.0,21.0,417.0,55.0,0.0,Ipswich Town,3.0,1.7999999999999998,Everton,Everton,1.4,1.8000000000000003,0.5935424271708716,,1.0363820346939674,0.6151367083485438
mateo_joseph_fernandez_regatillo,2,0,FWD,Leeds,4,1,0,0,2,0,0,3,0.0,0.0,0.0,0.0,0.0,0.0,0.0,0.0,0.0,0.0,0.0,0.0,0.0,0.0,0.0,0.0,0.0,0.0,0.0,0.0,0.0,0.0,0.0,-435.59999999999997,195.0,630.6,45.0,0.0,Brentford,1.0,1.8000000000000003,Brighton,Brighton,3.4,1.2000000000000002,0.37675769770935674,,2.0,0.7535153954187135
mateo_kovacic,2,1,MID,Man City,8,0,0,0,5,0,0,3,1.4,0.0,0.0,6.6,0.0,2.7,0.01,0.01,0.0,0.04000000000000001,0.0,0.0,0.46,2.08,19.8,0.0,0.0,0.0,0.0,0.0,0.0,0.0,1.0,-276.0,497.4,773.4,55.0,0.0,Crystal Palace,3.2,3.0,Coventry City,Coventry City,0.0,0.0,1.1289381298136758,,1.6191035401041651,1.827867722539898
mateus_fernandes,2,2,MID,Spurs,17,1,0,0,3,0,0,3,1.78,0.0,0.0,17.2,0.0,38.66,0.126,0.132,0.006,1.304,1.6,0.0,5.1,11.280000000000001,72.0,0.0,0.0,0.0,0.0,0.0,0.6,1.4,1.6,-16080.0,2717.4,18797.399999999998,60.0,0.0,Newcastle,0.0,0.0,Nott'm Forest,Nott'm Forest,1.2,0.6,2.688546420318472,,0.5542453299159469,1.4901142977237496
matheus_franca_de_oliveira,2,0,MID,Crystal Palace,15,1,0,0,3,0,0,5,0.6000000000000001,0.0,0.0,0.0,0.0,0.0,0.0,0.0,0.0,0.0,0.0,0.0,0.0,0.0,0.0,0.0,0.0,0.0,0.0,0.0,0.0,0.0,0.0,-418.2,10.2,428.4,50.0,0.0,Man City,0.6,0.0,Fulham,Fulham,0.8,0.0,0.512900600888875,,0.9928633625211627,0.5092402152376533
matheus_nunes,2,0,DEF,Man City,8,0,0,0,5,0,0,3,1.3599999999999999,0.0,0.0,1.6,0.0,0.6000000000000001,0.016,0.016,0.0,0.04000000000000001,0.0,0.0,0.36000000000000004,1.52,13.200000000000001,0.0,0.0,0.0,0.0,0.0,0.0,1.6,0.4,-8677.199999999999,1818.6,10495.8,60.0,0.0,Crystal Palace,3.2,3.0,Coventry City,Coventry City,0.0,0.0,1.3298636090601477,14973.0,2.0,2.6597272181202953
matheus_santos_carneiro_da_cunha,2,9,MID,Man Utd,12,1,0,0,4,0,0,2,4.42,1.2,0.6,24.2,0.0,27.84,0.174,0.336,0.162,1.04,1.4,0.0,7.32,14.16,79.0,0.0,0.0,0.0,0.0,0.0,1.0,30.8,6.199999999999999,-39661.799999999996,16112.4,55774.2,80.0,0.0,Ipswich Town,3.0,1.7999999999999998,Everton,Everton,1.4,1.8000000000000003,4.166809879803007,14973.0,1.0363820346939674,4.318406901413166
mathias_jensen,2,0,MID,Brentford,13,0,0,0,3,0,0,2,2.5999999999999996,0.4,0.0,8.8,0.4,18.48,0.136,0.168,0.032,0.188,0.0,0.0,2.8800000000000003,5.04,26.400000000000002,0.0,0.0,0.0,0.0,0.0,0.4,5.2,2.4000000000000004,1512.6,2314.7999999999997,802.1999999999999,55.0,0.0,Leeds,1.8000000000000003,1.8000000000000003,Sunderland,Sunderland,1.0,1.7999999999999998,1.7928195325779077,,1.138219828224887,2.0406227404090482
mathys_tel,2,2,MID,Spurs,17,1,0,0,3,0,0,3,2.08,0.0,0.0,12.8,0.0,12.38,0.041999999999999996,0.15000000000000002,0.10800000000000001,1.836,1.8000000000000003,0.0,4.26,6.4399999999999995,76.19999999999999,0.0,0.0,0.0,0.0,0.0,1.0,24.0,2.0,-3772.2,2504.4,6276.599999999999,60.0,0.0,Newcastle,0.0,0.0,Nott'm Forest,Nott'm Forest,1.2,0.6,2.9574542428749293,,0.5542453299159469,1.639155202553532
mats_wieffer,2,0,DEF,Brighton,6,0,0,0,3,0,0,4,2.9800000000000004,0.0,0.4,16.4,0.4,16.04,0.068,0.12200000000000001,0.05399999999999999,1.85,2.4,0.0,4.0,18.88,78.2,0.0,0.0,0.0,0.0,0.0,1.0,4.800000000000001,2.8000000000000003,6222.599999999999,8056.799999999999,1834.2,50.0,0.0,Chelsea,3.4,1.2000000000000002,Leeds,Leeds,1.0,1.8000000000000003,2.6476857453530727,,1.7259761128146704,4.56984235071931
matt_crooks,2,0,MID,Hull City,7,0,0,0,2,0,0,2,1.0,0.0,0.0,3.6,0.4,0.96,0.0,0.0,0.0,0.7320000000000001,0.0,0.0,0.8400000000000001,7.6000000000000005,36.0,0.0,0.0,0.0,0.0,0.0,0.4,0.0,0.8,2670.6,6084.599999999999,3414.0,45.0,0.4,Coventry City,1.4,3.0,Aston Villa,Aston Villa,0.0,0.0,1.218091521481092,,1.1253711500471155,1.370805056391817
matt_grimes,2,2,MID,Coventry City,11,1,0,0,2,0,0,2,1.8,0.0,0.0,14.0,0.0,14.02,0.028,0.034,0.006,1.184,1.8000000000000003,0.0,2.9000000000000004,13.879999999999999,90.0,0.0,0.0,0.0,0.0,0.0,1.0,1.2,2.0,404.4,1374.0,969.5999999999999,50.0,0.0,Hull City,0.0,0.0,Man City,Man City,3.2,3.0,2.5668192253012307,,0.5,1.2834096126506154
matt_o'riley,2,0,MID,Brighton,6,0,0,0,3,0,0,4,0.8,0.0,0.0,0.0,0.0,0.0,0.0,0.0,0.0,0.0,0.0,0.0,0.0,0.0,0.0,0.0,0.0,0.0,0.0,0.0,0.0,0.0,0.0,-417.59999999999997,393.59999999999997,811.1999999999999,55.0,0.0,Chelsea,3.4,1.2000000000000002,Leeds,Leeds,1.0,1.8000000000000003,0.6342516925560637,,1.4413143626859686,0.9141560740389398
matt_targett,2,0,DEF,Hull City,7,0,0,0,2,0,0,2,0.7,0.0,0.0,1.2000000000000002,0.0,0.0,0.0,0.0,0.0,0.028000000000000004,0.0,0.0,0.0,0.16000000000000003,2.0,0.0,0.0,0.0,0.0,0.0,0.0,0.0,0.4,-6028.8,3235.7999999999997,9264.6,40.0,0.0,Coventry City,1.4,3.0,Aston Villa,Aston Villa,0.0,0.0,0.4431104646284094,,2.0,0.8862209292568188
matteo_ruggeri,2,0,DEF,Aston Villa,1,1,0,0,3,0,0,5,0.98,0.0,0.0,1.2000000000000002,0.0,0.0,0.0,0.0,0.0,0.05600000000000001,0.0,0.0,0.16000000000000003,1.6,3.2,0.0,0.0,0.0,0.0,0.0,0.0,0.0,0.4,-145.79999999999998,513.6,659.4,45.0,0.0,Arsenal,0.0,0.0,Hull City,Hull City,1.4,3.0,0.6568381567739806,,0.5,0.3284190783869903
matthijs_de_ligt,2,0,DEF,Man Utd,12,1,0,0,4,0,0,2,0.0,0.0,0.0,0.0,0.0,0.0,0.0,0.0,0.0,0.0,0.0,0.0,0.0,0.0,0.0,0.0,0.0,0.0,0.0,0.0,0.0,0.0,0.0,-228.6,70.2,298.8,50.0,0.0,Ipswich Town,3.0,1.7999999999999998,Everton,Everton,1.4,1.8000000000000003,0.6026643706338275,,0.6436531910726833,0.3879068453042734
matty_cash,2,2,DEF,Aston Villa,1,1,0,0,3,0,0,5,0.98,0.0,0.0,1.5999999999999996,0.0,1.52,0.006,0.096,0.09,2.132,2.2,0.0,1.9,13.200000000000001,82.19999999999999,0.0,0.0,0.0,0.0,0.0,1.0,4.2,0.7999999999999999,-47609.4,16186.8,63796.2,45.0,0.4,Arsenal,0.0,0.0,Hull City,Hull City,1.4,3.0,2.088746264723631,,0.5,1.0443731323618155
matty_jacob,2,0,DEF,Hull City,7,0,0,0,2,0,0,2,0.0,0.0,0.0,0.0,0.0,0.0,0.0,0.0,0.0,0.0,0.0,0.0,0.0,0.0,0.0,0.0,0.0,0.0,0.0,0.0,0.0,0.0,0.0,-102.6,34.199999999999996,136.79999999999998,40.0,0.0,Coventry City,1.4,3.0,Aston Villa,Aston Villa,0.0,0.0,0.3116643123295426,,2.0,0.6233286246590852
matz_sels,2,1,GK,Nott'm Forest,14,0,0,0,3,0,0,4,1.94,0.0,0.0,8.0,0.0,0.0,0.006,0.006,0.0,1.238,1.6,0.0,1.58,15.64,90.0,0.0,0.0,0.0,0.0,2.0,1.0,0.0,1.4,-5037.599999999999,2010.0,7047.599999999999,50.0,0.0,Liverpool,1.2,0.6,Spurs,Spurs,0.0,0.0,3.014780460031668,50210.0,1.8666666666666665,5.627590192059113
max_alleyne,2,0,DEF,Man City,8,0,0,0,5,0,0,3,0.0,0.0,0.0,0.0,0.0,0.0,0.0,0.0,0.0,0.0,0.0,0.0,0.0,0.0,0.0,0.0,0.0,0.0,0.0,0.0,0.0,0.0,0.0,-214.2,0.0,214.2,50.0,0.0,Crystal Palace,3.2,3.0,Coventry City,Coventry City,0.0,0.0,0.6026643706338275,,2.0,1.205328741267655
max_dowman,2,0,MID,Arsenal,2,0,0,0,5,0,0,3,0.8,0.0,0.0,0.0,0.0,0.0,0.0,0.0,0.0,0.0,0.0,0.0,0.0,0.0,0.0,0.0,0.0,0.0,0.0,0.0,0.0,0.0,0.0,-1114.2,283.8,1398.0,54.4,0.0,Aston Villa,1.8000000000000003,3.0,Chelsea,Chelsea,3.6,3.0,0.6221321174791126,,1.7281163923988747,1.075116710453477
maxence_lacroix,2,1,DEF,Chelsea,5,1,0,0,4,0,0,3,3.2199999999999998,0.4,0.0,8.2,0.0,4.539999999999999,0.08000000000000002,0.09200000000000001,0.012,1.3780000000000001,2.5999999999999996,0.0,3.42,25.480000000000004,90.0,0.0,0.0,0.0,0.0,0.0,1.0,4.3999999999999995,3.0000000000000004,11229.0,38113.2,26884.2,60.0,0.0,Brighton,3.6,3.0,Arsenal,Arsenal,1.8000000000000003,3.0,3.160936752273321,14974.0,0.5,1.5804683761366605
maxim_de_cuyper,2,0,DEF,Brighton,6,0,0,0,3,0,0,4,5.779999999999999,0.4,0.8,17.200000000000003,0.4,32.34,0.114,0.7200000000000001,0.606,1.874,2.4,0.4,7.4399999999999995,21.520000000000003,84.8,0.0,0.0,0.0,0.0,0.0,1.0,20.2,6.800000000000001,284304.0,296998.8,12694.8,45.599999999999994,0.0,Chelsea,3.4,1.2000000000000002,Leeds,Leeds,1.0,1.8000000000000003,3.4122383515441133,14971.0,1.7259761128146704,5.8894418859952475
melker_ellborg,2,0,GK,Sunderland,10,1,0,0,2,0,0,3,0.76,0.0,0.0,0.0,0.0,0.0,0.0,0.0,0.0,0.0,0.0,0.0,0.0,0.0,0.0,0.0,0.0,0.0,0.0,0.0,0.0,0.0,0.0,-387.0,125.39999999999999,512.4,45.0,0.0,Fulham,1.0,1.7999999999999998,Brentford,Brentford,1.8000000000000003,1.8000000000000003,0.3901940201768421,14974.0,1.5555555555555556,0.6069684758306433
merlin_rohl,2,2,MID,Everton,3,0,0,0,3,0,0,3,2.1,0.0,0.0,12.600000000000001,0.4,6.58,0.03,0.03,0.0,2.08,0.6,0.0,1.8199999999999998,10.56,87.0,0.0,0.0,0.0,0.0,0.0,1.0,0.8,2.4000000000000004,-70.8,310.8,381.59999999999997,50.0,0.0,Bournemouth,1.4,1.8000000000000003,Man Utd,Man Utd,3.0,1.7999999999999998,2.559096833547901,,0.7199556720256638,1.8424362805757275
michael_kayode,2,2,DEF,Brentford,13,0,0,0,3,0,0,2,5.18,0.0,0.4,19.8,0.4,10.2,0.126,0.338,0.21200000000000002,1.064,0.6,0.4,5.52,22.16,82.19999999999999,0.0,0.0,0.0,0.0,0.0,1.0,23.200000000000003,6.4,173785.8,186481.8,12696.0,45.599999999999994,0.0,Leeds,1.8000000000000003,1.8000000000000003,Sunderland,Sunderland,1.0,1.7999999999999998,3.215450943210217,79641.0,2.0,6.430901886420434
michael_keane,2,0,DEF,Everton,3,0,0,0,3,0,0,3,0.8800000000000001,0.0,0.0,0.0,0.0,0.0,0.0,0.0,0.0,0.0,0.0,0.0,0.0,0.0,0.0,0.0,0.0,0.0,0.0,0.0,0.0,0.0,0.0,-12975.0,1956.0,14931.0,50.0,0.0,Bournemouth,1.4,1.8000000000000003,Man Utd,Man Utd,3.0,1.7999999999999998,0.7133725556692283,,2.0,1.4267451113384566
michael_svoboda,2,0,DEF,Brighton,6,0,0,0,3,0,0,4,0.8800000000000001,0.0,0.0,0.0,0.0,0.0,0.0,0.0,0.0,0.0,0.0,0.0,0.0,0.0,0.0,0.0,0.0,0.0,0.0,0.0,0.0,0.0,0.0,50.4,460.79999999999995,410.4,50.0,0.0,Chelsea,3.4,1.2000000000000002,Leeds,Leeds,1.0,1.8000000000000003,0.7133725556692283,,1.7259761128146704,1.2312639906226417
michele_di_gregorio,2,0,GK,Bournemouth,9,1,0,0,3,0,0,3,2.0,0.0,0.0,0.0,0.0,0.0,0.0,0.0,0.0,0.0,0.0,0.0,0.0,0.0,0.0,0.0,0.0,0.0,0.0,0.0,0.0,0.0,0.0,214.0,241.0,27.0,45.0,0.0,Everton,1.0,0.6,Newcastle,Newcastle,2.0,2.1999999999999997,0.42491646210688283,,0.6666666666666666,0.28327764140458855
micky_van_de_ven,2,0,DEF,Spurs,17,1,0,0,3,0,0,3,0.0,0.0,0.0,3.0,0.0,1.26,0.012,0.012,0.0,0.432,1.2,0.0,1.02,9.12,54.0,0.0,0.0,0.0,0.0,0.0,0.6,0.0,0.0,-69797.4,5024.4,74821.8,50.0,0.6,Newcastle,0.0,0.0,Nott'm Forest,Nott'm Forest,1.2,0.6,1.553456276046508,,1.2120722362551493,1.8829012224322874
miguel_brau,2,0,DEF,Coventry City,11,1,0,0,2,0,0,2,0.4,0.0,0.0,0.0,0.0,0.0,0.0,0.0,0.0,0.0,0.0,0.0,0.0,0.0,0.0,0.0,0.0,0.0,0.0,0.0,0.0,0.0,0.0,-49.199999999999996,153.6,202.79999999999998,40.0,0.0,Hull City,0.0,0.0,Man City,Man City,3.2,3.0,0.3619862146183612,,0.5,0.1809931073091806
mike_penders,2,0,GK,Chelsea,5,1,0,0,4,0,0,3,0.76,0.0,0.0,0.0,0.0,0.0,0.0,0.0,0.0,0.0,0.0,0.0,0.0,0.0,0.0,0.0,0.0,0.0,0.0,0.0,0.0,0.0,0.0,-222.0,237.0,459.0,45.0,0.0,Brighton,3.6,3.0,Arsenal,Arsenal,1.8000000000000003,3.0,0.39362607919470105,,0.5333333333333333,0.20993390890384056
mikel_merino_zazon,2,1,MID,Arsenal,2,0,0,0,5,0,0,3,1.48,0.0,0.0,6.2,0.0,1.08,0.008,0.064,0.05600000000000001,0.06,0.0,0.0,1.0,3.12,17.0,0.0,0.0,0.0,0.0,0.0,0.0,5.6000000000000005,1.0,-7701.0,1453.2,9154.199999999999,60.0,0.0,Aston Villa,1.8000000000000003,3.0,Chelsea,Chelsea,3.6,3.0,1.286866017564687,,1.7281163923988747,2.223854259774594
mikey_moore,2,1,MID,Spurs,17,1,0,0,3,0,0,3,1.5,0.0,0.0,4.6,0.0,2.6000000000000005,0.008,0.17200000000000004,0.16400000000000003,1.352,1.8000000000000003,0.0,3.0,5.68,40.0,0.0,0.0,0.0,0.0,0.0,0.4,22.6,1.4,-64.2,1451.3999999999999,1515.6,50.0,0.0,Newcastle,0.0,0.0,Nott'm Forest,Nott'm Forest,1.2,0.6,1.8916397225868755,,0.5542453299159469,1.048432482127273
mikkel_damsgaard,2,3,MID,Brentford,13,0,0,0,3,0,0,2,2.0,0.0,0.0,14.4,0.6,29.96,0.122,0.14,0.018,0.11800000000000001,0.0,0.0,5.800000000000001,13.0,46.4,0.0,0.0,0.0,0.0,0.0,0.6,15.0,2.1999999999999997,-3135.6,1390.8,4526.4,55.0,0.0,Leeds,1.8000000000000003,1.8000000000000003,Sunderland,Sunderland,1.0,1.7999999999999998,2.3321604752328677,50210.0,1.138219828224887,2.6545112955124255
milan_van_ewijk,2,2,DEF,Coventry City,11,1,0,0,2,0,0,2,1.2999999999999998,0.0,0.0,5.8,0.0,21.14,0.118,0.118,0.0,1.184,1.8000000000000003,0.0,3.9,13.48,90.0,0.0,0.0,0.0,0.0,0.0,1.0,4.3999999999999995,1.6,-9244.199999999999,20670.6,29914.8,40.0,0.0,Hull City,0.0,0.0,Man City,Man City,3.2,3.0,2.2969901682596525,,0.5,1.1484950841298263
milos_kerkez,2,1,DEF,Liverpool,18,1,0,0,4,0,0,3,1.3,0.0,0.0,6.6,0.0,13.2,0.014,0.022,0.008,1.97,2.0,0.0,3.9800000000000004,21.599999999999998,78.0,0.0,0.0,0.0,0.0,0.0,1.0,4.800000000000001,0.6,-11245.199999999999,9387.0,20632.2,55.0,0.4,Nott'm Forest,2.0,1.0,Ipswich Town,Ipswich Town,2.0,1.2000000000000002,2.4978584057128366,15210.0,0.5,1.2489292028564183
mitoma_kaoru,2,0,MID,Brighton,6,0,0,0,3,0,0,4,0.0,0.0,0.0,0.0,0.0,0.0,0.0,0.0,0.0,0.0,0.0,0.0,0.0,0.0,0.0,0.0,0.0,0.0,0.0,0.0,0.0,0.0,0.0,-646.8,95.39999999999999,742.1999999999999,60.0,0.0,Chelsea,3.4,1.2000000000000002,Leeds,Leeds,1.0,1.8000000000000003,0.6538296207602718,,1.4413143626859686,0.9423740231512997
mohamed_ali_cho,2,1,MID,Hull City,7,0,0,0,2,0,0,2,1.5,0.0,0.0,3.0,0.0,0.3,0.0,0.0,0.0,0.18,0.0,0.0,0.1,0.4,7.0,0.0,0.0,0.0,0.0,0.0,0.0,0.0,1.0,23.0,25.0,2.0,50.0,0.0,Coventry City,1.4,3.0,Aston Villa,Aston Villa,0.0,0.0,0.7822630541689158,,1.1253711500471155,0.8803362729094418
mohamed_belloumi,2,6,MID,Hull City,7,0,0,0,2,0,0,2,3.3,0.6,0.0,17.0,1.0,8.14,0.024,0.116,0.092,1.3980000000000001,0.0,0.0,3.5599999999999996,18.16,85.19999999999999,0.0,0.0,0.0,0.0,0.0,1.0,9.4,4.8,5915.4,8334.0,2418.6,50.0,0.0,Coventry City,1.4,3.0,Aston Villa,Aston Villa,0.0,0.0,2.9554615816092884,,1.1253711500471155,3.325991199015712
mohammed_kudus,2,1,MID,Spurs,17,1,0,0,3,0,0,3,0.48,0.0,0.0,2.4,0.0,1.9799999999999998,0.006,0.03,0.024,0.144,0.6,0.0,0.96,0.72,13.2,0.0,0.0,0.0,0.0,0.0,0.0,6.6,0.6,-1282.2,161.4,1443.6,65.0,0.0,Newcastle,0.0,0.0,Nott'm Forest,Nott'm Forest,1.2,0.6,1.2082086798938887,,0.5542453299159469,0.669644018395099
moises_caicedo_corozo,2,1,MID,Chelsea,5,1,0,0,4,0,0,3,1.04,0.0,0.0,1.7999999999999998,0.0,0.06,0.0,0.0,0.0,0.042,0.0,0.0,0.0,0.0,7.8,0.0,0.0,0.0,0.0,0.0,0.0,0.0,0.6,-53305.2,5688.599999999999,58993.799999999996,55.0,0.0,Brighton,3.6,3.0,Arsenal,Arsenal,1.8000000000000003,3.0,0.8265706667538316,61014.0,0.7639707456291492,0.6314758085951078
morgan_gibbs_white,2,13,MID,Nott'm Forest,14,0,0,0,3,0,0,4,5.62,0.6,1.7999999999999998,25.599999999999998,0.0,11.22,0.048,0.574,0.526,1.238,1.6,0.6,6.119999999999999,33.839999999999996,90.0,0.0,0.0,0.0,0.0,0.0,1.0,16.6,8.6,-164587.8,5268.0,169855.8,80.0,0.0,Liverpool,1.2,0.6,Spurs,Spurs,0.0,0.0,4.300243219243847,14971.0,1.5454128877977802,6.645651291684457
morgan_rogers,2,5,MID,Chelsea,5,1,0,0,4,0,0,3,4.9399999999999995,0.6,0.4,31.6,0.0,49.3,0.646,1.1139999999999999,0.468,1.342,2.5999999999999996,0.4,11.0,35.599999999999994,86.4,0.0,0.0,0.0,0.0,0.0,1.0,25.4,6.2,108061.2,151110.6,43049.4,75.0,0.0,Brighton,3.6,3.0,Arsenal,Arsenal,1.8000000000000003,3.0,4.924904790116197,14970.0,0.7639707456291492,3.76248318465764
murillo_costa_dos_santos,2,1,DEF,Nott'm Forest,14,0,0,0,3,0,0,4,2.5,0.0,0.0,7.2,0.0,10.54,0.11200000000000002,0.22000000000000003,0.108,1.238,1.6,0.0,3.5199999999999996,19.6,90.0,0.0,0.0,0.0,0.0,0.0,1.0,4.8,2.2,-1954.1999999999998,5148.0,7102.2,55.0,0.0,Liverpool,1.2,0.6,Spurs,Spurs,0.0,0.0,2.9050900544494613,15210.0,2.0,5.810180108898923
mykhailo_mudryk,2,0,MID,Chelsea,5,1,0,0,4,0,0,3,0.8,0.0,0.0,0.0,0.0,0.0,0.0,0.0,0.0,0.0,0.0,0.0,0.0,0.0,0.0,0.0,0.0,0.0,0.0,0.0,0.0,0.0,0.0,-445.2,140.4,585.6,55.0,0.0,Brighton,3.6,3.0,Arsenal,Arsenal,1.8000000000000003,3.0,0.6342516925560637,,0.7639707456291492,0.48454973847860594
myles_lewis_skelly,2,3,MID,Arsenal,2,0,0,0,5,0,0,3,2.5999999999999996,0.0,0.0,15.0,1.0,11.08,0.05600000000000001,0.122,0.066,0.278,0.0,0.0,2.78,10.76,78.0,0.0,0.0,0.0,0.0,0.0,1.0,5.800000000000001,3.0,385.2,5815.8,5430.599999999999,55.0,0.0,Aston Villa,1.8000000000000003,3.0,Chelsea,Chelsea,3.6,3.0,2.710295350380301,,1.7281163923988747,4.68370582323465
nathan_collins,2,3,DEF,Brentford,13,0,0,0,3,0,0,2,3.6999999999999997,0.0,0.0,16.8,0.4,9.14,0.022,0.26,0.23800000000000002,1.104,0.6,0.0,5.779999999999999,21.44,90.0,0.0,0.0,0.0,0.0,0.0,1.0,27.2,4.2,9429.6,15053.4,5623.8,55.0,0.6,Leeds,1.8000000000000003,1.8000000000000003,Sunderland,Sunderland,1.0,1.7999999999999998,3.347845350707954,14972.0,2.0,6.695690701415908
nathan_patterson,2,0,DEF,Everton,3,0,0,0,3,0,0,3,0.68,0.0,0.0,0.0,0.0,0.0,0.0,0.0,0.0,0.0,0.0,0.0,0.0,0.0,0.0,0.0,0.0,0.0,0.0,0.0,0.0,0.0,0.0,-97.2,124.19999999999999,221.4,45.0,0.0,Bournemouth,1.4,1.8000000000000003,Man Utd,Man Utd,3.0,1.7999999999999998,0.5427115753726766,,2.0,1.0854231507453531
neco_williams,2,6,DEF,Nott'm Forest,14,0,0,0,3,0,0,4,3.2800000000000002,0.6,0.0,14.8,0.0,17.5,0.098,0.17,0.072,1.238,1.6,0.0,5.039999999999999,26.72,90.0,0.0,0.0,0.0,0.0,0.0,1.0,6.0,4.3999999999999995,-40790.4,8490.0,49280.4,50.0,0.0,Liverpool,1.2,0.6,Spurs,Spurs,0.0,0.0,3.0266627758529006,14971.0,2.0,6.053325551705801
nehemiah_oriola,2,0,MID,Brighton,6,0,0,0,3,0,0,4,0.4,0.0,0.0,0.0,0.0,0.0,0.0,0.0,0.0,0.0,0.0,0.0,0.0,0.0,0.0,0.0,0.0,0.0,0.0,0.0,0.0,0.0,0.0,-643.1999999999999,1024.8,1668.0,45.0,0.0,Chelsea,3.4,1.2000000000000002,Leeds,Leeds,1.0,1.8000000000000003,0.3915495092216865,,1.4413143626859686,0.5643459313438589
nick_pope,2,0,GK,Newcastle,19,0,0,0,3,0,0,3,1.04,0.0,0.0,0.0,0.0,0.0,0.0,0.0,0.0,0.0,0.0,0.0,0.0,0.0,0.0,0.0,0.0,0.0,0.0,0.0,0.0,0.0,0.0,-5758.8,1623.6,7382.4,50.0,0.0,Spurs,2.0,2.1999999999999997,Bournemouth,Bournemouth,1.0,0.6,0.5428132903083267,,2.0,1.0856265806166534
nick_woltemade,2,4,FWD,Newcastle,19,0,0,0,3,0,0,3,2.0,0.6,0.0,10.799999999999999,0.0,6.3,0.006,0.018,0.012,0.22799999999999998,0.0,0.0,2.4,10.92,11.4,0.0,0.0,0.0,0.0,0.0,0.0,6.6,2.4,-14154.6,4315.8,18470.399999999998,60.0,0.0,Spurs,2.0,2.1999999999999997,Bournemouth,Bournemouth,1.0,0.6,1.3593040738871327,,0.8719756310995085,1.1852800276838655
nico_elvedi,2,1,DEF,Leeds,4,1,0,0,2,0,0,3,0.98,0.0,0.0,5.3999999999999995,0.0,0.66,0.0,0.0,0.0,0.792,0.6,0.0,1.38,9.6,33.6,0.0,0.0,0.0,0.0,0.0,0.0,3.5999999999999996,0.6,45.0,212.4,167.4,45.0,0.0,Brentford,1.0,1.8000000000000003,Brighton,Brighton,3.4,1.2000000000000002,1.2646819388620973,,0.5598157112273285,0.7079888190804419
nico_gonzalez_iglesias,2,2,MID,Newcastle,19,0,0,0,3,0,0,3,1.4,0.0,0.0,5.3999999999999995,0.6,17.7,0.12,0.12,0.0,0.444,0.0,0.0,2.22,4.32,42.0,0.0,0.0,0.0,0.0,0.0,0.6,0.0,1.2,387.0,1432.2,1045.2,55.0,0.6,Spurs,2.0,2.1999999999999997,Bournemouth,Bournemouth,1.0,0.6,1.814429419155618,,0.7810309736599298,1.4171255758803332
nico_o'reilly,2,2,DEF,Man City,8,0,0,0,5,0,0,3,2.4400000000000004,0.0,0.0,8.6,0.0,16.84,0.17600000000000002,0.216,0.04000000000000001,0.6160000000000001,1.0,0.0,2.96,5.680000000000001,77.6,0.0,0.0,0.0,0.0,0.0,1.0,7.4,2.0,-23127.6,41270.4,64398.0,65.0,0.0,Crystal Palace,3.2,3.0,Coventry City,Coventry City,0.0,0.0,2.9563281833543935,14972.0,2.0,5.912656366708787
nicolas_dominguez,2,1,MID,Nott'm Forest,14,0,0,0,3,0,0,4,0.9000000000000001,0.0,0.0,1.7999999999999998,0.0,0.0,0.0,0.0,0.0,0.0,0.0,0.0,0.0,0.12,0.6,0.0,0.0,0.0,0.0,0.0,0.0,0.0,0.6,-508.79999999999995,128.4,637.1999999999999,50.0,0.0,Liverpool,1.2,0.6,Spurs,Spurs,0.0,0.0,0.5786115602716906,,1.5454128877977802,0.8941937622726527
nicolas_jackson,2,2,FWD,Aston Villa,1,1,0,0,3,0,0,5,1.44,0.0,0.0,6.6,0.0,3.54,0.06,0.06,0.0,0.606,0.6,0.0,0.72,2.52,42.0,0.0,0.0,0.0,0.0,0.0,0.6,1.2,1.2,-1726.8,16193.4,3105.0,65.0,0.0,Arsenal,0.0,0.0,Hull City,Hull City,1.4,3.0,2.0150453963798443,14969.0,0.5,1.0075226981899221
nicolo_savona,2,0,DEF,Nott'm Forest,14,0,0,0,3,0,0,4,0.0,0.0,0.0,0.0,0.0,0.0,0.0,0.0,0.0,0.0,0.0,0.0,0.0,0.0,0.0,0.0,0.0,0.0,0.0,0.0,0.0,0.0,0.0,39.0,67.8,28.799999999999997,45.0,0.0,Liverpool,1.2,0.6,Spurs,Spurs,0.0,0.0,0.45716434148168505,,2.0,0.9143286829633701
nikola_milenkovic,2,3,DEF,Nott'm Forest,14,0,0,0,3,0,0,4,2.5,0.0,0.0,3.4,0.0,0.24,0.008,0.052000000000000005,0.044000000000000004,1.238,1.6,0.0,1.9000000000000001,13.239999999999998,90.0,0.0,0.0,0.0,0.0,0.0,1.0,5.6000000000000005,2.5999999999999996,-8670.0,1554.6,10224.6,55.0,0.0,Liverpool,1.2,0.6,Spurs,Spurs,0.0,0.0,2.7556651094883793,14972.0,2.0,5.511330218976759
nilson_angulo,2,3,MID,Sunderland,10,1,0,0,2,0,0,3,3.0,0.0,0.0,17.0,0.6,11.34,0.028,0.088,0.06,1.012,0.4,0.4,3.52,17.439999999999998,61.6,0.0,0.0,0.0,0.0,0.0,1.0,6.4,3.8,2378.4,3205.7999999999997,827.4,50.0,0.4,Fulham,1.0,1.7999999999999998,Brentford,Brentford,1.8000000000000003,1.8000000000000003,2.376053251402009,,0.5354852137320407,1.272341383165715
noah_okafor,2,2,MID,Leeds,4,1,0,0,2,0,0,3,1.78,0.0,0.0,10.6,0.0,10.100000000000001,0.07,0.118,0.048,0.496,0.6,0.0,2.5599999999999996,7.84,50.4,0.0,0.0,0.0,0.0,0.0,0.6,7.6,1.6,-4687.8,813.0,5500.8,60.0,0.0,Brentford,1.0,1.8000000000000003,Brighton,Brighton,3.4,1.2000000000000002,2.1238051347827023,,0.9472508144914338,2.011776143744004
noah_sadiki,2,3,MID,Sunderland,10,1,0,0,2,0,0,3,2.1,0.0,0.0,19.8,0.6,17.520000000000003,0.024,0.06,0.036000000000000004,1.29,0.8,0.0,4.800000000000001,16.88,90.0,0.0,0.0,0.0,0.0,0.0,1.0,13.6,2.5999999999999996,-1399.2,699.0,2098.2,50.0,0.0,Fulham,1.0,1.7999999999999998,Brentford,Brentford,1.8000000000000003,1.8000000000000003,2.906063603786718,,0.5354852137320407,1.5561540899926352
nobel_mendy,2,1,DEF,Hull City,7,0,0,0,2,0,0,2,5.2,0.0,0.4,19.4,0.4,0.24,0.0,0.11800000000000002,0.11800000000000002,0.998,0.0,0.4,5.5,37.28,60.0,0.0,0.0,0.0,0.0,0.0,1.0,17.400000000000002,6.6,96072.0,107748.0,11676.0,40.0,0.0,Coventry City,1.4,3.0,Aston Villa,Aston Villa,0.0,0.0,2.656873408808879,50210.0,2.0,5.313746817617758
noni_madueke,2,0,MID,Arsenal,2,0,0,0,5,0,0,3,1.22,0.0,0.0,3.2,0.0,17.240000000000002,0.016,0.016,0.0,0.06,0.0,0.0,2.12,3.7600000000000002,8.8,0.0,0.0,0.0,0.0,0.0,0.0,0.0,0.4,-4091.3999999999996,847.1999999999999,4938.599999999999,64.4,0.0,Aston Villa,1.8000000000000003,3.0,Chelsea,Chelsea,3.6,3.0,1.1870062657740394,,1.7281163923988747,2.0512849857642927
norberto_bercique_gomes_betuncal,2,1,FWD,Everton,3,0,0,0,3,0,0,3,1.32,0.0,0.0,2.4000000000000004,0.0,0.18,0.0,0.044000000000000004,0.044000000000000004,1.084,0.0,0.0,0.44,1.7999999999999998,16.4,0.0,0.0,0.0,0.0,0.0,0.0,2.5999999999999996,1.0,-21061.2,4625.4,25686.6,55.0,0.0,Bournemouth,1.4,1.8000000000000003,Man Utd,Man Utd,3.0,1.7999999999999998,1.1816555956922752,,1.466677233834065,1.7331073604344904
nordi_mukiele,2,9,DEF,Sunderland,10,1,0,0,2,0,0,3,3.6999999999999997,0.0,0.6,16.8,0.6,4.8,0.006,0.006,0.0,0.57,0.0,0.0,3.1799999999999997,25.56,54.0,0.0,0.0,0.0,0.0,0.0,0.6,1.2,5.3999999999999995,-19799.399999999998,3352.7999999999997,23152.2,55.0,0.0,Fulham,1.0,1.7999999999999998,Brentford,Brentford,1.8000000000000003,1.8000000000000003,2.4964213553960413,79641.0,1.4197911637393419,3.5443969813614906
norman_bassette,2,0,FWD,Coventry City,11,1,0,0,2,0,0,2,0.0,0.0,0.0,0.0,0.0,0.0,0.0,0.0,0.0,0.0,0.0,0.0,0.0,0.0,0.0,0.0,0.0,0.0,0.0,0.0,0.0,0.0,0.0,-472.79999999999995,0.0,472.79999999999995,45.0,0.0,Hull City,0.0,0.0,Man City,Man City,3.2,3.0,0.37675769770935674,,0.5,0.18837884885467837
noussair_mazraoui,2,1,DEF,Man Utd,12,1,0,0,4,0,0,2,1.28,0.0,0.0,2.6,0.0,12.54,0.020000000000000004,0.10800000000000001,0.08800000000000001,1.004,1.4,0.0,2.42,7.8,41.8,0.0,0.0,0.0,0.0,0.0,0.4,3.6,1.0,-142.79999999999998,3512.4,3655.2,45.0,0.0,Ipswich Town,3.0,1.7999999999999998,Everton,Everton,1.4,1.8000000000000003,1.5012364471518307,,0.6436531910726833,0.9662756297638935
ola_aina,2,0,DEF,Nott'm Forest,14,0,0,0,3,0,0,4,2.18,0.0,0.0,10.8,0.4,23.54,0.278,0.294,0.016,1.186,1.2,0.0,4.38,13.48,80.2,0.0,0.0,0.0,0.0,0.0,1.0,6.800000000000001,2.0,-3040.2,10662.0,13702.199999999999,45.0,1.0,Liverpool,1.2,0.6,Spurs,Spurs,0.0,0.0,2.5389379415800963,,2.0,5.077875883160193
oli_mcburnie,2,1,FWD,Hull City,7,0,0,0,2,0,0,2,2.52,0.4,0.0,12.600000000000001,1.0,16.42,0.01,0.07400000000000001,0.064,1.5060000000000002,0.0,0.0,4.92,7.359999999999999,90.0,0.0,0.0,0.0,0.0,0.0,1.0,25.6,2.6,40020.0,49584.6,9564.6,55.0,0.6,Coventry City,1.4,3.0,Aston Villa,Aston Villa,0.0,0.0,3.881497359985482,61014.0,0.5,1.940748679992741
oliver_dovin,2,0,GK,Coventry City,11,1,0,0,2,0,0,2,0.4,0.0,0.0,0.0,0.0,0.0,0.0,0.0,0.0,0.0,0.0,0.0,0.0,0.0,0.0,0.0,0.0,0.0,0.0,0.0,0.0,0.0,0.0,-2266.2,1580.3999999999999,3846.6,40.0,0.0,Hull City,0.0,0.0,Man City,Man City,3.2,3.0,0.23533459250148403,,0.5,0.11766729625074202
olivier_boscagli,2,-1,DEF,Brighton,6,0,0,0,3,0,0,4,2.18,0.0,0.0,10.400000000000002,0.4,18.880000000000003,0.082,0.112,0.03,1.874,2.4,0.0,4.4,16.16,90.0,0.0,0.0,0.0,0.0,0.0,1.0,9.0,1.8000000000000003,1526.3999999999999,2461.7999999999997,935.4,45.0,0.6,Chelsea,3.4,1.2000000000000002,Leeds,Leeds,1.0,1.8000000000000003,2.6086408754553467,,1.7259761128146704,4.502451837947878
ollie_watkins,2,0,FWD,Aston Villa,1,1,0,0,3,0,0,5,1.0,0.0,0.0,0.0,0.0,0.0,0.0,0.0,0.0,0.0,0.0,0.0,0.0,0.0,0.0,0.0,0.0,0.0,0.0,0.0,0.0,0.0,0.0,-159496.8,6379.2,165876.0,79.4,0.0,Arsenal,0.0,0.0,Hull City,Hull City,1.4,3.0,0.9514754451951112,,0.5,0.4757377225975556
omar_alderete,2,0,DEF,Sunderland,10,1,0,0,2,0,0,3,1.1800000000000002,0.0,0.0,0.8,0.0,0.24,0.004,0.004,0.0,0.04000000000000001,0.4,0.0,0.0,0.0,9.200000000000001,0.0,0.0,0.0,0.0,0.0,0.0,0.0,0.4,-1600.2,1558.2,3158.4,50.0,0.0,Fulham,1.0,1.7999999999999998,Brentford,Brentford,1.8000000000000003,1.8000000000000003,0.9100861347345366,,1.4197911637393419,1.2921322523377872
omar_marmoush,2,2,FWD,Spurs,17,1,0,0,3,0,0,3,1.48,0.0,0.0,8.4,0.0,21.06,0.042,0.144,0.10200000000000001,0.432,1.2,0.0,4.32,5.52,54.0,0.0,0.0,0.0,0.0,0.0,0.6,16.8,1.2,12268.199999999999,23884.8,11616.6,70.0,0.0,Newcastle,0.0,0.0,Nott'm Forest,Nott'm Forest,1.2,0.6,2.653354296082851,14972.0,0.5542897078515753,1.4707269776024856
omar_richards,2,0,DEF,Nott'm Forest,14,0,0,0,3,0,0,4,0.4,0.0,0.0,0.0,0.0,0.0,0.0,0.0,0.0,0.0,0.0,0.0,0.0,0.0,0.0,0.0,0.0,0.0,0.0,0.0,0.0,0.0,0.0,-907.8,297.0,1204.8,40.0,0.0,Liverpool,1.2,0.6,Spurs,Spurs,0.0,0.0,0.3619862146183612,,2.0,0.7239724292367224
omari_hutchinson,2,0,MID,Nott'm Forest,14,0,0,0,3,0,0,4,0.8,0.0,0.0,0.0,0.0,0.0,0.0,0.0,0.0,0.0,0.0,0.0,0.0,0.0,0.0,0.0,0.0,0.0,0.0,0.0,0.0,0.0,0.0,-1219.2,128.4,1347.6,55.0,0.0,Liverpool,1.2,0.6,Spurs,Spurs,0.0,0.0,0.6342516925560637,,1.5454128877977802,0.9801807397836962
oscar_bobb,2,3,MID,Fulham,20,0,0,0,3,0,0,2,2.3,0.0,0.0,8.8,0.6,12.96,0.11000000000000001,0.11000000000000001,0.0,1.04,1.2000000000000002,0.0,2.7,8.120000000000001,66.6,0.0,0.0,0.0,0.0,0.0,1.0,6.0,2.5999999999999996,913.8,2712.0,1798.2,55.0,0.0,Sunderland,0.8,0.0,Crystal Palace,Crystal Palace,0.6,0.0,2.4920092328594405,,1.0091673238434073,2.514854288517824
oscar_mingueza,2,1,DEF,Crystal Palace,15,1,0,0,3,0,0,5,0.98,0.0,0.0,0.6,0.0,0.06,0.0,0.0,0.0,0.12,0.6,0.0,0.12,1.32,9.0,0.0,0.0,0.0,0.0,0.0,0.0,0.0,0.6,-648.6,119.39999999999999,768.0,45.0,0.0,Man City,0.6,0.0,Fulham,Fulham,0.8,0.0,0.7510496713730261,,0.7797970486568478,0.5856663171313813
oscar_zambrano,2,0,MID,Hull City,7,0,0,0,2,0,0,2,0.0,0.0,0.0,0.0,0.0,0.0,0.0,0.0,0.0,0.0,0.0,0.0,0.0,0.0,0.0,0.0,0.0,0.0,0.0,0.0,0.0,0.0,0.0,-994.8,294.59999999999997,1289.3999999999999,45.0,0.0,Coventry City,1.4,3.0,Aston Villa,Aston Villa,0.0,0.0,0.35084024383649415,,1.1253711500471155,0.39482548868908585
ousmane_diomande,2,0,DEF,Nott'm Forest,14,0,0,0,3,0,0,4,1.0,0.0,0.0,0.0,0.0,0.0,0.0,0.0,0.0,0.0,0.0,0.0,0.0,0.0,0.0,0.0,0.0,0.0,0.0,0.0,0.0,0.0,0.0,-5170.2,2090.4,7260.599999999999,55.0,0.0,Liverpool,1.2,0.6,Spurs,Spurs,0.0,0.0,0.8739691555080163,,2.0,1.7479383110160327
paddy_mcnair,2,0,DEF,Hull City,7,0,0,0,2,0,0,2,0.7,0.0,0.0,1.2000000000000002,0.0,0.0,0.0,0.0,0.0,0.384,0.0,0.0,0.16000000000000003,1.6800000000000002,10.4,0.0,0.0,0.0,0.0,0.0,0.0,0.0,0.4,-26.4,387.59999999999997,414.0,40.0,0.0,Coventry City,1.4,3.0,Aston Villa,Aston Villa,0.0,0.0,0.5904579363891458,,2.0,1.1809158727782916
pape_matar_sarr,2,0,MID,Spurs,17,1,0,0,3,0,0,3,0.0,0.0,0.0,0.0,0.0,0.0,0.0,0.0,0.0,0.0,0.0,0.0,0.0,0.0,0.0,0.0,0.0,0.0,0.0,0.0,0.0,0.0,0.0,-6210.599999999999,67.8,6278.4,49.4,0.0,Newcastle,0.0,0.0,Nott'm Forest,Nott'm Forest,1.2,0.6,0.4397171277341356,,0.5542453299159469,0.24371116453069855
pascal_gross,2,13,MID,Brighton,6,0,0,0,3,0,0,4,5.3,0.6,1.7999999999999998,34.8,0.4,42.68000000000001,0.17400000000000002,0.20400000000000001,0.03,1.874,2.4,0.6,9.68,37.08,90.0,0.0,0.0,0.0,0.0,0.0,1.0,17.0,8.6,-49016.4,14507.4,63523.799999999996,55.0,0.4,Chelsea,3.4,1.2000000000000002,Leeds,Leeds,1.0,1.8000000000000003,3.9889873533011837,61014.0,1.4413143626859686,5.749384764885684
pascal_struijk,2,0,DEF,Brighton,6,0,0,0,3,0,0,4,0.8800000000000001,0.0,0.0,0.0,0.0,0.0,0.0,0.0,0.0,0.0,0.0,0.0,0.0,0.0,0.0,0.0,0.0,0.0,0.0,0.0,0.0,0.0,0.0,-682.8,849.6,1532.3999999999999,50.0,0.0,Chelsea,3.4,1.2000000000000002,Leeds,Leeds,1.0,1.8000000000000003,0.7133725556692283,,1.7259761128146704,1.2312639906226417
patrick_dorgu,2,1,MID,Man Utd,12,1,0,0,4,0,0,2,1.1800000000000002,0.0,0.0,-2.0000000000000004,0.0,7.5,0.018000000000000002,0.314,0.296,0.968,1.4,0.0,3.76,4.2,24.0,0.0,0.0,0.0,0.0,0.0,0.4,29.799999999999997,0.6,-14311.8,2884.7999999999997,17196.6,60.0,0.4,Ipswich Town,3.0,1.7999999999999998,Everton,Everton,1.4,1.8000000000000003,1.9202725710179656,,1.0363820346939674,1.9901359943186152
pau_torres,2,2,DEF,Aston Villa,1,1,0,0,3,0,0,5,1.28,0.0,0.0,-2.000000000000001,0.0,0.76,0.006,0.006,0.0,2.044,2.2,0.0,0.72,6.6,83.2,0.0,0.0,0.0,0.0,0.0,1.0,0.0,1.2,-1937.3999999999999,1098.6,3036.0,45.0,0.0,Arsenal,0.0,0.0,Hull City,Hull City,1.4,3.0,2.03584422992655,,0.5,1.017922114963275
pedro_lomba_neto,2,7,MID,Chelsea,5,1,0,0,4,0,0,3,3.32,0.0,0.0,22.8,0.0,17.0,0.226,0.484,0.25799999999999995,0.844,1.2,0.6,7.0600000000000005,29.200000000000003,45.8,0.0,0.0,0.0,0.0,0.0,0.6,24.400000000000002,4.6000000000000005,-10636.199999999999,3381.0,14017.199999999999,65.0,0.0,Brighton,3.6,3.0,Arsenal,Arsenal,1.8000000000000003,3.0,3.0121266332264973,,0.7639707456291492,2.301176629915466
pedro_porro_sauceda,2,1,DEF,Spurs,17,1,0,0,3,0,0,3,0.3,0.0,0.0,0.6,0.0,4.74,0.06,0.258,0.198,0.432,1.2,0.0,2.28,5.64,54.0,0.0,0.0,0.0,0.0,0.0,0.6,12.6,0.6,-178166.4,12344.4,190510.8,55.0,0.0,Newcastle,0.0,0.0,Nott'm Forest,Nott'm Forest,1.2,0.6,1.9219233585644095,14973.0,1.2120722362551493,2.3295099431261708
pep_chavarria,2,1,DEF,Chelsea,5,1,0,0,4,0,0,3,1.48,0.0,0.0,1.8000000000000003,0.0,0.26,0.012,0.012,0.0,0.166,0.6,0.0,0.62,4.8,20.799999999999997,0.0,0.0,0.0,0.0,0.0,0.0,0.8,1.0,-886.1999999999999,648.6,1534.8,50.0,0.0,Brighton,3.6,3.0,Arsenal,Arsenal,1.8000000000000003,3.0,1.2094519985418644,,0.5,0.6047259992709322
phil_foden,2,9,MID,Man City,8,0,0,0,5,0,0,3,4.0,1.2,0.6,28.8,0.0,47.32,0.43000000000000005,1.0,0.5700000000000001,0.656,1.0,0.0,9.36,29.839999999999996,86.4,0.0,0.0,0.0,0.0,0.0,1.0,16.2,5.8,-15824.4,12088.199999999999,27912.6,70.0,0.4,Crystal Palace,3.2,3.0,Coventry City,Coventry City,0.0,0.0,4.347958712266205,14969.0,1.6191035401041651,7.03979534325696
piero_hincapie,2,0,DEF,Arsenal,2,0,0,0,5,0,0,3,1.3,0.0,0.0,1.2000000000000002,0.0,0.2,0.0,0.0,0.0,0.06,0.0,0.0,0.04000000000000001,0.16000000000000003,3.6,0.0,0.0,0.0,0.0,0.0,0.0,0.0,0.4,-22281.6,2346.0,24627.6,54.4,0.0,Aston Villa,1.8000000000000003,3.0,Chelsea,Chelsea,3.6,3.0,0.9650508750608006,,1.2669970969055286,1.2227166570681745
promise_david,2,1,FWD,Brighton,6,0,0,0,3,0,0,4,1.1,0.0,0.0,1.7999999999999998,0.0,2.22,0.0,0.0,0.0,0.024,0.0,0.0,0.24,0.0,6.0,0.0,0.0,0.0,0.0,0.0,0.0,0.0,0.6,-973.1999999999999,1511.3999999999999,2484.6,60.0,0.0,Chelsea,3.4,1.2000000000000002,Leeds,Leeds,1.0,1.8000000000000003,0.9205631009425932,,0.7021881062813077,0.6464084605633278
raphael_borges_rodrigues,2,0,MID,Coventry City,11,1,0,0,2,0,0,2,0.4,0.0,0.0,0.0,0.0,0.0,0.0,0.0,0.0,0.0,0.0,0.0,0.0,0.0,0.0,0.0,0.0,0.0,0.0,0.0,0.0,0.0,0.0,-715.8,408.0,1123.8,45.0,0.0,Hull City,0.0,0.0,Man City,Man City,3.2,3.0,0.3915495092216865,,0.5,0.19577475461084326
rayan_ait_nouri,2,0,DEF,Man City,8,0,0,0,5,0,0,3,1.0,0.0,0.0,0.0,0.0,0.0,0.0,0.0,0.0,0.0,0.0,0.0,0.0,0.0,0.0,0.0,0.0,0.0,0.0,0.0,0.0,0.0,0.0,-8497.8,1569.6,10067.4,55.0,0.0,Crystal Palace,3.2,3.0,Coventry City,Coventry City,0.0,0.0,0.8739691555080163,,2.0,1.7479383110160327
rayan_cherki,2,14,MID,Man City,8,0,0,0,5,0,0,3,7.64,0.8,2.1999999999999997,47.2,0.0,48.199999999999996,0.53,0.74,0.21,0.43600000000000005,0.6,1.2,13.999999999999998,60.559999999999995,59.400000000000006,0.0,0.0,0.0,0.0,0.0,0.6,31.0,11.600000000000001,97149.59999999999,121990.79999999999,24841.2,75.0,0.6,Crystal Palace,3.2,3.0,Coventry City,Coventry City,0.0,0.0,4.822184954405008,14973.0,1.6191035401041651,7.807616730714191
rayan_vitor_simplicio_rocha,2,2,MID,Bournemouth,9,1,0,0,3,0,0,3,2.12,0.0,0.0,6.0,0.0,6.620000000000001,0.024,0.28,0.256,1.9280000000000002,1.0,0.0,4.76,7.64,89.2,0.0,0.0,0.0,0.0,0.0,1.0,33.2,2.0,900.6,14208.0,13307.4,65.0,0.0,Everton,1.0,0.6,Newcastle,Newcastle,2.0,2.1999999999999997,3.448021009383816,14971.0,0.9908882275887397,3.416603426677067
reece_james,2,1,DEF,Chelsea,5,1,0,0,4,0,0,3,1.3,0.0,0.0,1.4,0.0,6.960000000000001,0.028000000000000004,0.068,0.04000000000000001,0.616,1.4,0.0,2.5400000000000005,9.6,49.2,0.0,0.0,0.0,0.0,0.0,0.4,8.8,0.6,-11275.8,37515.0,48790.799999999996,55.0,0.4,Brighton,3.6,3.0,Arsenal,Arsenal,1.8000000000000003,3.0,1.9559910378560583,50210.0,0.5,0.9779955189280292
regan_slater,2,2,MID,Hull City,7,0,0,0,2,0,0,2,2.8,0.4,0.0,11.6,1.0,9.4,0.18200000000000002,0.18200000000000002,0.0,1.5060000000000002,0.0,0.0,2.42,13.239999999999998,90.0,0.0,0.0,0.0,0.0,0.0,1.0,1.2,3.6000000000000005,41998.2,55422.6,13424.4,45.0,0.6,Coventry City,1.4,3.0,Aston Villa,Aston Villa,0.0,0.0,2.832773857775257,,1.1253711500471155,3.187921974147945
reinildo_mandava,2,6,DEF,Sunderland,10,1,0,0,2,0,0,3,2.7800000000000002,0.0,0.0,19.2,0.6,14.6,0.122,0.122,0.0,1.29,0.8,0.0,3.64,19.04,90.0,0.0,0.0,0.0,0.0,0.0,1.0,2.8,3.9999999999999996,-1561.8,585.0,2146.7999999999997,45.0,0.0,Fulham,1.0,1.7999999999999998,Brentford,Brentford,1.8000000000000003,1.8000000000000003,2.6942777950173773,,1.4197911637393419,3.82531180602479
reiss_nelson,2,0,MID,Arsenal,2,0,0,0,5,0,0,3,0.8,0.0,0.0,0.0,0.0,0.0,0.0,0.0,0.0,0.0,0.0,0.0,0.0,0.0,0.0,0.0,0.0,0.0,0.0,0.0,0.0,0.0,0.0,-64.8,38.4,103.2,55.0,0.0,Aston Villa,1.8000000000000003,3.0,Chelsea,Chelsea,3.6,3.0,0.6342516925560637,,1.7281163923988747,1.0960607468128651
remi_matthews,2,0,GK,Crystal Palace,15,1,0,0,3,0,0,5,0.4,0.0,0.0,0.0,0.0,0.0,0.0,0.0,0.0,0.0,0.0,0.0,0.0,0.0,0.0,0.0,0.0,0.0,0.0,0.0,0.0,0.0,0.0,-174.0,3567.0,3741.0,40.0,0.0,Man City,0.6,0.0,Fulham,Fulham,0.8,0.0,0.2361266061209899,,1.0666666666666667,0.25186837986238925
riccardo_calafiori,2,11,DEF,Arsenal,2,0,0,0,5,0,0,3,7.0,1.0,1.2,30.4,1.0,12.02,0.312,0.39399999999999996,0.082,0.222,0.0,0.0,4.2,23.119999999999997,86.0,0.0,0.0,0.0,0.0,0.0,1.0,7.0,10.2,161083.19999999998,186063.0,24979.8,55.6,0.0,Aston Villa,1.8000000000000003,3.0,Chelsea,Chelsea,3.6,3.0,3.8214864184688704,15210.0,1.2669970969055286,4.841812198063965
richarlison_de_andrade,2,0,FWD,Spurs,17,1,0,0,3,0,0,3,1.4,0.0,0.0,2.4000000000000004,0.0,0.8800000000000001,0.0,0.0,0.0,1.2080000000000002,1.2000000000000002,0.0,0.08000000000000002,0.0,26.8,0.0,0.0,0.0,0.0,0.0,0.4,0.0,0.8,-19048.8,8833.8,27882.6,60.0,0.0,Newcastle,0.0,0.0,Nott'm Forest,Nott'm Forest,1.2,0.6,1.5176501530644904,,0.5542897078515753,0.8412178599630149
rico_henry,2,1,DEF,Brentford,13,0,0,0,3,0,0,2,0.98,0.0,0.0,1.7999999999999998,0.0,0.0,0.0,0.0,0.0,0.0,0.0,0.0,0.0,0.0,1.2,0.0,0.0,0.0,0.0,0.0,0.0,0.0,0.6,-961.1999999999999,326.4,1287.6,45.0,0.0,Leeds,1.8000000000000003,1.8000000000000003,Sunderland,Sunderland,1.0,1.7999999999999998,0.616072125498023,,2.0,1.232144250996046
rico_lewis,2,0,DEF,Man City,8,0,0,0,5,0,0,3,0.98,0.0,0.0,-0.4,0.0,1.52,0.008,0.07600000000000001,0.068,0.22000000000000003,0.4,0.0,1.8800000000000001,1.52,22.400000000000002,0.0,0.0,0.0,0.0,0.0,0.4,15.600000000000001,0.4,658.1999999999999,2172.0,1513.8,45.0,0.0,Crystal Palace,3.2,3.0,Coventry City,Coventry City,0.0,0.0,1.1665002402208815,,2.0,2.333000480441763
rio_cardines,2,0,DEF,Crystal Palace,15,1,0,0,3,0,0,5,0.0,0.0,0.0,0.0,0.0,0.0,0.0,0.0,0.0,0.0,0.0,0.0,0.0,0.0,0.0,0.0,0.0,0.0,0.0,0.0,0.0,0.0,0.0,-39.0,0.0,39.0,45.0,0.0,Man City,0.6,0.0,Fulham,Fulham,0.8,0.0,0.45716434148168505,,0.7797970486568478,0.35649540423856935
rio_ngumoha,2,1,MID,Liverpool,18,1,0,0,4,0,0,3,1.78,0.0,0.0,6.6,0.0,3.1800000000000006,0.026,0.041999999999999996,0.016,0.24600000000000002,0.8,0.0,0.8200000000000001,2.16,36.2,0.0,0.0,0.0,0.0,0.0,0.4,3.2,1.4,-5598.0,3328.2,8926.199999999999,60.0,0.0,Nott'm Forest,2.0,1.0,Ipswich Town,Ipswich Town,2.0,1.2000000000000002,1.6655212838621307,,1.862003468953543,3.101206408167246
robert_lynch_sanchez,2,0,GK,Chelsea,5,1,0,0,4,0,0,3,1.6400000000000001,0.0,0.0,2.4000000000000004,0.0,0.0,0.004,0.004,0.0,0.532,0.8,0.0,0.8400000000000001,8.56,36.0,0.0,0.0,0.0,0.0,1.6,0.4,0.0,0.8,-10960.199999999999,5354.4,16314.599999999999,50.0,0.0,Brighton,3.6,3.0,Arsenal,Arsenal,1.8000000000000003,3.0,1.5747210125381412,,0.5333333333333333,0.8398512066870086
robin_roefs,2,6,GK,Sunderland,10,1,0,0,2,0,0,3,3.14,0.0,0.0,16.0,0.6,0.0,0.0,0.0,0.0,1.29,0.8,0.0,0.8400000000000001,8.48,90.0,0.0,0.0,0.0,0.0,0.4,1.0,0.0,3.9999999999999996,-15340.8,2859.6,18200.399999999998,50.0,0.0,Fulham,1.0,1.7999999999999998,Brentford,Brentford,1.8000000000000003,1.8000000000000003,3.0780183411043724,14974.0,1.5555555555555556,4.788028530606802
rodrigo_'rodri'_hernandez_cascante,2,0,MID,Man City,8,0,0,0,5,0,0,3,0.0,0.0,0.0,0.0,0.0,0.0,0.0,0.0,0.0,0.0,0.0,0.0,0.0,0.0,0.0,0.0,0.0,0.0,0.0,0.0,0.0,0.0,0.0,-477.59999999999997,0.0,477.59999999999997,65.0,0.0,Crystal Palace,3.2,3.0,Coventry City,Coventry City,0.0,0.0,0.7548260797348644,,1.6191035401041651,1.2221415778616678
rodrigo_bentancur,2,2,MID,Spurs,17,1,0,0,3,0,0,3,1.7,0.0,0.0,13.399999999999999,0.0,10.14,0.016,0.016,0.0,1.304,1.6,0.0,2.06,10.040000000000001,72.0,0.0,0.0,0.0,0.0,0.0,0.6,0.0,1.6,-857.4,361.2,1218.6,55.0,0.0,Newcastle,0.0,0.0,Nott'm Forest,Nott'm Forest,1.2,0.6,2.252865320666328,,0.5542453299159469,1.2486400829089044
rodrigo_muniz_carvalho,2,0,FWD,Fulham,20,0,0,0,3,0,0,2,1.02,0.0,0.0,2.4000000000000004,0.0,4.6000000000000005,0.0,0.008,0.008,0.012,0.0,0.0,1.0,2.4000000000000004,3.2,0.0,0.0,0.0,0.0,0.0,0.0,2.8000000000000003,0.4,-2446.7999999999997,1687.2,4134.0,55.0,0.0,Sunderland,0.8,0.0,Crystal Palace,Crystal Palace,0.6,0.0,0.7930475802114912,,2.0,1.5860951604229825
romain_esse,2,0,MID,Crystal Palace,15,1,0,0,3,0,0,5,0.6000000000000001,0.0,0.0,0.0,0.0,0.0,0.0,0.0,0.0,0.0,0.0,0.0,0.0,0.0,0.0,0.0,0.0,0.0,0.0,0.0,0.0,0.0,0.0,-227.4,126.6,354.0,50.0,0.0,Man City,0.6,0.0,Fulham,Fulham,0.8,0.0,0.512900600888875,,0.9928633625211627,0.5092402152376533
romaine_mundle,2,1,MID,Sunderland,10,1,0,0,2,0,0,3,0.9000000000000001,0.0,0.0,1.2,0.0,0.06,0.0,0.10200000000000001,0.10200000000000001,0.054,0.0,0.0,1.5,4.8,0.6,0.0,0.0,0.0,0.0,0.0,0.0,10.2,0.6,-66.0,24.0,90.0,50.0,0.0,Fulham,1.0,1.7999999999999998,Brentford,Brentford,1.8000000000000003,1.8000000000000003,0.7892312673002955,,0.5354852137320407,0.4226216738543081
romeo_lavia,2,7,MID,Chelsea,5,1,0,0,4,0,0,3,3.0,0.0,0.0,22.4,0.0,9.24,0.012,0.42000000000000004,0.40800000000000003,1.1760000000000002,2.0,0.6,7.140000000000001,28.84,65.8,0.0,0.0,0.0,0.0,0.0,1.0,33.0,4.6000000000000005,152.4,703.8,551.4,50.0,0.4,Brighton,3.6,3.0,Arsenal,Arsenal,1.8000000000000003,3.0,2.98628877958273,,0.7639707456291492,2.2814372656017805
ronald_araujo,2,0,DEF,Liverpool,18,1,0,0,4,0,0,3,1.3,0.0,0.0,0.6000000000000002,0.0,1.8599999999999999,0.018000000000000002,0.018000000000000002,0.0,0.258,0.0,0.0,1.04,8.76,15.8,0.0,0.0,0.0,0.0,0.0,0.0,0.0,0.4,-5920.2,14344.199999999999,20264.399999999998,55.0,0.6,Nott'm Forest,2.0,1.0,Ipswich Town,Ipswich Town,2.0,1.2000000000000002,1.2714954924304032,,0.5,0.6357477462152016
ross_barkley,2,2,MID,Aston Villa,1,1,0,0,3,0,0,5,1.8,0.0,0.0,18.2,0.0,22.54,0.02,0.078,0.05800000000000001,2.044,2.2,0.0,3.8,11.44,75.4,0.0,0.0,0.0,0.0,0.0,1.0,4.0,2.0,-504.59999999999997,1125.0,1629.6,50.0,0.0,Arsenal,0.0,0.0,Hull City,Hull City,1.4,3.0,2.44314160096715,,0.5,1.221570800483575
ruben_dos_santos_gato_alves_dias,2,2,DEF,Man City,8,0,0,0,5,0,0,3,2.2,0.0,0.0,15.8,0.0,20.54,0.39799999999999996,0.452,0.054,0.656,1.0,0.0,6.800000000000001,25.96,90.0,0.0,0.0,0.0,0.0,0.0,1.0,21.8,2.0,-1619.3999999999999,5914.8,7534.2,55.0,0.0,Crystal Palace,3.2,3.0,Coventry City,Coventry City,0.0,0.0,3.3362671596276945,79641.0,2.0,6.672534319255389
ryan_christie,2,1,MID,Bournemouth,9,1,0,0,3,0,0,3,0.3,0.0,0.0,3.0,0.0,0.18,0.0,0.0,0.0,0.078,0.6,0.0,0.18,1.68,1.7999999999999998,0.0,0.0,0.0,0.0,0.0,0.0,0.0,0.6,218.4,336.0,117.6,50.0,0.0,Everton,1.0,0.6,Newcastle,Newcastle,2.0,2.1999999999999997,0.546629219550544,,0.9908882275887397,0.5416484585086546
ryan_giles,2,6,DEF,Hull City,7,0,0,0,2,0,0,2,3.9999999999999996,0.0,0.0,22.200000000000003,1.0,16.52,0.07,0.078,0.008,1.4780000000000002,0.0,0.0,3.1000000000000005,11.280000000000001,87.6,0.0,0.0,0.0,0.0,0.0,1.0,2.8,6.0,5220.599999999999,7735.2,2514.6,40.0,0.0,Coventry City,1.4,3.0,Aston Villa,Aston Villa,0.0,0.0,2.632440542081151,,2.0,5.264881084162302
ryan_gravenberch,2,1,MID,Liverpool,18,1,0,0,4,0,0,3,2.6799999999999997,0.4,0.0,14.600000000000001,0.0,13.66,0.026000000000000002,0.05,0.024,0.48200000000000004,0.8,0.0,2.7800000000000002,12.4,42.2,0.0,0.0,0.0,0.0,0.0,0.4,1.6,2.6,-106.8,9003.0,9109.8,60.0,0.0,Nott'm Forest,2.0,1.0,Ipswich Town,Ipswich Town,2.0,1.2000000000000002,1.9939466679484834,14970.0,1.862003468953543,3.7127356126284345
ryan_mcaidoo,2,1,MID,Man City,8,0,0,0,5,0,0,3,1.0,0.0,0.0,3.0,0.0,0.5,0.0,0.1,0.1,0.0,0.0,0.0,0.1,0.0,8.0,0.0,0.0,0.0,0.0,0.0,0.0,1.0,1.0,0.0,0.0,0.0,45.0,0.0,Crystal Palace,3.2,3.0,Coventry City,Coventry City,0.0,0.0,0.6927875735686781,,1.6191035401041651,1.1216948129052215
ryan_sessegnon,2,1,DEF,Fulham,20,0,0,0,3,0,0,2,1.28,0.0,0.0,4.6,0.0,6.8,0.072,0.096,0.024,1.074,0.6,0.0,2.7199999999999998,7.799999999999999,20.0,0.0,0.0,0.0,0.0,0.0,0.0,12.4,1.0,-1233.0,575.4,1808.3999999999999,45.0,0.0,Sunderland,0.8,0.0,Crystal Palace,Crystal Palace,0.6,0.0,1.2633391683040749,,1.715888306938883,2.1677489065908557
ryan_yates,2,0,MID,Nott'm Forest,14,0,0,0,3,0,0,4,0.0,0.0,0.0,0.0,0.0,0.0,0.0,0.0,0.0,0.0,0.0,0.0,0.0,0.0,0.0,0.0,0.0,0.0,0.0,0.0,0.0,0.0,0.0,-21204.0,1045.8,22249.8,45.0,0.0,Liverpool,1.2,0.6,Spurs,Spurs,0.0,0.0,0.35084024383649415,,1.5454128877977802,0.5421930343830338
sam_szmodics,2,0,MID,Ipswich Town,16,0,0,0,2,0,0,4,0.0,0.0,0.0,0.0,0.0,0.0,0.0,0.0,0.0,0.0,0.0,0.0,0.0,0.0,0.0,0.0,0.0,0.0,0.0,0.0,0.0,0.0,0.0,-245.39999999999998,0.0,245.39999999999998,50.0,0.0,Man Utd,2.0,1.2000000000000002,Liverpool,Liverpool,2.0,1.0,0.4518367028110868,,1.2904377628115025,0.5830671439316646
samuel_iling_junior,2,0,MID,Aston Villa,1,1,0,0,3,0,0,5,0.0,0.0,0.0,0.0,0.0,0.0,0.0,0.0,0.0,0.0,0.0,0.0,0.0,0.0,0.0,0.0,0.0,0.0,0.0,0.0,0.0,0.0,0.0,-72.0,0.0,72.0,50.0,0.0,Arsenal,0.0,0.0,Hull City,Hull City,1.4,3.0,0.4518367028110868,,0.5,0.2259183514055434
sander_berge,2,2,MID,Fulham,20,0,0,0,3,0,0,2,1.8,0.0,0.0,14.0,0.0,25.979999999999997,0.132,0.144,0.012,1.9940000000000002,1.8000000000000003,0.0,3.9200000000000004,9.04,78.0,0.0,0.0,0.0,0.0,0.0,1.0,4.0,2.0,-1120.8,879.0,1999.8,50.0,0.0,Sunderland,0.8,0.0,Crystal Palace,Crystal Palace,0.6,0.0,2.59777184281859,,1.0091673238434073,2.621586458572993
sandro_tonali,2,2,MID,Spurs,17,1,0,0,3,0,0,3,2.0,0.0,0.0,15.2,0.0,18.34,0.036000000000000004,0.08200000000000002,0.046,1.98,2.4000000000000004,0.0,2.9400000000000004,5.48,80.4,0.0,0.0,0.0,0.0,0.0,1.0,5.6,2.0,-22858.2,8471.4,31329.6,55.0,0.0,Newcastle,0.0,0.0,Nott'm Forest,Nott'm Forest,1.2,0.6,2.6487392089306914,,0.5542453299159469,1.4680513367150951
sasa_lukic,2,1,MID,Ipswich Town,16,0,0,0,2,0,0,4,2.4,0.4,0.0,15.4,0.0,13.06,0.02,0.032,0.012,2.6100000000000003,2.8,0.0,3.46,19.799999999999997,79.19999999999999,0.0,0.0,0.0,0.0,0.0,1.0,2.0,2.6,-100.2,706.8,807.0,50.0,0.6,Man Utd,2.0,1.2000000000000002,Liverpool,Liverpool,2.0,1.0,2.5204168794308224,,1.2904377628115025,3.252441119245059
savio_moreira_de_oliveira,2,0,MID,Spurs,17,1,0,0,3,0,0,3,0.9199999999999999,0.0,0.0,0.0,0.0,0.0,0.0,0.0,0.0,0.0,0.0,0.0,0.0,0.0,0.0,0.0,0.0,0.0,0.0,0.0,0.0,0.0,0.0,29329.8,33448.2,4118.4,65.0,0.0,Newcastle,0.0,0.0,Nott'm Forest,Nott'm Forest,1.2,0.6,0.8484573901208065,,0.5542453299159469,0.4702535461071296
sean_longstaff,2,0,MID,Leeds,4,1,0,0,2,0,0,3,0.9000000000000001,0.0,0.0,1.2000000000000002,0.0,0.08000000000000002,0.0,0.0,0.0,0.028000000000000004,0.0,0.0,0.0,0.0,3.2,0.0,0.0,0.0,0.0,0.0,0.0,0.0,0.4,-633.6,345.0,978.5999999999999,50.0,0.0,Brentford,1.0,1.8000000000000003,Brighton,Brighton,3.4,1.2000000000000002,0.6192082801535317,,0.9472508144914338,0.5865455477152728
sean_neave,2,0,FWD,Newcastle,19,0,0,0,3,0,0,3,0.4,0.0,0.0,0.0,0.0,0.0,0.0,0.0,0.0,0.0,0.0,0.0,0.0,0.0,0.0,0.0,0.0,0.0,0.0,0.0,0.0,0.0,0.0,-988.1999999999999,3886.7999999999997,4875.0,45.0,0.0,Spurs,2.0,2.1999999999999997,Bournemouth,Bournemouth,1.0,0.6,0.41151770050594205,,0.8719756310995085,0.35883340660728735
sean_steur,2,1,MID,Newcastle,19,0,0,0,3,0,0,3,1.2000000000000002,0.0,0.0,3.6,0.0,0.48,0.0,0.0,0.0,0.82,0.4,0.0,0.38,3.16,33.4,0.0,0.0,0.0,0.0,0.0,0.4,0.0,1.0,-142.79999999999998,457.2,600.0,50.0,0.0,Spurs,2.0,2.1999999999999997,Bournemouth,Bournemouth,1.0,0.6,1.261551532911383,,0.7810309736599298,0.9853108220719543
sebastiaan_bornauw,2,0,DEF,Leeds,4,1,0,0,2,0,0,3,0.0,0.0,0.0,0.0,0.0,0.0,0.0,0.0,0.0,0.0,0.0,0.0,0.0,0.0,0.0,0.0,0.0,0.0,0.0,0.0,0.0,0.0,0.0,-102.0,0.0,102.0,45.0,0.0,Brentford,1.0,1.8000000000000003,Brighton,Brighton,3.4,1.2000000000000002,0.45716434148168505,,0.5598157112273285,0.2559277809743428
semi_ajayi,2,6,DEF,Hull City,7,0,0,0,2,0,0,2,6.4,0.0,0.8,30.0,1.0,0.56,0.0,0.20800000000000002,0.20800000000000002,1.118,0.0,0.4,4.12,27.040000000000003,79.2,0.0,0.0,0.0,0.0,0.0,1.0,14.0,9.2,38287.799999999996,47643.6,9355.8,40.0,0.0,Coventry City,1.4,3.0,Aston Villa,Aston Villa,0.0,0.0,3.047344378025328,,2.0,6.094688756050656
senne_lammens,2,2,GK,Man Utd,12,1,0,0,4,0,0,2,1.94,0.0,0.0,9.4,0.0,0.0,0.0,0.0,0.0,1.6400000000000001,2.0,0.0,2.42,24.28,90.0,0.0,0.0,0.0,0.0,2.5999999999999996,1.0,0.0,1.6,-32337.6,20828.399999999998,53166.0,50.0,0.0,Ipswich Town,3.0,1.7999999999999998,Everton,Everton,1.4,1.8000000000000003,2.9394696527650233,14970.0,0.6666666666666666,1.959646435176682
sepp_van_den_berg,2,0,DEF,Brentford,13,0,0,0,3,0,0,2,0.0,0.0,0.0,0.0,0.0,0.0,0.0,0.0,0.0,0.0,0.0,0.0,0.0,0.0,0.0,0.0,0.0,0.0,0.0,0.0,0.0,0.0,0.0,-2386.7999999999997,87.0,2473.7999999999997,50.0,0.0,Leeds,1.8000000000000003,1.8000000000000003,Sunderland,Sunderland,1.0,1.7999999999999998,0.6026643706338275,,2.0,1.205328741267655
shea_charles,2,1,MID,Fulham,20,0,0,0,3,0,0,2,1.2000000000000002,0.0,0.0,3.2,0.0,2.2,0.018,0.072,0.054,1.074,0.6,0.0,0.74,1.7200000000000002,22.4,0.0,0.0,0.0,0.0,0.0,0.0,3.5999999999999996,1.0,-269.4,215.4,484.79999999999995,50.0,0.0,Sunderland,0.8,0.0,Crystal Palace,Crystal Palace,0.6,0.0,1.173323638671657,,1.0091673238434073,1.1840798764404852
shea_lacey,2,0,MID,Man Utd,12,1,0,0,4,0,0,2,0.9000000000000001,0.0,0.0,1.2000000000000002,0.0,0.24,0.0,0.0,0.0,0.0,0.0,0.0,0.04000000000000001,0.08000000000000002,4.0,0.0,0.0,0.0,0.0,0.0,0.0,0.0,0.4,-157.79999999999998,196.2,354.0,50.0,0.0,Ipswich Town,3.0,1.7999999999999998,Everton,Everton,1.4,1.8000000000000003,0.634283784127359,,1.0363820346939674,0.6573603187673015
shumaira_mheuka,2,0,FWD,Chelsea,5,1,0,0,4,0,0,3,0.4,0.0,0.0,0.0,0.0,0.0,0.0,0.0,0.0,0.0,0.0,0.0,0.0,0.0,0.0,0.0,0.0,0.0,0.0,0.0,0.0,0.0,0.0,-888.0,1757.3999999999999,2645.4,45.0,0.0,Brighton,3.6,3.0,Arsenal,Arsenal,1.8000000000000003,3.0,0.41151770050594205,,1.2925550229128364,0.5319092708064956
sidiki_cherif,2,0,FWD,Coventry City,11,1,0,0,2,0,0,2,0.5599999999999999,0.0,0.0,0.0,0.0,0.0,0.0,0.0,0.0,0.0,0.0,0.0,0.0,0.0,0.0,0.0,0.0,0.0,0.0,0.0,0.0,0.0,0.0,198.0,1034.3999999999999,836.4,50.0,0.0,Hull City,0.0,0.0,Man City,Man City,3.2,3.0,0.4963254429754904,,0.5,0.2481627214877452
simon_adingra,2,0,MID,Sunderland,10,1,0,0,2,0,0,3,0.0,0.0,0.0,0.0,0.0,0.0,0.0,0.0,0.0,0.0,0.0,0.0,0.0,0.0,0.0,0.0,0.0,0.0,0.0,0.0,0.0,0.0,0.0,-2103.6,31.799999999999997,2135.4,50.0,0.0,Fulham,1.0,1.7999999999999998,Brentford,Brentford,1.8000000000000003,1.8000000000000003,0.4518367028110868,,0.5354852137320407,0.24195187337677537
sindre_walle_egeli,2,0,FWD,Ipswich Town,16,0,0,0,2,0,0,4,0.7,0.0,0.0,1.2000000000000002,0.0,0.04000000000000001,0.0,0.0,0.0,0.012,0.0,0.0,0.0,0.0,4.0,0.0,0.0,0.0,0.0,0.0,0.0,0.0,0.4,10362.6,24427.2,14064.6,45.0,0.0,Man Utd,2.0,1.2000000000000002,Liverpool,Liverpool,2.0,1.0,0.5719333433356713,,1.1505413270351472,0.6580329478170717
stefan_bajcetic_maquieira,2,0,MID,Liverpool,18,1,0,0,4,0,0,3,0.0,0.0,0.0,0.0,0.0,0.0,0.0,0.0,0.0,0.0,0.0,0.0,0.0,0.0,0.0,0.0,0.0,0.0,0.0,0.0,0.0,0.0,0.0,-12.6,4.8,17.4,50.0,0.0,Nott'm Forest,2.0,1.0,Ipswich Town,Ipswich Town,2.0,1.2000000000000002,0.4518367028110868,,1.862003468953543,0.8413215080347747
stefanos_tzimas,2,0,FWD,Brighton,6,0,0,0,3,0,0,4,0.0,0.0,0.0,0.0,0.0,0.0,0.0,0.0,0.0,0.0,0.0,0.0,0.0,0.0,0.0,0.0,0.0,0.0,0.0,0.0,0.0,0.0,0.0,-100.8,50.4,151.2,55.0,0.0,Chelsea,3.4,1.2000000000000002,Leeds,Leeds,1.0,1.8000000000000003,0.5185651804111857,,0.7021881062813077,0.36413030201635516
steven_benda,2,0,GK,Nott'm Forest,14,0,0,0,3,0,0,4,0.76,0.0,0.0,0.0,0.0,0.0,0.0,0.0,0.0,0.0,0.0,0.0,0.0,0.0,0.0,0.0,0.0,0.0,0.0,0.0,0.0,0.0,0.0,48.6,375.0,326.4,45.0,0.0,Liverpool,1.2,0.6,Spurs,Spurs,0.0,0.0,0.39045802471667757,,1.8666666666666665,0.7288549794711314
sven_botman,2,5,DEF,Newcastle,19,0,0,0,3,0,0,3,3.2800000000000002,0.0,0.0,14.799999999999999,0.6,1.2000000000000002,0.004,0.01,0.006,1.8639999999999999,0.8,0.0,2.2199999999999998,19.68,90.0,0.0,0.0,0.0,0.0,0.0,1.0,1.2,4.2,3361.7999999999997,5331.0,1969.1999999999998,50.0,0.6,Spurs,2.0,2.1999999999999997,Bournemouth,Bournemouth,1.0,0.6,2.7608198719908446,79641.0,2.0,5.521639743981689
taiwo_awoniyi,2,2,FWD,Coventry City,11,1,0,0,2,0,0,2,1.62,0.0,0.0,5.199999999999999,0.0,14.72,0.018,0.576,0.558,0.548,0.6,0.0,5.98,6.0,62.0,0.0,0.0,0.0,0.0,0.0,0.6,39.0,1.6,-383.4,5192.4,5575.8,55.0,0.0,Hull City,0.0,0.0,Man City,Man City,3.2,3.0,2.594015026852424,,0.5,1.297007513426212
takehiro_tomiyasu,2,1,DEF,Crystal Palace,15,1,0,0,3,0,0,5,1.28,0.0,0.0,-0.5999999999999996,0.0,1.74,0.004,0.004,0.0,1.2619999999999998,1.7999999999999998,0.0,1.16,8.52,51.0,0.0,0.0,0.0,0.0,0.0,0.6,1.2,1.0,-1102.8,497.4,1600.2,45.0,0.0,Man City,0.6,0.0,Fulham,Fulham,0.8,0.0,1.5583118577533426,,0.7797970486568478,1.2151669875630262
tammy_abraham,2,1,FWD,Aston Villa,1,1,0,0,3,0,0,5,0.64,0.0,0.0,1.7999999999999998,0.0,0.78,0.0,0.0,0.0,0.012,0.0,0.0,0.06,0.0,11.4,0.0,0.0,0.0,0.0,0.0,0.0,0.0,0.6,-1251.6,358.2,1609.8,55.0,0.0,Arsenal,0.0,0.0,Hull City,Hull City,1.4,3.0,0.9207065871816803,,0.5,0.46035329359084015
tanaka_ao,2,1,MID,Leeds,4,1,0,0,2,0,0,3,0.9000000000000001,0.0,0.0,3.5999999999999996,0.0,1.08,0.006,0.006,0.0,0.6779999999999999,0.0,0.0,1.32,12.0,27.0,0.0,0.0,0.0,0.0,0.0,0.0,0.0,0.6,-2000.3999999999999,539.4,2539.7999999999997,50.0,0.0,Brentford,1.0,1.8000000000000003,Brighton,Brighton,3.4,1.2000000000000002,1.1201950735061132,,0.9472508144914338,1.0611056957679572
tarik_muharemovic,2,4,DEF,Leeds,4,1,0,0,2,0,0,3,3.88,0.0,0.0,20.2,0.4,0.72,0.006,0.041999999999999996,0.036,1.266,0.6,0.0,4.5600000000000005,37.2,90.0,0.0,0.0,0.0,0.0,0.0,1.0,8.0,4.800000000000001,5818.2,12923.4,7105.2,50.0,0.0,Brentford,1.0,1.8000000000000003,Brighton,Brighton,3.4,1.2000000000000002,3.093643438246076,61014.0,0.5598157112273285,1.731870201665485
tatsuhiro_sakamoto,2,1,MID,Coventry City,11,1,0,0,2,0,0,2,0.9000000000000001,0.0,0.0,4.8,0.0,3.54,0.012,0.024,0.012,0.414,0.6,0.0,1.14,3.7199999999999998,18.599999999999998,0.0,0.0,0.0,0.0,0.0,0.0,4.2,0.6,-790.8,82.2,873.0,50.0,0.0,Hull City,0.0,0.0,Man City,Man City,3.2,3.0,1.0351620792635414,,0.5,0.5175810396317707
thierno_barry,2,2,FWD,Everton,3,0,0,0,3,0,0,3,3.72,0.0,0.8,18.4,0.4,14.620000000000001,0.036,1.104,1.068,0.9960000000000001,0.6,0.4,8.72,21.200000000000003,72.6,0.0,0.0,0.0,0.0,0.0,1.0,51.2,4.4,76702.2,90159.0,13456.8,55.0,0.0,Bournemouth,1.4,1.8000000000000003,Man Utd,Man Utd,3.0,1.7999999999999998,3.3867935512311975,14971.0,1.466677233834065,4.967332997286823
thimothee_lo_tutala,2,0,GK,Hull City,7,0,0,0,2,0,0,2,0.0,0.0,0.0,0.0,0.0,0.0,0.0,0.0,0.0,0.0,0.0,0.0,0.0,0.0,0.0,0.0,0.0,0.0,0.0,0.0,0.0,0.0,0.0,-229.79999999999998,0.0,229.79999999999998,40.0,0.0,Coventry City,1.4,3.0,Aston Villa,Aston Villa,0.0,0.0,0.22598183656096316,,2.0,0.4519636731219263
thomas_meunier,2,6,DEF,Sunderland,10,1,0,0,2,0,0,3,2.7800000000000002,0.0,0.0,18.2,0.6,14.120000000000001,0.062,0.10600000000000001,0.044,1.29,0.8,0.0,4.32,19.080000000000002,90.0,0.0,0.0,0.0,0.0,0.0,1.0,9.8,3.9999999999999996,-424.8,606.0,1030.8,45.0,0.0,Fulham,1.0,1.7999999999999998,Brentford,Brentford,1.8000000000000003,1.8000000000000003,2.7472117443011794,,1.4197911637393419,3.900466959479759
tijjani_reijnders,2,0,MID,Man City,8,0,0,0,5,0,0,3,0.0,0.0,0.0,0.0,0.0,0.0,0.0,0.0,0.0,0.0,0.0,0.0,0.0,0.0,0.0,0.0,0.0,0.0,0.0,0.0,0.0,0.0,0.0,-3374.4,0.0,3374.4,60.0,0.0,Crystal Palace,3.2,3.0,Coventry City,Coventry City,0.0,0.0,0.6538296207602718,,1.6191035401041651,1.0586178535979198
tim_iroegbunam,2,1,MID,Everton,3,0,0,0,3,0,0,3,0.0,0.0,0.0,1.2,0.0,0.0,0.0,0.0,0.0,0.0,0.0,0.0,0.0,0.0,2.4,0.0,0.0,0.0,0.0,0.0,0.0,0.0,0.6,-196.2,12.6,208.79999999999998,50.0,0.0,Bournemouth,1.4,1.8000000000000003,Man Utd,Man Utd,3.0,1.7999999999999998,0.519731966362724,,0.7199556720256638,0.37418397711589463
timothy_castagne,2,6,DEF,Fulham,20,0,0,0,3,0,0,2,4.279999999999999,0.8,0.0,19.2,0.6,11.540000000000001,0.072,0.10800000000000001,0.036,1.052,1.2000000000000002,0.0,3.5600000000000005,15.200000000000001,76.19999999999999,0.0,0.0,0.0,0.0,0.0,1.0,9.200000000000001,6.0,5688.599999999999,7257.599999999999,1569.0,45.0,0.4,Sunderland,0.8,0.0,Crystal Palace,Crystal Palace,0.6,0.0,2.719110959460514,,1.715888306938883,4.665690700607663
tino_livramento,2,0,DEF,Newcastle,19,0,0,0,3,0,0,3,0.0,0.0,0.0,0.0,0.0,0.0,0.0,0.0,0.0,0.0,0.0,0.0,0.0,0.0,0.0,0.0,0.0,0.0,0.0,0.0,0.0,0.0,0.0,-682.1999999999999,54.6,736.8,50.0,0.0,Spurs,2.0,2.1999999999999997,Bournemouth,Bournemouth,1.0,0.6,0.6026643706338275,,2.0,1.205328741267655
toby_collyer,2,0,MID,Man Utd,12,1,0,0,4,0,0,2,0.6000000000000001,0.0,0.0,0.0,0.0,0.0,0.0,0.0,0.0,0.0,0.0,0.0,0.0,0.0,0.0,0.0,0.0,0.0,0.0,0.0,0.0,0.0,0.0,-104.39999999999999,36.0,140.4,50.0,0.0,Ipswich Town,3.0,1.7999999999999998,Everton,Everton,1.4,1.8000000000000003,0.512900600888875,,1.0363820346939674,0.5315609683449708
tom_cairney,2,0,MID,Fulham,20,0,0,0,3,0,0,2,0.0,0.0,0.0,0.0,0.0,0.0,0.0,0.0,0.0,0.0,0.0,0.0,0.0,0.0,0.0,0.0,0.0,0.0,0.0,0.0,0.0,0.0,0.0,-61.8,7.199999999999999,69.0,50.0,0.0,Sunderland,0.8,0.0,Crystal Palace,Crystal Palace,0.6,0.0,0.4518367028110868,,1.0091673238434073,0.45597883619009344
tom_heaton,2,0,GK,Man Utd,12,1,0,0,4,0,0,2,0.0,0.0,0.0,0.0,0.0,0.0,0.0,0.0,0.0,0.0,0.0,0.0,0.0,0.0,0.0,0.0,0.0,0.0,0.0,0.0,0.0,0.0,0.0,-474.0,129.0,603.0,40.0,0.0,Ipswich Town,3.0,1.7999999999999998,Everton,Everton,1.4,1.8000000000000003,0.22809387287964555,,0.6666666666666666,0.15206258191976368
tom_king,2,0,GK,Everton,3,0,0,0,3,0,0,3,0.76,0.0,0.0,0.0,0.0,0.0,0.0,0.0,0.0,0.0,0.0,0.0,0.0,0.0,0.0,0.0,0.0,0.0,0.0,0.0,0.0,0.0,0.0,-81.6,145.79999999999998,227.4,45.0,0.0,Bournemouth,1.4,1.8000000000000003,Man Utd,Man Utd,3.0,1.7999999999999998,0.3907220292565128,,2.0,0.7814440585130256
tom_watson,2,0,MID,Brighton,6,0,0,0,3,0,0,4,0.0,0.0,0.0,0.0,0.0,0.0,0.0,0.0,0.0,0.0,0.0,0.0,0.0,0.0,0.0,0.0,0.0,0.0,0.0,0.0,0.0,0.0,0.0,-33.6,0.0,33.6,50.0,0.0,Chelsea,3.4,1.2000000000000002,Leeds,Leeds,1.0,1.8000000000000003,0.4518367028110868,,1.4413143626859686,0.6512387293502909
tosin_adarabioyo,2,0,DEF,Chelsea,5,1,0,0,4,0,0,3,0.68,0.0,0.0,0.0,0.0,0.0,0.0,0.0,0.0,0.0,0.0,0.0,0.0,0.0,0.0,0.0,0.0,0.0,0.0,0.0,0.0,0.0,0.0,-1114.2,157.79999999999998,1272.0,45.0,0.0,Brighton,3.6,3.0,Arsenal,Arsenal,1.8000000000000003,3.0,0.5427115753726766,,0.5,0.2713557876863383
trai_hume,2,6,DEF,Sunderland,10,1,0,0,2,0,0,3,3.08,0.0,0.0,20.0,0.6,27.22,0.11400000000000002,0.13,0.016,1.246,0.4,0.0,4.880000000000001,14.92,85.6,0.0,0.0,0.0,0.0,0.0,1.0,6.4,4.3999999999999995,-14251.199999999999,8171.4,22422.6,45.0,0.0,Fulham,1.0,1.7999999999999998,Brentford,Brentford,1.8000000000000003,1.8000000000000003,2.743050327003537,61014.0,1.4197911637393419,3.894558615971934
trevoh_chalobah,2,0,DEF,Chelsea,5,1,0,0,4,0,0,3,0.0,0.0,0.0,0.0,0.0,0.0,0.0,0.0,0.0,0.0,0.0,0.0,0.0,0.0,0.0,0.0,0.0,0.0,0.0,0.0,0.0,0.0,0.0,-4834.8,0.0,4834.8,55.0,0.0,Brighton,3.6,3.0,Arsenal,Arsenal,1.8000000000000003,3.0,0.7481643997859699,,0.5,0.37408219989298497
trey_nyoni,2,1,MID,Liverpool,18,1,0,0,4,0,0,3,0.9000000000000001,0.0,0.0,1.7999999999999998,0.0,1.32,0.0,0.0,0.0,0.042,0.0,0.0,0.54,3.84,7.8,0.0,0.0,0.0,0.0,0.0,0.0,0.0,0.6,-320.4,83.39999999999999,403.8,50.0,0.0,Nott'm Forest,2.0,1.0,Ipswich Town,Ipswich Town,2.0,1.2000000000000002,0.7280578181851785,,1.862003468953543,1.35564618305955
triston_rowe,2,0,DEF,Aston Villa,1,1,0,0,3,0,0,5,0.4,0.0,0.0,0.0,0.0,0.0,0.0,0.0,0.0,0.0,0.0,0.0,0.0,0.0,0.0,0.0,0.0,0.0,0.0,0.0,0.0,0.0,0.0,788.4,936.0,147.6,40.0,0.0,Arsenal,0.0,0.0,Hull City,Hull City,1.4,3.0,0.3619862146183612,,0.5,0.1809931073091806
tyler_adams,2,1,MID,Bournemouth,9,1,0,0,3,0,0,3,1.04,0.0,0.0,4.0,0.0,1.02,0.0,0.0,0.0,0.22,1.4,0.0,0.34,2.4000000000000004,18.6,0.0,0.0,0.0,0.0,0.0,0.0,0.0,1.0,106.2,1819.2,1713.0,50.0,0.0,Everton,1.0,0.6,Newcastle,Newcastle,2.0,2.1999999999999997,0.955992784048164,,0.9908882275887397,0.9472819953731101
tyler_bindon,2,0,DEF,Nott'm Forest,14,0,0,0,3,0,0,4,0.4,0.0,0.0,0.0,0.0,0.0,0.0,0.0,0.0,0.0,0.0,0.0,0.0,0.0,0.0,0.0,0.0,0.0,0.0,0.0,0.0,0.0,0.0,-631.1999999999999,219.0,850.1999999999999,40.0,0.0,Liverpool,1.2,0.6,Spurs,Spurs,0.0,0.0,0.3619862146183612,,2.0,0.7239724292367224
tyler_dibling,2,0,MID,Everton,3,0,0,0,3,0,0,3,0.8,0.0,0.0,0.0,0.0,0.0,0.0,0.0,0.0,0.0,0.0,0.0,0.0,0.0,0.0,0.0,0.0,0.0,0.0,0.0,0.0,0.0,0.0,-330.0,120.6,450.59999999999997,55.0,0.0,Bournemouth,1.4,1.8000000000000003,Man Utd,Man Utd,3.0,1.7999999999999998,0.6342516925560637,,0.7199556720256638,0.45663310354761555
tyler_fletcher,2,0,MID,Man Utd,12,1,0,0,4,0,0,2,0.4,0.0,0.0,0.0,0.0,0.0,0.0,0.0,0.0,0.0,0.0,0.0,0.0,0.0,0.0,0.0,0.0,0.0,0.0,0.0,0.0,0.0,0.0,-1593.6,796.8,2390.4,45.0,0.0,Ipswich Town,3.0,1.7999999999999998,Everton,Everton,1.4,1.8000000000000003,0.3915495092216865,,1.0363820346939674,0.4057948770505958
tyler_fredricson,2,0,DEF,Man Utd,12,1,0,0,4,0,0,2,0.0,0.0,0.0,0.0,0.0,0.0,0.0,0.0,0.0,0.0,0.0,0.0,0.0,0.0,0.0,0.0,0.0,0.0,0.0,0.0,0.0,0.0,0.0,-408.0,0.0,408.0,40.0,0.0,Ipswich Town,3.0,1.7999999999999998,Everton,Everton,1.4,1.8000000000000003,0.3116643123295426,,0.6436531910726833,0.20060372917438352
tyrick_mitchell,2,0,DEF,Crystal Palace,15,1,0,0,3,0,0,5,0.98,0.0,0.0,-1.1999999999999997,0.0,18.48,0.1,0.166,0.066,1.774,3.2,0.0,3.48,11.6,90.0,0.0,0.0,0.0,0.0,0.0,1.0,5.0,0.4,-26624.399999999998,3579.0,30203.399999999998,45.0,0.0,Man City,0.6,0.0,Fulham,Fulham,0.8,0.0,2.334214831336249,15210.0,0.7797970486568478,1.8202138364070488
tyrique_george,2,2,MID,Everton,3,0,0,0,3,0,0,3,2.3,0.0,0.0,12.399999999999999,0.4,16.68,0.038,0.14,0.102,1.016,0.6,0.0,4.24,6.4,69.80000000000001,0.0,0.0,0.0,0.0,0.0,1.0,19.6,2.4000000000000004,-125.39999999999999,1363.8,1489.2,55.0,0.0,Bournemouth,1.4,1.8000000000000003,Man Utd,Man Utd,3.0,1.7999999999999998,2.7325342372111248,,0.7199556720256638,1.96730352308447
tyrone_mings,2,0,DEF,Aston Villa,1,1,0,0,3,0,0,5,0.98,0.0,0.0,2.0,0.0,0.0,0.0,0.0,0.0,0.08800000000000001,0.0,0.0,0.08000000000000002,0.8,6.4,0.0,0.0,0.0,0.0,0.0,0.0,0.0,0.4,-152.4,1951.8,2104.2,45.0,0.0,Arsenal,0.0,0.0,Hull City,Hull City,1.4,3.0,0.700203133807218,,0.5,0.350101566903609
valentin_barco,2,1,MID,Chelsea,5,1,0,0,4,0,0,3,1.1,0.0,0.0,0.6,0.0,0.0,0.0,0.024,0.024,0.042,0.6,0.0,0.12,0.0,4.8,0.0,0.0,0.0,0.0,0.0,0.0,2.4,0.6,-679.8,316.8,996.5999999999999,55.0,0.0,Brighton,3.6,3.0,Arsenal,Arsenal,1.8000000000000003,3.0,0.8223460272337845,,0.7639707456291492,0.628248307590963
veljko_milosavljevic,2,0,DEF,Bournemouth,9,1,0,0,3,0,0,3,0.0,0.0,0.0,0.0,0.0,0.0,0.0,0.0,0.0,0.0,0.0,0.0,0.0,0.0,0.0,0.0,0.0,0.0,0.0,0.0,0.0,0.0,0.0,-133.2,44.4,177.6,50.0,0.0,Everton,1.0,0.6,Newcastle,Newcastle,2.0,2.1999999999999997,0.6026643706338275,,0.5,0.30133218531691375
victor_lindelof,2,2,DEF,Aston Villa,1,1,0,0,3,0,0,5,0.68,0.0,0.0,0.7999999999999998,0.0,0.76,0.048,0.048,0.0,2.132,2.2,0.0,1.04,9.72,90.0,0.4,0.0,0.0,0.0,0.0,1.0,0.0,0.3999999999999999,-1341.6,1065.0,2406.6,45.0,0.0,Arsenal,0.0,0.0,Hull City,Hull City,1.4,3.0,2.0978620147659774,,0.5,1.0489310073829887
victor_munoz,2,6,MID,Liverpool,18,1,0,0,4,0,0,3,3.92,0.4,0.0,20.4,0.0,13.64,0.13,0.362,0.232,1.8079999999999998,1.2,0.6,6.36,26.92,64.8,0.0,0.0,0.0,0.0,0.0,0.6,23.0,5.199999999999999,343.8,3891.6,3547.7999999999997,65.0,0.6,Nott'm Forest,2.0,1.0,Ipswich Town,Ipswich Town,2.0,1.2000000000000002,3.3281052021136035,14969.0,1.862003468953543,6.1969434313778615
victor_torp,2,1,MID,Coventry City,11,1,0,0,2,0,0,2,1.4,0.0,0.0,4.4,0.0,8.719999999999999,0.05,0.05,0.0,0.542,0.6,0.0,1.0999999999999999,2.72,22.6,0.0,0.0,0.0,0.0,0.0,0.0,0.0,1.0,-765.0,329.4,1094.3999999999999,55.0,0.0,Hull City,0.0,0.0,Man City,Man City,3.2,3.0,1.2786280829486725,,0.5,0.6393140414743362
viktor_gyokeres,2,0,FWD,Arsenal,2,0,0,0,5,0,0,3,0.96,0.0,0.0,0.0,0.0,0.0,0.0,0.0,0.0,0.0,0.0,0.0,0.0,0.0,0.0,0.0,0.0,0.0,0.0,0.0,0.0,0.0,0.0,-137611.8,5265.599999999999,142877.4,74.4,0.0,Aston Villa,1.8000000000000003,3.0,Chelsea,Chelsea,3.6,3.0,0.8770957035645381,14969.0,1.098420612351919,0.9634199998005971
virgil_van_dijk,2,1,DEF,Liverpool,18,1,0,0,4,0,0,3,2.14,0.0,0.0,6.2,0.0,3.2199999999999998,0.022,0.12200000000000001,0.1,2.012,2.0,0.0,3.9,25.0,90.0,0.0,0.0,0.0,0.0,0.0,1.0,10.8,1.4,-2703.6,44768.4,47472.0,65.0,0.4,Nott'm Forest,2.0,1.0,Ipswich Town,Ipswich Town,2.0,1.2000000000000002,3.16353656366343,61014.0,0.5,1.581768281831715
vitalii_mykolenko,2,4,DEF,Everton,3,0,0,0,3,0,0,3,3.68,0.0,0.0,15.0,0.4,6.12,0.026000000000000002,0.026000000000000002,0.0,2.08,0.6,0.0,3.4399999999999995,27.2,90.0,0.0,0.0,0.0,0.0,0.0,1.0,0.8,4.800000000000001,7628.4,13070.4,5442.0,45.0,0.0,Bournemouth,1.4,1.8000000000000003,Man Utd,Man Utd,3.0,1.7999999999999998,2.7845020531334166,,2.0,5.569004106266833
vitaly_janelt,2,1,MID,Brentford,13,0,0,0,3,0,0,2,3.6,0.0,0.0,20.6,0.4,36.76,0.15200000000000002,0.30800000000000005,0.15600000000000003,1.104,0.6,0.4,8.0,31.119999999999997,90.0,0.0,0.0,0.0,0.0,0.0,1.0,12.000000000000002,4.2,17684.399999999998,20255.399999999998,2571.0,50.0,1.0,Leeds,1.8000000000000003,1.8000000000000003,Sunderland,Sunderland,1.0,1.7999999999999998,3.401032639895135,,1.138219828224887,3.8711227871686744
vitezslav_jaros,2,0,GK,Liverpool,18,1,0,0,4,0,0,3,0.0,0.0,0.0,0.0,0.0,0.0,0.0,0.0,0.0,0.0,0.0,0.0,0.0,0.0,0.0,0.0,0.0,0.0,0.0,0.0,0.0,0.0,0.0,-9.6,97.8,107.39999999999999,40.0,0.0,Nott'm Forest,2.0,1.0,Ipswich Town,Ipswich Town,2.0,1.2000000000000002,0.22677385018046903,,0.5,0.11338692509023451
vitor_de_oliveira_nunes_dos_reis,2,1,DEF,Man City,8,0,0,0,5,0,0,3,0.98,0.0,0.0,1.7999999999999998,0.0,0.54,0.0,0.0,0.0,0.0,0.0,0.0,0.12,0.72,0.6,0.0,0.0,0.0,0.0,0.0,0.0,0.0,0.6,-82.8,61.199999999999996,144.0,45.0,0.0,Crystal Palace,3.2,3.0,Coventry City,Coventry City,0.0,0.0,0.6156460739914285,,2.0,1.231292147982857
walter_benitez,2,0,GK,Crystal Palace,15,1,0,0,3,0,0,5,0.76,0.0,0.0,0.0,0.0,0.0,0.0,0.0,0.0,0.0,0.0,0.0,0.0,0.0,0.0,0.0,0.0,0.0,0.0,0.0,0.0,0.0,0.0,-544.8,280.8,825.6,45.0,0.0,Man City,0.6,0.0,Fulham,Fulham,0.8,0.0,0.38966601109717147,,1.0666666666666667,0.4156437451703162
wellity_lucky,2,0,DEF,Liverpool,18,1,0,0,4,0,0,3,0.4,0.0,0.0,0.0,0.0,0.0,0.0,0.0,0.0,0.0,0.0,0.0,0.0,0.0,0.0,0.0,0.0,0.0,0.0,0.0,0.0,0.0,0.0,-317.4,364.8,682.1999999999999,40.0,0.0,Nott'm Forest,2.0,1.0,Ipswich Town,Ipswich Town,2.0,1.2000000000000002,0.3619862146183612,,0.5,0.1809931073091806
wes_burns,2,0,MID,Ipswich Town,16,0,0,0,2,0,0,4,0.0,0.0,0.0,0.0,0.0,0.0,0.0,0.0,0.0,0.0,0.0,0.0,0.0,0.0,0.0,0.0,0.0,0.0,0.0,0.0,0.0,0.0,0.0,-114.6,0.0,114.6,50.0,0.0,Man Utd,2.0,1.2000000000000002,Liverpool,Liverpool,2.0,1.0,0.4518367028110868,,1.2904377628115025,0.5830671439316646
wesley_fofana,2,0,DEF,Chelsea,5,1,0,0,4,0,0,3,0.0,0.0,0.0,-1.2,0.0,0.54,0.006,0.006,0.0,0.756,1.2,0.0,1.2,11.639999999999999,40.199999999999996,0.0,0.0,0.0,0.0,0.0,0.6,0.0,0.0,331.2,487.79999999999995,156.6,50.0,0.6,Brighton,3.6,3.0,Arsenal,Arsenal,1.8000000000000003,3.0,1.3509137408252183,,0.5,0.6754568704126092
wilfried_gnonto,2,0,MID,Leeds,4,1,0,0,2,0,0,3,0.0,0.0,0.0,0.0,0.0,0.0,0.0,0.0,0.0,0.0,0.0,0.0,0.0,0.0,0.0,0.0,0.0,0.0,0.0,0.0,0.0,0.0,0.0,-406.8,10.799999999999999,417.59999999999997,50.0,0.0,Brentford,1.0,1.8000000000000003,Brighton,Brighton,3.4,1.2000000000000002,0.4518367028110868,,0.9472508144914338,0.42800268475492587
will_dennis,2,0,GK,Bournemouth,9,1,0,0,3,0,0,3,0.4,0.0,0.0,0.0,0.0,0.0,0.0,0.0,0.0,0.0,0.0,0.0,0.0,0.0,0.0,0.0,0.0,0.0,0.0,0.0,0.0,0.0,0.0,-230.39999999999998,679.8,910.1999999999999,40.0,0.0,Everton,1.0,0.6,Newcastle,Newcastle,2.0,2.1999999999999997,0.23665461520066056,,0.6666666666666666,0.15776974346710704
will_hughes,2,0,MID,Crystal Palace,15,1,0,0,3,0,0,5,0.4,0.0,0.0,0.0,0.0,0.0,0.0,0.0,0.0,0.0,0.0,0.0,0.0,0.0,0.0,0.0,0.0,0.0,0.0,0.0,0.0,0.0,0.0,-41998.799999999996,12109.199999999999,54108.0,45.0,0.0,Man City,0.6,0.0,Fulham,Fulham,0.8,0.0,0.3915495092216865,,0.9928633625211627,0.3887551623193547
william_osula,2,0,FWD,Newcastle,19,0,0,0,3,0,0,3,0.8,0.4,0.0,7.2,0.0,5.48,0.05600000000000001,0.08000000000000002,0.024,0.592,0.4,0.0,2.0,11.280000000000001,22.0,0.0,0.0,0.0,0.0,0.0,0.4,3.2,1.6,-3697.7999999999997,12206.4,15904.199999999999,60.0,0.0,Spurs,2.0,2.1999999999999997,Bournemouth,Bournemouth,1.0,0.6,1.4555054800933522,14974.0,0.8719756310995085,1.2691653095731938
william_saliba,2,0,DEF,Arsenal,2,0,0,0,5,0,0,3,0.0,0.0,0.0,0.0,0.0,0.0,0.0,0.0,0.0,0.0,0.0,0.0,0.0,0.0,0.0,0.0,0.0,0.0,0.0,0.0,0.0,0.0,0.0,-3582.0,507.59999999999997,4089.6,60.0,0.0,Aston Villa,1.8000000000000003,3.0,Chelsea,Chelsea,3.6,3.0,0.8936644289381124,14970.0,1.2669970969055286,1.1322702370723254
wilson_isidor,2,8,FWD,Sunderland,10,1,0,0,2,0,0,3,3.42,0.0,1.7999999999999998,18.599999999999998,0.0,0.14,0.0,0.834,0.834,0.262,0.4,0.6,3.24,17.52,24.8,0.0,0.0,0.0,0.0,0.0,0.0,15.0,5.2,-6270.599999999999,1482.0,7752.599999999999,55.0,0.0,Fulham,1.0,1.7999999999999998,Brentford,Brentford,1.8000000000000003,1.8000000000000003,1.9444701764278034,79641.0,1.8436209355809725,3.5848659258751256
wilson_odobert,2,0,MID,Spurs,17,1,0,0,3,0,0,3,0.0,0.0,0.0,0.0,0.0,0.0,0.0,0.0,0.0,0.0,0.0,0.0,0.0,0.0,0.0,0.0,0.0,0.0,0.0,0.0,0.0,0.0,0.0,-1.7999999999999998,9.6,11.4,55.0,0.0,Newcastle,0.0,0.0,Nott'm Forest,Nott'm Forest,1.2,0.6,0.5528331617856792,,0.5542453299159469,0.3064051981423798
xaver_schlager,2,4,MID,Nott'm Forest,14,0,0,0,3,0,0,4,2.1,0.0,0.0,10.2,0.0,0.8200000000000001,0.0,0.03,0.03,1.102,1.6,0.0,1.9,12.959999999999999,60.4,0.0,0.0,0.0,0.0,0.0,0.6,5.0,2.8,-591.6,94.8,686.4,50.0,0.0,Liverpool,1.2,0.6,Spurs,Spurs,0.0,0.0,2.0389979717829747,,1.5454128877977802,3.1510937437869435
xavi_simons,2,0,MID,Spurs,17,1,0,0,3,0,0,3,0.0,0.0,0.0,0.0,0.0,0.0,0.0,0.0,0.0,0.0,0.0,0.0,0.0,0.0,0.0,0.0,0.0,0.0,0.0,0.0,0.0,0.0,0.0,-167.4,46.199999999999996,213.6,60.0,0.0,Newcastle,0.0,0.0,Nott'm Forest,Nott'm Forest,1.2,0.6,0.6538296207602718,,0.5542453299159469,0.3623820138670953
yankuba_minteh,2,0,MID,Brighton,6,0,0,0,3,0,0,4,0.0,0.0,0.0,0.0,0.0,0.0,0.0,0.0,0.0,0.0,0.0,0.0,0.0,0.0,0.0,0.0,0.0,0.0,0.0,0.0,0.0,0.0,0.0,-2028.6,84.0,2112.6,60.0,0.0,Chelsea,3.4,1.2000000000000002,Leeds,Leeds,1.0,1.8000000000000003,0.6538296207602718,,1.4413143626859686,0.9423740231512997
yasin_ayari,2,0,MID,Brighton,6,0,0,0,3,0,0,4,1.4,0.0,0.0,3.2,0.4,6.0,0.012,0.05600000000000001,0.044000000000000004,0.07600000000000001,0.0,0.0,0.68,0.0,25.200000000000003,0.0,0.0,0.0,0.0,0.0,0.4,2.4000000000000004,0.8,-2566.2,2000.3999999999999,4566.599999999999,55.0,0.4,Chelsea,3.4,1.2000000000000002,Leeds,Leeds,1.0,1.8000000000000003,1.3228586192185918,,1.4413143626859686,1.906655127682685
yehor_yarmoliuk,2,1,MID,Brentford,13,0,0,0,3,0,0,2,1.2000000000000002,0.0,0.0,5.2,0.0,7.82,0.006,0.022,0.016,0.8320000000000001,0.6,0.0,1.44,2.6799999999999997,21.8,0.0,0.0,0.0,0.0,0.0,0.0,3.6,1.0,-7460.4,447.0,7907.4,50.0,0.0,Leeds,1.8000000000000003,1.8000000000000003,Sunderland,Sunderland,1.0,1.7999999999999998,1.1698712724720803,,1.138219828224887,1.3315706787984012
yeremy_pino_santos,2,5,MID,Crystal Palace,15,1,0,0,3,0,0,5,2.5999999999999996,0.6,0.0,17.8,0.0,23.04,0.05,0.104,0.054,1.3139999999999998,1.7999999999999998,0.0,3.8000000000000003,7.28,54.199999999999996,0.0,0.0,0.0,0.0,0.0,0.6,7.8,3.4,-1286.3999999999999,188.4,1474.8,55.0,0.0,Man City,0.6,0.0,Fulham,Fulham,0.8,0.0,2.3525336871860913,,0.9928633625211627,2.335744507103892
yoane_wissa,2,8,FWD,Newcastle,19,0,0,0,3,0,0,3,4.3999999999999995,0.4,1.2,25.0,0.6,12.700000000000001,0.008,0.618,0.61,1.32,0.4,0.6,8.08,29.36,84.6,0.0,0.0,0.0,0.0,0.0,1.0,38.8,6.4,80921.4,95374.2,14452.8,60.0,0.4,Spurs,2.0,2.1999999999999997,Bournemouth,Bournemouth,1.0,0.6,4.145304851447778,14971.0,0.8719756310995085,3.614604813941031
youri_tielemans,2,4,MID,Man Utd,12,1,0,0,4,0,0,2,2.6799999999999997,0.0,0.0,20.8,0.0,32.3,0.11,0.408,0.298,1.612,2.0,0.0,6.8,21.92,80.4,0.0,0.0,0.0,0.0,0.0,1.0,13.6,3.2,-13843.8,7578.599999999999,21422.399999999998,60.0,0.0,Ipswich Town,3.0,1.7999999999999998,Everton,Everton,1.4,1.8000000000000003,3.2706297803585236,14974.0,1.0363820346939674,3.38962194649865
zach_abbott,2,0,DEF,Nott'm Forest,14,0,0,0,3,0,0,4,0.4,0.0,0.0,0.0,0.0,0.0,0.0,0.0,0.0,0.0,0.0,0.0,0.0,0.0,0.0,0.0,0.0,0.0,0.0,0.0,0.0,0.0,0.0,-736.1999999999999,597.6,1333.8,40.0,0.0,Liverpool,1.2,0.6,Spurs,Spurs,0.0,0.0,0.361986214618361,,2.0,0.723972429236722
zadok_yohanna,2,0,MID,Brighton,6,0,0,0,3,0,0,4,0.9000000000000001,0.0,0.0,1.2000000000000002,0.0,0.52,0.012,0.012,0.0,0.0,0.0,0.0,0.08000000000000002,0.08000000000000002,4.800000000000001,0.0,0.0,0.0,0.0,0.0,0.0,0.0,0.4,-303.59999999999997,223.79999999999998,527.4,50.0,0.0,Chelsea,3.4,1.2000000000000002,Leeds,Leeds,1.0,1.8000000000000003,0.6623852141998148,,1.4413143626859686,0.9547053228570148
zavier_gozo,2,1,MID,Crystal Palace,15,1,0,0,3,0,0,5,0.9000000000000001,0.0,0.0,1.7999999999999998,0.0,0.78,0.0,0.0,0.0,0.12,0.6,0.0,0.18,0.84,13.2,0.0,0.0,0.0,0.0,0.0,0.0,0.0,0.6,-43.199999999999996,60.599999999999994,103.8,50.0,0.0,Man City,0.6,0.0,Fulham,Fulham,0.8,0.0,0.8194208678660595,,0.9928633625211627,0.8135729581895051
zion_suzuki,2,2,GK,Aston Villa,1,1,0,0,3,0,0,5,1.6400000000000001,0.0,0.0,4.8,0.0,0.0,0.0,0.0,0.0,0.624,0.6,0.0,0.84,8.16,54.0,0.0,0.0,0.0,0.0,0.6,0.6,0.0,1.2,-1525.2,2537.4,4062.6,50.0,0.0,Arsenal,0.0,0.0,Hull City,Hull City,1.4,3.0,1.9898138039803506,14971.0,0.5,0.9949069019901753
