full_name,position,team,owner,total_predicted_points,avg_predicted_points,total_predicted_points_adj,avg_predicted_points_adj,n_gws_with_fixture,gw3_predicted_points,gw3_predicted_points_adj,gw4_predicted_points,gw4_predicted_points_adj,gw5_predicted_points,gw5_predicted_points_adj,gw6_predicted_points,gw6_predicted_points_adj,gw7_predicted_points,gw7_predicted_points_adj,gw8_predicted_points,gw8_predicted_points_adj,gw9_predicted_points,gw9_predicted_points_adj,gw10_predicted_points,gw10_predicted_points_adj,gw11_predicted_points,gw11_predicted_points_adj,gw12_predicted_points,gw12_predicted_points_adj,gw13_predicted_points,gw13_predicted_points_adj,gw14_predicted_points,gw14_predicted_points_adj,gw15_predicted_points,gw15_predicted_points_adj,gw16_predicted_points,gw16_predicted_points_adj,gw17_predicted_points,gw17_predicted_points_adj,gw18_predicted_points,gw18_predicted_points_adj,gw19_predicted_points,gw19_predicted_points_adj,gw20_predicted_points,gw20_predicted_points_adj,gw21_predicted_points,gw21_predicted_points_adj,gw22_predicted_points,gw22_predicted_points_adj,gw23_predicted_points,gw23_predicted_points_adj,gw24_predicted_points,gw24_predicted_points_adj,gw25_predicted_points,gw25_predicted_points_adj,gw26_predicted_points,gw26_predicted_points_adj,gw27_predicted_points,gw27_predicted_points_adj,gw28_predicted_points,gw28_predicted_points_adj,gw29_predicted_points,gw29_predicted_points_adj,gw30_predicted_points,gw30_predicted_points_adj,gw31_predicted_points,gw31_predicted_points_adj,gw32_predicted_points,gw32_predicted_points_adj,gw33_predicted_points,gw33_predicted_points_adj,gw34_predicted_points,gw34_predicted_points_adj,gw35_predicted_points,gw35_predicted_points_adj,gw36_predicted_points,gw36_predicted_points_adj,gw37_predicted_points,gw37_predicted_points_adj,gw38_predicted_points,gw38_predicted_points_adj
bruno_borges_fernandes,MID,Man Utd,14969.0,259.87003730944866,7.218612147484685,332.62366565171976,9.239546268103327,36,7.218612147484683,7.481239945076766,7.218612147484683,7.414618694014062,7.218612147484683,12.571121497046427,7.218612147484683,11.82150669476764,7.218612147484683,7.1557236176540355,7.218612147484683,6.712695400656153,7.218612147484683,11.645834988622152,7.218612147484683,12.178972012994748,7.218612147484683,12.093676883535805,7.218612147484683,4.336934786026503,7.218612147484683,8.829900930290119,7.218612147484683,10.671667638720947,7.218612147484683,13.764934122292237,7.218612147484683,4.060154567232637,7.218612147484683,10.323228032277152,7.218612147484683,7.5012302266778095,7.218612147484683,8.67013556952714,7.218612147484683,8.829900930290119,7.218612147484683,12.178972012994748,7.218612147484683,12.093676883535805,7.218612147484683,4.336934786026503,7.218612147484683,11.645834988622152,7.218612147484683,8.67013556952714,7.218612147484683,10.323228032277152,7.218612147484683,4.060154567232637,7.218612147484683,7.5012302266778095,7.218612147484683,7.481239945076766,7.218612147484683,7.414618694014062,7.218612147484683,4.719111102510906,7.218612147484683,13.437403334384257,7.218612147484683,13.764934122292237,7.218612147484683,10.671667638720947,7.218612147484683,6.712695400656153,7.218612147484683,7.1557236176540355,7.218612147484683,11.82150669476764,7.218612147484683,12.571121497046427
erling_haaland,FWD,Man City,14974.0,199.99518291592798,5.555421747664666,300.82698485833635,8.356305134953788,36,5.555421747664666,6.409356824274899,5.555421747664666,10.071846438146268,5.555421747664666,10.987468841614113,5.555421747664666,5.9922584154356455,5.555421747664666,11.0183325181355,5.555421747664666,6.093624961010126,5.555421747664666,11.110843495329332,5.555421747664666,8.240601631210586,5.555421747664666,11.110843495329332,5.555421747664666,5.38551621325738,5.555421747664666,5.45710283396755,5.555421747664666,11.110843495329332,5.555421747664666,11.110843495329332,5.555421747664666,5.609247724737069,5.555421747664666,4.185702415852995,5.555421747664666,7.844517782519438,5.555421747664666,10.814632253094338,5.555421747664666,5.45710283396755,5.555421747664666,8.240601631210586,5.555421747664666,11.110843495329332,5.555421747664666,5.38551621325738,5.555421747664666,11.110843495329332,5.555421747664666,10.814632253094338,5.555421747664666,4.185702415852995,5.555421747664666,5.609247724737069,5.555421747664666,7.844517782519438,5.555421747664666,6.409356824274899,5.555421747664666,10.071846438146268,5.555421747664666,4.608975693860601,5.555421747664666,11.110843495329332,5.555421747664666,11.110843495329332,5.555421747664666,11.110843495329332,5.555421747664666,5.9922584154356455,5.555421747664666,11.0183325181355,5.555421747664666,6.093624961010126,5.555421747664666,10.987468841614113
joao_pedro_junqueira_de_jesus,FWD,Chelsea,61014.0,178.8356162572679,4.9676560071463305,298.8858877697207,8.30238577138113,36,4.96765600714633,6.420968724140113,4.96765600714633,6.687716233743615,4.96765600714633,9.93531201429266,4.96765600714633,5.495125742588971,4.96765600714633,9.35275307750913,4.96765600714633,9.93531201429266,4.96765600714633,9.93531201429266,4.96765600714633,9.93531201429266,4.96765600714633,6.506319029374617,4.96765600714633,9.82499044601287,4.96765600714633,9.93531201429266,4.96765600714633,7.144366918395323,4.96765600714633,8.566166219370162,4.96765600714633,7.265222820231739,4.96765600714633,7.641659235787788,4.96765600714633,9.93531201429266,4.96765600714633,4.99047133765733,4.96765600714633,9.93531201429266,4.96765600714633,9.93531201429266,4.96765600714633,6.506319029374617,4.96765600714633,9.82499044601287,4.96765600714633,9.93531201429266,4.96765600714633,4.99047133765733,4.96765600714633,9.93531201429266,4.96765600714633,7.265222820231739,4.96765600714633,7.641659235787788,4.96765600714633,6.420968724140113,4.96765600714633,6.687716233743615,4.96765600714633,9.93531201429266,4.96765600714633,9.93531201429266,4.96765600714633,8.566166219370162,4.96765600714633,7.144366918395323,4.96765600714633,9.93531201429266,4.96765600714633,9.35275307750913,4.96765600714633,5.495125742588971,4.96765600714633,9.93531201429266
cole_palmer,MID,Chelsea,15210.0,192.50059732194578,5.3472388144984935,298.70188622823986,8.297274617451107,36,5.34723881449849,4.085134024169539,5.34723881449849,4.748144685004781,5.34723881449849,4.3636170893555475,5.34723881449849,6.753994194314032,5.34723881449849,7.527267087134576,5.34723881449849,10.69447762899698,5.34723881449849,6.518612906327431,5.34723881449849,7.547380355772232,5.34723881449849,7.199748072142082,5.34723881449849,10.386740055233917,5.34723881449849,10.69447762899698,5.34723881449849,10.69447762899698,5.34723881449849,7.460235959392438,5.34723881449849,10.69447762899698,5.34723881449849,10.69447762899698,5.34723881449849,10.69447762899698,5.34723881449849,8.88422549512944,5.34723881449849,10.69447762899698,5.34723881449849,7.547380355772232,5.34723881449849,7.199748072142082,5.34723881449849,10.386740055233917,5.34723881449849,6.518612906327431,5.34723881449849,8.88422549512944,5.34723881449849,10.69447762899698,5.34723881449849,10.69447762899698,5.34723881449849,10.69447762899698,5.34723881449849,4.085134024169539,5.34723881449849,4.748144685004781,5.34723881449849,10.69447762899698,5.34723881449849,8.723477203326992,5.34723881449849,7.460235959392438,5.34723881449849,10.69447762899698,5.34723881449849,10.69447762899698,5.34723881449849,7.527267087134576,5.34723881449849,6.753994194314032,5.34723881449849,4.3636170893555475
morgan_rogers,MID,Chelsea,14970.0,177.29657244418303,4.924904790116195,275.10990276206155,7.641941743390599,36,4.924904790116197,3.76248318465764,4.924904790116197,4.373128134831205,4.924904790116197,4.018971183282672,4.924904790116197,6.220552235259355,4.924904790116197,6.932750718632325,4.924904790116197,9.849809580232394,4.924904790116197,6.0037617620966826,4.924904790116197,6.951275407073377,4.924904790116197,6.631099712992333,4.924904790116197,9.566377643918813,4.924904790116197,9.849809580232394,4.924904790116197,9.849809580232394,4.924904790116197,6.871013823468965,4.924904790116197,9.849809580232394,4.924904790116197,9.849809580232394,4.924904790116197,9.849809580232394,4.924904790116197,8.182534241560528,4.924904790116197,9.849809580232394,4.924904790116197,6.951275407073377,4.924904790116197,6.631099712992333,4.924904790116197,9.566377643918813,4.924904790116197,6.0037617620966826,4.924904790116197,8.182534241560528,4.924904790116197,9.849809580232394,4.924904790116197,9.849809580232394,4.924904790116197,9.849809580232394,4.924904790116197,3.76248318465764,4.924904790116197,4.373128134831205,4.924904790116197,9.849809580232394,4.924904790116197,8.034482123492724,4.924904790116197,6.871013823468965,4.924904790116197,9.849809580232394,4.924904790116197,9.849809580232394,4.924904790116197,6.932750718632325,4.924904790116197,6.220552235259355,4.924904790116197,4.018971183282672
gabriel_dos_santos_magalhaes,DEF,Arsenal,14972.0,143.1063723121686,3.97517700867135,259.07792002631084,7.196608889619745,36,3.9751770086713476,5.036537729672201,3.9751770086713476,7.950354017342695,3.9751770086713476,3.555738854358198,3.9751770086713476,7.950354017342695,3.9751770086713476,7.950354017342695,3.9751770086713476,7.950354017342695,3.9751770086713476,7.950354017342695,3.9751770086713476,7.950354017342695,3.9751770086713476,4.82279068931096,3.9751770086713476,4.818936497016262,3.9751770086713476,7.950354017342695,3.9751770086713476,7.950354017342695,3.9751770086713476,7.950354017342695,3.9751770086713476,7.950354017342695,3.9751770086713476,7.950354017342695,3.9751770086713476,7.950354017342695,3.9751770086713476,7.950354017342695,3.9751770086713476,7.950354017342695,3.9751770086713476,7.950354017342695,3.9751770086713476,4.82279068931096,3.9751770086713476,4.818936497016262,3.9751770086713476,7.950354017342695,3.9751770086713476,7.950354017342695,3.9751770086713476,7.950354017342695,3.9751770086713476,7.950354017342695,3.9751770086713476,7.950354017342695,3.9751770086713476,5.036537729672201,3.9751770086713476,7.950354017342695,3.9751770086713476,7.950354017342695,3.9751770086713476,7.950354017342695,3.9751770086713476,7.950354017342695,3.9751770086713476,7.950354017342695,3.9751770086713476,7.950354017342695,3.9751770086713476,7.950354017342695,3.9751770086713476,7.950354017342695,3.9751770086713476,3.555738854358198
bukayo_saka,MID,Arsenal,50210.0,185.9514447107634,5.165317908632317,254.618466191312,7.072735171980889,36,5.165317908632315,8.926270549858977,5.165317908632315,5.749524231240038,5.165317908632315,6.645463882423714,5.165317908632315,5.484701187471714,5.165317908632315,7.91252206939405,5.165317908632315,5.734202130067118,5.165317908632315,9.269531288265998,5.165317908632315,3.617092505347221,5.165317908632315,6.767920437583516,5.165317908632315,5.683138439748926,5.165317908632315,3.324162955682365,5.165317908632315,9.060918960946886,5.165317908632315,5.145130024905155,5.165317908632315,4.965818746678078,5.165317908632315,10.33063581726463,5.165317908632315,9.635481844574961,5.165317908632315,10.299467386192298,5.165317908632315,3.324162955682365,5.165317908632315,3.617092505347221,5.165317908632315,6.767920437583516,5.165317908632315,5.683138439748926,5.165317908632315,9.269531288265998,5.165317908632315,10.299467386192298,5.165317908632315,9.635481844574961,5.165317908632315,4.965818746678078,5.165317908632315,10.33063581726463,5.165317908632315,8.926270549858977,5.165317908632315,5.749524231240038,5.165317908632315,8.179593189708084,5.165317908632315,9.33490808631265,5.165317908632315,5.145130024905155,5.165317908632315,9.060918960946886,5.165317908632315,5.484701187471714,5.165317908632315,7.91252206939405,5.165317908632315,5.734202130067118,5.165317908632315,6.645463882423714
riccardo_calafiori,DEF,Arsenal,15210.0,137.57351106487928,3.821486418468869,249.06129979772297,6.918369438825638,36,3.8214864184688704,4.841812198063965,3.8214864184688704,7.642972836937741,3.8214864184688704,3.4182648244118314,3.8214864184688704,7.642972836937741,3.8214864184688704,7.642972836937741,3.8214864184688704,7.642972836937741,3.8214864184688704,7.642972836937741,3.8214864184688704,7.642972836937741,3.8214864184688704,4.636329169271389,3.8214864184688704,4.632623989985982,3.8214864184688704,7.642972836937741,3.8214864184688704,7.642972836937741,3.8214864184688704,7.642972836937741,3.8214864184688704,7.642972836937741,3.8214864184688704,7.642972836937741,3.8214864184688704,7.642972836937741,3.8214864184688704,7.642972836937741,3.8214864184688704,7.642972836937741,3.8214864184688704,7.642972836937741,3.8214864184688704,4.636329169271389,3.8214864184688704,4.632623989985982,3.8214864184688704,7.642972836937741,3.8214864184688704,7.642972836937741,3.8214864184688704,7.642972836937741,3.8214864184688704,7.642972836937741,3.8214864184688704,7.642972836937741,3.8214864184688704,4.841812198063965,3.8214864184688704,7.642972836937741,3.8214864184688704,7.642972836937741,3.8214864184688704,7.642972836937741,3.8214864184688704,7.642972836937741,3.8214864184688704,7.642972836937741,3.8214864184688704,7.642972836937741,3.8214864184688704,7.642972836937741,3.8214864184688704,7.642972836937741,3.8214864184688704,3.4182648244118314
james_tarkowski,DEF,Everton,14973.0,142.63877583841506,3.9621882177337517,243.2220149175055,6.75616708104182,36,3.9621882177337513,7.924376435467503,3.9621882177337513,7.924376435467503,3.9621882177337513,6.6214978230285615,3.9621882177337513,7.888402462658354,3.9621882177337513,3.9022190645396906,3.9621882177337513,5.805587426465227,3.9621882177337513,3.736611692838167,3.9621882177337513,7.924376435467503,3.9621882177337513,7.924376435467503,3.9621882177337513,7.924376435467503,3.9621882177337513,7.924376435467503,3.9621882177337513,7.924376435467503,3.9621882177337513,2.7549226652778676,3.9621882177337513,7.924376435467503,3.9621882177337513,7.924376435467503,3.9621882177337513,3.733625533802335,3.9621882177337513,7.924376435467503,3.9621882177337513,7.924376435467503,3.9621882177337513,7.924376435467503,3.9621882177337513,7.924376435467503,3.9621882177337513,7.924376435467503,3.9621882177337513,3.736611692838167,3.9621882177337513,7.924376435467503,3.9621882177337513,7.924376435467503,3.9621882177337513,7.924376435467503,3.9621882177337513,3.733625533802335,3.9621882177337513,7.924376435467503,3.9621882177337513,7.924376435467503,3.9621882177337513,7.924376435467503,3.9621882177337513,7.924376435467503,3.9621882177337513,2.7549226652778676,3.9621882177337513,7.924376435467503,3.9621882177337513,7.888402462658354,3.9621882177337513,3.9022190645396906,3.9621882177337513,5.805587426465227,3.9621882177337513,6.6214978230285615
benjamin_white,DEF,Arsenal,14971.0,132.29876599102977,3.674965721973049,239.51196974119017,6.653110270588616,36,3.674965721973047,4.65617090096718,3.674965721973047,7.349931443946094,3.674965721973047,3.287204161613332,3.674965721973047,7.349931443946094,3.674965721973047,7.349931443946094,3.674965721973047,7.349931443946094,3.674965721973047,7.349931443946094,3.674965721973047,7.349931443946094,3.674965721973047,4.458566355361475,3.674965721973047,4.45500323740773,3.674965721973047,7.349931443946094,3.674965721973047,7.349931443946094,3.674965721973047,7.349931443946094,3.674965721973047,7.349931443946094,3.674965721973047,7.349931443946094,3.674965721973047,7.349931443946094,3.674965721973047,7.349931443946094,3.674965721973047,7.349931443946094,3.674965721973047,7.349931443946094,3.674965721973047,4.458566355361475,3.674965721973047,4.45500323740773,3.674965721973047,7.349931443946094,3.674965721973047,7.349931443946094,3.674965721973047,7.349931443946094,3.674965721973047,7.349931443946094,3.674965721973047,7.349931443946094,3.674965721973047,4.65617090096718,3.674965721973047,7.349931443946094,3.674965721973047,7.349931443946094,3.674965721973047,7.349931443946094,3.674965721973047,7.349931443946094,3.674965721973047,7.349931443946094,3.674965721973047,7.349931443946094,3.674965721973047,7.349931443946094,3.674965721973047,7.349931443946094,3.674965721973047,3.287204161613332
rayan_cherki,MID,Man City,14973.0,173.5986583585802,4.822184954405006,239.48712255122,6.6524200708672225,36,4.822184954405008,7.807616730714191,4.822184954405008,4.739992396815228,4.822184954405008,5.4880579682078805,4.822184954405008,8.847988633861037,4.822184954405008,9.644369908810017,4.822184954405008,8.910392346416304,4.822184954405008,6.343253727710139,4.822184954405008,7.552690978431287,4.822184954405008,9.19729716544511,4.822184954405008,2.9704945657594135,4.822184954405008,5.235278058590149,4.822184954405008,3.172992801287739,4.822184954405008,8.520338074471834,4.822184954405008,3.452601040944646,4.822184954405008,6.460141429418128,4.822184954405008,5.473432657303922,4.822184954405008,8.648863193361219,4.822184954405008,5.235278058590149,4.822184954405008,7.552690978431287,4.822184954405008,6.343253727710139,4.822184954405008,2.9704945657594135,4.822184954405008,9.19729716544511,4.822184954405008,8.648863193361219,4.822184954405008,6.460141429418128,4.822184954405008,3.452601040944646,4.822184954405008,5.473432657303922,4.822184954405008,7.807616730714191,4.822184954405008,4.739992396815228,4.822184954405008,4.911149287313524,4.822184954405008,9.644369908810017,4.822184954405008,8.520338074471834,4.822184954405008,3.172992801287739,4.822184954405008,8.847988633861037,4.822184954405008,9.644369908810017,4.822184954405008,8.910392346416304,4.822184954405008,5.4880579682078805
bryan_mbeumo,MID,Man Utd,79641.0,186.7180148252747,5.186611522924298,238.99188678085028,6.638663521690286,36,5.1866115229243,5.375311003295463,5.1866115229243,5.327443277287514,5.1866115229243,9.032418182403909,5.1866115229243,8.49381592869943,5.1866115229243,5.141425777130621,5.1866115229243,4.823107628390286,5.1866115229243,8.367594866155788,5.1866115229243,8.750656676017952,5.1866115229243,8.68937166828205,5.1866115229243,3.1161108916503153,5.1866115229243,6.344331150591147,5.1866115229243,7.667650403283545,5.1866115229243,9.890178953007156,5.1866115229243,2.9172428207824286,5.1866115229243,7.417294678263144,5.1866115229243,5.3896741277825715,5.1866115229243,6.22953888246989,5.1866115229243,6.344331150591147,5.1866115229243,8.750656676017952,5.1866115229243,8.68937166828205,5.1866115229243,3.1161108916503153,5.1866115229243,8.367594866155788,5.1866115229243,6.22953888246989,5.1866115229243,7.417294678263144,5.1866115229243,2.9172428207824286,5.1866115229243,5.3896741277825715,5.1866115229243,5.375311003295463,5.1866115229243,5.327443277287514,5.1866115229243,3.3907066236785925,5.1866115229243,9.654846326185263,5.1866115229243,9.890178953007156,5.1866115229243,7.667650403283545,5.1866115229243,4.823107628390286,5.1866115229243,5.141425777130621,5.1866115229243,8.49381592869943,5.1866115229243,9.032418182403909
konstantinos_tzolakis,GK,Hull City,,118.99514554072451,3.3054207094645696,235.0521393397027,6.52922609276952,36,3.305420709464568,6.610841418929136,3.305420709464568,5.876303483492565,3.305420709464568,6.610841418929136,3.305420709464568,6.610841418929136,3.305420709464568,6.610841418929136,3.305420709464568,6.610841418929136,3.305420709464568,6.610841418929136,3.305420709464568,6.610841418929136,3.305420709464568,6.610841418929136,3.305420709464568,6.610841418929136,3.305420709464568,6.610841418929136,3.305420709464568,6.610841418929136,3.305420709464568,6.610841418929136,3.305420709464568,6.610841418929136,3.305420709464568,5.876303483492565,3.305420709464568,6.610841418929136,3.305420709464568,6.610841418929136,3.305420709464568,6.610841418929136,3.305420709464568,6.610841418929136,3.305420709464568,6.610841418929136,3.305420709464568,6.610841418929136,3.305420709464568,6.610841418929136,3.305420709464568,6.610841418929136,3.305420709464568,5.876303483492565,3.305420709464568,6.610841418929136,3.305420709464568,6.610841418929136,3.305420709464568,6.610841418929136,3.305420709464568,5.876303483492565,3.305420709464568,6.610841418929136,3.305420709464568,6.610841418929136,3.305420709464568,6.610841418929136,3.305420709464568,6.610841418929136,3.305420709464568,6.610841418929136,3.305420709464568,6.610841418929136,3.305420709464568,6.610841418929136,3.305420709464568,6.610841418929136
yoane_wissa,FWD,Newcastle,14971.0,149.23097465211995,4.145304851447777,234.00042985984643,6.50001194055129,36,4.145304851447778,3.614604813941031,4.145304851447778,4.279751399015934,4.145304851447778,4.399071545426034,4.145304851447778,5.026559819386747,4.145304851447778,4.778946035180502,4.145304851447778,8.290609702895557,4.145304851447778,6.152089666584902,4.145304851447778,8.290609702895557,4.145304851447778,4.223609349020438,4.145304851447778,8.290609702895557,4.145304851447778,7.898879716179173,4.145304851447778,8.290609702895557,4.145304851447778,8.290609702895557,4.145304851447778,8.290609702895557,4.145304851447778,5.634685556615924,4.145304851447778,6.462719767782961,4.145304851447778,8.290609702895557,4.145304851447778,7.898879716179173,4.145304851447778,8.290609702895557,4.145304851447778,4.223609349020438,4.145304851447778,8.290609702895557,4.145304851447778,6.152089666584902,4.145304851447778,8.290609702895557,4.145304851447778,5.634685556615924,4.145304851447778,8.290609702895557,4.145304851447778,6.462719767782961,4.145304851447778,3.614604813941031,4.145304851447778,4.279751399015934,4.145304851447778,4.699448978145867,4.145304851447778,8.290609702895557,4.145304851447778,8.290609702895557,4.145304851447778,8.290609702895557,4.145304851447778,5.026559819386747,4.145304851447778,4.778946035180502,4.145304851447778,8.290609702895557,4.145304851447778,4.399071545426034
diego_gomez_amarilla,MID,Brighton,14972.0,144.00210981680016,4.000058606022226,232.24348105007445,6.451207806946512,36,4.000058606022228,5.765341920445452,4.000058606022228,8.000117212044456,4.000058606022228,3.2712525777551793,4.000058606022228,6.04371540763287,4.000058606022228,8.000117212044456,4.000058606022228,8.000117212044456,4.000058606022228,5.973932793498865,4.000058606022228,3.4942534485861145,4.000058606022228,3.802171593019888,4.000058606022228,7.114220826135207,4.000058606022228,5.408395608950616,4.000058606022228,8.000117212044456,4.000058606022228,6.027609306464894,4.000058606022228,8.000117212044456,4.000058606022228,8.000117212044456,4.000058606022228,8.000117212044456,4.000058606022228,5.219909346192557,4.000058606022228,5.408395608950616,4.000058606022228,3.4942534485861145,4.000058606022228,5.973932793498865,4.000058606022228,7.114220826135207,4.000058606022228,3.802171593019888,4.000058606022228,5.219909346192557,4.000058606022228,8.000117212044456,4.000058606022228,8.000117212044456,4.000058606022228,8.000117212044456,4.000058606022228,5.765341920445452,4.000058606022228,8.000117212044456,4.000058606022228,8.000117212044456,4.000058606022228,8.000117212044456,4.000058606022228,6.027609306464894,4.000058606022228,8.000117212044456,4.000058606022228,6.04371540763287,4.000058606022228,8.000117212044456,4.000058606022228,8.000117212044456,4.000058606022228,3.2712525777551793
pascal_gross,MID,Brighton,61014.0,143.6035447188426,3.9889873533011837,231.60068390014047,6.433352330559457,36,3.9889873533011837,5.749384764885684,3.9889873533011837,7.977974706602367,3.9889873533011837,3.2621984944104576,3.9889873533011837,6.026987777554842,3.9889873533011837,7.977974706602367,3.9889873533011837,7.977974706602367,3.9889873533011837,5.957398305830163,3.9889873533011837,3.484582149535037,3.9889873533011837,3.7916480465569125,3.9889873533011837,7.094530280461481,3.9889873533011837,5.393426399621549,3.9889873533011837,7.977974706602367,3.9889873533011837,6.010926254412826,3.9889873533011837,7.977974706602367,3.9889873533011837,7.977974706602367,3.9889873533011837,7.977974706602367,3.9889873533011837,5.20546182398235,3.9889873533011837,5.393426399621549,3.9889873533011837,3.484582149535037,3.9889873533011837,5.957398305830163,3.9889873533011837,7.094530280461481,3.9889873533011837,3.7916480465569125,3.9889873533011837,5.20546182398235,3.9889873533011837,7.977974706602367,3.9889873533011837,7.977974706602367,3.9889873533011837,7.977974706602367,3.9889873533011837,5.749384764885684,3.9889873533011837,7.977974706602367,3.9889873533011837,7.977974706602367,3.9889873533011837,7.977974706602367,3.9889873533011837,6.010926254412826,3.9889873533011837,7.977974706602367,3.9889873533011837,6.026987777554842,3.9889873533011837,7.977974706602367,3.9889873533011837,7.977974706602367,3.9889873533011837,3.2621984944104576
david_raya_martin,GK,Arsenal,14972.0,126.47992020812242,3.5133311168922896,225.7900797789445,6.271946660526236,36,3.5133311168922914,3.7475531913517774,3.5133311168922914,7.026662233784583,3.5133311168922914,5.6213297870276655,3.5133311168922914,7.026662233784583,3.5133311168922914,7.026662233784583,3.5133311168922914,7.026662233784583,3.5133311168922914,3.7475531913517774,3.5133311168922914,5.6213297870276655,3.5133311168922914,5.6213297870276655,3.5133311168922914,5.6213297870276655,3.5133311168922914,7.026662233784583,3.5133311168922914,7.026662233784583,3.5133311168922914,7.026662233784583,3.5133311168922914,7.026662233784583,3.5133311168922914,7.026662233784583,3.5133311168922914,7.026662233784583,3.5133311168922914,5.6213297870276655,3.5133311168922914,7.026662233784583,3.5133311168922914,5.6213297870276655,3.5133311168922914,5.6213297870276655,3.5133311168922914,5.6213297870276655,3.5133311168922914,3.7475531913517774,3.5133311168922914,5.6213297870276655,3.5133311168922914,7.026662233784583,3.5133311168922914,7.026662233784583,3.5133311168922914,7.026662233784583,3.5133311168922914,3.7475531913517774,3.5133311168922914,7.026662233784583,3.5133311168922914,7.026662233784583,3.5133311168922914,7.026662233784583,3.5133311168922914,7.026662233784583,3.5133311168922914,7.026662233784583,3.5133311168922914,7.026662233784583,3.5133311168922914,7.026662233784583,3.5133311168922914,7.026662233784583,3.5133311168922914,5.6213297870276655
antoine_semenyo,MID,Man City,14970.0,161.2366165067475,4.478794902965209,222.4331322730351,6.1786981186954195,36,4.478794902965212,7.251632682791465,4.478794902965212,4.402455315936616,4.478794902965212,5.0972507872668045,4.478794902965212,8.217919214946521,4.478794902965212,8.957589805930423,4.478794902965212,8.275879129873328,4.478794902965212,5.89154765578432,4.478794902965212,7.014860312848198,4.478794902965212,8.542353322226434,4.478794902965212,2.7589642550429057,4.478794902965212,4.862471453526464,4.478794902965212,2.9470424962798427,4.478794902965212,7.913600805507344,4.478794902965212,3.2067397020990556,4.478794902965212,6.00011172945197,4.478794902965212,5.083666951609259,4.478794902965212,8.03297359042281,4.478794902965212,4.862471453526464,4.478794902965212,7.014860312848198,4.478794902965212,5.89154765578432,4.478794902965212,2.7589642550429057,4.478794902965212,8.542353322226434,4.478794902965212,8.03297359042281,4.478794902965212,6.00011172945197,4.478794902965212,3.2067397020990556,4.478794902965212,5.083666951609259,4.478794902965212,7.251632682791465,4.478794902965212,4.402455315936616,4.478794902965212,4.561424044017211,4.478794902965212,8.957589805930423,4.478794902965212,7.913600805507344,4.478794902965212,2.9470424962798427,4.478794902965212,8.217919214946521,4.478794902965212,8.957589805930423,4.478794902965212,8.275879129873328,4.478794902965212,5.0972507872668045
phil_foden,MID,Man City,14969.0,156.5265136415834,4.347958712266205,215.9353344630518,5.998203735084772,36,4.347958712266205,7.03979534325696,4.347958712266205,4.273849185104773,4.347958712266205,4.948348037645032,4.347958712266205,7.977854360705501,4.347958712266205,8.69591742453241,4.347958712266205,8.034121129452016,4.347958712266205,5.7194416162570025,4.347958712266205,6.809939654165866,4.347958712266205,8.292810980480631,4.347958712266205,2.6783683846748403,4.347958712266205,4.720427163456188,4.347958712266205,2.860952415712396,4.347958712266205,7.682425811666995,4.347958712266205,3.1130632520101855,4.347958712266205,5.824834276597367,4.347958712266205,4.93516101795049,4.347958712266205,7.798311435238875,4.347958712266205,4.720427163456188,4.347958712266205,6.809939654165866,4.347958712266205,5.7194416162570025,4.347958712266205,2.6783683846748403,4.347958712266205,8.292810980480631,4.347958712266205,7.798311435238875,4.347958712266205,5.824834276597367,4.347958712266205,3.1130632520101855,4.347958712266205,4.93516101795049,4.347958712266205,7.03979534325696,4.347958712266205,4.273849185104773,4.347958712266205,4.4281740607043,4.347958712266205,8.69591742453241,4.347958712266205,7.682425811666995,4.347958712266205,2.860952415712396,4.347958712266205,7.977854360705501,4.347958712266205,8.69591742453241,4.347958712266205,8.034121129452016,4.347958712266205,4.948348037645032
lewis_hall,DEF,Newcastle,14973.0,126.0431921969346,3.5011997832481834,212.27961107405903,5.896655863168307,36,3.5011997832481856,7.002399566496371,3.5011997832481856,7.002399566496371,3.5011997832481856,6.0492332670021565,3.5011997832481856,7.002399566496371,3.5011997832481856,7.002399566496371,3.5011997832481856,7.002399566496371,3.5011997832481856,6.163953924073102,3.5011997832481856,7.002399566496371,3.5011997832481856,4.452023430714744,3.5011997832481856,2.1126165803159385,3.5011997832481856,7.002399566496371,3.5011997832481856,7.002399566496371,3.5011997832481856,5.0777055427960995,3.5011997832481856,6.637149085589502,3.5011997832481856,2.8631363438313384,3.5011997832481856,7.002399566496371,3.5011997832481856,2.992422545893863,3.5011997832481856,7.002399566496371,3.5011997832481856,7.002399566496371,3.5011997832481856,4.452023430714744,3.5011997832481856,2.1126165803159385,3.5011997832481856,6.163953924073102,3.5011997832481856,2.992422545893863,3.5011997832481856,2.8631363438313384,3.5011997832481856,6.637149085589502,3.5011997832481856,7.002399566496371,3.5011997832481856,7.002399566496371,3.5011997832481856,7.002399566496371,3.5011997832481856,6.537537870194554,3.5011997832481856,7.002399566496371,3.5011997832481856,5.0777055427960995,3.5011997832481856,7.002399566496371,3.5011997832481856,7.002399566496371,3.5011997832481856,7.002399566496371,3.5011997832481856,7.002399566496371,3.5011997832481856,6.0492332670021565
kevin_schade,MID,Brentford,14973.0,147.36064171633117,4.093351158786977,207.70392697654728,5.769553527126313,36,4.0933511587869775,4.659133452818656,4.0933511587869775,4.16936192526788,4.0933511587869775,7.233413419111416,4.0933511587869775,7.56455330818674,4.0933511587869775,7.511575146069902,4.0933511587869775,2.931114995921704,4.0933511587869775,6.41192119329997,4.0933511587869775,5.385159160799062,4.0933511587869775,4.646717170832343,4.0933511587869775,4.024056828488548,4.0933511587869775,2.5218266065919717,4.0933511587869775,4.605337651724802,4.0933511587869775,7.808123592585268,4.0933511587869775,5.484391968543732,4.0933511587869775,8.186702317573955,4.0933511587869775,6.628342577207853,4.0933511587869775,8.186702317573955,4.0933511587869775,2.5218266065919717,4.0933511587869775,5.385159160799062,4.0933511587869775,4.646717170832343,4.0933511587869775,4.024056828488548,4.0933511587869775,6.41192119329997,4.0933511587869775,8.186702317573955,4.0933511587869775,6.628342577207853,4.0933511587869775,5.484391968543732,4.0933511587869775,8.186702317573955,4.0933511587869775,4.659133452818656,4.0933511587869775,4.16936192526788,4.0933511587869775,7.342525911073774,4.0933511587869775,4.4445338002779895,4.0933511587869775,7.808123592585268,4.0933511587869775,4.605337651724802,4.0933511587869775,7.56455330818674,4.0933511587869775,7.511575146069902,4.0933511587869775,2.931114995921704,4.0933511587869775,7.233413419111416
nathan_collins,DEF,Brentford,14972.0,120.5224326254864,3.3478453507079555,205.6130124328898,5.711472567580272,36,3.347845350707954,6.695690701415908,3.347845350707954,6.695690701415908,3.347845350707954,3.303004324597082,3.347845350707954,6.695690701415908,3.347845350707954,6.695690701415908,3.347845350707954,6.677079635301393,3.347845350707954,6.695690701415908,3.347845350707954,2.3318838145281586,3.347845350707954,6.695690701415908,3.347845350707954,6.695690701415908,3.347845350707954,4.914096328085849,3.347845350707954,3.1602995835473213,3.347845350707954,6.695690701415908,3.347845350707954,3.16282719566908,3.347845350707954,5.604717619140996,3.347845350707954,6.695690701415908,3.347845350707954,6.695690701415908,3.347845350707954,4.914096328085849,3.347845350707954,2.3318838145281586,3.347845350707954,6.695690701415908,3.347845350707954,6.695690701415908,3.347845350707954,6.695690701415908,3.347845350707954,6.695690701415908,3.347845350707954,6.695690701415908,3.347845350707954,3.16282719566908,3.347845350707954,5.604717619140996,3.347845350707954,6.695690701415908,3.347845350707954,6.695690701415908,3.347845350707954,6.695690701415908,3.347845350707954,6.695690701415908,3.347845350707954,6.695690701415908,3.347845350707954,3.1602995835473213,3.347845350707954,6.695690701415908,3.347845350707954,6.695690701415908,3.347845350707954,6.677079635301393,3.347845350707954,3.303004324597082
james_trafford,GK,Leeds,50210.0,114.58008040404357,3.1827800112234326,202.00043804564723,5.611123279045756,36,3.1827800112234343,5.092448017957494,3.1827800112234343,5.092448017957494,3.1827800112234343,6.365560022446869,3.1827800112234343,5.092448017957494,3.1827800112234343,6.365560022446869,3.1827800112234343,6.365560022446869,3.1827800112234343,6.365560022446869,3.1827800112234343,6.365560022446869,3.1827800112234343,3.3949653453049966,3.1827800112234343,6.365560022446869,3.1827800112234343,5.092448017957494,3.1827800112234343,5.092448017957494,3.1827800112234343,3.3949653453049966,3.1827800112234343,6.365560022446869,3.1827800112234343,6.365560022446869,3.1827800112234343,5.092448017957494,3.1827800112234343,6.365560022446869,3.1827800112234343,5.092448017957494,3.1827800112234343,6.365560022446869,3.1827800112234343,3.3949653453049966,3.1827800112234343,6.365560022446869,3.1827800112234343,6.365560022446869,3.1827800112234343,6.365560022446869,3.1827800112234343,6.365560022446869,3.1827800112234343,6.365560022446869,3.1827800112234343,5.092448017957494,3.1827800112234343,5.092448017957494,3.1827800112234343,5.092448017957494,3.1827800112234343,6.365560022446869,3.1827800112234343,6.365560022446869,3.1827800112234343,3.3949653453049966,3.1827800112234343,5.092448017957494,3.1827800112234343,5.092448017957494,3.1827800112234343,6.365560022446869,3.1827800112234343,6.365560022446869,3.1827800112234343,6.365560022446869
jarrad_branthwaite,DEF,Everton,61014.0,118.34254988547562,3.2872930523743227,201.79304866039718,5.60536246278881,36,3.2872930523743205,6.574586104748641,3.2872930523743205,6.574586104748641,3.2872930523743205,5.493631951286608,3.2872930523743205,6.5447397207852225,3.2872930523743205,3.237538681855203,3.2872930523743205,4.81669879450772,3.2872930523743205,3.100139867740368,3.2872930523743205,6.574586104748641,3.2872930523743205,6.574586104748641,3.2872930523743205,6.574586104748641,3.2872930523743205,6.574586104748641,3.2872930523743205,6.574586104748641,3.2872930523743205,2.285665808823279,3.2872930523743205,6.574586104748641,3.2872930523743205,6.574586104748641,3.2872930523743205,3.097662352965113,3.2872930523743205,6.574586104748641,3.2872930523743205,6.574586104748641,3.2872930523743205,6.574586104748641,3.2872930523743205,6.574586104748641,3.2872930523743205,6.574586104748641,3.2872930523743205,3.100139867740368,3.2872930523743205,6.574586104748641,3.2872930523743205,6.574586104748641,3.2872930523743205,6.574586104748641,3.2872930523743205,3.097662352965113,3.2872930523743205,6.574586104748641,3.2872930523743205,6.574586104748641,3.2872930523743205,6.574586104748641,3.2872930523743205,6.574586104748641,3.2872930523743205,2.285665808823279,3.2872930523743205,6.574586104748641,3.2872930523743205,6.5447397207852225,3.2872930523743205,3.237538681855203,3.2872930523743205,4.81669879450772,3.2872930523743205,5.493631951286608
jordan_pickford,GK,Everton,14973.0,122.30929684699989,3.397480467972219,200.82884544013575,5.5785790400037705,36,3.397480467972222,6.794960935944444,3.397480467972222,6.794960935944444,3.397480467972222,4.529973957296296,3.397480467972222,4.529973957296296,3.397480467972222,3.019982638197531,3.397480467972222,4.529973957296296,3.397480467972222,4.529973957296296,3.397480467972222,6.794960935944444,3.397480467972222,6.794960935944444,3.397480467972222,3.019982638197531,3.397480467972222,6.794960935944444,3.397480467972222,6.794960935944444,3.397480467972222,4.529973957296296,3.397480467972222,6.794960935944444,3.397480467972222,6.794960935944444,3.397480467972222,4.529973957296296,3.397480467972222,6.039965276395062,3.397480467972222,6.794960935944444,3.397480467972222,6.794960935944444,3.397480467972222,6.794960935944444,3.397480467972222,3.019982638197531,3.397480467972222,4.529973957296296,3.397480467972222,6.039965276395062,3.397480467972222,6.794960935944444,3.397480467972222,6.794960935944444,3.397480467972222,4.529973957296296,3.397480467972222,6.794960935944444,3.397480467972222,6.794960935944444,3.397480467972222,6.794960935944444,3.397480467972222,6.794960935944444,3.397480467972222,4.529973957296296,3.397480467972222,6.794960935944444,3.397480467972222,4.529973957296296,3.397480467972222,3.019982638197531,3.397480467972222,4.529973957296296,3.397480467972222,4.529973957296296
michael_kayode,DEF,Brentford,79641.0,115.75623395556775,3.2154509432102154,197.4818085978258,5.48560579438405,36,3.215450943210217,6.430901886420434,3.215450943210217,6.430901886420434,3.215450943210217,3.1723832072192977,3.215450943210217,6.430901886420434,3.215450943210217,6.430901886420434,3.215450943210217,6.413026816390866,3.215450943210217,6.430901886420434,3.215450943210217,2.239666778304328,3.215450943210217,6.430901886420434,3.215450943210217,6.430901886420434,3.215450943210217,4.719762718378892,3.215450943210217,3.035321889822426,3.215450943210217,6.430901886420434,3.215450943210217,3.0377495446061995,3.215450943210217,5.3830725935661485,3.215450943210217,6.430901886420434,3.215450943210217,6.430901886420434,3.215450943210217,4.719762718378892,3.215450943210217,2.239666778304328,3.215450943210217,6.430901886420434,3.215450943210217,6.430901886420434,3.215450943210217,6.430901886420434,3.215450943210217,6.430901886420434,3.215450943210217,6.430901886420434,3.215450943210217,3.0377495446061995,3.215450943210217,5.3830725935661485,3.215450943210217,6.430901886420434,3.215450943210217,6.430901886420434,3.215450943210217,6.430901886420434,3.215450943210217,6.430901886420434,3.215450943210217,6.430901886420434,3.215450943210217,3.035321889822426,3.215450943210217,6.430901886420434,3.215450943210217,6.430901886420434,3.215450943210217,6.413026816390866,3.215450943210217,3.1723832072192977
semi_ajayi,DEF,Hull City,,109.70439760891183,3.0473443780253286,195.99540340158683,5.444316761155189,36,3.047344378025328,6.094688756050656,3.047344378025328,3.67391184629663,3.047344378025328,3.5179936688018856,3.047344378025328,6.094688756050656,3.047344378025328,6.094688756050656,3.047344378025328,6.094688756050656,3.047344378025328,6.094688756050656,3.047344378025328,5.465919792823671,3.047344378025328,2.5937403431730113,3.047344378025328,6.094688756050656,3.047344378025328,6.094688756050656,3.047344378025328,6.094688756050656,3.047344378025328,6.094688756050656,3.047344378025328,3.5151822210396713,3.047344378025328,6.094688756050656,3.047344378025328,6.094688756050656,3.047344378025328,6.094688756050656,3.047344378025328,6.094688756050656,3.047344378025328,5.465919792823671,3.047344378025328,6.094688756050656,3.047344378025328,6.094688756050656,3.047344378025328,2.5937403431730113,3.047344378025328,6.094688756050656,3.047344378025328,6.094688756050656,3.047344378025328,3.5151822210396713,3.047344378025328,6.094688756050656,3.047344378025328,6.094688756050656,3.047344378025328,3.67391184629663,3.047344378025328,6.094688756050656,3.047344378025328,6.094688756050656,3.047344378025328,6.094688756050656,3.047344378025328,6.094688756050656,3.047344378025328,6.094688756050656,3.047344378025328,6.094688756050656,3.047344378025328,6.094688756050656,3.047344378025328,3.5179936688018856
matheus_santos_carneiro_da_cunha,MID,Man Utd,14973.0,150.00515567290824,4.166809879803007,192.00083727684708,5.33335659102353,36,4.166809879803007,4.318406901413166,4.166809879803007,4.2799510207727804,4.166809879803007,7.256446555637329,4.166809879803007,6.823745324380543,4.166809879803007,4.13050864321199,4.166809879803007,3.87477882785385,4.166809879803007,6.722342092593954,4.166809879803007,7.030085544528629,4.166809879803007,6.9808505141838495,4.166809879803007,2.503415108785621,4.166809879803007,5.0968964230658855,4.166809879803007,6.160022071069559,4.166809879803007,7.945552735589265,4.166809879803007,2.343648864715259,4.166809879803007,5.958891775525063,4.166809879803007,4.329945920434198,4.166809879803007,5.004674833918803,4.166809879803007,5.0968964230658855,4.166809879803007,7.030085544528629,4.166809879803007,6.9808505141838495,4.166809879803007,2.503415108785621,4.166809879803007,6.722342092593954,4.166809879803007,5.004674833918803,4.166809879803007,5.958891775525063,4.166809879803007,2.343648864715259,4.166809879803007,4.329945920434198,4.166809879803007,4.318406901413166,4.166809879803007,4.2799510207727804,4.166809879803007,2.72401929402486,4.166809879803007,7.756491667462731,4.166809879803007,7.945552735589265,4.166809879803007,6.160022071069559,4.166809879803007,3.87477882785385,4.166809879803007,4.13050864321199,4.166809879803007,6.823745324380543,4.166809879803007,7.256446555637329
cody_gakpo,MID,Liverpool,14974.0,155.38103357388536,4.316139821496815,191.6237591522931,5.322882198674808,36,4.3161398214968125,8.03666732011559,4.3161398214968125,7.5185598585104225,4.3161398214968125,4.014741420933585,4.3161398214968125,4.434549017132073,4.3161398214968125,2.5938420688128314,4.3161398214968125,5.185450898410757,4.3161398214968125,2.428304837855178,4.3161398214968125,8.232557546375022,4.3161398214968125,3.8748249538172717,4.3161398214968125,4.474393979578859,4.3161398214968125,4.486349804589479,4.3161398214968125,6.965162772857046,4.3161398214968125,4.279708565614377,4.3161398214968125,7.0702288354523235,4.3161398214968125,2.822414795014556,4.3161398214968125,7.284022361595829,4.3161398214968125,6.3825309421043555,4.3161398214968125,4.486349804589479,4.3161398214968125,8.232557546375022,4.3161398214968125,3.8748249538172717,4.3161398214968125,4.474393979578859,4.3161398214968125,2.428304837855178,4.3161398214968125,6.3825309421043555,4.3161398214968125,2.822414795014556,4.3161398214968125,7.0702288354523235,4.3161398214968125,7.284022361595829,4.3161398214968125,8.03666732011559,4.3161398214968125,7.5185598585104225,4.3161398214968125,5.28100366420776,4.3161398214968125,6.174135530546285,4.3161398214968125,4.279708565614377,4.3161398214968125,6.965162772857046,4.3161398214968125,4.434549017132073,4.3161398214968125,2.5938420688128314,4.3161398214968125,5.185450898410757,4.3161398214968125,4.014741420933585
mamadou_sangare,MID,Brentford,14974.0,135.64352255018767,3.767875626394102,191.18871887678205,5.310797746577279,36,3.7678756263941047,4.2886707482470365,3.7678756263941047,3.8378425320557725,3.7678756263941047,6.658261424504457,3.7678756263941047,6.963071314634553,3.7678756263941047,6.914305616792411,3.7678756263941047,2.69805260357004,3.7678756263941047,5.9020886910064485,3.7678756263941047,4.9569678141761555,3.7678756263941047,4.277241724825423,3.7678756263941047,3.7040911114452024,3.7678756263941047,2.3213080521012137,3.7678756263941047,4.2391524245359715,3.7678756263941047,7.187274541354798,3.7678756263941047,5.048310301819115,3.7678756263941047,7.535751252788209,3.7678756263941047,6.101301713741259,3.7678756263941047,7.535751252788209,3.7678756263941047,2.3213080521012137,3.7678756263941047,4.9569678141761555,3.7678756263941047,4.277241724825423,3.7678756263941047,3.7040911114452024,3.7678756263941047,5.9020886910064485,3.7678756263941047,7.535751252788209,3.7678756263941047,6.101301713741259,3.7678756263941047,5.048310301819115,3.7678756263941047,7.535751252788209,3.7678756263941047,4.2886707482470365,3.7678756263941047,3.8378425320557725,3.7678756263941047,6.758698030857556,3.7678756263941047,4.09113460515194,3.7678756263941047,7.187274541354798,3.7678756263941047,4.2391524245359715,3.7678756263941047,6.963071314634553,3.7678756263941047,6.914305616792411,3.7678756263941047,2.69805260357004,3.7678756263941047,6.658261424504457
john_egan,DEF,Hull City,14974.0,106.85398330961189,2.968166203044775,190.90291747914867,5.302858818865241,36,2.968166203044776,5.936332406089552,2.968166203044776,3.5784537690517815,2.968166203044776,3.4265867637282397,2.968166203044776,5.936332406089552,2.968166203044776,5.936332406089552,2.968166203044776,5.936332406089552,2.968166203044776,5.936332406089552,2.968166203044776,5.323900545866655,2.968166203044776,2.5263480168488863,2.968166203044776,5.936332406089552,2.968166203044776,5.936332406089552,2.968166203044776,5.936332406089552,2.968166203044776,5.936332406089552,2.968166203044776,3.4238483649146345,2.968166203044776,5.936332406089552,2.968166203044776,5.936332406089552,2.968166203044776,5.936332406089552,2.968166203044776,5.936332406089552,2.968166203044776,5.323900545866655,2.968166203044776,5.936332406089552,2.968166203044776,5.936332406089552,2.968166203044776,2.5263480168488863,2.968166203044776,5.936332406089552,2.968166203044776,5.936332406089552,2.968166203044776,3.4238483649146345,2.968166203044776,5.936332406089552,2.968166203044776,5.936332406089552,2.968166203044776,3.5784537690517815,2.968166203044776,5.936332406089552,2.968166203044776,5.936332406089552,2.968166203044776,5.936332406089552,2.968166203044776,5.936332406089552,2.968166203044776,5.936332406089552,2.968166203044776,5.936332406089552,2.968166203044776,5.936332406089552,2.968166203044776,3.4265867637282397
cristhian_mosquera,DEF,Arsenal,14969.0,105.23202321536436,2.9231117559823434,190.5106897359231,5.291963603775642,36,2.9231117559823416,3.703574108760049,2.9231117559823416,5.846223511964683,2.9231117559823416,2.614681566054749,2.9231117559823416,5.846223511964683,2.9231117559823416,5.846223511964683,2.9231117559823416,5.846223511964683,2.9231117559823416,5.846223511964683,2.9231117559823416,5.846223511964683,2.9231117559823416,3.5463970861712584,2.9231117559823416,3.5435629394698984,2.9231117559823416,5.846223511964683,2.9231117559823416,5.846223511964683,2.9231117559823416,5.846223511964683,2.9231117559823416,5.846223511964683,2.9231117559823416,5.846223511964683,2.9231117559823416,5.846223511964683,2.9231117559823416,5.846223511964683,2.9231117559823416,5.846223511964683,2.9231117559823416,5.846223511964683,2.9231117559823416,3.5463970861712584,2.9231117559823416,3.5435629394698984,2.9231117559823416,5.846223511964683,2.9231117559823416,5.846223511964683,2.9231117559823416,5.846223511964683,2.9231117559823416,5.846223511964683,2.9231117559823416,5.846223511964683,2.9231117559823416,3.703574108760049,2.9231117559823416,5.846223511964683,2.9231117559823416,5.846223511964683,2.9231117559823416,5.846223511964683,2.9231117559823416,5.846223511964683,2.9231117559823416,5.846223511964683,2.9231117559823416,5.846223511964683,2.9231117559823416,5.846223511964683,2.9231117559823416,5.846223511964683,2.9231117559823416,2.614681566054749
marc_guehi,DEF,Man City,14970.0,131.63177628609623,3.6564382301693397,189.93418341145113,5.275949539206976,36,3.656438230169337,7.312876460338674,3.656438230169337,7.312876460338674,3.656438230169337,5.4044558696386025,3.656438230169337,4.894529961523634,3.656438230169337,3.8015813305369845,3.656438230169337,7.312876460338674,3.656438230169337,1.8282191150846685,3.656438230169337,7.312876460338674,3.656438230169337,7.312876460338674,3.656438230169337,3.333145062208271,3.656438230169337,6.01647803045776,3.656438230169337,4.969106979345153,3.656438230169337,2.2403697078668654,3.656438230169337,4.528945614919463,3.656438230169337,2.145290028119745,3.656438230169337,4.614834783653672,3.656438230169337,7.312876460338674,3.656438230169337,6.01647803045776,3.656438230169337,7.312876460338674,3.656438230169337,1.8282191150846685,3.656438230169337,3.333145062208271,3.656438230169337,7.312876460338674,3.656438230169337,7.312876460338674,3.656438230169337,2.145290028119745,3.656438230169337,4.528945614919463,3.656438230169337,4.614834783653672,3.656438230169337,7.312876460338674,3.656438230169337,7.312876460338674,3.656438230169337,7.312876460338674,3.656438230169337,7.312876460338674,3.656438230169337,2.2403697078668654,3.656438230169337,4.969106979345153,3.656438230169337,4.894529961523634,3.656438230169337,3.8015813305369845,3.656438230169337,7.312876460338674,3.656438230169337,5.4044558696386025
keane_lewis_potter,MID,Brentford,14972.0,134.47614361417612,3.7354484337271145,189.54330537657435,5.265091816015954,36,3.7354484337271145,4.2517614745798,3.7354484337271145,3.8048131883213983,3.7354484337271145,6.600958915757314,3.7354484337271145,6.90314554280388,3.7354484337271145,6.854799533623536,3.7354484337271145,2.674832550607366,3.7354484337271145,5.851293976398501,3.7354484337271145,4.914307024306032,3.7354484337271145,4.240430811927286,3.7354484337271145,3.672212862788182,3.7354484337271145,2.3013303482413443,3.7354484337271145,4.202669316799551,3.7354484337271145,7.1254192256775895,3.7354484337271145,5.004863397772416,3.7354484337271145,7.470896867454229,3.7354484337271145,6.048792526653184,3.7354484337271145,7.470896867454229,3.7354484337271145,2.3013303482413443,3.7354484337271145,4.914307024306032,3.7354484337271145,4.240430811927286,3.7354484337271145,3.672212862788182,3.7354484337271145,5.851293976398501,3.7354484337271145,7.470896867454229,3.7354484337271145,6.048792526653184,3.7354484337271145,5.004863397772416,3.7354484337271145,7.470896867454229,3.7354484337271145,4.2517614745798,3.7354484337271145,3.8048131883213983,3.7354484337271145,6.700531141884533,3.7354484337271145,4.055925372358126,3.7354484337271145,7.1254192256775895,3.7354484337271145,4.202669316799551,3.7354484337271145,6.90314554280388,3.7354484337271145,6.854799533623536,3.7354484337271145,2.674832550607366,3.7354484337271145,6.600958915757314
kristoffer_ajer,DEF,Brentford,14969.0,110.38580922210346,3.0662724783917628,188.31978636315182,5.231105176754217,36,3.0662724783917605,6.132544956783521,3.0662724783917605,6.132544956783521,3.0662724783917605,3.0252028381117704,3.0662724783917605,6.132544956783521,3.0662724783917605,6.132544956783521,3.0662724783917605,6.11549918738787,3.0662724783917605,6.132544956783521,3.0662724783917605,2.1357590970511433,3.0662724783917605,6.132544956783521,3.0662724783917605,6.132544956783521,3.0662724783917605,4.5007928229986165,3.0662724783917605,2.8945003790138992,3.0662724783917605,6.132544956783521,3.0662724783917605,2.896815404552149,3.0662724783917605,5.133328927841685,3.0662724783917605,6.132544956783521,3.0662724783917605,6.132544956783521,3.0662724783917605,4.5007928229986165,3.0662724783917605,2.1357590970511433,3.0662724783917605,6.132544956783521,3.0662724783917605,6.132544956783521,3.0662724783917605,6.132544956783521,3.0662724783917605,6.132544956783521,3.0662724783917605,6.132544956783521,3.0662724783917605,2.896815404552149,3.0662724783917605,5.133328927841685,3.0662724783917605,6.132544956783521,3.0662724783917605,6.132544956783521,3.0662724783917605,6.132544956783521,3.0662724783917605,6.132544956783521,3.0662724783917605,6.132544956783521,3.0662724783917605,2.8945003790138992,3.0662724783917605,6.132544956783521,3.0662724783917605,6.132544956783521,3.0662724783917605,6.11549918738787,3.0662724783917605,3.0252028381117704
maxim_de_cuyper,DEF,Brighton,14971.0,122.84058065558814,3.412238351544115,186.49671934928685,5.180464426369079,36,3.4122383515441133,5.8894418859952475,3.4122383515441133,6.8244767030882265,3.4122383515441133,3.262766695414005,3.4122383515441133,5.290342391101651,3.4122383515441133,6.8244767030882265,3.4122383515441133,4.791183416897275,3.4122383515441133,2.0983146320913573,3.4122383515441133,4.864185763164839,3.4122383515441133,4.433318275055978,3.4122383515441133,2.099992867131779,3.4122383515441133,6.8244767030882265,3.4122383515441133,6.8244767030882265,3.4122383515441133,4.517393919533663,3.4122383515441133,3.7213120712382275,3.4122383515441133,6.8244767030882265,3.4122383515441133,6.8244767030882265,3.4122383515441133,6.8244767030882265,3.4122383515441133,6.8244767030882265,3.4122383515441133,4.864185763164839,3.4122383515441133,2.0983146320913573,3.4122383515441133,2.099992867131779,3.4122383515441133,4.433318275055978,3.4122383515441133,6.8244767030882265,3.4122383515441133,6.8244767030882265,3.4122383515441133,3.7213120712382275,3.4122383515441133,6.8244767030882265,3.4122383515441133,5.8894418859952475,3.4122383515441133,6.8244767030882265,3.4122383515441133,6.8244767030882265,3.4122383515441133,2.1930649677153653,3.4122383515441133,4.517393919533663,3.4122383515441133,6.8244767030882265,3.4122383515441133,5.290342391101651,3.4122383515441133,6.8244767030882265,3.4122383515441133,4.791183416897275,3.4122383515441133,3.262766695414005
amar_dedic,DEF,Newcastle,14970.0,109.83793337025462,3.051053704729295,184.9870141386589,5.138528170518303,36,3.051053704729293,6.102107409458586,3.051053704729293,6.102107409458586,3.051053704729293,5.271488836017189,3.051053704729293,6.102107409458586,3.051053704729293,6.102107409458586,3.051053704729293,6.102107409458586,3.051053704729293,5.371459962326515,3.051053704729293,6.102107409458586,3.051053704729293,3.879630818788089,3.051053704729293,1.840999383949912,3.051053704729293,6.102107409458586,3.051053704729293,6.102107409458586,3.051053704729293,4.424869549574719,3.051053704729293,5.783816851388463,3.051053704729293,2.495025502625669,3.051053704729293,6.102107409458586,3.051053704729293,2.6076894950263805,3.051053704729293,6.102107409458586,3.051053704729293,6.102107409458586,3.051053704729293,3.879630818788089,3.051053704729293,1.840999383949912,3.051053704729293,5.371459962326515,3.051053704729293,2.6076894950263805,3.051053704729293,2.495025502625669,3.051053704729293,5.783816851388463,3.051053704729293,6.102107409458586,3.051053704729293,6.102107409458586,3.051053704729293,6.102107409458586,3.051053704729293,5.6970125595518555,3.051053704729293,6.102107409458586,3.051053704729293,4.424869549574719,3.051053704729293,6.102107409458586,3.051053704729293,6.102107409458586,3.051053704729293,6.102107409458586,3.051053704729293,6.102107409458586,3.051053704729293,5.271488836017189
dominik_szoboszlai,MID,Liverpool,14974.0,149.4500801848542,4.15139111624595,184.30940708742085,5.119705752428357,36,4.151391116245953,7.729904659432885,4.151391116245953,7.2315735574940865,4.151391116245953,3.861497207731421,4.151391116245953,4.2652805876652495,4.151391116245953,2.4948341264997094,4.151391116245953,4.987520257378184,4.151391116245953,2.3356155148637137,4.151391116245953,7.918317680948669,4.151391116245953,3.7269214055967845,4.151391116245953,4.303604652679292,4.151391116245953,4.315104119283519,4.151391116245953,6.6992998499335386,4.151391116245953,4.11635045531306,4.151391116245953,6.800355500796516,4.151391116245953,2.714682144454069,4.151391116245953,7.005988446402817,4.151391116245953,6.138907298658396,4.151391116245953,4.315104119283519,4.151391116245953,7.918317680948669,4.151391116245953,3.7269214055967845,4.151391116245953,4.303604652679292,4.151391116245953,2.3356155148637137,4.151391116245953,6.138907298658396,4.151391116245953,2.714682144454069,4.151391116245953,6.800355500796516,4.151391116245953,7.005988446402817,4.151391116245953,7.729904659432885,4.151391116245953,7.2315735574940865,4.151391116245953,5.0794257376146525,4.151391116245953,5.938466419542351,4.151391116245953,4.11635045531306,4.151391116245953,6.6992998499335386,4.151391116245953,4.2652805876652495,4.151391116245953,2.4948341264997094,4.151391116245953,4.987520257378184,4.151391116245953,3.861497207731421
morgan_gibbs_white,MID,Nott'm Forest,14971.0,154.80875589277852,4.300243219243848,182.05292553683958,5.057025709356655,36,4.300243219243847,6.645651291684457,4.300243219243847,6.846606205059402,4.300243219243847,5.9992506588930254,4.300243219243847,7.738180469859379,4.300243219243847,2.2824815940011165,4.300243219243847,7.5540537371231435,4.300243219243847,2.438078073031518,4.300243219243847,4.168247886966222,4.300243219243847,3.7736503486311075,4.300243219243847,6.5468945992422904,4.300243219243847,2.652924673966062,4.300243219243847,4.874057016117092,4.300243219243847,4.216937961656648,4.300243219243847,4.205700101359034,4.300243219243847,3.642136069240748,4.300243219243847,4.9638716990957725,4.300243219243847,7.067059383534098,4.300243219243847,2.652924673966062,4.300243219243847,4.168247886966222,4.300243219243847,3.7736503486311075,4.300243219243847,6.5468945992422904,4.300243219243847,2.438078073031518,4.300243219243847,7.067059383534098,4.300243219243847,3.642136069240748,4.300243219243847,4.205700101359034,4.300243219243847,4.9638716990957725,4.300243219243847,6.645651291684457,4.300243219243847,6.846606205059402,4.300243219243847,4.0227058301838765,4.300243219243847,6.79865616773344,4.300243219243847,4.216937961656648,4.300243219243847,4.874057016117092,4.300243219243847,7.738180469859379,4.300243219243847,2.2824815940011165,4.300243219243847,7.5540537371231435,4.300243219243847,5.9992506588930254
alexander_isak,FWD,Liverpool,14973.0,158.65651889703983,4.407125524917773,180.49240490397696,5.01367791399936,36,4.407125524917772,5.8272412894807735,4.407125524917772,8.814251049835544,4.407125524917772,2.4375388400442453,4.407125524917772,3.7997971016678096,4.407125524917772,6.180607954093848,4.407125524917772,8.716377727122502,4.407125524917772,2.8482261169199186,4.407125524917772,8.814251049835544,4.407125524917772,5.326675277685973,4.407125524917772,4.148712869494949,4.407125524917772,5.810918484748335,4.407125524917772,6.0510968972399395,4.407125524917772,2.8860859755954573,4.407125524917772,5.719510778246675,4.407125524917772,2.9665505094091196,4.407125524917772,3.222722033208128,4.407125524917772,3.3897024494365287,4.407125524917772,5.810918484748335,4.407125524917772,8.814251049835544,4.407125524917772,5.326675277685973,4.407125524917772,4.148712869494949,4.407125524917772,2.8482261169199186,4.407125524917772,3.3897024494365287,4.407125524917772,2.9665505094091196,4.407125524917772,5.719510778246675,4.407125524917772,3.222722033208128,4.407125524917772,5.8272412894807735,4.407125524917772,8.814251049835544,4.407125524917772,2.2136832322850797,4.407125524917772,4.358188863561251,4.407125524917772,2.8860859755954573,4.407125524917772,6.0510968972399395,4.407125524917772,3.7997971016678096,4.407125524917772,6.180607954093848,4.407125524917772,8.716377727122502,4.407125524917772,2.4375388400442453
caoimhin_kelleher,GK,Brentford,14970.0,113.5311765665027,3.1536437935139636,180.38842498899868,5.010789583027741,36,3.1536437935139623,6.307287587027925,3.1536437935139623,6.307287587027925,3.1536437935139623,2.52291503481117,3.1536437935139623,6.307287587027925,3.1536437935139623,2.52291503481117,3.1536437935139623,3.7843725522167544,3.1536437935139623,6.307287587027925,3.1536437935139623,3.7843725522167544,3.1536437935139623,6.307287587027925,3.1536437935139623,6.307287587027925,3.1536437935139623,3.7843725522167544,3.1536437935139623,3.7843725522167544,3.1536437935139623,6.307287587027925,3.1536437935139623,3.7843725522167544,3.1536437935139623,3.7843725522167544,3.1536437935139623,6.307287587027925,3.1536437935139623,6.307287587027925,3.1536437935139623,3.7843725522167544,3.1536437935139623,3.7843725522167544,3.1536437935139623,6.307287587027925,3.1536437935139623,6.307287587027925,3.1536437935139623,6.307287587027925,3.1536437935139623,6.307287587027925,3.1536437935139623,6.307287587027925,3.1536437935139623,3.7843725522167544,3.1536437935139623,3.7843725522167544,3.1536437935139623,6.307287587027925,3.1536437935139623,6.307287587027925,3.1536437935139623,6.307287587027925,3.1536437935139623,5.04583006962234,3.1536437935139623,6.307287587027925,3.1536437935139623,3.7843725522167544,3.1536437935139623,6.307287587027925,3.1536437935139623,2.52291503481117,3.1536437935139623,3.7843725522167544,3.1536437935139623,2.52291503481117
josko_gvardiol,DEF,Man City,14971.0,123.46948562170526,3.4297079339362573,178.1566471975624,4.948795755487844,36,3.4297079339362577,6.8594158678725154,3.4297079339362577,6.8594158678725154,3.4297079339362577,5.069333599503872,3.4297079339362577,4.591027438510538,3.4297079339362577,3.5658509265293454,3.4297079339362577,6.8594158678725154,3.4297079339362577,1.7148539669681289,3.4297079339362577,6.8594158678725154,3.4297079339362577,6.8594158678725154,3.4297079339362577,3.126461694468921,3.4297079339362577,5.643405176424526,3.4297079339362577,4.660980046379405,3.4297079339362577,2.1014477145059254,3.4297079339362577,4.248112433485781,3.4297079339362577,2.012263784282738,3.4297079339362577,4.32867574261442,3.4297079339362577,6.8594158678725154,3.4297079339362577,5.643405176424526,3.4297079339362577,6.8594158678725154,3.4297079339362577,1.7148539669681289,3.4297079339362577,3.126461694468921,3.4297079339362577,6.8594158678725154,3.4297079339362577,6.8594158678725154,3.4297079339362577,2.012263784282738,3.4297079339362577,4.248112433485781,3.4297079339362577,4.32867574261442,3.4297079339362577,6.8594158678725154,3.4297079339362577,6.8594158678725154,3.4297079339362577,6.8594158678725154,3.4297079339362577,6.8594158678725154,3.4297079339362577,2.1014477145059254,3.4297079339362577,4.660980046379405,3.4297079339362577,4.591027438510538,3.4297079339362577,3.5658509265293454,3.4297079339362577,6.8594158678725154,3.4297079339362577,5.069333599503872
lukas_hornicek,GK,Newcastle,14972.0,112.12687970056717,3.114635547237977,175.38858837113395,4.871905232531499,36,3.114635547237974,6.229271094475948,3.114635547237974,4.429703889405118,3.114635547237974,3.322277917053839,3.114635547237974,6.229271094475948,3.114635547237974,6.229271094475948,3.114635547237974,6.229271094475948,3.114635547237974,5.537129861756398,3.114635547237974,6.229271094475948,3.114635547237974,3.322277917053839,3.114635547237974,3.322277917053839,3.114635547237974,6.229271094475948,3.114635547237974,5.537129861756398,3.114635547237974,3.322277917053839,3.114635547237974,5.537129861756398,3.114635547237974,3.322277917053839,3.114635547237974,6.229271094475948,3.114635547237974,2.214851944702559,3.114635547237974,6.229271094475948,3.114635547237974,6.229271094475948,3.114635547237974,3.322277917053839,3.114635547237974,3.322277917053839,3.114635547237974,5.537129861756398,3.114635547237974,2.214851944702559,3.114635547237974,3.322277917053839,3.114635547237974,5.537129861756398,3.114635547237974,6.229271094475948,3.114635547237974,6.229271094475948,3.114635547237974,4.429703889405118,3.114635547237974,2.214851944702559,3.114635547237974,6.229271094475948,3.114635547237974,3.322277917053839,3.114635547237974,5.537129861756398,3.114635547237974,6.229271094475948,3.114635547237974,6.229271094475948,3.114635547237974,6.229271094475948,3.114635547237974,3.322277917053839
tarik_muharemovic,DEF,Leeds,61014.0,111.37116377685874,3.093643438246076,174.21503584015895,4.839306551115526,36,3.093643438246076,1.731870201665485,3.093643438246076,2.349004757042258,3.093643438246076,6.187286876492152,3.093643438246076,3.6496573910341756,3.093643438246076,6.187286876492152,3.093643438246076,5.91765792997823,3.093643438246076,6.187286876492152,3.093643438246076,6.187286876492152,3.093643438246076,2.4531131139993776,3.093643438246076,6.187286876492152,3.093643438246076,2.3471275210977525,3.093643438246076,4.16257592803949,3.093643438246076,5.359309935907242,3.093643438246076,6.187286876492152,3.093643438246076,6.187286876492152,3.093643438246076,4.959010042644768,3.093643438246076,5.053055166283315,3.093643438246076,2.3471275210977525,3.093643438246076,6.187286876492152,3.093643438246076,2.4531131139993776,3.093643438246076,6.187286876492152,3.093643438246076,6.187286876492152,3.093643438246076,5.053055166283315,3.093643438246076,6.187286876492152,3.093643438246076,6.187286876492152,3.093643438246076,4.959010042644768,3.093643438246076,1.731870201665485,3.093643438246076,2.349004757042258,3.093643438246076,6.187286876492152,3.093643438246076,5.4409687173925185,3.093643438246076,5.359309935907242,3.093643438246076,4.16257592803949,3.093643438246076,3.6496573910341756,3.093643438246076,6.187286876492152,3.093643438246076,5.91765792997823,3.093643438246076,6.187286876492152
ruben_dos_santos_gato_alves_dias,DEF,Man City,79641.0,120.10561774659702,3.336267159627695,173.30285341015616,4.813968150282116,36,3.3362671596276945,6.672534319255389,3.3362671596276945,6.672534319255389,3.3362671596276945,4.931221997615248,3.3362671596276945,4.465947062283301,3.3362671596276945,3.468701000628395,3.3362671596276945,6.672534319255389,3.3362671596276945,1.6681335798138472,3.3362671596276945,6.672534319255389,3.3362671596276945,6.672534319255389,3.3362671596276945,3.041282720864031,3.3362671596276945,5.489653265305711,3.3362671596276945,4.533993844358814,3.3362671596276945,2.044194763119178,3.3362671596276945,4.132374614761616,3.3362671596276945,1.957440606992344,3.3362671596276945,4.210743014547872,3.3362671596276945,6.672534319255389,3.3362671596276945,5.489653265305711,3.3362671596276945,6.672534319255389,3.3362671596276945,1.6681335798138472,3.3362671596276945,3.041282720864031,3.3362671596276945,6.672534319255389,3.3362671596276945,6.672534319255389,3.3362671596276945,1.957440606992344,3.3362671596276945,4.132374614761616,3.3362671596276945,4.210743014547872,3.3362671596276945,6.672534319255389,3.3362671596276945,6.672534319255389,3.3362671596276945,6.672534319255389,3.3362671596276945,6.672534319255389,3.3362671596276945,2.044194763119178,3.3362671596276945,4.533993844358814,3.3362671596276945,4.465947062283301,3.3362671596276945,3.468701000628395,3.3362671596276945,6.672534319255389,3.3362671596276945,4.931221997615248
vitaly_janelt,MID,Brentford,,122.43717503622486,3.401032639895135,172.57445249113925,4.793734791420535,36,3.401032639895135,3.8711227871686744,3.401032639895135,3.4641875190532683,3.401032639895135,6.010008470307656,3.401032639895135,6.285141857947473,3.401032639895135,6.241124022298499,3.401032639895135,2.4353683292029036,3.401032639895135,5.327457239048821,3.401032639895135,4.474353986853011,3.401032639895135,3.8608065014009743,3.401032639895135,3.3434582295983963,3.401032639895135,2.0953038887865496,3.401032639895135,3.82642560182782,3.401032639895135,6.487516502881044,3.401032639895135,4.556803306492637,3.401032639895135,6.80206527979027,3.401032639895135,5.50727474360421,3.401032639895135,6.80206527979027,3.401032639895135,2.0953038887865496,3.401032639895135,4.474353986853011,3.401032639895135,3.8608065014009743,3.401032639895135,3.3434582295983963,3.401032639895135,5.327457239048821,3.401032639895135,6.80206527979027,3.401032639895135,5.50727474360421,3.401032639895135,4.556803306492637,3.401032639895135,6.80206527979027,3.401032639895135,3.8711227871686744,3.401032639895135,3.4641875190532683,3.401032639895135,6.100666498947017,3.401032639895135,3.6928189000872527,3.401032639895135,6.487516502881044,3.401032639895135,3.82642560182782,3.401032639895135,6.285141857947473,3.401032639895135,6.241124022298499,3.401032639895135,2.4353683292029036,3.401032639895135,6.010008470307656
martin_odegaard,MID,Arsenal,14972.0,125.7499496752995,3.4930541576472085,172.18612826462302,4.782948007350639,36,3.49305415764721,6.036404149367186,3.49305415764721,3.8881245792950856,3.49305415764721,4.494005142491008,3.49305415764721,3.7090375897934718,3.49305415764721,5.350855184689005,3.49305415764721,3.877762984877729,3.49305415764721,6.268534750166389,3.49305415764721,2.4460643541963747,3.49305415764721,4.5768165757267525,3.49305415764721,3.843231085984791,3.49305415764721,2.247970296975901,3.49305415764721,6.127460343872695,3.49305415764721,3.4794020703150044,3.49305415764721,3.358142543408175,3.49305415764721,6.98610831529442,3.49305415764721,6.516009375120654,3.49305415764721,6.965030615979416,3.49305415764721,2.247970296975901,3.49305415764721,2.4460643541963747,3.49305415764721,4.5768165757267525,3.49305415764721,3.843231085984791,3.49305415764721,6.268534750166389,3.49305415764721,6.965030615979416,3.49305415764721,6.516009375120654,3.49305415764721,3.358142543408175,3.49305415764721,6.98610831529442,3.49305415764721,6.036404149367186,3.49305415764721,3.8881245792950856,3.49305415764721,5.531462439402481,3.49305415764721,6.312745910112396,3.49305415764721,3.4794020703150044,3.49305415764721,6.127460343872695,3.49305415764721,3.7090375897934718,3.49305415764721,5.350855184689005,3.49305415764721,3.877762984877729,3.49305415764721,4.494005142491008
francisco_evanilson_de_lima_barbosa,FWD,Bournemouth,15210.0,139.35798332336813,3.8710550923157814,171.40743034452268,4.761317509570074,36,3.87105509231578,2.162890809454087,3.87105509231578,6.0387954092913665,3.87105509231578,3.0963980156669733,3.87105509231578,5.912255952106767,3.87105509231578,5.677588374816979,3.87105509231578,5.204456010248897,3.87105509231578,2.8198654355194854,3.87105509231578,5.693536656768711,3.87105509231578,4.258191281112735,3.87105509231578,7.74211018463156,3.87105509231578,7.74211018463156,3.87105509231578,2.8984837301943416,3.87105509231578,2.7828742620840585,3.87105509231578,3.3119265519765713,3.87105509231578,5.588277995887273,3.87105509231578,7.74211018463156,3.87105509231578,3.148777460746198,3.87105509231578,7.74211018463156,3.87105509231578,5.693536656768711,3.87105509231578,4.258191281112735,3.87105509231578,7.74211018463156,3.87105509231578,2.8198654355194854,3.87105509231578,3.148777460746198,3.87105509231578,7.74211018463156,3.87105509231578,3.3119265519765713,3.87105509231578,5.588277995887273,3.87105509231578,2.162890809454087,3.87105509231578,6.0387954092913665,3.87105509231578,3.712611682252284,3.87105509231578,4.05352166273216,3.87105509231578,2.7828742620840585,3.87105509231578,2.8984837301943416,3.87105509231578,5.204456010248897,3.87105509231578,5.677588374816979,3.87105509231578,5.912255952106767,3.87105509231578,3.0963980156669733
vitalii_mykolenko,DEF,Everton,,100.24207391280306,2.7845020531334184,170.92883091061427,4.7480230808503965,36,2.7845020531334166,5.569004106266833,2.7845020531334166,5.569004106266833,2.7845020531334166,4.653381735001775,2.7845020531334166,5.543722722435014,2.7845020531334166,2.7423576064243593,2.7845020531334166,4.079985407125418,2.7845020531334166,2.6259739211534274,2.7845020531334166,5.569004106266833,2.7845020531334166,5.569004106266833,2.7845020531334166,5.569004106266833,2.7845020531334166,5.569004106266833,2.7845020531334166,5.569004106266833,2.7845020531334166,1.9360735523254953,2.7845020531334166,5.569004106266833,2.7845020531334166,5.569004106266833,2.7845020531334166,2.623875341906474,2.7845020531334166,5.569004106266833,2.7845020531334166,5.569004106266833,2.7845020531334166,5.569004106266833,2.7845020531334166,5.569004106266833,2.7845020531334166,5.569004106266833,2.7845020531334166,2.6259739211534274,2.7845020531334166,5.569004106266833,2.7845020531334166,5.569004106266833,2.7845020531334166,5.569004106266833,2.7845020531334166,2.623875341906474,2.7845020531334166,5.569004106266833,2.7845020531334166,5.569004106266833,2.7845020531334166,5.569004106266833,2.7845020531334166,5.569004106266833,2.7845020531334166,1.9360735523254953,2.7845020531334166,5.569004106266833,2.7845020531334166,5.543722722435014,2.7845020531334166,2.7423576064243593,2.7845020531334166,4.079985407125418,2.7845020531334166,4.653381735001775
nobel_mendy,DEF,Hull City,50210.0,95.6474427171196,2.656873408808878,170.88156471631868,4.746710131008852,36,2.656873408808879,5.313746817617758,2.656873408808879,3.203155757886029,2.656873408808879,3.0672161303457486,2.656873408808879,5.313746817617758,2.656873408808879,5.313746817617758,2.656873408808879,5.313746817617758,2.656873408808879,5.313746817617758,2.656873408808879,4.7655450617779325,2.656873408808879,2.261391852140025,2.656873408808879,5.313746817617758,2.656873408808879,5.313746817617758,2.656873408808879,5.313746817617758,2.656873408808879,5.313746817617758,2.656873408808879,3.0647649269787953,2.656873408808879,5.313746817617758,2.656873408808879,5.313746817617758,2.656873408808879,5.313746817617758,2.656873408808879,5.313746817617758,2.656873408808879,4.7655450617779325,2.656873408808879,5.313746817617758,2.656873408808879,5.313746817617758,2.656873408808879,2.261391852140025,2.656873408808879,5.313746817617758,2.656873408808879,5.313746817617758,2.656873408808879,3.0647649269787953,2.656873408808879,5.313746817617758,2.656873408808879,5.313746817617758,2.656873408808879,3.203155757886029,2.656873408808879,5.313746817617758,2.656873408808879,5.313746817617758,2.656873408808879,5.313746817617758,2.656873408808879,5.313746817617758,2.656873408808879,5.313746817617758,2.656873408808879,5.313746817617758,2.656873408808879,5.313746817617758,2.656873408808879,3.0672161303457486
malick_thiaw,DEF,Newcastle,14974.0,100.71388231521924,2.7976078420894233,169.62045624986354,4.711679340273987,36,2.797607842089424,5.595215684178848,2.797607842089424,5.595215684178848,2.797607842089424,4.8335951885307855,2.797607842089424,5.595215684178848,2.797607842089424,5.595215684178848,2.797607842089424,5.595215684178848,2.797607842089424,4.925261882732846,2.797607842089424,5.595215684178848,2.797607842089424,3.5573564589274813,2.797607842089424,1.6880706838547912,2.797607842089424,5.595215684178848,2.797607842089424,5.595215684178848,2.797607842089424,4.057303132004775,2.797607842089424,5.303364983570154,2.797607842089424,2.2877679607996257,2.797607842089424,5.595215684178848,2.797607842089424,2.3910731462091035,2.797607842089424,5.595215684178848,2.797607842089424,5.595215684178848,2.797607842089424,3.5573564589274813,2.797607842089424,1.6880706838547912,2.797607842089424,4.925261882732846,2.797607842089424,2.3910731462091035,2.797607842089424,2.2877679607996257,2.797607842089424,5.303364983570154,2.797607842089424,5.595215684178848,2.797607842089424,5.595215684178848,2.797607842089424,5.595215684178848,2.797607842089424,5.2237713772063294,2.797607842089424,5.595215684178848,2.797607842089424,4.057303132004775,2.797607842089424,5.595215684178848,2.797607842089424,5.595215684178848,2.797607842089424,5.595215684178848,2.797607842089424,5.595215684178848,2.797607842089424,4.8335951885307855
ryan_giles,DEF,Hull City,,94.76785951492147,2.632440542081152,169.310121198123,4.703058922170083,36,2.632440542081151,5.264881084162302,2.632440542081151,3.1736992254516627,2.632440542081151,3.0390097119708996,2.632440542081151,5.264881084162302,2.632440542081151,5.264881084162302,2.632440542081151,5.264881084162302,2.632440542081151,5.264881084162302,2.632440542081151,4.721720645080714,2.632440542081151,2.2405958723393624,2.632440542081151,5.264881084162302,2.632440542081151,5.264881084162302,2.632440542081151,5.264881084162302,2.632440542081151,5.264881084162302,2.632440542081151,3.0365810501089303,2.632440542081151,5.264881084162302,2.632440542081151,5.264881084162302,2.632440542081151,5.264881084162302,2.632440542081151,5.264881084162302,2.632440542081151,4.721720645080714,2.632440542081151,5.264881084162302,2.632440542081151,5.264881084162302,2.632440542081151,2.2405958723393624,2.632440542081151,5.264881084162302,2.632440542081151,5.264881084162302,2.632440542081151,3.0365810501089303,2.632440542081151,5.264881084162302,2.632440542081151,5.264881084162302,2.632440542081151,3.1736992254516627,2.632440542081151,5.264881084162302,2.632440542081151,5.264881084162302,2.632440542081151,5.264881084162302,2.632440542081151,5.264881084162302,2.632440542081151,5.264881084162302,2.632440542081151,5.264881084162302,2.632440542081151,5.264881084162302,2.632440542081151,3.0390097119708996
pedro_lomba_neto,MID,Chelsea,,108.43655879615399,3.0121266332264995,168.26028126208843,4.673896701724678,36,3.0121266332264973,2.301176629915466,3.0121266332264973,2.674653884045219,3.0121266332264973,2.4580475471587606,3.0121266332264973,3.804559044228598,3.0121266332264973,4.240147570572602,3.0121266332264973,6.024253266452995,3.0121266332264973,3.6719675757897425,3.0121266332264973,4.251477476388751,3.0121266332264973,4.055654455121665,3.0121266332264973,5.850903136763087,3.0121266332264973,6.024253266452995,3.0121266332264973,6.024253266452995,3.0121266332264973,4.202388597739772,3.0121266332264973,6.024253266452995,3.0121266332264973,6.024253266452995,3.0121266332264973,6.024253266452995,3.0121266332264973,5.0045290958225275,3.0121266332264973,6.024253266452995,3.0121266332264973,4.251477476388751,3.0121266332264973,4.055654455121665,3.0121266332264973,5.850903136763087,3.0121266332264973,3.6719675757897425,3.0121266332264973,5.0045290958225275,3.0121266332264973,6.024253266452995,3.0121266332264973,6.024253266452995,3.0121266332264973,6.024253266452995,3.0121266332264973,2.301176629915466,3.0121266332264973,2.674653884045219,3.0121266332264973,6.024253266452995,3.0121266332264973,4.913978771107091,3.0121266332264973,4.202388597739772,3.0121266332264973,6.024253266452995,3.0121266332264973,6.024253266452995,3.0121266332264973,4.240147570572602,3.0121266332264973,3.804559044228598,3.0121266332264973,2.4580475471587606
sven_botman,DEF,Newcastle,79641.0,99.38951539167046,2.760819871990846,167.3899819929831,4.649721722027309,36,2.7608198719908446,5.521639743981689,2.7608198719908446,5.521639743981689,2.7608198719908446,4.770034401851155,2.7608198719908446,5.521639743981689,2.7608198719908446,5.521639743981689,2.7608198719908446,5.521639743981689,2.7608198719908446,4.860495697800247,2.7608198719908446,5.521639743981689,2.7608198719908446,3.5105779501343144,2.7608198719908446,1.6658729001241173,2.7608198719908446,5.521639743981689,2.7608198719908446,5.521639743981689,2.7608198719908446,4.003950426863089,2.7608198719908446,5.233626820307172,2.7608198719908446,2.257684280711166,2.7608198719908446,5.521639743981689,2.7608198719908446,2.3596310240921734,2.7608198719908446,5.521639743981689,2.7608198719908446,5.521639743981689,2.7608198719908446,3.5105779501343144,2.7608198719908446,1.6658729001241173,2.7608198719908446,4.860495697800247,2.7608198719908446,2.3596310240921734,2.7608198719908446,2.257684280711166,2.7608198719908446,5.233626820307172,2.7608198719908446,5.521639743981689,2.7608198719908446,5.521639743981689,2.7608198719908446,5.521639743981689,2.7608198719908446,5.155079853564132,2.7608198719908446,5.521639743981689,2.7608198719908446,4.003950426863089,2.7608198719908446,5.521639743981689,2.7608198719908446,5.521639743981689,2.7608198719908446,5.521639743981689,2.7608198719908446,5.521639743981689,2.7608198719908446,4.770034401851155
romeo_lavia,MID,Chelsea,,107.50639606497836,2.986288779582732,166.8169539884764,4.633804277457678,36,2.98628877958273,2.2814372656017805,2.98628877958273,2.651710852752518,2.98628877958273,2.43696255289845,2.98628877958273,3.7719237497228844,2.98628877958273,4.2037758220717505,2.98628877958273,5.97257755916546,2.98628877958273,3.6404696434779504,2.98628877958273,4.215008540590046,2.98628877958273,4.020865278237399,2.98628877958273,5.800714417184053,2.98628877958273,5.97257755916546,2.98628877958273,5.97257755916546,2.98628877958273,4.166340743594168,2.98628877958273,5.97257755916546,2.98628877958273,5.97257755916546,2.98628877958273,5.97257755916546,2.98628877958273,4.96160052538745,2.98628877958273,5.97257755916546,2.98628877958273,4.215008540590046,2.98628877958273,4.020865278237399,2.98628877958273,5.800714417184053,2.98628877958273,3.6404696434779504,2.98628877958273,4.96160052538745,2.98628877958273,5.97257755916546,2.98628877958273,5.97257755916546,2.98628877958273,5.97257755916546,2.98628877958273,2.2814372656017805,2.98628877958273,2.651710852752518,2.98628877958273,5.97257755916546,2.98628877958273,4.8718269362885,2.98628877958273,4.166340743594168,2.98628877958273,5.97257755916546,2.98628877958273,5.97257755916546,2.98628877958273,4.2037758220717505,2.98628877958273,3.7719237497228844,2.98628877958273,2.43696255289845
dominic_calvert_lewin,FWD,Leeds,50210.0,140.70690905364222,3.9085252514900617,165.28080958434757,4.59113359956521,36,3.9085252514900617,7.817050502980123,3.9085252514900617,2.1065014378983506,3.9085252514900617,7.817050502980123,3.9085252514900617,2.7103211169730668,3.9085252514900617,5.068769084942907,3.9085252514900617,5.529566274483172,3.9085252514900617,2.319518437236386,3.9085252514900617,5.442584333086806,3.9085252514900617,5.758115763356273,3.9085252514900617,3.2255803267818504,3.9085252514900617,3.6158190754884076,3.9085252514900617,5.5450987640182365,3.9085252514900617,3.0156708992417296,3.9085252514900617,7.817050502980123,3.9085252514900617,3.0666847441817593,3.9085252514900617,2.822916496150087,3.9085252514900617,3.947841090162377,3.9085252514900617,3.6158190754884076,3.9085252514900617,5.442584333086806,3.9085252514900617,5.758115763356273,3.9085252514900617,3.2255803267818504,3.9085252514900617,2.319518437236386,3.9085252514900617,3.947841090162377,3.9085252514900617,3.0666847441817593,3.9085252514900617,7.817050502980123,3.9085252514900617,2.822916496150087,3.9085252514900617,7.817050502980123,3.9085252514900617,2.1065014378983506,3.9085252514900617,4.14717470586238,3.9085252514900617,5.881356172601674,3.9085252514900617,3.0156708992417296,3.9085252514900617,5.5450987640182365,3.9085252514900617,2.7103211169730668,3.9085252514900617,5.068769084942907,3.9085252514900617,5.529566274483172,3.9085252514900617,7.817050502980123
james_justin,DEF,Leeds,14970.0,104.85615685215086,2.9126710236708573,164.02377872839034,4.556216075788621,36,2.9126710236708586,1.6305590006875328,2.9126710236708586,2.2115923269363438,2.9126710236708586,5.825342047341717,2.9126710236708586,3.43615918944369,2.9126710236708586,5.825342047341717,2.9126710236708586,5.571485895095793,2.9126710236708586,5.825342047341717,2.9126710236708586,5.825342047341717,2.9126710236708586,2.309610537723719,2.9126710236708586,5.825342047341717,2.9126710236708586,2.2098249058196893,2.9126710236708586,3.9190729414842367,2.9126710236708586,5.04580022513464,2.9126710236708586,5.825342047341717,2.9126710236708586,5.825342047341717,2.9126710236708586,4.668917134643393,2.9126710236708586,4.757460792633545,2.9126710236708586,2.2098249058196893,2.9126710236708586,5.825342047341717,2.9126710236708586,2.309610537723719,2.9126710236708586,5.825342047341717,2.9126710236708586,5.825342047341717,2.9126710236708586,4.757460792633545,2.9126710236708586,5.825342047341717,2.9126710236708586,5.825342047341717,2.9126710236708586,4.668917134643393,2.9126710236708586,1.6305590006875328,2.9126710236708586,2.2115923269363438,2.9126710236708586,5.825342047341717,2.9126710236708586,5.122682119059455,2.9126710236708586,5.04580022513464,2.9126710236708586,3.9190729414842367,2.9126710236708586,3.43615918944369,2.9126710236708586,5.825342047341717,2.9126710236708586,5.571485895095793,2.9126710236708586,5.825342047341717
florian_wirtz,MID,Liverpool,61014.0,132.0128557484833,3.667023770791203,162.8049388854457,4.522359413484603,36,3.667023770791202,6.82801098194832,3.667023770791202,6.387823115913998,3.667023770791202,3.4109534984985594,3.667023770791202,3.767625084240817,3.667023770791202,2.2037470789619333,3.667023770791202,4.405596781651177,3.667023770791202,2.0631054440803847,3.667023770791202,6.994440742305316,3.667023770791202,3.292079450840226,3.667023770791202,3.801477654009508,3.667023770791202,3.811635409857686,3.667023770791202,5.917652928731844,3.667023770791202,3.6360715109373176,3.667023770791202,6.006917819345769,3.667023770791202,2.397944128872517,3.667023770791202,6.188558353441724,3.667023770791202,5.422644689575963,3.667023770791202,3.811635409857686,3.667023770791202,6.994440742305316,3.667023770791202,3.292079450840226,3.667023770791202,3.801477654009508,3.667023770791202,2.0631054440803847,3.667023770791202,5.422644689575963,3.667023770791202,2.397944128872517,3.667023770791202,6.006917819345769,3.667023770791202,6.188558353441724,3.667023770791202,6.82801098194832,3.667023770791202,6.387823115913998,3.667023770791202,4.486779106143375,3.667023770791202,5.245590432876225,3.667023770791202,3.6360715109373176,3.667023770791202,5.917652928731844,3.667023770791202,3.767625084240817,3.667023770791202,2.2037470789619333,3.667023770791202,4.405596781651177,3.667023770791202,3.4109534984985594
declan_rice,MID,Arsenal,15210.0,116.65664792430982,3.2404624423419395,159.73490720499038,4.437080755694177,36,3.240462442341941,5.599896265564001,3.240462442341941,3.60696430737241,3.240462442341941,4.16903209131533,3.240462442341941,3.4408275579259167,3.240462442341941,4.963921106815714,3.240462442341941,3.597351986452988,3.240462442341941,5.815240906574305,3.240462442341941,2.2691831599495322,3.240462442341941,4.24585521717768,3.240462442341941,3.565317177837056,3.240462442341941,2.085413792655653,3.240462442341941,5.684367952838506,3.240462442341941,3.2277975724993895,3.240462442341941,3.115306633343038,3.240462442341941,6.480924884683882,3.240462442341941,6.0448200059539445,3.240462442341941,6.46137136792786,3.240462442341941,2.085413792655653,3.240462442341941,2.2691831599495322,3.240462442341941,4.24585521717768,3.240462442341941,3.565317177837056,3.240462442341941,5.815240906574305,3.240462442341941,6.46137136792786,3.240462442341941,6.0448200059539445,3.240462442341941,3.115306633343038,3.240462442341941,6.480924884683882,3.240462442341941,5.599896265564001,3.240462442341941,3.60696430737241,3.240462442341941,5.131468187192993,3.240462442341941,5.85625504402298,3.240462442341941,3.2277975724993895,3.240462442341941,5.684367952838506,3.240462442341941,3.4408275579259167,3.240462442341941,4.963921106815714,3.240462442341941,3.597351986452988,3.240462442341941,4.16903209131533
robin_roefs,GK,Sunderland,14974.0,110.80866027975736,3.078018341104371,157.5945390645439,4.37762608512622,36,3.0780183411043724,4.788028530606802,3.0780183411043724,2.872817118364081,3.0780183411043724,2.872817118364081,3.0780183411043724,2.872817118364081,3.0780183411043724,5.745634236728162,3.0780183411043724,3.8304228244854412,3.0780183411043724,6.156036682208745,3.0780183411043724,1.9152114122427206,3.0780183411043724,6.156036682208745,3.0780183411043724,6.156036682208745,3.0780183411043724,1.9152114122427206,3.0780183411043724,2.872817118364081,3.0780183411043724,6.156036682208745,3.0780183411043724,6.156036682208745,3.0780183411043724,4.788028530606802,3.0780183411043724,6.156036682208745,3.0780183411043724,2.872817118364081,3.0780183411043724,1.9152114122427206,3.0780183411043724,1.9152114122427206,3.0780183411043724,6.156036682208745,3.0780183411043724,6.156036682208745,3.0780183411043724,6.156036682208745,3.0780183411043724,2.872817118364081,3.0780183411043724,4.788028530606802,3.0780183411043724,6.156036682208745,3.0780183411043724,6.156036682208745,3.0780183411043724,4.788028530606802,3.0780183411043724,2.872817118364081,3.0780183411043724,2.872817118364081,3.0780183411043724,6.156036682208745,3.0780183411043724,6.156036682208745,3.0780183411043724,2.872817118364081,3.0780183411043724,2.872817118364081,3.0780183411043724,5.745634236728162,3.0780183411043724,3.8304228244854412,3.0780183411043724,2.872817118364081
thierno_barry,FWD,Everton,14971.0,121.92456784432305,3.3867935512311957,155.0772961488102,4.307702670800284,36,3.3867935512311975,4.967332997286823,3.3867935512311975,5.333667463481008,3.3867935512311975,5.434130378032878,3.3867935512311975,2.766424357654393,3.3867935512311975,5.642884486192604,3.3867935512311975,2.6560822345560124,3.3867935512311975,2.0643461806906274,3.3867935512311975,3.161030089182524,3.3867935512311975,5.763658611268122,3.3867935512311975,2.9553213641670157,3.3867935512311975,3.0053143212424978,3.3867935512311975,6.773587102462395,3.3867935512311975,6.773587102462395,3.3867935512311975,4.064181543234674,3.3867935512311975,5.418908724312898,3.3867935512311975,3.5434593892325648,3.3867935512311975,2.691388033289311,3.3867935512311975,3.0053143212424978,3.3867935512311975,3.161030089182524,3.3867935512311975,5.763658611268122,3.3867935512311975,2.9553213641670157,3.3867935512311975,2.0643461806906274,3.3867935512311975,2.691388033289311,3.3867935512311975,5.418908724312898,3.3867935512311975,4.064181543234674,3.3867935512311975,3.5434593892325648,3.3867935512311975,4.967332997286823,3.3867935512311975,5.333667463481008,3.3867935512311975,6.773587102462395,3.3867935512311975,2.273100288850354,3.3867935512311975,6.773587102462395,3.3867935512311975,6.773587102462395,3.3867935512311975,2.766424357654393,3.3867935512311975,5.642884486192604,3.3867935512311975,2.6560822345560124,3.3867935512311975,5.434130378032878
nico_o'reilly,DEF,Man City,14972.0,106.42781460075807,2.956328183354391,153.5668713800946,4.26574642722485,36,2.9563281833543935,5.912656366708787,2.9563281833543935,5.912656366708787,2.9563281833543935,4.369647235191427,2.9563281833543935,3.957358488961726,2.9563281833543935,3.0736802651414936,2.9563281833543935,5.912656366708787,2.9563281833543935,1.4781640916771968,2.9563281833543935,5.912656366708787,2.9563281833543935,5.912656366708787,2.9563281833543935,2.6949370032591777,2.9563281833543935,4.864483534609327,2.9563281833543935,4.017656004122011,2.9563281833543935,1.811398878244834,2.9563281833543935,3.661773758898049,2.9563281833543935,1.7345244121096017,2.9563281833543935,3.7312174508709512,2.9563281833543935,5.912656366708787,2.9563281833543935,4.864483534609327,2.9563281833543935,5.912656366708787,2.9563281833543935,1.4781640916771968,2.9563281833543935,2.6949370032591777,2.9563281833543935,5.912656366708787,2.9563281833543935,5.912656366708787,2.9563281833543935,1.7345244121096017,2.9563281833543935,3.661773758898049,2.9563281833543935,3.7312174508709512,2.9563281833543935,5.912656366708787,2.9563281833543935,5.912656366708787,2.9563281833543935,5.912656366708787,2.9563281833543935,5.912656366708787,2.9563281833543935,1.811398878244834,2.9563281833543935,4.017656004122011,2.9563281833543935,3.957358488961726,2.9563281833543935,3.0736802651414936,2.9563281833543935,5.912656366708787,2.9563281833543935,4.369647235191427
marcus_rashford,MID,Man Utd,14972.0,119.97206036246403,3.3325572322906676,153.5596289080198,4.265545247444994,36,3.3325572322906662,3.4538024451354974,3.3325572322906662,3.4230459607147865,3.3325572322906662,5.803606151299408,3.3325572322906662,5.457537657837437,3.3325572322906662,3.303524002546043,3.3325572322906662,3.0989948134858456,3.3325572322906662,5.376436747736874,3.3325572322906662,5.6225657279445045,3.3325572322906662,5.583188227844763,3.3325572322906662,2.002196972472299,3.3325572322906662,4.076427657344345,3.3325572322906662,4.926700928573086,3.3325572322906662,6.354743796178848,3.3325572322906662,1.8744181278618577,3.3325572322906662,4.7658396845075774,3.3325572322906662,3.4630311938428644,3.3325572322906662,4.002670098744148,3.3325572322906662,4.076427657344345,3.3325572322906662,5.6225657279445045,3.3325572322906662,5.583188227844763,3.3325572322906662,2.002196972472299,3.3325572322906662,5.376436747736874,3.3325572322906662,4.002670098744148,3.3325572322906662,4.7658396845075774,3.3325572322906662,1.8744181278618577,3.3325572322906662,3.4630311938428644,3.3325572322906662,3.4538024451354974,3.3325572322906662,3.4230459607147865,3.3325572322906662,2.1786331656751847,3.3325572322906662,6.203535354204177,3.3325572322906662,6.354743796178848,3.3325572322906662,4.926700928573086,3.3325572322906662,3.0989948134858456,3.3325572322906662,3.303524002546043,3.3325572322906662,5.457537657837437,3.3325572322906662,5.803606151299408
emersonn_correia_da_silva,FWD,Ipswich Town,14970.0,102.79828128150153,2.8555078133750427,153.24638505105688,4.256844029196024,36,2.855507813375044,3.2853797489597545,2.855507813375044,5.711015626750088,2.855507813375044,4.300919298916845,2.855507813375044,5.711015626750088,2.855507813375044,3.9392026396179296,2.855507813375044,4.518080470075271,2.855507813375044,3.0753862073570084,2.855507813375044,2.5269663552980286,2.855507813375044,5.711015626750088,2.855507813375044,3.3409560564158127,2.855507813375044,3.5140625878363214,2.855507813375044,2.991969620756824,2.855507813375044,2.2948980165461683,2.855507813375044,5.711015626750088,2.855507813375044,5.711015626750088,2.855507813375044,5.711015626750088,2.855507813375044,2.952720773715811,2.855507813375044,3.5140625878363214,2.855507813375044,2.5269663552980286,2.855507813375044,3.0753862073570084,2.855507813375044,3.3409560564158127,2.855507813375044,5.711015626750088,2.855507813375044,2.952720773715811,2.855507813375044,5.711015626750088,2.855507813375044,5.711015626750088,2.855507813375044,5.711015626750088,2.855507813375044,3.2853797489597545,2.855507813375044,5.711015626750088,2.855507813375044,5.711015626750088,2.855507813375044,5.522098352314219,2.855507813375044,2.2948980165461683,2.855507813375044,2.991969620756824,2.855507813375044,5.711015626750088,2.855507813375044,3.9392026396179296,2.855507813375044,4.518080470075271,2.855507813375044,4.300919298916845
youri_tielemans,MID,Man Utd,14974.0,117.74267209290679,3.270629780358522,150.7060975580472,4.186280487723533,36,3.2706297803585236,3.38962194649865,3.2706297803585236,3.3594369963616155,3.2706297803585236,5.6957602792209725,3.2706297803585236,5.3561226250515555,3.2706297803585236,3.242136062410434,3.2706297803585236,3.0414075497201782,3.2706297803585236,5.276528777654444,3.2706297803585236,5.518084050787151,3.2706297803585236,5.479438285530853,3.2706297803585236,1.9649910227679535,3.2706297803585236,4.000677186997124,3.2706297803585236,4.835150202307378,3.2706297803585236,6.236656374553849,3.2706297803585236,1.8395866364806535,3.2706297803585236,4.677278172309398,3.2706297803585236,3.3986792014094727,3.2706297803585236,3.928290232814637,3.2706297803585236,4.000677186997124,3.2706297803585236,5.518084050787151,3.2706297803585236,5.479438285530853,3.2706297803585236,1.9649910227679535,3.2706297803585236,5.276528777654444,3.2706297803585236,3.928290232814637,3.2706297803585236,4.677278172309398,3.2706297803585236,1.8395866364806535,3.2706297803585236,3.3986792014094727,3.2706297803585236,3.38962194649865,3.2706297803585236,3.3594369963616155,3.2706297803585236,2.138148579442772,3.2706297803585236,6.0882577728518035,3.2706297803585236,6.236656374553849,3.2706297803585236,4.835150202307378,3.2706297803585236,3.0414075497201782,3.2706297803585236,3.242136062410434,3.2706297803585236,5.3561226250515555,3.2706297803585236,5.6957602792209725
luka_vuskovic,DEF,Brighton,50210.0,98.88991291741797,2.7469420254838326,150.13478638254995,4.17041073284861,36,2.7469420254838326,4.741156319271843,2.7469420254838326,5.493884050967665,2.7469420254838326,2.6266133932074087,2.7469420254838326,4.258865397471305,2.7469420254838326,5.493884050967665,2.7469420254838326,3.857029235287934,2.7469420254838326,1.6891987170154985,2.7469420254838326,3.9157980527799907,2.7469420254838326,3.568938341187659,2.7469420254838326,1.6905497405625751,2.7469420254838326,5.493884050967665,2.7469420254838326,5.493884050967665,2.7469420254838326,3.636621456299146,2.7469420254838326,2.9957545356697572,2.7469420254838326,5.493884050967665,2.7469420254838326,5.493884050967665,2.7469420254838326,5.493884050967665,2.7469420254838326,5.493884050967665,2.7469420254838326,3.9157980527799907,2.7469420254838326,1.6891987170154985,2.7469420254838326,1.6905497405625751,2.7469420254838326,3.568938341187659,2.7469420254838326,5.493884050967665,2.7469420254838326,5.493884050967665,2.7469420254838326,2.9957545356697572,2.7469420254838326,5.493884050967665,2.7469420254838326,4.741156319271843,2.7469420254838326,5.493884050967665,2.7469420254838326,5.493884050967665,2.7469420254838326,1.7654752405287246,2.7469420254838326,3.636621456299146,2.7469420254838326,5.493884050967665,2.7469420254838326,4.258865397471305,2.7469420254838326,5.493884050967665,2.7469420254838326,3.857029235287934,2.7469420254838326,2.6266133932074087
malick_yalcouye,MID,Brighton,,92.22419329767114,2.5617831471575316,148.73717972420494,4.131588325672359,36,2.5617831471575325,3.6923348440850137,2.5617831471575325,5.123566294315065,2.5617831471575325,2.0950292356147258,2.5617831471575325,3.870615359030109,2.5617831471575325,5.123566294315065,2.5617831471575325,5.123566294315065,2.5617831471575325,3.8259240326120536,2.5617831471575325,2.2378471112918628,2.5617831471575325,2.43504910026444,2.5617831471575325,4.556205999110063,2.5617831471575325,3.463733432132993,2.5617831471575325,5.123566294315065,2.5617831471575325,3.860300425524781,2.5617831471575325,5.123566294315065,2.5617831471575325,5.123566294315065,2.5617831471575325,5.123566294315065,2.5617831471575325,3.3430199679159096,2.5617831471575325,3.463733432132993,2.5617831471575325,2.2378471112918628,2.5617831471575325,3.8259240326120536,2.5617831471575325,4.556205999110063,2.5617831471575325,2.43504910026444,2.5617831471575325,3.3430199679159096,2.5617831471575325,5.123566294315065,2.5617831471575325,5.123566294315065,2.5617831471575325,5.123566294315065,2.5617831471575325,3.6923348440850137,2.5617831471575325,5.123566294315065,2.5617831471575325,5.123566294315065,2.5617831471575325,5.123566294315065,2.5617831471575325,3.860300425524781,2.5617831471575325,5.123566294315065,2.5617831471575325,3.870615359030109,2.5617831471575325,5.123566294315065,2.5617831471575325,5.123566294315065,2.5617831471575325,2.0950292356147258
elliot_anderson,MID,Man City,14971.0,107.49954729077821,2.9860985358549503,148.3004390681964,4.119456640783233,36,2.9860985358549508,4.834802710502615,2.9860985358549508,2.935201467783595,2.9860985358549508,3.398434945673851,2.9860985358549508,5.4790444901327255,2.9860985358549508,5.9721970717099016,2.9860985358549508,5.517687478001321,2.9860985358549508,3.9280079150777483,2.9860985358549508,4.676942026426547,2.9860985358549508,5.695350937228251,2.9860985358549508,1.839454429361209,2.9860985358549508,3.241903057092197,2.9860985358549508,1.9648498031060457,2.9860985358549508,5.276149564924516,2.9860985358549508,2.1379949153211557,2.9860985358549508,4.000389666966139,2.9860985358549508,3.3893783416883823,2.9860985358549508,5.355737692083677,2.9860985358549508,3.241903057092197,2.9860985358549508,4.676942026426547,2.9860985358549508,3.9280079150777483,2.9860985358549508,1.839454429361209,2.9860985358549508,5.695350937228251,2.9860985358549508,5.355737692083677,2.9860985358549508,4.000389666966139,2.9860985358549508,2.1379949153211557,2.9860985358549508,3.3893783416883823,2.9860985358549508,4.834802710502615,2.9860985358549508,2.935201467783595,2.9860985358549508,3.0411889703267265,2.9860985358549508,5.9721970717099016,2.9860985358549508,5.276149564924516,2.9860985358549508,1.9648498031060457,2.9860985358549508,5.4790444901327255,2.9860985358549508,5.9721970717099016,2.9860985358549508,5.517687478001321,2.9860985358549508,3.398434945673851
granit_xhaka,MID,Sunderland,50210.0,133.79137572853574,3.716427103570437,148.08978735002108,4.113605204167253,36,3.7164271035704353,1.9900917618749636,3.7164271035704353,1.8630854635450127,3.7164271035704353,3.4023503484406126,3.7164271035704353,3.978470099861357,3.7164271035704353,3.0802584027465088,3.7164271035704353,3.283551015715085,3.7164271035704353,4.896914272659395,3.7164271035704353,5.343931005300232,3.7164271035704353,5.588571898581109,3.7164271035704353,5.424541582226836,3.7164271035704353,5.549432473425071,3.7164271035704353,4.051781722925602,3.7164271035704353,4.737025589866895,3.7164271035704353,6.316323244653455,3.7164271035704353,3.4329208802671154,3.7164271035704353,2.972909303930225,3.7164271035704353,2.1654612282247583,3.7164271035704353,5.549432473425071,3.7164271035704353,5.343931005300232,3.7164271035704353,4.896914272659395,3.7164271035704353,5.424541582226836,3.7164271035704353,5.588571898581109,3.7164271035704353,2.1654612282247583,3.7164271035704353,3.4329208802671154,3.7164271035704353,6.316323244653455,3.7164271035704353,2.972909303930225,3.7164271035704353,1.9900917618749636,3.7164271035704353,1.8630854635450127,3.7164271035704353,6.16602900345891,3.7164271035704353,5.768517758073678,3.7164271035704353,4.737025589866895,3.7164271035704353,4.051781722925602,3.7164271035704353,3.978470099861357,3.7164271035704353,3.0802584027465088,3.7164271035704353,3.283551015715085,3.7164271035704353,3.4023503484406126
victor_munoz,MID,Liverpool,14969.0,119.81178727608976,3.3281052021136044,147.75796337898643,4.104387871638512,36,3.3281052021136035,6.1969434313778615,3.3281052021136035,5.79743919621987,3.3281052021136035,3.0957017985381987,3.3281052021136035,3.419408606606912,3.3281052021136035,2.000069423071509,3.3281052021136035,3.9984168317143673,3.3281052021136035,1.8724263572121205,3.3281052021136035,6.347991198136987,3.3281052021136035,2.987814486882556,3.3281052021136035,3.450132408958426,3.3281052021136035,3.459351351128748,3.3281052021136035,5.370723706044022,3.3281052021136035,3.3000136533602507,3.3281052021136035,5.451738437714062,3.3281052021136035,2.1763181338626802,3.3281052021136035,5.616591147765901,3.3281052021136035,4.92146577950805,3.3281052021136035,3.459351351128748,3.3281052021136035,6.347991198136987,3.3281052021136035,2.987814486882556,3.3281052021136035,3.450132408958426,3.3281052021136035,1.8724263572121205,3.3281052021136035,4.92146577950805,3.3281052021136035,2.1763181338626802,3.3281052021136035,5.451738437714062,3.3281052021136035,5.616591147765901,3.3281052021136035,6.1969434313778615,3.3281052021136035,5.79743919621987,3.3281052021136035,4.072096014983983,3.3281052021136035,4.760775467797411,3.3281052021136035,3.3000136533602507,3.3281052021136035,5.370723706044022,3.3281052021136035,3.419408606606912,3.3281052021136035,2.000069423071509,3.3281052021136035,3.9984168317143673,3.3281052021136035,3.0957017985381987
daniel_ballard,DEF,Sunderland,14974.0,101.874609087912,2.829850252442,147.21409213917048,4.08928033719918,36,2.829850252442,4.017796383122698,2.829850252442,2.695031165766631,2.829850252442,1.7331988024208997,2.829850252442,1.414925126221,2.829850252442,5.659700504884,2.829850252442,4.864653502206539,2.829850252442,5.659700504884,2.829850252442,1.8114621694684014,2.829850252442,5.659700504884,2.829850252442,5.659700504884,2.829850252442,3.9574967611357175,2.829850252442,1.7345850172991424,2.829850252442,5.659700504884,2.829850252442,5.659700504884,2.829850252442,3.731347821558875,2.829850252442,5.659700504884,2.829850252442,3.661901703187079,2.829850252442,3.9574967611357175,2.829850252442,1.8114621694684014,2.829850252442,5.659700504884,2.829850252442,5.659700504884,2.829850252442,5.659700504884,2.829850252442,3.661901703187079,2.829850252442,3.731347821558875,2.829850252442,5.659700504884,2.829850252442,5.659700504884,2.829850252442,4.017796383122698,2.829850252442,2.695031165766631,2.829850252442,3.0737876611364734,2.829850252442,5.659700504884,2.829850252442,5.659700504884,2.829850252442,1.7345850172991424,2.829850252442,1.414925126221,2.829850252442,5.659700504884,2.829850252442,4.864653502206539,2.829850252442,1.7331988024208997
kiernan_dewsbury_hall,MID,Everton,15210.0,144.32821060624204,4.0091169612845015,146.79789533113075,4.077719314753632,36,4.009116961284501,2.88638649609107,4.009116961284501,5.266667082552717,4.009116961284501,5.9865744395771125,4.009116961284501,2.1024381869617312,4.009116961284501,5.188402575668681,4.009116961284501,2.0045584806422503,4.009116961284501,3.933859682399363,4.009116961284501,4.754395706062697,4.009116961284501,2.0045584806422503,4.009116961284501,5.387923180531487,4.009116961284501,5.4259235016599545,4.009116961284501,5.600632261923917,4.009116961284501,3.862681702452444,4.009116961284501,4.599160383451289,4.009116961284501,3.341915995444098,4.009116961284501,3.3033291959922564,4.009116961284501,3.187987369293987,4.009116961284501,5.4259235016599545,4.009116961284501,4.754395706062697,4.009116961284501,2.0045584806422503,4.009116961284501,5.387923180531487,4.009116961284501,3.933859682399363,4.009116961284501,3.187987369293987,4.009116961284501,3.341915995444098,4.009116961284501,4.599160383451289,4.009116961284501,3.3033291959922564,4.009116961284501,2.88638649609107,4.009116961284501,5.266667082552717,4.009116961284501,6.1324945548159775,4.009116961284501,2.9906113336201665,4.009116961284501,3.862681702452444,4.009116961284501,5.600632261923917,4.009116961284501,2.1024381869617312,4.009116961284501,5.188402575668681,4.009116961284501,2.0045584806422503,4.009116961284501,5.9865744395771125
anthony_elanga,MID,Newcastle,14973.0,138.87322699456408,3.857589638737891,144.8110103685727,4.022528065793686,36,3.8575896387378883,3.0128969915239097,3.8575896387378883,3.2117438484843266,3.8575896387378883,2.1181052907647784,3.8575896387378883,4.789824862320216,3.8575896387378883,5.466356798227283,3.8575896387378883,6.178193129622007,3.8575896387378883,3.3578471803125503,3.8575896387378883,5.642367466104669,3.8575896387378883,1.9287948193689441,3.8575896387378883,3.8914659185905207,3.8575896387378883,2.9078954836705435,3.8575896387378883,3.3668195313132543,3.8575896387378883,6.031185636116053,3.8575896387378883,1.946570936017355,3.8575896387378883,3.327945187905929,3.8575896387378883,4.633432745693017,3.8575896387378883,5.2270658962976055,3.8575896387378883,2.9078954836705435,3.8575896387378883,5.642367466104669,3.8575896387378883,1.9287948193689441,3.8575896387378883,3.8914659185905207,3.8575896387378883,3.3578471803125503,3.8575896387378883,5.2270658962976055,3.8575896387378883,3.327945187905929,3.8575896387378883,1.946570936017355,3.8575896387378883,4.633432745693017,3.8575896387378883,3.0128969915239097,3.8575896387378883,3.2117438484843266,3.8575896387378883,5.428073303505718,3.8575896387378883,5.305913620401082,3.8575896387378883,6.031185636116053,3.8575896387378883,3.3668195313132543,3.8575896387378883,4.789824862320216,3.8575896387378883,5.466356798227283,3.8575896387378883,6.178193129622007,3.8575896387378883,2.1181052907647784
mats_wieffer,DEF,Brighton,,95.31668683271062,2.6476857453530727,144.70991018337588,4.019719727315997,36,2.6476857453530727,4.56984235071931,2.6476857453530727,5.295371490706145,2.6476857453530727,2.531704992399248,2.6476857453530727,4.1049782265703625,2.6476857453530727,5.295371490706145,2.6476857453530727,3.7176617602197846,2.6476857453530727,1.6281622701239487,2.6476857453530727,3.774307062123296,2.6476857453530727,3.439980561782053,2.6476857453530727,1.6294644766336042,2.6476857453530727,5.295371490706145,2.6476857453530727,5.295371490706145,2.6476857453530727,3.505218057666303,2.6476857453530727,2.887507820363467,2.6476857453530727,5.295371490706145,2.6476857453530727,5.295371490706145,2.6476857453530727,5.295371490706145,2.6476857453530727,5.295371490706145,2.6476857453530727,3.774307062123296,2.6476857453530727,1.6281622701239487,2.6476857453530727,1.6294644766336042,2.6476857453530727,3.439980561782053,2.6476857453530727,5.295371490706145,2.6476857453530727,5.295371490706145,2.6476857453530727,2.887507820363467,2.6476857453530727,5.295371490706145,2.6476857453530727,4.56984235071931,2.6476857453530727,5.295371490706145,2.6476857453530727,5.295371490706145,2.6476857453530727,1.7016826655809607,2.6476857453530727,3.505218057666303,2.6476857453530727,5.295371490706145,2.6476857453530727,4.1049782265703625,2.6476857453530727,5.295371490706145,2.6476857453530727,3.7176617602197846,2.6476857453530727,2.531704992399248
alex_scott,MID,Bournemouth,14973.0,137.8335333722514,3.8287092603403163,144.5554926585196,4.015430351625544,36,3.8287092603403146,3.7938229329312088,3.8287092603403146,1.9143546301701573,3.8287092603403146,5.196124969740819,3.8287092603403146,5.003706859428571,3.8287092603403146,3.2229511388449987,3.8287092603403146,2.783637487419048,3.8287092603403146,3.0745020331141344,3.8287092603403146,5.773465561108884,3.8287092603403146,4.435440392811358,3.8287092603403146,5.401262075835344,3.8287092603403146,3.7251787324655647,3.8287092603403146,2.0275960132621687,3.8287092603403146,1.9143546301701573,3.8287092603403146,4.585149679484472,3.8287092603403146,5.0791853220640535,3.8287092603403146,5.914191241296724,3.8287092603403146,5.232772563044909,3.8287092603403146,3.7251787324655647,3.8287092603403146,5.773465561108884,3.8287092603403146,4.435440392811358,3.8287092603403146,5.401262075835344,3.8287092603403146,3.0745020331141344,3.8287092603403146,5.232772563044909,3.8287092603403146,5.914191241296724,3.8287092603403146,4.585149679484472,3.8287092603403146,5.0791853220640535,3.8287092603403146,3.7938229329312088,3.8287092603403146,1.9143546301701573,3.8287092603403146,3.185737944555484,3.8287092603403146,3.2143621875790074,3.8287092603403146,1.9143546301701573,3.8287092603403146,2.0275960132621687,3.8287092603403146,2.783637487419048,3.8287092603403146,3.2229511388449987,3.8287092603403146,5.003706859428571,3.8287092603403146,5.196124969740819
iliman_ndiaye,MID,Everton,14969.0,141.98954619049664,3.944154060847129,144.41921265589244,4.011644795997012,36,3.944154060847132,2.8396160874499476,3.944154060847132,5.18132710055054,3.944154060847132,5.889569227947033,3.944154060847132,2.0683707142653103,3.944154060847132,5.1043307755174165,3.944154060847132,1.972077030423566,3.944154060847132,3.870116235313596,3.944154060847132,4.6773564632879365,3.944154060847132,1.972077030423566,3.944154060847132,5.300618389845383,3.944154060847132,5.338002961645033,3.944154060847132,5.509880777362313,3.944154060847132,3.8000916086036316,3.944154060847132,4.5246365416749414,3.944154060847132,3.2877642811941534,3.944154060847132,3.2498027342443447,3.944154060847132,3.1363298826037806,3.944154060847132,5.338002961645033,3.944154060847132,4.6773564632879365,3.944154060847132,1.972077030423566,3.944154060847132,5.300618389845383,3.944154060847132,3.870116235313596,3.944154060847132,3.1363298826037806,3.944154060847132,3.2877642811941534,3.944154060847132,4.5246365416749414,3.944154060847132,3.2498027342443447,3.944154060847132,2.8396160874499476,3.944154060847132,5.18132710055054,3.944154060847132,6.033124883877374,3.944154060847132,2.9421520873100793,3.944154060847132,3.8000916086036316,3.944154060847132,5.509880777362313,3.944154060847132,2.0683707142653103,3.944154060847132,5.1043307755174165,3.944154060847132,1.972077030423566,3.944154060847132,5.889569227947033
dan_ndoye,MID,Nott'm Forest,14970.0,122.73421124226859,3.409283645618572,144.33371091482144,4.009269747633929,36,3.4092836456185704,5.268750884097138,3.4092836456185704,5.42807031435866,3.4092836456185704,4.756276823087903,3.4092836456185704,6.134920928350547,3.4092836456185704,1.8095783826901144,3.4092836456185704,5.988943078579247,3.4092836456185704,1.9329371101454094,3.4092836456185704,3.3046361862334184,3.4092836456185704,2.991794594384153,3.4092836456185704,5.1904554111965,3.4092836456185704,2.1032700344797863,3.4092836456185704,3.8642100052616057,3.4092836456185704,3.343238252880059,3.4092836456185704,3.3343287444241305,3.4092836456185704,2.8875285194132347,3.4092836456185704,3.93541614738058,3.4092836456185704,5.602848199626873,3.4092836456185704,2.1032700344797863,3.4092836456185704,3.3046361862334184,3.4092836456185704,2.991794594384153,3.4092836456185704,5.1904554111965,3.4092836456185704,1.9329371101454094,3.4092836456185704,5.602848199626873,3.4092836456185704,2.8875285194132347,3.4092836456185704,3.3343287444241305,3.4092836456185704,3.93541614738058,3.4092836456185704,5.268750884097138,3.4092836456185704,5.42807031435866,3.4092836456185704,3.1892487235621814,3.4092836456185704,5.390054958080521,3.4092836456185704,3.343238252880059,3.4092836456185704,3.8642100052616057,3.4092836456185704,6.134920928350547,3.4092836456185704,1.8095783826901144,3.4092836456185704,5.988943078579247,3.4092836456185704,4.756276823087903
thomas_meunier,DEF,Sunderland,,98.89962279484253,2.747211744301181,142.9150826982334,3.9698634082842608,36,2.7472117443011794,3.900466959479759,2.7472117443011794,2.616329702768798,2.7472117443011794,1.682585183124288,2.7472117443011794,1.3736058721505897,2.7472117443011794,5.494423488602359,2.7472117443011794,4.722593791556672,2.7472117443011794,5.494423488602359,2.7472117443011794,1.7585630695569403,2.7472117443011794,5.494423488602359,2.7472117443011794,5.494423488602359,2.7472117443011794,3.841928233073087,2.7472117443011794,1.68393091715751,2.7472117443011794,5.494423488602359,2.7472117443011794,5.494423488602359,2.7472117443011794,3.622383392412126,2.7472117443011794,5.494423488602359,2.7472117443011794,3.554965269554744,2.7472117443011794,3.841928233073087,2.7472117443011794,1.7585630695569403,2.7472117443011794,5.494423488602359,2.7472117443011794,5.494423488602359,2.7472117443011794,5.494423488602359,2.7472117443011794,3.554965269554744,2.7472117443011794,3.622383392412126,2.7472117443011794,5.494423488602359,2.7472117443011794,5.494423488602359,2.7472117443011794,3.900466959479759,2.7472117443011794,2.616329702768798,2.7472117443011794,2.9840255875289454,2.7472117443011794,5.494423488602359,2.7472117443011794,5.494423488602359,2.7472117443011794,1.68393091715751,2.7472117443011794,1.3736058721505897,2.7472117443011794,5.494423488602359,2.7472117443011794,4.722593791556672,2.7472117443011794,1.682585183124288
trai_hume,DEF,Sunderland,61014.0,98.74981177212725,2.7430503270035347,142.69859800298983,3.963849944527495,36,2.743050327003537,3.894558615971934,2.743050327003537,2.6123665427742973,2.743050327003537,1.6800364392568612,2.743050327003537,1.3715251635017685,2.743050327003537,5.486100654007074,2.743050327003537,4.715440107995624,2.743050327003537,5.486100654007074,2.743050327003537,1.755899236020326,2.743050327003537,5.486100654007074,2.743050327003537,5.486100654007074,2.743050327003537,3.836108562769705,2.743050327003537,1.681380134801097,2.743050327003537,5.486100654007074,2.743050327003537,5.486100654007074,2.743050327003537,3.6168962839141563,2.743050327003537,5.486100654007074,2.743050327003537,3.549580284580094,2.743050327003537,3.836108562769705,2.743050327003537,1.755899236020326,2.743050327003537,5.486100654007074,2.743050327003537,5.486100654007074,2.743050327003537,5.486100654007074,2.743050327003537,3.549580284580094,2.743050327003537,3.6168962839141563,2.743050327003537,5.486100654007074,2.743050327003537,5.486100654007074,2.743050327003537,3.894558615971934,2.743050327003537,2.6123665427742973,2.743050327003537,2.9795054497120077,2.743050327003537,5.486100654007074,2.743050327003537,5.486100654007074,2.743050327003537,1.681380134801097,2.743050327003537,1.3715251635017685,2.743050327003537,5.486100654007074,2.743050327003537,4.715440107995624,2.743050327003537,1.6800364392568612
olivier_boscagli,DEF,Brighton,,93.91107151639257,2.608640875455349,142.57590329606379,3.960441758223994,36,2.6086408754553467,4.502451837947878,2.6086408754553467,5.2172817509106935,2.6086408754553467,2.494370466494449,2.6086408754553467,4.044442968158091,2.6086408754553467,5.2172817509106935,2.6086408754553467,3.6628381770183815,2.6086408754553467,1.6041521004423884,2.6086408754553467,3.7186481424598448,2.6086408754553467,3.3892518853440663,2.6086408754553467,1.6054351035840313,2.6086408754553467,5.2172817509106935,2.6086408754553467,5.2172817509106935,2.6086408754553467,3.4535273374722832,2.6086408754553467,2.844926344305506,2.6086408754553467,5.2172817509106935,2.6086408754553467,5.2172817509106935,2.6086408754553467,5.2172817509106935,2.6086408754553467,5.2172817509106935,2.6086408754553467,3.7186481424598448,2.6086408754553467,1.6041521004423884,2.6086408754553467,1.6054351035840313,2.6086408754553467,3.3892518853440663,2.6086408754553467,5.2172817509106935,2.6086408754553467,5.2172817509106935,2.6086408754553467,2.844926344305506,2.6086408754553467,5.2172817509106935,2.6086408754553467,4.502451837947878,2.6086408754553467,5.2172817509106935,2.6086408754553467,5.2172817509106935,2.6086408754553467,1.6765883059495597,2.6086408754553467,3.4535273374722832,2.6086408754553467,5.2172817509106935,2.6086408754553467,4.044442968158091,2.6086408754553467,5.2172817509106935,2.6086408754553467,3.6628381770183815,2.6086408754553467,2.494370466494449
abdukodir_khusanov,DEF,Man City,14972.0,98.15601121450005,2.726555867069446,141.63131701900855,3.9342032505280153,36,2.726555867069445,5.45311173413889,2.726555867069445,5.45311173413889,2.726555867069445,4.03002865961135,2.726555867069445,3.6497838998148224,2.726555867069445,2.8347870874430847,2.726555867069445,5.45311173413889,2.726555867069445,1.3632779335347225,2.726555867069445,5.45311173413889,2.726555867069445,5.45311173413889,2.726555867069445,2.4854805833097933,2.726555867069445,4.486405195549908,2.726555867069445,3.7053949597288276,2.726555867069445,1.6706129809571988,2.726555867069445,3.377172663853593,2.726555867069445,1.5997133670885437,2.726555867069445,3.441219039640209,2.726555867069445,5.45311173413889,2.726555867069445,4.486405195549908,2.726555867069445,5.45311173413889,2.726555867069445,1.3632779335347225,2.726555867069445,2.4854805833097933,2.726555867069445,5.45311173413889,2.726555867069445,5.45311173413889,2.726555867069445,1.5997133670885437,2.726555867069445,3.377172663853593,2.726555867069445,3.441219039640209,2.726555867069445,5.45311173413889,2.726555867069445,5.45311173413889,2.726555867069445,5.45311173413889,2.726555867069445,5.45311173413889,2.726555867069445,1.6706129809571988,2.726555867069445,3.7053949597288276,2.726555867069445,3.6497838998148224,2.726555867069445,2.8347870874430847,2.726555867069445,5.45311173413889,2.726555867069445,4.03002865961135
reinildo_mandava,DEF,Sunderland,,96.9940006206255,2.694277795017375,140.16135985355945,3.893371107043318,36,2.6942777950173773,3.82531180602479,2.6942777950173773,2.565917620742956,2.6942777950173773,1.6501647193817546,2.6942777950173773,1.3471388975086886,2.6942777950173773,5.388555590034755,2.6942777950173773,4.631597696782094,2.6942777950173773,5.388555590034755,2.6942777950173773,1.7246786452749767,2.6942777950173773,5.388555590034755,2.6942777950173773,5.388555590034755,2.6942777950173773,3.7679010181474935,2.6942777950173773,1.6514845234817592,2.6942777950173773,5.388555590034755,2.6942777950173773,5.388555590034755,2.6942777950173773,3.5525864212910645,2.6942777950173773,5.388555590034755,2.6942777950173773,3.4864673273503812,2.6942777950173773,3.7679010181474935,2.6942777950173773,1.7246786452749767,2.6942777950173773,5.388555590034755,2.6942777950173773,5.388555590034755,2.6942777950173773,5.388555590034755,2.6942777950173773,3.4864673273503812,2.6942777950173773,3.5525864212910645,2.6942777950173773,5.388555590034755,2.6942777950173773,5.388555590034755,2.6942777950173773,3.82531180602479,2.6942777950173773,2.565917620742956,2.6942777950173773,2.9265286510661883,2.6942777950173773,5.388555590034755,2.6942777950173773,5.388555590034755,2.6942777950173773,1.6514845234817592,2.6942777950173773,1.3471388975086886,2.6942777950173773,5.388555590034755,2.6942777950173773,4.631597696782094,2.6942777950173773,1.6501647193817546
marcus_tavernier,MID,Bournemouth,15210.0,132.3288222920651,3.6758006192240305,138.78232409300037,3.855064558138899,36,3.675800619224029,3.6423075605524904,3.675800619224029,1.8379003096120146,3.675800619224029,4.988605319078484,3.675800619224029,4.803871885186768,3.675800619224029,3.0942348938875086,3.675800619224029,2.6724662815062326,3.675800619224029,2.9517144574518985,3.675800619224029,5.542888436168777,3.675800619224029,4.258300496020975,3.675800619224029,5.185549785303391,3.675800619224029,3.576404830044474,3.675800619224029,1.946619127831814,3.675800619224029,1.8379003096120146,3.675800619224029,4.4020307850656195,3.675800619224029,4.876335935295635,3.675800619224029,5.677993900491551,3.675800619224029,5.023789303288419,3.675800619224029,3.576404830044474,3.675800619224029,5.542888436168777,3.675800619224029,4.258300496020975,3.675800619224029,5.185549785303391,3.675800619224029,2.9517144574518985,3.675800619224029,5.023789303288419,3.675800619224029,5.677993900491551,3.675800619224029,4.4020307850656195,3.675800619224029,4.876335935295635,3.675800619224029,3.6423075605524904,3.675800619224029,1.8379003096120146,3.675800619224029,3.0585078973172486,3.675800619224029,3.0859889628869372,3.675800619224029,1.8379003096120146,3.675800619224029,1.946619127831814,3.675800619224029,2.6724662815062326,3.675800619224029,3.0942348938875086,3.675800619224029,4.803871885186768,3.675800619224029,4.988605319078484
jaka_bijol,DEF,Leeds,15210.0,88.67037680430877,2.4630660223419105,138.70478092402647,3.8529105812229574,36,2.4630660223419114,1.3788630570972042,2.4630660223419114,1.8702070613123094,2.4630660223419114,4.926132044683823,2.4630660223419114,2.905747637853755,2.4630660223419114,4.926132044683823,2.4630660223419114,4.711461572777467,2.4630660223419114,4.926132044683823,2.4630660223419114,4.926132044683823,2.4630660223419114,1.9530950093844064,2.4630660223419114,4.926132044683823,2.4630660223419114,1.868712462415207,2.4630660223419114,3.3141179772110805,2.4630660223419114,4.266921663673171,2.4630660223419114,4.926132044683823,2.4630660223419114,4.926132044683823,2.4630660223419114,3.948214907214876,2.4630660223419114,4.023090811056068,2.4630660223419114,1.868712462415207,2.4630660223419114,4.926132044683823,2.4630660223419114,1.9530950093844064,2.4630660223419114,4.926132044683823,2.4630660223419114,4.926132044683823,2.4630660223419114,4.023090811056068,2.4630660223419114,4.926132044683823,2.4630660223419114,4.926132044683823,2.4630660223419114,3.948214907214876,2.4630660223419114,1.3788630570972042,2.4630660223419114,1.8702070613123094,2.4630660223419114,4.926132044683823,2.4630660223419114,4.331935933778021,2.4630660223419114,4.266921663673171,2.4630660223419114,3.3141179772110805,2.4630660223419114,2.905747637853755,2.4630660223419114,4.926132044683823,2.4630660223419114,4.711461572777467,2.4630660223419114,4.926132044683823
bart_verbruggen,GK,Brighton,61014.0,102.59144317106988,2.8497623103074967,138.68843243496485,3.8524564565268014,36,2.8497623103074963,3.039746464327996,2.8497623103074963,5.6995246206149925,2.8497623103074963,2.2798098482459968,2.8497623103074963,3.799683080409995,2.8497623103074963,5.319556312573993,2.8497623103074963,1.519873232163998,2.8497623103074963,2.2798098482459968,2.8497623103074963,3.799683080409995,2.8497623103074963,2.2798098482459968,2.8497623103074963,2.2798098482459968,2.8497623103074963,4.5596196964919935,2.8497623103074963,5.6995246206149925,2.8497623103074963,3.799683080409995,2.8497623103074963,2.2798098482459968,2.8497623103074963,5.6995246206149925,2.8497623103074963,5.6995246206149925,2.8497623103074963,5.6995246206149925,2.8497623103074963,4.5596196964919935,2.8497623103074963,3.799683080409995,2.8497623103074963,2.2798098482459968,2.8497623103074963,2.2798098482459968,2.8497623103074963,2.2798098482459968,2.8497623103074963,5.6995246206149925,2.8497623103074963,5.6995246206149925,2.8497623103074963,2.2798098482459968,2.8497623103074963,5.6995246206149925,2.8497623103074963,3.039746464327996,2.8497623103074963,5.6995246206149925,2.8497623103074963,5.6995246206149925,2.8497623103074963,1.519873232163998,2.8497623103074963,3.799683080409995,2.8497623103074963,5.6995246206149925,2.8497623103074963,3.799683080409995,2.8497623103074963,5.319556312573993,2.8497623103074963,1.519873232163998,2.8497623103074963,2.2798098482459968
justin_kluivert,MID,Bournemouth,14969.0,129.64225892739697,3.6011738590943603,135.96474058312202,3.7767983495311674,36,3.601173859094363,3.5683607824769155,3.601173859094363,1.8005869295471815,3.601173859094363,4.887325763658247,3.601173859094363,4.706342820907662,3.601173859094363,3.0314151848958573,3.601173859094363,2.6182093941490807,3.601173859094363,2.891788223793983,3.601173859094363,5.430355725991806,3.601173859094363,4.171847719443642,3.601173859094363,5.080271828184495,3.601173859094363,3.5037960209642227,3.601173859094363,1.9070985189182674,3.601173859094363,1.8005869295471815,3.601173859094363,4.31265997051098,3.601173859094363,4.77733569293978,3.601173859094363,5.562718255067905,3.601173859094363,4.921795436342058,3.601173859094363,3.5037960209642227,3.601173859094363,5.430355725991806,3.601173859094363,4.171847719443642,3.601173859094363,5.080271828184495,3.601173859094363,2.891788223793983,3.601173859094363,4.921795436342058,3.601173859094363,5.562718255067905,3.601173859094363,4.31265997051098,3.601173859094363,4.77733569293978,3.601173859094363,3.5683607824769155,3.601173859094363,1.8005869295471815,3.601173859094363,2.9964135241855616,3.601173859094363,3.0233366642579713,3.601173859094363,1.8005869295471815,3.601173859094363,1.9070985189182674,3.601173859094363,2.6182093941490807,3.601173859094363,3.0314151848958573,3.601173859094363,4.706342820907662,3.601173859094363,4.887325763658247
kai_havertz,FWD,Arsenal,14972.0,141.17919486302785,3.9216443017507734,134.83142936473897,3.74531748235386,36,3.9216443017507707,4.307614935355495,3.9216443017507707,4.136638311717108,3.9216443017507707,6.204957467575661,3.9216443017507707,2.054527842524824,3.9216443017507707,3.1024787337878306,3.9216443017507707,2.953358345210013,3.9216443017507707,2.2560069195480774,3.9216443017507707,2.1118084039681952,3.9216443017507707,1.9608221508753854,3.9216443017507707,2.704974490481333,3.9216443017507707,4.3998104120222195,3.9216443017507707,4.071567596701332,3.9216443017507707,1.9608221508753854,3.9216443017507707,3.7919184524073484,3.9216443017507707,7.6186962164302905,3.9216443017507707,7.277849613966708,3.9216443017507707,4.148258082255638,3.9216443017507707,4.3998104120222195,3.9216443017507707,2.1118084039681952,3.9216443017507707,1.9608221508753854,3.9216443017507707,2.704974490481333,3.9216443017507707,2.2560069195480774,3.9216443017507707,4.148258082255638,3.9216443017507707,7.277849613966708,3.9216443017507707,3.7919184524073484,3.9216443017507707,7.6186962164302905,3.9216443017507707,4.307614935355495,3.9216443017507707,4.136638311717108,3.9216443017507707,2.4130390151683128,3.9216443017507707,2.2941700981649475,3.9216443017507707,1.9608221508753854,3.9216443017507707,4.071567596701332,3.9216443017507707,2.054527842524824,3.9216443017507707,3.1024787337878306,3.9216443017507707,2.953358345210013,3.9216443017507707,6.204957467575661
myles_lewis_skelly,MID,Arsenal,,97.57063261369088,2.710295350380302,133.6009239404203,3.7111367761227863,36,2.710295350380301,4.68370582323465,2.710295350380301,3.0168344071884685,2.710295350380301,3.486943142754645,2.710295350380301,2.8778790366004663,2.710295350380301,4.151781585141299,2.710295350380301,3.0087947433572024,2.710295350380301,4.863818257692532,2.710295350380301,1.8979255822288337,2.710295350380301,3.5511973547787568,2.710295350380301,2.98200110066362,2.710295350380301,1.7442224393653827,2.710295350380301,4.754357227264936,2.710295350380301,2.6997025604750955,2.710295350380301,2.605616091404641,2.710295350380301,5.420590700760602,2.710295350380301,5.055836272610008,2.710295350380301,5.4042363049018665,2.710295350380301,1.7442224393653827,2.710295350380301,1.8979255822288337,2.710295350380301,3.5511973547787568,2.710295350380301,2.98200110066362,2.710295350380301,4.863818257692532,2.710295350380301,5.4042363049018665,2.710295350380301,5.055836272610008,2.710295350380301,2.605616091404641,2.710295350380301,5.420590700760602,2.710295350380301,4.68370582323465,2.710295350380301,3.0168344071884685,2.710295350380301,4.2919165445787995,2.710295350380301,4.898122134995509,2.710295350380301,2.6997025604750955,2.710295350380301,4.754357227264936,2.710295350380301,2.8778790366004663,2.710295350380301,4.151781585141299,2.710295350380301,3.0087947433572024,2.710295350380301,3.486943142754645
jack_hinshelwood,MID,Brighton,79641.0,82.62563378647685,2.2951564940688014,133.25683102110554,3.7015786394751538,36,2.2951564940688014,3.3080420195133367,2.2951564940688014,4.590312988137603,2.2951564940688014,1.8769816487864688,2.2951564940688014,3.46776735852034,2.2951564940688014,4.590312988137603,2.2951564940688014,4.590312988137603,2.2951564940688014,3.4277274401647366,2.2951564940688014,2.0049352482912495,2.2951564940688014,2.1816127419096674,2.2951564940688014,4.082002724850327,2.2951564940688014,3.1032331090569065,2.2951564940688014,4.590312988137603,2.2951564940688014,3.458525988247876,2.2951564940688014,4.590312988137603,2.2951564940688014,4.590312988137603,2.2951564940688014,4.590312988137603,2.2951564940688014,2.9950833261110734,2.2951564940688014,3.1032331090569065,2.2951564940688014,2.0049352482912495,2.2951564940688014,3.4277274401647366,2.2951564940688014,4.082002724850327,2.2951564940688014,2.1816127419096674,2.2951564940688014,2.9950833261110734,2.2951564940688014,4.590312988137603,2.2951564940688014,4.590312988137603,2.2951564940688014,4.590312988137603,2.2951564940688014,3.3080420195133367,2.2951564940688014,4.590312988137603,2.2951564940688014,4.590312988137603,2.2951564940688014,4.590312988137603,2.2951564940688014,3.458525988247876,2.2951564940688014,4.590312988137603,2.2951564940688014,3.46776735852034,2.2951564940688014,4.590312988137603,2.2951564940688014,4.590312988137603,2.2951564940688014,1.8769816487864688
anton_stach,MID,Leeds,50210.0,130.33007632028585,3.6202798977857182,132.9137663613913,3.692049065594203,36,3.6202798977857147,3.429313081864483,3.6202798977857147,3.4925053396209735,3.6202798977857147,5.4444671917804905,3.6202798977857147,1.8101399488928573,3.6202798977857147,2.5625520643022637,3.6202798977857147,2.966974015589292,3.6202798977857147,2.6550835298296467,3.6202798977857147,4.6757801225392175,3.6202798977857147,4.606296401648445,3.6202798977857147,4.220982376261913,3.6202798977857147,2.9327164126230763,3.6202798977857147,5.314918396761189,3.6202798977857147,4.783432048088876,3.6202798977857147,4.9722765068459385,3.6202798977857147,4.817168971915182,3.6202798977857147,1.8665578304786754,3.6202798977857147,2.9590672263984104,3.6202798977857147,2.9327164126230763,3.6202798977857147,4.6757801225392175,3.6202798977857147,4.606296401648445,3.6202798977857147,4.220982376261913,3.6202798977857147,2.6550835298296467,3.6202798977857147,2.9590672263984104,3.6202798977857147,4.817168971915182,3.6202798977857147,4.9722765068459385,3.6202798977857147,1.8665578304786754,3.6202798977857147,3.429313081864483,3.6202798977857147,3.4925053396209735,3.6202798977857147,4.0831634816165785,3.6202798977857147,1.8101399488928573,3.6202798977857147,4.783432048088876,3.6202798977857147,5.314918396761189,3.6202798977857147,1.8101399488928573,3.6202798977857147,2.5625520643022637,3.6202798977857147,2.966974015589292,3.6202798977857147,5.4444671917804905
christos_tzolis,MID,Arsenal,14971.0,96.70167690509423,2.686157691808173,132.411085539029,3.6780857094174717,36,2.686157691808172,4.641993139782027,2.686157691808172,2.98996673799546,2.686157691808172,3.455888725372264,2.686157691808172,2.8522488920527134,2.686157691808172,4.114806173456321,2.686157691808172,2.981998674722623,2.686157691808172,4.820501508304095,2.686157691808172,1.8810228193278382,2.686157691808172,3.519570694879912,2.686157691808172,2.955443653919142,2.686157691808172,1.7286885435081139,2.686157691808172,4.712015328451011,2.686157691808172,2.675659240383834,2.686157691808172,2.58241069735947,2.686157691808172,5.372315383616344,2.686157691808172,5.0108094272044985,2.686157691808172,5.356106638608294,2.686157691808172,1.7286885435081139,2.686157691808172,1.8810228193278382,2.686157691808172,3.519570694879912,2.686157691808172,2.955443653919142,2.686157691808172,4.820501508304095,2.686157691808172,5.356106638608294,2.686157691808172,5.0108094272044985,2.686157691808172,2.58241069735947,2.686157691808172,5.372315383616344,2.686157691808172,4.641993139782027,2.686157691808172,2.98996673799546,2.686157691808172,4.253693102931166,2.686157691808172,4.854499878209908,2.686157691808172,2.675659240383834,2.686157691808172,4.712015328451011,2.686157691808172,2.8522488920527134,2.686157691808172,4.114806173456321,2.686157691808172,2.981998674722623,2.686157691808172,3.455888725372264
jayden_bogle,DEF,Leeds,,84.57825472238129,2.3493959645105913,132.30358001178956,3.6750994447719325,36,2.3493959645105913,1.3152287728271121,2.3493959645105913,1.783897338841377,2.3493959645105913,4.698791929021183,2.3493959645105913,2.7716479023850287,2.3493959645105913,4.698791929021183,2.3493959645105913,4.494028461123218,2.3493959645105913,4.698791929021183,2.3493959645105913,4.698791929021183,2.3493959645105913,1.8629600228866836,2.3493959645105913,4.698791929021183,2.3493959645105913,1.7824717154169283,2.3493959645105913,3.161172023382683,2.3493959645105913,4.070003989574334,2.3493959645105913,4.698791929021183,2.3493959645105913,4.698791929021183,2.3493959645105913,3.7660054931095743,2.3493959645105913,3.8374258873368956,2.3493959645105913,1.7824717154169283,2.3493959645105913,4.698791929021183,2.3493959645105913,1.8629600228866836,2.3493959645105913,4.698791929021183,2.3493959645105913,4.698791929021183,2.3493959645105913,3.8374258873368956,2.3493959645105913,4.698791929021183,2.3493959645105913,4.698791929021183,2.3493959645105913,3.7660054931095743,2.3493959645105913,1.3152287728271121,2.3493959645105913,1.783897338841377,2.3493959645105913,4.698791929021183,2.3493959645105913,4.132017862704177,2.3493959645105913,4.070003989574334,2.3493959645105913,3.161172023382683,2.3493959645105913,2.7716479023850287,2.3493959645105913,4.698791929021183,2.3493959645105913,4.494028461123218,2.3493959645105913,4.698791929021183
rayan_vitor_simplicio_rocha,MID,Bournemouth,14971.0,124.12875633781748,3.448021009383819,130.18235175791352,3.6161764377198202,36,3.448021009383816,3.416603426677067,3.448021009383816,1.724010504691908,3.448021009383816,4.679474685799908,3.448021009383816,4.506188692576282,3.448021009383816,2.902493368735784,3.448021009383816,2.50686063800941,3.448021009383816,2.7688045455372414,3.448021009383816,5.19941034903442,3.448021009383816,3.9944249146052444,3.448021009383816,4.864215026087655,3.448021009383816,3.354784513491463,3.448021009383816,1.8259923062555585,3.448021009383816,1.724010504691908,3.448021009383816,4.129248619057245,3.448021009383816,4.574162337798954,3.448021009383816,5.326143686264725,3.448021009383816,4.712478411876676,3.448021009383816,3.354784513491463,3.448021009383816,5.19941034903442,3.448021009383816,3.9944249146052444,3.448021009383816,4.864215026087655,3.448021009383816,2.7688045455372414,3.448021009383816,4.712478411876676,3.448021009383816,5.326143686264725,3.448021009383816,4.129248619057245,3.448021009383816,4.574162337798954,3.448021009383816,3.416603426677067,3.448021009383816,1.724010504691908,3.448021009383816,2.8689802793336594,3.448021009383816,2.8947584161969537,3.448021009383816,1.724010504691908,3.448021009383816,1.8259923062555585,3.448021009383816,2.50686063800941,3.448021009383816,2.902493368735784,3.448021009383816,4.506188692576282,3.448021009383816,4.679474685799908
nordi_mukiele,DEF,Sunderland,79641.0,89.8711687942574,2.496421355396039,129.8684985590056,3.6074582933057107,36,2.4964213553960413,3.5443969813614906,2.4964213553960413,2.3774874129370915,2.4964213553960413,1.5289835565597862,2.4964213553960413,1.2482106776980206,2.4964213553960413,4.9928427107920825,2.4964213553960413,4.291472624401511,2.4964213553960413,4.9928427107920825,2.4964213553960413,1.5980254928509314,2.4964213553960413,4.9928427107920825,2.4964213553960413,4.9928427107920825,2.4964213553960413,3.4912022004996044,2.4964213553960413,1.5302064397926451,2.4964213553960413,4.9928427107920825,2.4964213553960413,4.9928427107920825,2.4964213553960413,3.2916994028612443,2.4964213553960413,4.9928427107920825,2.4964213553960413,3.230435817340029,2.4964213553960413,3.4912022004996044,2.4964213553960413,1.5980254928509314,2.4964213553960413,4.9928427107920825,2.4964213553960413,4.9928427107920825,2.4964213553960413,4.9928427107920825,2.4964213553960413,3.230435817340029,2.4964213553960413,3.2916994028612443,2.4964213553960413,4.9928427107920825,2.4964213553960413,4.9928427107920825,2.4964213553960413,3.5443969813614906,2.4964213553960413,2.3774874129370915,2.4964213553960413,2.7116166845196754,2.4964213553960413,4.9928427107920825,2.4964213553960413,4.9928427107920825,2.4964213553960413,1.5302064397926451,2.4964213553960413,1.2482106776980206,2.4964213553960413,4.9928427107920825,2.4964213553960413,4.291472624401511,2.4964213553960413,1.5289835565597862
lewis_dunk,DEF,Brighton,,85.3002849705565,2.369452360293236,129.50299666175,3.5973054628263887,36,2.3694523602932342,4.0896181743184625,2.3694523602932342,4.7389047205864685,2.3694523602932342,2.2656595029583544,2.3694523602932342,3.673604529907091,2.3694523602932342,4.7389047205864685,2.3694523602932342,3.3269894087638407,2.3694523602932342,1.4570660210172075,2.3694523602932342,3.3776821106943338,2.3694523602932342,3.07848847839395,2.3694523602932342,1.4582313845023973,2.3694523602932342,4.7389047205864685,2.3694523602932342,4.7389047205864685,2.3694523602932342,3.1368704592894745,2.3694523602932342,2.5840726122174384,2.3694523602932342,4.7389047205864685,2.3694523602932342,4.7389047205864685,2.3694523602932342,4.7389047205864685,2.3694523602932342,4.7389047205864685,2.3694523602932342,3.3776821106943338,2.3694523602932342,1.4570660210172075,2.3694523602932342,1.4582313845023973,2.3694523602932342,3.07848847839395,2.3694523602932342,4.7389047205864685,2.3694523602932342,4.7389047205864685,2.3694523602932342,2.5840726122174384,2.3694523602932342,4.7389047205864685,2.3694523602932342,4.0896181743184625,2.3694523602932342,4.7389047205864685,2.3694523602932342,4.7389047205864685,2.3694523602932342,1.522860488827842,2.3694523602932342,3.1368704592894745,2.3694523602932342,4.7389047205864685,2.3694523602932342,3.673604529907091,2.3694523602932342,4.7389047205864685,2.3694523602932342,3.3269894087638407,2.3694523602932342,2.2656595029583544
enzo_le_fee,MID,Sunderland,61014.0,116.43061415401611,3.2341837265004476,128.87366466793196,3.5798240185536656,36,3.2341837265004476,1.73185756403378,3.2341837265004476,1.6213315960073489,3.2341837265004476,2.9608615538855028,3.2341837265004476,3.46222403796877,3.2341837265004476,2.6805642413941713,3.2341837265004476,2.8574776160569124,3.2341837265004476,4.261490945291895,3.2341837265004476,4.65050281122933,3.2341837265004476,4.863399115619484,3.2341837265004476,4.720653364116368,3.2341837265004476,4.829338420124439,3.2341837265004476,3.5260227488461946,3.2341837265004476,4.122349409206793,3.2341837265004476,5.49671748695112,3.2341837265004476,2.987465255179348,3.2341837265004476,2.58714475575094,3.2341837265004476,1.8844710980510833,3.2341837265004476,4.829338420124439,3.2341837265004476,4.65050281122933,3.2341837265004476,4.261490945291895,3.2341837265004476,4.720653364116368,3.2341837265004476,4.863399115619484,3.2341837265004476,1.8844710980510833,3.2341837265004476,2.987465255179348,3.2341837265004476,5.49671748695112,3.2341837265004476,2.58714475575094,3.2341837265004476,1.73185756403378,3.2341837265004476,1.6213315960073489,3.2341837265004476,5.3659254182485885,3.2341837265004476,5.019995210256423,3.2341837265004476,4.122349409206793,3.2341837265004476,3.5260227488461946,3.2341837265004476,3.46222403796877,3.2341837265004476,2.6805642413941713,3.2341837265004476,2.8574776160569124,3.2341837265004476,2.9608615538855028
neco_williams,DEF,Nott'm Forest,14971.0,108.95985993070437,3.0266627758528992,128.80517516874247,3.5779215324650684,36,3.0266627758529006,6.053325551705801,3.0266627758529006,6.053325551705801,3.0266627758529006,6.053325551705801,3.0266627758529006,4.932269464124545,3.0266627758529006,1.8948406519176524,3.0266627758529006,2.16113931804105,3.0266627758529006,2.8248593242902156,3.0266627758529006,1.5133313879264503,3.0266627758529006,6.053325551705801,3.0266627758529006,1.5133313879264503,3.0266627758529006,2.5746344972421022,3.0266627758529006,1.5133313879264503,3.0266627758529006,3.07234833532916,3.0266627758529006,2.623461141579379,3.0266627758529006,6.053325551705801,3.0266627758529006,1.5133313879264503,3.0266627758529006,4.897713147686571,3.0266627758529006,2.5746344972421022,3.0266627758529006,1.5133313879264503,3.0266627758529006,6.053325551705801,3.0266627758529006,1.5133313879264503,3.0266627758529006,2.8248593242902156,3.0266627758529006,4.897713147686571,3.0266627758529006,6.053325551705801,3.0266627758529006,2.623461141579379,3.0266627758529006,1.5133313879264503,3.0266627758529006,6.053325551705801,3.0266627758529006,6.053325551705801,3.0266627758529006,3.4202733276564694,3.0266627758529006,2.782463460195006,3.0266627758529006,3.07234833532916,3.0266627758529006,1.5133313879264503,3.0266627758529006,4.932269464124545,3.0266627758529006,1.8948406519176524,3.0266627758529006,2.16113931804105,3.0266627758529006,6.053325551705801
brian_brobbey,FWD,Sunderland,15210.0,97.5003153349851,2.708342092638475,126.66500437618762,3.5184723437829897,36,2.7083420926384765,4.993156182703477,2.7083420926384765,2.3010095367748127,2.7083420926384765,3.0697595660705588,2.7083420926384765,5.416684185276953,2.7083420926384765,1.9692257169757987,2.7083420926384765,2.331595554983075,2.7083420926384765,2.7384545126694704,2.7083420926384765,4.888527489367537,2.7083420926384765,2.6035552755921563,2.7083420926384765,4.620647485903927,2.7083420926384765,2.5602455205304926,2.7083420926384765,1.7883784572535313,2.7083420926384765,3.5208700877178907,2.7083420926384765,5.416684185276953,2.7083420926384765,3.3516397526652826,2.7083420926384765,4.30328566276631,2.7083420926384765,2.39660080810448,2.7083420926384765,2.5602455205304926,2.7083420926384765,4.888527489367537,2.7083420926384765,2.7384545126694704,2.7083420926384765,4.620647485903927,2.7083420926384765,2.6035552755921563,2.7083420926384765,2.39660080810448,2.7083420926384765,3.3516397526652826,2.7083420926384765,5.416684185276953,2.7083420926384765,4.30328566276631,2.7083420926384765,4.993156182703477,2.7083420926384765,2.3010095367748127,2.7083420926384765,4.707680229645269,2.7083420926384765,5.416684185276953,2.7083420926384765,3.5208700877178907,2.7083420926384765,1.7883784572535313,2.7083420926384765,5.416684185276953,2.7083420926384765,1.9692257169757987,2.7083420926384765,2.331595554983075,2.7083420926384765,3.0697595660705588
julio_enciso,MID,Ipswich Town,,129.90177563558845,3.6083826565441237,125.06921427219055,3.4741448408941817,36,3.6083826565441264,4.656393242678629,3.6083826565441264,5.299872557387091,3.6083826565441264,2.8804800609926726,3.6083826565441264,4.840222353834291,3.6083826565441264,2.8548290744271645,3.6083826565441264,3.9747224698525336,3.6083826565441264,1.8169856248678748,3.6083826565441264,2.584569589942334,3.6083826565441264,4.551600346354106,3.6083826565441264,4.6892341783403655,3.6083826565441264,4.108881158277169,3.6083826565441264,2.755147456029804,3.6083826565441264,3.399751078292724,3.6083826565441264,3.338237086027591,3.6083826565441264,1.8041913282720632,3.6083826565441264,4.483961980181177,3.6083826565441264,1.8041913282720632,3.6083826565441264,4.108881158277169,3.6083826565441264,2.584569589942334,3.6083826565441264,1.8169856248678748,3.6083826565441264,4.6892341783403655,3.6083826565441264,4.551600346354106,3.6083826565441264,1.8041913282720632,3.6083826565441264,4.483961980181177,3.6083826565441264,3.338237086027591,3.6083826565441264,1.8041913282720632,3.6083826565441264,4.656393242678629,3.6083826565441264,5.299872557387091,3.6083826565441264,2.888176860986814,3.6083826565441264,2.494495583144433,3.6083826565441264,3.399751078292724,3.6083826565441264,2.755147456029804,3.6083826565441264,4.840222353834291,3.6083826565441264,2.8548290744271645,3.6083826565441264,3.9747224698525336,3.6083826565441264,2.8804800609926726
murillo_costa_dos_santos,DEF,Nott'm Forest,15210.0,104.58324196018056,2.90509005444946,123.63142545303515,3.4342062625843095,36,2.9050900544494613,5.810180108898923,2.9050900544494613,5.810180108898923,2.9050900544494613,5.810180108898923,2.9050900544494613,4.734153761829389,2.9050900544494613,1.8187301131033038,2.9050900544494613,2.0743322940401066,2.9050900544494613,2.7113924926445705,2.9050900544494613,1.4525450272247307,2.9050900544494613,5.810180108898923,2.9050900544494613,1.4525450272247307,2.9050900544494613,2.4712185088650376,2.9050900544494613,1.4525450272247307,2.9050900544494613,2.948940550621451,2.9050900544494613,2.5180839211561024,2.9050900544494613,5.810180108898923,2.9050900544494613,1.4525450272247307,2.9050900544494613,4.700985477604505,2.9050900544494613,2.4712185088650376,2.9050900544494613,1.4525450272247307,2.9050900544494613,5.810180108898923,2.9050900544494613,1.4525450272247307,2.9050900544494613,2.7113924926445705,2.9050900544494613,4.700985477604505,2.9050900544494613,5.810180108898923,2.9050900544494613,2.5180839211561024,2.9050900544494613,1.4525450272247307,2.9050900544494613,5.810180108898923,2.9050900544494613,5.810180108898923,2.9050900544494613,3.2828903526834416,2.9050900544494613,2.670699553835728,2.9050900544494613,2.948940550621451,2.9050900544494613,1.4525450272247307,2.9050900544494613,4.734153761829389,2.9050900544494613,1.8187301131033038,2.9050900544494613,2.0743322940401066,2.9050900544494613,5.810180108898923
dorde_petrovic,GK,Bournemouth,79641.0,102.49773105317682,2.8471591959215785,123.3768984899351,3.427136069164864,36,2.84715919592158,1.8981061306143865,2.84715919592158,3.163510217690644,2.84715919592158,1.42357959796079,2.84715919592158,1.42357959796079,2.84715919592158,3.163510217690644,2.84715919592158,5.69431839184316,2.84715919592158,2.5308081741525155,2.84715919592158,1.8981061306143865,2.84715919592158,5.69431839184316,2.84715919592158,5.061616348305031,2.84715919592158,1.8981061306143865,2.84715919592158,1.8981061306143865,2.84715919592158,1.8981061306143865,2.84715919592158,5.69431839184316,2.84715919592158,5.69431839184316,2.84715919592158,4.428914304766902,2.84715919592158,5.69431839184316,2.84715919592158,1.8981061306143865,2.84715919592158,1.8981061306143865,2.84715919592158,5.69431839184316,2.84715919592158,5.061616348305031,2.84715919592158,2.5308081741525155,2.84715919592158,5.69431839184316,2.84715919592158,4.428914304766902,2.84715919592158,5.69431839184316,2.84715919592158,5.69431839184316,2.84715919592158,1.8981061306143865,2.84715919592158,3.163510217690644,2.84715919592158,1.8981061306143865,2.84715919592158,3.163510217690644,2.84715919592158,1.8981061306143865,2.84715919592158,1.8981061306143865,2.84715919592158,5.69431839184316,2.84715919592158,3.163510217690644,2.84715919592158,1.42357959796079,2.84715919592158,1.42357959796079
bernd_leno,GK,Fulham,14973.0,102.48822688974288,2.8468951913817464,121.30936732165547,3.369704647823763,36,2.8468951913817446,4.42850363103827,2.8468951913817446,1.4234475956908723,2.8468951913817446,5.693790382763489,2.8468951913817446,1.8979301275878298,2.8468951913817446,1.8979301275878298,2.8468951913817446,5.693790382763489,2.8468951913817446,5.693790382763489,2.8468951913817446,1.8979301275878298,2.8468951913817446,1.8979301275878298,2.8468951913817446,3.7958602551756595,2.8468951913817446,5.693790382763489,2.8468951913817446,3.1632168793130497,2.8468951913817446,3.1632168793130497,2.8468951913817446,2.53057350345044,2.8468951913817446,1.8979301275878298,2.8468951913817446,1.8979301275878298,2.8468951913817446,5.693790382763489,2.8468951913817446,5.693790382763489,2.8468951913817446,1.8979301275878298,2.8468951913817446,5.693790382763489,2.8468951913817446,3.7958602551756595,2.8468951913817446,1.8979301275878298,2.8468951913817446,5.693790382763489,2.8468951913817446,1.8979301275878298,2.8468951913817446,2.53057350345044,2.8468951913817446,1.8979301275878298,2.8468951913817446,4.42850363103827,2.8468951913817446,1.4234475956908723,2.8468951913817446,1.4234475956908723,2.8468951913817446,3.1632168793130497,2.8468951913817446,3.1632168793130497,2.8468951913817446,3.1632168793130497,2.8468951913817446,1.8979301275878298,2.8468951913817446,1.8979301275878298,2.8468951913817446,5.693790382763489,2.8468951913817446,5.693790382763489
leif_davis,DEF,Ipswich Town,,107.65136789970121,2.9903157749917004,120.78457942714137,3.3551272063094824,36,2.9903157749917013,2.403380943015904,2.9903157749917013,4.260297612341479,2.9903157749917013,2.26604108288011,2.9903157749917013,4.230449244671619,2.9903157749917013,1.4951578874958507,2.9903157749917013,4.41852638481249,2.9903157749917013,2.2238665752215607,2.9903157749917013,5.332747942853519,2.9903157749917013,5.980631549983403,2.9903157749917013,5.980631549983403,2.9903157749917013,5.980631549983403,2.9903157749917013,2.9542956639649978,2.9903157749917013,1.4951578874958507,2.9903157749917013,1.4951578874958507,2.9903157749917013,2.4400007992284913,2.9903157749917013,1.4951578874958507,2.9903157749917013,1.6366877689569204,2.9903157749917013,5.980631549983403,2.9903157749917013,5.332747942853519,2.9903157749917013,2.2238665752215607,2.9903157749917013,5.980631549983403,2.9903157749917013,5.980631549983403,2.9903157749917013,1.6366877689569204,2.9903157749917013,1.4951578874958507,2.9903157749917013,1.4951578874958507,2.9903157749917013,2.4400007992284913,2.9903157749917013,2.403380943015904,2.9903157749917013,4.260297612341479,2.9903157749917013,2.653771934499811,2.9903157749917013,5.953167056880177,2.9903157749917013,1.4951578874958507,2.9903157749917013,2.9542956639649978,2.9903157749917013,4.230449244671619,2.9903157749917013,1.4951578874958507,2.9903157749917013,4.41852638481249,2.9903157749917013,2.26604108288011
timothy_castagne,DEF,Fulham,,97.88799454057845,2.7191109594605125,120.40190696349288,3.34449741565258,36,2.719110959460514,4.665690700607663,2.719110959460514,2.632077177745342,2.719110959460514,5.438221918921028,2.719110959460514,2.0443342952454517,2.719110959460514,2.435480931976679,2.719110959460514,5.438221918921028,2.719110959460514,5.438221918921028,2.719110959460514,1.359555479730257,2.719110959460514,1.359555479730257,2.719110959460514,5.438221918921028,2.719110959460514,5.438221918921028,2.719110959460514,2.481668599151661,2.719110959460514,2.6721816347893075,2.719110959460514,3.2354147668644617,2.719110959460514,1.359555479730257,2.719110959460514,1.7924285104635385,2.719110959460514,4.838975897901854,2.719110959460514,5.438221918921028,2.719110959460514,1.359555479730257,2.719110959460514,5.438221918921028,2.719110959460514,5.438221918921028,2.719110959460514,1.359555479730257,2.719110959460514,4.838975897901854,2.719110959460514,1.7924285104635385,2.719110959460514,3.2354147668644617,2.719110959460514,1.359555479730257,2.719110959460514,4.665690700607663,2.719110959460514,2.632077177745342,2.719110959460514,1.359555479730257,2.719110959460514,2.906294386678857,2.719110959460514,2.6721816347893075,2.719110959460514,2.481668599151661,2.719110959460514,2.0443342952454517,2.719110959460514,2.435480931976679,2.719110959460514,5.438221918921028,2.719110959460514,5.438221918921028
james_mcatee,MID,Nott'm Forest,,102.07142929065436,2.8353174802959544,120.0345691619701,3.334293587832503,36,2.8353174802959527,4.381736175047694,2.8353174802959527,4.51423355940344,2.8353174802959527,3.955539115954329,2.8353174802959527,5.102083122576262,2.8353174802959527,1.504928821924424,2.8353174802959527,4.980681211730711,2.8353174802959527,1.6075196276940042,2.8353174802959527,2.7482878278220095,2.8353174802959527,2.4881143350491906,2.8353174802959527,4.316622049613011,2.8353174802959527,1.7491763415482022,2.8353174802959527,3.2136552174334776,2.8353174802959527,2.780391086370012,2.8353174802959527,2.772981528324467,2.8353174802959527,2.4014018594395945,2.8353174802959527,3.272873528504141,2.8353174802959527,4.6595869077254495,2.8353174802959527,1.7491763415482022,2.8353174802959527,2.7482878278220095,2.8353174802959527,2.4881143350491906,2.8353174802959527,4.316622049613011,2.8353174802959527,1.6075196276940042,2.8353174802959527,4.6595869077254495,2.8353174802959527,2.4014018594395945,2.8353174802959527,2.772981528324467,2.8353174802959527,3.272873528504141,2.8353174802959527,4.381736175047694,2.8353174802959527,4.51423355940344,2.8353174802959527,2.6523262933984353,2.8353174802959527,4.482618236250846,2.8353174802959527,2.780391086370012,2.8353174802959527,3.2136552174334776,2.8353174802959527,5.102083122576262,2.8353174802959527,1.504928821924424,2.8353174802959527,4.980681211730711,2.8353174802959527,3.955539115954329
dango_ouattara,MID,Brentford,,84.86055072065994,2.357237520018332,119.61042938455236,3.3225119273486765,36,2.3572375200183338,2.6830544851205262,2.3572375200183338,2.401009828751121,2.3572375200183338,4.165504704557618,2.3572375200183338,4.356198182987252,2.3572375200183338,4.325689656687145,2.3572375200183338,1.6879407546169423,2.3572375200183338,3.69243209925982,2.3572375200183338,3.1011508010633904,2.3572375200183338,2.675904322668806,2.3572375200183338,2.317333004386109,2.3572375200183338,1.4522439110258778,2.3572375200183338,2.65207510518493,2.3572375200183338,4.496462966259814,2.3572375200183338,3.1582959832279767,2.3572375200183338,4.7144750400366675,2.3572375200183338,3.8170626492645097,2.3572375200183338,4.7144750400366675,2.3572375200183338,1.4522439110258778,2.3572375200183338,3.1011508010633904,2.3572375200183338,2.675904322668806,2.3572375200183338,2.317333004386109,2.3572375200183338,3.69243209925982,2.3572375200183338,4.7144750400366675,2.3572375200183338,3.8170626492645097,2.3572375200183338,3.1582959832279767,2.3572375200183338,4.7144750400366675,2.3572375200183338,2.6830544851205262,2.3572375200183338,2.401009828751121,2.3572375200183338,4.228339298996026,2.3572375200183338,2.559473015286,2.3572375200183338,4.496462966259814,2.3572375200183338,2.65207510518493,2.3572375200183338,4.356198182987252,2.3572375200183338,4.325689656687145,2.3572375200183338,1.6879407546169423,2.3572375200183338,4.165504704557618
james_hill,DEF,Bournemouth,14969.0,111.2040264968545,3.089000736023736,118.37536688900315,3.288204635805643,36,3.089000736023738,1.544500368011869,3.089000736023738,2.3971951073315916,3.089000736023738,2.3612176846308457,3.089000736023738,1.544500368011869,3.089000736023738,2.607215989178499,3.089000736023738,5.848728798118884,3.089000736023738,2.902467537513556,3.089000736023738,1.8339577319559623,3.089000736023738,4.341010804028087,3.089000736023738,4.1562331595743744,3.089000736023738,1.544500368011869,3.089000736023738,2.184852593148748,3.089000736023738,1.6079748470629822,3.089000736023738,5.8863734616024885,3.089000736023738,6.178001472047476,3.089000736023738,4.185557888059155,3.089000736023738,6.178001472047476,3.089000736023738,1.544500368011869,3.089000736023738,1.8339577319559623,3.089000736023738,4.341010804028087,3.089000736023738,4.1562331595743744,3.089000736023738,2.902467537513556,3.089000736023738,6.178001472047476,3.089000736023738,4.185557888059155,3.089000736023738,5.8863734616024885,3.089000736023738,6.178001472047476,3.089000736023738,1.544500368011869,3.089000736023738,2.3971951073315916,3.089000736023738,1.544500368011869,3.089000736023738,2.2262872203198376,3.089000736023738,1.6079748470629822,3.089000736023738,2.184852593148748,3.089000736023738,5.848728798118884,3.089000736023738,2.607215989178499,3.089000736023738,1.544500368011869,3.089000736023738,2.3612176846308457
mikkel_damsgaard,MID,Brentford,50210.0,83.95777710838324,2.3321604752328677,118.33797547652959,3.2871659854591555,36,2.3321604752328677,2.6545112955124255,2.3321604752328677,2.3754671201803412,2.3321604752328677,4.121190736557716,2.3321604752328677,4.3098555569254176,2.3321604752328677,4.279671590061459,2.3321604752328677,1.6699839023526812,2.3321604752328677,3.6531508285630467,2.3321604752328677,3.068159769457824,2.3321604752328677,2.6474371987700374,2.3321604752328677,2.2926804765689814,2.3321604752328677,1.4367944769799048,2.3321604752328677,2.6238614841041725,2.3321604752328677,4.448628158683779,2.3321604752328677,3.1246970229430793,2.3321604752328677,4.6643209504657355,2.3321604752328677,3.776455519014949,2.3321604752328677,4.6643209504657355,2.3321604752328677,1.4367944769799048,2.3321604752328677,3.068159769457824,2.3321604752328677,2.6474371987700374,2.3321604752328677,2.2926804765689814,2.3321604752328677,3.6531508285630467,2.3321604752328677,4.6643209504657355,2.3321604752328677,3.776455519014949,2.3321604752328677,3.1246970229430793,2.3321604752328677,4.6643209504657355,2.3321604752328677,2.6545112955124255,2.3321604752328677,2.3754671201803412,2.3321604752328677,4.183356876533887,2.3321604752328677,2.5322445247811403,2.3321604752328677,4.448628158683779,2.3321604752328677,2.6238614841041725,2.3321604752328677,4.3098555569254176,2.3321604752328677,4.279671590061459,2.3321604752328677,1.6699839023526812,2.3321604752328677,4.121190736557716
jaidon_anthony,MID,Brentford,,83.9240188651721,2.3312227462547805,118.29039343833324,3.285844262175923,36,2.3312227462547797,2.6534439537960646,2.3312227462547797,2.3745119782084467,2.3312227462547797,4.11953366363373,2.3312227462547797,4.308122624526458,2.3312227462547797,4.277950794211722,2.3312227462547797,1.669312425276036,2.3312227462547797,3.6516819479136875,2.3312227462547797,3.066926105498685,2.3312227462547797,2.6463727014486396,2.3312227462547797,2.291758621943964,2.3312227462547797,1.4362167620966757,2.3312227462547797,2.6228064662465838,2.3312227462547797,4.446839427770346,2.3312227462547797,3.123440626148229,2.3312227462547797,4.662445492509559,2.3312227462547797,3.7749370592810463,2.3312227462547797,4.662445492509559,2.3312227462547797,1.4362167620966757,2.3312227462547797,3.066926105498685,2.3312227462547797,2.6463727014486396,2.3312227462547797,2.291758621943964,2.3312227462547797,3.6516819479136875,2.3312227462547797,4.662445492509559,2.3312227462547797,3.7749370592810463,2.3312227462547797,3.123440626148229,2.3312227462547797,4.662445492509559,2.3312227462547797,2.6534439537960646,2.3312227462547797,2.3745119782084467,2.3312227462547797,4.181674807477975,2.3312227462547797,2.5312263448163783,2.3312227462547797,4.446839427770346,2.3312227462547797,2.6228064662465838,2.3312227462547797,4.308122624526458,2.3312227462547797,4.277950794211722,2.3312227462547797,1.669312425276036,2.3312227462547797,4.11953366363373
nikola_milenkovic,DEF,Nott'm Forest,14972.0,99.20394394158158,2.7556651094883775,117.27237337632394,3.2575659271201096,36,2.7556651094883793,5.511330218976759,2.7556651094883793,5.511330218976759,2.7556651094883793,5.511330218976759,2.7556651094883793,4.490649893777108,2.7556651094883793,1.7251827042602326,2.7556651094883793,1.9676378429014216,2.7556651094883793,2.571930490989656,2.7556651094883793,1.3778325547441896,2.7556651094883793,5.511330218976759,2.7556651094883793,1.3778325547441896,2.7556651094883793,2.3441099914858943,2.7556651094883793,1.3778325547441896,2.7556651094883793,2.797260130665031,2.7556651094883793,2.3885648548711016,2.7556651094883793,5.511330218976759,2.7556651094883793,1.3778325547441896,2.7556651094883793,4.4591876389529865,2.7556651094883793,2.3441099914858943,2.7556651094883793,1.3778325547441896,2.7556651094883793,5.511330218976759,2.7556651094883793,1.3778325547441896,2.7556651094883793,2.571930490989656,2.7556651094883793,4.4591876389529865,2.7556651094883793,5.511330218976759,2.7556651094883793,2.3885648548711016,2.7556651094883793,1.3778325547441896,2.7556651094883793,5.511330218976759,2.7556651094883793,5.511330218976759,2.7556651094883793,3.11403303636319,2.7556651094883793,2.5333306164328158,2.7556651094883793,2.797260130665031,2.7556651094883793,1.3778325547441896,2.7556651094883793,4.490649893777108,2.7556651094883793,1.7251827042602326,2.7556651094883793,1.9676378429014216,2.7556651094883793,5.511330218976759
maxence_lacroix,DEF,Chelsea,14974.0,113.79372308183949,3.160936752273319,116.08027645844373,3.2244521238456594,36,3.160936752273321,1.5804683761366605,3.160936752273321,1.9753755855536785,3.160936752273321,2.167359346658296,3.160936752273321,4.736875947323837,3.160936752273321,2.012837586956863,3.160936752273321,6.321873504546642,3.160936752273321,5.287970506824108,3.160936752273321,2.3572440664594323,3.160936752273321,2.624187796213509,3.160936752273321,3.924807918754644,3.160936752273321,3.7842593545764074,3.160936752273321,2.1348313295934127,3.160936752273321,1.5804683761366605,3.160936752273321,6.321873504546642,3.160936752273321,5.322005914707038,3.160936752273321,1.6581234541879055,3.160936752273321,1.5804683761366605,3.160936752273321,3.7842593545764074,3.160936752273321,2.3572440664594323,3.160936752273321,2.624187796213509,3.160936752273321,3.924807918754644,3.160936752273321,5.287970506824108,3.160936752273321,1.5804683761366605,3.160936752273321,1.6581234541879055,3.160936752273321,6.321873504546642,3.160936752273321,5.322005914707038,3.160936752273321,1.5804683761366605,3.160936752273321,1.9753755855536785,3.160936752273321,3.757746191682272,3.160936752273321,1.5804683761366605,3.160936752273321,1.5804683761366605,3.160936752273321,2.1348313295934127,3.160936752273321,6.321873504546642,3.160936752273321,2.012837586956863,3.160936752273321,4.736875947323837,3.160936752273321,2.167359346658296
noah_sadiki,MID,Sunderland,,104.6182897363219,2.9060636037867194,115.79894590074382,3.2166373861317727,36,2.906063603786718,1.5561540899926352,2.906063603786718,1.4568413977905579,2.906063603786718,2.6604709952296073,2.906063603786718,3.110968366594165,2.906063603786718,2.4086109010129784,2.906063603786718,2.5675757473566896,2.906063603786718,3.8291466352097845,2.906063603786718,4.178691781881211,2.906063603786718,4.369988954178339,2.906063603786718,4.241725296910094,2.906063603786718,4.339383844553069,2.906063603786718,3.168294457913662,2.906063603786718,3.70412153212777,2.906063603786718,4.939054790932092,2.906063603786718,2.6843756508070173,2.906063603786718,2.3246691741136134,2.906063603786718,1.6932844060655707,2.906063603786718,4.339383844553069,2.906063603786718,4.178691781881211,2.906063603786718,3.8291466352097845,2.906063603786718,4.241725296910094,2.906063603786718,4.369988954178339,2.906063603786718,1.6932844060655707,2.906063603786718,2.6843756508070173,2.906063603786718,4.939054790932092,2.906063603786718,2.3246691741136134,2.906063603786718,1.5561540899926352,2.906063603786718,1.4568413977905579,2.906063603786718,4.821532070312978,2.906063603786718,4.510697785093139,2.906063603786718,3.70412153212777,2.906063603786718,3.168294457913662,2.906063603786718,3.110968366594165,2.906063603786718,2.4086109010129784,2.906063603786718,2.5675757473566896,2.906063603786718,2.6604709952296073
gonzalo_garcia,FWD,Fulham,14973.0,128.38944966359492,3.5663736017665255,114.8281324993,3.1896703472027776,36,3.5663736017665224,7.132747203533045,3.5663736017665224,2.161538864038346,3.5663736017665224,3.6331356225558555,3.5663736017665224,3.9745538833067635,3.5663736017665224,2.0233785184907394,3.5663736017665224,2.311995396171908,3.5663736017665224,2.1981039973457057,3.5663736017665224,1.7831868008832612,3.5663736017665224,2.5917063625757737,3.5663736017665224,1.7831868008832612,3.5663736017665224,3.9010747358842846,3.5663736017665224,2.82968938937573,3.5663736017665224,4.215572708390322,3.5663736017665224,1.9684965238297536,3.5663736017665224,5.945131018727764,3.5663736017665224,1.9426736617162619,3.5663736017665224,2.972565509363882,3.5663736017665224,3.9010747358842846,3.5663736017665224,1.7831868008832612,3.5663736017665224,2.1981039973457057,3.5663736017665224,1.7831868008832612,3.5663736017665224,2.5917063625757737,3.5663736017665224,2.972565509363882,3.5663736017665224,1.9426736617162619,3.5663736017665224,1.9684965238297536,3.5663736017665224,5.945131018727764,3.5663736017665224,7.132747203533045,3.5663736017665224,2.161538864038346,3.5663736017665224,4.127237826002822,3.5663736017665224,3.9634206791518425,3.5663736017665224,4.215572708390322,3.5663736017665224,2.82968938937573,3.5663736017665224,3.9745538833067635,3.5663736017665224,2.0233785184907394,3.5663736017665224,2.311995396171908,3.5663736017665224,3.6331356225558555
harvey_barnes,MID,Newcastle,,108.66717083993204,3.0185325233314457,113.3134380454834,3.1475955012634276,36,3.018532523331448,2.3575673957217256,3.018532523331448,2.5131634443189617,3.018532523331448,1.6574001661062427,3.018532523331448,3.7479990050744596,3.018532523331448,4.277379743528538,3.018532523331448,4.834385884364949,3.018532523331448,2.627488113397778,3.018532523331448,4.415106659866639,3.018532523331448,1.509266261665724,3.018532523331448,3.0450404368424624,3.018532523331448,2.275404569673197,3.018532523331448,2.6345089050948522,3.018532523331448,4.719353716125732,3.018532523331448,1.5231759283920474,3.018532523331448,2.6040900474953284,3.018532523331448,3.6256234455563403,3.018532523331448,4.090136558623995,3.018532523331448,2.275404569673197,3.018532523331448,4.415106659866639,3.018532523331448,1.509266261665724,3.018532523331448,3.0450404368424624,3.018532523331448,2.627488113397778,3.018532523331448,4.090136558623995,3.018532523331448,2.6040900474953284,3.018532523331448,1.5231759283920474,3.018532523331448,3.6256234455563403,3.018532523331448,2.3575673957217256,3.018532523331448,2.5131634443189617,3.018532523331448,4.247423220220983,3.018532523331448,4.151834261564446,3.018532523331448,4.719353716125732,3.018532523331448,2.6345089050948522,3.018532523331448,3.7479990050744596,3.018532523331448,4.277379743528538,3.018532523331448,4.834385884364949,3.018532523331448,1.6574001661062427
adrien_truffert,DEF,Bournemouth,61014.0,104.61208272268526,2.905891186741257,111.35832094776609,3.0932866929935026,36,2.9058911867412567,1.4529455933706283,2.9058911867412567,2.2550943591748633,2.9058911867412567,2.2212496033842455,2.9058911867412567,1.4529455933706283,2.9058911867412567,2.4526656392568977,2.9058911867412567,5.502028299925547,2.9058911867412567,2.730415288900218,2.9058911867412567,1.7252445258419844,2.9058911867412567,4.083684697729011,2.9058911867412567,3.9098602883454054,2.9058911867412567,1.4529455933706283,2.9058911867412567,2.055339068300869,2.9058911867412567,1.5126574371091481,2.9058911867412567,5.537441465927461,2.9058911867412567,5.811782373482513,2.9058911867412567,3.9374467078187774,2.9058911867412567,5.811782373482513,2.9058911867412567,1.4529455933706283,2.9058911867412567,1.7252445258419844,2.9058911867412567,4.083684697729011,2.9058911867412567,3.9098602883454054,2.9058911867412567,2.730415288900218,2.9058911867412567,5.811782373482513,2.9058911867412567,3.9374467078187774,2.9058911867412567,5.537441465927461,2.9058911867412567,5.811782373482513,2.9058911867412567,1.4529455933706283,2.9058911867412567,2.2550943591748633,2.9058911867412567,1.4529455933706283,2.9058911867412567,2.0943175368127824,2.9058911867412567,1.5126574371091481,2.9058911867412567,2.055339068300869,2.9058911867412567,5.502028299925547,2.9058911867412567,2.4526656392568977,2.9058911867412567,1.4529455933706283,2.9058911867412567,2.2212496033842455
joe_rodon,DEF,Leeds,,70.48470906034686,1.957908585009635,110.25741043466599,3.0627058454073883,36,1.957908585009637,1.0960679870352623,1.957908585009637,1.4866408077877806,1.957908585009637,3.915817170019274,1.957908585009637,2.3097993291369407,1.957908585009637,3.915817170019274,1.957908585009637,3.745174095054563,1.957908585009637,3.915817170019274,1.957908585009637,3.915817170019274,1.957908585009637,1.5525290233906606,1.957908585009637,3.915817170019274,1.957908585009637,1.4854527405637439,1.957908585009637,2.6344157974079714,1.957908585009637,3.391806180220047,1.957908585009637,3.915817170019274,1.957908585009637,3.915817170019274,1.957908585009637,3.1384639275519817,1.957908585009637,3.1979833125831783,1.957908585009637,1.4854527405637439,1.957908585009637,3.915817170019274,1.957908585009637,1.5525290233906606,1.957908585009637,3.915817170019274,1.957908585009637,3.915817170019274,1.957908585009637,3.1979833125831783,1.957908585009637,3.915817170019274,1.957908585009637,3.915817170019274,1.957908585009637,3.1384639275519817,1.957908585009637,1.0960679870352623,1.957908585009637,1.4866408077877806,1.957908585009637,3.915817170019274,1.957908585009637,3.44348648291262,1.957908585009637,3.391806180220047,1.957908585009637,2.6344157974079714,1.957908585009637,2.3097993291369407,1.957908585009637,3.915817170019274,1.957908585009637,3.745174095054563,1.957908585009637,3.915817170019274
kjell_scherpen,GK,Ipswich Town,,104.39403891095246,2.899834414193124,109.8070631507797,3.0501961986327695,36,2.8998344141931263,1.4499172070965631,2.8998344141931263,3.6086828265514455,2.8998344141931263,2.57763059039389,2.8998344141931263,4.124208944630224,2.8998344141931263,1.546578354236334,2.8998344141931263,4.6397350627090015,2.8998344141931263,1.546578354236334,2.8998344141931263,3.093156708472668,2.8998344141931263,5.7996688283862525,2.8998344141931263,5.7996688283862525,2.8998344141931263,5.7996688283862525,2.8998344141931263,2.062104472315112,2.8998344141931263,1.546578354236334,2.8998344141931263,1.546578354236334,2.8998344141931263,2.57763059039389,2.8998344141931263,1.4499172070965631,2.8998344141931263,1.546578354236334,2.8998344141931263,5.7996688283862525,2.8998344141931263,3.093156708472668,2.8998344141931263,1.546578354236334,2.8998344141931263,5.7996688283862525,2.8998344141931263,5.7996688283862525,2.8998344141931263,1.546578354236334,2.8998344141931263,1.4499172070965631,2.8998344141931263,1.546578354236334,2.8998344141931263,2.57763059039389,2.8998344141931263,1.4499172070965631,2.8998344141931263,3.6086828265514455,2.8998344141931263,2.57763059039389,2.8998344141931263,5.7996688283862525,2.8998344141931263,1.546578354236334,2.8998344141931263,2.062104472315112,2.8998344141931263,4.124208944630224,2.8998344141931263,1.546578354236334,2.8998344141931263,4.6397350627090015,2.8998344141931263,2.57763059039389
ola_aina,DEF,Nott'm Forest,,91.40176589688349,2.538937941580097,108.04915199567795,3.0013653332132764,36,2.5389379415800963,5.077875883160193,2.5389379415800963,5.077875883160193,2.5389379415800963,5.077875883160193,2.5389379415800963,4.137469882826271,2.5389379415800963,1.589500773850303,2.5389379415800963,1.8128873343244336,2.5389379415800963,2.3696536579122736,2.5389379415800963,1.2694689707900482,2.5389379415800963,5.077875883160193,2.5389379415800963,1.2694689707900482,2.5389379415800963,2.1597507535033915,2.5389379415800963,1.2694689707900482,2.5389379415800963,2.5772616032916007,2.5389379415800963,2.2007093369494832,2.5389379415800963,5.077875883160193,2.5389379415800963,1.2694689707900482,2.5389379415800963,4.1084820670624564,2.5389379415800963,2.1597507535033915,2.5389379415800963,1.2694689707900482,2.5389379415800963,5.077875883160193,2.5389379415800963,1.2694689707900482,2.5389379415800963,2.3696536579122736,2.5389379415800963,4.1084820670624564,2.5389379415800963,5.077875883160193,2.5389379415800963,2.2007093369494832,2.5389379415800963,1.2694689707900482,2.5389379415800963,5.077875883160193,2.5389379415800963,5.077875883160193,2.5389379415800963,2.8691209973712213,2.5389379415800963,2.3340895809440134,2.5389379415800963,2.5772616032916007,2.5389379415800963,1.2694689707900482,2.5389379415800963,4.137469882826271,2.5389379415800963,1.589500773850303,2.5389379415800963,1.8128873343244336,2.5389379415800963,5.077875883160193
ethan_ampadu,MID,Leeds,61014.0,105.80383846521674,2.9389955129226872,107.9013153598172,2.9972587599949225,36,2.938995512922686,2.7839658934026836,2.938995512922686,2.835266281008452,2.938995512922686,4.419897107039859,2.938995512922686,1.469497756461343,2.938995512922686,2.0803167797112962,2.938995512922686,2.408632361301272,2.938995512922686,2.1554351599656716,2.938995512922686,3.7958658411911674,2.938995512922686,3.739457952938092,2.938995512922686,3.426654461592069,2.938995512922686,2.380821544391017,2.938995512922686,4.314727524019734,2.938995512922686,3.883259229293963,2.938995512922686,4.036565888612427,2.938995512922686,3.910647351357666,2.938995512922686,1.5152986076415897,2.938995512922686,2.4022135156291897,2.938995512922686,2.380821544391017,2.938995512922686,3.7958658411911674,2.938995512922686,3.739457952938092,2.938995512922686,3.426654461592069,2.938995512922686,2.1554351599656716,2.938995512922686,2.4022135156291897,2.938995512922686,3.910647351357666,2.938995512922686,4.036565888612427,2.938995512922686,1.5152986076415897,2.938995512922686,2.7839658934026836,2.938995512922686,2.835266281008452,2.938995512922686,3.3147710922408917,2.938995512922686,1.469497756461343,2.938995512922686,3.883259229293963,2.938995512922686,4.314727524019734,2.938995512922686,1.469497756461343,2.938995512922686,2.0803167797112962,2.938995512922686,2.408632361301272,2.938995512922686,4.419897107039859
charalampos_kostoulas,FWD,Brighton,14969.0,96.94253850708611,2.6928482918635033,107.65803998857842,2.9905011107938453,36,2.6928482918635055,1.890886042566489,2.6928482918635055,2.2208420346072866,2.6928482918635055,1.8660812796632127,2.6928482918635055,3.8071577736124915,2.6928482918635055,5.385696583727011,2.6928482918635055,2.0763174427777744,2.6928482918635055,2.4895250401006686,2.6928482918635055,4.049368388119572,2.6928482918635055,1.9436042447255502,2.6928482918635055,1.450345818519044,2.6928482918635055,1.5970100024142286,2.6928482918635055,2.855368330209369,2.6928482918635055,2.718125283126896,2.6928482918635055,3.817852037021515,2.6928482918635055,5.385696583727011,2.6928482918635055,3.747269898521957,2.6928482918635055,3.4898946258114503,2.6928482918635055,1.5970100024142286,2.6928482918635055,4.049368388119572,2.6928482918635055,2.4895250401006686,2.6928482918635055,1.450345818519044,2.6928482918635055,1.9436042447255502,2.6928482918635055,3.4898946258114503,2.6928482918635055,3.747269898521957,2.6928482918635055,3.817852037021515,2.6928482918635055,5.385696583727011,2.6928482918635055,1.890886042566489,2.6928482918635055,2.2208420346072866,2.6928482918635055,2.1114409491586517,2.6928482918635055,3.9645162209166998,2.6928482918635055,2.718125283126896,2.6928482918635055,2.855368330209369,2.6928482918635055,3.8071577736124915,2.6928482918635055,5.385696583727011,2.6928482918635055,2.0763174427777744,2.6928482918635055,1.8660812796632127
antonio_joao_pereira_de_albuquerque_tavares_da_silva,DEF,Bournemouth,,100.17906786955434,2.7827518852653985,106.63942922959068,2.96220636748863,36,2.782751885265399,1.3913759426326995,2.782751885265399,2.1595330575617946,2.782751885265399,2.127122498483598,2.782751885265399,1.3913759426326995,2.782751885265399,2.3487321076264083,2.782751885265399,5.2688757563463025,2.782751885265399,2.614711909176897,2.782751885265399,1.6521360052075724,2.782751885265399,3.910635519762399,2.782751885265399,3.74417704907898,2.782751885265399,1.3913759426326995,2.782751885265399,1.9682425457877757,2.782751885265399,1.4485574525578453,2.782751885265399,5.30278826308595,2.782751885265399,5.565503770530798,2.782751885265399,3.7705944734985555,2.782751885265399,5.565503770530798,2.782751885265399,1.3913759426326995,2.782751885265399,1.6521360052075724,2.782751885265399,3.910635519762399,2.782751885265399,3.74417704907898,2.782751885265399,2.614711909176897,2.782751885265399,5.565503770530798,2.782751885265399,3.7705944734985555,2.782751885265399,5.30278826308595,2.782751885265399,5.565503770530798,2.782751885265399,1.3913759426326995,2.782751885265399,2.1595330575617946,2.782751885265399,1.3913759426326995,2.782751885265399,2.0055692726904177,2.782751885265399,1.4485574525578453,2.782751885265399,1.9682425457877757,2.782751885265399,5.2688757563463025,2.782751885265399,2.3487321076264083,2.782751885265399,1.3913759426326995,2.782751885265399,2.127122498483598
abdul_fatawu,MID,Ipswich Town,,110.69725016599045,3.074923615721957,106.57912898120188,2.960531360588941,36,3.074923615721957,3.9679975514884984,3.074923615721957,4.5163456424087265,3.074923615721957,2.4546332823374932,3.074923615721957,4.1246495834243495,3.074923615721957,2.432774507405793,3.074923615721957,3.3871041826244848,3.074923615721957,1.54836461072133,3.074923615721957,2.2024698667080824,3.074923615721957,3.878697113497593,3.074923615721957,3.99598332191269,3.074923615721957,3.5014290086079596,3.074923615721957,2.3478297020350163,3.074923615721957,2.897135884205424,3.074923615721957,2.8447160480856732,3.074923615721957,1.5374618078609785,3.074923615721957,3.8210583236933044,3.074923615721957,1.5374618078609785,3.074923615721957,3.5014290086079596,3.074923615721957,2.2024698667080824,3.074923615721957,1.54836461072133,3.074923615721957,3.99598332191269,3.074923615721957,3.878697113497593,3.074923615721957,1.5374618078609785,3.074923615721957,3.8210583236933044,3.074923615721957,2.8447160480856732,3.074923615721957,1.5374618078609785,3.074923615721957,3.9679975514884984,3.074923615721957,4.5163456424087265,3.074923615721957,2.4611921964882835,3.074923615721957,2.125712294956856,3.074923615721957,2.897135884205424,3.074923615721957,2.3478297020350163,3.074923615721957,4.1246495834243495,3.074923615721957,2.432774507405793,3.074923615721957,3.3871041826244848,3.074923615721957,2.4546332823374932
chuba_akpom,FWD,Ipswich Town,,71.4732455943762,1.9853679331771166,106.54863465285887,2.959684295912746,36,1.985367933177117,2.284247856490628,1.985367933177117,3.970735866354234,1.985367933177117,2.9903288022033534,1.985367933177117,3.970735866354234,1.985367933177117,2.7388356517016152,1.985367933177117,3.141315895822802,1.985367933177117,2.138244248403974,1.985367933177117,1.756940725753577,1.985367933177117,3.970735866354234,1.985367933177117,2.322888765876631,1.985367933177117,2.443245696751068,1.985367933177117,2.0802466427397985,1.985367933177117,1.5955890264496768,1.985367933177117,3.970735866354234,1.985367933177117,3.970735866354234,1.985367933177117,3.970735866354234,1.985367933177117,2.0529578354865277,1.985367933177117,2.443245696751068,1.985367933177117,1.756940725753577,1.985367933177117,2.138244248403974,1.985367933177117,2.322888765876631,1.985367933177117,3.970735866354234,1.985367933177117,2.0529578354865277,1.985367933177117,3.970735866354234,1.985367933177117,3.970735866354234,1.985367933177117,3.970735866354234,1.985367933177117,2.284247856490628,1.985367933177117,3.970735866354234,1.985367933177117,3.970735866354234,1.985367933177117,3.8393860948945355,1.985367933177117,1.5955890264496768,1.985367933177117,2.0802466427397985,1.985367933177117,3.970735866354234,1.985367933177117,2.7388356517016152,1.985367933177117,3.141315895822802,1.985367933177117,2.9903288022033534
kobbie_mainoo,MID,Man Utd,,83.01343028335876,2.305928618982188,106.25400205832157,2.951500057175599,36,2.305928618982186,2.3898229939998084,2.305928618982186,2.3685413616972033,2.305928618982186,4.015745442542221,2.305928618982186,3.77628691637807,2.305928618982186,2.285839374986339,2.305928618982186,2.1443175112652026,2.305928618982186,3.7201699777657824,2.305928618982186,3.8904763880870723,2.305928618982186,3.8632295328660584,2.305928618982186,1.385399552910266,2.305928618982186,2.82064209046447,2.305928618982186,3.4089799143686292,2.305928618982186,4.397099453813737,2.305928618982186,1.2969842987526758,2.305928618982186,3.297673634980062,2.305928618982186,2.396208731521587,2.305928618982186,2.7696063082145903,2.305928618982186,2.82064209046447,2.305928618982186,3.8904763880870723,2.305928618982186,3.8632295328660584,2.305928618982186,1.385399552910266,2.305928618982186,3.7201699777657824,2.305928618982186,2.7696063082145903,2.305928618982186,3.297673634980062,2.305928618982186,1.2969842987526758,2.305928618982186,2.396208731521587,2.305928618982186,2.3898229939998084,2.305928618982186,2.3685413616972033,2.305928618982186,1.507482757780285,2.305928618982186,4.292472331313747,2.305928618982186,4.397099453813737,2.305928618982186,3.4089799143686292,2.305928618982186,2.1443175112652026,2.305928618982186,2.285839374986339,2.305928618982186,3.77628691637807,2.305928618982186,4.015745442542221
harrison_armstrong,MID,Everton,,103.73627645696735,2.8815632349157596,105.51136877125896,2.930871354757193,36,2.8815632349157596,2.0745977952782213,2.8815632349157596,3.7854306527297132,2.8815632349157596,4.30286593650408,2.8815632349157596,1.5111329107472133,2.8815632349157596,3.7291778350110723,2.8815632349157596,1.4407816174578798,2.8815632349157596,2.827471870136585,2.8815632349157596,3.4172342695739615,2.8815632349157596,1.4407816174578798,2.8815632349157596,3.872583788275308,2.8815632349157596,3.8998966178425696,2.8815632349157596,4.025468993319749,2.8815632349157596,2.776312512070639,2.8815632349157596,3.3056584780176084,2.8815632349157596,2.402010806779564,2.8815632349157596,2.374276444393222,2.8815632349157596,2.2913742067006426,2.8815632349157596,3.8998966178425696,2.8815632349157596,3.4172342695739615,2.8815632349157596,1.4407816174578798,2.8815632349157596,3.872583788275308,2.8815632349157596,2.827471870136585,2.8815632349157596,2.2913742067006426,2.8815632349157596,2.402010806779564,2.8815632349157596,3.3056584780176084,2.8815632349157596,2.374276444393222,2.8815632349157596,2.0745977952782213,2.8815632349157596,3.7854306527297132,2.8815632349157596,4.407746398552827,2.8815632349157596,2.1495096681143506,2.8815632349157596,2.776312512070639,2.8815632349157596,4.025468993319749,2.8815632349157596,1.5111329107472133,2.8815632349157596,3.7291778350110723,2.8815632349157596,1.4407816174578798,2.8815632349157596,4.30286593650408
lewis_miley,MID,Newcastle,,99.47211209383975,2.763114224828882,103.72522744336246,2.881256317871179,36,2.763114224828881,2.158077793351703,2.763114224828881,2.3005078158487575,2.763114224828881,1.5171564128610355,2.763114224828881,3.4308556510552406,2.763114224828881,3.9154419317948985,2.763114224828881,4.425316044187602,2.763114224828881,2.4051587072799,2.763114224828881,4.041514849258653,2.763114224828881,1.3815571124144406,2.763114224828881,2.787379125845081,2.763114224828881,2.0828673155277735,2.763114224828881,2.411585422664877,2.763114224828881,4.320017519849062,2.763114224828881,1.3942897888713153,2.763114224828881,2.3837405087914543,2.763114224828881,3.318835109065944,2.763114224828881,3.7440426496228456,2.763114224828881,2.0828673155277735,2.763114224828881,4.041514849258653,2.763114224828881,1.3815571124144406,2.763114224828881,2.787379125845081,2.763114224828881,2.4051587072799,2.763114224828881,3.7440426496228456,2.763114224828881,2.3837405087914543,2.763114224828881,1.3942897888713153,2.763114224828881,3.318835109065944,2.763114224828881,2.158077793351703,2.763114224828881,2.3005078158487575,2.763114224828881,3.8880202310056133,2.763114224828881,3.800519695775681,2.763114224828881,4.320017519849062,2.763114224828881,2.411585422664877,2.763114224828881,3.4308556510552406,2.763114224828881,3.9154419317948985,2.763114224828881,4.425316044187602,2.763114224828881,1.5171564128610355
oli_mcburnie,FWD,Hull City,61014.0,139.7339049594774,3.881497359985483,103.65184565774612,2.879217934937392,36,3.881497359985482,1.940748679992741,3.881497359985482,3.197637530248207,3.881497359985482,1.940748679992741,3.881497359985482,2.192343008053925,3.881497359985482,5.402508212633869,3.881497359985482,3.266076265077766,3.881497359985482,3.079343425082955,3.881497359985482,1.940748679992741,3.881497359985482,4.606076719871984,3.881497359985482,5.655526159792879,3.881497359985482,2.303038359935992,3.881497359985482,1.940748679992741,3.881497359985482,3.0224143869721773,3.881497359985482,2.007962196930518,3.881497359985482,1.940748679992741,3.881497359985482,1.940748679992741,3.881497359985482,3.070717813247989,3.881497359985482,2.303038359935992,3.881497359985482,1.940748679992741,3.881497359985482,3.079343425082955,3.881497359985482,5.655526159792879,3.881497359985482,4.606076719871984,3.881497359985482,3.070717813247989,3.881497359985482,1.940748679992741,3.881497359985482,2.007962196930518,3.881497359985482,1.940748679992741,3.881497359985482,1.940748679992741,3.881497359985482,3.197637530248207,3.881497359985482,2.81482466214399,3.881497359985482,1.940748679992741,3.881497359985482,3.0224143869721773,3.881497359985482,1.940748679992741,3.881497359985482,2.192343008053925,3.881497359985482,5.402508212633869,3.881497359985482,3.266076265077766,3.881497359985482,1.940748679992741
lewie_coyle,DEF,Hull City,,57.339708374629254,1.5927696770730349,102.44183021612857,2.84560639489246,36,1.5927696770730344,3.185539354146069,1.5927696770730344,1.9202606135419993,1.5927696770730344,1.8387661336240306,1.5927696770730344,3.185539354146069,1.5927696770730344,3.185539354146069,1.5927696770730344,3.185539354146069,1.5927696770730344,3.185539354146069,1.5927696770730344,2.856897752056596,1.5927696770730344,1.3556823438130765,1.5927696770730344,3.185539354146069,1.5927696770730344,3.185539354146069,1.5927696770730344,3.185539354146069,1.5927696770730344,3.185539354146069,1.5927696770730344,1.8372966611296773,1.5927696770730344,3.185539354146069,1.5927696770730344,3.185539354146069,1.5927696770730344,3.185539354146069,1.5927696770730344,3.185539354146069,1.5927696770730344,2.856897752056596,1.5927696770730344,3.185539354146069,1.5927696770730344,3.185539354146069,1.5927696770730344,1.3556823438130765,1.5927696770730344,3.185539354146069,1.5927696770730344,3.185539354146069,1.5927696770730344,1.8372966611296773,1.5927696770730344,3.185539354146069,1.5927696770730344,3.185539354146069,1.5927696770730344,1.9202606135419993,1.5927696770730344,3.185539354146069,1.5927696770730344,3.185539354146069,1.5927696770730344,3.185539354146069,1.5927696770730344,3.185539354146069,1.5927696770730344,3.185539354146069,1.5927696770730344,3.185539354146069,1.5927696770730344,3.185539354146069,1.5927696770730344,1.8387661336240306
antonee_robinson,DEF,Fulham,50210.0,82.70710880055223,2.297419688904229,101.7294681105715,2.8258185586269864,36,2.2974196889042307,3.9421155803219357,2.2974196889042307,2.2238834755266415,2.2974196889042307,4.594839377808461,2.2974196889042307,1.727290254286241,2.2974196889042307,2.057776210127221,2.2974196889042307,4.594839377808461,2.2974196889042307,4.594839377808461,2.2974196889042307,1.1487098444521153,2.2974196889042307,1.1487098444521153,2.2974196889042307,4.594839377808461,2.2974196889042307,4.594839377808461,2.2974196889042307,2.096800897804333,2.2974196889042307,2.2577683631238363,2.2974196889042307,2.733652910082299,2.2974196889042307,1.1487098444521153,2.2974196889042307,1.5144510879795952,2.2974196889042307,4.088526973602597,2.2974196889042307,4.594839377808461,2.2974196889042307,1.1487098444521153,2.2974196889042307,4.594839377808461,2.2974196889042307,4.594839377808461,2.2974196889042307,1.1487098444521153,2.2974196889042307,4.088526973602597,2.2974196889042307,1.5144510879795952,2.2974196889042307,2.733652910082299,2.2974196889042307,1.1487098444521153,2.2974196889042307,3.9421155803219357,2.2974196889042307,2.2238834755266415,2.2974196889042307,1.1487098444521153,2.2974196889042307,2.4555739156126966,2.2974196889042307,2.2577683631238363,2.2974196889042307,2.096800897804333,2.2974196889042307,1.727290254286241,2.2974196889042307,2.057776210127221,2.2974196889042307,4.594839377808461,2.2974196889042307,4.594839377808461
calvin_bassey,DEF,Fulham,,81.65147664963439,2.268096573600955,100.43104408401932,2.7897512245560923,36,2.2680965736009537,3.8918003896500224,2.2680965736009537,2.1954989396541285,2.2680965736009537,4.5361931472019075,2.2680965736009537,1.7052439857993456,2.2680965736009537,2.0315117842718475,2.2680965736009537,4.5361931472019075,2.2680965736009537,4.5361931472019075,2.2680965736009537,1.1340482868004769,2.2680965736009537,1.1340482868004769,2.2680965736009537,4.5361931472019075,2.2680965736009537,4.5361931472019075,2.2680965736009537,2.0700383803630134,2.2680965736009537,2.2289513375016927,2.2680965736009537,2.6987619322306577,2.2680965736009537,1.1340482868004769,2.2680965736009537,1.4951213921088422,2.2680965736009537,4.036343061169649,2.2680965736009537,4.5361931472019075,2.2680965736009537,1.1340482868004769,2.2680965736009537,4.5361931472019075,2.2680965736009537,4.5361931472019075,2.2680965736009537,1.1340482868004769,2.2680965736009537,4.036343061169649,2.2680965736009537,1.4951213921088422,2.2680965736009537,2.6987619322306577,2.2680965736009537,1.1340482868004769,2.2680965736009537,3.8918003896500224,2.2680965736009537,2.1954989396541285,2.2680965736009537,1.1340482868004769,2.2680965736009537,2.4242321988985105,2.2680965736009537,2.2289513375016927,2.2680965736009537,2.0700383803630134,2.2680965736009537,1.7052439857993456,2.2680965736009537,2.0315117842718475,2.2680965736009537,4.5361931472019075,2.2680965736009537,4.5361931472019075
tyrique_george,MID,Everton,,98.37123253960054,2.732534237211126,100.05452043841836,2.77929223440051,36,2.7325342372111248,1.96730352308447,2.7325342372111248,3.589655342571301,2.7325342372111248,4.080329852615793,2.7325342372111248,1.432979976132288,2.7325342372111248,3.53631181413741,2.7325342372111248,1.3662671186055624,2.7325342372111248,2.681240375460806,2.7325342372111248,3.2405013796113975,2.7325342372111248,1.3662671186055624,2.7325342372111248,3.672301082867054,2.7325342372111248,3.6982013445733837,2.7325342372111248,3.8172793544124968,2.7325342372111248,2.6327268825847674,2.7325342372111248,3.134696076858574,2.7325342372111248,2.277783353197229,2.7325342372111248,2.2514833595515524,2.7325342372111248,2.1728686687158647,2.7325342372111248,3.6982013445733837,2.7325342372111248,3.2405013796113975,2.7325342372111248,1.3662671186055624,2.7325342372111248,3.672301082867054,2.7325342372111248,2.681240375460806,2.7325342372111248,2.1728686687158647,2.7325342372111248,2.277783353197229,2.7325342372111248,3.134696076858574,2.7325342372111248,2.2514833595515524,2.7325342372111248,1.96730352308447,2.7325342372111248,3.589655342571301,2.7325342372111248,4.179786095633517,2.7325342372111248,2.038341095613852,2.7325342372111248,2.6327268825847674,2.7325342372111248,3.8172793544124968,2.7325342372111248,1.432979976132288,2.7325342372111248,3.53631181413741,2.7325342372111248,1.3662671186055624,2.7325342372111248,4.080329852615793
bobby_thomas,DEF,Coventry City,,88.53188932655466,2.4592191479598515,99.87630854477567,2.7743419040215462,36,2.4592191479598506,1.2296095739799253,2.4592191479598506,1.2296095739799253,2.4592191479598506,3.8474551542135007,2.4592191479598506,1.2296095739799253,2.4592191479598506,4.918438295919701,2.4592191479598506,3.6836859924603926,2.4592191479598506,2.310785908757615,2.4592191479598506,1.9731672247005507,2.4592191479598506,3.7096766160381986,2.4592191479598506,2.572468531242026,2.4592191479598506,1.6254440375675268,2.4592191479598506,4.918438295919701,2.4592191479598506,4.918438295919701,2.4592191479598506,4.643518397757383,2.4592191479598506,1.2296095739799253,2.4592191479598506,2.1246435652268056,2.4592191479598506,2.092756632285552,2.4592191479598506,1.6254440375675268,2.4592191479598506,1.9731672247005507,2.4592191479598506,2.310785908757615,2.4592191479598506,2.572468531242026,2.4592191479598506,3.7096766160381986,2.4592191479598506,2.092756632285552,2.4592191479598506,2.1246435652268056,2.4592191479598506,4.643518397757383,2.4592191479598506,1.2296095739799253,2.4592191479598506,1.2296095739799253,2.4592191479598506,1.2296095739799253,2.4592191479598506,1.425154507203136,2.4592191479598506,1.9364435497158226,2.4592191479598506,4.918438295919701,2.4592191479598506,4.918438295919701,2.4592191479598506,1.2296095739799253,2.4592191479598506,4.918438295919701,2.4592191479598506,3.6836859924603926,2.4592191479598506,3.8474551542135007
gianluigi_donnarumma,GK,Man City,14969.0,110.63166634706035,3.0731018429738985,99.7733731685526,2.77148258801535,36,3.0731018429739,6.1462036859478,3.0731018429739,4.91696294875824,3.0731018429739,2.0487345619825996,3.0731018429739,1.53655092148695,3.0731018429739,1.53655092148695,3.0731018429739,4.91696294875824,3.0731018429739,1.53655092148695,3.0731018429739,3.68772221156868,3.0731018429739,3.27797529917216,3.0731018429739,1.53655092148695,3.0731018429739,1.63898764958608,3.0731018429739,2.0487345619825996,3.0731018429739,1.53655092148695,3.0731018429739,1.53655092148695,3.0731018429739,1.53655092148695,3.0731018429739,2.0487345619825996,3.0731018429739,5.7364567735512795,3.0731018429739,1.63898764958608,3.0731018429739,3.68772221156868,3.0731018429739,1.53655092148695,3.0731018429739,1.53655092148695,3.0731018429739,3.27797529917216,3.0731018429739,5.7364567735512795,3.0731018429739,1.53655092148695,3.0731018429739,1.53655092148695,3.0731018429739,2.0487345619825996,3.0731018429739,6.1462036859478,3.0731018429739,4.91696294875824,3.0731018429739,2.45848147437912,3.0731018429739,2.8682283867756397,3.0731018429739,1.53655092148695,3.0731018429739,2.0487345619825996,3.0731018429739,1.53655092148695,3.0731018429739,1.53655092148695,3.0731018429739,4.91696294875824,3.0731018429739,2.0487345619825996
harry_maguire,DEF,Man Utd,14974.0,101.95500705652073,2.832083529347798,99.55692508837147,2.765470141343652,36,2.8320835293477975,1.822879601049097,2.8320835293477975,1.4160417646738988,2.8320835293477975,3.4031155435117295,2.8320835293477975,5.664167058695595,2.8320835293477975,2.376534715983574,2.8320835293477975,4.289841660862125,2.8320835293477975,1.4160417646738988,2.8320835293477975,5.664167058695595,2.8320835293477975,1.9333604000707454,2.8320835293477975,1.9628186430777226,2.8320835293477975,1.4160417646738988,2.8320835293477975,4.819751022857868,2.8320835293477975,3.4271265735680996,2.8320835293477975,1.4160417646738988,2.8320835293477975,3.5544111156779237,2.8320835293477975,2.1347833284151654,2.8320835293477975,1.4160417646738988,2.8320835293477975,1.4160417646738988,2.8320835293477975,5.664167058695595,2.8320835293477975,1.9333604000707454,2.8320835293477975,1.9628186430777226,2.8320835293477975,1.4160417646738988,2.8320835293477975,1.4160417646738988,2.8320835293477975,3.5544111156779237,2.8320835293477975,1.4160417646738988,2.8320835293477975,2.1347833284151654,2.8320835293477975,1.822879601049097,2.8320835293477975,1.4160417646738988,2.8320835293477975,1.7889530097459307,2.8320835293477975,1.5016409869560812,2.8320835293477975,3.4271265735680996,2.8320835293477975,4.819751022857868,2.8320835293477975,4.289841660862125,2.8320835293477975,2.376534715983574,2.8320835293477975,5.664167058695595,2.8320835293477975,3.4031155435117295
alexis_mac_allister,MID,Liverpool,,77.81022783531544,2.161395217647651,95.95951330320858,2.665542036200238,36,2.1613952176476503,4.024525393039523,2.1613952176476503,3.765072493908785,2.1613952176476503,2.010463809369478,2.1613952176476503,2.2206910421009933,2.1613952176476503,1.298919422151876,2.1613952176476503,2.596720504129757,2.1613952176476503,1.2160232709307077,2.1613952176476503,4.122621426933582,2.1613952176476503,1.9403977792123557,2.1613952176476503,2.240644221293869,2.1613952176476503,2.2466313449899737,2.1613952176476503,3.4879475943784097,2.1613952176476503,2.1431515217773236,2.1613952176476503,3.5405615722897528,2.1613952176476503,1.413381885771918,2.1613952176476503,3.6476230494618127,2.1613952176476503,3.1961827988159146,2.1613952176476503,2.2466313449899737,2.1613952176476503,4.122621426933582,2.1613952176476503,1.9403977792123557,2.1613952176476503,2.240644221293869,2.1613952176476503,1.2160232709307077,2.1613952176476503,3.1961827988159146,2.1613952176476503,1.413381885771918,2.1613952176476503,3.5405615722897528,2.1613952176476503,3.6476230494618127,2.1613952176476503,4.024525393039523,2.1613952176476503,3.765072493908785,2.1613952176476503,2.6445705042613623,2.1613952176476503,3.091824537835129,2.1613952176476503,2.1431515217773236,2.1613952176476503,3.4879475943784097,2.1613952176476503,2.2206910421009933,2.1613952176476503,1.298919422151876,2.1613952176476503,2.596720504129757,2.1613952176476503,2.010463809369478
matz_sels,GK,Nott'm Forest,50210.0,108.5320965611401,3.014780460031669,95.76952594700596,2.6602646096390545,36,3.014780460031668,5.627590192059113,3.014780460031668,4.823648736050668,3.014780460031668,6.029560920063336,3.014780460031668,2.8137950960295566,3.014780460031668,1.507390230015834,3.014780460031668,1.507390230015834,3.014780460031668,2.0098536400211118,3.014780460031668,1.507390230015834,3.014780460031668,2.411824368025334,3.014780460031668,1.507390230015834,3.014780460031668,1.507390230015834,3.014780460031668,1.507390230015834,3.014780460031668,2.0098536400211118,3.014780460031668,2.0098536400211118,3.014780460031668,4.823648736050668,3.014780460031668,1.507390230015834,3.014780460031668,3.215765824033779,3.014780460031668,1.507390230015834,3.014780460031668,1.507390230015834,3.014780460031668,2.411824368025334,3.014780460031668,1.507390230015834,3.014780460031668,2.0098536400211118,3.014780460031668,3.215765824033779,3.014780460031668,4.823648736050668,3.014780460031668,2.0098536400211118,3.014780460031668,1.507390230015834,3.014780460031668,5.627590192059113,3.014780460031668,4.823648736050668,3.014780460031668,1.6078829120168896,3.014780460031668,1.507390230015834,3.014780460031668,2.0098536400211118,3.014780460031668,1.507390230015834,3.014780460031668,2.8137950960295566,3.014780460031668,1.507390230015834,3.014780460031668,1.507390230015834,3.014780460031668,6.029560920063336
jair_paula_da_cunha_filho,DEF,Nott'm Forest,,80.3216826586618,2.2311578516294945,94.95100683202753,2.6375279675563204,36,2.2311578516294945,4.462315703258989,2.2311578516294945,4.462315703258989,2.2311578516294945,4.462315703258989,2.2311578516294945,3.6359094343217038,2.2311578516294945,1.396815209094933,2.2311578516294945,1.5931219679912059,2.2311578516294945,2.082394877758665,2.2311578516294945,1.1155789258147473,2.2311578516294945,4.462315703258989,2.2311578516294945,1.1155789258147473,2.2311578516294945,1.8979372328584312,2.2311578516294945,1.1155789258147473,2.2311578516294945,2.2648357676314905,2.2311578516294945,1.9339306549703934,2.2311578516294945,4.462315703258989,2.2311578516294945,1.1155789258147473,2.2311578516294945,3.610435636130806,2.2311578516294945,1.8979372328584312,2.2311578516294945,1.1155789258147473,2.2311578516294945,4.462315703258989,2.2311578516294945,1.1155789258147473,2.2311578516294945,2.082394877758665,2.2311578516294945,3.610435636130806,2.2311578516294945,4.462315703258989,2.2311578516294945,1.9339306549703934,2.2311578516294945,1.1155789258147473,2.2311578516294945,4.462315703258989,2.2311578516294945,4.462315703258989,2.2311578516294945,2.521314812671603,2.2311578516294945,2.0511420187327736,2.2311578516294945,2.2648357676314905,2.2311578516294945,1.1155789258147473,2.2311578516294945,3.6359094343217038,2.2311578516294945,1.396815209094933,2.2311578516294945,1.5931219679912059,2.2311578516294945,4.462315703258989
nilson_angulo,MID,Sunderland,,85.5379170504724,2.376053251402011,94.67943563171272,2.6299843231031312,36,2.376053251402009,1.272341383165715,2.376053251402009,1.1911414242574685,2.376053251402009,2.17525203173082,2.376053251402009,2.5435873092464374,2.376053251402009,1.9693263957667433,2.376053251402009,2.099299098195357,2.376053251402009,3.1307836142436374,2.376053251402009,3.416578419690501,2.376053251402009,3.5729866509585047,2.376053251402009,3.468115828622816,2.376053251402009,3.547963327263909,2.376053251402009,2.590458219261061,2.376053251402009,3.0285606958265037,2.376053251402009,4.03826577627382,2.376053251402009,2.1947969358871986,2.376053251402009,1.9006940324324912,2.376053251402009,1.3844617555300074,2.376053251402009,3.547963327263909,2.376053251402009,3.416578419690501,2.376053251402009,3.1307836142436374,2.376053251402009,3.468115828622816,2.376053251402009,3.5729866509585047,2.376053251402009,1.3844617555300074,2.376053251402009,2.1947969358871986,2.376053251402009,4.03826577627382,2.376053251402009,1.9006940324324912,2.376053251402009,1.272341383165715,2.376053251402009,1.1911414242574685,2.376053251402009,3.942176949423371,2.376053251402009,3.6880328855833895,2.376053251402009,3.0285606958265037,2.376053251402009,2.590458219261061,2.376053251402009,2.5435873092464374,2.376053251402009,1.9693263957667433,2.376053251402009,2.099299098195357,2.376053251402009,2.17525203173082
jan_paul_van_hecke,DEF,Spurs,,101.16446178918855,2.810123938588571,94.4580423324486,2.6238345092346833,36,2.8101239385885695,3.406073206399175,2.8101239385885695,1.7468045101025818,2.8101239385885695,5.620247877177139,2.8101239385885695,4.589069078630906,2.8101239385885695,4.6186060886601,2.8101239385885695,1.4050619692942847,2.8101239385885695,3.2841006898951655,2.8101239385885695,2.2773536759675737,2.8101239385885695,1.4389722980388573,2.8101239385885695,2.04569141265352,2.8101239385885695,3.2610917234387213,2.8101239385885695,1.4050619692942847,2.8101239385885695,1.7142937931760929,2.8101239385885695,1.8526745620246527,2.8101239385885695,4.110811683068519,2.8101239385885695,1.4050619692942847,2.8101239385885695,1.4050619692942847,2.8101239385885695,3.2610917234387213,2.8101239385885695,2.2773536759675737,2.8101239385885695,3.2841006898951655,2.8101239385885695,2.04569141265352,2.8101239385885695,1.4389722980388573,2.8101239385885695,1.4050619692942847,2.8101239385885695,1.4050619692942847,2.8101239385885695,1.8526745620246527,2.8101239385885695,4.110811683068519,2.8101239385885695,3.406073206399175,2.8101239385885695,1.7468045101025818,2.8101239385885695,1.880903410334037,2.8101239385885695,1.4050619692942847,2.8101239385885695,1.7142937931760929,2.8101239385885695,1.4050619692942847,2.8101239385885695,1.4050619692942847,2.8101239385885695,4.6186060886601,2.8101239385885695,4.589069078630906,2.8101239385885695,5.620247877177139
dean_henderson,GK,Crystal Palace,15210.0,105.14216141185489,2.920615594773747,93.9464682985555,2.6096241194043195,36,2.9206155947737455,3.1153233010919954,2.9206155947737455,1.4603077973868728,2.9206155947737455,1.5576616505459977,2.9206155947737455,3.5047387137284947,2.9206155947737455,1.4603077973868728,2.9206155947737455,1.4603077973868728,2.9206155947737455,5.451815776910991,2.9206155947737455,1.4603077973868728,2.9206155947737455,5.841231189547491,2.9206155947737455,1.4603077973868728,2.9206155947737455,1.4603077973868728,2.9206155947737455,4.672984951637993,2.9206155947737455,4.672984951637993,2.9206155947737455,1.947077063182497,2.9206155947737455,1.4603077973868728,2.9206155947737455,2.3364924758189964,2.9206155947737455,1.947077063182497,2.9206155947737455,1.4603077973868728,2.9206155947737455,1.4603077973868728,2.9206155947737455,5.451815776910991,2.9206155947737455,1.4603077973868728,2.9206155947737455,5.841231189547491,2.9206155947737455,1.947077063182497,2.9206155947737455,2.3364924758189964,2.9206155947737455,1.947077063182497,2.9206155947737455,1.4603077973868728,2.9206155947737455,3.1153233010919954,2.9206155947737455,1.4603077973868728,2.9206155947737455,1.947077063182497,2.9206155947737455,1.4603077973868728,2.9206155947737455,4.672984951637993,2.9206155947737455,4.672984951637993,2.9206155947737455,3.5047387137284947,2.9206155947737455,1.4603077973868728,2.9206155947737455,1.4603077973868728,2.9206155947737455,1.5576616505459977
dara_o'shea,DEF,Ipswich Town,,83.70942343868386,2.325261762185663,93.92177453379102,2.608938181494195,36,2.325261762185664,1.868862764761395,2.325261762185664,3.3127963328675607,2.325261762185664,1.7620676470455825,2.325261762185664,3.289586319869325,2.325261762185664,1.162630881092832,2.325261762185664,3.4358346144368173,2.325261762185664,1.7292728596797893,2.325261762185664,4.146730918050273,2.325261762185664,4.650523524371328,2.325261762185664,4.650523524371328,2.325261762185664,4.650523524371328,2.325261762185664,2.297252617619549,2.325261762185664,1.162630881092832,2.325261762185664,1.162630881092832,2.325261762185664,1.8973382696227845,2.325261762185664,1.162630881092832,2.325261762185664,1.2726841484836342,2.325261762185664,4.650523524371328,2.325261762185664,4.146730918050273,2.325261762185664,1.7292728596797893,2.325261762185664,4.650523524371328,2.325261762185664,4.650523524371328,2.325261762185664,1.2726841484836342,2.325261762185664,1.162630881092832,2.325261762185664,1.162630881092832,2.325261762185664,1.8973382696227845,2.325261762185664,1.868862764761395,2.325261762185664,3.3127963328675607,2.325261762185664,2.0635661479166076,2.325261762185664,4.62916720603036,2.325261762185664,1.162630881092832,2.325261762185664,2.297252617619549,2.325261762185664,3.289586319869325,2.325261762185664,1.162630881092832,2.325261762185664,3.4358346144368173,2.325261762185664,1.7620676470455825
merlin_rohl,MID,Everton,,92.12748600772436,2.559096833547899,93.70393349487867,2.6028870415244074,36,2.559096833547901,1.8424362805757275,2.559096833547901,3.3618153784152423,2.559096833547901,3.821346156788618,2.559096833547901,1.342026924866797,2.559096833547901,3.3118576311905383,2.559096833547901,1.2795484167739506,2.559096833547901,2.511058658070306,2.559096833547901,3.0348226590327645,2.559096833547901,1.2795484167739506,2.559096833547901,3.439215489058666,2.559096833547901,3.463471828400411,2.559096833547901,3.5749918063661674,2.559096833547901,2.46562437793842,2.559096833547901,2.9357329526495515,2.559096833547901,2.1332095632310923,2.559096833547901,2.108578863441701,2.559096833547901,2.0349539464513517,2.559096833547901,3.463471828400411,2.559096833547901,3.0348226590327645,2.559096833547901,1.2795484167739506,2.559096833547901,3.439215489058666,2.559096833547901,2.511058658070306,2.559096833547901,2.0349539464513517,2.559096833547901,2.1332095632310923,2.559096833547901,2.9357329526495515,2.559096833547901,2.108578863441701,2.559096833547901,1.8424362805757275,2.559096833547901,3.3618153784152423,2.559096833547901,3.91448978628729,2.559096833547901,1.9089650085408751,2.559096833547901,2.46562437793842,2.559096833547901,3.5749918063661674,2.559096833547901,1.342026924866797,2.559096833547901,3.3118576311905383,2.559096833547901,1.2795484167739506,2.559096833547901,3.821346156788618
mohamed_belloumi,MID,Hull City,,106.3966169379343,2.955461581609286,93.39757312203787,2.594377031167719,36,2.9554615816092884,3.325991199015712,2.9554615816092884,3.180395244854663,2.9554615816092884,2.4113835511724844,2.9554615816092884,2.0430737658729226,2.9554615816092884,3.433084452146007,2.9554615816092884,1.4777307908046442,2.9554615816092884,3.669659900696061,2.9554615816092884,1.4777307908046442,2.9554615816092884,2.367752760064806,2.9554615816092884,3.759106244511146,2.9554615816092884,2.8192006307388904,2.9554615816092884,1.833189681397886,2.9554615816092884,3.2283699464906097,2.9554615816092884,2.0248799729595675,2.9554615816092884,3.3026977018636816,2.9554615816092884,1.954177556981997,2.9554615816092884,2.0485329705250046,2.9554615816092884,2.8192006307388904,2.9554615816092884,1.4777307908046442,2.9554615816092884,3.669659900696061,2.9554615816092884,3.759106244511146,2.9554615816092884,2.367752760064806,2.9554615816092884,2.0485329705250046,2.9554615816092884,3.3026977018636816,2.9554615816092884,2.0248799729595675,2.9554615816092884,1.954177556981997,2.9554615816092884,3.325991199015712,2.9554615816092884,3.180395244854663,2.9554615816092884,1.7693017750839528,2.9554615816092884,2.9143570251524773,2.9554615816092884,3.2283699464906097,2.9554615816092884,1.833189681397886,2.9554615816092884,2.0430737658729226,2.9554615816092884,3.433084452146007,2.9554615816092884,1.4777307908046442,2.9554615816092884,2.4113835511724844
milan_van_ewijk,DEF,Coventry City,,82.69164605734754,2.296990168259654,93.28770026849297,2.591325007458138,36,2.2969901682596525,1.1484950841298263,2.2969901682596525,1.1484950841298263,2.2969901682596525,3.5936474670750322,2.2969901682596525,1.1484950841298263,2.2969901682596525,4.593980336519305,2.2969901682596525,3.4406817768383213,2.2969901682596525,2.1583487253555838,2.2969901682596525,1.8430019623218,2.2969901682596525,3.4649578592991648,2.2969901682596525,2.402768752562084,2.2969901682596525,1.5182172668288925,2.2969901682596525,4.593980336519305,2.2969901682596525,4.593980336519305,2.2969901682596525,4.337196265989572,2.2969901682596525,1.1484950841298263,2.2969901682596525,1.9844857602181392,2.2969901682596525,1.9547023342380767,2.2969901682596525,1.5182172668288925,2.2969901682596525,1.8430019623218,2.2969901682596525,2.1583487253555838,2.2969901682596525,2.402768752562084,2.2969901682596525,3.4649578592991648,2.2969901682596525,1.9547023342380767,2.2969901682596525,1.9844857602181392,2.2969901682596525,4.337196265989572,2.2969901682596525,1.1484950841298263,2.2969901682596525,1.1484950841298263,2.2969901682596525,1.1484950841298263,2.2969901682596525,1.3311403719397104,2.2969901682596525,1.8087008629454946,2.2969901682596525,4.593980336519305,2.2969901682596525,4.593980336519305,2.2969901682596525,1.1484950841298263,2.2969901682596525,4.593980336519305,2.2969901682596525,3.4406817768383213,2.2969901682596525,3.5936474670750322
daizen_maeda,MID,Ipswich Town,,95.52433897212175,2.6534538603367155,91.97067523256058,2.554740978682238,36,2.653453860336717,3.4241170632564577,2.653453860336717,3.8973048690351475,2.653453860336717,2.1181847007279786,2.653453860336717,3.5592973118793756,2.653453860336717,2.0993220368139247,2.653453860336717,2.9228448546802066,2.653453860336717,1.3361353213850935,2.653453860336717,1.90058450239575,2.653453860336717,3.34705674517077,2.653453860336717,3.4482669153655916,2.653453860336717,3.0214995494788446,2.653453860336717,2.026020338985012,2.653453860336717,2.500034913569712,2.653453860336717,2.454800093491909,2.653453860336717,1.3267269301683584,2.653453860336717,3.2973183163755504,2.653453860336717,1.3267269301683584,2.653453860336717,3.0214995494788446,2.653453860336717,1.90058450239575,2.653453860336717,1.3361353213850935,2.653453860336717,3.4482669153655916,2.653453860336717,3.34705674517077,2.653453860336717,1.3267269301683584,2.653453860336717,3.2973183163755504,2.653453860336717,2.454800093491909,2.653453860336717,1.3267269301683584,2.653453860336717,3.4241170632564577,2.653453860336717,3.8973048690351475,2.653453860336717,2.123844605898971,2.653453860336717,1.8343478407655243,2.653453860336717,2.500034913569712,2.653453860336717,2.026020338985012,2.653453860336717,3.5592973118793756,2.653453860336717,2.0993220368139247,2.653453860336717,2.9228448546802066,2.653453860336717,2.1181847007279786
jay_dasilva,DEF,Coventry City,,81.32126384467563,2.258923995685434,91.74171816263,2.5483810600730554,36,2.258923995685432,1.129461997842716,2.258923995685432,1.129461997842716,2.258923995685432,3.534092834868559,2.258923995685432,1.129461997842716,2.258923995685432,4.517847991370864,2.258923995685432,3.3836621221180154,2.258923995685432,2.122580146025101,2.258923995685432,1.812459371534168,2.258923995685432,3.407535896568511,2.258923995685432,2.3629495964965312,2.258923995685432,1.4930570718559826,2.258923995685432,4.517847991370864,2.258923995685432,4.517847991370864,2.258923995685432,4.265319396932482,2.258923995685432,1.129461997842716,2.258923995685432,1.9515984721211328,2.258923995685432,1.9223086229307644,2.258923995685432,1.4930570718559826,2.258923995685432,1.812459371534168,2.258923995685432,2.122580146025101,2.258923995685432,2.3629495964965312,2.258923995685432,3.407535896568511,2.258923995685432,1.9223086229307644,2.258923995685432,1.9515984721211328,2.258923995685432,4.265319396932482,2.258923995685432,1.129461997842716,2.258923995685432,1.129461997842716,2.258923995685432,1.129461997842716,2.258923995685432,1.309080452041507,2.258923995685432,1.7787267167190917,2.258923995685432,4.517847991370864,2.258923995685432,4.517847991370864,2.258923995685432,1.129461997842716,2.258923995685432,4.517847991370864,2.258923995685432,3.3836621221180154,2.258923995685432,3.534092834868559
issa_diop,DEF,Ipswich Town,,81.29681598152128,2.2582448883755912,91.21483468972257,2.533745408047849,36,2.2582448883755912,1.814999865490806,2.2582448883755912,3.217317510909222,2.2582448883755912,1.7112827130363175,2.2582448883755912,3.194776438731985,2.2582448883755912,1.1291224441877956,2.2582448883755912,3.3368096794671054,2.2582448883755912,1.6794331113533851,2.2582448883755912,4.027217086455637,2.2582448883755912,4.5164897767511825,2.2582448883755912,4.5164897767511825,2.2582448883755912,4.5164897767511825,2.2582448883755912,2.231043001442764,2.2582448883755912,1.1291224441877956,2.2582448883755912,1.1291224441877956,2.2582448883755912,1.842654671647642,2.2582448883755912,1.1291224441877956,2.2582448883755912,1.2360038424785,2.2582448883755912,4.5164897767511825,2.2582448883755912,4.027217086455637,2.2582448883755912,1.6794331113533851,2.2582448883755912,4.5164897767511825,2.2582448883755912,4.5164897767511825,2.2582448883755912,1.2360038424785,2.2582448883755912,1.1291224441877956,2.2582448883755912,1.1291224441877956,2.2582448883755912,1.842654671647642,2.2582448883755912,1.814999865490806,2.2582448883755912,3.217317510909222,2.2582448883755912,2.0040916601911163,2.2582448883755912,4.495748973495259,2.2582448883755912,1.1291224441877956,2.2582448883755912,2.231043001442764,2.2582448883755912,3.194776438731985,2.2582448883755912,1.1291224441877956,2.2582448883755912,3.3368096794671054,2.2582448883755912,1.7112827130363175
senne_lammens,GK,Man Utd,14970.0,105.82090749954092,2.9394696527650255,91.12355923571572,2.531209978769881,36,2.9394696527650233,1.959646435176682,2.9394696527650233,1.4697348263825116,2.9394696527650233,3.1354342962826913,2.9394696527650233,5.4870100184947095,2.9394696527650233,1.5677171481413457,2.9394696527650233,2.3515757222120186,2.9394696527650233,1.4697348263825116,2.9394696527650233,4.703151444424037,2.9394696527650233,1.4697348263825116,2.9394696527650233,1.959646435176682,2.9394696527650233,1.4697348263825116,2.9394696527650233,5.8789393055300465,2.9394696527650233,2.7435050092473547,2.9394696527650233,1.4697348263825116,2.9394696527650233,3.527363583318028,2.9394696527650233,1.959646435176682,2.9394696527650233,1.4697348263825116,2.9394696527650233,1.4697348263825116,2.9394696527650233,4.703151444424037,2.9394696527650233,1.4697348263825116,2.9394696527650233,1.959646435176682,2.9394696527650233,1.4697348263825116,2.9394696527650233,1.4697348263825116,2.9394696527650233,3.527363583318028,2.9394696527650233,1.4697348263825116,2.9394696527650233,1.959646435176682,2.9394696527650233,1.959646435176682,2.9394696527650233,1.4697348263825116,2.9394696527650233,1.4697348263825116,2.9394696527650233,1.4697348263825116,2.9394696527650233,2.7435050092473547,2.9394696527650233,5.8789393055300465,2.9394696527650233,2.3515757222120186,2.9394696527650233,1.5677171481413457,2.9394696527650233,5.4870100184947095,2.9394696527650233,3.1354342962826913
mathias_jensen,MID,Brentford,,64.5415031728047,1.7928195325779082,90.97085562213016,2.526968211725838,36,1.7928195325779077,2.0406227404090482,1.7928195325779077,1.8261109804764466,1.7928195325779077,3.1681144279928057,1.7928195325779077,3.3131481761664787,1.7928195325779077,3.289944624807525,1.7928195325779077,1.2837794787383203,1.7928195325779077,2.808314535150945,1.7928195325779077,2.3586098907728354,1.7928195325779077,2.0351846159961764,1.7928195325779077,1.762469771700626,1.7928195325779077,1.104517990929602,1.7928195325779077,2.017061076815955,1.7928195325779077,3.4198278981072274,1.7928195325779077,2.40207220541332,1.7928195325779077,3.5856390651558154,1.7928195325779077,2.9031034915063474,1.7928195325779077,3.5856390651558154,1.7928195325779077,1.104517990929602,1.7928195325779077,2.3586098907728354,1.7928195325779077,2.0351846159961764,1.7928195325779077,1.762469771700626,1.7928195325779077,2.808314535150945,1.7928195325779077,3.5856390651558154,1.7928195325779077,2.9031034915063474,1.7928195325779077,2.40207220541332,1.7928195325779077,3.5856390651558154,1.7928195325779077,2.0406227404090482,1.7928195325779077,1.8261109804764466,1.7928195325779077,3.215903879532638,1.7928195325779077,1.946631672006954,1.7928195325779077,3.4198278981072274,1.7928195325779077,2.017061076815955,1.7928195325779077,3.3131481761664787,1.7928195325779077,3.289944624807525,1.7928195325779077,1.2837794787383203,1.7928195325779077,3.1681144279928057
wilson_isidor,FWD,Sunderland,79641.0,70.00092635140095,1.944470176427804,90.93988683189255,2.526107967552571,36,1.9444701764278034,3.5848659258751256,1.9444701764278034,1.6520233659167307,1.9444701764278034,2.203951982747158,1.9444701764278034,3.888940352855607,1.9444701764278034,1.4138172159720692,1.9444701764278034,1.6739827780542516,1.9444701764278034,1.966089565961159,1.9444701764278034,3.5097471385020924,1.9444701764278034,1.8692378632044515,1.9444701764278034,3.317421110334462,1.9444701764278034,1.8381433691615088,1.9444701764278034,1.2839768594032057,1.9444701764278034,2.527829441950062,1.9444701764278034,3.888940352855607,1.9444701764278034,2.406329524952462,1.9444701764278034,3.089569317938964,1.9444701764278034,1.7206536828669343,1.9444701764278034,1.8381433691615088,1.9444701764278034,3.5097471385020924,1.9444701764278034,1.966089565961159,1.9444701764278034,3.317421110334462,1.9444701764278034,1.8692378632044515,1.9444701764278034,1.7206536828669343,1.9444701764278034,2.406329524952462,1.9444701764278034,3.888940352855607,1.9444701764278034,3.089569317938964,1.9444701764278034,3.5848659258751256,1.9444701764278034,1.6520233659167307,1.9444701764278034,3.3799067819332285,1.9444701764278034,3.888940352855607,1.9444701764278034,2.527829441950062,1.9444701764278034,1.2839768594032057,1.9444701764278034,3.888940352855607,1.9444701764278034,1.4138172159720692,1.9444701764278034,1.6739827780542516,1.9444701764278034,2.203951982747158
virgil_van_dijk,DEF,Liverpool,61014.0,113.88731629188342,3.1635365636634285,90.58783958402256,2.51632887733396,36,3.16353656366343,1.581768281831715,3.16353656366343,2.711584199332483,3.16353656366343,3.41812281026122,3.16353656366343,1.581768281831715,3.16353656366343,1.581768281831715,3.16353656366343,1.581768281831715,3.16353656366343,1.581768281831715,3.16353656366343,2.730716059205617,3.16353656366343,3.8157918447443717,3.16353656366343,1.581768281831715,3.16353656366343,1.7009838979359408,3.16353656366343,1.581768281831715,3.16353656366343,1.8936101059843307,3.16353656366343,5.2723108758324475,3.16353656366343,1.581768281831715,3.16353656366343,5.049350007870295,3.16353656366343,3.840351745686451,3.16353656366343,1.7009838979359408,3.16353656366343,2.730716059205617,3.16353656366343,3.8157918447443717,3.16353656366343,1.581768281831715,3.16353656366343,1.581768281831715,3.16353656366343,3.840351745686451,3.16353656366343,1.581768281831715,3.16353656366343,5.2723108758324475,3.16353656366343,5.049350007870295,3.16353656366343,1.581768281831715,3.16353656366343,2.711584199332483,3.16353656366343,1.581768281831715,3.16353656366343,2.832135699177086,3.16353656366343,1.8936101059843307,3.16353656366343,1.581768281831715,3.16353656366343,1.581768281831715,3.16353656366343,1.581768281831715,3.16353656366343,1.581768281831715,3.16353656366343,3.41812281026122
regan_slater,MID,Hull City,,101.9798588799092,2.8327738577752557,89.52043402157767,2.486678722821602,36,2.832773857775257,3.187921974147945,2.832773857775257,3.0483700289249978,2.832773857775257,2.3112817054827555,2.832773857775257,1.9582612710938554,2.832773857775257,3.2905695503165444,2.832773857775257,1.4163869288876285,2.832773857775257,3.517324230605481,2.832773857775257,1.4163869288876285,2.832773857775257,2.2694621246724425,2.832773857775257,3.6030574595568043,2.832773857775257,2.702169399282827,2.832773857775257,1.757089937531727,2.832773857775257,3.094353194963948,2.832773857775257,1.940822742621878,2.832773857775257,3.1655954413995464,2.832773857775257,1.8730553397535394,2.832773857775257,1.9634938521292153,2.832773857775257,2.702169399282827,2.832773857775257,1.4163869288876285,2.832773857775257,3.517324230605481,2.832773857775257,3.6030574595568043,2.832773857775257,2.2694621246724425,2.832773857775257,1.9634938521292153,2.832773857775257,3.1655954413995464,2.832773857775257,1.940822742621878,2.832773857775257,1.8730553397535394,2.832773857775257,3.187921974147945,2.832773857775257,3.0483700289249978,2.832773857775257,1.695854159012299,2.832773857775257,2.793375642047852,2.832773857775257,3.094353194963948,2.832773857775257,1.757089937531727,2.832773857775257,1.9582612710938554,2.832773857775257,3.2905695503165444,2.832773857775257,1.4163869288876285,2.832773857775257,2.3112817054827555
jorrel_hato,DEF,Chelsea,,87.74395166112288,2.4373319905867468,89.50706498155658,2.486307360598794,36,2.437331990586747,1.2186659952933736,2.437331990586747,1.5231706564933174,2.437331990586747,1.6712053054868217,2.437331990586747,3.6525056293992506,2.437331990586747,1.5520568195542261,2.437331990586747,4.874663981173494,2.437331990586747,4.077443078319197,2.437331990586747,1.8176214277841307,2.437331990586747,2.0234561354062386,2.437331990586747,3.0263370155726936,2.437331990586747,2.917962967450319,2.437331990586747,1.6461236341988486,2.437331990586747,1.2186659952933736,2.437331990586747,4.874663981173494,2.437331990586747,4.10368706703111,2.437331990586747,1.2785441962189974,2.437331990586747,1.2186659952933736,2.437331990586747,2.917962967450319,2.437331990586747,1.8176214277841307,2.437331990586747,2.0234561354062386,2.437331990586747,3.0263370155726936,2.437331990586747,4.077443078319197,2.437331990586747,1.2186659952933736,2.437331990586747,1.2785441962189974,2.437331990586747,4.874663981173494,2.437331990586747,4.10368706703111,2.437331990586747,1.2186659952933736,2.437331990586747,1.5231706564933174,2.437331990586747,2.897519223978692,2.437331990586747,1.2186659952933736,2.437331990586747,1.2186659952933736,2.437331990586747,1.6461236341988486,2.437331990586747,4.874663981173494,2.437331990586747,1.5520568195542261,2.437331990586747,3.6525056293992506,2.437331990586747,1.6712053054868217
joe_willock,MID,Newcastle,,85.23694780437106,2.3676929945658625,88.88141220170134,2.468928116713926,36,2.3676929945658642,1.8492415648735718,2.3676929945658642,1.9712888416208871,2.3676929945658642,1.300040576720715,2.3676929945658642,2.93987588981171,2.3676929945658642,3.355114439076198,2.3676929945658642,3.7920219520464427,2.3676929945658642,2.060963448732699,2.3676929945658642,3.463145428458079,2.3676929945658642,1.1838464972829321,2.3676929945658642,2.3884854162593427,2.3676929945658642,1.7847942395109375,2.3676929945658642,2.0664704555941404,2.3676929945658642,3.7017923928866416,2.3676929945658642,1.1947570374908323,2.3676929945658642,2.0426103462580976,2.3676929945658642,2.8438862813719954,2.3676929945658642,3.2082436090447253,2.3676929945658642,1.7847942395109375,2.3676929945658642,3.463145428458079,2.3676929945658642,1.1838464972829321,2.3676929945658642,2.3884854162593427,2.3676929945658642,2.060963448732699,2.3676929945658642,3.2082436090447253,2.3676929945658642,2.0426103462580976,2.3676929945658642,1.1947570374908323,2.3676929945658642,2.8438862813719954,2.3676929945658642,1.8492415648735718,2.3676929945658642,1.9712888416208871,2.3676929945658642,3.3316169780322586,2.3676929945658642,3.256638389589175,2.3676929945658642,3.7017923928866416,2.3676929945658642,2.0664704555941404,2.3676929945658642,2.93987588981171,2.3676929945658642,3.355114439076198,2.3676929945658642,3.7920219520464427,2.3676929945658642,1.300040576720715
ryan_gravenberch,MID,Liverpool,14970.0,71.78208004614542,1.993946667948484,88.52529618212691,2.459036005059081,36,1.9939466679484834,3.7127356126284345,1.9939466679484834,3.4733831612640103,1.9939466679484834,1.854708283331083,1.9939466679484834,2.048648700518297,1.9939466679484834,1.198288972135368,1.9939466679484834,2.39554624463276,1.9939466679484834,1.1218149875703904,1.9939466679484834,3.8032319079496113,1.9939466679484834,1.7900704391147795,1.9939466679484834,2.0670560583405813,1.9939466679484834,2.0725793449875445,1.9939466679484834,3.2177278023956117,1.9939466679484834,1.977116355613799,1.9939466679484834,3.2662656473428284,1.9939466679484834,1.3038837500255278,1.9939466679484834,3.365032811223762,1.9939466679484834,2.9485667358833667,1.9939466679484834,2.0725793449875445,1.9939466679484834,3.8032319079496113,1.9939466679484834,1.7900704391147795,1.9939466679484834,2.0670560583405813,1.9939466679484834,1.1218149875703904,1.9939466679484834,2.9485667358833667,1.9939466679484834,1.3038837500255278,1.9939466679484834,3.2662656473428284,1.9939466679484834,3.365032811223762,1.9939466679484834,3.7127356126284345,1.9939466679484834,3.4733831612640103,1.9939466679484834,2.439689188757337,1.9939466679484834,2.85229336345405,1.9939466679484834,1.977116355613799,1.9939466679484834,3.2177278023956117,1.9939466679484834,2.048648700518297,1.9939466679484834,1.198288972135368,1.9939466679484834,2.39554624463276,1.9939466679484834,1.854708283331083
patrick_dorgu,MID,Man Utd,,69.12981255664678,1.9202725710179662,88.48350466439899,2.457875129566639,36,1.9202725710179656,1.9901359943186152,1.9202725710179656,1.972413617987981,1.9202725710179656,3.3441303265093834,1.9202725710179656,3.1447201470683694,1.9202725710179656,1.9035431614863123,1.9202725710179656,1.7856901842232984,1.9202725710179656,3.0979885105816165,1.9202725710179656,3.2398119502650418,1.9202725710179656,3.217122007351499,1.9202725710179656,1.1536977942224362,1.9202725710179656,2.348902561159262,1.9202725710179656,2.8388435664598615,1.9202725710179656,3.6617046181262674,1.9202725710179656,1.0800695882056592,1.9202725710179656,2.746152754813545,1.9202725710179656,1.9954537463547577,1.9202725710179656,2.3064022808001297,1.9202725710179656,2.348902561159262,1.9202725710179656,3.2398119502650418,1.9202725710179656,3.217122007351499,1.9202725710179656,1.1536977942224362,1.9202725710179656,3.0979885105816165,1.9202725710179656,2.3064022808001297,1.9202725710179656,2.746152754813545,1.9202725710179656,1.0800695882056592,1.9202725710179656,1.9954537463547577,1.9202725710179656,1.9901359943186152,1.9202725710179656,1.972413617987981,1.9202725710179656,1.255363139699323,1.9202725710179656,3.5745759048315997,1.9202725710179656,3.6617046181262674,1.9202725710179656,2.8388435664598615,1.9202725710179656,1.7856901842232984,1.9202725710179656,1.9035431614863123,1.9202725710179656,3.1447201470683694,1.9202725710179656,3.3441303265093834
lewis_cook,MID,Bournemouth,,83.51383419467713,2.31982872762992,87.58669353131364,2.4329637092031566,36,2.319828727629919,2.298690976230652,2.319828727629919,1.1599143638149596,2.319828727629919,3.148350829879537,2.319828727629919,3.0317640039634477,2.319828727629919,1.952797700542983,2.319828727629919,1.6866159772205571,2.319828727629919,1.8628518528306341,2.319828727629919,3.4981635731337573,2.319828727629919,2.6874493055707616,2.319828727629919,3.2726441411399088,2.319828727629919,2.2570992079877863,2.319828727629919,1.228527725601026,2.319828727629919,1.1599143638149596,2.319828727629919,2.778158701453802,2.319828727629919,3.0774966762644955,2.319828727629919,3.5834297694983235,2.319828727629919,3.1705557386267134,2.319828727629919,2.2570992079877863,2.319828727629919,3.4981635731337573,2.319828727629919,2.6874493055707616,2.319828727629919,3.2726441411399088,2.319828727629919,1.8628518528306341,2.319828727629919,3.1705557386267134,2.319828727629919,3.5834297694983235,2.319828727629919,2.778158701453802,2.319828727629919,3.0774966762644955,2.319828727629919,2.298690976230652,2.319828727629919,1.1599143638149596,2.319828727629919,1.9302500921220669,2.319828727629919,1.9475936240429856,2.319828727629919,1.1599143638149596,2.319828727629919,1.228527725601026,2.319828727629919,1.6866159772205571,2.319828727629919,1.952797700542983,2.319828727629919,3.0317640039634477,2.319828727629919,3.148350829879537
sasa_lukic,MID,Ipswich Town,,90.73500765950969,2.5204168794308246,87.35951498300429,2.4266531939723412,36,2.5204168794308224,3.252441119245059,2.5204168794308224,3.701904571635409,2.5204168794308224,2.011984663938891,2.5204168794308224,3.3808437967845966,2.5204168794308224,1.9940677228416075,2.5204168794308224,2.776301339853972,2.5204168794308224,1.2691451197102686,2.5204168794308224,1.805294349461575,2.5204168794308224,3.179244396535575,2.5204168794308224,3.275380163259148,2.5204168794308224,2.8700097557877733,2.5204168794308224,1.9244411733618723,2.5204168794308224,2.3746899426123362,2.5204168794308224,2.3317230737451893,2.5204168794308224,1.2602084397154112,2.5204168794308224,3.131999717679191,2.5204168794308224,1.2602084397154112,2.5204168794308224,2.8700097557877733,2.5204168794308224,1.805294349461575,2.5204168794308224,1.2691451197102686,2.5204168794308224,3.275380163259148,2.5204168794308224,3.179244396535575,2.5204168794308224,1.2602084397154112,2.5204168794308224,3.131999717679191,2.5204168794308224,2.3317230737451893,2.5204168794308224,1.2602084397154112,2.5204168794308224,3.252441119245059,2.5204168794308224,3.701904571635409,2.5204168794308224,2.0173607968131733,2.5204168794308224,1.7423786144245303,2.5204168794308224,2.3746899426123362,2.5204168794308224,1.9244411733618723,2.5204168794308224,3.3808437967845966,2.5204168794308224,1.9940677228416075,2.5204168794308224,2.776301339853972,2.5204168794308224,2.011984663938891
xaver_schlager,MID,Nott'm Forest,,73.40392698418712,2.0389979717829756,86.32198854836992,2.397833015232498,36,2.0389979717829747,3.1510937437869435,2.0389979717829747,3.2463782753589476,2.0389979717829747,2.8445972243987407,2.0389979717829747,3.669126018901861,2.0389979717829747,1.0822586313196025,2.0389979717829747,3.5818207165133544,2.0389979717829747,1.156036064126147,2.0389979717829747,1.9764112293414107,2.0389979717829747,1.7893093517696272,2.0389979717829747,3.104267393433444,2.0389979717829747,1.2579074609786793,2.0389979717829747,2.3110768074101764,2.0389979717829747,1.999498054545962,2.0389979717829747,1.9941695246964237,2.0389979717829747,1.726950704766262,2.0389979717829747,2.353663225687713,2.0389979717829747,3.3509080800387063,2.0389979717829747,1.2579074609786793,2.0389979717829747,1.9764112293414107,2.0389979717829747,1.7893093517696272,2.0389979717829747,3.104267393433444,2.0389979717829747,1.156036064126147,2.0389979717829747,3.3509080800387063,2.0389979717829747,1.726950704766262,2.0389979717829747,1.9941695246964237,2.0389979717829747,2.353663225687713,2.0389979717829747,3.1510937437869435,2.0389979717829747,3.2463782753589476,2.0389979717829747,1.9074011888720002,2.0389979717829747,3.223642345349913,2.0389979717829747,1.999498054545962,2.0389979717829747,2.3110768074101764,2.0389979717829747,3.669126018901861,2.0389979717829747,1.0822586313196025,2.0389979717829747,3.5818207165133544,2.0389979717829747,2.8445972243987407
josh_king,MID,Fulham,,126.36987432369861,3.510274286769406,86.22180113373187,2.395050031492552,36,3.510274286769409,3.5424541079354097,3.510274286769409,3.112350191835911,3.510274286769409,1.7551371433847045,3.510274286769409,3.458162910114063,3.510274286769409,1.7551371433847045,3.510274286769409,2.7463911217769796,3.510274286769409,3.1343011927672833,3.510274286769409,2.272405995210098,3.510274286769409,1.908178144408787,3.510274286769409,1.7551371433847045,3.510274286769409,3.042306238505404,3.510274286769409,1.925323357194126,3.510274286769409,1.7551371433847045,3.510274286769409,1.8415505878489233,3.510274286769409,2.231289818880273,3.510274286769409,1.7551371433847045,3.510274286769409,2.6567189661205837,3.510274286769409,3.042306238505404,3.510274286769409,2.272405995210098,3.510274286769409,3.1343011927672833,3.510274286769409,1.7551371433847045,3.510274286769409,1.908178144408787,3.510274286769409,2.6567189661205837,3.510274286769409,1.7551371433847045,3.510274286769409,1.8415505878489233,3.510274286769409,2.231289818880273,3.510274286769409,3.5424541079354097,3.510274286769409,3.112350191835911,3.510274286769409,2.997096508363995,3.510274286769409,1.9304679263251705,3.510274286769409,1.7551371433847045,3.510274286769409,1.925323357194126,3.510274286769409,3.458162910114063,3.510274286769409,1.7551371433847045,3.510274286769409,2.7463911217769796,3.510274286769409,1.7551371433847045
aurele_amenda,DEF,Coventry City,,76.37368011772422,2.1214911143812283,86.16015424681406,2.3933376179670574,36,2.121491114381227,1.0607455571906135,2.121491114381227,1.0607455571906135,2.121491114381227,3.3190787122065193,2.121491114381227,1.0607455571906135,2.121491114381227,4.242982228762454,2.121491114381227,3.1778002003841346,2.121491114381227,1.993442421239095,2.121491114381227,1.7021893871732434,2.121491114381227,3.2002214949740395,2.121491114381227,2.219187800153052,2.121491114381227,1.4022195156882176,2.121491114381227,4.242982228762454,2.121491114381227,4.242982228762454,2.121491114381227,4.005817467906634,2.121491114381227,1.0607455571906135,2.121491114381227,1.8328632682431878,2.121491114381227,1.8053554127696891,2.121491114381227,1.4022195156882176,2.121491114381227,1.7021893871732434,2.121491114381227,1.993442421239095,2.121491114381227,2.219187800153052,2.121491114381227,3.2002214949740395,2.121491114381227,1.8053554127696891,2.121491114381227,1.8328632682431878,2.121491114381227,4.005817467906634,2.121491114381227,1.0607455571906135,2.121491114381227,1.0607455571906135,2.121491114381227,1.0607455571906135,2.121491114381227,1.2294360289769386,2.121491114381227,1.6705090262618714,2.121491114381227,4.242982228762454,2.121491114381227,4.242982228762454,2.121491114381227,1.0607455571906135,2.121491114381227,4.242982228762454,2.121491114381227,3.1778002003841346,2.121491114381227,3.3190787122065193
carl_rushworth,GK,Coventry City,14971.0,102.31122923662969,2.8419785899063803,85.82775341517277,2.3841042615325767,36,2.8419785899063825,1.4209892949531913,2.8419785899063825,1.4209892949531913,2.8419785899063825,3.410374307887659,2.8419785899063825,1.4209892949531913,2.8419785899063825,5.30502670115858,2.8419785899063825,3.0314438292334747,2.8419785899063825,1.8946523932709216,2.8419785899063825,1.8946523932709216,2.8419785899063825,2.65251335057929,2.8419785899063825,1.5157219146167373,2.8419785899063825,1.4209892949531913,2.8419785899063825,4.547165743850211,2.8419785899063825,4.547165743850211,2.8419785899063825,2.2735828719251057,2.8419785899063825,1.4209892949531913,2.8419785899063825,1.8946523932709216,2.8419785899063825,1.4209892949531913,2.8419785899063825,1.4209892949531913,2.8419785899063825,1.8946523932709216,2.8419785899063825,1.8946523932709216,2.8419785899063825,1.5157219146167373,2.8419785899063825,2.65251335057929,2.8419785899063825,1.4209892949531913,2.8419785899063825,1.8946523932709216,2.8419785899063825,2.2735828719251057,2.8419785899063825,1.4209892949531913,2.8419785899063825,1.4209892949531913,2.8419785899063825,1.4209892949531913,2.8419785899063825,1.4209892949531913,2.8419785899063825,1.4209892949531913,2.8419785899063825,4.547165743850211,2.8419785899063825,4.547165743850211,2.8419785899063825,1.4209892949531913,2.8419785899063825,5.30502670115858,2.8419785899063825,3.0314438292334747,2.8419785899063825,3.410374307887659
adam_smith,DEF,Bournemouth,,80.60688833658733,2.2390802315718705,85.80507631973495,2.3834743422148597,36,2.2390802315718696,1.1195401157859348,2.2390802315718696,1.7376208796104753,2.2390802315718696,1.7115424345610126,2.2390802315718696,1.1195401157859348,2.2390802315718696,1.8898557429035245,2.2390802315718696,4.239485241609362,2.2390802315718696,2.1038705527766326,2.2390802315718696,1.3293549772496462,2.2390802315718696,3.146607044468021,2.2390802315718696,3.0126698892877695,2.2390802315718696,1.1195401157859348,2.2390802315718696,1.5837031675541515,2.2390802315718696,1.1655499627876604,2.2390802315718696,4.266772195881447,2.2390802315718696,4.478160463143739,2.2390802315718696,3.033926090065179,2.2390802315718696,4.478160463143739,2.2390802315718696,1.1195401157859348,2.2390802315718696,1.3293549772496462,2.2390802315718696,3.146607044468021,2.2390802315718696,3.0126698892877695,2.2390802315718696,2.1038705527766326,2.2390802315718696,4.478160463143739,2.2390802315718696,3.033926090065179,2.2390802315718696,4.266772195881447,2.2390802315718696,4.478160463143739,2.2390802315718696,1.1195401157859348,2.2390802315718696,1.7376208796104753,2.2390802315718696,1.1195401157859348,2.2390802315718696,1.6137372991486816,2.2390802315718696,1.1655499627876604,2.2390802315718696,1.5837031675541515,2.2390802315718696,4.239485241609362,2.2390802315718696,1.8898557429035245,2.2390802315718696,1.1195401157859348,2.2390802315718696,1.7115424345610126
luke_shaw,DEF,Man Utd,,86.32213421035134,2.3978370613986484,84.29175277565399,2.3414375771015,36,2.39783706139865,1.5433754762415868,2.39783706139865,1.198918530699325,2.39783706139865,2.8813121116994154,2.39783706139865,4.7956741227973,2.39783706139865,2.0121380462949303,2.39783706139865,3.6320755427421982,2.39783706139865,1.198918530699325,2.39783706139865,4.7956741227973,2.39783706139865,1.6369161334015299,2.39783706139865,1.6618575117591394,2.39783706139865,1.198918530699325,2.39783706139865,4.080733322150322,2.39783706139865,2.9016415042314145,2.39783706139865,1.198918530699325,2.39783706139865,3.009409368156099,2.39783706139865,1.8074546636372255,2.39783706139865,1.198918530699325,2.39783706139865,1.198918530699325,2.39783706139865,4.7956741227973,2.39783706139865,1.6369161334015299,2.39783706139865,1.6618575117591394,2.39783706139865,1.198918530699325,2.39783706139865,1.198918530699325,2.39783706139865,3.009409368156099,2.39783706139865,1.198918530699325,2.39783706139865,1.8074546636372255,2.39783706139865,1.5433754762415868,2.39783706139865,1.198918530699325,2.39783706139865,1.5146508863237211,2.39783706139865,1.2713927305201143,2.39783706139865,2.9016415042314145,2.39783706139865,4.080733322150322,2.39783706139865,3.6320755427421982,2.39783706139865,2.0121380462949303,2.39783706139865,4.7956741227973,2.39783706139865,2.8813121116994154
harry_wilson,MID,Leeds,15210.0,82.56432060745995,2.293453350207221,84.20109255547838,2.3389192376521772,36,2.293453350207221,2.1724755539818976,2.293453350207221,2.2125079546113144,2.293453350207221,3.44907904184964,2.293453350207221,1.1467266751036105,2.293453350207221,1.6233810044767767,2.293453350207221,1.8795829847832943,2.293453350207221,1.6819998421371354,2.293453350207221,2.9621145020938475,2.293453350207221,2.9180964490810752,2.293453350207221,2.673999371685189,2.293453350207221,1.8578807361972136,2.293453350207221,3.3670096642487395,2.293453350207221,3.0303121763839305,2.293453350207221,3.14994545580781,2.293453350207221,3.0516845738669125,2.293453350207221,1.1824674971361082,2.293453350207221,1.8745740206503552,2.293453350207221,1.8578807361972136,2.293453350207221,2.9621145020938475,2.293453350207221,2.9180964490810752,2.293453350207221,2.673999371685189,2.293453350207221,1.6819998421371354,2.293453350207221,1.8745740206503552,2.293453350207221,3.0516845738669125,2.293453350207221,3.14994545580781,2.293453350207221,1.1824674971361082,2.293453350207221,2.1724755539818976,2.293453350207221,2.2125079546113144,2.293453350207221,2.5866908721850472,2.293453350207221,1.1467266751036105,2.293453350207221,3.0303121763839305,2.293453350207221,3.3670096642487395,2.293453350207221,1.1467266751036105,2.293453350207221,1.6233810044767767,2.293453350207221,1.8795829847832943,2.293453350207221,3.44907904184964
antonin_kinsky,GK,Spurs,61014.0,99.90881302872795,2.775244806353554,84.08991763251265,2.3358310453475735,36,2.775244806353552,3.3302937676242625,2.775244806353552,1.8501632042357015,2.775244806353552,4.440391690165683,2.775244806353552,4.440391690165683,2.775244806353552,5.550489612707104,2.775244806353552,1.387622403176776,2.775244806353552,2.590228485929982,2.775244806353552,1.480130563388561,2.775244806353552,1.387622403176776,2.775244806353552,1.8501632042357015,2.775244806353552,2.960261126777122,2.775244806353552,1.387622403176776,2.775244806353552,1.387622403176776,2.775244806353552,1.387622403176776,2.775244806353552,2.2201958450828414,2.775244806353552,1.387622403176776,2.775244806353552,1.387622403176776,2.775244806353552,2.960261126777122,2.775244806353552,1.480130563388561,2.775244806353552,2.590228485929982,2.775244806353552,1.8501632042357015,2.775244806353552,1.387622403176776,2.775244806353552,1.387622403176776,2.775244806353552,1.387622403176776,2.775244806353552,1.387622403176776,2.775244806353552,2.2201958450828414,2.775244806353552,3.3302937676242625,2.775244806353552,1.8501632042357015,2.775244806353552,1.8501632042357015,2.775244806353552,1.387622403176776,2.775244806353552,1.387622403176776,2.775244806353552,1.387622403176776,2.775244806353552,1.387622403176776,2.775244806353552,5.550489612707104,2.775244806353552,4.440391690165683,2.775244806353552,4.440391690165683
malo_gusto,DEF,Chelsea,79641.0,82.06915797560664,2.27969883265574,83.71824287415795,2.3255067465043875,36,2.2796988326557415,1.1398494163278707,2.2796988326557415,1.4246603995491725,2.2796988326557415,1.5631209858814648,2.2796988326557415,3.4162817588118157,2.2796988326557415,1.451678365285553,2.2796988326557415,4.559397665311483,2.2796988326557415,3.813736602877315,2.2796988326557415,1.7000677228759613,2.2796988326557415,1.892590179602586,2.2796988326557415,2.8306102690438477,2.2796988326557415,2.7292452551889737,2.2796988326557415,1.5396614584239505,2.2796988326557415,1.1398494163278707,2.2796988326557415,4.559397665311483,2.2796988326557415,3.8382832754938665,2.2796988326557415,1.1958550262648286,2.2796988326557415,1.1398494163278707,2.2796988326557415,2.7292452551889737,2.2796988326557415,1.7000677228759613,2.2796988326557415,1.892590179602586,2.2796988326557415,2.8306102690438477,2.2796988326557415,3.813736602877315,2.2796988326557415,1.1398494163278707,2.2796988326557415,1.1958550262648286,2.2796988326557415,4.559397665311483,2.2796988326557415,3.8382832754938665,2.2796988326557415,1.1398494163278707,2.2796988326557415,1.4246603995491725,2.2796988326557415,2.7101237000182468,2.2796988326557415,1.1398494163278707,2.2796988326557415,1.1398494163278707,2.2796988326557415,1.5396614584239505,2.2796988326557415,4.559397665311483,2.2796988326557415,1.451678365285553,2.2796988326557415,3.4162817588118157,2.2796988326557415,1.5631209858814648
andrew_robertson,DEF,Spurs,,89.64322039039565,2.4900894552887682,83.70056991058833,2.325015830849676,36,2.4900894552887687,3.0181682945472246,2.4900894552887687,1.5478674912972021,2.4900894552887687,4.980178910577537,2.4900894552887687,4.066437200641783,2.4900894552887687,4.092610351300539,2.4900894552887687,1.2450447276443843,2.4900894552887687,2.9100867708069513,2.4900894552887687,2.017994401107529,2.4900894552887687,1.2750931361407893,2.4900894552887687,1.8127152847151065,2.4900894552887687,2.8896982093049055,2.4900894552887687,1.2450447276443843,2.4900894552887687,1.5190592980745259,2.4900894552887687,1.6416803997963318,2.4900894552887687,3.642646747398671,2.4900894552887687,1.2450447276443843,2.4900894552887687,1.2450447276443843,2.4900894552887687,2.8896982093049055,2.4900894552887687,2.017994401107529,2.4900894552887687,2.9100867708069513,2.4900894552887687,1.8127152847151065,2.4900894552887687,1.2750931361407893,2.4900894552887687,1.2450447276443843,2.4900894552887687,1.2450447276443843,2.4900894552887687,1.6416803997963318,2.4900894552887687,3.642646747398671,2.4900894552887687,3.0181682945472246,2.4900894552887687,1.5478674912972021,2.4900894552887687,1.6666943703706865,2.4900894552887687,1.2450447276443843,2.4900894552887687,1.5190592980745259,2.4900894552887687,1.2450447276443843,2.4900894552887687,1.2450447276443843,2.4900894552887687,4.092610351300539,2.4900894552887687,4.066437200641783,2.4900894552887687,4.980178910577537
ferdi_kadioglu,DEF,Brighton,14969.0,55.066702919020635,1.529630636639462,83.6023355227601,2.3222870978544474,36,1.529630636639463,2.6401059402692097,1.529630636639463,3.059261273278926,1.529630636639463,1.462625814299784,1.529630636639463,2.3715429480709127,1.529630636639463,3.059261273278926,1.529630636639463,2.147781070724031,1.529630636639463,0.9406278272159293,1.529630636639463,2.1805064005202026,1.529630636639463,1.9873580790247363,1.529630636639463,0.9413801426959276,1.529630636639463,3.059261273278926,1.529630636639463,3.059261273278926,1.529630636639463,2.025047322371432,1.529630636639463,1.668181517884408,1.529630636639463,3.059261273278926,1.529630636639463,3.059261273278926,1.529630636639463,3.059261273278926,1.529630636639463,3.059261273278926,1.529630636639463,2.1805064005202026,1.529630636639463,0.9406278272159293,1.529630636639463,0.9413801426959276,1.529630636639463,1.9873580790247363,1.529630636639463,3.059261273278926,1.529630636639463,3.059261273278926,1.529630636639463,1.668181517884408,1.529630636639463,3.059261273278926,1.529630636639463,2.6401059402692097,1.529630636639463,3.059261273278926,1.529630636639463,3.059261273278926,1.529630636639463,0.9831022974230791,1.529630636639463,2.025047322371432,1.529630636639463,3.059261273278926,1.529630636639463,2.3715429480709127,1.529630636639463,3.059261273278926,1.529630636639463,2.147781070724031,1.529630636639463,1.462625814299784
william_osula,FWD,Newcastle,14974.0,52.39819728336064,1.4555054800933511,82.16257192429487,2.2822936645637464,36,1.4555054800933522,1.2691653095731938,1.4555054800933522,1.502712547794715,1.4555054800933522,1.5446084114788505,1.4555054800933522,1.764933008625223,1.4555054800933522,1.677990495885064,1.4555054800933522,2.9110109601867045,1.4555054800933522,2.160130688726697,1.4555054800933522,2.9110109601867045,1.4555054800933522,1.4829998693885464,1.4555054800933522,2.9110109601867045,1.4555054800933522,2.7734661564110645,1.4555054800933522,2.9110109601867045,1.4555054800933522,2.9110109601867045,1.4555054800933522,2.9110109601867045,1.4555054800933522,1.9784590036587943,1.4555054800933522,2.269199582518144,1.4555054800933522,2.9110109601867045,1.4555054800933522,2.7734661564110645,1.4555054800933522,2.9110109601867045,1.4555054800933522,1.4829998693885464,1.4555054800933522,2.9110109601867045,1.4555054800933522,2.160130688726697,1.4555054800933522,2.9110109601867045,1.4555054800933522,1.9784590036587943,1.4555054800933522,2.9110109601867045,1.4555054800933522,2.269199582518144,1.4555054800933522,1.2691653095731938,1.4555054800933522,1.502712547794715,1.4555054800933522,1.6500773733737502,1.4555054800933522,2.9110109601867045,1.4555054800933522,2.9110109601867045,1.4555054800933522,2.9110109601867045,1.4555054800933522,1.764933008625223,1.4555054800933522,1.677990495885064,1.4555054800933522,2.9110109601867045,1.4555054800933522,1.5446084114788505
jacob_greaves,DEF,Ipswich Town,,72.1134751158584,2.0031520865516224,80.9111480219542,2.247531889498728,36,2.003152086551621,1.609976307868045,2.003152086551621,2.8538872459101436,2.003152086551621,1.5179751119747826,2.003152086551621,2.8338924278116413,2.003152086551621,1.0015760432758105,2.003152086551621,2.959881501894259,2.003152086551621,1.4897232618785352,2.003152086551621,3.572300042061791,2.003152086551621,4.006304173103242,2.003152086551621,4.006304173103242,2.003152086551621,4.006304173103242,2.003152086551621,1.9790229423440455,2.003152086551621,1.0015760432758105,2.003152086551621,1.0015760432758105,2.003152086551621,1.6345072092514175,2.003152086551621,1.0015760432758105,2.003152086551621,1.096384049750957,2.003152086551621,4.006304173103242,2.003152086551621,3.572300042061791,2.003152086551621,1.4897232618785352,2.003152086551621,4.006304173103242,2.003152086551621,4.006304173103242,2.003152086551621,1.096384049750957,2.003152086551621,1.0015760432758105,2.003152086551621,1.0015760432758105,2.003152086551621,1.6345072092514175,2.003152086551621,1.609976307868045,2.003152086551621,2.8538872459101436,2.003152086551621,1.7777081712516403,2.003152086551621,3.987906264385404,2.003152086551621,1.0015760432758105,2.003152086551621,1.9790229423440455,2.003152086551621,2.8338924278116413,2.003152086551621,1.0015760432758105,2.003152086551621,2.959881501894259,2.003152086551621,1.5179751119747826
emiliano_martinez_romero,GK,Chelsea,79641.0,74.92385752935053,2.0812182647041815,80.89001655483585,2.246944904300996,36,2.0812182647041815,1.1099830745088968,2.0812182647041815,1.1099830745088968,2.0812182647041815,1.8499717908481612,2.0812182647041815,2.2199661490177935,2.0812182647041815,1.8499717908481612,2.0812182647041815,4.162436529408363,2.0812182647041815,4.162436529408363,2.0812182647041815,1.8499717908481612,2.0812182647041815,1.479977432678529,2.0812182647041815,3.32994922352669,2.0812182647041815,2.5899605071874254,2.0812182647041815,1.0406091323520907,2.0812182647041815,1.1099830745088968,2.0812182647041815,4.162436529408363,2.0812182647041815,4.162436529408363,2.0812182647041815,1.1099830745088968,2.0812182647041815,1.1099830745088968,2.0812182647041815,2.5899605071874254,2.0812182647041815,1.8499717908481612,2.0812182647041815,1.479977432678529,2.0812182647041815,3.32994922352669,2.0812182647041815,4.162436529408363,2.0812182647041815,1.1099830745088968,2.0812182647041815,1.1099830745088968,2.0812182647041815,4.162436529408363,2.0812182647041815,4.162436529408363,2.0812182647041815,1.1099830745088968,2.0812182647041815,1.1099830745088968,2.0812182647041815,2.959954865357058,2.0812182647041815,1.1099830745088968,2.0812182647041815,1.1099830745088968,2.0812182647041815,1.0406091323520907,2.0812182647041815,4.162436529408363,2.0812182647041815,1.8499717908481612,2.0812182647041815,2.2199661490177935,2.0812182647041815,1.8499717908481612
eberechi_eze,MID,Arsenal,,58.871618845539494,1.6353227457094304,80.61137312467011,2.2392048090186143,36,1.6353227457094301,2.826028043723203,1.6353227457094301,1.8202805555571175,1.6353227457094301,2.10393211704476,1.6353227457094301,1.7364384465673508,1.6353227457094301,2.5050785924295793,1.6353227457094301,1.8154296284693072,1.6353227457094301,2.9347032701381925,1.6353227457094301,1.1451596497950378,1.6353227457094301,2.142701461653613,1.6353227457094301,1.7992630312270257,1.6353227457094301,1.052419113020565,1.6353227457094301,2.8686572900194864,1.6353227457094301,1.628931327788843,1.6353227457094301,1.5721619639212445,1.6353227457094301,3.2706454914188603,1.6353227457094301,3.0505620186456053,1.6353227457094301,3.2607776681440375,1.6353227457094301,1.052419113020565,1.6353227457094301,1.1451596497950378,1.6353227457094301,2.142701461653613,1.6353227457094301,1.7992630312270257,1.6353227457094301,2.9347032701381925,1.6353227457094301,3.2607776681440375,1.6353227457094301,3.0505620186456053,1.6353227457094301,1.5721619639212445,1.6353227457094301,3.2706454914188603,1.6353227457094301,2.826028043723203,1.6353227457094301,1.8202805555571175,1.6353227457094301,2.5896324350966005,1.6353227457094301,2.955401350445828,1.6353227457094301,1.628931327788843,1.6353227457094301,2.8686572900194864,1.6353227457094301,1.7364384465673508,1.6353227457094301,2.5050785924295793,1.6353227457094301,1.8154296284693072,1.6353227457094301,2.10393211704476
marcelino_nunez,MID,Ipswich Town,,82.33488500950052,2.2870801391527924,79.27189081862115,2.201996967183921,36,2.287080139152793,2.9513345781389497,2.287080139152793,3.3591873201302502,2.287080139152793,1.8257178813267596,2.287080139152793,3.067849911777342,2.287080139152793,1.809459666079756,2.287080139152793,2.519275166938742,2.287080139152793,1.1516494039857177,2.287080139152793,1.6381626728792322,2.287080139152793,2.8849143076963317,2.287080139152793,2.972149956897889,2.287080139152793,2.6043081861597783,2.287080139152793,1.7462790471224654,2.287080139152793,2.1548444024153053,2.287080139152793,2.1158553473785746,2.287080139152793,1.1435400695763964,2.287080139152793,2.842043476456109,2.287080139152793,1.1435400695763964,2.287080139152793,2.6043081861597783,2.287080139152793,1.6381626728792322,2.287080139152793,1.1516494039857177,2.287080139152793,2.972149956897889,2.287080139152793,2.8849143076963317,2.287080139152793,1.1435400695763964,2.287080139152793,2.842043476456109,2.287080139152793,2.1158553473785746,2.287080139152793,1.1435400695763964,2.287080139152793,2.9513345781389497,2.287080139152793,3.3591873201302502,2.287080139152793,1.8305962991879325,2.287080139152793,1.581071590361201,2.287080139152793,2.1548444024153053,2.287080139152793,1.7462790471224654,2.287080139152793,3.067849911777342,2.287080139152793,1.809459666079756,2.287080139152793,2.519275166938742,2.287080139152793,1.8257178813267596
igor_jesus_maciel_da_cruz,FWD,Nott'm Forest,15210.0,126.69967954321291,3.519435542867025,79.14823960132243,2.1985622111478453,36,3.519435542867022,2.1029388543818097,3.519435542867022,1.759717771433511,3.519435542867022,1.759717771433511,3.519435542867022,3.9350083015306514,3.519435542867022,1.759717771433511,3.519435542867022,2.1425490040362623,3.519435542867022,2.272474187792265,3.519435542867022,1.759717771433511,3.519435542867022,1.759717771433511,3.519435542867022,2.2248558085130457,3.519435542867022,1.759717771433511,3.519435542867022,3.204821199314745,3.519435542867022,2.13654746620983,3.519435542867022,1.759717771433511,3.519435542867022,1.9585018440256774,3.519435542867022,1.759717771433511,3.519435542867022,3.7589631919553095,3.519435542867022,1.759717771433511,3.519435542867022,1.759717771433511,3.519435542867022,1.759717771433511,3.519435542867022,2.2248558085130457,3.519435542867022,2.272474187792265,3.519435542867022,3.7589631919553095,3.519435542867022,1.9585018440256774,3.519435542867022,1.759717771433511,3.519435542867022,1.759717771433511,3.519435542867022,2.1029388543818097,3.519435542867022,1.759717771433511,3.519435542867022,1.759717771433511,3.519435542867022,1.759717771433511,3.519435542867022,2.13654746620983,3.519435542867022,3.204821199314745,3.519435542867022,3.9350083015306514,3.519435542867022,1.759717771433511,3.519435542867022,2.1425490040362623,3.519435542867022,1.759717771433511
levi_samuels_colwill,DEF,Chelsea,14971.0,77.57311209879492,2.1548086694109703,79.1318541506358,2.1981070597398835,36,2.154808669410971,1.0774043347054856,2.154808669410971,1.3466123401654773,2.154808669410971,1.4774875538238441,2.154808669410971,3.2291254641134057,2.154808669410971,1.3721501638308864,2.154808669410971,4.309617338821942,2.154808669410971,3.604806291520776,2.154808669410971,1.6069318522970397,2.154808669410971,1.7889072311796748,2.154808669410971,2.67553918091622,2.154808669410971,2.579727309847709,2.154808669410971,1.4553132242932862,2.154808669410971,1.0774043347054856,2.154808669410971,4.309617338821942,2.154808669410971,3.6280082084589527,2.154808669410971,1.1303417543764944,2.154808669410971,1.0774043347054856,2.154808669410971,2.579727309847709,2.154808669410971,1.6069318522970397,2.154808669410971,1.7889072311796748,2.154808669410971,2.67553918091622,2.154808669410971,3.604806291520776,2.154808669410971,1.0774043347054856,2.154808669410971,1.1303417543764944,2.154808669410971,4.309617338821942,2.154808669410971,3.6280082084589527,2.154808669410971,1.0774043347054856,2.154808669410971,1.3466123401654773,2.154808669410971,2.561653302762088,2.154808669410971,1.0774043347054856,2.154808669410971,1.0774043347054856,2.154808669410971,1.4553132242932862,2.154808669410971,4.309617338821942,2.154808669410971,1.3721501638308864,2.154808669410971,3.2291254641134057,2.154808669410971,1.4774875538238441
adam_wharton,MID,Crystal Palace,,107.38421453204978,2.982894848112494,78.46592615514739,2.1796090598652054,36,2.982894848112494,2.9616070089440236,2.982894848112494,3.16569272729329,2.982894848112494,1.6858035478449254,2.982894848112494,2.4320299905225333,2.982894848112494,2.042581028052221,2.982894848112494,2.0802198506770178,2.982894848112494,2.785006659248999,2.982894848112494,2.8491267251373764,2.982894848112494,2.5141182259182453,2.982894848112494,1.491447424056247,2.982894848112494,2.7436204904560344,2.982894848112494,2.869221245208139,2.982894848112494,1.5263174008871963,2.982894848112494,1.7672008038623546,2.982894848112494,1.491447424056247,2.982894848112494,1.5814313585435036,2.982894848112494,1.491447424056247,2.982894848112494,2.7436204904560344,2.982894848112494,2.8491267251373764,2.982894848112494,2.785006659248999,2.982894848112494,1.491447424056247,2.982894848112494,2.5141182259182453,2.982894848112494,1.491447424056247,2.982894848112494,1.5814313585435036,2.982894848112494,1.7672008038623546,2.982894848112494,1.491447424056247,2.982894848112494,2.9616070089440236,2.982894848112494,3.16569272729329,2.982894848112494,1.7624913307963017,2.982894848112494,1.7467961548218842,2.982894848112494,1.5263174008871963,2.982894848112494,2.869221245208139,2.982894848112494,2.4320299905225333,2.982894848112494,2.042581028052221,2.982894848112494,2.0802198506770178,2.982894848112494,1.6858035478449254
noah_okafor,MID,Leeds,,76.45698485217724,2.1238051347827014,77.97268372931194,2.165907881369776,36,2.1238051347827023,2.011776143744004,2.1238051347827023,2.0488473220205328,2.1238051347827023,3.193948452751313,2.1238051347827023,1.0619025673913511,2.1238051347827023,1.5032984702762602,2.1238051347827023,1.7405490257616445,2.1238051347827023,1.5575812349144924,2.1238051347827023,2.743004992359148,2.1238051347827023,2.7022429829626127,2.1238051347827023,2.476201922955007,2.1238051347827023,1.720452106424138,2.1238051347827023,3.1179497996540246,2.1238051347827023,2.8061580409373676,2.1238051347827023,2.9169419699448498,2.1238051347827023,2.8259495084694506,2.1238051347827023,1.0949996178925594,2.1238051347827023,1.7359105779185622,2.1238051347827023,1.720452106424138,2.1238051347827023,2.743004992359148,2.1238051347827023,2.7022429829626127,2.1238051347827023,2.476201922955007,2.1238051347827023,1.5575812349144924,2.1238051347827023,1.7359105779185622,2.1238051347827023,2.8259495084694506,2.1238051347827023,2.9169419699448498,2.1238051347827023,1.0949996178925594,2.1238051347827023,2.011776143744004,2.1238051347827023,2.0488473220205328,2.1238051347827023,2.395351689165939,2.1238051347827023,1.0619025673913511,2.1238051347827023,2.8061580409373676,2.1238051347827023,3.1179497996540246,2.1238051347827023,1.0619025673913511,2.1238051347827023,1.5032984702762602,2.1238051347827023,1.7405490257616445,2.1238051347827023,3.193948452751313
diogo_dalot_teixeira,DEF,Man Utd,,78.72553299338023,2.1868203609272285,76.8738310853052,2.1353841968140332,36,2.1868203609272285,1.4075539036135276,2.1868203609272285,1.0934101804636143,2.1868203609272285,2.6277481875166324,2.1868203609272285,4.373640721854457,2.1868203609272285,1.835063991407104,2.1868203609272285,3.3124422326934533,2.1868203609272285,1.0934101804636143,2.1868203609272285,4.373640721854457,2.1868203609272285,1.4928627083463062,2.1868203609272285,1.515609172190766,2.1868203609272285,1.0934101804636143,2.1868203609272285,3.721616810438027,2.1868203609272285,2.6462885338270383,2.1868203609272285,1.0934101804636143,2.1868203609272285,2.744572509364004,2.1868203609272285,1.6483933472899257,2.1868203609272285,1.0934101804636143,2.1868203609272285,1.0934101804636143,2.1868203609272285,4.373640721854457,2.1868203609272285,1.4928627083463062,2.1868203609272285,1.515609172190766,2.1868203609272285,1.0934101804636143,2.1868203609272285,1.0934101804636143,2.1868203609272285,2.744572509364004,2.1868203609272285,1.0934101804636143,2.1868203609272285,1.6483933472899257,2.1868203609272285,1.4075539036135276,2.1868203609272285,1.0934101804636143,2.1868203609272285,1.381357161932075,2.1868203609272285,1.1595064379455822,2.1868203609272285,2.6462885338270383,2.1868203609272285,3.721616810438027,2.1868203609272285,3.3124422326934533,2.1868203609272285,1.835063991407104,2.1868203609272285,4.373640721854457,2.1868203609272285,2.6277481875166324
yasin_ayari,MID,Brighton,,47.622910291869324,1.3228586192185923,76.8051973543294,2.1334777042869275,36,1.3228586192185918,1.906655127682685,1.3228586192185918,2.6457172384371836,1.3228586192185918,1.0818353165149672,1.3228586192185918,1.998715970574687,1.3228586192185918,2.6457172384371836,1.3228586192185918,2.6457172384371836,1.3228586192185918,1.9756381755544357,1.3228586192185918,1.1555838920052923,1.3228586192185918,1.257415442864262,1.3228586192185918,2.3527426134978664,1.3228586192185918,1.7886094810393258,1.3228586192185918,2.6457172384371836,1.3228586192185918,1.9933895249271192,1.3228586192185918,2.6457172384371836,1.3228586192185918,2.6457172384371836,1.3228586192185918,2.6457172384371836,1.3228586192185918,1.726275225006575,1.3228586192185918,1.7886094810393258,1.3228586192185918,1.1555838920052923,1.3228586192185918,1.9756381755544357,1.3228586192185918,2.3527426134978664,1.3228586192185918,1.257415442864262,1.3228586192185918,1.726275225006575,1.3228586192185918,2.6457172384371836,1.3228586192185918,2.6457172384371836,1.3228586192185918,2.6457172384371836,1.3228586192185918,1.906655127682685,1.3228586192185918,2.6457172384371836,1.3228586192185918,2.6457172384371836,1.3228586192185918,2.6457172384371836,1.3228586192185918,1.9933895249271192,1.3228586192185918,2.6457172384371836,1.3228586192185918,1.998715970574687,1.3228586192185918,2.6457172384371836,1.3228586192185918,2.6457172384371836,1.3228586192185918,1.0818353165149672
nick_woltemade,FWD,Newcastle,,48.934946659936735,1.3593040738871316,76.73204963170285,2.131445823102857,36,1.3593040738871327,1.1852800276838655,1.3593040738871327,1.4033909978598356,1.3593040738871327,1.4425177610110214,1.3593040738871327,1.6482800384978755,1.3593040738871327,1.5670839774881278,1.3593040738871327,2.7186081477742654,1.3593040738871327,2.017357189975329,1.3593040738871327,2.7186081477742654,1.3593040738871327,1.3849812258382193,1.3593040738871327,2.7186081477742654,1.3593040738871327,2.590154346210947,1.3593040738871327,2.7186081477742654,1.3593040738871327,2.7186081477742654,1.3593040738871327,2.7186081477742654,1.3593040738871327,1.8476930664112583,1.3593040738871327,2.119217192354412,1.3593040738871327,2.7186081477742654,1.3593040738871327,2.590154346210947,1.3593040738871327,2.7186081477742654,1.3593040738871327,1.3849812258382193,1.3593040738871327,2.7186081477742654,1.3593040738871327,2.017357189975329,1.3593040738871327,2.7186081477742654,1.3593040738871327,1.8476930664112583,1.3593040738871327,2.7186081477742654,1.3593040738871327,2.119217192354412,1.3593040738871327,1.1852800276838655,1.3593040738871327,1.4033909978598356,1.3593040738871327,1.5410157684271037,1.3593040738871327,2.7186081477742654,1.3593040738871327,2.7186081477742654,1.3593040738871327,2.7186081477742654,1.3593040738871327,1.6482800384978755,1.3593040738871327,1.5670839774881278,1.3593040738871327,2.7186081477742654,1.3593040738871327,1.4425177610110214
georginio_rutter,FWD,Brighton,14972.0,67.82110172306362,1.8839194923073228,75.31767781011135,2.0921577169475376,36,1.8839194923073237,1.3228658606897221,1.8839194923073237,1.553703419154292,1.8839194923073237,1.305512422519165,1.8839194923073237,2.663491575693072,1.8839194923073237,3.7678389846146474,1.8839194923073237,1.452593862968726,1.8839194923073237,1.741674331897547,1.8839194923073237,2.8329423759079817,1.8839194923073237,1.359747570270964,1.8839194923073237,1.0146634574068845,1.8839194923073237,1.11726987444803,1.8839194923073237,1.9976186817698043,1.8839194923073237,1.9016033019344263,1.8839194923073237,2.670973293602322,1.8839194923073237,3.7678389846146474,1.8839194923073237,2.6215939554012704,1.8839194923073237,2.441533944385316,1.8839194923073237,1.11726987444803,1.8839194923073237,2.8329423759079817,1.8839194923073237,1.741674331897547,1.8839194923073237,1.0146634574068845,1.8839194923073237,1.359747570270964,1.8839194923073237,2.441533944385316,1.8839194923073237,2.6215939554012704,1.8839194923073237,2.670973293602322,1.8839194923073237,3.7678389846146474,1.8839194923073237,1.3228658606897221,1.8839194923073237,1.553703419154292,1.8839194923073237,1.4771663049102381,1.8839194923073237,2.773579710643468,1.8839194923073237,1.9016033019344263,1.8839194923073237,1.9976186817698043,1.8839194923073237,2.663491575693072,1.8839194923073237,3.7678389846146474,1.8839194923073237,1.452593862968726,1.8839194923073237,1.305512422519165
alisson_becker,GK,Liverpool,15210.0,109.62670187455542,3.045186163182095,75.013085819719,2.0836968283255275,36,3.0451861631820965,1.5225930815910482,3.0451861631820965,2.165465716040602,3.0451861631820965,1.6240992870304514,3.0451861631820965,1.5225930815910482,3.0451861631820965,1.5225930815910482,3.0451861631820965,1.5225930815910482,3.0451861631820965,1.5225930815910482,3.0451861631820965,1.8947825015355264,3.0451861631820965,3.2481985740609027,3.0451861631820965,1.5225930815910482,3.0451861631820965,1.5225930815910482,3.0451861631820965,1.5225930815910482,3.0451861631820965,1.5225930815910482,3.0451861631820965,3.789565003071053,3.0451861631820965,1.5225930815910482,3.0451861631820965,3.2481985740609027,3.0451861631820965,4.330931432081204,3.0451861631820965,1.5225930815910482,3.0451861631820965,1.8947825015355264,3.0451861631820965,3.2481985740609027,3.0451861631820965,1.5225930815910482,3.0451861631820965,1.5225930815910482,3.0451861631820965,4.330931432081204,3.0451861631820965,1.5225930815910482,3.0451861631820965,3.789565003071053,3.0451861631820965,3.2481985740609027,3.0451861631820965,1.5225930815910482,3.0451861631820965,2.165465716040602,3.0451861631820965,1.5225930815910482,3.0451861631820965,2.436148930545677,3.0451861631820965,1.5225930815910482,3.0451861631820965,1.5225930815910482,3.0451861631820965,1.5225930815910482,3.0451861631820965,1.5225930815910482,3.0451861631820965,1.5225930815910482,3.0451861631820965,1.6240992870304514
brenden_aaronson,MID,Leeds,,73.08820314988031,2.030227865274453,74.53711861077952,2.0704755169660976,36,2.030227865274451,1.9231349989844289,2.030227865274451,1.9585727789873788,2.030227865274451,3.053219451646816,2.030227865274451,1.0151139326372256,2.030227865274451,1.4370614300692846,2.030227865274451,1.663858456269879,2.030227865274451,1.4889524343651892,2.030227865274451,2.6221450729491065,2.030227865274451,2.5831790840426465,2.030227865274451,2.3670976502012273,2.030227865274451,1.6446470300533427,2.030227865274451,2.9805693856334723,2.030227865274451,2.6825155263869873,2.030227865274451,2.78841818949482,2.030227865274451,2.7014349593520186,2.030227865274451,1.046752689454161,2.030227865274451,1.6594243837137772,2.030227865274451,1.6446470300533427,2.030227865274451,2.6221450729491065,2.030227865274451,2.5831790840426465,2.030227865274451,2.3670976502012273,2.030227865274451,1.4889524343651892,2.030227865274451,1.6594243837137772,2.030227865274451,2.7014349593520186,2.030227865274451,2.78841818949482,2.030227865274451,1.046752689454161,2.030227865274451,1.9231349989844289,2.030227865274451,1.9585727789873788,2.030227865274451,2.289809769658781,2.030227865274451,1.0151139326372256,2.030227865274451,2.6825155263869873,2.030227865274451,2.9805693856334723,2.030227865274451,1.0151139326372256,2.030227865274451,1.4370614300692846,2.030227865274451,1.663858456269879,2.030227865274451,3.053219451646816
joachim_andersen,DEF,Fulham,,60.44548832067034,1.6790413422408428,74.34774913210954,2.0652152536697095,36,1.6790413422408417,2.8810474060180273,1.6790413422408417,1.625298291718059,1.6790413422408417,3.3580826844816833,1.6790413422408417,1.2623691530995627,1.6790413422408417,1.5039008094908466,1.6790413422408417,3.3580826844816833,1.6790413422408417,3.3580826844816833,1.6790413422408417,0.8395206711204208,1.6790413422408417,0.8395206711204208,1.6790413422408417,3.3580826844816833,1.6790413422408417,3.3580826844816833,1.6790413422408417,1.53242152962499,1.6790413422408417,1.6500626512417689,1.6790413422408417,1.9978571061843544,1.6790413422408417,0.8395206711204208,1.6790413422408417,1.1068182273358074,1.6790413422408417,2.988050398758358,1.6790413422408417,3.3580826844816833,1.6790413422408417,0.8395206711204208,1.6790413422408417,3.3580826844816833,1.6790413422408417,3.3580826844816833,1.6790413422408417,0.8395206711204208,1.6790413422408417,2.988050398758358,1.6790413422408417,1.1068182273358074,1.6790413422408417,1.9978571061843544,1.6790413422408417,0.8395206711204208,1.6790413422408417,2.8810474060180273,1.6790413422408417,1.625298291718059,1.6790413422408417,0.8395206711204208,1.6790413422408417,1.794626442506218,1.6790413422408417,1.6500626512417689,1.6790413422408417,1.53242152962499,1.6790413422408417,1.2623691530995627,1.6790413422408417,1.5039008094908466,1.6790413422408417,3.3580826844816833,1.6790413422408417,3.3580826844816833
alex_iwobi,MID,Fulham,,108.6446159521124,3.017905998669789,74.12790841968078,2.059108567213355,36,3.0179059986697876,3.045572120288555,3.0179059986697876,2.675796688966737,3.0179059986697876,1.5089529993348938,3.0179059986697876,2.9731040192917466,3.0179059986697876,1.5089529993348938,3.0179059986697876,2.3611688329723557,3.0179059986697876,2.6946687348456826,3.0179059986697876,1.9536671849849212,3.0179059986697876,1.6405277189440761,3.0179059986697876,1.5089529993348938,3.0179059986697876,2.6155774440708557,3.0179059986697876,1.6552680600930194,3.0179059986697876,1.5089529993348938,3.0179059986697876,1.5832456702515856,3.0179059986697876,1.9183181652072268,3.0179059986697876,1.5089529993348938,3.0179059986697876,2.2840745336781123,3.0179059986697876,2.6155774440708557,3.0179059986697876,1.9536671849849212,3.0179059986697876,2.6946687348456826,3.0179059986697876,1.5089529993348938,3.0179059986697876,1.6405277189440761,3.0179059986697876,2.2840745336781123,3.0179059986697876,1.5089529993348938,3.0179059986697876,1.5832456702515856,3.0179059986697876,1.9183181652072268,3.0179059986697876,3.045572120288555,3.0179059986697876,2.675796688966737,3.0179059986697876,2.576709052416604,3.0179059986697876,1.6596910267254759,3.0179059986697876,1.5089529993348938,3.0179059986697876,1.6552680600930194,3.0179059986697876,2.9731040192917466,3.0179059986697876,1.5089529993348938,3.0179059986697876,2.3611688329723557,3.0179059986697876,1.5089529993348938
rio_ngumoha,MID,Liverpool,,59.958766219036754,1.665521283862132,73.94418683385804,2.05400518982939,36,1.6655212838621307,3.101206408167246,1.6655212838621307,2.901277990572115,1.6655212838621307,1.549217023152158,1.6655212838621307,1.7112132780262888,1.6655212838621307,1.000917336150284,1.6655212838621307,2.00097290516646,1.6655212838621307,0.9370394747199378,1.6655212838621307,3.1767969484715,1.6655212838621307,1.4952257569785334,1.6655212838621307,1.7265887375235194,1.6655212838621307,1.7312022769001034,1.6655212838621307,2.6877319372231447,1.6655212838621307,1.6514631127695685,1.6655212838621307,2.7282750546153287,1.6655212838621307,1.0891194695712867,1.6655212838621307,2.8107741586458506,1.6655212838621307,2.462904717784818,1.6655212838621307,1.7312022769001034,1.6655212838621307,3.1767969484715,1.6655212838621307,1.4952257569785334,1.6655212838621307,1.7265887375235194,1.6655212838621307,0.9370394747199378,1.6655212838621307,2.462904717784818,1.6655212838621307,1.0891194695712867,1.6655212838621307,2.7282750546153287,1.6655212838621307,2.8107741586458506,1.6655212838621307,3.101206408167246,1.6655212838621307,2.901277990572115,1.6655212838621307,2.037845011203009,1.6655212838621307,2.382488649778752,1.6655212838621307,1.6514631127695685,1.6655212838621307,2.6877319372231447,1.6655212838621307,1.7112132780262888,1.6655212838621307,1.000917336150284,1.6655212838621307,2.00097290516646,1.6655212838621307,1.549217023152158
daichi_kamada,MID,Crystal Palace,,100.2302364397061,2.7841732344362806,73.23849566961874,2.0344026574894096,36,2.7841732344362793,2.7643035993838256,2.7841732344362793,2.9547930478866045,2.7841732344362793,1.5734946605300357,2.7841732344362793,2.2700072076774034,2.7841732344362793,1.9065034863930486,2.7841732344362793,1.9416347960313902,2.7841732344362793,2.599468433597106,2.7841732344362793,2.6593167957844877,2.7841732344362793,2.3466266929386643,2.7841732344362793,1.3920866172181396,2.7841732344362793,2.5608394274482147,2.7841732344362793,2.6780726111211437,2.7841732344362793,1.4246335426451537,2.7841732344362793,1.6494691997276498,2.7841732344362793,1.3920866172181396,2.7841732344362793,1.4760757870298806,2.7841732344362793,1.3920866172181396,2.7841732344362793,2.5608394274482147,2.7841732344362793,2.6593167957844877,2.7841732344362793,2.599468433597106,2.7841732344362793,1.3920866172181396,2.7841732344362793,2.3466266929386643,2.7841732344362793,1.3920866172181396,2.7841732344362793,1.4760757870298806,2.7841732344362793,1.6494691997276498,2.7841732344362793,1.3920866172181396,2.7841732344362793,2.7643035993838256,2.7841732344362793,2.9547930478866045,2.7841732344362793,1.6450734735869512,2.7841732344362793,1.6304239163337375,2.7841732344362793,1.4246335426451537,2.7841732344362793,2.6780726111211437,2.7841732344362793,2.2700072076774034,2.7841732344362793,1.9065034863930486,2.7841732344362793,1.9416347960313902,2.7841732344362793,1.5734946605300357
jeremie_frimpong,DEF,Liverpool,,90.40059517353245,2.511127643709235,71.90611633074148,1.9973921202983744,36,2.5111276437092354,1.2555638218546177,2.5111276437092354,2.1523803832075448,2.5111276437092354,2.7132111501503835,2.5111276437092354,1.2555638218546177,2.5111276437092354,1.2555638218546177,2.5111276437092354,1.2555638218546177,2.5111276437092354,1.2555638218546177,2.5111276437092354,2.167566723316528,2.5111276437092354,3.0288698079347625,2.5111276437092354,1.2555638218546177,2.5111276437092354,1.3501938737401185,2.5111276437092354,1.2555638218546177,2.5111276437092354,1.503095218864151,2.5111276437092354,4.18501424595523,2.5111276437092354,1.2555638218546177,2.5111276437092354,4.008034088546582,2.5111276437092354,3.0483647766007786,2.5111276437092354,1.3501938737401185,2.5111276437092354,2.167566723316528,2.5111276437092354,3.0288698079347625,2.5111276437092354,1.2555638218546177,2.5111276437092354,1.2555638218546177,2.5111276437092354,3.0483647766007786,2.5111276437092354,1.2555638218546177,2.5111276437092354,4.18501424595523,2.5111276437092354,4.008034088546582,2.5111276437092354,1.2555638218546177,2.5111276437092354,2.1523803832075448,2.5111276437092354,1.2555638218546177,2.5111276437092354,2.248070822580825,2.5111276437092354,1.503095218864151,2.5111276437092354,1.2555638218546177,2.5111276437092354,1.2555638218546177,2.5111276437092354,1.2555638218546177,2.5111276437092354,1.2555638218546177,2.5111276437092354,2.7132111501503835
reece_james,DEF,Chelsea,50210.0,70.41567736281809,1.9559910378560579,71.83059903406021,1.9952944176127838,36,1.9559910378560583,0.9779955189280292,1.9559910378560583,1.2223645218348111,1.9559910378560583,1.341164278224894,1.9559910378560583,2.93118389469129,1.9559910378560583,1.2455460483085945,1.9559910378560583,3.9119820757121166,1.9559910378560583,3.2722017966213177,1.9559910378560583,1.4586651456148265,1.9559910378560583,1.6238502106545887,1.9559910378560583,2.4286753314090874,1.9559910378560583,2.3417037298044514,1.9559910378560583,1.3210359065286292,1.9559910378560583,0.9779955189280292,1.9559910378560583,3.9119820757121166,1.9559910378560583,3.293262943365525,1.9559910378560583,1.0260485641536283,1.9559910378560583,0.9779955189280292,1.9559910378560583,2.3417037298044514,1.9559910378560583,1.4586651456148265,1.9559910378560583,1.6238502106545887,1.9559910378560583,2.4286753314090874,1.9559910378560583,3.2722017966213177,1.9559910378560583,0.9779955189280292,1.9559910378560583,1.0260485641536283,1.9559910378560583,3.9119820757121166,1.9559910378560583,3.293262943365525,1.9559910378560583,0.9779955189280292,1.9559910378560583,1.2223645218348111,1.9559910378560583,2.3252973562922796,1.9559910378560583,0.9779955189280292,1.9559910378560583,0.9779955189280292,1.9559910378560583,1.3210359065286292,1.9559910378560583,3.9119820757121166,1.9559910378560583,1.2455460483085945,1.9559910378560583,2.93118389469129,1.9559910378560583,1.341164278224894
milos_kerkez,DEF,Liverpool,15210.0,89.92290260566203,2.4978584057128344,71.52615182619721,1.9868375507277003,36,2.4978584057128366,1.2489292028564183,2.4978584057128366,2.141006828527794,2.4978584057128366,2.698874067534922,2.4978584057128366,1.2489292028564183,2.4978584057128366,1.2489292028564183,2.4978584057128366,1.2489292028564183,2.4978584057128366,1.2489292028564183,2.4978584057128366,2.1561129213575496,2.4978584057128366,3.0128647297212843,2.4978584057128366,1.2489292028564183,2.4978584057128366,1.3430592129844936,2.4978584057128366,1.2489292028564183,2.4978584057128366,1.4951526006383025,2.4978584057128366,4.16289989816928,2.4978584057128366,1.2489292028564183,2.4978584057128366,3.986854934889524,2.4978584057128366,3.032256683560631,2.4978584057128366,1.3430592129844936,2.4978584057128366,2.1561129213575496,2.4978584057128366,3.0128647297212843,2.4978584057128366,1.2489292028564183,2.4978584057128366,1.2489292028564183,2.4978584057128366,3.032256683560631,2.4978584057128366,1.2489292028564183,2.4978584057128366,4.16289989816928,2.4978584057128366,3.986854934889524,2.4978584057128366,1.2489292028564183,2.4978584057128366,2.141006828527794,2.4978584057128366,1.2489292028564183,2.4978584057128366,2.236191622870562,2.4978584057128366,1.4951526006383025,2.4978584057128366,1.2489292028564183,2.4978584057128366,1.2489292028564183,2.4978584057128366,1.2489292028564183,2.4978584057128366,1.2489292028564183,2.4978584057128366,2.698874067534922
nico_elvedi,DEF,Leeds,,45.528549799035495,1.2646819388620971,71.21913488200016,1.9783093022777822,36,1.2646819388620973,0.7079888190804419,1.2646819388620973,0.960273525321567,1.2646819388620973,2.5293638777241947,1.2646819388620973,1.4919805328607312,1.2646819388620973,2.5293638777241947,1.2646819388620973,2.4191395206974855,1.2646819388620973,2.5293638777241947,1.2646819388620973,2.5293638777241947,1.2646819388620973,1.002833038515797,1.2646819388620973,2.5293638777241947,1.2646819388620973,0.9595061109632578,1.2646819388620973,1.7016617139039987,1.2646819388620973,2.1908867702441888,1.2646819388620973,2.5293638777241947,1.2646819388620973,2.5293638777241947,1.2646819388620973,2.027244109012197,1.2646819388620973,2.065689770795106,1.2646819388620973,0.9595061109632578,1.2646819388620973,2.5293638777241947,1.2646819388620973,1.002833038515797,1.2646819388620973,2.5293638777241947,1.2646819388620973,2.5293638777241947,1.2646819388620973,2.065689770795106,1.2646819388620973,2.5293638777241947,1.2646819388620973,2.5293638777241947,1.2646819388620973,2.027244109012197,1.2646819388620973,0.7079888190804419,1.2646819388620973,0.960273525321567,1.2646819388620973,2.5293638777241947,1.2646819388620973,2.2242688933477055,1.2646819388620973,2.1908867702441888,1.2646819388620973,1.7016617139039987,1.2646819388620973,1.4919805328607312,1.2646819388620973,2.5293638777241947,1.2646819388620973,2.4191395206974855,1.2646819388620973,2.5293638777241947
igor_thiago_nascimento_rodrigues,FWD,Brentford,79641.0,124.97218031018046,3.4714494530605684,71.12294395813436,1.9756373321703988,36,3.4714494530605657,1.8061729460022373,3.4714494530605657,1.7357247265302829,3.4714494530605657,1.8808261616676587,3.4714494530605657,1.7357247265302829,3.4714494530605657,1.7357247265302829,3.4714494530605657,1.7357247265302829,3.4714494530605657,1.7357247265302829,3.4714494530605657,2.709259419003356,3.4714494530605657,1.7357247265302829,3.4714494530605657,1.7357247265302829,3.4714494530605657,1.7357247265302829,3.4714494530605657,1.7357247265302829,3.4714494530605657,3.177714387208056,3.4714494530605657,1.7357247265302829,3.4714494530605657,1.8112464655134795,3.4714494530605657,1.7357247265302829,3.4714494530605657,3.3265376262044954,3.4714494530605657,1.7357247265302829,3.4714494530605657,2.709259419003356,3.4714494530605657,1.7357247265302829,3.4714494530605657,1.7357247265302829,3.4714494530605657,1.7357247265302829,3.4714494530605657,3.3265376262044954,3.4714494530605657,1.7357247265302829,3.4714494530605657,1.7357247265302829,3.4714494530605657,1.8112464655134795,3.4714494530605657,1.8061729460022373,3.4714494530605657,1.7357247265302829,3.4714494530605657,1.7777612367392805,3.4714494530605657,1.7357247265302829,3.4714494530605657,3.177714387208056,3.4714494530605657,1.7357247265302829,3.4714494530605657,1.7357247265302829,3.4714494530605657,1.7357247265302829,3.4714494530605657,1.7357247265302829,3.4714494530605657,1.8808261616676587
chris_richards,DEF,Crystal Palace,14970.0,95.41586264903805,2.6504406291399456,70.45859575938209,1.9571832155383915,36,2.6504406291399443,2.0668057802435276,2.6504406291399443,1.3252203145699721,2.6504406291399443,1.443334975008124,2.6504406291399443,2.1586917474051543,2.6504406291399443,1.3252203145699721,2.6504406291399443,1.3252203145699721,2.6504406291399443,4.018625936857803,2.6504406291399443,1.3252203145699721,2.6504406291399443,2.9271675163570476,2.6504406291399443,1.3252203145699721,2.6504406291399443,1.3252203145699721,2.6504406291399443,3.848682178229275,2.6504406291399443,2.908447631043587,2.6504406291399443,1.3252203145699721,2.6504406291399443,1.3252203145699721,2.6504406291399443,2.60533896884679,2.6504406291399443,1.3252203145699721,2.6504406291399443,1.3252203145699721,2.6504406291399443,1.3252203145699721,2.6504406291399443,4.018625936857803,2.6504406291399443,1.3252203145699721,2.6504406291399443,2.9271675163570476,2.6504406291399443,1.3252203145699721,2.6504406291399443,2.60533896884679,2.6504406291399443,1.3252203145699721,2.6504406291399443,1.3252203145699721,2.6504406291399443,2.0668057802435276,2.6504406291399443,1.3252203145699721,2.6504406291399443,1.3252203145699721,2.6504406291399443,1.3252203145699721,2.6504406291399443,2.908447631043587,2.6504406291399443,3.848682178229275,2.6504406291399443,2.1586917474051543,2.6504406291399443,1.3252203145699721,2.6504406291399443,1.3252203145699721,2.6504406291399443,1.443334975008124
matheus_nunes,DEF,Man City,14973.0,47.875089926165316,1.3298636090601477,69.07994685958268,1.9188874127661855,36,1.3298636090601477,2.6597272181202953,1.3298636090601477,2.6597272181202953,1.3298636090601477,1.9656257634826877,1.3298636090601477,1.7801633364344838,1.3298636090601477,1.3826528304648695,1.3298636090601477,2.6597272181202953,1.3298636090601477,0.6649318045300738,1.3298636090601477,2.6597272181202953,1.3298636090601477,2.6597272181202953,1.3298636090601477,1.212280378586901,1.3298636090601477,2.1882210730099216,1.3298636090601477,1.8072873450543356,1.3298636090601477,0.8148328941399557,1.3298636090601477,1.6471986073767189,1.3298636090601477,0.7802519719152877,1.3298636090601477,1.678436897954039,1.3298636090601477,2.6597272181202953,1.3298636090601477,2.1882210730099216,1.3298636090601477,2.6597272181202953,1.3298636090601477,0.6649318045300738,1.3298636090601477,1.212280378586901,1.3298636090601477,2.6597272181202953,1.3298636090601477,2.6597272181202953,1.3298636090601477,0.7802519719152877,1.3298636090601477,1.6471986073767189,1.3298636090601477,1.678436897954039,1.3298636090601477,2.6597272181202953,1.3298636090601477,2.6597272181202953,1.3298636090601477,2.6597272181202953,1.3298636090601477,2.6597272181202953,1.3298636090601477,0.8148328941399557,1.3298636090601477,1.8072873450543356,1.3298636090601477,1.7801633364344838,1.3298636090601477,1.3826528304648695,1.3298636090601477,2.6597272181202953,1.3298636090601477,1.9656257634826877
jeremy_jacquet,DEF,Liverpool,14973.0,86.61711689069465,2.4060310247415178,68.89667564046354,1.9137965455684318,36,2.4060310247415164,1.2030155123707582,2.4060310247415164,2.0622981838521106,2.4060310247415164,2.5996568594552594,2.4060310247415164,1.2030155123707582,2.4060310247415164,1.2030155123707582,2.4060310247415164,1.2030155123707582,2.4060310247415164,1.2030155123707582,2.4060310247415164,2.076848939782828,2.4060310247415164,2.902104457354198,2.4060310247415164,1.2030155123707582,2.4060310247415164,1.293685073227131,2.4060310247415164,1.2030155123707582,2.4060310247415164,1.4401871361607865,2.4060310247415164,4.009861521766367,2.4060310247415164,1.2030155123707582,2.4060310247415164,3.8402884016760415,2.4060310247415164,2.920783515567071,2.4060310247415164,1.293685073227131,2.4060310247415164,2.076848939782828,2.4060310247415164,2.902104457354198,2.4060310247415164,1.2030155123707582,2.4060310247415164,1.2030155123707582,2.4060310247415164,2.920783515567071,2.4060310247415164,1.2030155123707582,2.4060310247415164,4.009861521766367,2.4060310247415164,3.8402884016760415,2.4060310247415164,1.2030155123707582,2.4060310247415164,2.0622981838521106,2.4060310247415164,1.2030155123707582,2.4060310247415164,2.15398375247704,2.4060310247415164,1.4401871361607865,2.4060310247415164,1.2030155123707582,2.4060310247415164,1.2030155123707582,2.4060310247415164,1.2030155123707582,2.4060310247415164,1.2030155123707582,2.4060310247415164,2.5996568594552594
enzo_fernandez,MID,Chelsea,14970.0,44.396638435591896,1.2332399565442194,68.88996619956275,1.9136101722100765,36,1.2332399565442196,0.942159249140747,1.2332399565442196,1.0950701751199328,1.2332399565442196,1.0063861249401036,1.2332399565442196,1.5576815989799666,1.2332399565442196,1.7360224327862213,1.2332399565442196,2.466479913088439,1.2332399565442196,1.5033953365858408,1.2332399565442196,1.7406611795116171,1.2332399565442196,1.6604863383964235,1.2332399565442196,2.3955060356798654,1.2332399565442196,2.466479913088439,1.2332399565442196,2.466479913088439,1.2332399565442196,1.7205629652120997,1.2332399565442196,2.466479913088439,1.2332399565442196,2.466479913088439,1.2332399565442196,2.466479913088439,1.2332399565442196,2.048979341232221,1.2332399565442196,2.466479913088439,1.2332399565442196,1.7406611795116171,1.2332399565442196,1.6604863383964235,1.2332399565442196,2.3955060356798654,1.2332399565442196,1.5033953365858408,1.2332399565442196,2.048979341232221,1.2332399565442196,2.466479913088439,1.2332399565442196,2.466479913088439,1.2332399565442196,2.466479913088439,1.2332399565442196,0.942159249140747,1.2332399565442196,1.0950701751199328,1.2332399565442196,2.466479913088439,1.2332399565442196,2.011905774242937,1.2332399565442196,1.7205629652120997,1.2332399565442196,2.466479913088439,1.2332399565442196,2.466479913088439,1.2332399565442196,1.7360224327862213,1.2332399565442196,1.5576815989799666,1.2332399565442196,1.0063861249401036
benjamin_sesko,FWD,Man Utd,50210.0,51.742697240624345,1.4372971455728984,68.31656836363948,1.897682454545541,36,1.4372971455728978,1.7471618356202958,1.4372971455728978,1.6002217285147537,1.4372971455728978,2.8745942911457956,1.4372971455728978,2.408677405382367,1.4372971455728978,1.2154273938685964,1.4372971455728978,1.0265291834201868,1.4372971455728978,2.5483194173871673,1.4372971455728978,1.3571961040339093,1.4372971455728978,1.3346193485536617,1.4372971455728978,2.602860857815544,1.4372971455728978,0.9322560951469043,1.4372971455728978,1.4275171456936977,1.4372971455728978,2.8745942911457956,1.4372971455728978,1.1994833403125518,1.4372971455728978,1.8353791873204683,1.4372971455728978,2.4471722497606248,1.4372971455728978,2.8745942911457956,1.4372971455728978,0.9322560951469043,1.4372971455728978,1.3571961040339093,1.4372971455728978,1.3346193485536617,1.4372971455728978,2.602860857815544,1.4372971455728978,2.5483194173871673,1.4372971455728978,2.8745942911457956,1.4372971455728978,1.8353791873204683,1.4372971455728978,1.1994833403125518,1.4372971455728978,2.4471722497606248,1.4372971455728978,1.7471618356202958,1.4372971455728978,1.6002217285147537,1.4372971455728978,1.2493137019893423,1.4372971455728978,2.4540463291138845,1.4372971455728978,2.8745942911457956,1.4372971455728978,1.4275171456936977,1.4372971455728978,1.0265291834201868,1.4372971455728978,1.2154273938685964,1.4372971455728978,2.408677405382367,1.4372971455728978,2.8745942911457956
nico_gonzalez_iglesias,MID,Newcastle,,65.31945908960222,1.8144294191556172,68.11231417459761,1.892008727072156,36,1.814429419155618,1.4171255758803332,1.814429419155618,1.5106538204485276,1.814429419155618,0.9962574852026423,1.814429419155618,2.2529091885575037,1.814429419155618,2.5711181123842737,1.814429419155618,2.90593256966516,1.814429419155618,1.5793739820861756,1.814429419155618,2.6539052835947516,1.814429419155618,0.907214709577809,1.814429419155618,1.830363233929207,1.814429419155618,1.3677377864193527,1.814429419155618,1.583594155598461,1.814429419155618,2.836787132738696,1.814429419155618,0.9155757619513766,1.814429419155618,1.565309485912422,1.814429419155618,2.179349664630213,1.814429419155618,2.4585668840634876,1.814429419155618,1.3677377864193527,1.814429419155618,2.6539052835947516,1.814429419155618,0.907214709577809,1.814429419155618,1.830363233929207,1.814429419155618,1.5793739820861756,1.814429419155618,2.4585668840634876,1.814429419155618,1.565309485912422,1.814429419155618,0.9155757619513766,1.814429419155618,2.179349664630213,1.814429419155618,1.4171255758803332,1.814429419155618,1.5106538204485276,1.814429419155618,2.553111350235871,1.814429419155618,2.495653159080967,1.814429419155618,2.836787132738696,1.814429419155618,1.583594155598461,1.814429419155618,2.2529091885575037,1.814429419155618,2.5711181123842737,1.814429419155618,2.90593256966516,1.814429419155618,0.9962574852026423
cody_drameh,DEF,Hull City,,38.073135761814854,1.057587104494857,68.02060596515318,1.8894612768098105,36,1.057587104494857,2.115174208989714,1.057587104494857,1.2750386269805154,1.057587104494857,1.2209269043068756,1.057587104494857,2.115174208989714,1.057587104494857,2.115174208989714,1.057587104494857,2.115174208989714,1.057587104494857,2.115174208989714,1.057587104494857,1.8969586531730904,1.057587104494857,0.9001628956440322,1.057587104494857,2.115174208989714,1.057587104494857,2.115174208989714,1.057587104494857,2.115174208989714,1.057587104494857,2.115174208989714,1.057587104494857,1.2199511856057927,1.057587104494857,2.115174208989714,1.057587104494857,2.115174208989714,1.057587104494857,2.115174208989714,1.057587104494857,2.115174208989714,1.057587104494857,1.8969586531730904,1.057587104494857,2.115174208989714,1.057587104494857,2.115174208989714,1.057587104494857,0.9001628956440322,1.057587104494857,2.115174208989714,1.057587104494857,2.115174208989714,1.057587104494857,1.2199511856057927,1.057587104494857,2.115174208989714,1.057587104494857,2.115174208989714,1.057587104494857,1.2750386269805154,1.057587104494857,2.115174208989714,1.057587104494857,2.115174208989714,1.057587104494857,2.115174208989714,1.057587104494857,2.115174208989714,1.057587104494857,2.115174208989714,1.057587104494857,2.115174208989714,1.057587104494857,2.115174208989714,1.057587104494857,1.2209269043068756
jurrien_timber,DEF,Arsenal,,37.409920491249174,1.0391644580902548,67.72643476756183,1.8812898546544952,36,1.0391644580902548,1.3166183516077596,1.0391644580902548,2.0783289161805096,1.0391644580902548,0.9295177124539181,1.0391644580902548,2.0783289161805096,1.0391644580902548,2.0783289161805096,1.0391644580902548,2.0783289161805096,1.0391644580902548,2.0783289161805096,1.0391644580902548,2.0783289161805096,1.0391644580902548,1.2607420153135867,1.0391644580902548,1.2597344778785091,1.0391644580902548,2.0783289161805096,1.0391644580902548,2.0783289161805096,1.0391644580902548,2.0783289161805096,1.0391644580902548,2.0783289161805096,1.0391644580902548,2.0783289161805096,1.0391644580902548,2.0783289161805096,1.0391644580902548,2.0783289161805096,1.0391644580902548,2.0783289161805096,1.0391644580902548,2.0783289161805096,1.0391644580902548,1.2607420153135867,1.0391644580902548,1.2597344778785091,1.0391644580902548,2.0783289161805096,1.0391644580902548,2.0783289161805096,1.0391644580902548,2.0783289161805096,1.0391644580902548,2.0783289161805096,1.0391644580902548,2.0783289161805096,1.0391644580902548,1.3166183516077596,1.0391644580902548,2.0783289161805096,1.0391644580902548,2.0783289161805096,1.0391644580902548,2.0783289161805096,1.0391644580902548,2.0783289161805096,1.0391644580902548,2.0783289161805096,1.0391644580902548,2.0783289161805096,1.0391644580902548,2.0783289161805096,1.0391644580902548,2.0783289161805096,1.0391644580902548,0.9295177124539181
hayden_hackney,MID,Everton,,66.50038008206268,1.8472327800572965,67.6383071179353,1.8788418643870917,36,1.847232780057296,1.3299257175539858,1.847232780057296,2.4266590799144603,1.847232780057296,2.758362165991002,1.847232780057296,0.9687152493938777,1.847232780057296,2.390598080939541,1.847232780057296,0.923616390028648,1.847232780057296,1.812557385491107,1.847232780057296,2.1906259364378347,1.847232780057296,0.923616390028648,1.847232780057296,2.4825287991397285,1.847232780057296,2.500037751739285,1.847232780057296,2.5805362136298466,1.847232780057296,1.7797615606134807,1.847232780057296,2.1191000170596466,1.847232780057296,1.5398145862534913,1.847232780057296,1.5220354090647814,1.847232780057296,1.468890737745323,1.847232780057296,2.500037751739285,1.847232780057296,2.1906259364378347,1.847232780057296,0.923616390028648,1.847232780057296,2.4825287991397285,1.847232780057296,1.812557385491107,1.847232780057296,1.468890737745323,1.847232780057296,1.5398145862534913,1.847232780057296,2.1191000170596466,1.847232780057296,1.5220354090647814,1.847232780057296,1.3299257175539858,1.847232780057296,2.4266590799144603,1.847232780057296,2.82559602889447,1.847232780057296,1.3779481469914667,1.847232780057296,1.7797615606134807,1.847232780057296,2.5805362136298466,1.847232780057296,0.9687152493938777,1.847232780057296,2.390598080939541,1.847232780057296,0.923616390028648,1.847232780057296,2.758362165991002
omar_marmoush,FWD,Spurs,14972.0,95.52075465898268,2.6533542960828522,65.92110351788457,1.8311417643856827,36,2.653354296082851,1.4707269776024856,2.653354296082851,1.4000366047714046,2.653354296082851,1.3266771480414254,2.653354296082851,1.7975551948474824,2.653354296082851,1.3266771480414254,2.653354296082851,2.04202060293122,2.653354296082851,3.6116354119152176,2.653354296082851,1.3266771480414254,2.653354296082851,1.9664776442100649,2.653354296082851,1.9609693034699809,2.653354296082851,3.450057416872747,2.653354296082851,1.3266771480414254,2.653354296082851,1.3266771480414254,2.653354296082851,1.3266771480414254,2.653354296082851,1.3266771480414254,2.653354296082851,2.941453955204971,2.653354296082851,1.3266771480414254,2.653354296082851,3.450057416872747,2.653354296082851,1.3266771480414254,2.653354296082851,3.6116354119152176,2.653354296082851,1.9609693034699809,2.653354296082851,1.9664776442100649,2.653354296082851,1.3266771480414254,2.653354296082851,2.941453955204971,2.653354296082851,1.3266771480414254,2.653354296082851,1.3266771480414254,2.653354296082851,1.4707269776024856,2.653354296082851,1.4000366047714046,2.653354296082851,2.0857257775291855,2.653354296082851,1.3266771480414254,2.653354296082851,1.3266771480414254,2.653354296082851,1.3266771480414254,2.653354296082851,2.04202060293122,2.653354296082851,1.3266771480414254,2.653354296082851,1.7975551948474824,2.653354296082851,1.3266771480414254
andrey_nascimento_dos_santos,MID,Man Utd,,51.01916638426771,1.4171990662296587,65.30257322825696,1.8139603674515823,36,1.4171990662296599,1.4687596518254855,1.4171990662296599,1.4556801882294237,1.4171990662296599,2.4680341986903516,1.4171990662296599,2.320865549632014,1.4171990662296599,1.4048524317337747,1.4171990662296599,1.3178746079340062,1.4171990662296599,2.2863766793580917,1.4171990662296599,2.3910451776339796,1.4171990662296599,2.374299551833143,1.4171990662296599,0.8514517477154331,1.4171990662296599,1.7335364606987445,1.4171990662296599,2.095122594719056,1.4171990662296599,2.7024102952563753,1.4171990662296599,0.7971126781531229,1.4171990662296599,2.0267149458801246,1.4171990662296599,1.4726842578078887,1.4171990662296599,1.7021704147797885,1.4171990662296599,1.7335364606987445,1.4171990662296599,2.3910451776339796,1.4171990662296599,2.374299551833143,1.4171990662296599,0.8514517477154331,1.4171990662296599,2.2863766793580917,1.4171990662296599,1.7021704147797885,1.4171990662296599,2.0267149458801246,1.4171990662296599,0.7971126781531229,1.4171990662296599,1.4726842578078887,1.4171990662296599,1.4687596518254855,1.4171990662296599,1.4556801882294237,1.4171990662296599,0.9264827796909514,1.4171990662296599,2.638107584804423,1.4171990662296599,2.7024102952563753,1.4171990662296599,2.095122594719056,1.4171990662296599,1.3178746079340062,1.4171990662296599,1.4048524317337747,1.4171990662296599,2.320865549632014,1.4171990662296599,2.4680341986903516
jaydee_canvot,DEF,Crystal Palace,,88.27441477101763,2.452067076972712,65.18508698207391,1.8106968606131641,36,2.452067076972714,1.9121146697319462,2.452067076972714,1.226033538486357,2.452067076972714,1.335307848193187,2.452067076972714,1.9971233858056707,2.452067076972714,1.226033538486357,2.452067076972714,1.226033538486357,2.452067076972714,3.717849872243773,2.452067076972714,1.226033538486357,2.452067076972714,2.7080822021552717,2.452067076972714,1.226033538486357,2.452067076972714,1.226033538486357,2.452067076972714,3.5606256390772173,2.452067076972714,2.69076341600433,2.452067076972714,1.226033538486357,2.452067076972714,1.226033538486357,2.452067076972714,2.4103410729620003,2.452067076972714,1.226033538486357,2.452067076972714,1.226033538486357,2.452067076972714,1.226033538486357,2.452067076972714,3.717849872243773,2.452067076972714,1.226033538486357,2.452067076972714,2.7080822021552717,2.452067076972714,1.226033538486357,2.452067076972714,2.4103410729620003,2.452067076972714,1.226033538486357,2.452067076972714,1.226033538486357,2.452067076972714,1.9121146697319462,2.452067076972714,1.226033538486357,2.452067076972714,1.226033538486357,2.452067076972714,1.226033538486357,2.452067076972714,2.69076341600433,2.452067076972714,3.5606256390772173,2.452067076972714,1.9971233858056707,2.452067076972714,1.226033538486357,2.452067076972714,1.226033538486357,2.452067076972714,1.335307848193187
pedro_porro_sauceda,DEF,Spurs,14973.0,69.1892409083187,1.9219233585644082,64.60253068203843,1.7945147411677342,36,1.9219233585644095,2.3295099431261708,1.9219233585644095,1.19468908282317,1.9219233585644095,3.843846717128819,1.9219233585644095,3.138594328589044,1.9219233585644095,3.1587955263859544,1.9219233585644095,0.9609616792822048,1.9219233585644095,2.2460894842087322,1.9219233585644095,1.557546685201711,1.9219233585644095,0.9841539136231308,1.9219233585644095,1.399106301470876,1.9219233585644095,2.230353000318532,1.9219233585644095,0.9609616792822048,1.9219233585644095,1.1724540826487373,1.9219233585644095,1.2670966101095478,1.9219233585644095,2.811500549088628,1.9219233585644095,0.9609616792822048,1.9219233585644095,0.9609616792822048,1.9219233585644095,2.230353000318532,1.9219233585644095,1.557546685201711,1.9219233585644095,2.2460894842087322,1.9219233585644095,1.399106301470876,1.9219233585644095,0.9841539136231308,1.9219233585644095,0.9609616792822048,1.9219233585644095,0.9609616792822048,1.9219233585644095,1.2670966101095478,1.9219233585644095,2.811500549088628,1.9219233585644095,2.3295099431261708,1.9219233585644095,1.19468908282317,1.9219233585644095,1.2864031190525045,1.9219233585644095,0.9609616792822048,1.9219233585644095,1.1724540826487373,1.9219233585644095,0.9609616792822048,1.9219233585644095,0.9609616792822048,1.9219233585644095,3.1587955263859544,1.9219233585644095,3.138594328589044,1.9219233585644095,3.843846717128819
sander_berge,MID,Fulham,,93.51978634146919,2.5977718428185885,63.808280756445136,1.772452243234587,36,2.59777184281859,2.621586458572993,2.59777184281859,2.3032888694243177,2.59777184281859,1.298885921409295,2.59777184281859,2.55920691714426,2.59777184281859,1.298885921409295,2.59777184281859,2.0324615521954694,2.59777184281859,2.319533666121867,2.59777184281859,1.6816897562844868,2.59777184281859,1.412143624590952,2.59777184281859,1.298885921409295,2.59777184281859,2.2514529743184823,2.59777184281859,1.4248319068658615,2.59777184281859,1.298885921409295,2.59777184281859,1.3628360274497868,2.59777184281859,1.651261807802921,2.59777184281859,1.298885921409295,2.59777184281859,1.9660998431042356,2.59777184281859,2.2514529743184823,2.59777184281859,1.6816897562844868,2.59777184281859,2.319533666121867,2.59777184281859,1.298885921409295,2.59777184281859,1.412143624590952,2.59777184281859,1.9660998431042356,2.59777184281859,1.298885921409295,2.59777184281859,1.3628360274497868,2.59777184281859,1.651261807802921,2.59777184281859,2.621586458572993,2.59777184281859,2.3032888694243177,2.59777184281859,2.217995599085601,2.59777184281859,1.4286391355153243,2.59777184281859,1.298885921409295,2.59777184281859,1.4248319068658615,2.59777184281859,2.55920691714426,2.59777184281859,1.298885921409295,2.59777184281859,2.0324615521954694,2.59777184281859,1.298885921409295
marcos_senesi_baron,DEF,Spurs,,68.19816117540101,1.8943933659833614,63.67715185126036,1.7688097736461212,36,1.8943933659833616,2.2961416034543727,1.8943933659833616,1.1775761311332815,1.8943933659833616,3.788786731966723,1.8943933659833616,3.093636511620985,1.8943933659833616,3.113548343651566,1.8943933659833616,0.9471966829916808,1.8943933659833616,2.213916074920016,1.8943933659833616,1.5352360927958475,1.8943933659833616,0.9700567073948387,1.8943933659833616,1.379065238996688,1.8943933659833616,2.1984050033922906,1.8943933659833616,0.9471966829916808,1.8943933659833616,1.1556596292939225,1.8943933659833616,1.2489464793458303,1.8943933659833616,2.771228085094103,1.8943933659833616,0.9471966829916808,1.8943933659833616,0.9471966829916808,1.8943933659833616,2.1984050033922906,1.8943933659833616,1.5352360927958475,1.8943933659833616,2.213916074920016,1.8943933659833616,1.379065238996688,1.8943933659833616,0.9700567073948387,1.8943933659833616,0.9471966829916808,1.8943933659833616,0.9471966829916808,1.8943933659833616,1.2489464793458303,1.8943933659833616,2.771228085094103,1.8943933659833616,2.2961416034543727,1.8943933659833616,1.1775761311332815,1.8943933659833616,1.267976438214302,1.8943933659833616,0.9471966829916808,1.8943933659833616,1.1556596292939225,1.8943933659833616,0.9471966829916808,1.8943933659833616,0.9471966829916808,1.8943933659833616,3.113548343651566,1.8943933659833616,3.093636511620985,1.8943933659833616,3.788786731966723
mikel_merino_zazon,MID,Arsenal,,46.3271766323287,1.2868660175646862,63.434595388302284,1.7620720941195078,36,1.286866017564687,2.223854259774594,1.286866017564687,1.4324127732743221,1.286866017564687,1.6556234858173406,1.286866017564687,1.366435851481383,1.286866017564687,1.9712931409927341,1.286866017564687,1.4285954881302334,1.286866017564687,2.309372825569341,1.286866017564687,0.9011475208022077,1.286866017564687,1.6861318073283607,1.286866017564687,1.4158736907570049,1.286866017564687,0.8281682599566651,1.286866017564687,2.2574000100291007,1.286866017564687,1.2818364914068465,1.286866017564687,1.237163618488244,1.286866017564687,2.573732035129374,1.286866017564687,2.4005442390918033,1.286866017564687,2.565966860656616,1.286866017564687,0.8281682599566651,1.286866017564687,0.9011475208022077,1.286866017564687,1.6861318073283607,1.286866017564687,1.4158736907570049,1.286866017564687,2.309372825569341,1.286866017564687,2.565966860656616,1.286866017564687,2.4005442390918033,1.286866017564687,1.237163618488244,1.286866017564687,2.573732035129374,1.286866017564687,2.223854259774594,1.286866017564687,1.4324127732743221,1.286866017564687,2.0378301393119846,1.286866017564687,2.3256605316179515,1.286866017564687,1.2818364914068465,1.286866017564687,2.2574000100291007,1.286866017564687,1.366435851481383,1.286866017564687,1.9712931409927341,1.286866017564687,1.4285954881302334,1.286866017564687,1.6556234858173406
jorge_cuenca_barreno,DEF,Fulham,,51.476152866380325,1.4298931351772313,63.315496423692835,1.7587637895470232,36,1.4298931351772315,2.453536910822791,1.4298931351772315,1.3841248642760213,1.4298931351772315,2.859786270354463,1.4298931351772315,1.0750497564685,1.4298931351772315,1.2807412118920816,1.4298931351772315,2.859786270354463,1.4298931351772315,2.859786270354463,1.4298931351772315,0.7149465675886157,1.4298931351772315,0.7149465675886157,1.4298931351772315,2.859786270354463,1.4298931351772315,2.859786270354463,1.4298931351772315,1.3050298228417654,1.4298931351772315,1.4052145103670195,1.4298931351772315,1.7014007275041174,1.4298931351772315,0.7149465675886157,1.4298931351772315,0.9425805936644356,1.4298931351772315,2.544662031398215,1.4298931351772315,2.859786270354463,1.4298931351772315,0.7149465675886157,1.4298931351772315,2.859786270354463,1.4298931351772315,2.859786270354463,1.4298931351772315,0.7149465675886157,1.4298931351772315,2.544662031398215,1.4298931351772315,0.9425805936644356,1.4298931351772315,1.7014007275041174,1.4298931351772315,0.7149465675886157,1.4298931351772315,2.453536910822791,1.4298931351772315,1.3841248642760213,1.4298931351772315,0.7149465675886157,1.4298931351772315,1.5283268885579906,1.4298931351772315,1.4052145103670195,1.4298931351772315,1.3050298228417654,1.4298931351772315,1.0750497564685,1.4298931351772315,1.2807412118920816,1.4298931351772315,2.859786270354463,1.4298931351772315,2.859786270354463
piero_hincapie,DEF,Arsenal,,34.74183150218883,0.9650508750608009,62.89616107280978,1.7471155853558273,36,0.9650508750608006,1.2227166570681745,0.9650508750608006,1.9301017501216011,0.9650508750608006,0.8632241747727838,0.9650508750608006,1.9301017501216011,0.9650508750608006,1.9301017501216011,0.9650508750608006,1.9301017501216011,0.9650508750608006,1.9301017501216011,0.9650508750608006,1.9301017501216011,0.9650508750608006,1.170825441182113,0.9650508750608006,1.1698897616794048,0.9650508750608006,1.9301017501216011,0.9650508750608006,1.9301017501216011,0.9650508750608006,1.9301017501216011,0.9650508750608006,1.9301017501216011,0.9650508750608006,1.9301017501216011,0.9650508750608006,1.9301017501216011,0.9650508750608006,1.9301017501216011,0.9650508750608006,1.9301017501216011,0.9650508750608006,1.9301017501216011,0.9650508750608006,1.170825441182113,0.9650508750608006,1.1698897616794048,0.9650508750608006,1.9301017501216011,0.9650508750608006,1.9301017501216011,0.9650508750608006,1.9301017501216011,0.9650508750608006,1.9301017501216011,0.9650508750608006,1.9301017501216011,0.9650508750608006,1.2227166570681745,0.9650508750608006,1.9301017501216011,0.9650508750608006,1.9301017501216011,0.9650508750608006,1.9301017501216011,0.9650508750608006,1.9301017501216011,0.9650508750608006,1.9301017501216011,0.9650508750608006,1.9301017501216011,0.9650508750608006,1.9301017501216011,0.9650508750608006,1.9301017501216011,0.9650508750608006,0.8632241747727838
elliot_stroud,MID,Hull City,,71.54249986046659,1.9872916627907387,62.80176996557272,1.7444936101547976,36,1.9872916627907387,2.236440704033858,1.9872916627907387,2.1385400486368202,1.9872916627907387,1.6214463611556837,1.9872916627907387,1.37378996453573,1.9872916627907387,2.308451631332425,1.9872916627907387,0.9936458313953693,1.9872916627907387,2.467528108404579,1.9872916627907387,0.9936458313953693,1.9872916627907387,1.5921084371072718,1.9872916627907387,2.527673019249281,1.9872916627907387,1.8956679877229574,1.9872916627907387,1.232661115551474,1.9872916627907387,2.170798875880339,1.9872916627907387,1.3615562162792008,1.9872916627907387,2.2207778468424397,1.9872916627907387,1.3140149717285337,1.9872916627907387,1.3774608063284506,1.9872916627907387,1.8956679877229574,1.9872916627907387,0.9936458313953693,1.9872916627907387,2.467528108404579,1.9872916627907387,2.527673019249281,1.9872916627907387,1.5921084371072718,1.9872916627907387,1.3774608063284506,1.9872916627907387,2.2207778468424397,1.9872916627907387,1.3615562162792008,1.9872916627907387,1.3140149717285337,1.9872916627907387,2.236440704033858,1.9872916627907387,2.1385400486368202,1.9872916627907387,1.189702037903203,1.9872916627907387,1.9596524125099577,1.9872916627907387,2.170798875880339,1.9872916627907387,1.232661115551474,1.9872916627907387,1.37378996453573,1.9872916627907387,2.308451631332425,1.9872916627907387,0.9936458313953693,1.9872916627907387,1.6214463611556837
lucas_herrington,DEF,Hull City,,34.92577684030286,0.9701604677861906,62.39760547550629,1.7332668187640636,36,0.9701604677861906,1.9403209355723812,0.9701604677861906,1.1696361136964812,0.9701604677861906,1.1199975979102572,0.9701604677861906,1.9403209355723812,0.9701604677861906,1.9403209355723812,0.9701604677861906,1.9403209355723812,0.9701604677861906,1.9403209355723812,0.9701604677861906,1.7401444160124184,0.9701604677861906,0.8257499095915205,0.9701604677861906,1.9403209355723812,0.9701604677861906,1.9403209355723812,0.9701604677861906,1.9403209355723812,0.9701604677861906,1.9403209355723812,0.9701604677861906,1.1191025381015216,0.9701604677861906,1.9403209355723812,0.9701604677861906,1.9403209355723812,0.9701604677861906,1.9403209355723812,0.9701604677861906,1.9403209355723812,0.9701604677861906,1.7401444160124184,0.9701604677861906,1.9403209355723812,0.9701604677861906,1.9403209355723812,0.9701604677861906,0.8257499095915205,0.9701604677861906,1.9403209355723812,0.9701604677861906,1.9403209355723812,0.9701604677861906,1.1191025381015216,0.9701604677861906,1.9403209355723812,0.9701604677861906,1.9403209355723812,0.9701604677861906,1.1696361136964812,0.9701604677861906,1.9403209355723812,0.9701604677861906,1.9403209355723812,0.9701604677861906,1.9403209355723812,0.9701604677861906,1.9403209355723812,0.9701604677861906,1.9403209355723812,0.9701604677861906,1.9403209355723812,0.9701604677861906,1.9403209355723812,0.9701604677861906,1.1199975979102572
josh_acheampong,DEF,Chelsea,,60.961419876252236,1.69337277434034,62.186369167702914,1.727399143547303,36,1.693372774340341,0.8466863871701705,1.693372774340341,1.058245544858649,1.693372774340341,1.1610948264636067,1.693372774340341,2.537632794726735,1.693372774340341,1.0783146377320916,1.693372774340341,3.386745548680682,1.693372774340341,2.8328644289799945,1.693372774340341,1.2628196124920634,1.693372774340341,1.4058263474168664,1.693372774340341,2.1025928055519056,1.693372774340341,2.027298318282939,1.693372774340341,1.1436689610263,1.693372774340341,0.8466863871701705,1.693372774340341,3.386745548680682,1.693372774340341,2.8510978317935978,1.693372774340341,0.8882876608643309,1.693372774340341,0.8466863871701705,1.693372774340341,2.027298318282939,1.693372774340341,1.2628196124920634,1.693372774340341,1.4058263474168664,1.693372774340341,2.1025928055519056,1.693372774340341,2.8328644289799945,1.693372774340341,0.8466863871701705,1.693372774340341,0.8882876608643309,1.693372774340341,3.386745548680682,1.693372774340341,2.8510978317935978,1.693372774340341,0.8466863871701705,1.693372774340341,1.058245544858649,1.693372774340341,2.0130947224108326,1.693372774340341,0.8466863871701705,1.693372774340341,0.8466863871701705,1.693372774340341,1.1436689610263,1.693372774340341,3.386745548680682,1.693372774340341,1.0783146377320916,1.693372774340341,2.537632794726735,1.693372774340341,1.1610948264636067
tyrick_mitchell,DEF,Crystal Palace,15210.0,84.03173392810497,2.334214831336249,62.052134806748455,1.7236704112985681,36,2.334214831336249,1.8202138364070488,2.334214831336249,1.1671074156681245,2.334214831336249,1.2711297390364633,2.334214831336249,1.901136828977512,2.334214831336249,1.1671074156681245,2.334214831336249,1.1671074156681245,2.334214831336249,3.5391610588349183,2.334214831336249,1.1671074156681245,2.334214831336249,2.577925253395875,2.334214831336249,1.1671074156681245,2.334214831336249,1.1671074156681245,2.334214831336249,3.389493400739721,2.334214831336249,2.5614388497921943,2.334214831336249,1.1671074156681245,2.334214831336249,1.1671074156681245,2.334214831336249,2.2944942795092373,2.334214831336249,1.1671074156681245,2.334214831336249,1.1671074156681245,2.334214831336249,1.1671074156681245,2.334214831336249,3.5391610588349183,2.334214831336249,1.1671074156681245,2.334214831336249,2.577925253395875,2.334214831336249,1.1671074156681245,2.334214831336249,2.2944942795092373,2.334214831336249,1.1671074156681245,2.334214831336249,1.1671074156681245,2.334214831336249,1.8202138364070488,2.334214831336249,1.1671074156681245,2.334214831336249,1.1671074156681245,2.334214831336249,1.1671074156681245,2.334214831336249,2.5614388497921943,2.334214831336249,3.389493400739721,2.334214831336249,1.901136828977512,2.334214831336249,1.1671074156681245,2.334214831336249,1.1671074156681245,2.334214831336249,1.2711297390364633
yeremy_pino_santos,MID,Crystal Palace,,84.69121273869929,2.3525336871860913,61.884090447588875,1.7190025124330244,36,2.3525336871860913,2.335744507103892,2.3525336871860913,2.4967017489570633,2.3525336871860913,1.3295506004150806,2.3525336871860913,1.9180805131536964,2.3525336871860913,1.6109319711154728,2.3525336871860913,1.6406167581024786,2.3525336871860913,2.196464280015337,2.3525336871860913,2.247034153479851,2.3525336871860913,1.982821427239982,2.3525336871860913,1.1762668435930457,2.3525336871860913,2.1638240559287825,2.3525336871860913,2.2628821929855745,2.3525336871860913,1.2037679119656417,2.3525336871860913,1.3937465565503373,2.3525336871860913,1.1762668435930457,2.3525336871860913,1.2472348957591386,2.3525336871860913,1.1762668435930457,2.3525336871860913,2.1638240559287825,2.3525336871860913,2.247034153479851,2.3525336871860913,2.196464280015337,2.3525336871860913,1.1762668435930457,2.3525336871860913,1.982821427239982,2.3525336871860913,1.1762668435930457,2.3525336871860913,1.2472348957591386,2.3525336871860913,1.3937465565503373,2.3525336871860913,1.1762668435930457,2.3525336871860913,2.335744507103892,2.3525336871860913,2.4967017489570633,2.3525336871860913,1.3900323143121989,2.3525336871860913,1.377653926173745,2.3525336871860913,1.2037679119656417,2.3525336871860913,2.2628821929855745,2.3525336871860913,1.9180805131536964,2.3525336871860913,1.6109319711154728,2.3525336871860913,1.6406167581024786,2.3525336871860913,1.3295506004150806
taiwo_awoniyi,FWD,Coventry City,,93.38454096668721,2.5940150268524227,61.812678831868034,1.7170188564407787,36,2.594015026852424,1.297007513426212,2.594015026852424,2.596617522587638,2.594015026852424,1.298308761293819,2.594015026852424,1.297007513426212,2.594015026852424,1.7038479024620001,2.594015026852424,3.0455957084532903,2.594015026852424,1.7310783483917587,2.594015026852424,1.297007513426212,2.594015026852424,3.1882313776091658,2.594015026852424,1.297007513426212,2.594015026852424,1.7359409280220721,2.594015026852424,1.5868218193591117,2.594015026852424,1.297007513426212,2.594015026852424,1.297007513426212,2.594015026852424,1.8026277343806634,2.594015026852424,1.8412092059648144,2.594015026852424,1.297007513426212,2.594015026852424,1.7359409280220721,2.594015026852424,1.297007513426212,2.594015026852424,1.7310783483917587,2.594015026852424,1.297007513426212,2.594015026852424,3.1882313776091658,2.594015026852424,1.297007513426212,2.594015026852424,1.8412092059648144,2.594015026852424,1.297007513426212,2.594015026852424,1.8026277343806634,2.594015026852424,1.297007513426212,2.594015026852424,2.596617522587638,2.594015026852424,1.297007513426212,2.594015026852424,1.297007513426212,2.594015026852424,1.297007513426212,2.594015026852424,1.5868218193591117,2.594015026852424,1.297007513426212,2.594015026852424,1.7038479024620001,2.594015026852424,3.0455957084532903,2.594015026852424,1.298308761293819
zion_suzuki,GK,Aston Villa,14971.0,71.63329694329269,1.9898138039803526,61.684227923390885,1.7134507756497468,36,1.9898138039803506,0.9949069019901753,1.9898138039803506,2.3877765647764204,1.9898138039803506,3.7143191007633205,1.9898138039803506,1.3265425359869003,1.9898138039803506,0.9949069019901753,1.9898138039803506,0.9949069019901753,1.9898138039803506,2.1224680575790407,1.9898138039803506,3.1837020863685606,1.9898138039803506,1.3265425359869003,1.9898138039803506,0.9949069019901753,1.9898138039803506,1.3265425359869003,1.9898138039803506,1.8571595503816603,1.9898138039803506,3.979627607960701,1.9898138039803506,0.9949069019901753,1.9898138039803506,1.0612340287895203,1.9898138039803506,0.9949069019901753,1.9898138039803506,1.5918510431842803,1.9898138039803506,1.3265425359869003,1.9898138039803506,3.1837020863685606,1.9898138039803506,2.1224680575790407,1.9898138039803506,0.9949069019901753,1.9898138039803506,1.3265425359869003,1.9898138039803506,1.5918510431842803,1.9898138039803506,1.0612340287895203,1.9898138039803506,0.9949069019901753,1.9898138039803506,0.9949069019901753,1.9898138039803506,0.9949069019901753,1.9898138039803506,2.3877765647764204,1.9898138039803506,0.9949069019901753,1.9898138039803506,0.9949069019901753,1.9898138039803506,3.979627607960701,1.9898138039803506,1.8571595503816603,1.9898138039803506,1.3265425359869003,1.9898138039803506,0.9949069019901753,1.9898138039803506,0.9949069019901753,1.9898138039803506,3.7143191007633205
eddie_nketiah,FWD,Crystal Palace,14971.0,96.06483008823255,2.668467502450904,61.31354926657018,1.703154146293616,36,2.668467502450902,3.275063718146672,2.668467502450902,1.866734029874979,2.668467502450902,1.334233751225451,2.668467502450902,1.3961288122594382,2.668467502450902,2.7922576245188764,2.668467502450902,1.334233751225451,2.668467502450902,1.8322229805831725,2.668467502450902,1.334233751225451,2.668467502450902,1.334233751225451,2.668467502450902,1.334233751225451,2.668467502450902,1.9384453011306806,2.668467502450902,1.334233751225451,2.668467502450902,1.706379659428202,2.668467502450902,1.8615050830125843,2.668467502450902,1.334233751225451,2.668467502450902,1.334233751225451,2.668467502450902,1.9799336633014204,2.668467502450902,1.9384453011306806,2.668467502450902,1.334233751225451,2.668467502450902,1.8322229805831725,2.668467502450902,1.334233751225451,2.668467502450902,1.334233751225451,2.668467502450902,1.9799336633014204,2.668467502450902,1.334233751225451,2.668467502450902,1.8615050830125843,2.668467502450902,1.334233751225451,2.668467502450902,3.275063718146672,2.668467502450902,1.866734029874979,2.668467502450902,1.334233751225451,2.668467502450902,1.334233751225451,2.668467502450902,1.706379659428202,2.668467502450902,1.334233751225451,2.668467502450902,1.3961288122594382,2.668467502450902,2.7922576245188764,2.668467502450902,1.334233751225451,2.668467502450902,1.334233751225451
oscar_bobb,MID,Fulham,,89.71233238293988,2.492009232859441,61.210465891192925,1.7002907191998036,36,2.4920092328594405,2.514854288517824,2.4920092328594405,2.2095154909062624,2.4920092328594405,1.2460046164297203,2.4920092328594405,2.4550143939513807,2.4920092328594405,1.2460046164297203,2.4920092328594405,1.9497143167151643,2.4920092328594405,2.225098916166694,2.4920092328594405,1.613223428782363,2.4920092328594405,1.354651279454181,2.4920092328594405,1.2460046164297203,2.4920092328594405,2.159789981118182,2.4920092328594405,1.3668229860132504,2.4920092328594405,1.2460046164297203,2.4920092328594405,1.3073511334981074,2.4920092328594405,1.5840342878026992,2.4920092328594405,1.2460046164297203,2.4920092328594405,1.8860543797500087,2.4920092328594405,2.159789981118182,2.4920092328594405,1.613223428782363,2.4920092328594405,2.225098916166694,2.4920092328594405,1.2460046164297203,2.4920092328594405,1.354651279454181,2.4920092328594405,1.8860543797500087,2.4920092328594405,1.2460046164297203,2.4920092328594405,1.3073511334981074,2.4920092328594405,1.5840342878026992,2.4920092328594405,2.514854288517824,2.4920092328594405,2.2095154909062624,2.4920092328594405,2.1276947498845105,2.4920092328594405,1.3704752116589694,2.4920092328594405,1.2460046164297203,2.4920092328594405,1.3668229860132504,2.4920092328594405,2.4550143939513807,2.4920092328594405,1.2460046164297203,2.4920092328594405,1.9497143167151643,2.4920092328594405,1.2460046164297203
robert_lynch_sanchez,GK,Chelsea,,56.689956451373085,1.5747210125381412,61.204156687315745,1.7001154635365485,36,1.5747210125381412,0.8398512066870086,1.5747210125381412,0.8398512066870086,1.5747210125381412,1.3997520111450144,1.5747210125381412,1.6797024133740173,1.5747210125381412,1.3997520111450144,1.5747210125381412,3.1494420250762825,1.5747210125381412,3.1494420250762825,1.5747210125381412,1.3997520111450144,1.5747210125381412,1.1198016089160117,1.5747210125381412,2.519553620061026,1.5747210125381412,1.95965281560302,1.5747210125381412,0.7873605062690706,1.5747210125381412,0.8398512066870086,1.5747210125381412,3.1494420250762825,1.5747210125381412,3.1494420250762825,1.5747210125381412,0.8398512066870086,1.5747210125381412,0.8398512066870086,1.5747210125381412,1.95965281560302,1.5747210125381412,1.3997520111450144,1.5747210125381412,1.1198016089160117,1.5747210125381412,2.519553620061026,1.5747210125381412,3.1494420250762825,1.5747210125381412,0.8398512066870086,1.5747210125381412,0.8398512066870086,1.5747210125381412,3.1494420250762825,1.5747210125381412,3.1494420250762825,1.5747210125381412,0.8398512066870086,1.5747210125381412,0.8398512066870086,1.5747210125381412,2.2396032178320233,1.5747210125381412,0.8398512066870086,1.5747210125381412,0.8398512066870086,1.5747210125381412,0.7873605062690706,1.5747210125381412,3.1494420250762825,1.5747210125381412,1.3997520111450144,1.5747210125381412,1.6797024133740173,1.5747210125381412,1.3997520111450144
rico_lewis,DEF,Man City,,41.99400864795174,1.1665002402208815,60.59401434640229,1.6831670651778414,36,1.1665002402208815,2.333000480441763,1.1665002402208815,2.333000480441763,1.1665002402208815,1.7241639741592512,1.1665002402208815,1.5614841593047242,1.1665002402208815,1.2128047176350736,1.1665002402208815,2.333000480441763,1.1665002402208815,0.5832501201104408,1.1665002402208815,2.333000480441763,1.1665002402208815,2.333000480441763,1.1665002402208815,1.0633611922324,1.1665002402208815,1.919415186589274,1.1665002402208815,1.5852761950858758,1.1665002402208815,0.7147370303830494,1.1665002402208815,1.4448531098270991,1.1665002402208815,0.6844041046549416,1.1665002402208815,1.4722540201266796,1.1665002402208815,2.333000480441763,1.1665002402208815,1.919415186589274,1.1665002402208815,2.333000480441763,1.1665002402208815,0.5832501201104408,1.1665002402208815,1.0633611922324,1.1665002402208815,2.333000480441763,1.1665002402208815,2.333000480441763,1.1665002402208815,0.6844041046549416,1.1665002402208815,1.4448531098270991,1.1665002402208815,1.4722540201266796,1.1665002402208815,2.333000480441763,1.1665002402208815,2.333000480441763,1.1665002402208815,2.333000480441763,1.1665002402208815,2.333000480441763,1.1665002402208815,0.7147370303830494,1.1665002402208815,1.5852761950858758,1.1665002402208815,1.5614841593047242,1.1665002402208815,1.2128047176350736,1.1665002402208815,2.333000480441763,1.1665002402208815,1.7241639741592512
mathys_tel,MID,Spurs,,106.4683527434975,2.9574542428749306,60.27903405993016,1.674417612775838,36,2.9574542428749293,1.639155202553532,2.9574542428749293,1.4787271214374647,2.9574542428749293,1.9338161740141868,2.9574542428749293,1.4787271214374647,2.9574542428749293,1.6944815589889686,2.9574542428749293,1.8491629701479266,2.9574542428749293,2.1856403160732003,2.9574542428749293,1.4787271214374647,2.9574542428749293,2.1336339287961583,2.9574542428749293,1.4787271214374647,2.9574542428749293,1.9960829247778236,2.9574542428749293,1.4787271214374647,2.9574542428749293,1.4787271214374647,2.9574542428749293,1.9202727402386313,2.9574542428749293,1.4787271214374647,2.9574542428749293,1.4787271214374647,2.9574542428749293,1.4787271214374647,2.9574542428749293,1.9960829247778236,2.9574542428749293,1.4787271214374647,2.9574542428749293,2.1856403160732003,2.9574542428749293,1.4787271214374647,2.9574542428749293,2.1336339287961583,2.9574542428749293,1.4787271214374647,2.9574542428749293,1.4787271214374647,2.9574542428749293,1.9202727402386313,2.9574542428749293,1.4787271214374647,2.9574542428749293,1.639155202553532,2.9574542428749293,1.4787271214374647,2.9574542428749293,1.4787271214374647,2.9574542428749293,1.4787271214374647,2.9574542428749293,1.4787271214374647,2.9574542428749293,1.4787271214374647,2.9574542428749293,1.8491629701479266,2.9574542428749293,1.6944815589889686,2.9574542428749293,1.4787271214374647,2.9574542428749293,1.9338161740141868
lukas_nmecha,FWD,Leeds,14970.0,51.08469896370786,1.4190194156585516,60.0064379132615,1.6668454975905973,36,1.4190194156585512,2.8380388313171023,1.4190194156585512,0.7647811507296376,1.4190194156585512,2.8380388313171023,1.4190194156585512,0.9840024152812953,1.4190194156585512,1.8402546439431906,1.4190194156585512,2.007550520665299,1.4190194156585512,0.8421185704663425,1.4190194156585512,1.9759710742728107,1.4190194156585512,2.0905271272578054,1.4190194156585512,1.171071137054758,1.4190194156585512,1.3127502424784192,1.4190194156585512,2.0131897075211005,1.4190194156585512,1.0948619445733618,1.4190194156585512,2.8380388313171023,1.4190194156585512,1.1133829037023066,1.4190194156585512,1.0248810124208985,1.4190194156585512,1.433293325849523,1.4190194156585512,1.3127502424784192,1.4190194156585512,1.9759710742728107,1.4190194156585512,2.0905271272578054,1.4190194156585512,1.171071137054758,1.4190194156585512,0.8421185704663425,1.4190194156585512,1.433293325849523,1.4190194156585512,1.1133829037023066,1.4190194156585512,2.8380388313171023,1.4190194156585512,1.0248810124208985,1.4190194156585512,2.8380388313171023,1.4190194156585512,0.7647811507296376,1.4190194156585512,1.5056628904989746,1.4190194156585512,2.135270482426423,1.4190194156585512,1.0948619445733618,1.4190194156585512,2.0131897075211005,1.4190194156585512,0.9840024152812953,1.4190194156585512,1.8402546439431906,1.4190194156585512,2.007550520665299,1.4190194156585512,2.8380388313171023
lisandro_martinez,DEF,Man Utd,,61.13366135081141,1.6981572597447614,59.69573755319893,1.6582149320333037,36,1.6981572597447625,1.09302433917796,1.6981572597447625,0.8490786298723813,1.6981572597447625,2.04055611569322,1.6981572597447625,3.396314519489525,1.6981572597447625,1.425003761069277,1.6981572597447625,2.5722496120113285,1.6981572597447625,0.8490786298723813,1.6981572597447625,3.396314519489525,1.6981572597447625,1.159270185734689,1.6981572597447625,1.1769337640519373,1.6981572597447625,0.8490786298723813,1.6981572597447625,2.8899907452635025,1.6981572597447625,2.0549534682365485,1.6981572597447625,0.8490786298723813,1.6981572597447625,2.1312750763378685,1.6981572597447625,1.280046216703626,1.6981572597447625,0.8490786298723813,1.6981572597447625,0.8490786298723813,1.6981572597447625,3.396314519489525,1.6981572597447625,1.159270185734689,1.6981572597447625,1.1769337640519373,1.6981572597447625,0.8490786298723813,1.6981572597447625,0.8490786298723813,1.6981572597447625,2.1312750763378685,1.6981572597447625,0.8490786298723813,1.6981572597447625,1.280046216703626,1.6981572597447625,1.09302433917796,1.6981572597447625,0.8490786298723813,1.6981572597447625,1.0726814761504937,1.6981572597447625,0.9004051318066194,1.6981572597447625,2.0549534682365485,1.6981572597447625,2.8899907452635025,1.6981572597447625,2.5722496120113285,1.6981572597447625,1.425003761069277,1.6981572597447625,3.396314519489525,1.6981572597447625,2.04055611569322
yehor_yarmoliuk,MID,Brentford,,42.11536580899487,1.16987127247208,59.36135159767432,1.6489264332687312,36,1.1698712724720803,1.3315706787984012,1.1698712724720803,1.1915949919027249,1.1698712724720803,2.0672945546748958,1.1698712724720803,2.161933648261387,1.1698712724720803,2.1467925993934407,1.1698712724720803,0.837706587347145,1.1698712724720803,1.8325137801320266,1.1698712724720803,1.5390673205217023,1.1698712724720803,1.3280221311553486,1.1698712724720803,1.1500670965739765,1.1698712724720803,0.7207328144507307,1.1698712724720803,1.3161959504064273,1.1698712724720803,2.231545530431333,1.1698712724720803,1.5674278511881299,1.1698712724720803,2.3397425449441607,1.1698712724720803,1.89436656284259,1.1698712724720803,2.3397425449441607,1.1698712724720803,0.7207328144507307,1.1698712724720803,1.5390673205217023,1.1698712724720803,1.3280221311553486,1.1698712724720803,1.1500670965739765,1.1698712724720803,1.8325137801320266,1.1698712724720803,2.3397425449441607,1.1698712724720803,1.89436656284259,1.1698712724720803,1.5674278511881299,1.1698712724720803,2.3397425449441607,1.1698712724720803,1.3315706787984012,1.1698712724720803,1.1915949919027249,1.1698712724720803,2.098478678602448,1.1698712724720803,1.2702385431347187,1.1698712724720803,2.231545530431333,1.1698712724720803,1.3161959504064273,1.1698712724720803,2.161933648261387,1.1698712724720803,2.1467925993934407,1.1698712724720803,0.837706587347145,1.1698712724720803,2.0672945546748958
bruno_guimaraes_rodriguez_moura,MID,Arsenal,79641.0,43.286084397766615,1.202391233271295,59.27050706129349,1.6464029739248192,36,1.2023912332712954,2.0778720002928246,1.2023912332712954,1.3383837458620997,1.2023912332712954,1.5469420575050394,1.2023912332712954,1.2767378003796144,1.2023912332712954,1.841889954809031,1.2023912332712954,1.3348170418466847,1.2023912332712954,2.157776801872815,1.2023912332712954,0.84199276700713,1.2023912332712954,1.5754476966516018,1.2023912332712954,1.3229303516829554,1.2023912332712954,0.7738041426642787,1.2023912332712954,2.1092156797971287,1.2023912332712954,1.1976918643570857,1.2023912332712954,1.1559514888795972,1.2023912332712954,2.4047824665425908,1.2023912332712954,2.2429633767361534,1.2023912332712954,2.397527027683046,1.2023912332712954,0.7738041426642787,1.2023912332712954,0.84199276700713,1.2023912332712954,1.5754476966516018,1.2023912332712954,1.3229303516829554,1.2023912332712954,2.157776801872815,1.2023912332712954,2.397527027683046,1.2023912332712954,2.2429633767361534,1.2023912332712954,1.1559514888795972,1.2023912332712954,2.4047824665425908,1.2023912332712954,2.0778720002928246,1.2023912332712954,1.3383837458620997,1.2023912332712954,1.9040592112625156,1.2023912332712954,2.1729953208916095,1.2023912332712954,1.1976918643570857,1.2023912332712954,2.1092156797971287,1.2023912332712954,1.2767378003796144,1.2023912332712954,1.841889954809031,1.2023912332712954,1.3348170418466847,1.2023912332712954,1.5469420575050394
james_garner,MID,Everton,,57.910194303304706,1.6086165084251307,58.90112962832167,1.6361424896756018,36,1.6086165084251314,1.1581325793547923,1.6086165084251314,2.1131954231285692,1.6086165084251314,2.4020507671430558,1.6086165084251314,0.8435814689742707,1.6086165084251314,2.0817926032524747,1.6086165084251314,0.8043082542125657,1.6086165084251314,1.5784203075253203,1.6086165084251314,1.9076518580559525,1.6086165084251314,0.8043082542125657,1.6086165084251314,2.1618481720604366,1.6086165084251314,2.177095405923408,1.6086165084251314,2.2471954799898564,1.6086165084251314,1.5498608829226812,1.6086165084251314,1.845365298433256,1.6086165084251314,1.3409090560228965,1.6086165084251314,1.3254265038287505,1.6086165084251314,1.2791467947729938,1.6086165084251314,2.177095405923408,1.6086165084251314,1.9076518580559525,1.6086165084251314,0.8043082542125657,1.6086165084251314,2.1618481720604366,1.6086165084251314,1.5784203075253203,1.6086165084251314,1.2791467947729938,1.6086165084251314,1.3409090560228965,1.6086165084251314,1.845365298433256,1.6086165084251314,1.3254265038287505,1.6086165084251314,1.1581325793547923,1.6086165084251314,2.1131954231285692,1.6086165084251314,2.460599696633337,1.6086165084251314,1.1999517120606427,1.6086165084251314,1.5498608829226812,1.6086165084251314,2.2471954799898564,1.6086165084251314,0.8435814689742707,1.6086165084251314,2.0817926032524747,1.6086165084251314,0.8043082542125657,1.6086165084251314,2.4020507671430558
noni_madueke,MID,Arsenal,,42.732225567865385,1.1870062657740386,58.512122602515454,1.6253367389587625,36,1.1870062657740394,2.0512849857642927,1.1870062657740394,1.3212587121300066,1.1870062657740394,1.5271484557086403,1.1870062657740394,1.2604015455751632,1.1870062657740394,1.818322403496167,1.1870062657740394,1.317737645194962,1.1870062657740394,2.1301673807089334,1.1870062657740394,0.8312192092874136,1.1870062657740394,1.5552893563910297,1.1870062657740394,1.3060030489061367,1.1870062657740394,0.7639030794706103,1.1870062657740394,2.082227613200788,1.1870062657740394,1.182367026737695,1.1870062657740394,1.1411607322666832,1.1870062657740394,2.374012531548079,1.1870062657740394,2.2142639670151287,1.1870062657740394,2.366849928271449,1.1870062657740394,0.7639030794706103,1.1870062657740394,0.8312192092874136,1.1870062657740394,1.5552893563910297,1.1870062657740394,1.3060030489061367,1.1870062657740394,2.1301673807089334,1.1870062657740394,2.366849928271449,1.1870062657740394,2.2142639670151287,1.1870062657740394,1.1411607322666832,1.1870062657740394,2.374012531548079,1.1870062657740394,2.0512849857642927,1.1870062657740394,1.3212587121300066,1.1870062657740394,1.8796961850963767,1.1870062657740394,2.145191174072732,1.1870062657740394,1.182367026737695,1.1870062657740394,2.082227613200788,1.1870062657740394,1.2604015455751632,1.1870062657740394,1.818322403496167,1.1870062657740394,1.317737645194962,1.1870062657740394,1.5271484557086403
william_saliba,DEF,Arsenal,14970.0,32.171919441772054,0.8936644289381126,58.24362561610119,1.6178784893361442,36,0.8936644289381124,1.1322702370723254,0.8936644289381124,1.7873288578762248,0.8936644289381124,0.7993700219641695,0.8936644289381124,1.7873288578762248,0.8936644289381124,1.7873288578762248,0.8936644289381124,1.7873288578762248,0.8936644289381124,1.7873288578762248,0.8936644289381124,1.7873288578762248,0.8936644289381124,1.0842175022268183,0.8936644289381124,1.0833510365201227,0.8936644289381124,1.7873288578762248,0.8936644289381124,1.7873288578762248,0.8936644289381124,1.7873288578762248,0.8936644289381124,1.7873288578762248,0.8936644289381124,1.7873288578762248,0.8936644289381124,1.7873288578762248,0.8936644289381124,1.7873288578762248,0.8936644289381124,1.7873288578762248,0.8936644289381124,1.7873288578762248,0.8936644289381124,1.0842175022268183,0.8936644289381124,1.0833510365201227,0.8936644289381124,1.7873288578762248,0.8936644289381124,1.7873288578762248,0.8936644289381124,1.7873288578762248,0.8936644289381124,1.7873288578762248,0.8936644289381124,1.7873288578762248,0.8936644289381124,1.1322702370723254,0.8936644289381124,1.7873288578762248,0.8936644289381124,1.7873288578762248,0.8936644289381124,1.7873288578762248,0.8936644289381124,1.7873288578762248,0.8936644289381124,1.7873288578762248,0.8936644289381124,1.7873288578762248,0.8936644289381124,1.7873288578762248,0.8936644289381124,1.7873288578762248,0.8936644289381124,0.7993700219641695
ibrahim_osman,MID,Brighton,,36.07983567330238,1.0022176575917328,58.18877683905171,1.616354912195881,36,1.002217657591733,1.444510704424453,1.002217657591733,2.004435315183466,1.002217657591733,0.8196147653768889,1.002217657591733,1.5142573885966764,1.002217657591733,2.004435315183466,1.002217657591733,2.004435315183466,1.002217657591733,1.496773302745355,1.002217657591733,0.8754877993540954,1.002217657591733,0.9526369193644371,1.002217657591733,1.7824733170721774,1.002217657591733,1.3550775407068572,1.002217657591733,2.004435315183466,1.002217657591733,1.5102219929749217,1.002217657591733,2.004435315183466,1.002217657591733,2.004435315183466,1.002217657591733,2.004435315183466,1.002217657591733,1.3078521674422756,1.002217657591733,1.3550775407068572,1.002217657591733,0.8754877993540954,1.002217657591733,1.496773302745355,1.002217657591733,1.7824733170721774,1.002217657591733,0.9526369193644371,1.002217657591733,1.3078521674422756,1.002217657591733,2.004435315183466,1.002217657591733,2.004435315183466,1.002217657591733,2.004435315183466,1.002217657591733,1.444510704424453,1.002217657591733,2.004435315183466,1.002217657591733,2.004435315183466,1.002217657591733,2.004435315183466,1.002217657591733,1.5102219929749217,1.002217657591733,2.004435315183466,1.002217657591733,1.5142573885966764,1.002217657591733,2.004435315183466,1.002217657591733,2.004435315183466,1.002217657591733,0.8196147653768889
anan_khalaili,DEF,Crystal Palace,,78.00031198727555,2.1666753329798762,57.59831016391841,1.5999530601088447,36,2.1666753329798745,1.6895670300552992,2.1666753329798745,1.0833376664899372,2.1666753329798745,1.1798937328364152,2.1666753329798745,1.7646817322324608,2.1666753329798745,1.0833376664899372,2.1666753329798745,1.0833376664899372,2.1666753329798745,3.2851359106611415,2.1666753329798745,1.0833376664899372,2.1666753329798745,2.3928933111958823,2.1666753329798745,1.0833376664899372,2.1666753329798745,1.0833376664899372,2.1666753329798745,3.1462107275176128,2.1666753329798745,2.3775902278900514,2.1666753329798745,1.0833376664899372,2.1666753329798745,1.0833376664899372,2.1666753329798745,2.129805744670958,2.1666753329798745,1.0833376664899372,2.1666753329798745,1.0833376664899372,2.1666753329798745,1.0833376664899372,2.1666753329798745,3.2851359106611415,2.1666753329798745,1.0833376664899372,2.1666753329798745,2.3928933111958823,2.1666753329798745,1.0833376664899372,2.1666753329798745,2.129805744670958,2.1666753329798745,1.0833376664899372,2.1666753329798745,1.0833376664899372,2.1666753329798745,1.6895670300552992,2.1666753329798745,1.0833376664899372,2.1666753329798745,1.0833376664899372,2.1666753329798745,1.0833376664899372,2.1666753329798745,2.3775902278900514,2.1666753329798745,3.1462107275176128,2.1666753329798745,1.7646817322324608,2.1666753329798745,1.0833376664899372,2.1666753329798745,1.0833376664899372,2.1666753329798745,1.1798937328364152
cesar_palacios,MID,Fulham,,84.020127155188,2.3338924209774445,57.326690665600495,1.5924080740444582,36,2.333892420977445,2.3552879686162194,2.333892420977445,2.0693227738732247,2.333892420977445,1.1669462104887225,2.333892420977445,2.299244887170466,2.333892420977445,1.1669462104887225,2.333892420977445,1.8260058617966615,2.333892420977445,2.083917438141967,2.333892420977445,1.510865162188093,2.333892420977445,1.2686992939258661,2.333892420977445,1.1669462104887225,2.333892420977445,2.022752324256361,2.333892420977445,1.2800987114376456,2.333892420977445,1.1669462104887225,2.333892420977445,1.2244003199484155,2.333892420977445,1.4835280584530837,2.333892420977445,1.1669462104887225,2.333892420977445,1.7663851178428371,2.333892420977445,2.022752324256361,2.333892420977445,1.510865162188093,2.333892420977445,2.083917438141967,2.333892420977445,1.1669462104887225,2.333892420977445,1.2686992939258661,2.333892420977445,1.7663851178428371,2.333892420977445,1.1669462104887225,2.333892420977445,1.2244003199484155,2.333892420977445,1.4835280584530837,2.333892420977445,2.3552879686162194,2.333892420977445,2.0693227738732247,2.333892420977445,1.9926935203249512,2.333892420977445,1.2835192050866446,2.333892420977445,1.1669462104887225,2.333892420977445,1.2800987114376456,2.333892420977445,2.299244887170466,2.333892420977445,1.1669462104887225,2.333892420977445,1.8260058617966615,2.333892420977445,1.1669462104887225
matt_grimes,MID,Coventry City,,92.4054921108443,2.5668192253012307,57.13567216865265,1.5871020046847957,36,2.5668192253012307,1.2834096126506154,2.5668192253012307,1.375696632256944,2.5668192253012307,1.6379939995331234,2.5668192253012307,1.401046716692236,2.5668192253012307,1.8757269500321914,2.5668192253012307,1.9946688686118015,2.5668192253012307,1.2834096126506154,2.5668192253012307,1.2834096126506154,2.5668192253012307,2.1840919745051792,2.5668192253012307,1.2834096126506154,2.5668192253012307,2.132122429361141,2.5668192253012307,1.2834096126506154,2.5668192253012307,1.9324462285821238,2.5668192253012307,1.2834096126506154,2.5668192253012307,1.8478529943611197,2.5668192253012307,1.2834096126506154,2.5668192253012307,1.9189123891855402,2.5668192253012307,2.132122429361141,2.5668192253012307,1.2834096126506154,2.5668192253012307,1.2834096126506154,2.5668192253012307,1.2834096126506154,2.5668192253012307,2.1840919745051792,2.5668192253012307,1.9189123891855402,2.5668192253012307,1.2834096126506154,2.5668192253012307,1.2834096126506154,2.5668192253012307,1.8478529943611197,2.5668192253012307,1.2834096126506154,2.5668192253012307,1.375696632256944,2.5668192253012307,1.2834096126506154,2.5668192253012307,1.2834096126506154,2.5668192253012307,1.9324462285821238,2.5668192253012307,1.2834096126506154,2.5668192253012307,1.401046716692236,2.5668192253012307,1.8757269500321914,2.5668192253012307,1.9946688686118015,2.5668192253012307,1.6379939995331234
mateo_kovacic,MID,Man City,,40.64177267329233,1.1289381298136758,56.06714524718856,1.5574207013107935,36,1.1289381298136758,1.827867722539898,1.1289381298136758,1.109695750450925,1.1289381298136758,1.2848279270744205,1.1289381298136758,2.071432729223515,1.1289381298136758,2.2578762596273516,1.1289381298136758,2.086042274732801,1.1289381298136758,1.4850407166056738,1.1289381298136758,1.7681861871477915,1.1289381298136758,2.1532105382671634,1.1289381298136758,0.695432591532337,1.1289381298136758,1.225648762211068,1.1289381298136758,0.7428401425635529,1.1289381298136758,1.9947253417535769,1.1289381298136758,0.8083001790705332,1.1289381298136758,1.5124056942272586,1.1289381298136758,1.2814039457680264,1.1289381298136758,2.0248147947142145,1.1289381298136758,1.225648762211068,1.1289381298136758,1.7681861871477915,1.1289381298136758,1.4850407166056738,1.1289381298136758,0.695432591532337,1.1289381298136758,2.1532105382671634,1.1289381298136758,2.0248147947142145,1.1289381298136758,1.5124056942272586,1.1289381298136758,0.8083001790705332,1.1289381298136758,1.2814039457680264,1.1289381298136758,1.827867722539898,1.1289381298136758,1.109695750450925,1.1289381298136758,1.1497658725409876,1.1289381298136758,2.2578762596273516,1.1289381298136758,1.9947253417535769,1.1289381298136758,0.7428401425635529,1.1289381298136758,2.071432729223515,1.1289381298136758,2.2578762596273516,1.1289381298136758,2.086042274732801,1.1289381298136758,1.2848279270744205
ryan_sessegnon,DEF,Fulham,,45.48021005894667,1.263339168304074,55.940506758746906,1.5539029655207475,36,1.2633391683040749,2.1677489065908557,1.2633391683040749,1.222901986061163,1.2633391683040749,2.5266783366081498,1.2633391683040749,0.9498279499426184,1.2633391683040749,1.1315604625543902,1.2633391683040749,2.5266783366081498,1.2633391683040749,2.5266783366081498,1.2633391683040749,0.6316695841520374,1.2633391683040749,0.6316695841520374,1.2633391683040749,2.5266783366081498,1.2633391683040749,2.5266783366081498,1.2633391683040749,1.153019935854562,1.2633391683040749,1.2415351099618008,1.2633391683040749,1.5032215535258033,1.2633391683040749,0.6316695841520374,1.2633391683040749,0.8327887965641522,1.2633391683040749,2.248259772198372,1.2633391683040749,2.5266783366081498,1.2633391683040749,0.6316695841520374,1.2633391683040749,2.5266783366081498,1.2633391683040749,2.5266783366081498,1.2633391683040749,0.6316695841520374,1.2633391683040749,2.248259772198372,1.2633391683040749,0.8327887965641522,1.2633391683040749,1.5032215535258033,1.2633391683040749,0.6316695841520374,1.2633391683040749,2.1677489065908557,1.2633391683040749,1.222901986061163,1.2633391683040749,0.6316695841520374,1.2633391683040749,1.3503073570937099,1.2633391683040749,1.2415351099618008,1.2633391683040749,1.153019935854562,1.2633391683040749,0.9498279499426184,1.2633391683040749,1.1315604625543902,1.2633391683040749,2.5266783366081498,1.2633391683040749,2.5266783366081498
emiliano_buendia_stati,MID,Aston Villa,14972.0,105.68315110105445,2.9356430861404013,55.50047220331771,1.541679783425492,36,2.9356430861404,1.4678215430702,2.9356430861404,1.4678215430702,2.9356430861404,1.5906031265267182,2.9356430861404,1.4678215430702,2.9356430861404,1.4678215430702,2.9356430861404,1.4678215430702,2.9356430861404,1.6914650283960533,2.9356430861404,1.4678215430702,2.9356430861404,1.4678215430702,2.9356430861404,1.8080246712995038,2.9356430861404,1.4678215430702,2.9356430861404,1.852094476336351,2.9356430861404,1.4678215430702,2.9356430861404,1.5669662101630053,2.9356430861404,1.4678215430702,2.9356430861404,1.6272240720948177,2.9356430861404,1.4678215430702,2.9356430861404,1.4678215430702,2.9356430861404,1.4678215430702,2.9356430861404,1.6914650283960533,2.9356430861404,1.8080246712995038,2.9356430861404,1.4678215430702,2.9356430861404,1.4678215430702,2.9356430861404,1.4678215430702,2.9356430861404,1.5669662101630053,2.9356430861404,1.6272240720948177,2.9356430861404,1.4678215430702,2.9356430861404,1.4678215430702,2.9356430861404,1.4678215430702,2.9356430861404,1.4678215430702,2.9356430861404,1.4678215430702,2.9356430861404,1.852094476336351,2.9356430861404,1.4678215430702,2.9356430861404,1.4678215430702,2.9356430861404,1.4678215430702,2.9356430861404,1.5906031265267182
mateus_fernandes,MID,Spurs,,96.78767113146505,2.6885464203184735,54.79813648259178,1.5221704578497717,36,2.688546420318472,1.4901142977237496,2.688546420318472,1.344273210159236,2.688546420318472,1.757983091277087,2.688546420318472,1.344273210159236,2.688546420318472,1.5404100809643924,2.688546420318472,1.6810270170549952,2.688546420318472,1.986910012906949,2.688546420318472,1.344273210159236,2.688546420318472,1.9396323291746498,2.688546420318472,1.344273210159236,2.688546420318472,1.8145882104513749,2.688546420318472,1.344273210159236,2.688546420318472,1.344273210159236,2.688546420318472,1.745671100150322,2.688546420318472,1.344273210159236,2.688546420318472,1.344273210159236,2.688546420318472,1.344273210159236,2.688546420318472,1.8145882104513749,2.688546420318472,1.344273210159236,2.688546420318472,1.986910012906949,2.688546420318472,1.344273210159236,2.688546420318472,1.9396323291746498,2.688546420318472,1.344273210159236,2.688546420318472,1.344273210159236,2.688546420318472,1.745671100150322,2.688546420318472,1.344273210159236,2.688546420318472,1.4901142977237496,2.688546420318472,1.344273210159236,2.688546420318472,1.344273210159236,2.688546420318472,1.344273210159236,2.688546420318472,1.344273210159236,2.688546420318472,1.344273210159236,2.688546420318472,1.6810270170549952,2.688546420318472,1.5404100809643924,2.688546420318472,1.344273210159236,2.688546420318472,1.757983091277087
ibrahim_sangare,MID,Nott'm Forest,,46.20955318387685,1.2835986995521347,54.34178639547731,1.5094940665410364,36,1.2835986995521342,1.983689973048339,1.2835986995521342,2.0436738977534277,1.2835986995521342,1.790742976951068,1.2835986995521342,2.3098038602936946,1.2835986995521342,0.6813080694367535,1.2835986995521342,2.2548430539757267,1.2835986995521342,0.7277527535989284,1.2835986995521342,1.2441988265169752,1.2835986995521342,1.1264136545558203,1.2835986995521342,1.9542116492587547,1.2835986995521342,0.7918832698284893,1.2835986995521342,1.4548789285762693,1.2835986995521342,1.2587325431853817,1.2835986995521342,1.255378104348245,1.2835986995521342,1.0871573731337465,1.2835986995521342,1.4816881122420233,1.2835986995521342,2.1094779462165314,1.2835986995521342,0.7918832698284893,1.2835986995521342,1.2441988265169752,1.2835986995521342,1.1264136545558203,1.2835986995521342,1.9542116492587547,1.2835986995521342,0.7277527535989284,1.2835986995521342,2.1094779462165314,1.2835986995521342,1.0871573731337465,1.2835986995521342,1.255378104348245,1.2835986995521342,1.4816881122420233,1.2835986995521342,1.983689973048339,1.2835986995521342,2.0436738977534277,1.2835986995521342,1.200755331511869,1.2835986995521342,2.0293610781250755,1.2835986995521342,1.2587325431853817,1.2835986995521342,1.4548789285762693,1.2835986995521342,2.3098038602936946,1.2835986995521342,0.6813080694367535,1.2835986995521342,2.2548430539757267,1.2835986995521342,1.790742976951068
norberto_bercique_gomes_betuncal,FWD,Everton,,42.53960144492194,1.181655595692276,54.10662090473563,1.5029616917982118,36,1.1816555956922752,1.7331073604344904,1.1816555956922752,1.8609218154123963,1.1816555956922752,1.8959734249492741,1.1816555956922752,0.9652081748807392,1.1816555956922752,1.9688079382726558,1.1816555956922752,0.9267096997810781,1.1816555956922752,0.7202524095312167,1.1816555956922752,1.1028865020946759,1.1816555956922752,2.010946149105862,1.1816555956922752,1.0311145259407313,1.1816555956922752,1.0485571177550366,1.1816555956922752,2.3633111913845504,1.1816555956922752,2.3633111913845504,1.1816555956922752,1.4179969312645833,1.1816555956922752,1.8906625750194443,1.1816555956922752,1.2363164604092394,1.1816555956922752,0.9390279276277153,1.1816555956922752,1.0485571177550366,1.1816555956922752,1.1028865020946759,1.1816555956922752,2.010946149105862,1.1816555956922752,1.0311145259407313,1.1816555956922752,0.7202524095312167,1.1816555956922752,0.9390279276277153,1.1816555956922752,1.8906625750194443,1.1816555956922752,1.4179969312645833,1.1816555956922752,1.2363164604092394,1.1816555956922752,1.7331073604344904,1.1816555956922752,1.8609218154123963,1.1816555956922752,2.3633111913845504,1.1816555956922752,0.7930869228545984,1.1816555956922752,2.3633111913845504,1.1816555956922752,2.3633111913845504,1.1816555956922752,0.9652081748807392,1.1816555956922752,1.9688079382726558,1.1816555956922752,0.9267096997810781,1.1816555956922752,1.8959734249492741
ayyoub_bouaddi,MID,Man City,,39.20999016533513,1.0891663934815314,54.091937165559415,1.5025538101544282,36,1.0891663934815308,1.7634731634484326,1.0891663934815308,1.070601910292368,1.0891663934815308,1.239564297298523,1.0891663934815308,1.9984575376157605,1.0891663934815308,2.1783327869630615,1.0891663934815308,2.0125523985939964,1.0891663934815308,1.432723723970224,1.0891663934815308,1.7058941686888267,1.0891663934815308,2.0773543690635496,1.0891663934815308,0.6709329657895434,1.0891663934815308,1.18246997488946,1.0891663934815308,0.7166703804598965,1.0891663934815308,1.92445250017601,1.0891663934815308,0.7798243035993728,1.0891663934815308,1.4591246517063818,1.0891663934815308,1.236260940566787,1.0891663934815308,1.9534819218046149,1.0891663934815308,1.18246997488946,1.0891663934815308,1.7058941686888267,1.0891663934815308,1.432723723970224,1.0891663934815308,0.6709329657895434,1.0891663934815308,2.0773543690635496,1.0891663934815308,1.9534819218046149,1.0891663934815308,1.4591246517063818,1.0891663934815308,0.7798243035993728,1.0891663934815308,1.236260940566787,1.0891663934815308,1.7634731634484326,1.0891663934815308,1.070601910292368,1.0891663934815308,1.1092603887427337,1.0891663934815308,2.1783327869630615,1.0891663934815308,1.92445250017601,1.0891663934815308,0.7166703804598965,1.0891663934815308,1.9984575376157605,1.0891663934815308,2.1783327869630615,1.0891663934815308,2.0125523985939964,1.0891663934815308,1.239564297298523
sandro_tonali,MID,Spurs,,95.3546115215049,2.648739208930692,53.98678318545934,1.4996328662627594,36,2.6487392089306914,1.4680513367150951,2.6487392089306914,1.3243696044653457,2.6487392089306914,1.7319540058197038,2.6487392089306914,1.3243696044653457,2.6487392089306914,1.5176024294939168,2.6487392089306914,1.656137360208917,2.6487392089306914,1.9574913849470434,2.6487392089306914,1.3243696044653457,2.6487392089306914,1.9109137050294571,2.6487392089306914,1.3243696044653457,2.6487392089306914,1.7877210171125086,2.6487392089306914,1.3243696044653457,2.6487392089306914,1.3243696044653457,2.6487392089306914,1.719824308749565,2.6487392089306914,1.3243696044653457,2.6487392089306914,1.3243696044653457,2.6487392089306914,1.3243696044653457,2.6487392089306914,1.7877210171125086,2.6487392089306914,1.3243696044653457,2.6487392089306914,1.9574913849470434,2.6487392089306914,1.3243696044653457,2.6487392089306914,1.9109137050294571,2.6487392089306914,1.3243696044653457,2.6487392089306914,1.3243696044653457,2.6487392089306914,1.719824308749565,2.6487392089306914,1.3243696044653457,2.6487392089306914,1.4680513367150951,2.6487392089306914,1.3243696044653457,2.6487392089306914,1.3243696044653457,2.6487392089306914,1.3243696044653457,2.6487392089306914,1.3243696044653457,2.6487392089306914,1.3243696044653457,2.6487392089306914,1.656137360208917,2.6487392089306914,1.5176024294939168,2.6487392089306914,1.3243696044653457,2.6487392089306914,1.7319540058197038
habib_diarra,MID,Sunderland,,48.319739060935284,1.342214973914869,53.483715548761026,1.485658765243362,36,1.3422149739148685,0.7187362721811489,1.3422149739148685,0.6728670137107793,1.3422149739148685,1.2287838445140409,1.3422149739148685,1.4368537287267933,1.3422149739148685,1.1124579701083068,1.3422149739148685,1.1858785920143733,1.3422149739148685,1.7685565946998827,1.3422149739148685,1.929999974435384,1.3422149739148685,2.0183538317942546,1.3422149739148685,1.9591130769910234,1.3422149739148685,2.004218340621998,1.3422149739148685,1.4633307604286387,1.3422149739148685,1.710811621309326,1.3422149739148685,2.281186581304282,1.3422149739148685,1.2398246168565557,1.3422149739148685,1.0736880537741325,1.3422149739148685,0.7820722443776752,1.3422149739148685,2.004218340621998,1.3422149739148685,1.929999974435384,1.3422149739148685,1.7685565946998827,1.3422149739148685,1.9591130769910234,1.3422149739148685,2.0183538317942546,1.3422149739148685,0.7820722443776752,1.3422149739148685,1.2398246168565557,1.3422149739148685,2.281186581304282,1.3422149739148685,1.0736880537741325,1.3422149739148685,0.7187362721811489,1.3422149739148685,0.6728670137107793,1.3422149739148685,2.2269067110410687,1.3422149739148685,2.083342602022754,1.3422149739148685,1.710811621309326,1.3422149739148685,1.4633307604286387,1.3422149739148685,1.4368537287267933,1.3422149739148685,1.1124579701083068,1.3422149739148685,1.1858785920143733,1.3422149739148685,1.2287838445140409
nicolas_jackson,FWD,Aston Villa,14969.0,72.54163426967443,2.015045396379845,53.32702749092852,1.481306319192459,36,2.0150453963798443,1.0075226981899221,2.0150453963798443,1.209035948732369,2.0150453963798443,1.586689874291468,2.0150453963798443,1.714606097959357,2.0150453963798443,1.0075226981899221,2.0150453963798443,1.0541285468871189,2.0150453963798443,2.836177962132486,2.0150453963798443,1.4777106040062284,2.0150453963798443,1.6120479316431586,2.0150453963798443,1.6165761561702459,2.0150453963798443,1.150923733968079,2.0150453963798443,2.96900588159372,2.0150453963798443,1.0075226981899221,2.0150453963798443,1.6786775211131606,2.0150453963798443,1.0075226981899221,2.0150453963798443,1.0075226981899221,2.0150453963798443,1.0075226981899221,2.0150453963798443,1.150923733968079,2.0150453963798443,1.4777106040062284,2.0150453963798443,2.836177962132486,2.0150453963798443,1.6165761561702459,2.0150453963798443,1.6120479316431586,2.0150453963798443,1.0075226981899221,2.0150453963798443,1.0075226981899221,2.0150453963798443,1.6786775211131606,2.0150453963798443,1.0075226981899221,2.0150453963798443,1.0075226981899221,2.0150453963798443,1.209035948732369,2.0150453963798443,2.418071897464738,2.0150453963798443,1.0075226981899221,2.0150453963798443,1.0075226981899221,2.0150453963798443,2.96900588159372,2.0150453963798443,1.714606097959357,2.0150453963798443,1.0075226981899221,2.0150453963798443,1.0541285468871189,2.0150453963798443,1.586689874291468
joao_pedro_loureiro_da_costa,DEF,Brighton,,35.06990621835698,0.9741640616210271,53.243174386714394,1.478977066297622,36,0.974164061621027,1.6813839003204112,0.974164061621027,1.948328123242054,0.974164061621027,0.931491217396345,0.974164061621027,1.5103462595892032,0.974164061621027,1.948328123242054,0.974164061621027,1.3678407592083532,0.974164061621027,0.5990503868617343,0.974164061621027,1.3886822875018539,0.974164061621027,1.2656734062357966,0.974164061621027,0.5995295082169562,0.974164061621027,1.948328123242054,0.974164061621027,1.948328123242054,0.974164061621027,1.2896762638529158,0.974164061621027,1.0624018923637968,0.974164061621027,1.948328123242054,0.974164061621027,1.948328123242054,0.974164061621027,1.948328123242054,0.974164061621027,1.948328123242054,0.974164061621027,1.3886822875018539,0.974164061621027,0.5990503868617343,0.974164061621027,0.5995295082169562,0.974164061621027,1.2656734062357966,0.974164061621027,1.948328123242054,0.974164061621027,1.948328123242054,0.974164061621027,1.0624018923637968,0.974164061621027,1.948328123242054,0.974164061621027,1.6813839003204112,0.974164061621027,1.948328123242054,0.974164061621027,1.948328123242054,0.974164061621027,0.6261007749888329,0.974164061621027,1.2896762638529158,0.974164061621027,1.948328123242054,0.974164061621027,1.5103462595892032,0.974164061621027,1.948328123242054,0.974164061621027,1.3678407592083532,0.974164061621027,0.931491217396345
estevao_almeida_de_oliveira_goncalves,MID,Chelsea,,34.16269572260719,0.9489637700724219,53.010025906142204,1.4725007196150612,36,0.9489637700724225,0.7249805589972772,0.9489637700724225,0.8426437339799393,0.9489637700724225,0.7744023912004128,0.9489637700724225,1.198617831749977,0.9489637700724225,1.3358490243565513,0.9489637700724225,1.897927540144845,0.9489637700724225,1.1568451856795177,0.9489637700724225,1.3394184858855775,0.9489637700724225,1.2777248802852277,0.9489637700724225,1.843313968856553,0.9489637700724225,1.897927540144845,0.9489637700724225,1.897927540144845,0.9489637700724225,1.323953144276927,0.9489637700724225,1.897927540144845,0.9489637700724225,1.897927540144845,0.9489637700724225,1.897927540144845,0.9489637700724225,1.5766657171122216,0.9489637700724225,1.897927540144845,0.9489637700724225,1.3394184858855775,0.9489637700724225,1.2777248802852277,0.9489637700724225,1.843313968856553,0.9489637700724225,1.1568451856795177,0.9489637700724225,1.5766657171122216,0.9489637700724225,1.897927540144845,0.9489637700724225,1.897927540144845,0.9489637700724225,1.897927540144845,0.9489637700724225,0.7249805589972772,0.9489637700724225,0.8426437339799393,0.9489637700724225,1.897927540144845,0.9489637700724225,1.5481380394988813,0.9489637700724225,1.323953144276927,0.9489637700724225,1.897927540144845,0.9489637700724225,1.897927540144845,0.9489637700724225,1.3358490243565513,0.9489637700724225,1.198617831749977,0.9489637700724225,0.7744023912004128
noussair_mazraoui,DEF,Man Utd,,54.04451209746595,1.5012364471518318,52.77333205756351,1.4659258904878751,36,1.5012364471518307,0.9662756297638935,1.5012364471518307,0.7506182235759153,1.5012364471518307,1.8039302283450829,1.5012364471518307,3.0024728943036614,1.5012364471518307,1.2597582297926724,1.5012364471518307,2.2739677650961276,1.5012364471518307,0.7506182235759153,1.5012364471518307,3.0024728943036614,1.5012364471518307,1.0248395105544965,1.5012364471518307,1.0404547943598135,1.5012364471518307,0.7506182235759153,1.5012364471518307,2.5548631693705146,1.5012364471518307,1.8166580427194636,1.5012364471518307,0.7506182235759153,1.5012364471518307,1.8841292849318378,1.5012364471518307,1.1316101753986691,1.5012364471518307,0.7506182235759153,1.5012364471518307,0.7506182235759153,1.5012364471518307,3.0024728943036614,1.5012364471518307,1.0248395105544965,1.5012364471518307,1.0404547943598135,1.5012364471518307,0.7506182235759153,1.5012364471518307,0.7506182235759153,1.5012364471518307,1.8841292849318378,1.5012364471518307,0.7506182235759153,1.5012364471518307,1.1316101753986691,1.5012364471518307,0.9662756297638935,1.5012364471518307,0.7506182235759153,1.5012364471518307,0.9482917550426324,1.5012364471518307,0.7959928288819448,1.5012364471518307,1.8166580427194636,1.5012364471518307,2.5548631693705146,1.5012364471518307,2.2739677650961276,1.5012364471518307,1.2597582297926724,1.5012364471518307,3.0024728943036614,1.5012364471518307,1.8039302283450829
micky_van_de_ven,DEF,Spurs,,55.92442593767432,1.553456276046509,52.21707009766615,1.4504741693796153,36,1.553456276046508,1.8829012224322874,1.553456276046508,0.9656458179592404,1.553456276046508,3.106912552093016,1.553456276046508,2.536869660272266,1.553456276046508,2.5531979271417153,1.553456276046508,0.776728138023254,1.553456276046508,1.815473957511186,1.553456276046508,1.2589371280493469,1.553456276046508,0.7954740062348585,1.553456276046508,1.1308725996751607,1.553456276046508,1.8027544390386097,1.553456276046508,0.776728138023254,1.553456276046508,0.9476736650037406,1.553456276046508,1.0241715272154364,1.553456276046508,2.272485608558445,1.553456276046508,0.776728138023254,1.553456276046508,0.776728138023254,1.553456276046508,1.8027544390386097,1.553456276046508,1.2589371280493469,1.553456276046508,1.815473957511186,1.553456276046508,1.1308725996751607,1.553456276046508,0.7954740062348585,1.553456276046508,0.776728138023254,1.553456276046508,0.776728138023254,1.553456276046508,1.0241715272154364,1.553456276046508,2.272485608558445,1.553456276046508,1.8829012224322874,1.553456276046508,0.9656458179592404,1.553456276046508,1.0397766330862483,1.553456276046508,0.776728138023254,1.553456276046508,0.9476736650037406,1.553456276046508,0.776728138023254,1.553456276046508,0.776728138023254,1.553456276046508,2.5531979271417153,1.553456276046508,2.536869660272266,1.553456276046508,3.106912552093016
liam_millar,MID,Hull City,,59.02139153444059,1.6394830981789053,51.81043242021487,1.4391786783393021,36,1.6394830981789044,1.8450269796804015,1.6394830981789044,1.7642605412006656,1.6394830981789044,1.3376667116820453,1.6394830981789044,1.1333542375663321,1.6394830981789044,1.9044348161850837,1.6394830981789044,0.8197415490894522,1.6394830981789044,2.035670306355357,1.6394830981789044,0.8197415490894522,1.6394830981789044,1.3134634044807847,1.6394830981789044,2.085288873482486,1.6394830981789044,1.5638950657429826,1.6394830981789044,1.0169252468412324,1.6394830981789044,1.7908735457349632,1.6394830981789044,1.1232615954698069,1.6394830981789044,1.8321053788327135,1.6394830981789044,1.0840408467661395,1.6394830981789044,1.1363826219690536,1.6394830981789044,1.5638950657429826,1.6394830981789044,0.8197415490894522,1.6394830981789044,2.035670306355357,1.6394830981789044,2.085288873482486,1.6394830981789044,1.3134634044807847,1.6394830981789044,1.1363826219690536,1.6394830981789044,1.8321053788327135,1.6394830981789044,1.1232615954698069,1.6394830981789044,1.0840408467661395,1.6394830981789044,1.8450269796804015,1.6394830981789044,1.7642605412006656,1.6394830981789044,0.981484710841202,1.6394830981789044,1.6166811690357796,1.6394830981789044,1.7908735457349632,1.6394830981789044,1.0169252468412324,1.6394830981789044,1.1333542375663321,1.6394830981789044,1.9044348161850837,1.6394830981789044,0.8197415490894522,1.6394830981789044,1.3376667116820453
loum_tchaouna,MID,Coventry City,,82.75720547444364,2.29881126317899,51.16999491664125,1.421388747684479,36,2.2988112631789894,1.1494056315894947,2.2988112631789894,1.2320567345674815,2.2988112631789894,1.4669669831167984,2.2988112631789894,1.2547599538078427,2.2988112631789894,1.6798776465749528,2.2988112631789894,1.786400544408881,2.2988112631789894,1.1494056315894947,2.2988112631789894,1.1494056315894947,2.2988112631789894,1.956045513965684,2.2988112631789894,1.1494056315894947,2.2988112631789894,1.9095022379368145,2.2988112631789894,1.1494056315894947,2.2988112631789894,1.7306747245634386,2.2988112631789894,1.1494056315894947,2.2988112631789894,1.654914079754819,2.2988112631789894,1.1494056315894947,2.2988112631789894,1.7185539869079571,2.2988112631789894,1.9095022379368145,2.2988112631789894,1.1494056315894947,2.2988112631789894,1.1494056315894947,2.2988112631789894,1.1494056315894947,2.2988112631789894,1.956045513965684,2.2988112631789894,1.7185539869079571,2.2988112631789894,1.1494056315894947,2.2988112631789894,1.1494056315894947,2.2988112631789894,1.654914079754819,2.2988112631789894,1.1494056315894947,2.2988112631789894,1.2320567345674815,2.2988112631789894,1.1494056315894947,2.2988112631789894,1.1494056315894947,2.2988112631789894,1.7306747245634386,2.2988112631789894,1.1494056315894947,2.2988112631789894,1.2547599538078427,2.2988112631789894,1.6798776465749528,2.2988112631789894,1.786400544408881,2.2988112631789894,1.4669669831167984
caleb_yirenkyi,MID,Coventry City,,80.30309061558626,2.230641405988507,49.65257967608719,1.3792383243357553,36,2.230641405988507,1.1153207029942536,2.230641405988507,1.1955208375187216,2.230641405988507,1.4234649647719204,2.230641405988507,1.2175508065283356,2.230641405988507,1.6300618913197196,2.230641405988507,1.7334259170665096,2.230641405988507,1.1153207029942536,2.230641405988507,1.1153207029942536,2.230641405988507,1.8980401676891367,2.230641405988507,1.1153207029942536,2.230641405988507,1.8528771043514465,2.230641405988507,1.1153207029942536,2.230641405988507,1.6793526126935348,2.230641405988507,1.1153207029942536,2.230641405988507,1.6058386039702632,2.230641405988507,1.1153207029942536,2.230641405988507,1.6675913081799787,2.230641405988507,1.8528771043514465,2.230641405988507,1.1153207029942536,2.230641405988507,1.1153207029942536,2.230641405988507,1.1153207029942536,2.230641405988507,1.8980401676891367,2.230641405988507,1.6675913081799787,2.230641405988507,1.1153207029942536,2.230641405988507,1.1153207029942536,2.230641405988507,1.6058386039702632,2.230641405988507,1.1153207029942536,2.230641405988507,1.1955208375187216,2.230641405988507,1.1153207029942536,2.230641405988507,1.1153207029942536,2.230641405988507,1.6793526126935348,2.230641405988507,1.1153207029942536,2.230641405988507,1.2175508065283356,2.230641405988507,1.6300618913197196,2.230641405988507,1.7334259170665096,2.230641405988507,1.4234649647719204
wesley_fofana,DEF,Chelsea,,48.6328946697079,1.3509137408252194,49.61011649275236,1.3780587914653433,36,1.3509137408252183,0.6754568704126092,1.3509137408252183,0.8442313880199966,1.3509137408252183,0.9262809578840596,1.3509137408252183,2.0244349404403783,1.3509137408252183,0.8602418103791211,1.3509137408252183,2.7018274816504366,1.3509137408252183,2.2599604416664034,1.3509137408252183,1.0074334443954127,1.3509137408252183,1.1215192299754508,1.3509137408252183,1.6773752096532977,1.3509137408252183,1.6173078937017582,1.3509137408252183,0.9123792101875435,1.3509137408252183,0.6754568704126092,1.3509137408252183,2.7018274816504366,1.3509137408252183,2.274506414517829,1.3509137408252183,0.7086449156681287,1.3509137408252183,0.6754568704126092,1.3509137408252183,1.6173078937017582,1.3509137408252183,1.0074334443954127,1.3509137408252183,1.1215192299754508,1.3509137408252183,1.6773752096532977,1.3509137408252183,2.2599604416664034,1.3509137408252183,0.6754568704126092,1.3509137408252183,0.7086449156681287,1.3509137408252183,2.7018274816504366,1.3509137408252183,2.274506414517829,1.3509137408252183,0.6754568704126092,1.3509137408252183,0.8442313880199966,1.3509137408252183,1.6059767602835822,1.3509137408252183,0.6754568704126092,1.3509137408252183,0.6754568704126092,1.3509137408252183,0.9123792101875435,1.3509137408252183,2.7018274816504366,1.3509137408252183,0.8602418103791211,1.3509137408252183,2.0244349404403783,1.3509137408252183,0.9262809578840596
jorgen_strand_larsen,FWD,Crystal Palace,14973.0,77.47535007063716,2.152093057517699,49.448780465627166,1.3735772351563103,36,2.152093057517699,2.641306998971496,2.152093057517699,1.5055028184664567,2.152093057517699,1.0760465287588494,2.152093057517699,1.125964292802644,2.152093057517699,2.251928585605288,2.152093057517699,1.0760465287588494,2.152093057517699,1.4776699932511101,2.152093057517699,1.0760465287588494,2.152093057517699,1.0760465287588494,2.152093057517699,1.0760465287588494,2.152093057517699,1.563337260472371,2.152093057517699,1.0760465287588494,2.152093057517699,1.3761785800921205,2.152093057517699,1.5012857237368589,2.152093057517699,1.0760465287588494,2.152093057517699,1.0760465287588494,2.152093057517699,1.5967972205855903,2.152093057517699,1.563337260472371,2.152093057517699,1.0760465287588494,2.152093057517699,1.4776699932511101,2.152093057517699,1.0760465287588494,2.152093057517699,1.0760465287588494,2.152093057517699,1.5967972205855903,2.152093057517699,1.0760465287588494,2.152093057517699,1.5012857237368589,2.152093057517699,1.0760465287588494,2.152093057517699,2.641306998971496,2.152093057517699,1.5055028184664567,2.152093057517699,1.0760465287588494,2.152093057517699,1.0760465287588494,2.152093057517699,1.3761785800921205,2.152093057517699,1.0760465287588494,2.152093057517699,1.125964292802644,2.152093057517699,2.251928585605288,2.152093057517699,1.0760465287588494,2.152093057517699,1.0760465287588494
john_mcginn,MID,Aston Villa,,93.06388872101782,2.585108020028273,48.873351289030296,1.3575930913619527,36,2.5851080200282732,1.2925540100141366,2.5851080200282732,1.2925540100141366,2.5851080200282732,1.4006746659629898,2.5851080200282732,1.2925540100141366,2.5851080200282732,1.2925540100141366,2.5851080200282732,1.2925540100141366,2.5851080200282732,1.4894929942770514,2.5851080200282732,1.2925540100141366,2.5851080200282732,1.2925540100141366,2.5851080200282732,1.5921346502412639,2.5851080200282732,1.2925540100141366,2.5851080200282732,1.6309422311013804,2.5851080200282732,1.2925540100141366,2.5851080200282732,1.379860152662973,2.5851080200282732,1.2925540100141366,2.5851080200282732,1.4329228300998564,2.5851080200282732,1.2925540100141366,2.5851080200282732,1.2925540100141366,2.5851080200282732,1.2925540100141366,2.5851080200282732,1.4894929942770514,2.5851080200282732,1.5921346502412639,2.5851080200282732,1.2925540100141366,2.5851080200282732,1.2925540100141366,2.5851080200282732,1.2925540100141366,2.5851080200282732,1.379860152662973,2.5851080200282732,1.4329228300998564,2.5851080200282732,1.2925540100141366,2.5851080200282732,1.2925540100141366,2.5851080200282732,1.2925540100141366,2.5851080200282732,1.2925540100141366,2.5851080200282732,1.2925540100141366,2.5851080200282732,1.6309422311013804,2.5851080200282732,1.2925540100141366,2.5851080200282732,1.2925540100141366,2.5851080200282732,1.2925540100141366,2.5851080200282732,1.4006746659629898
aaron_hickey,DEF,Brentford,,28.604340311811082,0.794565008661419,48.799418100388586,1.3555393916774607,36,0.7945650086614194,1.5891300173228389,0.7945650086614194,1.5891300173228389,0.7945650086614194,0.7839226083807024,0.7945650086614194,1.5891300173228389,0.7945650086614194,1.5891300173228389,0.7945650086614194,1.5847129369743242,0.7945650086614194,1.5891300173228389,0.7945650086614194,0.553440523438808,0.7945650086614194,1.5891300173228389,0.7945650086614194,1.5891300173228389,0.7945650086614194,1.1662931176504017,0.7945650086614194,0.7500536025186928,0.7945650086614194,1.5891300173228389,0.7945650086614194,0.7506534964615218,0.7945650086614194,1.330202574218625,0.7945650086614194,1.5891300173228389,0.7945650086614194,1.5891300173228389,0.7945650086614194,1.1662931176504017,0.7945650086614194,0.553440523438808,0.7945650086614194,1.5891300173228389,0.7945650086614194,1.5891300173228389,0.7945650086614194,1.5891300173228389,0.7945650086614194,1.5891300173228389,0.7945650086614194,1.5891300173228389,0.7945650086614194,0.7506534964615218,0.7945650086614194,1.330202574218625,0.7945650086614194,1.5891300173228389,0.7945650086614194,1.5891300173228389,0.7945650086614194,1.5891300173228389,0.7945650086614194,1.5891300173228389,0.7945650086614194,1.5891300173228389,0.7945650086614194,0.7500536025186928,0.7945650086614194,1.5891300173228389,0.7945650086614194,1.5891300173228389,0.7945650086614194,1.5847129369743242,0.7945650086614194,0.7839226083807024
martin_zubimendi_ibanez,MID,Arsenal,,35.242131197072126,0.978948088807559,48.25613161903063,1.3404481005286286,36,0.9789480888075591,1.6917362395758924,0.9789480888075591,1.0896687981815836,0.9789480888075591,1.2594702362977916,0.9789480888075591,1.039478661358457,0.9789480888075591,1.4996072835199272,0.9789480888075591,1.0867649030244861,0.9789480888075591,1.7567921470282957,0.9789480888075591,0.6855233032669983,0.9789480888075591,1.2826786065774416,0.9789480888075591,1.0770871439922853,0.9789480888075591,0.6300063287318144,0.9789480888075591,1.7172552506081455,0.9789480888075591,0.9751220144900918,0.9789480888075591,0.9411383495488341,0.9789480888075591,1.9578961776151182,0.9789480888075591,1.8261483036160668,0.9789480888075591,1.9519890337434123,0.9789480888075591,0.6300063287318144,0.9789480888075591,0.6855233032669983,0.9789480888075591,1.2826786065774416,0.9789480888075591,1.0770871439922853,0.9789480888075591,1.7567921470282957,0.9789480888075591,1.9519890337434123,0.9789480888075591,1.8261483036160668,0.9789480888075591,0.9411383495488341,0.9789480888075591,1.9578961776151182,0.9789480888075591,1.6917362395758924,0.9789480888075591,1.0896687981815836,0.9789480888075591,1.5502234832256963,0.9789480888075591,1.7691825734516469,0.9789480888075591,0.9751220144900918,0.9789480888075591,1.7172552506081455,0.9789480888075591,1.039478661358457,0.9789480888075591,1.4996072835199272,0.9789480888075591,1.0867649030244861,0.9789480888075591,1.2594702362977916
boubacar_kamara,MID,Aston Villa,,91.27484259030439,2.535412294175122,47.93381737076957,1.3314949269658214,36,2.5354122941751225,1.2677061470875612,2.5354122941751225,1.2677061470875612,2.5354122941751225,1.3737483078882549,2.5354122941751225,1.2677061470875612,2.5354122941751225,1.2677061470875612,2.5354122941751225,1.2677061470875612,2.5354122941751225,1.4608592060831749,2.5354122941751225,1.2677061470875612,2.5354122941751225,1.2677061470875612,2.5354122941751225,1.561527694366814,2.5354122941751225,1.2677061470875612,2.5354122941751225,1.599589244158013,2.5354122941751225,1.2677061470875612,2.5354122941751225,1.3533339296459264,2.5354122941751225,1.2677061470875612,2.5354122941751225,1.4053765381918746,2.5354122941751225,1.2677061470875612,2.5354122941751225,1.2677061470875612,2.5354122941751225,1.2677061470875612,2.5354122941751225,1.4608592060831749,2.5354122941751225,1.561527694366814,2.5354122941751225,1.2677061470875612,2.5354122941751225,1.2677061470875612,2.5354122941751225,1.2677061470875612,2.5354122941751225,1.3533339296459264,2.5354122941751225,1.4053765381918746,2.5354122941751225,1.2677061470875612,2.5354122941751225,1.2677061470875612,2.5354122941751225,1.2677061470875612,2.5354122941751225,1.2677061470875612,2.5354122941751225,1.2677061470875612,2.5354122941751225,1.599589244158013,2.5354122941751225,1.2677061470875612,2.5354122941751225,1.2677061470875612,2.5354122941751225,1.2677061470875612,2.5354122941751225,1.3737483078882549
jeremy_doku,MID,Man City,79641.0,34.44548391662579,0.9568189976840498,47.519087451918146,1.3199746514421706,36,0.9568189976840495,1.5491890263891637,0.9568189976840495,0.9405103323562498,0.9568189976840495,1.0889416673194645,0.9568189976840495,1.755619847894316,0.9568189976840495,1.913637995368099,0.9568189976840495,1.7680020062444122,0.9568189976840495,1.2586297977349357,0.9568189976840495,1.4986066026353082,0.9568189976840495,1.824929723445118,0.9568189976840495,0.5894061841073721,0.9568189976840495,1.0387850221384947,0.9568189976840495,0.6295859284728405,0.9568189976840495,1.6906073519428666,0.9568189976840495,0.6850658567921252,0.9568189976840495,1.2818226811782938,0.9568189976840495,1.0860397099179426,0.9568189976840495,1.7161093342591254,0.9568189976840495,1.0387850221384947,0.9568189976840495,1.4986066026353082,0.9568189976840495,1.2586297977349357,0.9568189976840495,0.5894061841073721,0.9568189976840495,1.824929723445118,0.9568189976840495,1.7161093342591254,0.9568189976840495,1.2818226811782938,0.9568189976840495,0.6850658567921252,0.9568189976840495,1.0860397099179426,0.9568189976840495,1.5491890263891637,0.9568189976840495,0.9405103323562498,0.9568189976840495,0.9744713201577858,0.9568189976840495,1.913637995368099,0.9568189976840495,1.6906073519428666,0.9568189976840495,0.6295859284728405,0.9568189976840495,1.755619847894316,0.9568189976840495,1.913637995368099,0.9568189976840495,1.7680020062444122,0.9568189976840495,1.0889416673194645
jack_grealish,MID,Man City,14974.0,34.41877179816802,0.956076994393556,47.48223688839892,1.3189510246777478,36,0.9560769943935564,1.5479876462347573,0.9560769943935564,0.9397809762679611,0.9560769943935564,1.088097204257734,0.9560769943935564,1.7542583827612597,0.9560769943935564,1.9121539887871128,0.9560769943935564,1.766630938874923,0.9560769943935564,1.257653743273546,0.9560769943935564,1.4974444486302125,0.9560769943935564,1.8235145092165204,0.9560769943935564,0.5889491056744571,0.9560769943935564,1.0379794550391714,0.9560769943935564,0.6290976910614745,0.9560769943935564,1.689296303331677,0.9560769943935564,0.6845345952670358,0.9560769943935564,1.2808286408743645,0.9560769943935564,1.0851974972943264,0.9560769943935564,1.7147785091229728,0.9560769943935564,1.0379794550391714,0.9560769943935564,1.4974444486302125,0.9560769943935564,1.257653743273546,0.9560769943935564,0.5889491056744571,0.9560769943935564,1.8235145092165204,0.9560769943935564,1.7147785091229728,0.9560769943935564,1.2808286408743645,0.9560769943935564,0.6845345952670358,0.9560769943935564,1.0851974972943264,0.9560769943935564,1.5479876462347573,0.9560769943935564,0.9397809762679611,0.9560769943935564,0.9737156276727928,0.9560769943935564,1.9121539887871128,0.9560769943935564,1.689296303331677,0.9560769943935564,0.6290976910614745,0.9560769943935564,1.7542583827612597,0.9560769943935564,1.9121539887871128,0.9560769943935564,1.766630938874923,0.9560769943935564,1.088097204257734
sean_steur,MID,Newcastle,,45.41585518480979,1.2615515329113831,47.35769462837156,1.3154915174547657,36,1.261551532911383,0.9853108220719543,1.261551532911383,1.0503399155488589,1.261551532911383,0.6926861658893982,1.261551532911383,1.5664213831241318,1.261551532911383,1.7876683224658454,1.261551532911383,2.020460894810798,1.261551532911383,1.098120239401984,1.261551532911383,1.8452292733870328,1.261551532911383,0.6307757664556914,1.261551532911383,1.2726301277801222,1.261551532911383,0.9509720702617022,1.261551532911383,1.1010544766378711,1.261551532911383,1.9723848820282217,1.261551532911383,0.6365891082849565,1.261551532911383,1.0883413598708735,1.261551532911383,1.5152763073273057,1.261551532911383,1.7094127710951976,1.261551532911383,0.9509720702617022,1.261551532911383,1.8452292733870328,1.261551532911383,0.6307757664556914,1.261551532911383,1.2726301277801222,1.261551532911383,1.098120239401984,1.261551532911383,1.7094127710951976,1.261551532911383,1.0883413598708735,1.261551532911383,0.6365891082849565,1.261551532911383,1.5152763073273057,1.261551532911383,0.9853108220719543,1.261551532911383,1.0503399155488589,1.261551532911383,1.7751484315561952,1.261551532911383,1.7351984239314746,1.261551532911383,1.9723848820282217,1.261551532911383,1.1010544766378711,1.261551532911383,1.5664213831241318,1.261551532911383,1.7876683224658454,1.261551532911383,2.020460894810798,1.261551532911383,0.6926861658893982
omar_alderete,DEF,Sunderland,,32.76310085044334,0.9100861347345371,47.34437943413317,1.3151216509481436,36,0.9100861347345366,1.2921322523377872,0.9100861347345366,0.8667280166238887,0.9100861347345366,0.5574005894695637,0.9100861347345366,0.4550430673672683,0.9100861347345366,1.8201722694690732,0.9100861347345366,1.5644833852340798,0.9100861347345366,1.8201722694690732,0.9100861347345366,0.5825702623687239,0.9100861347345366,1.8201722694690732,0.9100861347345366,1.8201722694690732,0.9100861347345366,1.27273975980122,0.9100861347345366,0.5578463992573299,0.9100861347345366,1.8201722694690732,0.9100861347345366,1.8201722694690732,0.9100861347345366,1.2000097578810844,0.9100861347345366,1.8201722694690732,0.9100861347345366,1.1776757317654745,0.9100861347345366,1.27273975980122,0.9100861347345366,0.5825702623687239,0.9100861347345366,1.8201722694690732,0.9100861347345366,1.8201722694690732,0.9100861347345366,1.8201722694690732,0.9100861347345366,1.1776757317654745,0.9100861347345366,1.2000097578810844,0.9100861347345366,1.8201722694690732,0.9100861347345366,1.8201722694690732,0.9100861347345366,1.2921322523377872,0.9100861347345366,0.8667280166238887,0.9100861347345366,0.9885369478842202,0.9100861347345366,1.8201722694690732,0.9100861347345366,1.8201722694690732,0.9100861347345366,0.5578463992573299,0.9100861347345366,0.4550430673672683,0.9100861347345366,1.8201722694690732,0.9100861347345366,1.5644833852340798,0.9100861347345366,0.5574005894695637
exequiel_palacios,MID,Ipswich Town,,49.05073462529635,1.362520406258232,47.225965996563616,1.3118323887934338,36,1.362520406258231,1.7582477848368911,1.362520406258231,2.0012247029598265,1.362520406258231,1.087665371577111,1.362520406258231,1.8276614083503648,1.362520406258231,1.0779795937750325,1.362520406258231,1.500849823830475,1.362520406258231,0.6860913122033979,1.362520406258231,0.975929978297698,1.362520406258231,1.7186781290482744,1.362520406258231,1.7706484776843023,1.362520406258231,1.551507962962114,1.362520406258231,1.040339949612313,1.362520406258231,1.2837414047457787,1.362520406258231,1.2605138045411135,1.362520406258231,0.6812602031291155,1.362520406258231,1.693137973546905,1.362520406258231,0.6812602031291155,1.362520406258231,1.551507962962114,1.362520406258231,0.975929978297698,1.362520406258231,0.6860913122033979,1.362520406258231,1.7706484776843023,1.362520406258231,1.7186781290482744,1.362520406258231,0.6812602031291155,1.362520406258231,1.693137973546905,1.362520406258231,1.2605138045411135,1.362520406258231,0.6812602031291155,1.362520406258231,1.7582477848368911,1.362520406258231,2.0012247029598265,1.362520406258231,1.0905716728353454,1.362520406258231,0.9419181552686171,1.362520406258231,1.2837414047457787,1.362520406258231,1.040339949612313,1.362520406258231,1.8276614083503648,1.362520406258231,1.0779795937750325,1.362520406258231,1.500849823830475,1.362520406258231,1.087665371577111
ezri_konsa_ngoyo,DEF,Arsenal,50210.0,25.86693378953154,0.7185259385980983,46.82916138095889,1.300810038359969,36,0.718525938598098,0.9103702782551103,0.718525938598098,1.437051877196196,0.718525938598098,0.642711152777418,0.718525938598098,1.437051877196196,0.718525938598098,1.437051877196196,0.718525938598098,1.437051877196196,0.718525938598098,1.437051877196196,0.718525938598098,1.437051877196196,0.718525938598098,0.8717348181326793,0.718525938598098,0.871038160567483,0.718525938598098,1.437051877196196,0.718525938598098,1.437051877196196,0.718525938598098,1.437051877196196,0.718525938598098,1.437051877196196,0.718525938598098,1.437051877196196,0.718525938598098,1.437051877196196,0.718525938598098,1.437051877196196,0.718525938598098,1.437051877196196,0.718525938598098,1.437051877196196,0.718525938598098,0.8717348181326793,0.718525938598098,0.871038160567483,0.718525938598098,1.437051877196196,0.718525938598098,1.437051877196196,0.718525938598098,1.437051877196196,0.718525938598098,1.437051877196196,0.718525938598098,1.437051877196196,0.718525938598098,0.9103702782551103,0.718525938598098,1.437051877196196,0.718525938598098,1.437051877196196,0.718525938598098,1.437051877196196,0.718525938598098,1.437051877196196,0.718525938598098,1.437051877196196,0.718525938598098,1.437051877196196,0.718525938598098,1.437051877196196,0.718525938598098,1.437051877196196,0.718525938598098,0.642711152777418
luke_o'nien,DEF,Sunderland,,32.25372110695955,0.8959366974155432,46.608299294416184,1.2946749804004496,36,0.8959366974155438,1.2720430062603976,0.8959366974155438,0.853252683602348,0.8959366974155438,0.5487344815032339,0.8959366974155438,0.4479683487077719,0.8959366974155438,1.7918733948310877,0.8959366974155438,1.5401597978821726,0.8959366974155438,1.7918733948310877,0.8959366974155438,0.5735128324215026,0.8959366974155438,1.7918733948310877,0.8959366974155438,1.7918733948310877,0.8959366974155438,1.2529520157983403,0.8959366974155438,0.5491733601254682,0.8959366974155438,1.7918733948310877,0.8959366974155438,1.7918733948310877,0.8959366974155438,1.1813527734449125,0.8959366974155438,1.7918733948310877,0.8959366974155438,1.1593659824870997,0.8959366974155438,1.2529520157983403,0.8959366974155438,0.5735128324215026,0.8959366974155438,1.7918733948310877,0.8959366974155438,1.7918733948310877,0.8959366974155438,1.7918733948310877,0.8959366974155438,1.1593659824870997,0.8959366974155438,1.1813527734449125,0.8959366974155438,1.7918733948310877,0.8959366974155438,1.7918733948310877,0.8959366974155438,1.2720430062603976,0.8959366974155438,0.853252683602348,0.8959366974155438,0.9731678074833765,0.8959366974155438,1.7918733948310877,0.8959366974155438,1.7918733948310877,0.8959366974155438,0.5491733601254682,0.8959366974155438,0.4479683487077719,0.8959366974155438,1.7918733948310877,0.8959366974155438,1.5401597978821726,0.8959366974155438,0.5487344815032339
fabian_schar,DEF,Newcastle,,27.666903920734818,0.7685251089093005,46.59608743279494,1.2943357620220817,36,0.7685251089092998,1.5370502178185996,0.7685251089092998,1.5370502178185996,0.7685251089092998,1.3278270144948892,0.7685251089092998,1.5370502178185996,0.7685251089092998,1.5370502178185996,0.7685251089092998,1.5370502178185996,0.7685251089092998,1.353008583936151,0.7685251089092998,1.5370502178185996,0.7685251089092998,0.9772340922466771,0.7685251089092998,0.46372643321845225,0.7685251089092998,1.5370502178185996,0.7685251089092998,1.5370502178185996,0.7685251089092998,1.1145734167921106,0.7685251089092998,1.4568765108050266,0.7685251089092998,0.6284680414391471,0.7685251089092998,1.5370502178185996,0.7685251089092998,0.6568467969149036,0.7685251089092998,1.5370502178185996,0.7685251089092998,1.5370502178185996,0.7685251089092998,0.9772340922466771,0.7685251089092998,0.46372643321845225,0.7685251089092998,1.353008583936151,0.7685251089092998,0.6568467969149036,0.7685251089092998,0.6284680414391471,0.7685251089092998,1.4568765108050266,0.7685251089092998,1.5370502178185996,0.7685251089092998,1.5370502178185996,0.7685251089092998,1.5370502178185996,0.7685251089092998,1.43501151454681,0.7685251089092998,1.5370502178185996,0.7685251089092998,1.1145734167921106,0.7685251089092998,1.5370502178185996,0.7685251089092998,1.5370502178185996,0.7685251089092998,1.5370502178185996,0.7685251089092998,1.5370502178185996,0.7685251089092998,1.3278270144948892
ross_barkley,MID,Aston Villa,,87.95309763481744,2.443141600967151,46.18937266366362,1.2830381295462117,36,2.44314160096715,1.221570800483575,2.44314160096715,1.221570800483575,2.44314160096715,1.3237537926161864,2.44314160096715,1.221570800483575,2.44314160096715,1.221570800483575,2.44314160096715,1.221570800483575,2.44314160096715,1.4076944833537708,2.44314160096715,1.221570800483575,2.44314160096715,1.221570800483575,2.44314160096715,1.504699365832756,2.44314160096715,1.221570800483575,2.44314160096715,1.541375750145397,2.44314160096715,1.221570800483575,2.44314160096715,1.304082350280636,2.44314160096715,1.221570800483575,2.44314160096715,1.3542309838001485,2.44314160096715,1.221570800483575,2.44314160096715,1.221570800483575,2.44314160096715,1.221570800483575,2.44314160096715,1.4076944833537708,2.44314160096715,1.504699365832756,2.44314160096715,1.221570800483575,2.44314160096715,1.221570800483575,2.44314160096715,1.221570800483575,2.44314160096715,1.304082350280636,2.44314160096715,1.3542309838001485,2.44314160096715,1.221570800483575,2.44314160096715,1.221570800483575,2.44314160096715,1.221570800483575,2.44314160096715,1.221570800483575,2.44314160096715,1.221570800483575,2.44314160096715,1.541375750145397,2.44314160096715,1.221570800483575,2.44314160096715,1.221570800483575,2.44314160096715,1.221570800483575,2.44314160096715,1.3237537926161864
moises_caicedo_corozo,MID,Chelsea,61014.0,29.756544003137925,0.8265706667538313,46.17302982445146,1.2825841617903184,36,0.8265706667538316,0.6314758085951078,0.8265706667538316,0.7339633134556668,0.8265706667538316,0.6745234338940421,0.8265706667538316,1.0440254640037516,0.8265706667538316,1.16355719108284,0.8265706667538316,1.6531413335076632,0.8265706667538316,1.007640467017095,0.8265706667538316,1.1666662794264069,0.8265706667538316,1.1129296391839272,0.8265706667538316,1.6055715764134315,0.8265706667538316,1.6531413335076632,0.8265706667538316,1.6531413335076632,0.8265706667538316,1.1531955884177687,0.8265706667538316,1.6531413335076632,0.8265706667538316,1.6531413335076632,0.8265706667538316,1.6531413335076632,0.8265706667538316,1.373314423733899,0.8265706667538316,1.6531413335076632,0.8265706667538316,1.1666662794264069,0.8265706667538316,1.1129296391839272,0.8265706667538316,1.6055715764134315,0.8265706667538316,1.007640467017095,0.8265706667538316,1.373314423733899,0.8265706667538316,1.6531413335076632,0.8265706667538316,1.6531413335076632,0.8265706667538316,1.6531413335076632,0.8265706667538316,0.6314758085951078,0.8265706667538316,0.7339633134556668,0.8265706667538316,1.6531413335076632,0.8265706667538316,1.3484661184039732,0.8265706667538316,1.1531955884177687,0.8265706667538316,1.6531413335076632,0.8265706667538316,1.6531413335076632,0.8265706667538316,1.16355719108284,0.8265706667538316,1.0440254640037516,0.8265706667538316,0.6745234338940421
brandon_thomas_asante,FWD,Coventry City,,69.57670588015935,1.9326862744488709,46.05390282192231,1.2792750783867308,36,1.9326862744488724,0.9663431372244362,1.9326862744488724,1.9346252793253642,1.9326862744488724,0.9673126396626821,1.9326862744488724,0.9663431372244362,1.9326862744488724,1.2694619810404633,1.9326862744488724,2.2691391384846185,1.9326862744488724,1.2897501862169094,1.9326862744488724,0.9663431372244362,1.9326862744488724,2.3754106894088585,1.9326862744488724,0.9663431372244362,1.9326862744488724,1.2933730799984173,1.9326862744488724,1.1822710040321667,1.9326862744488724,0.9663431372244362,1.9326862744488724,0.9663431372244362,1.9326862744488724,1.3430584804305297,1.9326862744488724,1.371803834565662,1.9326862744488724,0.9663431372244362,1.9326862744488724,1.2933730799984173,1.9326862744488724,0.9663431372244362,1.9326862744488724,1.2897501862169094,1.9326862744488724,0.9663431372244362,1.9326862744488724,2.3754106894088585,1.9326862744488724,0.9663431372244362,1.9326862744488724,1.371803834565662,1.9326862744488724,0.9663431372244362,1.9326862744488724,1.3430584804305297,1.9326862744488724,0.9663431372244362,1.9326862744488724,1.9346252793253642,1.9326862744488724,0.9663431372244362,1.9326862744488724,0.9663431372244362,1.9326862744488724,0.9663431372244362,1.9326862744488724,1.1822710040321667,1.9326862744488724,0.9663431372244362,1.9326862744488724,1.2694619810404633,1.9326862744488724,2.2691391384846185,1.9326862744488724,0.9673126396626821
valentin_barco,MID,Chelsea,,29.60445698041624,0.8223460272337845,45.93703741097428,1.2760288169715077,36,0.8223460272337845,0.628248307590963,0.8223460272337845,0.730211994246062,0.8223460272337845,0.671075914558257,0.8223460272337845,1.03868940332247,0.8223460272337845,1.157610198416637,0.8223460272337845,1.644692054467569,0.8223460272337845,1.0024903716771802,0.8223460272337845,1.1607033960711002,0.8223460272337845,1.1072414061920728,0.8223460272337845,1.5973654285221457,0.8223460272337845,1.644692054467569,0.8223460272337845,1.644692054467569,0.8223460272337845,1.1473015543646288,0.8223460272337845,1.644692054467569,0.8223460272337845,1.644692054467569,0.8223460272337845,1.644692054467569,0.8223460272337845,1.3662953525022254,0.8223460272337845,1.644692054467569,0.8223460272337845,1.1607033960711002,0.8223460272337845,1.1072414061920728,0.8223460272337845,1.5973654285221457,0.8223460272337845,1.0024903716771802,0.8223460272337845,1.3662953525022254,0.8223460272337845,1.644692054467569,0.8223460272337845,1.644692054467569,0.8223460272337845,1.644692054467569,0.8223460272337845,0.628248307590963,0.8223460272337845,0.730211994246062,0.8223460272337845,1.644692054467569,0.8223460272337845,1.3415740479683904,0.8223460272337845,1.1473015543646288,0.8223460272337845,1.644692054467569,0.8223460272337845,1.644692054467569,0.8223460272337845,1.157610198416637,0.8223460272337845,1.03868940332247,0.8223460272337845,0.671075914558257
rodrigo_bentancur,MID,Spurs,,81.10315154398785,2.252865320666329,45.918054598494805,1.2755015166248558,36,2.252865320666328,1.2486400829089044,2.252865320666328,1.126432660333164,2.252865320666328,1.473100524032163,2.252865320666328,1.126432660333164,2.252865320666328,1.2907853942125391,2.252865320666328,1.4086152432427623,2.252865320666328,1.6649296547509558,2.252865320666328,1.126432660333164,2.252865320666328,1.6253133575142835,2.252865320666328,1.126432660333164,2.252865320666328,1.5205327383306357,2.252865320666328,1.126432660333164,2.252865320666328,1.126432660333164,2.252865320666328,1.4627837009235054,2.252865320666328,1.126432660333164,2.252865320666328,1.126432660333164,2.252865320666328,1.126432660333164,2.252865320666328,1.5205327383306357,2.252865320666328,1.126432660333164,2.252865320666328,1.6649296547509558,2.252865320666328,1.126432660333164,2.252865320666328,1.6253133575142835,2.252865320666328,1.126432660333164,2.252865320666328,1.126432660333164,2.252865320666328,1.4627837009235054,2.252865320666328,1.126432660333164,2.252865320666328,1.2486400829089044,2.252865320666328,1.126432660333164,2.252865320666328,1.126432660333164,2.252865320666328,1.126432660333164,2.252865320666328,1.126432660333164,2.252865320666328,1.126432660333164,2.252865320666328,1.4086152432427623,2.252865320666328,1.2907853942125391,2.252865320666328,1.126432660333164,2.252865320666328,1.473100524032163
jack_rudoni,MID,Coventry City,,73.92297294859947,2.0534159152388742,45.707659270478494,1.269657201957736,36,2.053415915238876,1.026707957619438,2.053415915238876,1.1005361543859469,2.053415915238876,1.3103700153688742,2.053415915238876,1.1208158321750865,2.053415915238876,1.5005527206095182,2.053415915238876,1.5957044267339553,2.053415915238876,1.026707957619438,2.053415915238876,1.026707957619438,2.053415915238876,1.747239999056854,2.053415915238876,1.026707957619438,2.053415915238876,1.7056651619765488,2.053415915238876,1.026707957619438,2.053415915238876,1.545927271387098,2.053415915238876,1.026707957619438,2.053415915238876,1.478253984636429,2.053415915238876,1.026707957619438,2.053415915238876,1.535100407953437,2.053415915238876,1.7056651619765488,2.053415915238876,1.026707957619438,2.053415915238876,1.026707957619438,2.053415915238876,1.026707957619438,2.053415915238876,1.747239999056854,2.053415915238876,1.535100407953437,2.053415915238876,1.026707957619438,2.053415915238876,1.026707957619438,2.053415915238876,1.478253984636429,2.053415915238876,1.026707957619438,2.053415915238876,1.1005361543859469,2.053415915238876,1.026707957619438,2.053415915238876,1.026707957619438,2.053415915238876,1.545927271387098,2.053415915238876,1.026707957619438,2.053415915238876,1.1208158321750865,2.053415915238876,1.5005527206095182,2.053415915238876,1.5957044267339553,2.053415915238876,1.3103700153688742
rayan_ait_nouri,DEF,Man City,,31.46288959828861,0.8739691555080169,45.39844718517862,1.2610679773660727,36,0.8739691555080163,1.7479383110160327,0.8739691555080163,1.7479383110160327,0.8739691555080163,1.2917838166651168,0.8739691555080163,1.16990030948325,0.8739691555080163,0.9086615487254052,0.8739691555080163,1.7479383110160327,0.8739691555080163,0.4369845777540082,0.8739691555080163,1.7479383110160327,0.8739691555080163,1.7479383110160327,0.8739691555080163,0.7966949779619188,0.8739691555080163,1.4380705737146238,0.8739691555080163,1.187725856964948,0.8739691555080163,0.5354976341332768,0.8739691555080163,1.0825176101032032,0.8739691555080163,0.5127714995225698,0.8739691555080163,1.1030470104487538,0.8739691555080163,1.7479383110160327,0.8739691555080163,1.4380705737146238,0.8739691555080163,1.7479383110160327,0.8739691555080163,0.4369845777540082,0.8739691555080163,0.7966949779619188,0.8739691555080163,1.7479383110160327,0.8739691555080163,1.7479383110160327,0.8739691555080163,0.5127714995225698,0.8739691555080163,1.0825176101032032,0.8739691555080163,1.1030470104487538,0.8739691555080163,1.7479383110160327,0.8739691555080163,1.7479383110160327,0.8739691555080163,1.7479383110160327,0.8739691555080163,1.7479383110160327,0.8739691555080163,0.5354976341332768,0.8739691555080163,1.187725856964948,0.8739691555080163,1.16990030948325,0.8739691555080163,0.9086615487254052,0.8739691555080163,1.7479383110160327,0.8739691555080163,1.2917838166651168
brennan_johnson,MID,Everton,,44.57057824289319,1.2380716178581441,45.33325156783474,1.2592569879954096,36,1.2380716178581437,0.8913566836509607,1.2380716178581437,1.6264207551398384,1.2380716178581437,1.8487382566810273,1.2380716178581437,0.6492624367697356,1.2380716178581437,1.6022515763419858,1.2380716178581437,0.6190358089290718,1.2380716178581437,1.2148311132969918,1.2380716178581437,1.468224160229269,1.2380716178581437,0.6190358089290718,1.2380716178581437,1.6638663410006318,1.2380716178581437,1.6756013738053561,1.2380716178581437,1.7295538924180067,1.2380716178581437,1.192850353533744,1.2380716178581437,1.420285312630106,1.2380716178581437,1.0320305900728421,1.2380716178581437,1.0201144445259178,1.2380716178581437,0.9844952686909262,1.2380716178581437,1.6756013738053561,1.2380716178581437,1.468224160229269,1.2380716178581437,0.6190358089290718,1.2380716178581437,1.6638663410006318,1.2380716178581437,1.2148311132969918,1.2380716178581437,0.9844952686909262,1.2380716178581437,1.0320305900728421,1.2380716178581437,1.420285312630106,1.2380716178581437,1.0201144445259178,1.2380716178581437,0.8913566836509607,1.2380716178581437,1.6264207551398384,1.2380716178581437,1.8938004374296644,1.2380716178581437,0.9235427771141227,1.2380716178581437,1.192850353533744,1.2380716178581437,1.7295538924180067,1.2380716178581437,0.6492624367697356,1.2380716178581437,1.6022515763419858,1.2380716178581437,0.6190358089290718,1.2380716178581437,1.8487382566810273
pep_chavarria,DEF,Chelsea,,43.540271947507144,1.209451998541865,44.41516340147805,1.2337545389299458,36,1.2094519985418644,0.6047259992709322,1.2094519985418644,0.7558271920817348,1.2094519985418644,0.8292848920463325,1.2094519985418644,1.8124450219433943,1.2094519985418644,0.7701610734648006,1.2094519985418644,2.4189039970837287,1.2094519985418644,2.023307329104015,1.2094519985418644,0.9019394472793276,1.2094519985418644,1.0040786714245409,1.2094519985418644,1.5017278589382814,1.2094519985418644,1.4479505279887444,1.2094519985418644,0.8168388741943671,1.2094519985418644,0.6047259992709322,1.2094519985418644,2.4189039970837287,1.2094519985418644,2.036330111687562,1.2094519985418644,0.6344387384703029,1.2094519985418644,0.6047259992709322,1.2094519985418644,1.4479505279887444,1.2094519985418644,0.9019394472793276,1.2094519985418644,1.0040786714245409,1.2094519985418644,1.5017278589382814,1.2094519985418644,2.023307329104015,1.2094519985418644,0.6047259992709322,1.2094519985418644,0.6344387384703029,1.2094519985418644,2.4189039970837287,1.2094519985418644,2.036330111687562,1.2094519985418644,0.6047259992709322,1.2094519985418644,0.7558271920817348,1.2094519985418644,1.437805940999803,1.2094519985418644,0.6047259992709322,1.2094519985418644,0.6047259992709322,1.2094519985418644,0.8168388741943671,1.2094519985418644,2.4189039970837287,1.2094519985418644,0.7701610734648006,1.2094519985418644,1.8124450219433943,1.2094519985418644,0.8292848920463325
ayden_heaven,DEF,Man Utd,,45.15759950515013,1.254377764031948,44.095448383546334,1.2248735662096204,36,1.2543777640319473,0.8073842506297803,1.2543777640319473,0.6271888820159737,1.2543777640319473,1.5072975150544632,1.2543777640319473,2.5087555280638947,1.2543777640319473,1.0526074786594617,1.2543777640319473,1.9000435314994188,1.2543777640319473,0.6271888820159737,1.2543777640319473,2.5087555280638947,1.2543777640319473,0.8563180678032987,1.2543777640319473,0.8693656225849585,1.2543777640319473,0.6271888820159737,1.2543777640319473,2.1347493633549117,1.2543777640319473,1.5179324069572273,1.2543777640319473,0.6271888820159737,1.2543777640319473,1.5743088865606805,1.2543777640319473,0.9455316944012494,1.2543777640319473,0.6271888820159737,1.2543777640319473,0.6271888820159737,1.2543777640319473,2.5087555280638947,1.2543777640319473,0.8563180678032987,1.2543777640319473,0.8693656225849585,1.2543777640319473,0.6271888820159737,1.2543777640319473,0.6271888820159737,1.2543777640319473,1.5743088865606805,1.2543777640319473,0.6271888820159737,1.2543777640319473,0.9455316944012494,1.2543777640319473,0.8073842506297803,1.2543777640319473,0.6271888820159737,1.2543777640319473,0.792357588704349,1.2543777640319473,0.665102227415756,1.2543777640319473,1.5179324069572273,1.2543777640319473,2.1347493633549117,1.2543777640319473,1.9000435314994188,1.2543777640319473,1.0526074786594617,1.2543777640319473,2.5087555280638947,1.2543777640319473,1.5072975150544632
jacob_murphy,MID,Newcastle,,42.16640769499639,1.1712891026387886,43.96931096131732,1.2213697489254811,36,1.1712891026387893,0.914813068271239,1.1712891026387893,0.9751894116523127,1.1712891026387893,0.6431253393054128,1.1712891026387893,1.4543458973566603,1.1712891026387893,1.6597628956183854,1.1712891026387893,1.8758994513194742,1.1712891026387893,1.0195511132473032,1.1712891026387893,1.713205432679017,1.1712891026387893,0.5856445513193946,1.1712891026387893,1.1815750379365397,1.1712891026387893,0.8829312110943498,1.1712891026387893,1.0222754094883137,1.1712891026387893,1.8312632169671592,1.1712891026387893,0.5910419558303451,1.1712891026387893,1.0104719002845366,1.1712891026387893,1.4068601876003508,1.1712891026387893,1.58710643082071,1.1712891026387893,0.8829312110943498,1.1712891026387893,1.713205432679017,1.1712891026387893,0.5856445513193946,1.1712891026387893,1.1815750379365397,1.1712891026387893,1.0195511132473032,1.1712891026387893,1.58710643082071,1.1712891026387893,1.0104719002845366,1.1712891026387893,0.5910419558303451,1.1712891026387893,1.4068601876003508,1.1712891026387893,0.914813068271239,1.1712891026387893,0.9751894116523127,1.1712891026387893,1.6481387872041557,1.1712891026387893,1.6110471525301573,1.1712891026387893,1.8312632169671592,1.1712891026387893,1.0222754094883137,1.1712891026387893,1.4543458973566603,1.1712891026387893,1.6597628956183854,1.1712891026387893,1.8758994513194742,1.1712891026387893,0.6431253393054128
archie_gray,MID,Spurs,,77.47152666923306,2.1519868519231404,43.86194276923007,1.2183872991452798,36,2.151986851923139,1.1927286627189202,2.151986851923139,1.0759934259615695,2.151986851923139,1.4071382475454348,2.151986851923139,1.0759934259615695,2.151986851923139,1.2329867975322362,2.151986851923139,1.3455404790821528,2.151986851923139,1.5903776819385167,2.151986851923139,1.0759934259615695,2.151986851923139,1.5525353173758707,2.151986851923139,1.0759934259615695,2.151986851923139,1.4524465491964735,2.151986851923139,1.0759934259615695,2.151986851923139,1.0759934259615695,2.151986851923139,1.3972833896097276,2.151986851923139,1.0759934259615695,2.151986851923139,1.0759934259615695,2.151986851923139,1.0759934259615695,2.151986851923139,1.4524465491964735,2.151986851923139,1.0759934259615695,2.151986851923139,1.5903776819385167,2.151986851923139,1.0759934259615695,2.151986851923139,1.5525353173758707,2.151986851923139,1.0759934259615695,2.151986851923139,1.0759934259615695,2.151986851923139,1.3972833896097276,2.151986851923139,1.0759934259615695,2.151986851923139,1.1927286627189202,2.151986851923139,1.0759934259615695,2.151986851923139,1.0759934259615695,2.151986851923139,1.0759934259615695,2.151986851923139,1.0759934259615695,2.151986851923139,1.0759934259615695,2.151986851923139,1.3455404790821528,2.151986851923139,1.2329867975322362,2.151986851923139,1.0759934259615695,2.151986851923139,1.4071382475454348
jake_o'brien,DEF,Everton,,25.681412004092206,0.713372555669228,43.79093088009866,1.216414746669407,36,0.7133725556692283,1.4267451113384566,0.7133725556692283,1.4267451113384566,0.7133725556692283,1.192168207262467,0.7133725556692283,1.420268173971984,0.7133725556692283,0.7025754037611255,0.7133725556692283,1.0452675420723636,0.7133725556692283,0.6727586087235713,0.7133725556692283,1.4267451113384566,0.7133725556692283,1.4267451113384566,0.7133725556692283,1.4267451113384566,0.7133725556692283,1.4267451113384566,0.7133725556692283,1.4267451113384566,0.7133725556692283,0.49601031409972673,0.7133725556692283,1.4267451113384566,0.7133725556692283,1.4267451113384566,0.7133725556692283,0.6722209654350743,0.7133725556692283,1.4267451113384566,0.7133725556692283,1.4267451113384566,0.7133725556692283,1.4267451113384566,0.7133725556692283,1.4267451113384566,0.7133725556692283,1.4267451113384566,0.7133725556692283,0.6727586087235713,0.7133725556692283,1.4267451113384566,0.7133725556692283,1.4267451113384566,0.7133725556692283,1.4267451113384566,0.7133725556692283,0.6722209654350743,0.7133725556692283,1.4267451113384566,0.7133725556692283,1.4267451113384566,0.7133725556692283,1.4267451113384566,0.7133725556692283,1.4267451113384566,0.7133725556692283,0.49601031409972673,0.7133725556692283,1.4267451113384566,0.7133725556692283,1.420268173971984,0.7133725556692283,0.7025754037611255,0.7133725556692283,1.0452675420723636,0.7133725556692283,1.192168207262467
michael_keane,DEF,Everton,,25.681412004092206,0.713372555669228,43.79093088009866,1.216414746669407,36,0.7133725556692283,1.4267451113384566,0.7133725556692283,1.4267451113384566,0.7133725556692283,1.192168207262467,0.7133725556692283,1.420268173971984,0.7133725556692283,0.7025754037611255,0.7133725556692283,1.0452675420723636,0.7133725556692283,0.6727586087235713,0.7133725556692283,1.4267451113384566,0.7133725556692283,1.4267451113384566,0.7133725556692283,1.4267451113384566,0.7133725556692283,1.4267451113384566,0.7133725556692283,1.4267451113384566,0.7133725556692283,0.49601031409972673,0.7133725556692283,1.4267451113384566,0.7133725556692283,1.4267451113384566,0.7133725556692283,0.6722209654350743,0.7133725556692283,1.4267451113384566,0.7133725556692283,1.4267451113384566,0.7133725556692283,1.4267451113384566,0.7133725556692283,1.4267451113384566,0.7133725556692283,1.4267451113384566,0.7133725556692283,0.6727586087235713,0.7133725556692283,1.4267451113384566,0.7133725556692283,1.4267451113384566,0.7133725556692283,1.4267451113384566,0.7133725556692283,0.6722209654350743,0.7133725556692283,1.4267451113384566,0.7133725556692283,1.4267451113384566,0.7133725556692283,1.4267451113384566,0.7133725556692283,1.4267451113384566,0.7133725556692283,0.49601031409972673,0.7133725556692283,1.4267451113384566,0.7133725556692283,1.420268173971984,0.7133725556692283,0.7025754037611255,0.7133725556692283,1.0452675420723636,0.7133725556692283,1.192168207262467
ian_maatsen,DEF,Aston Villa,,76.74181760981548,2.1317171558282078,43.753026169942544,1.2153618380539595,36,2.1317171558282086,1.0658585779141043,2.1317171558282086,1.167784444583539,2.1317171558282086,2.1739504323873753,2.1317171558282086,1.0658585779141043,2.1317171558282086,1.0658585779141043,2.1317171558282086,1.0658585779141043,2.1317171558282086,1.1180770219022576,2.1317171558282086,1.5733788325735805,2.1317171558282086,1.0658585779141043,2.1317171558282086,1.0658585779141043,2.1317171558282086,1.0658585779141043,2.1317171558282086,1.1259657287754095,2.1317171558282086,1.583505702655761,2.1317171558282086,1.0658585779141043,2.1317171558282086,1.0658585779141043,2.1317171558282086,1.0658585779141043,2.1317171558282086,1.4094065650381955,2.1317171558282086,1.0658585779141043,2.1317171558282086,1.5733788325735805,2.1317171558282086,1.1180770219022576,2.1317171558282086,1.0658585779141043,2.1317171558282086,1.0658585779141043,2.1317171558282086,1.4094065650381955,2.1317171558282086,1.0658585779141043,2.1317171558282086,1.0658585779141043,2.1317171558282086,1.0658585779141043,2.1317171558282086,1.0658585779141043,2.1317171558282086,1.167784444583539,2.1317171558282086,1.0658585779141043,2.1317171558282086,1.0658585779141043,2.1317171558282086,1.583505702655761,2.1317171558282086,1.1259657287754095,2.1317171558282086,1.0658585779141043,2.1317171558282086,1.0658585779141043,2.1317171558282086,1.0658585779141043,2.1317171558282086,2.1739504323873753
jack_clarke,MID,Ipswich Town,,45.23099571171419,1.2564165475476166,43.5483277017123,1.2096757694920084,36,1.2564165475476172,1.621327358776699,1.2564165475476172,1.845382880587299,1.2564165475476172,1.0029653609349416,1.2564165475476172,1.685335519540377,1.2564165475476172,0.9940338458908327,1.2564165475476172,1.3839738072056074,1.2564165475476172,0.6326631688022105,1.2564165475476172,0.8999311631216953,1.2564165475476172,1.5848391197123666,1.2564165475476172,1.6327623696748697,1.2564165475476172,1.4306870336502306,1.2564165475476172,0.9593253222220268,1.2564165475476172,1.1837723209768447,1.2564165475476172,1.1623535289184521,1.2564165475476172,0.6282082737738086,1.2564165475476172,1.5612878584971432,1.2564165475476172,0.6282082737738086,1.2564165475476172,1.4306870336502306,1.2564165475476172,0.8999311631216953,1.2564165475476172,0.6326631688022105,1.2564165475476172,1.6327623696748697,1.2564165475476172,1.5848391197123666,1.2564165475476172,0.6282082737738086,1.2564165475476172,1.5612878584971432,1.2564165475476172,1.1623535289184521,1.2564165475476172,0.6282082737738086,1.2564165475476172,1.621327358776699,1.2564165475476172,1.845382880587299,1.2564165475476172,1.0056453391402091,1.2564165475476172,0.8685679504536721,1.2564165475476172,1.1837723209768447,1.2564165475476172,0.9593253222220268,1.2564165475476172,1.685335519540377,1.2564165475476172,0.9940338458908327,1.2564165475476172,1.3839738072056074,1.2564165475476172,1.0029653609349416
dan_burn,DEF,Newcastle,,25.681412004092206,0.713372555669228,43.252158700832624,1.2014488528009062,36,0.7133725556692283,1.4267451113384566,0.7133725556692283,1.4267451113384566,0.7133725556692283,1.2325366339184265,0.7133725556692283,1.4267451113384566,0.7133725556692283,1.4267451113384566,0.7133725556692283,1.4267451113384566,0.7133725556692283,1.255911069366046,0.7133725556692283,1.4267451113384566,0.7133725556692283,0.9071037156645262,0.7133725556692283,0.4304474986717248,0.7133725556692283,1.4267451113384566,0.7133725556692283,1.4267451113384566,0.7133725556692283,1.0345869999568345,0.7133725556692283,1.3523250024744553,0.7133725556692283,0.5833665649703454,0.7133725556692283,1.4267451113384566,0.7133725556692283,0.6097087431057923,0.7133725556692283,1.4267451113384566,0.7133725556692283,1.4267451113384566,0.7133725556692283,0.9071037156645262,0.7133725556692283,0.4304474986717248,0.7133725556692283,1.255911069366046,0.7133725556692283,0.6097087431057923,0.7133725556692283,0.5833665649703454,0.7133725556692283,1.3523250024744553,0.7133725556692283,1.4267451113384566,0.7133725556692283,1.4267451113384566,0.7133725556692283,1.4267451113384566,0.7133725556692283,1.3320291291456596,0.7133725556692283,1.4267451113384566,0.7133725556692283,1.0345869999568345,0.7133725556692283,1.4267451113384566,0.7133725556692283,1.4267451113384566,0.7133725556692283,1.4267451113384566,0.7133725556692283,1.4267451113384566,0.7133725556692283,1.2325366339184265
victor_lindelof,DEF,Aston Villa,,75.52303253157523,2.0978620147659783,43.05815683944387,1.196059912206774,36,2.0978620147659774,1.0489310073829887,2.0978620147659774,1.1492381252495867,2.0978620147659774,2.1394245580941793,2.0978620147659774,1.0489310073829887,2.0978620147659774,1.0489310073829887,2.0978620147659774,1.0489310073829887,2.0978620147659774,1.1003201374152844,2.0978620147659774,1.5483910136335899,2.0978620147659774,1.0489310073829887,2.0978620147659774,1.0489310073829887,2.0978620147659774,1.0489310073829887,2.0978620147659774,1.1080835587723636,2.0978620147659774,1.558357052521907,2.0978620147659774,1.0489310073829887,2.0978620147659774,1.0489310073829887,2.0978620147659774,1.0489310073829887,2.0978620147659774,1.387022892822139,2.0978620147659774,1.0489310073829887,2.0978620147659774,1.5483910136335899,2.0978620147659774,1.1003201374152844,2.0978620147659774,1.0489310073829887,2.0978620147659774,1.0489310073829887,2.0978620147659774,1.387022892822139,2.0978620147659774,1.0489310073829887,2.0978620147659774,1.0489310073829887,2.0978620147659774,1.0489310073829887,2.0978620147659774,1.0489310073829887,2.0978620147659774,1.1492381252495867,2.0978620147659774,1.0489310073829887,2.0978620147659774,1.0489310073829887,2.0978620147659774,1.558357052521907,2.0978620147659774,1.1080835587723636,2.0978620147659774,1.0489310073829887,2.0978620147659774,1.0489310073829887,2.0978620147659774,1.0489310073829887,2.0978620147659774,2.1394245580941793
matty_cash,DEF,Aston Villa,,75.1948655300507,2.0887462647236306,42.871058073047465,1.1908627242513186,36,2.088746264723631,1.0443731323618155,2.088746264723631,1.1442443900014279,2.088746264723631,2.1301282081108277,2.088746264723631,1.0443731323618155,2.088746264723631,1.0443731323618155,2.088746264723631,1.0443731323618155,2.088746264723631,1.095538963406394,2.088746264723631,1.54166285641984,2.088746264723631,1.0443731323618155,2.088746264723631,1.0443731323618155,2.088746264723631,1.0443731323618155,2.088746264723631,1.1032686507008578,2.088746264723631,1.5515855903058364,2.088746264723631,1.0443731323618155,2.088746264723631,1.0443731323618155,2.088746264723631,1.0443731323618155,2.088746264723631,1.3809959215985863,2.088746264723631,1.0443731323618155,2.088746264723631,1.54166285641984,2.088746264723631,1.095538963406394,2.088746264723631,1.0443731323618155,2.088746264723631,1.0443731323618155,2.088746264723631,1.3809959215985863,2.088746264723631,1.0443731323618155,2.088746264723631,1.0443731323618155,2.088746264723631,1.0443731323618155,2.088746264723631,1.0443731323618155,2.088746264723631,1.1442443900014279,2.088746264723631,1.0443731323618155,2.088746264723631,1.0443731323618155,2.088746264723631,1.5515855903058364,2.088746264723631,1.1032686507008578,2.088746264723631,1.0443731323618155,2.088746264723631,1.0443731323618155,2.088746264723631,1.0443731323618155,2.088746264723631,2.1301282081108277
geovany_quenda,MID,Chelsea,,27.19230771320772,0.7553418809224367,42.19412156550167,1.1720589323750463,36,0.7553418809224366,0.5770590999732379,0.7553418809224366,0.6707148608248109,0.7553418809224366,0.6163971451887055,0.7553418809224366,0.9540577586772412,0.7553418809224366,1.0632889753092187,0.7553418809224366,1.5106837618448732,0.7553418809224366,0.9208081973672663,0.7553418809224366,1.0661301415056998,0.7553418809224366,1.0170241950357952,0.7553418809224366,1.4672132743913406,0.7553418809224366,1.5106837618448732,0.7553418809224366,1.5106837618448732,0.7553418809224366,1.053820271953046,0.7553418809224366,1.5106837618448732,0.7553418809224366,1.5106837618448732,0.7553418809224366,1.5106837618448732,0.7553418809224366,1.2549706173277613,0.7553418809224366,1.5106837618448732,0.7553418809224366,1.0661301415056998,0.7553418809224366,1.0170241950357952,0.7553418809224366,1.4672132743913406,0.7553418809224366,0.9208081973672663,0.7553418809224366,1.2549706173277613,0.7553418809224366,1.5106837618448732,0.7553418809224366,1.5106837618448732,0.7553418809224366,1.5106837618448732,0.7553418809224366,0.5770590999732379,0.7553418809224366,0.6707148608248109,0.7553418809224366,1.5106837618448732,0.7553418809224366,1.2322635864100637,0.7553418809224366,1.053820271953046,0.7553418809224366,1.5106837618448732,0.7553418809224366,1.5106837618448732,0.7553418809224366,1.0632889753092187,0.7553418809224366,0.9540577586772412,0.7553418809224366,0.6163971451887055
pau_torres,DEF,Aston Villa,,73.29039227735586,2.0358442299265516,41.78525543427264,1.1607015398409066,36,2.03584422992655,1.017922114963275,2.03584422992655,1.115263916136054,2.03584422992655,2.0761780857379537,2.03584422992655,1.017922114963275,2.03584422992655,1.017922114963275,2.03584422992655,1.017922114963275,2.03584422992655,1.0677920602317512,2.03584422992655,1.5026168969114548,2.03584422992655,1.017922114963275,2.03584422992655,1.017922114963275,2.03584422992655,1.017922114963275,2.03584422992655,1.0753259764107241,2.03584422992655,1.512288316014902,2.03584422992655,1.017922114963275,2.03584422992655,1.017922114963275,2.03584422992655,1.017922114963275,2.03584422992655,1.3460192010974477,2.03584422992655,1.017922114963275,2.03584422992655,1.5026168969114548,2.03584422992655,1.0677920602317512,2.03584422992655,1.017922114963275,2.03584422992655,1.017922114963275,2.03584422992655,1.3460192010974477,2.03584422992655,1.017922114963275,2.03584422992655,1.017922114963275,2.03584422992655,1.017922114963275,2.03584422992655,1.017922114963275,2.03584422992655,1.115263916136054,2.03584422992655,1.017922114963275,2.03584422992655,1.017922114963275,2.03584422992655,1.512288316014902,2.03584422992655,1.0753259764107241,2.03584422992655,1.017922114963275,2.03584422992655,1.017922114963275,2.03584422992655,1.017922114963275,2.03584422992655,2.0761780857379537
jamie_bynoe_gittens,MID,Chelsea,,26.762040165877,0.7433900046076944,41.526478297073076,1.1535132860298076,36,0.7433900046076948,0.5679282161133973,0.7433900046076948,0.6601020492470286,0.7433900046076948,0.6066438101411923,0.7433900046076948,0.9389615742648201,0.7433900046076948,1.0464644106442689,0.7433900046076948,1.4867800092153896,0.7433900046076948,0.9062381252416561,0.7433900046076948,1.0492606206853619,0.7433900046076948,1.0009316842202645,0.7433900046076948,1.4439973611396388,0.7433900046076948,1.4867800092153896,0.7433900046076948,1.4867800092153896,0.7433900046076948,1.0371455318565894,0.7433900046076948,1.4867800092153896,0.7433900046076948,1.4867800092153896,0.7433900046076948,1.4867800092153896,0.7433900046076948,1.2351130482245902,0.7433900046076948,1.4867800092153896,0.7433900046076948,1.0492606206853619,0.7433900046076948,1.0009316842202645,0.7433900046076948,1.4439973611396388,0.7433900046076948,0.9062381252416561,0.7433900046076948,1.2351130482245902,0.7433900046076948,1.4867800092153896,0.7433900046076948,1.4867800092153896,0.7433900046076948,1.4867800092153896,0.7433900046076948,0.5679282161133973,0.7433900046076948,0.6601020492470286,0.7433900046076948,1.4867800092153896,0.7433900046076948,1.2127653137153902,0.7433900046076948,1.0371455318565894,0.7433900046076948,1.4867800092153896,0.7433900046076948,1.4867800092153896,0.7433900046076948,1.0464644106442689,0.7433900046076948,0.9389615742648201,0.7433900046076948,0.6066438101411923
takehiro_tomiyasu,DEF,Crystal Palace,,56.099226879120366,1.5583118577533435,41.42574032609925,1.1507150090583125,36,1.5583118577533426,1.2151669875630262,1.5583118577533426,0.7791559288766713,1.5583118577533426,0.8486007879358263,1.5583118577533426,1.2691908319815148,1.5583118577533426,0.7791559288766713,1.5583118577533426,0.7791559288766713,1.5583118577533426,2.3627288158922948,1.5583118577533426,0.7791559288766713,1.5583118577533426,1.7210118952371156,1.5583118577533426,0.7791559288766713,1.5583118577533426,0.7791559288766713,1.5583118577533426,2.262811326207592,1.5583118577533426,1.7100056425638708,1.5583118577533426,0.7791559288766713,1.5583118577533426,0.7791559288766713,1.5583118577533426,1.5317945869016685,1.5583118577533426,0.7791559288766713,1.5583118577533426,0.7791559288766713,1.5583118577533426,0.7791559288766713,1.5583118577533426,2.3627288158922948,1.5583118577533426,0.7791559288766713,1.5583118577533426,1.7210118952371156,1.5583118577533426,0.7791559288766713,1.5583118577533426,1.5317945869016685,1.5583118577533426,0.7791559288766713,1.5583118577533426,0.7791559288766713,1.5583118577533426,1.2151669875630262,1.5583118577533426,0.7791559288766713,1.5583118577533426,0.7791559288766713,1.5583118577533426,0.7791559288766713,1.5583118577533426,1.7100056425638708,1.5583118577533426,2.262811326207592,1.5583118577533426,1.2691908319815148,1.5583118577533426,0.7791559288766713,1.5583118577533426,0.7791559288766713,1.5583118577533426,0.8486007879358263
marco_bizot,GK,Aston Villa,,48.04451201393308,1.3345697781648078,41.37166312310906,1.1492128645308073,36,1.3345697781648085,0.6672848890824042,1.3345697781648085,1.60148373379777,1.3345697781648085,2.4911969192409757,1.3345697781648085,0.8897131854432057,1.3345697781648085,0.6672848890824042,1.3345697781648085,0.6672848890824042,1.3345697781648085,1.423541096709129,1.3345697781648085,2.1353116450636933,1.3345697781648085,0.8897131854432057,1.3345697781648085,0.6672848890824042,1.3345697781648085,0.8897131854432057,1.3345697781648085,1.2455984596204879,1.3345697781648085,2.669139556329617,1.3345697781648085,0.6672848890824042,1.3345697781648085,0.7117705483545645,1.3345697781648085,0.6672848890824042,1.3345697781648085,1.0676558225318467,1.3345697781648085,0.8897131854432057,1.3345697781648085,2.1353116450636933,1.3345697781648085,1.423541096709129,1.3345697781648085,0.6672848890824042,1.3345697781648085,0.8897131854432057,1.3345697781648085,1.0676558225318467,1.3345697781648085,0.7117705483545645,1.3345697781648085,0.6672848890824042,1.3345697781648085,0.6672848890824042,1.3345697781648085,0.6672848890824042,1.3345697781648085,1.60148373379777,1.3345697781648085,0.6672848890824042,1.3345697781648085,0.6672848890824042,1.3345697781648085,2.669139556329617,1.3345697781648085,1.2455984596204879,1.3345697781648085,0.8897131854432057,1.3345697781648085,0.6672848890824042,1.3345697781648085,0.6672848890824042,1.3345697781648085,2.4911969192409757
gabriel_martinelli_silva,MID,Arsenal,,30.108161341578786,0.8363378150438552,41.22632051908772,1.1451755699746589,36,0.8363378150438555,1.4452890877603448,0.8363378150438555,0.9309290576405613,0.8363378150438555,1.0759943224580204,0.8363378150438555,0.8880504720982616,0.8363378150438555,1.2811489120435404,0.8363378150438555,0.928448193375571,0.8363378150438555,1.5008678422586685,0.8363378150438555,0.5856582878815674,0.8363378150438555,1.0958217657232237,0.8363378150438555,0.9201802617701568,0.8363378150438555,0.5382288626531492,0.8363378150438555,1.4670905644400651,0.8363378150438555,0.8330691119619957,0.8363378150438555,0.8040360872193109,0.8363378150438555,1.672675630087711,0.8363378150438555,1.5601203982661185,0.8363378150438555,1.6676290215337988,0.8363378150438555,0.5382288626531492,0.8363378150438555,0.5856582878815674,0.8363378150438555,1.0958217657232237,0.8363378150438555,0.9201802617701568,0.8363378150438555,1.5008678422586685,0.8363378150438555,1.6676290215337988,0.8363378150438555,1.5601203982661185,0.8363378150438555,0.8040360872193109,0.8363378150438555,1.672675630087711,0.8363378150438555,1.4452890877603448,0.8363378150438555,0.9309290576405613,0.8363378150438555,1.3243914928828477,0.8363378150438555,1.5114532678607449,0.8363378150438555,0.8330691119619957,0.8363378150438555,1.4670905644400651,0.8363378150438555,0.8880504720982616,0.8363378150438555,1.2811489120435404,0.8363378150438555,0.928448193375571,0.8363378150438555,1.0759943224580204
el_hadji_malick_diouf,DEF,Brentford,,24.15716734352989,0.6710324262091636,41.2124767244223,1.1447910201228417,36,0.6710324262091639,1.3420648524183278,0.6710324262091639,1.3420648524183278,0.6710324262091639,0.6620446208021658,0.6710324262091639,1.3420648524183278,0.6710324262091639,1.3420648524183278,0.6710324262091639,1.3383345042269092,0.6710324262091639,1.3420648524183278,0.6710324262091639,0.4673960382817011,0.6710324262091639,1.3420648524183278,0.6710324262091639,1.3420648524183278,0.6710324262091639,0.9849672360055937,0.6710324262091639,0.6334412958015285,0.6710324262091639,1.3420648524183278,0.6710324262091639,0.6339479230548516,0.6710324262091639,1.1233933674367964,0.6710324262091639,1.3420648524183278,0.6710324262091639,1.3420648524183278,0.6710324262091639,0.9849672360055937,0.6710324262091639,0.4673960382817011,0.6710324262091639,1.3420648524183278,0.6710324262091639,1.3420648524183278,0.6710324262091639,1.3420648524183278,0.6710324262091639,1.3420648524183278,0.6710324262091639,1.3420648524183278,0.6710324262091639,0.6339479230548516,0.6710324262091639,1.1233933674367964,0.6710324262091639,1.3420648524183278,0.6710324262091639,1.3420648524183278,0.6710324262091639,1.3420648524183278,0.6710324262091639,1.3420648524183278,0.6710324262091639,1.3420648524183278,0.6710324262091639,0.6334412958015285,0.6710324262091639,1.3420648524183278,0.6710324262091639,1.3420648524183278,0.6710324262091639,1.3383345042269092,0.6710324262091639,0.6620446208021658
tanaka_ao,MID,Leeds,,40.327022646220065,1.120195073506113,41.126473776306305,1.1424020493418419,36,1.1201950735061132,1.0611056957679572,1.1201950735061132,1.0806587849823701,1.1201950735061132,1.684639171084103,1.1201950735061132,0.5600975367530566,1.1201950735061132,0.792910570199295,1.1201950735061132,0.9180477115917459,1.1201950735061132,0.8215418624624907,1.1201950735061132,1.446790305155645,1.1201950735061132,1.42529049739815,1.1201950735061132,1.3060657730184686,1.1201950735061132,0.9074476477413361,1.1201950735061132,1.644553894239063,1.1201950735061132,1.4801002038537907,1.1201950735061132,1.5385328771086888,1.1201950735061132,1.4905391580044332,1.1201950735061132,0.57755448339653,1.1201950735061132,0.9156011752605925,1.1201950735061132,0.9074476477413361,1.1201950735061132,1.446790305155645,1.1201950735061132,1.42529049739815,1.1201950735061132,1.3060657730184686,1.1201950735061132,0.8215418624624907,1.1201950735061132,0.9156011752605925,1.1201950735061132,1.4905391580044332,1.1201950735061132,1.5385328771086888,1.1201950735061132,0.57755448339653,1.1201950735061132,1.0611056957679572,1.1201950735061132,1.0806587849823701,1.1201950735061132,1.2634215435178193,1.1201950735061132,0.5600975367530566,1.1201950735061132,1.4801002038537907,1.1201950735061132,1.644553894239063,1.1201950735061132,0.5600975367530566,1.1201950735061132,0.792910570199295,1.1201950735061132,0.9180477115917459,1.1201950735061132,1.684639171084103
george_hemmings,MID,Aston Villa,,78.07348234952167,2.1687078430422684,41.0010024475189,1.1389167346533027,36,2.168707843042267,1.0843539215211335,2.168707843042267,1.0843539215211335,2.168707843042267,1.1750588795865176,2.168707843042267,1.0843539215211335,2.168707843042267,1.0843539215211335,2.168707843042267,1.0843539215211335,2.168707843042267,1.2495706615810285,2.168707843042267,1.0843539215211335,2.168707843042267,1.0843539215211335,2.168707843042267,1.3356791578557794,2.168707843042267,1.0843539215211335,2.168707843042267,1.3682357490422132,2.168707843042267,1.0843539215211335,2.168707843042267,1.1575970954393466,2.168707843042267,1.0843539215211335,2.168707843042267,1.2021126220009533,2.168707843042267,1.0843539215211335,2.168707843042267,1.0843539215211335,2.168707843042267,1.0843539215211335,2.168707843042267,1.2495706615810285,2.168707843042267,1.3356791578557794,2.168707843042267,1.0843539215211335,2.168707843042267,1.0843539215211335,2.168707843042267,1.0843539215211335,2.168707843042267,1.1575970954393466,2.168707843042267,1.2021126220009533,2.168707843042267,1.0843539215211335,2.168707843042267,1.0843539215211335,2.168707843042267,1.0843539215211335,2.168707843042267,1.0843539215211335,2.168707843042267,1.0843539215211335,2.168707843042267,1.3682357490422132,2.168707843042267,1.0843539215211335,2.168707843042267,1.0843539215211335,2.168707843042267,1.0843539215211335,2.168707843042267,1.1750588795865176
dwight_mcneil,MID,Crystal Palace,,55.506555809273976,1.5418487724798327,40.55878536930733,1.1266329269252036,36,1.5418487724798333,1.5308451567434544,1.5418487724798333,1.636336409482919,1.5418487724798333,0.8713864427811102,1.5418487724798333,1.2571084957601197,1.5418487724798333,1.0558035771142749,1.5418487724798333,1.0752589637157677,1.5418487724798333,1.4395610028387058,1.5418487724798333,1.4727044590835274,1.5418487724798333,1.2995396411489704,1.5418487724798333,0.7709243862399167,1.5418487724798333,1.418168625031136,1.5418487724798333,1.4830912520086224,1.5418487724798333,0.7889485653380233,1.5418487724798333,0.9134604231472351,1.5418487724798333,0.7709243862399167,1.5418487724798333,0.8174367931455355,1.5418487724798333,0.7709243862399167,1.5418487724798333,1.418168625031136,1.5418487724798333,1.4727044590835274,1.5418487724798333,1.4395610028387058,1.5418487724798333,0.7709243862399167,1.5418487724798333,1.2995396411489704,1.5418487724798333,0.7709243862399167,1.5418487724798333,0.8174367931455355,1.5418487724798333,0.9134604231472351,1.5418487724798333,0.7709243862399167,1.5418487724798333,1.5308451567434544,1.5418487724798333,1.636336409482919,1.5418487724798333,0.9110261116358805,1.5418487724798333,0.9029133255531516,1.5418487724798333,0.7889485653380233,1.5418487724798333,1.4830912520086224,1.5418487724798333,1.2571084957601197,1.5418487724798333,1.0558035771142749,1.5418487724798333,1.0752589637157677,1.5418487724798333,0.8713864427811102
jacob_ramsey,MID,Newcastle,,38.57114931179615,1.0714208142165598,40.22033061229954,1.1172314058972095,36,1.0714208142165607,0.8368128417270752,1.0714208142165607,0.8920412826295238,1.0714208142165607,0.5882901780009165,1.0714208142165607,1.3303431765803098,1.0714208142165607,1.5182455885771982,1.0714208142165607,1.715953570295387,1.0714208142165607,0.9326205472498953,1.0714208142165607,1.5671314242281071,1.0714208142165607,0.5357104071082803,1.0714208142165607,1.0808297339673434,1.0714208142165607,0.8076493454576721,1.0714208142165607,0.9351125602722437,1.0714208142165607,1.6751231805602005,1.0714208142165607,0.5406476096509749,1.0714208142165607,0.9243154603818474,1.0714208142165607,1.286906267881906,1.0714208142165607,1.4517840732294975,1.0714208142165607,0.8076493454576721,1.0714208142165607,1.5671314242281071,1.0714208142165607,0.5357104071082803,1.0714208142165607,1.0808297339673434,1.0714208142165607,0.9326205472498953,1.0714208142165607,1.4517840732294975,1.0714208142165607,0.9243154603818474,1.0714208142165607,0.5406476096509749,1.0714208142165607,1.286906267881906,1.0714208142165607,0.8368128417270752,1.0714208142165607,0.8920412826295238,1.0714208142165607,1.5076125931248736,1.0714208142165607,1.4736835235779044,1.0714208142165607,1.6751231805602005,1.0714208142165607,0.9351125602722437,1.0714208142165607,1.3303431765803098,1.0714208142165607,1.5182455885771982,1.0714208142165607,1.715953570295387,1.0714208142165607,0.5882901780009165
michael_svoboda,DEF,Brighton,,25.681412004092206,0.713372555669228,38.98955102181629,1.0830430839393415,36,0.7133725556692283,1.2312639906226417,0.7133725556692283,1.4267451113384566,0.7133725556692283,0.682123572934656,0.7133725556692283,1.1060144934475722,0.7133725556692283,1.4267451113384566,0.7133725556692283,1.0016588545889125,0.7133725556692283,0.4386798099891752,0.7133725556692283,1.0169209391684304,0.7133725556692283,0.9268425186478044,0.7133725556692283,0.4390306667279073,0.7133725556692283,1.4267451113384566,0.7133725556692283,1.4267451113384566,0.7133725556692283,0.9444196194219758,0.7133725556692283,0.7779884138224581,0.7133725556692283,1.4267451113384566,0.7133725556692283,1.4267451113384566,0.7133725556692283,1.4267451113384566,0.7133725556692283,1.4267451113384566,0.7133725556692283,1.0169209391684304,0.7133725556692283,0.4386798099891752,0.7133725556692283,0.4390306667279073,0.7133725556692283,0.9268425186478044,0.7133725556692283,1.4267451113384566,0.7133725556692283,1.4267451113384566,0.7133725556692283,0.7779884138224581,0.7133725556692283,1.4267451113384566,0.7133725556692283,1.2312639906226417,0.7133725556692283,1.4267451113384566,0.7133725556692283,1.4267451113384566,0.7133725556692283,0.4584885929963848,0.7133725556692283,0.9444196194219758,0.7133725556692283,1.4267451113384566,0.7133725556692283,1.1060144934475722,0.7133725556692283,1.4267451113384566,0.7133725556692283,1.0016588545889125,0.7133725556692283,0.682123572934656
pascal_struijk,DEF,Brighton,,25.681412004092206,0.713372555669228,38.98955102181629,1.0830430839393415,36,0.7133725556692283,1.2312639906226417,0.7133725556692283,1.4267451113384566,0.7133725556692283,0.682123572934656,0.7133725556692283,1.1060144934475722,0.7133725556692283,1.4267451113384566,0.7133725556692283,1.0016588545889125,0.7133725556692283,0.4386798099891752,0.7133725556692283,1.0169209391684304,0.7133725556692283,0.9268425186478044,0.7133725556692283,0.4390306667279073,0.7133725556692283,1.4267451113384566,0.7133725556692283,1.4267451113384566,0.7133725556692283,0.9444196194219758,0.7133725556692283,0.7779884138224581,0.7133725556692283,1.4267451113384566,0.7133725556692283,1.4267451113384566,0.7133725556692283,1.4267451113384566,0.7133725556692283,1.4267451113384566,0.7133725556692283,1.0169209391684304,0.7133725556692283,0.4386798099891752,0.7133725556692283,0.4390306667279073,0.7133725556692283,0.9268425186478044,0.7133725556692283,1.4267451113384566,0.7133725556692283,1.4267451113384566,0.7133725556692283,0.7779884138224581,0.7133725556692283,1.4267451113384566,0.7133725556692283,1.2312639906226417,0.7133725556692283,1.4267451113384566,0.7133725556692283,1.4267451113384566,0.7133725556692283,0.4584885929963848,0.7133725556692283,0.9444196194219758,0.7133725556692283,1.4267451113384566,0.7133725556692283,1.1060144934475722,0.7133725556692283,1.4267451113384566,0.7133725556692283,1.0016588545889125,0.7133725556692283,0.682123572934656
danny_welbeck,FWD,Chelsea,,23.097921334451197,0.6416089259569777,38.60328757863999,1.0723135438511109,36,0.6416089259569779,0.829314839991402,0.6416089259569779,0.86376722213948,0.6416089259569779,1.2832178519139559,0.6416089259569779,0.7097354810053367,0.6416089259569779,1.2079761255950205,0.6416089259569779,1.2832178519139559,0.6416089259569779,1.2832178519139559,0.6416089259569779,1.2832178519139559,0.6416089259569779,0.8403384530581747,0.6416089259569779,1.2689690184939169,0.6416089259569779,1.2832178519139559,0.6416089259569779,0.9227469813851711,0.6416089259569779,1.1063827083985809,0.6416089259569779,0.9383564006487584,0.6416089259569779,0.9869759032730463,0.6416089259569779,1.2832178519139559,0.6416089259569779,0.644555691933418,0.6416089259569779,1.2832178519139559,0.6416089259569779,1.2832178519139559,0.6416089259569779,0.8403384530581747,0.6416089259569779,1.2689690184939169,0.6416089259569779,1.2832178519139559,0.6416089259569779,0.644555691933418,0.6416089259569779,1.2832178519139559,0.6416089259569779,0.9383564006487584,0.6416089259569779,0.9869759032730463,0.6416089259569779,0.829314839991402,0.6416089259569779,0.86376722213948,0.6416089259569779,1.2832178519139559,0.6416089259569779,1.2832178519139559,0.6416089259569779,1.1063827083985809,0.6416089259569779,0.9227469813851711,0.6416089259569779,1.2832178519139559,0.6416089259569779,1.2079761255950205,0.6416089259569779,0.7097354810053367,0.6416089259569779,1.2832178519139559
mikey_moore,MID,Spurs,,68.09903001312749,1.8916397225868746,38.5555298248965,1.0709869395804583,36,1.8916397225868755,1.048432482127273,1.8916397225868755,0.9458198612934378,1.8916397225868755,1.236902819294408,1.8916397225868755,0.9458198612934378,1.8916397225868755,1.0838201922808322,1.8916397225868755,1.1827571419898633,1.8916397225868755,1.3979739673511646,1.8916397225868755,0.9458198612934378,1.8916397225868755,1.3647097678327784,1.8916397225868755,0.9458198612934378,1.8916397225868755,1.2767297276649032,1.8916397225868755,0.9458198612934378,1.8916397225868755,0.9458198612934378,1.8916397225868755,1.228240200972658,1.8916397225868755,0.9458198612934378,1.8916397225868755,0.9458198612934378,1.8916397225868755,0.9458198612934378,1.8916397225868755,1.2767297276649032,1.8916397225868755,0.9458198612934378,1.8916397225868755,1.3979739673511646,1.8916397225868755,0.9458198612934378,1.8916397225868755,1.3647097678327784,1.8916397225868755,0.9458198612934378,1.8916397225868755,0.9458198612934378,1.8916397225868755,1.228240200972658,1.8916397225868755,0.9458198612934378,1.8916397225868755,1.048432482127273,1.8916397225868755,0.9458198612934378,1.8916397225868755,0.9458198612934378,1.8916397225868755,0.9458198612934378,1.8916397225868755,0.9458198612934378,1.8916397225868755,0.9458198612934378,1.8916397225868755,1.1827571419898633,1.8916397225868755,1.0838201922808322,1.8916397225868755,0.9458198612934378,1.8916397225868755,1.236902819294408
matt_crooks,MID,Hull City,,43.85129477331932,1.2180915214810921,38.49374752654275,1.0692707646261874,36,1.218091521481092,1.370805056391817,1.218091521481092,1.310797780902567,1.218091521481092,0.993850123784312,1.218091521481092,0.8420514911972393,1.218091521481092,1.4149434693076126,1.218091521481092,0.609045760740546,1.218091521481092,1.5124478827848788,1.218091521481092,0.609045760740546,1.218091521481092,0.9758677223027686,1.218091521481092,1.5493131337854724,1.218091521481092,1.161931661377681,1.218091521481092,0.7555479056376346,1.218091521481092,1.3305705222137607,1.218091521481092,0.8345529315714791,1.218091521481092,1.3612046570622875,1.218091521481092,0.8054129779390542,1.218091521481092,0.8443014987568404,1.218091521481092,1.161931661377681,1.218091521481092,0.609045760740546,1.218091521481092,1.5124478827848788,1.218091521481092,1.5493131337854724,1.218091521481092,0.9758677223027686,1.218091521481092,0.8443014987568404,1.218091521481092,1.3612046570622875,1.218091521481092,0.8345529315714791,1.218091521481092,0.8054129779390542,1.218091521481092,1.370805056391817,1.218091521481092,1.310797780902567,1.218091521481092,0.7292165476222124,1.218091521481092,1.2011503059275408,1.218091521481092,1.3305705222137607,1.218091521481092,0.7555479056376346,1.218091521481092,0.8420514911972393,1.218091521481092,1.4149434693076126,1.218091521481092,0.609045760740546,1.218091521481092,0.993850123784312
zadok_yohanna,MID,Brighton,,23.845867711193353,0.6623852141998153,38.45809851642196,1.0682805143450544,36,0.6623852141998148,0.9547053228570148,0.6623852141998148,1.3247704283996296,0.6623852141998148,0.541699398142773,0.6623852141998148,1.0008022679519144,0.6623852141998148,1.3247704283996296,0.6623852141998148,1.3247704283996296,0.6623852141998148,0.989246694305822,0.6623852141998148,0.5786269769961698,0.6623852141998148,0.6296163364394802,0.6623852141998148,1.1780714109262644,0.6623852141998148,0.8955971991306829,0.6623852141998148,1.3247704283996296,0.6623852141998148,0.9981351962105126,0.6623852141998148,1.3247704283996296,0.6623852141998148,1.3247704283996296,0.6623852141998148,1.3247704283996296,0.6623852141998148,0.8643850280533011,0.6623852141998148,0.8955971991306829,0.6623852141998148,0.5786269769961698,0.6623852141998148,0.989246694305822,0.6623852141998148,1.1780714109262644,0.6623852141998148,0.6296163364394802,0.6623852141998148,0.8643850280533011,0.6623852141998148,1.3247704283996296,0.6623852141998148,1.3247704283996296,0.6623852141998148,1.3247704283996296,0.6623852141998148,0.9547053228570148,0.6623852141998148,1.3247704283996296,0.6623852141998148,1.3247704283996296,0.6623852141998148,1.3247704283996296,0.6623852141998148,0.9981351962105126,0.6623852141998148,1.3247704283996296,0.6623852141998148,1.0008022679519144,0.6623852141998148,1.3247704283996296,0.6623852141998148,1.3247704283996296,0.6623852141998148,0.541699398142773
paddy_mcnair,DEF,Hull City,,21.25648571000926,0.5904579363891461,37.976358126366414,1.0548988368435115,36,0.5904579363891458,1.1809158727782916,0.5904579363891458,0.7118625721736247,0.5904579363891458,0.681651636385409,0.5904579363891458,1.1809158727782916,0.5904579363891458,1.1809158727782916,0.5904579363891458,1.1809158727782916,0.5904579363891458,1.1809158727782916,0.5904579363891458,1.0590846720877005,0.5904579363891458,0.5025669502938214,0.5904579363891458,1.1809158727782916,0.5904579363891458,1.1809158727782916,0.5904579363891458,1.1809158727782916,0.5904579363891458,1.1809158727782916,0.5904579363891458,0.6811068861248498,0.5904579363891458,1.1809158727782916,0.5904579363891458,1.1809158727782916,0.5904579363891458,1.1809158727782916,0.5904579363891458,1.1809158727782916,0.5904579363891458,1.0590846720877005,0.5904579363891458,1.1809158727782916,0.5904579363891458,1.1809158727782916,0.5904579363891458,0.5025669502938214,0.5904579363891458,1.1809158727782916,0.5904579363891458,1.1809158727782916,0.5904579363891458,0.6811068861248498,0.5904579363891458,1.1809158727782916,0.5904579363891458,1.1809158727782916,0.5904579363891458,0.7118625721736247,0.5904579363891458,1.1809158727782916,0.5904579363891458,1.1809158727782916,0.5904579363891458,1.1809158727782916,0.5904579363891458,1.1809158727782916,0.5904579363891458,1.1809158727782916,0.5904579363891458,1.1809158727782916,0.5904579363891458,1.1809158727782916,0.5904579363891458,0.681651636385409
mitoma_kaoru,MID,Brighton,,23.5378663473698,0.6538296207602722,37.961360593668225,1.0544822387130062,36,0.6538296207602718,0.9423740231512997,0.6538296207602718,1.3076592415205437,0.6538296207602718,0.5347026238827174,0.6538296207602718,0.9878755643745817,0.6538296207602718,1.3076592415205437,0.6538296207602718,1.3076592415205437,0.6538296207602718,0.9764692464605879,0.6538296207602718,0.5711532335275579,0.6538296207602718,0.6214839970061823,0.6538296207602718,1.1628550386121423,0.6538296207602718,0.8840293601193427,0.6538296207602718,1.3076592415205437,0.6538296207602718,0.9852429414418252,0.6538296207602718,1.3076592415205437,0.6538296207602718,1.3076592415205437,0.6538296207602718,1.3076592415205437,0.6538296207602718,0.8532203360935239,0.6538296207602718,0.8840293601193427,0.6538296207602718,0.5711532335275579,0.6538296207602718,0.9764692464605879,0.6538296207602718,1.1628550386121423,0.6538296207602718,0.6214839970061823,0.6538296207602718,0.8532203360935239,0.6538296207602718,1.3076592415205437,0.6538296207602718,1.3076592415205437,0.6538296207602718,1.3076592415205437,0.6538296207602718,0.9423740231512997,0.6538296207602718,1.3076592415205437,0.6538296207602718,1.3076592415205437,0.6538296207602718,1.3076592415205437,0.6538296207602718,0.9852429414418252,0.6538296207602718,1.3076592415205437,0.6538296207602718,0.9878755643745817,0.6538296207602718,1.3076592415205437,0.6538296207602718,1.3076592415205437,0.6538296207602718,0.5347026238827174
yankuba_minteh,MID,Brighton,,23.5378663473698,0.6538296207602722,37.961360593668225,1.0544822387130062,36,0.6538296207602718,0.9423740231512997,0.6538296207602718,1.3076592415205437,0.6538296207602718,0.5347026238827174,0.6538296207602718,0.9878755643745817,0.6538296207602718,1.3076592415205437,0.6538296207602718,1.3076592415205437,0.6538296207602718,0.9764692464605879,0.6538296207602718,0.5711532335275579,0.6538296207602718,0.6214839970061823,0.6538296207602718,1.1628550386121423,0.6538296207602718,0.8840293601193427,0.6538296207602718,1.3076592415205437,0.6538296207602718,0.9852429414418252,0.6538296207602718,1.3076592415205437,0.6538296207602718,1.3076592415205437,0.6538296207602718,1.3076592415205437,0.6538296207602718,0.8532203360935239,0.6538296207602718,0.8840293601193427,0.6538296207602718,0.5711532335275579,0.6538296207602718,0.9764692464605879,0.6538296207602718,1.1628550386121423,0.6538296207602718,0.6214839970061823,0.6538296207602718,0.8532203360935239,0.6538296207602718,1.3076592415205437,0.6538296207602718,1.3076592415205437,0.6538296207602718,1.3076592415205437,0.6538296207602718,0.9423740231512997,0.6538296207602718,1.3076592415205437,0.6538296207602718,1.3076592415205437,0.6538296207602718,1.3076592415205437,0.6538296207602718,0.9852429414418252,0.6538296207602718,1.3076592415205437,0.6538296207602718,0.9878755643745817,0.6538296207602718,1.3076592415205437,0.6538296207602718,1.3076592415205437,0.6538296207602718,0.5347026238827174
alvaro_rodriguez,FWD,Bournemouth,50210.0,30.860040378615526,0.8572233438504313,37.95720988120605,1.0543669411446124,36,0.857223343850431,0.4789599858043952,0.857223343850431,1.3372572257773225,0.857223343850431,0.6856798980078577,0.857223343850431,1.3092357758030961,0.857223343850431,1.2572699627365376,0.857223343850431,1.152497465841826,0.857223343850431,0.62444331589148,0.857223343850431,1.2608016199352357,0.857223343850431,0.9429524720524033,0.857223343850431,1.714446687700862,0.857223343850431,1.714446687700862,0.857223343850431,0.6418528943763686,0.857223343850431,0.6162518289120741,0.857223343850431,0.7334074782629804,0.857223343850431,1.237492682423828,0.857223343850431,1.714446687700862,0.857223343850431,0.6972790310579073,0.857223343850431,1.714446687700862,0.857223343850431,1.2608016199352357,0.857223343850431,0.9429524720524033,0.857223343850431,1.714446687700862,0.857223343850431,0.62444331589148,0.857223343850431,0.6972790310579073,0.857223343850431,1.714446687700862,0.857223343850431,0.7334074782629804,0.857223343850431,1.237492682423828,0.857223343850431,0.4789599858043952,0.857223343850431,1.3372572257773225,0.857223343850431,0.8221369432318226,0.857223343850431,0.8976295380024438,0.857223343850431,0.6162518289120741,0.857223343850431,0.6418528943763686,0.857223343850431,1.152497465841826,0.857223343850431,1.2572699627365376,0.857223343850431,1.3092357758030961,0.857223343850431,0.6856798980078577
rico_henry,DEF,Brentford,,22.178596517928824,0.6160721254980229,37.837006292060344,1.0510279525572317,36,0.616072125498023,1.232144250996046,0.616072125498023,1.232144250996046,0.616072125498023,0.6078204581204378,0.616072125498023,1.232144250996046,0.616072125498023,1.232144250996046,0.616072125498023,1.228719433581308,0.616072125498023,1.232144250996046,0.616072125498023,0.4291143907609134,0.616072125498023,1.232144250996046,0.616072125498023,1.232144250996046,0.616072125498023,0.904294390153261,0.616072125498023,0.5815598624454972,0.616072125498023,1.232144250996046,0.616072125498023,0.5820249948543038,0.616072125498023,1.0313828551579425,0.616072125498023,1.232144250996046,0.616072125498023,1.232144250996046,0.616072125498023,0.904294390153261,0.616072125498023,0.4291143907609134,0.616072125498023,1.232144250996046,0.616072125498023,1.232144250996046,0.616072125498023,1.232144250996046,0.616072125498023,1.232144250996046,0.616072125498023,1.232144250996046,0.616072125498023,0.5820249948543038,0.616072125498023,1.0313828551579425,0.616072125498023,1.232144250996046,0.616072125498023,1.232144250996046,0.616072125498023,1.232144250996046,0.616072125498023,1.232144250996046,0.616072125498023,1.232144250996046,0.616072125498023,0.5815598624454972,0.616072125498023,1.232144250996046,0.616072125498023,1.232144250996046,0.616072125498023,1.228719433581308,0.616072125498023,0.6078204581204378
richarlison_de_andrade,FWD,Spurs,,54.635405510321604,1.517650153064489,37.70516926133626,1.0473658128148962,36,1.5176501530644904,0.8412178599630149,1.5176501530644904,0.800784791787514,1.5176501530644904,0.7588250765322452,1.5176501530644904,1.0281551621770182,1.5176501530644904,0.7588250765322452,1.5176501530644904,1.167983063993592,1.5176501530644904,2.0657622104210365,1.5176501530644904,0.7588250765322452,1.5176501530644904,1.1247744419730197,1.5176501530644904,1.12162381328402,1.5176501530644904,1.9733437688770348,1.5176501530644904,0.7588250765322452,1.5176501530644904,0.7588250765322452,1.5176501530644904,0.7588250765322452,1.5176501530644904,0.7588250765322452,1.5176501530644904,1.6824357199260298,1.5176501530644904,0.7588250765322452,1.5176501530644904,1.9733437688770348,1.5176501530644904,0.7588250765322452,1.5176501530644904,2.0657622104210365,1.5176501530644904,1.12162381328402,1.5176501530644904,1.1247744419730197,1.5176501530644904,0.7588250765322452,1.5176501530644904,1.6824357199260298,1.5176501530644904,0.7588250765322452,1.5176501530644904,0.7588250765322452,1.5176501530644904,0.8412178599630149,1.5176501530644904,0.800784791787514,1.5176501530644904,1.1929812954835346,1.5176501530644904,0.7588250765322452,1.5176501530644904,0.7588250765322452,1.5176501530644904,0.7588250765322452,1.5176501530644904,1.167983063993592,1.5176501530644904,0.7588250765322452,1.5176501530644904,1.0281551621770182,1.5176501530644904,0.7588250765322452
rodrigo_'rodri'_hernandez_cascante,MID,Man City,,27.173738870455125,0.7548260797348646,37.48738954883681,1.041316376356578,36,0.7548260797348644,1.2221415778616678,0.7548260797348644,0.7419603173023798,0.7548260797348644,0.8590564900908432,0.7548260797348644,1.3849930347310835,0.7548260797348644,1.5096521594697287,0.7548260797348644,1.3947612103930238,0.7548260797348644,0.9929219615844845,0.7548260797348644,1.182237549285703,0.7548260797348644,1.4396709850806844,0.7548260797348644,0.4649773472288049,0.7548260797348644,0.8194883544808252,0.7548260797348644,0.496674793660727,0.7548260797348644,1.333705249296648,0.7548260797348644,0.5404424204517717,0.7548260797348644,1.0112186230530296,0.7548260797348644,0.8567671614568484,0.7548260797348644,1.35382353852778,0.7548260797348644,0.8194883544808252,0.7548260797348644,1.182237549285703,0.7548260797348644,0.9929219615844845,0.7548260797348644,0.4649773472288049,0.7548260797348644,1.4396709850806844,0.7548260797348644,1.35382353852778,0.7548260797348644,1.0112186230530296,0.7548260797348644,0.5404424204517717,0.7548260797348644,0.8567671614568484,0.7548260797348644,1.2221415778616678,0.7548260797348644,0.7419603173023798,0.7548260797348644,0.7687518414550197,0.7548260797348644,1.5096521594697287,0.7548260797348644,1.333705249296648,0.7548260797348644,0.496674793660727,0.7548260797348644,1.3849930347310835,0.7548260797348644,1.5096521594697287,0.7548260797348644,1.3947612103930238,0.7548260797348644,0.8590564900908432
ousmane_diomande,DEF,Nott'm Forest,,31.46288959828861,0.8739691555080169,37.19335733911279,1.0331488149753552,36,0.8739691555080163,1.7479383110160327,0.8739691555080163,1.7479383110160327,0.8739691555080163,1.7479383110160327,0.8739691555080163,1.424225854525264,0.8739691555080163,0.5471479338863798,0.8739691555080163,0.6240434579604791,0.8739691555080163,0.8156970567635031,0.8739691555080163,0.4369845777540082,0.8739691555080163,1.7479383110160327,0.8739691555080163,0.4369845777540082,0.8739691555080163,0.743442961418919,0.8739691555080163,0.4369845777540082,0.8739691555080163,0.8871611669051652,0.8739691555080163,0.7575419821153081,0.8739691555080163,1.7479383110160327,0.8739691555080163,0.4369845777540082,0.8739691555080163,1.4142474866225982,0.8739691555080163,0.743442961418919,0.8739691555080163,0.4369845777540082,0.8739691555080163,1.7479383110160327,0.8739691555080163,0.4369845777540082,0.8739691555080163,0.8156970567635031,0.8739691555080163,1.4142474866225982,0.8739691555080163,1.7479383110160327,0.8739691555080163,0.7575419821153081,0.8739691555080163,0.4369845777540082,0.8739691555080163,1.7479383110160327,0.8739691555080163,1.7479383110160327,0.8739691555080163,0.9876268395761963,0.8739691555080163,0.8034549669489609,0.8739691555080163,0.8871611669051652,0.8739691555080163,0.4369845777540082,0.8739691555080163,1.424225854525264,0.8739691555080163,0.5471479338863798,0.8739691555080163,0.6240434579604791,0.8739691555080163,1.7479383110160327
sepp_van_den_berg,DEF,Brentford,,21.695917342817808,0.6026643706338279,37.01354864130418,1.0281541289251162,36,0.6026643706338275,1.205328741267655,0.6026643706338275,1.205328741267655,0.6026643706338275,0.5945922866667562,0.6026643706338275,1.205328741267655,0.6026643706338275,1.205328741267655,0.6026643706338275,1.201978459139373,0.6026643706338275,1.205328741267655,0.6026643706338275,0.4197754508512885,0.6026643706338275,1.205328741267655,0.6026643706338275,1.205328741267655,0.6026643706338275,0.8846139712438016,0.6026643706338275,0.5689032078886607,0.6026643706338275,1.205328741267655,0.6026643706338275,0.5693582174870713,0.6026643706338275,1.008936573430924,0.6026643706338275,1.205328741267655,0.6026643706338275,1.205328741267655,0.6026643706338275,0.8846139712438016,0.6026643706338275,0.4197754508512885,0.6026643706338275,1.205328741267655,0.6026643706338275,1.205328741267655,0.6026643706338275,1.205328741267655,0.6026643706338275,1.205328741267655,0.6026643706338275,1.205328741267655,0.6026643706338275,0.5693582174870713,0.6026643706338275,1.008936573430924,0.6026643706338275,1.205328741267655,0.6026643706338275,1.205328741267655,0.6026643706338275,1.205328741267655,0.6026643706338275,1.205328741267655,0.6026643706338275,1.205328741267655,0.6026643706338275,0.5689032078886607,0.6026643706338275,1.205328741267655,0.6026643706338275,1.205328741267655,0.6026643706338275,1.201978459139373,0.6026643706338275,0.5945922866667562
matt_o'riley,MID,Brighton,,22.83306093201828,0.6342516925560634,36.82466569848634,1.0229073805135096,36,0.6342516925560637,0.9141560740389398,0.6342516925560637,1.2685033851121275,0.6342516925560637,0.5186917714395306,0.6342516925560637,0.9582951411879908,0.6342516925560637,1.2685033851121275,0.6342516925560637,1.2685033851121275,0.6342516925560637,0.9472303680222064,0.6342516925560637,0.5540509233162196,0.6342516925560637,0.6028746090446776,0.6342516925560637,1.1280351226355954,0.6342516925560637,0.8575584527249921,0.6342516925560637,1.2685033851121275,0.6342516925560637,0.9557413481233371,0.6342516925560637,1.2685033851121275,0.6342516925560637,1.2685033851121275,0.6342516925560637,1.2685033851121275,0.6342516925560637,0.827671957812672,0.6342516925560637,0.8575584527249921,0.6342516925560637,0.5540509233162196,0.6342516925560637,0.9472303680222064,0.6342516925560637,1.1280351226355954,0.6342516925560637,0.6028746090446776,0.6342516925560637,0.827671957812672,0.6342516925560637,1.2685033851121275,0.6342516925560637,1.2685033851121275,0.6342516925560637,1.2685033851121275,0.6342516925560637,0.9141560740389398,0.6342516925560637,1.2685033851121275,0.6342516925560637,1.2685033851121275,0.6342516925560637,1.2685033851121275,0.6342516925560637,0.9557413481233371,0.6342516925560637,1.2685033851121275,0.6342516925560637,0.9582951411879908,0.6342516925560637,1.2685033851121275,0.6342516925560637,1.2685033851121275,0.6342516925560637,0.5186917714395306
promise_david,FWD,Brighton,,33.14027163393337,0.9205631009425935,36.8034171968537,1.0223171443570473,36,0.9205631009425932,0.6464084605633278,0.9205631009425932,0.7592054986012442,0.9205631009425932,0.6379288334245171,0.9205631009425932,1.3014951404592758,0.9205631009425932,1.8411262018851864,0.9205631009425932,0.7097990738802402,0.9205631009425932,0.8510560723802816,0.9205631009425932,1.3842960004429437,0.9205631009425932,0.6644304307583437,0.9205631009425932,0.49580767255591457,0.9205631009425932,0.5459455270840409,0.9205631009425932,0.9761213553444571,0.9205631009425932,0.9292041616106721,0.9205631009425932,1.305151025685285,0.9205631009425932,1.8411262018851864,0.9205631009425932,1.2810221831936242,0.9205631009425932,1.1930372120876696,0.9205631009425932,0.5459455270840409,0.9205631009425932,1.3842960004429437,0.9205631009425932,0.8510560723802816,0.9205631009425932,0.49580767255591457,0.9205631009425932,0.6644304307583437,0.9205631009425932,1.1930372120876696,0.9205631009425932,1.2810221831936242,0.9205631009425932,1.305151025685285,0.9205631009425932,1.8411262018851864,0.9205631009425932,0.6464084605633278,0.9205631009425932,0.7592054986012442,0.9205631009425932,0.7218062129558628,0.9205631009425932,1.3552888802134113,0.9205631009425932,0.9292041616106721,0.9205631009425932,0.9761213553444571,0.9205631009425932,1.3014951404592758,0.9205631009425932,1.8411262018851864,0.9205631009425932,0.7097990738802402,0.9205631009425932,0.6379288334245171
daniel_james,MID,Leeds,,36.0857591098361,1.0023821974954472,36.801130565682534,1.0222536268245148,36,1.0023821974954474,0.9495073530092758,1.0023821974954474,0.9670040096167918,1.0023821974954474,1.5074627216604848,1.0023821974954474,0.5011910987477237,1.0023821974954474,0.7095187780875382,1.0023821974954474,0.8214950273533577,1.0023821974954474,0.7351388672440542,1.0023821974954474,1.2946288371523622,1.0023821974954474,1.27539020179733,1.0023821974954474,1.168704550301433,1.0023821974954474,0.8120097907662073,1.0023821974954474,1.4715932835229089,1.0023821974954474,1.324435475518386,1.0023821974954474,1.3767226822809129,1.0023821974954474,1.3337765465948053,1.0023821974954474,0.51681206776634,1.0023821974954474,0.8193057975291287,1.0023821974954474,0.8120097907662073,1.0023821974954474,1.2946288371523622,1.0023821974954474,1.27539020179733,1.0023821974954474,1.168704550301433,1.0023821974954474,0.7351388672440542,1.0023821974954474,0.8193057975291287,1.0023821974954474,1.3337765465948053,1.0023821974954474,1.3767226822809129,1.0023821974954474,0.51681206776634,1.0023821974954474,0.9495073530092758,1.0023821974954474,0.9670040096167918,1.0023821974954474,1.130545289036723,1.0023821974954474,0.5011910987477237,1.0023821974954474,1.324435475518386,1.0023821974954474,1.4715932835229089,1.0023821974954474,0.5011910987477237,1.0023821974954474,0.7095187780875382,1.0023821974954474,0.8214950273533577,1.0023821974954474,1.5074627216604848
jaouen_hadjam,DEF,Brighton,,24.15716734352989,0.6710324262091636,36.67544091941011,1.0187622477613918,36,0.6710324262091639,1.15818593856109,0.6710324262091639,1.3420648524183278,0.6710324262091639,0.6416381349173201,0.6710324262091639,1.0403702568349837,0.6710324262091639,1.3420648524183278,0.6710324262091639,0.9422083399299508,0.6710324262091639,0.4126432603646474,0.6710324262091639,0.9565645883768733,0.6710324262091639,0.8718325075157867,0.6710324262091639,0.41297329303379365,0.6710324262091639,1.3420648524183278,0.6710324262091639,1.3420648524183278,0.6710324262091639,0.8883663711813861,0.6710324262091639,0.7318132001870369,0.6710324262091639,1.3420648524183278,0.6710324262091639,1.3420648524183278,0.6710324262091639,1.3420648524183278,0.6710324262091639,1.3420648524183278,0.6710324262091639,0.9565645883768733,0.6710324262091639,0.4126432603646474,0.6710324262091639,0.41297329303379365,0.6710324262091639,0.8718325075157867,0.6710324262091639,1.3420648524183278,0.6710324262091639,1.3420648524183278,0.6710324262091639,0.7318132001870369,0.6710324262091639,1.3420648524183278,0.6710324262091639,1.15818593856109,0.6710324262091639,1.3420648524183278,0.6710324262091639,1.3420648524183278,0.6710324262091639,0.43127635132945036,0.6710324262091639,0.8883663711813861,0.6710324262091639,1.3420648524183278,0.6710324262091639,1.0403702568349837,0.6710324262091639,1.3420648524183278,0.6710324262091639,0.9422083399299508,0.6710324262091639,0.6416381349173201
tino_livramento,DEF,Newcastle,,21.695917342817808,0.6026643706338279,36.539862369022906,1.014996176917303,36,0.6026643706338275,1.205328741267655,0.6026643706338275,1.205328741267655,0.6026643706338275,1.0412594497229355,0.6026643706338275,1.205328741267655,0.6026643706338275,1.205328741267655,0.6026643706338275,1.205328741267655,0.6026643706338275,1.061006409871613,0.6026643706338275,1.205328741267655,0.6026643706338275,0.7663304195767919,0.6026643706338275,0.3636464128263778,0.6026643706338275,1.205328741267655,0.6026643706338275,1.205328741267655,0.6026643706338275,0.8740295911860528,0.6026643706338275,1.1424578784700956,0.6026643706338275,0.4928339910649529,0.6026643706338275,1.205328741267655,0.6026643706338275,0.5150881303375664,0.6026643706338275,1.205328741267655,0.6026643706338275,1.205328741267655,0.6026643706338275,0.7663304195767919,0.6026643706338275,0.3636464128263778,0.6026643706338275,1.061006409871613,0.6026643706338275,0.5150881303375664,0.6026643706338275,0.4928339910649529,0.6026643706338275,1.1424578784700956,0.6026643706338275,1.205328741267655,0.6026643706338275,1.205328741267655,0.6026643706338275,1.205328741267655,0.6026643706338275,1.1253117188246804,0.6026643706338275,1.205328741267655,0.6026643706338275,0.8740295911860528,0.6026643706338275,1.205328741267655,0.6026643706338275,1.205328741267655,0.6026643706338275,1.205328741267655,0.6026643706338275,1.205328741267655,0.6026643706338275,1.0412594497229355
ronald_araujo,DEF,Liverpool,,45.77383772749453,1.2714954924304036,36.409261401648024,1.0113683722680007,36,1.2714954924304032,0.6357477462152016,1.2714954924304032,1.089845815723458,1.2714954924304032,1.3738193500718678,1.2714954924304032,0.6357477462152016,1.2714954924304032,0.6357477462152016,1.2714954924304032,0.6357477462152016,1.2714954924304032,0.6357477462152016,1.2714954924304032,1.0975353344317007,1.2714954924304032,1.5336513528475666,1.2714954924304032,0.6357477462152016,1.2714954924304032,0.6836631457857069,1.2714954924304032,0.6357477462152016,1.2714954924304032,0.7610838900472694,1.2714954924304032,2.1190586479423286,1.2714954924304032,0.6357477462152016,1.2714954924304032,2.029445731228018,1.2714954924304032,1.5435225216214874,1.2714954924304032,0.6836631457857069,1.2714954924304032,1.0975353344317007,1.2714954924304032,1.5336513528475666,1.2714954924304032,0.6357477462152016,1.2714954924304032,0.6357477462152016,1.2714954924304032,1.5435225216214874,1.2714954924304032,0.6357477462152016,1.2714954924304032,2.1190586479423286,1.2714954924304032,2.029445731228018,1.2714954924304032,0.6357477462152016,1.2714954924304032,1.089845815723458,1.2714954924304032,0.6357477462152016,1.2714954924304032,1.1382981365907836,1.2714954924304032,0.7610838900472694,1.2714954924304032,0.6357477462152016,1.2714954924304032,0.6357477462152016,1.2714954924304032,0.6357477462152016,1.2714954924304032,0.6357477462152016,1.2714954924304032,1.3738193500718678
chemsdine_talbi,MID,Sunderland,,32.767120122189006,0.9101977811719169,36.26897342630889,1.007471484064136,36,0.9101977811719172,0.4873974533892733,0.9101977811719172,0.4562920804832044,0.9101977811719172,0.8332765991683208,0.9101977811719172,0.9743752686212194,0.9101977811719172,0.7543924004112759,0.9101977811719172,0.8041812110339494,0.9101977811719172,1.1993133139303618,0.9101977811719172,1.308793098373199,0.9101977811719172,1.3687086010973737,0.9101977811719172,1.3285356000321429,0.9101977811719172,1.3591228842406793,0.9101977811719172,0.9923301685257758,0.9101977811719172,1.1601546488317187,0.9101977811719172,1.5469436752640506,0.9101977811719172,0.8407636907921539,0.9101977811719172,0.728101312538325,0.9101977811719172,0.5303475489268761,0.9101977811719172,1.3591228842406793,0.9101977811719172,1.308793098373199,0.9101977811719172,1.1993133139303618,0.9101977811719172,1.3285356000321429,0.9101977811719172,1.3687086010973737,0.9101977811719172,0.5303475489268761,0.9101977811719172,0.8407636907921539,0.9101977811719172,1.5469436752640506,0.9101977811719172,0.728101312538325,0.9101977811719172,0.4873974533892733,0.9101977811719172,0.4562920804832044,0.9101977811719172,1.510134804527216,0.9101977811719172,1.4127795104618697,0.9101977811719172,1.1601546488317187,0.9101977811719172,0.9923301685257758,0.9101977811719172,0.9743752686212194,0.9101977811719172,0.7543924004112759,0.9101977811719172,0.8041812110339494,0.9101977811719172,0.8332765991683208
junior_kroupi,MID,Bournemouth,,34.44548391662579,0.9568189976840498,36.12534465021112,1.0034817958391977,36,0.9568189976840495,0.9481006807383823,0.9568189976840495,0.47840949884202477,0.9568189976840495,1.298544952704651,0.9568189976840495,1.2504584329596498,0.9568189976840495,0.8054361583935563,0.9568189976840495,0.6956488595823284,0.9568189976840495,0.768337774866813,0.9568189976840495,1.4428260689746304,0.9568189976840495,1.1084449986572997,0.9568189976840495,1.3498100310626049,0.9568189976840495,0.9309460548265358,0.9568189976840495,0.5067092466940785,0.9568189976840495,0.47840949884202477,0.9568189976840495,1.1458583094830557,0.9568189976840495,1.2693209848158842,0.9568189976840495,1.4779943189278186,0.9568189976840495,1.3077034212924787,0.9568189976840495,0.9309460548265358,0.9568189976840495,1.4428260689746304,0.9568189976840495,1.1084449986572997,0.9568189976840495,1.3498100310626049,0.9568189976840495,0.768337774866813,0.9568189976840495,1.3077034212924787,0.9568189976840495,1.4779943189278186,0.9568189976840495,1.1458583094830557,0.9568189976840495,1.2693209848158842,0.9568189976840495,0.9481006807383823,0.9568189976840495,0.47840949884202477,0.9568189976840495,0.79613634249227,0.9568189976840495,0.8032897243912126,0.9568189976840495,0.47840949884202477,0.9568189976840495,0.5067092466940785,0.9568189976840495,0.6956488595823284,0.9568189976840495,0.8054361583935563,0.9568189976840495,1.2504584329596498,0.9568189976840495,1.298544952704651
tyler_adams,MID,Bournemouth,,34.41574022573389,0.9559927840481637,36.094150398818414,1.002615288856067,36,0.955992784048164,0.9472819953731101,0.955992784048164,0.477996392024082,0.955992784048164,1.2974236585525367,0.955992784048164,1.2493786615390152,0.955992784048164,0.8047406639076496,0.955992784048164,0.6950481664784431,0.955992784048164,0.7676743148518076,0.955992784048164,1.4415801880135675,0.955992784048164,1.1074878559012127,0.955992784048164,1.3486444694922155,0.955992784048164,0.9301421824884727,0.955992784048164,0.5062717030311064,0.955992784048164,0.477996392024082,0.955992784048164,1.1448688603162027,0.955992784048164,1.2682249255732176,0.955992784048164,1.4767180701670655,0.955992784048164,1.3065742187986098,0.955992784048164,0.9301421824884727,0.955992784048164,1.4415801880135675,0.955992784048164,1.1074878559012127,0.955992784048164,1.3486444694922155,0.955992784048164,0.7676743148518076,0.955992784048164,1.3065742187986098,0.955992784048164,1.4767180701670655,0.955992784048164,1.1448688603162027,0.955992784048164,1.2682249255732176,0.955992784048164,0.9472819953731101,0.955992784048164,0.477996392024082,0.955992784048164,0.795448878401587,0.955992784048164,0.8025960833520346,0.955992784048164,0.477996392024082,0.955992784048164,0.5062717030311064,0.955992784048164,0.6950481664784431,0.955992784048164,0.8047406639076496,0.955992784048164,1.2493786615390152,0.955992784048164,1.2974236585525367
jean_philippe_mateta,FWD,Crystal Palace,79641.0,56.35410257846082,1.5653917382905782,35.96810655516956,0.9991140709769323,36,1.565391738290577,1.9212366956139646,1.565391738290577,1.0950742421514401,1.565391738290577,0.7826958691452885,1.565391738290577,0.8190051054746066,1.565391738290577,1.6380102109492132,1.565391738290577,0.7826958691452885,1.565391738290577,1.0748291721284722,1.565391738290577,0.7826958691452885,1.565391738290577,0.7826958691452885,1.565391738290577,0.7826958691452885,1.565391738290577,1.1371419201212434,1.565391738290577,0.7826958691452885,1.565391738290577,1.001006240024519,1.565391738290577,1.0920068072994753,1.565391738290577,0.7826958691452885,1.565391738290577,0.7826958691452885,1.565391738290577,1.1614800615142462,1.565391738290577,1.1371419201212434,1.565391738290577,0.7826958691452885,1.565391738290577,1.0748291721284722,1.565391738290577,0.7826958691452885,1.565391738290577,0.7826958691452885,1.565391738290577,1.1614800615142462,1.565391738290577,0.7826958691452885,1.565391738290577,1.0920068072994753,1.565391738290577,0.7826958691452885,1.565391738290577,1.9212366956139646,1.565391738290577,1.0950742421514401,1.565391738290577,0.7826958691452885,1.565391738290577,0.7826958691452885,1.565391738290577,1.001006240024519,1.565391738290577,0.7826958691452885,1.565391738290577,0.8190051054746066,1.565391738290577,1.6380102109492132,1.565391738290577,0.7826958691452885,1.565391738290577,0.7826958691452885
hidemasa_morita,MID,Hull City,,40.389389450198166,1.1219274847277267,35.454801694774474,0.9848556026326243,36,1.1219274847277263,1.262584823757509,1.1219274847277263,1.2073149113841282,1.1219274847277263,0.9153891558311622,1.1219274847277263,0.7755744908079261,1.1219274847277263,1.3032386643837701,1.1219274847277263,0.5609637423638631,1.1219274847277263,1.39304544772743,1.1219274847277263,0.5609637423638631,1.1219274847277263,0.8988264016310334,1.1219274847277263,1.4270003169630865,1.1219274847277263,1.070201247842119,1.1219274847277263,0.6959000587514483,1.1219274847277263,1.2255266643880947,1.1219274847277263,0.7686679160623925,1.1219274847277263,1.2537423421522973,1.1219274847277263,0.7418284591682525,1.1219274847277263,0.7776468681929128,1.1219274847277263,1.070201247842119,1.1219274847277263,0.5609637423638631,1.1219274847277263,1.39304544772743,1.1219274847277263,1.4270003169630865,1.1219274847277263,0.8988264016310334,1.1219274847277263,0.7776468681929128,1.1219274847277263,1.2537423421522973,1.1219274847277263,0.7686679160623925,1.1219274847277263,0.7418284591682525,1.1219274847277263,1.262584823757509,1.1219274847277263,1.2073149113841282,1.1219274847277263,0.6716474687393386,1.1219274847277263,1.1063237184925625,1.1219274847277263,1.2255266643880947,1.1219274847277263,0.6959000587514483,1.1219274847277263,0.7755744908079261,1.1219274847277263,1.3032386643837701,1.1219274847277263,0.5609637423638631,1.1219274847277263,0.9153891558311622
mykhailo_mudryk,MID,Chelsea,,22.83306093201828,0.6342516925560634,35.429907562061686,0.984164098946158,36,0.6342516925560637,0.48454973847860594,0.6342516925560637,0.5631913792217277,0.6342516925560637,0.5175814323246927,0.6342516925560637,0.8011110776729481,0.6342516925560637,0.8928312454255739,0.6342516925560637,1.2685033851121275,0.6342516925560637,0.7731918121453377,0.6342516925560637,0.895216939260994,0.6342516925560637,0.8539832536283782,0.6342516925560637,1.232001728127386,0.6342516925560637,1.2685033851121275,0.6342516925560637,1.2685033851121275,0.6342516925560637,0.8848804865948446,0.6342516925560637,1.2685033851121275,0.6342516925560637,1.2685033851121275,0.6342516925560637,1.2685033851121275,0.6342516925560637,1.0537840655362731,0.6342516925560637,1.2685033851121275,0.6342516925560637,0.895216939260994,0.6342516925560637,0.8539832536283782,0.6342516925560637,1.232001728127386,0.6342516925560637,0.7731918121453377,0.6342516925560637,1.0537840655362731,0.6342516925560637,1.2685033851121275,0.6342516925560637,1.2685033851121275,0.6342516925560637,1.2685033851121275,0.6342516925560637,0.48454973847860594,0.6342516925560637,0.5631913792217277,0.6342516925560637,1.2685033851121275,0.6342516925560637,1.0347172387705117,0.6342516925560637,0.8848804865948446,0.6342516925560637,1.2685033851121275,0.6342516925560637,1.2685033851121275,0.6342516925560637,0.8928312454255739,0.6342516925560637,0.8011110776729481,0.6342516925560637,0.5175814323246927
daniel_munoz_mejia,DEF,Crystal Palace,14969.0,47.89479931314531,1.3304110920318142,35.36728810170913,0.9824246694919202,36,1.3304110920318133,1.037450643066742,1.3304110920318133,0.6652055460159066,1.3304110920318133,0.7244941988726507,1.3304110920318133,1.083573581483049,1.3304110920318133,0.6652055460159066,1.3304110920318133,0.6652055460159066,1.3304110920318133,2.0171832797693146,1.3304110920318133,0.6652055460159066,1.3304110920318133,1.4693164937108305,1.3304110920318133,0.6652055460159066,1.3304110920318133,0.6652055460159066,1.3304110920318133,1.931878572689595,1.3304110920318133,1.4599198889392406,1.3304110920318133,0.6652055460159066,1.3304110920318133,0.6652055460159066,1.3304110920318133,1.3077719321640693,1.3304110920318133,0.6652055460159066,1.3304110920318133,0.6652055460159066,1.3304110920318133,0.6652055460159066,1.3304110920318133,2.0171832797693146,1.3304110920318133,0.6652055460159066,1.3304110920318133,1.4693164937108305,1.3304110920318133,0.6652055460159066,1.3304110920318133,1.3077719321640693,1.3304110920318133,0.6652055460159066,1.3304110920318133,0.6652055460159066,1.3304110920318133,1.037450643066742,1.3304110920318133,0.6652055460159066,1.3304110920318133,0.6652055460159066,1.3304110920318133,0.6652055460159066,1.3304110920318133,1.4599198889392406,1.3304110920318133,1.931878572689595,1.3304110920318133,1.083573581483049,1.3304110920318133,0.6652055460159066,1.3304110920318133,0.6652055460159066,1.3304110920318133,0.7244941988726507
amario_cozier_duberry,MID,Brighton,,21.761872128200082,0.6044964480055578,35.097075616805604,0.974918767133489,36,0.6044964480055577,0.8712694127030621,0.6044964480055577,1.2089928960111154,0.6044964480055577,0.4943578978580199,0.6044964480055577,0.9133377423946246,0.6044964480055577,1.2089928960111154,0.6044964480055577,1.2089928960111154,0.6044964480055577,0.9027920613105925,0.6044964480055577,0.5280582126775317,0.6044964480055577,0.5745913870431385,0.6044964480055577,1.0751145528846282,0.6044964480055577,0.8173270086836659,0.6044964480055577,1.2089928960111154,0.6044964480055577,0.9109037578193483,0.6044964480055577,1.2089928960111154,0.6044964480055577,1.2089928960111154,0.6044964480055577,1.2089928960111154,0.6044964480055577,0.7888426069392642,0.6044964480055577,0.8173270086836659,0.6044964480055577,0.5280582126775317,0.6044964480055577,0.9027920613105925,0.6044964480055577,1.0751145528846282,0.6044964480055577,0.5745913870431385,0.6044964480055577,0.7888426069392642,0.6044964480055577,1.2089928960111154,0.6044964480055577,1.2089928960111154,0.6044964480055577,1.2089928960111154,0.6044964480055577,0.8712694127030621,0.6044964480055577,1.2089928960111154,0.6044964480055577,1.2089928960111154,0.6044964480055577,1.2089928960111154,0.6044964480055577,0.9109037578193483,0.6044964480055577,1.2089928960111154,0.6044964480055577,0.9133377423946246,0.6044964480055577,1.2089928960111154,0.6044964480055577,1.2089928960111154,0.6044964480055577,0.4943578978580199
illan_meslier,GK,Arsenal,,19.531774287665684,0.5425492857684913,34.86783409872171,0.9685509471867141,36,0.5425492857684915,0.5787192381530576,0.5425492857684915,1.085098571536983,0.5425492857684915,0.8680788572295863,0.5425492857684915,1.085098571536983,0.5425492857684915,1.085098571536983,0.5425492857684915,1.085098571536983,0.5425492857684915,0.5787192381530576,0.5425492857684915,0.8680788572295863,0.5425492857684915,0.8680788572295863,0.5425492857684915,0.8680788572295863,0.5425492857684915,1.085098571536983,0.5425492857684915,1.085098571536983,0.5425492857684915,1.085098571536983,0.5425492857684915,1.085098571536983,0.5425492857684915,1.085098571536983,0.5425492857684915,1.085098571536983,0.5425492857684915,0.8680788572295863,0.5425492857684915,1.085098571536983,0.5425492857684915,0.8680788572295863,0.5425492857684915,0.8680788572295863,0.5425492857684915,0.8680788572295863,0.5425492857684915,0.5787192381530576,0.5425492857684915,0.8680788572295863,0.5425492857684915,1.085098571536983,0.5425492857684915,1.085098571536983,0.5425492857684915,1.085098571536983,0.5425492857684915,0.5787192381530576,0.5425492857684915,1.085098571536983,0.5425492857684915,1.085098571536983,0.5425492857684915,1.085098571536983,0.5425492857684915,1.085098571536983,0.5425492857684915,1.085098571536983,0.5425492857684915,1.085098571536983,0.5425492857684915,1.085098571536983,0.5425492857684915,1.085098571536983,0.5425492857684915,0.8680788572295863
kepa_arrizabalaga_revuelta,GK,Arsenal,,19.531774287665684,0.5425492857684913,34.86783409872171,0.9685509471867141,36,0.5425492857684915,0.5787192381530576,0.5425492857684915,1.085098571536983,0.5425492857684915,0.8680788572295863,0.5425492857684915,1.085098571536983,0.5425492857684915,1.085098571536983,0.5425492857684915,1.085098571536983,0.5425492857684915,0.5787192381530576,0.5425492857684915,0.8680788572295863,0.5425492857684915,0.8680788572295863,0.5425492857684915,0.8680788572295863,0.5425492857684915,1.085098571536983,0.5425492857684915,1.085098571536983,0.5425492857684915,1.085098571536983,0.5425492857684915,1.085098571536983,0.5425492857684915,1.085098571536983,0.5425492857684915,1.085098571536983,0.5425492857684915,0.8680788572295863,0.5425492857684915,1.085098571536983,0.5425492857684915,0.8680788572295863,0.5425492857684915,0.8680788572295863,0.5425492857684915,0.8680788572295863,0.5425492857684915,0.5787192381530576,0.5425492857684915,0.8680788572295863,0.5425492857684915,1.085098571536983,0.5425492857684915,1.085098571536983,0.5425492857684915,1.085098571536983,0.5425492857684915,0.5787192381530576,0.5425492857684915,1.085098571536983,0.5425492857684915,1.085098571536983,0.5425492857684915,1.085098571536983,0.5425492857684915,1.085098571536983,0.5425492857684915,1.085098571536983,0.5425492857684915,1.085098571536983,0.5425492857684915,1.085098571536983,0.5425492857684915,1.085098571536983,0.5425492857684915,0.8680788572295863
destiny_udogie,DEF,Spurs,,36.98272001878461,1.0272977782995725,34.53105242019667,0.9591959005610187,36,1.0272977782995727,1.2451591154435095,1.0272977782995727,0.6385798034421808,1.0272977782995727,2.0545955565991454,1.0272977782995727,1.6776272406364579,1.0272977782995727,1.6884250934869782,1.0272977782995727,0.5136488891497863,1.0272977782995727,1.2005695891605115,1.0272977782995727,0.8325328073960024,1.0272977782995727,0.5260454973215257,1.0272977782995727,0.7478439703129269,1.0272977782995727,1.1921581949877882,1.0272977782995727,0.5136488891497863,1.0272977782995727,0.6266948517463197,1.0272977782995727,0.6772827473353354,1.0272977782995727,1.502790553481887,1.0272977782995727,0.5136488891497863,1.0272977782995727,0.5136488891497863,1.0272977782995727,1.1921581949877882,1.0272977782995727,0.8325328073960024,1.0272977782995727,1.2005695891605115,1.0272977782995727,0.7478439703129269,1.0272977782995727,0.5260454973215257,1.0272977782995727,0.5136488891497863,1.0272977782995727,0.5136488891497863,1.0272977782995727,0.6772827473353354,1.0272977782995727,1.502790553481887,1.0272977782995727,1.2451591154435095,1.0272977782995727,0.6385798034421808,1.0272977782995727,0.6876023751474637,1.0272977782995727,0.5136488891497863,1.0272977782995727,0.6266948517463197,1.0272977782995727,0.5136488891497863,1.0272977782995727,0.5136488891497863,1.0272977782995727,1.6884250934869782,1.0272977782995727,1.6776272406364579,1.0272977782995727,2.0545955565991454
ryan_mcaidoo,MID,Man City,,24.94035264847243,0.6927875735686786,34.406333249753146,0.9557314791598096,36,0.6927875735686781,1.1216948129052215,0.6927875735686781,0.6809792370829504,0.6927875735686781,0.7884513761600646,0.6927875735686781,1.2711616486249357,0.6927875735686781,1.3855751471373563,0.6927875735686781,1.28012698633214,0.6927875735686781,0.9113145597073027,0.6927875735686781,1.0850704621111045,0.6927875735686781,1.3213456652711466,0.6927875735686781,0.426761259049494,0.6927875735686781,0.7521353115779699,0.6927875735686781,0.45585351962640447,0.6927875735686781,1.2240891621558483,0.6927875735686781,0.49602392282190344,0.6927875735686781,0.9281074343091622,0.6927875735686781,0.786350205477139,0.6927875735686781,1.2425539465015145,0.6927875735686781,0.7521353115779699,0.6927875735686781,1.0850704621111045,0.6927875735686781,0.9113145597073027,0.6927875735686781,0.426761259049494,0.6927875735686781,1.3213456652711466,0.6927875735686781,1.2425539465015145,0.6927875735686781,0.9281074343091622,0.6927875735686781,0.49602392282190344,0.6927875735686781,0.786350205477139,0.6927875735686781,1.1216948129052215,0.6927875735686781,0.6809792370829504,0.6927875735686781,0.7055687889124707,0.6927875735686781,1.3855751471373563,0.6927875735686781,1.2240891621558483,0.6927875735686781,0.45585351962640447,0.6927875735686781,1.2711616486249357,0.6927875735686781,1.3855751471373563,0.6927875735686781,1.28012698633214,0.6927875735686781,0.7884513761600646
evann_guessand,MID,Crystal Palace,,47.05335035762675,1.3070375099340763,34.38200605743482,0.9550557238176339,36,1.3070375099340756,1.297709657054434,1.3070375099340756,1.3871354339279043,1.3070375099340756,0.7386812420851935,1.3070375099340756,1.065660904845173,1.3070375099340756,0.8950131186935074,1.3070375099340756,0.9115056051891325,1.3070375099340756,1.2203273512500803,1.3070375099340756,1.248423323626909,1.3070375099340756,1.1016301254344896,1.3070375099340756,0.6535187549670378,1.3070375099340756,1.202192861849927,1.3070375099340756,1.2572282908865595,1.3070375099340756,0.6687979954395682,1.3070375099340756,0.7743476910342095,1.3070375099340756,0.6535187549670378,1.3070375099340756,0.6929476935166877,1.3070375099340756,0.6535187549670378,1.3070375099340756,1.202192861849927,1.3070375099340756,1.248423323626909,1.3070375099340756,1.2203273512500803,1.3070375099340756,0.6535187549670378,1.3070375099340756,1.1016301254344896,1.3070375099340756,0.6535187549670378,1.3070375099340756,0.6929476935166877,1.3070375099340756,0.7743476910342095,1.3070375099340756,0.6535187549670378,1.3070375099340756,1.297709657054434,1.3070375099340756,1.3871354339279043,1.3070375099340756,0.7722841057377816,1.3070375099340756,0.7654068322272654,1.3070375099340756,0.6687979954395682,1.3070375099340756,1.2572282908865595,1.3070375099340756,1.065660904845173,1.3070375099340756,0.8950131186935074,1.3070375099340756,0.9115056051891325,1.3070375099340756,0.7386812420851935
lucas_gourna_douath,MID,Hull City,,39.15269483731673,1.0875748565921315,34.369200677933854,0.9547000188314959,36,1.087574856592131,1.2239253671254133,1.087574856592131,1.1703477804795819,1.087574856592131,0.8873605856270408,1.087574856592131,0.7518269470166764,1.087574856592131,1.263334415830335,1.087574856592131,0.5437874282960655,1.087574856592131,1.3503913788208486,1.087574856592131,0.5437874282960655,1.087574856592131,0.8713049712765757,1.087574856592131,1.3833065739134578,1.087574856592131,1.0374324405904698,1.087574856592131,0.6745920898646455,1.087574856592131,1.1880019024537727,1.087574856592131,0.7451318467177124,1.087574856592131,1.2153536360691584,1.087574856592131,0.7191141950601821,1.087574856592131,0.7538358696680622,1.087574856592131,1.0374324405904698,1.087574856592131,0.5437874282960655,1.087574856592131,1.3503913788208486,1.087574856592131,1.3833065739134578,1.087574856592131,0.8713049712765757,1.087574856592131,0.7538358696680622,1.087574856592131,1.2153536360691584,1.087574856592131,0.7451318467177124,1.087574856592131,0.7191141950601821,1.087574856592131,1.2239253671254133,1.087574856592131,1.1703477804795819,1.087574856592131,0.6510820970500838,1.087574856592131,1.0724488666716472,1.087574856592131,1.1880019024537727,1.087574856592131,0.6745920898646455,1.087574856592131,0.7518269470166764,1.087574856592131,1.263334415830335,1.087574856592131,0.5437874282960655,1.087574856592131,0.8873605856270408
callum_hudson_odoi,MID,Nott'm Forest,,29.159739761222255,0.8099927711450626,34.29144495612507,0.9525401376701408,36,0.809992771145063,1.2517732675506181,0.809992771145063,1.2896250863573717,0.809992771145063,1.1300174009332133,0.809992771145063,1.4575617989124212,0.809992771145063,0.4299276801691361,0.809992771145063,1.4228797321345485,0.809992771145063,0.45923579526975383,0.809992771145063,0.7851301623299813,0.809992771145063,0.7108038655910537,0.809992771145063,1.2331714808836731,0.809992771145063,0.4997042489803021,0.809992771145063,0.9180761989313541,0.809992771145063,0.7943014130046567,0.809992771145063,0.7921846523611027,0.809992771145063,0.6860318677812939,0.809992771145063,0.9349936708617461,0.809992771145063,1.3311495936553228,0.809992771145063,0.4997042489803021,0.809992771145063,0.7851301623299813,0.809992771145063,0.7108038655910537,0.809992771145063,1.2331714808836731,0.809992771145063,0.45923579526975383,0.809992771145063,1.3311495936553228,0.809992771145063,0.6860318677812939,0.809992771145063,0.7921846523611027,0.809992771145063,0.9349936708617461,0.809992771145063,1.2517732675506181,0.809992771145063,1.2896250863573717,0.809992771145063,0.7577158957685627,0.809992771145063,1.2805932289414101,0.809992771145063,0.7943014130046567,0.809992771145063,0.9180761989313541,0.809992771145063,1.4575617989124212,0.809992771145063,0.4299276801691361,0.809992771145063,1.4228797321345485,0.809992771145063,1.1300174009332133
luca_netz,DEF,Nott'm Forest,,28.738927285345092,0.7983035357040303,33.97326837153449,0.9437018992092914,36,0.798303535704031,1.596607071408062,0.798303535704031,1.596607071408062,0.798303535704031,1.596607071408062,0.798303535704031,1.3009206653840366,0.798303535704031,0.49977751208022586,0.798303535704031,0.5700156530504135,0.798303535704031,0.7450764599342928,0.798303535704031,0.3991517678520155,0.798303535704031,1.596607071408062,0.798303535704031,0.3991517678520155,0.798303535704031,0.6790779067597824,0.798303535704031,0.3991517678520155,0.798303535704031,0.8103534224477689,0.798303535704031,0.6919562766667264,0.798303535704031,1.596607071408062,0.798303535704031,0.3991517678520155,0.798303535704031,1.2918061945505397,0.798303535704031,0.6790779067597824,0.798303535704031,0.3991517678520155,0.798303535704031,1.596607071408062,0.798303535704031,0.3991517678520155,0.798303535704031,0.7450764599342928,0.798303535704031,1.2918061945505397,0.798303535704031,1.596607071408062,0.798303535704031,0.6919562766667264,0.798303535704031,0.3991517678520155,0.798303535704031,1.596607071408062,0.798303535704031,1.596607071408062,0.798303535704031,0.9021210794694271,0.798303535704031,0.7338942534207521,0.798303535704031,0.8103534224477689,0.798303535704031,0.3991517678520155,0.798303535704031,1.3009206653840366,0.798303535704031,0.49977751208022586,0.798303535704031,0.5700156530504135,0.798303535704031,1.596607071408062
amad_diallo,MID,Man Utd,,26.325735463106746,0.731270429530743,33.69593017100656,0.9359980603057377,36,0.7312704295307436,0.7578755356686036,0.7312704295307436,0.7511265720333327,0.7312704295307436,1.2734981779055072,0.7312704295307436,1.1975596003444424,0.7312704295307436,0.7248996034935199,0.7312704295307436,0.6800193096199713,0.7312704295307436,1.1797634476512722,0.7312704295307436,1.2337720760200286,0.7312704295307436,1.2251313837814166,0.7312704295307436,0.4393465252083837,0.7312704295307436,0.8944995677953299,0.7312704295307436,1.0810769187392975,0.7312704295307436,1.3944355344785326,0.7312704295307436,0.4113077297519011,0.7312704295307436,1.0457787789495785,0.7312704295307436,0.7599006204791138,0.7312704295307436,0.8783147830192165,0.7312704295307436,0.8944995677953299,0.7312704295307436,1.2337720760200286,0.7312704295307436,1.2251313837814166,0.7312704295307436,0.4393465252083837,0.7312704295307436,1.1797634476512722,0.7312704295307436,0.8783147830192165,0.7312704295307436,1.0457787789495785,0.7312704295307436,0.4113077297519011,0.7312704295307436,0.7599006204791138,0.7312704295307436,0.7578755356686036,0.7312704295307436,0.7511265720333327,0.7312704295307436,0.4780623106532922,0.7312704295307436,1.3612555304743739,0.7312704295307436,1.3944355344785326,0.7312704295307436,1.0810769187392975,0.7312704295307436,0.6800193096199713,0.7312704295307436,0.7248996034935199,0.7312704295307436,1.1975596003444424,0.7312704295307436,1.2734981779055072
ellis_simms,FWD,Coventry City,14970.0,50.75381991950107,1.409828331097252,33.59474210291102,0.9331872806364172,36,1.409828331097252,0.704914165548626,1.409828331097252,1.4112427686317623,1.409828331097252,0.7056213843158812,1.409828331097252,0.704914165548626,1.409828331097252,0.9260289627875832,1.409828331097252,1.6552591524713367,1.409828331097252,0.9408285124211749,1.409828331097252,0.704914165548626,1.409828331097252,1.7327806029330066,1.409828331097252,0.704914165548626,1.409828331097252,0.943471289141459,1.409828331097252,0.8624261363860768,1.409828331097252,0.704914165548626,1.409828331097252,0.704914165548626,1.409828331097252,0.9797150841624995,1.409828331097252,1.0006838338157196,1.409828331097252,0.704914165548626,1.409828331097252,0.943471289141459,1.409828331097252,0.704914165548626,1.409828331097252,0.9408285124211749,1.409828331097252,0.704914165548626,1.409828331097252,1.7327806029330066,1.409828331097252,0.704914165548626,1.409828331097252,1.0006838338157196,1.409828331097252,0.704914165548626,1.409828331097252,0.9797150841624995,1.409828331097252,0.704914165548626,1.409828331097252,1.4112427686317623,1.409828331097252,0.704914165548626,1.409828331097252,0.704914165548626,1.409828331097252,0.704914165548626,1.409828331097252,0.8624261363860768,1.409828331097252,0.704914165548626,1.409828331097252,0.9260289627875832,1.409828331097252,1.6552591524713367,1.409828331097252,0.7056213843158812
kim_ji_soo,DEF,Brentford,,19.537616713416362,0.5427115753726768,33.33145656533333,0.9258737934814815,36,0.5427115753726766,1.0854231507453531,0.5427115753726766,1.0854231507453531,0.5427115753726766,0.5354424988853733,0.5427115753726766,1.0854231507453531,0.5427115753726766,1.0854231507453531,0.5427115753726766,1.0824061532582268,0.5427115753726766,1.0854231507453531,0.5427115753726766,0.3780163675424867,0.5427115753726766,1.0854231507453531,0.5427115753726766,1.0854231507453531,0.5427115753726766,0.7966129496347826,0.5427115753726766,0.5123089587378608,0.5427115753726766,1.0854231507453531,0.5427115753726766,0.5127187041749494,0.5427115753726766,0.9085679922341044,0.5427115753726766,1.0854231507453531,0.5427115753726766,1.0854231507453531,0.5427115753726766,0.7966129496347826,0.5427115753726766,0.3780163675424867,0.5427115753726766,1.0854231507453531,0.5427115753726766,1.0854231507453531,0.5427115753726766,1.0854231507453531,0.5427115753726766,1.0854231507453531,0.5427115753726766,1.0854231507453531,0.5427115753726766,0.5127187041749494,0.5427115753726766,0.9085679922341044,0.5427115753726766,1.0854231507453531,0.5427115753726766,1.0854231507453531,0.5427115753726766,1.0854231507453531,0.5427115753726766,1.0854231507453531,0.5427115753726766,1.0854231507453531,0.5427115753726766,0.5123089587378608,0.5427115753726766,1.0854231507453531,0.5427115753726766,1.0854231507453531,0.5427115753726766,1.0824061532582268,0.5427115753726766,0.5354424988853733
jannik_schuster,DEF,Brentford,,19.537616713416362,0.5427115753726768,33.33145656533333,0.9258737934814815,36,0.5427115753726766,1.0854231507453531,0.5427115753726766,1.0854231507453531,0.5427115753726766,0.5354424988853733,0.5427115753726766,1.0854231507453531,0.5427115753726766,1.0854231507453531,0.5427115753726766,1.0824061532582268,0.5427115753726766,1.0854231507453531,0.5427115753726766,0.3780163675424867,0.5427115753726766,1.0854231507453531,0.5427115753726766,1.0854231507453531,0.5427115753726766,0.7966129496347826,0.5427115753726766,0.5123089587378608,0.5427115753726766,1.0854231507453531,0.5427115753726766,0.5127187041749494,0.5427115753726766,0.9085679922341044,0.5427115753726766,1.0854231507453531,0.5427115753726766,1.0854231507453531,0.5427115753726766,0.7966129496347826,0.5427115753726766,0.3780163675424867,0.5427115753726766,1.0854231507453531,0.5427115753726766,1.0854231507453531,0.5427115753726766,1.0854231507453531,0.5427115753726766,1.0854231507453531,0.5427115753726766,1.0854231507453531,0.5427115753726766,0.5127187041749494,0.5427115753726766,0.9085679922341044,0.5427115753726766,1.0854231507453531,0.5427115753726766,1.0854231507453531,0.5427115753726766,1.0854231507453531,0.5427115753726766,1.0854231507453531,0.5427115753726766,1.0854231507453531,0.5427115753726766,0.5123089587378608,0.5427115753726766,1.0854231507453531,0.5427115753726766,1.0854231507453531,0.5427115753726766,1.0824061532582268,0.5427115753726766,0.5354424988853733
nathan_patterson,DEF,Everton,,19.537616713416362,0.5427115753726768,33.31477346038235,0.9254103738995096,36,0.5427115753726766,1.0854231507453531,0.5427115753726766,1.0854231507453531,0.5427115753726766,0.9069643634743797,0.5427115753726766,1.0804956989478125,0.5427115753726766,0.5344974391895325,0.5427115753726766,0.7952069222958023,0.5427115753726766,0.5118137521331743,0.5427115753726766,1.0854231507453531,0.5427115753726766,1.0854231507453531,0.5427115753726766,1.0854231507453531,0.5427115753726766,1.0854231507453531,0.5427115753726766,1.0854231507453531,0.5427115753726766,0.3773491660519882,0.5427115753726766,1.0854231507453531,0.5427115753726766,1.0854231507453531,0.5427115753726766,0.5114047298996023,0.5427115753726766,1.0854231507453531,0.5427115753726766,1.0854231507453531,0.5427115753726766,1.0854231507453531,0.5427115753726766,1.0854231507453531,0.5427115753726766,1.0854231507453531,0.5427115753726766,0.5118137521331743,0.5427115753726766,1.0854231507453531,0.5427115753726766,1.0854231507453531,0.5427115753726766,1.0854231507453531,0.5427115753726766,0.5114047298996023,0.5427115753726766,1.0854231507453531,0.5427115753726766,1.0854231507453531,0.5427115753726766,1.0854231507453531,0.5427115753726766,1.0854231507453531,0.5427115753726766,0.3773491660519882,0.5427115753726766,1.0854231507453531,0.5427115753726766,1.0804956989478125,0.5427115753726766,0.5344974391895325,0.5427115753726766,0.7952069222958023,0.5427115753726766,0.9069643634743797
leny_yoro,DEF,Man Utd,,33.83230405632455,0.9397862237867931,33.036535014266256,0.9176815281740627,36,0.939786223786793,0.6048964018665162,0.939786223786793,0.4698931118933965,0.939786223786793,1.1292749922822878,0.939786223786793,1.879572447573586,0.939786223786793,0.7886188960488608,0.939786223786793,1.4235223125757541,0.939786223786793,0.4698931118933965,0.939786223786793,1.879572447573586,0.939786223786793,0.6415578674756937,0.939786223786793,0.6513331621193853,0.939786223786793,0.4698931118933965,0.939786223786793,1.599365119858325,0.939786223786793,1.1372427075816678,0.939786223786793,0.4698931118933965,0.939786223786793,1.179480253874439,0.939786223786793,0.7083971719140317,0.939786223786793,0.4698931118933965,0.939786223786793,0.4698931118933965,0.939786223786793,1.879572447573586,0.939786223786793,0.6415578674756937,0.939786223786793,0.6513331621193853,0.939786223786793,0.4698931118933965,0.939786223786793,0.4698931118933965,0.939786223786793,1.179480253874439,0.939786223786793,0.4698931118933965,0.939786223786793,0.7083971719140317,0.939786223786793,0.6048964018665162,0.939786223786793,0.4698931118933965,0.939786223786793,0.5936383500483542,0.939786223786793,0.4982979837956685,0.939786223786793,1.1372427075816678,0.939786223786793,1.599365119858325,0.939786223786793,1.4235223125757541,0.939786223786793,0.7886188960488608,0.939786223786793,1.879572447573586,0.939786223786793,1.1292749922822878
hugo_ekitike,FWD,Liverpool,,28.878485249334375,0.8021801458148438,32.85302922862524,0.91258414523959,36,0.8021801458148433,1.060668056960138,0.8021801458148433,1.6043602916296866,0.8021801458148433,0.44367814147352186,0.8021801458148433,0.6916348935034189,0.8021801458148433,1.1249874689992836,0.8021801458148433,1.586545496965585,0.8021801458148433,0.5184309883769637,0.8021801458148433,1.6043602916296866,0.8021801458148433,0.9695555814789685,0.8021801458148433,0.7551441581999117,0.8021801458148433,1.0576969979770567,0.8021801458148433,1.1014140087281148,0.8021801458148433,0.5253221982554115,0.8021801458148433,1.0410590676717995,0.8021801458148433,0.5399682642915657,0.8021801458148433,0.5865963235907239,0.8021801458148433,0.6169899154866163,0.8021801458148433,1.0576969979770567,0.8021801458148433,1.6043602916296866,0.8021801458148433,0.9695555814789685,0.8021801458148433,0.7551441581999117,0.8021801458148433,0.5184309883769637,0.8021801458148433,0.6169899154866163,0.8021801458148433,0.5399682642915657,0.8021801458148433,1.0410590676717995,0.8021801458148433,0.5865963235907239,0.8021801458148433,1.060668056960138,0.8021801458148433,1.6043602916296866,0.8021801458148433,0.40293218970554534,0.8021801458148433,0.7932727484827925,0.8021801458148433,0.5253221982554115,0.8021801458148433,1.1014140087281148,0.8021801458148433,0.6916348935034189,0.8021801458148433,1.1249874689992836,0.8021801458148433,1.586545496965585,0.8021801458148433,0.44367814147352186
tijjani_reijnders,MID,Man City,,23.5378663473698,0.6538296207602722,32.471540597296155,0.9019872388137821,36,0.6538296207602718,1.0586178535979198,0.6538296207602718,0.6426853097754448,0.6538296207602718,0.7441139014765327,0.6538296207602718,1.1996796281494675,0.6538296207602718,1.3076592415205437,0.6538296207602718,1.2081408124673298,0.6538296207602718,0.860068043509259,0.6538296207602718,1.0240530226109004,0.6538296207602718,1.2470416158984676,0.6538296207602718,0.40276292878952136,0.6538296207602718,0.7098400206519906,0.6538296207602718,0.43021922625467024,0.6538296207602718,1.1552541979735387,0.6538296207602718,0.468130702281595,0.6538296207602718,0.8759165939903975,0.6538296207602718,0.7421308872263014,0.6538296207602718,1.1726806406621073,0.6538296207602718,0.7098400206519906,0.6538296207602718,1.0240530226109004,0.6538296207602718,0.860068043509259,0.6538296207602718,0.40276292878952136,0.6538296207602718,1.2470416158984676,0.6538296207602718,1.1726806406621073,0.6538296207602718,0.8759165939903975,0.6538296207602718,0.468130702281595,0.6538296207602718,0.7421308872263014,0.6538296207602718,1.0586178535979198,0.6538296207602718,0.6426853097754448,0.6538296207602718,0.6658921021036368,0.6538296207602718,1.3076592415205437,0.6538296207602718,1.1552541979735387,0.6538296207602718,0.43021922625467024,0.6538296207602718,1.1996796281494675,0.6538296207602718,1.3076592415205437,0.6538296207602718,1.2081408124673298,0.6538296207602718,0.7441139014765327
trey_nyoni,MID,Liverpool,,26.210081454666412,0.7280578181851781,32.32359973743351,0.8978777704842642,36,0.7280578181851785,1.35564618305955,0.7280578181851785,1.2682504536156174,0.7280578181851785,0.6772171431853432,0.7280578181851785,0.7480313927663127,0.7280578181851785,0.4375361029619958,0.7280578181851785,0.8746954972589498,0.7280578181851785,0.4096128474179599,0.7280578181851785,1.3886894616910526,0.7280578181851785,0.6536156654784523,0.7280578181851785,0.7547525458392955,0.7280578181851785,0.75676928585047,0.7280578181851785,1.1749019775620524,0.7280578181851785,0.7219124981148214,0.7280578181851785,1.1926247973644695,0.7280578181851785,0.4760923516512133,0.7280578181851785,1.2286880517129295,0.7280578181851785,1.0766221078065972,0.7280578181851785,0.75676928585047,0.7280578181851785,1.3886894616910526,0.7280578181851785,0.6536156654784523,0.7280578181851785,0.7547525458392955,0.7280578181851785,0.4096128474179599,0.7280578181851785,1.0766221078065972,0.7280578181851785,0.4760923516512133,0.7280578181851785,1.1926247973644695,0.7280578181851785,1.2286880517129295,0.7280578181851785,1.35564618305955,0.7280578181851785,1.2682504536156174,0.7280578181851785,0.8908135891338325,0.7280578181851785,1.04146942162551,0.7280578181851785,0.7219124981148214,0.7280578181851785,1.1749019775620524,0.7280578181851785,0.7480313927663127,0.7280578181851785,0.4375361029619958,0.7280578181851785,0.8746954972589498,0.7280578181851785,0.6772171431853432
marco_palestra,DEF,Chelsea,,31.46288959828861,0.8739691555080169,32.09510000937559,0.8915305558159887,36,0.8739691555080163,0.4369845777540082,0.8739691555080163,0.5461726910783254,0.8739691555080163,0.5992543876491865,0.8739691555080163,1.3097014574718955,0.8739691555080163,0.5565305806205424,0.8739691555080163,1.7479383110160327,0.8739691555080163,1.462073897833166,0.8739691555080163,0.6517557191260416,0.8739691555080163,0.7255631389972371,0.8739691555080163,1.0851723179270278,0.8739691555080163,1.0463119674773154,0.8739691555080163,0.5902606981727674,0.8739691555080163,0.4369845777540082,0.8739691555080163,1.7479383110160327,0.8739691555080163,1.4714843666327782,0.8739691555080163,0.4584554733473938,0.8739691555080163,0.4369845777540082,0.8739691555080163,1.0463119674773154,0.8739691555080163,0.6517557191260416,0.8739691555080163,0.7255631389972371,0.8739691555080163,1.0851723179270278,0.8739691555080163,1.462073897833166,0.8739691555080163,0.4369845777540082,0.8739691555080163,0.4584554733473938,0.8739691555080163,1.7479383110160327,0.8739691555080163,1.4714843666327782,0.8739691555080163,0.4369845777540082,0.8739691555080163,0.5461726910783254,0.8739691555080163,1.0389813283660552,0.8739691555080163,0.4369845777540082,0.8739691555080163,0.4369845777540082,0.8739691555080163,0.5902606981727674,0.8739691555080163,1.7479383110160327,0.8739691555080163,0.5565305806205424,0.8739691555080163,1.3097014574718955,0.8739691555080163,0.5992543876491865
mark_travers,GK,Everton,,19.512765960797562,0.5420212766888212,32.03947991093919,0.8899855530816443,36,0.5420212766888208,1.0840425533776417,0.5420212766888208,1.0840425533776417,0.5420212766888208,0.7226950355850944,0.5420212766888208,0.7226950355850944,0.5420212766888208,0.481796690390063,0.5420212766888208,0.7226950355850944,0.5420212766888208,0.7226950355850944,0.5420212766888208,1.0840425533776417,0.5420212766888208,1.0840425533776417,0.5420212766888208,0.481796690390063,0.5420212766888208,1.0840425533776417,0.5420212766888208,1.0840425533776417,0.5420212766888208,0.7226950355850944,0.5420212766888208,1.0840425533776417,0.5420212766888208,1.0840425533776417,0.5420212766888208,0.7226950355850944,0.5420212766888208,0.963593380780126,0.5420212766888208,1.0840425533776417,0.5420212766888208,1.0840425533776417,0.5420212766888208,1.0840425533776417,0.5420212766888208,0.481796690390063,0.5420212766888208,0.7226950355850944,0.5420212766888208,0.963593380780126,0.5420212766888208,1.0840425533776417,0.5420212766888208,1.0840425533776417,0.5420212766888208,0.7226950355850944,0.5420212766888208,1.0840425533776417,0.5420212766888208,1.0840425533776417,0.5420212766888208,1.0840425533776417,0.5420212766888208,1.0840425533776417,0.5420212766888208,0.7226950355850944,0.5420212766888208,1.0840425533776417,0.5420212766888208,0.7226950355850944,0.5420212766888208,0.481796690390063,0.5420212766888208,0.7226950355850944,0.5420212766888208,0.7226950355850944
vitor_de_oliveira_nunes_dos_reis,DEF,Man City,,22.163258663691412,0.6156460739914281,31.979819423508307,0.8883283173196752,36,0.6156460739914285,1.231292147982857,0.6156460739914285,1.231292147982857,0.6156460739914285,0.9099653347757624,0.6156460739914285,0.8241074961919679,0.6156460739914285,0.6400842770413259,0.6156460739914285,1.231292147982857,0.6156460739914285,0.3078230369957142,0.6156460739914285,1.231292147982857,0.6156460739914285,1.231292147982857,0.6156460739914285,0.5612121803839152,0.6156460739914285,1.0130134424656918,0.6156460739914285,0.8366642646484888,0.6156460739914285,0.3772181363702901,0.6156460739914285,0.7625529030246286,0.6156460739914285,0.3612092698537714,0.6156460739914285,0.7770143341226057,0.6156460739914285,1.231292147982857,0.6156460739914285,1.0130134424656918,0.6156460739914285,1.231292147982857,0.6156460739914285,0.3078230369957142,0.6156460739914285,0.5612121803839152,0.6156460739914285,1.231292147982857,0.6156460739914285,1.231292147982857,0.6156460739914285,0.3612092698537714,0.6156460739914285,0.7625529030246286,0.6156460739914285,0.7770143341226057,0.6156460739914285,1.231292147982857,0.6156460739914285,1.231292147982857,0.6156460739914285,1.231292147982857,0.6156460739914285,1.231292147982857,0.6156460739914285,0.3772181363702901,0.6156460739914285,0.8366642646484888,0.6156460739914285,0.8241074961919679,0.6156460739914285,0.6400842770413259,0.6156460739914285,1.231292147982857,0.6156460739914285,0.9099653347757624
daniel_jebbison,FWD,Bournemouth,,25.808062287545194,0.7168906190984776,31.743381565839027,0.8817605990510841,36,0.7168906190984774,0.40055129530702666,0.7168906190984774,1.1183400071390102,0.7168906190984774,0.5734298886195536,0.7168906190984774,1.0949058405776697,0.7168906190984774,1.0514471501809453,0.7168906190984774,0.963826554332533,0.7168906190984774,0.5222181109891203,0.7168906190984774,1.0544006534117902,0.7168906190984774,0.7885853626357089,0.7168906190984774,1.4337812381969548,0.7168906190984774,1.4337812381969548,0.7168906190984774,0.5367776345809707,0.7168906190984774,0.5153676207240908,0.7168906190984774,0.6133441709388847,0.7168906190984774,1.034907532088211,0.7168906190984774,1.4337812381969548,0.7168906190984774,0.5831301723704667,0.7168906190984774,1.4337812381969548,0.7168906190984774,1.0544006534117902,0.7168906190984774,0.7885853626357089,0.7168906190984774,1.4337812381969548,0.7168906190984774,0.5222181109891203,0.7168906190984774,0.5831301723704667,0.7168906190984774,1.4337812381969548,0.7168906190984774,0.6133441709388847,0.7168906190984774,1.034907532088211,0.7168906190984774,0.40055129530702666,0.7168906190984774,1.1183400071390102,0.7168906190984774,0.6875480776921388,0.7168906190984774,0.7506820711731935,0.7168906190984774,0.5153676207240908,0.7168906190984774,0.5367776345809707,0.7168906190984774,0.963826554332533,0.7168906190984774,1.0514471501809453,0.7168906190984774,1.0949058405776697,0.7168906190984774,0.5734298886195536
ephron_mason_clark,MID,Coventry City,,50.98218537609959,1.4161718160027663,31.523033572465103,0.875639821457364,36,1.416171816002767,0.7080859080013835,1.416171816002767,0.7590027294359118,1.416171816002767,0.9037180780225109,1.416171816002767,0.7729889403683697,1.416171816002767,1.034880686169351,1.416171816002767,1.1005036140223914,1.416171816002767,0.7080859080013835,1.416171816002767,0.7080859080013835,1.416171816002767,1.2050125958866784,1.416171816002767,0.7080859080013835,1.416171816002767,1.1763398306221775,1.416171816002767,0.7080859080013835,1.416171816002767,1.0661739860303876,1.416171816002767,0.7080859080013835,1.416171816002767,1.0195019987912988,1.416171816002767,0.7080859080013835,1.416171816002767,1.0587070628724076,1.416171816002767,1.1763398306221775,1.416171816002767,0.7080859080013835,1.416171816002767,0.7080859080013835,1.416171816002767,0.7080859080013835,1.416171816002767,1.2050125958866784,1.416171816002767,1.0587070628724076,1.416171816002767,0.7080859080013835,1.416171816002767,0.7080859080013835,1.416171816002767,1.0195019987912988,1.416171816002767,0.7080859080013835,1.416171816002767,0.7590027294359118,1.416171816002767,0.7080859080013835,1.416171816002767,0.7080859080013835,1.416171816002767,1.0661739860303876,1.416171816002767,0.7080859080013835,1.416171816002767,0.7729889403683697,1.416171816002767,1.034880686169351,1.416171816002767,1.1005036140223914,1.416171816002767,0.9037180780225109
romaine_mundle,MID,Sunderland,,28.412325622810624,0.7892312673002951,31.448777895361527,0.8735771637600425,36,0.7892312673002955,0.4226216738543081,0.7892312673002955,0.39565024699926044,0.7892312673002955,0.722533014227463,0.7892312673002955,0.8448794800289032,0.7892312673002955,0.6541326319777597,0.7892312673002955,0.6973044424545038,0.7892312673002955,1.0399229554533442,0.7892312673002955,1.134852728747599,0.7892312673002955,1.1868053802746663,0.7892312673002955,1.1519714252839768,0.7892312673002955,1.1784936181288062,0.7892312673002955,0.8604481494972882,0.7892312673002955,1.005968529809944,0.7892312673002955,1.341352772469813,0.7892312673002955,0.729025061267023,0.7892312673002955,0.6313356651757134,0.7892312673002955,0.459863643712954,0.7892312673002955,1.1784936181288062,0.7892312673002955,1.134852728747599,0.7892312673002955,1.0399229554533442,0.7892312673002955,1.1519714252839768,0.7892312673002955,1.1868053802746663,0.7892312673002955,0.459863643712954,0.7892312673002955,0.729025061267023,0.7892312673002955,1.341352772469813,0.7892312673002955,0.6313356651757134,0.7892312673002955,0.4226216738543081,0.7892312673002955,0.39565024699926044,0.7892312673002955,1.3094358503453483,0.7892312673002955,1.225019206289529,0.7892312673002955,1.005968529809944,0.7892312673002955,0.8604481494972882,0.7892312673002955,0.8448794800289032,0.7892312673002955,0.6541326319777597,0.7892312673002955,0.6973044424545038,0.7892312673002955,0.722533014227463
lewis_koumas,MID,Liverpool,,25.393685463917805,0.7053801517754946,31.316778859068595,0.8699105238630165,36,0.7053801517754952,1.3134202895369487,0.7053801517754952,1.228746776857202,0.7053801517754952,0.6561230706041876,0.7053801517754952,0.7247315861226451,0.7053801517754952,0.4239076554165822,0.7053801517754952,0.8474503359524815,0.7053801517754952,0.39685415809570285,0.7053801517754952,1.345434330611803,0.7053801517754952,0.6332567356632197,0.7053801517754952,0.7312433875981718,0.7053801517754952,0.7331973098549506,0.7053801517754952,1.138305934712537,0.7053801517754952,0.6994262471601409,0.7053801517754952,1.155476721166394,0.7053801517754952,0.46126294763786096,0.7053801517754952,1.1904166712506399,0.7053801517754952,1.0430873027398955,0.7053801517754952,0.7331973098549506,0.7053801517754952,1.345434330611803,0.7053801517754952,0.6332567356632197,0.7053801517754952,0.7312433875981718,0.7053801517754952,0.39685415809570285,0.7053801517754952,1.0430873027398955,0.7053801517754952,0.46126294763786096,0.7053801517754952,1.155476721166394,0.7053801517754952,1.1904166712506399,0.7053801517754952,1.3134202895369487,0.7053801517754952,1.228746776857202,0.7053801517754952,0.8630663788120672,0.7053801517754952,1.0090295582938014,0.7053801517754952,0.6994262471601409,0.7053801517754952,1.138305934712537,0.7053801517754952,0.7247315861226451,0.7053801517754952,0.4239076554165822,0.7053801517754952,0.8474503359524815,0.7053801517754952,0.6561230706041876
max_alleyne,DEF,Man City,,21.695917342817808,0.6026643706338279,31.305483069027794,0.8695967519174387,36,0.6026643706338275,1.205328741267655,0.6026643706338275,1.205328741267655,0.6026643706338275,0.8907775245373697,0.6026643706338275,0.8067301108689708,0.6026643706338275,0.6265872621825409,0.6026643706338275,1.205328741267655,0.6026643706338275,0.30133218531691375,0.6026643706338275,1.205328741267655,0.6026643706338275,1.205328741267655,0.6026643706338275,0.5493782869275949,0.6026643706338275,0.991652727985549,0.6026643706338275,0.8190221034256377,0.6026643706338275,0.36926399818222727,0.6026643706338275,0.7464734768742054,0.6026643706338275,0.3535926995719919,0.6026643706338275,0.760629969767309,0.6026643706338275,1.205328741267655,0.6026643706338275,0.991652727985549,0.6026643706338275,1.205328741267655,0.6026643706338275,0.30133218531691375,0.6026643706338275,0.5493782869275949,0.6026643706338275,1.205328741267655,0.6026643706338275,1.205328741267655,0.6026643706338275,0.3535926995719919,0.6026643706338275,0.7464734768742054,0.6026643706338275,0.760629969767309,0.6026643706338275,1.205328741267655,0.6026643706338275,1.205328741267655,0.6026643706338275,1.205328741267655,0.6026643706338275,1.205328741267655,0.6026643706338275,0.36926399818222727,0.6026643706338275,0.8190221034256377,0.6026643706338275,0.8067301108689708,0.6026643706338275,0.6265872621825409,0.6026643706338275,1.205328741267655,0.6026643706338275,0.8907775245373697
reiss_nelson,MID,Arsenal,,22.83306093201828,0.6342516925560634,31.2647151626392,0.868464310073311,36,0.6342516925560637,1.0960607468128651,0.6342516925560637,0.7059866477844076,0.6342516925560637,0.8159994776320479,0.6342516925560637,0.6734689079842677,0.6342516925560637,0.9715821182106489,0.6342516925560637,0.7041052401393527,0.6342516925560637,1.1382098861637757,0.6342516925560637,0.4441444039319116,0.6342516925560637,0.8310359727226772,0.6342516925560637,0.6978351068028651,0.6342516925560637,0.40817545372187225,0.6342516925560637,1.1125942853371382,0.6342516925560637,0.6317728132983752,0.6342516925560637,0.6097551013740323,0.6342516925560637,1.2685033851121275,0.6342516925560637,1.1831451183869266,0.6342516925560637,1.264676199542599,0.6342516925560637,0.40817545372187225,0.6342516925560637,0.4441444039319116,0.6342516925560637,0.8310359727226772,0.6342516925560637,0.6978351068028651,0.6342516925560637,1.1382098861637757,0.6342516925560637,1.264676199542599,0.6342516925560637,1.1831451183869266,0.6342516925560637,0.6097551013740323,0.6342516925560637,1.2685033851121275,0.6342516925560637,1.0960607468128651,0.6342516925560637,0.7059866477844076,0.6342516925560637,1.0043759003337076,0.6342516925560637,1.1462375323897103,0.6342516925560637,0.6317728132983752,0.6342516925560637,1.1125942853371382,0.6342516925560637,0.6734689079842677,0.6342516925560637,0.9715821182106489,0.6342516925560637,0.7041052401393527,0.6342516925560637,0.8159994776320479
fabio_ferreira_vieira,MID,Arsenal,,22.83306093201828,0.6342516925560634,31.2647151626392,0.868464310073311,36,0.6342516925560637,1.0960607468128651,0.6342516925560637,0.7059866477844076,0.6342516925560637,0.8159994776320479,0.6342516925560637,0.6734689079842677,0.6342516925560637,0.9715821182106489,0.6342516925560637,0.7041052401393527,0.6342516925560637,1.1382098861637757,0.6342516925560637,0.4441444039319116,0.6342516925560637,0.8310359727226772,0.6342516925560637,0.6978351068028651,0.6342516925560637,0.40817545372187225,0.6342516925560637,1.1125942853371382,0.6342516925560637,0.6317728132983752,0.6342516925560637,0.6097551013740323,0.6342516925560637,1.2685033851121275,0.6342516925560637,1.1831451183869266,0.6342516925560637,1.264676199542599,0.6342516925560637,0.40817545372187225,0.6342516925560637,0.4441444039319116,0.6342516925560637,0.8310359727226772,0.6342516925560637,0.6978351068028651,0.6342516925560637,1.1382098861637757,0.6342516925560637,1.264676199542599,0.6342516925560637,1.1831451183869266,0.6342516925560637,0.6097551013740323,0.6342516925560637,1.2685033851121275,0.6342516925560637,1.0960607468128651,0.6342516925560637,0.7059866477844076,0.6342516925560637,1.0043759003337076,0.6342516925560637,1.1462375323897103,0.6342516925560637,0.6317728132983752,0.6342516925560637,1.1125942853371382,0.6342516925560637,0.6734689079842677,0.6342516925560637,0.9715821182106489,0.6342516925560637,0.7041052401393527,0.6342516925560637,0.8159994776320479
ethan_nwaneri,MID,Arsenal,,22.83306093201828,0.6342516925560634,31.2647151626392,0.868464310073311,36,0.6342516925560637,1.0960607468128651,0.6342516925560637,0.7059866477844076,0.6342516925560637,0.8159994776320479,0.6342516925560637,0.6734689079842677,0.6342516925560637,0.9715821182106489,0.6342516925560637,0.7041052401393527,0.6342516925560637,1.1382098861637757,0.6342516925560637,0.4441444039319116,0.6342516925560637,0.8310359727226772,0.6342516925560637,0.6978351068028651,0.6342516925560637,0.40817545372187225,0.6342516925560637,1.1125942853371382,0.6342516925560637,0.6317728132983752,0.6342516925560637,0.6097551013740323,0.6342516925560637,1.2685033851121275,0.6342516925560637,1.1831451183869266,0.6342516925560637,1.264676199542599,0.6342516925560637,0.40817545372187225,0.6342516925560637,0.4441444039319116,0.6342516925560637,0.8310359727226772,0.6342516925560637,0.6978351068028651,0.6342516925560637,1.1382098861637757,0.6342516925560637,1.264676199542599,0.6342516925560637,1.1831451183869266,0.6342516925560637,0.6097551013740323,0.6342516925560637,1.2685033851121275,0.6342516925560637,1.0960607468128651,0.6342516925560637,0.7059866477844076,0.6342516925560637,1.0043759003337076,0.6342516925560637,1.1462375323897103,0.6342516925560637,0.6317728132983752,0.6342516925560637,1.1125942853371382,0.6342516925560637,0.6734689079842677,0.6342516925560637,0.9715821182106489,0.6342516925560637,0.7041052401393527,0.6342516925560637,0.8159994776320479
dominic_solanke_mitchell,FWD,Spurs,,45.27796684298793,1.257721301194109,31.247382309654604,0.8679828419348501,36,1.2577213011941084,0.6971419725975855,1.2577213011941084,0.6636339002567526,1.2577213011941084,0.6288606505970542,1.2577213011941084,0.8520624109526045,1.2577213011941084,0.6288606505970542,1.2577213011941084,0.9679419041683971,1.2577213011941084,1.7119578777770919,1.2577213011941084,0.6288606505970542,1.2577213011941084,0.9321336487540749,1.2577213011941084,0.929522630130114,1.2577213011941084,1.6353679981409028,1.2577213011941084,0.6288606505970542,1.2577213011941084,0.6288606505970542,1.2577213011941084,0.6288606505970542,1.2577213011941084,0.6288606505970542,1.2577213011941084,1.394283945195171,1.2577213011941084,0.6288606505970542,1.2577213011941084,1.6353679981409028,1.2577213011941084,0.6288606505970542,1.2577213011941084,1.7119578777770919,1.2577213011941084,0.929522630130114,1.2577213011941084,0.9321336487540749,1.2577213011941084,0.6288606505970542,1.2577213011941084,1.394283945195171,1.2577213011941084,0.6288606505970542,1.2577213011941084,0.6288606505970542,1.2577213011941084,0.6971419725975855,1.2577213011941084,0.6636339002567526,1.2577213011941084,0.9886586735592846,1.2577213011941084,0.6288606505970542,1.2577213011941084,0.6288606505970542,1.2577213011941084,0.6288606505970542,1.2577213011941084,0.9679419041683971,1.2577213011941084,0.6288606505970542,1.2577213011941084,0.8520624109526045,1.2577213011941084,0.6288606505970542
chris_rigg,MID,Sunderland,,27.83062180160869,0.7730728278224636,30.80490683331878,0.8556918564810772,36,0.773072827822463,0.4139690684369447,0.773072827822463,0.3875498449556418,0.773072827822463,0.7077401309943053,0.773072827822463,0.8275817188912731,0.773072827822463,0.6407401537749592,0.773072827822463,0.6830280800017505,0.773072827822463,1.018631943764488,0.773072827822463,1.1116181587381673,0.773072827822463,1.162507150207411,0.773072827822463,1.1283863731872494,0.773072827822463,1.1543655601152347,0.773072827822463,0.8428316409737165,0.773072827822463,0.9853726889214541,0.773072827822463,1.3138903942159503,0.773072827822463,0.7140992621782445,0.773072827822463,0.6184099239404041,0.773072827822463,0.45044855948750356,0.773072827822463,1.1543655601152347,0.773072827822463,1.1116181587381673,0.773072827822463,1.018631943764488,0.773072827822463,1.1283863731872494,0.773072827822463,1.162507150207411,0.773072827822463,0.45044855948750356,0.773072827822463,0.7140992621782445,0.773072827822463,1.3138903942159503,0.773072827822463,0.6184099239404041,0.773072827822463,0.4139690684369447,0.773072827822463,0.3875498449556418,0.773072827822463,1.2826269277715057,0.773072827822463,1.1999385999778684,0.773072827822463,0.9853726889214541,0.773072827822463,0.8428316409737165,0.773072827822463,0.8275817188912731,0.773072827822463,0.6407401537749592,0.773072827822463,0.6830280800017505,0.773072827822463,0.7077401309943053
sindre_walle_egeli,FWD,Ipswich Town,,20.589600360084166,0.5719333433356713,30.693916138426975,0.8526087816229715,36,0.5719333433356713,0.6580329478170717,0.5719333433356713,1.1438666866713425,0.5719333433356713,0.8614366742492068,0.5719333433356713,1.1438666866713425,0.5719333433356713,0.7889879779703753,0.5719333433356713,0.9049321653424456,0.5719333433356713,0.6159730704932541,0.5719333433356713,0.5061293509031406,0.5719333433356713,1.1438666866713425,0.5719333433356713,0.6691643981267892,0.5719333433356713,0.7038361285996798,0.5719333433356713,0.5992654547618497,0.5719333433356713,0.4596480839834643,0.5719333433356713,1.1438666866713425,0.5719333433356713,1.1438666866713425,0.5719333433356713,1.1438666866713425,0.5719333433356713,0.591404252559883,0.5719333433356713,0.7038361285996798,0.5719333433356713,0.5061293509031406,0.5719333433356713,0.6159730704932541,0.5719333433356713,0.6691643981267892,0.5719333433356713,1.1438666866713425,0.5719333433356713,0.591404252559883,0.5719333433356713,1.1438666866713425,0.5719333433356713,1.1438666866713425,0.5719333433356713,1.1438666866713425,0.5719333433356713,0.6580329478170717,0.5719333433356713,1.1438666866713425,0.5719333433356713,1.1438666866713425,0.5719333433356713,1.1060282020852112,0.5719333433356713,0.4596480839834643,0.5719333433356713,0.5992654547618497,0.5719333433356713,1.1438666866713425,0.5719333433356713,0.7889879779703753,0.5719333433356713,0.9049321653424456,0.5719333433356713,0.8614366742492068
max_dowman,MID,Arsenal,,22.396756229248048,0.6221321174791125,30.667294505949968,0.8518692918319436,36,0.6221321174791126,1.075116710453477,0.6221321174791126,0.6924963279609537,0.6221321174791126,0.8004069817065596,0.6221321174791126,0.6605999521925792,0.6221321174791126,0.9530166771353201,0.6221321174791126,0.690650871124501,0.6221321174791126,1.116460444529498,0.6221321174791126,0.43565748696876183,0.6221321174791126,0.8151561524852731,0.6221321174791126,0.6845005503996404,0.6221321174791126,0.4003758481173298,0.6221321174791126,1.0913343184665913,0.6221321174791126,0.6197006057943022,0.6221321174791126,0.5981036185062852,0.6221321174791126,1.2442642349582251,0.6221321174791126,1.160537033524857,0.6221321174791126,1.2405101810230112,0.6221321174791126,0.4003758481173298,0.6221321174791126,0.43565748696876183,0.6221321174791126,0.8151561524852731,0.6221321174791126,0.6845005503996404,0.6221321174791126,1.116460444529498,0.6221321174791126,1.2405101810230112,0.6221321174791126,1.160537033524857,0.6221321174791126,0.5981036185062852,0.6221321174791126,1.2442642349582251,0.6221321174791126,1.075116710453477,0.6221321174791126,0.6924963279609537,0.6221321174791126,0.985183820482066,0.6221321174791126,1.124334694773572,0.6221321174791126,0.6197006057943022,0.6221321174791126,1.0913343184665913,0.6221321174791126,0.6605999521925792,0.6221321174791126,0.9530166771353201,0.6221321174791126,0.690650871124501,0.6221321174791126,0.8004069817065596
nick_pope,GK,Newcastle,,19.54127845109977,0.5428132903083269,30.56641950314,0.8490672084205556,36,0.5428132903083267,1.0856265806166534,0.5428132903083267,0.7720011239940646,0.5428132903083267,0.5790008429955484,0.5428132903083267,1.0856265806166534,0.5428132903083267,1.0856265806166534,0.5428132903083267,1.0856265806166534,0.5428132903083267,0.9650014049925808,0.5428132903083267,1.0856265806166534,0.5428132903083267,0.5790008429955484,0.5428132903083267,0.5790008429955484,0.5428132903083267,1.0856265806166534,0.5428132903083267,0.9650014049925808,0.5428132903083267,0.5790008429955484,0.5428132903083267,0.9650014049925808,0.5428132903083267,0.5790008429955484,0.5428132903083267,1.0856265806166534,0.5428132903083267,0.3860005619970323,0.5428132903083267,1.0856265806166534,0.5428132903083267,1.0856265806166534,0.5428132903083267,0.5790008429955484,0.5428132903083267,0.5790008429955484,0.5428132903083267,0.9650014049925808,0.5428132903083267,0.3860005619970323,0.5428132903083267,0.5790008429955484,0.5428132903083267,0.9650014049925808,0.5428132903083267,1.0856265806166534,0.5428132903083267,1.0856265806166534,0.5428132903083267,0.7720011239940646,0.5428132903083267,0.3860005619970323,0.5428132903083267,1.0856265806166534,0.5428132903083267,0.5790008429955484,0.5428132903083267,0.9650014049925808,0.5428132903083267,1.0856265806166534,0.5428132903083267,1.0856265806166534,0.5428132903083267,1.0856265806166534,0.5428132903083267,0.5790008429955484
bazoumana_toure,MID,Newcastle,,29.12763470365835,0.8091009639905098,30.373040955176908,0.8436955820882475,36,0.8091009639905101,0.631932913694696,0.8091009639905101,0.6736395747758872,0.8091009639905101,0.44425695656728376,0.8091009639905101,1.0046304237578145,0.8091009639905101,1.1465280056094351,0.8091009639905101,1.295830423925598,0.8091009639905101,0.7042836706219964,0.8091009639905101,1.1834449445243789,0.8091009639905101,0.40455048199525506,0.8091009639905101,0.8162062637377754,0.8091009639905101,0.60990962216273,0.8091009639905101,0.7061655550430428,0.8091009639905101,1.264996686838827,0.8091009639905101,0.40827889130344236,0.8091009639905101,0.6980119483427573,0.8091009639905101,0.971828331214611,0.8091009639905101,1.096338504507186,0.8091009639905101,0.60990962216273,0.8091009639905101,1.1834449445243789,0.8091009639905101,0.40455048199525506,0.8091009639905101,0.8162062637377754,0.8091009639905101,0.7042836706219964,0.8091009639905101,1.096338504507186,0.8091009639905101,0.6980119483427573,0.8091009639905101,0.40827889130344236,0.8091009639905101,0.971828331214611,0.8091009639905101,0.631932913694696,0.8091009639905101,0.6736395747758872,0.8091009639905101,1.138498325061486,0.8091009639905101,1.1128762328699813,0.8091009639905101,1.264996686838827,0.8091009639905101,0.7061655550430428,0.8091009639905101,1.0046304237578145,0.8091009639905101,1.1465280056094351,0.8091009639905101,1.295830423925598,0.8091009639905101,0.44425695656728376
felipe_rodrigues_da_silva,DEF,Nott'm Forest,,25.681412004092206,0.713372555669228,30.35887503775682,0.8433020843821339,36,0.7133725556692283,1.4267451113384566,0.7133725556692283,1.4267451113384566,0.7133725556692283,1.4267451113384566,0.7133725556692283,1.162516584583927,0.7133725556692283,0.44660651633498594,0.7133725556692283,0.5093720683942905,0.7133725556692283,0.665808272944148,0.7133725556692283,0.35668627783461415,0.7133725556692283,1.4267451113384566,0.7133725556692283,0.35668627783461415,0.7133725556692283,0.6068312617662502,0.7133725556692283,0.35668627783461415,0.7133725556692283,0.724140463009541,0.7133725556692283,0.6183395104993191,0.7133725556692283,1.4267451113384566,0.7133725556692283,0.35668627783461415,0.7133725556692283,1.1543717962155151,0.7133725556692283,0.6068312617662502,0.7133725556692283,0.35668627783461415,0.7133725556692283,1.4267451113384566,0.7133725556692283,0.35668627783461415,0.7133725556692283,0.665808272944148,0.7133725556692283,1.1543717962155151,0.7133725556692283,1.4267451113384566,0.7133725556692283,0.6183395104993191,0.7133725556692283,0.35668627783461415,0.7133725556692283,1.4267451113384566,0.7133725556692283,1.4267451113384566,0.7133725556692283,0.806145020285595,0.7133725556692283,0.6558157339138021,0.7133725556692283,0.724140463009541,0.7133725556692283,0.35668627783461415,0.7133725556692283,1.162516584583927,0.7133725556692283,0.44660651633498594,0.7133725556692283,0.5093720683942905,0.7133725556692283,1.4267451113384566
viktor_gyokeres,FWD,Arsenal,14969.0,31.57544532832339,0.8770957035645386,30.15573527371726,0.8376593131588127,36,0.8770957035645381,0.9634199998005971,0.8770957035645381,0.9251802079009974,0.8770957035645381,1.3877703118514961,0.8770957035645381,0.4595056065456406,0.8770957035645381,0.6938851559257481,0.8770957035645381,0.6605336222139611,0.8770957035645381,0.5045674273579849,0.8770957035645381,0.4723166955873766,0.8770957035645381,0.43854785178226907,0.8770957035645381,0.6049813091905528,0.8770957035645381,0.9840399872982822,0.8770957035645381,0.9106268113722173,0.8770957035645381,0.43854785178226907,0.8770957035645381,0.8480818572425809,0.8770957035645381,1.7039601769112938,0.8770957035645381,1.6277280998557808,0.8770957035645381,0.9277790287097079,0.8770957035645381,0.9840399872982822,0.8770957035645381,0.4723166955873766,0.8770957035645381,0.43854785178226907,0.8770957035645381,0.6049813091905528,0.8770957035645381,0.5045674273579849,0.8770957035645381,0.9277790287097079,0.8770957035645381,1.6277280998557808,0.8770957035645381,0.8480818572425809,0.8770957035645381,1.7039601769112938,0.8770957035645381,0.9634199998005971,0.8770957035645381,0.9251802079009974,0.8770957035645381,0.5396884546089151,0.8770957035645381,0.5131028164508404,0.8770957035645381,0.43854785178226907,0.8770957035645381,0.9106268113722173,0.8770957035645381,0.4595056065456406,0.8770957035645381,0.6938851559257481,0.8770957035645381,0.6605336222139611,0.8770957035645381,1.3877703118514961
carlos_alcaraz_duran,MID,Everton,,29.48242328414386,0.8189562023373295,29.986914333618614,0.8329698426005171,36,0.81895620233733,0.589612163013358,0.81895620233733,1.0758403195900976,0.81895620233733,1.2228982879249768,0.81895620233733,0.42947232766476917,0.81895620233733,1.059852957795839,0.81895620233733,0.409478101168665,0.81895620233733,0.8035831374182494,0.81895620233733,0.9711968718913383,0.81895620233733,0.409478101168665,0.81895620233733,1.1006097225458848,0.81895620233733,1.108372179710267,0.81895620233733,1.1440605430587378,0.81895620233733,0.7890433650169237,0.81895620233733,0.9394864150745044,0.81895620233733,0.6826647510134983,0.81895620233733,0.6747824918914527,0.81895620233733,0.6512212176069527,0.81895620233733,1.108372179710267,0.81895620233733,0.9711968718913383,0.81895620233733,0.409478101168665,0.81895620233733,1.1006097225458848,0.81895620233733,0.8035831374182494,0.81895620233733,0.6512212176069527,0.81895620233733,0.6826647510134983,0.81895620233733,0.9394864150745044,0.81895620233733,0.6747824918914527,0.81895620233733,0.589612163013358,0.81895620233733,1.0758403195900976,0.81895620233733,1.2527058950800345,0.81895620233733,0.6109025314302242,0.81895620233733,0.7890433650169237,0.81895620233733,1.1440605430587378,0.81895620233733,0.42947232766476917,0.81895620233733,1.059852957795839,0.81895620233733,0.409478101168665,0.81895620233733,1.2228982879249768
ethan_pinnock,DEF,Coventry City,,26.48458938050729,0.7356830383474248,29.878307588041366,0.8299529885567046,36,0.7356830383474249,0.36784151917371244,0.7356830383474249,0.36784151917371244,0.7356830383474249,1.1509781469070846,0.7356830383474249,0.36784151917371244,0.7356830383474249,1.4713660766948498,0.7356830383474249,1.1019860940409996,0.7356830383474249,0.6912787742953,0.7356830383474249,0.5902790974279436,0.7356830383474249,1.109761269725577,0.7356830383474249,0.7695619427358853,0.7356830383474249,0.4862566271141065,0.7356830383474249,1.4713660766948498,0.7356830383474249,1.4713660766948498,0.7356830383474249,1.389122936163837,0.7356830383474249,0.36784151917371244,0.7356830383474249,0.6355937146829992,0.7356830383474249,0.626054639757829,0.7356830383474249,0.4862566271141065,0.7356830383474249,0.5902790974279436,0.7356830383474249,0.6912787742953,0.7356830383474249,0.7695619427358853,0.7356830383474249,1.109761269725577,0.7356830383474249,0.626054639757829,0.7356830383474249,0.6355937146829992,0.7356830383474249,1.389122936163837,0.7356830383474249,0.36784151917371244,0.7356830383474249,0.36784151917371244,0.7356830383474249,0.36784151917371244,0.7356830383474249,0.42633939266597126,0.7356830383474249,0.5792930961134771,0.7356830383474249,1.4713660766948498,0.7356830383474249,1.4713660766948498,0.7356830383474249,0.36784151917371244,0.7356830383474249,1.4713660766948498,0.7356830383474249,1.1019860940409996,0.7356830383474249,1.1509781469070846
emmanuel_emegha,FWD,Chelsea,,17.867715947117645,0.49632544297549014,29.862106078404942,0.8295029466223595,36,0.4963254429754904,0.6415279443174087,0.4963254429754904,0.6681790601909935,0.4963254429754904,0.9926508859509808,0.4963254429754904,0.5490256802147679,0.4963254429754904,0.934446609740537,0.4963254429754904,0.9926508859509808,0.4963254429754904,0.9926508859509808,0.4963254429754904,0.9926508859509808,0.4963254429754904,0.6500554124014846,0.4963254429754904,0.9816285041339937,0.4963254429754904,0.9926508859509808,0.4963254429754904,0.71380366725291,0.4963254429754904,0.8558576192301434,0.4963254429754904,0.7258785490339492,0.4963254429754904,0.7634888365486617,0.4963254429754904,0.9926508859509808,0.4963254429754904,0.4986049544807586,0.4963254429754904,0.9926508859509808,0.4963254429754904,0.9926508859509808,0.4963254429754904,0.6500554124014846,0.4963254429754904,0.9816285041339937,0.4963254429754904,0.9926508859509808,0.4963254429754904,0.4986049544807586,0.4963254429754904,0.9926508859509808,0.4963254429754904,0.7258785490339492,0.4963254429754904,0.7634888365486617,0.4963254429754904,0.6415279443174087,0.4963254429754904,0.6681790601909935,0.4963254429754904,0.9926508859509808,0.4963254429754904,0.9926508859509808,0.4963254429754904,0.8558576192301434,0.4963254429754904,0.71380366725291,0.4963254429754904,0.9926508859509808,0.4963254429754904,0.934446609740537,0.4963254429754904,0.5490256802147679,0.4963254429754904,0.9926508859509808
marc_guiu_paz,FWD,Chelsea,,17.867715947117645,0.49632544297549014,29.862106078404942,0.8295029466223595,36,0.4963254429754904,0.6415279443174087,0.4963254429754904,0.6681790601909935,0.4963254429754904,0.9926508859509808,0.4963254429754904,0.5490256802147679,0.4963254429754904,0.934446609740537,0.4963254429754904,0.9926508859509808,0.4963254429754904,0.9926508859509808,0.4963254429754904,0.9926508859509808,0.4963254429754904,0.6500554124014846,0.4963254429754904,0.9816285041339937,0.4963254429754904,0.9926508859509808,0.4963254429754904,0.71380366725291,0.4963254429754904,0.8558576192301434,0.4963254429754904,0.7258785490339492,0.4963254429754904,0.7634888365486617,0.4963254429754904,0.9926508859509808,0.4963254429754904,0.4986049544807586,0.4963254429754904,0.9926508859509808,0.4963254429754904,0.9926508859509808,0.4963254429754904,0.6500554124014846,0.4963254429754904,0.9816285041339937,0.4963254429754904,0.9926508859509808,0.4963254429754904,0.4986049544807586,0.4963254429754904,0.9926508859509808,0.4963254429754904,0.7258785490339492,0.4963254429754904,0.7634888365486617,0.4963254429754904,0.6415279443174087,0.4963254429754904,0.6681790601909935,0.4963254429754904,0.9926508859509808,0.4963254429754904,0.9926508859509808,0.4963254429754904,0.8558576192301434,0.4963254429754904,0.71380366725291,0.4963254429754904,0.9926508859509808,0.4963254429754904,0.934446609740537,0.4963254429754904,0.5490256802147679,0.4963254429754904,0.9926508859509808
kostas_tsimikas,DEF,Liverpool,,37.53194365346436,1.04255399037401,29.853523655284413,0.8292645459801226,36,1.0425539903740093,0.5212769951870047,1.0425539903740093,0.8936115863872014,1.0425539903740093,1.126453734202956,1.0425539903740093,0.5212769951870047,1.0425539903740093,0.5212769951870047,1.0425539903740093,0.5212769951870047,1.0425539903740093,0.5212769951870047,1.0425539903740093,0.8999165544040446,1.0425539903740093,1.2575068863968049,1.0425539903740093,0.5212769951870047,1.0425539903740093,0.5605648977552709,1.0425539903740093,0.5212769951870047,1.0425539903740093,0.6240455049207232,1.0425539903740093,1.7375075746638973,1.0425539903740093,0.5212769951870047,1.0425539903740093,1.6640300794893148,1.0425539903740093,1.2656006833911104,1.0425539903740093,0.5605648977552709,1.0425539903740093,0.8999165544040446,1.0425539903740093,1.2575068863968049,1.0425539903740093,0.5212769951870047,1.0425539903740093,0.5212769951870047,1.0425539903740093,1.2656006833911104,1.0425539903740093,0.5212769951870047,1.0425539903740093,1.7375075746638973,1.0425539903740093,1.6640300794893148,1.0425539903740093,0.5212769951870047,1.0425539903740093,0.8936115863872014,1.0425539903740093,0.5212769951870047,1.0425539903740093,0.9333397338826808,1.0425539903740093,0.6240455049207232,1.0425539903740093,0.5212769951870047,1.0425539903740093,0.5212769951870047,1.0425539903740093,0.5212769951870047,1.0425539903740093,0.5212769951870047,1.0425539903740093,1.126453734202956
diego_coppola,DEF,Brighton,,19.537616713416362,0.5427115753726768,29.662033519459683,0.8239453755405468,36,0.5427115753726766,0.9367072152412583,0.5427115753726766,1.0854231507453531,0.5427115753726766,0.5189383246162558,0.5427115753726766,0.8414213069366564,0.5427115753726766,1.0854231507453531,0.5427115753726766,0.7620307939236137,0.5427115753726766,0.33373390785978235,0.5427115753726766,0.7736417115287225,0.5427115753726766,0.7051128606228029,0.5427115753726766,0.3340008287160645,0.5427115753726766,1.0854231507453531,0.5427115753726766,1.0854231507453531,0.5427115753726766,0.7184849702951267,0.5427115753726766,0.5918693035382898,0.5427115753726766,1.0854231507453531,0.5427115753726766,1.0854231507453531,0.5427115753726766,1.0854231507453531,0.5427115753726766,1.0854231507453531,0.5427115753726766,0.7736417115287225,0.5427115753726766,0.33373390785978235,0.5427115753726766,0.3340008287160645,0.5427115753726766,0.7051128606228029,0.5427115753726766,1.0854231507453531,0.5427115753726766,1.0854231507453531,0.5427115753726766,0.5918693035382898,0.5427115753726766,1.0854231507453531,0.5427115753726766,0.9367072152412583,0.5427115753726766,1.0854231507453531,0.5427115753726766,1.0854231507453531,0.5427115753726766,0.34880381172225017,0.5427115753726766,0.7184849702951267,0.5427115753726766,1.0854231507453531,0.5427115753726766,0.8414213069366564,0.5427115753726766,1.0854231507453531,0.5427115753726766,0.7620307939236137,0.5427115753726766,0.5189383246162558
igor_julio_dos_santos_de_paulo,DEF,Brighton,,19.537616713416362,0.5427115753726768,29.662033519459683,0.8239453755405468,36,0.5427115753726766,0.9367072152412583,0.5427115753726766,1.0854231507453531,0.5427115753726766,0.5189383246162558,0.5427115753726766,0.8414213069366564,0.5427115753726766,1.0854231507453531,0.5427115753726766,0.7620307939236137,0.5427115753726766,0.33373390785978235,0.5427115753726766,0.7736417115287225,0.5427115753726766,0.7051128606228029,0.5427115753726766,0.3340008287160645,0.5427115753726766,1.0854231507453531,0.5427115753726766,1.0854231507453531,0.5427115753726766,0.7184849702951267,0.5427115753726766,0.5918693035382898,0.5427115753726766,1.0854231507453531,0.5427115753726766,1.0854231507453531,0.5427115753726766,1.0854231507453531,0.5427115753726766,1.0854231507453531,0.5427115753726766,0.7736417115287225,0.5427115753726766,0.33373390785978235,0.5427115753726766,0.3340008287160645,0.5427115753726766,0.7051128606228029,0.5427115753726766,1.0854231507453531,0.5427115753726766,1.0854231507453531,0.5427115753726766,0.5918693035382898,0.5427115753726766,1.0854231507453531,0.5427115753726766,0.9367072152412583,0.5427115753726766,1.0854231507453531,0.5427115753726766,1.0854231507453531,0.5427115753726766,0.34880381172225017,0.5427115753726766,0.7184849702951267,0.5427115753726766,1.0854231507453531,0.5427115753726766,0.8414213069366564,0.5427115753726766,1.0854231507453531,0.5427115753726766,0.7620307939236137,0.5427115753726766,0.5189383246162558
abdoul_ouattara,DEF,Ipswich Town,,26.422838095315353,0.7339677248698709,29.64636166618532,0.8235100462829256,36,0.7339677248698715,0.5899056071246805,0.7339677248698715,1.0456825235480354,0.7339677248698715,0.5561957810518489,0.7339677248698715,1.0383562944277052,0.7339677248698715,0.36698386243493575,0.7339677248698715,1.084519496255315,0.7339677248698715,0.545844122644222,0.7339677248698715,1.3089135627930624,0.7339677248698715,1.467935449739743,0.7339677248698715,1.467935449739743,0.7339677248698715,1.467935449739743,0.7339677248698715,0.7251266522443882,0.7339677248698715,0.36698386243493575,0.7339677248698715,0.36698386243493575,0.7339677248698715,0.5988938861466474,0.7339677248698715,0.36698386243493575,0.7339677248698715,0.4017221218407914,0.7339677248698715,1.467935449739743,0.7339677248698715,1.3089135627930624,0.7339677248698715,0.545844122644222,0.7339677248698715,1.467935449739743,0.7339677248698715,1.467935449739743,0.7339677248698715,0.4017221218407914,0.7339677248698715,0.36698386243493575,0.7339677248698715,0.36698386243493575,0.7339677248698715,0.5988938861466474,0.7339677248698715,0.5899056071246805,0.7339677248698715,1.0456825235480354,0.7339677248698715,0.6513636336930837,0.7339677248698715,1.461194338420911,0.7339677248698715,0.36698386243493575,0.7339677248698715,0.7251266522443882,0.7339677248698715,1.0383562944277052,0.7339677248698715,0.36698386243493575,0.7339677248698715,1.084519496255315,0.7339677248698715,0.5561957810518489
shea_lacey,MID,Man Utd,,22.83421622858491,0.6342837841273586,29.22691966673971,0.8118588796316586,36,0.634283784127359,0.6573603187673015,0.634283784127359,0.6515064540126928,0.634283784127359,1.1045971650727637,0.634283784127359,1.0387301391524217,0.634283784127359,0.628757905486949,0.634283784127359,0.589829977484815,0.634283784127359,1.023294247562527,0.634283784127359,1.0701398409215335,0.634283784127359,1.0626451429968495,0.634283784127359,0.38107704796870095,0.634283784127359,0.7758642327785471,0.634283784127359,0.937696276589123,0.634283784127359,1.2094948897335605,0.634283784127359,0.3567569707902444,0.634283784127359,0.9070796445275114,0.634283784127359,0.6591168214302268,0.634283784127359,0.7618259972386967,0.634283784127359,0.7758642327785471,0.634283784127359,1.0701398409215335,0.634283784127359,1.0626451429968495,0.634283784127359,0.38107704796870095,0.634283784127359,1.023294247562527,0.634283784127359,0.7618259972386967,0.634283784127359,0.9070796445275114,0.634283784127359,0.3567569707902444,0.634283784127359,0.6591168214302268,0.634283784127359,0.6573603187673015,0.634283784127359,0.6515064540126928,0.634283784127359,0.41465805152878965,0.634283784127359,1.1807154701819949,0.634283784127359,1.2094948897335605,0.634283784127359,0.937696276589123,0.634283784127359,0.589829977484815,0.634283784127359,0.628757905486949,0.634283784127359,1.0387301391524217,0.634283784127359,1.1045971650727637
frank_onyeka,MID,Coventry City,,46.77477772219782,1.2992993811721616,28.921531660599836,0.8033758794611066,36,1.2992993811721614,0.6496496905860807,1.2992993811721614,0.696364498657792,1.2992993811721614,0.8291369212833207,1.2992993811721614,0.70919646932981,1.2992993811721614,0.9494750707030257,1.2992993811721614,1.009682334106151,1.2992993811721614,0.6496496905860807,1.2992993811721614,0.6496496905860807,1.2992993811721614,1.105566501499393,1.2992993811721614,0.6496496905860807,1.2992993811721614,1.0792600140070674,1.2992993811721614,0.6496496905860807,1.2992993811721614,0.9781858278899913,1.2992993811721614,0.6496496905860807,1.2992993811721614,0.9353655405120193,1.2992993811721614,0.6496496905860807,1.2992993811721614,0.9713351276226981,1.2992993811721614,1.0792600140070674,1.2992993811721614,0.6496496905860807,1.2992993811721614,0.6496496905860807,1.2992993811721614,0.6496496905860807,1.2992993811721614,1.105566501499393,1.2992993811721614,0.9713351276226981,1.2992993811721614,0.6496496905860807,1.2992993811721614,0.6496496905860807,1.2992993811721614,0.9353655405120193,1.2992993811721614,0.6496496905860807,1.2992993811721614,0.696364498657792,1.2992993811721614,0.6496496905860807,1.2992993811721614,0.6496496905860807,1.2992993811721614,0.9781858278899913,1.2992993811721614,0.6496496905860807,1.2992993811721614,0.70919646932981,1.2992993811721614,0.9494750707030257,1.2992993811721614,1.009682334106151,1.2992993811721614,0.8291369212833207
shea_charles,MID,Fulham,,42.23965099217964,1.1733236386716568,28.819992164247623,0.8005553378957673,36,1.173323638671657,1.1840798764404852,1.173323638671657,1.0403158709475593,1.173323638671657,0.5866618193358285,1.173323638671657,1.1559051963852818,1.173323638671657,0.5866618193358285,1.173323638671657,0.9179925444471628,1.173323638671657,1.0476530834219118,1.173323638671657,0.759561063615069,1.173323638671657,0.6378164042821772,1.173323638671657,0.5866618193358285,1.173323638671657,1.0169033910457868,1.173323638671657,0.6435472622743621,1.173323638671657,0.5866618193358285,1.173323638671657,0.615545869072643,1.173323638671657,0.7458178123251606,1.173323638671657,0.5866618193358285,1.173323638671657,0.8880192570721968,1.173323638671657,1.0169033910457868,1.173323638671657,0.759561063615069,1.173323638671657,1.0476530834219118,1.173323638671657,0.5866618193358285,1.173323638671657,0.6378164042821772,1.173323638671657,0.8880192570721968,1.173323638671657,0.5866618193358285,1.173323638671657,0.615545869072643,1.173323638671657,0.7458178123251606,1.173323638671657,1.1840798764404852,1.173323638671657,1.0403158709475593,1.173323638671657,1.0017918525335923,1.173323638671657,0.64526685569616,1.173323638671657,0.5866618193358285,1.173323638671657,0.6435472622743621,1.173323638671657,1.1559051963852818,1.173323638671657,0.5866618193358285,1.173323638671657,0.9179925444471628,1.173323638671657,0.5866618193358285
matt_targett,DEF,Hull City,,15.951976726622739,0.4431104646284094,28.49944197071245,0.7916511658531236,36,0.4431104646284094,0.8862209292568188,0.4431104646284094,0.5342188421353362,0.4431104646284094,0.5115469785376682,0.4431104646284094,0.8862209292568188,0.4431104646284094,0.8862209292568188,0.4431104646284094,0.8862209292568188,0.4431104646284094,0.8862209292568188,0.4431104646284094,0.7947924351724142,0.4431104646284094,0.3771524796726767,0.4431104646284094,0.8862209292568188,0.4431104646284094,0.8862209292568188,0.4431104646284094,0.8862209292568188,0.4431104646284094,0.8862209292568188,0.4431104646284094,0.511138169499485,0.4431104646284094,0.8862209292568188,0.4431104646284094,0.8862209292568188,0.4431104646284094,0.8862209292568188,0.4431104646284094,0.8862209292568188,0.4431104646284094,0.7947924351724142,0.4431104646284094,0.8862209292568188,0.4431104646284094,0.8862209292568188,0.4431104646284094,0.3771524796726767,0.4431104646284094,0.8862209292568188,0.4431104646284094,0.8862209292568188,0.4431104646284094,0.511138169499485,0.4431104646284094,0.8862209292568188,0.4431104646284094,0.8862209292568188,0.4431104646284094,0.5342188421353362,0.4431104646284094,0.8862209292568188,0.4431104646284094,0.8862209292568188,0.4431104646284094,0.8862209292568188,0.4431104646284094,0.8862209292568188,0.4431104646284094,0.8862209292568188,0.4431104646284094,0.8862209292568188,0.4431104646284094,0.8862209292568188,0.4431104646284094,0.5115469785376682
victor_torp,MID,Coventry City,,46.03061098615219,1.278628082948672,28.461402444270185,0.7905945123408384,36,1.2786280829486725,0.6393140414743362,1.2786280829486725,0.6852856369015281,1.2786280829486725,0.8159457069902063,1.2786280829486725,0.6979134564006909,1.2786280829486725,0.9343693278490854,1.2786280829486725,0.9936187194059982,1.2786280829486725,0.6393140414743362,1.2786280829486725,0.6393140414743362,1.2786280829486725,1.087977410648156,1.2786280829486725,0.6393140414743362,1.2786280829486725,1.0620894481363286,1.2786280829486725,0.6393140414743362,1.2786280829486725,0.9626233091515751,1.2786280829486725,0.6393140414743362,1.2786280829486725,0.9204842742572353,1.2786280829486725,0.6393140414743362,1.2786280829486725,0.9558816005995994,1.2786280829486725,1.0620894481363286,1.2786280829486725,0.6393140414743362,1.2786280829486725,0.6393140414743362,1.2786280829486725,0.6393140414743362,1.2786280829486725,1.087977410648156,1.2786280829486725,0.9558816005995994,1.2786280829486725,0.6393140414743362,1.2786280829486725,0.6393140414743362,1.2786280829486725,0.9204842742572353,1.2786280829486725,0.6393140414743362,1.2786280829486725,0.6852856369015281,1.2786280829486725,0.6393140414743362,1.2786280829486725,0.6393140414743362,1.2786280829486725,0.9626233091515751,1.2786280829486725,0.6393140414743362,1.2786280829486725,0.6979134564006909,1.2786280829486725,0.9343693278490854,1.2786280829486725,0.9936187194059982,1.2786280829486725,0.8159457069902063
jenson_seelt,DEF,Sunderland,,19.537616713416362,0.5427115753726768,28.23286913961715,0.7842463649893653,36,0.5427115753726766,0.770537099173184,0.5427115753726766,0.5168558330567165,0.5427115753726766,0.3323946387919909,0.5427115753726766,0.2713557876863383,0.5427115753726766,1.0854231507453531,0.5427115753726766,0.9329482235134031,0.5427115753726766,1.0854231507453531,0.5427115753726766,0.3474040673607523,0.5427115753726766,1.0854231507453531,0.5427115753726766,1.0854231507453531,0.5427115753726766,0.7589727760028357,0.5427115753726766,0.3326604884989593,0.5427115753726766,1.0854231507453531,0.5427115753726766,1.0854231507453531,0.5427115753726766,0.7156017010985378,0.5427115753726766,1.0854231507453531,0.5427115753726766,0.7022832534978031,0.5427115753726766,0.7589727760028357,0.5427115753726766,0.3474040673607523,0.5427115753726766,1.0854231507453531,0.5427115753726766,1.0854231507453531,0.5427115753726766,1.0854231507453531,0.5427115753726766,0.7022832534978031,0.5427115753726766,0.7156017010985378,0.5427115753726766,1.0854231507453531,0.5427115753726766,1.0854231507453531,0.5427115753726766,0.770537099173184,0.5427115753726766,0.5168558330567165,0.5427115753726766,0.5894941410758133,0.5427115753726766,1.0854231507453531,0.5427115753726766,1.0854231507453531,0.5427115753726766,0.3326604884989593,0.5427115753726766,0.2713557876863383,0.5427115753726766,1.0854231507453531,0.5427115753726766,0.9329482235134031,0.5427115753726766,0.3323946387919909
chadi_riad_dnanou,DEF,Crystal Palace,,38.19915662142424,1.061087683928451,28.2076675724043,0.783546321455675,36,1.0610876839284509,0.8274330442935361,1.0610876839284509,0.5305438419642254,1.0610876839284509,0.5778303233531645,1.0610876839284509,0.864219028861202,1.0610876839284509,0.5305438419642254,1.0610876839284509,0.5305438419642254,1.0610876839284509,1.608832297933394,1.0610876839284509,0.5305438419642254,1.0610876839284509,1.1718735995266463,1.0610876839284509,0.5305438419642254,1.0610876839284509,0.5305438419642254,1.0610876839284509,1.5407963543024834,1.0610876839284509,1.1643792080159368,1.0610876839284509,0.5305438419642254,1.0610876839284509,0.5305438419642254,1.0610876839284509,1.0430315102735366,1.0610876839284509,0.5305438419642254,1.0610876839284509,0.5305438419642254,1.0610876839284509,0.5305438419642254,1.0610876839284509,1.608832297933394,1.0610876839284509,0.5305438419642254,1.0610876839284509,1.1718735995266463,1.0610876839284509,0.5305438419642254,1.0610876839284509,1.0430315102735366,1.0610876839284509,0.5305438419642254,1.0610876839284509,0.5305438419642254,1.0610876839284509,0.8274330442935361,1.0610876839284509,0.5305438419642254,1.0610876839284509,0.5305438419642254,1.0610876839284509,0.5305438419642254,1.0610876839284509,1.1643792080159368,1.0610876839284509,1.5407963543024834,1.0610876839284509,0.864219028861202,1.0610876839284509,0.5305438419642254,1.0610876839284509,0.5305438419642254,1.0610876839284509,0.5778303233531645
harvey_elliott,MID,Liverpool,,22.83306093201828,0.6342516925560634,28.15888701542317,0.7821913059839769,36,0.6342516925560637,1.1809788517290467,0.6342516925560637,1.1048435669515848,0.6342516925560637,0.5899615505317435,0.6342516925560637,0.6516517851971362,0.6342516925560637,0.3811620546150732,0.6342516925560637,0.7619959373426459,0.6342516925560637,0.35683655237044826,0.6342516925560637,1.2097646910898179,0.6342516925560637,0.569400989531611,0.6342516925560637,0.6575069557701188,0.6342516925560637,0.6592638502551218,0.6342516925560637,1.0235225132444958,0.6342516925560637,0.6288981621652516,0.6342516925560637,1.0389618481101923,0.6342516925560637,0.41475054907105724,0.6342516925560637,1.0703785564241093,0.6342516925560637,0.9379054479790385,0.6342516925560637,0.6592638502551218,0.6342516925560637,1.2097646910898179,0.6342516925560637,0.569400989531611,0.6342516925560637,0.6575069557701188,0.6342516925560637,0.35683655237044826,0.6342516925560637,0.9379054479790385,0.6342516925560637,0.41475054907105724,0.6342516925560637,1.0389618481101923,0.6342516925560637,1.0703785564241093,0.6342516925560637,1.1809788517290467,0.6342516925560637,1.1048435669515848,0.6342516925560637,0.7760373043839354,0.6342516925560637,0.9072819862822424,0.6342516925560637,0.6288981621652516,0.6342516925560637,1.0235225132444958,0.6342516925560637,0.6516517851971362,0.6342516925560637,0.3811620546150732,0.6342516925560637,0.7619959373426459,0.6342516925560637,0.5899615505317435
federico_chiesa,MID,Liverpool,,22.83306093201828,0.6342516925560634,28.15888701542317,0.7821913059839769,36,0.6342516925560637,1.1809788517290467,0.6342516925560637,1.1048435669515848,0.6342516925560637,0.5899615505317435,0.6342516925560637,0.6516517851971362,0.6342516925560637,0.3811620546150732,0.6342516925560637,0.7619959373426459,0.6342516925560637,0.35683655237044826,0.6342516925560637,1.2097646910898179,0.6342516925560637,0.569400989531611,0.6342516925560637,0.6575069557701188,0.6342516925560637,0.6592638502551218,0.6342516925560637,1.0235225132444958,0.6342516925560637,0.6288981621652516,0.6342516925560637,1.0389618481101923,0.6342516925560637,0.41475054907105724,0.6342516925560637,1.0703785564241093,0.6342516925560637,0.9379054479790385,0.6342516925560637,0.6592638502551218,0.6342516925560637,1.2097646910898179,0.6342516925560637,0.569400989531611,0.6342516925560637,0.6575069557701188,0.6342516925560637,0.35683655237044826,0.6342516925560637,0.9379054479790385,0.6342516925560637,0.41475054907105724,0.6342516925560637,1.0389618481101923,0.6342516925560637,1.0703785564241093,0.6342516925560637,1.1809788517290467,0.6342516925560637,1.1048435669515848,0.6342516925560637,0.7760373043839354,0.6342516925560637,0.9072819862822424,0.6342516925560637,0.6288981621652516,0.6342516925560637,1.0235225132444958,0.6342516925560637,0.6516517851971362,0.6342516925560637,0.3811620546150732,0.6342516925560637,0.7619959373426459,0.6342516925560637,0.5899615505317435
jordan_henderson,MID,Chelsea,,17.87820821045273,0.49661689473479803,27.741495814229506,0.7705971059508196,36,0.4966168947347982,0.3794007793625765,0.4966168947347982,0.44097691369704894,0.4966168947347982,0.405264482082178,0.4966168947347982,0.6272672196242035,0.4966168947347982,0.699083795643569,0.4966168947347982,0.9932337894695964,0.4966168947347982,0.6054065307016073,0.4966168947347982,0.7009517857147655,0.4966168947347982,0.6686659516244915,0.4966168947347982,0.9646531175420482,0.4966168947347982,0.9932337894695964,0.4966168947347982,0.9932337894695964,0.4966168947347982,0.692858378813557,0.4966168947347982,0.9932337894695964,0.4966168947347982,0.9932337894695964,0.4966168947347982,0.9932337894695964,0.4966168947347982,0.8251093004397089,0.4966168947347982,0.9932337894695964,0.4966168947347982,0.7009517857147655,0.4966168947347982,0.6686659516244915,0.4966168947347982,0.9646531175420482,0.4966168947347982,0.6054065307016073,0.4966168947347982,0.8251093004397089,0.4966168947347982,0.9932337894695964,0.4966168947347982,0.9932337894695964,0.4966168947347982,0.9932337894695964,0.4966168947347982,0.3794007793625765,0.4966168947347982,0.44097691369704894,0.4966168947347982,0.9932337894695964,0.4966168947347982,0.8101800406332451,0.4966168947347982,0.692858378813557,0.4966168947347982,0.9932337894695964,0.4966168947347982,0.9932337894695964,0.4966168947347982,0.699083795643569,0.4966168947347982,0.6272672196242035,0.4966168947347982,0.405264482082178
joshua_zirkzee,FWD,Man Utd,,20.920794676021405,0.581133185445039,27.622002252019346,0.7672778403338707,36,0.581133185445039,0.7064187987497312,0.581133185445039,0.6470074426673103,0.581133185445039,1.162266370890078,0.581133185445039,0.9738851688468426,0.581133185445039,0.49142600418543425,0.581133185445039,0.41504999585557983,0.581133185445039,1.0303457326963297,0.581133185445039,0.5487464423346132,0.581133185445039,0.5396181268226385,0.581133185445039,1.0523981253505081,0.581133185445039,0.3769331595014959,0.581133185445039,0.5771789004866658,0.581133185445039,1.162266370890078,0.581133185445039,0.4849794467282862,0.581133185445039,0.7420871577685703,0.581133185445039,0.9894495436914271,0.581133185445039,1.162266370890078,0.581133185445039,0.3769331595014959,0.581133185445039,0.5487464423346132,0.581133185445039,0.5396181268226385,0.581133185445039,1.0523981253505081,0.581133185445039,1.0303457326963297,0.581133185445039,1.162266370890078,0.581133185445039,0.7420871577685703,0.581133185445039,0.4849794467282862,0.581133185445039,0.9894495436914271,0.581133185445039,0.7064187987497312,0.581133185445039,0.6470074426673103,0.581133185445039,0.5051270389657766,0.581133185445039,0.9922288963422455,0.581133185445039,1.162266370890078,0.581133185445039,0.5771789004866658,0.581133185445039,0.41504999585557983,0.581133185445039,0.49142600418543425,0.581133185445039,0.9738851688468426,0.581133185445039,1.162266370890078
trevoh_chalobah,DEF,Chelsea,,26.93391839229493,0.7481643997859703,27.47512436022684,0.76319789889519,36,0.7481643997859699,0.37408219989298497,0.7481643997859699,0.4675530721248151,0.7481643997859699,0.5129938470128884,0.7481643997859699,1.1211745845409105,0.7481643997859699,0.47641998025717086,0.7481643997859699,1.4963287995719399,0.7481643997859699,1.2516135533172723,0.7481643997859699,0.557937798300864,0.7481643997859699,0.621120902234991,0.7481643997859699,0.9289656171381642,0.7481643997859699,0.8956990761092858,0.7481643997859699,0.5052947671923023,0.7481643997859699,0.37408219989298497,0.7481643997859699,1.4963287995719399,0.7481643997859699,1.2596694185578183,0.7481643997859699,0.3924624363272503,0.7481643997859699,0.37408219989298497,0.7481643997859699,0.8956990761092858,0.7481643997859699,0.557937798300864,0.7481643997859699,0.621120902234991,0.7481643997859699,0.9289656171381642,0.7481643997859699,1.2516135533172723,0.7481643997859699,0.37408219989298497,0.7481643997859699,0.3924624363272503,0.7481643997859699,1.4963287995719399,0.7481643997859699,1.2596694185578183,0.7481643997859699,0.37408219989298497,0.7481643997859699,0.4675530721248151,0.7481643997859699,0.8894236564607109,0.7481643997859699,0.37408219989298497,0.7481643997859699,0.37408219989298497,0.7481643997859699,0.5052947671923023,0.7481643997859699,1.4963287995719399,0.7481643997859699,0.47641998025717086,0.7481643997859699,1.1211745845409105,0.7481643997859699,0.5129938470128884
mason_mount,MID,Man Utd,,21.367527378151372,0.5935424271708715,27.349614276504273,0.7597115076806742,36,0.5935424271708716,0.6151367083485438,0.5935424271708716,0.6096588494126408,0.5935424271708716,1.0336466086790388,0.5935424271708716,0.9720103578184357,0.5935424271708716,0.588371487123913,0.5935424271708716,0.551943980305482,0.5935424271708716,0.9575659454133206,0.5935424271708716,1.0014025495964434,0.5935424271708716,0.9943892515925388,0.5935424271708716,0.3565996824302184,0.5935424271708716,0.7260288713071981,0.5935424271708716,0.8774661088356687,0.5935424271708716,1.1318065359196972,0.5935424271708716,0.3338417340186197,0.5935424271708716,0.8488160462605271,0.5935424271708716,0.6167803872190657,0.5935424271708716,0.7128923406185212,0.5935424271708716,0.7260288713071981,0.5935424271708716,1.0014025495964434,0.5935424271708716,0.9943892515925388,0.5935424271708716,0.3565996824302184,0.5935424271708716,0.9575659454133206,0.5935424271708716,0.7128923406185212,0.5935424271708716,0.8488160462605271,0.5935424271708716,0.3338417340186197,0.5935424271708716,0.6167803872190657,0.5935424271708716,0.6151367083485438,0.5935424271708716,0.6096588494126408,0.5935424271708716,0.388023708802437,0.5935424271708716,1.1048756779020892,0.5935424271708716,1.1318065359196972,0.5935424271708716,0.8774661088356687,0.5935424271708716,0.551943980305482,0.5935424271708716,0.588371487123913,0.5935424271708716,0.9720103578184357,0.5935424271708716,1.0336466086790388
bafode_diakite,DEF,Bournemouth,,25.681412004092206,0.713372555669228,27.337558395855883,0.7593766221071079,36,0.7133725556692283,0.35668627783461415,0.7133725556692283,0.5536072491702269,0.7133725556692283,0.5452986380135133,0.7133725556692283,0.35668627783461415,0.7133725556692283,0.6021093849838591,0.7133725556692283,1.3507030158565232,0.7133725556692283,0.6702946557559855,0.7133725556692283,0.4235334420537712,0.7133725556692283,1.0025112442813773,0.7133725556692283,0.9598387712977153,0.7133725556692283,0.35668627783461415,0.7133725556692283,0.5045689565426784,0.7133725556692283,0.3713450478414975,0.7133725556692283,1.3593966589118418,0.7133725556692283,1.4267451113384566,0.7133725556692283,0.9666110119966356,0.7133725556692283,1.4267451113384566,0.7133725556692283,0.35668627783461415,0.7133725556692283,0.4235334420537712,0.7133725556692283,1.0025112442813773,0.7133725556692283,0.9598387712977153,0.7133725556692283,0.6702946557559855,0.7133725556692283,1.4267451113384566,0.7133725556692283,0.9666110119966356,0.7133725556692283,1.3593966589118418,0.7133725556692283,1.4267451113384566,0.7133725556692283,0.35668627783461415,0.7133725556692283,0.5536072491702269,0.7133725556692283,0.35668627783461415,0.7133725556692283,0.5141378522485079,0.7133725556692283,0.3713450478414975,0.7133725556692283,0.5045689565426784,0.7133725556692283,1.3507030158565232,0.7133725556692283,0.6021093849838591,0.7133725556692283,0.35668627783461415,0.7133725556692283,0.5452986380135133
curtis_jones,MID,Liverpool,,22.100294155084853,0.6138970598634681,27.25520191854723,0.7570889421818675,36,0.6138970598634677,1.1430784550461577,0.6138970598634677,1.069386531121776,0.6138970598634677,0.5710282929547184,0.6138970598634677,0.6307387424936833,0.6138970598634677,0.3689296653142606,0.6138970598634677,0.7375416905508819,0.6138970598634677,0.3453848258082038,0.6138970598634677,1.1709404889306276,0.6138970598634677,0.5511275688490289,0.6138970598634677,0.6364060068335974,0.6138970598634677,0.6381065184309525,0.6138970598634677,0.9906752618233213,0.6138970598634677,0.6087153368891631,0.6138970598634677,1.0056191120196072,0.6138970598634677,0.40144022576490745,0.6138970598634677,1.0360275840676294,0.6138970598634677,0.9078058501095214,0.6138970598634677,0.6381065184309525,0.6138970598634677,1.1709404889306276,0.6138970598634677,0.5511275688490289,0.6138970598634677,0.6364060068335974,0.6138970598634677,0.3453848258082038,0.6138970598634677,0.9078058501095214,0.6138970598634677,0.40144022576490745,0.6138970598634677,1.0056191120196072,0.6138970598634677,1.0360275840676294,0.6138970598634677,1.1430784550461577,0.6138970598634677,1.069386531121776,0.6138970598634677,0.751132437007344,0.6138970598634677,0.8781651675238098,0.6138970598634677,0.6087153368891631,0.6138970598634677,0.9906752618233213,0.6138970598634677,0.6307387424936833,0.6138970598634677,0.3689296653142606,0.6138970598634677,0.7375416905508819,0.6138970598634677,0.5710282929547184
omari_hutchinson,MID,Nott'm Forest,,22.83306093201828,0.6342516925560634,26.851359392836212,0.7458710942454503,36,0.6342516925560637,0.9801807397836962,0.6342516925560637,1.0098199921322943,0.6342516925560637,0.884841784632837,0.6342516925560637,1.1413201091392222,0.6342516925560637,0.33664789185524896,0.6342516925560637,1.1141628796689993,0.6342516925560637,0.35959713568851975,0.6342516925560637,0.6147834302652381,0.6342516925560637,0.5565834299844374,0.6342516925560637,0.9656149126573653,0.6342516925560637,0.39128530152826796,0.6342516925560637,0.7188846663958254,0.6342516925560637,0.6219648292486458,0.6342516925560637,0.6203073341835821,0.6342516925560637,0.5371861191706334,0.6342516925560637,0.7321316182055956,0.6342516925560637,1.0423350835929877,0.6342516925560637,0.39128530152826796,0.6342516925560637,0.6147834302652381,0.6342516925560637,0.5565834299844374,0.6342516925560637,0.9656149126573653,0.6342516925560637,0.35959713568851975,0.6342516925560637,1.0423350835929877,0.6342516925560637,0.5371861191706334,0.6342516925560637,0.6203073341835821,0.6342516925560637,0.7321316182055956,0.6342516925560637,0.9801807397836962,0.6342516925560637,1.0098199921322943,0.6342516925560637,0.5933171337917736,0.6342516925560637,1.0027477427776483,0.6342516925560637,0.6219648292486458,0.6342516925560637,0.7188846663958254,0.6342516925560637,1.1413201091392222,0.6342516925560637,0.33664789185524896,0.6342516925560637,1.1141628796689993,0.6342516925560637,0.884841784632837
dilane_bakwa,MID,Nott'm Forest,,22.83306093201828,0.6342516925560634,26.851359392836212,0.7458710942454503,36,0.6342516925560637,0.9801807397836962,0.6342516925560637,1.0098199921322943,0.6342516925560637,0.884841784632837,0.6342516925560637,1.1413201091392222,0.6342516925560637,0.33664789185524896,0.6342516925560637,1.1141628796689993,0.6342516925560637,0.35959713568851975,0.6342516925560637,0.6147834302652381,0.6342516925560637,0.5565834299844374,0.6342516925560637,0.9656149126573653,0.6342516925560637,0.39128530152826796,0.6342516925560637,0.7188846663958254,0.6342516925560637,0.6219648292486458,0.6342516925560637,0.6203073341835821,0.6342516925560637,0.5371861191706334,0.6342516925560637,0.7321316182055956,0.6342516925560637,1.0423350835929877,0.6342516925560637,0.39128530152826796,0.6342516925560637,0.6147834302652381,0.6342516925560637,0.5565834299844374,0.6342516925560637,0.9656149126573653,0.6342516925560637,0.35959713568851975,0.6342516925560637,1.0423350835929877,0.6342516925560637,0.5371861191706334,0.6342516925560637,0.6203073341835821,0.6342516925560637,0.7321316182055956,0.6342516925560637,0.9801807397836962,0.6342516925560637,1.0098199921322943,0.6342516925560637,0.5933171337917736,0.6342516925560637,1.0027477427776483,0.6342516925560637,0.6219648292486458,0.6342516925560637,0.7188846663958254,0.6342516925560637,1.1413201091392222,0.6342516925560637,0.33664789185524896,0.6342516925560637,1.1141628796689993,0.6342516925560637,0.884841784632837
ali_al_hamadi,FWD,Ipswich Town,,17.867715947117645,0.49632544297549014,26.63627099481118,0.7398964165225328,36,0.4963254429754904,0.5710429338023281,0.4963254429754904,0.9926508859509808,0.4963254429754904,0.7475572877924296,0.4963254429754904,0.9926508859509808,0.4963254429754904,0.6846860953841146,0.4963254429754904,0.7853028033071949,0.4963254429754904,0.5345432481527949,0.4963254429754904,0.43922054417181433,0.4963254429754904,0.9926508859509808,0.4963254429754904,0.5807028392271594,0.4963254429754904,0.6107910692389293,0.4963254429754904,0.5200443299211878,0.4963254429754904,0.39888396358460687,0.4963254429754904,0.9926508859509808,0.4963254429754904,0.9926508859509808,0.4963254429754904,0.9926508859509808,0.4963254429754904,0.513222355453927,0.4963254429754904,0.6107910692389293,0.4963254429754904,0.43922054417181433,0.4963254429754904,0.5345432481527949,0.4963254429754904,0.5807028392271594,0.4963254429754904,0.9926508859509808,0.4963254429754904,0.513222355453927,0.4963254429754904,0.9926508859509808,0.4963254429754904,0.9926508859509808,0.4963254429754904,0.9926508859509808,0.4963254429754904,0.5710429338023281,0.4963254429754904,0.9926508859509808,0.4963254429754904,0.9926508859509808,0.4963254429754904,0.9598145373754604,0.4963254429754904,0.39888396358460687,0.4963254429754904,0.5200443299211878,0.4963254429754904,0.9926508859509808,0.4963254429754904,0.6846860953841146,0.4963254429754904,0.7853028033071949,0.4963254429754904,0.7475572877924296
jack_butland,GK,Hull City,,13.299859173229692,0.36944053258971365,26.271326761935196,0.7297590767204221,36,0.36944053258971365,0.7388810651794273,0.36944053258971365,0.6567831690483799,0.36944053258971365,0.7388810651794273,0.36944053258971365,0.7388810651794273,0.36944053258971365,0.7388810651794273,0.36944053258971365,0.7388810651794273,0.36944053258971365,0.7388810651794273,0.36944053258971365,0.7388810651794273,0.36944053258971365,0.7388810651794273,0.36944053258971365,0.7388810651794273,0.36944053258971365,0.7388810651794273,0.36944053258971365,0.7388810651794273,0.36944053258971365,0.7388810651794273,0.36944053258971365,0.7388810651794273,0.36944053258971365,0.6567831690483799,0.36944053258971365,0.7388810651794273,0.36944053258971365,0.7388810651794273,0.36944053258971365,0.7388810651794273,0.36944053258971365,0.7388810651794273,0.36944053258971365,0.7388810651794273,0.36944053258971365,0.7388810651794273,0.36944053258971365,0.7388810651794273,0.36944053258971365,0.7388810651794273,0.36944053258971365,0.6567831690483799,0.36944053258971365,0.7388810651794273,0.36944053258971365,0.7388810651794273,0.36944053258971365,0.7388810651794273,0.36944053258971365,0.6567831690483799,0.36944053258971365,0.7388810651794273,0.36944053258971365,0.7388810651794273,0.36944053258971365,0.7388810651794273,0.36944053258971365,0.7388810651794273,0.36944053258971365,0.7388810651794273,0.36944053258971365,0.7388810651794273,0.36944053258971365,0.7388810651794273,0.36944053258971365,0.7388810651794273
tom_watson,MID,Brighton,,16.26612130119911,0.4518367028110864,26.23364781932189,0.7287124394256081,36,0.4518367028110868,0.6512387293502909,0.4518367028110868,0.9036734056221736,0.4518367028110868,0.36951258078316135,0.4518367028110868,0.6826831082929951,0.4518367028110868,0.9036734056221736,0.4518367028110868,0.9036734056221736,0.4518367028110868,0.674800637212102,0.4518367028110868,0.39470220626728636,0.4518367028110868,0.42948387644261854,0.4518367028110868,0.8036047462683189,0.4518367028110868,0.6109189589790291,0.4518367028110868,0.9036734056221736,0.4518367028110868,0.6808638030368361,0.4518367028110868,0.9036734056221736,0.4518367028110868,0.9036734056221736,0.4518367028110868,0.9036734056221736,0.4518367028110868,0.5896280180509221,0.4518367028110868,0.6109189589790291,0.4518367028110868,0.39470220626728636,0.4518367028110868,0.674800637212102,0.4518367028110868,0.8036047462683189,0.4518367028110868,0.42948387644261854,0.4518367028110868,0.5896280180509221,0.4518367028110868,0.9036734056221736,0.4518367028110868,0.9036734056221736,0.4518367028110868,0.9036734056221736,0.4518367028110868,0.6512387293502909,0.4518367028110868,0.9036734056221736,0.4518367028110868,0.9036734056221736,0.4518367028110868,0.9036734056221736,0.4518367028110868,0.6808638030368361,0.4518367028110868,0.9036734056221736,0.4518367028110868,0.6826831082929951,0.4518367028110868,0.9036734056221736,0.4518367028110868,0.9036734056221736,0.4518367028110868,0.36951258078316135
facundo_buonanotte,MID,Brighton,,16.26612130119911,0.4518367028110864,26.23364781932189,0.7287124394256081,36,0.4518367028110868,0.6512387293502909,0.4518367028110868,0.9036734056221736,0.4518367028110868,0.36951258078316135,0.4518367028110868,0.6826831082929951,0.4518367028110868,0.9036734056221736,0.4518367028110868,0.9036734056221736,0.4518367028110868,0.674800637212102,0.4518367028110868,0.39470220626728636,0.4518367028110868,0.42948387644261854,0.4518367028110868,0.8036047462683189,0.4518367028110868,0.6109189589790291,0.4518367028110868,0.9036734056221736,0.4518367028110868,0.6808638030368361,0.4518367028110868,0.9036734056221736,0.4518367028110868,0.9036734056221736,0.4518367028110868,0.9036734056221736,0.4518367028110868,0.5896280180509221,0.4518367028110868,0.6109189589790291,0.4518367028110868,0.39470220626728636,0.4518367028110868,0.674800637212102,0.4518367028110868,0.8036047462683189,0.4518367028110868,0.42948387644261854,0.4518367028110868,0.5896280180509221,0.4518367028110868,0.9036734056221736,0.4518367028110868,0.9036734056221736,0.4518367028110868,0.9036734056221736,0.4518367028110868,0.6512387293502909,0.4518367028110868,0.9036734056221736,0.4518367028110868,0.9036734056221736,0.4518367028110868,0.9036734056221736,0.4518367028110868,0.6808638030368361,0.4518367028110868,0.9036734056221736,0.4518367028110868,0.6826831082929951,0.4518367028110868,0.9036734056221736,0.4518367028110868,0.9036734056221736,0.4518367028110868,0.36951258078316135
kasey_mcateer,MID,Ipswich Town,,27.116492584772228,0.7532359051325619,26.107714115541363,0.72521428098726,36,0.7532359051325616,0.9720040562885598,0.7532359051325616,1.1063278711892544,0.7532359051325616,0.6012890573074894,0.7532359051325616,1.0103776713152055,0.7532359051325616,0.5959345132022036,0.7532359051325616,0.8297079224123833,0.7532359051325616,0.3792887124313419,0.7532359051325616,0.5395188924676899,0.7532359051325616,0.950128945019163,0.7532359051325616,0.9788594744226942,0.7532359051325616,0.8577130290558428,0.7532359051325616,0.5751263614053195,0.7532359051325616,0.709684871153827,0.7532359051325616,0.6968440634977673,0.7532359051325616,0.3766179525662808,0.7532359051325616,0.936009698028117,0.7532359051325616,0.3766179525662808,0.7532359051325616,0.8577130290558428,0.7532359051325616,0.5395188924676899,0.7532359051325616,0.3792887124313419,0.7532359051325616,0.9788594744226942,0.7532359051325616,0.950128945019163,0.7532359051325616,0.3766179525662808,0.7532359051325616,0.936009698028117,0.7532359051325616,0.6968440634977673,0.7532359051325616,0.3766179525662808,0.7532359051325616,0.9720040562885598,0.7532359051325616,1.1063278711892544,0.7532359051325616,0.6028957344983623,0.7532359051325616,0.520716292384163,0.7532359051325616,0.709684871153827,0.7532359051325616,0.5751263614053195,0.7532359051325616,1.0103776713152055,0.7532359051325616,0.5959345132022036,0.7532359051325616,0.8297079224123833,0.7532359051325616,0.6012890573074894
josh_dasilva,MID,Brentford,,18.464421631999503,0.5129006008888751,26.02548982990739,0.7229302730529831,36,0.512900600888875,0.5837936338401767,0.512900600888875,0.5224248186482993,0.512900600888875,0.9063532409565672,0.512900600888875,0.9478453684327108,0.512900600888875,0.9412071568232854,0.512900600888875,0.36727135893421436,0.512900600888875,0.8034195223725279,0.512900600888875,0.6747653114311781,0.512900600888875,0.5822378624820523,0.512900600888875,0.5042179586552707,0.512900600888875,0.31598715372415653,0.512900600888875,0.5770529713277249,0.512900600888875,0.9783649452734381,0.512900600888875,0.6871992719553991,0.512900600888875,1.02580120177775,0.512900600888875,0.830537317437159,0.512900600888875,1.02580120177775,0.512900600888875,0.31598715372415653,0.512900600888875,0.6747653114311781,0.512900600888875,0.5822378624820523,0.512900600888875,0.5042179586552707,0.512900600888875,0.8034195223725279,0.512900600888875,1.02580120177775,0.512900600888875,0.830537317437159,0.512900600888875,0.6871992719553991,0.512900600888875,1.02580120177775,0.512900600888875,0.5837936338401767,0.512900600888875,0.5224248186482993,0.512900600888875,0.9200251348452314,0.512900600888875,0.5569041033628381,0.512900600888875,0.9783649452734381,0.512900600888875,0.5770529713277249,0.512900600888875,0.9478453684327108,0.512900600888875,0.9412071568232854,0.512900600888875,0.36727135893421436,0.512900600888875,0.9063532409565672
gabriel_gudmundsson,DEF,Leeds,,16.457916293340656,0.4571643414816849,25.744693506511098,0.7151303751808639,36,0.45716434148168505,0.2559277809743428,0.45716434148168505,0.3471250757648401,0.45716434148168505,0.9143286829633701,0.45716434148168505,0.5393295158642608,0.45716434148168505,0.9143286829633701,0.45716434148168505,0.8744841623397129,0.45716434148168505,0.9143286829633701,0.45716434148168505,0.9143286829633701,0.45716434148168505,0.36250972800453884,0.45716434148168505,0.9143286829633701,0.45716434148168505,0.3468476665056585,0.45716434148168505,0.6151262487084072,0.45716434148168505,0.7919740741144844,0.45716434148168505,0.9143286829633701,0.45716434148168505,0.9143286829633701,0.45716434148168505,0.7328196043924403,0.45716434148168505,0.7467171584823049,0.45716434148168505,0.3468476665056585,0.45716434148168505,0.9143286829633701,0.45716434148168505,0.36250972800453884,0.45716434148168505,0.9143286829633701,0.45716434148168505,0.9143286829633701,0.45716434148168505,0.7467171584823049,0.45716434148168505,0.9143286829633701,0.45716434148168505,0.9143286829633701,0.45716434148168505,0.7328196043924403,0.45716434148168505,0.2559277809743428,0.45716434148168505,0.3471250757648401,0.45716434148168505,0.9143286829633701,0.45716434148168505,0.8040412317585722,0.45716434148168505,0.7919740741144844,0.45716434148168505,0.6151262487084072,0.45716434148168505,0.5393295158642608,0.45716434148168505,0.9143286829633701,0.45716434148168505,0.8744841623397129,0.45716434148168505,0.9143286829633701
sebastiaan_bornauw,DEF,Leeds,,16.457916293340656,0.4571643414816849,25.744693506511098,0.7151303751808639,36,0.45716434148168505,0.2559277809743428,0.45716434148168505,0.3471250757648401,0.45716434148168505,0.9143286829633701,0.45716434148168505,0.5393295158642608,0.45716434148168505,0.9143286829633701,0.45716434148168505,0.8744841623397129,0.45716434148168505,0.9143286829633701,0.45716434148168505,0.9143286829633701,0.45716434148168505,0.36250972800453884,0.45716434148168505,0.9143286829633701,0.45716434148168505,0.3468476665056585,0.45716434148168505,0.6151262487084072,0.45716434148168505,0.7919740741144844,0.45716434148168505,0.9143286829633701,0.45716434148168505,0.9143286829633701,0.45716434148168505,0.7328196043924403,0.45716434148168505,0.7467171584823049,0.45716434148168505,0.3468476665056585,0.45716434148168505,0.9143286829633701,0.45716434148168505,0.36250972800453884,0.45716434148168505,0.9143286829633701,0.45716434148168505,0.9143286829633701,0.45716434148168505,0.7467171584823049,0.45716434148168505,0.9143286829633701,0.45716434148168505,0.9143286829633701,0.45716434148168505,0.7328196043924403,0.45716434148168505,0.2559277809743428,0.45716434148168505,0.3471250757648401,0.45716434148168505,0.9143286829633701,0.45716434148168505,0.8040412317585722,0.45716434148168505,0.7919740741144844,0.45716434148168505,0.6151262487084072,0.45716434148168505,0.5393295158642608,0.45716434148168505,0.9143286829633701,0.45716434148168505,0.8744841623397129,0.45716434148168505,0.9143286829633701
emile_smith_rowe,MID,Fulham,,37.527069209663985,1.042418589157333,25.60461119269028,0.7112391997969523,36,1.0424185891573325,1.0519747779445257,1.0424185891573325,0.9242501955375737,1.0424185891573325,0.5212092945786663,1.0424185891573325,1.0269434828567061,1.0424185891573325,0.5212092945786663,1.0424185891573325,0.8155742043371116,1.0424185891573325,0.9307688119054506,1.0424185891573325,0.6748185634518142,1.0424185891573325,0.5666566788392199,1.0424185891573325,0.5212092945786663,1.0424185891573325,0.9034497927642091,1.0424185891573325,0.5717481580406767,1.0424185891573325,0.5212092945786663,1.0424185891573325,0.546870816586258,1.0424185891573325,0.6626086154478007,1.0424185891573325,0.5212092945786663,1.0424185891573325,0.7889449684570673,1.0424185891573325,0.9034497927642091,1.0424185891573325,0.6748185634518142,1.0424185891573325,0.9307688119054506,1.0424185891573325,0.5212092945786663,1.0424185891573325,0.5666566788392199,1.0424185891573325,0.7889449684570673,1.0424185891573325,0.5212092945786663,1.0424185891573325,0.546870816586258,1.0424185891573325,0.6626086154478007,1.0424185891573325,1.0519747779445257,1.0424185891573325,0.9242501955375737,1.0424185891573325,0.8900242142309817,1.0424185891573325,0.573275900335807,1.0424185891573325,0.5212092945786663,1.0424185891573325,0.5717481580406767,1.0424185891573325,1.0269434828567061,1.0424185891573325,0.5212092945786663,1.0424185891573325,0.8155742043371116,1.0424185891573325,0.5212092945786663
alex_toth,MID,Bournemouth,,24.363777248124787,0.6767715902256886,25.55196646967875,0.7097768463799653,36,0.6767715902256888,0.6706050015211457,0.6767715902256888,0.3383857951128444,0.6767715902256888,0.9184791844106573,0.6767715902256888,0.8844669098686444,0.6767715902256888,0.5696963700142508,0.6767715902256888,0.492042263038009,0.6767715902256888,0.5434561594049635,0.6767715902256888,1.0205312556319845,0.6767715902256888,0.7840188021295155,0.6767715902256888,0.954739698350425,0.6767715902256888,0.6584712923387525,0.6767715902256888,0.35840260644620875,0.6767715902256888,0.3383857951128444,0.6767715902256888,0.8104817652651156,0.6767715902256888,0.8978086591925575,0.6767715902256888,1.0454062555054016,0.6767715902256888,0.9249570985879665,0.6767715902256888,0.6584712923387525,0.6767715902256888,1.0205312556319845,0.6767715902256888,0.7840188021295155,0.6767715902256888,0.954739698350425,0.6767715902256888,0.5434561594049635,0.6767715902256888,0.9249570985879665,0.6767715902256888,1.0454062555054016,0.6767715902256888,0.8104817652651156,0.6767715902256888,0.8978086591925575,0.6767715902256888,0.6706050015211457,0.6767715902256888,0.3383857951128444,0.6767715902256888,0.563118478885883,0.6767715902256888,0.5681781669302853,0.6767715902256888,0.3383857951128444,0.6767715902256888,0.35840260644620875,0.6767715902256888,0.492042263038009,0.6767715902256888,0.5696963700142508,0.6767715902256888,0.8844669098686444,0.6767715902256888,0.9184791844106573
rodrigo_muniz_carvalho,FWD,Fulham,,28.5497128876137,0.7930475802114917,25.53410909436627,0.7092808081768408,36,0.7930475802114912,1.5860951604229825,0.7930475802114912,0.480657204508696,0.7930475802114912,0.80789332127765,0.7930475802114912,0.8838138376796355,0.7930475802114912,0.4499347564557378,0.7930475802114912,0.514113931722141,0.7930475802114912,0.48878812227770047,0.7930475802114912,0.3965237901057456,0.7930475802114912,0.5763127167724026,0.7930475802114912,0.3965237901057456,0.7930475802114912,0.8674744221931211,0.7930475802114912,0.6292325408316733,0.7930475802114912,0.9374087263147624,0.7930475802114912,0.43773075375632464,0.7930475802114912,1.3220072529997913,0.7930475802114912,0.4319885739961627,0.7930475802114912,0.6610036264998956,0.7930475802114912,0.8674744221931211,0.7930475802114912,0.3965237901057456,0.7930475802114912,0.48878812227770047,0.7930475802114912,0.3965237901057456,0.7930475802114912,0.5763127167724026,0.7930475802114912,0.6610036264998956,0.7930475802114912,0.4319885739961627,0.7930475802114912,0.43773075375632464,0.7930475802114912,1.3220072529997913,0.7930475802114912,1.5860951604229825,0.7930475802114912,0.480657204508696,0.7930475802114912,0.9177658698594056,0.7930475802114912,0.8813381686665274,0.7930475802114912,0.9374087263147624,0.7930475802114912,0.6292325408316733,0.7930475802114912,0.8838138376796355,0.7930475802114912,0.4499347564557378,0.7930475802114912,0.514113931722141,0.7930475802114912,0.80789332127765
aladji_bamba,MID,Newcastle,,24.475685836329088,0.6798801621202525,25.522189353037216,0.7089497042510338,36,0.6798801621202527,0.5310074649928519,0.6798801621202527,0.5660531919902893,0.6798801621202527,0.37330506957294585,0.6798801621202527,0.8441817841949975,0.6798801621202527,0.9634170283083429,0.6798801621202527,1.088874488980617,0.6798801621202527,0.5918031462965179,0.6798801621202527,0.9944379954453563,0.6798801621202527,0.33994008106012635,0.6798801621202527,0.6858506807070287,0.6798801621202527,0.5125014939415676,0.6798801621202527,0.5933844766152488,0.6798801621202527,1.0629651808691352,0.6798801621202527,0.3430730294036791,0.6798801621202527,0.5865330752550103,0.6798801621202527,0.81661848494225,0.6798801621202527,0.9212432481933905,0.6798801621202527,0.5125014939415676,0.6798801621202527,0.9944379954453563,0.6798801621202527,0.33994008106012635,0.6798801621202527,0.6858506807070287,0.6798801621202527,0.5918031462965179,0.6798801621202527,0.9212432481933905,0.6798801621202527,0.5865330752550103,0.6798801621202527,0.3430730294036791,0.6798801621202527,0.81661848494225,0.6798801621202527,0.5310074649928519,0.6798801621202527,0.5660531919902893,0.6798801621202527,0.9566697609638715,0.6798801621202527,0.9351397505346358,0.6798801621202527,1.0629651808691352,0.6798801621202527,0.5933844766152488,0.6798801621202527,0.8441817841949975,0.6798801621202527,0.9634170283083429,0.6798801621202527,1.088874488980617,0.6798801621202527,0.37330506957294585
jeremy_monga,MID,Man City,,18.464421631999503,0.5129006008888751,25.4724964353476,0.7075693454263222,36,0.512900600888875,0.830439178620731,0.512900600888875,0.5041583787271384,0.512900600888875,0.583724651008147,0.512900600888875,0.9410959409219106,0.512900600888875,1.02580120177775,0.512900600888875,0.9477333681400547,0.512900600888875,0.674685579108933,0.512900600888875,0.8033245878772736,0.512900600888875,0.9782493386947234,0.512900600888875,0.31594981572064745,0.512900600888875,0.5568382978795438,0.512900600888875,0.3374880743447881,0.512900600888875,0.906246143499938,0.512900600888875,0.3672279610329799,0.512900600888875,0.6871180703985468,0.512900600888875,0.5821690634846998,0.512900600888875,0.9199164218760221,0.512900600888875,0.5568382978795438,0.512900600888875,0.8033245878772736,0.512900600888875,0.674685579108933,0.512900600888875,0.31594981572064745,0.512900600888875,0.9782493386947234,0.512900600888875,0.9199164218760221,0.512900600888875,0.6871180703985468,0.512900600888875,0.3672279610329799,0.512900600888875,0.5821690634846998,0.512900600888875,0.830439178620731,0.512900600888875,0.5041583787271384,0.512900600888875,0.5223630873421939,0.512900600888875,1.02580120177775,0.512900600888875,0.906246143499938,0.512900600888875,0.3374880743447881,0.512900600888875,0.9410959409219106,0.512900600888875,1.02580120177775,0.512900600888875,0.9477333681400547,0.512900600888875,0.583724651008147
claudio_echeverri,MID,Man City,,18.464421631999503,0.5129006008888751,25.4724964353476,0.7075693454263222,36,0.512900600888875,0.830439178620731,0.512900600888875,0.5041583787271384,0.512900600888875,0.583724651008147,0.512900600888875,0.9410959409219106,0.512900600888875,1.02580120177775,0.512900600888875,0.9477333681400547,0.512900600888875,0.674685579108933,0.512900600888875,0.8033245878772736,0.512900600888875,0.9782493386947234,0.512900600888875,0.31594981572064745,0.512900600888875,0.5568382978795438,0.512900600888875,0.3374880743447881,0.512900600888875,0.906246143499938,0.512900600888875,0.3672279610329799,0.512900600888875,0.6871180703985468,0.512900600888875,0.5821690634846998,0.512900600888875,0.9199164218760221,0.512900600888875,0.5568382978795438,0.512900600888875,0.8033245878772736,0.512900600888875,0.674685579108933,0.512900600888875,0.31594981572064745,0.512900600888875,0.9782493386947234,0.512900600888875,0.9199164218760221,0.512900600888875,0.6871180703985468,0.512900600888875,0.3672279610329799,0.512900600888875,0.5821690634846998,0.512900600888875,0.830439178620731,0.512900600888875,0.5041583787271384,0.512900600888875,0.5223630873421939,0.512900600888875,1.02580120177775,0.512900600888875,0.906246143499938,0.512900600888875,0.3374880743447881,0.512900600888875,0.9410959409219106,0.512900600888875,1.02580120177775,0.512900600888875,0.9477333681400547,0.512900600888875,0.583724651008147
kaden_braithwaite,DEF,Man City,,17.588179300476924,0.488560536124359,25.37834379648288,0.7049539943467467,36,0.488560536124359,0.977121072248718,0.488560536124359,0.977121072248718,0.488560536124359,0.7221245624621948,0.488560536124359,0.6539900393635203,0.488560536124359,0.507954051470873,0.488560536124359,0.977121072248718,0.488560536124359,0.2442802680621795,0.488560536124359,0.977121072248718,0.488560536124359,0.977121072248718,0.488560536124359,0.4453632294773694,0.488560536124359,0.8039008311114668,0.488560536124359,0.6639547606348406,0.488560536124359,0.2993503942063089,0.488560536124359,0.6051419327821229,0.488560536124359,0.2866461786862687,0.488560536124359,0.6166181442432741,0.488560536124359,0.977121072248718,0.488560536124359,0.8039008311114668,0.488560536124359,0.977121072248718,0.488560536124359,0.2442802680621795,0.488560536124359,0.4453632294773694,0.488560536124359,0.977121072248718,0.488560536124359,0.977121072248718,0.488560536124359,0.2866461786862687,0.488560536124359,0.6051419327821229,0.488560536124359,0.6166181442432741,0.488560536124359,0.977121072248718,0.488560536124359,0.977121072248718,0.488560536124359,0.977121072248718,0.488560536124359,0.977121072248718,0.488560536124359,0.2993503942063089,0.488560536124359,0.6639547606348406,0.488560536124359,0.6539900393635203,0.488560536124359,0.507954051470873,0.488560536124359,0.977121072248718,0.488560536124359,0.7221245624621948
fabio_freitas_gouveia_carvalho,MID,Brentford,,17.87820821045273,0.49661689473479803,25.19922558266011,0.6999784884072252,36,0.4966168947347982,0.5652591966186188,0.4966168947347982,0.5058387350685125,0.4966168947347982,0.8775780946183598,0.4966168947347982,0.9177529188775485,0.4966168947347982,0.9113254589947717,0.4966168947347982,0.3556111291015163,0.4966168947347982,0.7779123434023916,0.4966168947347982,0.6533426809346113,0.4966168947347982,0.563752818307792,0.4966168947347982,0.4882099113608794,0.4966168947347982,0.3059551086245992,0.4966168947347982,0.5587325384716257,0.4966168947347982,0.9473035519885161,0.4966168947347982,0.6653818847376335,0.4966168947347982,0.9932337894695964,0.4966168947347982,0.8041691954195518,0.4966168947347982,0.9932337894695964,0.4966168947347982,0.3059551086245992,0.4966168947347982,0.6533426809346113,0.4966168947347982,0.563752818307792,0.4966168947347982,0.4882099113608794,0.4966168947347982,0.7779123434023916,0.4966168947347982,0.9932337894695964,0.4966168947347982,0.8041691954195518,0.4966168947347982,0.6653818847376335,0.4966168947347982,0.9932337894695964,0.4966168947347982,0.5652591966186188,0.4966168947347982,0.5058387350685125,0.4966168947347982,0.8908159295445917,0.4966168947347982,0.5392233621832722,0.4966168947347982,0.9473035519885161,0.4966168947347982,0.5587325384716257,0.4966168947347982,0.9177529188775485,0.4966168947347982,0.9113254589947717,0.4966168947347982,0.3556111291015163,0.4966168947347982,0.8775780946183598
liam_delap,FWD,Nott'm Forest,14974.0,40.32459788688241,1.120127719080067,25.19044205071883,0.6997345014088564,36,1.1201277190800671,0.6693005380074801,1.1201277190800671,0.5600638595400336,1.1201277190800671,0.5600638595400336,1.1201277190800671,1.252391703063845,1.1201277190800671,0.5600638595400336,1.1201277190800671,0.6819072262233746,1.1201277190800671,0.7232584025580648,1.1201277190800671,0.5600638595400336,1.1201277190800671,0.5600638595400336,1.1201277190800671,0.7081029419966616,1.1201277190800671,0.5600638595400336,1.1201277190800671,1.0199956829223586,1.1201277190800671,0.6799971219482391,1.1201277190800671,0.5600638595400336,1.1201277190800671,0.6233306951192192,1.1201277190800671,0.5600638595400336,1.1201277190800671,1.1963619776598702,1.1201277190800671,0.5600638595400336,1.1201277190800671,0.5600638595400336,1.1201277190800671,0.5600638595400336,1.1201277190800671,0.7081029419966616,1.1201277190800671,0.7232584025580648,1.1201277190800671,1.1963619776598702,1.1201277190800671,0.6233306951192192,1.1201277190800671,0.5600638595400336,1.1201277190800671,0.5600638595400336,1.1201277190800671,0.6693005380074801,1.1201277190800671,0.5600638595400336,1.1201277190800671,0.5600638595400336,1.1201277190800671,0.5600638595400336,1.1201277190800671,0.6799971219482391,1.1201277190800671,1.0199956829223586,1.1201277190800671,1.252391703063845,1.1201277190800671,0.5600638595400336,1.1201277190800671,0.6819072262233746,1.1201277190800671,0.5600638595400336
ollie_watkins,FWD,Aston Villa,,34.25311602702399,0.9514754451951108,25.18025515158098,0.6994515319883605,36,0.9514754451951112,0.4757377225975556,0.9514754451951112,0.5708893802808278,0.9514754451951112,0.7492121305258502,0.9514754451951112,0.8096123309782769,0.9514754451951112,0.4757377225975556,0.9514754451951112,0.4977443338220613,0.9514754451951112,1.3392024288984712,0.9514754451951112,0.6977536870099006,0.9514754451951112,0.761185840374437,0.9514754451951112,0.7633240028473989,0.9514754451951112,0.5434496285444834,0.9514754451951112,1.401921861438687,0.9514754451951112,0.4757377225975556,0.9514754451951112,0.7926473739051623,0.9514754451951112,0.4757377225975556,0.9514754451951112,0.4757377225975556,0.9514754451951112,0.4757377225975556,0.9514754451951112,0.5434496285444834,0.9514754451951112,0.6977536870099006,0.9514754451951112,1.3392024288984712,0.9514754451951112,0.7633240028473989,0.9514754451951112,0.761185840374437,0.9514754451951112,0.4757377225975556,0.9514754451951112,0.4757377225975556,0.9514754451951112,0.7926473739051623,0.9514754451951112,0.4757377225975556,0.9514754451951112,0.4757377225975556,0.9514754451951112,0.5708893802808278,0.9514754451951112,1.1417787605616556,0.9514754451951112,0.4757377225975556,0.9514754451951112,0.4757377225975556,0.9514754451951112,1.401921861438687,0.9514754451951112,0.8096123309782769,0.9514754451951112,0.4757377225975556,0.9514754451951112,0.4977443338220613,0.9514754451951112,0.7492121305258502
david_brooks,MID,Bournemouth,,23.93060388206978,0.6647389967241605,25.097667810966136,0.6971574391935038,36,0.6647389967241603,0.6586820462731202,0.6647389967241603,0.33236949836208013,0.6647389967241603,0.9021491746625482,0.6647389967241603,0.8687416179892181,0.6647389967241603,0.5595675097921604,0.6647389967241603,0.4832940463246949,0.6647389967241603,0.5337938344101434,0.6647389967241603,1.0023868211847153,0.6647389967241603,0.7700794174392778,0.6647389967241603,0.9377649983837913,0.6647389967241603,0.6467640671721402,0.6647389967241603,0.352030422779608,0.6647389967241603,0.33236949836208013,0.6647389967241603,0.796071884941114,0.6647389967241603,0.8818461590015938,0.6647389967241603,1.0268195584600117,0.6647389967241603,0.908511915405926,0.6647389967241603,0.6467640671721402,0.6647389967241603,1.0023868211847153,0.6647389967241603,0.7700794174392778,0.6647389967241603,0.9377649983837913,0.6647389967241603,0.5337938344101434,0.6647389967241603,0.908511915405926,0.6647389967241603,1.0268195584600117,0.6647389967241603,0.796071884941114,0.6647389967241603,0.8818461590015938,0.6647389967241603,0.6586820462731202,0.6647389967241603,0.33236949836208013,0.6647389967241603,0.5531065696280294,0.6647389967241603,0.5580762994496544,0.6647389967241603,0.33236949836208013,0.6647389967241603,0.352030422779608,0.6647389967241603,0.4832940463246949,0.6647389967241603,0.5595675097921604,0.6647389967241603,0.8687416179892181,0.6647389967241603,0.9021491746625482
lucas_estella_perri,GK,Leeds,,14.046984726366327,0.3901940201768424,24.76431381389025,0.6878976059413958,36,0.3901940201768421,0.6243104322829474,0.3901940201768421,0.6243104322829474,0.3901940201768421,0.7803880403536843,0.3901940201768421,0.6243104322829474,0.3901940201768421,0.7803880403536843,0.3901940201768421,0.7803880403536843,0.3901940201768421,0.7803880403536843,0.3901940201768421,0.7803880403536843,0.3901940201768421,0.41620695485529824,0.3901940201768421,0.7803880403536843,0.3901940201768421,0.6243104322829474,0.3901940201768421,0.6243104322829474,0.3901940201768421,0.41620695485529824,0.3901940201768421,0.7803880403536843,0.3901940201768421,0.7803880403536843,0.3901940201768421,0.6243104322829474,0.3901940201768421,0.7803880403536843,0.3901940201768421,0.6243104322829474,0.3901940201768421,0.7803880403536843,0.3901940201768421,0.41620695485529824,0.3901940201768421,0.7803880403536843,0.3901940201768421,0.7803880403536843,0.3901940201768421,0.7803880403536843,0.3901940201768421,0.7803880403536843,0.3901940201768421,0.7803880403536843,0.3901940201768421,0.6243104322829474,0.3901940201768421,0.6243104322829474,0.3901940201768421,0.6243104322829474,0.3901940201768421,0.7803880403536843,0.3901940201768421,0.7803880403536843,0.3901940201768421,0.41620695485529824,0.3901940201768421,0.6243104322829474,0.3901940201768421,0.6243104322829474,0.3901940201768421,0.7803880403536843,0.3901940201768421,0.7803880403536843,0.3901940201768421,0.7803880403536843
shumaira_mheuka,FWD,Chelsea,,14.814637218213928,0.41151770050594244,24.759531068925206,0.6877647519145891,36,0.41151770050594205,0.5319092708064956,0.41151770050594205,0.5540064775393704,0.41151770050594205,0.8230354010118841,0.41151770050594205,0.4552129830101196,0.41151770050594205,0.7747765614848575,0.41151770050594205,0.8230354010118841,0.41151770050594205,0.8230354010118841,0.41151770050594205,0.8230354010118841,0.41151770050594205,0.5389796398693003,0.41151770050594205,0.8138964272122898,0.41151770050594205,0.8230354010118841,0.41151770050594205,0.5918351515481985,0.41151770050594205,0.7096161690092344,0.41151770050594205,0.6018467833408885,0.41151770050594205,0.6330305544984476,0.41151770050594205,0.8230354010118841,0.41151770050594205,0.4134077090602106,0.41151770050594205,0.8230354010118841,0.41151770050594205,0.8230354010118841,0.41151770050594205,0.5389796398693003,0.41151770050594205,0.8138964272122898,0.41151770050594205,0.8230354010118841,0.41151770050594205,0.4134077090602106,0.41151770050594205,0.8230354010118841,0.41151770050594205,0.6018467833408885,0.41151770050594205,0.6330305544984476,0.41151770050594205,0.5319092708064956,0.41151770050594205,0.5540064775393704,0.41151770050594205,0.8230354010118841,0.41151770050594205,0.8230354010118841,0.41151770050594205,0.7096161690092344,0.41151770050594205,0.5918351515481985,0.41151770050594205,0.8230354010118841,0.41151770050594205,0.7747765614848575,0.41151770050594205,0.4552129830101196,0.41151770050594205,0.8230354010118841
mohamed_ali_cho,MID,Hull City,,28.161469950080953,0.7822630541689154,24.720832528172146,0.6866897924492262,36,0.7822630541689158,0.8803362729094418,0.7822630541689158,0.841799370083372,0.7822630541689158,0.6382543671861024,0.7822630541689158,0.5407687022322545,0.7822630541689158,0.9086821312335324,0.7822630541689158,0.3911315270844579,0.7822630541689158,0.971299840113841,0.7822630541689158,0.3911315270844579,0.7822630541689158,0.6267059998785789,0.7822630541689158,0.9949748459174796,0.7822630541689158,0.746196976282768,0.7822630541689158,0.4852157672983182,0.7822630541689158,0.854497500506757,0.7822630541689158,0.5359530984362585,0.7822630541689158,0.8741708595818558,0.7822630541689158,0.5172393082777615,0.7822630541689158,0.542213665730019,0.7822630541689158,0.746196976282768,0.7822630541689158,0.3911315270844579,0.7822630541689158,0.971299840113841,0.7822630541689158,0.9949748459174796,0.7822630541689158,0.6267059998785789,0.7822630541689158,0.542213665730019,0.7822630541689158,0.8741708595818558,0.7822630541689158,0.5359530984362585,0.7822630541689158,0.5172393082777615,0.7822630541689158,0.8803362729094418,0.7822630541689158,0.841799370083372,0.7822630541689158,0.46830566803376217,0.7822630541689158,0.7713833404638725,0.7822630541689158,0.854497500506757,0.7822630541689158,0.4852157672983182,0.7822630541689158,0.5407687022322545,0.7822630541689158,0.9086821312335324,0.7822630541689158,0.3911315270844579,0.7822630541689158,0.6382543671861024
mohammed_kudus,MID,Spurs,,43.49551247617998,1.2082086798938885,24.625791706596118,0.68404976962767,36,1.2082086798938887,0.669644018395099,1.2082086798938887,0.6041043399469443,1.2082086798938887,0.7900218549085223,1.2082086798938887,0.6041043399469443,1.2082086798938887,0.6922464928824867,1.2082086798938887,0.7554384844511597,1.2082086798938887,0.8928995629831419,1.2082086798938887,0.6041043399469443,1.2082086798938887,0.8716533953815887,1.2082086798938887,0.6041043399469443,1.2082086798938887,0.8154596884515642,1.2082086798938887,0.6041043399469443,1.2082086798938887,0.6041043399469443,1.2082086798938887,0.7844889563750568,1.2082086798938887,0.6041043399469443,1.2082086798938887,0.6041043399469443,1.2082086798938887,0.6041043399469443,1.2082086798938887,0.8154596884515642,1.2082086798938887,0.6041043399469443,1.2082086798938887,0.8928995629831419,1.2082086798938887,0.6041043399469443,1.2082086798938887,0.8716533953815887,1.2082086798938887,0.6041043399469443,1.2082086798938887,0.6041043399469443,1.2082086798938887,0.7844889563750568,1.2082086798938887,0.6041043399469443,1.2082086798938887,0.669644018395099,1.2082086798938887,0.6041043399469443,1.2082086798938887,0.6041043399469443,1.2082086798938887,0.6041043399469443,1.2082086798938887,0.6041043399469443,1.2082086798938887,0.6041043399469443,1.2082086798938887,0.7554384844511597,1.2082086798938887,0.6922464928824867,1.2082086798938887,0.6041043399469443,1.2082086798938887,0.7900218549085223
darnell_furlong,DEF,Ipswich Town,,21.903471099377512,0.6084297527604865,24.575642616987157,0.6826567393607543,36,0.6084297527604869,0.489008045631064,0.6084297527604869,0.8668287960224578,0.6084297527604869,0.46106395429281294,0.6084297527604869,0.8607556464529185,0.6084297527604869,0.30421487638024347,0.6084297527604869,0.8990230859095851,0.6084297527604869,0.45248284540722794,0.6084297527604869,1.085036750813839,0.6084297527604869,1.2168595055209739,0.6084297527604869,1.2168595055209739,0.6084297527604869,1.2168595055209739,0.6084297527604869,0.601100858792276,0.6084297527604869,0.30421487638024347,0.6084297527604869,0.30421487638024347,0.6084297527604869,0.49645896778713994,0.6084297527604869,0.30421487638024347,0.6084297527604869,0.33301149762865284,0.6084297527604869,1.2168595055209739,0.6084297527604869,1.085036750813839,0.6084297527604869,0.45248284540722794,0.6084297527604869,1.2168595055209739,0.6084297527604869,1.2168595055209739,0.6084297527604869,0.33301149762865284,0.6084297527604869,0.30421487638024347,0.6084297527604869,0.30421487638024347,0.6084297527604869,0.49645896778713994,0.6084297527604869,0.489008045631064,0.6084297527604869,0.8668287960224578,0.6084297527604869,0.5399542802448415,0.6084297527604869,1.2112713950985774,0.6084297527604869,0.30421487638024347,0.6084297527604869,0.601100858792276,0.6084297527604869,0.8607556464529185,0.6084297527604869,0.30421487638024347,0.6084297527604869,0.8990230859095851,0.6084297527604869,0.46106395429281294
nicolas_dominguez,MID,Nott'm Forest,,20.83001616978085,0.5786115602716904,24.495806847739,0.6804390791038611,36,0.5786115602716906,0.8941937622726527,0.5786115602716906,0.9212328923971542,0.5786115602716906,0.8072184774733374,0.5786115602716906,1.0411970781774904,0.5786115602716906,0.30711524187430206,0.5786115602716906,1.016422233899037,0.5786115602716906,0.3280512487265826,0.5786115602716906,0.5608511636466907,0.5786115602716906,0.5077567953296362,0.5786115602716906,0.8809057315758027,0.5786115602716906,0.35695955010579267,0.5786115602716906,0.6558200527654321,0.5786115602716906,0.5674025698462979,0.5786115602716906,0.5658904795878168,0.5786115602716906,0.49006112591830386,0.5786115602716906,0.6679049073199471,0.5786115602716906,0.9508955768223684,0.5786115602716906,0.35695955010579267,0.5786115602716906,0.5608511636466907,0.5786115602716906,0.5077567953296362,0.5786115602716906,0.8809057315758027,0.5786115602716906,0.3280512487265826,0.5786115602716906,0.9508955768223684,0.5786115602716906,0.49006112591830386,0.5786115602716906,0.5658904795878168,0.5786115602716906,0.6679049073199471,0.5786115602716906,0.8941937622726527,0.5786115602716906,0.9212328923971542,0.5786115602716906,0.5412680116558618,0.5786115602716906,0.9147810606058493,0.5786115602716906,0.5674025698462979,0.5786115602716906,0.6558200527654321,0.5786115602716906,1.0411970781774904,0.5786115602716906,0.30711524187430206,0.5786115602716906,1.016422233899037,0.5786115602716906,0.8072184774733374
tammy_abraham,FWD,Aston Villa,,33.145437138540494,0.9207065871816804,24.365974867824356,0.6768326352173433,36,0.9207065871816803,0.46035329359084015,0.9207065871816803,0.5524279324610848,0.9207065871816803,0.7249840731624122,0.9207065871816803,0.7834310490717479,0.9207065871816803,0.46035329359084015,0.9207065871816803,0.4816482539792229,0.9207065871816803,1.2958952373213213,0.9207065871816803,0.6751896952302147,0.9207065871816803,0.7365705766147796,0.9207065871816803,0.7386395950884167,0.9207065871816803,0.5258755287160763,0.9207065871816803,1.3565864458813406,0.9207065871816803,0.46035329359084015,0.9207065871816803,0.7670147055840102,0.9207065871816803,0.46035329359084015,0.9207065871816803,0.46035329359084015,0.9207065871816803,0.46035329359084015,0.9207065871816803,0.5258755287160763,0.9207065871816803,0.6751896952302147,0.9207065871816803,1.2958952373213213,0.9207065871816803,0.7386395950884167,0.9207065871816803,0.7365705766147796,0.9207065871816803,0.46035329359084015,0.9207065871816803,0.46035329359084015,0.9207065871816803,0.7670147055840102,0.9207065871816803,0.46035329359084015,0.9207065871816803,0.46035329359084015,0.9207065871816803,0.5524279324610848,0.9207065871816803,1.1048558649221696,0.9207065871816803,0.46035329359084015,0.9207065871816803,0.46035329359084015,0.9207065871816803,1.3565864458813406,0.9207065871816803,0.7834310490717479,0.9207065871816803,0.46035329359084015,0.9207065871816803,0.4816482539792229,0.9207065871816803,0.7249840731624122
kevin_santos_lopes_de_macedo,MID,Fulham,,35.32817005612785,0.9813380571146626,24.104308636056608,0.6695641287793502,36,0.981338057114663,0.9903343008840934,0.981338057114663,0.8700937421980259,0.981338057114663,0.4906690285573315,0.981338057114663,0.9667697148875968,0.981338057114663,0.4906690285573315,0.981338057114663,0.767785622246056,0.981338057114663,0.8762304001472085,0.981338057114663,0.6352775601383309,0.981338057114663,0.5334534226914079,0.981338057114663,0.4906690285573315,0.981338057114663,0.8505121393207049,0.981338057114663,0.5382465665967142,0.981338057114663,0.4906690285573315,0.981338057114663,0.5148269133182818,0.981338057114663,0.623783054211095,0.981338057114663,0.4906690285573315,0.981338057114663,0.7427167268207591,0.981338057114663,0.8505121393207049,0.981338057114663,0.6352775601383309,0.981338057114663,0.8762304001472085,0.981338057114663,0.4906690285573315,0.981338057114663,0.5334534226914079,0.981338057114663,0.7427167268207591,0.981338057114663,0.4906690285573315,0.981338057114663,0.5148269133182818,0.981338057114663,0.623783054211095,0.981338057114663,0.9903343008840934,0.981338057114663,0.8700937421980259,0.981338057114663,0.8378732327523867,0.981338057114663,0.5396847908103546,0.981338057114663,0.4906690285573315,0.981338057114663,0.5382465665967142,0.981338057114663,0.9667697148875968,0.981338057114663,0.4906690285573315,0.981338057114663,0.767785622246056,0.981338057114663,0.4906690285573315
kenny_tete,DEF,Fulham,,19.537616713416362,0.5427115753726768,24.03120342650384,0.6675334285139956,36,0.5427115753726766,0.931232446222356,0.5427115753726766,0.5253403678384853,0.5427115753726766,1.0854231507453531,0.5427115753726766,0.4080318539781757,0.5427115753726766,0.48610141810668256,0.5427115753726766,1.0854231507453531,0.5427115753726766,1.0854231507453531,0.5427115753726766,0.2713557876863383,0.5427115753726766,0.2713557876863383,0.5427115753726766,1.0854231507453531,0.5427115753726766,1.0854231507453531,0.5427115753726766,0.4953200862629452,0.5427115753726766,0.5333448786459863,0.5427115753726766,0.6457614533896816,0.5427115753726766,0.2713557876863383,0.5427115753726766,0.3577535875364094,0.5427115753726766,0.965818707619704,0.5427115753726766,1.0854231507453531,0.5427115753726766,0.2713557876863383,0.5427115753726766,1.0854231507453531,0.5427115753726766,1.0854231507453531,0.5427115753726766,0.2713557876863383,0.5427115753726766,0.965818707619704,0.5427115753726766,0.3577535875364094,0.5427115753726766,0.6457614533896816,0.5427115753726766,0.2713557876863383,0.5427115753726766,0.931232446222356,0.5427115753726766,0.5253403678384853,0.5427115753726766,0.2713557876863383,0.5427115753726766,0.5800718060450868,0.5427115753726766,0.5333448786459863,0.5427115753726766,0.4953200862629452,0.5427115753726766,0.4080318539781757,0.5427115753726766,0.48610141810668256,0.5427115753726766,1.0854231507453531,0.5427115753726766,1.0854231507453531
george_hirst,FWD,Ipswich Town,,16.115811806169756,0.447661439060271,24.024622500211755,0.667350625005882,36,0.4476614390602711,0.515052986158868,0.4476614390602711,0.8953228781205422,0.4476614390602711,0.6742603587414279,0.4476614390602711,0.8953228781205422,0.4476614390602711,0.6175535973467047,0.4476614390602711,0.7083049801336181,0.4476614390602711,0.48213204278517835,0.4476614390602711,0.3961555943818488,0.4476614390602711,0.8953228781205422,0.4476614390602711,0.5237657515930585,0.4476614390602711,0.5509038734372584,0.4476614390602711,0.46905472286890126,0.4476614390602711,0.3597739581631075,0.4476614390602711,0.8953228781205422,0.4476614390602711,0.8953228781205422,0.4476614390602711,0.8953228781205422,0.4476614390602711,0.4629016332973937,0.4476614390602711,0.5509038734372584,0.4476614390602711,0.3961555943818488,0.4476614390602711,0.48213204278517835,0.4476614390602711,0.5237657515930585,0.4476614390602711,0.8953228781205422,0.4476614390602711,0.4629016332973937,0.4476614390602711,0.8953228781205422,0.4476614390602711,0.8953228781205422,0.4476614390602711,0.8953228781205422,0.4476614390602711,0.515052986158868,0.4476614390602711,0.8953228781205422,0.4476614390602711,0.8953228781205422,0.4476614390602711,0.8657060868299776,0.4476614390602711,0.3597739581631075,0.4476614390602711,0.46905472286890126,0.4476614390602711,0.8953228781205422,0.4476614390602711,0.6175535973467047,0.4476614390602711,0.7083049801336181,0.4476614390602711,0.6742603587414279
kevin_danso,DEF,Spurs,,25.681412004092206,0.713372555669228,23.97893350428366,0.6660814862301017,36,0.7133725556692283,0.8646590688330525,0.7133725556692283,0.44344036948501936,0.7133725556692283,1.4267451113384566,0.7133725556692283,1.1649720824804037,0.7133725556692283,1.172470289958732,0.7133725556692283,0.35668627783461415,0.7133725556692283,0.8336953648394216,0.7133725556692283,0.5781245409423764,0.7133725556692283,0.36529468743104265,0.7133725556692283,0.5193152127974159,0.7133725556692283,0.8278543537085797,0.7133725556692283,0.35668627783461415,0.7133725556692283,0.4351872626017205,0.7133725556692283,0.47031633337806217,0.7133725556692283,1.0435625973487943,0.7133725556692283,0.35668627783461415,0.7133725556692283,0.35668627783461415,0.7133725556692283,0.8278543537085797,0.7133725556692283,0.5781245409423764,0.7133725556692283,0.8336953648394216,0.7133725556692283,0.5193152127974159,0.7133725556692283,0.36529468743104265,0.7133725556692283,0.35668627783461415,0.7133725556692283,0.35668627783461415,0.7133725556692283,0.47031633337806217,0.7133725556692283,1.0435625973487943,0.7133725556692283,0.8646590688330525,0.7133725556692283,0.44344036948501936,0.7133725556692283,0.4774824534859813,0.7133725556692283,0.35668627783461415,0.7133725556692283,0.4351872626017205,0.7133725556692283,0.35668627783461415,0.7133725556692283,0.35668627783461415,0.7133725556692283,1.172470289958732,0.7133725556692283,1.1649720824804037,0.7133725556692283,1.4267451113384566
dayann_methalie,DEF,Sunderland,,16.457916293340656,0.4571643414816849,23.782542355925365,0.6606261765534823,36,0.45716434148168505,0.6490778924124115,0.45716434148168505,0.4353842211640392,0.45716434148168505,0.2799995118052049,0.45716434148168505,0.22858217074084253,0.45716434148168505,0.9143286829633701,0.45716434148168505,0.7858882684529637,0.45716434148168505,0.9143286829633701,0.45716434148168505,0.29264301498263806,0.45716434148168505,0.9143286829633701,0.45716434148168505,0.9143286829633701,0.45716434148168505,0.6393364451561534,0.45716434148168505,0.280223455814757,0.45716434148168505,0.9143286829633701,0.45716434148168505,0.9143286829633701,0.45716434148168505,0.6028019214833156,0.45716434148168505,0.9143286829633701,0.45716434148168505,0.5915828511644871,0.45716434148168505,0.6393364451561534,0.45716434148168505,0.29264301498263806,0.45716434148168505,0.9143286829633701,0.45716434148168505,0.9143286829633701,0.45716434148168505,0.9143286829633701,0.45716434148168505,0.5915828511644871,0.45716434148168505,0.6028019214833156,0.45716434148168505,0.9143286829633701,0.45716434148168505,0.9143286829633701,0.45716434148168505,0.6490778924124115,0.45716434148168505,0.4353842211640392,0.45716434148168505,0.4965726051211913,0.45716434148168505,0.9143286829633701,0.45716434148168505,0.9143286829633701,0.45716434148168505,0.280223455814757,0.45716434148168505,0.22858217074084253,0.45716434148168505,0.9143286829633701,0.45716434148168505,0.7858882684529637,0.45716434148168505,0.2799995118052049
toby_collyer,MID,Man Utd,,18.464421631999503,0.5129006008888751,23.633750435265277,0.6564930676462577,36,0.512900600888875,0.5315609683449708,0.512900600888875,0.5268273604153724,0.512900600888875,0.8932098910354772,0.512900600888875,0.8399478685485154,0.512900600888875,0.5084322122180144,0.512900600888875,0.4769539399315447,0.512900600888875,0.8274659507227197,0.512900600888875,0.8653466810584108,0.512900600888875,0.8592862469668479,0.512900600888875,0.30815015578083843,0.512900600888875,0.6273867331289041,0.512900600888875,0.7582489033288168,0.512900600888875,0.9780332892631627,0.512900600888875,0.2884842231011066,0.512900600888875,0.7334913904070596,0.512900600888875,0.532981328275056,0.512900600888875,0.616035001263782,0.512900600888875,0.6273867331289041,0.512900600888875,0.8653466810584108,0.512900600888875,0.8592862469668479,0.512900600888875,0.30815015578083843,0.512900600888875,0.8274659507227197,0.512900600888875,0.616035001263782,0.512900600888875,0.7334913904070596,0.512900600888875,0.2884842231011066,0.512900600888875,0.532981328275056,0.512900600888875,0.5315609683449708,0.512900600888875,0.5268273604153724,0.512900600888875,0.3353047470465085,0.512900600888875,0.9547614006375706,0.512900600888875,0.9780332892631627,0.512900600888875,0.7582489033288168,0.512900600888875,0.4769539399315447,0.512900600888875,0.5084322122180144,0.512900600888875,0.8399478685485154,0.512900600888875,0.8932098910354772
jack_fletcher,MID,Man Utd,,18.464421631999503,0.5129006008888751,23.633750435265277,0.6564930676462577,36,0.512900600888875,0.5315609683449708,0.512900600888875,0.5268273604153724,0.512900600888875,0.8932098910354772,0.512900600888875,0.8399478685485154,0.512900600888875,0.5084322122180144,0.512900600888875,0.4769539399315447,0.512900600888875,0.8274659507227197,0.512900600888875,0.8653466810584108,0.512900600888875,0.8592862469668479,0.512900600888875,0.30815015578083843,0.512900600888875,0.6273867331289041,0.512900600888875,0.7582489033288168,0.512900600888875,0.9780332892631627,0.512900600888875,0.2884842231011066,0.512900600888875,0.7334913904070596,0.512900600888875,0.532981328275056,0.512900600888875,0.616035001263782,0.512900600888875,0.6273867331289041,0.512900600888875,0.8653466810584108,0.512900600888875,0.8592862469668479,0.512900600888875,0.30815015578083843,0.512900600888875,0.8274659507227197,0.512900600888875,0.616035001263782,0.512900600888875,0.7334913904070596,0.512900600888875,0.2884842231011066,0.512900600888875,0.532981328275056,0.512900600888875,0.5315609683449708,0.512900600888875,0.5268273604153724,0.512900600888875,0.3353047470465085,0.512900600888875,0.9547614006375706,0.512900600888875,0.9780332892631627,0.512900600888875,0.7582489033288168,0.512900600888875,0.4769539399315447,0.512900600888875,0.5084322122180144,0.512900600888875,0.8399478685485154,0.512900600888875,0.8932098910354772
james_maddison,MID,Spurs,,41.14309251640591,1.1428636810112751,23.29392548321134,0.6470534856447594,36,1.1428636810112751,0.6334268579310477,1.1428636810112751,0.5714318405056376,1.1428636810112751,0.7472941555587944,1.1428636810112751,0.5714318405056376,1.1428636810112751,0.654806895686519,1.1428636810112751,0.7145811989972266,1.1428636810112751,0.8446078051797268,1.1428636810112751,0.5714318405056376,1.1428636810112751,0.8245107195383407,1.1428636810112751,0.5714318405056376,1.1428636810112751,0.7713562042460346,1.1428636810112751,0.5714318405056376,1.1428636810112751,0.5714318405056376,1.1428636810112751,0.7420604994116017,1.1428636810112751,0.5714318405056376,1.1428636810112751,0.5714318405056376,1.1428636810112751,0.5714318405056376,1.1428636810112751,0.7713562042460346,1.1428636810112751,0.5714318405056376,1.1428636810112751,0.8446078051797268,1.1428636810112751,0.5714318405056376,1.1428636810112751,0.8245107195383407,1.1428636810112751,0.5714318405056376,1.1428636810112751,0.5714318405056376,1.1428636810112751,0.7420604994116017,1.1428636810112751,0.5714318405056376,1.1428636810112751,0.6334268579310477,1.1428636810112751,0.5714318405056376,1.1428636810112751,0.5714318405056376,1.1428636810112751,0.5714318405056376,1.1428636810112751,0.5714318405056376,1.1428636810112751,0.5714318405056376,1.1428636810112751,0.7145811989972266,1.1428636810112751,0.654806895686519,1.1428636810112751,0.5714318405056376,1.1428636810112751,0.7472941555587944
cathal_mccarthy,DEF,Hull City,,13.031503726261015,0.3619862146183615,23.28179075248233,0.6467164097911758,36,0.3619862146183612,0.7239724292367224,0.3619862146183612,0.4364145554642719,0.3619862146183612,0.4178934354791098,0.3619862146183612,0.7239724292367224,0.3619862146183612,0.7239724292367224,0.3619862146183612,0.7239724292367224,0.3619862146183612,0.7239724292367224,0.3619862146183612,0.6492825784573577,0.3619862146183612,0.30810375594521133,0.3619862146183612,0.7239724292367224,0.3619862146183612,0.7239724292367224,0.3619862146183612,0.7239724292367224,0.3619862146183612,0.7239724292367224,0.3619862146183612,0.41755947081781974,0.3619862146183612,0.7239724292367224,0.3619862146183612,0.7239724292367224,0.3619862146183612,0.7239724292367224,0.3619862146183612,0.7239724292367224,0.3619862146183612,0.6492825784573577,0.3619862146183612,0.7239724292367224,0.3619862146183612,0.7239724292367224,0.3619862146183612,0.30810375594521133,0.3619862146183612,0.7239724292367224,0.3619862146183612,0.7239724292367224,0.3619862146183612,0.41755947081781974,0.3619862146183612,0.7239724292367224,0.3619862146183612,0.7239724292367224,0.3619862146183612,0.4364145554642719,0.3619862146183612,0.7239724292367224,0.3619862146183612,0.7239724292367224,0.3619862146183612,0.7239724292367224,0.3619862146183612,0.7239724292367224,0.3619862146183612,0.7239724292367224,0.3619862146183612,0.7239724292367224,0.3619862146183612,0.7239724292367224,0.3619862146183612,0.4178934354791098
sean_neave,FWD,Newcastle,,14.814637218213928,0.41151770050594244,23.229972767791537,0.6452770213275427,36,0.41151770050594205,0.35883340660728735,0.41151770050594205,0.42486464025559323,0.41151770050594205,0.4367099336741382,0.41151770050594205,0.499002706063259,0.41151770050594205,0.47442129197147276,0.41151770050594205,0.8230354010118841,0.41151770050594205,0.6107376619153049,0.41151770050594205,0.8230354010118841,0.41151770050594205,0.4192912389874652,0.41151770050594205,0.8230354010118841,0.41151770050594205,0.7841471095279784,0.41151770050594205,0.8230354010118841,0.41151770050594205,0.8230354010118841,0.41151770050594205,0.8230354010118841,0.41151770050594205,0.5593732973638309,0.41151770050594205,0.6415749077956188,0.41151770050594205,0.8230354010118841,0.41151770050594205,0.7841471095279784,0.41151770050594205,0.8230354010118841,0.41151770050594205,0.4192912389874652,0.41151770050594205,0.8230354010118841,0.41151770050594205,0.6107376619153049,0.41151770050594205,0.8230354010118841,0.41151770050594205,0.5593732973638309,0.41151770050594205,0.8230354010118841,0.41151770050594205,0.6415749077956188,0.41151770050594205,0.35883340660728735,0.41151770050594205,0.42486464025559323,0.41151770050594205,0.4665293642893731,0.41151770050594205,0.8230354010118841,0.41151770050594205,0.8230354010118841,0.41151770050594205,0.8230354010118841,0.41151770050594205,0.499002706063259,0.41151770050594205,0.47442129197147276,0.41151770050594205,0.8230354010118841,0.41151770050594205,0.4367099336741382
tyler_dibling,MID,Everton,,22.83306093201828,0.6342516925560634,23.22377083945354,0.6451047455403761,36,0.6342516925560637,0.45663310354761555,0.6342516925560637,0.8331990669007876,0.6342516925560637,0.9470900967923157,0.6342516925560637,0.33261064505031085,0.6342516925560637,0.8208174386176452,0.6342516925560637,0.31712584627803186,0.6342516925560637,0.6223458147852218,0.6342516925560637,0.7521565354095834,0.6342516925560637,0.31712584627803186,0.6342516925560637,0.8523820655806611,0.6342516925560637,0.858393805379263,0.6342516925560637,0.8860331404178416,0.6342516925560637,0.611085291660052,0.6342516925560637,0.7275979438140849,0.6342516925560637,0.5286989371872772,0.6342516925560637,0.5225944151443955,0.6342516925560637,0.5043470680322159,0.6342516925560637,0.858393805379263,0.6342516925560637,0.7521565354095834,0.6342516925560637,0.31712584627803186,0.6342516925560637,0.8523820655806611,0.6342516925560637,0.6223458147852218,0.6342516925560637,0.5043470680322159,0.6342516925560637,0.5286989371872772,0.6342516925560637,0.7275979438140849,0.6342516925560637,0.5225944151443955,0.6342516925560637,0.45663310354761555,0.6342516925560637,0.8331990669007876,0.6342516925560637,0.9701750007654274,0.6342516925560637,0.4731217169374406,0.6342516925560637,0.611085291660052,0.6342516925560637,0.8860331404178416,0.6342516925560637,0.33261064505031085,0.6342516925560637,0.8208174386176452,0.6342516925560637,0.31712584627803186,0.6342516925560637,0.9470900967923157
gustavo_hamer,MID,Coventry City,,37.36497744064226,1.0379160400178404,23.103314022469206,0.6417587228463668,36,1.0379160400178402,0.5189580200089201,1.0379160400178402,0.5562750920452683,1.0379160400178402,0.6623373507609936,1.0379160400178402,0.5665256227378255,1.0379160400178402,0.7584667704456981,1.0379160400178402,0.8065619864653559,1.0379160400178402,0.5189580200089201,1.0379160400178402,0.5189580200089201,1.0379160400178402,0.8831568935078111,1.0379160400178402,0.5189580200089201,1.0379160400178402,0.8621425486074225,1.0379160400178402,0.5189580200089201,1.0379160400178402,0.7814017120282344,1.0379160400178402,0.5189580200089201,1.0379160400178402,0.7471956901122725,1.0379160400178402,0.5189580200089201,1.0379160400178402,0.7759291844523624,1.0379160400178402,0.8621425486074225,1.0379160400178402,0.5189580200089201,1.0379160400178402,0.5189580200089201,1.0379160400178402,0.5189580200089201,1.0379160400178402,0.8831568935078111,1.0379160400178402,0.7759291844523624,1.0379160400178402,0.5189580200089201,1.0379160400178402,0.5189580200089201,1.0379160400178402,0.7471956901122725,1.0379160400178402,0.5189580200089201,1.0379160400178402,0.5562750920452683,1.0379160400178402,0.5189580200089201,1.0379160400178402,0.5189580200089201,1.0379160400178402,0.7814017120282344,1.0379160400178402,0.5189580200089201,1.0379160400178402,0.5665256227378255,1.0379160400178402,0.7584667704456981,1.0379160400178402,0.8065619864653559,1.0379160400178402,0.6623373507609936
tom_king,GK,Everton,,14.065993053234452,0.39072202925651256,23.096013284940533,0.6415559245816814,36,0.3907220292565128,0.7814440585130256,0.3907220292565128,0.7814440585130256,0.3907220292565128,0.5209627056753503,0.3907220292565128,0.5209627056753503,0.3907220292565128,0.3473084704502336,0.3907220292565128,0.5209627056753503,0.3907220292565128,0.5209627056753503,0.3907220292565128,0.7814440585130256,0.3907220292565128,0.7814440585130256,0.3907220292565128,0.3473084704502336,0.3907220292565128,0.7814440585130256,0.3907220292565128,0.7814440585130256,0.3907220292565128,0.5209627056753503,0.3907220292565128,0.7814440585130256,0.3907220292565128,0.7814440585130256,0.3907220292565128,0.5209627056753503,0.3907220292565128,0.6946169409004672,0.3907220292565128,0.7814440585130256,0.3907220292565128,0.7814440585130256,0.3907220292565128,0.7814440585130256,0.3907220292565128,0.3473084704502336,0.3907220292565128,0.5209627056753503,0.3907220292565128,0.6946169409004672,0.3907220292565128,0.7814440585130256,0.3907220292565128,0.7814440585130256,0.3907220292565128,0.5209627056753503,0.3907220292565128,0.7814440585130256,0.3907220292565128,0.7814440585130256,0.3907220292565128,0.7814440585130256,0.3907220292565128,0.7814440585130256,0.3907220292565128,0.5209627056753503,0.3907220292565128,0.7814440585130256,0.3907220292565128,0.5209627056753503,0.3907220292565128,0.3473084704502336,0.3907220292565128,0.5209627056753503,0.3907220292565128,0.5209627056753503
veljko_milosavljevic,DEF,Bournemouth,,21.695917342817808,0.6026643706338279,23.095046612562957,0.6415290725711933,36,0.6026643706338275,0.30133218531691375,0.6026643706338275,0.4676930192338362,0.6026643706338275,0.460673820255955,0.6026643706338275,0.30133218531691375,0.6026643706338275,0.5086681155172886,0.6026643706338275,1.1410876077237595,0.6026643706338275,0.5662717238560347,0.6026643706338275,0.35780534766754685,0.6026643706338275,0.8469316674530335,0.6026643706338275,0.8108815294575203,0.6026643706338275,0.30133218531691375,0.6026643706338275,0.4262649722358492,0.6026643706338275,0.31371606289989246,0.6026643706338275,1.148432085554889,0.6026643706338275,1.205328741267655,0.6026643706338275,0.8166027870895395,0.6026643706338275,1.205328741267655,0.6026643706338275,0.30133218531691375,0.6026643706338275,0.35780534766754685,0.6026643706338275,0.8469316674530335,0.6026643706338275,0.8108815294575203,0.6026643706338275,0.5662717238560347,0.6026643706338275,1.205328741267655,0.6026643706338275,0.8166027870895395,0.6026643706338275,1.148432085554889,0.6026643706338275,1.205328741267655,0.6026643706338275,0.30133218531691375,0.6026643706338275,0.4676930192338362,0.6026643706338275,0.30133218531691375,0.6026643706338275,0.43434887238365416,0.6026643706338275,0.31371606289989246,0.6026643706338275,0.4262649722358492,0.6026643706338275,1.1410876077237595,0.6026643706338275,0.5086681155172886,0.6026643706338275,0.30133218531691375,0.6026643706338275,0.460673820255955
tatsuhiro_sakamoto,MID,Coventry City,,37.26583485348752,1.035162079263542,23.042012705542824,0.6400559084873007,36,1.0351620792635414,0.5175810396317707,1.0351620792635414,0.554799096191056,1.0351620792635414,0.6605799339760381,1.0351620792635414,0.5650224285764771,1.0351620792635414,0.7564542880880584,1.0351620792635414,0.8044218903776255,1.0351620792635414,0.5175810396317707,1.0351620792635414,0.5175810396317707,1.0351620792635414,0.880813563863761,1.0351620792635414,0.5175810396317707,1.0351620792635414,0.8598549775015408,1.0351620792635414,0.5175810396317707,1.0351620792635414,0.7793283751056923,1.0351620792635414,0.5175810396317707,1.0351620792635414,0.7452131139432839,1.0351620792635414,0.5175810396317707,1.0351620792635414,0.7738703680937096,1.0351620792635414,0.8598549775015408,1.0351620792635414,0.5175810396317707,1.0351620792635414,0.5175810396317707,1.0351620792635414,0.5175810396317707,1.0351620792635414,0.880813563863761,1.0351620792635414,0.7738703680937096,1.0351620792635414,0.5175810396317707,1.0351620792635414,0.5175810396317707,1.0351620792635414,0.7452131139432839,1.0351620792635414,0.5175810396317707,1.0351620792635414,0.554799096191056,1.0351620792635414,0.5175810396317707,1.0351620792635414,0.5175810396317707,1.0351620792635414,0.7793283751056923,1.0351620792635414,0.5175810396317707,1.0351620792635414,0.5650224285764771,1.0351620792635414,0.7564542880880584,1.0351620792635414,0.8044218903776255,1.0351620792635414,0.6605799339760381
enes_unal,FWD,Bournemouth,,18.668346494802684,0.5185651804111857,22.9616791599964,0.6378244211110111,36,0.5185651804111857,0.289740093092625,0.5185651804111857,0.808954911827942,0.5185651804111857,0.4147923905310822,0.5185651804111857,0.7920037305920246,0.5185651804111857,0.7605677443681408,0.5185651804111857,0.6971870990041289,0.5185651804111857,0.3777481832299749,0.5185651804111857,0.7627041706163658,0.5185651804111857,0.5704258082761056,0.5185651804111857,1.0371303608223714,0.5185651804111857,1.0371303608223714,0.5185651804111857,0.3882798623689813,0.5185651804111857,0.3727928586301671,0.5185651804111857,0.4436645175480821,0.5185651804111857,0.7486037573780799,0.5185651804111857,1.0371303608223714,0.5185651804111857,0.42180912259497455,0.5185651804111857,1.0371303608223714,0.5185651804111857,0.7627041706163658,0.5185651804111857,0.5704258082761056,0.5185651804111857,1.0371303608223714,0.5185651804111857,0.3777481832299749,0.5185651804111857,0.42180912259497455,0.5185651804111857,1.0371303608223714,0.5185651804111857,0.4436645175480821,0.5185651804111857,0.7486037573780799,0.5185651804111857,0.289740093092625,0.5185651804111857,0.808954911827942,0.5185651804111857,0.49734015685426497,0.5185651804111857,0.5430083380905499,0.5185651804111857,0.3727928586301671,0.5185651804111857,0.3882798623689813,0.5185651804111857,0.6971870990041289,0.5185651804111857,0.7605677443681408,0.5185651804111857,0.7920037305920246,0.5185651804111857,0.4147923905310822
antoni_milambo,MID,Brentford,,16.26612130119911,0.4518367028110864,22.926998902730066,0.6368610806313907,36,0.4518367028110868,0.5142894942593346,0.4518367028110868,0.4602270052240985,0.4518367028110868,0.798446442188289,0.4518367028110868,0.8349986826008516,0.4518367028110868,0.8291507899663587,0.4518367028110868,0.3235454970615965,0.4518367028110868,0.7077676012345165,0.4518367028110868,0.5944304470690526,0.4518367028110868,0.5129189468285759,0.4518367028110868,0.4441877813013029,0.4518367028110868,0.2783669846008163,0.4518367028110868,0.5083513481173526,0.4518367028110868,0.8618847204549807,0.4518367028110868,0.6053840698887779,0.4518367028110868,0.9036734056221736,0.4518367028110868,0.7316568598711316,0.4518367028110868,0.9036734056221736,0.4518367028110868,0.2783669846008163,0.4518367028110868,0.5944304470690526,0.4518367028110868,0.5129189468285759,0.4518367028110868,0.4441877813013029,0.4518367028110868,0.7077676012345165,0.4518367028110868,0.9036734056221736,0.4518367028110868,0.7316568598711316,0.4518367028110868,0.6053840698887779,0.4518367028110868,0.9036734056221736,0.4518367028110868,0.5142894942593346,0.4518367028110868,0.4602270052240985,0.4518367028110868,0.8104906149678319,0.4518367028110868,0.49060132393946543,0.4518367028110868,0.8618847204549807,0.4518367028110868,0.5083513481173526,0.4518367028110868,0.8349986826008516,0.4518367028110868,0.8291507899663587,0.4518367028110868,0.3235454970615965,0.4518367028110868,0.798446442188289
chris_wood,FWD,Nott'm Forest,,36.589757115975516,1.016382142110431,22.85731797910108,0.6349254994194744,36,1.016382142110432,0.6073103119833442,1.016382142110432,0.508191071055216,1.016382142110432,0.508191071055216,1.016382142110432,1.1363959129292602,1.016382142110432,0.508191071055216,1.016382142110432,0.618749376078921,1.016382142110432,0.6562706305447561,1.016382142110432,0.508191071055216,1.016382142110432,0.508191071055216,1.016382142110432,0.6425188599138857,1.016382142110432,0.508191071055216,1.016382142110432,0.9255242768239323,1.016382142110432,0.6170161845492882,1.016382142110432,0.508191071055216,1.016382142110432,0.5655981691701808,1.016382142110432,0.508191071055216,1.016382142110432,1.0855556280600305,1.016382142110432,0.508191071055216,1.016382142110432,0.508191071055216,1.016382142110432,0.508191071055216,1.016382142110432,0.6425188599138857,1.016382142110432,0.6562706305447561,1.016382142110432,1.0855556280600305,1.016382142110432,0.5655981691701808,1.016382142110432,0.508191071055216,1.016382142110432,0.508191071055216,1.016382142110432,0.6073103119833442,1.016382142110432,0.508191071055216,1.016382142110432,0.508191071055216,1.016382142110432,0.508191071055216,1.016382142110432,0.6170161845492882,1.016382142110432,0.9255242768239323,1.016382142110432,1.1363959129292602,1.016382142110432,0.508191071055216,1.016382142110432,0.618749376078921,1.016382142110432,0.508191071055216
endo_wataru,MID,Liverpool,,18.464421631999503,0.5129006008888751,22.771259801243406,0.6325349944789835,36,0.512900600888875,0.9550226980834419,0.512900600888875,0.8934543431708469,0.512900600888875,0.477084471859437,0.512900600888875,0.52697154161457,0.512900600888875,0.3082344897815601,0.512900600888875,0.6162035966555627,0.512900600888875,0.2885631749634464,0.512900600888875,0.9783009557191913,0.512900600888875,0.46045775376731585,0.512900600888875,0.5317064450297851,0.512900600888875,0.533127193681515,0.512900600888875,0.8276924101704151,0.512900600888875,0.5085713590649257,0.512900600888875,0.8401777440258549,0.512900600888875,0.33539651266871867,0.512900600888875,0.8655835076387509,0.512900600888875,0.7584564195749095,0.512900600888875,0.533127193681515,0.512900600888875,0.9783009557191913,0.512900600888875,0.46045775376731585,0.512900600888875,0.5317064450297851,0.512900600888875,0.2885631749634464,0.512900600888875,0.7584564195749095,0.512900600888875,0.33539651266871867,0.512900600888875,0.8401777440258549,0.512900600888875,0.8655835076387509,0.512900600888875,0.9550226980834419,0.512900600888875,0.8934543431708469,0.512900600888875,0.627558435242993,0.512900600888875,0.7336921310599115,0.512900600888875,0.5085713590649257,0.512900600888875,0.8276924101704151,0.512900600888875,0.52697154161457,0.512900600888875,0.3082344897815601,0.512900600888875,0.6162035966555627,0.512900600888875,0.477084471859437
sean_longstaff,MID,Leeds,,22.291498085527145,0.6192082801535318,22.733409294597273,0.631483591516591,36,0.6192082801535317,0.5865455477152728,0.6192082801535317,0.5973538747919577,0.6192082801535317,0.9312150610887024,0.6192082801535317,0.30960414007676584,0.6192082801535317,0.43829579517069905,0.6192082801535317,0.5074676349132401,0.6192082801535317,0.45412226473851924,0.6192082801535317,0.799739757642615,0.6192082801535317,0.7878553463467484,0.6192082801535317,0.7219517030608914,0.6192082801535317,0.5016082560768503,0.6192082801535317,0.9090571924087344,0.6192082801535317,0.8181524123424881,0.6192082801535317,0.8504521393870753,0.6192082801535317,0.8239227348506827,0.6192082801535317,0.3192537860745869,0.6192082801535317,0.5061152672856937,0.6192082801535317,0.5016082560768503,0.6192082801535317,0.799739757642615,0.6192082801535317,0.7878553463467484,0.6192082801535317,0.7219517030608914,0.6192082801535317,0.45412226473851924,0.6192082801535317,0.5061152672856937,0.6192082801535317,0.8239227348506827,0.6192082801535317,0.8504521393870753,0.6192082801535317,0.3192537860745869,0.6192082801535317,0.5865455477152728,0.6192082801535317,0.5973538747919577,0.6192082801535317,0.6983793265774615,0.6192082801535317,0.30960414007676584,0.6192082801535317,0.8181524123424881,0.6192082801535317,0.9090571924087344,0.6192082801535317,0.30960414007676584,0.6192082801535317,0.43829579517069905,0.6192082801535317,0.5074676349132401,0.6192082801535317,0.9312150610887024
nehemiah_oriola,MID,Brighton,,14.095782331980715,0.3915495092216865,22.73337217814439,0.6314825605040109,36,0.3915495092216865,0.5643459313438589,0.3915495092216865,0.783099018443373,0.3915495092216865,0.320209643786679,0.3915495092216865,0.5915947826793029,0.3915495092216865,0.783099018443373,0.3915495092216865,0.783099018443373,0.3915495092216865,0.58476404568079,0.3915495092216865,0.34203829434654937,0.3915495092216865,0.3721791523209753,0.3915495092216865,0.6963822151940896,0.3915495092216865,0.5294059049967755,0.3915495092216865,0.783099018443373,0.3915495092216865,0.5900182217763448,0.3915495092216865,0.783099018443373,0.3915495092216865,0.783099018443373,0.3915495092216865,0.783099018443373,0.3915495092216865,0.5109557493998459,0.3915495092216865,0.5294059049967755,0.3915495092216865,0.34203829434654937,0.3915495092216865,0.58476404568079,0.3915495092216865,0.6963822151940896,0.3915495092216865,0.3721791523209753,0.3915495092216865,0.5109557493998459,0.3915495092216865,0.783099018443373,0.3915495092216865,0.783099018443373,0.3915495092216865,0.783099018443373,0.3915495092216865,0.5643459313438589,0.3915495092216865,0.783099018443373,0.3915495092216865,0.783099018443373,0.3915495092216865,0.783099018443373,0.3915495092216865,0.5900182217763448,0.3915495092216865,0.783099018443373,0.3915495092216865,0.5915947826793029,0.3915495092216865,0.783099018443373,0.3915495092216865,0.783099018443373,0.3915495092216865,0.320209643786679
gabriel_fernando_de_jesus,FWD,Arsenal,,23.723601384789742,0.6589889273552706,22.656929638208172,0.6293591566168937,36,0.6589889273552705,0.7238470211187104,0.6589889273552705,0.6951162915714167,0.6589889273552705,1.042674437357125,0.6589889273552705,0.3452406681968924,0.6589889273552705,0.5213372186785625,0.6589889273552705,0.49627918756854417,0.6589889273552705,0.37909699749040054,0.6589889273552705,0.3548660326714378,0.6589889273552705,0.32949446367763524,0.6589889273552705,0.4545410294375412,0.6589889273552705,0.7393394507224073,0.6589889273552705,0.6841818779961358,0.6589889273552705,0.32949446367763524,0.6589889273552705,0.6371899339404653,0.6589889273552705,1.2802375894391167,0.6589889273552705,1.222962089759075,0.6589889273552705,0.6970688654241454,0.6589889273552705,0.7393394507224073,0.6589889273552705,0.3548660326714378,0.6589889273552705,0.32949446367763524,0.6589889273552705,0.4545410294375412,0.6589889273552705,0.37909699749040054,0.6589889273552705,0.6970688654241454,0.6589889273552705,1.222962089759075,0.6589889273552705,0.6371899339404653,0.6589889273552705,1.2802375894391167,0.6589889273552705,0.7238470211187104,0.6589889273552705,0.6951162915714167,0.6589889273552705,0.40548450341665976,0.6589889273552705,0.3855098973370213,0.6589889273552705,0.32949446367763524,0.6589889273552705,0.6841818779961358,0.6589889273552705,0.3452406681968924,0.6589889273552705,0.5213372186785625,0.6589889273552705,0.49627918756854417,0.6589889273552705,1.042674437357125
kalvin_phillips,MID,Man City,,16.26612130119911,0.4518367028110864,22.43984269421483,0.6233289637281897,36,0.4518367028110868,0.7315704050704241,0.4518367028110868,0.444135294721575,0.4518367028110868,0.5142287242479116,0.4518367028110868,0.8290528149862353,0.4518367028110868,0.9036734056221736,0.4518367028110868,0.8349000166159417,0.4518367028110868,0.5943602073588079,0.4518367028110868,0.7076839692612952,0.4518367028110868,0.8617828775340342,0.4518367028110868,0.27833409191095426,0.4518367028110868,0.49054335299432117,0.4518367028110868,0.2973080914425568,0.4518367028110868,0.7983520953273203,0.4518367028110868,0.3235072659412416,0.4518367028110868,0.6053125358651333,0.4518367028110868,0.5128583387652073,0.4518367028110868,0.810394844930762,0.4518367028110868,0.49054335299432117,0.4518367028110868,0.7076839692612952,0.4518367028110868,0.5943602073588079,0.4518367028110868,0.27833409191095426,0.4518367028110868,0.8617828775340342,0.4518367028110868,0.810394844930762,0.4518367028110868,0.6053125358651333,0.4518367028110868,0.3235072659412416,0.4518367028110868,0.5128583387652073,0.4518367028110868,0.7315704050704241,0.4518367028110868,0.444135294721575,0.4518367028110868,0.46017262340087084,0.4518367028110868,0.9036734056221736,0.4518367028110868,0.7983520953273203,0.4518367028110868,0.2973080914425568,0.4518367028110868,0.8290528149862353,0.4518367028110868,0.9036734056221736,0.4518367028110868,0.8349000166159417,0.4518367028110868,0.5142287242479116
hakon_rafn_valdimarsson,GK,Brentford,,14.085001380102604,0.39125003833618344,22.37950219282969,0.6216528386897137,36,0.39125003833618344,0.7825000766723669,0.39125003833618344,0.7825000766723669,0.39125003833618344,0.31300003066894677,0.39125003833618344,0.7825000766723669,0.39125003833618344,0.31300003066894677,0.39125003833618344,0.4695000460034201,0.39125003833618344,0.7825000766723669,0.39125003833618344,0.4695000460034201,0.39125003833618344,0.7825000766723669,0.39125003833618344,0.7825000766723669,0.39125003833618344,0.4695000460034201,0.39125003833618344,0.4695000460034201,0.39125003833618344,0.7825000766723669,0.39125003833618344,0.4695000460034201,0.39125003833618344,0.4695000460034201,0.39125003833618344,0.7825000766723669,0.39125003833618344,0.7825000766723669,0.39125003833618344,0.4695000460034201,0.39125003833618344,0.4695000460034201,0.39125003833618344,0.7825000766723669,0.39125003833618344,0.7825000766723669,0.39125003833618344,0.7825000766723669,0.39125003833618344,0.7825000766723669,0.39125003833618344,0.7825000766723669,0.39125003833618344,0.4695000460034201,0.39125003833618344,0.4695000460034201,0.39125003833618344,0.7825000766723669,0.39125003833618344,0.7825000766723669,0.39125003833618344,0.7825000766723669,0.39125003833618344,0.6260000613378935,0.39125003833618344,0.7825000766723669,0.39125003833618344,0.4695000460034201,0.39125003833618344,0.7825000766723669,0.39125003833618344,0.31300003066894677,0.39125003833618344,0.4695000460034201,0.39125003833618344,0.31300003066894677
adam_aznou,DEF,Everton,,13.031503726261015,0.3619862146183615,22.220806194360012,0.6172446165100003,36,0.3619862146183612,0.7239724292367224,0.3619862146183612,0.7239724292367224,0.3619862146183612,0.6049412093383023,0.3619862146183612,0.7206858407340149,0.3619862146183612,0.3565074222022344,0.3619862146183612,0.530399491557753,0.3619862146183612,0.34137750350558593,0.3619862146183612,0.7239724292367224,0.3619862146183612,0.7239724292367224,0.3619862146183612,0.7239724292367224,0.3619862146183612,0.7239724292367224,0.3619862146183612,0.7239724292367224,0.3619862146183612,0.2516902207489412,0.3619862146183612,0.7239724292367224,0.3619862146183612,0.7239724292367224,0.3619862146183612,0.34110468748922623,0.3619862146183612,0.7239724292367224,0.3619862146183612,0.7239724292367224,0.3619862146183612,0.7239724292367224,0.3619862146183612,0.7239724292367224,0.3619862146183612,0.7239724292367224,0.3619862146183612,0.34137750350558593,0.3619862146183612,0.7239724292367224,0.3619862146183612,0.7239724292367224,0.3619862146183612,0.7239724292367224,0.3619862146183612,0.34110468748922623,0.3619862146183612,0.7239724292367224,0.3619862146183612,0.7239724292367224,0.3619862146183612,0.7239724292367224,0.3619862146183612,0.7239724292367224,0.3619862146183612,0.2516902207489412,0.3619862146183612,0.7239724292367224,0.3619862146183612,0.7206858407340149,0.3619862146183612,0.3565074222022344,0.3619862146183612,0.530399491557753,0.3619862146183612,0.6049412093383023
mark_gillespie,GK,Newcastle,,14.09450554353666,0.3915140428760184,22.046590769951802,0.6124052991653278,36,0.39151404287601865,0.7830280857520373,0.39151404287601865,0.5568199720903376,0.39151404287601865,0.41761497906775324,0.39151404287601865,0.7830280857520373,0.39151404287601865,0.7830280857520373,0.39151404287601865,0.7830280857520373,0.39151404287601865,0.696024965112922,0.39151404287601865,0.7830280857520373,0.39151404287601865,0.41761497906775324,0.39151404287601865,0.41761497906775324,0.39151404287601865,0.7830280857520373,0.39151404287601865,0.696024965112922,0.39151404287601865,0.41761497906775324,0.39151404287601865,0.696024965112922,0.39151404287601865,0.41761497906775324,0.39151404287601865,0.7830280857520373,0.39151404287601865,0.2784099860451688,0.39151404287601865,0.7830280857520373,0.39151404287601865,0.7830280857520373,0.39151404287601865,0.41761497906775324,0.39151404287601865,0.41761497906775324,0.39151404287601865,0.696024965112922,0.39151404287601865,0.2784099860451688,0.39151404287601865,0.41761497906775324,0.39151404287601865,0.696024965112922,0.39151404287601865,0.7830280857520373,0.39151404287601865,0.7830280857520373,0.39151404287601865,0.5568199720903376,0.39151404287601865,0.2784099860451688,0.39151404287601865,0.7830280857520373,0.39151404287601865,0.41761497906775324,0.39151404287601865,0.696024965112922,0.39151404287601865,0.7830280857520373,0.39151404287601865,0.7830280857520373,0.39151404287601865,0.7830280857520373,0.39151404287601865,0.41761497906775324
ewen_jaouen,GK,Newcastle,,14.09450554353666,0.3915140428760184,22.046590769951802,0.6124052991653278,36,0.39151404287601865,0.7830280857520373,0.39151404287601865,0.5568199720903376,0.39151404287601865,0.41761497906775324,0.39151404287601865,0.7830280857520373,0.39151404287601865,0.7830280857520373,0.39151404287601865,0.7830280857520373,0.39151404287601865,0.696024965112922,0.39151404287601865,0.7830280857520373,0.39151404287601865,0.41761497906775324,0.39151404287601865,0.41761497906775324,0.39151404287601865,0.7830280857520373,0.39151404287601865,0.696024965112922,0.39151404287601865,0.41761497906775324,0.39151404287601865,0.696024965112922,0.39151404287601865,0.41761497906775324,0.39151404287601865,0.7830280857520373,0.39151404287601865,0.2784099860451688,0.39151404287601865,0.7830280857520373,0.39151404287601865,0.7830280857520373,0.39151404287601865,0.41761497906775324,0.39151404287601865,0.41761497906775324,0.39151404287601865,0.696024965112922,0.39151404287601865,0.2784099860451688,0.39151404287601865,0.41761497906775324,0.39151404287601865,0.696024965112922,0.39151404287601865,0.7830280857520373,0.39151404287601865,0.7830280857520373,0.39151404287601865,0.5568199720903376,0.39151404287601865,0.2784099860451688,0.39151404287601865,0.7830280857520373,0.39151404287601865,0.41761497906775324,0.39151404287601865,0.696024965112922,0.39151404287601865,0.7830280857520373,0.39151404287601865,0.7830280857520373,0.39151404287601865,0.7830280857520373,0.39151404287601865,0.41761497906775324
ismaila_sarr,MID,Crystal Palace,14971.0,30.108161341578786,0.8363378150438552,22.000112165373118,0.61111422681592,36,0.8363378150438555,0.8303691752480447,0.8363378150438555,0.8875903018572802,0.8363378150438555,0.47266207076992917,0.8363378150438555,0.681887479098303,0.8363378150438555,0.5726945940223777,0.8363378150438555,0.5832476883410611,0.8363378150438555,0.7808543387819261,0.8363378150438555,0.7988321886680818,0.8363378150438555,0.7049032067479377,0.8363378150438555,0.41816890752192776,0.8363378150438555,0.7692505713868915,0.8363378150438555,0.8044662481526026,0.8363378150438555,0.42794567865144967,0.8363378150438555,0.49548406306753184,0.8363378150438555,0.41816890752192776,0.8363378150438555,0.44339841475908115,0.8363378150438555,0.41816890752192776,0.8363378150438555,0.7692505713868915,0.8363378150438555,0.7988321886680818,0.8363378150438555,0.7808543387819261,0.8363378150438555,0.41816890752192776,0.8363378150438555,0.7049032067479377,0.8363378150438555,0.41816890752192776,0.8363378150438555,0.44339841475908115,0.8363378150438555,0.49548406306753184,0.8363378150438555,0.41816890752192776,0.8363378150438555,0.8303691752480447,0.8363378150438555,0.8875903018572802,0.8363378150438555,0.4941636308650481,0.8363378150438555,0.4897630502715085,0.8363378150438555,0.42794567865144967,0.8363378150438555,0.8044662481526026,0.8363378150438555,0.681887479098303,0.8363378150438555,0.5726945940223777,0.8363378150438555,0.5832476883410611,0.8363378150438555,0.47266207076992917
ben_gannon_doak,MID,Bournemouth,,20.97456253878192,0.5826267371883866,21.9974642375449,0.6110406732651361,36,0.5826267371883864,0.5773179749584108,0.5826267371883864,0.2913133685941932,0.5826267371883864,0.7907106889787987,0.5826267371883864,0.7614298195880486,0.5826267371883864,0.4904466175047069,0.5826267371883864,0.42359487663633216,0.5826267371883864,0.4678566499126471,0.5826267371883864,0.8785664236723466,0.5826267371883864,0.6749549230143319,0.5826267371883864,0.821927047984731,0.5826267371883864,0.566872170948563,0.5826267371883864,0.308545666232728,0.5826267371883864,0.2913133685941932,0.5826267371883864,0.6977366563061944,0.5826267371883864,0.7729156147798719,0.5826267371883864,0.8999810932937139,0.5826267371883864,0.7962874685827613,0.5826267371883864,0.566872170948563,0.5826267371883864,0.8785664236723466,0.5826267371883864,0.6749549230143319,0.5826267371883864,0.821927047984731,0.5826267371883864,0.4678566499126471,0.5826267371883864,0.7962874685827613,0.5826267371883864,0.8999810932937139,0.5826267371883864,0.6977366563061944,0.5826267371883864,0.7729156147798719,0.5826267371883864,0.5773179749584108,0.5826267371883864,0.2913133685941932,0.5826267371883864,0.484783768618832,0.5826267371883864,0.48913960976091975,0.5826267371883864,0.2913133685941932,0.5826267371883864,0.308545666232728,0.5826267371883864,0.42359487663633216,0.5826267371883864,0.4904466175047069,0.5826267371883864,0.7614298195880486,0.5826267371883864,0.7907106889787987
jaden_philogene,MID,Ipswich Town,,22.83306093201828,0.6342516925560634,21.983633219977428,0.6106564783327063,36,0.6342516925560637,0.8184623352014557,0.6342516925560637,0.9315678130083845,0.6342516925560637,0.506306987909184,0.6342516925560637,0.8507742976481497,0.6342516925560637,0.5017982694074473,0.6342516925560637,0.6986438784070125,0.6342516925560637,0.31937472203300227,0.6342516925560637,0.4542942899852647,0.6342516925560637,0.8000427056366312,0.6342516925560637,0.8242348435552483,0.6342516925560637,0.7222251843004182,0.6342516925560637,0.48427705804961296,0.6342516925560637,0.5975801573499482,0.6342516925560637,0.5867677359901228,0.6342516925560637,0.31712584627803186,0.6342516925560637,0.7881537924280766,0.6342516925560637,0.31712584627803186,0.6342516925560637,0.7222251843004182,0.6342516925560637,0.4542942899852647,0.6342516925560637,0.31937472203300227,0.6342516925560637,0.8242348435552483,0.6342516925560637,0.8000427056366312,0.6342516925560637,0.31712584627803186,0.6342516925560637,0.7881537924280766,0.6342516925560637,0.5867677359901228,0.6342516925560637,0.31712584627803186,0.6342516925560637,0.8184623352014557,0.6342516925560637,0.9315678130083845,0.6342516925560637,0.5076598678247041,0.6342516925560637,0.43846182522067945,0.6342516925560637,0.5975801573499482,0.6342516925560637,0.48427705804961296,0.6342516925560637,0.8507742976481497,0.6342516925560637,0.5017982694074473,0.6342516925560637,0.6986438784070125,0.6342516925560637,0.506306987909184
leo_shahar,DEF,Newcastle,,13.031503726261015,0.3619862146183615,21.94741734562412,0.6096504818228923,36,0.3619862146183612,0.7239724292367224,0.3619862146183612,0.7239724292367224,0.3619862146183612,0.6254253362354762,0.3619862146183612,0.7239724292367224,0.3619862146183612,0.7239724292367224,0.3619862146183612,0.7239724292367224,0.3619862146183612,0.6372862122101447,0.3619862146183612,0.7239724292367224,0.3619862146183612,0.4602911027206706,0.3619862146183612,0.2184217200365183,0.3619862146183612,0.7239724292367224,0.3619862146183612,0.7239724292367224,0.3619862146183612,0.5249798703798042,0.3619862146183612,0.6862094773470269,0.3619862146183612,0.2960173515372041,0.3619862146183612,0.7239724292367224,0.3619862146183612,0.30938414743126186,0.3619862146183612,0.7239724292367224,0.3619862146183612,0.7239724292367224,0.3619862146183612,0.4602911027206706,0.3619862146183612,0.2184217200365183,0.3619862146183612,0.6372862122101447,0.3619862146183612,0.30938414743126186,0.3619862146183612,0.2960173515372041,0.3619862146183612,0.6862094773470269,0.3619862146183612,0.7239724292367224,0.3619862146183612,0.7239724292367224,0.3619862146183612,0.7239724292367224,0.3619862146183612,0.6759107543301703,0.3619862146183612,0.7239724292367224,0.3619862146183612,0.5249798703798042,0.3619862146183612,0.7239724292367224,0.3619862146183612,0.7239724292367224,0.3619862146183612,0.7239724292367224,0.3619862146183612,0.7239724292367224,0.3619862146183612,0.6254253362354762
dario_luis_essugo,MID,Chelsea,,14.095782331980715,0.3915495092216865,21.872330938192533,0.6075647482831259,36,0.3915495092216865,0.2991323705108193,0.3915495092216865,0.34768107160023054,0.3915495092216865,0.3195241860408236,0.3915495092216865,0.49455863181188503,0.3915495092216865,0.5511812425053472,0.3915495092216865,0.783099018443373,0.3915495092216865,0.4773229273692051,0.3915495092216865,0.5526540288792351,0.3915495092216865,0.5271987883771769,0.3915495092216865,0.7605650527545224,0.3915495092216865,0.783099018443373,0.3915495092216865,0.783099018443373,0.3915495092216865,0.5462729139117471,0.3915495092216865,0.783099018443373,0.3915495092216865,0.783099018443373,0.3915495092216865,0.783099018443373,0.3915495092216865,0.6505440009525704,0.3915495092216865,0.783099018443373,0.3915495092216865,0.5526540288792351,0.3915495092216865,0.5271987883771769,0.3915495092216865,0.7605650527545224,0.3915495092216865,0.4773229273692051,0.3915495092216865,0.6505440009525704,0.3915495092216865,0.783099018443373,0.3915495092216865,0.783099018443373,0.3915495092216865,0.783099018443373,0.3915495092216865,0.2991323705108193,0.3915495092216865,0.34768107160023054,0.3915495092216865,0.783099018443373,0.3915495092216865,0.6387732690015651,0.3915495092216865,0.5462729139117471,0.3915495092216865,0.783099018443373,0.3915495092216865,0.783099018443373,0.3915495092216865,0.5511812425053472,0.3915495092216865,0.49455863181188503,0.3915495092216865,0.3195241860408236
zavier_gozo,MID,Crystal Palace,,29.499151243178158,0.8194208678660599,21.555106895119152,0.5987529693088653,36,0.8194208678660595,0.8135729581895051,0.8194208678660595,0.86963664965843,0.8194208678660595,0.4631013416717916,0.8194208678660595,0.668094662060009,0.8194208678660595,0.5611104661474736,0.8194208678660595,0.5714500987095077,0.8194208678660595,0.7650596785798952,0.8194208678660595,0.7826738831406527,0.8194208678660595,0.6906448411694441,0.8194208678660595,0.40971043393302975,0.8194208678660595,0.7536906253357147,0.8194208678660595,0.7881939801987691,0.8194208678660595,0.4192894463126871,0.8194208678660595,0.48546170419342827,0.8194208678660595,0.40971043393302975,0.8194208678660595,0.43442961360448484,0.8194208678660595,0.40971043393302975,0.8194208678660595,0.7536906253357147,0.8194208678660595,0.7826738831406527,0.8194208678660595,0.7650596785798952,0.8194208678660595,0.40971043393302975,0.8194208678660595,0.6906448411694441,0.8194208678660595,0.40971043393302975,0.8194208678660595,0.43442961360448484,0.8194208678660595,0.48546170419342827,0.8194208678660595,0.40971043393302975,0.8194208678660595,0.8135729581895051,0.8194208678660595,0.86963664965843,0.8194208678660595,0.4841679809133673,0.8194208678660595,0.47985641266401863,0.8194208678660595,0.4192894463126871,0.8194208678660595,0.7881939801987691,0.8194208678660595,0.668094662060009,0.8194208678660595,0.5611104661474736,0.8194208678660595,0.5714500987095077,0.8194208678660595,0.4631013416717916
lucas_bergvall,MID,Spurs,,37.87925102818006,1.052201417449446,21.446041044640502,0.5957233623511251,36,1.052201417449446,0.5831777217522952,1.052201417449446,0.526100708724723,1.052201417449446,0.6880120374766664,1.052201417449446,0.526100708724723,1.052201417449446,0.6028617019200118,1.052201417449446,0.6578941679223672,1.052201417449446,0.7776058899803349,1.052201417449446,0.526100708724723,1.052201417449446,0.759103086584082,1.052201417449446,0.526100708724723,1.052201417449446,0.7101652672591097,1.052201417449446,0.526100708724723,1.052201417449446,0.526100708724723,1.052201417449446,0.6831935621781545,1.052201417449446,0.526100708724723,1.052201417449446,0.526100708724723,1.052201417449446,0.526100708724723,1.052201417449446,0.7101652672591097,1.052201417449446,0.526100708724723,1.052201417449446,0.7776058899803349,1.052201417449446,0.526100708724723,1.052201417449446,0.759103086584082,1.052201417449446,0.526100708724723,1.052201417449446,0.526100708724723,1.052201417449446,0.6831935621781545,1.052201417449446,0.526100708724723,1.052201417449446,0.5831777217522952,1.052201417449446,0.526100708724723,1.052201417449446,0.526100708724723,1.052201417449446,0.526100708724723,1.052201417449446,0.526100708724723,1.052201417449446,0.526100708724723,1.052201417449446,0.6578941679223672,1.052201417449446,0.6028617019200118,1.052201417449446,0.526100708724723,1.052201417449446,0.6880120374766664
matthijs_de_ligt,DEF,Man Utd,,21.695917342817808,0.6026643706338279,21.18560804399714,0.5884891123332538,36,0.6026643706338275,0.3879068453042734,0.6026643706338275,0.30133218531691375,0.6026643706338275,0.7241793774694929,0.6026643706338275,1.205328741267655,0.6026643706338275,0.505724066418167,0.6026643706338275,0.9128737545596418,0.6026643706338275,0.30133218531691375,0.6026643706338275,1.205328741267655,0.6026643706338275,0.41141704213269725,0.6026643706338275,0.417685724993851,0.6026643706338275,0.30133218531691375,0.6026643706338275,1.0256379046388178,0.6026643706338275,0.7292888991934247,0.6026643706338275,0.30133218531691375,0.6026643706338275,0.7563749147247879,0.6026643706338275,0.45427962760519125,0.6026643706338275,0.30133218531691375,0.6026643706338275,0.30133218531691375,0.6026643706338275,1.205328741267655,0.6026643706338275,0.41141704213269725,0.6026643706338275,0.417685724993851,0.6026643706338275,0.30133218531691375,0.6026643706338275,0.30133218531691375,0.6026643706338275,0.7563749147247879,0.6026643706338275,0.30133218531691375,0.6026643706338275,0.45427962760519125,0.6026643706338275,0.3879068453042734,0.6026643706338275,0.30133218531691375,0.6026643706338275,0.3806873026659309,0.6026643706338275,0.31954760901076107,0.6026643706338275,0.7292888991934247,0.6026643706338275,1.0256379046388178,0.6026643706338275,0.9128737545596418,0.6026643706338275,0.505724066418167,0.6026643706338275,1.205328741267655,0.6026643706338275,0.7241793774694929
conor_gallagher,MID,Spurs,,37.173081925398385,1.032585609038844,21.04623029992842,0.5846175083313451,36,1.0325856090388439,0.572305751548193,1.0325856090388439,0.5162928045194219,1.0325856090388439,0.6751856792457065,1.0325856090388439,0.5162928045194219,1.0325856090388439,0.5916227704313829,1.0325856090388439,0.645629286181664,1.0325856090388439,0.7631092661364092,1.0325856090388439,0.5162928045194219,1.0325856090388439,0.7449514037756472,1.0325856090388439,0.5162928045194219,1.0325856090388439,0.6969259144209559,1.0325856090388439,0.5162928045194219,1.0325856090388439,0.5162928045194219,1.0325856090388439,0.6704570330300293,1.0325856090388439,0.5162928045194219,1.0325856090388439,0.5162928045194219,1.0325856090388439,0.5162928045194219,1.0325856090388439,0.6969259144209559,1.0325856090388439,0.5162928045194219,1.0325856090388439,0.7631092661364092,1.0325856090388439,0.5162928045194219,1.0325856090388439,0.7449514037756472,1.0325856090388439,0.5162928045194219,1.0325856090388439,0.5162928045194219,1.0325856090388439,0.6704570330300293,1.0325856090388439,0.5162928045194219,1.0325856090388439,0.572305751548193,1.0325856090388439,0.5162928045194219,1.0325856090388439,0.5162928045194219,1.0325856090388439,0.5162928045194219,1.0325856090388439,0.5162928045194219,1.0325856090388439,0.5162928045194219,1.0325856090388439,0.645629286181664,1.0325856090388439,0.5916227704313829,1.0325856090388439,0.5162928045194219,1.0325856090388439,0.6751856792457065
carlos_baleba,MID,Man Utd,,16.26612130119911,0.4518367028110864,20.82001045275432,0.57833362368762,36,0.4518367028110868,0.4682754414087676,0.4518367028110868,0.46410539794302874,0.4518367028110868,0.7868678870414519,0.4518367028110868,0.7399470283334451,0.4518367028110868,0.44790030265787756,0.4518367028110868,0.4201697078107297,0.4518367028110868,0.7289511578170281,0.4518367028110868,0.7623219596162307,0.4518367028110868,0.7569830566147718,0.4518367028110868,0.27146302834787106,0.4518367028110868,0.5526925731674103,0.4518367028110868,0.6679748157761347,0.4518367028110868,0.8615925500853406,0.4518367028110868,0.25413844310793293,0.4518367028110868,0.6461648335125473,0.4518367028110868,0.46952669895555627,0.4518367028110868,0.5426923331828141,0.4518367028110868,0.5526925731674103,0.4518367028110868,0.7623219596162307,0.4518367028110868,0.7569830566147718,0.4518367028110868,0.27146302834787106,0.4518367028110868,0.7289511578170281,0.4518367028110868,0.5426923331828141,0.4518367028110868,0.6461648335125473,0.4518367028110868,0.25413844310793293,0.4518367028110868,0.46952669895555627,0.4518367028110868,0.4682754414087676,0.4518367028110868,0.46410539794302874,0.4518367028110868,0.2953847023767175,0.4518367028110868,0.8410913196197274,0.4518367028110868,0.8615925500853406,0.4518367028110868,0.6679748157761347,0.4518367028110868,0.4201697078107297,0.4518367028110868,0.44790030265787756,0.4518367028110868,0.7399470283334451,0.4518367028110868,0.7868678870414519
manuel_ugarte_ribeiro,MID,Man Utd,,16.26612130119911,0.4518367028110864,20.82001045275432,0.57833362368762,36,0.4518367028110868,0.4682754414087676,0.4518367028110868,0.46410539794302874,0.4518367028110868,0.7868678870414519,0.4518367028110868,0.7399470283334451,0.4518367028110868,0.44790030265787756,0.4518367028110868,0.4201697078107297,0.4518367028110868,0.7289511578170281,0.4518367028110868,0.7623219596162307,0.4518367028110868,0.7569830566147718,0.4518367028110868,0.27146302834787106,0.4518367028110868,0.5526925731674103,0.4518367028110868,0.6679748157761347,0.4518367028110868,0.8615925500853406,0.4518367028110868,0.25413844310793293,0.4518367028110868,0.6461648335125473,0.4518367028110868,0.46952669895555627,0.4518367028110868,0.5426923331828141,0.4518367028110868,0.5526925731674103,0.4518367028110868,0.7623219596162307,0.4518367028110868,0.7569830566147718,0.4518367028110868,0.27146302834787106,0.4518367028110868,0.7289511578170281,0.4518367028110868,0.5426923331828141,0.4518367028110868,0.6461648335125473,0.4518367028110868,0.25413844310793293,0.4518367028110868,0.46952669895555627,0.4518367028110868,0.4682754414087676,0.4518367028110868,0.46410539794302874,0.4518367028110868,0.2953847023767175,0.4518367028110868,0.8410913196197274,0.4518367028110868,0.8615925500853406,0.4518367028110868,0.6679748157761347,0.4518367028110868,0.4201697078107297,0.4518367028110868,0.44790030265787756,0.4518367028110868,0.7399470283334451,0.4518367028110868,0.7868678870414519
juanlu_sanchez,DEF,Bournemouth,,19.537616713416362,0.5427115753726768,20.797561198494908,0.5777100332915253,36,0.5427115753726766,0.2713557876863383,0.5427115753726766,0.42116711660297995,0.5427115753726766,0.41484618455396266,0.5427115753726766,0.2713557876863383,0.5427115753726766,0.4580660277359743,0.5427115753726766,1.027572697842908,0.5427115753726766,0.509939253617559,0.5427115753726766,0.322211023865898,0.5427115753726766,0.7626792653978143,0.5427115753726766,0.7302153797969934,0.5427115753726766,0.2713557876863383,0.5427115753726766,0.3838603140998807,0.5427115753726766,0.2825077223945613,0.5427115753726766,1.0341865501432022,0.5427115753726766,1.0854231507453531,0.5427115753726766,0.7353674891531853,0.5427115753726766,1.0854231507453531,0.5427115753726766,0.2713557876863383,0.5427115753726766,0.322211023865898,0.5427115753726766,0.7626792653978143,0.5427115753726766,0.7302153797969934,0.5427115753726766,0.509939253617559,0.5427115753726766,1.0854231507453531,0.5427115753726766,0.7353674891531853,0.5427115753726766,1.0341865501432022,0.5427115753726766,1.0854231507453531,0.5427115753726766,0.2713557876863383,0.5427115753726766,0.42116711660297995,0.5427115753726766,0.2713557876863383,0.5427115753726766,0.39114003129928404,0.5427115753726766,0.2825077223945613,0.5427115753726766,0.3838603140998807,0.5427115753726766,1.027572697842908,0.5427115753726766,0.4580660277359743,0.5427115753726766,0.2713557876863383,0.5427115753726766,0.41484618455396266
joelinton_cassio_apolinario_de_lira,MID,Newcastle,,19.90199382428445,0.5528331617856792,20.752940623728282,0.5764705728813412,36,0.5528331617856792,0.43177982262096654,0.5528331617856792,0.4602766683042565,0.5528331617856792,0.30354676223974353,0.5528331617856792,0.6864322727449297,0.5528331617856792,0.783386413595136,0.5528331617856792,0.8854000455810453,0.5528331617856792,0.4812148121832528,0.5528331617856792,0.8086105932366232,0.5528331617856792,0.2764165808928396,0.5528331617856792,0.5576879889327665,0.5528331617856792,0.41673200234586016,0.5528331617856792,0.48250064443522683,0.5528331617856792,0.8643323258254328,0.5528331617856792,0.27896408534285344,0.5528331617856792,0.47692954222093187,0.5528331617856792,0.6640196378070007,0.5528331617856792,0.7490935109566865,0.5528331617856792,0.41673200234586016,0.5528331617856792,0.8086105932366232,0.5528331617856792,0.2764165808928396,0.5528331617856792,0.5576879889327665,0.5528331617856792,0.4812148121832528,0.5528331617856792,0.7490935109566865,0.5528331617856792,0.47692954222093187,0.5528331617856792,0.27896408534285344,0.5528331617856792,0.6640196378070007,0.5528331617856792,0.43177982262096654,0.5528331617856792,0.4602766683042565,0.5528331617856792,0.777899986210897,0.5528331617856792,0.7603932189862816,0.5528331617856792,0.8643323258254328,0.5528331617856792,0.48250064443522683,0.5528331617856792,0.6864322727449297,0.5528331617856792,0.783386413595136,0.5528331617856792,0.8854000455810453,0.5528331617856792,0.30354676223974353
stefanos_tzimas,FWD,Brighton,,18.668346494802684,0.5185651804111857,20.731844084227223,0.5758845578952007,36,0.5185651804111857,0.36413030201635516,0.5185651804111857,0.42767034215058075,0.5185651804111857,0.3593536176450671,0.5185651804111857,0.7331491579724242,0.5185651804111857,1.0371303608223714,0.5185651804111857,0.3998390598379554,0.5185651804111857,0.4794109662466661,0.5185651804111857,0.779791960461104,0.5185651804111857,0.374282312471667,0.5185651804111857,0.2792949173228282,0.5185651804111857,0.30753822356895694,0.5185651804111857,0.5498618684793182,0.5185651804111857,0.5234328023913608,0.5185651804111857,0.7352085657195376,0.5185651804111857,1.0371303608223714,0.5185651804111857,0.7216164745885881,0.5185651804111857,0.6720533948080554,0.5185651804111857,0.30753822356895694,0.5185651804111857,0.779791960461104,0.5185651804111857,0.4794109662466661,0.5185651804111857,0.2792949173228282,0.5185651804111857,0.374282312471667,0.5185651804111857,0.6720533948080554,0.5185651804111857,0.7216164745885881,0.5185651804111857,0.7352085657195376,0.5185651804111857,1.0371303608223714,0.5185651804111857,0.36413030201635516,0.5185651804111857,0.42767034215058075,0.5185651804111857,0.40660283761114324,0.5185651804111857,0.7634518719656664,0.5185651804111857,0.5234328023913608,0.5185651804111857,0.5498618684793182,0.5185651804111857,0.7331491579724242,0.5185651804111857,1.0371303608223714,0.5185651804111857,0.3998390598379554,0.5185651804111857,0.3593536176450671
ryan_christie,MID,Bournemouth,,19.678651903819578,0.5466292195505438,20.63835375336059,0.5732876042600163,36,0.546629219550544,0.5416484585086546,0.546629219550544,0.273314609775272,0.546629219550544,0.7418567312797352,0.546629219550544,0.7143849766189946,0.546629219550544,0.46014443664489285,0.546629219550544,0.39742312194378077,0.546629219550544,0.43895018728017987,0.546629219550544,0.824284310762833,0.546629219550544,0.6332529203510026,0.546629219550544,0.7711443915799953,0.546629219550544,0.5318480471491692,0.546629219550544,0.2894822121319232,0.546629219550544,0.273314609775272,0.546629219550544,0.6546270871965464,0.546629219550544,0.7251611234397226,0.546629219550544,0.8443758777900356,0.546629219550544,0.7470889502768077,0.546629219550544,0.5318480471491692,0.546629219550544,0.824284310762833,0.546629219550544,0.6332529203510026,0.546629219550544,0.7711443915799953,0.546629219550544,0.43895018728017987,0.546629219550544,0.7470889502768077,0.546629219550544,0.8443758777900356,0.546629219550544,0.6546270871965464,0.546629219550544,0.7251611234397226,0.546629219550544,0.5416484585086546,0.546629219550544,0.273314609775272,0.546629219550544,0.4548314661453643,0.546629219550544,0.45891818220559155,0.546629219550544,0.273314609775272,0.546629219550544,0.2894822121319232,0.546629219550544,0.39742312194378077,0.546629219550544,0.46014443664489285,0.546629219550544,0.7143849766189946,0.546629219550544,0.7418567312797352
djiamgone_jocelin_ta_bi,MID,Sunderland,,18.464421631999503,0.5129006008888751,20.43773194000225,0.5677147761111736,36,0.512900600888875,0.27465068789027136,0.512900600888875,0.25712266839339465,0.512900600888875,0.46955516401038705,0.512900600888875,0.5490649077650176,0.512900600888875,0.4251035582384721,0.512900600888875,0.4531597800994308,0.512900600888875,0.6758185221863617,0.512900600888875,0.7375108800315077,0.512900600888875,0.7712735390771286,0.512900600888875,0.74863586975724,0.512900600888875,0.7658719439101761,0.512900600888875,0.5591825757493205,0.512900600888875,0.6537524358097936,0.512900600888875,0.8717098162584012,0.512900600888875,0.473774174287285,0.512900600888875,0.4102884103145818,0.512900600888875,0.29885326261101786,0.512900600888875,0.7658719439101761,0.512900600888875,0.7375108800315077,0.512900600888875,0.6758185221863617,0.512900600888875,0.74863586975724,0.512900600888875,0.7712735390771286,0.512900600888875,0.29885326261101786,0.512900600888875,0.473774174287285,0.512900600888875,0.8717098162584012,0.512900600888875,0.4102884103145818,0.512900600888875,0.27465068789027136,0.512900600888875,0.25712266839339465,0.512900600888875,0.8509678497215727,0.512900600888875,0.7961076975010984,0.512900600888875,0.6537524358097936,0.512900600888875,0.5591825757493205,0.512900600888875,0.5490649077650176,0.512900600888875,0.4251035582384721,0.512900600888875,0.4531597800994308,0.512900600888875,0.46955516401038705
jayden_lienou,DEF,Leeds,,13.031503726261015,0.3619862146183615,20.384844799417074,0.5662456888726966,36,0.3619862146183612,0.20264557019106627,0.3619862146183612,0.27485628421494085,0.3619862146183612,0.7239724292367224,0.3619862146183612,0.4270452267709915,0.3619862146183612,0.7239724292367224,0.3619862146183612,0.6924232337174592,0.3619862146183612,0.7239724292367224,0.3619862146183612,0.7239724292367224,0.3619862146183612,0.28703796927248276,0.3619862146183612,0.7239724292367224,0.3619862146183612,0.2746366294463608,0.3619862146183612,0.4870616583101756,0.3619862146183612,0.6270911161518681,0.3619862146183612,0.7239724292367224,0.3619862146183612,0.7239724292367224,0.3619862146183612,0.5802521555648752,0.3619862146183612,0.5912563449579922,0.3619862146183612,0.2746366294463608,0.3619862146183612,0.7239724292367224,0.3619862146183612,0.28703796927248276,0.3619862146183612,0.7239724292367224,0.3619862146183612,0.7239724292367224,0.3619862146183612,0.5912563449579922,0.3619862146183612,0.7239724292367224,0.3619862146183612,0.7239724292367224,0.3619862146183612,0.5802521555648752,0.3619862146183612,0.20264557019106627,0.3619862146183612,0.27485628421494085,0.3619862146183612,0.7239724292367224,0.3619862146183612,0.6366459836698138,0.3619862146183612,0.6270911161518681,0.3619862146183612,0.4870616583101756,0.3619862146183612,0.4270452267709915,0.3619862146183612,0.7239724292367224,0.3619862146183612,0.6924232337174592,0.3619862146183612,0.7239724292367224
harry_howell,MID,Brighton,,12.630248778113783,0.350840243836494,20.369791432148727,0.565827539781909,36,0.35084024383649415,0.5056710824497864,0.35084024383649415,0.7016804876729883,0.35084024383649415,0.28691755923338325,0.35084024383649415,0.5300868802522015,0.35084024383649415,0.7016804876729883,0.35084024383649415,0.7016804876729883,0.35084024383649415,0.5239663325878591,0.35084024383649415,0.3064766926371505,0.35084024383649415,0.33348381616083655,0.35084024383649415,0.623979600096407,0.35084024383649415,0.4743637584088722,0.35084024383649415,0.7016804876729883,0.35084024383649415,0.5286742338343413,0.35084024383649415,0.7016804876729883,0.35084024383649415,0.7016804876729883,0.35084024383649415,0.7016804876729883,0.35084024383649415,0.4578318590296211,0.35084024383649415,0.4743637584088722,0.35084024383649415,0.3064766926371505,0.35084024383649415,0.5239663325878591,0.35084024383649415,0.623979600096407,0.35084024383649415,0.33348381616083655,0.35084024383649415,0.4578318590296211,0.35084024383649415,0.7016804876729883,0.35084024383649415,0.7016804876729883,0.35084024383649415,0.7016804876729883,0.35084024383649415,0.5056710824497864,0.35084024383649415,0.7016804876729883,0.35084024383649415,0.7016804876729883,0.35084024383649415,0.7016804876729883,0.35084024383649415,0.5286742338343413,0.35084024383649415,0.7016804876729883,0.35084024383649415,0.5300868802522015,0.35084024383649415,0.7016804876729883,0.35084024383649415,0.7016804876729883,0.35084024383649415,0.28691755923338325
cristian_romero,DEF,Spurs,,21.695917342817808,0.6026643706338279,20.25764623825839,0.5627123955071774,36,0.6026643706338275,0.7304727514254454,0.6026643706338275,0.37462292187370855,0.6026643706338275,1.205328741267655,0.6026643706338275,0.9841802313734801,0.6026643706338275,0.9905147931040885,0.6026643706338275,0.30133218531691375,0.6026643706338275,0.7043143002325652,0.6026643706338275,0.48840547599725503,0.6026643706338275,0.3086046570574657,0.6026643706338275,0.43872275908837166,0.6026643706338275,0.6993797547849462,0.6026643706338275,0.30133218531691375,0.6026643706338275,0.36765061346897754,0.6026643706338275,0.3973280087684283,0.6026643706338275,0.8816122669005869,0.6026643706338275,0.30133218531691375,0.6026643706338275,0.30133218531691375,0.6026643706338275,0.6993797547849462,0.6026643706338275,0.48840547599725503,0.6026643706338275,0.7043143002325652,0.6026643706338275,0.43872275908837166,0.6026643706338275,0.3086046570574657,0.6026643706338275,0.30133218531691375,0.6026643706338275,0.30133218531691375,0.6026643706338275,0.3973280087684283,0.6026643706338275,0.8816122669005869,0.6026643706338275,0.7304727514254454,0.6026643706338275,0.37462292187370855,0.6026643706338275,0.40338201972021487,0.6026643706338275,0.30133218531691375,0.6026643706338275,0.36765061346897754,0.6026643706338275,0.30133218531691375,0.6026643706338275,0.30133218531691375,0.6026643706338275,0.9905147931040885,0.6026643706338275,0.9841802313734801,0.6026643706338275,1.205328741267655
axel_disasi,DEF,Crystal Palace,,27.18237971798335,0.7550661032773153,20.072472764534872,0.5575686879037465,36,0.7550661032773158,0.5887983188764776,0.7550661032773158,0.3775330516386579,0.7550661032773158,0.41118193832430255,0.7550661032773158,0.6149750905452361,0.7550661032773158,0.3775330516386579,0.7550661032773158,0.3775330516386579,0.7550661032773158,1.144839161199019,0.7550661032773158,0.3775330516386579,0.7550661032773158,0.8339009543982338,0.7550661032773158,0.3775330516386579,0.7550661032773158,0.3775330516386579,0.7550661032773158,1.096425033301507,0.7550661032773158,0.8285679728924304,0.7550661032773158,0.3775330516386579,0.7550661032773158,0.3775330516386579,0.7550661032773158,0.742217396343654,0.7550661032773158,0.3775330516386579,0.7550661032773158,0.3775330516386579,0.7550661032773158,0.3775330516386579,0.7550661032773158,1.144839161199019,0.7550661032773158,0.3775330516386579,0.7550661032773158,0.8339009543982338,0.7550661032773158,0.3775330516386579,0.7550661032773158,0.742217396343654,0.7550661032773158,0.3775330516386579,0.7550661032773158,0.3775330516386579,0.7550661032773158,0.5887983188764776,0.7550661032773158,0.3775330516386579,0.7550661032773158,0.3775330516386579,0.7550661032773158,0.3775330516386579,0.7550661032773158,0.8285679728924304,0.7550661032773158,1.096425033301507,0.7550661032773158,0.6149750905452361,0.7550661032773158,0.3775330516386579,0.7550661032773158,0.3775330516386579,0.7550661032773158,0.41118193832430255
stefan_bajcetic_maquieira,MID,Liverpool,,16.26612130119911,0.4518367028110864,20.060204510615605,0.5572279030726557,36,0.4518367028110868,0.8413215080347747,0.4518367028110868,0.7870832356814207,0.4518367028110868,0.42028469912836164,0.4518367028110868,0.46423241350421146,0.4518367028110868,0.2715373218791224,0.4518367028110868,0.5428408562802707,0.4518367028110868,0.25420799527671295,0.4518367028110868,0.8618283492416206,0.4518367028110868,0.40563749171956953,0.4518367028110868,0.4684035982202209,0.4518367028110868,0.46965519820900703,0.4518367028110868,0.7291506559068914,0.4518367028110868,0.44802288323666023,0.4518367028110868,0.7401495357540995,0.4518367028110868,0.29546554275026937,0.4518367028110868,0.762530590569311,0.4518367028110868,0.6681576259663582,0.4518367028110868,0.46965519820900703,0.4518367028110868,0.8618283492416206,0.4518367028110868,0.40563749171956953,0.4518367028110868,0.4684035982202209,0.4518367028110868,0.25420799527671295,0.4518367028110868,0.6681576259663582,0.4518367028110868,0.29546554275026937,0.4518367028110868,0.7401495357540995,0.4518367028110868,0.762530590569311,0.4518367028110868,0.8413215080347747,0.4518367028110868,0.7870832356814207,0.4518367028110868,0.5528438331132188,0.4518367028110868,0.6463416747846137,0.4518367028110868,0.44802288323666023,0.4518367028110868,0.7291506559068914,0.4518367028110868,0.46423241350421146,0.4518367028110868,0.2715373218791224,0.4518367028110868,0.5428408562802707,0.4518367028110868,0.42028469912836164
filip_jorgensen,GK,Chelsea,,18.568918028039505,0.5158032785566529,20.047554093235224,0.5568765025898673,36,0.5158032785566524,0.2750950818968813,0.5158032785566524,0.2750950818968813,0.5158032785566524,0.4584918031614688,0.5158032785566524,0.5501901637937626,0.5158032785566524,0.4584918031614688,0.5158032785566524,1.0316065571133048,0.5158032785566524,1.0316065571133048,0.5158032785566524,0.4584918031614688,0.5158032785566524,0.36679344252917506,0.5158032785566524,0.8252852456906438,0.5158032785566524,0.6418885244260563,0.5158032785566524,0.2579016392783262,0.5158032785566524,0.2750950818968813,0.5158032785566524,1.0316065571133048,0.5158032785566524,1.0316065571133048,0.5158032785566524,0.2750950818968813,0.5158032785566524,0.2750950818968813,0.5158032785566524,0.6418885244260563,0.5158032785566524,0.4584918031614688,0.5158032785566524,0.36679344252917506,0.5158032785566524,0.8252852456906438,0.5158032785566524,1.0316065571133048,0.5158032785566524,0.2750950818968813,0.5158032785566524,0.2750950818968813,0.5158032785566524,1.0316065571133048,0.5158032785566524,1.0316065571133048,0.5158032785566524,0.2750950818968813,0.5158032785566524,0.2750950818968813,0.5158032785566524,0.7335868850583501,0.5158032785566524,0.2750950818968813,0.5158032785566524,0.2750950818968813,0.5158032785566524,0.2579016392783262,0.5158032785566524,1.0316065571133048,0.5158032785566524,0.4584918031614688,0.5158032785566524,0.5501901637937626,0.5158032785566524,0.4584918031614688
charlie_hughes,DEF,Hull City,,11.219915243863523,0.31166431232954234,20.04524761342845,0.5568124337063458,36,0.3116643123295426,0.6233286246590852,0.3116643123295426,0.37574591745924507,0.3116643123295426,0.35979953085489813,0.3116643123295426,0.6233286246590852,0.3116643123295426,0.6233286246590852,0.3116643123295426,0.6233286246590852,0.3116643123295426,0.6233286246590852,0.3116643123295426,0.5590218636801103,0.3116643123295426,0.2652723815022949,0.3116643123295426,0.6233286246590852,0.3116643123295426,0.6233286246590852,0.3116643123295426,0.6233286246590852,0.3116643123295426,0.6233286246590852,0.3116643123295426,0.3595119926495743,0.3116643123295426,0.6233286246590852,0.3116643123295426,0.6233286246590852,0.3116643123295426,0.6233286246590852,0.3116643123295426,0.6233286246590852,0.3116643123295426,0.5590218636801103,0.3116643123295426,0.6233286246590852,0.3116643123295426,0.6233286246590852,0.3116643123295426,0.2652723815022949,0.3116643123295426,0.6233286246590852,0.3116643123295426,0.6233286246590852,0.3116643123295426,0.3595119926495743,0.3116643123295426,0.6233286246590852,0.3116643123295426,0.6233286246590852,0.3116643123295426,0.37574591745924507,0.3116643123295426,0.6233286246590852,0.3116643123295426,0.6233286246590852,0.3116643123295426,0.6233286246590852,0.3116643123295426,0.6233286246590852,0.3116643123295426,0.6233286246590852,0.3116643123295426,0.6233286246590852,0.3116643123295426,0.6233286246590852,0.3116643123295426,0.35979953085489813
matty_jacob,DEF,Hull City,,11.219915243863523,0.31166431232954234,20.04524761342845,0.5568124337063458,36,0.3116643123295426,0.6233286246590852,0.3116643123295426,0.37574591745924507,0.3116643123295426,0.35979953085489813,0.3116643123295426,0.6233286246590852,0.3116643123295426,0.6233286246590852,0.3116643123295426,0.6233286246590852,0.3116643123295426,0.6233286246590852,0.3116643123295426,0.5590218636801103,0.3116643123295426,0.2652723815022949,0.3116643123295426,0.6233286246590852,0.3116643123295426,0.6233286246590852,0.3116643123295426,0.6233286246590852,0.3116643123295426,0.6233286246590852,0.3116643123295426,0.3595119926495743,0.3116643123295426,0.6233286246590852,0.3116643123295426,0.6233286246590852,0.3116643123295426,0.6233286246590852,0.3116643123295426,0.6233286246590852,0.3116643123295426,0.5590218636801103,0.3116643123295426,0.6233286246590852,0.3116643123295426,0.6233286246590852,0.3116643123295426,0.2652723815022949,0.3116643123295426,0.6233286246590852,0.3116643123295426,0.6233286246590852,0.3116643123295426,0.3595119926495743,0.3116643123295426,0.6233286246590852,0.3116643123295426,0.6233286246590852,0.3116643123295426,0.37574591745924507,0.3116643123295426,0.6233286246590852,0.3116643123295426,0.6233286246590852,0.3116643123295426,0.6233286246590852,0.3116643123295426,0.6233286246590852,0.3116643123295426,0.6233286246590852,0.3116643123295426,0.6233286246590852,0.3116643123295426,0.6233286246590852,0.3116643123295426,0.35979953085489813
melker_ellborg,GK,Sunderland,14974.0,14.046984726366327,0.3901940201768424,19.977933833054323,0.5549426064737312,36,0.3901940201768421,0.6069684758306433,0.3901940201768421,0.364181085498386,0.3901940201768421,0.364181085498386,0.3901940201768421,0.364181085498386,0.3901940201768421,0.728362170996772,0.3901940201768421,0.48557478066451465,0.3901940201768421,0.7803880403536843,0.3901940201768421,0.24278739033225732,0.3901940201768421,0.7803880403536843,0.3901940201768421,0.7803880403536843,0.3901940201768421,0.24278739033225732,0.3901940201768421,0.364181085498386,0.3901940201768421,0.7803880403536843,0.3901940201768421,0.7803880403536843,0.3901940201768421,0.6069684758306433,0.3901940201768421,0.7803880403536843,0.3901940201768421,0.364181085498386,0.3901940201768421,0.24278739033225732,0.3901940201768421,0.24278739033225732,0.3901940201768421,0.7803880403536843,0.3901940201768421,0.7803880403536843,0.3901940201768421,0.7803880403536843,0.3901940201768421,0.364181085498386,0.3901940201768421,0.6069684758306433,0.3901940201768421,0.7803880403536843,0.3901940201768421,0.7803880403536843,0.3901940201768421,0.6069684758306433,0.3901940201768421,0.364181085498386,0.3901940201768421,0.364181085498386,0.3901940201768421,0.7803880403536843,0.3901940201768421,0.7803880403536843,0.3901940201768421,0.364181085498386,0.3901940201768421,0.364181085498386,0.3901940201768421,0.728362170996772,0.3901940201768421,0.48557478066451465,0.3901940201768421,0.364181085498386
oscar_mingueza,DEF,Crystal Palace,,27.03778816942893,0.7510496713730258,19.965701026723387,0.5546028062978718,36,0.7510496713730261,0.5856663171313813,0.7510496713730261,0.37552483568651307,0.7510496713730261,0.4089947334578872,0.7510496713730261,0.6117038463941764,0.7510496713730261,0.37552483568651307,0.7510496713730261,0.37552483568651307,0.7510496713730261,1.1387494049348166,0.7510496713730261,0.37552483568651307,0.7510496713730261,0.8294651753535577,0.7510496713730261,0.37552483568651307,0.7510496713730261,0.37552483568651307,0.7510496713730261,1.0905928068708675,0.7510496713730261,0.8241605616382988,0.7510496713730261,0.37552483568651307,0.7510496713730261,0.37552483568651307,0.7510496713730261,0.7382693107155821,0.7510496713730261,0.37552483568651307,0.7510496713730261,0.37552483568651307,0.7510496713730261,0.37552483568651307,0.7510496713730261,1.1387494049348166,0.7510496713730261,0.37552483568651307,0.7510496713730261,0.8294651753535577,0.7510496713730261,0.37552483568651307,0.7510496713730261,0.7382693107155821,0.7510496713730261,0.37552483568651307,0.7510496713730261,0.37552483568651307,0.7510496713730261,0.5856663171313813,0.7510496713730261,0.37552483568651307,0.7510496713730261,0.37552483568651307,0.7510496713730261,0.37552483568651307,0.7510496713730261,0.8241605616382988,0.7510496713730261,1.0905928068708675,0.7510496713730261,0.6117038463941764,0.7510496713730261,0.37552483568651307,0.7510496713730261,0.37552483568651307,0.7510496713730261,0.4089947334578872
mamadou_sarr,DEF,Chelsea,,19.537616713416362,0.5427115753726768,19.930202545542894,0.5536167373761915,36,0.5427115753726766,0.2713557876863383,0.5427115753726766,0.3391586988311436,0.5427115753726766,0.37212101905476863,0.5427115753726766,0.8132897331362895,0.5427115753726766,0.34559067244893693,0.5427115753726766,1.0854231507453531,0.5427115753726766,0.9079089615503361,0.5427115753726766,0.4047229480077473,0.5427115753726766,0.45055539056025995,0.5427115753726766,0.6738631157648383,0.5427115753726766,0.6497318728265921,0.5427115753726766,0.3665361773548086,0.5427115753726766,0.2713557876863383,0.5427115753726766,1.0854231507453531,0.5427115753726766,0.9137526121128827,0.5427115753726766,0.28468864216834255,0.5427115753726766,0.2713557876863383,0.5427115753726766,0.6497318728265921,0.5427115753726766,0.4047229480077473,0.5427115753726766,0.45055539056025995,0.5427115753726766,0.6738631157648383,0.5427115753726766,0.9079089615503361,0.5427115753726766,0.2713557876863383,0.5427115753726766,0.28468864216834255,0.5427115753726766,1.0854231507453531,0.5427115753726766,0.9137526121128827,0.5427115753726766,0.2713557876863383,0.5427115753726766,0.3391586988311436,0.5427115753726766,0.6451797411232164,0.5427115753726766,0.2713557876863383,0.5427115753726766,0.2713557876863383,0.5427115753726766,0.3665361773548086,0.5427115753726766,1.0854231507453531,0.5427115753726766,0.34559067244893693,0.5427115753726766,0.8132897331362895,0.5427115753726766,0.37212101905476863
tosin_adarabioyo,DEF,Chelsea,,19.537616713416362,0.5427115753726768,19.930202545542894,0.5536167373761915,36,0.5427115753726766,0.2713557876863383,0.5427115753726766,0.3391586988311436,0.5427115753726766,0.37212101905476863,0.5427115753726766,0.8132897331362895,0.5427115753726766,0.34559067244893693,0.5427115753726766,1.0854231507453531,0.5427115753726766,0.9079089615503361,0.5427115753726766,0.4047229480077473,0.5427115753726766,0.45055539056025995,0.5427115753726766,0.6738631157648383,0.5427115753726766,0.6497318728265921,0.5427115753726766,0.3665361773548086,0.5427115753726766,0.2713557876863383,0.5427115753726766,1.0854231507453531,0.5427115753726766,0.9137526121128827,0.5427115753726766,0.28468864216834255,0.5427115753726766,0.2713557876863383,0.5427115753726766,0.6497318728265921,0.5427115753726766,0.4047229480077473,0.5427115753726766,0.45055539056025995,0.5427115753726766,0.6738631157648383,0.5427115753726766,0.9079089615503361,0.5427115753726766,0.2713557876863383,0.5427115753726766,0.28468864216834255,0.5427115753726766,1.0854231507453531,0.5427115753726766,0.9137526121128827,0.5427115753726766,0.2713557876863383,0.5427115753726766,0.3391586988311436,0.5427115753726766,0.6451797411232164,0.5427115753726766,0.2713557876863383,0.5427115753726766,0.2713557876863383,0.5427115753726766,0.3665361773548086,0.5427115753726766,1.0854231507453531,0.5427115753726766,0.34559067244893693,0.5427115753726766,0.8132897331362895,0.5427115753726766,0.37212101905476863
aaron_anselmino,DEF,Chelsea,,19.537616713416362,0.5427115753726768,19.930202545542894,0.5536167373761915,36,0.5427115753726766,0.2713557876863383,0.5427115753726766,0.3391586988311436,0.5427115753726766,0.37212101905476863,0.5427115753726766,0.8132897331362895,0.5427115753726766,0.34559067244893693,0.5427115753726766,1.0854231507453531,0.5427115753726766,0.9079089615503361,0.5427115753726766,0.4047229480077473,0.5427115753726766,0.45055539056025995,0.5427115753726766,0.6738631157648383,0.5427115753726766,0.6497318728265921,0.5427115753726766,0.3665361773548086,0.5427115753726766,0.2713557876863383,0.5427115753726766,1.0854231507453531,0.5427115753726766,0.9137526121128827,0.5427115753726766,0.28468864216834255,0.5427115753726766,0.2713557876863383,0.5427115753726766,0.6497318728265921,0.5427115753726766,0.4047229480077473,0.5427115753726766,0.45055539056025995,0.5427115753726766,0.6738631157648383,0.5427115753726766,0.9079089615503361,0.5427115753726766,0.2713557876863383,0.5427115753726766,0.28468864216834255,0.5427115753726766,1.0854231507453531,0.5427115753726766,0.9137526121128827,0.5427115753726766,0.2713557876863383,0.5427115753726766,0.3391586988311436,0.5427115753726766,0.6451797411232164,0.5427115753726766,0.2713557876863383,0.5427115753726766,0.2713557876863383,0.5427115753726766,0.3665361773548086,0.5427115753726766,1.0854231507453531,0.5427115753726766,0.34559067244893693,0.5427115753726766,0.8132897331362895,0.5427115753726766,0.37212101905476863
benoit_badiashile_mukinayi,DEF,Chelsea,,19.537616713416362,0.5427115753726768,19.930202545542894,0.5536167373761915,36,0.5427115753726766,0.2713557876863383,0.5427115753726766,0.3391586988311436,0.5427115753726766,0.37212101905476863,0.5427115753726766,0.8132897331362895,0.5427115753726766,0.34559067244893693,0.5427115753726766,1.0854231507453531,0.5427115753726766,0.9079089615503361,0.5427115753726766,0.4047229480077473,0.5427115753726766,0.45055539056025995,0.5427115753726766,0.6738631157648383,0.5427115753726766,0.6497318728265921,0.5427115753726766,0.3665361773548086,0.5427115753726766,0.2713557876863383,0.5427115753726766,1.0854231507453531,0.5427115753726766,0.9137526121128827,0.5427115753726766,0.28468864216834255,0.5427115753726766,0.2713557876863383,0.5427115753726766,0.6497318728265921,0.5427115753726766,0.4047229480077473,0.5427115753726766,0.45055539056025995,0.5427115753726766,0.6738631157648383,0.5427115753726766,0.9079089615503361,0.5427115753726766,0.2713557876863383,0.5427115753726766,0.28468864216834255,0.5427115753726766,1.0854231507453531,0.5427115753726766,0.9137526121128827,0.5427115753726766,0.2713557876863383,0.5427115753726766,0.3391586988311436,0.5427115753726766,0.6451797411232164,0.5427115753726766,0.2713557876863383,0.5427115753726766,0.2713557876863383,0.5427115753726766,0.3665361773548086,0.5427115753726766,1.0854231507453531,0.5427115753726766,0.34559067244893693,0.5427115753726766,0.8132897331362895,0.5427115753726766,0.37212101905476863
chido_obi,FWD,Man Utd,,14.814637218213928,0.41151770050594244,19.5599617003734,0.5433322694548166,36,0.41151770050594205,0.5002361712195711,0.41151770050594205,0.45816522216465794,0.41151770050594205,0.8230354010118841,0.41151770050594205,0.6896370664734598,0.41151770050594205,0.34799337617648307,0.41151770050594205,0.29390925207392504,0.41151770050594205,0.7296184717460162,0.41151770050594205,0.3885836840266172,0.41151770050594205,0.38211965219524996,0.41151770050594205,0.7452344271637953,0.41151770050594205,0.266917586067136,0.41151770050594205,0.40871755366530205,0.41151770050594205,0.8230354010118841,0.41151770050594205,0.3434283770207157,0.41151770050594205,0.5254939975696741,0.41151770050594205,0.7006586634262321,0.41151770050594205,0.8230354010118841,0.41151770050594205,0.266917586067136,0.41151770050594205,0.3885836840266172,0.41151770050594205,0.38211965219524996,0.41151770050594205,0.7452344271637953,0.41151770050594205,0.7296184717460162,0.41151770050594205,0.8230354010118841,0.41151770050594205,0.5254939975696741,0.41151770050594205,0.3434283770207157,0.41151770050594205,0.7006586634262321,0.41151770050594205,0.5002361712195711,0.41151770050594205,0.45816522216465794,0.41151770050594205,0.3576954865852022,0.41151770050594205,0.7026268057392271,0.41151770050594205,0.8230354010118841,0.41151770050594205,0.40871755366530205,0.41151770050594205,0.29390925207392504,0.41151770050594205,0.34799337617648307,0.41151770050594205,0.6896370664734598,0.41151770050594205,0.8230354010118841
nicolo_savona,DEF,Nott'm Forest,,16.457916293340656,0.4571643414816849,19.455465456952886,0.5404295960264691,36,0.45716434148168505,0.9143286829633701,0.45716434148168505,0.9143286829633701,0.45716434148168505,0.9143286829633701,0.45716434148168505,0.7449980022770498,0.45716434148168505,0.2862074974978188,0.45716434148168505,0.3264307609902135,0.45716434148168505,0.42668280162252836,0.45716434148168505,0.22858217074084253,0.45716434148168505,0.9143286829633701,0.45716434148168505,0.22858217074084253,0.45716434148168505,0.38888742210669064,0.45716434148168505,0.22858217074084253,0.45716434148168505,0.4640649479449542,0.45716434148168505,0.39626247587326746,0.45716434148168505,0.9143286829633701,0.45716434148168505,0.22858217074084253,0.45716434148168505,0.7397784199124611,0.45716434148168505,0.38888742210669064,0.45716434148168505,0.22858217074084253,0.45716434148168505,0.9143286829633701,0.45716434148168505,0.22858217074084253,0.45716434148168505,0.42668280162252836,0.45716434148168505,0.7397784199124611,0.45716434148168505,0.9143286829633701,0.45716434148168505,0.39626247587326746,0.45716434148168505,0.22858217074084253,0.45716434148168505,0.9143286829633701,0.45716434148168505,0.9143286829633701,0.45716434148168505,0.5166175155026375,0.45716434148168505,0.4202790894398351,0.45716434148168505,0.4640649479449542,0.45716434148168505,0.22858217074084253,0.45716434148168505,0.7449980022770498,0.45716434148168505,0.2862074974978188,0.45716434148168505,0.3264307609902135,0.45716434148168505,0.9143286829633701
divine_mukasa,MID,Man City,,14.095782331980715,0.3915495092216865,19.445762903429355,0.5401600806508154,36,0.3915495092216865,0.633959196506881,0.3915495092216865,0.3848756765316825,0.3915495092216865,0.445616753473758,0.3915495092216865,0.7184348256950697,0.3915495092216865,0.783099018443373,0.3915495092216865,0.7235018530396565,0.3915495092216865,0.5150565371169992,0.3915495092216865,0.6132598549971451,0.3915495092216865,0.7467978157922771,0.3915495092216865,0.2411968226781329,0.3915495092216865,0.42509164908896835,0.3915495092216865,0.2576391793046544,0.3915495092216865,0.6918304094526231,0.3915495092216865,0.28034267783222383,0.3915495092216865,0.524547529824777,0.3915495092216865,0.44442921434765537,0.3915495092216865,0.702266331695263,0.3915495092216865,0.42509164908896835,0.3915495092216865,0.6132598549971451,0.3915495092216865,0.5150565371169992,0.3915495092216865,0.2411968226781329,0.3915495092216865,0.7467978157922771,0.3915495092216865,0.702266331695263,0.3915495092216865,0.524547529824777,0.3915495092216865,0.28034267783222383,0.3915495092216865,0.44442921434765537,0.3915495092216865,0.633959196506881,0.3915495092216865,0.3848756765316825,0.3915495092216865,0.39877319334370337,0.3915495092216865,0.783099018443373,0.3915495092216865,0.6918304094526231,0.3915495092216865,0.2576391793046544,0.3915495092216865,0.7184348256950697,0.3915495092216865,0.783099018443373,0.3915495092216865,0.7235018530396565,0.3915495092216865,0.445616753473758
alejandro_garnacho_ferreyra,MID,Aston Villa,,36.54726585201692,1.0152018292226923,19.193130516969322,0.533142514360259,36,1.015201829222692,0.507600914611346,1.015201829222692,0.507600914611346,1.015201829222692,0.5500611471608674,1.015201829222692,0.507600914611346,1.015201829222692,0.507600914611346,1.015201829222692,0.507600914611346,1.015201829222692,0.5849411323198438,1.015201829222692,0.507600914611346,1.015201829222692,0.507600914611346,1.015201829222692,0.6252496981832443,1.015201829222692,0.507600914611346,1.015201829222692,0.6404898841915903,1.015201829222692,0.507600914611346,1.015201829222692,0.5418870469635665,1.015201829222692,0.507600914611346,1.015201829222692,0.562725374329395,1.015201829222692,0.507600914611346,1.015201829222692,0.507600914611346,1.015201829222692,0.507600914611346,1.015201829222692,0.5849411323198438,1.015201829222692,0.6252496981832443,1.015201829222692,0.507600914611346,1.015201829222692,0.507600914611346,1.015201829222692,0.507600914611346,1.015201829222692,0.5418870469635665,1.015201829222692,0.562725374329395,1.015201829222692,0.507600914611346,1.015201829222692,0.507600914611346,1.015201829222692,0.507600914611346,1.015201829222692,0.507600914611346,1.015201829222692,0.507600914611346,1.015201829222692,0.6404898841915903,1.015201829222692,0.507600914611346,1.015201829222692,0.507600914611346,1.015201829222692,0.507600914611346,1.015201829222692,0.5500611471608674
tim_iroegbunam,MID,Everton,,18.710350789058054,0.5197319663627238,19.030514583419194,0.5286254050949776,36,0.519731966362724,0.37418397711589463,0.519731966362724,0.6827576410033076,0.519731966362724,0.7760846429038463,0.519731966362724,0.27255486522787903,0.519731966362724,0.6726116246979572,0.519731966362724,0.259865983181362,0.519731966362724,0.509975799626808,0.519731966362724,0.6163480519627338,0.519731966362724,0.259865983181362,0.519731966362724,0.6984769804101045,0.519731966362724,0.7034032476687643,0.519731966362724,0.7260520574664437,0.519731966362724,0.5007484630744501,0.519731966362724,0.5962237302607476,0.519731966362724,0.4332376901208458,0.519731966362724,0.42823539326884164,0.519731966362724,0.41328276530296826,0.519731966362724,0.7034032476687643,0.519731966362724,0.6163480519627338,0.519731966362724,0.259865983181362,0.519731966362724,0.6984769804101045,0.519731966362724,0.509975799626808,0.519731966362724,0.41328276530296826,0.519731966362724,0.4332376901208458,0.519731966362724,0.5962237302607476,0.519731966362724,0.42823539326884164,0.519731966362724,0.37418397711589463,0.519731966362724,0.6827576410033076,0.519731966362724,0.7950013642560396,0.519731966362724,0.38769542621452047,0.519731966362724,0.5007484630744501,0.519731966362724,0.7260520574664437,0.519731966362724,0.27255486522787903,0.519731966362724,0.6726116246979572,0.519731966362724,0.259865983181362,0.519731966362724,0.7760846429038463
aaron_wan_bissaka,DEF,Aston Villa,,33.255546695156276,0.9237651859765632,18.96007744104846,0.5266688178069017,36,0.9237651859765628,0.4618825929882814,0.9237651859765628,0.5060514767082849,0.9237651859765628,0.942066690220882,0.9237651859765628,0.4618825929882814,0.9237651859765628,0.4618825929882814,0.9237651859765628,0.4618825929882814,0.9237651859765628,0.4845111018832065,0.9237651859765628,0.6818130566290993,0.9237651859765628,0.4618825929882814,0.9237651859765628,0.4618825929882814,0.9237651859765628,0.4618825929882814,0.9237651859765628,0.48792961955656106,0.9237651859765628,0.6862014671643569,0.9237651859765628,0.4618825929882814,0.9237651859765628,0.4618825929882814,0.9237651859765628,0.4618825929882814,0.9237651859765628,0.6107567854907389,0.9237651859765628,0.4618825929882814,0.9237651859765628,0.6818130566290993,0.9237651859765628,0.4845111018832065,0.9237651859765628,0.4618825929882814,0.9237651859765628,0.4618825929882814,0.9237651859765628,0.6107567854907389,0.9237651859765628,0.4618825929882814,0.9237651859765628,0.4618825929882814,0.9237651859765628,0.4618825929882814,0.9237651859765628,0.4618825929882814,0.9237651859765628,0.5060514767082849,0.9237651859765628,0.4618825929882814,0.9237651859765628,0.4618825929882814,0.9237651859765628,0.6862014671643569,0.9237651859765628,0.48792961955656106,0.9237651859765628,0.4618825929882814,0.9237651859765628,0.4618825929882814,0.9237651859765628,0.4618825929882814,0.9237651859765628,0.942066690220882
joel_piroe,FWD,Leeds,,16.115811806169756,0.447661439060271,18.930374068676738,0.5258437241299094,36,0.4476614390602711,0.8953228781205422,0.4476614390602711,0.24126733343032714,0.4476614390602711,0.8953228781205422,0.4476614390602711,0.3104255885457184,0.4476614390602711,0.5805495210667247,0.4476614390602711,0.6333267502546089,0.4476614390602711,0.26566515366485466,0.4476614390602711,0.6233643069921767,0.4476614390602711,0.6595035782145707,0.4476614390602711,0.36944060431518855,0.4476614390602711,0.41413644957202994,0.4476614390602711,0.6351057579800432,0.4476614390602711,0.3453987086234301,0.4476614390602711,0.8953228781205422,0.4476614390602711,0.3512415597676423,0.4476614390602711,0.3233216570704659,0.4476614390602711,0.45216446354788326,0.4476614390602711,0.41413644957202994,0.4476614390602711,0.6233643069921767,0.4476614390602711,0.6595035782145707,0.4476614390602711,0.36944060431518855,0.4476614390602711,0.26566515366485466,0.4476614390602711,0.45216446354788326,0.4476614390602711,0.3512415597676423,0.4476614390602711,0.8953228781205422,0.4476614390602711,0.3233216570704659,0.4476614390602711,0.8953228781205422,0.4476614390602711,0.24126733343032714,0.4476614390602711,0.47499506269095676,0.4476614390602711,0.673618871171202,0.4476614390602711,0.3453987086234301,0.4476614390602711,0.6351057579800432,0.4476614390602711,0.3104255885457184,0.4476614390602711,0.5805495210667247,0.4476614390602711,0.6333267502546089,0.4476614390602711,0.8953228781205422
alex_murphy,DEF,Newcastle,,11.219915243863523,0.31166431232954234,18.896373558437855,0.5248992655121626,36,0.3116643123295426,0.6233286246590852,0.3116643123295426,0.6233286246590852,0.3116643123295426,0.538481161601162,0.3116643123295426,0.6233286246590852,0.3116643123295426,0.6233286246590852,0.3116643123295426,0.6233286246590852,0.3116643123295426,0.5486931851672205,0.3116643123295426,0.6233286246590852,0.3116643123295426,0.3963032408626095,0.3116643123295426,0.18805759010681503,0.3116643123295426,0.6233286246590852,0.3116643123295426,0.6233286246590852,0.3116643123295426,0.45199923002944886,0.3116643123295426,0.5908153300723179,0.3116643123295426,0.2548661815802074,0.3116643123295426,0.6233286246590852,0.3116643123295426,0.26637477799115916,0.3116643123295426,0.6233286246590852,0.3116643123295426,0.6233286246590852,0.3116643123295426,0.3963032408626095,0.3116643123295426,0.18805759010681503,0.3116643123295426,0.5486931851672205,0.3116643123295426,0.26637477799115916,0.3116643123295426,0.2548661815802074,0.3116643123295426,0.5908153300723179,0.3116643123295426,0.6233286246590852,0.3116643123295426,0.6233286246590852,0.3116643123295426,0.6233286246590852,0.3116643123295426,0.5819482950933615,0.3116643123295426,0.6233286246590852,0.3116643123295426,0.45199923002944886,0.3116643123295426,0.6233286246590852,0.3116643123295426,0.6233286246590852,0.3116643123295426,0.6233286246590852,0.3116643123295426,0.6233286246590852,0.3116643123295426,0.538481161601162
michele_di_gregorio,GK,Bournemouth,,15.296992635847774,0.4249164621068826,18.41304669129826,0.5114735192027294,36,0.42491646210688283,0.28327764140458855,0.42491646210688283,0.47212940234098094,0.42491646210688283,0.21245823105344142,0.42491646210688283,0.21245823105344142,0.42491646210688283,0.47212940234098094,0.42491646210688283,0.8498329242137657,0.42491646210688283,0.3777035218727848,0.42491646210688283,0.28327764140458855,0.42491646210688283,0.8498329242137657,0.42491646210688283,0.7554070437455696,0.42491646210688283,0.28327764140458855,0.42491646210688283,0.28327764140458855,0.42491646210688283,0.28327764140458855,0.42491646210688283,0.8498329242137657,0.42491646210688283,0.8498329242137657,0.42491646210688283,0.6609811632773733,0.42491646210688283,0.8498329242137657,0.42491646210688283,0.28327764140458855,0.42491646210688283,0.28327764140458855,0.42491646210688283,0.8498329242137657,0.42491646210688283,0.7554070437455696,0.42491646210688283,0.3777035218727848,0.42491646210688283,0.8498329242137657,0.42491646210688283,0.6609811632773733,0.42491646210688283,0.8498329242137657,0.42491646210688283,0.8498329242137657,0.42491646210688283,0.28327764140458855,0.42491646210688283,0.47212940234098094,0.42491646210688283,0.28327764140458855,0.42491646210688283,0.47212940234098094,0.42491646210688283,0.28327764140458855,0.42491646210688283,0.28327764140458855,0.42491646210688283,0.8498329242137657,0.42491646210688283,0.47212940234098094,0.42491646210688283,0.21245823105344142,0.42491646210688283,0.21245823105344142
callum_wilson,FWD,Brentford,,31.8324397200908,0.8842344366691889,18.116166499163484,0.5032268471989857,36,0.8842344366691889,0.46006152157202496,0.8842344366691889,0.44211721833459444,0.8842344366691889,0.4790769054893277,0.8842344366691889,0.44211721833459444,0.8842344366691889,0.44211721833459444,0.8842344366691889,0.44211721833459444,0.8842344366691889,0.44211721833459444,0.8842344366691889,0.6900922823580374,0.8842344366691889,0.44211721833459444,0.8842344366691889,0.44211721833459444,0.8842344366691889,0.44211721833459444,0.8842344366691889,0.44211721833459444,0.8842344366691889,0.8094153549005945,0.8842344366691889,0.44211721833459444,0.8842344366691889,0.46135382921689017,0.8842344366691889,0.44211721833459444,0.8842344366691889,0.8473230458166415,0.8842344366691889,0.44211721833459444,0.8842344366691889,0.6900922823580374,0.8842344366691889,0.44211721833459444,0.8842344366691889,0.44211721833459444,0.8842344366691889,0.44211721833459444,0.8842344366691889,0.8473230458166415,0.8842344366691889,0.44211721833459444,0.8842344366691889,0.44211721833459444,0.8842344366691889,0.46135382921689017,0.8842344366691889,0.46006152157202496,0.8842344366691889,0.44211721833459444,0.8842344366691889,0.4528245987607796,0.8842344366691889,0.44211721833459444,0.8842344366691889,0.8094153549005945,0.8842344366691889,0.44211721833459444,0.8842344366691889,0.44211721833459444,0.8842344366691889,0.44211721833459444,0.8842344366691889,0.44211721833459444,0.8842344366691889,0.4790769054893277
bendito_mantato,MID,Man Utd,,14.095782331980715,0.3915495092216865,18.042059939018994,0.5011683316394165,36,0.3915495092216865,0.4057948770505958,0.3915495092216865,0.40218122976987497,0.3915495092216865,0.6818785040625658,0.3915495092216865,0.6412181524685487,0.3915495092216865,0.38813833093869154,0.3915495092216865,0.3641077448103976,0.3915495092216865,0.6316894274283247,0.3915495092216865,0.6606076648922586,0.3915495092216865,0.6559811154397732,0.3915495092216865,0.23524254417614704,0.3915495092216865,0.4789484883096145,0.3915495092216865,0.5788489727868438,0.3915495092216865,0.7466328831547474,0.3915495092216865,0.22022952552147784,0.3915495092216865,0.5599490299572508,0.3915495092216865,0.40687918311804666,0.3915495092216865,0.4702825498550644,0.3915495092216865,0.4789484883096145,0.3915495092216865,0.6606076648922586,0.3915495092216865,0.6559811154397732,0.3915495092216865,0.23524254417614704,0.3915495092216865,0.6316894274283247,0.3915495092216865,0.4702825498550644,0.3915495092216865,0.5599490299572508,0.3915495092216865,0.22022952552147784,0.3915495092216865,0.40687918311804666,0.3915495092216865,0.4057948770505958,0.3915495092216865,0.40218122976987497,0.3915495092216865,0.25597242217738614,0.3915495092216865,0.7288670693611571,0.3915495092216865,0.7466328831547474,0.3915495092216865,0.5788489727868438,0.3915495092216865,0.3641077448103976,0.3915495092216865,0.38813833093869154,0.3915495092216865,0.6412181524685487,0.3915495092216865,0.6818785040625658
tyler_fletcher,MID,Man Utd,,14.095782331980715,0.3915495092216865,18.042059939018994,0.5011683316394165,36,0.3915495092216865,0.4057948770505958,0.3915495092216865,0.40218122976987497,0.3915495092216865,0.6818785040625658,0.3915495092216865,0.6412181524685487,0.3915495092216865,0.38813833093869154,0.3915495092216865,0.3641077448103976,0.3915495092216865,0.6316894274283247,0.3915495092216865,0.6606076648922586,0.3915495092216865,0.6559811154397732,0.3915495092216865,0.23524254417614704,0.3915495092216865,0.4789484883096145,0.3915495092216865,0.5788489727868438,0.3915495092216865,0.7466328831547474,0.3915495092216865,0.22022952552147784,0.3915495092216865,0.5599490299572508,0.3915495092216865,0.40687918311804666,0.3915495092216865,0.4702825498550644,0.3915495092216865,0.4789484883096145,0.3915495092216865,0.6606076648922586,0.3915495092216865,0.6559811154397732,0.3915495092216865,0.23524254417614704,0.3915495092216865,0.6316894274283247,0.3915495092216865,0.4702825498550644,0.3915495092216865,0.5599490299572508,0.3915495092216865,0.22022952552147784,0.3915495092216865,0.40687918311804666,0.3915495092216865,0.4057948770505958,0.3915495092216865,0.40218122976987497,0.3915495092216865,0.25597242217738614,0.3915495092216865,0.7288670693611571,0.3915495092216865,0.7466328831547474,0.3915495092216865,0.5788489727868438,0.3915495092216865,0.3641077448103976,0.3915495092216865,0.38813833093869154,0.3915495092216865,0.6412181524685487,0.3915495092216865,0.6818785040625658
jules_ahoka,MID,Sunderland,,16.2940826627811,0.452613407299475,18.035446780148945,0.5009846327819152,36,0.45261340729947475,0.24236778714574644,0.45261340729947475,0.22690004034657307,0.45261340729947475,0.4143628654937978,0.45261340729947475,0.48452690112160646,0.45261340729947475,0.3751361757346285,0.45261340729947475,0.39989462240135365,0.45261340729947475,0.5963816839222962,0.45261340729947475,0.6508226189499385,0.45261340729947475,0.6806167586402522,0.45261340729947475,0.6606399587955324,0.45261340729947475,0.675850075994278,0.45261340729947475,0.4934553215063045,0.45261340729947475,0.5769092822067308,0.45261340729947475,0.769247587991414,0.45261340729947475,0.4180859662535725,0.45261340729947475,0.36206242505105196,0.45261340729947475,0.26372555079584326,0.45261340729947475,0.675850075994278,0.45261340729947475,0.6508226189499385,0.45261340729947475,0.5963816839222962,0.45261340729947475,0.6606399587955324,0.45261340729947475,0.6806167586402522,0.45261340729947475,0.26372555079584326,0.45261340729947475,0.4180859662535725,0.45261340729947475,0.769247587991414,0.45261340729947475,0.36206242505105196,0.45261340729947475,0.24236778714574644,0.45261340729947475,0.22690004034657307,0.45261340729947475,0.7509436668572689,0.45261340729947475,0.7025318685898373,0.45261340729947475,0.5769092822067308,0.45261340729947475,0.4934553215063045,0.45261340729947475,0.48452690112160646,0.45261340729947475,0.3751361757346285,0.45261340729947475,0.39989462240135365,0.45261340729947475,0.4143628654937978
simon_adingra,MID,Sunderland,,16.26612130119911,0.4518367028110864,18.004497161250544,0.5001249211458485,36,0.4518367028110868,0.24195187337677537,0.4518367028110868,0.22651066991054447,0.4518367028110868,0.41365180061533874,0.4518367028110868,0.48369543167599,0.4518367028110868,0.3744924255788648,0.4518367028110868,0.3992083856635722,0.4518367028110868,0.5953582667560691,0.4518367028110868,0.6497057787478357,0.4518367028110868,0.6794487903857056,0.4518367028110868,0.6595062716070187,0.4518367028110868,0.6746902875765328,0.4518367028110868,0.4926085304991188,0.4518367028110868,0.5759192805371909,0.4518367028110868,0.7679275253405098,0.4518367028110868,0.4173685123706691,0.4518367028110868,0.36144111002573787,0.4518367028110868,0.2632729861662891,0.4518367028110868,0.6746902875765328,0.4518367028110868,0.6497057787478357,0.4518367028110868,0.5953582667560691,0.4518367028110868,0.6595062716070187,0.4518367028110868,0.6794487903857056,0.4518367028110868,0.2632729861662891,0.4518367028110868,0.4173685123706691,0.4518367028110868,0.7679275253405098,0.4518367028110868,0.36144111002573787,0.4518367028110868,0.24195187337677537,0.4518367028110868,0.22651066991054447,0.4518367028110868,0.7496550145390475,0.4518367028110868,0.7013262930439758,0.4518367028110868,0.5759192805371909,0.4518367028110868,0.4926085304991188,0.4518367028110868,0.48369543167599,0.4518367028110868,0.3744924255788648,0.4518367028110868,0.3992083856635722,0.4518367028110868,0.41365180061533874
evan_ferguson,FWD,Brighton,,16.115811806169756,0.447661439060271,17.897166079988768,0.4971435022219102,36,0.4476614390602711,0.3143425381488968,0.4476614390602711,0.36919470886710887,0.4476614390602711,0.31021897281832067,0.4476614390602711,0.632905215200758,0.4476614390602711,0.8953228781205422,0.4476614390602711,0.3451688151866203,0.4476614390602711,0.41386080507967,0.4476614390602711,0.6731705181417112,0.4476614390602711,0.3231064578671012,0.4476614390602711,0.2411067486479078,0.4476614390602711,0.26548832997185356,0.4476614390602711,0.4746789114005686,0.4476614390602711,0.45186350804361236,0.4476614390602711,0.6346830388389624,0.4476614390602711,0.8953228781205422,0.4476614390602711,0.6229494028268134,0.4476614390602711,0.5801631139340282,0.4476614390602711,0.26548832997185356,0.4476614390602711,0.6731705181417112,0.4476614390602711,0.41386080507967,0.4476614390602711,0.2411067486479078,0.4476614390602711,0.3231064578671012,0.4476614390602711,0.5801631139340282,0.4476614390602711,0.6229494028268134,0.4476614390602711,0.6346830388389624,0.4476614390602711,0.8953228781205422,0.4476614390602711,0.3143425381488968,0.4476614390602711,0.36919470886710887,0.4476614390602711,0.35100777739582273,0.4476614390602711,0.6590646201629082,0.4476614390602711,0.45186350804361236,0.4476614390602711,0.4746789114005686,0.4476614390602711,0.632905215200758,0.4476614390602711,0.8953228781205422,0.4476614390602711,0.3451688151866203,0.4476614390602711,0.31021897281832067
florentino_ibrain_morris_luis,MID,Ipswich Town,,18.464421631999503,0.5129006008888751,17.77751454285695,0.493819848412693,36,0.512900600888875,0.6618663039557152,0.512900600888875,0.7533313614586863,0.512900600888875,0.4094354991569886,0.512900600888875,0.6879960331299786,0.512900600888875,0.4057894317425526,0.512900600888875,0.5649726587219417,0.512900600888875,0.25826889981056655,0.512900600888875,0.3673743673821268,0.512900600888875,0.6469708938482933,0.512900600888875,0.6665343608770368,0.512900600888875,0.5840421639426991,0.512900600888875,0.3916205458898123,0.512900600888875,0.4832454140545543,0.512900600888875,0.4745017284205929,0.512900600888875,0.2564503004444375,0.512900600888875,0.637356681067861,0.512900600888875,0.2564503004444375,0.512900600888875,0.5840421639426991,0.512900600888875,0.3673743673821268,0.512900600888875,0.25826889981056655,0.512900600888875,0.6665343608770368,0.512900600888875,0.6469708938482933,0.512900600888875,0.2564503004444375,0.512900600888875,0.637356681067861,0.512900600888875,0.4745017284205929,0.512900600888875,0.2564503004444375,0.512900600888875,0.6618663039557152,0.512900600888875,0.7533313614586863,0.512900600888875,0.4105295331654819,0.512900600888875,0.354571120994905,0.512900600888875,0.4832454140545543,0.512900600888875,0.3916205458898123,0.512900600888875,0.6879960331299786,0.512900600888875,0.4057894317425526,0.512900600888875,0.5649726587219417,0.512900600888875,0.4094354991569886
anis_mehmeti,MID,Ipswich Town,,18.464421631999503,0.5129006008888751,17.77751454285695,0.493819848412693,36,0.512900600888875,0.6618663039557152,0.512900600888875,0.7533313614586863,0.512900600888875,0.4094354991569886,0.512900600888875,0.6879960331299786,0.512900600888875,0.4057894317425526,0.512900600888875,0.5649726587219417,0.512900600888875,0.25826889981056655,0.512900600888875,0.3673743673821268,0.512900600888875,0.6469708938482933,0.512900600888875,0.6665343608770368,0.512900600888875,0.5840421639426991,0.512900600888875,0.3916205458898123,0.512900600888875,0.4832454140545543,0.512900600888875,0.4745017284205929,0.512900600888875,0.2564503004444375,0.512900600888875,0.637356681067861,0.512900600888875,0.2564503004444375,0.512900600888875,0.5840421639426991,0.512900600888875,0.3673743673821268,0.512900600888875,0.25826889981056655,0.512900600888875,0.6665343608770368,0.512900600888875,0.6469708938482933,0.512900600888875,0.2564503004444375,0.512900600888875,0.637356681067861,0.512900600888875,0.4745017284205929,0.512900600888875,0.2564503004444375,0.512900600888875,0.6618663039557152,0.512900600888875,0.7533313614586863,0.512900600888875,0.4105295331654819,0.512900600888875,0.354571120994905,0.512900600888875,0.4832454140545543,0.512900600888875,0.3916205458898123,0.512900600888875,0.6879960331299786,0.512900600888875,0.4057894317425526,0.512900600888875,0.5649726587219417,0.512900600888875,0.4094354991569886
chiedozie_ogbene,MID,Ipswich Town,,18.464421631999503,0.5129006008888751,17.77751454285695,0.493819848412693,36,0.512900600888875,0.6618663039557152,0.512900600888875,0.7533313614586863,0.512900600888875,0.4094354991569886,0.512900600888875,0.6879960331299786,0.512900600888875,0.4057894317425526,0.512900600888875,0.5649726587219417,0.512900600888875,0.25826889981056655,0.512900600888875,0.3673743673821268,0.512900600888875,0.6469708938482933,0.512900600888875,0.6665343608770368,0.512900600888875,0.5840421639426991,0.512900600888875,0.3916205458898123,0.512900600888875,0.4832454140545543,0.512900600888875,0.4745017284205929,0.512900600888875,0.2564503004444375,0.512900600888875,0.637356681067861,0.512900600888875,0.2564503004444375,0.512900600888875,0.5840421639426991,0.512900600888875,0.3673743673821268,0.512900600888875,0.25826889981056655,0.512900600888875,0.6665343608770368,0.512900600888875,0.6469708938482933,0.512900600888875,0.2564503004444375,0.512900600888875,0.637356681067861,0.512900600888875,0.4745017284205929,0.512900600888875,0.2564503004444375,0.512900600888875,0.6618663039557152,0.512900600888875,0.7533313614586863,0.512900600888875,0.4105295331654819,0.512900600888875,0.354571120994905,0.512900600888875,0.4832454140545543,0.512900600888875,0.3916205458898123,0.512900600888875,0.6879960331299786,0.512900600888875,0.4057894317425526,0.512900600888875,0.5649726587219417,0.512900600888875,0.4094354991569886
geronimo_rulli,GK,Man City,,19.598303431704185,0.5443973175473384,17.674766243036917,0.4909657289732477,36,0.5443973175473384,1.0887946350946769,0.5443973175473384,0.8710357080757415,0.5443973175473384,0.36293154503155894,0.5443973175473384,0.2721986587736692,0.5443973175473384,0.2721986587736692,0.5443973175473384,0.8710357080757415,0.5443973175473384,0.2721986587736692,0.5443973175473384,0.6532767810568061,0.5443973175473384,0.5806904720504943,0.5443973175473384,0.2721986587736692,0.5443973175473384,0.29034523602524714,0.5443973175473384,0.36293154503155894,0.5443973175473384,0.2721986587736692,0.5443973175473384,0.2721986587736692,0.5443973175473384,0.2721986587736692,0.5443973175473384,0.36293154503155894,0.5443973175473384,1.016208326088365,0.5443973175473384,0.29034523602524714,0.5443973175473384,0.6532767810568061,0.5443973175473384,0.2721986587736692,0.5443973175473384,0.2721986587736692,0.5443973175473384,0.5806904720504943,0.5443973175473384,1.016208326088365,0.5443973175473384,0.2721986587736692,0.5443973175473384,0.2721986587736692,0.5443973175473384,0.36293154503155894,0.5443973175473384,1.0887946350946769,0.5443973175473384,0.8710357080757415,0.5443973175473384,0.43551785403787074,0.5443973175473384,0.5081041630441825,0.5443973175473384,0.2721986587736692,0.5443973175473384,0.36293154503155894,0.5443973175473384,0.2721986587736692,0.5443973175473384,0.2721986587736692,0.5443973175473384,0.8710357080757415,0.5443973175473384,0.36293154503155894
julian_araujo_zuniga,DEF,Bournemouth,,16.457916293340656,0.4571643414816849,17.51925663867765,0.4866460177410458,36,0.45716434148168505,0.22858217074084253,0.45716434148168505,0.35477884801576903,0.45716434148168505,0.34945427992312217,0.45716434148168505,0.22858217074084253,0.45716434148168505,0.3858614104208971,0.45716434148168505,0.8655971551948635,0.45716434148168505,0.4295578971494152,0.45716434148168505,0.27142113274927016,0.45716434148168505,0.6424586833031851,0.45716434148168505,0.6151120565568426,0.45716434148168505,0.22858217074084253,0.45716434148168505,0.32335268986278537,0.45716434148168505,0.23797623403059376,0.45716434148168505,0.8711684707310114,0.45716434148168505,0.9143286829633701,0.45716434148168505,0.6194520426340655,0.45716434148168505,0.9143286829633701,0.45716434148168505,0.22858217074084253,0.45716434148168505,0.27142113274927016,0.45716434148168505,0.6424586833031851,0.45716434148168505,0.6151120565568426,0.45716434148168505,0.4295578971494152,0.45716434148168505,0.9143286829633701,0.45716434148168505,0.6194520426340655,0.45716434148168505,0.8711684707310114,0.45716434148168505,0.9143286829633701,0.45716434148168505,0.22858217074084253,0.45716434148168505,0.35477884801576903,0.45716434148168505,0.22858217074084253,0.45716434148168505,0.32948491049462425,0.45716434148168505,0.23797623403059376,0.45716434148168505,0.32335268986278537,0.45716434148168505,0.8655971551948635,0.45716434148168505,0.3858614104208971,0.45716434148168505,0.22858217074084253,0.45716434148168505,0.34945427992312217
james_mcconnell,MID,Liverpool,,14.095782331980715,0.3915495092216865,17.38363258706364,0.48287868297399,36,0.3915495092216865,0.7290665444378376,0.3915495092216865,0.6820651193901094,0.3915495092216865,0.36420739318713063,0.3915495092216865,0.40229129803200425,0.3915495092216865,0.23530692494804717,0.3915495092216865,0.4704112559684797,0.3915495092216865,0.22028979755644465,0.3915495092216865,0.7468372203485651,0.3915495092216865,0.3515145180030209,0.3915495092216865,0.4059059342894517,0.3915495092216865,0.4069905371079084,0.3915495092216865,0.6318623070963345,0.3915495092216865,0.3882445559645999,0.3915495092216865,0.6413936399415178,0.3915495092216865,0.25604247626638027,0.3915495092216865,0.6607884588533929,0.3915495092216865,0.5790073911707807,0.3915495092216865,0.4069905371079084,0.3915495092216865,0.7468372203485651,0.3915495092216865,0.3515145180030209,0.3915495092216865,0.4059059342894517,0.3915495092216865,0.22028979755644465,0.3915495092216865,0.5790073911707807,0.3915495092216865,0.25604247626638027,0.3915495092216865,0.6413936399415178,0.3915495092216865,0.6607884588533929,0.3915495092216865,0.7290665444378376,0.3915495092216865,0.6820651193901094,0.3915495092216865,0.479079566102051,0.3915495092216865,0.5601022758375809,0.3915495092216865,0.3882445559645999,0.3915495092216865,0.6318623070963345,0.3915495092216865,0.40229129803200425,0.3915495092216865,0.23530692494804717,0.3915495092216865,0.4704112559684797,0.3915495092216865,0.36420739318713063
savio_moreira_de_oliveira,MID,Spurs,,30.544466044349033,0.8484573901208065,17.29331638543779,0.4803698995954942,36,0.8484573901208065,0.4702535461071296,0.8484573901208065,0.4242286950604032,0.8484573901208065,0.5547881688889642,0.8484573901208065,0.4242286950604032,0.8484573901208065,0.48612599995800365,0.8484573901208065,0.5305022017972431,0.8484573901208065,0.6270334301150862,0.8484573901208065,0.4242286950604032,0.8484573901208065,0.6121134347423777,0.8484573901208065,0.4242286950604032,0.8484573901208065,0.5726517368449173,0.8484573901208065,0.4242286950604032,0.8484573901208065,0.4242286950604032,0.8484573901208065,0.5509027236611418,0.8484573901208065,0.4242286950604032,0.8484573901208065,0.4242286950604032,0.8484573901208065,0.4242286950604032,0.8484573901208065,0.5726517368449173,0.8484573901208065,0.4242286950604032,0.8484573901208065,0.6270334301150862,0.8484573901208065,0.4242286950604032,0.8484573901208065,0.6121134347423777,0.8484573901208065,0.4242286950604032,0.8484573901208065,0.4242286950604032,0.8484573901208065,0.5509027236611418,0.8484573901208065,0.4242286950604032,0.8484573901208065,0.4702535461071296,0.8484573901208065,0.4242286950604032,0.8484573901208065,0.4242286950604032,0.8484573901208065,0.4242286950604032,0.8484573901208065,0.4242286950604032,0.8484573901208065,0.4242286950604032,0.8484573901208065,0.5305022017972431,0.8484573901208065,0.48612599995800365,0.8484573901208065,0.4242286950604032,0.8484573901208065,0.5547881688889642
joe_gomez,DEF,Liverpool,,21.695917342817808,0.6026643706338279,17.25728855390949,0.4793691264974858,36,0.6026643706338275,0.30133218531691375,0.6026643706338275,0.5165659229868167,0.6026643706338275,0.6511639080945897,0.6026643706338275,0.30133218531691375,0.6026643706338275,0.30133218531691375,0.6026643706338275,0.30133218531691375,0.6026643706338275,0.30133218531691375,0.6026643706338275,0.5202106067315636,0.6026643706338275,0.7269211985713652,0.6026643706338275,0.30133218531691375,0.6026643706338275,0.32404316172047937,0.6026643706338275,0.30133218531691375,0.6026643706338275,0.36073910314706764,0.6026643706338275,1.004392979763737,0.6026643706338275,0.30133218531691375,0.6026643706338275,0.9619181834519855,0.6026643706338275,0.7315999424221861,0.6026643706338275,0.32404316172047937,0.6026643706338275,0.5202106067315636,0.6026643706338275,0.7269211985713652,0.6026643706338275,0.30133218531691375,0.6026643706338275,0.30133218531691375,0.6026643706338275,0.7315999424221861,0.6026643706338275,0.30133218531691375,0.6026643706338275,1.004392979763737,0.6026643706338275,0.9619181834519855,0.6026643706338275,0.30133218531691375,0.6026643706338275,0.5165659229868167,0.6026643706338275,0.30133218531691375,0.6026643706338275,0.5395313897423768,0.6026643706338275,0.36073910314706764,0.6026643706338275,0.30133218531691375,0.6026643706338275,0.30133218531691375,0.6026643706338275,0.30133218531691375,0.6026643706338275,0.30133218531691375,0.6026643706338275,0.6511639080945897
conor_bradley,DEF,Liverpool,,21.695917342817808,0.6026643706338279,17.25728855390949,0.4793691264974858,36,0.6026643706338275,0.30133218531691375,0.6026643706338275,0.5165659229868167,0.6026643706338275,0.6511639080945897,0.6026643706338275,0.30133218531691375,0.6026643706338275,0.30133218531691375,0.6026643706338275,0.30133218531691375,0.6026643706338275,0.30133218531691375,0.6026643706338275,0.5202106067315636,0.6026643706338275,0.7269211985713652,0.6026643706338275,0.30133218531691375,0.6026643706338275,0.32404316172047937,0.6026643706338275,0.30133218531691375,0.6026643706338275,0.36073910314706764,0.6026643706338275,1.004392979763737,0.6026643706338275,0.30133218531691375,0.6026643706338275,0.9619181834519855,0.6026643706338275,0.7315999424221861,0.6026643706338275,0.32404316172047937,0.6026643706338275,0.5202106067315636,0.6026643706338275,0.7269211985713652,0.6026643706338275,0.30133218531691375,0.6026643706338275,0.30133218531691375,0.6026643706338275,0.7315999424221861,0.6026643706338275,0.30133218531691375,0.6026643706338275,1.004392979763737,0.6026643706338275,0.9619181834519855,0.6026643706338275,0.30133218531691375,0.6026643706338275,0.5165659229868167,0.6026643706338275,0.30133218531691375,0.6026643706338275,0.5395313897423768,0.6026643706338275,0.36073910314706764,0.6026643706338275,0.30133218531691375,0.6026643706338275,0.30133218531691375,0.6026643706338275,0.30133218531691375,0.6026643706338275,0.30133218531691375,0.6026643706338275,0.6511639080945897
amine_adli,MID,Bournemouth,,16.26612130119911,0.4518367028110864,17.05939854264416,0.4738721817401156,36,0.4518367028110868,0.4477196696080179,0.4518367028110868,0.2259183514055434,0.4518367028110868,0.613209260374439,0.4518367028110868,0.5905014602744915,0.4518367028110868,0.38034949035736465,0.4518367028110868,0.32850485597461265,0.4518367028110868,0.36283059563127984,0.4518367028110868,0.68134284050937,0.4518367028110868,0.5234387430151491,0.4518367028110868,0.6374180647885198,0.4518367028110868,0.4396187752604688,0.4518367028110868,0.23928228417737096,0.4518367028110868,0.2259183514055434,0.4518367028110868,0.5411063552235953,0.4518367028110868,0.5994088850413003,0.4518367028110868,0.6979502721562613,0.4518367028110868,0.6175341454985213,0.4518367028110868,0.4396187752604688,0.4518367028110868,0.68134284050937,0.4518367028110868,0.5234387430151491,0.4518367028110868,0.6374180647885198,0.4518367028110868,0.36283059563127984,0.4518367028110868,0.6175341454985213,0.4518367028110868,0.6979502721562613,0.4518367028110868,0.5411063552235953,0.4518367028110868,0.5994088850413003,0.4518367028110868,0.4477196696080179,0.4518367028110868,0.2259183514055434,0.4518367028110868,0.3759578570769238,0.4518367028110868,0.3793358841635411,0.4518367028110868,0.2259183514055434,0.4518367028110868,0.23928228417737096,0.4518367028110868,0.32850485597461265,0.4518367028110868,0.38034949035736465,0.4518367028110868,0.5905014602744915,0.4518367028110868,0.613209260374439
dillon_phillips,GK,Hull City,,8.538574474091924,0.2371826242803312,16.866319948823552,0.4685088874673209,36,0.2371826242803312,0.4743652485606624,0.2371826242803312,0.42165799872058884,0.2371826242803312,0.4743652485606624,0.2371826242803312,0.4743652485606624,0.2371826242803312,0.4743652485606624,0.2371826242803312,0.4743652485606624,0.2371826242803312,0.4743652485606624,0.2371826242803312,0.4743652485606624,0.2371826242803312,0.4743652485606624,0.2371826242803312,0.4743652485606624,0.2371826242803312,0.4743652485606624,0.2371826242803312,0.4743652485606624,0.2371826242803312,0.4743652485606624,0.2371826242803312,0.4743652485606624,0.2371826242803312,0.42165799872058884,0.2371826242803312,0.4743652485606624,0.2371826242803312,0.4743652485606624,0.2371826242803312,0.4743652485606624,0.2371826242803312,0.4743652485606624,0.2371826242803312,0.4743652485606624,0.2371826242803312,0.4743652485606624,0.2371826242803312,0.4743652485606624,0.2371826242803312,0.4743652485606624,0.2371826242803312,0.42165799872058884,0.2371826242803312,0.4743652485606624,0.2371826242803312,0.4743652485606624,0.2371826242803312,0.4743652485606624,0.2371826242803312,0.42165799872058884,0.2371826242803312,0.4743652485606624,0.2371826242803312,0.4743652485606624,0.2371826242803312,0.4743652485606624,0.2371826242803312,0.4743652485606624,0.2371826242803312,0.4743652485606624,0.2371826242803312,0.4743652485606624,0.2371826242803312,0.4743652485606624,0.2371826242803312,0.4743652485606624
leon_goretzka,MID,Aston Villa,,31.598300893637877,0.8777305803788299,16.59413636088979,0.46094823224693865,36,0.8777305803788291,0.43886529018941456,0.8777305803788291,0.43886529018941456,0.8777305803788291,0.4755758668313487,0.8777305803788291,0.43886529018941456,0.8777305803788291,0.43886529018941456,0.8777305803788291,0.43886529018941456,0.8777305803788291,0.505732658058404,0.8777305803788291,0.43886529018941456,0.8777305803788291,0.43886529018941456,0.8777305803788291,0.5405829310692497,0.8777305803788291,0.43886529018941456,0.8777305803788291,0.5537594019198085,0.8777305803788291,0.43886529018941456,0.8777305803788291,0.4685086438381189,0.8777305803788291,0.43886529018941456,0.8777305803788291,0.4865251964549882,0.8777305803788291,0.43886529018941456,0.8777305803788291,0.43886529018941456,0.8777305803788291,0.43886529018941456,0.8777305803788291,0.505732658058404,0.8777305803788291,0.5405829310692497,0.8777305803788291,0.43886529018941456,0.8777305803788291,0.43886529018941456,0.8777305803788291,0.43886529018941456,0.8777305803788291,0.4685086438381189,0.8777305803788291,0.4865251964549882,0.8777305803788291,0.43886529018941456,0.8777305803788291,0.43886529018941456,0.8777305803788291,0.43886529018941456,0.8777305803788291,0.43886529018941456,0.8777305803788291,0.43886529018941456,0.8777305803788291,0.5537594019198085,0.8777305803788291,0.43886529018941456,0.8777305803788291,0.43886529018941456,0.8777305803788291,0.43886529018941456,0.8777305803788291,0.4755758668313487
wilfried_gnonto,MID,Leeds,,16.26612130119911,0.4518367028110864,16.588584210758412,0.46079400585440033,36,0.4518367028110868,0.42800268475492587,0.4518367028110868,0.43588952836758266,0.4518367028110868,0.6795082628837231,0.4518367028110868,0.2259183514055434,0.4518367028110868,0.3198247395800148,0.4518367028110868,0.37029947804587826,0.4518367028110868,0.3313733251785323,0.4518367028110868,0.5835706446150561,0.4518367028110868,0.5748985816164093,0.4518367028110868,0.5268086483258915,0.4518367028110868,0.36602388532722313,0.4518367028110868,0.6633396510505684,0.4518367028110868,0.5970063712618752,0.4518367028110868,0.6205755040355935,0.4518367028110868,0.601216979517328,0.4518367028110868,0.2329597046475714,0.4518367028110868,0.36931265446905615,0.4518367028110868,0.36602388532722313,0.4518367028110868,0.5835706446150561,0.4518367028110868,0.5748985816164093,0.4518367028110868,0.5268086483258915,0.4518367028110868,0.3313733251785323,0.4518367028110868,0.36931265446905615,0.4518367028110868,0.601216979517328,0.4518367028110868,0.6205755040355935,0.4518367028110868,0.2329597046475714,0.4518367028110868,0.42800268475492587,0.4518367028110868,0.43588952836758266,0.4518367028110868,0.5096078691873216,0.4518367028110868,0.2259183514055434,0.4518367028110868,0.5970063712618752,0.4518367028110868,0.6633396510505684,0.4518367028110868,0.2259183514055434,0.4518367028110868,0.3198247395800148,0.4518367028110868,0.37029947804587826,0.4518367028110868,0.6795082628837231
ilia_gruev,MID,Leeds,,16.26612130119911,0.4518367028110864,16.588584210758412,0.46079400585440033,36,0.4518367028110868,0.42800268475492587,0.4518367028110868,0.43588952836758266,0.4518367028110868,0.6795082628837231,0.4518367028110868,0.2259183514055434,0.4518367028110868,0.3198247395800148,0.4518367028110868,0.37029947804587826,0.4518367028110868,0.3313733251785323,0.4518367028110868,0.5835706446150561,0.4518367028110868,0.5748985816164093,0.4518367028110868,0.5268086483258915,0.4518367028110868,0.36602388532722313,0.4518367028110868,0.6633396510505684,0.4518367028110868,0.5970063712618752,0.4518367028110868,0.6205755040355935,0.4518367028110868,0.601216979517328,0.4518367028110868,0.2329597046475714,0.4518367028110868,0.36931265446905615,0.4518367028110868,0.36602388532722313,0.4518367028110868,0.5835706446150561,0.4518367028110868,0.5748985816164093,0.4518367028110868,0.5268086483258915,0.4518367028110868,0.3313733251785323,0.4518367028110868,0.36931265446905615,0.4518367028110868,0.601216979517328,0.4518367028110868,0.6205755040355935,0.4518367028110868,0.2329597046475714,0.4518367028110868,0.42800268475492587,0.4518367028110868,0.43588952836758266,0.4518367028110868,0.5096078691873216,0.4518367028110868,0.2259183514055434,0.4518367028110868,0.5970063712618752,0.4518367028110868,0.6633396510505684,0.4518367028110868,0.2259183514055434,0.4518367028110868,0.3198247395800148,0.4518367028110868,0.37029947804587826,0.4518367028110868,0.6795082628837231
jack_harrison,MID,Leeds,,16.26612130119911,0.4518367028110864,16.588584210758412,0.46079400585440033,36,0.4518367028110868,0.42800268475492587,0.4518367028110868,0.43588952836758266,0.4518367028110868,0.6795082628837231,0.4518367028110868,0.2259183514055434,0.4518367028110868,0.3198247395800148,0.4518367028110868,0.37029947804587826,0.4518367028110868,0.3313733251785323,0.4518367028110868,0.5835706446150561,0.4518367028110868,0.5748985816164093,0.4518367028110868,0.5268086483258915,0.4518367028110868,0.36602388532722313,0.4518367028110868,0.6633396510505684,0.4518367028110868,0.5970063712618752,0.4518367028110868,0.6205755040355935,0.4518367028110868,0.601216979517328,0.4518367028110868,0.2329597046475714,0.4518367028110868,0.36931265446905615,0.4518367028110868,0.36602388532722313,0.4518367028110868,0.5835706446150561,0.4518367028110868,0.5748985816164093,0.4518367028110868,0.5268086483258915,0.4518367028110868,0.3313733251785323,0.4518367028110868,0.36931265446905615,0.4518367028110868,0.601216979517328,0.4518367028110868,0.6205755040355935,0.4518367028110868,0.2329597046475714,0.4518367028110868,0.42800268475492587,0.4518367028110868,0.43588952836758266,0.4518367028110868,0.5096078691873216,0.4518367028110868,0.2259183514055434,0.4518367028110868,0.5970063712618752,0.4518367028110868,0.6633396510505684,0.4518367028110868,0.2259183514055434,0.4518367028110868,0.3198247395800148,0.4518367028110868,0.37029947804587826,0.4518367028110868,0.6795082628837231
christian_norgaard,MID,Everton,,16.26612130119911,0.4518367028110864,16.54446045015703,0.45956834583769524,36,0.4518367028110868,0.3253023970182161,0.4518367028110868,0.5935654939390619,0.4518367028110868,0.6747007089174566,0.4518367028110868,0.2369496194385274,0.4518367028110868,0.584744903998905,0.4518367028110868,0.2259183514055434,0.4518367028110868,0.44335503438325913,0.4518367028110868,0.5358313315454588,0.4518367028110868,0.2259183514055434,0.4518367028110868,0.6072313350795289,0.4518367028110868,0.6115140586743396,0.4518367028110868,0.6312041377995418,0.4518367028110868,0.435333112328467,0.4518367028110868,0.5183359536340894,0.4518367028110868,0.37664161934784157,0.4518367028110868,0.3722927982970417,0.4518367028110868,0.35929350913316155,0.4518367028110868,0.6115140586743396,0.4518367028110868,0.5358313315454588,0.4518367028110868,0.2259183514055434,0.4518367028110868,0.6072313350795289,0.4518367028110868,0.44335503438325913,0.4518367028110868,0.35929350913316155,0.4518367028110868,0.37664161934784157,0.4518367028110868,0.5183359536340894,0.4518367028110868,0.3722927982970417,0.4518367028110868,0.3253023970182161,0.4518367028110868,0.5935654939390619,0.4518367028110868,0.6911462415322543,0.4518367028110868,0.33704877593280885,0.4518367028110868,0.435333112328467,0.4518367028110868,0.6312041377995418,0.4518367028110868,0.2369496194385274,0.4518367028110868,0.584744903998905,0.4518367028110868,0.2259183514055434,0.4518367028110868,0.6747007089174566
leo_fuhr_hjelde,DEF,Sunderland,,11.219915243863523,0.31166431232954234,16.213359258914654,0.450371090525407,36,0.3116643123295426,0.442498236698383,0.3116643123295426,0.2968160715431913,0.3116643123295426,0.1908850874426147,0.3116643123295426,0.1558321561647713,0.3116643123295426,0.6233286246590852,0.3116643123295426,0.5357664728649018,0.3116643123295426,0.6233286246590852,0.3116643123295426,0.19950458893404713,0.3116643123295426,0.6233286246590852,0.3116643123295426,0.6233286246590852,0.3116643123295426,0.43585716436457805,0.3116643123295426,0.1910377576082518,0.3116643123295426,0.6233286246590852,0.3116643123295426,0.6233286246590852,0.3116643123295426,0.4109503504169321,0.3116643123295426,0.6233286246590852,0.3116643123295426,0.40330193272853165,0.3116643123295426,0.43585716436457805,0.3116643123295426,0.19950458893404713,0.3116643123295426,0.6233286246590852,0.3116643123295426,0.6233286246590852,0.3116643123295426,0.6233286246590852,0.3116643123295426,0.40330193272853165,0.3116643123295426,0.4109503504169321,0.3116643123295426,0.6233286246590852,0.3116643123295426,0.6233286246590852,0.3116643123295426,0.442498236698383,0.3116643123295426,0.2968160715431913,0.3116643123295426,0.3385302514959727,0.3116643123295426,0.6233286246590852,0.3116643123295426,0.6233286246590852,0.3116643123295426,0.1910377576082518,0.3116643123295426,0.1558321561647713,0.3116643123295426,0.6233286246590852,0.3116643123295426,0.5357664728649018,0.3116643123295426,0.1908850874426147
arthur_masuaku,DEF,Sunderland,,11.219915243863523,0.31166431232954234,16.213359258914654,0.450371090525407,36,0.3116643123295426,0.442498236698383,0.3116643123295426,0.2968160715431913,0.3116643123295426,0.1908850874426147,0.3116643123295426,0.1558321561647713,0.3116643123295426,0.6233286246590852,0.3116643123295426,0.5357664728649018,0.3116643123295426,0.6233286246590852,0.3116643123295426,0.19950458893404713,0.3116643123295426,0.6233286246590852,0.3116643123295426,0.6233286246590852,0.3116643123295426,0.43585716436457805,0.3116643123295426,0.1910377576082518,0.3116643123295426,0.6233286246590852,0.3116643123295426,0.6233286246590852,0.3116643123295426,0.4109503504169321,0.3116643123295426,0.6233286246590852,0.3116643123295426,0.40330193272853165,0.3116643123295426,0.43585716436457805,0.3116643123295426,0.19950458893404713,0.3116643123295426,0.6233286246590852,0.3116643123295426,0.6233286246590852,0.3116643123295426,0.6233286246590852,0.3116643123295426,0.40330193272853165,0.3116643123295426,0.4109503504169321,0.3116643123295426,0.6233286246590852,0.3116643123295426,0.6233286246590852,0.3116643123295426,0.442498236698383,0.3116643123295426,0.2968160715431913,0.3116643123295426,0.3385302514959727,0.3116643123295426,0.6233286246590852,0.3116643123295426,0.6233286246590852,0.3116643123295426,0.1910377576082518,0.3116643123295426,0.1558321561647713,0.3116643123295426,0.6233286246590852,0.3116643123295426,0.5357664728649018,0.3116643123295426,0.1908850874426147
abdulkadir_omur,MID,Hull City,,18.464421631999503,0.5129006008888751,16.20852447345016,0.4502367909291711,36,0.512900600888875,0.5772035390821699,0.512900600888875,0.5519363345138977,0.512900600888875,0.4184794957464689,0.512900600888875,0.354561794576239,0.512900600888875,0.5957888572684965,0.512900600888875,0.2564503004444375,0.512900600888875,0.6368449449104163,0.512900600888875,0.2564503004444375,0.512900600888875,0.41090766361180797,0.512900600888875,0.6523677599507287,0.512900600888875,0.48925342373928693,0.512900600888875,0.31813781474374153,0.512900600888875,0.5602620232826697,0.512900600888875,0.35140438343756114,0.512900600888875,0.5731611083632517,0.512900600888875,0.3391344517744856,0.512900600888875,0.35550920305004613,0.512900600888875,0.48925342373928693,0.512900600888875,0.2564503004444375,0.512900600888875,0.6368449449104163,0.512900600888875,0.6523677599507287,0.512900600888875,0.41090766361180797,0.512900600888875,0.35550920305004613,0.512900600888875,0.5731611083632517,0.512900600888875,0.35140438343756114,0.512900600888875,0.3391344517744856,0.512900600888875,0.5772035390821699,0.512900600888875,0.5519363345138977,0.512900600888875,0.3070504956793178,0.512900600888875,0.5057671798905586,0.512900600888875,0.5602620232826697,0.512900600888875,0.31813781474374153,0.512900600888875,0.354561794576239,0.512900600888875,0.5957888572684965,0.512900600888875,0.2564503004444375,0.512900600888875,0.4184794957464689
david_akintola,MID,Hull City,,18.464421631999503,0.5129006008888751,16.20852447345016,0.4502367909291711,36,0.512900600888875,0.5772035390821699,0.512900600888875,0.5519363345138977,0.512900600888875,0.4184794957464689,0.512900600888875,0.354561794576239,0.512900600888875,0.5957888572684965,0.512900600888875,0.2564503004444375,0.512900600888875,0.6368449449104163,0.512900600888875,0.2564503004444375,0.512900600888875,0.41090766361180797,0.512900600888875,0.6523677599507287,0.512900600888875,0.48925342373928693,0.512900600888875,0.31813781474374153,0.512900600888875,0.5602620232826697,0.512900600888875,0.35140438343756114,0.512900600888875,0.5731611083632517,0.512900600888875,0.3391344517744856,0.512900600888875,0.35550920305004613,0.512900600888875,0.48925342373928693,0.512900600888875,0.2564503004444375,0.512900600888875,0.6368449449104163,0.512900600888875,0.6523677599507287,0.512900600888875,0.41090766361180797,0.512900600888875,0.35550920305004613,0.512900600888875,0.5731611083632517,0.512900600888875,0.35140438343756114,0.512900600888875,0.3391344517744856,0.512900600888875,0.5772035390821699,0.512900600888875,0.5519363345138977,0.512900600888875,0.3070504956793178,0.512900600888875,0.5057671798905586,0.512900600888875,0.5602620232826697,0.512900600888875,0.31813781474374153,0.512900600888875,0.354561794576239,0.512900600888875,0.5957888572684965,0.512900600888875,0.2564503004444375,0.512900600888875,0.4184794957464689
jens_hjerto_dahl,MID,Hull City,,18.464421631999503,0.5129006008888751,16.20852447345016,0.4502367909291711,36,0.512900600888875,0.5772035390821699,0.512900600888875,0.5519363345138977,0.512900600888875,0.4184794957464689,0.512900600888875,0.354561794576239,0.512900600888875,0.5957888572684965,0.512900600888875,0.2564503004444375,0.512900600888875,0.6368449449104163,0.512900600888875,0.2564503004444375,0.512900600888875,0.41090766361180797,0.512900600888875,0.6523677599507287,0.512900600888875,0.48925342373928693,0.512900600888875,0.31813781474374153,0.512900600888875,0.5602620232826697,0.512900600888875,0.35140438343756114,0.512900600888875,0.5731611083632517,0.512900600888875,0.3391344517744856,0.512900600888875,0.35550920305004613,0.512900600888875,0.48925342373928693,0.512900600888875,0.2564503004444375,0.512900600888875,0.6368449449104163,0.512900600888875,0.6523677599507287,0.512900600888875,0.41090766361180797,0.512900600888875,0.35550920305004613,0.512900600888875,0.5731611083632517,0.512900600888875,0.35140438343756114,0.512900600888875,0.3391344517744856,0.512900600888875,0.5772035390821699,0.512900600888875,0.5519363345138977,0.512900600888875,0.3070504956793178,0.512900600888875,0.5057671798905586,0.512900600888875,0.5602620232826697,0.512900600888875,0.31813781474374153,0.512900600888875,0.354561794576239,0.512900600888875,0.5957888572684965,0.512900600888875,0.2564503004444375,0.512900600888875,0.4184794957464689
alysson_edward_franco_da_rocha_dos_santos,MID,Aston Villa,,30.758837974885193,0.8544121659690331,16.153284740716217,0.44870235390878377,36,0.8544121659690325,0.42720608298451623,0.8544121659690325,0.42720608298451623,0.8544121659690325,0.4629413803568256,0.8544121659690325,0.42720608298451623,0.8544121659690325,0.42720608298451623,0.8544121659690325,0.42720608298451623,0.8544121659690325,0.49229700483542516,0.8544121659690325,0.42720608298451623,0.8544121659690325,0.42720608298451623,0.8544121659690325,0.5262214207250451,0.8544121659690325,0.42720608298451623,0.8544121659690325,0.5390478360863451,0.8544121659690325,0.42720608298451623,0.8544121659690325,0.4560619102323764,0.8544121659690325,0.42720608298451623,0.8544121659690325,0.473599822307891,0.8544121659690325,0.42720608298451623,0.8544121659690325,0.42720608298451623,0.8544121659690325,0.42720608298451623,0.8544121659690325,0.49229700483542516,0.8544121659690325,0.5262214207250451,0.8544121659690325,0.42720608298451623,0.8544121659690325,0.42720608298451623,0.8544121659690325,0.42720608298451623,0.8544121659690325,0.4560619102323764,0.8544121659690325,0.473599822307891,0.8544121659690325,0.42720608298451623,0.8544121659690325,0.42720608298451623,0.8544121659690325,0.42720608298451623,0.8544121659690325,0.42720608298451623,0.8544121659690325,0.42720608298451623,0.8544121659690325,0.5390478360863451,0.8544121659690325,0.42720608298451623,0.8544121659690325,0.42720608298451623,0.8544121659690325,0.42720608298451623,0.8544121659690325,0.4629413803568256
alex_cairns,GK,Leeds,,9.124408684069644,0.25345579677971236,16.08599456895241,0.4468331824709003,36,0.2534557967797124,0.4055292748475398,0.2534557967797124,0.4055292748475398,0.2534557967797124,0.5069115935594248,0.2534557967797124,0.4055292748475398,0.2534557967797124,0.5069115935594248,0.2534557967797124,0.5069115935594248,0.2534557967797124,0.5069115935594248,0.2534557967797124,0.5069115935594248,0.2534557967797124,0.2703528498983599,0.2534557967797124,0.5069115935594248,0.2534557967797124,0.4055292748475398,0.2534557967797124,0.4055292748475398,0.2534557967797124,0.2703528498983599,0.2534557967797124,0.5069115935594248,0.2534557967797124,0.5069115935594248,0.2534557967797124,0.4055292748475398,0.2534557967797124,0.5069115935594248,0.2534557967797124,0.4055292748475398,0.2534557967797124,0.5069115935594248,0.2534557967797124,0.2703528498983599,0.2534557967797124,0.5069115935594248,0.2534557967797124,0.5069115935594248,0.2534557967797124,0.5069115935594248,0.2534557967797124,0.5069115935594248,0.2534557967797124,0.5069115935594248,0.2534557967797124,0.4055292748475398,0.2534557967797124,0.4055292748475398,0.2534557967797124,0.4055292748475398,0.2534557967797124,0.5069115935594248,0.2534557967797124,0.5069115935594248,0.2534557967797124,0.2703528498983599,0.2534557967797124,0.4055292748475398,0.2534557967797124,0.4055292748475398,0.2534557967797124,0.5069115935594248,0.2534557967797124,0.5069115935594248,0.2534557967797124,0.5069115935594248
harvey_cartwright,GK,Hull City,,8.13534611619468,0.22598183656096335,16.069819488779615,0.44638387468832263,36,0.22598183656096316,0.4519636731219263,0.22598183656096316,0.4017454872194901,0.22598183656096316,0.4519636731219263,0.22598183656096316,0.4519636731219263,0.22598183656096316,0.4519636731219263,0.22598183656096316,0.4519636731219263,0.22598183656096316,0.4519636731219263,0.22598183656096316,0.4519636731219263,0.22598183656096316,0.4519636731219263,0.22598183656096316,0.4519636731219263,0.22598183656096316,0.4519636731219263,0.22598183656096316,0.4519636731219263,0.22598183656096316,0.4519636731219263,0.22598183656096316,0.4519636731219263,0.22598183656096316,0.4017454872194901,0.22598183656096316,0.4519636731219263,0.22598183656096316,0.4519636731219263,0.22598183656096316,0.4519636731219263,0.22598183656096316,0.4519636731219263,0.22598183656096316,0.4519636731219263,0.22598183656096316,0.4519636731219263,0.22598183656096316,0.4519636731219263,0.22598183656096316,0.4519636731219263,0.22598183656096316,0.4017454872194901,0.22598183656096316,0.4519636731219263,0.22598183656096316,0.4519636731219263,0.22598183656096316,0.4519636731219263,0.22598183656096316,0.4017454872194901,0.22598183656096316,0.4519636731219263,0.22598183656096316,0.4519636731219263,0.22598183656096316,0.4519636731219263,0.22598183656096316,0.4519636731219263,0.22598183656096316,0.4519636731219263,0.22598183656096316,0.4519636731219263,0.22598183656096316,0.4519636731219263,0.22598183656096316,0.4519636731219263
thimothee_lo_tutala,GK,Hull City,,8.13534611619468,0.22598183656096335,16.069819488779615,0.44638387468832263,36,0.22598183656096316,0.4519636731219263,0.22598183656096316,0.4017454872194901,0.22598183656096316,0.4519636731219263,0.22598183656096316,0.4519636731219263,0.22598183656096316,0.4519636731219263,0.22598183656096316,0.4519636731219263,0.22598183656096316,0.4519636731219263,0.22598183656096316,0.4519636731219263,0.22598183656096316,0.4519636731219263,0.22598183656096316,0.4519636731219263,0.22598183656096316,0.4519636731219263,0.22598183656096316,0.4519636731219263,0.22598183656096316,0.4519636731219263,0.22598183656096316,0.4519636731219263,0.22598183656096316,0.4017454872194901,0.22598183656096316,0.4519636731219263,0.22598183656096316,0.4519636731219263,0.22598183656096316,0.4519636731219263,0.22598183656096316,0.4519636731219263,0.22598183656096316,0.4519636731219263,0.22598183656096316,0.4519636731219263,0.22598183656096316,0.4519636731219263,0.22598183656096316,0.4519636731219263,0.22598183656096316,0.4017454872194901,0.22598183656096316,0.4519636731219263,0.22598183656096316,0.4519636731219263,0.22598183656096316,0.4519636731219263,0.22598183656096316,0.4017454872194901,0.22598183656096316,0.4519636731219263,0.22598183656096316,0.4519636731219263,0.22598183656096316,0.4519636731219263,0.22598183656096316,0.4519636731219263,0.22598183656096316,0.4519636731219263,0.22598183656096316,0.4519636731219263,0.22598183656096316,0.4519636731219263,0.22598183656096316,0.4519636731219263
luc_de_fougerolles,DEF,Fulham,,13.031503726261015,0.3619862146183615,16.02870614121395,0.445241837255943,36,0.3619862146183612,0.621127912936715,0.3619862146183612,0.3503996962096948,0.3619862146183612,0.7239724292367224,0.3619862146183612,0.2721554375615552,0.3619862146183612,0.3242274907076072,0.3619862146183612,0.7239724292367224,0.3619862146183612,0.7239724292367224,0.3619862146183612,0.1809931073091806,0.3619862146183612,0.1809931073091806,0.3619862146183612,0.7239724292367224,0.3619862146183612,0.7239724292367224,0.3619862146183612,0.3303763014961311,0.3619862146183612,0.3557386694296586,0.3619862146183612,0.4307200263758202,0.3619862146183612,0.1809931073091806,0.3619862146183612,0.23862005675761616,0.3619862146183612,0.6441967959477876,0.3619862146183612,0.7239724292367224,0.3619862146183612,0.1809931073091806,0.3619862146183612,0.7239724292367224,0.3619862146183612,0.7239724292367224,0.3619862146183612,0.1809931073091806,0.3619862146183612,0.6441967959477876,0.3619862146183612,0.23862005675761616,0.3619862146183612,0.4307200263758202,0.3619862146183612,0.1809931073091806,0.3619862146183612,0.621127912936715,0.3619862146183612,0.3503996962096948,0.3619862146183612,0.1809931073091806,0.3619862146183612,0.38690532283728546,0.3619862146183612,0.3557386694296586,0.3619862146183612,0.3303763014961311,0.3619862146183612,0.2721554375615552,0.3619862146183612,0.3242274907076072,0.3619862146183612,0.7239724292367224,0.3619862146183612,0.7239724292367224
mateo_joseph_fernandez_regatillo,FWD,Leeds,,13.563277117536837,0.3767576977093566,15.932049376116392,0.44255692711434425,36,0.37675769770935674,0.7535153954187135,0.37675769770935674,0.20305373021741885,0.37675769770935674,0.7535153954187135,0.37675769770935674,0.2612582184788326,0.37675769770935674,0.4885980383356641,0.37675769770935674,0.5330160418207246,0.37675769770935674,0.223587253497832,0.37675769770935674,0.5246315198145558,0.37675769770935674,0.5550468011736679,0.37675769770935674,0.3109260243954227,0.37675769770935674,0.3485426299075942,0.37675769770935674,0.5345132778932546,0.37675769770935674,0.29069205184596686,0.37675769770935674,0.7535153954187135,0.37675769770935674,0.2956094714695398,0.37675769770935674,0.2721117177149636,0.37675769770935674,0.3805475017680735,0.37675769770935674,0.3485426299075942,0.37675769770935674,0.5246315198145558,0.37675769770935674,0.5550468011736679,0.37675769770935674,0.3109260243954227,0.37675769770935674,0.223587253497832,0.37675769770935674,0.3805475017680735,0.37675769770935674,0.2956094714695398,0.37675769770935674,0.7535153954187135,0.37675769770935674,0.2721117177149636,0.37675769770935674,0.7535153954187135,0.37675769770935674,0.20305373021741885,0.37675769770935674,0.3997620313655435,0.37675769770935674,0.5669264155715421,0.37675769770935674,0.29069205184596686,0.37675769770935674,0.5345132778932546,0.37675769770935674,0.2612582184788326,0.37675769770935674,0.4885980383356641,0.37675769770935674,0.5330160418207246,0.37675769770935674,0.7535153954187135
wes_burns,MID,Ipswich Town,,16.26612130119911,0.4518367028110864,15.660994628003868,0.435027628555663,36,0.4518367028110868,0.5830671439316646,0.4518367028110868,0.6636427368105718,0.4518367028110868,0.36068974306580487,0.4518367028110868,0.6060859718585279,0.4518367028110868,0.3574777618828804,0.4518367028110868,0.497709269306634,0.4518367028110868,0.22752043559086516,0.4518367028110868,0.3236362417349032,0.4518367028110868,0.5699451218901762,0.4518367028110868,0.5871794406304969,0.4518367028110868,0.5145084353599658,0.4518367028110868,0.34499576701854623,0.4518367028110868,0.4257121441397872,0.4518367028110868,0.41800944681321156,0.4518367028110868,0.2259183514055434,0.4518367028110868,0.5614755389041037,0.4518367028110868,0.2259183514055434,0.4518367028110868,0.5145084353599658,0.4518367028110868,0.3236362417349032,0.4518367028110868,0.22752043559086516,0.4518367028110868,0.5871794406304969,0.4518367028110868,0.5699451218901762,0.4518367028110868,0.2259183514055434,0.4518367028110868,0.5614755389041037,0.4518367028110868,0.41800944681321156,0.4518367028110868,0.2259183514055434,0.4518367028110868,0.5830671439316646,0.4518367028110868,0.6636427368105718,0.4518367028110868,0.36165352575255566,0.4518367028110868,0.31235729875286206,0.4518367028110868,0.4257121441397872,0.4518367028110868,0.34499576701854623,0.4518367028110868,0.6060859718585279,0.4518367028110868,0.3574777618828804,0.4518367028110868,0.497709269306634,0.4518367028110868,0.36068974306580487
azor_matusiwa,MID,Ipswich Town,,16.26612130119911,0.4518367028110864,15.660994628003868,0.435027628555663,36,0.4518367028110868,0.5830671439316646,0.4518367028110868,0.6636427368105718,0.4518367028110868,0.36068974306580487,0.4518367028110868,0.6060859718585279,0.4518367028110868,0.3574777618828804,0.4518367028110868,0.497709269306634,0.4518367028110868,0.22752043559086516,0.4518367028110868,0.3236362417349032,0.4518367028110868,0.5699451218901762,0.4518367028110868,0.5871794406304969,0.4518367028110868,0.5145084353599658,0.4518367028110868,0.34499576701854623,0.4518367028110868,0.4257121441397872,0.4518367028110868,0.41800944681321156,0.4518367028110868,0.2259183514055434,0.4518367028110868,0.5614755389041037,0.4518367028110868,0.2259183514055434,0.4518367028110868,0.5145084353599658,0.4518367028110868,0.3236362417349032,0.4518367028110868,0.22752043559086516,0.4518367028110868,0.5871794406304969,0.4518367028110868,0.5699451218901762,0.4518367028110868,0.2259183514055434,0.4518367028110868,0.5614755389041037,0.4518367028110868,0.41800944681321156,0.4518367028110868,0.2259183514055434,0.4518367028110868,0.5830671439316646,0.4518367028110868,0.6636427368105718,0.4518367028110868,0.36165352575255566,0.4518367028110868,0.31235729875286206,0.4518367028110868,0.4257121441397872,0.4518367028110868,0.34499576701854623,0.4518367028110868,0.6060859718585279,0.4518367028110868,0.3574777618828804,0.4518367028110868,0.497709269306634,0.4518367028110868,0.36068974306580487
sam_szmodics,MID,Ipswich Town,,16.26612130119911,0.4518367028110864,15.660994628003868,0.435027628555663,36,0.4518367028110868,0.5830671439316646,0.4518367028110868,0.6636427368105718,0.4518367028110868,0.36068974306580487,0.4518367028110868,0.6060859718585279,0.4518367028110868,0.3574777618828804,0.4518367028110868,0.497709269306634,0.4518367028110868,0.22752043559086516,0.4518367028110868,0.3236362417349032,0.4518367028110868,0.5699451218901762,0.4518367028110868,0.5871794406304969,0.4518367028110868,0.5145084353599658,0.4518367028110868,0.34499576701854623,0.4518367028110868,0.4257121441397872,0.4518367028110868,0.41800944681321156,0.4518367028110868,0.2259183514055434,0.4518367028110868,0.5614755389041037,0.4518367028110868,0.2259183514055434,0.4518367028110868,0.5145084353599658,0.4518367028110868,0.3236362417349032,0.4518367028110868,0.22752043559086516,0.4518367028110868,0.5871794406304969,0.4518367028110868,0.5699451218901762,0.4518367028110868,0.2259183514055434,0.4518367028110868,0.5614755389041037,0.4518367028110868,0.41800944681321156,0.4518367028110868,0.2259183514055434,0.4518367028110868,0.5830671439316646,0.4518367028110868,0.6636427368105718,0.4518367028110868,0.36165352575255566,0.4518367028110868,0.31235729875286206,0.4518367028110868,0.4257121441397872,0.4518367028110868,0.34499576701854623,0.4518367028110868,0.6060859718585279,0.4518367028110868,0.3574777618828804,0.4518367028110868,0.497709269306634,0.4518367028110868,0.36068974306580487
jayden_danns,FWD,Liverpool,,13.563277117536837,0.3767576977093566,15.42999003345069,0.42861083426251917,36,0.37675769770935674,0.49816098947230286,0.37675769770935674,0.7535153954187135,0.37675769770935674,0.20838106749168223,0.37675769770935674,0.32483821930934476,0.37675769770935674,0.5283697072077344,0.37675769770935674,0.7451483708073102,0.37675769770935674,0.24349002729765254,0.37675769770935674,0.7535153954187135,0.37675769770935674,0.45536844882668953,0.37675769770935674,0.3546664374160886,0.37675769770935674,0.4967655805382068,0.37675769770935674,0.5172980262827636,0.37675769770935674,0.24672660250059364,0.37675769770935674,0.4889512905072686,0.37675769770935674,0.25360537923057064,0.37675769770935674,0.2755050489766491,0.37675769770935674,0.28977992198062064,0.37675769770935674,0.4967655805382068,0.37675769770935674,0.7535153954187135,0.37675769770935674,0.45536844882668953,0.37675769770935674,0.3546664374160886,0.37675769770935674,0.24349002729765254,0.37675769770935674,0.28977992198062064,0.37675769770935674,0.25360537923057064,0.37675769770935674,0.4889512905072686,0.37675769770935674,0.2755050489766491,0.37675769770935674,0.49816098947230286,0.37675769770935674,0.7535153954187135,0.37675769770935674,0.18924403068122161,0.37675769770935674,0.3725741854036551,0.37675769770935674,0.24672660250059364,0.37675769770935674,0.5172980262827636,0.37675769770935674,0.32483821930934476,0.37675769770935674,0.5283697072077344,0.37675769770935674,0.7451483708073102,0.37675769770935674,0.20838106749168223
omar_richards,DEF,Nott'm Forest,,13.031503726261015,0.3619862146183615,15.404986031008724,0.42791627863913123,36,0.3619862146183612,0.7239724292367224,0.3619862146183612,0.7239724292367224,0.3619862146183612,0.7239724292367224,0.3619862146183612,0.5898951039542405,0.3619862146183612,0.2266212808261645,0.3619862146183612,0.2584703678394223,0.3619862146183612,0.3378506987257752,0.3619862146183612,0.1809931073091806,0.3619862146183612,0.7239724292367224,0.3619862146183612,0.1809931073091806,0.3619862146183612,0.3079240287745263,0.3619862146183612,0.1809931073091806,0.3619862146183612,0.3674501674807256,0.3619862146183612,0.3137636526325847,0.3619862146183612,0.7239724292367224,0.3619862146183612,0.1809931073091806,0.3619862146183612,0.5857621988026214,0.3619862146183612,0.3079240287745263,0.3619862146183612,0.1809931073091806,0.3619862146183612,0.7239724292367224,0.3619862146183612,0.1809931073091806,0.3619862146183612,0.3378506987257752,0.3619862146183612,0.5857621988026214,0.3619862146183612,0.7239724292367224,0.3619862146183612,0.3137636526325847,0.3619862146183612,0.1809931073091806,0.3619862146183612,0.7239724292367224,0.3619862146183612,0.7239724292367224,0.3619862146183612,0.4090616915489115,0.3619862146183612,0.3327801905470189,0.3619862146183612,0.3674501674807256,0.3619862146183612,0.1809931073091806,0.3619862146183612,0.5898951039542405,0.3619862146183612,0.2266212808261645,0.3619862146183612,0.2584703678394223,0.3619862146183612,0.7239724292367224
tyler_bindon,DEF,Nott'm Forest,,13.031503726261015,0.3619862146183615,15.404986031008724,0.42791627863913123,36,0.3619862146183612,0.7239724292367224,0.3619862146183612,0.7239724292367224,0.3619862146183612,0.7239724292367224,0.3619862146183612,0.5898951039542405,0.3619862146183612,0.2266212808261645,0.3619862146183612,0.2584703678394223,0.3619862146183612,0.3378506987257752,0.3619862146183612,0.1809931073091806,0.3619862146183612,0.7239724292367224,0.3619862146183612,0.1809931073091806,0.3619862146183612,0.3079240287745263,0.3619862146183612,0.1809931073091806,0.3619862146183612,0.3674501674807256,0.3619862146183612,0.3137636526325847,0.3619862146183612,0.7239724292367224,0.3619862146183612,0.1809931073091806,0.3619862146183612,0.5857621988026214,0.3619862146183612,0.3079240287745263,0.3619862146183612,0.1809931073091806,0.3619862146183612,0.7239724292367224,0.3619862146183612,0.1809931073091806,0.3619862146183612,0.3378506987257752,0.3619862146183612,0.5857621988026214,0.3619862146183612,0.7239724292367224,0.3619862146183612,0.3137636526325847,0.3619862146183612,0.1809931073091806,0.3619862146183612,0.7239724292367224,0.3619862146183612,0.7239724292367224,0.3619862146183612,0.4090616915489115,0.3619862146183612,0.3327801905470189,0.3619862146183612,0.3674501674807256,0.3619862146183612,0.1809931073091806,0.3619862146183612,0.5898951039542405,0.3619862146183612,0.2266212808261645,0.3619862146183612,0.2584703678394223,0.3619862146183612,0.7239724292367224
zach_abbott,DEF,Nott'm Forest,,13.03150372626099,0.36198621461836084,15.404986031008715,0.42791627863913095,36,0.361986214618361,0.723972429236722,0.361986214618361,0.723972429236722,0.361986214618361,0.723972429236722,0.361986214618361,0.5898951039542402,0.361986214618361,0.22662128082616437,0.361986214618361,0.2584703678394222,0.361986214618361,0.33785069872577506,0.361986214618361,0.1809931073091805,0.361986214618361,0.723972429236722,0.361986214618361,0.1809931073091805,0.361986214618361,0.30792402877452607,0.361986214618361,0.1809931073091805,0.361986214618361,0.3674501674807254,0.361986214618361,0.31376365263258454,0.361986214618361,0.723972429236722,0.361986214618361,0.1809931073091805,0.361986214618361,0.585762198802621,0.361986214618361,0.30792402877452607,0.361986214618361,0.1809931073091805,0.361986214618361,0.723972429236722,0.361986214618361,0.1809931073091805,0.361986214618361,0.33785069872577506,0.361986214618361,0.585762198802621,0.361986214618361,0.723972429236722,0.361986214618361,0.31376365263258454,0.361986214618361,0.1809931073091805,0.361986214618361,0.723972429236722,0.361986214618361,0.723972429236722,0.361986214618361,0.4090616915489112,0.361986214618361,0.3327801905470187,0.361986214618361,0.3674501674807254,0.361986214618361,0.1809931073091805,0.361986214618361,0.5898951039542402,0.361986214618361,0.22662128082616437,0.361986214618361,0.2584703678394222,0.361986214618361,0.723972429236722
dejan_kulusevski,MID,Spurs,,27.173738870455125,0.7548260797348646,15.38491663202569,0.4273587953340469,36,0.7548260797348644,0.41835882959181075,0.7548260797348644,0.3774130398674322,0.7548260797348644,0.493564654491506,0.7548260797348644,0.3774130398674322,0.7548260797348644,0.43247968263113884,0.7548260797348644,0.471958759433177,0.7548260797348644,0.5578373073621119,0.7548260797348644,0.3774130398674322,0.7548260797348644,0.5445638044756083,0.7548260797348644,0.3774130398674322,0.7548260797348644,0.5094568927196974,0.7548260797348644,0.3774130398674322,0.7548260797348644,0.3774130398674322,0.7548260797348644,0.4901079866334722,0.7548260797348644,0.3774130398674322,0.7548260797348644,0.3774130398674322,0.7548260797348644,0.3774130398674322,0.7548260797348644,0.5094568927196974,0.7548260797348644,0.3774130398674322,0.7548260797348644,0.5578373073621119,0.7548260797348644,0.3774130398674322,0.7548260797348644,0.5445638044756083,0.7548260797348644,0.3774130398674322,0.7548260797348644,0.3774130398674322,0.7548260797348644,0.4901079866334722,0.7548260797348644,0.3774130398674322,0.7548260797348644,0.41835882959181075,0.7548260797348644,0.3774130398674322,0.7548260797348644,0.3774130398674322,0.7548260797348644,0.3774130398674322,0.7548260797348644,0.3774130398674322,0.7548260797348644,0.3774130398674322,0.7548260797348644,0.471958759433177,0.7548260797348644,0.43247968263113884,0.7548260797348644,0.3774130398674322,0.7548260797348644,0.493564654491506
djed_spence,DEF,Spurs,,16.457916293340656,0.4571643414816849,15.366884046492375,0.42685789018034376,36,0.45716434148168505,0.5541162057158187,0.45716434148168505,0.284178474334261,0.45716434148168505,0.9143286829633701,0.45716434148168505,0.7465716065178233,0.45716434148168505,0.7513768279366754,0.45716434148168505,0.22858217074084253,0.45716434148168505,0.5342731360131967,0.45716434148168505,0.3704907386104588,0.45716434148168505,0.23409886446991926,0.45716434148168505,0.33280281865796013,0.45716434148168505,0.5305299278031284,0.45716434148168505,0.22858217074084253,0.45716434148168505,0.27888947611937775,0.45716434148168505,0.30140191843398817,0.45716434148168505,0.6687664163984007,0.45716434148168505,0.22858217074084253,0.45716434148168505,0.22858217074084253,0.45716434148168505,0.5305299278031284,0.45716434148168505,0.3704907386104588,0.45716434148168505,0.5342731360131967,0.45716434148168505,0.33280281865796013,0.45716434148168505,0.23409886446991926,0.45716434148168505,0.22858217074084253,0.45716434148168505,0.22858217074084253,0.45716434148168505,0.30140191843398817,0.45716434148168505,0.6687664163984007,0.45716434148168505,0.5541162057158187,0.45716434148168505,0.284178474334261,0.45716434148168505,0.30599432187603276,0.45716434148168505,0.22858217074084253,0.45716434148168505,0.27888947611937775,0.45716434148168505,0.22858217074084253,0.45716434148168505,0.22858217074084253,0.45716434148168505,0.7513768279366754,0.45716434148168505,0.7465716065178233,0.45716434148168505,0.9143286829633701
ashley_phillips,DEF,Spurs,,16.457916293340656,0.4571643414816849,15.366884046492375,0.42685789018034376,36,0.45716434148168505,0.5541162057158187,0.45716434148168505,0.284178474334261,0.45716434148168505,0.9143286829633701,0.45716434148168505,0.7465716065178233,0.45716434148168505,0.7513768279366754,0.45716434148168505,0.22858217074084253,0.45716434148168505,0.5342731360131967,0.45716434148168505,0.3704907386104588,0.45716434148168505,0.23409886446991926,0.45716434148168505,0.33280281865796013,0.45716434148168505,0.5305299278031284,0.45716434148168505,0.22858217074084253,0.45716434148168505,0.27888947611937775,0.45716434148168505,0.30140191843398817,0.45716434148168505,0.6687664163984007,0.45716434148168505,0.22858217074084253,0.45716434148168505,0.22858217074084253,0.45716434148168505,0.5305299278031284,0.45716434148168505,0.3704907386104588,0.45716434148168505,0.5342731360131967,0.45716434148168505,0.33280281865796013,0.45716434148168505,0.23409886446991926,0.45716434148168505,0.22858217074084253,0.45716434148168505,0.22858217074084253,0.45716434148168505,0.30140191843398817,0.45716434148168505,0.6687664163984007,0.45716434148168505,0.5541162057158187,0.45716434148168505,0.284178474334261,0.45716434148168505,0.30599432187603276,0.45716434148168505,0.22858217074084253,0.45716434148168505,0.27888947611937775,0.45716434148168505,0.22858217074084253,0.45716434148168505,0.22858217074084253,0.45716434148168505,0.7513768279366754,0.45716434148168505,0.7465716065178233,0.45716434148168505,0.9143286829633701
mike_penders,GK,Chelsea,,14.170538851009246,0.3936260791947013,15.298933611367376,0.4249703780935382,36,0.39362607919470105,0.20993390890384056,0.39362607919470105,0.20993390890384056,0.39362607919470105,0.34988984817306756,0.39362607919470105,0.4198678178076811,0.39362607919470105,0.34988984817306756,0.39362607919470105,0.7872521583894021,0.39362607919470105,0.7872521583894021,0.39362607919470105,0.34988984817306756,0.39362607919470105,0.2799118785384541,0.39362607919470105,0.6298017267115217,0.39362607919470105,0.48984578744229457,0.39362607919470105,0.19681303959735053,0.39362607919470105,0.20993390890384056,0.39362607919470105,0.7872521583894021,0.39362607919470105,0.7872521583894021,0.39362607919470105,0.20993390890384056,0.39362607919470105,0.20993390890384056,0.39362607919470105,0.48984578744229457,0.39362607919470105,0.34988984817306756,0.39362607919470105,0.2799118785384541,0.39362607919470105,0.6298017267115217,0.39362607919470105,0.7872521583894021,0.39362607919470105,0.20993390890384056,0.39362607919470105,0.20993390890384056,0.39362607919470105,0.7872521583894021,0.39362607919470105,0.7872521583894021,0.39362607919470105,0.20993390890384056,0.39362607919470105,0.20993390890384056,0.39362607919470105,0.5598237570769082,0.39362607919470105,0.20993390890384056,0.39362607919470105,0.20993390890384056,0.39362607919470105,0.19681303959735053,0.39362607919470105,0.7872521583894021,0.39362607919470105,0.34988984817306756,0.39362607919470105,0.4198678178076811,0.39362607919470105,0.34988984817306756
ryan_yates,MID,Nott'm Forest,,12.630248778113783,0.350840243836494,14.852995407483727,0.4125832057634369,36,0.35084024383649415,0.5421930343830338,0.35084024383649415,0.5585881700100378,0.35084024383649415,0.4894557020829116,0.35084024383649415,0.6313282724909783,0.35084024383649415,0.1862188620885661,0.35084024383649415,0.6163060831597067,0.35084024383649415,0.19891337815659565,0.35084024383649415,0.3400712542234592,0.35084024383649415,0.30787756435325797,0.35084024383649415,0.534135857081563,0.35084024383649415,0.2164418829448833,0.35084024383649415,0.3976554964042671,0.35084024383649415,0.3440436894569737,0.35084024383649415,0.3431268358173071,0.35084024383649415,0.297147821988265,0.35084024383649415,0.404983129672852,0.35084024383649415,0.576574093816504,0.35084024383649415,0.2164418829448833,0.35084024383649415,0.3400712542234592,0.35084024383649415,0.30787756435325797,0.35084024383649415,0.534135857081563,0.35084024383649415,0.19891337815659565,0.35084024383649415,0.576574093816504,0.35084024383649415,0.297147821988265,0.35084024383649415,0.3431268358173071,0.35084024383649415,0.404983129672852,0.35084024383649415,0.5421930343830338,0.35084024383649415,0.5585881700100378,0.35084024383649415,0.32819703965311176,0.35084024383649415,0.5546761115682904,0.35084024383649415,0.3440436894569737,0.35084024383649415,0.3976554964042671,0.35084024383649415,0.6313282724909783,0.35084024383649415,0.1862188620885661,0.35084024383649415,0.6163060831597067,0.35084024383649415,0.4894557020829116
kayne_van_oevelen,GK,Ipswich Town,,14.09450554353666,0.3915140428760184,14.825331756905243,0.41181477102514563,36,0.39151404287601865,0.19575702143800933,0.39151404287601865,0.4872174755790454,0.39151404287601865,0.348012482556461,0.39151404287601865,0.5568199720903376,0.39151404287601865,0.20880748953387662,0.39151404287601865,0.6264224686016298,0.39151404287601865,0.20880748953387662,0.39151404287601865,0.41761497906775324,0.39151404287601865,0.7830280857520373,0.39151404287601865,0.7830280857520373,0.39151404287601865,0.7830280857520373,0.39151404287601865,0.2784099860451688,0.39151404287601865,0.20880748953387662,0.39151404287601865,0.20880748953387662,0.39151404287601865,0.348012482556461,0.39151404287601865,0.19575702143800933,0.39151404287601865,0.20880748953387662,0.39151404287601865,0.7830280857520373,0.39151404287601865,0.41761497906775324,0.39151404287601865,0.20880748953387662,0.39151404287601865,0.7830280857520373,0.39151404287601865,0.7830280857520373,0.39151404287601865,0.20880748953387662,0.39151404287601865,0.19575702143800933,0.39151404287601865,0.20880748953387662,0.39151404287601865,0.348012482556461,0.39151404287601865,0.19575702143800933,0.39151404287601865,0.4872174755790454,0.39151404287601865,0.348012482556461,0.39151404287601865,0.7830280857520373,0.39151404287601865,0.20880748953387662,0.39151404287601865,0.2784099860451688,0.39151404287601865,0.5568199720903376,0.39151404287601865,0.20880748953387662,0.39151404287601865,0.6264224686016298,0.39151404287601865,0.348012482556461
christian_walton,GK,Ipswich Town,,14.09450554353666,0.3915140428760184,14.825331756905243,0.41181477102514563,36,0.39151404287601865,0.19575702143800933,0.39151404287601865,0.4872174755790454,0.39151404287601865,0.348012482556461,0.39151404287601865,0.5568199720903376,0.39151404287601865,0.20880748953387662,0.39151404287601865,0.6264224686016298,0.39151404287601865,0.20880748953387662,0.39151404287601865,0.41761497906775324,0.39151404287601865,0.7830280857520373,0.39151404287601865,0.7830280857520373,0.39151404287601865,0.7830280857520373,0.39151404287601865,0.2784099860451688,0.39151404287601865,0.20880748953387662,0.39151404287601865,0.20880748953387662,0.39151404287601865,0.348012482556461,0.39151404287601865,0.19575702143800933,0.39151404287601865,0.20880748953387662,0.39151404287601865,0.7830280857520373,0.39151404287601865,0.41761497906775324,0.39151404287601865,0.20880748953387662,0.39151404287601865,0.7830280857520373,0.39151404287601865,0.7830280857520373,0.39151404287601865,0.20880748953387662,0.39151404287601865,0.19575702143800933,0.39151404287601865,0.20880748953387662,0.39151404287601865,0.348012482556461,0.39151404287601865,0.19575702143800933,0.39151404287601865,0.4872174755790454,0.39151404287601865,0.348012482556461,0.39151404287601865,0.7830280857520373,0.39151404287601865,0.20880748953387662,0.39151404287601865,0.2784099860451688,0.39151404287601865,0.5568199720903376,0.39151404287601865,0.20880748953387662,0.39151404287601865,0.6264224686016298,0.39151404287601865,0.348012482556461
miguel_brau,DEF,Coventry City,,13.031503726261015,0.3619862146183615,14.70135221180747,0.4083708947724297,36,0.3619862146183612,0.1809931073091806,0.3619862146183612,0.1809931073091806,0.3619862146183612,0.566328433292756,0.3619862146183612,0.1809931073091806,0.3619862146183612,0.7239724292367224,0.3619862146183612,0.5422223348251144,0.3619862146183612,0.3401374963262425,0.3619862146183612,0.2904415147673658,0.3619862146183612,0.5460480400097482,0.3619862146183612,0.37865602446275326,0.3619862146183612,0.2392581949116559,0.3619862146183612,0.7239724292367224,0.3619862146183612,0.7239724292367224,0.3619862146183612,0.6835054324903764,0.3619862146183612,0.1809931073091806,0.3619862146183612,0.31273816415578226,0.3619862146183612,0.30804454823270777,0.3619862146183612,0.2392581949116559,0.3619862146183612,0.2904415147673658,0.3619862146183612,0.3401374963262425,0.3619862146183612,0.37865602446275326,0.3619862146183612,0.5460480400097482,0.3619862146183612,0.30804454823270777,0.3619862146183612,0.31273816415578226,0.3619862146183612,0.6835054324903764,0.3619862146183612,0.1809931073091806,0.3619862146183612,0.1809931073091806,0.3619862146183612,0.1809931073091806,0.3619862146183612,0.20977645922151122,0.3619862146183612,0.2850359517431738,0.3619862146183612,0.7239724292367224,0.3619862146183612,0.7239724292367224,0.3619862146183612,0.1809931073091806,0.3619862146183612,0.7239724292367224,0.3619862146183612,0.5422223348251144,0.3619862146183612,0.566328433292756
luke_woolfenden,DEF,Coventry City,,13.031503726261015,0.3619862146183615,14.70135221180747,0.4083708947724297,36,0.3619862146183612,0.1809931073091806,0.3619862146183612,0.1809931073091806,0.3619862146183612,0.566328433292756,0.3619862146183612,0.1809931073091806,0.3619862146183612,0.7239724292367224,0.3619862146183612,0.5422223348251144,0.3619862146183612,0.3401374963262425,0.3619862146183612,0.2904415147673658,0.3619862146183612,0.5460480400097482,0.3619862146183612,0.37865602446275326,0.3619862146183612,0.2392581949116559,0.3619862146183612,0.7239724292367224,0.3619862146183612,0.7239724292367224,0.3619862146183612,0.6835054324903764,0.3619862146183612,0.1809931073091806,0.3619862146183612,0.31273816415578226,0.3619862146183612,0.30804454823270777,0.3619862146183612,0.2392581949116559,0.3619862146183612,0.2904415147673658,0.3619862146183612,0.3401374963262425,0.3619862146183612,0.37865602446275326,0.3619862146183612,0.5460480400097482,0.3619862146183612,0.30804454823270777,0.3619862146183612,0.31273816415578226,0.3619862146183612,0.6835054324903764,0.3619862146183612,0.1809931073091806,0.3619862146183612,0.1809931073091806,0.3619862146183612,0.1809931073091806,0.3619862146183612,0.20977645922151122,0.3619862146183612,0.2850359517431738,0.3619862146183612,0.7239724292367224,0.3619862146183612,0.7239724292367224,0.3619862146183612,0.1809931073091806,0.3619862146183612,0.7239724292367224,0.3619862146183612,0.5422223348251144,0.3619862146183612,0.566328433292756
jake_bidwell,DEF,Coventry City,,13.031503726261015,0.3619862146183615,14.70135221180747,0.4083708947724297,36,0.3619862146183612,0.1809931073091806,0.3619862146183612,0.1809931073091806,0.3619862146183612,0.566328433292756,0.3619862146183612,0.1809931073091806,0.3619862146183612,0.7239724292367224,0.3619862146183612,0.5422223348251144,0.3619862146183612,0.3401374963262425,0.3619862146183612,0.2904415147673658,0.3619862146183612,0.5460480400097482,0.3619862146183612,0.37865602446275326,0.3619862146183612,0.2392581949116559,0.3619862146183612,0.7239724292367224,0.3619862146183612,0.7239724292367224,0.3619862146183612,0.6835054324903764,0.3619862146183612,0.1809931073091806,0.3619862146183612,0.31273816415578226,0.3619862146183612,0.30804454823270777,0.3619862146183612,0.2392581949116559,0.3619862146183612,0.2904415147673658,0.3619862146183612,0.3401374963262425,0.3619862146183612,0.37865602446275326,0.3619862146183612,0.5460480400097482,0.3619862146183612,0.30804454823270777,0.3619862146183612,0.31273816415578226,0.3619862146183612,0.6835054324903764,0.3619862146183612,0.1809931073091806,0.3619862146183612,0.1809931073091806,0.3619862146183612,0.1809931073091806,0.3619862146183612,0.20977645922151122,0.3619862146183612,0.2850359517431738,0.3619862146183612,0.7239724292367224,0.3619862146183612,0.7239724292367224,0.3619862146183612,0.1809931073091806,0.3619862146183612,0.7239724292367224,0.3619862146183612,0.5422223348251144,0.3619862146183612,0.566328433292756
kaine_kesler_hayden,DEF,Coventry City,,13.031503726261015,0.3619862146183615,14.70135221180747,0.4083708947724297,36,0.3619862146183612,0.1809931073091806,0.3619862146183612,0.1809931073091806,0.3619862146183612,0.566328433292756,0.3619862146183612,0.1809931073091806,0.3619862146183612,0.7239724292367224,0.3619862146183612,0.5422223348251144,0.3619862146183612,0.3401374963262425,0.3619862146183612,0.2904415147673658,0.3619862146183612,0.5460480400097482,0.3619862146183612,0.37865602446275326,0.3619862146183612,0.2392581949116559,0.3619862146183612,0.7239724292367224,0.3619862146183612,0.7239724292367224,0.3619862146183612,0.6835054324903764,0.3619862146183612,0.1809931073091806,0.3619862146183612,0.31273816415578226,0.3619862146183612,0.30804454823270777,0.3619862146183612,0.2392581949116559,0.3619862146183612,0.2904415147673658,0.3619862146183612,0.3401374963262425,0.3619862146183612,0.37865602446275326,0.3619862146183612,0.5460480400097482,0.3619862146183612,0.30804454823270777,0.3619862146183612,0.31273816415578226,0.3619862146183612,0.6835054324903764,0.3619862146183612,0.1809931073091806,0.3619862146183612,0.1809931073091806,0.3619862146183612,0.1809931073091806,0.3619862146183612,0.20977645922151122,0.3619862146183612,0.2850359517431738,0.3619862146183612,0.7239724292367224,0.3619862146183612,0.7239724292367224,0.3619862146183612,0.1809931073091806,0.3619862146183612,0.7239724292367224,0.3619862146183612,0.5422223348251144,0.3619862146183612,0.566328433292756
joel_latibeaudiere,DEF,Coventry City,,13.031503726261015,0.3619862146183615,14.70135221180747,0.4083708947724297,36,0.3619862146183612,0.1809931073091806,0.3619862146183612,0.1809931073091806,0.3619862146183612,0.566328433292756,0.3619862146183612,0.1809931073091806,0.3619862146183612,0.7239724292367224,0.3619862146183612,0.5422223348251144,0.3619862146183612,0.3401374963262425,0.3619862146183612,0.2904415147673658,0.3619862146183612,0.5460480400097482,0.3619862146183612,0.37865602446275326,0.3619862146183612,0.2392581949116559,0.3619862146183612,0.7239724292367224,0.3619862146183612,0.7239724292367224,0.3619862146183612,0.6835054324903764,0.3619862146183612,0.1809931073091806,0.3619862146183612,0.31273816415578226,0.3619862146183612,0.30804454823270777,0.3619862146183612,0.2392581949116559,0.3619862146183612,0.2904415147673658,0.3619862146183612,0.3401374963262425,0.3619862146183612,0.37865602446275326,0.3619862146183612,0.5460480400097482,0.3619862146183612,0.30804454823270777,0.3619862146183612,0.31273816415578226,0.3619862146183612,0.6835054324903764,0.3619862146183612,0.1809931073091806,0.3619862146183612,0.1809931073091806,0.3619862146183612,0.1809931073091806,0.3619862146183612,0.20977645922151122,0.3619862146183612,0.2850359517431738,0.3619862146183612,0.7239724292367224,0.3619862146183612,0.7239724292367224,0.3619862146183612,0.1809931073091806,0.3619862146183612,0.7239724292367224,0.3619862146183612,0.5422223348251144,0.3619862146183612,0.566328433292756
liam_kitching,DEF,Coventry City,,13.031503726261015,0.3619862146183615,14.70135221180747,0.4083708947724297,36,0.3619862146183612,0.1809931073091806,0.3619862146183612,0.1809931073091806,0.3619862146183612,0.566328433292756,0.3619862146183612,0.1809931073091806,0.3619862146183612,0.7239724292367224,0.3619862146183612,0.5422223348251144,0.3619862146183612,0.3401374963262425,0.3619862146183612,0.2904415147673658,0.3619862146183612,0.5460480400097482,0.3619862146183612,0.37865602446275326,0.3619862146183612,0.2392581949116559,0.3619862146183612,0.7239724292367224,0.3619862146183612,0.7239724292367224,0.3619862146183612,0.6835054324903764,0.3619862146183612,0.1809931073091806,0.3619862146183612,0.31273816415578226,0.3619862146183612,0.30804454823270777,0.3619862146183612,0.2392581949116559,0.3619862146183612,0.2904415147673658,0.3619862146183612,0.3401374963262425,0.3619862146183612,0.37865602446275326,0.3619862146183612,0.5460480400097482,0.3619862146183612,0.30804454823270777,0.3619862146183612,0.31273816415578226,0.3619862146183612,0.6835054324903764,0.3619862146183612,0.1809931073091806,0.3619862146183612,0.1809931073091806,0.3619862146183612,0.1809931073091806,0.3619862146183612,0.20977645922151122,0.3619862146183612,0.2850359517431738,0.3619862146183612,0.7239724292367224,0.3619862146183612,0.7239724292367224,0.3619862146183612,0.1809931073091806,0.3619862146183612,0.7239724292367224,0.3619862146183612,0.5422223348251144,0.3619862146183612,0.566328433292756
arnaud_kalimuendo,FWD,Nott'm Forest,,23.434146583833755,0.6509485162176043,14.639117126079135,0.4066421423910871,36,0.6509485162176045,0.3889558170004282,0.6509485162176045,0.32547425810880226,0.6509485162176045,0.32547425810880226,0.6509485162176045,0.727812111910048,0.6509485162176045,0.32547425810880226,0.6509485162176045,0.3962820395809158,0.6509485162176045,0.4203127696667901,0.6509485162176045,0.32547425810880226,0.6509485162176045,0.32547425810880226,0.6509485162176045,0.41150535922868214,0.6509485162176045,0.32547425810880226,0.6509485162176045,0.5927580087848993,0.6509485162176045,0.3951720058565995,0.6509485162176045,0.32547425810880226,0.6509485162176045,0.36224100536854953,0.6509485162176045,0.32547425810880226,0.6509485162176045,0.6952511226634368,0.6509485162176045,0.32547425810880226,0.6509485162176045,0.32547425810880226,0.6509485162176045,0.32547425810880226,0.6509485162176045,0.41150535922868214,0.6509485162176045,0.4203127696667901,0.6509485162176045,0.6952511226634368,0.6509485162176045,0.36224100536854953,0.6509485162176045,0.32547425810880226,0.6509485162176045,0.32547425810880226,0.6509485162176045,0.3889558170004282,0.6509485162176045,0.32547425810880226,0.6509485162176045,0.32547425810880226,0.6509485162176045,0.32547425810880226,0.6509485162176045,0.3951720058565995,0.6509485162176045,0.5927580087848993,0.6509485162176045,0.727812111910048,0.6509485162176045,0.32547425810880226,0.6509485162176045,0.3962820395809158,0.6509485162176045,0.32547425810880226
ben_johnson,DEF,Ipswich Town,,13.031503726261015,0.3619862146183615,14.621316269256894,0.4061476741460248,36,0.3619862146183612,0.2909360867919204,0.3619862146183612,0.5157211217412029,0.3619862146183612,0.274310706789399,0.3619862146183612,0.5121078920897691,0.3619862146183612,0.1809931073091806,0.3619862146183612,0.5348751638893604,0.3619862146183612,0.26920536289615965,0.3619862146183612,0.6455442791331145,0.3619862146183612,0.7239724292367224,0.3619862146183612,0.7239724292367224,0.3619862146183612,0.7239724292367224,0.3619862146183612,0.3576258779108689,0.3619862146183612,0.1809931073091806,0.3619862146183612,0.1809931073091806,0.3619862146183612,0.2953690243569506,0.3619862146183612,0.1809931073091806,0.3619862146183612,0.1981257012893666,0.3619862146183612,0.7239724292367224,0.3619862146183612,0.6455442791331145,0.3619862146183612,0.26920536289615965,0.3619862146183612,0.7239724292367224,0.3619862146183612,0.7239724292367224,0.3619862146183612,0.1981257012893666,0.3619862146183612,0.1809931073091806,0.3619862146183612,0.1809931073091806,0.3619862146183612,0.2953690243569506,0.3619862146183612,0.2909360867919204,0.3619862146183612,0.5157211217412029,0.3619862146183612,0.3212466272170531,0.3619862146183612,0.7206477743698376,0.3619862146183612,0.1809931073091806,0.3619862146183612,0.3576258779108689,0.3619862146183612,0.5121078920897691,0.3619862146183612,0.1809931073091806,0.3619862146183612,0.5348751638893604,0.3619862146183612,0.274310706789399
cedric_kipre,DEF,Ipswich Town,,13.031503726261015,0.3619862146183615,14.621316269256894,0.4061476741460248,36,0.3619862146183612,0.2909360867919204,0.3619862146183612,0.5157211217412029,0.3619862146183612,0.274310706789399,0.3619862146183612,0.5121078920897691,0.3619862146183612,0.1809931073091806,0.3619862146183612,0.5348751638893604,0.3619862146183612,0.26920536289615965,0.3619862146183612,0.6455442791331145,0.3619862146183612,0.7239724292367224,0.3619862146183612,0.7239724292367224,0.3619862146183612,0.7239724292367224,0.3619862146183612,0.3576258779108689,0.3619862146183612,0.1809931073091806,0.3619862146183612,0.1809931073091806,0.3619862146183612,0.2953690243569506,0.3619862146183612,0.1809931073091806,0.3619862146183612,0.1981257012893666,0.3619862146183612,0.7239724292367224,0.3619862146183612,0.6455442791331145,0.3619862146183612,0.26920536289615965,0.3619862146183612,0.7239724292367224,0.3619862146183612,0.7239724292367224,0.3619862146183612,0.1981257012893666,0.3619862146183612,0.1809931073091806,0.3619862146183612,0.1809931073091806,0.3619862146183612,0.2953690243569506,0.3619862146183612,0.2909360867919204,0.3619862146183612,0.5157211217412029,0.3619862146183612,0.3212466272170531,0.3619862146183612,0.7206477743698376,0.3619862146183612,0.1809931073091806,0.3619862146183612,0.3576258779108689,0.3619862146183612,0.5121078920897691,0.3619862146183612,0.1809931073091806,0.3619862146183612,0.5348751638893604,0.3619862146183612,0.274310706789399
borna_sosa,DEF,Crystal Palace,,19.537616713416362,0.5427115753726768,14.427297515254708,0.4007582643126308,36,0.5427115753726766,0.4232048847475216,0.5427115753726766,0.2713557876863383,0.5427115753726766,0.29554127320004286,0.5427115753726766,0.4420197102692351,0.5427115753726766,0.2713557876863383,0.5427115753726766,0.2713557876863383,0.5427115753726766,0.8228649942380736,0.5427115753726766,0.2713557876863383,0.5427115753726766,0.5993749404216439,0.5427115753726766,0.2713557876863383,0.5427115753726766,0.2713557876863383,0.5427115753726766,0.788066838808359,0.5427115753726766,0.5955418047771148,0.5427115753726766,0.2713557876863383,0.5427115753726766,0.2713557876863383,0.5427115753726766,0.533476434301977,0.5427115753726766,0.2713557876863383,0.5427115753726766,0.2713557876863383,0.5427115753726766,0.2713557876863383,0.5427115753726766,0.8228649942380736,0.5427115753726766,0.2713557876863383,0.5427115753726766,0.5993749404216439,0.5427115753726766,0.2713557876863383,0.5427115753726766,0.533476434301977,0.5427115753726766,0.2713557876863383,0.5427115753726766,0.2713557876863383,0.5427115753726766,0.4232048847475216,0.5427115753726766,0.2713557876863383,0.5427115753726766,0.2713557876863383,0.5427115753726766,0.2713557876863383,0.5427115753726766,0.5955418047771148,0.5427115753726766,0.788066838808359,0.5427115753726766,0.4420197102692351,0.5427115753726766,0.2713557876863383,0.5427115753726766,0.2713557876863383,0.5427115753726766,0.29554127320004286
alfie_cresswell,MID,Leeds,,14.095782331980715,0.3915495092216865,14.375219998718746,0.3993116666310763,36,0.3915495092216865,0.37089559152396373,0.3915495092216865,0.3777301176406592,0.3915495092216865,0.58884354721277,0.3915495092216865,0.19577475461084326,0.3915495092216865,0.2771514997352176,0.3915495092216865,0.3208915477469102,0.3915495092216865,0.28715919276938606,0.3915495092216865,0.5057065928323736,0.3915495092216865,0.498191616758198,0.3915495092216865,0.4565181766386631,0.3915495092216865,0.31718643432826615,0.3915495092216865,0.5748322639578225,0.3915495092216865,0.517349631438731,0.3915495092216865,0.5377740066896026,0.3915495092216865,0.5209984310729578,0.3915495092216865,0.20187660155913184,0.3915495092216865,0.3200363930310821,0.3915495092216865,0.31718643432826615,0.3915495092216865,0.5057065928323736,0.3915495092216865,0.498191616758198,0.3915495092216865,0.4565181766386631,0.3915495092216865,0.28715919276938606,0.3915495092216865,0.3200363930310821,0.3915495092216865,0.5209984310729578,0.3915495092216865,0.5377740066896026,0.3915495092216865,0.20187660155913184,0.3915495092216865,0.37089559152396373,0.3915495092216865,0.3777301176406592,0.3915495092216865,0.441612445014746,0.3915495092216865,0.19577475461084326,0.3915495092216865,0.517349631438731,0.3915495092216865,0.5748322639578225,0.3915495092216865,0.19577475461084326,0.3915495092216865,0.2771514997352176,0.3915495092216865,0.3208915477469102,0.3915495092216865,0.58884354721277
tyrone_mings,DEF,Aston Villa,,25.207312817059847,0.700203133807218,14.371515448934108,0.3992087624703919,36,0.700203133807218,0.350101566903609,0.700203133807218,0.3835810606829922,0.700203133807218,0.714075458527608,0.700203133807218,0.350101566903609,0.700203133807218,0.350101566903609,0.700203133807218,0.350101566903609,0.700203133807218,0.3672537101994845,0.700203133807218,0.5168062687031009,0.700203133807218,0.350101566903609,0.700203133807218,0.350101566903609,0.700203133807218,0.350101566903609,0.700203133807218,0.36984490634347833,0.700203133807218,0.5201326322161095,0.700203133807218,0.350101566903609,0.700203133807218,0.350101566903609,0.700203133807218,0.350101566903609,0.700203133807218,0.4629464518545824,0.700203133807218,0.350101566903609,0.700203133807218,0.5168062687031009,0.700203133807218,0.3672537101994845,0.700203133807218,0.350101566903609,0.700203133807218,0.350101566903609,0.700203133807218,0.4629464518545824,0.700203133807218,0.350101566903609,0.700203133807218,0.350101566903609,0.700203133807218,0.350101566903609,0.700203133807218,0.350101566903609,0.700203133807218,0.3835810606829922,0.700203133807218,0.350101566903609,0.700203133807218,0.350101566903609,0.700203133807218,0.5201326322161095,0.700203133807218,0.36984490634347833,0.700203133807218,0.350101566903609,0.700203133807218,0.350101566903609,0.700203133807218,0.350101566903609,0.700203133807218,0.714075458527608
abu_kamara,MID,Hull City,,16.26612130119911,0.4518367028110864,14.278802252959846,0.39663339591555125,36,0.4518367028110868,0.5084839898760095,0.4518367028110868,0.48622499781868717,0.4518367028110868,0.3686569975243561,0.4518367028110868,0.3123490827003719,0.4518367028110868,0.5248566142703883,0.4518367028110868,0.2259183514055434,0.4518367028110868,0.5610247280107488,0.4518367028110868,0.2259183514055434,0.4518367028110868,0.361986637497413,0.4518367028110868,0.5746994586583751,0.4518367028110868,0.43100486417501843,0.4518367028110868,0.2802615965047009,0.4518367028110868,0.493559463318228,0.4518367028110868,0.30956758032769627,0.4518367028110868,0.5049228348213795,0.4518367028110868,0.2987584577477003,0.4518367028110868,0.3131836965032773,0.4518367028110868,0.43100486417501843,0.4518367028110868,0.2259183514055434,0.4518367028110868,0.5610247280107488,0.4518367028110868,0.5746994586583751,0.4518367028110868,0.361986637497413,0.4518367028110868,0.3131836965032773,0.4518367028110868,0.5049228348213795,0.4518367028110868,0.30956758032769627,0.4518367028110868,0.2987584577477003,0.4518367028110868,0.5084839898760095,0.4518367028110868,0.48622499781868717,0.4518367028110868,0.27049428938826975,0.4518367028110868,0.4455525584407023,0.4518367028110868,0.493559463318228,0.4518367028110868,0.2802615965047009,0.4518367028110868,0.3123490827003719,0.4518367028110868,0.5248566142703883,0.4518367028110868,0.2259183514055434,0.4518367028110868,0.3686569975243561
joe_gelhardt,MID,Hull City,,16.26612130119911,0.4518367028110864,14.278802252959846,0.39663339591555125,36,0.4518367028110868,0.5084839898760095,0.4518367028110868,0.48622499781868717,0.4518367028110868,0.3686569975243561,0.4518367028110868,0.3123490827003719,0.4518367028110868,0.5248566142703883,0.4518367028110868,0.2259183514055434,0.4518367028110868,0.5610247280107488,0.4518367028110868,0.2259183514055434,0.4518367028110868,0.361986637497413,0.4518367028110868,0.5746994586583751,0.4518367028110868,0.43100486417501843,0.4518367028110868,0.2802615965047009,0.4518367028110868,0.493559463318228,0.4518367028110868,0.30956758032769627,0.4518367028110868,0.5049228348213795,0.4518367028110868,0.2987584577477003,0.4518367028110868,0.3131836965032773,0.4518367028110868,0.43100486417501843,0.4518367028110868,0.2259183514055434,0.4518367028110868,0.5610247280107488,0.4518367028110868,0.5746994586583751,0.4518367028110868,0.361986637497413,0.4518367028110868,0.3131836965032773,0.4518367028110868,0.5049228348213795,0.4518367028110868,0.30956758032769627,0.4518367028110868,0.2987584577477003,0.4518367028110868,0.5084839898760095,0.4518367028110868,0.48622499781868717,0.4518367028110868,0.27049428938826975,0.4518367028110868,0.4455525584407023,0.4518367028110868,0.493559463318228,0.4518367028110868,0.2802615965047009,0.4518367028110868,0.3123490827003719,0.4518367028110868,0.5248566142703883,0.4518367028110868,0.2259183514055434,0.4518367028110868,0.3686569975243561
brian_madjo,FWD,Aston Villa,61014.0,18.668346494802684,0.5185651804111857,13.723531827772682,0.3812092174381301,36,0.5185651804111857,0.25928259020559286,0.5185651804111857,0.3111413499687849,0.5185651804111857,0.4083293222062254,0.5185651804111857,0.441248133724332,0.5185651804111857,0.25928259020559286,0.5185651804111857,0.27127644919323546,0.5185651804111857,0.7298808946209073,0.5185651804111857,0.3802838721840704,0.5185651804111857,0.41485513329171314,0.5185651804111857,0.41602045669983595,0.5185651804111857,0.2961863662312091,0.5185651804111857,0.7640637145925092,0.5185651804111857,0.25928259020559286,0.5185651804111857,0.43200203486837707,0.5185651804111857,0.25928259020559286,0.5185651804111857,0.25928259020559286,0.5185651804111857,0.25928259020559286,0.5185651804111857,0.2961863662312091,0.5185651804111857,0.3802838721840704,0.5185651804111857,0.7298808946209073,0.5185651804111857,0.41602045669983595,0.5185651804111857,0.41485513329171314,0.5185651804111857,0.25928259020559286,0.5185651804111857,0.25928259020559286,0.5185651804111857,0.43200203486837707,0.5185651804111857,0.25928259020559286,0.5185651804111857,0.25928259020559286,0.5185651804111857,0.3111413499687849,0.5185651804111857,0.6222826999375698,0.5185651804111857,0.25928259020559286,0.5185651804111857,0.25928259020559286,0.5185651804111857,0.7640637145925092,0.5185651804111857,0.441248133724332,0.5185651804111857,0.25928259020559286,0.5185651804111857,0.27127644919323546,0.5185651804111857,0.4083293222062254
cameron_humphreys,MID,Ipswich Town,,14.095782331980715,0.3915495092216865,13.571395865736479,0.37698321849267996,36,0.3915495092216865,0.5052702727099749,0.3915495092216865,0.5750949099089883,0.3915495092216865,0.3125640104047935,0.3915495092216865,0.5252177686118077,0.3915495092216865,0.3097805940776582,0.3915495092216865,0.431301439036871,0.3915495092216865,0.19716307758813098,0.3915495092216865,0.28045444477898906,0.3915495092216865,0.4938990820599557,0.3915495092216865,0.5088338781988255,0.3915495092216865,0.44585914358498036,0.3915495092216865,0.29896403373001185,0.3915495092216865,0.3689106707591606,0.3915495092216865,0.36223572085106326,0.3915495092216865,0.19577475461084326,0.3915495092216865,0.4865595697076457,0.3915495092216865,0.19577475461084326,0.3915495092216865,0.44585914358498036,0.3915495092216865,0.28045444477898906,0.3915495092216865,0.19716307758813098,0.3915495092216865,0.5088338781988255,0.3915495092216865,0.4938990820599557,0.3915495092216865,0.19577475461084326,0.3915495092216865,0.4865595697076457,0.3915495092216865,0.36223572085106326,0.3915495092216865,0.19577475461084326,0.3915495092216865,0.5052702727099749,0.3915495092216865,0.5750949099089883,0.3915495092216865,0.31339919850625986,0.3915495092216865,0.2706804167691308,0.3915495092216865,0.3689106707591606,0.3915495092216865,0.29896403373001185,0.3915495092216865,0.5252177686118077,0.3915495092216865,0.3097805940776582,0.3915495092216865,0.431301439036871,0.3915495092216865,0.3125640104047935
justin_devenny,MID,Crystal Palace,,18.464421631999503,0.5129006008888751,13.49200113431535,0.3747778092865375,36,0.512900600888875,0.5092402152376533,0.512900600888875,0.5443321956473592,0.512900600888875,0.2898693037125964,0.512900600888875,0.4181808970933358,0.512900600888875,0.35121621444856593,0.512900600888875,0.3576881069302013,0.512900600888875,0.47887426870317207,0.512900600888875,0.4898995384487661,0.512900600888875,0.4322957443823745,0.512900600888875,0.2564503004444375,0.512900600888875,0.47175803030950825,0.512900600888875,0.4933547361488759,0.512900600888875,0.26244609747392117,0.512900600888875,0.3038653389896906,0.512900600888875,0.2564503004444375,0.512900600888875,0.2719227915709898,0.512900600888875,0.2564503004444375,0.512900600888875,0.47175803030950825,0.512900600888875,0.4898995384487661,0.512900600888875,0.47887426870317207,0.512900600888875,0.2564503004444375,0.512900600888875,0.4322957443823745,0.512900600888875,0.2564503004444375,0.512900600888875,0.2719227915709898,0.512900600888875,0.3038653389896906,0.512900600888875,0.2564503004444375,0.512900600888875,0.5092402152376533,0.512900600888875,0.5443321956473592,0.512900600888875,0.303055557992222,0.512900600888875,0.3003568154624847,0.512900600888875,0.26244609747392117,0.512900600888875,0.4933547361488759,0.512900600888875,0.4181808970933358,0.512900600888875,0.35121621444856593,0.512900600888875,0.3576881069302013,0.512900600888875,0.2898693037125964
jesurun_rak_sakyi,MID,Crystal Palace,,18.464421631999503,0.5129006008888751,13.49200113431535,0.3747778092865375,36,0.512900600888875,0.5092402152376533,0.512900600888875,0.5443321956473592,0.512900600888875,0.2898693037125964,0.512900600888875,0.4181808970933358,0.512900600888875,0.35121621444856593,0.512900600888875,0.3576881069302013,0.512900600888875,0.47887426870317207,0.512900600888875,0.4898995384487661,0.512900600888875,0.4322957443823745,0.512900600888875,0.2564503004444375,0.512900600888875,0.47175803030950825,0.512900600888875,0.4933547361488759,0.512900600888875,0.26244609747392117,0.512900600888875,0.3038653389896906,0.512900600888875,0.2564503004444375,0.512900600888875,0.2719227915709898,0.512900600888875,0.2564503004444375,0.512900600888875,0.47175803030950825,0.512900600888875,0.4898995384487661,0.512900600888875,0.47887426870317207,0.512900600888875,0.2564503004444375,0.512900600888875,0.4322957443823745,0.512900600888875,0.2564503004444375,0.512900600888875,0.2719227915709898,0.512900600888875,0.3038653389896906,0.512900600888875,0.2564503004444375,0.512900600888875,0.5092402152376533,0.512900600888875,0.5443321956473592,0.512900600888875,0.303055557992222,0.512900600888875,0.3003568154624847,0.512900600888875,0.26244609747392117,0.512900600888875,0.4933547361488759,0.512900600888875,0.4181808970933358,0.512900600888875,0.35121621444856593,0.512900600888875,0.3576881069302013,0.512900600888875,0.2898693037125964
romain_esse,MID,Crystal Palace,,18.464421631999503,0.5129006008888751,13.49200113431535,0.3747778092865375,36,0.512900600888875,0.5092402152376533,0.512900600888875,0.5443321956473592,0.512900600888875,0.2898693037125964,0.512900600888875,0.4181808970933358,0.512900600888875,0.35121621444856593,0.512900600888875,0.3576881069302013,0.512900600888875,0.47887426870317207,0.512900600888875,0.4898995384487661,0.512900600888875,0.4322957443823745,0.512900600888875,0.2564503004444375,0.512900600888875,0.47175803030950825,0.512900600888875,0.4933547361488759,0.512900600888875,0.26244609747392117,0.512900600888875,0.3038653389896906,0.512900600888875,0.2564503004444375,0.512900600888875,0.2719227915709898,0.512900600888875,0.2564503004444375,0.512900600888875,0.47175803030950825,0.512900600888875,0.4898995384487661,0.512900600888875,0.47887426870317207,0.512900600888875,0.2564503004444375,0.512900600888875,0.4322957443823745,0.512900600888875,0.2564503004444375,0.512900600888875,0.2719227915709898,0.512900600888875,0.3038653389896906,0.512900600888875,0.2564503004444375,0.512900600888875,0.5092402152376533,0.512900600888875,0.5443321956473592,0.512900600888875,0.303055557992222,0.512900600888875,0.3003568154624847,0.512900600888875,0.26244609747392117,0.512900600888875,0.4933547361488759,0.512900600888875,0.4181808970933358,0.512900600888875,0.35121621444856593,0.512900600888875,0.3576881069302013,0.512900600888875,0.2898693037125964
cheick_doucoure,MID,Crystal Palace,,18.464421631999503,0.5129006008888751,13.49200113431535,0.3747778092865375,36,0.512900600888875,0.5092402152376533,0.512900600888875,0.5443321956473592,0.512900600888875,0.2898693037125964,0.512900600888875,0.4181808970933358,0.512900600888875,0.35121621444856593,0.512900600888875,0.3576881069302013,0.512900600888875,0.47887426870317207,0.512900600888875,0.4898995384487661,0.512900600888875,0.4322957443823745,0.512900600888875,0.2564503004444375,0.512900600888875,0.47175803030950825,0.512900600888875,0.4933547361488759,0.512900600888875,0.26244609747392117,0.512900600888875,0.3038653389896906,0.512900600888875,0.2564503004444375,0.512900600888875,0.2719227915709898,0.512900600888875,0.2564503004444375,0.512900600888875,0.47175803030950825,0.512900600888875,0.4898995384487661,0.512900600888875,0.47887426870317207,0.512900600888875,0.2564503004444375,0.512900600888875,0.4322957443823745,0.512900600888875,0.2564503004444375,0.512900600888875,0.2719227915709898,0.512900600888875,0.3038653389896906,0.512900600888875,0.2564503004444375,0.512900600888875,0.5092402152376533,0.512900600888875,0.5443321956473592,0.512900600888875,0.303055557992222,0.512900600888875,0.3003568154624847,0.512900600888875,0.26244609747392117,0.512900600888875,0.4933547361488759,0.512900600888875,0.4181808970933358,0.512900600888875,0.35121621444856593,0.512900600888875,0.3576881069302013,0.512900600888875,0.2898693037125964
matheus_franca_de_oliveira,MID,Crystal Palace,,18.464421631999503,0.5129006008888751,13.49200113431535,0.3747778092865375,36,0.512900600888875,0.5092402152376533,0.512900600888875,0.5443321956473592,0.512900600888875,0.2898693037125964,0.512900600888875,0.4181808970933358,0.512900600888875,0.35121621444856593,0.512900600888875,0.3576881069302013,0.512900600888875,0.47887426870317207,0.512900600888875,0.4898995384487661,0.512900600888875,0.4322957443823745,0.512900600888875,0.2564503004444375,0.512900600888875,0.47175803030950825,0.512900600888875,0.4933547361488759,0.512900600888875,0.26244609747392117,0.512900600888875,0.3038653389896906,0.512900600888875,0.2564503004444375,0.512900600888875,0.2719227915709898,0.512900600888875,0.2564503004444375,0.512900600888875,0.47175803030950825,0.512900600888875,0.4898995384487661,0.512900600888875,0.47887426870317207,0.512900600888875,0.2564503004444375,0.512900600888875,0.4322957443823745,0.512900600888875,0.2564503004444375,0.512900600888875,0.2719227915709898,0.512900600888875,0.3038653389896906,0.512900600888875,0.2564503004444375,0.512900600888875,0.5092402152376533,0.512900600888875,0.5443321956473592,0.512900600888875,0.303055557992222,0.512900600888875,0.3003568154624847,0.512900600888875,0.26244609747392117,0.512900600888875,0.4933547361488759,0.512900600888875,0.4181808970933358,0.512900600888875,0.35121621444856593,0.512900600888875,0.3576881069302013,0.512900600888875,0.2898693037125964
jefferson_lerma_solis,MID,Crystal Palace,,18.464421631999503,0.5129006008888751,13.49200113431535,0.3747778092865375,36,0.512900600888875,0.5092402152376533,0.512900600888875,0.5443321956473592,0.512900600888875,0.2898693037125964,0.512900600888875,0.4181808970933358,0.512900600888875,0.35121621444856593,0.512900600888875,0.3576881069302013,0.512900600888875,0.47887426870317207,0.512900600888875,0.4898995384487661,0.512900600888875,0.4322957443823745,0.512900600888875,0.2564503004444375,0.512900600888875,0.47175803030950825,0.512900600888875,0.4933547361488759,0.512900600888875,0.26244609747392117,0.512900600888875,0.3038653389896906,0.512900600888875,0.2564503004444375,0.512900600888875,0.2719227915709898,0.512900600888875,0.2564503004444375,0.512900600888875,0.47175803030950825,0.512900600888875,0.4898995384487661,0.512900600888875,0.47887426870317207,0.512900600888875,0.2564503004444375,0.512900600888875,0.4322957443823745,0.512900600888875,0.2564503004444375,0.512900600888875,0.2719227915709898,0.512900600888875,0.3038653389896906,0.512900600888875,0.2564503004444375,0.512900600888875,0.5092402152376533,0.512900600888875,0.5443321956473592,0.512900600888875,0.303055557992222,0.512900600888875,0.3003568154624847,0.512900600888875,0.26244609747392117,0.512900600888875,0.4933547361488759,0.512900600888875,0.4181808970933358,0.512900600888875,0.35121621444856593,0.512900600888875,0.3576881069302013,0.512900600888875,0.2898693037125964
julio_soler_barreto,DEF,Bournemouth,,12.669186029781507,0.3519218341605974,13.486198222353392,0.3746166172875942,36,0.3519218341605974,0.1759609170802987,0.3519218341605974,0.27310621495638937,0.3519218341605974,0.2690074005930378,0.3519218341605974,0.1759609170802987,0.3519218341605974,0.2970333487668948,0.3519218341605974,0.6663304874415177,0.3519218341605974,0.33067059113368685,0.3519218341605974,0.2089380430623477,0.3519218341605974,0.4945600907272798,0.3519218341605974,0.47350885341623583,0.3519218341605974,0.1759609170802987,0.3519218341605974,0.2489145836012958,0.3519218341605974,0.18319239968551507,0.3519218341605974,0.6706192462187531,0.3519218341605974,0.7038436683211948,0.3519218341605974,0.4768497435993538,0.3519218341605974,0.7038436683211948,0.3519218341605974,0.1759609170802987,0.3519218341605974,0.2089380430623477,0.3519218341605974,0.4945600907272798,0.3519218341605974,0.47350885341623583,0.3519218341605974,0.33067059113368685,0.3519218341605974,0.7038436683211948,0.3519218341605974,0.4768497435993538,0.3519218341605974,0.6706192462187531,0.3519218341605974,0.7038436683211948,0.3519218341605974,0.1759609170802987,0.3519218341605974,0.27310621495638937,0.3519218341605974,0.1759609170802987,0.3519218341605974,0.25363512310190484,0.3519218341605974,0.18319239968551507,0.3519218341605974,0.2489145836012958,0.3519218341605974,0.6663304874415177,0.3519218341605974,0.2970333487668948,0.3519218341605974,0.1759609170802987,0.3519218341605974,0.2690074005930378
matteo_ruggeri,DEF,Aston Villa,,23.64617364386329,0.6568381567739803,13.481458824955283,0.37448496735986897,36,0.6568381567739806,0.3284190783869903,0.6568381567739806,0.35982512032257313,0.6568381567739806,0.6698513407481327,0.6568381567739806,0.3284190783869903,0.6568381567739806,0.3284190783869903,0.6568381567739806,0.3284190783869903,0.6568381567739806,0.3445089552287696,0.6568381567739806,0.484799425415945,0.6568381567739806,0.3284190783869903,0.6568381567739806,0.3284190783869903,0.6568381567739806,0.3284190783869903,0.6568381567739806,0.34693967342593973,0.6568381567739806,0.48791978060025404,0.6568381567739806,0.3284190783869903,0.6568381567739806,0.3284190783869903,0.6568381567739806,0.3284190783869903,0.6568381567739806,0.4342752544791362,0.6568381567739806,0.3284190783869903,0.6568381567739806,0.484799425415945,0.6568381567739806,0.3445089552287696,0.6568381567739806,0.3284190783869903,0.6568381567739806,0.3284190783869903,0.6568381567739806,0.4342752544791362,0.6568381567739806,0.3284190783869903,0.6568381567739806,0.3284190783869903,0.6568381567739806,0.3284190783869903,0.6568381567739806,0.3284190783869903,0.6568381567739806,0.35982512032257313,0.6568381567739806,0.3284190783869903,0.6568381567739806,0.3284190783869903,0.6568381567739806,0.48791978060025404,0.6568381567739806,0.34693967342593973,0.6568381567739806,0.3284190783869903,0.6568381567739806,0.3284190783869903,0.6568381567739806,0.3284190783869903,0.6568381567739806,0.6698513407481327
giorgi_mamardashvili,GK,Liverpool,14969.0,19.54127845109977,0.5428132903083269,13.37130071792845,0.37142501994245697,36,0.5428132903083267,0.27140664515416335,0.5428132903083267,0.3860005619970323,0.5428132903083267,0.2895004214977742,0.5428132903083267,0.27140664515416335,0.5428132903083267,0.27140664515416335,0.5428132903083267,0.27140664515416335,0.5428132903083267,0.27140664515416335,0.5428132903083267,0.33775049174740324,0.5428132903083267,0.5790008429955484,0.5428132903083267,0.27140664515416335,0.5428132903083267,0.27140664515416335,0.5428132903083267,0.27140664515416335,0.5428132903083267,0.27140664515416335,0.5428132903083267,0.6755009834948065,0.5428132903083267,0.27140664515416335,0.5428132903083267,0.5790008429955484,0.5428132903083267,0.7720011239940646,0.5428132903083267,0.27140664515416335,0.5428132903083267,0.33775049174740324,0.5428132903083267,0.5790008429955484,0.5428132903083267,0.27140664515416335,0.5428132903083267,0.27140664515416335,0.5428132903083267,0.7720011239940646,0.5428132903083267,0.27140664515416335,0.5428132903083267,0.6755009834948065,0.5428132903083267,0.5790008429955484,0.5428132903083267,0.27140664515416335,0.5428132903083267,0.3860005619970323,0.5428132903083267,0.27140664515416335,0.5428132903083267,0.43425063224666133,0.5428132903083267,0.27140664515416335,0.5428132903083267,0.27140664515416335,0.5428132903083267,0.27140664515416335,0.5428132903083267,0.27140664515416335,0.5428132903083267,0.27140664515416335,0.5428132903083267,0.2895004214977742
xavi_simons,MID,Spurs,,23.5378663473698,0.6538296207602722,13.326399917818238,0.37017777549495107,36,0.6538296207602718,0.3623820138670953,0.6538296207602718,0.3269148103801359,0.6538296207602718,0.4275252267121032,0.6538296207602718,0.3269148103801359,0.6538296207602718,0.3746134831225805,0.6538296207602718,0.40881022129372196,0.6538296207602718,0.4831981365119417,0.6538296207602718,0.3269148103801359,0.6538296207602718,0.47170064113990656,0.6538296207602718,0.3269148103801359,0.6538296207602718,0.4412910681062162,0.6538296207602718,0.3269148103801359,0.6538296207602718,0.3269148103801359,0.6538296207602718,0.42453106435419113,0.6538296207602718,0.3269148103801359,0.6538296207602718,0.3269148103801359,0.6538296207602718,0.3269148103801359,0.6538296207602718,0.4412910681062162,0.6538296207602718,0.3269148103801359,0.6538296207602718,0.4831981365119417,0.6538296207602718,0.3269148103801359,0.6538296207602718,0.47170064113990656,0.6538296207602718,0.3269148103801359,0.6538296207602718,0.3269148103801359,0.6538296207602718,0.42453106435419113,0.6538296207602718,0.3269148103801359,0.6538296207602718,0.3623820138670953,0.6538296207602718,0.3269148103801359,0.6538296207602718,0.3269148103801359,0.6538296207602718,0.3269148103801359,0.6538296207602718,0.3269148103801359,0.6538296207602718,0.3269148103801359,0.6538296207602718,0.40881022129372196,0.6538296207602718,0.3746134831225805,0.6538296207602718,0.3269148103801359,0.6538296207602718,0.4275252267121032
jonah_kusi_asare,FWD,Fulham,,14.814637218213928,0.41151770050594244,13.249820214039676,0.3680505615011021,36,0.41151770050594205,0.8230354010118841,0.41151770050594205,0.2494162424381694,0.41151770050594205,0.4192212549688698,0.41151770050594205,0.45861691937861043,0.41151770050594205,0.2334741583915918,0.41151770050594205,0.2667771622529172,0.41151770050594205,0.25363543012223155,0.41151770050594205,0.20575885025297103,0.41151770050594205,0.2990525283681773,0.41151770050594205,0.20575885025297103,0.41151770050594205,0.4501382872556444,0.41151770050594205,0.32651297948290425,0.41151770050594205,0.48642766602273696,0.41151770050594205,0.22714141965920512,0.41151770050594205,0.6859984172217871,0.41151770050594205,0.2241617641255946,0.41151770050594205,0.34299920861089356,0.41151770050594205,0.4501382872556444,0.41151770050594205,0.20575885025297103,0.41151770050594205,0.25363543012223155,0.41151770050594205,0.20575885025297103,0.41151770050594205,0.2990525283681773,0.41151770050594205,0.34299920861089356,0.41151770050594205,0.2241617641255946,0.41151770050594205,0.22714141965920512,0.41151770050594205,0.6859984172217871,0.41151770050594205,0.8230354010118841,0.41151770050594205,0.2494162424381694,0.41151770050594205,0.47623485625750067,0.41151770050594205,0.457332278147858,0.41151770050594205,0.48642766602273696,0.41151770050594205,0.32651297948290425,0.41151770050594205,0.45861691937861043,0.41151770050594205,0.2334741583915918,0.41151770050594205,0.2667771622529172,0.41151770050594205,0.4192212549688698
lamare_bogarde,MID,Aston Villa,,24.570478743419333,0.6825132984283148,12.903411360410761,0.35842809334474335,36,0.6825132984283142,0.3412566492141571,0.6825132984283142,0.3412566492141571,0.6825132984283142,0.3698023753301117,0.6825132984283142,0.3412566492141571,0.6825132984283142,0.3412566492141571,0.6825132984283142,0.3412566492141571,0.6825132984283142,0.39325195258137724,0.6825132984283142,0.3412566492141571,0.6825132984283142,0.3412566492141571,0.6825132984283142,0.4203511277901225,0.6825132984283142,0.3412566492141571,0.6825132984283142,0.4305970013906276,0.6825132984283142,0.3412566492141571,0.6825132984283142,0.36430698325461186,0.6825132984283142,0.3412566492141571,0.6825132984283142,0.37831644928864194,0.6825132984283142,0.3412566492141571,0.6825132984283142,0.3412566492141571,0.6825132984283142,0.3412566492141571,0.6825132984283142,0.39325195258137724,0.6825132984283142,0.4203511277901225,0.6825132984283142,0.3412566492141571,0.6825132984283142,0.3412566492141571,0.6825132984283142,0.3412566492141571,0.6825132984283142,0.36430698325461186,0.6825132984283142,0.37831644928864194,0.6825132984283142,0.3412566492141571,0.6825132984283142,0.3412566492141571,0.6825132984283142,0.3412566492141571,0.6825132984283142,0.3412566492141571,0.6825132984283142,0.3412566492141571,0.6825132984283142,0.4305970013906276,0.6825132984283142,0.3412566492141571,0.6825132984283142,0.3412566492141571,0.6825132984283142,0.3412566492141571,0.6825132984283142,0.3698023753301117
marcus_bettinelli,GK,Man City,,14.151530524141094,0.3930980701150304,12.76258400973465,0.3545162224926292,36,0.3930980701150304,0.7861961402300608,0.3930980701150304,0.6289569121840486,0.3930980701150304,0.2620653800766869,0.3930980701150304,0.1965490350575152,0.3930980701150304,0.1965490350575152,0.3930980701150304,0.6289569121840486,0.3930980701150304,0.1965490350575152,0.3930980701150304,0.47171768413803644,0.3930980701150304,0.4193046081226991,0.3930980701150304,0.1965490350575152,0.3930980701150304,0.20965230406134955,0.3930980701150304,0.2620653800766869,0.3930980701150304,0.1965490350575152,0.3930980701150304,0.1965490350575152,0.3930980701150304,0.1965490350575152,0.3930980701150304,0.2620653800766869,0.3930980701150304,0.7337830642147233,0.3930980701150304,0.20965230406134955,0.3930980701150304,0.47171768413803644,0.3930980701150304,0.1965490350575152,0.3930980701150304,0.1965490350575152,0.3930980701150304,0.4193046081226991,0.3930980701150304,0.7337830642147233,0.3930980701150304,0.1965490350575152,0.3930980701150304,0.1965490350575152,0.3930980701150304,0.2620653800766869,0.3930980701150304,0.7861961402300608,0.3930980701150304,0.6289569121840486,0.3930980701150304,0.3144784560920243,0.3930980701150304,0.36689153210736164,0.3930980701150304,0.1965490350575152,0.3930980701150304,0.2620653800766869,0.3930980701150304,0.1965490350575152,0.3930980701150304,0.1965490350575152,0.3930980701150304,0.6289569121840486,0.3930980701150304,0.2620653800766869
harry_amass,DEF,Man Utd,,13.031503726261015,0.3619862146183615,12.724989951155367,0.35347194308764907,36,0.3619862146183612,0.23299358216342939,0.3619862146183612,0.1809931073091806,0.3619862146183612,0.4349733688075255,0.3619862146183612,0.7239724292367224,0.3619862146183612,0.3037596867582959,0.3619862146183612,0.5483113502959548,0.3619862146183612,0.1809931073091806,0.3619862146183612,0.7239724292367224,0.3619862146183612,0.24711482040073107,0.3619862146183612,0.25088006170272725,0.3619862146183612,0.1809931073091806,0.3619862146183612,0.6160423624825354,0.3619862146183612,0.4380423679345373,0.3619862146183612,0.1809931073091806,0.3619862146183612,0.45431139711404656,0.3619862146183612,0.2728599379487058,0.3619862146183612,0.1809931073091806,0.3619862146183612,0.1809931073091806,0.3619862146183612,0.7239724292367224,0.3619862146183612,0.24711482040073107,0.3619862146183612,0.25088006170272725,0.3619862146183612,0.1809931073091806,0.3619862146183612,0.1809931073091806,0.3619862146183612,0.45431139711404656,0.3619862146183612,0.1809931073091806,0.3619862146183612,0.2728599379487058,0.3619862146183612,0.23299358216342939,0.3619862146183612,0.1809931073091806,0.3619862146183612,0.22865721346756485,0.3619862146183612,0.19193407643212826,0.3619862146183612,0.4380423679345373,0.3619862146183612,0.6160423624825354,0.3619862146183612,0.5483113502959548,0.3619862146183612,0.3037596867582959,0.3619862146183612,0.7239724292367224,0.3619862146183612,0.4349733688075255
walter_benitez,GK,Crystal Palace,,14.027976399498167,0.3896660110971713,12.534256690292354,0.3481737969525654,36,0.38966601109717147,0.4156437451703162,0.38966601109717147,0.19483300554858574,0.38966601109717147,0.2078218725851581,0.38966601109717147,0.46759921331660576,0.38966601109717147,0.19483300554858574,0.38966601109717147,0.19483300554858574,0.38966601109717147,0.7273765540480533,0.38966601109717147,0.19483300554858574,0.38966601109717147,0.7793320221943429,0.38966601109717147,0.19483300554858574,0.38966601109717147,0.19483300554858574,0.38966601109717147,0.6234656177554743,0.38966601109717147,0.6234656177554743,0.38966601109717147,0.25977734073144765,0.38966601109717147,0.19483300554858574,0.38966601109717147,0.31173280887773713,0.38966601109717147,0.25977734073144765,0.38966601109717147,0.19483300554858574,0.38966601109717147,0.19483300554858574,0.38966601109717147,0.7273765540480533,0.38966601109717147,0.19483300554858574,0.38966601109717147,0.7793320221943429,0.38966601109717147,0.25977734073144765,0.38966601109717147,0.31173280887773713,0.38966601109717147,0.25977734073144765,0.38966601109717147,0.19483300554858574,0.38966601109717147,0.4156437451703162,0.38966601109717147,0.19483300554858574,0.38966601109717147,0.25977734073144765,0.38966601109717147,0.19483300554858574,0.38966601109717147,0.6234656177554743,0.38966601109717147,0.6234656177554743,0.38966601109717147,0.46759921331660576,0.38966601109717147,0.19483300554858574,0.38966601109717147,0.19483300554858574,0.38966601109717147,0.2078218725851581
john_victor_maciel_furtado,GK,Nott'm Forest,,14.056488889800386,0.3904580247166774,12.403549918499792,0.3445430532916609,36,0.39045802471667757,0.7288549794711314,0.39045802471667757,0.624732839546684,0.39045802471667757,0.7809160494333551,0.39045802471667757,0.3644274897355657,0.39045802471667757,0.19522901235833878,0.39045802471667757,0.19522901235833878,0.39045802471667757,0.26030534981111836,0.39045802471667757,0.19522901235833878,0.39045802471667757,0.312366419773342,0.39045802471667757,0.19522901235833878,0.39045802471667757,0.19522901235833878,0.39045802471667757,0.19522901235833878,0.39045802471667757,0.26030534981111836,0.39045802471667757,0.26030534981111836,0.39045802471667757,0.624732839546684,0.39045802471667757,0.19522901235833878,0.39045802471667757,0.4164885596977894,0.39045802471667757,0.19522901235833878,0.39045802471667757,0.19522901235833878,0.39045802471667757,0.312366419773342,0.39045802471667757,0.19522901235833878,0.39045802471667757,0.26030534981111836,0.39045802471667757,0.4164885596977894,0.39045802471667757,0.624732839546684,0.39045802471667757,0.26030534981111836,0.39045802471667757,0.19522901235833878,0.39045802471667757,0.7288549794711314,0.39045802471667757,0.624732839546684,0.39045802471667757,0.2082442798488947,0.39045802471667757,0.19522901235833878,0.39045802471667757,0.26030534981111836,0.39045802471667757,0.19522901235833878,0.39045802471667757,0.3644274897355657,0.39045802471667757,0.19522901235833878,0.39045802471667757,0.19522901235833878,0.39045802471667757,0.7809160494333551
steven_benda,GK,Nott'm Forest,,14.056488889800386,0.3904580247166774,12.403549918499792,0.3445430532916609,36,0.39045802471667757,0.7288549794711314,0.39045802471667757,0.624732839546684,0.39045802471667757,0.7809160494333551,0.39045802471667757,0.3644274897355657,0.39045802471667757,0.19522901235833878,0.39045802471667757,0.19522901235833878,0.39045802471667757,0.26030534981111836,0.39045802471667757,0.19522901235833878,0.39045802471667757,0.312366419773342,0.39045802471667757,0.19522901235833878,0.39045802471667757,0.19522901235833878,0.39045802471667757,0.19522901235833878,0.39045802471667757,0.26030534981111836,0.39045802471667757,0.26030534981111836,0.39045802471667757,0.624732839546684,0.39045802471667757,0.19522901235833878,0.39045802471667757,0.4164885596977894,0.39045802471667757,0.19522901235833878,0.39045802471667757,0.19522901235833878,0.39045802471667757,0.312366419773342,0.39045802471667757,0.19522901235833878,0.39045802471667757,0.26030534981111836,0.39045802471667757,0.4164885596977894,0.39045802471667757,0.624732839546684,0.39045802471667757,0.26030534981111836,0.39045802471667757,0.19522901235833878,0.39045802471667757,0.7288549794711314,0.39045802471667757,0.624732839546684,0.39045802471667757,0.2082442798488947,0.39045802471667757,0.19522901235833878,0.39045802471667757,0.26030534981111836,0.39045802471667757,0.19522901235833878,0.39045802471667757,0.3644274897355657,0.39045802471667757,0.19522901235833878,0.39045802471667757,0.19522901235833878,0.39045802471667757,0.7809160494333551
kieran_dowell,MID,Hull City,,14.095782331980715,0.3915495092216865,12.373625204939316,0.34371181124831435,36,0.3915495092216865,0.44063852149319305,0.3915495092216865,0.42134947887759583,0.3915495092216865,0.31946821839339135,0.3915495092216865,0.2706732969594734,0.3915495092216865,0.4548265965353623,0.3915495092216865,0.19577475461084326,0.3915495092216865,0.48616890913725214,0.3915495092216865,0.19577475461084326,0.3915495092216865,0.3136878641666708,0.3915495092216865,0.4980190621693211,0.3915495092216865,0.3734971992977885,0.3915495092216865,0.2428671462109681,0.3915495092216865,0.4277053290085873,0.3915495092216865,0.268262921967481,0.3915495092216865,0.43755252049940985,0.3915495092216865,0.2588960276559227,0.3915495092216865,0.2713965507874252,0.3915495092216865,0.3734971992977885,0.3915495092216865,0.19577475461084326,0.3915495092216865,0.48616890913725214,0.3915495092216865,0.4980190621693211,0.3915495092216865,0.3136878641666708,0.3915495092216865,0.2713965507874252,0.3915495092216865,0.43755252049940985,0.3915495092216865,0.268262921967481,0.3915495092216865,0.2588960276559227,0.3915495092216865,0.44063852149319305,0.3915495092216865,0.42134947887759583,0.3915495092216865,0.23440306110220469,0.3915495092216865,0.3861038390740557,0.3915495092216865,0.4277053290085873,0.3915495092216865,0.2428671462109681,0.3915495092216865,0.2706732969594734,0.3915495092216865,0.4548265965353623,0.3915495092216865,0.19577475461084326,0.3915495092216865,0.31946821839339135
johan_manzambi,MID,Aston Villa,,23.5378663473698,0.6538296207602722,12.361125527838002,0.34336459799550006,36,0.6538296207602718,0.3269148103801359,0.6538296207602718,0.3269148103801359,0.6538296207602718,0.35426085817686104,0.6538296207602718,0.3269148103801359,0.6538296207602718,0.3269148103801359,0.6538296207602718,0.3269148103801359,0.6538296207602718,0.37672493065206425,0.6538296207602718,0.3269148103801359,0.6538296207602718,0.3269148103801359,0.6538296207602718,0.402685221082231,0.6538296207602718,0.3269148103801359,0.6538296207602718,0.41250049598750016,0.6538296207602718,0.3269148103801359,0.6538296207602718,0.3489964184583572,0.6538296207602718,0.3269148103801359,0.6538296207602718,0.3624171150003542,0.6538296207602718,0.3269148103801359,0.6538296207602718,0.3269148103801359,0.6538296207602718,0.3269148103801359,0.6538296207602718,0.37672493065206425,0.6538296207602718,0.402685221082231,0.6538296207602718,0.3269148103801359,0.6538296207602718,0.3269148103801359,0.6538296207602718,0.3269148103801359,0.6538296207602718,0.3489964184583572,0.6538296207602718,0.3624171150003542,0.6538296207602718,0.3269148103801359,0.6538296207602718,0.3269148103801359,0.6538296207602718,0.3269148103801359,0.6538296207602718,0.3269148103801359,0.6538296207602718,0.3269148103801359,0.6538296207602718,0.41250049598750016,0.6538296207602718,0.3269148103801359,0.6538296207602718,0.3269148103801359,0.6538296207602718,0.3269148103801359,0.6538296207602718,0.35426085817686104
haji_wright,FWD,Coventry City,,18.668346494802684,0.5185651804111857,12.356868645067385,0.3432463512518718,36,0.5185651804111857,0.25928259020559286,0.5185651804111857,0.5190854409557394,0.5185651804111857,0.2595427204778697,0.5185651804111857,0.25928259020559286,0.5185651804111857,0.34061336799792324,0.5185651804111857,0.6088399148288602,0.5185651804111857,0.34605696063715957,0.5185651804111857,0.25928259020559286,0.5185651804111857,0.6373539715105738,0.5185651804111857,0.25928259020559286,0.5185651804111857,0.3470290307513088,0.5185651804111857,0.31721888058406283,0.5185651804111857,0.25928259020559286,0.5185651804111857,0.25928259020559286,0.5185651804111857,0.360360278031071,0.5185651804111857,0.36807303511437933,0.5185651804111857,0.25928259020559286,0.5185651804111857,0.3470290307513088,0.5185651804111857,0.25928259020559286,0.5185651804111857,0.34605696063715957,0.5185651804111857,0.25928259020559286,0.5185651804111857,0.6373539715105738,0.5185651804111857,0.25928259020559286,0.5185651804111857,0.36807303511437933,0.5185651804111857,0.25928259020559286,0.5185651804111857,0.360360278031071,0.5185651804111857,0.25928259020559286,0.5185651804111857,0.5190854409557394,0.5185651804111857,0.25928259020559286,0.5185651804111857,0.25928259020559286,0.5185651804111857,0.25928259020559286,0.5185651804111857,0.31721888058406283,0.5185651804111857,0.25928259020559286,0.5185651804111857,0.34061336799792324,0.5185651804111857,0.6088399148288602,0.5185651804111857,0.2595427204778697
jun'ai_byfield,DEF,Spurs,,13.031503726261015,0.3619862146183615,12.167616066556038,0.33798933518211216,36,0.3619862146183612,0.4387534406460135,0.3619862146183612,0.2250146847999548,0.3619862146183612,0.7239724292367224,0.3619862146183612,0.5911410958016773,0.3619862146183612,0.5949459067941003,0.3619862146183612,0.1809931073091806,0.3619862146183612,0.4230415466151266,0.3619862146183612,0.29335739438053593,0.3619862146183612,0.18536126750672596,0.3619862146183612,0.2635158117316597,0.3619862146183612,0.4200776457865986,0.3619862146183612,0.1809931073091806,0.3619862146183612,0.2208268156482975,0.3619862146183612,0.23865233928574536,0.3619862146183612,0.5295343524635816,0.3619862146183612,0.1809931073091806,0.3619862146183612,0.1809931073091806,0.3619862146183612,0.4200776457865986,0.3619862146183612,0.29335739438053593,0.3619862146183612,0.4230415466151266,0.3619862146183612,0.2635158117316597,0.3619862146183612,0.18536126750672596,0.3619862146183612,0.1809931073091806,0.3619862146183612,0.1809931073091806,0.3619862146183612,0.23865233928574536,0.3619862146183612,0.5295343524635816,0.3619862146183612,0.4387534406460135,0.3619862146183612,0.2250146847999548,0.3619862146183612,0.24228863937992637,0.3619862146183612,0.1809931073091806,0.3619862146183612,0.2208268156482975,0.3619862146183612,0.1809931073091806,0.3619862146183612,0.1809931073091806,0.3619862146183612,0.5949459067941003,0.3619862146183612,0.5911410958016773,0.3619862146183612,0.7239724292367224
ben_davies,DEF,Spurs,,13.031503726261015,0.3619862146183615,12.167616066556038,0.33798933518211216,36,0.3619862146183612,0.4387534406460135,0.3619862146183612,0.2250146847999548,0.3619862146183612,0.7239724292367224,0.3619862146183612,0.5911410958016773,0.3619862146183612,0.5949459067941003,0.3619862146183612,0.1809931073091806,0.3619862146183612,0.4230415466151266,0.3619862146183612,0.29335739438053593,0.3619862146183612,0.18536126750672596,0.3619862146183612,0.2635158117316597,0.3619862146183612,0.4200776457865986,0.3619862146183612,0.1809931073091806,0.3619862146183612,0.2208268156482975,0.3619862146183612,0.23865233928574536,0.3619862146183612,0.5295343524635816,0.3619862146183612,0.1809931073091806,0.3619862146183612,0.1809931073091806,0.3619862146183612,0.4200776457865986,0.3619862146183612,0.29335739438053593,0.3619862146183612,0.4230415466151266,0.3619862146183612,0.2635158117316597,0.3619862146183612,0.18536126750672596,0.3619862146183612,0.1809931073091806,0.3619862146183612,0.1809931073091806,0.3619862146183612,0.23865233928574536,0.3619862146183612,0.5295343524635816,0.3619862146183612,0.4387534406460135,0.3619862146183612,0.2250146847999548,0.3619862146183612,0.24228863937992637,0.3619862146183612,0.1809931073091806,0.3619862146183612,0.2208268156482975,0.3619862146183612,0.1809931073091806,0.3619862146183612,0.1809931073091806,0.3619862146183612,0.5949459067941003,0.3619862146183612,0.5911410958016773,0.3619862146183612,0.7239724292367224
james_rowswell,DEF,Spurs,,13.031503726261015,0.3619862146183615,12.167616066556038,0.33798933518211216,36,0.3619862146183612,0.4387534406460135,0.3619862146183612,0.2250146847999548,0.3619862146183612,0.7239724292367224,0.3619862146183612,0.5911410958016773,0.3619862146183612,0.5949459067941003,0.3619862146183612,0.1809931073091806,0.3619862146183612,0.4230415466151266,0.3619862146183612,0.29335739438053593,0.3619862146183612,0.18536126750672596,0.3619862146183612,0.2635158117316597,0.3619862146183612,0.4200776457865986,0.3619862146183612,0.1809931073091806,0.3619862146183612,0.2208268156482975,0.3619862146183612,0.23865233928574536,0.3619862146183612,0.5295343524635816,0.3619862146183612,0.1809931073091806,0.3619862146183612,0.1809931073091806,0.3619862146183612,0.4200776457865986,0.3619862146183612,0.29335739438053593,0.3619862146183612,0.4230415466151266,0.3619862146183612,0.2635158117316597,0.3619862146183612,0.18536126750672596,0.3619862146183612,0.1809931073091806,0.3619862146183612,0.1809931073091806,0.3619862146183612,0.23865233928574536,0.3619862146183612,0.5295343524635816,0.3619862146183612,0.4387534406460135,0.3619862146183612,0.2250146847999548,0.3619862146183612,0.24228863937992637,0.3619862146183612,0.1809931073091806,0.3619862146183612,0.2208268156482975,0.3619862146183612,0.1809931073091806,0.3619862146183612,0.1809931073091806,0.3619862146183612,0.5949459067941003,0.3619862146183612,0.5911410958016773,0.3619862146183612,0.7239724292367224
joao_victor_de_souza_menezes,DEF,Spurs,,13.031503726261015,0.3619862146183615,12.167616066556038,0.33798933518211216,36,0.3619862146183612,0.4387534406460135,0.3619862146183612,0.2250146847999548,0.3619862146183612,0.7239724292367224,0.3619862146183612,0.5911410958016773,0.3619862146183612,0.5949459067941003,0.3619862146183612,0.1809931073091806,0.3619862146183612,0.4230415466151266,0.3619862146183612,0.29335739438053593,0.3619862146183612,0.18536126750672596,0.3619862146183612,0.2635158117316597,0.3619862146183612,0.4200776457865986,0.3619862146183612,0.1809931073091806,0.3619862146183612,0.2208268156482975,0.3619862146183612,0.23865233928574536,0.3619862146183612,0.5295343524635816,0.3619862146183612,0.1809931073091806,0.3619862146183612,0.1809931073091806,0.3619862146183612,0.4200776457865986,0.3619862146183612,0.29335739438053593,0.3619862146183612,0.4230415466151266,0.3619862146183612,0.2635158117316597,0.3619862146183612,0.18536126750672596,0.3619862146183612,0.1809931073091806,0.3619862146183612,0.1809931073091806,0.3619862146183612,0.23865233928574536,0.3619862146183612,0.5295343524635816,0.3619862146183612,0.4387534406460135,0.3619862146183612,0.2250146847999548,0.3619862146183612,0.24228863937992637,0.3619862146183612,0.1809931073091806,0.3619862146183612,0.2208268156482975,0.3619862146183612,0.1809931073091806,0.3619862146183612,0.1809931073091806,0.3619862146183612,0.5949459067941003,0.3619862146183612,0.5911410958016773,0.3619862146183612,0.7239724292367224
jack_taylor,MID,Ipswich Town,,12.630248778113783,0.350840243836494,12.16038258916775,0.3377884052546597,36,0.35084024383649415,0.45273749936060753,0.35084024383649415,0.5153024934769117,0.35084024383649415,0.2800668396773374,0.35084024383649415,0.47061106109750694,0.35084024383649415,0.2775728141712098,0.35084024383649415,0.3864591794266657,0.35084024383649415,0.17666410144166325,0.35084024383649415,0.2512956943475065,0.35084024383649415,0.4425485674212107,0.35084024383649415,0.45593059803446523,0.35084024383649415,0.3995033245298245,0.35084024383649415,0.2678808478158343,0.35084024383649415,0.330555157482649,0.35084024383649415,0.3245741997794755,0.35084024383649415,0.17542012191824707,0.35084024383649415,0.4359721415984739,0.35084024383649415,0.17542012191824707,0.35084024383649415,0.3995033245298245,0.35084024383649415,0.2512956943475065,0.35084024383649415,0.17666410144166325,0.35084024383649415,0.45593059803446523,0.35084024383649415,0.4425485674212107,0.35084024383649415,0.17542012191824707,0.35084024383649415,0.4359721415984739,0.35084024383649415,0.3245741997794755,0.35084024383649415,0.17542012191824707,0.35084024383649415,0.45273749936060753,0.35084024383649415,0.5153024934769117,0.35084024383649415,0.2808151935643089,0.35084024383649415,0.24253786860776863,0.35084024383649415,0.330555157482649,0.35084024383649415,0.2678808478158343,0.35084024383649415,0.47061106109750694,0.35084024383649415,0.2775728141712098,0.35084024383649415,0.3864591794266657,0.35084024383649415,0.2800668396773374
rio_cardines,DEF,Crystal Palace,,16.457916293340656,0.4571643414816849,12.153133021702331,0.3375870283806203,36,0.45716434148168505,0.35649540423856935,0.45716434148168505,0.22858217074084253,0.45716434148168505,0.24895531563036324,0.45716434148168505,0.3723444623940369,0.45716434148168505,0.22858217074084253,0.45716434148168505,0.22858217074084253,0.45716434148168505,0.6931573791490554,0.45716434148168505,0.22858217074084253,0.45716434148168505,0.5048959011982048,0.45716434148168505,0.22858217074084253,0.45716434148168505,0.22858217074084253,0.45716434148168505,0.663844431842047,0.45716434148168505,0.5016669799585248,0.45716434148168505,0.22858217074084253,0.45716434148168505,0.22858217074084253,0.45716434148168505,0.44938492903193655,0.45716434148168505,0.22858217074084253,0.45716434148168505,0.22858217074084253,0.45716434148168505,0.22858217074084253,0.45716434148168505,0.6931573791490554,0.45716434148168505,0.22858217074084253,0.45716434148168505,0.5048959011982048,0.45716434148168505,0.22858217074084253,0.45716434148168505,0.44938492903193655,0.45716434148168505,0.22858217074084253,0.45716434148168505,0.22858217074084253,0.45716434148168505,0.35649540423856935,0.45716434148168505,0.22858217074084253,0.45716434148168505,0.22858217074084253,0.45716434148168505,0.22858217074084253,0.45716434148168505,0.5016669799585248,0.45716434148168505,0.663844431842047,0.45716434148168505,0.3723444623940369,0.45716434148168505,0.22858217074084253,0.45716434148168505,0.22858217074084253,0.45716434148168505,0.24895531563036324
joao_gomes,MID,Aston Villa,,22.931189458557665,0.6369774849599351,12.042523617759477,0.3345145449377632,36,0.6369774849599348,0.3184887424799674,0.6369774849599348,0.3184887424799674,0.6369774849599348,0.3451299593904181,0.6369774849599348,0.3184887424799674,0.6369774849599348,0.3184887424799674,0.6369774849599348,0.3184887424799674,0.6369774849599348,0.36701503148393083,0.6369774849599348,0.3184887424799674,0.6369774849599348,0.3184887424799674,0.6369774849599348,0.3923062082400541,0.6369774849599348,0.3184887424799674,0.6369774849599348,0.40186849927862583,0.6369774849599348,0.3184887424799674,0.6369774849599348,0.34000120800757844,0.6369774849599348,0.3184887424799674,0.6369774849599348,0.35307599271952117,0.6369774849599348,0.3184887424799674,0.6369774849599348,0.3184887424799674,0.6369774849599348,0.3184887424799674,0.6369774849599348,0.36701503148393083,0.6369774849599348,0.3923062082400541,0.6369774849599348,0.3184887424799674,0.6369774849599348,0.3184887424799674,0.6369774849599348,0.3184887424799674,0.6369774849599348,0.34000120800757844,0.6369774849599348,0.35307599271952117,0.6369774849599348,0.3184887424799674,0.6369774849599348,0.3184887424799674,0.6369774849599348,0.3184887424799674,0.6369774849599348,0.3184887424799674,0.6369774849599348,0.3184887424799674,0.6369774849599348,0.40186849927862583,0.6369774849599348,0.3184887424799674,0.6369774849599348,0.3184887424799674,0.6369774849599348,0.3184887424799674,0.6369774849599348,0.3451299593904181
karl_darlow,GK,Man Utd,,13.94041218175841,0.3872336717155114,12.004243823180845,0.33345121731057903,36,0.38723367171551115,0.2581557811436741,0.38723367171551115,0.19361683585775558,0.38723367171551115,0.41304924982987856,0.38723367171551115,0.7228361872022874,0.38723367171551115,0.20652462491493928,0.38723367171551115,0.3097869373724089,0.38723367171551115,0.19361683585775558,0.38723367171551115,0.6195738747448178,0.38723367171551115,0.19361683585775558,0.38723367171551115,0.2581557811436741,0.38723367171551115,0.19361683585775558,0.38723367171551115,0.7744673434310223,0.38723367171551115,0.3614180936011437,0.38723367171551115,0.19361683585775558,0.38723367171551115,0.4646804060586134,0.38723367171551115,0.2581557811436741,0.38723367171551115,0.19361683585775558,0.38723367171551115,0.19361683585775558,0.38723367171551115,0.6195738747448178,0.38723367171551115,0.19361683585775558,0.38723367171551115,0.2581557811436741,0.38723367171551115,0.19361683585775558,0.38723367171551115,0.19361683585775558,0.38723367171551115,0.4646804060586134,0.38723367171551115,0.19361683585775558,0.38723367171551115,0.2581557811436741,0.38723367171551115,0.2581557811436741,0.38723367171551115,0.19361683585775558,0.38723367171551115,0.19361683585775558,0.38723367171551115,0.19361683585775558,0.38723367171551115,0.3614180936011437,0.38723367171551115,0.7744673434310223,0.38723367171551115,0.3097869373724089,0.38723367171551115,0.20652462491493928,0.38723367171551115,0.7228361872022874,0.38723367171551115,0.41304924982987856
leon_bailey,MID,Aston Villa,,22.83306093201828,0.6342516925560634,11.990990525655295,0.33308307015709154,36,0.6342516925560637,0.31712584627803186,0.6342516925560637,0.31712584627803186,0.6342516925560637,0.34365305848910305,0.6342516925560637,0.31712584627803186,0.6342516925560637,0.31712584627803186,0.6342516925560637,0.31712584627803186,0.6342516925560637,0.36544447866448804,0.6342516925560637,0.31712584627803186,0.6342516925560637,0.31712584627803186,0.6342516925560637,0.39062742789434146,0.6342516925560637,0.31712584627803186,0.6342516925560637,0.4001487994013882,0.6342516925560637,0.31712584627803186,0.6342516925560637,0.33854625436796537,0.6342516925560637,0.31712584627803186,0.6342516925560637,0.3515650886739808,0.6342516925560637,0.31712584627803186,0.6342516925560637,0.31712584627803186,0.6342516925560637,0.31712584627803186,0.6342516925560637,0.36544447866448804,0.6342516925560637,0.39062742789434146,0.6342516925560637,0.31712584627803186,0.6342516925560637,0.31712584627803186,0.6342516925560637,0.31712584627803186,0.6342516925560637,0.33854625436796537,0.6342516925560637,0.3515650886739808,0.6342516925560637,0.31712584627803186,0.6342516925560637,0.31712584627803186,0.6342516925560637,0.31712584627803186,0.6342516925560637,0.31712584627803186,0.6342516925560637,0.31712584627803186,0.6342516925560637,0.4001487994013882,0.6342516925560637,0.31712584627803186,0.6342516925560637,0.31712584627803186,0.6342516925560637,0.31712584627803186,0.6342516925560637,0.34365305848910305
sidiki_cherif,FWD,Coventry City,,17.867715947117645,0.49632544297549014,11.826918844010997,0.32852552344474995,36,0.4963254429754904,0.2481627214877452,0.4963254429754904,0.49682339107342,0.4963254429754904,0.24841169553671,0.4963254429754904,0.2481627214877452,0.4963254429754904,0.32600546110885076,0.4963254429754904,0.5827285591928565,0.4963254429754904,0.3312155940489466,0.4963254429754904,0.2481627214877452,0.4963254429754904,0.6100197317362154,0.4963254429754904,0.2481627214877452,0.4963254429754904,0.33214597493110654,0.4963254429754904,0.3036142945448677,0.4963254429754904,0.2481627214877452,0.4963254429754904,0.2481627214877452,0.4963254429754904,0.3449054841721575,0.4963254429754904,0.35228746375840736,0.4963254429754904,0.2481627214877452,0.4963254429754904,0.33214597493110654,0.4963254429754904,0.2481627214877452,0.4963254429754904,0.3312155940489466,0.4963254429754904,0.2481627214877452,0.4963254429754904,0.6100197317362154,0.4963254429754904,0.2481627214877452,0.4963254429754904,0.35228746375840736,0.4963254429754904,0.2481627214877452,0.4963254429754904,0.3449054841721575,0.4963254429754904,0.2481627214877452,0.4963254429754904,0.49682339107342,0.4963254429754904,0.2481627214877452,0.4963254429754904,0.2481627214877452,0.4963254429754904,0.2481627214877452,0.4963254429754904,0.3036142945448677,0.4963254429754904,0.2481627214877452,0.4963254429754904,0.32600546110885076,0.4963254429754904,0.5827285591928565,0.4963254429754904,0.24841169553671
ben_wilson,GK,Coventry City,,13.999463909195951,0.3888739974776653,11.743994723825505,0.3262220756618196,36,0.3888739974776656,0.1944369987388328,0.3888739974776656,0.1944369987388328,0.3888739974776656,0.4666487969731987,0.3888739974776656,0.1944369987388328,0.3888739974776656,0.7258981286249757,0.3888739974776656,0.4147989306428433,0.3888739974776656,0.25924933165177705,0.3888739974776656,0.25924933165177705,0.3888739974776656,0.36294906431248786,0.3888739974776656,0.20739946532142164,0.3888739974776656,0.1944369987388328,0.3888739974776656,0.622198395964265,0.3888739974776656,0.622198395964265,0.3888739974776656,0.3110991979821325,0.3888739974776656,0.1944369987388328,0.3888739974776656,0.25924933165177705,0.3888739974776656,0.1944369987388328,0.3888739974776656,0.1944369987388328,0.3888739974776656,0.25924933165177705,0.3888739974776656,0.25924933165177705,0.3888739974776656,0.20739946532142164,0.3888739974776656,0.36294906431248786,0.3888739974776656,0.1944369987388328,0.3888739974776656,0.25924933165177705,0.3888739974776656,0.3110991979821325,0.3888739974776656,0.1944369987388328,0.3888739974776656,0.1944369987388328,0.3888739974776656,0.1944369987388328,0.3888739974776656,0.1944369987388328,0.3888739974776656,0.1944369987388328,0.3888739974776656,0.622198395964265,0.3888739974776656,0.622198395964265,0.3888739974776656,0.1944369987388328,0.3888739974776656,0.7258981286249757,0.3888739974776656,0.4147989306428433,0.3888739974776656,0.4666487969731987
jason_steele,GK,Brighton,,8.633616108432633,0.23982266967868426,11.671369924362633,0.32420472012118423,36,0.23982266967868426,0.2558108476572632,0.23982266967868426,0.4796453393573685,0.23982266967868426,0.19185813574294738,0.23982266967868426,0.319763559571579,0.23982266967868426,0.4476689834002106,0.23982266967868426,0.1279054238286316,0.23982266967868426,0.19185813574294738,0.23982266967868426,0.319763559571579,0.23982266967868426,0.19185813574294738,0.23982266967868426,0.19185813574294738,0.23982266967868426,0.38371627148589477,0.23982266967868426,0.4796453393573685,0.23982266967868426,0.319763559571579,0.23982266967868426,0.19185813574294738,0.23982266967868426,0.4796453393573685,0.23982266967868426,0.4796453393573685,0.23982266967868426,0.4796453393573685,0.23982266967868426,0.38371627148589477,0.23982266967868426,0.319763559571579,0.23982266967868426,0.19185813574294738,0.23982266967868426,0.19185813574294738,0.23982266967868426,0.19185813574294738,0.23982266967868426,0.4796453393573685,0.23982266967868426,0.4796453393573685,0.23982266967868426,0.19185813574294738,0.23982266967868426,0.4796453393573685,0.23982266967868426,0.2558108476572632,0.23982266967868426,0.4796453393573685,0.23982266967868426,0.4796453393573685,0.23982266967868426,0.1279054238286316,0.23982266967868426,0.319763559571579,0.23982266967868426,0.4796453393573685,0.23982266967868426,0.319763559571579,0.23982266967868426,0.4476689834002106,0.23982266967868426,0.1279054238286316,0.23982266967868426,0.19185813574294738
anthony_patterson,GK,Sunderland,,8.116337789326524,0.22545382748129233,11.543235967042179,0.3206454435289494,36,0.2254538274812925,0.35070595385978837,0.2254538274812925,0.210423572315873,0.2254538274812925,0.210423572315873,0.2254538274812925,0.210423572315873,0.2254538274812925,0.420847144631746,0.2254538274812925,0.2805647630878307,0.2254538274812925,0.450907654962585,0.2254538274812925,0.14028238154391534,0.2254538274812925,0.450907654962585,0.2254538274812925,0.450907654962585,0.2254538274812925,0.14028238154391534,0.2254538274812925,0.210423572315873,0.2254538274812925,0.450907654962585,0.2254538274812925,0.450907654962585,0.2254538274812925,0.35070595385978837,0.2254538274812925,0.450907654962585,0.2254538274812925,0.210423572315873,0.2254538274812925,0.14028238154391534,0.2254538274812925,0.14028238154391534,0.2254538274812925,0.450907654962585,0.2254538274812925,0.450907654962585,0.2254538274812925,0.450907654962585,0.2254538274812925,0.210423572315873,0.2254538274812925,0.35070595385978837,0.2254538274812925,0.450907654962585,0.2254538274812925,0.450907654962585,0.2254538274812925,0.35070595385978837,0.2254538274812925,0.210423572315873,0.2254538274812925,0.210423572315873,0.2254538274812925,0.450907654962585,0.2254538274812925,0.450907654962585,0.2254538274812925,0.210423572315873,0.2254538274812925,0.210423572315873,0.2254538274812925,0.420847144631746,0.2254538274812925,0.2805647630878307,0.2254538274812925,0.210423572315873
altay_bayindir,GK,Man Utd,,13.375892480702252,0.3715525689083959,11.518129636160273,0.3199480454488965,36,0.37155256890839605,0.24770171260559737,0.37155256890839605,0.18577628445419803,0.37155256890839605,0.3963227401689558,0.37155256890839605,0.6935647952956726,0.37155256890839605,0.1981613700844779,0.37155256890839605,0.2972420551267168,0.37155256890839605,0.18577628445419803,0.37155256890839605,0.5944841102534336,0.37155256890839605,0.18577628445419803,0.37155256890839605,0.24770171260559737,0.37155256890839605,0.18577628445419803,0.37155256890839605,0.7431051378167921,0.37155256890839605,0.3467823976478363,0.37155256890839605,0.18577628445419803,0.37155256890839605,0.44586308269007524,0.37155256890839605,0.24770171260559737,0.37155256890839605,0.18577628445419803,0.37155256890839605,0.18577628445419803,0.37155256890839605,0.5944841102534336,0.37155256890839605,0.18577628445419803,0.37155256890839605,0.24770171260559737,0.37155256890839605,0.18577628445419803,0.37155256890839605,0.18577628445419803,0.37155256890839605,0.44586308269007524,0.37155256890839605,0.18577628445419803,0.37155256890839605,0.24770171260559737,0.37155256890839605,0.24770171260559737,0.37155256890839605,0.18577628445419803,0.37155256890839605,0.18577628445419803,0.37155256890839605,0.18577628445419803,0.37155256890839605,0.3467823976478363,0.37155256890839605,0.7431051378167921,0.37155256890839605,0.2972420551267168,0.37155256890839605,0.1981613700844779,0.37155256890839605,0.6935647952956726,0.37155256890839605,0.3963227401689558
josh_eccles,MID,Coventry City,,18.464421631999503,0.5129006008888751,11.416822929574488,0.317133970265958,36,0.512900600888875,0.2564503004444375,0.512900600888875,0.2748910489567424,0.512900600888875,0.32730318455298185,0.512900600888875,0.2799564908122822,0.512900600888875,0.3748068700327209,0.512900600888875,0.398573787823045,0.512900600888875,0.2564503004444375,0.512900600888875,0.2564503004444375,0.512900600888875,0.4364242230532661,0.512900600888875,0.2564503004444375,0.512900600888875,0.42603969317692836,0.512900600888875,0.2564503004444375,0.512900600888875,0.3861404893867796,0.512900600888875,0.2564503004444375,0.512900600888875,0.3692371094232005,0.512900600888875,0.2564503004444375,0.512900600888875,0.3834361640137971,0.512900600888875,0.42603969317692836,0.512900600888875,0.2564503004444375,0.512900600888875,0.2564503004444375,0.512900600888875,0.2564503004444375,0.512900600888875,0.4364242230532661,0.512900600888875,0.3834361640137971,0.512900600888875,0.2564503004444375,0.512900600888875,0.2564503004444375,0.512900600888875,0.3692371094232005,0.512900600888875,0.2564503004444375,0.512900600888875,0.2748910489567424,0.512900600888875,0.2564503004444375,0.512900600888875,0.2564503004444375,0.512900600888875,0.3861404893867796,0.512900600888875,0.2564503004444375,0.512900600888875,0.2799564908122822,0.512900600888875,0.3748068700327209,0.512900600888875,0.398573787823045,0.512900600888875,0.32730318455298185
wilson_odobert,MID,Spurs,,19.90199382428445,0.5528331617856792,11.26788320361077,0.3129967556558547,36,0.5528331617856792,0.3064051981423798,0.5528331617856792,0.2764165808928396,0.5528331617856792,0.3614857989327003,0.5528331617856792,0.2764165808928396,0.5528331617856792,0.31674728361402216,0.5528331617856792,0.34566168315426676,0.5528331617856792,0.40855896566177147,0.5528331617856792,0.2764165808928396,0.5528331617856792,0.3988374778042048,0.5528331617856792,0.2764165808928396,0.5528331617856792,0.373125243492735,0.5528331617856792,0.2764165808928396,0.5528331617856792,0.2764165808928396,0.5528331617856792,0.35895414207491,0.5528331617856792,0.2764165808928396,0.5528331617856792,0.2764165808928396,0.5528331617856792,0.2764165808928396,0.5528331617856792,0.373125243492735,0.5528331617856792,0.2764165808928396,0.5528331617856792,0.40855896566177147,0.5528331617856792,0.2764165808928396,0.5528331617856792,0.3988374778042048,0.5528331617856792,0.2764165808928396,0.5528331617856792,0.2764165808928396,0.5528331617856792,0.35895414207491,0.5528331617856792,0.2764165808928396,0.5528331617856792,0.3064051981423798,0.5528331617856792,0.2764165808928396,0.5528331617856792,0.2764165808928396,0.5528331617856792,0.2764165808928396,0.5528331617856792,0.2764165808928396,0.5528331617856792,0.2764165808928396,0.5528331617856792,0.34566168315426676,0.5528331617856792,0.31674728361402216,0.5528331617856792,0.2764165808928396,0.5528331617856792,0.3614857989327003
guglielmo_vicario,GK,Spurs,,13.2333300291912,0.36759250081086664,11.13805277456925,0.30939035484914584,36,0.3675925008108665,0.44111100097303974,0.3675925008108665,0.24506166720724432,0.3675925008108665,0.5881480012973863,0.3675925008108665,0.5881480012973863,0.3675925008108665,0.735185001621733,0.3675925008108665,0.18379625040543324,0.3675925008108665,0.343086334090142,0.3675925008108665,0.19604933376579545,0.3675925008108665,0.18379625040543324,0.3675925008108665,0.24506166720724432,0.3675925008108665,0.3920986675315909,0.3675925008108665,0.18379625040543324,0.3675925008108665,0.18379625040543324,0.3675925008108665,0.18379625040543324,0.3675925008108665,0.29407400064869316,0.3675925008108665,0.18379625040543324,0.3675925008108665,0.18379625040543324,0.3675925008108665,0.3920986675315909,0.3675925008108665,0.19604933376579545,0.3675925008108665,0.343086334090142,0.3675925008108665,0.24506166720724432,0.3675925008108665,0.18379625040543324,0.3675925008108665,0.18379625040543324,0.3675925008108665,0.18379625040543324,0.3675925008108665,0.18379625040543324,0.3675925008108665,0.29407400064869316,0.3675925008108665,0.44111100097303974,0.3675925008108665,0.24506166720724432,0.3675925008108665,0.24506166720724432,0.3675925008108665,0.18379625040543324,0.3675925008108665,0.18379625040543324,0.3675925008108665,0.18379625040543324,0.3675925008108665,0.18379625040543324,0.3675925008108665,0.735185001621733,0.3675925008108665,0.5881480012973863,0.3675925008108665,0.5881480012973863
macauley_zepa,MID,Fulham,,16.2940826627811,0.452613407299475,11.117405651668292,0.30881682365745255,36,0.45261340729947475,0.4567626609800571,0.45261340729947475,0.40130522858157575,0.45261340729947475,0.22630670364973737,0.45261340729947475,0.445894186571926,0.45261340729947475,0.22630670364973737,0.45261340729947475,0.35411860779361426,0.45261340729947475,0.40413558214187434,0.45261340729947475,0.293003149109003,0.45261340729947475,0.2460397510617622,0.45261340729947475,0.22630670364973737,0.45261340729947475,0.3922737883613236,0.45261340729947475,0.24825044815939235,0.45261340729947475,0.22630670364973737,0.45261340729947475,0.23744881971823117,0.45261340729947475,0.2877016452539025,0.45261340729947475,0.22630670364973737,0.45261340729947475,0.3425563147658283,0.45261340729947475,0.3922737883613236,0.45261340729947475,0.293003149109003,0.45261340729947475,0.40413558214187434,0.45261340729947475,0.22630670364973737,0.45261340729947475,0.2460397510617622,0.45261340729947475,0.3425563147658283,0.45261340729947475,0.22630670364973737,0.45261340729947475,0.23744881971823117,0.45261340729947475,0.2877016452539025,0.45261340729947475,0.4567626609800571,0.45261340729947475,0.40130522858157575,0.45261340729947475,0.3864444632628496,0.45261340729947475,0.2489137869110865,0.45261340729947475,0.22630670364973737,0.45261340729947475,0.24825044815939235,0.45261340729947475,0.445894186571926,0.45261340729947475,0.22630670364973737,0.45261340729947475,0.35411860779361426,0.45261340729947475,0.22630670364973737
tom_cairney,MID,Fulham,,16.26612130119911,0.4518367028110864,11.098327695227713,0.308286880422992,36,0.4518367028110868,0.45597883619009344,0.4518367028110868,0.40061657118162686,0.4518367028110868,0.2259183514055434,0.4518367028110868,0.44512901256145443,0.4518367028110868,0.2259183514055434,0.4518367028110868,0.3535109247076534,0.4518367028110868,0.4034420677308901,0.4518367028110868,0.29250034283469795,0.4518367028110868,0.24561753604141684,0.4518367028110868,0.2259183514055434,0.4518367028110868,0.391600629309507,0.4518367028110868,0.24782443948572053,0.4518367028110868,0.2259183514055434,0.4518367028110868,0.2370413471134359,0.4518367028110868,0.28720793659308624,0.4518367028110868,0.2259183514055434,0.4518367028110868,0.34196847308258754,0.4518367028110868,0.391600629309507,0.4518367028110868,0.29250034283469795,0.4518367028110868,0.4034420677308901,0.4518367028110868,0.2259183514055434,0.4518367028110868,0.24561753604141684,0.4518367028110868,0.34196847308258754,0.4518367028110868,0.2259183514055434,0.4518367028110868,0.2370413471134359,0.4518367028110868,0.28720793659308624,0.4518367028110868,0.45597883619009344,0.4518367028110868,0.40061657118162686,0.4518367028110868,0.38578130758896045,0.4518367028110868,0.248486639918979,0.4518367028110868,0.2259183514055434,0.4518367028110868,0.24782443948572053,0.4518367028110868,0.44512901256145443,0.4518367028110868,0.2259183514055434,0.4518367028110868,0.3535109247076534,0.4518367028110868,0.2259183514055434
darko_gyabi,MID,Hull City,,12.630248778113783,0.350840243836494,11.087143724612437,0.3079762145725677,36,0.35084024383649415,0.39482548868908585,0.35084024383649415,0.37754192108078855,0.35084024383649415,0.28625321957864924,0.35084024383649415,0.24253148904222854,0.35084024383649415,0.40753843453662325,0.35084024383649415,0.17542012191824707,0.35084024383649415,0.43562209787080686,0.35084024383649415,0.17542012191824707,0.35084024383649415,0.281073846757074,0.35084024383649415,0.44624019464108516,0.35084024383649415,0.33466482625494265,0.35084024383649415,0.21761633405160757,0.35084024383649415,0.38323695569895927,0.35084024383649415,0.24037171989423764,0.35084024383649415,0.3920603381381614,0.35084024383649415,0.23197869830473236,0.35084024383649415,0.2431795464229125,0.35084024383649415,0.33466482625494265,0.35084024383649415,0.17542012191824707,0.35084024383649415,0.43562209787080686,0.35084024383649415,0.44624019464108516,0.35084024383649415,0.281073846757074,0.35084024383649415,0.2431795464229125,0.35084024383649415,0.3920603381381614,0.35084024383649415,0.24037171989423764,0.35084024383649415,0.23197869830473236,0.35084024383649415,0.39482548868908585,0.35084024383649415,0.37754192108078855,0.35084024383649415,0.2100322569081725,0.35084024383649415,0.3459607581074846,0.35084024383649415,0.38323695569895927,0.35084024383649415,0.21761633405160757,0.35084024383649415,0.24253148904222854,0.35084024383649415,0.40753843453662325,0.35084024383649415,0.17542012191824707,0.35084024383649415,0.28625321957864924
eliot_matazo,MID,Hull City,,12.630248778113783,0.350840243836494,11.087143724612437,0.3079762145725677,36,0.35084024383649415,0.39482548868908585,0.35084024383649415,0.37754192108078855,0.35084024383649415,0.28625321957864924,0.35084024383649415,0.24253148904222854,0.35084024383649415,0.40753843453662325,0.35084024383649415,0.17542012191824707,0.35084024383649415,0.43562209787080686,0.35084024383649415,0.17542012191824707,0.35084024383649415,0.281073846757074,0.35084024383649415,0.44624019464108516,0.35084024383649415,0.33466482625494265,0.35084024383649415,0.21761633405160757,0.35084024383649415,0.38323695569895927,0.35084024383649415,0.24037171989423764,0.35084024383649415,0.3920603381381614,0.35084024383649415,0.23197869830473236,0.35084024383649415,0.2431795464229125,0.35084024383649415,0.33466482625494265,0.35084024383649415,0.17542012191824707,0.35084024383649415,0.43562209787080686,0.35084024383649415,0.44624019464108516,0.35084024383649415,0.281073846757074,0.35084024383649415,0.2431795464229125,0.35084024383649415,0.3920603381381614,0.35084024383649415,0.24037171989423764,0.35084024383649415,0.23197869830473236,0.35084024383649415,0.39482548868908585,0.35084024383649415,0.37754192108078855,0.35084024383649415,0.2100322569081725,0.35084024383649415,0.3459607581074846,0.35084024383649415,0.38323695569895927,0.35084024383649415,0.21761633405160757,0.35084024383649415,0.24253148904222854,0.35084024383649415,0.40753843453662325,0.35084024383649415,0.17542012191824707,0.35084024383649415,0.28625321957864924
oscar_zambrano,MID,Hull City,,12.630248778113783,0.350840243836494,11.087143724612437,0.3079762145725677,36,0.35084024383649415,0.39482548868908585,0.35084024383649415,0.37754192108078855,0.35084024383649415,0.28625321957864924,0.35084024383649415,0.24253148904222854,0.35084024383649415,0.40753843453662325,0.35084024383649415,0.17542012191824707,0.35084024383649415,0.43562209787080686,0.35084024383649415,0.17542012191824707,0.35084024383649415,0.281073846757074,0.35084024383649415,0.44624019464108516,0.35084024383649415,0.33466482625494265,0.35084024383649415,0.21761633405160757,0.35084024383649415,0.38323695569895927,0.35084024383649415,0.24037171989423764,0.35084024383649415,0.3920603381381614,0.35084024383649415,0.23197869830473236,0.35084024383649415,0.2431795464229125,0.35084024383649415,0.33466482625494265,0.35084024383649415,0.17542012191824707,0.35084024383649415,0.43562209787080686,0.35084024383649415,0.44624019464108516,0.35084024383649415,0.281073846757074,0.35084024383649415,0.2431795464229125,0.35084024383649415,0.3920603381381614,0.35084024383649415,0.24037171989423764,0.35084024383649415,0.23197869830473236,0.35084024383649415,0.39482548868908585,0.35084024383649415,0.37754192108078855,0.35084024383649415,0.2100322569081725,0.35084024383649415,0.3459607581074846,0.35084024383649415,0.38323695569895927,0.35084024383649415,0.21761633405160757,0.35084024383649415,0.24253148904222854,0.35084024383649415,0.40753843453662325,0.35084024383649415,0.17542012191824707,0.35084024383649415,0.28625321957864924
tyler_fredricson,DEF,Man Utd,,11.219915243863523,0.31166431232954234,10.956011810307237,0.30433366139742324,36,0.3116643123295426,0.20060372917438352,0.3116643123295426,0.1558321561647713,0.3116643123295426,0.3745050789129846,0.3116643123295426,0.6233286246590852,0.3116643123295426,0.2615322077576142,0.3116643123295426,0.4720872592141071,0.3116643123295426,0.1558321561647713,0.3116643123295426,0.6233286246590852,0.3116643123295426,0.21276188831619033,0.3116643123295426,0.21600370055585985,0.3116643123295426,0.1558321561647713,0.3116643123295426,0.5304025720189605,0.3116643123295426,0.3771474378311786,0.3116643123295426,0.1558321561647713,0.3116643123295426,0.3911548104512845,0.3116643123295426,0.2349280207057683,0.3116643123295426,0.1558321561647713,0.3116643123295426,0.1558321561647713,0.3116643123295426,0.6233286246590852,0.3116643123295426,0.21276188831619033,0.3116643123295426,0.21600370055585985,0.3116643123295426,0.1558321561647713,0.3116643123295426,0.1558321561647713,0.3116643123295426,0.3911548104512845,0.3116643123295426,0.1558321561647713,0.3116643123295426,0.2349280207057683,0.3116643123295426,0.20060372917438352,0.3116643123295426,0.1558321561647713,0.3116643123295426,0.19687018542872226,0.3116643123295426,0.1652521547178026,0.3116643123295426,0.3771474378311786,0.3116643123295426,0.5304025720189605,0.3116643123295426,0.4720872592141071,0.3116643123295426,0.2615322077576142,0.3116643123295426,0.6233286246590852,0.3116643123295426,0.3745050789129846
jahnoah_markelo,FWD,Coventry City,,16.115811806169756,0.447661439060271,10.667306269085332,0.2963140630301481,36,0.4476614390602711,0.22383071953013556,0.4476614390602711,0.4481105640552746,0.4476614390602711,0.2240552820276373,0.4476614390602711,0.22383071953013556,0.4476614390602711,0.2940410892227868,0.4476614390602711,0.5255928525966672,0.4476614390602711,0.2987403760368497,0.4476614390602711,0.22383071953013556,0.4476614390602711,0.5502081644798533,0.4476614390602711,0.22383071953013556,0.4476614390602711,0.29957953439650375,0.4476614390602711,0.2738453447004455,0.4476614390602711,0.22383071953013556,0.4476614390602711,0.22383071953013556,0.4476614390602711,0.31108799190033104,0.4476614390602711,0.3177461788852311,0.4476614390602711,0.22383071953013556,0.4476614390602711,0.29957953439650375,0.4476614390602711,0.22383071953013556,0.4476614390602711,0.2987403760368497,0.4476614390602711,0.22383071953013556,0.4476614390602711,0.5502081644798533,0.4476614390602711,0.22383071953013556,0.4476614390602711,0.3177461788852311,0.4476614390602711,0.22383071953013556,0.4476614390602711,0.31108799190033104,0.4476614390602711,0.22383071953013556,0.4476614390602711,0.4481105640552746,0.4476614390602711,0.22383071953013556,0.4476614390602711,0.22383071953013556,0.4476614390602711,0.22383071953013556,0.4476614390602711,0.2738453447004455,0.4476614390602711,0.22383071953013556,0.4476614390602711,0.2940410892227868,0.4476614390602711,0.5255928525966672,0.4476614390602711,0.2240552820276373
wellity_lucky,DEF,Liverpool,,13.031503726261015,0.3619862146183615,10.365471832417356,0.28792977312270435,36,0.3619862146183612,0.1809931073091806,0.3619862146183612,0.3102717734353184,0.3619862146183612,0.39111712865878934,0.3619862146183612,0.1809931073091806,0.3619862146183612,0.1809931073091806,0.3619862146183612,0.1809931073091806,0.3619862146183612,0.1809931073091806,0.3619862146183612,0.312460927691865,0.3619862146183612,0.43662022481924506,0.3619862146183612,0.1809931073091806,0.3619862146183612,0.19463429928800538,0.3619862146183612,0.1809931073091806,0.3619862146183612,0.21667546444747465,0.3619862146183612,0.6032817442842272,0.3619862146183612,0.1809931073091806,0.3619862146183612,0.5777695496319923,0.3619862146183612,0.43943048017571545,0.3619862146183612,0.19463429928800538,0.3619862146183612,0.312460927691865,0.3619862146183612,0.43662022481924506,0.3619862146183612,0.1809931073091806,0.3619862146183612,0.1809931073091806,0.3619862146183612,0.43943048017571545,0.3619862146183612,0.1809931073091806,0.3619862146183612,0.6032817442842272,0.3619862146183612,0.5777695496319923,0.3619862146183612,0.1809931073091806,0.3619862146183612,0.3102717734353184,0.3619862146183612,0.1809931073091806,0.3619862146183612,0.32406582329601613,0.3619862146183612,0.21667546444747465,0.3619862146183612,0.1809931073091806,0.3619862146183612,0.1809931073091806,0.3619862146183612,0.1809931073091806,0.3619862146183612,0.1809931073091806,0.3619862146183612,0.39111712865878934
calvin_ramsay,DEF,Liverpool,,13.031503726261015,0.3619862146183615,10.365471832417356,0.28792977312270435,36,0.3619862146183612,0.1809931073091806,0.3619862146183612,0.3102717734353184,0.3619862146183612,0.39111712865878934,0.3619862146183612,0.1809931073091806,0.3619862146183612,0.1809931073091806,0.3619862146183612,0.1809931073091806,0.3619862146183612,0.1809931073091806,0.3619862146183612,0.312460927691865,0.3619862146183612,0.43662022481924506,0.3619862146183612,0.1809931073091806,0.3619862146183612,0.19463429928800538,0.3619862146183612,0.1809931073091806,0.3619862146183612,0.21667546444747465,0.3619862146183612,0.6032817442842272,0.3619862146183612,0.1809931073091806,0.3619862146183612,0.5777695496319923,0.3619862146183612,0.43943048017571545,0.3619862146183612,0.19463429928800538,0.3619862146183612,0.312460927691865,0.3619862146183612,0.43662022481924506,0.3619862146183612,0.1809931073091806,0.3619862146183612,0.1809931073091806,0.3619862146183612,0.43943048017571545,0.3619862146183612,0.1809931073091806,0.3619862146183612,0.6032817442842272,0.3619862146183612,0.5777695496319923,0.3619862146183612,0.1809931073091806,0.3619862146183612,0.3102717734353184,0.3619862146183612,0.1809931073091806,0.3619862146183612,0.32406582329601613,0.3619862146183612,0.21667546444747465,0.3619862146183612,0.1809931073091806,0.3619862146183612,0.1809931073091806,0.3619862146183612,0.1809931073091806,0.3619862146183612,0.1809931073091806,0.3619862146183612,0.39111712865878934
joel_drakes_thomas,MID,Crystal Palace,,14.095782331980715,0.3915495092216865,10.299824982470984,0.2861062495130829,36,0.3915495092216865,0.3887551623193547,0.3915495092216865,0.4155444616167723,0.3915495092216865,0.2212868992752255,0.3915495092216865,0.3192402674885066,0.3915495092216865,0.26811927332451957,0.3915495092216865,0.27305993106702997,0.3915495092216865,0.3655737282519687,0.3915495092216865,0.3739904447667138,0.3915495092216865,0.3300155746711932,0.3915495092216865,0.19577475461084326,0.3915495092216865,0.36014117534461254,0.3915495092216865,0.3766281507109012,0.3915495092216865,0.20035195998010702,0.3915495092216865,0.23197150509221687,0.3915495092216865,0.19577475461084326,0.3915495092216865,0.20758649025034007,0.3915495092216865,0.19577475461084326,0.3915495092216865,0.36014117534461254,0.3915495092216865,0.3739904447667138,0.3915495092216865,0.3655737282519687,0.3915495092216865,0.19577475461084326,0.3915495092216865,0.3300155746711932,0.3915495092216865,0.19577475461084326,0.3915495092216865,0.20758649025034007,0.3915495092216865,0.23197150509221687,0.3915495092216865,0.19577475461084326,0.3915495092216865,0.3887551623193547,0.3915495092216865,0.4155444616167723,0.3915495092216865,0.2313533163991516,0.3915495092216865,0.22929309008784873,0.3915495092216865,0.20035195998010702,0.3915495092216865,0.3766281507109012,0.3915495092216865,0.3192402674885066,0.3915495092216865,0.26811927332451957,0.3915495092216865,0.27305993106702997,0.3915495092216865,0.2212868992752255
will_hughes,MID,Crystal Palace,,14.095782331980715,0.3915495092216865,10.299824982470984,0.2861062495130829,36,0.3915495092216865,0.3887551623193547,0.3915495092216865,0.4155444616167723,0.3915495092216865,0.2212868992752255,0.3915495092216865,0.3192402674885066,0.3915495092216865,0.26811927332451957,0.3915495092216865,0.27305993106702997,0.3915495092216865,0.3655737282519687,0.3915495092216865,0.3739904447667138,0.3915495092216865,0.3300155746711932,0.3915495092216865,0.19577475461084326,0.3915495092216865,0.36014117534461254,0.3915495092216865,0.3766281507109012,0.3915495092216865,0.20035195998010702,0.3915495092216865,0.23197150509221687,0.3915495092216865,0.19577475461084326,0.3915495092216865,0.20758649025034007,0.3915495092216865,0.19577475461084326,0.3915495092216865,0.36014117534461254,0.3915495092216865,0.3739904447667138,0.3915495092216865,0.3655737282519687,0.3915495092216865,0.19577475461084326,0.3915495092216865,0.3300155746711932,0.3915495092216865,0.19577475461084326,0.3915495092216865,0.20758649025034007,0.3915495092216865,0.23197150509221687,0.3915495092216865,0.19577475461084326,0.3915495092216865,0.3887551623193547,0.3915495092216865,0.4155444616167723,0.3915495092216865,0.2313533163991516,0.3915495092216865,0.22929309008784873,0.3915495092216865,0.20035195998010702,0.3915495092216865,0.3766281507109012,0.3915495092216865,0.3192402674885066,0.3915495092216865,0.26811927332451957,0.3915495092216865,0.27305993106702997,0.3915495092216865,0.2212868992752255
christantus_uche,FWD,Crystal Palace,,16.115811806169756,0.447661439060271,10.285945649836767,0.28572071249546577,36,0.4476614390602711,0.5494238680939668,0.4476614390602711,0.31316283274541695,0.4476614390602711,0.22383071953013556,0.4476614390602711,0.23421421944825302,0.4476614390602711,0.46842843889650604,0.4476614390602711,0.22383071953013556,0.4476614390602711,0.3073732677702915,0.4476614390602711,0.22383071953013556,0.4476614390602711,0.22383071953013556,0.4476614390602711,0.22383071953013556,0.4476614390602711,0.32519309762879434,0.4476614390602711,0.22383071953013556,0.4476614390602711,0.28626182377008697,0.4476614390602711,0.31228562593100406,0.4476614390602711,0.22383071953013556,0.4476614390602711,0.22383071953013556,0.4476614390602711,0.3321531748628429,0.4476614390602711,0.32519309762879434,0.4476614390602711,0.22383071953013556,0.4476614390602711,0.3073732677702915,0.4476614390602711,0.22383071953013556,0.4476614390602711,0.22383071953013556,0.4476614390602711,0.3321531748628429,0.4476614390602711,0.22383071953013556,0.4476614390602711,0.31228562593100406,0.4476614390602711,0.22383071953013556,0.4476614390602711,0.5494238680939668,0.4476614390602711,0.31316283274541695,0.4476614390602711,0.22383071953013556,0.4476614390602711,0.22383071953013556,0.4476614390602711,0.28626182377008697,0.4476614390602711,0.22383071953013556,0.4476614390602711,0.23421421944825302,0.4476614390602711,0.46842843889650604,0.4476614390602711,0.22383071953013556,0.4476614390602711,0.22383071953013556
fraser_forster,GK,Bournemouth,,8.519566147223784,0.23665461520066067,10.255033325361955,0.28486203681560984,36,0.23665461520066056,0.15776974346710704,0.23665461520066056,0.2629495724451784,0.23665461520066056,0.11832730760033028,0.23665461520066056,0.11832730760033028,0.23665461520066056,0.2629495724451784,0.23665461520066056,0.4733092304013211,0.23665461520066056,0.21035965795614273,0.23665461520066056,0.15776974346710704,0.23665461520066056,0.4733092304013211,0.23665461520066056,0.42071931591228545,0.23665461520066056,0.15776974346710704,0.23665461520066056,0.15776974346710704,0.23665461520066056,0.15776974346710704,0.23665461520066056,0.4733092304013211,0.23665461520066056,0.4733092304013211,0.23665461520066056,0.36812940142324974,0.23665461520066056,0.4733092304013211,0.23665461520066056,0.15776974346710704,0.23665461520066056,0.15776974346710704,0.23665461520066056,0.4733092304013211,0.23665461520066056,0.42071931591228545,0.23665461520066056,0.21035965795614273,0.23665461520066056,0.4733092304013211,0.23665461520066056,0.36812940142324974,0.23665461520066056,0.4733092304013211,0.23665461520066056,0.4733092304013211,0.23665461520066056,0.15776974346710704,0.23665461520066056,0.2629495724451784,0.23665461520066056,0.15776974346710704,0.23665461520066056,0.2629495724451784,0.23665461520066056,0.15776974346710704,0.23665461520066056,0.15776974346710704,0.23665461520066056,0.4733092304013211,0.23665461520066056,0.2629495724451784,0.23665461520066056,0.11832730760033028,0.23665461520066056,0.11832730760033028
will_dennis,GK,Bournemouth,,8.519566147223784,0.23665461520066067,10.255033325361955,0.28486203681560984,36,0.23665461520066056,0.15776974346710704,0.23665461520066056,0.2629495724451784,0.23665461520066056,0.11832730760033028,0.23665461520066056,0.11832730760033028,0.23665461520066056,0.2629495724451784,0.23665461520066056,0.4733092304013211,0.23665461520066056,0.21035965795614273,0.23665461520066056,0.15776974346710704,0.23665461520066056,0.4733092304013211,0.23665461520066056,0.42071931591228545,0.23665461520066056,0.15776974346710704,0.23665461520066056,0.15776974346710704,0.23665461520066056,0.15776974346710704,0.23665461520066056,0.4733092304013211,0.23665461520066056,0.4733092304013211,0.23665461520066056,0.36812940142324974,0.23665461520066056,0.4733092304013211,0.23665461520066056,0.15776974346710704,0.23665461520066056,0.15776974346710704,0.23665461520066056,0.4733092304013211,0.23665461520066056,0.42071931591228545,0.23665461520066056,0.21035965795614273,0.23665461520066056,0.4733092304013211,0.23665461520066056,0.36812940142324974,0.23665461520066056,0.4733092304013211,0.23665461520066056,0.4733092304013211,0.23665461520066056,0.15776974346710704,0.23665461520066056,0.2629495724451784,0.23665461520066056,0.15776974346710704,0.23665461520066056,0.2629495724451784,0.23665461520066056,0.15776974346710704,0.23665461520066056,0.15776974346710704,0.23665461520066056,0.4733092304013211,0.23665461520066056,0.2629495724451784,0.23665461520066056,0.11832730760033028,0.23665461520066056,0.11832730760033028
dane_scarlett,FWD,Spurs,,14.814637218213928,0.41151770050594244,10.223927115403578,0.2839979754278772,36,0.41151770050594205,0.22810002598919066,0.41151770050594205,0.21713641675000983,0.41151770050594205,0.20575885025297103,0.41151770050594205,0.2787889206534553,0.41151770050594205,0.20575885025297103,0.41151770050594205,0.3167038884119581,0.41151770050594205,0.5601407629472385,0.41151770050594205,0.20575885025297103,0.41151770050594205,0.3049876751990302,0.41151770050594205,0.3041333679855876,0.41151770050594205,0.5350810846862538,0.41151770050594205,0.20575885025297103,0.41151770050594205,0.20575885025297103,0.41151770050594205,0.20575885025297103,0.41151770050594205,0.20575885025297103,0.41151770050594205,0.4562000519783813,0.41151770050594205,0.20575885025297103,0.41151770050594205,0.5350810846862538,0.41151770050594205,0.20575885025297103,0.41151770050594205,0.5601407629472385,0.41151770050594205,0.3041333679855876,0.41151770050594205,0.3049876751990302,0.41151770050594205,0.20575885025297103,0.41151770050594205,0.4562000519783813,0.41151770050594205,0.20575885025297103,0.41151770050594205,0.20575885025297103,0.41151770050594205,0.22810002598919066,0.41151770050594205,0.21713641675000983,0.41151770050594205,0.32348227190085654,0.41151770050594205,0.20575885025297103,0.41151770050594205,0.20575885025297103,0.41151770050594205,0.20575885025297103,0.41151770050594205,0.3167038884119581,0.41151770050594205,0.20575885025297103,0.41151770050594205,0.2787889206534553,0.41151770050594205,0.20575885025297103
kaine_andrews,MID,Coventry City,,16.2940826627811,0.452613407299475,10.074870487057686,0.27985751352938015,36,0.45261340729947475,0.22630670364973737,0.45261340729947475,0.2425798957708661,0.45261340729947475,0.2888314213782532,0.45261340729947475,0.24704993712730033,0.45261340729947475,0.3307514442969349,0.45261340729947475,0.35172475886011234,0.45261340729947475,0.22630670364973737,0.45261340729947475,0.22630670364973737,0.45261340729947475,0.3851261906923792,0.45261340729947475,0.22630670364973737,0.45261340729947475,0.37596227580831226,0.45261340729947475,0.22630670364973737,0.45261340729947475,0.3407528910957605,0.45261340729947475,0.22630670364973737,0.45261340729947475,0.3258363626554852,0.45261340729947475,0.22630670364973737,0.45261340729947475,0.33836643664554006,0.45261340729947475,0.37596227580831226,0.45261340729947475,0.22630670364973737,0.45261340729947475,0.22630670364973737,0.45261340729947475,0.22630670364973737,0.45261340729947475,0.3851261906923792,0.45261340729947475,0.33836643664554006,0.45261340729947475,0.22630670364973737,0.45261340729947475,0.22630670364973737,0.45261340729947475,0.3258363626554852,0.45261340729947475,0.22630670364973737,0.45261340729947475,0.2425798957708661,0.45261340729947475,0.22630670364973737,0.45261340729947475,0.22630670364973737,0.45261340729947475,0.3407528910957605,0.45261340729947475,0.22630670364973737,0.45261340729947475,0.24704993712730033,0.45261340729947475,0.3307514442969349,0.45261340729947475,0.35172475886011234,0.45261340729947475,0.2888314213782532
benjamin_lecomte,GK,Fulham,,8.510061983789706,0.23639061066082517,10.07286657649183,0.27980184934699526,36,0.23639061066082534,0.3677187276946172,0.23639061066082534,0.11819530533041267,0.23639061066082534,0.4727812213216507,0.23639061066082534,0.15759374044055022,0.23639061066082534,0.15759374044055022,0.23639061066082534,0.4727812213216507,0.23639061066082534,0.4727812213216507,0.23639061066082534,0.15759374044055022,0.23639061066082534,0.15759374044055022,0.23639061066082534,0.31518748088110043,0.23639061066082534,0.4727812213216507,0.23639061066082534,0.2626562340675837,0.23639061066082534,0.2626562340675837,0.23639061066082534,0.21012498725406697,0.23639061066082534,0.15759374044055022,0.23639061066082534,0.15759374044055022,0.23639061066082534,0.4727812213216507,0.23639061066082534,0.4727812213216507,0.23639061066082534,0.15759374044055022,0.23639061066082534,0.4727812213216507,0.23639061066082534,0.31518748088110043,0.23639061066082534,0.15759374044055022,0.23639061066082534,0.4727812213216507,0.23639061066082534,0.15759374044055022,0.23639061066082534,0.21012498725406697,0.23639061066082534,0.15759374044055022,0.23639061066082534,0.3677187276946172,0.23639061066082534,0.11819530533041267,0.23639061066082534,0.11819530533041267,0.23639061066082534,0.2626562340675837,0.23639061066082534,0.2626562340675837,0.23639061066082534,0.2626562340675837,0.23639061066082534,0.15759374044055022,0.23639061066082534,0.15759374044055022,0.23639061066082534,0.4727812213216507,0.23639061066082534,0.4727812213216507
alfie_mcnally,GK,Fulham,,8.510061983789706,0.23639061066082517,10.07286657649183,0.27980184934699526,36,0.23639061066082534,0.3677187276946172,0.23639061066082534,0.11819530533041267,0.23639061066082534,0.4727812213216507,0.23639061066082534,0.15759374044055022,0.23639061066082534,0.15759374044055022,0.23639061066082534,0.4727812213216507,0.23639061066082534,0.4727812213216507,0.23639061066082534,0.15759374044055022,0.23639061066082534,0.15759374044055022,0.23639061066082534,0.31518748088110043,0.23639061066082534,0.4727812213216507,0.23639061066082534,0.2626562340675837,0.23639061066082534,0.2626562340675837,0.23639061066082534,0.21012498725406697,0.23639061066082534,0.15759374044055022,0.23639061066082534,0.15759374044055022,0.23639061066082534,0.4727812213216507,0.23639061066082534,0.4727812213216507,0.23639061066082534,0.15759374044055022,0.23639061066082534,0.4727812213216507,0.23639061066082534,0.31518748088110043,0.23639061066082534,0.15759374044055022,0.23639061066082534,0.4727812213216507,0.23639061066082534,0.15759374044055022,0.23639061066082534,0.21012498725406697,0.23639061066082534,0.15759374044055022,0.23639061066082534,0.3677187276946172,0.23639061066082534,0.11819530533041267,0.23639061066082534,0.11819530533041267,0.23639061066082534,0.2626562340675837,0.23639061066082534,0.2626562340675837,0.23639061066082534,0.2626562340675837,0.23639061066082534,0.15759374044055022,0.23639061066082534,0.15759374044055022,0.23639061066082534,0.4727812213216507,0.23639061066082534,0.4727812213216507
enis_destan,FWD,Hull City,,13.563277117536837,0.3767576977093566,10.06097057695386,0.279471404915385,36,0.37675769770935674,0.18837884885467837,0.37675769770935674,0.3103788157696581,0.37675769770935674,0.18837884885467837,0.37675769770935674,0.21279986244965318,0.37675769770935674,0.5243946774333094,0.37675769770935674,0.31702182432464066,0.37675769770935674,0.2988965936833817,0.37675769770935674,0.18837884885467837,0.37675769770935674,0.44708902248438614,0.37675769770935674,0.5489538746734004,0.37675769770935674,0.22354451124219307,0.37675769770935674,0.18837884885467837,0.37675769770935674,0.29337077430436115,0.37675769770935674,0.19490293158560684,0.37675769770935674,0.18837884885467837,0.37675769770935674,0.18837884885467837,0.37675769770935674,0.2980593483229241,0.37675769770935674,0.22354451124219307,0.37675769770935674,0.18837884885467837,0.37675769770935674,0.2988965936833817,0.37675769770935674,0.5489538746734004,0.37675769770935674,0.44708902248438614,0.37675769770935674,0.2980593483229241,0.37675769770935674,0.18837884885467837,0.37675769770935674,0.19490293158560684,0.37675769770935674,0.18837884885467837,0.37675769770935674,0.18837884885467837,0.37675769770935674,0.3103788157696581,0.37675769770935674,0.2732210692960137,0.37675769770935674,0.18837884885467837,0.37675769770935674,0.29337077430436115,0.37675769770935674,0.18837884885467837,0.37675769770935674,0.21279986244965318,0.37675769770935674,0.5243946774333094,0.37675769770935674,0.31702182432464066,0.37675769770935674,0.18837884885467837
mason_burstow,FWD,Hull City,,13.563277117536837,0.3767576977093566,10.06097057695386,0.279471404915385,36,0.37675769770935674,0.18837884885467837,0.37675769770935674,0.3103788157696581,0.37675769770935674,0.18837884885467837,0.37675769770935674,0.21279986244965318,0.37675769770935674,0.5243946774333094,0.37675769770935674,0.31702182432464066,0.37675769770935674,0.2988965936833817,0.37675769770935674,0.18837884885467837,0.37675769770935674,0.44708902248438614,0.37675769770935674,0.5489538746734004,0.37675769770935674,0.22354451124219307,0.37675769770935674,0.18837884885467837,0.37675769770935674,0.29337077430436115,0.37675769770935674,0.19490293158560684,0.37675769770935674,0.18837884885467837,0.37675769770935674,0.18837884885467837,0.37675769770935674,0.2980593483229241,0.37675769770935674,0.22354451124219307,0.37675769770935674,0.18837884885467837,0.37675769770935674,0.2988965936833817,0.37675769770935674,0.5489538746734004,0.37675769770935674,0.44708902248438614,0.37675769770935674,0.2980593483229241,0.37675769770935674,0.18837884885467837,0.37675769770935674,0.19490293158560684,0.37675769770935674,0.18837884885467837,0.37675769770935674,0.18837884885467837,0.37675769770935674,0.3103788157696581,0.37675769770935674,0.2732210692960137,0.37675769770935674,0.18837884885467837,0.37675769770935674,0.29337077430436115,0.37675769770935674,0.18837884885467837,0.37675769770935674,0.21279986244965318,0.37675769770935674,0.5243946774333094,0.37675769770935674,0.31702182432464066,0.37675769770935674,0.18837884885467837
harrison_reed,MID,Fulham,,14.095782331980715,0.3915495092216865,9.61751167006178,0.2671531019461606,36,0.3915495092216865,0.3951389703734489,0.3915495092216865,0.347163523583485,0.3915495092216865,0.19577475461084326,0.3915495092216865,0.38573680563006896,0.3915495092216865,0.19577475461084326,0.3915495092216865,0.30634303989168965,0.3915495092216865,0.3496120227432227,0.3915495092216865,0.25347291393454024,0.3915495092216865,0.21284553710428877,0.3915495092216865,0.19577475461084326,0.3915495092216865,0.33935055134542463,0.3915495092216865,0.21475798015094857,0.3915495092216865,0.19577475461084326,0.3915495092216865,0.20541364291585365,0.3915495092216865,0.248886657321006,0.3915495092216865,0.19577475461084326,0.3915495092216865,0.29634066239359785,0.3915495092216865,0.33935055134542463,0.3915495092216865,0.25347291393454024,0.3915495092216865,0.3496120227432227,0.3915495092216865,0.19577475461084326,0.3915495092216865,0.21284553710428877,0.3915495092216865,0.29634066239359785,0.3915495092216865,0.19577475461084326,0.3915495092216865,0.20541364291585365,0.3915495092216865,0.248886657321006,0.3915495092216865,0.3951389703734489,0.3915495092216865,0.347163523583485,0.3915495092216865,0.3343076839787252,0.3915495092216865,0.2153318251994708,0.3915495092216865,0.19577475461084326,0.3915495092216865,0.21475798015094857,0.3915495092216865,0.38573680563006896,0.3915495092216865,0.19577475461084326,0.3915495092216865,0.30634303989168965,0.3915495092216865,0.19577475461084326
lucas_digne,DEF,Aston Villa,,16.457916293340656,0.4571643414816849,9.383197645206106,0.26064437903350296,36,0.45716434148168505,0.22858217074084253,0.45716434148168505,0.2504410142503974,0.45716434148168505,0.4662216162772636,0.45716434148168505,0.22858217074084253,0.45716434148168505,0.22858217074084253,0.45716434148168505,0.22858217074084253,0.45716434148168505,0.23978084711954228,0.45716434148168505,0.33742407895350723,0.45716434148168505,0.22858217074084253,0.45716434148168505,0.22858217074084253,0.45716434148168505,0.22858217074084253,0.45716434148168505,0.24147264543009506,0.45716434148168505,0.33959586984036716,0.45716434148168505,0.22858217074084253,0.45716434148168505,0.22858217074084253,0.45716434148168505,0.22858217074084253,0.45716434148168505,0.3022588725826138,0.45716434148168505,0.22858217074084253,0.45716434148168505,0.33742407895350723,0.45716434148168505,0.23978084711954228,0.45716434148168505,0.22858217074084253,0.45716434148168505,0.22858217074084253,0.45716434148168505,0.3022588725826138,0.45716434148168505,0.22858217074084253,0.45716434148168505,0.22858217074084253,0.45716434148168505,0.22858217074084253,0.45716434148168505,0.22858217074084253,0.45716434148168505,0.2504410142503974,0.45716434148168505,0.22858217074084253,0.45716434148168505,0.22858217074084253,0.45716434148168505,0.33959586984036716,0.45716434148168505,0.24147264543009506,0.45716434148168505,0.22858217074084253,0.45716434148168505,0.22858217074084253,0.45716434148168505,0.22858217074084253,0.45716434148168505,0.4662216162772636
alex_palmer,GK,Ipswich Town,,8.567086964394141,0.23797463789983725,9.01130628847383,0.25031406356871755,36,0.23797463789983708,0.11898731894991854,0.23797463789983708,0.2961462160531305,0.23797463789983708,0.21153301146652184,0.23797463789983708,0.338452818346435,0.23797463789983708,0.1269198068799131,0.23797463789983708,0.3807594206397393,0.23797463789983708,0.1269198068799131,0.23797463789983708,0.2538396137598262,0.23797463789983708,0.47594927579967417,0.23797463789983708,0.47594927579967417,0.23797463789983708,0.47594927579967417,0.23797463789983708,0.1692264091732175,0.23797463789983708,0.1269198068799131,0.23797463789983708,0.1269198068799131,0.23797463789983708,0.21153301146652184,0.23797463789983708,0.11898731894991854,0.23797463789983708,0.1269198068799131,0.23797463789983708,0.47594927579967417,0.23797463789983708,0.2538396137598262,0.23797463789983708,0.1269198068799131,0.23797463789983708,0.47594927579967417,0.23797463789983708,0.47594927579967417,0.23797463789983708,0.1269198068799131,0.23797463789983708,0.11898731894991854,0.23797463789983708,0.1269198068799131,0.23797463789983708,0.21153301146652184,0.23797463789983708,0.11898731894991854,0.23797463789983708,0.2961462160531305,0.23797463789983708,0.21153301146652184,0.23797463789983708,0.47594927579967417,0.23797463789983708,0.1269198068799131,0.23797463789983708,0.1692264091732175,0.23797463789983708,0.338452818346435,0.23797463789983708,0.1269198068799131,0.23797463789983708,0.3807594206397393,0.23797463789983708,0.21153301146652184
david_button,GK,Ipswich Town,,8.567086964394141,0.23797463789983725,9.01130628847383,0.25031406356871755,36,0.23797463789983708,0.11898731894991854,0.23797463789983708,0.2961462160531305,0.23797463789983708,0.21153301146652184,0.23797463789983708,0.338452818346435,0.23797463789983708,0.1269198068799131,0.23797463789983708,0.3807594206397393,0.23797463789983708,0.1269198068799131,0.23797463789983708,0.2538396137598262,0.23797463789983708,0.47594927579967417,0.23797463789983708,0.47594927579967417,0.23797463789983708,0.47594927579967417,0.23797463789983708,0.1692264091732175,0.23797463789983708,0.1269198068799131,0.23797463789983708,0.1269198068799131,0.23797463789983708,0.21153301146652184,0.23797463789983708,0.11898731894991854,0.23797463789983708,0.1269198068799131,0.23797463789983708,0.47594927579967417,0.23797463789983708,0.2538396137598262,0.23797463789983708,0.1269198068799131,0.23797463789983708,0.47594927579967417,0.23797463789983708,0.47594927579967417,0.23797463789983708,0.1269198068799131,0.23797463789983708,0.11898731894991854,0.23797463789983708,0.1269198068799131,0.23797463789983708,0.21153301146652184,0.23797463789983708,0.11898731894991854,0.23797463789983708,0.2961462160531305,0.23797463789983708,0.21153301146652184,0.23797463789983708,0.47594927579967417,0.23797463789983708,0.1269198068799131,0.23797463789983708,0.1692264091732175,0.23797463789983708,0.338452818346435,0.23797463789983708,0.1269198068799131,0.23797463789983708,0.3807594206397393,0.23797463789983708,0.21153301146652184
norman_bassette,FWD,Coventry City,,13.563277117536837,0.3767576977093566,8.977743893103282,0.2493817748084245,36,0.37675769770935674,0.18837884885467837,0.37675769770935674,0.3771356871548101,0.37675769770935674,0.18856784357740505,0.37675769770935674,0.18837884885467837,0.37675769770935674,0.2474688104476506,0.37675769770935674,0.44234579036447447,0.37675769770935674,0.25142379143654003,0.37675769770935674,0.18837884885467837,0.37675769770935674,0.4630623574491332,0.37675769770935674,0.18837884885467837,0.37675769770935674,0.2521300380416988,0.37675769770935674,0.23047180881682833,0.37675769770935674,0.18837884885467837,0.37675769770935674,0.18837884885467837,0.37675769770935674,0.26181570576959123,0.37675769770935674,0.26741932265608304,0.37675769770935674,0.18837884885467837,0.37675769770935674,0.2521300380416988,0.37675769770935674,0.18837884885467837,0.37675769770935674,0.25142379143654003,0.37675769770935674,0.18837884885467837,0.37675769770935674,0.4630623574491332,0.37675769770935674,0.18837884885467837,0.37675769770935674,0.26741932265608304,0.37675769770935674,0.18837884885467837,0.37675769770935674,0.26181570576959123,0.37675769770935674,0.18837884885467837,0.37675769770935674,0.3771356871548101,0.37675769770935674,0.18837884885467837,0.37675769770935674,0.18837884885467837,0.37675769770935674,0.18837884885467837,0.37675769770935674,0.23047180881682833,0.37675769770935674,0.18837884885467837,0.37675769770935674,0.2474688104476506,0.37675769770935674,0.44234579036447447,0.37675769770935674,0.18856784357740505
pape_matar_sarr,MID,Spurs,,15.829816598428893,0.4397171277341359,8.962344483698423,0.24895401343606732,36,0.4397171277341356,0.24371116453069855,0.4397171277341356,0.2198585638670678,0.4397171277341356,0.2875216398197692,0.4397171277341356,0.2198585638670678,0.4397171277341356,0.25193714016443686,0.4397171277341356,0.2749353204380771,0.4397171277341356,0.324963094309581,0.4397171277341356,0.2198585638670678,0.4397171277341356,0.31723073486821896,0.4397171277341356,0.2198585638670678,0.4397171277341356,0.29677951992563617,0.4397171277341356,0.2198585638670678,0.4397171277341356,0.2198585638670678,0.4397171277341356,0.2855079891221152,0.4397171277341356,0.2198585638670678,0.4397171277341356,0.2198585638670678,0.4397171277341356,0.2198585638670678,0.4397171277341356,0.29677951992563617,0.4397171277341356,0.2198585638670678,0.4397171277341356,0.324963094309581,0.4397171277341356,0.2198585638670678,0.4397171277341356,0.31723073486821896,0.4397171277341356,0.2198585638670678,0.4397171277341356,0.2198585638670678,0.4397171277341356,0.2855079891221152,0.4397171277341356,0.2198585638670678,0.4397171277341356,0.24371116453069855,0.4397171277341356,0.2198585638670678,0.4397171277341356,0.2198585638670678,0.4397171277341356,0.2198585638670678,0.4397171277341356,0.2198585638670678,0.4397171277341356,0.2198585638670678,0.4397171277341356,0.2749353204380771,0.4397171277341356,0.25193714016443686,0.4397171277341356,0.2198585638670678,0.4397171277341356,0.2875216398197692
giovanni_leoni,DEF,Liverpool,,11.219915243863523,0.31166431232954234,8.924504636253996,0.247902906562611,36,0.3116643123295426,0.1558321561647713,0.3116643123295426,0.26713900971322,0.3116643123295426,0.33674556107685477,0.3116643123295426,0.1558321561647713,0.3116643123295426,0.1558321561647713,0.3116643123295426,0.1558321561647713,0.3116643123295426,0.1558321561647713,0.3116643123295426,0.26902383634030363,0.3116643123295426,0.37592299546801,0.3116643123295426,0.1558321561647713,0.3116643123295426,0.16757700319414778,0.3116643123295426,0.1558321561647713,0.3116643123295426,0.18655409211343235,0.3116643123295426,0.5194158848605324,0.3116643123295426,0.1558321561647713,0.3116643123295426,0.4974502953402542,0.3116643123295426,0.3783425801587369,0.3116643123295426,0.16757700319414778,0.3116643123295426,0.26902383634030363,0.3116643123295426,0.37592299546801,0.3116643123295426,0.1558321561647713,0.3116643123295426,0.1558321561647713,0.3116643123295426,0.3783425801587369,0.3116643123295426,0.1558321561647713,0.3116643123295426,0.5194158848605324,0.3116643123295426,0.4974502953402542,0.3116643123295426,0.1558321561647713,0.3116643123295426,0.26713900971322,0.3116643123295426,0.1558321561647713,0.3116643123295426,0.2790154649218978,0.3116643123295426,0.18655409211343235,0.3116643123295426,0.1558321561647713,0.3116643123295426,0.1558321561647713,0.3116643123295426,0.1558321561647713,0.3116643123295426,0.1558321561647713,0.3116643123295426,0.33674556107685477
george_shepherd,MID,Coventry City,,14.095782331980715,0.3915495092216865,8.715629124237099,0.24210080900658607,36,0.3915495092216865,0.19577475461084326,0.3915495092216865,0.209852464828301,0.3915495092216865,0.24986401079725243,0.3915495092216865,0.21371943489831133,0.3915495092216865,0.2861284345541727,0.3915495092216865,0.3042721547611408,0.3915495092216865,0.19577475461084326,0.3915495092216865,0.19577475461084326,0.3915495092216865,0.33316726487124043,0.3915495092216865,0.19577475461084326,0.3915495092216865,0.32523969065991887,0.3915495092216865,0.19577475461084326,0.3915495092216865,0.29478054587573566,0.3915495092216865,0.19577475461084326,0.3915495092216865,0.2818764663767899,0.3915495092216865,0.19577475461084326,0.3915495092216865,0.2927160576089409,0.3915495092216865,0.32523969065991887,0.3915495092216865,0.19577475461084326,0.3915495092216865,0.19577475461084326,0.3915495092216865,0.19577475461084326,0.3915495092216865,0.33316726487124043,0.3915495092216865,0.2927160576089409,0.3915495092216865,0.19577475461084326,0.3915495092216865,0.19577475461084326,0.3915495092216865,0.2818764663767899,0.3915495092216865,0.19577475461084326,0.3915495092216865,0.209852464828301,0.3915495092216865,0.19577475461084326,0.3915495092216865,0.19577475461084326,0.3915495092216865,0.29478054587573566,0.3915495092216865,0.19577475461084326,0.3915495092216865,0.21371943489831133,0.3915495092216865,0.2861284345541727,0.3915495092216865,0.3042721547611408,0.3915495092216865,0.24986401079725243
raphael_borges_rodrigues,MID,Coventry City,,14.095782331980715,0.3915495092216865,8.715629124237099,0.24210080900658607,36,0.3915495092216865,0.19577475461084326,0.3915495092216865,0.209852464828301,0.3915495092216865,0.24986401079725243,0.3915495092216865,0.21371943489831133,0.3915495092216865,0.2861284345541727,0.3915495092216865,0.3042721547611408,0.3915495092216865,0.19577475461084326,0.3915495092216865,0.19577475461084326,0.3915495092216865,0.33316726487124043,0.3915495092216865,0.19577475461084326,0.3915495092216865,0.32523969065991887,0.3915495092216865,0.19577475461084326,0.3915495092216865,0.29478054587573566,0.3915495092216865,0.19577475461084326,0.3915495092216865,0.2818764663767899,0.3915495092216865,0.19577475461084326,0.3915495092216865,0.2927160576089409,0.3915495092216865,0.32523969065991887,0.3915495092216865,0.19577475461084326,0.3915495092216865,0.19577475461084326,0.3915495092216865,0.19577475461084326,0.3915495092216865,0.33316726487124043,0.3915495092216865,0.2927160576089409,0.3915495092216865,0.19577475461084326,0.3915495092216865,0.19577475461084326,0.3915495092216865,0.2818764663767899,0.3915495092216865,0.19577475461084326,0.3915495092216865,0.209852464828301,0.3915495092216865,0.19577475461084326,0.3915495092216865,0.19577475461084326,0.3915495092216865,0.29478054587573566,0.3915495092216865,0.19577475461084326,0.3915495092216865,0.21371943489831133,0.3915495092216865,0.2861284345541727,0.3915495092216865,0.3042721547611408,0.3915495092216865,0.24986401079725243
amadou_onana,MID,Aston Villa,,16.26612130119911,0.4518367028110864,8.542302190344024,0.23728617195400067,36,0.4518367028110868,0.2259183514055434,0.4518367028110868,0.2259183514055434,0.4518367028110868,0.24481616159808128,0.4518367028110868,0.2259183514055434,0.4518367028110868,0.2259183514055434,0.4518367028110868,0.2259183514055434,0.4518367028110868,0.26034022492684666,0.4518367028110868,0.2259183514055434,0.4518367028110868,0.2259183514055434,0.4518367028110868,0.2782803910795293,0.4518367028110868,0.2259183514055434,0.4518367028110868,0.28506335304632474,0.4518367028110868,0.2259183514055434,0.4518367028110868,0.24117810818320146,0.4518367028110868,0.2259183514055434,0.4518367028110868,0.25045263947151003,0.4518367028110868,0.2259183514055434,0.4518367028110868,0.2259183514055434,0.4518367028110868,0.2259183514055434,0.4518367028110868,0.26034022492684666,0.4518367028110868,0.2782803910795293,0.4518367028110868,0.2259183514055434,0.4518367028110868,0.2259183514055434,0.4518367028110868,0.2259183514055434,0.4518367028110868,0.24117810818320146,0.4518367028110868,0.25045263947151003,0.4518367028110868,0.2259183514055434,0.4518367028110868,0.2259183514055434,0.4518367028110868,0.2259183514055434,0.4518367028110868,0.2259183514055434,0.4518367028110868,0.2259183514055434,0.4518367028110868,0.28506335304632474,0.4518367028110868,0.2259183514055434,0.4518367028110868,0.2259183514055434,0.4518367028110868,0.2259183514055434,0.4518367028110868,0.24481616159808128
samuel_iling_junior,MID,Aston Villa,,16.26612130119911,0.4518367028110864,8.542302190344024,0.23728617195400067,36,0.4518367028110868,0.2259183514055434,0.4518367028110868,0.2259183514055434,0.4518367028110868,0.24481616159808128,0.4518367028110868,0.2259183514055434,0.4518367028110868,0.2259183514055434,0.4518367028110868,0.2259183514055434,0.4518367028110868,0.26034022492684666,0.4518367028110868,0.2259183514055434,0.4518367028110868,0.2259183514055434,0.4518367028110868,0.2782803910795293,0.4518367028110868,0.2259183514055434,0.4518367028110868,0.28506335304632474,0.4518367028110868,0.2259183514055434,0.4518367028110868,0.24117810818320146,0.4518367028110868,0.2259183514055434,0.4518367028110868,0.25045263947151003,0.4518367028110868,0.2259183514055434,0.4518367028110868,0.2259183514055434,0.4518367028110868,0.2259183514055434,0.4518367028110868,0.26034022492684666,0.4518367028110868,0.2782803910795293,0.4518367028110868,0.2259183514055434,0.4518367028110868,0.2259183514055434,0.4518367028110868,0.2259183514055434,0.4518367028110868,0.24117810818320146,0.4518367028110868,0.25045263947151003,0.4518367028110868,0.2259183514055434,0.4518367028110868,0.2259183514055434,0.4518367028110868,0.2259183514055434,0.4518367028110868,0.2259183514055434,0.4518367028110868,0.2259183514055434,0.4518367028110868,0.28506335304632474,0.4518367028110868,0.2259183514055434,0.4518367028110868,0.2259183514055434,0.4518367028110868,0.2259183514055434,0.4518367028110868,0.24481616159808128
kaye_furo,FWD,Brentford,,14.814637218213928,0.41151770050594244,8.431161319390757,0.23419892553863214,36,0.41151770050594205,0.21411002738339915,0.41151770050594205,0.20575885025297103,0.41151770050594205,0.22295967939804204,0.41151770050594205,0.20575885025297103,0.41151770050594205,0.20575885025297103,0.41151770050594205,0.20575885025297103,0.41151770050594205,0.20575885025297103,0.41151770050594205,0.32116504107509874,0.41151770050594205,0.20575885025297103,0.41151770050594205,0.20575885025297103,0.41151770050594205,0.20575885025297103,0.41151770050594205,0.20575885025297103,0.41151770050594205,0.37669732345824625,0.41151770050594205,0.20575885025297103,0.41151770050594205,0.21471146004458846,0.41151770050594205,0.20575885025297103,0.41151770050594205,0.39433934818646643,0.41151770050594205,0.20575885025297103,0.41151770050594205,0.32116504107509874,0.41151770050594205,0.20575885025297103,0.41151770050594205,0.20575885025297103,0.41151770050594205,0.20575885025297103,0.41151770050594205,0.39433934818646643,0.41151770050594205,0.20575885025297103,0.41151770050594205,0.20575885025297103,0.41151770050594205,0.21471146004458846,0.41151770050594205,0.21411002738339915,0.41151770050594205,0.20575885025297103,0.41151770050594205,0.21074200448073893,0.41151770050594205,0.20575885025297103,0.41151770050594205,0.37669732345824625,0.41151770050594205,0.20575885025297103,0.41151770050594205,0.20575885025297103,0.41151770050594205,0.20575885025297103,0.41151770050594205,0.20575885025297103,0.41151770050594205,0.22295967939804204
callum_olusesi,MID,Spurs,,14.095782331980715,0.3915495092216865,7.980588798418518,0.22168302217829217,36,0.3915495092216865,0.21701448691700073,0.3915495092216865,0.19577475461084326,0.3915495092216865,0.2560258626771375,0.3915495092216865,0.19577475461084326,0.3915495092216865,0.22433937039119464,0.3915495092216865,0.2448182774684289,0.3915495092216865,0.2893658947235941,0.3915495092216865,0.19577475461084326,0.3915495092216865,0.2824805555966144,0.3915495092216865,0.19577475461084326,0.3915495092216865,0.26426961345065103,0.3915495092216865,0.19577475461084326,0.3915495092216865,0.19577475461084326,0.3915495092216865,0.2542327918762043,0.3915495092216865,0.19577475461084326,0.3915495092216865,0.19577475461084326,0.3915495092216865,0.19577475461084326,0.3915495092216865,0.26426961345065103,0.3915495092216865,0.19577475461084326,0.3915495092216865,0.2893658947235941,0.3915495092216865,0.19577475461084326,0.3915495092216865,0.2824805555966144,0.3915495092216865,0.19577475461084326,0.3915495092216865,0.19577475461084326,0.3915495092216865,0.2542327918762043,0.3915495092216865,0.19577475461084326,0.3915495092216865,0.21701448691700073,0.3915495092216865,0.19577475461084326,0.3915495092216865,0.19577475461084326,0.3915495092216865,0.19577475461084326,0.3915495092216865,0.19577475461084326,0.3915495092216865,0.19577475461084326,0.3915495092216865,0.2448182774684289,0.3915495092216865,0.22433937039119464,0.3915495092216865,0.19577475461084326,0.3915495092216865,0.2560258626771375
luca_williams_barnett,MID,Spurs,,14.095782331980715,0.3915495092216865,7.980588798418518,0.22168302217829217,36,0.3915495092216865,0.21701448691700073,0.3915495092216865,0.19577475461084326,0.3915495092216865,0.2560258626771375,0.3915495092216865,0.19577475461084326,0.3915495092216865,0.22433937039119464,0.3915495092216865,0.2448182774684289,0.3915495092216865,0.2893658947235941,0.3915495092216865,0.19577475461084326,0.3915495092216865,0.2824805555966144,0.3915495092216865,0.19577475461084326,0.3915495092216865,0.26426961345065103,0.3915495092216865,0.19577475461084326,0.3915495092216865,0.19577475461084326,0.3915495092216865,0.2542327918762043,0.3915495092216865,0.19577475461084326,0.3915495092216865,0.19577475461084326,0.3915495092216865,0.19577475461084326,0.3915495092216865,0.26426961345065103,0.3915495092216865,0.19577475461084326,0.3915495092216865,0.2893658947235941,0.3915495092216865,0.19577475461084326,0.3915495092216865,0.2824805555966144,0.3915495092216865,0.19577475461084326,0.3915495092216865,0.19577475461084326,0.3915495092216865,0.2542327918762043,0.3915495092216865,0.19577475461084326,0.3915495092216865,0.21701448691700073,0.3915495092216865,0.19577475461084326,0.3915495092216865,0.19577475461084326,0.3915495092216865,0.19577475461084326,0.3915495092216865,0.19577475461084326,0.3915495092216865,0.19577475461084326,0.3915495092216865,0.2448182774684289,0.3915495092216865,0.22433937039119464,0.3915495092216865,0.19577475461084326,0.3915495092216865,0.2560258626771375
kai_andrews,MID,Coventry City,,12.630248778113783,0.350840243836494,7.809468215690036,0.21692967265805657,36,0.35084024383649415,0.17542012191824707,0.35084024383649415,0.18803417753325746,0.35084024383649415,0.22388573707658513,0.35084024383649415,0.19149910007898518,0.35084024383649415,0.256379761392331,0.35084024383649415,0.27263708536182624,0.35084024383649415,0.17542012191824707,0.35084024383649415,0.17542012191824707,0.35084024383649415,0.29852798099048106,0.35084024383649415,0.17542012191824707,0.35084024383649415,0.29142463389432305,0.35084024383649415,0.17542012191824707,0.35084024383649415,0.2641323157290522,0.35084024383649415,0.17542012191824707,0.35084024383649415,0.25256986885765953,0.35084024383649415,0.17542012191824707,0.35084024383649415,0.2622824715845413,0.35084024383649415,0.29142463389432305,0.35084024383649415,0.17542012191824707,0.35084024383649415,0.17542012191824707,0.35084024383649415,0.17542012191824707,0.35084024383649415,0.29852798099048106,0.35084024383649415,0.2622824715845413,0.35084024383649415,0.17542012191824707,0.35084024383649415,0.17542012191824707,0.35084024383649415,0.25256986885765953,0.35084024383649415,0.17542012191824707,0.35084024383649415,0.18803417753325746,0.35084024383649415,0.17542012191824707,0.35084024383649415,0.17542012191824707,0.35084024383649415,0.2641323157290522,0.35084024383649415,0.17542012191824707,0.35084024383649415,0.19149910007898518,0.35084024383649415,0.256379761392331,0.35084024383649415,0.27263708536182624,0.35084024383649415,0.22388573707658513
dan_bentley,GK,Coventry City,,9.076887866899286,0.2521357740805357,7.614500377232182,0.2115138993675606,36,0.2521357740805359,0.12606788704026795,0.2521357740805359,0.12606788704026795,0.2521357740805359,0.30256292889664305,0.2521357740805359,0.12606788704026795,0.2521357740805359,0.4706534449503336,0.2521357740805359,0.26894482568590494,0.2521357740805359,0.16809051605369058,0.2521357740805359,0.16809051605369058,0.2521357740805359,0.2353267224751668,0.2521357740805359,0.13447241284295247,0.2521357740805359,0.12606788704026795,0.2521357740805359,0.4034172385288574,0.2521357740805359,0.4034172385288574,0.2521357740805359,0.2017086192644287,0.2521357740805359,0.12606788704026795,0.2521357740805359,0.16809051605369058,0.2521357740805359,0.12606788704026795,0.2521357740805359,0.12606788704026795,0.2521357740805359,0.16809051605369058,0.2521357740805359,0.16809051605369058,0.2521357740805359,0.13447241284295247,0.2521357740805359,0.2353267224751668,0.2521357740805359,0.12606788704026795,0.2521357740805359,0.16809051605369058,0.2521357740805359,0.2017086192644287,0.2521357740805359,0.12606788704026795,0.2521357740805359,0.12606788704026795,0.2521357740805359,0.12606788704026795,0.2521357740805359,0.12606788704026795,0.2521357740805359,0.12606788704026795,0.2521357740805359,0.4034172385288574,0.2521357740805359,0.4034172385288574,0.2521357740805359,0.12606788704026795,0.2521357740805359,0.4706534449503336,0.2521357740805359,0.26894482568590494,0.2521357740805359,0.30256292889664305
remi_matthews,GK,Crystal Palace,,8.500557820355645,0.23612660612099015,7.595405830225178,0.2109834952840327,36,0.2361266061209899,0.25186837986238925,0.2361266061209899,0.11806330306049495,0.2361266061209899,0.12593418993119462,0.2361266061209899,0.2833519273451879,0.2361266061209899,0.11806330306049495,0.2361266061209899,0.11806330306049495,0.2361266061209899,0.4407696647591811,0.2361266061209899,0.11806330306049495,0.2361266061209899,0.4722532122419798,0.2361266061209899,0.11806330306049495,0.2361266061209899,0.11806330306049495,0.2361266061209899,0.3778025697935838,0.2361266061209899,0.3778025697935838,0.2361266061209899,0.15741773741399326,0.2361266061209899,0.11806330306049495,0.2361266061209899,0.1889012848967919,0.2361266061209899,0.15741773741399326,0.2361266061209899,0.11806330306049495,0.2361266061209899,0.11806330306049495,0.2361266061209899,0.4407696647591811,0.2361266061209899,0.11806330306049495,0.2361266061209899,0.4722532122419798,0.2361266061209899,0.15741773741399326,0.2361266061209899,0.1889012848967919,0.2361266061209899,0.15741773741399326,0.2361266061209899,0.11806330306049495,0.2361266061209899,0.25186837986238925,0.2361266061209899,0.11806330306049495,0.2361266061209899,0.15741773741399326,0.2361266061209899,0.11806330306049495,0.2361266061209899,0.3778025697935838,0.2361266061209899,0.3778025697935838,0.2361266061209899,0.2833519273451879,0.2361266061209899,0.11806330306049495,0.2361266061209899,0.11806330306049495,0.2361266061209899,0.12593418993119462
triston_rowe,DEF,Aston Villa,,13.031503726261015,0.3619862146183615,7.429687507113142,0.20638020853092062,36,0.3619862146183612,0.1809931073091806,0.3619862146183612,0.19830110642458382,0.3619862146183612,0.3691578339257282,0.3619862146183612,0.1809931073091806,0.3619862146183612,0.1809931073091806,0.3619862146183612,0.1809931073091806,0.3619862146183612,0.18986030473302865,0.3619862146183612,0.2671749609026767,0.3619862146183612,0.1809931073091806,0.3619862146183612,0.1809931073091806,0.3619862146183612,0.1809931073091806,0.3619862146183612,0.19119988354696218,0.3619862146183612,0.2688946015017862,0.3619862146183612,0.1809931073091806,0.3619862146183612,0.1809931073091806,0.3619862146183612,0.1809931073091806,0.3619862146183612,0.23933088212081663,0.3619862146183612,0.1809931073091806,0.3619862146183612,0.2671749609026767,0.3619862146183612,0.18986030473302865,0.3619862146183612,0.1809931073091806,0.3619862146183612,0.1809931073091806,0.3619862146183612,0.23933088212081663,0.3619862146183612,0.1809931073091806,0.3619862146183612,0.1809931073091806,0.3619862146183612,0.1809931073091806,0.3619862146183612,0.1809931073091806,0.3619862146183612,0.19830110642458382,0.3619862146183612,0.1809931073091806,0.3619862146183612,0.1809931073091806,0.3619862146183612,0.2688946015017862,0.3619862146183612,0.19119988354696218,0.3619862146183612,0.1809931073091806,0.3619862146183612,0.1809931073091806,0.3619862146183612,0.1809931073091806,0.3619862146183612,0.3691578339257282
andres_garcia,DEF,Aston Villa,,13.031503726261015,0.3619862146183615,7.429687507113142,0.20638020853092062,36,0.3619862146183612,0.1809931073091806,0.3619862146183612,0.19830110642458382,0.3619862146183612,0.3691578339257282,0.3619862146183612,0.1809931073091806,0.3619862146183612,0.1809931073091806,0.3619862146183612,0.1809931073091806,0.3619862146183612,0.18986030473302865,0.3619862146183612,0.2671749609026767,0.3619862146183612,0.1809931073091806,0.3619862146183612,0.1809931073091806,0.3619862146183612,0.1809931073091806,0.3619862146183612,0.19119988354696218,0.3619862146183612,0.2688946015017862,0.3619862146183612,0.1809931073091806,0.3619862146183612,0.1809931073091806,0.3619862146183612,0.1809931073091806,0.3619862146183612,0.23933088212081663,0.3619862146183612,0.1809931073091806,0.3619862146183612,0.2671749609026767,0.3619862146183612,0.18986030473302865,0.3619862146183612,0.1809931073091806,0.3619862146183612,0.1809931073091806,0.3619862146183612,0.23933088212081663,0.3619862146183612,0.1809931073091806,0.3619862146183612,0.1809931073091806,0.3619862146183612,0.1809931073091806,0.3619862146183612,0.1809931073091806,0.3619862146183612,0.19830110642458382,0.3619862146183612,0.1809931073091806,0.3619862146183612,0.1809931073091806,0.3619862146183612,0.2688946015017862,0.3619862146183612,0.19119988354696218,0.3619862146183612,0.1809931073091806,0.3619862146183612,0.1809931073091806,0.3619862146183612,0.1809931073091806,0.3619862146183612,0.3691578339257282
luka_lynch,MID,Aston Villa,,14.095782331980715,0.3915495092216865,7.402528854879187,0.20562580152442186,36,0.3915495092216865,0.19577475461084326,0.3915495092216865,0.19577475461084326,0.3915495092216865,0.21215108760950738,0.3915495092216865,0.19577475461084326,0.3915495092216865,0.19577475461084326,0.3915495092216865,0.19577475461084326,0.3915495092216865,0.2256038225017542,0.3915495092216865,0.19577475461084326,0.3915495092216865,0.19577475461084326,0.3915495092216865,0.24115028698490915,0.3915495092216865,0.19577475461084326,0.3915495092216865,0.24702821901797498,0.3915495092216865,0.19577475461084326,0.3915495092216865,0.20899844856921665,0.3915495092216865,0.19577475461084326,0.3915495092216865,0.21703550742611233,0.3915495092216865,0.19577475461084326,0.3915495092216865,0.19577475461084326,0.3915495092216865,0.19577475461084326,0.3915495092216865,0.2256038225017542,0.3915495092216865,0.24115028698490915,0.3915495092216865,0.19577475461084326,0.3915495092216865,0.19577475461084326,0.3915495092216865,0.19577475461084326,0.3915495092216865,0.20899844856921665,0.3915495092216865,0.21703550742611233,0.3915495092216865,0.19577475461084326,0.3915495092216865,0.19577475461084326,0.3915495092216865,0.19577475461084326,0.3915495092216865,0.19577475461084326,0.3915495092216865,0.19577475461084326,0.3915495092216865,0.24702821901797498,0.3915495092216865,0.19577475461084326,0.3915495092216865,0.19577475461084326,0.3915495092216865,0.19577475461084326,0.3915495092216865,0.21215108760950738
bradley_burrowes,MID,Aston Villa,,14.095782331980715,0.3915495092216865,7.402528854879187,0.20562580152442186,36,0.3915495092216865,0.19577475461084326,0.3915495092216865,0.19577475461084326,0.3915495092216865,0.21215108760950738,0.3915495092216865,0.19577475461084326,0.3915495092216865,0.19577475461084326,0.3915495092216865,0.19577475461084326,0.3915495092216865,0.2256038225017542,0.3915495092216865,0.19577475461084326,0.3915495092216865,0.19577475461084326,0.3915495092216865,0.24115028698490915,0.3915495092216865,0.19577475461084326,0.3915495092216865,0.24702821901797498,0.3915495092216865,0.19577475461084326,0.3915495092216865,0.20899844856921665,0.3915495092216865,0.19577475461084326,0.3915495092216865,0.21703550742611233,0.3915495092216865,0.19577475461084326,0.3915495092216865,0.19577475461084326,0.3915495092216865,0.19577475461084326,0.3915495092216865,0.2256038225017542,0.3915495092216865,0.24115028698490915,0.3915495092216865,0.19577475461084326,0.3915495092216865,0.19577475461084326,0.3915495092216865,0.19577475461084326,0.3915495092216865,0.20899844856921665,0.3915495092216865,0.21703550742611233,0.3915495092216865,0.19577475461084326,0.3915495092216865,0.19577475461084326,0.3915495092216865,0.19577475461084326,0.3915495092216865,0.19577475461084326,0.3915495092216865,0.19577475461084326,0.3915495092216865,0.24702821901797498,0.3915495092216865,0.19577475461084326,0.3915495092216865,0.19577475461084326,0.3915495092216865,0.19577475461084326,0.3915495092216865,0.21215108760950738
martin_dubravka,GK,Spurs,,8.472045330053431,0.2353345925014842,7.130638152794967,0.1980732820220824,36,0.23533459250148403,0.28240151100178085,0.23533459250148403,0.1568897283343227,0.23533459250148403,0.3765353480023744,0.23533459250148403,0.3765353480023744,0.23533459250148403,0.47066918500296806,0.23533459250148403,0.11766729625074202,0.23533459250148403,0.21964561966805174,0.23533459250148403,0.12551178266745816,0.23533459250148403,0.11766729625074202,0.23533459250148403,0.1568897283343227,0.23533459250148403,0.2510235653349163,0.23533459250148403,0.11766729625074202,0.23533459250148403,0.11766729625074202,0.23533459250148403,0.11766729625074202,0.23533459250148403,0.1882676740011872,0.23533459250148403,0.11766729625074202,0.23533459250148403,0.11766729625074202,0.23533459250148403,0.2510235653349163,0.23533459250148403,0.12551178266745816,0.23533459250148403,0.21964561966805174,0.23533459250148403,0.1568897283343227,0.23533459250148403,0.11766729625074202,0.23533459250148403,0.11766729625074202,0.23533459250148403,0.11766729625074202,0.23533459250148403,0.11766729625074202,0.23533459250148403,0.1882676740011872,0.23533459250148403,0.28240151100178085,0.23533459250148403,0.1568897283343227,0.23533459250148403,0.1568897283343227,0.23533459250148403,0.11766729625074202,0.23533459250148403,0.11766729625074202,0.23533459250148403,0.11766729625074202,0.23533459250148403,0.11766729625074202,0.23533459250148403,0.47066918500296806,0.23533459250148403,0.3765353480023744,0.23533459250148403,0.3765353480023744
brandon_austin,GK,Spurs,,8.472045330053431,0.2353345925014842,7.130638152794967,0.1980732820220824,36,0.23533459250148403,0.28240151100178085,0.23533459250148403,0.1568897283343227,0.23533459250148403,0.3765353480023744,0.23533459250148403,0.3765353480023744,0.23533459250148403,0.47066918500296806,0.23533459250148403,0.11766729625074202,0.23533459250148403,0.21964561966805174,0.23533459250148403,0.12551178266745816,0.23533459250148403,0.11766729625074202,0.23533459250148403,0.1568897283343227,0.23533459250148403,0.2510235653349163,0.23533459250148403,0.11766729625074202,0.23533459250148403,0.11766729625074202,0.23533459250148403,0.11766729625074202,0.23533459250148403,0.1882676740011872,0.23533459250148403,0.11766729625074202,0.23533459250148403,0.11766729625074202,0.23533459250148403,0.2510235653349163,0.23533459250148403,0.12551178266745816,0.23533459250148403,0.21964561966805174,0.23533459250148403,0.1568897283343227,0.23533459250148403,0.11766729625074202,0.23533459250148403,0.11766729625074202,0.23533459250148403,0.11766729625074202,0.23533459250148403,0.11766729625074202,0.23533459250148403,0.1882676740011872,0.23533459250148403,0.28240151100178085,0.23533459250148403,0.1568897283343227,0.23533459250148403,0.1568897283343227,0.23533459250148403,0.11766729625074202,0.23533459250148403,0.11766729625074202,0.23533459250148403,0.11766729625074202,0.23533459250148403,0.11766729625074202,0.23533459250148403,0.47066918500296806,0.23533459250148403,0.3765353480023744,0.23533459250148403,0.3765353480023744
oliver_dovin,GK,Coventry City,,8.472045330053431,0.2353345925014842,7.1071046935448186,0.1974195748206894,36,0.23533459250148403,0.11766729625074202,0.23533459250148403,0.11766729625074202,0.23533459250148403,0.28240151100178085,0.23533459250148403,0.11766729625074202,0.23533459250148403,0.4392912393361035,0.23533459250148403,0.2510235653349163,0.23533459250148403,0.1568897283343227,0.23533459250148403,0.1568897283343227,0.23533459250148403,0.21964561966805174,0.23533459250148403,0.12551178266745816,0.23533459250148403,0.11766729625074202,0.23533459250148403,0.3765353480023744,0.23533459250148403,0.3765353480023744,0.23533459250148403,0.1882676740011872,0.23533459250148403,0.11766729625074202,0.23533459250148403,0.1568897283343227,0.23533459250148403,0.11766729625074202,0.23533459250148403,0.11766729625074202,0.23533459250148403,0.1568897283343227,0.23533459250148403,0.1568897283343227,0.23533459250148403,0.12551178266745816,0.23533459250148403,0.21964561966805174,0.23533459250148403,0.11766729625074202,0.23533459250148403,0.1568897283343227,0.23533459250148403,0.1882676740011872,0.23533459250148403,0.11766729625074202,0.23533459250148403,0.11766729625074202,0.23533459250148403,0.11766729625074202,0.23533459250148403,0.11766729625074202,0.23533459250148403,0.11766729625074202,0.23533459250148403,0.3765353480023744,0.23533459250148403,0.3765353480023744,0.23533459250148403,0.11766729625074202,0.23533459250148403,0.4392912393361035,0.23533459250148403,0.2510235653349163,0.23533459250148403,0.28240151100178085
tom_heaton,GK,Man Utd,,8.211379423667234,0.2280938728796454,7.0709100592690115,0.1964141683130281,36,0.22809387287964555,0.15206258191976368,0.22809387287964555,0.11404693643982278,0.22809387287964555,0.24330013107162193,0.22809387287964555,0.42577522937533835,0.22809387287964555,0.12165006553581097,0.22809387287964555,0.18247509830371642,0.22809387287964555,0.11404693643982278,0.22809387287964555,0.36495019660743283,0.22809387287964555,0.11404693643982278,0.22809387287964555,0.15206258191976368,0.22809387287964555,0.11404693643982278,0.22809387287964555,0.4561877457592911,0.22809387287964555,0.21288761468766917,0.22809387287964555,0.11404693643982278,0.22809387287964555,0.27371264745557466,0.22809387287964555,0.15206258191976368,0.22809387287964555,0.11404693643982278,0.22809387287964555,0.11404693643982278,0.22809387287964555,0.36495019660743283,0.22809387287964555,0.11404693643982278,0.22809387287964555,0.15206258191976368,0.22809387287964555,0.11404693643982278,0.22809387287964555,0.11404693643982278,0.22809387287964555,0.27371264745557466,0.22809387287964555,0.11404693643982278,0.22809387287964555,0.15206258191976368,0.22809387287964555,0.15206258191976368,0.22809387287964555,0.11404693643982278,0.22809387287964555,0.11404693643982278,0.22809387287964555,0.11404693643982278,0.22809387287964555,0.21288761468766917,0.22809387287964555,0.4561877457592911,0.22809387287964555,0.18247509830371642,0.22809387287964555,0.12165006553581097,0.22809387287964555,0.42577522937533835,0.22809387287964555,0.24330013107162193
kosta_nedeljkovic,DEF,Aston Villa,,11.219915243863523,0.31166431232954234,6.396841521075856,0.1776900422521071,36,0.3116643123295426,0.1558321561647713,0.3116643123295426,0.17073406519959358,0.3116643123295426,0.31783896127874717,0.3116643123295426,0.1558321561647713,0.3116643123295426,0.1558321561647713,0.3116643123295426,0.1558321561647713,0.3116643123295426,0.16346667061805653,0.3116643123295426,0.23003334684773785,0.3116643123295426,0.1558321561647713,0.3116643123295426,0.1558321561647713,0.3116643123295426,0.1558321561647713,0.3116643123295426,0.16462002644486884,0.3116643123295426,0.23151392976258858,0.3116643123295426,0.1558321561647713,0.3116643123295426,0.1558321561647713,0.3116643123295426,0.1558321561647713,0.3116643123295426,0.2060600425738523,0.3116643123295426,0.1558321561647713,0.3116643123295426,0.23003334684773785,0.3116643123295426,0.16346667061805653,0.3116643123295426,0.1558321561647713,0.3116643123295426,0.1558321561647713,0.3116643123295426,0.2060600425738523,0.3116643123295426,0.1558321561647713,0.3116643123295426,0.1558321561647713,0.3116643123295426,0.1558321561647713,0.3116643123295426,0.1558321561647713,0.3116643123295426,0.17073406519959358,0.3116643123295426,0.1558321561647713,0.3116643123295426,0.1558321561647713,0.3116643123295426,0.23151392976258858,0.3116643123295426,0.16462002644486884,0.3116643123295426,0.1558321561647713,0.3116643123295426,0.1558321561647713,0.3116643123295426,0.1558321561647713,0.3116643123295426,0.31783896127874717
freddie_woodman,GK,Liverpool,,8.567086964394141,0.23797463789983725,5.862108580265988,0.162836349451833,36,0.23797463789983708,0.11898731894991854,0.23797463789983708,0.1692264091732175,0.23797463789983708,0.1269198068799131,0.23797463789983708,0.11898731894991854,0.23797463789983708,0.11898731894991854,0.23797463789983708,0.11898731894991854,0.23797463789983708,0.11898731894991854,0.23797463789983708,0.14807310802656526,0.23797463789983708,0.2538396137598262,0.23797463789983708,0.11898731894991854,0.23797463789983708,0.11898731894991854,0.23797463789983708,0.11898731894991854,0.23797463789983708,0.11898731894991854,0.23797463789983708,0.2961462160531305,0.23797463789983708,0.11898731894991854,0.23797463789983708,0.2538396137598262,0.23797463789983708,0.338452818346435,0.23797463789983708,0.11898731894991854,0.23797463789983708,0.14807310802656526,0.23797463789983708,0.2538396137598262,0.23797463789983708,0.11898731894991854,0.23797463789983708,0.11898731894991854,0.23797463789983708,0.338452818346435,0.23797463789983708,0.11898731894991854,0.23797463789983708,0.2961462160531305,0.23797463789983708,0.2538396137598262,0.23797463789983708,0.11898731894991854,0.23797463789983708,0.1692264091732175,0.23797463789983708,0.11898731894991854,0.23797463789983708,0.19037971031986964,0.23797463789983708,0.11898731894991854,0.23797463789983708,0.11898731894991854,0.23797463789983708,0.11898731894991854,0.23797463789983708,0.11898731894991854,0.23797463789983708,0.11898731894991854,0.23797463789983708,0.1269198068799131
harvey_davies,GK,Liverpool,,8.567086964394141,0.23797463789983725,5.862108580265988,0.162836349451833,36,0.23797463789983708,0.11898731894991854,0.23797463789983708,0.1692264091732175,0.23797463789983708,0.1269198068799131,0.23797463789983708,0.11898731894991854,0.23797463789983708,0.11898731894991854,0.23797463789983708,0.11898731894991854,0.23797463789983708,0.11898731894991854,0.23797463789983708,0.14807310802656526,0.23797463789983708,0.2538396137598262,0.23797463789983708,0.11898731894991854,0.23797463789983708,0.11898731894991854,0.23797463789983708,0.11898731894991854,0.23797463789983708,0.11898731894991854,0.23797463789983708,0.2961462160531305,0.23797463789983708,0.11898731894991854,0.23797463789983708,0.2538396137598262,0.23797463789983708,0.338452818346435,0.23797463789983708,0.11898731894991854,0.23797463789983708,0.14807310802656526,0.23797463789983708,0.2538396137598262,0.23797463789983708,0.11898731894991854,0.23797463789983708,0.11898731894991854,0.23797463789983708,0.338452818346435,0.23797463789983708,0.11898731894991854,0.23797463789983708,0.2961462160531305,0.23797463789983708,0.2538396137598262,0.23797463789983708,0.11898731894991854,0.23797463789983708,0.1692264091732175,0.23797463789983708,0.11898731894991854,0.23797463789983708,0.19037971031986964,0.23797463789983708,0.11898731894991854,0.23797463789983708,0.11898731894991854,0.23797463789983708,0.11898731894991854,0.23797463789983708,0.11898731894991854,0.23797463789983708,0.11898731894991854,0.23797463789983708,0.1269198068799131
armin_pecsi,GK,Liverpool,,8.163858606496879,0.22677385018046886,5.586195842778888,0.15517210674385798,36,0.22677385018046903,0.11338692509023451,0.22677385018046903,0.161261404572778,0.22677385018046903,0.12094605342958348,0.22677385018046903,0.11338692509023451,0.22677385018046903,0.11338692509023451,0.22677385018046903,0.11338692509023451,0.22677385018046903,0.11338692509023451,0.22677385018046903,0.1411037290011807,0.22677385018046903,0.24189210685916696,0.22677385018046903,0.11338692509023451,0.22677385018046903,0.11338692509023451,0.22677385018046903,0.11338692509023451,0.22677385018046903,0.11338692509023451,0.22677385018046903,0.2822074580023614,0.22677385018046903,0.11338692509023451,0.22677385018046903,0.24189210685916696,0.22677385018046903,0.322522809145556,0.22677385018046903,0.11338692509023451,0.22677385018046903,0.1411037290011807,0.22677385018046903,0.24189210685916696,0.22677385018046903,0.11338692509023451,0.22677385018046903,0.11338692509023451,0.22677385018046903,0.322522809145556,0.22677385018046903,0.11338692509023451,0.22677385018046903,0.2822074580023614,0.22677385018046903,0.24189210685916696,0.22677385018046903,0.11338692509023451,0.22677385018046903,0.161261404572778,0.22677385018046903,0.11338692509023451,0.22677385018046903,0.18141908014437522,0.22677385018046903,0.11338692509023451,0.22677385018046903,0.11338692509023451,0.22677385018046903,0.11338692509023451,0.22677385018046903,0.11338692509023451,0.22677385018046903,0.11338692509023451,0.22677385018046903,0.12094605342958348
vitezslav_jaros,GK,Liverpool,,8.163858606496879,0.22677385018046886,5.586195842778888,0.15517210674385798,36,0.22677385018046903,0.11338692509023451,0.22677385018046903,0.161261404572778,0.22677385018046903,0.12094605342958348,0.22677385018046903,0.11338692509023451,0.22677385018046903,0.11338692509023451,0.22677385018046903,0.11338692509023451,0.22677385018046903,0.11338692509023451,0.22677385018046903,0.1411037290011807,0.22677385018046903,0.24189210685916696,0.22677385018046903,0.11338692509023451,0.22677385018046903,0.11338692509023451,0.22677385018046903,0.11338692509023451,0.22677385018046903,0.11338692509023451,0.22677385018046903,0.2822074580023614,0.22677385018046903,0.11338692509023451,0.22677385018046903,0.24189210685916696,0.22677385018046903,0.322522809145556,0.22677385018046903,0.11338692509023451,0.22677385018046903,0.1411037290011807,0.22677385018046903,0.24189210685916696,0.22677385018046903,0.11338692509023451,0.22677385018046903,0.11338692509023451,0.22677385018046903,0.322522809145556,0.22677385018046903,0.11338692509023451,0.22677385018046903,0.2822074580023614,0.22677385018046903,0.24189210685916696,0.22677385018046903,0.11338692509023451,0.22677385018046903,0.161261404572778,0.22677385018046903,0.11338692509023451,0.22677385018046903,0.18141908014437522,0.22677385018046903,0.11338692509023451,0.22677385018046903,0.11338692509023451,0.22677385018046903,0.11338692509023451,0.22677385018046903,0.11338692509023451,0.22677385018046903,0.11338692509023451,0.22677385018046903,0.12094605342958348
