full_name,gw,total_points,position,team,opponent_team,was_home,team_strength_attack,team_strength_defence,team_strength_overall,opponent_strength_attack,opponent_strength_defence,opponent_strength_overall,xP,assists,bonus,bps,clean_sheets,creativity,expected_assists,expected_goal_involvements,expected_goals,expected_goals_conceded,goals_conceded,goals_scored,ict_index,influence,minutes,own_goals,penalties_missed,penalties_saved,red_cards,saves,starts,threat,ewma_total_points,transfers_balance,transfers_in,transfers_out,value,yellow_cards,opponent_team_name,ewma_team_goals,ewma_team_points,team_name_nw_opponent,team_nw_opponent,ewma_team_goals_nw_opponent,ewma_team_points_nw_opponent,predicted_points,owner,fixture_diff_index,predicted_points_adj
aaron_anselmino,2,0,DEF,Chelsea,5,1,0,0,4,0,0,3,0.68,0.0,0.0,0.0,0.0,0.0,0.0,0.0,0.0,0.0,0.0,0.0,0.0,0.0,0.0,0.0,0.0,0.0,0.0,0.0,0.0,0.0,0.0,-194.4,73.2,267.59999999999997,45.0,0.0,Brighton,3.6,3.0,Liverpool,Liverpool,2.0,1.0,0.5185053601145546,,0.6753793248340254,0.3501878000369911
aaron_hickey,2,1,DEF,Brentford,13,0,0,0,3,0,0,2,1.28,0.0,0.0,4.3999999999999995,0.0,2.5799999999999996,0.012,0.012,0.0,0.04000000000000001,0.0,0.0,0.48,2.4,6.800000000000001,0.0,0.0,0.0,0.0,0.0,0.0,0.0,1.0,49.8,373.8,324.0,45.0,0.0,Leeds,1.8000000000000003,1.8000000000000003,Man City,Man City,3.2,3.0,1.2627014997841859,,0.9439801581273838,1.1919651614339604
aaron_wan_bissaka,2,1,DEF,Aston Villa,1,1,0,0,3,0,0,5,1.7,0.0,0.0,4.0,0.0,0.8,0.0,0.0,0.0,0.0,0.0,0.0,0.4,3.6,12.0,0.0,0.0,0.0,0.0,0.0,0.0,0.0,1.0,1383.0,1549.0,166.0,45.0,0.0,Arsenal,0.0,0.0,Crystal Palace,Crystal Palace,0.6,0.0,1.2511839625621712,,0.5281965882279315,0.6608711002708428
abdoul_ouattara,2,1,DEF,Ipswich Town,16,0,0,0,2,0,0,4,1.0,0.0,0.0,1.0,0.0,4.36,0.0,0.0,0.0,0.528,0.6,0.0,0.6600000000000001,2.44,14.2,0.0,0.0,0.0,0.0,0.0,0.0,0.0,1.0,-1858.1999999999998,1661.3999999999999,3519.6,40.0,0.0,Man Utd,2.0,1.2000000000000002,Leeds,Leeds,1.0,1.8000000000000003,1.1323622696533966,,0.9879544122637671,1.1187223005850868
abdukodir_khusanov,2,2,DEF,Man City,8,0,0,0,5,0,0,3,2.2,0.0,0.0,15.8,0.0,4.54,0.02,0.02,0.0,0.656,1.0,0.0,2.5999999999999996,19.4,88.8,0.0,0.0,0.0,0.0,0.0,1.0,2.4,2.0,-5070.599999999999,3651.6,8722.199999999999,55.0,0.0,Crystal Palace,3.2,3.0,Brentford,Brentford,1.8000000000000003,1.8000000000000003,3.3275436820820845,14972.0,1.3590020305402573,4.522138620660957
abdul_fatawu,2,4,MID,Ipswich Town,16,0,0,0,2,0,0,4,2.5999999999999996,0.6,0.0,23.8,0.0,36.739999999999995,0.29600000000000004,0.29600000000000004,0.0,3.0060000000000002,3.4,0.0,6.46,23.400000000000002,75.19999999999999,0.0,0.0,0.0,0.0,0.0,1.0,4.4,3.2,-1318.8,342.0,1660.8,55.0,0.6,Man Utd,2.0,1.2000000000000002,Leeds,Leeds,1.0,1.8000000000000003,2.557022367786062,,0.7635408209916696,1.9523909579934329
abdulkadir_omur,2,0,MID,Hull City,7,0,0,0,2,0,0,2,0.6000000000000001,0.0,0.0,0.0,0.0,0.0,0.0,0.0,0.0,0.0,0.0,0.0,0.0,0.0,0.0,0.0,0.0,0.0,0.0,0.0,0.0,0.0,0.0,-106.8,125.39999999999999,232.2,50.0,0.0,Coventry City,1.4,3.0,Bournemouth,Bournemouth,1.0,0.6,0.2843079349688795,,0.6202718698172655,0.1763482144270324
abu_kamara,2,0,MID,Hull City,7,0,0,0,2,0,0,2,0.0,0.0,0.0,0.0,0.0,0.0,0.0,0.0,0.0,0.0,0.0,0.0,0.0,0.0,0.0,0.0,0.0,0.0,0.0,0.0,0.0,0.0,0.0,-118.19999999999999,0.0,118.19999999999999,50.0,0.0,Coventry City,1.4,3.0,Bournemouth,Bournemouth,1.0,0.6,0.22763754208463371,,0.6202718698172655,0.1411971638694422
adam_aznou,2,0,DEF,Everton,3,0,0,0,3,0,0,3,0.4,0.0,0.0,0.0,0.0,0.0,0.0,0.0,0.0,0.0,0.0,0.0,0.0,0.0,0.0,0.0,0.0,0.0,0.0,0.0,0.0,0.0,0.0,-407.4,605.4,1012.8,40.0,0.0,Bournemouth,1.4,1.8000000000000003,Fulham,Fulham,0.8,0.0,0.14215528787136855,,2.0,0.2843105757427371
adam_smith,2,1,DEF,Bournemouth,9,1,0,0,3,0,0,3,1.28,0.0,0.0,4.6,0.0,9.66,0.012,0.012,0.0,2.004,1.4,0.0,2.1799999999999997,12.16,90.0,0.0,0.0,0.0,0.0,0.0,1.0,0.0,1.0,1096.2,1707.0,610.8,45.0,0.6,Everton,1.0,0.6,Hull City,Hull City,1.4,3.0,2.1972502806712635,,0.7073007680668802,1.554116811153953
adam_wharton,2,2,MID,Crystal Palace,15,1,0,0,3,0,0,5,2.5999999999999996,0.0,0.0,20.6,0.0,27.18,0.138,0.138,0.0,1.774,3.2,0.0,4.379999999999999,16.439999999999998,90.0,0.0,0.0,0.0,0.0,0.0,1.0,0.0,2.8,-654.0,4026.0,4680.0,55.0,0.0,Man City,0.6,0.0,Aston Villa,Aston Villa,0.0,0.0,3.260358868417185,,0.9618915152251227,3.1361115321194726
adrien_truffert,2,4,DEF,Bournemouth,9,1,0,0,3,0,0,3,2.5,0.0,1.2,16.2,0.0,14.739999999999998,0.042,0.042,0.0,2.004,1.4,0.0,4.04,22.84,90.0,0.0,0.0,0.0,0.0,0.0,1.0,2.4,2.8,-3132.0,12360.6,15492.599999999999,55.0,0.0,Everton,1.0,0.6,Hull City,Hull City,1.4,3.0,2.5743670653871042,61014.0,0.7073007680668802,1.8208518026343794
aladji_bamba,2,0,MID,Newcastle,19,0,0,0,3,0,0,3,0.9000000000000001,0.0,0.0,2.0,0.0,0.0,0.0,0.0,0.0,0.41600000000000004,0.4,0.0,0.16000000000000003,1.6,5.6000000000000005,0.0,0.0,0.0,0.0,0.0,0.0,0.0,0.4,-586.1999999999999,414.0,1000.1999999999999,50.0,0.0,Spurs,2.0,2.1999999999999997,Sunderland,Sunderland,1.0,1.7999999999999998,0.6430288951010803,,0.8727780418901161,0.5612214999450857
alejandro_garnacho_ferreyra,2,1,MID,Aston Villa,1,1,0,0,3,0,0,5,1.48,0.0,0.0,2.5999999999999996,0.0,1.2,0.0,0.0,0.0,0.05600000000000001,0.0,0.0,0.12,0.12,8.799999999999999,0.0,0.0,0.0,0.0,0.0,0.0,0.0,1.0,-5132.4,1212.6,6345.0,60.0,0.0,Arsenal,0.0,0.0,Crystal Palace,Crystal Palace,0.6,0.0,1.457244943207611,,0.6308990643584568,0.9193744712107743
alex_cairns,2,0,GK,Leeds,4,1,0,0,2,0,0,3,1.0,0.0,0.0,0.0,0.0,0.0,0.0,0.0,0.0,0.0,0.0,0.0,0.0,0.0,0.0,0.0,0.0,0.0,0.0,0.0,0.0,0.0,0.0,0.0,0.0,0.0,40.0,0.0,Brentford,1.0,1.8000000000000003,Ipswich Town,Ipswich Town,2.0,1.2000000000000002,0.188567270031206,,1.5999999999999999,0.30170763204992956
alex_iwobi,2,2,MID,Fulham,20,0,0,0,3,0,0,2,2.0,0.0,0.0,18.8,0.0,25.82,0.256,0.26199999999999996,0.006,2.108,1.8000000000000003,0.0,3.96,12.16,90.0,0.0,0.0,0.0,0.0,0.0,1.0,1.2,2.0,-1980.6,3657.0,5637.599999999999,55.0,0.0,Sunderland,0.8,0.0,Everton,Everton,1.4,1.8000000000000003,3.049538050117508,,0.5484823121802394,1.6726176808100695
alex_murphy,2,0,DEF,Newcastle,19,0,0,0,3,0,0,3,0.0,0.0,0.0,0.0,0.0,0.0,0.0,0.0,0.0,0.0,0.0,0.0,0.0,0.0,0.0,0.0,0.0,0.0,0.0,0.0,0.0,0.0,0.0,-1965.6,0.0,1965.6,40.0,0.0,Spurs,2.0,2.1999999999999997,Sunderland,Sunderland,1.0,1.7999999999999998,0.15529300713325367,,2.0,0.31058601426650734
alex_palmer,2,0,GK,Ipswich Town,16,0,0,0,2,0,0,4,0.4,0.0,0.0,0.0,0.0,0.0,0.0,0.0,0.0,0.0,0.0,0.0,0.0,0.0,0.0,0.0,0.0,0.0,0.0,0.0,0.0,0.0,0.0,-5797.2,4611.599999999999,10408.8,40.0,0.0,Man Utd,2.0,1.2000000000000002,Leeds,Leeds,1.0,1.8000000000000003,0.13702257106395432,,0.7111111111111111,0.09743827275658974
alex_scott,2,12,MID,Bournemouth,9,1,0,0,3,0,0,3,5.08,0.0,1.7999999999999998,30.2,0.6,21.18,0.166,0.322,0.156,1.9260000000000002,0.8,0.6,6.699999999999999,33.12,87.6,0.0,0.0,0.0,0.0,0.0,1.0,12.6,7.999999999999999,-2619.6,5112.0,7731.599999999999,60.0,0.6,Everton,1.0,0.6,Hull City,Hull City,1.4,3.0,3.8872648434045978,14973.0,0.5295769084022708,2.058605697911044
alex_toth,2,0,MID,Bournemouth,9,1,0,0,3,0,0,3,0.9000000000000001,0.0,0.0,2.0,0.0,0.24,0.0,0.0,0.0,0.124,0.8,0.0,0.12,1.1199999999999999,6.0,0.0,0.0,0.0,0.0,0.0,0.0,0.0,0.4,-27.599999999999998,60.0,87.6,50.0,0.0,Everton,1.0,0.6,Hull City,Hull City,1.4,3.0,0.7090821015813861,,0.5295769084022708,0.37551350715885534
alexander_isak,2,8,FWD,Liverpool,18,1,0,0,4,0,0,3,4.08,0.0,1.2,20.4,0.0,12.02,0.004,1.034,1.03,2.012,2.0,0.6,9.2,24.96,90.0,0.0,0.0,0.0,0.0,0.0,1.0,55.2,5.6,-16858.2,43821.6,60679.799999999996,90.0,0.0,Nott'm Forest,2.0,1.0,Chelsea,Chelsea,3.6,3.0,4.5782543560172115,14973.0,1.3730257654398987,6.2860611915490825
alexis_mac_allister,2,2,MID,Liverpool,18,1,0,0,4,0,0,3,1.7,0.0,0.0,9.6,0.0,5.18,0.238,0.238,0.0,1.766,1.2,0.0,1.48,9.879999999999999,56.400000000000006,0.0,0.0,0.0,0.0,0.0,0.6,0.0,1.6,-8964.6,3940.2,12904.8,55.0,0.0,Nott'm Forest,2.0,1.0,Chelsea,Chelsea,3.6,3.0,2.3428771644985344,,1.613748177982234,3.780813755445693
alfie_cresswell,2,0,MID,Leeds,4,1,0,0,2,0,0,3,0.4,0.0,0.0,0.0,0.0,0.0,0.0,0.0,0.0,0.0,0.0,0.0,0.0,0.0,0.0,0.0,0.0,0.0,0.0,0.0,0.0,0.0,0.0,1391.3999999999999,1817.3999999999999,426.0,45.0,0.0,Brentford,1.0,1.8000000000000003,Ipswich Town,Ipswich Town,2.0,1.2000000000000002,0.1847172544776916,,1.4680959889349916,0.27118266038578315
alfie_mcnally,2,0,GK,Fulham,20,0,0,0,3,0,0,2,0.4,0.0,0.0,0.0,0.0,0.0,0.0,0.0,0.0,0.0,0.0,0.0,0.0,0.0,0.0,0.0,0.0,0.0,0.0,0.0,0.0,0.0,0.0,111.0,483.0,372.0,40.0,0.0,Sunderland,0.8,0.0,Everton,Everton,1.4,1.8000000000000003,-0.013933623872885326,,1.1111111111111112,-0.015481804303205919
ali_al_hamadi,2,0,FWD,Ipswich Town,16,0,0,0,2,0,0,4,0.5599999999999999,0.0,0.0,0.0,0.0,0.0,0.0,0.0,0.0,0.0,0.0,0.0,0.0,0.0,0.0,0.0,0.0,0.0,0.0,0.0,0.0,0.0,0.0,-1348.2,453.0,1801.2,50.0,0.0,Man Utd,2.0,1.2000000000000002,Leeds,Leeds,1.0,1.8000000000000003,0.24499623164276896,,1.047788980559815,0.2567043517939732
alisson_becker,2,0,GK,Liverpool,18,1,0,0,4,0,0,3,1.92,0.0,0.0,-0.19999999999999973,0.0,0.0,0.0,0.0,0.0,2.012,2.0,0.0,1.2000000000000002,11.68,90.0,0.0,0.0,0.0,0.0,1.8000000000000003,1.0,0.0,0.8,2450.4,15184.199999999999,12733.8,55.0,0.6,Nott'm Forest,2.0,1.0,Chelsea,Chelsea,3.6,3.0,3.3738498611256014,15210.0,0.5,1.6869249305628007
altay_bayindir,2,0,GK,Man Utd,12,1,0,0,4,0,0,2,0.0,0.0,0.0,0.0,0.0,0.0,0.0,0.0,0.0,0.0,0.0,0.0,0.0,0.0,0.0,0.0,0.0,0.0,0.0,0.0,0.0,0.0,0.0,-352.8,0.0,352.8,45.0,0.0,Ipswich Town,3.0,1.7999999999999998,Coventry City,Coventry City,0.0,0.0,0.05473397231675059,,2.0,0.10946794463350118
alvaro_rodriguez,2,1,FWD,Bournemouth,9,1,0,0,3,0,0,3,0.9000000000000001,0.0,0.0,2.4,0.0,0.0,0.0,0.0,0.0,0.096,0.6,0.0,0.0,0.0,5.3999999999999995,0.0,0.0,0.0,0.0,0.0,0.0,0.0,0.6,-109.2,600.0,709.1999999999999,60.0,0.0,Everton,1.0,0.6,Hull City,Hull City,1.4,3.0,1.127519387980584,50210.0,0.7487580675222018,0.8442392380381577
alysson_edward_franco_da_rocha_dos_santos,2,0,MID,Aston Villa,1,1,0,0,3,0,0,5,0.9000000000000001,0.0,0.0,3.2,0.0,0.48,0.0,0.0,0.0,0.068,0.0,0.0,0.4,2.3200000000000003,14.600000000000001,0.0,0.0,0.0,0.0,0.0,0.0,1.2,0.4,-151.79999999999998,205.79999999999998,357.59999999999997,50.0,0.6,Arsenal,0.0,0.0,Crystal Palace,Crystal Palace,0.6,0.0,1.230911812029485,,0.6308990643584568,0.7765811105171747
amad_diallo,2,0,MID,Man Utd,12,1,0,0,4,0,0,2,0.8800000000000001,0.0,0.0,0.0,0.0,0.0,0.0,0.0,0.0,0.0,0.0,0.0,0.0,0.0,0.0,0.0,0.0,0.0,0.0,0.0,0.0,0.0,0.0,-34729.799999999996,945.5999999999999,35675.4,59.4,0.0,Ipswich Town,3.0,1.7999999999999998,Coventry City,Coventry City,0.0,0.0,0.4702301364051178,,1.4783544843089371,0.695166830811709
amadou_onana,2,0,MID,Aston Villa,1,1,0,0,3,0,0,5,0.0,0.0,0.0,0.0,0.0,0.0,0.0,0.0,0.0,0.0,0.0,0.0,0.0,0.0,0.0,0.0,0.0,0.0,0.0,0.0,0.0,0.0,0.0,-223.2,94.2,317.4,50.0,0.0,Arsenal,0.0,0.0,Crystal Palace,Crystal Palace,0.6,0.0,0.2381148271609419,,0.6308990643584568,0.1502264216657139
amar_dedic,2,11,DEF,Newcastle,19,0,0,0,3,0,0,3,4.279999999999999,0.6,1.2,21.8,0.6,18.72,0.036,0.048,0.012,1.8639999999999999,0.8,0.0,5.3,32.12,90.0,0.0,0.0,0.0,0.0,0.0,1.0,2.0,7.0,4921.8,6215.4,1293.6,45.0,0.0,Spurs,2.0,2.1999999999999997,Sunderland,Sunderland,1.0,1.7999999999999998,2.633978463189182,,2.0,5.267956926378364
amario_cozier_duberry,2,0,MID,Brighton,6,0,0,0,3,0,0,4,1.5,0.0,0.0,0.0,0.0,0.0,0.0,0.0,0.0,0.0,0.0,0.0,0.0,0.0,0.0,0.0,0.0,0.0,0.0,0.0,0.0,0.0,0.0,0.0,0.0,0.0,50.0,0.0,Chelsea,3.4,1.2000000000000002,Nott'm Forest,Nott'm Forest,1.2,0.6,0.3330431893102328,,2.0,0.6660863786204656
amine_adli,2,0,MID,Bournemouth,9,1,0,0,3,0,0,3,0.0,0.0,0.0,0.0,0.0,0.0,0.0,0.0,0.0,0.0,0.0,0.0,0.0,0.0,0.0,0.0,0.0,0.0,0.0,0.0,0.0,0.0,0.0,-553.1999999999999,32.4,585.6,50.0,0.0,Everton,1.0,0.6,Hull City,Hull City,1.4,3.0,0.2524899701055887,,0.5295769084022708,0.13371285777109945
anan_khalaili,2,2,DEF,Crystal Palace,15,1,0,0,3,0,0,5,1.78,0.0,0.0,10.2,0.0,11.500000000000002,0.064,0.076,0.012,1.3139999999999998,1.7999999999999998,0.0,4.0600000000000005,25.439999999999998,58.4,0.0,0.0,0.0,0.0,0.0,0.6,3.4,1.6,-219.0,277.2,496.2,50.0,0.6,Man City,0.6,0.0,Aston Villa,Aston Villa,0.0,0.0,2.4759363627066007,,1.4520914507253666,3.5952860248263154
andres_garcia,2,0,DEF,Aston Villa,1,1,0,0,3,0,0,5,0.4,0.0,0.0,0.0,0.0,0.0,0.0,0.0,0.0,0.0,0.0,0.0,0.0,0.0,0.0,0.0,0.0,0.0,0.0,0.0,0.0,0.0,0.0,-3950.3999999999996,4403.4,8353.8,40.0,0.0,Arsenal,0.0,0.0,Crystal Palace,Crystal Palace,0.6,0.0,0.05446549015983915,,0.5281965882279315,0.028768486078589013
andrew_robertson,2,2,DEF,Spurs,17,1,0,0,3,0,0,3,2.18,0.0,0.0,9.4,0.0,17.759999999999998,0.036000000000000004,0.07200000000000001,0.036,1.836,1.8000000000000003,0.0,5.3,19.44,76.19999999999999,0.0,0.0,0.0,0.0,0.0,1.0,15.8,2.4000000000000004,-676.1999999999999,13302.6,13978.8,45.0,0.0,Newcastle,0.0,0.0,Arsenal,Arsenal,1.8000000000000003,3.0,2.6596176335153254,,0.5,1.3298088167576627
andrey_nascimento_dos_santos,2,1,MID,Man Utd,12,1,0,0,4,0,0,2,1.5,0.0,0.0,8.0,0.0,2.1,0.09200000000000001,0.09200000000000001,0.0,0.976,1.4,0.0,1.1400000000000001,8.280000000000001,32.400000000000006,0.0,0.0,0.0,0.0,0.0,0.4,0.8,1.4,-4615.8,4473.599999999999,9089.4,50.0,0.0,Ipswich Town,3.0,1.7999999999999998,Coventry City,Coventry City,0.0,0.0,1.362165170254407,,1.4783544843089371,2.0137629878150496
anis_mehmeti,2,0,MID,Ipswich Town,16,0,0,0,2,0,0,4,0.6000000000000001,0.0,0.0,0.0,0.0,0.0,0.0,0.0,0.0,0.0,0.0,0.0,0.0,0.0,0.0,0.0,0.0,0.0,0.0,0.0,0.0,0.0,0.0,-383.4,28.2,411.59999999999997,50.0,0.0,Man Utd,2.0,1.2000000000000002,Leeds,Leeds,1.0,1.8000000000000003,0.2736562628308945,,0.7635408209916696,0.2089477275914133
anthony_elanga,2,8,MID,Newcastle,19,0,0,0,3,0,0,3,5.9799999999999995,0.0,0.8,31.6,0.6,10.58,0.064,0.272,0.20800000000000002,1.22,0.4,1.0,7.619999999999999,37.04,78.6,0.0,0.0,0.0,0.0,0.0,1.0,28.6,8.4,50140.799999999996,57264.6,7123.8,60.0,0.0,Spurs,2.0,2.1999999999999997,Sunderland,Sunderland,1.0,1.7999999999999998,3.787095672816184,14973.0,0.8727780418901161,3.305293945771041
anthony_patterson,2,0,GK,Sunderland,10,1,0,0,2,0,0,3,0.0,0.0,0.0,0.0,0.0,0.0,0.0,0.0,0.0,0.0,0.0,0.0,0.0,0.0,0.0,0.0,0.0,0.0,0.0,0.0,0.0,0.0,0.0,-1384.2,0.0,1384.2,40.0,0.0,Fulham,1.0,1.7999999999999998,Newcastle,Newcastle,2.0,2.1999999999999997,0.32204183861494085,,0.9333333333333333,0.30057238270727815
antoine_semenyo,2,5,MID,Man City,8,0,0,0,5,0,0,3,3.26,0.6,0.0,26.200000000000003,0.0,29.36,0.35,0.41000000000000003,0.06,0.656,1.0,0.0,8.559999999999999,19.84,90.0,0.0,0.0,0.0,0.0,0.0,1.0,36.4,3.8,-74466.0,29460.0,103926.0,85.0,0.0,Crystal Palace,3.2,3.0,Brentford,Brentford,1.8000000000000003,1.8000000000000003,4.857976022061663,14970.0,0.6579989841304714,3.1965432874467625
anton_stach,2,4,MID,Leeds,4,1,0,0,2,0,0,3,5.9799999999999995,0.0,1.2000000000000002,22.6,0.4,11.12,0.026000000000000002,0.108,0.08200000000000002,1.266,0.6,0.4,5.4,33.88,90.0,0.0,0.0,0.0,0.0,0.0,1.0,8.8,7.6,40599.0,48806.4,8207.4,60.0,0.0,Brentford,1.0,1.8000000000000003,Ipswich Town,Ipswich Town,2.0,1.2000000000000002,4.378553037376634,50210.0,1.4680959889349916,6.428136151511762
antonee_robinson,2,2,DEF,Fulham,20,0,0,0,3,0,0,2,1.58,0.0,0.0,7.6,0.0,12.84,0.028,0.08,0.052000000000000005,2.096,1.8000000000000003,0.0,2.84,14.52,86.4,0.0,0.0,0.0,0.0,0.0,1.0,1.2000000000000002,1.6,1051.2,6708.599999999999,5657.4,45.0,0.0,Sunderland,0.8,0.0,Everton,Everton,1.4,1.8000000000000003,2.053846738721945,50210.0,0.9126764726232568,1.8744975968055244
antoni_milambo,2,0,MID,Brentford,13,0,0,0,3,0,0,2,0.0,0.0,0.0,0.0,0.0,0.0,0.0,0.0,0.0,0.0,0.0,0.0,0.0,0.0,0.0,0.0,0.0,0.0,0.0,0.0,0.0,0.0,0.0,-10.2,16.8,27.0,50.0,0.0,Leeds,1.8000000000000003,1.8000000000000003,Man City,Man City,3.2,3.0,0.2937624461083963,,1.125077588771921,0.3305055445393759
antonin_kinsky,2,1,GK,Spurs,17,1,0,0,3,0,0,3,1.66,0.0,0.0,8.4,0.0,0.0,0.0,0.0,0.0,1.98,2.4000000000000004,0.0,2.0,19.720000000000002,90.0,0.0,0.0,0.0,0.0,2.0,1.0,0.0,1.4,-24915.6,24375.0,49290.6,45.0,0.0,Newcastle,0.0,0.0,Arsenal,Arsenal,1.8000000000000003,3.0,2.7278054864788146,61014.0,0.5,1.3639027432394073
antonio_joao_pereira_de_albuquerque_tavares_da_silva,2,4,DEF,Bournemouth,9,1,0,0,3,0,0,3,2.6799999999999997,0.0,0.0,8.6,0.0,1.2000000000000002,0.018,0.168,0.15,2.004,1.4,0.0,3.26,23.72,90.0,0.0,0.0,0.0,0.0,0.0,1.0,7.8,3.2,3105.0,4419.0,1314.0,50.0,0.4,Everton,1.0,0.6,Hull City,Hull City,1.4,3.0,3.4211097241650172,,0.7073007680668802,2.4197535355429896
archie_gray,2,2,MID,Spurs,17,1,0,0,3,0,0,3,1.8,0.0,0.0,11.399999999999999,0.0,2.2199999999999998,0.004,0.004,0.0,1.6600000000000001,1.8000000000000003,0.0,0.5800000000000001,3.5600000000000005,74.19999999999999,0.0,0.0,0.0,0.0,0.0,1.0,0.0,2.0,-499.79999999999995,1026.6,1526.3999999999999,50.0,0.0,Newcastle,0.0,0.0,Arsenal,Arsenal,1.8000000000000003,3.0,2.073590519561707,,0.5,1.0367952597808534
armin_pecsi,2,0,GK,Liverpool,18,1,0,0,4,0,0,3,0.0,0.0,0.0,0.0,0.0,0.0,0.0,0.0,0.0,0.0,0.0,0.0,0.0,0.0,0.0,0.0,0.0,0.0,0.0,0.0,0.0,0.0,0.0,-268.8,0.0,268.8,40.0,0.0,Nott'm Forest,2.0,1.0,Chelsea,Chelsea,3.6,3.0,0.5769059594902,,0.5,0.2884529797451
arnaud_kalimuendo,2,0,FWD,Nott'm Forest,14,0,0,0,3,0,0,4,1.02,0.0,0.0,1.2000000000000002,0.0,0.0,0.0,0.0,0.0,0.0,0.0,0.0,0.0,0.0,0.4,0.0,0.0,0.0,0.0,0.0,0.0,0.0,0.4,-250.79999999999998,203.4,454.2,55.0,0.0,Liverpool,1.2,0.6,Brighton,Brighton,3.4,1.2000000000000002,0.5422567275611092,,0.910606590255668,0.49378254972761837
arthur_masuaku,2,0,DEF,Sunderland,10,1,0,0,2,0,0,3,0.0,0.0,0.0,0.0,0.0,0.0,0.0,0.0,0.0,0.0,0.0,0.0,0.0,0.0,0.0,0.0,0.0,0.0,0.0,0.0,0.0,0.0,0.0,-2920.7999999999997,0.0,2920.7999999999997,40.0,0.0,Fulham,1.0,1.7999999999999998,Newcastle,Newcastle,2.0,2.1999999999999997,0.19374651718736913,,0.6129600023189545,0.11875886562445914
ashley_phillips,2,0,DEF,Spurs,17,1,0,0,3,0,0,3,0.0,0.0,0.0,0.0,0.0,0.0,0.0,0.0,0.0,0.0,0.0,0.0,0.0,0.0,0.0,0.0,0.0,0.0,0.0,0.0,0.0,0.0,0.0,-394.8,0.0,394.8,45.0,0.0,Newcastle,0.0,0.0,Arsenal,Arsenal,1.8000000000000003,3.0,0.30203474169493627,,0.5,0.15101737084746814
aurele_amenda,2,1,DEF,Coventry City,11,1,0,0,2,0,0,2,1.0,0.0,0.0,2.8,0.0,1.58,0.028,0.039999999999999994,0.012,1.184,1.8000000000000003,0.0,2.34,18.36,90.0,0.0,0.0,0.0,0.0,0.0,1.0,3.0,1.0,-709.8,1996.8,2706.6,40.0,0.6,Hull City,0.0,0.0,Man Utd,Man Utd,3.0,1.7999999999999998,2.5744827838963844,,2.0,5.148965567792769
axel_disasi,2,1,DEF,Crystal Palace,15,1,0,0,3,0,0,5,0.98,0.0,0.0,-1.2,0.0,0.0,0.0,0.0,0.0,0.12,0.6,0.0,0.06,0.72,9.6,0.0,0.0,0.0,0.0,0.0,0.0,0.0,0.6,-193.79999999999998,315.0,508.79999999999995,45.0,0.0,Man City,0.6,0.0,Aston Villa,Aston Villa,0.0,0.0,1.0178208228360812,,1.4520914507253666,1.4779689152105315
ayden_heaven,2,0,DEF,Man Utd,12,1,0,0,4,0,0,2,0.98,0.0,0.0,2.0,0.0,1.04,0.016,0.064,0.048,0.404,0.8,0.0,0.8,2.72,36.0,0.0,0.0,0.0,0.0,0.0,0.4,4.4,0.4,-661.8,1852.8,2514.6,45.0,0.0,Ipswich Town,3.0,1.7999999999999998,Coventry City,Coventry City,0.0,0.0,1.2695025698189524,,1.701839290018332,2.1604893520971338
ayyoub_bouaddi,2,1,MID,Man City,8,0,0,0,5,0,0,3,2.0,0.0,0.0,3.0,0.0,4.3,0.12,0.12,0.0,0.0,0.0,0.0,0.6,1.8,8.0,0.0,0.0,0.0,0.0,0.0,0.0,0.0,1.0,2706.0,3055.0,349.0,55.0,0.0,Crystal Palace,3.2,3.0,Brentford,Brentford,1.8000000000000003,1.8000000000000003,1.4927222477036268,,0.6579989841304714,0.9822097225779404
azor_matusiwa,2,0,MID,Ipswich Town,16,0,0,0,2,0,0,4,0.0,0.0,0.0,0.0,0.0,0.0,0.0,0.0,0.0,0.0,0.0,0.0,0.0,0.0,0.0,0.0,0.0,0.0,0.0,0.0,0.0,0.0,0.0,-62.4,4.8,67.2,50.0,0.0,Man Utd,2.0,1.2000000000000002,Leeds,Leeds,1.0,1.8000000000000003,0.2169858699466487,,0.7635408209916696,0.1656775692826558
bafode_diakite,2,0,DEF,Bournemouth,9,1,0,0,3,0,0,3,0.8800000000000001,0.0,0.0,0.0,0.0,0.0,0.0,0.0,0.0,0.0,0.0,0.0,0.0,0.0,0.0,0.0,0.0,0.0,0.0,0.0,0.0,0.0,0.0,240.6,1633.2,1392.6,50.0,0.0,Everton,1.0,0.6,Hull City,Hull City,1.4,3.0,0.5931889185709508,,0.7073007680668802,0.4195629777139956
bart_verbruggen,2,0,GK,Brighton,6,0,0,0,3,0,0,4,2.5599999999999996,0.0,0.0,9.4,0.4,0.0,0.0,0.0,0.0,1.874,2.4,0.0,0.8799999999999999,8.76,90.0,0.0,0.0,0.0,0.0,0.6,1.0,0.0,2.4000000000000004,23565.6,50853.6,27288.0,45.0,0.0,Chelsea,3.4,1.2000000000000002,Nott'm Forest,Nott'm Forest,1.2,0.6,2.536338514640235,61014.0,2.0,5.07267702928047
bazoumana_toure,2,1,MID,Newcastle,19,0,0,0,3,0,0,3,1.1800000000000002,0.0,0.0,1.7999999999999998,0.0,0.0,0.0,0.0,0.0,0.0,0.0,0.0,0.0,0.0,0.6,0.0,0.0,0.0,0.0,0.0,0.0,0.0,0.6,-2367.0,307.8,2674.7999999999997,60.0,0.0,Spurs,2.0,2.1999999999999997,Sunderland,Sunderland,1.0,1.7999999999999998,0.899530694853744,,0.8727780418901161,0.7850906384745062
ben_davies,2,0,DEF,Spurs,17,1,0,0,3,0,0,3,0.4,0.0,0.0,0.0,0.0,0.0,0.0,0.0,0.0,0.0,0.0,0.0,0.0,0.0,0.0,0.0,0.0,0.0,0.0,0.0,0.0,0.0,0.0,-3663.6,1726.2,5389.8,40.0,0.0,Newcastle,0.0,0.0,Arsenal,Arsenal,1.8000000000000003,3.0,0.17279577873364205,,0.5,0.08639788936682102
ben_gannon_doak,2,0,MID,Bournemouth,9,1,0,0,3,0,0,3,0.9000000000000001,0.0,0.0,1.2000000000000002,0.0,0.04000000000000001,0.0,0.0,0.0,0.07600000000000001,0.4,0.0,0.08000000000000002,0.08000000000000002,0.4,0.0,0.0,0.0,0.0,0.0,0.0,0.8,0.4,-280.8,219.0,499.79999999999995,50.0,0.0,Everton,1.0,0.6,Hull City,Hull City,1.4,3.0,0.5532450793637742,,0.5295769084022708,0.2929858187182365
ben_johnson,2,0,DEF,Ipswich Town,16,0,0,0,2,0,0,4,0.4,0.0,0.0,0.0,0.0,0.0,0.0,0.0,0.0,0.0,0.0,0.0,0.0,0.0,0.0,0.0,0.0,0.0,0.0,0.0,0.0,0.0,0.0,-357.0,256.2,613.1999999999999,40.0,0.0,Man Utd,2.0,1.2000000000000002,Leeds,Leeds,1.0,1.8000000000000003,0.1770910211889083,,0.9879544122637671,0.17495785575587822
ben_wilson,2,0,GK,Coventry City,11,1,0,0,2,0,0,2,0.76,0.0,0.0,0.0,0.0,0.0,0.0,0.0,0.0,0.0,0.0,0.0,0.0,0.0,0.0,0.0,0.0,0.0,0.0,0.0,0.0,0.0,0.0,-1927.8,136.2,2064.0,45.0,0.0,Hull City,0.0,0.0,Man Utd,Man Utd,3.0,1.7999999999999998,0.27232987996715696,,1.5999999999999999,0.4357278079474511
bendito_mantato,2,0,MID,Man Utd,12,1,0,0,4,0,0,2,0.4,0.0,0.0,0.0,0.0,0.0,0.0,0.0,0.0,0.0,0.0,0.0,0.0,0.0,0.0,0.0,0.0,0.0,0.0,0.0,0.0,0.0,0.0,-846.0,576.6,1422.6,45.0,0.0,Ipswich Town,3.0,1.7999999999999998,Coventry City,Coventry City,0.0,0.0,0.07854124442911581,,1.4783544843089371,0.11611180090498768
benjamin_lecomte,2,0,GK,Fulham,20,0,0,0,3,0,0,2,0.4,0.0,0.0,0.0,0.0,0.0,0.0,0.0,0.0,0.0,0.0,0.0,0.0,0.0,0.0,0.0,0.0,0.0,0.0,0.0,0.0,0.0,0.0,-1581.6,895.1999999999999,2476.7999999999997,40.0,0.0,Sunderland,0.8,0.0,Everton,Everton,1.4,1.8000000000000003,-0.013933623872885326,,1.1111111111111112,-0.015481804303205919
benjamin_sesko,2,1,FWD,Man Utd,12,1,0,0,4,0,0,2,1.28,0.0,0.0,3.8,0.0,6.5,0.006,0.022,0.016,0.628,0.6,0.0,1.26,1.32,15.200000000000001,0.0,0.0,0.0,0.0,0.0,0.0,4.8,1.0,9256.8,18332.399999999998,9075.6,70.0,0.0,Ipswich Town,3.0,1.7999999999999998,Coventry City,Coventry City,0.0,0.0,2.1120432252128607,50210.0,0.9931955616071986,2.0976719572039664
benjamin_white,2,7,DEF,Arsenal,2,0,0,0,5,0,0,3,6.3999999999999995,0.4,1.4,30.4,1.0,22.9,0.114,0.18600000000000003,0.072,0.278,0.0,0.0,5.140000000000001,23.119999999999997,90.0,0.0,0.0,0.0,0.0,0.0,1.0,5.2,8.600000000000001,71931.59999999999,86964.59999999999,15033.0,55.0,0.0,Aston Villa,1.8000000000000003,3.0,Spurs,Spurs,0.0,0.0,3.73090807997059,14971.0,2.0,7.46181615994118
benoit_badiashile_mukinayi,2,0,DEF,Chelsea,5,1,0,0,4,0,0,3,0.68,0.0,0.0,0.0,0.0,0.0,0.0,0.0,0.0,0.0,0.0,0.0,0.0,0.0,0.0,0.0,0.0,0.0,0.0,0.0,0.0,0.0,0.0,-340.8,139.2,480.0,45.0,0.0,Brighton,3.6,3.0,Liverpool,Liverpool,2.0,1.0,0.5185053601145546,,0.6753793248340254,0.3501878000369911
bernd_leno,2,3,GK,Fulham,20,0,0,0,3,0,0,2,2.26,0.0,0.0,11.0,0.0,0.0,0.0,0.0,0.0,2.108,1.8000000000000003,0.0,2.34,23.36,90.0,0.0,0.0,0.0,0.0,3.0,1.0,0.0,2.5999999999999996,387.0,7304.4,6917.4,45.0,0.0,Sunderland,0.8,0.0,Everton,Everton,1.4,1.8000000000000003,2.4805117066294047,14973.0,1.1111111111111112,2.7561241184771164
bobby_thomas,2,8,DEF,Coventry City,11,1,0,0,2,0,0,2,3.6999999999999997,0.0,1.2,21.200000000000003,0.6,4.8999999999999995,0.01,0.018000000000000002,0.008,0.86,1.2000000000000002,0.0,2.4800000000000004,19.479999999999997,82.19999999999999,0.0,0.0,0.0,0.0,0.0,1.0,0.4,6.0,8532.6,22866.6,14334.0,40.0,0.0,Hull City,0.0,0.0,Man Utd,Man Utd,3.0,1.7999999999999998,2.6694373916798586,,2.0,5.338874783359717
borna_sosa,2,0,DEF,Crystal Palace,15,1,0,0,3,0,0,5,0.68,0.0,0.0,0.0,0.0,0.0,0.0,0.0,0.0,0.0,0.0,0.0,0.0,0.0,0.0,0.0,0.0,0.0,0.0,0.0,0.0,0.0,0.0,-135.6,75.6,211.2,45.0,0.0,Man City,0.6,0.0,Aston Villa,Aston Villa,0.0,0.0,0.23828795916658518,,1.4520914507253666,0.3460159083165936
boubacar_kamara,2,2,MID,Aston Villa,1,1,0,0,3,0,0,5,1.8,0.0,0.0,11.4,0.0,9.639999999999999,0.018,0.018,0.0,2.132,2.2,0.0,2.06,10.84,90.0,0.0,0.0,0.0,0.0,0.0,1.0,0.0,2.0,-1350.0,1493.3999999999999,2843.4,50.0,0.0,Arsenal,0.0,0.0,Crystal Palace,Crystal Palace,0.6,0.0,2.551082906315699,,0.6308990643584568,1.6094758186954272
bradley_burrowes,2,0,MID,Aston Villa,1,1,0,0,3,0,0,5,0.4,0.0,0.0,0.0,0.0,0.0,0.0,0.0,0.0,0.0,0.0,0.0,0.0,0.0,0.0,0.0,0.0,0.0,0.0,0.0,0.0,0.0,0.0,-1953.0,2107.7999999999997,4060.7999999999997,45.0,0.0,Arsenal,0.0,0.0,Crystal Palace,Crystal Palace,0.6,0.0,0.15563377739328454,,0.6308990643584568,0.09818920453999556
brandon_austin,2,0,GK,Spurs,17,1,0,0,3,0,0,3,0.4,0.0,0.0,0.0,0.0,0.0,0.0,0.0,0.0,0.0,0.0,0.0,0.0,0.0,0.0,0.0,0.0,0.0,0.0,0.0,0.0,0.0,0.0,-294.0,1927.1999999999998,2221.2,40.0,0.0,Newcastle,0.0,0.0,Arsenal,Arsenal,1.8000000000000003,3.0,0.14350092377940782,,0.5,0.07175046188970391
brandon_thomas_asante,2,1,FWD,Coventry City,11,1,0,0,2,0,0,2,1.46,0.0,0.0,6.6,0.0,1.6400000000000001,0.008,0.008,0.0,1.054,1.8000000000000003,0.0,0.54,2.5599999999999996,46.8,0.0,0.0,0.0,0.0,0.0,0.4,1.2,1.4,4023.6,8756.4,4732.8,50.0,0.0,Hull City,0.0,0.0,Man Utd,Man Utd,3.0,1.7999999999999998,2.293209035100649,,0.6117242201501663,1.4028115086382598
brenden_aaronson,2,1,MID,Leeds,4,1,0,0,2,0,0,3,2.0,0.0,0.0,10.0,0.4,0.8,0.01,0.014,0.004,0.562,0.6,0.0,0.8200000000000001,4.5200000000000005,59.4,0.0,0.0,0.0,0.0,0.0,1.0,2.8000000000000003,1.8000000000000003,-3504.0,1555.8,5059.8,55.0,0.0,Brentford,1.0,1.8000000000000003,Ipswich Town,Ipswich Town,2.0,1.2000000000000002,1.580829146825743,,1.4680959889349916,2.320808929646398
brennan_johnson,2,1,MID,Everton,3,0,0,0,3,0,0,3,1.48,0.0,0.0,1.8000000000000003,0.0,0.12,0.0,0.0,0.0,1.064,0.0,0.0,0.22000000000000003,2.3200000000000003,19.200000000000003,0.0,0.0,0.0,0.0,0.0,0.0,0.0,1.0,-1108.8,439.2,1548.0,60.0,0.0,Bournemouth,1.4,1.8000000000000003,Fulham,Fulham,0.8,0.0,1.7145198288739427,,1.3969740259534618,2.395139667919072
brian_brobbey,2,2,FWD,Sunderland,10,1,0,0,2,0,0,3,2.0,0.0,0.0,3.4,0.6,2.2800000000000002,0.0,0.13799999999999998,0.13799999999999998,1.024,0.4,0.0,0.8600000000000001,0.0,64.2,0.0,0.0,0.0,0.0,0.0,1.0,7.199999999999999,2.0,-48814.799999999996,22961.399999999998,71776.2,60.0,0.0,Fulham,1.0,1.7999999999999998,Newcastle,Newcastle,2.0,2.1999999999999997,2.6140219106405276,,0.6603222178300551,1.7260967454905112
brian_madjo,2,0,FWD,Aston Villa,1,1,0,0,3,0,0,5,0.0,0.0,0.0,0.0,0.0,0.0,0.0,0.0,0.0,0.0,0.0,0.0,0.0,0.0,0.0,0.0,0.0,0.0,0.0,0.0,0.0,0.0,0.0,-4654.2,699.6,5353.8,55.0,0.0,Arsenal,0.0,0.0,Crystal Palace,Crystal Palace,0.6,0.0,0.17275311270692573,61014.0,1.473418855440044,0.25453769359834344
bruno_borges_fernandes,2,23,MID,Man Utd,12,1,0,0,4,0,0,2,9.1,0.6,1.7999999999999998,59.4,0.0,59.66,0.392,1.6360000000000001,1.244,1.6400000000000001,2.0,1.7999999999999998,19.380000000000003,87.52,90.0,0.0,0.0,0.0,0.0,0.0,1.0,46.400000000000006,14.6,-108037.2,29110.8,137148.0,120.0,0.0,Ipswich Town,3.0,1.7999999999999998,Coventry City,Coventry City,0.0,0.0,6.97935824871209,14969.0,1.4783544843089371,10.317965564582089
bruno_guimaraes_rodriguez_moura,2,1,MID,Arsenal,2,0,0,0,5,0,0,3,0.9600000000000001,0.0,0.0,2.4,0.0,0.48,0.006,0.006,0.0,0.0,0.0,0.0,0.24,0.84,11.4,0.0,0.0,0.0,0.0,0.0,0.0,1.2,0.6,-75423.0,510.0,75933.0,69.4,0.0,Aston Villa,1.8000000000000003,3.0,Spurs,Spurs,0.0,0.0,1.4796720166006272,79641.0,1.754184180184576,2.5956172433826294
bryan_mbeumo,2,11,MID,Man Utd,12,1,0,0,4,0,0,2,5.02,0.6,1.2,27.0,0.0,37.22,0.21800000000000003,1.474,1.256,1.6400000000000001,2.0,0.6,10.92,31.2,90.0,0.0,0.0,0.0,0.0,0.0,1.0,40.6,7.3999999999999995,-82777.8,49335.0,132112.8,80.0,0.6,Ipswich Town,3.0,1.7999999999999998,Coventry City,Coventry City,0.0,0.0,5.125265416749533,79641.0,1.4783544843089371,7.576959112125186
bukayo_saka,2,11,MID,Arsenal,2,0,0,0,5,0,0,3,7.28,0.0,2.1999999999999997,42.0,1.0,15.240000000000002,0.056,0.69,0.634,0.222,0.0,1.0,9.66,41.72,80.8,0.0,0.0,0.0,0.0,0.0,1.0,39.6,10.2,32209.8,53347.799999999996,21138.0,95.0,0.0,Aston Villa,1.8000000000000003,3.0,Spurs,Spurs,0.0,0.0,4.809267425981784,50210.0,1.754184180184576,8.436340836934242
caleb_yirenkyi,2,3,MID,Coventry City,11,1,0,0,2,0,0,2,1.8,0.0,0.0,11.0,0.6,10.84,0.078,0.096,0.018,0.6360000000000001,1.2000000000000002,0.0,1.92,5.64,66.4,0.0,0.0,0.0,0.0,0.0,1.0,4.2,2.1999999999999997,-946.8,598.1999999999999,1545.0,50.0,0.4,Hull City,0.0,0.0,Man Utd,Man Utd,3.0,1.7999999999999998,2.148431180418004,,0.5,1.074215590209002
callum_hudson_odoi,2,1,MID,Nott'm Forest,14,0,0,0,3,0,0,4,1.1800000000000002,0.0,0.0,1.2,0.0,0.18,0.0,0.0,0.0,0.0,0.0,0.0,0.0,0.0,0.6,0.0,0.0,0.0,0.0,0.0,0.0,0.0,0.6,-2854.7999999999997,435.59999999999997,3290.4,60.0,0.0,Liverpool,1.2,0.6,Brighton,Brighton,3.4,1.2000000000000002,0.9923059828663823,,1.1334375214651566,1.1247168337551186
callum_olusesi,2,0,MID,Spurs,17,1,0,0,3,0,0,3,0.4,0.0,0.0,0.0,0.0,0.0,0.0,0.0,0.0,0.0,0.0,0.0,0.0,0.0,0.0,0.0,0.0,0.0,0.0,0.0,0.0,0.0,0.0,-4378.8,1208.3999999999999,5587.2,45.0,0.0,Newcastle,0.0,0.0,Arsenal,Arsenal,1.8000000000000003,3.0,0.20192890372818484,,0.5,0.10096445186409242
callum_wilson,2,1,FWD,Brentford,13,0,0,0,3,0,0,2,1.32,0.0,0.0,3.4,0.0,4.18,0.016,0.052000000000000005,0.036000000000000004,0.028000000000000004,0.0,0.0,1.1400000000000001,0.8800000000000001,4.0,0.0,0.0,0.0,0.0,0.0,0.0,6.2,1.0,-274.2,2610.6,2884.7999999999997,55.0,0.0,Leeds,1.8000000000000003,1.8000000000000003,Man City,Man City,3.2,3.0,1.291536289369043,,0.5,0.6457681446845215
calvin_bassey,2,2,DEF,Fulham,20,0,0,0,3,0,0,2,1.28,0.0,0.0,8.2,0.0,3.08,0.014,0.022,0.008,2.108,1.8000000000000003,0.0,2.12,17.16,90.0,0.0,0.0,0.0,0.0,0.0,1.0,0.8,1.2,492.59999999999997,4117.8,3625.2,45.0,0.4,Sunderland,0.8,0.0,Everton,Everton,1.4,1.8000000000000003,2.1590339410412662,,0.9126764726232568,1.9704994815834314
calvin_ramsay,2,0,DEF,Liverpool,18,1,0,0,4,0,0,3,0.4,0.0,0.0,0.0,0.0,0.0,0.0,0.0,0.0,0.0,0.0,0.0,0.0,0.0,0.0,0.0,0.0,0.0,0.0,0.0,0.0,0.0,0.0,-1868.3999999999999,382.8,2251.2,40.0,0.0,Nott'm Forest,2.0,1.0,Chelsea,Chelsea,3.6,3.0,0.35458167536511587,,0.5,0.17729083768255793
cameron_humphreys,2,0,MID,Ipswich Town,16,0,0,0,2,0,0,4,0.4,0.0,0.0,0.0,0.0,0.0,0.0,0.0,0.0,0.0,0.0,0.0,0.0,0.0,0.0,0.0,0.0,0.0,0.0,0.0,0.0,0.0,0.0,565.1999999999999,765.0,199.79999999999998,45.0,0.0,Man Utd,2.0,1.2000000000000002,Leeds,Leeds,1.0,1.8000000000000003,0.13450482017899135,,0.7635408209916696,0.10269992082680394
caoimhin_kelleher,2,2,GK,Brentford,13,0,0,0,3,0,0,2,3.7399999999999998,0.0,0.0,17.8,0.4,0.0,0.004,0.004,0.0,1.104,0.6,0.0,1.7800000000000002,18.2,90.0,0.0,0.0,0.0,0.0,2.2,1.0,0.0,4.0,32706.0,44660.4,11954.4,50.0,0.0,Leeds,1.8000000000000003,1.8000000000000003,Man City,Man City,3.2,3.0,3.84002129267935,14970.0,1.2,4.60802555121522
carl_rushworth,2,2,GK,Coventry City,11,1,0,0,2,0,0,2,1.66,0.0,0.0,6.0,0.0,0.0,0.004,0.004,0.0,1.184,1.8000000000000003,0.0,1.22,12.04,90.0,0.0,0.0,0.0,0.0,1.4,1.0,0.0,1.6,4355.4,7158.599999999999,2803.2,45.0,0.0,Hull City,0.0,0.0,Man Utd,Man Utd,3.0,1.7999999999999998,3.2703805244125483,14971.0,1.5999999999999999,5.232608839060077
carlos_alcaraz_duran,2,0,MID,Everton,3,0,0,0,3,0,0,3,0.9000000000000001,0.0,0.0,1.6000000000000003,0.0,0.42,0.012,0.038,0.026,0.016,0.0,0.0,1.1800000000000002,2.0,2.8,0.0,0.0,0.0,0.0,0.0,0.0,11.600000000000001,0.4,-231.0,451.8,682.8,50.0,0.6,Bournemouth,1.4,1.8000000000000003,Fulham,Fulham,0.8,0.0,0.9761214210101864,,1.3969740259534618,1.363616271328014
carlos_baleba,2,0,MID,Man Utd,12,1,0,0,4,0,0,2,0.0,0.0,0.0,0.0,0.0,0.0,0.0,0.0,0.0,0.0,0.0,0.0,0.0,0.0,0.0,0.0,0.0,0.0,0.0,0.0,0.0,0.0,0.0,-1258.2,1394.3999999999999,2652.6,50.0,0.0,Ipswich Town,3.0,1.7999999999999998,Coventry City,Coventry City,0.0,0.0,0.16102229419677316,,1.4783544843089371,0.23804803069951255
cathal_mccarthy,2,0,DEF,Hull City,7,0,0,0,2,0,0,2,0.4,0.0,0.0,0.0,0.0,0.0,0.0,0.0,0.0,0.0,0.0,0.0,0.0,0.0,0.0,0.0,0.0,0.0,0.0,0.0,0.0,0.0,0.0,-170.4,405.0,575.4,40.0,0.0,Coventry City,1.4,3.0,Bournemouth,Bournemouth,1.0,0.6,0.193891953547062,,2.0,0.387783907094124
cedric_kipre,2,0,DEF,Ipswich Town,16,0,0,0,2,0,0,4,0.4,0.0,0.0,0.0,0.0,0.0,0.0,0.0,0.0,0.0,0.0,0.0,0.0,0.0,0.0,0.0,0.0,0.0,0.0,0.0,0.0,0.0,0.0,-2769.0,199.2,2968.2,40.0,0.0,Man Utd,2.0,1.2000000000000002,Leeds,Leeds,1.0,1.8000000000000003,0.1770910211889083,,0.9879544122637671,0.17495785575587822
cesar_palacios,2,1,MID,Fulham,20,0,0,0,3,0,0,2,1.7,0.0,0.0,7.6,0.0,3.7,0.004,0.08,0.076,1.8559999999999999,1.8000000000000003,0.0,1.1400000000000001,2.92,73.8,0.0,0.0,0.0,0.0,0.0,1.0,5.0,1.4,-524.4,546.0,1070.3999999999999,55.0,0.6,Sunderland,0.8,0.0,Everton,Everton,1.4,1.8000000000000003,2.1726457045899776,,0.5484823121802394,1.1916577396019763
chadi_riad_dnanou,2,0,DEF,Crystal Palace,15,1,0,0,3,0,0,5,0.68,0.0,0.0,2.8000000000000003,0.0,0.52,0.004,0.004,0.0,0.392,0.8,0.0,0.5599999999999999,5.04,28.8,0.0,0.0,0.0,0.0,0.0,0.4,0.0,0.4,-1513.8,192.0,1705.8,45.0,0.0,Man City,0.6,0.0,Aston Villa,Aston Villa,0.0,0.0,0.7668752775013694,,1.4520914507253666,1.1135730342323815
charalampos_kostoulas,2,5,FWD,Brighton,6,0,0,0,3,0,0,4,2.52,0.6,0.0,9.799999999999999,0.0,9.219999999999999,0.012,0.186,0.174,1.774,2.4,0.0,2.58,3.0,57.8,0.0,0.0,0.0,0.0,0.0,0.6,14.2,3.4,-460.2,830.4,1290.6,55.0,0.0,Chelsea,3.4,1.2000000000000002,Nott'm Forest,Nott'm Forest,1.2,0.6,2.474005238641585,,1.0603524672507252,2.623317558784824
charlie_hughes,2,0,DEF,Hull City,7,0,0,0,2,0,0,2,0.0,0.0,0.0,0.0,0.0,0.0,0.0,0.0,0.0,0.0,0.0,0.0,0.0,0.0,0.0,0.0,0.0,0.0,0.0,0.0,0.0,0.0,0.0,-1332.6,59.4,1392.0,40.0,0.0,Coventry City,1.4,3.0,Bournemouth,Bournemouth,1.0,0.6,0.14657500004856638,,2.0,0.29315000009713277
cheick_doucoure,2,0,MID,Crystal Palace,15,1,0,0,3,0,0,5,0.6000000000000001,0.0,0.0,0.0,0.0,0.0,0.0,0.0,0.0,0.0,0.0,0.0,0.0,0.0,0.0,0.0,0.0,0.0,0.0,0.0,0.0,0.0,0.0,-486.59999999999997,148.79999999999998,635.4,50.0,0.0,Man City,0.6,0.0,Aston Villa,Aston Villa,0.0,0.0,0.2640076520612209,,0.9618915152251227,0.25394672047219474
chemsdine_talbi,2,0,MID,Sunderland,10,1,0,0,2,0,0,3,1.1,0.0,0.0,0.4,0.0,0.36000000000000004,0.0,0.0,0.0,0.05600000000000001,0.4,0.0,0.0,0.0,12.4,0.0,0.0,0.0,0.0,0.0,0.0,0.0,0.4,-1536.0,170.4,1706.3999999999999,55.0,0.0,Fulham,1.0,1.7999999999999998,Newcastle,Newcastle,2.0,2.1999999999999997,1.1432383102688715,,1.0902357587030258,1.2463992865743483
chido_obi,2,0,FWD,Man Utd,12,1,0,0,4,0,0,2,0.4,0.0,0.0,0.0,0.0,0.0,0.0,0.0,0.0,0.0,0.0,0.0,0.0,0.0,0.0,0.0,0.0,0.0,0.0,0.0,0.0,0.0,0.0,-3151.7999999999997,3789.6,6941.4,45.0,0.0,Ipswich Town,3.0,1.7999999999999998,Coventry City,Coventry City,0.0,0.0,0.12791509365725595,,0.9931955616071986,0.12704470328295572
chiedozie_ogbene,2,0,MID,Ipswich Town,16,0,0,0,2,0,0,4,0.6000000000000001,0.0,0.0,0.0,0.0,0.0,0.0,0.0,0.0,0.0,0.0,0.0,0.0,0.0,0.0,0.0,0.0,0.0,0.0,0.0,0.0,0.0,0.0,-123.6,22.2,145.79999999999998,50.0,0.0,Man Utd,2.0,1.2000000000000002,Leeds,Leeds,1.0,1.8000000000000003,0.2736562628308945,,0.7635408209916696,0.2089477275914133
chris_richards,2,0,DEF,Crystal Palace,15,1,0,0,3,0,0,5,1.78,0.0,0.0,2.8000000000000003,0.0,0.33999999999999997,0.0,0.024,0.024,1.774,3.2,0.0,3.6399999999999997,26.040000000000003,90.0,0.0,0.0,0.0,0.0,0.0,1.0,10.2,1.2000000000000002,-1347.6,2524.7999999999997,3872.3999999999996,50.0,0.0,Man City,0.6,0.0,Aston Villa,Aston Villa,0.0,0.0,2.941799533621334,14970.0,1.4520914507253666,4.27176195251941
chris_rigg,2,1,MID,Sunderland,10,1,0,0,2,0,0,3,1.2000000000000002,0.0,0.0,3.0,0.0,0.12,0.0,0.0,0.0,0.24400000000000002,0.4,0.0,0.0,0.0,8.2,0.0,0.0,0.0,0.0,0.0,0.0,0.0,1.0,-312.59999999999997,59.4,372.0,50.0,0.0,Fulham,1.0,1.7999999999999998,Newcastle,Newcastle,2.0,2.1999999999999997,1.1650163641544258,,1.0902357587030258,1.270142499675341
chris_wood,2,0,FWD,Nott'm Forest,14,0,0,0,3,0,0,4,1.1,0.0,0.0,1.2000000000000002,0.0,0.96,0.004,0.052000000000000005,0.048,0.08800000000000001,0.4,0.0,0.16000000000000003,0.0,11.200000000000001,0.0,0.0,0.0,0.0,0.0,0.0,1.2000000000000002,0.4,-14869.199999999999,2741.4,17610.6,60.0,0.0,Liverpool,1.2,0.6,Brighton,Brighton,3.4,1.2000000000000002,1.1563896162643184,,0.910606590255668,1.0530160054735114
christantus_uche,2,0,FWD,Crystal Palace,15,1,0,0,3,0,0,5,0.0,0.0,0.0,0.0,0.0,0.0,0.0,0.0,0.0,0.0,0.0,0.0,0.0,0.0,0.0,0.0,0.0,0.0,0.0,0.0,0.0,0.0,0.0,0.0,0.0,0.0,50.0,0.0,Man City,0.6,0.0,Aston Villa,Aston Villa,0.0,0.0,0.13040377677135284,,0.5,0.06520188838567642
christian_norgaard,2,0,MID,Everton,3,0,0,0,3,0,0,3,0.0,0.0,0.0,0.0,0.0,0.0,0.0,0.0,0.0,0.0,0.0,0.0,0.0,0.0,0.0,0.0,0.0,0.0,0.0,0.0,0.0,0.0,0.0,-1658.3999999999999,61.199999999999996,1719.6,50.0,0.0,Bournemouth,1.4,1.8000000000000003,Fulham,Fulham,0.8,0.0,0.21820591921189525,,1.3969740259534618,0.3048280014483171
christian_walton,2,0,GK,Ipswich Town,16,0,0,0,2,0,0,4,0.76,0.0,0.0,0.0,0.0,0.0,0.0,0.0,0.0,0.0,0.0,0.0,0.0,0.0,0.0,0.0,0.0,0.0,0.0,0.0,0.0,0.0,0.0,-2617.7999999999997,125.39999999999999,2743.2,45.0,0.0,Man Utd,2.0,1.2000000000000002,Leeds,Leeds,1.0,1.8000000000000003,0.2771869975102812,,0.7111111111111111,0.19711075378508885
christos_tzolis,2,0,MID,Arsenal,2,0,0,0,5,0,0,3,2.7199999999999998,0.4,0.0,12.6,0.4,23.0,0.062000000000000006,0.138,0.07600000000000001,0.08399999999999999,0.0,0.0,4.4399999999999995,6.800000000000001,57.0,0.0,0.0,0.0,0.0,0.0,1.0,14.4,2.4000000000000004,108592.2,142012.19999999998,33420.0,65.0,0.6,Aston Villa,1.8000000000000003,3.0,Spurs,Spurs,0.0,0.0,2.224220521862592,14971.0,1.754184180184576,3.901692452693241
chuba_akpom,2,5,FWD,Ipswich Town,16,0,0,0,2,0,0,4,2.36,0.0,0.0,19.2,0.0,1.02,0.0,0.582,0.582,2.4179999999999997,2.4,0.6,3.24,20.48,36.6,0.0,0.0,0.0,0.0,0.0,0.0,11.0,3.4,-975.0,2775.0,3750.0,50.0,0.0,Man Utd,2.0,1.2000000000000002,Leeds,Leeds,1.0,1.8000000000000003,2.2894066739342773,,1.047788980559815,2.3988150849684335
claudio_echeverri,2,0,MID,Man City,8,0,0,0,5,0,0,3,0.6000000000000001,0.0,0.0,0.0,0.0,0.0,0.0,0.0,0.0,0.0,0.0,0.0,0.0,0.0,0.0,0.0,0.0,0.0,0.0,0.0,0.0,0.0,0.0,-122.39999999999999,55.8,178.2,50.0,0.0,Crystal Palace,3.2,3.0,Brentford,Brentford,1.8000000000000003,1.8000000000000003,0.27645148901423133,,0.6579989841304714,0.1819047989327204
cody_drameh,2,1,DEF,Hull City,7,0,0,0,2,0,0,2,1.0,0.0,0.0,4.0,0.0,0.24,0.0,0.020000000000000004,0.020000000000000004,0.388,0.0,0.0,0.42,3.4000000000000004,35.0,0.0,0.0,0.0,0.0,0.0,0.0,0.4,1.0,417.0,664.8,247.79999999999998,40.0,0.0,Coventry City,1.4,3.0,Bournemouth,Bournemouth,1.0,0.6,1.756080297366717,,2.0,3.512160594733434
cody_gakpo,2,5,MID,Liverpool,18,1,0,0,4,0,0,3,6.1,0.6,1.2000000000000002,25.8,0.0,30.28,0.45,0.5700000000000001,0.12,1.97,2.0,0.4,8.02,31.520000000000003,78.0,0.0,0.0,0.0,0.0,0.0,1.0,18.4,7.800000000000001,106771.8,123422.4,16650.6,70.0,0.0,Nott'm Forest,2.0,1.0,Chelsea,Chelsea,3.6,3.0,4.496294187579653,14974.0,1.613748177982234,7.255886552878774
cole_palmer,2,7,MID,Chelsea,5,1,0,0,4,0,0,3,7.28,0.4,1.2000000000000002,40.8,0.0,31.7,0.15400000000000003,0.6619999999999999,0.508,1.342,2.5999999999999996,1.0,11.96,50.56,86.80000000000001,0.0,0.0,0.0,0.0,0.0,1.0,37.2,9.4,206947.19999999998,226123.19999999998,19176.0,95.0,0.0,Brighton,3.6,3.0,Liverpool,Liverpool,2.0,1.0,5.203667982129073,15210.0,2.0,10.407335964258147
conor_bradley,2,0,DEF,Liverpool,18,1,0,0,4,0,0,3,0.0,0.0,0.0,0.0,0.0,0.0,0.0,0.0,0.0,0.0,0.0,0.0,0.0,0.0,0.0,0.0,0.0,0.0,0.0,0.0,0.0,0.0,0.0,-84.0,47.4,131.4,50.0,0.0,Nott'm Forest,2.0,1.0,Chelsea,Chelsea,3.6,3.0,0.6603765547861995,,0.5,0.33018827739309975
conor_gallagher,2,0,MID,Spurs,17,1,0,0,3,0,0,3,0.8,0.0,0.0,0.4,0.0,2.2,0.024,0.032,0.008,0.68,0.8,0.0,0.2,0.0,18.0,0.0,0.0,0.0,0.0,0.0,0.4,0.4,0.0,-2063.4,724.8,2788.2,55.0,0.4,Newcastle,0.0,0.0,Arsenal,Arsenal,1.8000000000000003,3.0,0.4986850749861751,,0.5,0.24934253749308755
cristhian_mosquera,2,6,DEF,Arsenal,2,0,0,0,5,0,0,3,4.6,0.0,0.0,25.8,1.0,1.08,0.006,0.006,0.0,0.278,0.0,0.0,1.32,11.879999999999999,82.8,0.0,0.0,0.0,0.0,0.0,1.0,0.0,6.0,-18323.399999999998,9246.0,27569.399999999998,55.0,0.0,Aston Villa,1.8000000000000003,3.0,Spurs,Spurs,0.0,0.0,2.9592765021470218,14969.0,2.0,5.9185530042940435
cristian_romero,2,0,DEF,Spurs,17,1,0,0,3,0,0,3,0.0,0.0,0.0,0.0,0.0,0.0,0.0,0.0,0.0,0.0,0.0,0.0,0.0,0.0,0.0,0.0,0.0,0.0,0.0,0.0,0.0,0.0,0.0,-6467.4,0.0,6467.4,50.0,0.0,Newcastle,0.0,0.0,Arsenal,Arsenal,1.8000000000000003,3.0,0.4785906581547257,,0.5,0.23929532907736284
curtis_jones,2,0,MID,Liverpool,18,1,0,0,4,0,0,3,0.6000000000000001,0.0,0.0,0.0,0.0,0.0,0.0,0.0,0.0,0.0,0.0,0.0,0.0,0.0,0.0,0.0,0.0,0.0,0.0,0.0,0.0,0.0,0.0,-657.0,19.8,676.8,55.0,0.0,Nott'm Forest,2.0,1.0,Chelsea,Chelsea,3.6,3.0,0.47815765050426773,,1.613748177982234,0.7716260372895279
daichi_kamada,2,2,MID,Crystal Palace,15,1,0,0,3,0,0,5,2.1,0.0,0.0,22.6,0.0,13.4,0.12000000000000001,0.15000000000000002,0.03,1.774,3.2,0.0,3.62,18.72,90.0,0.0,0.0,0.0,0.0,0.0,1.0,4.2,2.4000000000000004,-690.0,1166.3999999999999,1856.3999999999999,50.0,0.4,Man City,0.6,0.0,Aston Villa,Aston Villa,0.0,0.0,2.91513364460513,,0.9618915152251227,2.804042318492963
daizen_maeda,2,2,MID,Ipswich Town,16,0,0,0,2,0,0,4,2.0,0.0,0.0,8.8,0.0,1.4,0.006,0.286,0.27999999999999997,2.598,2.8,0.0,2.52,9.84,74.8,0.0,0.0,0.0,0.0,0.0,1.0,14.200000000000001,2.0,-1981.1999999999998,444.0,2425.2,55.0,0.0,Man Utd,2.0,1.2000000000000002,Leeds,Leeds,1.0,1.8000000000000003,2.3826775172679637,,0.7635408209916696,1.8192715476931742
dan_bentley,2,0,GK,Coventry City,11,1,0,0,2,0,0,2,1.0,0.0,0.0,0.0,0.0,0.0,0.0,0.0,0.0,0.0,0.0,0.0,0.0,0.0,0.0,0.0,0.0,0.0,0.0,0.0,0.0,0.0,0.0,0.0,0.0,0.0,40.0,0.0,Hull City,0.0,0.0,Man Utd,Man Utd,3.0,1.7999999999999998,0.12856249114138563,,1.5999999999999999,0.20569998582621699
dan_burn,2,0,DEF,Newcastle,19,0,0,0,3,0,0,3,0.8800000000000001,0.0,0.0,0.0,0.0,0.0,0.0,0.0,0.0,0.0,0.0,0.0,0.0,0.0,0.0,0.0,0.0,0.0,0.0,0.0,0.0,0.0,0.0,-41438.4,3748.2,45186.6,50.0,0.0,Spurs,2.0,2.1999999999999997,Sunderland,Sunderland,1.0,1.7999999999999998,0.6125021377495233,,2.0,1.2250042754990467
dan_ndoye,2,9,MID,Nott'm Forest,14,0,0,0,3,0,0,4,4.3999999999999995,0.0,1.2,20.0,0.4,14.799999999999999,0.378,0.588,0.21,0.952,0.6,0.6,5.86,22.039999999999996,63.400000000000006,0.0,0.0,0.0,0.0,0.0,1.0,21.599999999999998,6.6,-2262.6,894.6,3157.2,55.0,0.0,Liverpool,1.2,0.6,Brighton,Brighton,3.4,1.2000000000000002,3.1807903528058663,,1.1334375214651566,3.6052271337845623
dane_scarlett,2,0,FWD,Spurs,17,1,0,0,3,0,0,3,0.4,0.0,0.0,0.0,0.0,0.0,0.0,0.0,0.0,0.0,0.0,0.0,0.0,0.0,0.0,0.0,0.0,0.0,0.0,0.0,0.0,0.0,0.0,-2397.6,7910.4,10308.0,45.0,0.0,Newcastle,0.0,0.0,Arsenal,Arsenal,1.8000000000000003,3.0,0.11387119785090971,,0.5,0.056935598925454856
dango_ouattara,2,1,MID,Brentford,13,0,0,0,3,0,0,2,2.12,0.0,0.0,12.0,0.4,21.619999999999997,0.16399999999999998,0.196,0.032,1.004,0.6,0.0,3.86,9.64,43.8,0.0,0.0,0.0,0.0,0.0,0.4,7.2,1.8000000000000003,-2162.4,4408.8,6571.2,65.0,0.0,Leeds,1.8000000000000003,1.8000000000000003,Man City,Man City,3.2,3.0,2.718367924278327,14969.0,1.125077588771921,3.058374829641992
daniel_ballard,2,8,DEF,Sunderland,10,1,0,0,2,0,0,3,3.2800000000000002,0.0,0.0,17.8,0.6,1.2,0.004,0.022,0.018,1.29,0.8,0.0,2.6799999999999997,21.44,90.0,0.0,0.0,0.0,0.0,0.0,1.0,4.2,4.8,-22143.6,7678.799999999999,29822.399999999998,50.0,0.4,Fulham,1.0,1.7999999999999998,Newcastle,Newcastle,2.0,2.1999999999999997,3.3373739506100257,14974.0,0.6129600023189545,2.04567674450514
daniel_james,2,1,MID,Leeds,4,1,0,0,2,0,0,3,0.9000000000000001,0.0,0.0,1.2,0.0,0.66,0.006,0.15,0.144,0.558,0.0,0.0,0.66,0.0,13.2,0.0,0.0,0.0,0.0,0.0,0.0,7.199999999999999,0.6,-523.8,517.8,1041.6,50.0,0.0,Brentford,1.0,1.8000000000000003,Ipswich Town,Ipswich Town,2.0,1.2000000000000002,1.2734391376602012,,1.4680959889349916,1.869530890151776
daniel_jebbison,2,0,FWD,Bournemouth,9,1,0,0,3,0,0,3,0.8599999999999999,0.0,0.0,2.4000000000000004,0.0,0.32000000000000006,0.0,0.04000000000000001,0.04000000000000001,0.124,0.8,0.0,0.8400000000000001,1.36,6.0,0.0,0.0,0.0,0.0,0.0,0.0,6.800000000000001,0.4,1233.6,1486.2,252.6,50.0,0.0,Everton,1.0,0.6,Hull City,Hull City,1.4,3.0,0.7830874054421526,,0.7487580675222018,0.5863430123998411
daniel_munoz_mejia,2,0,DEF,Crystal Palace,15,1,0,0,3,0,0,5,1.0,0.0,0.0,-1.6,0.0,0.7200000000000001,0.004,0.096,0.09200000000000001,0.336,0.8,0.0,0.96,0.48,21.6,0.0,0.0,0.0,0.0,0.0,0.4,8.4,0.0,-65868.59999999999,9387.0,75255.59999999999,55.0,0.0,Man City,0.6,0.0,Aston Villa,Aston Villa,0.0,0.0,0.9246212676629649,14969.0,1.4520914507253666,1.3426346379322422
danny_welbeck,2,0,FWD,Chelsea,5,1,0,0,4,0,0,3,0.6000000000000001,0.0,0.0,0.0,0.0,0.0,0.0,0.0,0.0,0.0,0.0,0.0,0.0,0.0,0.0,0.0,0.0,0.0,0.0,0.0,0.0,0.0,0.0,-11573.4,1881.6,13455.0,60.0,0.0,Brighton,3.6,3.0,Liverpool,Liverpool,2.0,1.0,0.3754527090966384,,1.438176658793934,0.5399673227037343
dara_o'shea,2,0,DEF,Ipswich Town,16,0,0,0,2,0,0,4,1.6,0.0,0.0,-2.0,0.0,10.280000000000001,0.07,0.112,0.042,3.1259999999999994,3.4,0.0,3.54,19.200000000000003,90.0,0.0,0.0,0.0,0.0,0.0,1.0,6.199999999999999,1.6,993.0,9383.4,8390.4,40.0,0.0,Man Utd,2.0,1.2000000000000002,Leeds,Leeds,1.0,1.8000000000000003,2.3856421653379805,,0.9879544122637671,2.3569057033281453
dario_luis_essugo,2,0,MID,Chelsea,5,1,0,0,4,0,0,3,0.4,0.0,0.0,0.0,0.0,0.0,0.0,0.0,0.0,0.0,0.0,0.0,0.0,0.0,0.0,0.0,0.0,0.0,0.0,0.0,0.0,0.0,0.0,-981.0,751.1999999999999,1732.2,45.0,0.0,Brighton,3.6,3.0,Liverpool,Liverpool,2.0,1.0,0.13305967373381788,,2.0,0.26611934746763577
darko_gyabi,2,0,MID,Hull City,7,0,0,0,2,0,0,2,0.0,0.0,0.0,0.0,0.0,0.0,0.0,0.0,0.0,0.0,0.0,0.0,0.0,0.0,0.0,0.0,0.0,0.0,0.0,0.0,0.0,0.0,0.0,-277.2,38.4,315.59999999999997,45.0,0.0,Coventry City,1.4,3.0,Bournemouth,Bournemouth,1.0,0.6,0.1073762303941459,,0.6202718698172655,0.06660245520050637
darnell_furlong,2,1,DEF,Ipswich Town,16,0,0,0,2,0,0,4,0.7,0.0,0.0,-0.6,0.0,0.3,0.0,0.0,0.0,0.516,0.6,0.0,0.36,3.0,10.2,0.0,0.0,0.0,0.0,0.0,0.0,0.0,0.6,-2488.2,161.4,2649.6,40.0,0.0,Man Utd,2.0,1.2000000000000002,Leeds,Leeds,1.0,1.8000000000000003,0.7617881568758037,,0.9879544122637671,0.752611970795733
david_akintola,2,0,MID,Hull City,7,0,0,0,2,0,0,2,0.6000000000000001,0.0,0.0,0.0,0.0,0.0,0.0,0.0,0.0,0.0,0.0,0.0,0.0,0.0,0.0,0.0,0.0,0.0,0.0,0.0,0.0,0.0,0.0,-15.6,548.4,564.0,50.0,0.0,Coventry City,1.4,3.0,Bournemouth,Bournemouth,1.0,0.6,0.2843079349688795,,0.6202718698172655,0.1763482144270324
david_brooks,2,1,MID,Bournemouth,9,1,0,0,3,0,0,3,0.74,0.0,0.0,1.7999999999999998,0.0,0.96,0.006,0.006,0.0,0.096,0.6,0.0,0.06,0.0,5.3999999999999995,0.0,0.0,0.0,0.0,0.0,0.0,0.0,0.6,-55.8,361.2,417.0,50.0,0.0,Everton,1.0,0.6,Hull City,Hull City,1.4,3.0,0.8127579381481784,,0.5295769084022708,0.4304178361639164
david_button,2,0,GK,Ipswich Town,16,0,0,0,2,0,0,4,0.4,0.0,0.0,0.0,0.0,0.0,0.0,0.0,0.0,0.0,0.0,0.0,0.0,0.0,0.0,0.0,0.0,0.0,0.0,0.0,0.0,0.0,0.0,84.0,1175.3999999999999,1091.3999999999999,40.0,0.0,Man Utd,2.0,1.2000000000000002,Leeds,Leeds,1.0,1.8000000000000003,0.13702257106395432,,0.7111111111111111,0.09743827275658974
david_raya_martin,2,6,GK,Arsenal,2,0,0,0,5,0,0,3,5.199999999999999,0.0,0.0,22.200000000000003,1.0,0.0,0.0,0.0,0.0,0.278,0.0,0.0,0.84,8.08,90.0,0.0,0.0,0.0,0.0,0.4,1.0,0.0,6.0,14853.599999999999,64040.399999999994,49186.799999999996,60.0,0.0,Aston Villa,1.8000000000000003,3.0,Spurs,Spurs,0.0,0.0,3.6051694157860092,14972.0,2.0,7.2103388315720185
dayann_methalie,2,0,DEF,Sunderland,10,1,0,0,2,0,0,3,0.0,0.0,0.0,0.0,0.0,0.0,0.0,0.0,0.0,0.0,0.0,0.0,0.0,0.0,0.0,0.0,0.0,0.0,0.0,0.0,0.0,0.0,0.0,68.0,95.0,27.0,45.0,0.0,Fulham,1.0,1.7999999999999998,Newcastle,Newcastle,2.0,2.1999999999999997,0.37030243364715876,,0.6129600023189545,0.22698058058707693
dean_henderson,2,1,GK,Crystal Palace,15,1,0,0,3,0,0,5,1.7,0.0,0.0,8.0,0.0,0.0,0.0,0.0,0.0,1.774,3.2,0.0,2.92,29.4,90.0,0.0,0.0,0.0,0.0,3.6,1.0,0.0,1.4,-4722.0,3542.4,8264.4,50.0,0.0,Man City,0.6,0.0,Aston Villa,Aston Villa,0.0,0.0,2.2861814182172173,15210.0,1.5999999999999999,3.6578902691475474
declan_rice,2,5,MID,Arsenal,2,0,0,0,5,0,0,3,3.44,0.0,0.0,15.4,1.0,19.119999999999997,0.092,0.12,0.028000000000000004,0.222,0.0,0.0,3.72,17.119999999999997,77.2,0.0,0.0,0.0,0.0,0.0,1.0,0.8,4.2,-73341.0,21292.2,94633.2,75.0,0.0,Aston Villa,1.8000000000000003,3.0,Spurs,Spurs,0.0,0.0,3.929010125496446,15210.0,1.754184180184576,6.892207405930881
dejan_kulusevski,2,0,MID,Spurs,17,1,0,0,3,0,0,3,0.0,0.0,0.0,0.0,0.0,0.0,0.0,0.0,0.0,0.0,0.0,0.0,0.0,0.0,0.0,0.0,0.0,0.0,0.0,0.0,0.0,0.0,0.0,-99.6,45.0,144.6,65.0,0.0,Newcastle,0.0,0.0,Arsenal,Arsenal,1.8000000000000003,3.0,0.6451938885673059,,0.5,0.32259694428365293
destiny_udogie,2,1,DEF,Spurs,17,1,0,0,3,0,0,3,1.28,0.0,0.0,2.4000000000000004,0.0,7.18,0.122,0.122,0.0,0.32,0.6,0.0,1.14,3.12,14.799999999999999,0.0,0.0,0.0,0.0,0.0,0.0,1.2,1.0,-1804.2,1011.0,2815.2,45.0,0.0,Newcastle,0.0,0.0,Arsenal,Arsenal,1.8000000000000003,3.0,1.6116245291340834,,0.5,0.8058122645670417
diego_coppola,2,0,DEF,Brighton,6,0,0,0,3,0,0,4,0.68,0.0,0.0,0.0,0.0,0.0,0.0,0.0,0.0,0.0,0.0,0.0,0.0,0.0,0.0,0.0,0.0,0.0,0.0,0.0,0.0,0.0,0.0,-19.8,114.6,134.4,45.0,0.0,Chelsea,3.4,1.2000000000000002,Nott'm Forest,Nott'm Forest,1.2,0.6,0.41181782882825724,,2.0,0.8236356576565145
diego_gomez_amarilla,2,5,MID,Brighton,6,0,0,0,3,0,0,4,3.9,1.0,0.0,19.8,0.4,22.22,0.29400000000000004,0.5940000000000001,0.3,1.874,2.4,0.0,7.98,15.96,88.0,0.0,0.0,0.0,0.0,0.0,1.0,41.6,5.4,4248.0,14371.199999999999,10123.199999999999,50.0,0.0,Chelsea,3.4,1.2000000000000002,Nott'm Forest,Nott'm Forest,1.2,0.6,4.295119976004512,14972.0,2.0,8.590239952009023
dilane_bakwa,2,0,MID,Nott'm Forest,14,0,0,0,3,0,0,4,0.8,0.0,0.0,0.0,0.0,0.0,0.0,0.0,0.0,0.0,0.0,0.0,0.0,0.0,0.0,0.0,0.0,0.0,0.0,0.0,0.0,0.0,0.0,-178.79999999999998,64.2,243.0,55.0,0.0,Liverpool,1.2,0.6,Brighton,Brighton,3.4,1.2000000000000002,0.5011236375848895,,1.1334375214651566,0.5679923337318206
dillon_phillips,2,0,GK,Hull City,7,0,0,0,2,0,0,2,0.4,0.0,0.0,0.0,0.0,0.0,0.0,0.0,0.0,0.0,0.0,0.0,0.0,0.0,0.0,0.0,0.0,0.0,0.0,0.0,0.0,0.0,0.0,-2387.4,1869.0,4256.4,40.0,0.0,Coventry City,1.4,3.0,Bournemouth,Bournemouth,1.0,0.6,0.15309223261821492,,2.0,0.30618446523642984
diogo_dalot_teixeira,2,2,DEF,Man Utd,12,1,0,0,4,0,0,2,1.78,0.0,0.0,9.6,0.0,29.84,0.072,0.162,0.09,0.636,0.6,0.0,6.279999999999999,12.879999999999999,47.8,0.0,0.0,0.0,0.0,0.0,0.6,19.8,1.6,-15265.199999999999,4914.0,20179.2,50.0,0.0,Ipswich Town,3.0,1.7999999999999998,Coventry City,Coventry City,0.0,0.0,2.2789346237670722,,1.701839290018332,3.8783804821099483
divine_mukasa,2,0,MID,Man City,8,0,0,0,5,0,0,3,0.4,0.0,0.0,0.0,0.0,0.0,0.0,0.0,0.0,0.0,0.0,0.0,0.0,0.0,0.0,0.0,0.0,0.0,0.0,0.0,0.0,0.0,0.0,-935.4,556.1999999999999,1491.6,45.0,0.0,Crystal Palace,3.2,3.0,Brentford,Brentford,1.8000000000000003,1.8000000000000003,0.13730004636232818,,0.6579989841304714,0.09034329102747857
djed_spence,2,0,DEF,Spurs,17,1,0,0,3,0,0,3,0.0,0.0,0.0,0.0,0.0,0.0,0.0,0.0,0.0,0.0,0.0,0.0,0.0,0.0,0.0,0.0,0.0,0.0,0.0,0.0,0.0,0.0,0.0,-27469.2,0.0,27469.2,45.0,0.0,Newcastle,0.0,0.0,Arsenal,Arsenal,1.8000000000000003,3.0,0.30203474169493627,,0.5,0.15101737084746814
djiamgone_jocelin_ta_bi,2,0,MID,Sunderland,10,1,0,0,2,0,0,3,0.6000000000000001,0.0,0.0,0.0,0.0,0.0,0.0,0.0,0.0,0.0,0.0,0.0,0.0,0.0,0.0,0.0,0.0,0.0,0.0,0.0,0.0,0.0,0.0,-30.0,30.599999999999998,60.599999999999994,50.0,0.0,Fulham,1.0,1.7999999999999998,Newcastle,Newcastle,2.0,2.1999999999999997,0.3268554611035004,,1.0902357587030258,0.3563495116224021
dominic_calvert_lewin,2,8,FWD,Leeds,4,1,0,0,2,0,0,3,3.5,0.0,1.2,17.799999999999997,0.4,2.7199999999999998,0.012,0.616,0.6040000000000001,1.266,0.6,0.6,4.9,23.04,90.0,0.0,0.0,0.0,0.0,0.0,1.0,25.4,5.2,-62773.2,50588.4,113361.59999999999,60.0,0.4,Brentford,1.0,1.8000000000000003,Ipswich Town,Ipswich Town,2.0,1.2000000000000002,4.37622473958286,50210.0,1.4187189303444458,6.208632881487897
dominic_solanke_mitchell,2,1,FWD,Spurs,17,1,0,0,3,0,0,3,1.4,0.0,0.0,4.8,0.0,0.18,0.0,0.148,0.148,0.34,0.0,0.0,0.8,1.92,17.8,0.0,0.0,0.0,0.0,0.0,0.0,5.6,1.0,-7563.599999999999,4927.2,12490.8,60.0,0.0,Newcastle,0.0,0.0,Arsenal,Arsenal,1.8000000000000003,3.0,1.987679588463558,14971.0,0.5,0.993839794231779
dominik_szoboszlai,2,4,MID,Liverpool,18,1,0,0,4,0,0,3,4.6,0.0,0.4,26.0,0.0,43.260000000000005,0.21000000000000002,0.6460000000000001,0.43600000000000005,2.012,2.0,0.4,8.72,33.0,90.0,0.0,0.0,0.0,0.0,0.0,1.0,10.8,5.6,106558.8,147001.8,40443.0,70.0,0.0,Nott'm Forest,2.0,1.0,Chelsea,Chelsea,3.6,3.0,4.699091558656486,14974.0,1.613748177982234,7.5831504409536
dorde_petrovic,2,3,GK,Bournemouth,9,1,0,0,3,0,0,3,2.26,0.0,0.0,17.2,0.0,0.0,0.0,0.0,0.0,2.004,1.4,0.0,3.5200000000000005,35.0,90.0,0.0,0.0,0.0,0.0,4.6,1.0,0.0,2.5999999999999996,6795.0,15226.8,8431.8,45.0,0.0,Everton,1.0,0.6,Hull City,Hull City,1.4,3.0,2.916744736009763,79641.0,0.6666666666666666,1.9444964906731752
dwight_mcneil,2,1,MID,Crystal Palace,15,1,0,0,3,0,0,5,1.7,0.0,0.0,5.6000000000000005,0.0,2.06,0.008,0.028000000000000004,0.020000000000000004,0.512,1.4,0.0,0.7000000000000002,4.08,38.0,0.0,0.0,0.0,0.0,0.0,0.4,0.8,1.4,-813.6,283.2,1096.8,55.0,0.0,Man City,0.6,0.0,Aston Villa,Aston Villa,0.0,0.0,1.7622974821130175,,0.9618915152251227,1.695138995347109
eberechi_eze,2,1,MID,Arsenal,2,0,0,0,5,0,0,3,1.52,0.0,0.0,5.199999999999999,0.0,1.92,0.042,0.058,0.016,0.204,0.0,0.0,0.4,0.96,32.6,0.0,0.0,0.0,0.0,0.0,0.0,1.6,1.0,-23265.6,3429.6,26695.2,65.0,0.0,Aston Villa,1.8000000000000003,3.0,Spurs,Spurs,0.0,0.0,2.427372884072253,,1.754184180184576,4.258059112648555
eddie_nketiah,2,2,FWD,Crystal Palace,15,1,0,0,3,0,0,5,1.62,0.0,0.0,9.600000000000001,0.0,16.16,0.23199999999999998,0.688,0.45599999999999996,1.5419999999999998,2.5999999999999996,0.0,3.58,5.720000000000001,62.199999999999996,0.0,0.0,0.0,0.0,0.0,1.0,14.0,1.6,-1510.2,1957.8,3468.0,55.0,0.0,Man City,0.6,0.0,Aston Villa,Aston Villa,0.0,0.0,1.557649845644712,,0.5,0.778824922822356
el_hadji_malick_diouf,2,0,DEF,Brentford,13,0,0,0,3,0,0,2,1.7,0.0,0.0,0.0,0.0,0.0,0.0,0.0,0.0,0.0,0.0,0.0,0.0,0.0,0.0,0.0,0.0,0.0,0.0,0.0,0.0,0.0,0.0,563.0,600.0,37.0,45.0,0.0,Leeds,1.8000000000000003,1.8000000000000003,Man City,Man City,3.2,3.0,0.6756694899928047,,0.9439801581273838,0.6378185920052566
eliot_matazo,2,0,MID,Hull City,7,0,0,0,2,0,0,2,0.0,0.0,0.0,0.0,0.0,0.0,0.0,0.0,0.0,0.0,0.0,0.0,0.0,0.0,0.0,0.0,0.0,0.0,0.0,0.0,0.0,0.0,0.0,-19.2,38.4,57.599999999999994,45.0,0.0,Coventry City,1.4,3.0,Bournemouth,Bournemouth,1.0,0.6,0.1073762303941459,,0.6202718698172655,0.06660245520050637
elliot_anderson,2,3,MID,Man City,8,0,0,0,5,0,0,3,2.42,0.0,0.0,20.6,0.0,20.439999999999998,0.232,0.274,0.042,0.6160000000000001,1.0,0.0,4.6,17.88,73.4,0.0,0.0,0.0,0.0,0.0,1.0,7.8,2.5999999999999996,-85841.4,6141.599999999999,91983.0,64.4,0.6,Crystal Palace,3.2,3.0,Brentford,Brentford,1.8000000000000003,1.8000000000000003,3.3123717419033363,14971.0,0.6579989841304714,2.1795372412348755
elliot_stroud,2,0,MID,Hull City,7,0,0,0,2,0,0,2,1.5,0.0,0.0,3.2,0.4,4.5,0.018000000000000002,0.024,0.006,1.1179999999999999,0.0,0.0,1.06,3.3600000000000003,62.8,0.0,0.0,0.0,0.0,0.0,1.0,4.2,1.2000000000000002,499.79999999999995,858.0,358.2,50.0,0.6,Coventry City,1.4,3.0,Bournemouth,Bournemouth,1.0,0.6,1.4736332866919635,,0.6202718698172655,0.9140532741613866
ellis_simms,2,0,FWD,Coventry City,11,1,0,0,2,0,0,2,1.16,0.0,0.0,2.8000000000000003,0.0,4.920000000000001,0.004,0.004,0.0,0.6400000000000001,1.2000000000000002,0.0,0.68,1.04,27.6,0.0,0.0,0.0,0.0,0.0,0.4,0.8,0.8,6199.8,11961.6,5761.8,50.0,0.0,Hull City,0.0,0.0,Man Utd,Man Utd,3.0,1.7999999999999998,1.0381278968095715,14970.0,0.6117242201501663,0.6350479780919674
emersonn_correia_da_silva,2,1,FWD,Ipswich Town,16,0,0,0,2,0,0,4,3.72,0.0,1.2000000000000002,20.6,0.0,17.18,0.024,0.35200000000000004,0.328,0.714,1.0,0.4,5.319999999999999,18.840000000000003,53.0,0.0,0.0,0.0,0.0,0.0,1.0,17.2,4.2,35998.2,46084.2,10086.0,55.0,0.0,Man Utd,2.0,1.2000000000000002,Leeds,Leeds,1.0,1.8000000000000003,2.053761456823948,,1.047788980559815,2.1519086231586053
emile_smith_rowe,2,1,MID,Fulham,20,0,0,0,3,0,0,2,1.1,0.0,0.0,3.0,0.0,13.68,0.012,0.048,0.036,0.24599999999999997,0.0,0.0,2.1,3.12,8.4,0.0,0.0,0.0,0.0,0.0,0.0,4.2,0.6,-2000.3999999999999,848.4,2848.7999999999997,55.0,0.0,Sunderland,0.8,0.0,Everton,Everton,1.4,1.8000000000000003,1.222647940566047,,0.5484823121802394,0.6706007694240733
emiliano_buendia_stati,2,2,MID,Aston Villa,1,1,0,0,3,0,0,5,2.08,0.0,0.0,7.0,0.0,14.44,0.048,0.124,0.07600000000000001,2.072,2.2,0.0,2.5,3.0,88.0,0.0,0.0,0.0,0.0,0.0,1.0,8.6,2.0,-10119.6,3012.0,13131.6,60.0,0.0,Arsenal,0.0,0.0,Crystal Palace,Crystal Palace,0.6,0.0,3.1213360696938643,14972.0,0.6308990643584568,1.9692480059181618
emiliano_martinez_romero,2,2,GK,Chelsea,5,1,0,0,4,0,0,3,1.6400000000000001,0.0,0.0,10.799999999999999,0.0,12.0,0.006,0.006,0.0,0.846,1.7999999999999998,0.0,3.36,21.720000000000002,54.0,0.0,0.0,0.0,0.0,2.4,0.6,0.0,1.2,-25373.399999999998,8925.6,4869.0,50.0,0.0,Brighton,3.6,3.0,Liverpool,Liverpool,2.0,1.0,2.2606275555554123,79641.0,0.5,1.1303137777777061
emmanuel_emegha,2,0,FWD,Chelsea,5,1,0,0,4,0,0,3,0.5599999999999999,0.0,0.0,0.0,0.0,0.0,0.0,0.0,0.0,0.0,0.0,0.0,0.0,0.0,0.0,0.0,0.0,0.0,0.0,0.0,0.0,0.0,0.0,-530.4,870.0,1400.3999999999999,50.0,0.0,Brighton,3.6,3.0,Liverpool,Liverpool,2.0,1.0,0.19413193916193627,,1.438176658793934,0.2791960236291008
endo_wataru,2,0,MID,Liverpool,18,1,0,0,4,0,0,3,0.6000000000000001,0.0,0.0,0.0,0.0,0.0,0.0,0.0,0.0,0.0,0.0,0.0,0.0,0.0,0.0,0.0,0.0,0.0,0.0,0.0,0.0,0.0,0.0,-300.0,291.0,591.0,50.0,0.0,Nott'm Forest,2.0,1.0,Chelsea,Chelsea,3.6,3.0,0.3578963388137797,,1.613748177982234,0.5775545646672493
enes_unal,2,0,FWD,Bournemouth,9,1,0,0,3,0,0,3,0.0,0.0,0.0,0.0,0.0,0.0,0.0,0.0,0.0,0.0,0.0,0.0,0.0,0.0,0.0,0.0,0.0,0.0,0.0,0.0,0.0,0.0,0.0,-642.0,0.0,642.0,55.0,0.0,Everton,1.0,0.6,Hull City,Hull City,1.4,3.0,0.30461057399904634,,0.7487580675222018,0.22807962473435459
enis_destan,2,0,FWD,Hull City,7,0,0,0,2,0,0,2,0.0,0.0,0.0,0.0,0.0,0.0,0.0,0.0,0.0,0.0,0.0,0.0,0.0,0.0,0.0,0.0,0.0,0.0,0.0,0.0,0.0,0.0,0.0,-5319.599999999999,0.0,5319.599999999999,45.0,0.0,Coventry City,1.4,3.0,Bournemouth,Bournemouth,1.0,0.6,0.0030096359841202958,,0.5,0.0015048179920601479
enzo_fernandez,2,0,MID,Chelsea,5,1,0,0,4,0,0,3,1.3,0.0,0.0,2.4000000000000004,0.0,4.800000000000001,0.008,0.008,0.0,0.11200000000000002,0.0,0.0,0.6000000000000001,1.36,10.0,0.0,0.0,0.0,0.0,0.0,0.0,0.0,0.4,-44526.6,8972.4,53499.0,70.0,0.0,Brighton,3.6,3.0,Liverpool,Liverpool,2.0,1.0,1.3911966496536725,14970.0,2.0,2.782393299307345
enzo_le_fee,2,3,MID,Sunderland,10,1,0,0,2,0,0,3,2.38,0.0,0.0,13.0,0.6,16.68,0.114,0.336,0.222,1.1920000000000002,0.4,0.0,3.9,3.88,85.0,0.0,0.0,0.0,0.0,0.0,1.0,18.0,2.5999999999999996,-62234.399999999994,6831.599999999999,69066.0,60.0,0.0,Fulham,1.0,1.7999999999999998,Newcastle,Newcastle,2.0,2.1999999999999997,3.5691850623759405,61014.0,1.0902357587030258,3.89125318443094
ephron_mason_clark,2,1,MID,Coventry City,11,1,0,0,2,0,0,2,1.1,0.0,0.0,2.4,0.0,9.6,0.036,0.036,0.0,0.012,0.0,0.0,1.2,2.52,34.199999999999996,0.0,0.0,0.0,0.0,0.0,0.6,0.0,0.6,-653.4,293.4,946.8,55.0,0.0,Hull City,0.0,0.0,Man Utd,Man Utd,3.0,1.7999999999999998,1.0608625279185457,,0.5,0.5304312639592729
erling_haaland,2,13,FWD,Man City,8,0,0,0,5,0,0,3,6.1,0.0,1.7999999999999998,38.4,0.0,2.14,0.008,0.7000000000000001,0.692,0.656,1.0,1.2,9.559999999999999,42.92,90.0,0.0,0.0,0.0,0.0,0.0,1.0,50.599999999999994,8.6,-20548.2,41763.0,62311.2,155.0,0.0,Crystal Palace,3.2,3.0,Brentford,Brentford,1.8000000000000003,1.8000000000000003,5.983287280367598,14974.0,2.0,11.966574560735197
estevao_almeida_de_oliveira_goncalves,2,0,MID,Chelsea,5,1,0,0,4,0,0,3,1.22,0.0,0.0,1.2000000000000002,0.0,0.16000000000000003,0.0,0.0,0.0,0.036,0.0,0.0,0.04000000000000001,0.08000000000000002,2.8000000000000003,0.0,0.0,0.0,0.0,0.0,0.0,0.0,0.4,-10932.0,3338.4,14270.4,65.0,0.0,Brighton,3.6,3.0,Liverpool,Liverpool,2.0,1.0,0.9990277529981699,50210.0,2.0,1.9980555059963399
ethan_ampadu,2,2,MID,Leeds,4,1,0,0,2,0,0,3,2.9000000000000004,0.0,0.0,14.399999999999999,0.4,19.28,0.07,0.076,0.006,1.266,0.6,0.0,3.9000000000000004,19.200000000000003,90.0,0.0,0.0,0.0,0.0,0.0,1.0,0.6,3.2,-2910.0,2754.6,5664.599999999999,55.0,0.0,Brentford,1.0,1.8000000000000003,Ipswich Town,Ipswich Town,2.0,1.2000000000000002,3.4491760368593045,61014.0,1.4680959889349916,5.063721504843835
ethan_nwaneri,2,0,MID,Arsenal,2,0,0,0,5,0,0,3,0.8,0.0,0.0,0.0,0.0,0.0,0.0,0.0,0.0,0.0,0.0,0.0,0.0,0.0,0.0,0.0,0.0,0.0,0.0,0.0,0.0,0.0,0.0,-148.79999999999998,45.6,194.4,55.0,0.0,Aston Villa,1.8000000000000003,3.0,Spurs,Spurs,0.0,0.0,0.3824815233738701,,1.754184180184576,0.67094303751534
ethan_pinnock,2,1,DEF,Coventry City,11,1,0,0,2,0,0,2,0.98,0.0,0.0,-0.6,0.0,0.42,0.0,0.0,0.0,0.324,0.6,0.0,0.3,2.28,7.199999999999999,0.0,0.0,0.0,0.0,0.0,0.0,0.0,0.6,-238.2,344.4,582.6,45.0,0.0,Hull City,0.0,0.0,Man Utd,Man Utd,3.0,1.7999999999999998,0.9943033573773851,,2.0,1.9886067147547701
evan_ferguson,2,0,FWD,Brighton,6,0,0,0,3,0,0,4,0.0,0.0,0.0,0.0,0.0,0.0,0.0,0.0,0.0,0.0,0.0,0.0,0.0,0.0,0.0,0.0,0.0,0.0,0.0,0.0,0.0,0.0,0.0,-183.0,190.79999999999998,373.8,50.0,0.0,Chelsea,3.4,1.2000000000000002,Nott'm Forest,Nott'm Forest,1.2,0.6,0.19161240479853148,,1.0603524672507252,0.20317668618396756
evann_guessand,2,1,MID,Crystal Palace,15,1,0,0,3,0,0,5,1.4,0.0,0.0,3.0,0.0,0.9000000000000001,0.014,0.026000000000000002,0.012,0.176,0.6,0.0,0.6599999999999999,2.6000000000000005,27.0,0.0,0.0,0.0,0.0,0.0,0.0,2.8000000000000003,1.0,-84.0,289.8,373.8,55.0,0.0,Man City,0.6,0.0,Aston Villa,Aston Villa,0.0,0.0,1.9833439494053333,,0.9618915152251227,1.9077617167060752
ewen_jaouen,2,0,GK,Newcastle,19,0,0,0,3,0,0,3,0.76,0.0,0.0,0.0,0.0,0.0,0.0,0.0,0.0,0.0,0.0,0.0,0.0,0.0,0.0,0.0,0.0,0.0,0.0,0.0,0.0,0.0,0.0,-134.4,74.39999999999999,208.79999999999998,45.0,0.0,Spurs,2.0,2.1999999999999997,Sunderland,Sunderland,1.0,1.7999999999999998,0.3889019965844933,,1.7777777777777777,0.6913813272613214
exequiel_palacios,2,1,MID,Ipswich Town,16,0,0,0,2,0,0,4,1.5,0.0,0.0,11.0,0.0,12.0,0.01,0.01,0.0,1.92,2.0,0.0,2.1,7.2,28.0,0.0,0.0,0.0,0.0,0.0,0.0,2.0,1.0,84.0,89.0,5.0,50.0,0.0,Man Utd,2.0,1.2000000000000002,Leeds,Leeds,1.0,1.8000000000000003,1.6453367572891782,,0.7635408209916696,1.2562817784683507
ezri_konsa_ngoyo,2,1,DEF,Arsenal,2,0,0,0,5,0,0,3,0.98,0.0,0.0,1.7999999999999998,0.0,0.06,0.0,0.0,0.0,0.0,0.0,0.0,0.18,1.92,6.6,0.0,0.0,0.0,0.0,0.0,0.0,0.0,0.6,-107859.59999999999,29892.6,137752.19999999998,45.0,0.0,Aston Villa,1.8000000000000003,3.0,Spurs,Spurs,0.0,0.0,0.8780919508599968,50210.0,2.0,1.7561839017199936
fabian_schar,2,0,DEF,Newcastle,19,0,0,0,3,0,0,3,1.1800000000000002,0.0,0.0,-0.4,0.0,0.0,0.0,0.0,0.0,0.31600000000000006,0.4,0.0,0.0,0.0,0.4,0.0,0.0,0.0,0.0,0.0,0.0,0.0,0.4,6.0,1137.0,1131.0,50.0,0.0,Spurs,2.0,2.1999999999999997,Sunderland,Sunderland,1.0,1.7999999999999998,0.8039176668956278,,2.0,1.6078353337912556
fabio_ferreira_vieira,2,0,MID,Arsenal,2,0,0,0,5,0,0,3,0.8,0.0,0.0,0.0,0.0,0.0,0.0,0.0,0.0,0.0,0.0,0.0,0.0,0.0,0.0,0.0,0.0,0.0,0.0,0.0,0.0,0.0,0.0,-81.0,48.0,129.0,55.0,0.0,Aston Villa,1.8000000000000003,3.0,Spurs,Spurs,0.0,0.0,0.3824815233738701,,1.754184180184576,0.67094303751534
fabio_freitas_gouveia_carvalho,2,0,MID,Brentford,13,0,0,0,3,0,0,2,0.44000000000000006,0.0,0.0,0.0,0.0,0.0,0.0,0.0,0.0,0.0,0.0,0.0,0.0,0.0,0.0,0.0,0.0,0.0,0.0,0.0,0.0,0.0,0.0,-54.6,93.0,147.6,50.0,0.0,Leeds,1.8000000000000003,1.8000000000000003,Man City,Man City,3.2,3.0,0.33532073422350983,,1.125077588771921,0.37726184312541666
facundo_buonanotte,2,0,MID,Brighton,6,0,0,0,3,0,0,4,0.0,0.0,0.0,0.0,0.0,0.0,0.0,0.0,0.0,0.0,0.0,0.0,0.0,0.0,0.0,0.0,0.0,0.0,0.0,0.0,0.0,0.0,0.0,-103.8,0.0,103.8,50.0,0.0,Chelsea,3.4,1.2000000000000002,Nott'm Forest,Nott'm Forest,1.2,0.6,0.19136720709961796,,2.0,0.38273441419923593
federico_chiesa,2,0,MID,Liverpool,18,1,0,0,4,0,0,3,0.8,0.0,0.0,0.0,0.0,0.0,0.0,0.0,0.0,0.0,0.0,0.0,0.0,0.0,0.0,0.0,0.0,0.0,0.0,0.0,0.0,0.0,0.0,-1779.0,351.0,2130.0,55.0,0.0,Nott'm Forest,2.0,1.0,Chelsea,Chelsea,3.6,3.0,0.49704778146568307,,1.613748177982234,0.8021099517103577
felipe_rodrigues_da_silva,2,0,DEF,Nott'm Forest,14,0,0,0,3,0,0,4,0.8800000000000001,0.0,0.0,0.0,0.0,0.0,0.0,0.0,0.0,0.0,0.0,0.0,0.0,0.0,0.0,0.0,0.0,0.0,0.0,0.0,0.0,0.0,0.0,-262.2,138.0,400.2,50.0,0.0,Liverpool,1.2,0.6,Brighton,Brighton,3.4,1.2000000000000002,0.69987702117079,,0.5,0.349938510585395
ferdi_kadioglu,2,0,DEF,Brighton,6,0,0,0,3,0,0,4,0.68,0.0,0.0,-2.4,0.0,10.02,0.006,0.018,0.012,1.758,2.4,0.0,1.68,1.68,54.0,0.0,0.0,0.0,0.0,0.0,0.6,4.8,0.0,-29294.399999999998,1548.0,30842.399999999998,45.0,0.0,Chelsea,3.4,1.2000000000000002,Nott'm Forest,Nott'm Forest,1.2,0.6,1.308717740803116,,2.0,2.617435481606232
filip_jorgensen,2,0,GK,Chelsea,5,1,0,0,4,0,0,3,0.0,0.0,0.0,0.0,0.0,0.0,0.0,0.0,0.0,0.0,0.0,0.0,0.0,0.0,0.0,0.0,0.0,0.0,0.0,0.0,0.0,0.0,0.0,-300.59999999999997,0.0,300.59999999999997,50.0,0.0,Brighton,3.6,3.0,Liverpool,Liverpool,2.0,1.0,0.7266883977405456,,0.5,0.3633441988702728
florentino_ibrain_morris_luis,2,0,MID,Ipswich Town,16,0,0,0,2,0,0,4,0.6000000000000001,0.0,0.0,0.0,0.0,0.0,0.0,0.0,0.0,0.0,0.0,0.0,0.0,0.0,0.0,0.0,0.0,0.0,0.0,0.0,0.0,0.0,0.0,-1195.8,128.4,1324.2,50.0,0.0,Man Utd,2.0,1.2000000000000002,Leeds,Leeds,1.0,1.8000000000000003,0.2736562628308945,,0.7635408209916696,0.2089477275914133
florian_wirtz,2,4,MID,Liverpool,18,1,0,0,4,0,0,3,2.84,0.6,0.0,20.2,0.0,21.740000000000002,0.136,0.378,0.24200000000000002,1.5839999999999999,2.0,0.0,6.720000000000001,20.6,78.8,0.0,0.0,0.0,0.0,0.0,1.0,24.8,3.2,-59003.399999999994,14953.8,73957.2,75.0,0.6,Nott'm Forest,2.0,1.0,Chelsea,Chelsea,3.6,3.0,3.6365515673849442,61014.0,1.613748177982234,5.868478466005891
francisco_evanilson_de_lima_barbosa,2,5,FWD,Bournemouth,9,1,0,0,3,0,0,3,3.5,1.0,0.0,13.4,1.0,18.08,0.10800000000000001,0.456,0.348,1.778,0.0,0.0,4.86,16.759999999999998,77.6,0.0,0.0,0.0,0.0,0.0,1.0,14.0,4.6,32159.399999999998,43575.0,11415.6,60.0,0.4,Everton,1.0,0.6,Hull City,Hull City,1.4,3.0,3.5293363619016462,15210.0,0.7487580675222018,2.642619073973315
frank_onyeka,2,0,MID,Coventry City,11,1,0,0,2,0,0,2,1.2000000000000002,0.0,0.0,3.2,0.0,0.6400000000000001,0.004,0.004,0.0,0.752,1.2000000000000002,0.0,0.2,1.4400000000000002,36.0,0.0,0.0,0.0,0.0,0.0,0.4,0.0,0.8,513.6,1473.6,960.0,50.0,0.0,Hull City,0.0,0.0,Man Utd,Man Utd,3.0,1.7999999999999998,1.3081723064084458,,0.5,0.6540861532042229
fraser_forster,2,0,GK,Bournemouth,9,1,0,0,3,0,0,3,0.4,0.0,0.0,0.0,0.0,0.0,0.0,0.0,0.0,0.0,0.0,0.0,0.0,0.0,0.0,0.0,0.0,0.0,0.0,0.0,0.0,0.0,0.0,-654.6,5737.2,6391.8,40.0,0.0,Everton,1.0,0.6,Hull City,Hull City,1.4,3.0,0.2167435261924775,,0.6666666666666666,0.1444956841283183
freddie_woodman,2,0,GK,Liverpool,18,1,0,0,4,0,0,3,0.4,0.0,0.0,0.0,0.0,0.0,0.0,0.0,0.0,0.0,0.0,0.0,0.0,0.0,0.0,0.0,0.0,0.0,0.0,0.0,0.0,0.0,0.0,-1356.0,1957.8,3313.7999999999997,40.0,0.0,Nott'm Forest,2.0,1.0,Chelsea,Chelsea,3.6,3.0,0.5745039845705702,,0.5,0.2872519922852851
gabriel_dos_santos_magalhaes,2,8,DEF,Arsenal,2,0,0,0,5,0,0,3,5.5,0.0,0.0,22.2,1.0,2.64,0.016,0.11399999999999999,0.098,0.278,0.0,0.0,1.9800000000000002,13.56,90.0,0.0,0.0,0.0,0.0,0.0,1.0,3.9999999999999996,6.8,-39205.799999999996,35259.0,74464.8,80.0,0.4,Aston Villa,1.8000000000000003,3.0,Spurs,Spurs,0.0,0.0,4.863080237933687,14972.0,2.0,9.726160475867374
gabriel_fernando_de_jesus,2,0,FWD,Arsenal,2,0,0,0,5,0,0,3,0.8,0.0,0.0,0.0,0.0,0.0,0.0,0.0,0.0,0.0,0.0,0.0,0.0,0.0,0.0,0.0,0.0,0.0,0.0,0.0,0.0,0.0,0.0,-3158.4,1148.3999999999999,4306.8,60.0,0.0,Aston Villa,1.8000000000000003,3.0,Spurs,Spurs,0.0,0.0,0.35876749708212463,,1.0382297024958713,0.3724830717607626
gabriel_gudmundsson,2,0,DEF,Leeds,4,1,0,0,2,0,0,3,0.0,0.0,0.0,0.0,0.0,0.0,0.0,0.0,0.0,0.0,0.0,0.0,0.0,0.0,0.0,0.0,0.0,0.0,0.0,0.0,0.0,0.0,0.0,-555.6,39.6,595.1999999999999,45.0,0.0,Brentford,1.0,1.8000000000000003,Ipswich Town,Ipswich Town,2.0,1.2000000000000002,0.3563801978273229,,1.3455254334027065,0.4795186201377509
gabriel_martinelli_silva,2,0,MID,Arsenal,2,0,0,0,5,0,0,3,0.9199999999999999,0.0,0.0,0.0,0.0,0.0,0.0,0.0,0.0,0.0,0.0,0.0,0.0,0.0,0.0,0.0,0.0,0.0,0.0,0.0,0.0,0.0,0.0,-3430.7999999999997,790.8,4221.599999999999,64.4,0.0,Aston Villa,1.8000000000000003,3.0,Spurs,Spurs,0.0,0.0,0.6199068679288366,,1.754184180184576,1.0874308209085344
george_hemmings,2,2,MID,Aston Villa,1,1,0,0,3,0,0,5,1.6,0.0,0.0,7.800000000000001,0.0,7.219999999999999,0.006,0.006,0.0,2.114,2.2,0.0,1.3199999999999998,5.32,78.0,0.0,0.0,0.0,0.0,0.0,1.0,0.8,2.0,1955.3999999999999,5245.8,3290.4,45.0,0.0,Arsenal,0.0,0.0,Crystal Palace,Crystal Palace,0.6,0.0,2.0591418365703906,,0.6308990643584568,1.2991106580736138
george_hirst,2,0,FWD,Ipswich Town,16,0,0,0,2,0,0,4,0.0,0.0,0.0,0.0,0.0,0.0,0.0,0.0,0.0,0.0,0.0,0.0,0.0,0.0,0.0,0.0,0.0,0.0,0.0,0.0,0.0,0.0,0.0,-5217.0,0.0,5217.0,50.0,0.0,Man Utd,2.0,1.2000000000000002,Leeds,Leeds,1.0,1.8000000000000003,0.20278869520251042,,1.047788980559815,0.21247976021529344
george_shepherd,2,0,MID,Coventry City,11,1,0,0,2,0,0,2,0.4,0.0,0.0,0.0,0.0,0.0,0.0,0.0,0.0,0.0,0.0,0.0,0.0,0.0,0.0,0.0,0.0,0.0,0.0,0.0,0.0,0.0,0.0,-1294.8,607.8,1902.6,45.0,0.0,Hull City,0.0,0.0,Man Utd,Man Utd,3.0,1.7999999999999998,0.2356796213726824,,0.5,0.1178398106863412
georginio_rutter,2,0,FWD,Brighton,6,0,0,0,3,0,0,4,1.8599999999999999,0.4,0.0,8.8,0.4,4.5600000000000005,0.17600000000000002,0.20800000000000002,0.032,0.11599999999999999,0.0,0.0,1.8399999999999999,7.920000000000001,36.0,0.0,0.0,0.0,0.0,0.0,0.4,6.0,2.0,5328.0,14332.199999999999,9004.199999999999,55.0,0.0,Chelsea,3.4,1.2000000000000002,Nott'm Forest,Nott'm Forest,1.2,0.6,1.548468784715722,14972.0,1.0603524672507252,1.6419226963340476
geovany_quenda,2,0,MID,Chelsea,5,1,0,0,4,0,0,3,1.1,0.0,0.0,0.8,0.0,0.12,0.0,0.0,0.0,0.036,0.0,0.0,0.16000000000000003,0.48,3.2,0.0,0.0,0.0,0.0,0.0,0.0,0.8,0.4,-353.4,138.6,492.0,55.0,0.0,Brighton,3.6,3.0,Liverpool,Liverpool,2.0,1.0,0.7772239519241602,,2.0,1.5544479038483203
geronimo_rulli,2,0,GK,Man City,8,0,0,0,5,0,0,3,1.04,0.0,0.0,0.0,0.0,0.0,0.0,0.0,0.0,0.0,0.0,0.0,0.0,0.0,0.0,0.0,0.0,0.0,0.0,0.0,0.0,0.0,0.0,-78.0,56.4,134.4,50.0,0.0,Crystal Palace,3.2,3.0,Brentford,Brentford,1.8000000000000003,1.8000000000000003,0.7774451006049157,,0.6666666666666666,0.5182967337366104
gianluigi_donnarumma,2,0,GK,Man City,8,0,0,0,5,0,0,3,2.2199999999999998,0.0,0.0,7.800000000000001,0.0,0.0,0.0,0.0,0.0,0.656,1.0,0.0,1.5,14.8,90.0,0.6,0.0,0.0,0.0,1.8000000000000003,1.0,0.0,1.2000000000000002,-6566.4,20404.8,26971.2,55.0,0.0,Crystal Palace,3.2,3.0,Brentford,Brentford,1.8000000000000003,1.8000000000000003,4.551096575925074,14969.0,0.6666666666666666,3.0340643839500494
giorgi_mamardashvili,2,0,GK,Liverpool,18,1,0,0,4,0,0,3,1.04,0.0,0.0,0.0,0.0,0.0,0.0,0.0,0.0,0.0,0.0,0.0,0.0,0.0,0.0,0.0,0.0,0.0,0.0,0.0,0.0,0.0,0.0,-828.0,394.8,1222.8,50.0,0.0,Nott'm Forest,2.0,1.0,Chelsea,Chelsea,3.6,3.0,0.8553132324471497,14969.0,0.5,0.42765661622357487
giovanni_leoni,2,0,DEF,Liverpool,18,1,0,0,4,0,0,3,0.0,0.0,0.0,0.0,0.0,0.0,0.0,0.0,0.0,0.0,0.0,0.0,0.0,0.0,0.0,0.0,0.0,0.0,0.0,0.0,0.0,0.0,0.0,-202.2,109.2,311.4,40.0,0.0,Nott'm Forest,2.0,1.0,Chelsea,Chelsea,3.6,3.0,0.30726472186662024,,0.5,0.15363236093331012
gonzalo_garcia,2,2,FWD,Fulham,20,0,0,0,3,0,0,2,3.2,0.0,0.0,14.4,0.0,3.4,0.01,0.46399999999999997,0.45399999999999996,2.108,1.8000000000000003,0.4,5.199999999999999,18.240000000000002,90.0,0.0,0.0,0.0,0.0,0.0,1.0,30.4,3.6000000000000005,81006.59999999999,91330.8,10324.199999999999,60.0,0.0,Sunderland,0.8,0.0,Everton,Everton,1.4,1.8000000000000003,3.4671049051331178,14973.0,0.7934360516727994,2.750926026664217
granit_xhaka,2,6,MID,Sunderland,10,1,0,0,2,0,0,3,5.3,0.4,2.5999999999999996,29.799999999999997,0.6,47.3,0.252,0.252,0.0,1.29,0.8,0.0,6.68,19.759999999999998,90.0,0.0,0.0,0.0,0.0,0.0,1.0,0.0,7.199999999999999,14739.6,25668.6,10929.0,55.0,0.0,Fulham,1.0,1.7999999999999998,Newcastle,Newcastle,2.0,2.1999999999999997,3.4475405653318916,50210.0,1.0902357587030258,3.7586320039040735
guglielmo_vicario,2,0,GK,Spurs,17,1,0,0,3,0,0,3,0.0,0.0,0.0,0.0,0.0,0.0,0.0,0.0,0.0,0.0,0.0,0.0,0.0,0.0,0.0,0.0,0.0,0.0,0.0,0.0,0.0,0.0,0.0,-6862.2,0.0,6862.2,45.0,0.0,Newcastle,0.0,0.0,Arsenal,Arsenal,1.8000000000000003,3.0,0.28822910257303147,,0.5,0.14411455128651574
gustavo_hamer,2,1,MID,Coventry City,11,1,0,0,2,0,0,2,1.4,0.0,0.0,2.4000000000000004,0.0,1.02,0.012,0.012,0.0,0.46599999999999997,0.6,0.0,0.16,0.28,14.600000000000001,0.0,0.0,0.0,0.0,0.0,0.0,0.0,1.0,-625.1999999999999,231.6,856.8,55.0,0.0,Hull City,0.0,0.0,Man Utd,Man Utd,3.0,1.7999999999999998,1.5974140756746678,,0.5,0.7987070378373339
habib_diarra,2,4,MID,Sunderland,10,1,0,0,2,0,0,3,2.3,0.6,0.0,10.2,0.0,6.420000000000001,0.096,0.108,0.012,0.052000000000000005,0.4,0.0,1.6800000000000002,9.28,14.799999999999999,0.0,0.0,0.0,0.0,0.0,0.0,0.8,2.8,-505.2,201.0,706.1999999999999,55.0,0.0,Fulham,1.0,1.7999999999999998,Newcastle,Newcastle,2.0,2.1999999999999997,1.9123112128749418,,1.0902357587030258,2.0848700660450157
haji_wright,2,0,FWD,Coventry City,11,1,0,0,2,0,0,2,0.0,0.0,0.0,0.0,0.0,0.0,0.0,0.0,0.0,0.0,0.0,0.0,0.0,0.0,0.0,0.0,0.0,0.0,0.0,0.0,0.0,0.0,0.0,-3190.7999999999997,64.2,3255.0,55.0,0.0,Hull City,0.0,0.0,Man Utd,Man Utd,3.0,1.7999999999999998,0.15792767675754993,14973.0,0.6117242201501663,0.09660818490463977
hakon_rafn_valdimarsson,2,0,GK,Brentford,13,0,0,0,3,0,0,2,0.76,0.0,0.0,0.0,0.0,0.0,0.0,0.0,0.0,0.0,0.0,0.0,0.0,0.0,0.0,0.0,0.0,0.0,0.0,0.0,0.0,0.0,0.0,-148.79999999999998,385.2,534.0,45.0,0.0,Leeds,1.8000000000000003,1.8000000000000003,Man City,Man City,3.2,3.0,0.7461464547693525,,1.2,0.895375745723223
harrison_armstrong,2,2,MID,Everton,3,0,0,0,3,0,0,3,3.6,0.4,0.0,17.2,0.4,13.26,0.034,0.034,0.0,2.08,0.6,0.0,3.36,18.240000000000002,87.6,0.0,0.0,0.0,0.0,0.0,1.0,1.6,4.4,6191.4,7671.599999999999,1480.2,50.0,0.0,Bournemouth,1.4,1.8000000000000003,Fulham,Fulham,0.8,0.0,3.287076834353324,,1.3969740259534618,4.591960958904924
harrison_reed,2,0,MID,Fulham,20,0,0,0,3,0,0,2,0.4,0.0,0.0,0.0,0.0,0.0,0.0,0.0,0.0,0.0,0.0,0.0,0.0,0.0,0.0,0.0,0.0,0.0,0.0,0.0,0.0,0.0,0.0,-5352.599999999999,3349.2,8701.8,45.0,0.0,Sunderland,0.8,0.0,Everton,Everton,1.4,1.8000000000000003,0.16975297445193727,,0.5484823121802394,0.09310650392687166
harry_amass,2,0,DEF,Man Utd,12,1,0,0,4,0,0,2,0.4,0.0,0.0,0.0,0.0,0.0,0.0,0.0,0.0,0.0,0.0,0.0,0.0,0.0,0.0,0.0,0.0,0.0,0.0,0.0,0.0,0.0,0.0,-655.8,532.8,1188.6,40.0,0.0,Ipswich Town,3.0,1.7999999999999998,Coventry City,Coventry City,0.0,0.0,0.12425016887559082,,1.701839290018332,0.2114538191838933
harry_howell,2,0,MID,Brighton,6,0,0,0,3,0,0,4,0.0,0.0,0.0,0.0,0.0,0.0,0.0,0.0,0.0,0.0,0.0,0.0,0.0,0.0,0.0,0.0,0.0,0.0,0.0,0.0,0.0,0.0,0.0,-919.1999999999999,0.0,919.1999999999999,45.0,0.0,Chelsea,3.4,1.2000000000000002,Nott'm Forest,Nott'm Forest,1.2,0.6,0.07110589540913015,,2.0,0.1422117908182603
harry_maguire,2,4,DEF,Man Utd,12,1,0,0,4,0,0,2,2.38,0.6,0.0,13.8,0.0,12.340000000000002,0.16600000000000004,0.2,0.034,1.6400000000000001,2.0,0.0,3.82,14.48,90.0,0.0,0.0,0.0,0.0,0.0,1.0,11.2,2.8,-32014.8,31771.8,63786.6,50.0,0.0,Ipswich Town,3.0,1.7999999999999998,Coventry City,Coventry City,0.0,0.0,3.0626931704928775,14974.0,1.701839290018332,5.212211570815593
harry_wilson,2,1,MID,Leeds,4,1,0,0,2,0,0,3,2.12,0.0,0.0,7.4,0.4,13.38,0.032,0.038,0.006,0.8899999999999999,0.0,0.0,2.66,7.5200000000000005,53.0,0.0,0.0,0.0,0.0,0.0,0.4,5.199999999999999,1.8000000000000003,-25703.399999999998,8957.4,34660.799999999996,65.0,0.0,Brentford,1.0,1.8000000000000003,Ipswich Town,Ipswich Town,2.0,1.2000000000000002,2.8688221303753085,15210.0,1.4680959889349916,4.211706262571928
harvey_barnes,2,3,MID,Newcastle,19,0,0,0,3,0,0,3,2.38,0.0,0.0,10.2,0.6,14.219999999999999,0.014,0.066,0.052000000000000005,1.8639999999999999,0.8,0.0,2.8400000000000003,6.4,90.0,0.0,0.0,0.0,0.0,0.0,1.0,7.800000000000001,2.5999999999999996,2799.0,8997.0,6198.0,60.0,0.0,Spurs,2.0,2.1999999999999997,Sunderland,Sunderland,1.0,1.7999999999999998,3.252508429768432,,0.8727780418901161,2.8387179385643884
harvey_cartwright,2,0,GK,Hull City,7,0,0,0,2,0,0,2,0.0,0.0,0.0,0.0,0.0,0.0,0.0,0.0,0.0,0.0,0.0,0.0,0.0,0.0,0.0,0.0,0.0,0.0,0.0,0.0,0.0,0.0,0.0,-66.6,0.0,66.6,40.0,0.0,Coventry City,1.4,3.0,Bournemouth,Bournemouth,1.0,0.6,0.1554942075378447,,2.0,0.3109884150756894
harvey_davies,2,0,GK,Liverpool,18,1,0,0,4,0,0,3,0.4,0.0,0.0,0.0,0.0,0.0,0.0,0.0,0.0,0.0,0.0,0.0,0.0,0.0,0.0,0.0,0.0,0.0,0.0,0.0,0.0,0.0,0.0,-41.4,386.4,427.8,40.0,0.0,Nott'm Forest,2.0,1.0,Chelsea,Chelsea,3.6,3.0,0.5745039845705702,,0.5,0.2872519922852851
harvey_elliott,2,0,MID,Liverpool,18,1,0,0,4,0,0,3,0.8,0.0,0.0,0.0,0.0,0.0,0.0,0.0,0.0,0.0,0.0,0.0,0.0,0.0,0.0,0.0,0.0,0.0,0.0,0.0,0.0,0.0,0.0,-501.59999999999997,228.0,729.6,55.0,0.0,Nott'm Forest,2.0,1.0,Chelsea,Chelsea,3.6,3.0,0.49704778146568307,,1.613748177982234,0.8021099517103577
hayden_hackney,2,1,MID,Everton,3,0,0,0,3,0,0,3,1.4,0.0,0.0,8.2,0.4,5.72,0.01,0.014,0.004,1.596,0.0,0.0,1.7000000000000002,8.12,48.0,0.0,0.0,0.0,0.0,0.0,0.4,3.2,1.8000000000000003,-1414.8,506.4,1921.1999999999998,55.0,0.0,Bournemouth,1.4,1.8000000000000003,Fulham,Fulham,0.8,0.0,2.1288920841215466,,1.3969740259534618,2.974006945575733
hidemasa_morita,2,1,MID,Hull City,7,0,0,0,2,0,0,2,0.6200000000000001,0.0,0.0,3.5999999999999996,0.0,8.04,0.0,0.0,0.0,0.654,0.0,0.0,1.44,6.6,27.0,0.0,0.0,0.0,0.0,0.0,0.6,0.0,0.6,-126.0,70.8,196.79999999999998,50.0,0.0,Coventry City,1.4,3.0,Bournemouth,Bournemouth,1.0,0.6,0.37503151146601854,,0.6202718698172655,0.23262149685742256
hugo_ekitike,2,0,FWD,Liverpool,18,1,0,0,4,0,0,3,0.0,0.0,0.0,0.0,0.0,0.0,0.0,0.0,0.0,0.0,0.0,0.0,0.0,0.0,0.0,0.0,0.0,0.0,0.0,0.0,0.0,0.0,0.0,-1858.8,425.4,2284.2,75.0,0.0,Nott'm Forest,2.0,1.0,Chelsea,Chelsea,3.6,3.0,0.6016274160945376,,1.3730257654398987,0.826049943492831
ian_maatsen,2,1,DEF,Aston Villa,1,1,0,0,3,0,0,5,0.98,0.0,0.0,-6.6,0.0,0.6200000000000001,0.0,0.054000000000000006,0.054000000000000006,2.072,2.2,0.0,1.54,6.56,86.4,0.0,0.0,0.0,0.0,0.0,1.0,8.399999999999999,0.6,-3787.2,1527.6,5314.8,45.0,0.6,Arsenal,0.0,0.0,Crystal Palace,Crystal Palace,0.6,0.0,2.2538149836787618,,0.5281965882279315,1.190457384876113
ibrahim_osman,2,1,MID,Brighton,6,0,0,0,3,0,0,4,1.2000000000000002,0.0,0.0,6.4,0.0,6.94,0.026000000000000002,0.026000000000000002,0.0,0.06,0.6,0.0,1.3199999999999998,3.48,14.4,0.0,0.0,0.0,0.0,0.0,0.0,2.8,1.0,45.0,130.79999999999998,85.8,50.0,0.0,Chelsea,3.4,1.2000000000000002,Nott'm Forest,Nott'm Forest,1.2,0.6,1.3733369479128696,,2.0,2.7466738958257393
ibrahim_sangare,2,0,MID,Nott'm Forest,14,0,0,0,3,0,0,4,0.6000000000000001,0.0,0.0,4.0,0.0,5.2,0.004,0.016,0.012,0.188,0.4,0.0,1.36,7.120000000000001,36.0,0.0,0.0,0.0,0.0,0.0,0.4,1.2000000000000002,0.8,-9076.199999999999,1710.0,10786.199999999999,50.0,0.0,Liverpool,1.2,0.6,Brighton,Brighton,3.4,1.2000000000000002,1.290931919288389,,1.1334375214651566,1.4631906749784893
igor_jesus_maciel_da_cruz,2,1,FWD,Nott'm Forest,14,0,0,0,3,0,0,4,1.7,0.0,0.0,5.6,0.0,10.700000000000001,0.032,0.564,0.532,1.238,1.6,0.0,5.319999999999999,7.239999999999999,90.0,0.0,0.0,0.0,0.0,0.0,1.0,35.2,1.4,-28987.8,6142.2,35130.0,60.0,0.6,Liverpool,1.2,0.6,Brighton,Brighton,3.4,1.2000000000000002,3.712018647074169,15210.0,0.910606590255668,3.380188643177667
igor_julio_dos_santos_de_paulo,2,0,DEF,Brighton,6,0,0,0,3,0,0,4,0.68,0.0,0.0,0.0,0.0,0.0,0.0,0.0,0.0,0.0,0.0,0.0,0.0,0.0,0.0,0.0,0.0,0.0,0.0,0.0,0.0,0.0,0.0,-242.39999999999998,282.59999999999997,525.0,45.0,0.0,Chelsea,3.4,1.2000000000000002,Nott'm Forest,Nott'm Forest,1.2,0.6,0.41181782882825724,,2.0,0.8236356576565145
igor_thiago_nascimento_rodrigues,2,2,FWD,Brentford,13,0,0,0,3,0,0,2,1.6,0.0,0.0,-2.220446049250313e-16,0.4,5.32,0.038,0.918,0.88,1.076,0.6,0.0,4.3999999999999995,2.3200000000000003,86.80000000000001,0.0,0.4,0.0,0.0,0.0,1.0,36.2,1.2,-29637.0,55063.2,84700.2,80.0,0.0,Leeds,1.8000000000000003,1.8000000000000003,Man City,Man City,3.2,3.0,3.903018657829792,79641.0,0.5,1.951509328914896
ilia_gruev,2,0,MID,Leeds,4,1,0,0,2,0,0,3,0.0,0.0,0.0,0.0,0.0,0.0,0.0,0.0,0.0,0.0,0.0,0.0,0.0,0.0,0.0,0.0,0.0,0.0,0.0,0.0,0.0,0.0,0.0,-72.0,5.3999999999999995,77.39999999999999,50.0,0.0,Brentford,1.0,1.8000000000000003,Ipswich Town,Ipswich Town,2.0,1.2000000000000002,0.26719830424534896,,1.4680959889349916,0.39227275871282835
iliman_ndiaye,2,4,MID,Everton,3,0,0,0,3,0,0,3,4.78,0.4,0.4,24.0,0.4,24.619999999999997,0.17,0.278,0.108,2.08,0.6,0.0,7.380000000000001,23.88,90.0,0.0,0.0,0.0,0.0,0.0,1.0,25.200000000000003,6.0,37600.799999999996,73612.8,36012.0,60.0,0.0,Bournemouth,1.4,1.8000000000000003,Fulham,Fulham,0.8,0.0,4.840897908625644,14969.0,1.3969740259534618,6.762608640642459
illan_meslier,2,0,GK,Arsenal,2,0,0,0,5,0,0,3,1.04,0.0,0.0,0.0,0.0,0.0,0.0,0.0,0.0,0.0,0.0,0.0,0.0,0.0,0.0,0.0,0.0,0.0,0.0,0.0,0.0,0.0,0.0,-234.6,60.599999999999994,295.2,50.0,0.0,Aston Villa,1.8000000000000003,3.0,Spurs,Spurs,0.0,0.0,0.2607654818133047,,2.0,0.5215309636266094
ismaila_sarr,2,0,MID,Crystal Palace,15,1,0,0,3,0,0,5,0.9199999999999999,0.0,0.0,0.0,0.0,0.0,0.0,0.0,0.0,0.0,0.0,0.0,0.0,0.0,0.0,0.0,0.0,0.0,0.0,0.0,0.0,0.0,0.0,-122685.59999999999,1261.2,123946.79999999999,64.4,0.0,Man City,0.6,0.0,Aston Villa,Aston Villa,0.0,0.0,0.6405844392680908,14971.0,0.9618915152251227,0.6161727369172195
issa_diop,2,2,DEF,Ipswich Town,16,0,0,0,2,0,0,4,1.6,0.0,0.0,7.0,0.0,0.5,0.004,0.004,0.0,3.1259999999999994,3.4,0.0,2.8599999999999994,27.359999999999996,90.0,0.0,0.0,0.0,0.0,0.0,1.0,0.8,2.0,-26646.6,15907.8,42554.4,40.0,0.0,Man Utd,2.0,1.2000000000000002,Leeds,Leeds,1.0,1.8000000000000003,2.2185832451351755,,0.9879544122637671,2.1918591060057633
jack_butland,2,0,GK,Hull City,7,0,0,0,2,0,0,2,0.0,0.0,0.0,0.0,0.0,0.0,0.0,0.0,0.0,0.0,0.0,0.0,0.0,0.0,0.0,0.0,0.0,0.0,0.0,0.0,0.0,0.0,0.0,-968.4,74.39999999999999,1042.8,45.0,0.0,Coventry City,1.4,3.0,Bournemouth,Bournemouth,1.0,0.6,0.29782041141183835,,2.0,0.5956408228236767
jack_clarke,2,0,MID,Ipswich Town,16,0,0,0,2,0,0,4,2.9000000000000004,0.0,0.4,10.8,0.0,0.24,0.0,0.04000000000000001,0.04000000000000001,0.012,0.0,0.4,2.08,13.440000000000001,7.6000000000000005,0.0,0.0,0.0,0.0,0.0,0.0,7.2,2.8000000000000003,455.4,1921.1999999999998,1465.8,55.0,0.0,Man Utd,2.0,1.2000000000000002,Leeds,Leeds,1.0,1.8000000000000003,1.2234027903344122,,0.7635408209916696,0.9341179709354366
jack_fletcher,2,0,MID,Man Utd,12,1,0,0,4,0,0,2,0.6000000000000001,0.0,0.0,0.0,0.0,0.0,0.0,0.0,0.0,0.0,0.0,0.0,0.0,0.0,0.0,0.0,0.0,0.0,0.0,0.0,0.0,0.0,0.0,-76.8,24.599999999999998,101.39999999999999,50.0,0.0,Ipswich Town,3.0,1.7999999999999998,Coventry City,Coventry City,0.0,0.0,0.21769268708101897,,1.4783544843089371,0.32182696014748663
jack_grealish,2,0,MID,Man City,8,0,0,0,5,0,0,3,1.22,0.0,0.0,0.8,0.0,0.24,0.0,0.0,0.0,0.0,0.0,0.0,0.08000000000000002,0.4,3.2,0.0,0.0,0.0,0.0,0.0,0.0,0.0,0.4,-720.6,721.1999999999999,1441.8,65.0,0.0,Crystal Palace,3.2,3.0,Brentford,Brentford,1.8000000000000003,1.8000000000000003,1.0229027048909636,,0.6579989841304714,0.6730689406825654
jack_harrison,2,0,MID,Leeds,4,1,0,0,2,0,0,3,0.0,0.0,0.0,0.0,0.0,0.0,0.0,0.0,0.0,0.0,0.0,0.0,0.0,0.0,0.0,0.0,0.0,0.0,0.0,0.0,0.0,0.0,0.0,-21.599999999999998,0.0,21.599999999999998,50.0,0.0,Brentford,1.0,1.8000000000000003,Ipswich Town,Ipswich Town,2.0,1.2000000000000002,0.26719830424534896,,1.4680959889349916,0.39227275871282835
jack_hinshelwood,2,0,MID,Brighton,6,0,0,0,3,0,0,4,2.08,0.0,1.2000000000000002,21.6,0.4,5.36,0.008,0.572,0.564,0.07600000000000001,0.0,0.8,5.800000000000001,29.12,25.200000000000003,0.0,0.0,0.0,0.0,0.0,0.4,23.6,6.4,61045.799999999996,83896.8,22851.0,60.0,0.0,Chelsea,3.4,1.2000000000000002,Nott'm Forest,Nott'm Forest,1.2,0.6,1.8187547358518765,79641.0,2.0,3.637509471703753
jack_rudoni,2,3,MID,Coventry City,11,1,0,0,2,0,0,2,1.8,0.0,0.0,8.399999999999999,0.6,18.139999999999997,0.054,0.15,0.096,0.128,0.0,0.0,3.38,6.32,50.0,0.0,0.0,0.0,0.0,0.0,0.6,9.200000000000001,2.1999999999999997,-29.4,750.0,779.4,50.0,0.0,Hull City,0.0,0.0,Man Utd,Man Utd,3.0,1.7999999999999998,2.4198582706658356,,0.5,1.2099291353329178
jack_taylor,2,0,MID,Ipswich Town,16,0,0,0,2,0,0,4,0.0,0.0,0.0,0.0,0.0,0.0,0.0,0.0,0.0,0.0,0.0,0.0,0.0,0.0,0.0,0.0,0.0,0.0,0.0,0.0,0.0,0.0,0.0,-463.2,66.6,529.8,45.0,0.0,Man Utd,2.0,1.2000000000000002,Leeds,Leeds,1.0,1.8000000000000003,0.09672455825616089,,0.7635408209916696,0.07385314862096566
jacob_greaves,2,-1,DEF,Ipswich Town,16,0,0,0,2,0,0,4,0.7,0.0,0.0,-2.999999999999999,0.0,1.3,0.006,0.006,0.0,3.1259999999999994,3.4,0.0,1.92,17.599999999999998,90.0,0.6,0.0,0.0,0.0,0.0,1.0,0.0,0.20000000000000007,-2685.0,981.5999999999999,3666.6,40.0,0.6,Man Utd,2.0,1.2000000000000002,Leeds,Leeds,1.0,1.8000000000000003,2.5833944132635143,,0.9879544122637671,2.5522759092012546
jacob_murphy,2,1,MID,Newcastle,19,0,0,0,3,0,0,3,1.1800000000000002,0.0,0.0,1.4,0.0,1.9,0.12,0.12,0.0,0.644,0.4,0.0,0.45999999999999996,1.32,10.4,0.0,0.0,0.0,0.0,0.0,0.0,2.0,0.6,-1179.0,430.2,1609.2,60.0,0.4,Spurs,2.0,2.1999999999999997,Sunderland,Sunderland,1.0,1.7999999999999998,1.5108682288014672,,0.8727780418901161,1.3186526142873325
jacob_ramsey,2,1,MID,Newcastle,19,0,0,0,3,0,0,3,0.9000000000000001,0.0,0.0,2.1999999999999997,0.0,3.04,0.082,0.10600000000000001,0.024,0.8280000000000001,0.4,0.0,0.76,3.24,18.400000000000002,0.0,0.0,0.0,0.0,0.0,0.0,1.6,0.6,-1942.8,865.1999999999999,2808.0,50.0,0.4,Spurs,2.0,2.1999999999999997,Sunderland,Sunderland,1.0,1.7999999999999998,1.4585760531835759,,0.8727780418901161,1.273013151645375
jaden_philogene,2,0,MID,Ipswich Town,16,0,0,0,2,0,0,4,0.8,0.0,0.0,0.0,0.0,0.0,0.0,0.0,0.0,0.0,0.0,0.0,0.0,0.0,0.0,0.0,0.0,0.0,0.0,0.0,0.0,0.0,0.0,-2293.2,63.599999999999994,2356.7999999999997,55.0,0.0,Man Utd,2.0,1.2000000000000002,Leeds,Leeds,1.0,1.8000000000000003,0.4128077054827979,,0.7635408209916696,0.3151955343560229
jahnoah_markelo,2,0,FWD,Coventry City,11,1,0,0,2,0,0,2,0.0,0.0,0.0,0.0,0.0,0.0,0.0,0.0,0.0,0.0,0.0,0.0,0.0,0.0,0.0,0.0,0.0,0.0,0.0,0.0,0.0,0.0,0.0,-354.0,0.0,354.0,50.0,0.0,Hull City,0.0,0.0,Man Utd,Man Utd,3.0,1.7999999999999998,0.06877470380592254,,0.6117242201501663,0.042071152051736636
jaidon_anthony,2,2,MID,Brentford,13,0,0,0,3,0,0,2,1.78,0.0,0.0,6.0,0.6,29.5,0.176,0.254,0.078,0.094,0.0,0.0,4.5200000000000005,6.16,45.2,0.0,0.0,0.0,0.0,0.0,0.6,9.4,1.6,-259.8,1174.8,1434.6,60.0,0.6,Leeds,1.8000000000000003,1.8000000000000003,Man City,Man City,3.2,3.0,2.598009151867038,,1.125077588771921,2.922961872189951
jair_paula_da_cunha_filho,2,1,DEF,Nott'm Forest,14,0,0,0,3,0,0,4,1.28,0.0,0.0,5.6,0.0,0.76,0.0,0.0,0.0,1.238,1.6,0.0,1.78,17.08,90.0,0.0,0.0,0.0,0.0,0.0,1.0,0.0,1.0,-780.0,155.4,935.4,45.0,0.4,Liverpool,1.2,0.6,Brighton,Brighton,3.4,1.2000000000000002,2.5759281611339127,,0.5,1.2879640805669563
jaka_bijol,2,1,DEF,Leeds,4,1,0,0,2,0,0,3,4.18,0.0,0.8,11.200000000000001,0.4,0.28,0.0,0.044000000000000004,0.044000000000000004,0.5940000000000001,0.6,0.0,2.1,14.48,63.0,0.0,0.0,0.0,0.0,0.0,1.0,6.0,4.6,22221.0,27131.399999999998,4910.4,50.0,0.0,Brentford,1.0,1.8000000000000003,Ipswich Town,Ipswich Town,2.0,1.2000000000000002,2.4792309204902887,15210.0,1.3455254334027065,3.3358682587980866
jake_bidwell,2,0,DEF,Coventry City,11,1,0,0,2,0,0,2,0.4,0.0,0.0,0.0,0.0,0.0,0.0,0.0,0.0,0.0,0.0,0.0,0.0,0.0,0.0,0.0,0.0,0.0,0.0,0.0,0.0,0.0,0.0,-142.79999999999998,303.59999999999997,446.4,40.0,0.0,Hull City,0.0,0.0,Man Utd,Man Utd,3.0,1.7999999999999998,0.23265267686413393,,2.0,0.46530535372826787
jake_o'brien,2,0,DEF,Everton,3,0,0,0,3,0,0,3,0.8800000000000001,0.0,0.0,0.0,0.0,0.0,0.0,0.0,0.0,0.0,0.0,0.0,0.0,0.0,0.0,0.0,0.0,0.0,0.0,0.0,0.0,0.0,0.0,-3795.6,841.8,4637.4,50.0,0.0,Bournemouth,1.4,1.8000000000000003,Fulham,Fulham,0.8,0.0,0.5520474649891426,,2.0,1.1040949299782852
james_garner,2,1,MID,Everton,3,0,0,0,3,0,0,3,0.8,0.0,0.0,7.8,0.0,5.380000000000001,0.012,0.012,0.0,0.484,0.6,0.0,1.06,3.96,41.0,0.0,0.0,0.0,0.0,0.0,0.6,0.8,1.0,-69.6,919.8,989.4,60.0,0.6,Bournemouth,1.4,1.8000000000000003,Fulham,Fulham,0.8,0.0,1.5525385239229696,,1.3969740259534618,2.168855992212516
james_hill,2,4,DEF,Bournemouth,9,1,0,0,3,0,0,3,2.5,0.0,0.0,11.4,0.0,12.719999999999999,0.444,0.444,0.0,2.004,1.4,0.0,3.5399999999999996,20.0,90.0,0.0,0.0,0.0,0.0,0.0,1.0,2.4,2.8,1447.2,5491.8,4044.6,55.0,0.0,Everton,1.0,0.6,Hull City,Hull City,1.4,3.0,3.7569581979615982,14969.0,0.7073007680668802,2.657299419013401
james_justin,2,2,DEF,Leeds,4,1,0,0,2,0,0,3,4.279999999999999,0.0,0.8,18.4,0.4,8.0,0.01,0.028,0.018,1.266,0.6,0.0,3.8599999999999994,24.6,90.0,0.0,0.0,0.0,0.0,0.0,1.0,6.199999999999999,5.2,20485.8,26120.399999999998,5634.599999999999,45.0,0.0,Brentford,1.0,1.8000000000000003,Ipswich Town,Ipswich Town,2.0,1.2000000000000002,3.280060677476959,14970.0,1.3455254334027065,4.4134050646493606
james_maddison,2,0,MID,Spurs,17,1,0,0,3,0,0,3,1.16,0.0,0.0,2.4000000000000004,0.0,3.3200000000000003,0.004,0.004,0.0,0.34,0.0,0.0,0.8400000000000001,1.7600000000000002,8.8,0.0,0.0,0.0,0.0,0.0,0.0,3.2,0.4,-20580.0,1611.6,22191.6,65.0,0.0,Newcastle,0.0,0.0,Arsenal,Arsenal,1.8000000000000003,3.0,1.3072659380274472,,0.5,0.6536329690137236
james_mcatee,2,2,MID,Nott'm Forest,14,0,0,0,3,0,0,4,2.3,0.0,0.0,16.8,0.4,28.1,0.16,0.16,0.0,1.186,1.2,0.0,3.7800000000000002,9.559999999999999,83.2,0.0,0.0,0.0,0.0,0.0,1.0,0.0,2.4000000000000004,119.39999999999999,404.4,285.0,55.0,0.0,Liverpool,1.2,0.6,Brighton,Brighton,3.4,1.2000000000000002,2.97460971529744,,1.1334375214651566,3.3715342630329057
james_mcconnell,2,0,MID,Liverpool,18,1,0,0,4,0,0,3,0.4,0.0,0.0,0.0,0.0,0.0,0.0,0.0,0.0,0.0,0.0,0.0,0.0,0.0,0.0,0.0,0.0,0.0,0.0,0.0,0.0,0.0,0.0,-1210.2,529.8,1740.0,45.0,0.0,Nott'm Forest,2.0,1.0,Chelsea,Chelsea,3.6,3.0,0.21874489616187653,,1.613748177982234,0.35299917762414124
james_rowswell,2,0,DEF,Spurs,17,1,0,0,3,0,0,3,0.4,0.0,0.0,0.0,0.0,0.0,0.0,0.0,0.0,0.0,0.0,0.0,0.0,0.0,0.0,0.0,0.0,0.0,0.0,0.0,0.0,0.0,0.0,-216.0,201.0,417.0,40.0,0.0,Newcastle,0.0,0.0,Arsenal,Arsenal,1.8000000000000003,3.0,0.17279577873364205,,0.5,0.08639788936682102
james_tarkowski,2,12,DEF,Everton,3,0,0,0,3,0,0,3,6.52,0.0,1.2,26.2,0.4,7.1000000000000005,0.006,0.08600000000000001,0.08,2.08,0.6,0.6,5.8999999999999995,38.959999999999994,90.0,0.0,0.0,0.0,0.0,0.0,1.0,13.0,9.6,3402.0,25641.6,22239.6,60.0,0.0,Bournemouth,1.4,1.8000000000000003,Fulham,Fulham,0.8,0.0,3.902976333159657,14973.0,2.0,7.805952666319314
james_trafford,2,3,GK,Leeds,4,1,0,0,2,0,0,3,4.64,0.0,0.8,23.200000000000003,0.4,0.0,0.0,0.0,0.0,1.266,0.6,0.0,3.04,30.32,90.0,0.0,0.0,0.0,0.0,3.6,1.0,0.0,5.4,29214.0,38276.4,9062.4,50.0,0.0,Brentford,1.0,1.8000000000000003,Ipswich Town,Ipswich Town,2.0,1.2000000000000002,3.455368114579768,50210.0,1.5999999999999999,5.528588983327628
jamie_bynoe_gittens,2,0,MID,Chelsea,5,1,0,0,4,0,0,3,0.8800000000000001,0.0,0.0,0.0,0.0,0.0,0.0,0.0,0.0,0.0,0.0,0.0,0.0,0.0,0.0,0.0,0.0,0.0,0.0,0.0,0.0,0.0,0.0,-301.2,162.6,463.79999999999995,60.0,0.0,Brighton,3.6,3.0,Liverpool,Liverpool,2.0,1.0,0.5391799231126784,,2.0,1.0783598462253567
jan_paul_van_hecke,2,1,DEF,Spurs,17,1,0,0,3,0,0,3,1.48,0.0,0.0,6.6,0.0,9.339999999999998,0.03,0.096,0.066,1.98,2.4000000000000004,0.0,5.7,27.240000000000002,90.0,0.0,0.0,0.0,0.0,0.0,1.0,20.6,1.0,-37298.4,21962.399999999998,59260.799999999996,50.0,0.0,Newcastle,0.0,0.0,Arsenal,Arsenal,1.8000000000000003,3.0,2.9035833231063597,14970.0,0.5,1.4517916615531798
jannik_schuster,2,0,DEF,Brentford,13,0,0,0,3,0,0,2,0.68,0.0,0.0,0.0,0.0,0.0,0.0,0.0,0.0,0.0,0.0,0.0,0.0,0.0,0.0,0.0,0.0,0.0,0.0,0.0,0.0,0.0,0.0,-638.4,85.2,723.6,45.0,0.0,Leeds,1.8000000000000003,1.8000000000000003,Man City,Man City,3.2,3.0,0.5550112585716411,,0.9439801581273838,0.5239196156289361
jaouen_hadjam,2,0,DEF,Brighton,6,0,0,0,3,0,0,4,1.7,0.0,0.0,0.0,0.0,0.0,0.0,0.0,0.0,0.0,0.0,0.0,0.0,0.0,0.0,0.0,0.0,0.0,0.0,0.0,0.0,0.0,0.0,952.0,1006.0,54.0,45.0,0.0,Chelsea,3.4,1.2000000000000002,Nott'm Forest,Nott'm Forest,1.2,0.6,0.532476060249421,,2.0,1.064952120498842
jarrad_branthwaite,2,4,DEF,Everton,3,0,0,0,3,0,0,3,4.0,0.0,0.0,14.4,0.4,1.22,0.01,0.064,0.054,2.08,0.6,0.0,4.42,21.0,90.0,0.0,0.0,0.0,0.0,0.0,1.0,22.200000000000003,4.800000000000001,6111.0,11461.8,5350.8,55.0,0.0,Bournemouth,1.4,1.8000000000000003,Fulham,Fulham,0.8,0.0,3.8576636739140993,61014.0,2.0,7.7153273478281985
jason_steele,2,0,GK,Brighton,6,0,0,0,3,0,0,4,0.4,0.0,0.0,0.0,0.0,0.0,0.0,0.0,0.0,0.0,0.0,0.0,0.0,0.0,0.0,0.0,0.0,0.0,0.0,0.0,0.0,0.0,0.0,-1998.0,6428.4,8426.4,40.0,0.0,Chelsea,3.4,1.2000000000000002,Nott'm Forest,Nott'm Forest,1.2,0.6,0.08245584629089686,,2.0,0.16491169258179372
jay_dasilva,2,2,DEF,Coventry City,11,1,0,0,2,0,0,2,1.2999999999999998,0.0,0.0,7.4,0.0,5.9,0.038,0.14600000000000002,0.108,1.184,1.8000000000000003,0.0,3.12,14.64,90.0,0.0,0.0,0.0,0.0,0.0,1.0,10.2,1.6,-498.0,1934.3999999999999,2432.4,40.0,0.0,Hull City,0.0,0.0,Man Utd,Man Utd,3.0,1.7999999999999998,2.6053775847676555,,2.0,5.210755169535311
jaydee_canvot,2,0,DEF,Crystal Palace,15,1,0,0,3,0,0,5,1.1800000000000002,0.0,0.0,3.0,0.0,2.58,0.004,0.024,0.020000000000000004,1.774,3.2,0.0,2.9,24.64,90.0,0.0,0.0,0.0,0.0,0.0,1.0,2.0,0.4,-1920.0,492.59999999999997,2412.6,50.0,0.0,Man City,0.6,0.0,Aston Villa,Aston Villa,0.0,0.0,2.270728658901759,,1.4520914507253666,3.297305672508321
jayden_bogle,2,2,DEF,Leeds,4,1,0,0,2,0,0,3,3.08,0.0,0.0,15.0,0.4,7.220000000000001,0.006,0.006,0.0,0.708,0.6,0.0,2.3600000000000003,13.96,76.19999999999999,0.0,0.0,0.0,0.0,0.0,1.0,2.4,3.6000000000000005,1680.6,3555.0,1874.3999999999999,45.0,0.0,Brentford,1.0,1.8000000000000003,Ipswich Town,Ipswich Town,2.0,1.2000000000000002,2.4266921647871453,,1.3455254334027065,3.2651760267601757
jayden_danns,2,0,FWD,Liverpool,18,1,0,0,4,0,0,3,0.0,0.0,0.0,0.0,0.0,0.0,0.0,0.0,0.0,0.0,0.0,0.0,0.0,0.0,0.0,0.0,0.0,0.0,0.0,0.0,0.0,0.0,0.0,-151.79999999999998,185.4,337.2,45.0,0.0,Nott'm Forest,2.0,1.0,Chelsea,Chelsea,3.6,3.0,0.06670957838477287,,1.3730257654398987,0.0915939699239257
jayden_lienou,2,0,DEF,Leeds,4,1,0,0,2,0,0,3,0.4,0.0,0.0,0.0,0.0,0.0,0.0,0.0,0.0,0.0,0.0,0.0,0.0,0.0,0.0,0.0,0.0,0.0,0.0,0.0,0.0,0.0,0.0,701.4,892.8,191.4,40.0,0.0,Brentford,1.0,1.8000000000000003,Ipswich Town,Ipswich Town,2.0,1.2000000000000002,0.22714123486602888,,1.3455254334027065,0.30562430848673944
jean_philippe_mateta,2,0,FWD,Crystal Palace,15,1,0,0,3,0,0,5,1.44,0.0,0.0,-1.2000000000000002,0.0,4.920000000000001,0.008,0.288,0.27999999999999997,0.392,0.8,0.0,1.0,0.5599999999999999,24.8,0.0,0.0,0.0,0.0,0.0,0.4,4.4,0.8,-29089.2,14370.6,43459.799999999996,65.0,0.0,Man City,0.6,0.0,Aston Villa,Aston Villa,0.0,0.0,1.3917101449979055,79641.0,0.5,0.6958550724989527
jefferson_lerma_solis,2,0,MID,Crystal Palace,15,1,0,0,3,0,0,5,0.6000000000000001,0.0,0.0,0.0,0.0,0.0,0.0,0.0,0.0,0.0,0.0,0.0,0.0,0.0,0.0,0.0,0.0,0.0,0.0,0.0,0.0,0.0,0.0,-747.6,122.39999999999999,870.0,50.0,0.0,Man City,0.6,0.0,Aston Villa,Aston Villa,0.0,0.0,0.2640076520612209,,0.9618915152251227,0.25394672047219474
jens_hjerto_dahl,2,0,MID,Hull City,7,0,0,0,2,0,0,2,0.6000000000000001,0.0,0.0,0.0,0.0,0.0,0.0,0.0,0.0,0.0,0.0,0.0,0.0,0.0,0.0,0.0,0.0,0.0,0.0,0.0,0.0,0.0,0.0,-397.2,184.2,581.4,50.0,0.0,Coventry City,1.4,3.0,Bournemouth,Bournemouth,1.0,0.6,0.2843079349688795,,0.6202718698172655,0.1763482144270324
jenson_seelt,2,0,DEF,Sunderland,10,1,0,0,2,0,0,3,0.68,0.0,0.0,0.0,0.0,0.0,0.0,0.0,0.0,0.0,0.0,0.0,0.0,0.0,0.0,0.0,0.0,0.0,0.0,0.0,0.0,0.0,0.0,-41.4,34.8,76.2,45.0,0.0,Fulham,1.0,1.7999999999999998,Newcastle,Newcastle,2.0,2.1999999999999997,0.45074125459460124,,0.6129600023189545,0.27628636046155525
jeremie_frimpong,2,1,DEF,Liverpool,18,1,0,0,4,0,0,3,1.3,0.0,0.0,6.6,0.0,23.4,0.048,0.052000000000000005,0.004,1.97,2.0,0.0,4.3,13.120000000000001,78.0,0.0,0.0,0.0,0.0,0.0,1.0,6.4,0.6,-5429.4,14712.0,20141.399999999998,55.0,0.4,Nott'm Forest,2.0,1.0,Chelsea,Chelsea,3.6,3.0,2.3182567918056844,14969.0,0.5,1.1591283959028422
jeremy_doku,2,0,MID,Man City,8,0,0,0,5,0,0,3,0.0,0.0,0.0,0.0,0.0,0.0,0.0,0.0,0.0,0.0,0.0,0.0,0.0,0.0,0.0,0.0,0.0,0.0,0.0,0.0,0.0,0.0,0.0,-41712.6,296.4,42009.0,75.0,0.0,Crystal Palace,3.2,3.0,Brentford,Brentford,1.8000000000000003,1.8000000000000003,0.821087654582425,79641.0,0.6579989841304714,0.5402748425973071
jeremy_jacquet,2,3,DEF,Liverpool,18,1,0,0,4,0,0,3,2.08,0.0,0.0,11.4,0.0,13.82,0.038,0.038,0.0,1.754,2.0,0.0,3.84,23.44,73.2,0.0,0.0,0.0,0.0,0.0,1.0,1.2,2.1999999999999997,2733.6,13627.199999999999,10893.6,50.0,0.0,Nott'm Forest,2.0,1.0,Chelsea,Chelsea,3.6,3.0,2.4818844895660543,14973.0,0.5,1.2409422447830272
jeremy_monga,2,0,MID,Man City,8,0,0,0,5,0,0,3,0.6000000000000001,0.0,0.0,0.0,0.0,0.0,0.0,0.0,0.0,0.0,0.0,0.0,0.0,0.0,0.0,0.0,0.0,0.0,0.0,0.0,0.0,0.0,0.0,-124.19999999999999,45.6,169.79999999999998,50.0,0.0,Crystal Palace,3.2,3.0,Brentford,Brentford,1.8000000000000003,1.8000000000000003,0.27645148901423133,,0.6579989841304714,0.1819047989327204
jesurun_rak_sakyi,2,0,MID,Crystal Palace,15,1,0,0,3,0,0,5,0.6000000000000001,0.0,0.0,0.0,0.0,0.0,0.0,0.0,0.0,0.0,0.0,0.0,0.0,0.0,0.0,0.0,0.0,0.0,0.0,0.0,0.0,0.0,0.0,-30.599999999999998,23.4,54.0,50.0,0.0,Man City,0.6,0.0,Aston Villa,Aston Villa,0.0,0.0,0.2640076520612209,,0.9618915152251227,0.25394672047219474
joachim_andersen,2,1,DEF,Fulham,20,0,0,0,3,0,0,2,0.3,0.0,0.0,2.4,0.0,7.74,0.024,0.024,0.0,1.212,0.6,0.0,1.9799999999999998,10.68,54.0,0.0,0.0,0.0,0.0,0.0,0.6,1.2,0.6,1010.4,1388.3999999999999,378.0,50.0,0.6,Sunderland,0.8,0.0,Everton,Everton,1.4,1.8000000000000003,1.622800687675674,,0.9126764726232568,1.4810920073984295
joao_gomes,2,0,MID,Aston Villa,1,1,0,0,3,0,0,5,0.0,0.0,0.0,-0.8,0.0,4.4,0.004,0.004,0.0,1.032,1.6,0.0,0.48,0.4,15.600000000000001,0.0,0.0,0.0,0.4,0.0,0.4,0.0,-0.8,-1037.3999999999999,92.39999999999999,1129.8,55.0,0.0,Arsenal,0.0,0.0,Crystal Palace,Crystal Palace,0.6,0.0,-0.619416875276767,,0.6308990643584568,-0.39078952705995124
joao_pedro_junqueira_de_jesus,2,9,FWD,Chelsea,5,1,0,0,4,0,0,3,6.96,1.0,2.0,44.4,0.0,22.700000000000003,0.048,1.038,0.99,1.3780000000000001,2.5999999999999996,1.0,11.7,52.16,90.0,0.6,0.0,0.0,0.0,0.0,1.0,42.4,9.8,226213.8,243112.8,16899.0,75.6,0.0,Brighton,3.6,3.0,Liverpool,Liverpool,2.0,1.0,5.854385265759813,61014.0,1.438176658793934,8.419640240802885
joao_pedro_loureiro_da_costa,2,0,DEF,Brighton,6,0,0,0,3,0,0,4,0.98,0.0,0.0,2.2,0.0,0.94,0.0,0.048,0.048,0.064,0.0,0.0,1.1199999999999999,3.28,16.4,0.0,0.0,0.0,0.0,0.0,0.0,7.2,0.4,35.4,171.0,135.6,45.0,0.6,Chelsea,3.4,1.2000000000000002,Nott'm Forest,Nott'm Forest,1.2,0.6,1.6018053148409166,,2.0,3.203610629681833
joao_victor_de_souza_menezes,2,0,DEF,Spurs,17,1,0,0,3,0,0,3,0.4,0.0,0.0,0.0,0.0,0.0,0.0,0.0,0.0,0.0,0.0,0.0,0.0,0.0,0.0,0.0,0.0,0.0,0.0,0.0,0.0,0.0,0.0,-900.6,715.8,1616.3999999999999,40.0,0.0,Newcastle,0.0,0.0,Arsenal,Arsenal,1.8000000000000003,3.0,0.17279577873364205,,0.5,0.08639788936682102
joe_gelhardt,2,0,MID,Hull City,7,0,0,0,2,0,0,2,0.0,0.0,0.0,0.0,0.0,0.0,0.0,0.0,0.0,0.0,0.0,0.0,0.0,0.0,0.0,0.0,0.0,0.0,0.0,0.0,0.0,0.0,0.0,-145.79999999999998,27.0,172.79999999999998,50.0,0.0,Coventry City,1.4,3.0,Bournemouth,Bournemouth,1.0,0.6,0.22763754208463371,,0.6202718698172655,0.1411971638694422
joe_gomez,2,0,DEF,Liverpool,18,1,0,0,4,0,0,3,0.0,0.0,0.0,0.0,0.0,0.0,0.0,0.0,0.0,0.0,0.0,0.0,0.0,0.0,0.0,0.0,0.0,0.0,0.0,0.0,0.0,0.0,0.0,-198.0,47.4,245.39999999999998,50.0,0.0,Nott'm Forest,2.0,1.0,Chelsea,Chelsea,3.6,3.0,0.6603765547861995,,0.5,0.33018827739309975
joe_rodon,2,1,DEF,Leeds,4,1,0,0,2,0,0,3,2.7800000000000002,0.0,0.0,10.8,0.4,5.94,0.024,0.036,0.012,0.474,0.0,0.0,2.02,10.92,55.8,0.0,0.0,0.0,0.0,0.0,1.0,3.2,3.0000000000000004,5415.599999999999,12960.0,7544.4,45.0,0.0,Brentford,1.0,1.8000000000000003,Ipswich Town,Ipswich Town,2.0,1.2000000000000002,1.4197497885389319,,1.3455254334027065,1.9103094495472472
joe_willock,2,3,MID,Newcastle,19,0,0,0,3,0,0,3,3.3,0.0,0.0,11.200000000000001,0.6,8.14,0.08,0.158,0.078,1.044,0.4,0.4,2.7399999999999998,15.36,55.6,0.0,0.0,0.0,0.0,0.0,0.6,8.4,4.2,4098.599999999999,5257.8,1159.2,50.0,0.0,Spurs,2.0,2.1999999999999997,Sunderland,Sunderland,1.0,1.7999999999999998,2.662604483685959,,0.8727780418901161,2.3238627275992747
joel_drakes_thomas,2,0,MID,Crystal Palace,15,1,0,0,3,0,0,5,0.4,0.0,0.0,0.0,0.0,0.0,0.0,0.0,0.0,0.0,0.0,0.0,0.0,0.0,0.0,0.0,0.0,0.0,0.0,0.0,0.0,0.0,0.0,-353.4,239.39999999999998,592.8,45.0,0.0,Man City,0.6,0.0,Aston Villa,Aston Villa,0.0,0.0,0.12485620940931774,,0.9618915152251227,0.12009812845399387
joel_latibeaudiere,2,0,DEF,Coventry City,11,1,0,0,2,0,0,2,0.4,0.0,0.0,0.0,0.0,0.0,0.0,0.0,0.0,0.0,0.0,0.0,0.0,0.0,0.0,0.0,0.0,0.0,0.0,0.0,0.0,0.0,0.0,-156.0,96.0,252.0,40.0,0.0,Hull City,0.0,0.0,Man Utd,Man Utd,3.0,1.7999999999999998,0.23265267686413393,,2.0,0.46530535372826787
joel_piroe,2,0,FWD,Leeds,4,1,0,0,2,0,0,3,0.0,0.0,0.0,0.0,0.0,0.0,0.0,0.0,0.0,0.0,0.0,0.0,0.0,0.0,0.0,0.0,0.0,0.0,0.0,0.0,0.0,0.0,0.0,-3210.6,0.0,3210.6,50.0,0.0,Brentford,1.0,1.8000000000000003,Ipswich Town,Ipswich Town,2.0,1.2000000000000002,0.08615827931182651,,1.4187189303444458,0.1222343818655925
joelinton_cassio_apolinario_de_lira,2,0,MID,Newcastle,19,0,0,0,3,0,0,3,0.0,0.0,0.0,0.0,0.0,0.0,0.0,0.0,0.0,0.0,0.0,0.0,0.0,0.0,0.0,0.0,0.0,0.0,0.0,0.0,0.0,0.0,0.0,-612.0,28.799999999999997,640.8,55.0,0.0,Spurs,2.0,2.1999999999999997,Sunderland,Sunderland,1.0,1.7999999999999998,0.33842809170896837,,0.8727780418901161,0.295372607202362
johan_manzambi,2,0,MID,Aston Villa,1,1,0,0,3,0,0,5,0.0,0.0,0.0,0.0,0.0,0.0,0.0,0.0,0.0,0.0,0.0,0.0,0.0,0.0,0.0,0.0,0.0,0.0,0.0,0.0,0.0,0.0,0.0,-5134.8,139.2,5274.0,60.0,0.0,Arsenal,0.0,0.0,Crystal Palace,Crystal Palace,0.6,0.0,0.47863745054191775,,0.6308990643584568,0.30197191971381304
john_egan,2,9,DEF,Hull City,7,0,0,0,2,0,0,2,5.5,0.0,0.6,25.8,1.0,0.28,0.0,0.0,0.0,1.5060000000000002,0.0,0.0,3.28,31.64,90.0,0.0,0.0,0.0,0.0,0.0,1.0,0.8,8.6,19038.0,25762.2,6724.2,40.0,0.0,Coventry City,1.4,3.0,Bournemouth,Bournemouth,1.0,0.6,3.3112462601212806,,2.0,6.622492520242561
john_mcginn,2,1,MID,Aston Villa,1,1,0,0,3,0,0,5,1.4,0.0,0.0,4.4,0.0,8.16,0.034,0.08,0.046,2.072,2.2,0.0,1.22,0.6400000000000001,86.4,0.0,0.0,0.0,0.0,0.0,1.0,6.4,1.0,-22228.2,4563.599999999999,26791.8,55.0,1.0,Arsenal,0.0,0.0,Crystal Palace,Crystal Palace,0.6,0.0,2.5743627137707406,,0.6308990643584568,1.6241630274372578
john_victor_maciel_furtado,2,0,GK,Nott'm Forest,14,0,0,0,3,0,0,4,0.76,0.0,0.0,0.0,0.0,0.0,0.0,0.0,0.0,0.0,0.0,0.0,0.0,0.0,0.0,0.0,0.0,0.0,0.0,0.0,0.0,0.0,0.0,-172.79999999999998,106.8,279.59999999999997,45.0,0.0,Liverpool,1.2,0.6,Brighton,Brighton,3.4,1.2000000000000002,0.37419402154401626,,0.5,0.18709701077200813
jonah_kusi_asare,2,0,FWD,Fulham,20,0,0,0,3,0,0,2,0.4,0.0,0.0,0.0,0.0,0.0,0.0,0.0,0.0,0.0,0.0,0.0,0.0,0.0,0.0,0.0,0.0,0.0,0.0,0.0,0.0,0.0,0.0,-12353.4,14212.8,26566.2,45.0,0.0,Sunderland,0.8,0.0,Everton,Everton,1.4,1.8000000000000003,0.1047419207087601,,0.7934360516727994,0.08310601601178404
jordan_henderson,2,0,MID,Chelsea,5,1,0,0,4,0,0,3,0.44000000000000006,0.0,0.0,0.0,0.0,0.0,0.0,0.0,0.0,0.0,0.0,0.0,0.0,0.0,0.0,0.0,0.0,0.0,0.0,0.0,0.0,0.0,0.0,-286.2,128.4,414.59999999999997,50.0,0.0,Brighton,3.6,3.0,Liverpool,Liverpool,2.0,1.0,0.25709901161658877,,2.0,0.5141980232331775
jordan_pickford,2,3,GK,Everton,3,0,0,0,3,0,0,3,4.32,0.0,0.0,26.8,0.4,0.0,0.008,0.008,0.0,2.08,0.6,0.0,3.2,31.68,90.0,0.0,0.0,0.0,0.0,4.0,1.0,0.0,4.6,21209.399999999998,38123.4,16914.0,55.0,0.0,Bournemouth,1.4,1.8000000000000003,Fulham,Fulham,0.8,0.0,2.8801182010521855,14973.0,2.0,5.760236402104371
jorge_cuenca_barreno,2,0,DEF,Fulham,20,0,0,0,3,0,0,2,1.58,0.0,0.0,2.8000000000000003,0.0,8.520000000000001,0.012,0.012,0.0,0.8960000000000001,1.2000000000000002,0.0,2.16,13.12,36.0,0.0,0.0,0.0,0.0,0.0,0.4,0.0,1.2000000000000002,313.2,468.59999999999997,155.4,45.0,0.0,Sunderland,0.8,0.0,Everton,Everton,1.4,1.8000000000000003,1.5078739892013318,,0.9126764726232568,1.3762011136246304
jorgen_strand_larsen,2,2,FWD,Crystal Palace,15,1,0,0,3,0,0,5,1.7,0.0,0.0,9.0,0.0,1.58,0.004,0.134,0.13,1.2619999999999998,1.7999999999999998,0.0,1.48,3.52,48.0,0.0,0.0,0.0,0.0,0.0,0.6,9.200000000000001,1.6,-3756.6,906.0,4662.599999999999,60.0,0.0,Man City,0.6,0.0,Aston Villa,Aston Villa,0.0,0.0,2.1079324739446665,,0.5,1.0539662369723333
jorrel_hato,2,4,DEF,Chelsea,5,1,0,0,4,0,0,3,2.18,0.6,0.0,9.2,0.0,17.34,0.048,0.052,0.004,1.266,2.5999999999999996,0.0,4.34,21.36,79.6,0.0,0.0,0.0,0.0,0.0,1.0,4.4,2.8,-75.6,2614.7999999999997,2690.4,45.0,0.0,Brighton,3.6,3.0,Liverpool,Liverpool,2.0,1.0,2.6952274363767343,,0.6753793248340254,1.82030088625426
josh_acheampong,2,1,DEF,Chelsea,5,1,0,0,4,0,0,3,1.88,0.0,0.0,4.6000000000000005,0.0,0.9400000000000002,0.004,0.004,0.0,0.616,1.4,0.0,1.8400000000000003,17.0,49.2,0.0,0.0,0.0,0.0,0.0,0.4,0.8,1.8000000000000003,2958.6,4839.0,1880.3999999999999,45.0,0.0,Brighton,3.6,3.0,Liverpool,Liverpool,2.0,1.0,2.66062065379118,,0.6753793248340254,1.7969281807969504
josh_dasilva,2,0,MID,Brentford,13,0,0,0,3,0,0,2,0.6000000000000001,0.0,0.0,0.0,0.0,0.0,0.0,0.0,0.0,0.0,0.0,0.0,0.0,0.0,0.0,0.0,0.0,0.0,0.0,0.0,0.0,0.0,0.0,-113.39999999999999,98.39999999999999,211.79999999999998,50.0,0.0,Leeds,1.8000000000000003,1.8000000000000003,Man City,Man City,3.2,3.0,0.3504328389926421,,1.125077588771921,0.3942641335203406
josh_eccles,2,0,MID,Coventry City,11,1,0,0,2,0,0,2,0.6000000000000001,0.0,0.0,0.0,0.0,0.0,0.0,0.0,0.0,0.0,0.0,0.0,0.0,0.0,0.0,0.0,0.0,0.0,0.0,0.0,0.0,0.0,0.0,-138.0,41.4,179.4,50.0,0.0,Hull City,0.0,0.0,Man Utd,Man Utd,3.0,1.7999999999999998,0.37483106402458555,,0.5,0.18741553201229277
josh_king,2,2,MID,Fulham,20,0,0,0,3,0,0,2,3.5,0.0,0.0,18.400000000000002,0.0,8.94,0.034,0.384,0.35,2.108,1.8000000000000003,0.4,6.08,23.0,90.0,0.0,0.0,0.0,0.0,0.0,1.0,29.0,4.0,18311.399999999998,20809.8,2498.4,55.0,0.0,Sunderland,0.8,0.0,Everton,Everton,1.4,1.8000000000000003,3.645962352328038,,0.5484823121802394,1.9997458611269867
joshua_zirkzee,2,0,FWD,Man Utd,12,1,0,0,4,0,0,2,0.7200000000000001,0.0,0.0,0.0,0.0,0.0,0.0,0.0,0.0,0.0,0.0,0.0,0.0,0.0,0.0,0.0,0.0,0.0,0.0,0.0,0.0,0.0,0.0,-6651.599999999999,1227.0,7878.599999999999,55.0,0.0,Ipswich Town,3.0,1.7999999999999998,Coventry City,Coventry City,0.0,0.0,0.3303396318120875,,0.9931955616071986,0.32809185613872144
josko_gvardiol,2,5,DEF,Man City,8,0,0,0,5,0,0,3,5.2,0.6,0.4,22.0,0.0,23.8,0.044000000000000004,0.12,0.07600000000000001,0.656,1.0,0.4,6.72,35.6,80.4,0.0,0.0,0.0,0.0,0.0,1.0,8.0,6.6,115836.59999999999,137050.8,21214.2,55.0,0.0,Crystal Palace,3.2,3.0,Brentford,Brentford,1.8000000000000003,1.8000000000000003,3.665493435505013,14971.0,1.3590020305402573,4.981413021783296
juanlu_sanchez,2,0,DEF,Bournemouth,9,1,0,0,3,0,0,3,0.68,0.0,0.0,0.0,0.0,0.0,0.0,0.0,0.0,0.0,0.0,0.0,0.0,0.0,0.0,0.0,0.0,0.0,0.0,0.0,0.0,0.0,0.0,-607.8,271.2,879.0,45.0,0.0,Everton,1.0,0.6,Hull City,Hull City,1.4,3.0,0.39297452536191324,,0.7073007680668802,0.27795118361919896
jules_ahoka,2,0,MID,Sunderland,10,1,0,0,2,0,0,3,1.0,0.0,0.0,0.0,0.0,0.0,0.0,0.0,0.0,0.0,0.0,0.0,0.0,0.0,0.0,0.0,0.0,0.0,0.0,0.0,0.0,0.0,0.0,2077.0,2475.0,398.0,45.0,0.0,Fulham,1.0,1.7999999999999998,Newcastle,Newcastle,2.0,2.1999999999999997,0.24437441133584326,,1.0902357587030258,0.2664257217503384
julian_araujo_zuniga,2,0,DEF,Bournemouth,9,1,0,0,3,0,0,3,0.0,0.0,0.0,0.0,0.0,0.0,0.0,0.0,0.0,0.0,0.0,0.0,0.0,0.0,0.0,0.0,0.0,0.0,0.0,0.0,0.0,0.0,0.0,-250.79999999999998,52.8,303.59999999999997,45.0,0.0,Everton,1.0,0.6,Hull City,Hull City,1.4,3.0,0.31253570441447076,,0.7073007680668802,0.22105674378067863
julio_enciso,2,5,MID,Ipswich Town,16,0,0,0,2,0,0,4,3.8,1.0,0.0,24.6,0.0,13.04,0.31,0.642,0.332,3.114,3.4,0.0,5.46,21.72,82.0,0.0,0.0,0.0,0.0,0.0,1.0,19.8,5.0,7929.0,10601.4,2672.4,55.0,0.0,Man Utd,2.0,1.2000000000000002,Leeds,Leeds,1.0,1.8000000000000003,3.465143912425332,,0.7635408209916696,2.6457788277475243
julio_soler_barreto,2,0,DEF,Bournemouth,9,1,0,0,3,0,0,3,0.32000000000000006,0.0,0.0,0.0,0.0,0.0,0.0,0.0,0.0,0.0,0.0,0.0,0.0,0.0,0.0,0.0,0.0,0.0,0.0,0.0,0.0,0.0,0.0,-1206.6,249.6,1456.2,40.0,0.0,Everton,1.0,0.6,Hull City,Hull City,1.4,3.0,0.17383335075347772,,0.7073007680668802,0.1229524625035742
jun'ai_byfield,2,0,DEF,Spurs,17,1,0,0,3,0,0,3,0.4,0.0,0.0,0.0,0.0,0.0,0.0,0.0,0.0,0.0,0.0,0.0,0.0,0.0,0.0,0.0,0.0,0.0,0.0,0.0,0.0,0.0,0.0,-143.4,191.4,334.8,40.0,0.0,Newcastle,0.0,0.0,Arsenal,Arsenal,1.8000000000000003,3.0,0.17279577873364205,,0.5,0.08639788936682102
junior_kroupi,2,0,MID,Bournemouth,9,1,0,0,3,0,0,3,0.0,0.0,0.0,0.0,0.0,0.0,0.0,0.0,0.0,0.0,0.0,0.0,0.0,0.0,0.0,0.0,0.0,0.0,0.0,0.0,0.0,0.0,0.0,-7767.599999999999,277.2,8044.799999999999,75.0,0.0,Everton,1.0,0.6,Hull City,Hull City,1.4,3.0,0.8537965285580283,,0.5295769084022708,0.45215092599835177
jurrien_timber,2,0,DEF,Arsenal,2,0,0,0,5,0,0,3,0.0,0.0,0.0,0.0,0.0,0.0,0.0,0.0,0.0,0.0,0.0,0.0,0.0,0.0,0.0,0.0,0.0,0.0,0.0,0.0,0.0,0.0,0.0,-1621.8,240.6,1862.3999999999999,65.0,0.0,Aston Villa,1.8000000000000003,3.0,Spurs,Spurs,0.0,0.0,0.9654825736971384,,2.0,1.9309651473942768
justin_devenny,2,0,MID,Crystal Palace,15,1,0,0,3,0,0,5,0.6000000000000001,0.0,0.0,0.0,0.0,0.0,0.0,0.0,0.0,0.0,0.0,0.0,0.0,0.0,0.0,0.0,0.0,0.0,0.0,0.0,0.0,0.0,0.0,-64.2,41.4,105.6,50.0,0.0,Man City,0.6,0.0,Aston Villa,Aston Villa,0.0,0.0,0.2640076520612209,,0.9618915152251227,0.25394672047219474
justin_kluivert,2,3,MID,Bournemouth,9,1,0,0,3,0,0,3,2.6799999999999997,0.0,0.0,13.2,1.0,21.86,0.03,0.44,0.41,1.778,0.0,0.0,7.380000000000001,11.120000000000001,77.6,0.0,0.0,0.0,0.0,0.0,1.0,41.0,3.0,4038.6,9792.6,5754.0,60.0,0.0,Everton,1.0,0.6,Hull City,Hull City,1.4,3.0,3.6751163421362776,14969.0,0.5295769084022708,1.946256750487192
kaden_braithwaite,2,1,DEF,Man City,8,0,0,0,5,0,0,3,1.0,0.0,0.0,3.0,0.0,0.8,0.0,0.0,0.0,0.0,0.0,0.0,0.1,0.6,1.0,0.0,0.0,0.0,0.0,0.0,0.0,0.0,1.0,0.0,0.0,0.0,40.0,0.0,Crystal Palace,3.2,3.0,Brentford,Brentford,1.8000000000000003,1.8000000000000003,0.838567956509854,,1.3590020305402573,1.1396155556428857
kai_andrews,2,0,MID,Coventry City,11,1,0,0,2,0,0,2,0.0,0.0,0.0,0.0,0.0,0.0,0.0,0.0,0.0,0.0,0.0,0.0,0.0,0.0,0.0,0.0,0.0,0.0,0.0,0.0,0.0,0.0,0.0,-4618.0,2576.0,7194.0,45.0,0.0,Hull City,0.0,0.0,Man Utd,Man Utd,3.0,1.7999999999999998,0.1978993594498517,,0.5,0.09894967972492585
kai_havertz,2,2,FWD,Arsenal,2,0,0,0,5,0,0,3,3.36,0.0,0.0,16.6,1.0,7.32,0.03,0.146,0.116,0.278,0.0,0.4,4.74,16.320000000000004,90.0,0.0,0.0,0.0,0.0,0.0,1.0,23.799999999999997,3.6000000000000005,89269.8,112564.8,23295.0,75.0,0.0,Aston Villa,1.8000000000000003,3.0,Spurs,Spurs,0.0,0.0,4.2664854872997005,14972.0,1.0382297024958713,4.429591958182121
kaine_andrews,1,0,MID,Coventry City,1,0,0,0,2,0,0,4,1.0,0.0,0.0,0.0,0.0,0.0,0.0,0.0,0.0,0.0,0.0,0.0,0.0,0.0,0.0,0.0,0.0,0.0,0.0,0.0,0.0,0.0,0.0,0.0,0.0,0.0,45.0,0.0,Arsenal,0.0,0.0,Man Utd,Man Utd,3.0,1.7999999999999998,0.2923500142569284,,0.5,0.1461750071284642
kaine_kesler_hayden,2,0,DEF,Coventry City,11,1,0,0,2,0,0,2,0.4,0.0,0.0,0.0,0.0,0.0,0.0,0.0,0.0,0.0,0.0,0.0,0.0,0.0,0.0,0.0,0.0,0.0,0.0,0.0,0.0,0.0,0.0,-349.2,100.8,450.0,40.0,0.0,Hull City,0.0,0.0,Man Utd,Man Utd,3.0,1.7999999999999998,0.23265267686413393,,2.0,0.46530535372826787
kalvin_phillips,2,0,MID,Man City,8,0,0,0,5,0,0,3,0.0,0.0,0.0,0.0,0.0,0.0,0.0,0.0,0.0,0.0,0.0,0.0,0.0,0.0,0.0,0.0,0.0,0.0,0.0,0.0,0.0,0.0,0.0,-183.0,0.0,183.0,50.0,0.0,Crystal Palace,3.2,3.0,Brentford,Brentford,1.8000000000000003,1.8000000000000003,0.21978109612998553,,0.6579989841304714,0.14461573798461197
karl_darlow,2,0,GK,Man Utd,12,1,0,0,4,0,0,2,0.5599999999999999,0.0,0.0,0.0,0.0,0.0,0.0,0.0,0.0,0.0,0.0,0.0,0.0,0.0,0.0,0.0,0.0,0.0,0.0,0.0,0.0,0.0,0.0,-9.0,145.2,154.2,45.0,0.0,Ipswich Town,3.0,1.7999999999999998,Coventry City,Coventry City,0.0,0.0,0.05137120742926915,,2.0,0.1027424148585383
kasey_mcateer,2,1,MID,Ipswich Town,16,0,0,0,2,0,0,4,1.0,0.0,0.0,3.4,0.0,0.52,0.0,0.0,0.0,0.12,0.0,0.0,0.12,0.6,13.8,0.0,0.0,0.0,0.0,0.0,0.0,0.0,1.0,-3570.0,3369.0,6939.0,45.0,0.0,Man Utd,2.0,1.2000000000000002,Leeds,Leeds,1.0,1.8000000000000003,1.1904465198718739,,0.7635408209916696,0.9089545131296466
kaye_furo,2,0,FWD,Brentford,13,0,0,0,3,0,0,2,0.4,0.0,0.0,0.0,0.0,0.0,0.0,0.0,0.0,0.0,0.0,0.0,0.0,0.0,0.0,0.0,0.0,0.0,0.0,0.0,0.0,0.0,0.0,-151.2,4914.599999999999,5065.8,45.0,0.0,Leeds,1.8000000000000003,1.8000000000000003,Man City,Man City,3.2,3.0,0.09101651017266055,,0.5,0.045508255086330274
kayne_van_oevelen,2,0,GK,Ipswich Town,16,0,0,0,2,0,0,4,0.76,0.0,0.0,0.0,0.0,0.0,0.0,0.0,0.0,0.0,0.0,0.0,0.0,0.0,0.0,0.0,0.0,0.0,0.0,0.0,0.0,0.0,0.0,-349.8,32.4,382.2,45.0,0.0,Man Utd,2.0,1.2000000000000002,Leeds,Leeds,1.0,1.8000000000000003,0.2771869975102812,,0.7111111111111111,0.19711075378508885
keane_lewis_potter,2,6,MID,Brentford,13,0,0,0,3,0,0,2,5.6,0.6,1.4,32.2,0.4,25.32,0.126,0.44600000000000006,0.32000000000000006,1.104,0.6,0.4,7.6,41.92,88.19999999999999,0.0,0.0,0.0,0.0,0.0,1.0,8.8,7.6,27495.6,31525.199999999997,4029.6,55.0,0.0,Leeds,1.8000000000000003,1.8000000000000003,Man City,Man City,3.2,3.0,3.41119353043441,,1.125077588771921,3.837857392055523
kenny_tete,2,0,DEF,Fulham,20,0,0,0,3,0,0,2,0.68,0.0,0.0,0.0,0.0,0.0,0.0,0.0,0.0,0.0,0.0,0.0,0.0,0.0,0.0,0.0,0.0,0.0,0.0,0.0,0.0,0.0,0.0,-1033.8,202.79999999999998,1236.6,45.0,0.0,Sunderland,0.8,0.0,Everton,Everton,1.4,1.8000000000000003,0.3568143201606866,,0.9126764726232568,0.3256560351057209
kepa_arrizabalaga_revuelta,2,0,GK,Arsenal,2,0,0,0,5,0,0,3,1.04,0.0,0.0,0.0,0.0,0.0,0.0,0.0,0.0,0.0,0.0,0.0,0.0,0.0,0.0,0.0,0.0,0.0,0.0,0.0,0.0,0.0,0.0,-640.1999999999999,193.2,833.4,50.0,0.0,Aston Villa,1.8000000000000003,3.0,Spurs,Spurs,0.0,0.0,0.2607654818133047,,2.0,0.5215309636266094
kevin_danso,2,0,DEF,Spurs,17,1,0,0,3,0,0,3,0.8800000000000001,0.0,0.0,0.0,0.0,0.0,0.0,0.0,0.0,0.0,0.0,0.0,0.0,0.0,0.0,0.0,0.0,0.0,0.0,0.0,0.0,0.0,0.0,-847.1999999999999,612.0,1459.2,50.0,0.0,Newcastle,0.0,0.0,Arsenal,Arsenal,1.8000000000000003,3.0,0.5826879558514161,,0.5,0.29134397792570804
kevin_santos_lopes_de_macedo,2,1,MID,Fulham,20,0,0,0,3,0,0,2,1.4,0.0,0.0,2.0,0.0,1.66,0.028,0.028,0.0,0.114,0.0,0.0,0.33999999999999997,2.08,11.0,0.0,0.0,0.0,0.0,0.0,0.0,0.0,1.0,-265.8,251.39999999999998,517.1999999999999,55.0,0.0,Sunderland,0.8,0.0,Everton,Everton,1.4,1.8000000000000003,1.4400234517586266,,0.5484823121802394,0.7898273924143409
kevin_schade,2,10,MID,Brentford,13,0,0,0,3,0,0,2,4.78,0.0,1.7999999999999998,27.2,0.4,11.379999999999999,0.016,0.374,0.358,1.104,0.6,0.6,8.86,33.12,88.19999999999999,0.0,0.0,0.0,0.0,0.0,1.0,44.0,7.2,-474.59999999999997,14998.8,15473.4,60.0,0.0,Leeds,1.8000000000000003,1.8000000000000003,Man City,Man City,3.2,3.0,3.824949241253991,14973.0,1.125077588771921,4.303364669525029
kieran_dowell,2,0,MID,Hull City,7,0,0,0,2,0,0,2,0.4,0.0,0.0,0.0,0.0,0.0,0.0,0.0,0.0,0.0,0.0,0.0,0.0,0.0,0.0,0.0,0.0,0.0,0.0,0.0,0.0,0.0,0.0,-1525.2,1029.6,2554.7999999999997,45.0,0.0,Coventry City,1.4,3.0,Bournemouth,Bournemouth,1.0,0.6,0.14515649231697636,,0.6202718698172655,0.09003648890556645
kiernan_dewsbury_hall,2,2,MID,Everton,3,0,0,0,3,0,0,3,4.82,0.0,1.2000000000000002,30.4,0.4,42.699999999999996,0.164,0.248,0.08399999999999999,2.064,0.6,0.4,8.78,28.759999999999998,90.0,0.0,0.0,0.0,0.0,0.0,1.0,16.2,5.6000000000000005,63417.6,79588.2,16170.599999999999,65.0,0.0,Bournemouth,1.4,1.8000000000000003,Fulham,Fulham,0.8,0.0,3.6613535453113455,15210.0,1.3969740259534618,5.114815802632571
kim_ji_soo,2,0,DEF,Brentford,13,0,0,0,3,0,0,2,0.68,0.0,0.0,0.0,0.0,0.0,0.0,0.0,0.0,0.0,0.0,0.0,0.0,0.0,0.0,0.0,0.0,0.0,0.0,0.0,0.0,0.0,0.0,-51.6,67.2,118.8,45.0,0.0,Leeds,1.8000000000000003,1.8000000000000003,Man City,Man City,3.2,3.0,0.5550112585716411,,0.9439801581273838,0.5239196156289361
kjell_scherpen,2,2,GK,Ipswich Town,16,0,0,0,2,0,0,4,1.96,0.0,0.0,10.2,0.0,0.0,0.006,0.006,0.0,3.1259999999999994,3.4,0.0,3.32,33.6,90.0,0.0,0.0,0.0,0.0,4.3999999999999995,1.0,0.0,2.0,-1348.2,797.4,2145.6,45.0,0.0,Man Utd,2.0,1.2000000000000002,Leeds,Leeds,1.0,1.8000000000000003,2.1060120072072546,,0.7111111111111111,1.4976085384584923
kobbie_mainoo,2,4,MID,Man Utd,12,1,0,0,4,0,0,2,2.3,0.0,0.0,17.8,0.0,5.32,0.166,0.27799999999999997,0.11200000000000002,0.664,0.6,0.0,2.1399999999999997,10.239999999999998,56.6,0.0,0.0,0.0,0.0,0.0,0.6,6.199999999999999,2.8,-6139.8,2076.0,8215.8,55.0,0.0,Ipswich Town,3.0,1.7999999999999998,Coventry City,Coventry City,0.0,0.0,2.9774379955510053,,1.4783544843089371,4.4017088124746415
konstantinos_tzolakis,2,10,GK,Hull City,7,0,0,0,2,0,0,2,6.76,0.0,3.0,35.6,1.0,0.0,0.0,0.0,0.0,1.5060000000000002,0.0,0.0,2.96,29.560000000000002,90.0,0.0,0.0,0.0,0.0,3.8,1.0,0.0,10.0,53733.0,61182.0,7449.0,45.0,0.0,Coventry City,1.4,3.0,Bournemouth,Bournemouth,1.0,0.6,3.652605345008382,,2.0,7.305210690016764
kosta_nedeljkovic,2,0,DEF,Aston Villa,1,1,0,0,3,0,0,5,0.0,0.0,0.0,0.0,0.0,0.0,0.0,0.0,0.0,0.0,0.0,0.0,0.0,0.0,0.0,0.0,0.0,0.0,0.0,0.0,0.0,0.0,0.0,-4342.8,0.0,4342.8,40.0,0.0,Arsenal,0.0,0.0,Crystal Palace,Crystal Palace,0.6,0.0,0.007148536661343519,,0.5281965882279315,0.0037758326753439347
kostas_tsimikas,2,1,DEF,Liverpool,18,1,0,0,4,0,0,3,1.1800000000000002,0.0,0.0,2.4,0.0,0.78,0.006,0.03,0.024,0.042,0.0,0.0,0.84,2.16,11.4,0.0,0.0,0.0,0.0,0.0,0.0,5.3999999999999995,0.6,-385.8,203.4,589.1999999999999,50.0,0.0,Nott'm Forest,2.0,1.0,Chelsea,Chelsea,3.6,3.0,1.5637776571294115,,0.5,0.7818888285647058
kristoffer_ajer,2,3,DEF,Brentford,13,0,0,0,3,0,0,2,3.98,0.0,0.0,15.8,0.4,12.959999999999999,0.014,0.058,0.044000000000000004,1.104,0.6,0.0,5.8999999999999995,30.679999999999996,90.0,0.0,0.0,0.0,0.0,0.0,1.0,15.2,5.0,33645.6,41986.799999999996,8341.199999999999,45.0,0.6,Leeds,1.8000000000000003,1.8000000000000003,Man City,Man City,3.2,3.0,4.199482090585411,,0.9439801581273838,3.9642277679239326
lamare_bogarde,2,0,MID,Aston Villa,1,1,0,0,3,0,0,5,0.9000000000000001,0.0,0.0,1.2000000000000002,0.0,0.2,0.0,0.0,0.0,0.08800000000000001,0.0,0.0,0.12,0.8800000000000001,6.4,0.0,0.0,0.0,0.0,0.0,0.0,0.0,0.4,-209.4,381.59999999999997,591.0,50.0,0.0,Arsenal,0.0,0.0,Crystal Palace,Crystal Palace,0.6,0.0,0.7485419838254831,,0.6308990643584568,0.47225443722852034
leif_davis,2,6,DEF,Ipswich Town,16,0,0,0,2,0,0,4,2.8,0.0,0.0,4.6,0.0,9.739999999999998,0.076,0.4,0.324,3.1259999999999994,3.4,0.6,7.4399999999999995,34.28,90.0,0.0,0.0,0.0,0.0,0.0,1.0,30.0,4.3999999999999995,-8380.8,4393.2,12774.0,40.0,0.0,Man Utd,2.0,1.2000000000000002,Leeds,Leeds,1.0,1.8000000000000003,2.406103245539592,,0.9879544122637671,2.3771203177930103
leny_yoro,2,1,DEF,Man Utd,12,1,0,0,4,0,0,2,1.1800000000000002,0.0,0.0,-1.2,0.0,1.08,0.006,0.006,0.0,0.6,0.6,0.0,0.24,1.08,9.6,0.0,0.0,0.0,0.0,0.0,0.0,0.0,0.6,-5524.8,921.5999999999999,6446.4,50.0,0.0,Ipswich Town,3.0,1.7999999999999998,Coventry City,Coventry City,0.0,0.0,1.0820963693798373,,1.701839290018332,1.841554116996797
leo_fuhr_hjelde,2,0,DEF,Sunderland,10,1,0,0,2,0,0,3,0.0,0.0,0.0,0.0,0.0,0.0,0.0,0.0,0.0,0.0,0.0,0.0,0.0,0.0,0.0,0.0,0.0,0.0,0.0,0.0,0.0,0.0,0.0,-594.0,0.0,594.0,40.0,0.0,Fulham,1.0,1.7999999999999998,Newcastle,Newcastle,2.0,2.1999999999999997,0.19374651718736913,,0.6129600023189545,0.11875886562445914
leo_shahar,2,0,DEF,Newcastle,19,0,0,0,3,0,0,3,0.4,0.0,0.0,0.0,0.0,0.0,0.0,0.0,0.0,0.0,0.0,0.0,0.0,0.0,0.0,0.0,0.0,0.0,0.0,0.0,0.0,0.0,0.0,2008.8,2395.7999999999997,387.0,40.0,0.0,Spurs,2.0,2.1999999999999997,Sunderland,Sunderland,1.0,1.7999999999999998,0.2026099606317493,,2.0,0.4052199212634986
leon_bailey,2,0,MID,Aston Villa,1,1,0,0,3,0,0,5,0.8,0.0,0.0,0.0,0.0,0.0,0.0,0.0,0.0,0.0,0.0,0.0,0.0,0.0,0.0,0.0,0.0,0.0,0.0,0.0,0.0,0.0,0.0,-993.0,601.1999999999999,1594.2,55.0,0.0,Arsenal,0.0,0.0,Crystal Palace,Crystal Palace,0.6,0.0,0.4339366626970911,,0.6308990643584568,0.273770234486426
leon_goretzka,2,0,MID,Aston Villa,1,1,0,0,3,0,0,5,2.2,0.0,0.0,0.0,0.0,0.0,0.0,0.0,0.0,0.0,0.0,0.0,0.0,0.0,0.0,0.0,0.0,0.0,0.0,0.0,0.0,0.0,0.0,205.0,212.0,7.0,60.0,0.0,Arsenal,0.0,0.0,Crystal Palace,Crystal Palace,0.6,0.0,0.6864288911174861,,0.6308990643584568,0.43306734515463496
levi_samuels_colwill,2,1,DEF,Chelsea,5,1,0,0,4,0,0,3,1.1800000000000002,0.0,0.0,3.6000000000000005,0.0,0.8800000000000001,0.012,0.016,0.004,1.318,2.0,0.0,1.44,10.32,78.6,0.0,0.0,0.0,0.0,0.0,1.0,2.8000000000000003,0.6,-4324.8,6342.599999999999,10667.4,50.0,0.4,Brighton,3.6,3.0,Liverpool,Liverpool,2.0,1.0,2.286426946649673,14971.0,0.6753793248340254,1.5442054875105784
lewie_coyle,2,0,DEF,Hull City,7,0,0,0,2,0,0,2,2.1999999999999997,0.0,0.0,10.4,0.4,4.7,0.004,0.004,0.0,1.1179999999999999,0.0,0.0,0.98,5.08,54.6,0.0,0.0,0.0,0.0,0.0,1.0,0.0,2.4000000000000004,-1474.8,1573.8,3048.6,40.0,0.6,Coventry City,1.4,3.0,Bournemouth,Bournemouth,1.0,0.6,0.724922409200031,,2.0,1.449844818400062
lewis_cook,2,3,MID,Bournemouth,9,1,0,0,3,0,0,3,2.4,0.0,0.0,11.0,1.0,8.52,0.006,0.006,0.0,1.778,0.0,0.0,1.3,4.119999999999999,70.8,0.0,0.0,0.0,0.0,0.0,1.0,0.0,3.0,931.1999999999999,1955.3999999999999,1024.2,50.0,0.0,Everton,1.0,0.6,Hull City,Hull City,1.4,3.0,2.2724186293750788,,0.5295769084022708,1.2034204323401798
lewis_dunk,2,-1,DEF,Brighton,6,0,0,0,3,0,0,4,2.18,0.0,0.0,7.200000000000001,0.4,3.7600000000000007,0.022,0.022,0.0,1.874,2.4,0.0,1.82,14.240000000000002,90.0,0.0,0.0,0.0,0.0,0.0,1.0,0.0,1.8000000000000003,4819.8,8005.799999999999,3186.0,45.0,0.6,Chelsea,3.4,1.2000000000000002,Nott'm Forest,Nott'm Forest,1.2,0.6,2.253456487863188,,2.0,4.506912975726376
lewis_hall,2,11,DEF,Newcastle,19,0,0,0,3,0,0,3,5.08,0.0,1.7999999999999998,34.4,0.6,22.46,0.32599999999999996,0.344,0.018,1.8639999999999999,0.8,0.0,5.680000000000001,32.2,90.0,0.0,0.0,0.0,0.0,0.0,1.0,2.4,7.8,19959.0,31620.6,11661.6,50.0,0.0,Spurs,2.0,2.1999999999999997,Sunderland,Sunderland,1.0,1.7999999999999998,3.7259978793229083,14973.0,2.0,7.4519957586458165
lewis_koumas,2,0,MID,Liverpool,18,1,0,0,4,0,0,3,0.9000000000000001,0.0,0.0,1.6,0.0,0.2,0.0,0.012,0.012,0.192,0.0,0.0,0.36000000000000004,0.48,4.800000000000001,0.0,0.0,0.0,0.0,0.0,0.0,2.8000000000000003,0.4,-32.4,93.6,126.0,50.0,0.0,Nott'm Forest,2.0,1.0,Chelsea,Chelsea,3.6,3.0,0.7985006942814957,,1.613748177982234,1.2885790405143127
lewis_miley,2,3,MID,Newcastle,19,0,0,0,3,0,0,3,2.5999999999999996,0.0,0.0,14.8,0.6,17.38,0.028,0.048,0.020000000000000004,1.448,0.4,0.0,3.16,12.96,84.0,0.0,0.0,0.0,0.0,0.0,1.0,1.2000000000000002,3.0,514.1999999999999,834.6,320.4,55.0,0.4,Spurs,2.0,2.1999999999999997,Sunderland,Sunderland,1.0,1.7999999999999998,3.1149564329444424,,0.8727780418901161,2.718665576118271
liam_delap,2,1,FWD,Nott'm Forest,14,0,0,0,3,0,0,4,1.02,0.0,0.0,5.3999999999999995,0.0,6.06,0.0,0.042,0.042,0.198,0.6,0.0,1.26,2.4,14.399999999999999,0.0,0.0,0.0,0.0,0.0,0.0,4.2,0.6,105.0,4644.0,4539.0,55.0,0.0,Liverpool,1.2,0.6,Brighton,Brighton,3.4,1.2000000000000002,1.3512292764001077,14974.0,0.910606590255668,1.2304382840363357
liam_kitching,2,0,DEF,Coventry City,11,1,0,0,2,0,0,2,0.4,0.0,0.0,0.0,0.0,0.0,0.0,0.0,0.0,0.0,0.0,0.0,0.0,0.0,0.0,0.0,0.0,0.0,0.0,0.0,0.0,0.0,0.0,-2559.6,312.0,2871.6,40.0,0.0,Hull City,0.0,0.0,Man Utd,Man Utd,3.0,1.7999999999999998,0.23265267686413393,,2.0,0.46530535372826787
liam_millar,2,6,MID,Hull City,7,0,0,0,2,0,0,2,2.4,0.0,0.0,15.2,0.0,0.6,0.0,0.348,0.348,0.388,0.0,0.6,3.04,21.2,26.2,0.0,0.0,0.0,0.0,0.0,0.0,8.6,3.5999999999999996,-409.2,183.0,592.1999999999999,50.0,0.4,Coventry City,1.4,3.0,Bournemouth,Bournemouth,1.0,0.6,2.2407569193959116,,0.6202718698172655,1.3898784841996776
lisandro_martinez,2,1,DEF,Man Utd,12,1,0,0,4,0,0,2,1.1800000000000002,0.0,0.0,1.2,0.0,1.08,0.036,0.054,0.018,1.236,1.2,0.0,0.6,2.88,54.0,0.0,0.0,0.0,0.0,0.0,0.6,1.7999999999999998,0.6,-7680.0,4065.0,11745.0,50.0,0.0,Ipswich Town,3.0,1.7999999999999998,Coventry City,Coventry City,0.0,0.0,1.5927246342127335,,1.701839290018332,2.7105613606833057
loum_tchaouna,2,1,MID,Coventry City,11,1,0,0,2,0,0,2,1.7,0.0,0.0,8.600000000000001,0.0,13.5,0.086,0.132,0.046,0.7160000000000001,1.2000000000000002,0.0,2.3,4.92,67.19999999999999,0.0,0.0,0.0,0.0,0.0,1.0,4.2,1.4,786.6,1657.2,870.6,55.0,0.0,Hull City,0.0,0.0,Man Utd,Man Utd,3.0,1.7999999999999998,2.022899714022122,,0.5,1.011449857011061
luc_de_fougerolles,2,0,DEF,Fulham,20,0,0,0,3,0,0,2,0.4,0.0,0.0,0.0,0.0,0.0,0.0,0.0,0.0,0.0,0.0,0.0,0.0,0.0,0.0,0.0,0.0,0.0,0.0,0.0,0.0,0.0,0.0,1546.2,1830.6,284.4,40.0,0.0,Sunderland,0.8,0.0,Everton,Everton,1.4,1.8000000000000003,0.1471365362519501,,0.9126764726232568,0.13428805490043377
luca_netz,2,1,DEF,Nott'm Forest,14,0,0,0,3,0,0,4,1.28,0.0,0.0,2.2,0.0,0.36000000000000004,0.0,0.0,0.0,0.052000000000000005,0.4,0.0,0.16,1.2,8.8,0.0,0.0,0.0,0.0,0.0,0.0,0.0,1.0,-105.6,67.2,172.79999999999998,45.0,0.0,Liverpool,1.2,0.6,Brighton,Brighton,3.4,1.2000000000000002,1.3699075299568193,,0.5,0.6849537649784097
luca_williams_barnett,2,0,MID,Spurs,17,1,0,0,3,0,0,3,0.4,0.0,0.0,0.0,0.0,0.0,0.0,0.0,0.0,0.0,0.0,0.0,0.0,0.0,0.0,0.0,0.0,0.0,0.0,0.0,0.0,0.0,0.0,1231.2,1581.6,350.4,45.0,0.0,Newcastle,0.0,0.0,Arsenal,Arsenal,1.8000000000000003,3.0,0.20192890372818484,,0.5,0.10096445186409242
lucas_bergvall,2,0,MID,Spurs,17,1,0,0,3,0,0,3,1.1,0.0,0.0,0.8,0.0,0.8,0.004,0.004,0.0,0.68,0.8,0.0,0.0,0.0,18.0,0.0,0.0,0.0,0.0,0.0,0.4,0.8,0.4,-938.4,381.0,1319.3999999999999,55.0,0.0,Newcastle,0.0,0.0,Arsenal,Arsenal,1.8000000000000003,3.0,0.5575298764703143,,0.5,0.27876493823515713
lucas_digne,2,0,DEF,Aston Villa,1,1,0,0,3,0,0,5,0.0,0.0,0.0,0.0,0.0,0.0,0.0,0.0,0.0,0.0,0.0,0.0,0.0,0.0,0.0,0.0,0.0,0.0,0.0,0.0,0.0,0.0,0.0,-2986.2,0.0,2986.2,45.0,0.0,Arsenal,0.0,0.0,Crystal Palace,Crystal Palace,0.6,0.0,0.18370445312113315,,0.5281965882279315,0.09703206538086051
lucas_estella_perri,2,0,GK,Leeds,4,1,0,0,2,0,0,3,0.76,0.0,0.0,0.0,0.0,0.0,0.0,0.0,0.0,0.0,0.0,0.0,0.0,0.0,0.0,0.0,0.0,0.0,0.0,0.0,0.0,0.0,0.0,-3018.6,196.79999999999998,3215.4,45.0,0.0,Brentford,1.0,1.8000000000000003,Ipswich Town,Ipswich Town,2.0,1.2000000000000002,0.3323346588569773,,1.5999999999999999,0.5317354541711636
lucas_gourna_douath,2,1,MID,Hull City,7,0,0,0,2,0,0,2,0.9000000000000001,0.0,0.0,3.5999999999999996,0.0,0.54,0.006,0.006,0.0,0.12,0.0,0.0,0.84,7.68,27.0,0.0,0.0,0.0,0.0,0.0,0.0,0.0,0.6,-106.8,81.0,187.79999999999998,50.0,0.0,Coventry City,1.4,3.0,Bournemouth,Bournemouth,1.0,0.6,1.5026971896582846,,0.6202718698172655,0.9320807955984941
lucas_herrington,2,1,DEF,Hull City,7,0,0,0,2,0,0,2,1.0,0.0,0.0,3.4,0.0,0.12,0.0,0.0,0.0,0.504,0.0,0.0,0.5,5.0,29.0,0.0,0.0,0.0,0.0,0.0,0.0,0.0,1.0,-498.59999999999997,1662.6,2161.2,40.0,0.0,Coventry City,1.4,3.0,Bournemouth,Bournemouth,1.0,0.6,1.5421514111737584,,2.0,3.084302822347517
luka_lynch,2,0,MID,Aston Villa,1,1,0,0,3,0,0,5,0.4,0.0,0.0,0.0,0.0,0.0,0.0,0.0,0.0,0.0,0.0,0.0,0.0,0.0,0.0,0.0,0.0,0.0,0.0,0.0,0.0,0.0,0.0,1662.6,2161.7999999999997,499.2,45.0,0.0,Arsenal,0.0,0.0,Crystal Palace,Crystal Palace,0.6,0.0,0.15563377739328454,,0.6308990643584568,0.09818920453999556
luka_vuskovic,2,0,DEF,Brighton,6,0,0,0,3,0,0,4,2.6799999999999997,0.0,0.0,6.4,0.4,6.78,0.024,0.094,0.07,1.874,2.4,0.0,3.3200000000000003,18.64,90.0,0.0,0.0,0.0,0.0,0.0,1.0,7.800000000000001,2.4000000000000004,5303.4,12711.6,7408.2,50.0,0.0,Chelsea,3.4,1.2000000000000002,Nott'm Forest,Nott'm Forest,1.2,0.6,2.665521131279795,50210.0,2.0,5.33104226255959
lukas_hornicek,2,7,GK,Newcastle,19,0,0,0,3,0,0,3,3.44,0.0,0.0,24.0,0.6,0.0,0.0,0.0,0.0,1.8639999999999999,0.8,0.0,3.74,37.24,90.0,0.0,0.0,0.0,0.0,4.4,1.0,0.0,4.6000000000000005,767.4,3322.2,2554.7999999999997,50.0,0.4,Spurs,2.0,2.1999999999999997,Sunderland,Sunderland,1.0,1.7999999999999998,2.8345888128231596,14972.0,1.7777777777777777,5.039269000574506
lukas_nmecha,2,4,FWD,Leeds,4,1,0,0,2,0,0,3,1.92,0.6,0.0,10.799999999999999,0.0,12.18,0.0,0.06,0.06,0.558,0.0,0.0,2.6999999999999997,10.92,12.6,0.0,0.0,0.0,0.0,0.0,0.0,3.5999999999999996,2.4,-4576.2,1150.2,5726.4,55.0,0.0,Brentford,1.0,1.8000000000000003,Ipswich Town,Ipswich Town,2.0,1.2000000000000002,1.3259750924883666,,1.4187189303444458,1.8811859648784732
luke_o'nien,2,0,DEF,Sunderland,10,1,0,0,2,0,0,3,0.7,0.0,0.0,0.4,0.0,0.5599999999999999,0.004,0.008,0.004,0.676,0.4,0.0,0.68,4.5600000000000005,26.400000000000002,0.0,0.0,0.0,0.0,0.0,0.4,1.6,0.4,-7762.2,2761.2,10523.4,40.0,0.4,Fulham,1.0,1.7999999999999998,Newcastle,Newcastle,2.0,2.1999999999999997,0.7624563478347643,,0.6129600023189545,0.46735524473689877
luke_shaw,2,2,DEF,Man Utd,12,1,0,0,4,0,0,2,1.58,0.0,0.0,12.399999999999999,0.0,24.640000000000004,0.116,0.116,0.0,1.04,1.4,0.0,5.04,21.119999999999997,79.19999999999999,0.0,0.0,0.0,0.0,0.0,1.0,4.800000000000001,1.6,-44497.2,25756.2,70253.4,45.0,0.0,Ipswich Town,3.0,1.7999999999999998,Coventry City,Coventry City,0.0,0.0,2.323756557594557,14969.0,1.701839290018332,3.954660210152164
luke_woolfenden,2,0,DEF,Coventry City,11,1,0,0,2,0,0,2,0.4,0.0,0.0,0.0,0.0,0.0,0.0,0.0,0.0,0.0,0.0,0.0,0.0,0.0,0.0,0.0,0.0,0.0,0.0,0.0,0.0,0.0,0.0,-769.1999999999999,567.6,1336.8,40.0,0.0,Hull City,0.0,0.0,Man Utd,Man Utd,3.0,1.7999999999999998,0.23265267686413393,,2.0,0.46530535372826787
macauley_zepa,2,0,MID,Fulham,20,0,0,0,3,0,0,2,1.0,0.0,0.0,0.0,0.0,0.0,0.0,0.0,0.0,0.0,0.0,0.0,0.0,0.0,0.0,0.0,0.0,0.0,0.0,0.0,0.0,0.0,0.0,0.0,0.0,0.0,45.0,0.0,Sunderland,0.8,0.0,Everton,Everton,1.4,1.8000000000000003,0.2264233673361833,,0.5484823121802394,0.12418921204818549
malick_thiaw,2,6,DEF,Newcastle,19,0,0,0,3,0,0,3,3.58,0.0,0.0,15.0,0.6,0.98,0.012,0.012,0.0,1.8639999999999999,0.8,0.0,2.0,19.2,90.0,0.0,0.0,0.0,0.0,0.0,1.0,0.0,4.8,5340.0,11878.8,6538.8,50.0,0.0,Spurs,2.0,2.1999999999999997,Sunderland,Sunderland,1.0,1.7999999999999998,2.8937853747988265,14974.0,2.0,5.787570749597653
malick_yalcouye,2,8,MID,Brighton,6,0,0,0,3,0,0,4,3.0999999999999996,0.0,0.6,24.599999999999998,0.0,13.14,0.1,0.52,0.42,1.698,1.7999999999999998,0.6,6.9,30.719999999999995,45.4,0.0,0.0,0.0,0.0,0.0,0.6,25.2,5.2,2032.1999999999998,2603.4,571.1999999999999,45.0,0.0,Chelsea,3.4,1.2000000000000002,Nott'm Forest,Nott'm Forest,1.2,0.6,2.1721063217037284,,2.0,4.344212643407457
malo_gusto,2,1,DEF,Chelsea,5,1,0,0,4,0,0,3,1.48,0.0,0.0,0.20000000000000007,0.0,4.340000000000001,0.018000000000000002,0.018000000000000002,0.0,1.29,2.5999999999999996,0.0,1.46,7.5600000000000005,84.0,0.0,0.0,0.0,0.0,0.0,1.0,2.4000000000000004,1.0,1426.8,7995.0,6568.2,50.0,0.0,Brighton,3.6,3.0,Liverpool,Liverpool,2.0,1.0,2.7371721159872244,,0.6753793248340254,1.8486294556499723
mamadou_sangare,2,4,MID,Brentford,13,0,0,0,3,0,0,2,6.199999999999999,0.8,1.2000000000000002,26.0,0.4,23.9,0.15,0.29600000000000004,0.14600000000000002,1.064,0.6,0.0,6.62,27.28,84.0,0.0,0.0,0.0,0.0,0.0,1.0,15.0,8.0,252253.19999999998,266257.2,14004.0,55.6,0.0,Leeds,1.8000000000000003,1.8000000000000003,Man City,Man City,3.2,3.0,4.521523984707668,14974.0,1.125077588771921,5.087065302289311
mamadou_sarr,2,0,DEF,Chelsea,5,1,0,0,4,0,0,3,0.68,0.0,0.0,0.0,0.0,0.0,0.0,0.0,0.0,0.0,0.0,0.0,0.0,0.0,0.0,0.0,0.0,0.0,0.0,0.0,0.0,0.0,0.0,-326.4,243.0,569.4,45.0,0.0,Brighton,3.6,3.0,Liverpool,Liverpool,2.0,1.0,0.5185053601145546,,0.6753793248340254,0.3501878000369911
manuel_ugarte_ribeiro,2,0,MID,Man Utd,12,1,0,0,4,0,0,2,0.0,0.0,0.0,0.0,0.0,0.0,0.0,0.0,0.0,0.0,0.0,0.0,0.0,0.0,0.0,0.0,0.0,0.0,0.0,0.0,0.0,0.0,0.0,-38.4,14.399999999999999,52.8,50.0,0.0,Ipswich Town,3.0,1.7999999999999998,Coventry City,Coventry City,0.0,0.0,0.16102229419677316,,1.4783544843089371,0.23804803069951255
marc_guehi,2,2,DEF,Man City,8,0,0,0,5,0,0,3,4.72,0.0,0.8,19.6,0.0,16.48,0.152,0.508,0.35600000000000004,0.656,1.0,0.4,5.960000000000001,31.96,90.0,0.0,0.0,0.0,0.0,0.0,1.0,11.200000000000001,5.2,84592.2,109647.0,25054.8,60.0,0.0,Crystal Palace,3.2,3.0,Brentford,Brentford,1.8000000000000003,1.8000000000000003,3.7206065142599765,14970.0,1.3590020305402573,5.056311807720617
marc_guiu_paz,2,0,FWD,Chelsea,5,1,0,0,4,0,0,3,0.5599999999999999,0.0,0.0,0.0,0.0,0.0,0.0,0.0,0.0,0.0,0.0,0.0,0.0,0.0,0.0,0.0,0.0,0.0,0.0,0.0,0.0,0.0,0.0,-2380.7999999999997,1306.8,3687.6,50.0,0.0,Brighton,3.6,3.0,Liverpool,Liverpool,2.0,1.0,0.19413193916193627,,1.438176658793934,0.2791960236291008
marcelino_nunez,2,2,MID,Ipswich Town,16,0,0,0,2,0,0,4,2.4,0.0,0.0,14.0,0.0,10.18,0.024,0.036000000000000004,0.012,1.962,2.1999999999999997,0.0,2.52,12.16,68.2,0.0,0.0,0.0,0.0,0.0,1.0,2.8,2.8,-117.6,718.1999999999999,835.8,50.0,0.0,Man Utd,2.0,1.2000000000000002,Leeds,Leeds,1.0,1.8000000000000003,2.2637715269021976,,0.7635408209916696,1.7284819701884695
marco_bizot,2,0,GK,Aston Villa,1,1,0,0,3,0,0,5,1.06,0.0,0.0,0.4,0.0,0.0,0.0,0.0,0.0,1.508,1.6,0.0,1.1199999999999999,11.280000000000001,36.0,0.0,0.0,0.0,0.0,1.2000000000000002,0.4,0.0,0.4,-21.599999999999998,507.0,528.6,45.0,0.0,Arsenal,0.0,0.0,Crystal Palace,Crystal Palace,0.6,0.0,0.3499677307557152,,0.9333333333333332,0.32663654870533415
marco_palestra,2,0,DEF,Chelsea,5,1,0,0,4,0,0,3,1.0,0.0,0.0,0.0,0.0,0.0,0.0,0.0,0.0,0.0,0.0,0.0,0.0,0.0,0.0,0.0,0.0,0.0,0.0,0.0,0.0,0.0,0.0,-38986.2,2976.0,41962.2,55.0,0.0,Brighton,3.6,3.0,Liverpool,Liverpool,2.0,1.0,0.9094707558329302,,0.6753793248340254,0.6142377450307352
marcos_senesi_baron,2,0,DEF,Spurs,17,1,0,0,3,0,0,3,2.0199999999999996,0.0,0.0,4.0,0.0,0.8800000000000001,0.008,0.008,0.0,1.548,1.2000000000000002,0.0,1.56,14.64,36.0,0.0,0.0,0.0,0.0,0.0,0.4,0.0,1.2000000000000002,-28975.8,9565.199999999999,38541.0,60.0,0.0,Newcastle,0.0,0.0,Arsenal,Arsenal,1.8000000000000003,3.0,1.8190561129694514,14974.0,0.5,0.9095280564847257
marcus_bettinelli,2,0,GK,Man City,8,0,0,0,5,0,0,3,0.76,0.0,0.0,0.0,0.0,0.0,0.0,0.0,0.0,0.0,0.0,0.0,0.0,0.0,0.0,0.0,0.0,0.0,0.0,0.0,0.0,0.0,0.0,-60.599999999999994,81.0,141.6,45.0,0.0,Crystal Palace,3.2,3.0,Brentford,Brentford,1.8000000000000003,1.8000000000000003,0.636800279174663,,0.6666666666666666,0.4245335194497753
marcus_rashford,2,2,MID,Man Utd,12,1,0,0,4,0,0,2,1.9,0.0,0.0,13.799999999999999,0.0,40.019999999999996,0.07,0.226,0.156,0.672,0.6,0.0,9.040000000000001,14.239999999999998,65.4,0.0,0.0,0.0,0.0,0.0,0.6,36.4,1.6,-4208.4,9038.4,13246.8,70.0,0.0,Ipswich Town,3.0,1.7999999999999998,Coventry City,Coventry City,0.0,0.0,3.649661403205271,14972.0,1.4783544843089371,5.39549330163776
marcus_tavernier,2,1,MID,Bournemouth,9,1,0,0,3,0,0,3,4.18,0.0,1.2000000000000002,24.8,0.0,29.859999999999996,0.158,0.372,0.21400000000000002,2.004,1.4,0.4,6.84,25.0,90.0,0.0,0.0,0.0,0.0,0.0,1.0,13.8,4.6,44865.6,52324.2,7458.599999999999,60.0,0.6,Everton,1.0,0.6,Hull City,Hull City,1.4,3.0,3.298186969521333,15210.0,0.5295769084022708,1.746643658651762
mark_gillespie,2,0,GK,Newcastle,19,0,0,0,3,0,0,3,0.76,0.0,0.0,0.0,0.0,0.0,0.0,0.0,0.0,0.0,0.0,0.0,0.0,0.0,0.0,0.0,0.0,0.0,0.0,0.0,0.0,0.0,0.0,-41.4,97.2,138.6,45.0,0.0,Spurs,2.0,2.1999999999999997,Sunderland,Sunderland,1.0,1.7999999999999998,0.3889019965844933,,1.7777777777777777,0.6913813272613214
mark_travers,2,0,GK,Everton,3,0,0,0,3,0,0,3,1.04,0.0,0.0,0.0,0.0,0.0,0.0,0.0,0.0,0.0,0.0,0.0,0.0,0.0,0.0,0.0,0.0,0.0,0.0,0.0,0.0,0.0,0.0,-67.8,174.0,241.79999999999998,50.0,0.0,Bournemouth,1.4,1.8000000000000003,Fulham,Fulham,0.8,0.0,0.19975702162110798,,2.0,0.39951404324221595
martin_dubravka,2,0,GK,Spurs,17,1,0,0,3,0,0,3,0.4,0.0,0.0,0.0,0.0,0.0,0.0,0.0,0.0,0.0,0.0,0.0,0.0,0.0,0.0,0.0,0.0,0.0,0.0,0.0,0.0,0.0,0.0,-17238.6,21051.6,38290.2,40.0,0.0,Newcastle,0.0,0.0,Arsenal,Arsenal,1.8000000000000003,3.0,0.14350092377940782,,0.5,0.07175046188970391
martin_odegaard,2,3,MID,Arsenal,2,0,0,0,5,0,0,3,5.12,0.0,1.2000000000000002,24.200000000000003,1.0,20.68,0.08200000000000002,0.214,0.132,0.222,0.0,0.4,6.0600000000000005,24.32,72.0,0.0,0.0,0.0,0.0,0.0,1.0,15.4,6.2,151619.4,173735.4,22116.0,65.6,0.0,Aston Villa,1.8000000000000003,3.0,Spurs,Spurs,0.0,0.0,3.1718854309801032,14972.0,1.754184180184576,5.564071244383233
martin_zubimendi_ibanez,2,1,MID,Arsenal,2,0,0,0,5,0,0,3,1.4,0.0,0.0,4.2,0.0,1.46,0.008,0.008,0.0,0.06,0.0,0.0,0.6,4.4,11.8,0.0,0.0,0.0,0.0,0.0,0.0,0.0,1.0,-11407.8,947.4,12355.199999999999,55.0,0.0,Aston Villa,1.8000000000000003,3.0,Spurs,Spurs,0.0,0.0,1.336976895599113,,1.754184180184576,2.3453037195322493
mason_burstow,2,0,FWD,Hull City,7,0,0,0,2,0,0,2,0.0,0.0,0.0,0.0,0.0,0.0,0.0,0.0,0.0,0.0,0.0,0.0,0.0,0.0,0.0,0.0,0.0,0.0,0.0,0.0,0.0,0.0,0.0,-726.0,0.0,726.0,45.0,0.0,Coventry City,1.4,3.0,Bournemouth,Bournemouth,1.0,0.6,0.0030096359841202958,,0.5,0.0015048179920601479
mason_mount,2,0,MID,Man Utd,12,1,0,0,4,0,0,2,0.4,0.0,0.0,0.0,0.0,0.0,0.0,0.0,0.0,0.0,0.0,0.0,0.0,0.0,0.0,0.0,0.0,0.0,0.0,0.0,0.0,0.0,0.0,-396.0,21.0,417.0,55.0,0.0,Ipswich Town,3.0,1.7999999999999998,Coventry City,Coventry City,0.0,0.0,0.31906386781009166,,1.4783544843089371,0.47168949975800295
mateo_joseph_fernandez_regatillo,2,0,FWD,Leeds,4,1,0,0,2,0,0,3,0.0,0.0,0.0,0.0,0.0,0.0,0.0,0.0,0.0,0.0,0.0,0.0,0.0,0.0,0.0,0.0,0.0,0.0,0.0,0.0,0.0,0.0,0.0,-435.59999999999997,195.0,630.6,45.0,0.0,Brentford,1.0,1.8000000000000003,Ipswich Town,Ipswich Town,2.0,1.2000000000000002,-0.0029946936398008717,,1.4187189303444458,-0.004248628557367608
mateo_kovacic,2,1,MID,Man City,8,0,0,0,5,0,0,3,1.4,0.0,0.0,6.6,0.0,2.7,0.01,0.01,0.0,0.04000000000000001,0.0,0.0,0.46,2.08,19.8,0.0,0.0,0.0,0.0,0.0,0.0,0.0,1.0,-276.0,497.4,773.4,55.0,0.0,Crystal Palace,3.2,3.0,Brentford,Brentford,1.8000000000000003,1.8000000000000003,1.662289017746843,,0.6579989841304714,1.093784485008662
mateus_fernandes,2,2,MID,Spurs,17,1,0,0,3,0,0,3,1.78,0.0,0.0,17.2,0.0,38.66,0.126,0.132,0.006,1.304,1.6,0.0,5.1,11.280000000000001,72.0,0.0,0.0,0.0,0.0,0.0,0.6,1.4,1.6,-16080.0,2717.4,18797.399999999998,60.0,0.0,Newcastle,0.0,0.0,Arsenal,Arsenal,1.8000000000000003,3.0,3.0612752624323387,,0.5,1.5306376312161694
matheus_franca_de_oliveira,2,0,MID,Crystal Palace,15,1,0,0,3,0,0,5,0.6000000000000001,0.0,0.0,0.0,0.0,0.0,0.0,0.0,0.0,0.0,0.0,0.0,0.0,0.0,0.0,0.0,0.0,0.0,0.0,0.0,0.0,0.0,0.0,-418.2,10.2,428.4,50.0,0.0,Man City,0.6,0.0,Aston Villa,Aston Villa,0.0,0.0,0.2640076520612209,,0.9618915152251227,0.25394672047219474
matheus_nunes,2,0,DEF,Man City,8,0,0,0,5,0,0,3,1.3599999999999999,0.0,0.0,1.6,0.0,0.6000000000000001,0.016,0.016,0.0,0.04000000000000001,0.0,0.0,0.36000000000000004,1.52,13.200000000000001,0.0,0.0,0.0,0.0,0.0,0.0,1.6,0.4,-8677.199999999999,1818.6,10495.8,60.0,0.0,Crystal Palace,3.2,3.0,Brentford,Brentford,1.8000000000000003,1.8000000000000003,1.8290462503989016,14973.0,1.3590020305402573,2.485677568244151
matheus_santos_carneiro_da_cunha,2,9,MID,Man Utd,12,1,0,0,4,0,0,2,4.42,1.2,0.6,24.2,0.0,27.84,0.174,0.336,0.162,1.04,1.4,0.0,7.32,14.16,79.0,0.0,0.0,0.0,0.0,0.0,1.0,30.8,6.199999999999999,-39661.799999999996,16112.4,55774.2,80.0,0.0,Ipswich Town,3.0,1.7999999999999998,Coventry City,Coventry City,0.0,0.0,4.267593843208023,14973.0,1.4783544843089371,6.309016495315793
mathias_jensen,2,0,MID,Brentford,13,0,0,0,3,0,0,2,2.5999999999999996,0.4,0.0,8.8,0.4,18.48,0.136,0.168,0.032,0.188,0.0,0.0,2.8800000000000003,5.04,26.400000000000002,0.0,0.0,0.0,0.0,0.0,0.4,5.2,2.4000000000000004,1512.6,2314.7999999999997,802.1999999999999,55.0,0.0,Leeds,1.8000000000000003,1.8000000000000003,Man City,Man City,3.2,3.0,1.8117679671406297,,1.125077588771921,2.038379535884785
mathys_tel,2,2,MID,Spurs,17,1,0,0,3,0,0,3,2.08,0.0,0.0,12.8,0.0,12.38,0.041999999999999996,0.15000000000000002,0.10800000000000001,1.836,1.8000000000000003,0.0,4.26,6.4399999999999995,76.19999999999999,0.0,0.0,0.0,0.0,0.0,1.0,24.0,2.0,-3772.2,2504.4,6276.599999999999,60.0,0.0,Newcastle,0.0,0.0,Arsenal,Arsenal,1.8000000000000003,3.0,2.9315321612969565,,0.5,1.4657660806484782
mats_wieffer,2,0,DEF,Brighton,6,0,0,0,3,0,0,4,2.9800000000000004,0.0,0.4,16.4,0.4,16.04,0.068,0.12200000000000001,0.05399999999999999,1.85,2.4,0.0,4.0,18.88,78.2,0.0,0.0,0.0,0.0,0.0,1.0,4.800000000000001,2.8000000000000003,6222.599999999999,8056.799999999999,1834.2,50.0,0.0,Chelsea,3.4,1.2000000000000002,Nott'm Forest,Nott'm Forest,1.2,0.6,2.034837635141547,,2.0,4.069675270283094
matt_crooks,2,0,MID,Hull City,7,0,0,0,2,0,0,2,1.0,0.0,0.0,3.6,0.4,0.96,0.0,0.0,0.0,0.7320000000000001,0.0,0.0,0.8400000000000001,7.6000000000000005,36.0,0.0,0.0,0.0,0.0,0.0,0.4,0.0,0.8,2670.6,6084.599999999999,3414.0,45.0,0.4,Coventry City,1.4,3.0,Bournemouth,Bournemouth,1.0,0.6,1.0315616620880643,,0.6202718698172655,0.6398486809751698
matt_grimes,2,2,MID,Coventry City,11,1,0,0,2,0,0,2,1.8,0.0,0.0,14.0,0.0,14.02,0.028,0.034,0.006,1.184,1.8000000000000003,0.0,2.9000000000000004,13.879999999999999,90.0,0.0,0.0,0.0,0.0,0.0,1.0,1.2,2.0,404.4,1374.0,969.5999999999999,50.0,0.0,Hull City,0.0,0.0,Man Utd,Man Utd,3.0,1.7999999999999998,2.710919671081938,,0.5,1.355459835540969
matt_o'riley,2,0,MID,Brighton,6,0,0,0,3,0,0,4,0.8,0.0,0.0,0.0,0.0,0.0,0.0,0.0,0.0,0.0,0.0,0.0,0.0,0.0,0.0,0.0,0.0,0.0,0.0,0.0,0.0,0.0,0.0,-417.59999999999997,393.59999999999997,811.1999999999999,55.0,0.0,Chelsea,3.4,1.2000000000000002,Nott'm Forest,Nott'm Forest,1.2,0.6,0.38718904263576714,,2.0,0.7743780852715343
matt_targett,2,0,DEF,Hull City,7,0,0,0,2,0,0,2,0.7,0.0,0.0,1.2000000000000002,0.0,0.0,0.0,0.0,0.0,0.028000000000000004,0.0,0.0,0.0,0.16000000000000003,2.0,0.0,0.0,0.0,0.0,0.0,0.0,0.0,0.4,-6028.8,3235.7999999999997,9264.6,40.0,0.0,Coventry City,1.4,3.0,Bournemouth,Bournemouth,1.0,0.6,0.4655566197061469,,2.0,0.9311132394122938
matteo_ruggeri,2,0,DEF,Aston Villa,1,1,0,0,3,0,0,5,0.98,0.0,0.0,1.2000000000000002,0.0,0.0,0.0,0.0,0.0,0.05600000000000001,0.0,0.0,0.16000000000000003,1.6,3.2,0.0,0.0,0.0,0.0,0.0,0.0,0.0,0.4,-145.79999999999998,513.6,659.4,45.0,0.0,Arsenal,0.0,0.0,Crystal Palace,Crystal Palace,0.6,0.0,0.5548872632645941,,0.5281965882279315,0.29308955930749264
matthijs_de_ligt,2,0,DEF,Man Utd,12,1,0,0,4,0,0,2,0.0,0.0,0.0,0.0,0.0,0.0,0.0,0.0,0.0,0.0,0.0,0.0,0.0,0.0,0.0,0.0,0.0,0.0,0.0,0.0,0.0,0.0,0.0,-228.6,70.2,298.8,50.0,0.0,Ipswich Town,3.0,1.7999999999999998,Coventry City,Coventry City,0.0,0.0,0.43004504829667445,,1.701839290018332,0.7318675596691117
matty_cash,2,2,DEF,Aston Villa,1,1,0,0,3,0,0,5,0.98,0.0,0.0,1.5999999999999996,0.0,1.52,0.006,0.096,0.09,2.132,2.2,0.0,1.9,13.200000000000001,82.19999999999999,0.0,0.0,0.0,0.0,0.0,1.0,4.2,0.7999999999999999,-47609.4,16186.8,63796.2,45.0,0.4,Arsenal,0.0,0.0,Crystal Palace,Crystal Palace,0.6,0.0,1.7311444191260497,,0.5281965882279315,0.9143845759122037
matty_jacob,2,0,DEF,Hull City,7,0,0,0,2,0,0,2,0.0,0.0,0.0,0.0,0.0,0.0,0.0,0.0,0.0,0.0,0.0,0.0,0.0,0.0,0.0,0.0,0.0,0.0,0.0,0.0,0.0,0.0,0.0,-102.6,34.199999999999996,136.79999999999998,40.0,0.0,Coventry City,1.4,3.0,Bournemouth,Bournemouth,1.0,0.6,0.14657500004856638,,2.0,0.29315000009713277
matz_sels,2,1,GK,Nott'm Forest,14,0,0,0,3,0,0,4,1.94,0.0,0.0,8.0,0.0,0.0,0.006,0.006,0.0,1.238,1.6,0.0,1.58,15.64,90.0,0.0,0.0,0.0,0.0,2.0,1.0,0.0,1.4,-5037.599999999999,2010.0,7047.599999999999,50.0,0.0,Liverpool,1.2,0.6,Brighton,Brighton,3.4,1.2000000000000002,3.652078329695379,50210.0,0.5,1.8260391648476895
max_alleyne,2,0,DEF,Man City,8,0,0,0,5,0,0,3,0.0,0.0,0.0,0.0,0.0,0.0,0.0,0.0,0.0,0.0,0.0,0.0,0.0,0.0,0.0,0.0,0.0,0.0,0.0,0.0,0.0,0.0,0.0,-214.2,0.0,214.2,50.0,0.0,Crystal Palace,3.2,3.0,Brentford,Brentford,1.8000000000000003,1.8000000000000003,0.6047153303269499,,1.3590020305402573,0.8218093618131473
max_dowman,2,0,MID,Arsenal,2,0,0,0,5,0,0,3,0.8,0.0,0.0,0.0,0.0,0.0,0.0,0.0,0.0,0.0,0.0,0.0,0.0,0.0,0.0,0.0,0.0,0.0,0.0,0.0,0.0,0.0,0.0,-1114.2,283.8,1398.0,54.4,0.0,Aston Villa,1.8000000000000003,3.0,Spurs,Spurs,0.0,0.0,0.36805016597101137,,1.754184180184576,0.6456277786606557
maxence_lacroix,2,1,DEF,Chelsea,5,1,0,0,4,0,0,3,3.2199999999999998,0.4,0.0,8.2,0.0,4.539999999999999,0.08000000000000002,0.09200000000000001,0.012,1.3780000000000001,2.5999999999999996,0.0,3.42,25.480000000000004,90.0,0.0,0.0,0.0,0.0,0.0,1.0,4.3999999999999995,3.0000000000000004,11229.0,38113.2,26884.2,60.0,0.0,Brighton,3.6,3.0,Liverpool,Liverpool,2.0,1.0,4.0872623528224965,14974.0,0.6753793248340254,2.760452488268788
maxim_de_cuyper,2,0,DEF,Brighton,6,0,0,0,3,0,0,4,5.779999999999999,0.4,0.8,17.200000000000003,0.4,32.34,0.114,0.7200000000000001,0.606,1.874,2.4,0.4,7.4399999999999995,21.520000000000003,84.8,0.0,0.0,0.0,0.0,0.0,1.0,20.2,6.800000000000001,284304.0,296998.8,12694.8,45.599999999999994,0.0,Chelsea,3.4,1.2000000000000002,Nott'm Forest,Nott'm Forest,1.2,0.6,2.3464573965766626,14971.0,2.0,4.692914793153325
melker_ellborg,2,0,GK,Sunderland,10,1,0,0,2,0,0,3,0.76,0.0,0.0,0.0,0.0,0.0,0.0,0.0,0.0,0.0,0.0,0.0,0.0,0.0,0.0,0.0,0.0,0.0,0.0,0.0,0.0,0.0,0.0,-387.0,125.39999999999999,512.4,45.0,0.0,Fulham,1.0,1.7999999999999998,Newcastle,Newcastle,2.0,2.1999999999999997,0.4598042901416377,14974.0,0.9333333333333333,0.4291506707988619
merlin_rohl,2,2,MID,Everton,3,0,0,0,3,0,0,3,2.1,0.0,0.0,12.600000000000001,0.4,6.58,0.03,0.03,0.0,2.08,0.6,0.0,1.8199999999999998,10.56,87.0,0.0,0.0,0.0,0.0,0.0,1.0,0.8,2.4000000000000004,-70.8,310.8,381.59999999999997,50.0,0.0,Bournemouth,1.4,1.8000000000000003,Fulham,Fulham,0.8,0.0,2.573612276918042,,1.3969740259534618,3.595269503729453
michael_kayode,2,2,DEF,Brentford,13,0,0,0,3,0,0,2,5.18,0.0,0.4,19.8,0.4,10.2,0.126,0.338,0.21200000000000002,1.064,0.6,0.4,5.52,22.16,82.19999999999999,0.0,0.0,0.0,0.0,0.0,1.0,23.200000000000003,6.4,173785.8,186481.8,12696.0,45.599999999999994,0.0,Leeds,1.8000000000000003,1.8000000000000003,Man City,Man City,3.2,3.0,3.387728578754995,79641.0,0.9439801581273838,3.1979485594657975
michael_keane,2,0,DEF,Everton,3,0,0,0,3,0,0,3,0.8800000000000001,0.0,0.0,0.0,0.0,0.0,0.0,0.0,0.0,0.0,0.0,0.0,0.0,0.0,0.0,0.0,0.0,0.0,0.0,0.0,0.0,0.0,0.0,-12975.0,1956.0,14931.0,50.0,0.0,Bournemouth,1.4,1.8000000000000003,Fulham,Fulham,0.8,0.0,0.5520474649891426,79641.0,2.0,1.1040949299782852
michael_svoboda,2,0,DEF,Brighton,6,0,0,0,3,0,0,4,0.8800000000000001,0.0,0.0,0.0,0.0,0.0,0.0,0.0,0.0,0.0,0.0,0.0,0.0,0.0,0.0,0.0,0.0,0.0,0.0,0.0,0.0,0.0,0.0,50.4,460.79999999999995,410.4,50.0,0.0,Chelsea,3.4,1.2000000000000002,Nott'm Forest,Nott'm Forest,1.2,0.6,0.6120322220372948,,2.0,1.2240644440745896
michele_di_gregorio,2,0,GK,Bournemouth,9,1,0,0,3,0,0,3,2.0,0.0,0.0,0.0,0.0,0.0,0.0,0.0,0.0,0.0,0.0,0.0,0.0,0.0,0.0,0.0,0.0,0.0,0.0,0.0,0.0,0.0,0.0,214.0,241.0,27.0,45.0,0.0,Everton,1.0,0.6,Hull City,Hull City,1.4,3.0,0.3494618303879524,,0.6666666666666666,0.23297455359196828
micky_van_de_ven,2,0,DEF,Spurs,17,1,0,0,3,0,0,3,0.0,0.0,0.0,3.0,0.0,1.26,0.012,0.012,0.0,0.432,1.2,0.0,1.02,9.12,54.0,0.0,0.0,0.0,0.0,0.0,0.6,0.0,0.0,-69797.4,5024.4,74821.8,50.0,0.6,Newcastle,0.0,0.0,Arsenal,Arsenal,1.8000000000000003,3.0,1.788527602298984,50210.0,0.5,0.894263801149492
miguel_brau,2,0,DEF,Coventry City,11,1,0,0,2,0,0,2,0.4,0.0,0.0,0.0,0.0,0.0,0.0,0.0,0.0,0.0,0.0,0.0,0.0,0.0,0.0,0.0,0.0,0.0,0.0,0.0,0.0,0.0,0.0,-49.199999999999996,153.6,202.79999999999998,40.0,0.0,Hull City,0.0,0.0,Man Utd,Man Utd,3.0,1.7999999999999998,0.23265267686413393,,2.0,0.46530535372826787
mike_penders,2,0,GK,Chelsea,5,1,0,0,4,0,0,3,0.76,0.0,0.0,0.0,0.0,0.0,0.0,0.0,0.0,0.0,0.0,0.0,0.0,0.0,0.0,0.0,0.0,0.0,0.0,0.0,0.0,0.0,0.0,-222.0,237.0,459.0,45.0,0.0,Brighton,3.6,3.0,Liverpool,Liverpool,2.0,1.0,0.5797984415192556,,0.5,0.2898992207596278
mikel_merino_zazon,2,1,MID,Arsenal,2,0,0,0,5,0,0,3,1.48,0.0,0.0,6.2,0.0,1.08,0.008,0.064,0.05600000000000001,0.06,0.0,0.0,1.0,3.12,17.0,0.0,0.0,0.0,0.0,0.0,0.0,5.6000000000000005,1.0,-7701.0,1453.2,9154.199999999999,60.0,0.0,Aston Villa,1.8000000000000003,3.0,Spurs,Spurs,0.0,0.0,1.7601191207162803,,1.754184180184576,3.087573116800885
mikey_moore,2,1,MID,Spurs,17,1,0,0,3,0,0,3,1.5,0.0,0.0,4.6,0.0,2.6000000000000005,0.008,0.17200000000000004,0.16400000000000003,1.352,1.8000000000000003,0.0,3.0,5.68,40.0,0.0,0.0,0.0,0.0,0.0,0.4,22.6,1.4,-64.2,1451.3999999999999,1515.6,50.0,0.0,Newcastle,0.0,0.0,Arsenal,Arsenal,1.8000000000000003,3.0,2.1193664368490284,,0.5,1.0596832184245142
mikkel_damsgaard,2,3,MID,Brentford,13,0,0,0,3,0,0,2,2.0,0.0,0.0,14.4,0.6,29.96,0.122,0.14,0.018,0.11800000000000001,0.0,0.0,5.800000000000001,13.0,46.4,0.0,0.0,0.0,0.0,0.0,0.6,15.0,2.1999999999999997,-3135.6,1390.8,4526.4,55.0,0.0,Leeds,1.8000000000000003,1.8000000000000003,Man City,Man City,3.2,3.0,2.4977886974328576,50210.0,1.125077588771921,2.810206084969517
milan_van_ewijk,2,2,DEF,Coventry City,11,1,0,0,2,0,0,2,1.2999999999999998,0.0,0.0,5.8,0.0,21.14,0.118,0.118,0.0,1.184,1.8000000000000003,0.0,3.9,13.48,90.0,0.0,0.0,0.0,0.0,0.0,1.0,4.3999999999999995,1.6,-9244.199999999999,20670.6,29914.8,40.0,0.0,Hull City,0.0,0.0,Man Utd,Man Utd,3.0,1.7999999999999998,2.7490927177186717,,2.0,5.498185435437343
milos_kerkez,2,1,DEF,Liverpool,18,1,0,0,4,0,0,3,1.3,0.0,0.0,6.6,0.0,13.2,0.014,0.022,0.008,1.97,2.0,0.0,3.9800000000000004,21.599999999999998,78.0,0.0,0.0,0.0,0.0,0.0,1.0,4.800000000000001,0.6,-11245.199999999999,9387.0,20632.2,55.0,0.4,Nott'm Forest,2.0,1.0,Chelsea,Chelsea,3.6,3.0,2.2372369250509827,15210.0,0.5,1.1186184625254914
mitoma_kaoru,2,0,MID,Brighton,6,0,0,0,3,0,0,4,0.0,0.0,0.0,0.0,0.0,0.0,0.0,0.0,0.0,0.0,0.0,0.0,0.0,0.0,0.0,0.0,0.0,0.0,0.0,0.0,0.0,0.0,0.0,-646.8,95.39999999999999,742.1999999999999,60.0,0.0,Chelsea,3.4,1.2000000000000002,Nott'm Forest,Nott'm Forest,1.2,0.6,0.4318898304805938,,2.0,0.8637796609611876
mohamed_ali_cho,2,1,MID,Hull City,7,0,0,0,2,0,0,2,1.5,0.0,0.0,3.0,0.0,0.3,0.0,0.0,0.0,0.18,0.0,0.0,0.1,0.4,7.0,0.0,0.0,0.0,0.0,0.0,0.0,0.0,1.0,23.0,25.0,2.0,50.0,0.0,Coventry City,1.4,3.0,Bournemouth,Bournemouth,1.0,0.6,1.1262783178140392,,0.6202718698172655,0.6985987581251585
mohamed_belloumi,2,6,MID,Hull City,7,0,0,0,2,0,0,2,3.3,0.6,0.0,17.0,1.0,8.14,0.024,0.116,0.092,1.3980000000000001,0.0,0.0,3.5599999999999996,18.16,85.19999999999999,0.0,0.0,0.0,0.0,0.0,1.0,9.4,4.8,5915.4,8334.0,2418.6,50.0,0.0,Coventry City,1.4,3.0,Bournemouth,Bournemouth,1.0,0.6,3.1376727052931477,,0.6202718698172655,1.9462101157867784
mohammed_kudus,2,1,MID,Spurs,17,1,0,0,3,0,0,3,0.48,0.0,0.0,2.4,0.0,1.9799999999999998,0.006,0.03,0.024,0.144,0.6,0.0,0.96,0.72,13.2,0.0,0.0,0.0,0.0,0.0,0.0,6.6,0.6,-1282.2,161.4,1443.6,65.0,0.0,Newcastle,0.0,0.0,Arsenal,Arsenal,1.8000000000000003,3.0,1.5911030739816834,,0.5,0.7955515369908417
moises_caicedo_corozo,2,1,MID,Chelsea,5,1,0,0,4,0,0,3,1.04,0.0,0.0,1.7999999999999998,0.0,0.06,0.0,0.0,0.0,0.042,0.0,0.0,0.0,0.0,7.8,0.0,0.0,0.0,0.0,0.0,0.0,0.0,0.6,-53305.2,5688.599999999999,58993.799999999996,55.0,0.0,Brighton,3.6,3.0,Liverpool,Liverpool,2.0,1.0,1.021562926525127,61014.0,2.0,2.043125853050254
morgan_gibbs_white,2,13,MID,Nott'm Forest,14,0,0,0,3,0,0,4,5.62,0.6,1.7999999999999998,25.599999999999998,0.0,11.22,0.048,0.574,0.526,1.238,1.6,0.6,6.119999999999999,33.839999999999996,90.0,0.0,0.0,0.0,0.0,0.0,1.0,16.6,8.6,-164587.8,5268.0,169855.8,80.0,0.0,Liverpool,1.2,0.6,Brighton,Brighton,3.4,1.2000000000000002,4.2297510417376225,14971.0,1.1334375214651566,4.794158537161755
morgan_rogers,2,5,MID,Chelsea,5,1,0,0,4,0,0,3,4.9399999999999995,0.6,0.4,31.6,0.0,49.3,0.646,1.1139999999999999,0.468,1.342,2.5999999999999996,0.4,11.0,35.599999999999994,86.4,0.0,0.0,0.0,0.0,0.0,1.0,25.4,6.2,108061.2,151110.6,43049.4,75.0,0.0,Brighton,3.6,3.0,Liverpool,Liverpool,2.0,1.0,5.031249306706836,14970.0,2.0,10.062498613413672
murillo_costa_dos_santos,2,1,DEF,Nott'm Forest,14,0,0,0,3,0,0,4,2.5,0.0,0.0,7.2,0.0,10.54,0.11200000000000002,0.22000000000000003,0.108,1.238,1.6,0.0,3.5199999999999996,19.6,90.0,0.0,0.0,0.0,0.0,0.0,1.0,4.8,2.2,-1954.1999999999998,5148.0,7102.2,55.0,0.0,Liverpool,1.2,0.6,Brighton,Brighton,3.4,1.2000000000000002,3.495135582449696,15210.0,0.5,1.747567791224848
mykhailo_mudryk,2,0,MID,Chelsea,5,1,0,0,4,0,0,3,0.8,0.0,0.0,0.0,0.0,0.0,0.0,0.0,0.0,0.0,0.0,0.0,0.0,0.0,0.0,0.0,0.0,0.0,0.0,0.0,0.0,0.0,0.0,-445.2,140.4,585.6,55.0,0.0,Brighton,3.6,3.0,Liverpool,Liverpool,2.0,1.0,0.4113625590376244,,2.0,0.8227251180752488
myles_lewis_skelly,2,3,MID,Arsenal,2,0,0,0,5,0,0,3,2.5999999999999996,0.0,0.0,15.0,1.0,11.08,0.05600000000000001,0.122,0.066,0.278,0.0,0.0,2.78,10.76,78.0,0.0,0.0,0.0,0.0,0.0,1.0,5.800000000000001,3.0,385.2,5815.8,5430.599999999999,55.0,0.0,Aston Villa,1.8000000000000003,3.0,Spurs,Spurs,0.0,0.0,2.805016911457704,,1.754184180184576,4.920516291229304
nathan_collins,2,3,DEF,Brentford,13,0,0,0,3,0,0,2,3.6999999999999997,0.0,0.0,16.8,0.4,9.14,0.022,0.26,0.23800000000000002,1.104,0.6,0.0,5.779999999999999,21.44,90.0,0.0,0.0,0.0,0.0,0.0,1.0,27.2,4.2,9429.6,15053.4,5623.8,55.0,0.6,Leeds,1.8000000000000003,1.8000000000000003,Man City,Man City,3.2,3.0,4.231134205370055,14972.0,0.9439801581273838,3.994106736243407
nathan_patterson,2,0,DEF,Everton,3,0,0,0,3,0,0,3,0.68,0.0,0.0,0.0,0.0,0.0,0.0,0.0,0.0,0.0,0.0,0.0,0.0,0.0,0.0,0.0,0.0,0.0,0.0,0.0,0.0,0.0,0.0,-97.2,124.19999999999999,221.4,45.0,0.0,Bournemouth,1.4,1.8000000000000003,Fulham,Fulham,0.8,0.0,0.35183307178010503,,2.0,0.7036661435602101
neco_williams,2,6,DEF,Nott'm Forest,14,0,0,0,3,0,0,4,3.2800000000000002,0.6,0.0,14.8,0.0,17.5,0.098,0.17,0.072,1.238,1.6,0.0,5.039999999999999,26.72,90.0,0.0,0.0,0.0,0.0,0.0,1.0,6.0,4.3999999999999995,-40790.4,8490.0,49280.4,50.0,0.0,Liverpool,1.2,0.6,Brighton,Brighton,3.4,1.2000000000000002,3.809824925903003,14971.0,0.5,1.9049124629515015
nehemiah_oriola,2,0,MID,Brighton,6,0,0,0,3,0,0,4,0.4,0.0,0.0,0.0,0.0,0.0,0.0,0.0,0.0,0.0,0.0,0.0,0.0,0.0,0.0,0.0,0.0,0.0,0.0,0.0,0.0,0.0,0.0,-643.1999999999999,1024.8,1668.0,45.0,0.0,Chelsea,3.4,1.2000000000000002,Nott'm Forest,Nott'm Forest,1.2,0.6,0.10888615733196061,,2.0,0.21777231466392122
nick_pope,2,0,GK,Newcastle,19,0,0,0,3,0,0,3,1.04,0.0,0.0,0.0,0.0,0.0,0.0,0.0,0.0,0.0,0.0,0.0,0.0,0.0,0.0,0.0,0.0,0.0,0.0,0.0,0.0,0.0,0.0,-5758.8,1623.6,7382.4,50.0,0.0,Spurs,2.0,2.1999999999999997,Sunderland,Sunderland,1.0,1.7999999999999998,0.529546818014746,,1.7777777777777777,0.9414165653595484
nick_woltemade,2,4,FWD,Newcastle,19,0,0,0,3,0,0,3,2.0,0.6,0.0,10.799999999999999,0.0,6.3,0.006,0.018,0.012,0.22799999999999998,0.0,0.0,2.4,10.92,11.4,0.0,0.0,0.0,0.0,0.0,0.0,6.6,2.4,-14154.6,4315.8,18470.399999999998,60.0,0.0,Spurs,2.0,2.1999999999999997,Sunderland,Sunderland,1.0,1.7999999999999998,1.373042585438006,14970.0,2.0,2.746085170876012
nico_elvedi,2,1,DEF,Leeds,4,1,0,0,2,0,0,3,0.98,0.0,0.0,5.3999999999999995,0.0,0.66,0.0,0.0,0.0,0.792,0.6,0.0,1.38,9.6,33.6,0.0,0.0,0.0,0.0,0.0,0.0,3.5999999999999996,0.6,45.0,212.4,167.4,45.0,0.0,Brentford,1.0,1.8000000000000003,Ipswich Town,Ipswich Town,2.0,1.2000000000000002,1.8247099644735234,,1.3455254334027065,2.455193665782475
nico_gonzalez_iglesias,2,2,MID,Newcastle,19,0,0,0,3,0,0,3,1.4,0.0,0.0,5.3999999999999995,0.6,17.7,0.12,0.12,0.0,0.444,0.0,0.0,2.22,4.32,42.0,0.0,0.0,0.0,0.0,0.0,0.6,0.0,1.2,387.0,1432.2,1045.2,55.0,0.6,Spurs,2.0,2.1999999999999997,Sunderland,Sunderland,1.0,1.7999999999999998,1.680430885562171,,0.8727780418901161,1.4666431778326254
nico_o'reilly,2,2,DEF,Man City,8,0,0,0,5,0,0,3,2.4400000000000004,0.0,0.0,8.6,0.0,16.84,0.17600000000000002,0.216,0.04000000000000001,0.6160000000000001,1.0,0.0,2.96,5.680000000000001,77.6,0.0,0.0,0.0,0.0,0.0,1.0,7.4,2.0,-23127.6,41270.4,64398.0,65.0,0.0,Crystal Palace,3.2,3.0,Brentford,Brentford,1.8000000000000003,1.8000000000000003,3.6977443481472965,14972.0,1.3590020305402573,5.025242077550936
nicolas_dominguez,2,1,MID,Nott'm Forest,14,0,0,0,3,0,0,4,0.9000000000000001,0.0,0.0,1.7999999999999998,0.0,0.0,0.0,0.0,0.0,0.0,0.0,0.0,0.0,0.12,0.6,0.0,0.0,0.0,0.0,0.0,0.0,0.0,0.6,-508.79999999999995,128.4,637.1999999999999,50.0,0.0,Liverpool,1.2,0.6,Brighton,Brighton,3.4,1.2000000000000002,0.7161466749790775,,1.1334375214651566,0.8117075122937987
nicolas_jackson,2,2,FWD,Aston Villa,1,1,0,0,3,0,0,5,1.44,0.0,0.0,6.6,0.0,3.54,0.06,0.06,0.0,0.606,0.6,0.0,0.72,2.52,42.0,0.0,0.0,0.0,0.0,0.0,0.6,1.2,1.2,-1726.8,16193.4,3105.0,65.0,0.0,Arsenal,0.0,0.0,Crystal Palace,Crystal Palace,0.6,0.0,1.696326760404345,14969.0,1.473418855440044,2.499399833767288
nicolo_savona,2,0,DEF,Nott'm Forest,14,0,0,0,3,0,0,4,0.0,0.0,0.0,0.0,0.0,0.0,0.0,0.0,0.0,0.0,0.0,0.0,0.0,0.0,0.0,0.0,0.0,0.0,0.0,0.0,0.0,0.0,0.0,39.0,67.8,28.799999999999997,45.0,0.0,Liverpool,1.2,0.6,Brighton,Brighton,3.4,1.2000000000000002,0.41922380701431017,,0.5,0.20961190350715508
nikola_milenkovic,2,3,DEF,Nott'm Forest,14,0,0,0,3,0,0,4,2.5,0.0,0.0,3.4,0.0,0.24,0.008,0.052000000000000005,0.044000000000000004,1.238,1.6,0.0,1.9000000000000001,13.239999999999998,90.0,0.0,0.0,0.0,0.0,0.0,1.0,5.6000000000000005,2.5999999999999996,-8670.0,1554.6,10224.6,55.0,0.0,Liverpool,1.2,0.6,Brighton,Brighton,3.4,1.2000000000000002,3.769038171251988,14972.0,0.5,1.884519085625994
nilson_angulo,2,3,MID,Sunderland,10,1,0,0,2,0,0,3,3.0,0.0,0.0,17.0,0.6,11.34,0.028,0.088,0.06,1.012,0.4,0.4,3.52,17.439999999999998,61.6,0.0,0.0,0.0,0.0,0.0,1.0,6.4,3.8,2378.4,3205.7999999999997,827.4,50.0,0.4,Fulham,1.0,1.7999999999999998,Newcastle,Newcastle,2.0,2.1999999999999997,1.9855340422087635,,1.0902357587030258,2.1647002129381567
noah_okafor,2,2,MID,Leeds,4,1,0,0,2,0,0,3,1.78,0.0,0.0,10.6,0.0,10.100000000000001,0.07,0.118,0.048,0.496,0.6,0.0,2.5599999999999996,7.84,50.4,0.0,0.0,0.0,0.0,0.0,0.6,7.6,1.6,-4687.8,813.0,5500.8,60.0,0.0,Brentford,1.0,1.8000000000000003,Ipswich Town,Ipswich Town,2.0,1.2000000000000002,2.3227325665057985,,1.4680959889349916,3.4099943642558412
noah_sadiki,2,3,MID,Sunderland,10,1,0,0,2,0,0,3,2.1,0.0,0.0,19.8,0.6,17.520000000000003,0.024,0.06,0.036000000000000004,1.29,0.8,0.0,4.800000000000001,16.88,90.0,0.0,0.0,0.0,0.0,0.0,1.0,13.6,2.5999999999999996,-1399.2,699.0,2098.2,50.0,0.0,Fulham,1.0,1.7999999999999998,Newcastle,Newcastle,2.0,2.1999999999999997,2.97905479759545,,1.0902357587030258,3.247872067474365
nobel_mendy,2,1,DEF,Hull City,7,0,0,0,2,0,0,2,5.2,0.0,0.4,19.4,0.4,0.24,0.0,0.11800000000000002,0.11800000000000002,0.998,0.0,0.4,5.5,37.28,60.0,0.0,0.0,0.0,0.0,0.0,1.0,17.400000000000002,6.6,96072.0,107748.0,11676.0,40.0,0.0,Coventry City,1.4,3.0,Bournemouth,Bournemouth,1.0,0.6,1.9929786208649172,,2.0,3.9859572417298343
noni_madueke,2,0,MID,Arsenal,2,0,0,0,5,0,0,3,1.22,0.0,0.0,3.2,0.0,17.240000000000002,0.016,0.016,0.0,0.06,0.0,0.0,2.12,3.7600000000000002,8.8,0.0,0.0,0.0,0.0,0.0,0.0,0.0,0.4,-4091.3999999999996,847.1999999999999,4938.599999999999,64.4,0.0,Aston Villa,1.8000000000000003,3.0,Spurs,Spurs,0.0,0.0,1.2505807355708427,,1.754184180184576,2.1937489423819625
norberto_bercique_gomes_betuncal,2,1,FWD,Everton,3,0,0,0,3,0,0,3,1.32,0.0,0.0,2.4000000000000004,0.0,0.18,0.0,0.044000000000000004,0.044000000000000004,1.084,0.0,0.0,0.44,1.7999999999999998,16.4,0.0,0.0,0.0,0.0,0.0,0.0,2.5999999999999996,1.0,-21061.2,4625.4,25686.6,55.0,0.0,Bournemouth,1.4,1.8000000000000003,Fulham,Fulham,0.8,0.0,1.7409063440576784,15210.0,2.0,3.481812688115357
nordi_mukiele,2,9,DEF,Sunderland,10,1,0,0,2,0,0,3,3.6999999999999997,0.0,0.6,16.8,0.6,4.8,0.006,0.006,0.0,0.57,0.0,0.0,3.1799999999999997,25.56,54.0,0.0,0.0,0.0,0.0,0.0,0.6,1.2,5.3999999999999995,-19799.399999999998,3352.7999999999997,23152.2,55.0,0.0,Fulham,1.0,1.7999999999999998,Newcastle,Newcastle,2.0,2.1999999999999997,2.797762348037188,79641.0,0.6129600023189545,1.7149164153407586
norman_bassette,2,0,FWD,Coventry City,11,1,0,0,2,0,0,2,0.0,0.0,0.0,0.0,0.0,0.0,0.0,0.0,0.0,0.0,0.0,0.0,0.0,0.0,0.0,0.0,0.0,0.0,0.0,0.0,0.0,0.0,0.0,-472.79999999999995,0.0,472.79999999999995,45.0,0.0,Hull City,0.0,0.0,Man Utd,Man Utd,3.0,1.7999999999999998,-0.02037826914570484,,0.6117242201501663,-0.01246588080116649
noussair_mazraoui,2,1,DEF,Man Utd,12,1,0,0,4,0,0,2,1.28,0.0,0.0,2.6,0.0,12.54,0.020000000000000004,0.10800000000000001,0.08800000000000001,1.004,1.4,0.0,2.42,7.8,41.8,0.0,0.0,0.0,0.0,0.0,0.4,3.6,1.0,-142.79999999999998,3512.4,3655.2,45.0,0.0,Ipswich Town,3.0,1.7999999999999998,Coventry City,Coventry City,0.0,0.0,1.5198307098628958,,1.701839290018332,2.586507616221128
ola_aina,2,0,DEF,Nott'm Forest,14,0,0,0,3,0,0,4,2.18,0.0,0.0,10.8,0.4,23.54,0.278,0.294,0.016,1.186,1.2,0.0,4.38,13.48,80.2,0.0,0.0,0.0,0.0,0.0,1.0,6.800000000000001,2.0,-3040.2,10662.0,13702.199999999999,45.0,1.0,Liverpool,1.2,0.6,Brighton,Brighton,3.4,1.2000000000000002,2.710831657063782,,0.5,1.355415828531891
oli_mcburnie,2,1,FWD,Hull City,7,0,0,0,2,0,0,2,2.52,0.4,0.0,12.600000000000001,1.0,16.42,0.01,0.07400000000000001,0.064,1.5060000000000002,0.0,0.0,4.92,7.359999999999999,90.0,0.0,0.0,0.0,0.0,0.0,1.0,25.6,2.6,40020.0,49584.6,9564.6,55.0,0.6,Coventry City,1.4,3.0,Bournemouth,Bournemouth,1.0,0.6,3.8906969833772327,61014.0,0.5,1.9453484916886163
oliver_dovin,2,0,GK,Coventry City,11,1,0,0,2,0,0,2,0.4,0.0,0.0,0.0,0.0,0.0,0.0,0.0,0.0,0.0,0.0,0.0,0.0,0.0,0.0,0.0,0.0,0.0,0.0,0.0,0.0,0.0,0.0,-2266.2,1580.3999999999999,3846.6,40.0,0.0,Hull City,0.0,0.0,Man Utd,Man Utd,3.0,1.7999999999999998,0.1321654535208301,,1.5999999999999999,0.21146472563332813
olivier_boscagli,2,-1,DEF,Brighton,6,0,0,0,3,0,0,4,2.18,0.0,0.0,10.400000000000002,0.4,18.880000000000003,0.082,0.112,0.03,1.874,2.4,0.0,4.4,16.16,90.0,0.0,0.0,0.0,0.0,0.0,1.0,9.0,1.8000000000000003,1526.3999999999999,2461.7999999999997,935.4,45.0,0.6,Chelsea,3.4,1.2000000000000002,Nott'm Forest,Nott'm Forest,1.2,0.6,2.498939631835809,,2.0,4.997879263671618
ollie_watkins,2,0,FWD,Aston Villa,1,1,0,0,3,0,0,5,1.0,0.0,0.0,0.0,0.0,0.0,0.0,0.0,0.0,0.0,0.0,0.0,0.0,0.0,0.0,0.0,0.0,0.0,0.0,0.0,0.0,0.0,0.0,-159496.8,6379.2,165876.0,79.4,0.0,Arsenal,0.0,0.0,Crystal Palace,Crystal Palace,0.6,0.0,0.683190221497044,,1.473418855440044,1.0066253542060046
omar_alderete,2,0,DEF,Sunderland,10,1,0,0,2,0,0,3,1.1800000000000002,0.0,0.0,0.8,0.0,0.24,0.004,0.004,0.0,0.04000000000000001,0.4,0.0,0.0,0.0,9.200000000000001,0.0,0.0,0.0,0.0,0.0,0.0,0.0,0.4,-1600.2,1558.2,3158.4,50.0,0.0,Fulham,1.0,1.7999999999999998,Newcastle,Newcastle,2.0,2.1999999999999997,1.2952722705341628,,0.6129600023189545,0.7939500939502979
omar_marmoush,2,2,FWD,Spurs,17,1,0,0,3,0,0,3,1.48,0.0,0.0,8.4,0.0,21.06,0.042,0.144,0.10200000000000001,0.432,1.2,0.0,4.32,5.52,54.0,0.0,0.0,0.0,0.0,0.0,0.6,16.8,1.2,12268.199999999999,23884.8,11616.6,70.0,0.0,Newcastle,0.0,0.0,Arsenal,Arsenal,1.8000000000000003,3.0,2.7050522141574023,14972.0,0.5,1.3525261070787011
omar_richards,2,0,DEF,Nott'm Forest,14,0,0,0,3,0,0,4,0.4,0.0,0.0,0.0,0.0,0.0,0.0,0.0,0.0,0.0,0.0,0.0,0.0,0.0,0.0,0.0,0.0,0.0,0.0,0.0,0.0,0.0,0.0,-907.8,297.0,1204.8,40.0,0.0,Liverpool,1.2,0.6,Brighton,Brighton,3.4,1.2000000000000002,0.28998484405301617,,0.5,0.14499242202650808
omari_hutchinson,2,0,MID,Nott'm Forest,14,0,0,0,3,0,0,4,0.8,0.0,0.0,0.0,0.0,0.0,0.0,0.0,0.0,0.0,0.0,0.0,0.0,0.0,0.0,0.0,0.0,0.0,0.0,0.0,0.0,0.0,0.0,-1219.2,128.4,1347.6,55.0,0.0,Liverpool,1.2,0.6,Brighton,Brighton,3.4,1.2000000000000002,0.5011236375848895,,1.1334375214651566,0.5679923337318206
oscar_bobb,2,3,MID,Fulham,20,0,0,0,3,0,0,2,2.3,0.0,0.0,8.8,0.6,12.96,0.11000000000000001,0.11000000000000001,0.0,1.04,1.2000000000000002,0.0,2.7,8.120000000000001,66.6,0.0,0.0,0.0,0.0,0.0,1.0,6.0,2.5999999999999996,913.8,2712.0,1798.2,55.0,0.0,Sunderland,0.8,0.0,Everton,Everton,1.4,1.8000000000000003,2.420143718722666,,0.5484823121802394,1.3274060226534907
oscar_mingueza,2,1,DEF,Crystal Palace,15,1,0,0,3,0,0,5,0.98,0.0,0.0,0.6,0.0,0.06,0.0,0.0,0.0,0.12,0.6,0.0,0.12,1.32,9.0,0.0,0.0,0.0,0.0,0.0,0.0,0.0,0.6,-648.6,119.39999999999999,768.0,45.0,0.0,Man City,0.6,0.0,Aston Villa,Aston Villa,0.0,0.0,0.9690334891213181,,1.4520914507253666,1.4071252450196385
oscar_zambrano,2,0,MID,Hull City,7,0,0,0,2,0,0,2,0.0,0.0,0.0,0.0,0.0,0.0,0.0,0.0,0.0,0.0,0.0,0.0,0.0,0.0,0.0,0.0,0.0,0.0,0.0,0.0,0.0,0.0,0.0,-994.8,294.59999999999997,1289.3999999999999,45.0,0.0,Coventry City,1.4,3.0,Bournemouth,Bournemouth,1.0,0.6,0.1073762303941459,,0.6202718698172655,0.06660245520050637
ousmane_diomande,2,0,DEF,Nott'm Forest,14,0,0,0,3,0,0,4,1.0,0.0,0.0,0.0,0.0,0.0,0.0,0.0,0.0,0.0,0.0,0.0,0.0,0.0,0.0,0.0,0.0,0.0,0.0,0.0,0.0,0.0,0.0,-5170.2,2090.4,7260.599999999999,55.0,0.0,Liverpool,1.2,0.6,Brighton,Brighton,3.4,1.2000000000000002,0.8906280236801283,,0.5,0.44531401184006414
paddy_mcnair,2,0,DEF,Hull City,7,0,0,0,2,0,0,2,0.7,0.0,0.0,1.2000000000000002,0.0,0.0,0.0,0.0,0.0,0.384,0.0,0.0,0.16000000000000003,1.6800000000000002,10.4,0.0,0.0,0.0,0.0,0.0,0.0,0.0,0.4,-26.4,387.59999999999997,414.0,40.0,0.0,Coventry City,1.4,3.0,Bournemouth,Bournemouth,1.0,0.6,0.6243285199058152,,2.0,1.2486570398116303
pape_matar_sarr,2,0,MID,Spurs,17,1,0,0,3,0,0,3,0.0,0.0,0.0,0.0,0.0,0.0,0.0,0.0,0.0,0.0,0.0,0.0,0.0,0.0,0.0,0.0,0.0,0.0,0.0,0.0,0.0,0.0,0.0,-6210.599999999999,67.8,6278.4,49.4,0.0,Newcastle,0.0,0.0,Arsenal,Arsenal,1.8000000000000003,3.0,0.2699785960929837,,0.5,0.13498929804649185
pascal_gross,2,13,MID,Brighton,6,0,0,0,3,0,0,4,5.3,0.6,1.7999999999999998,34.8,0.4,42.68000000000001,0.17400000000000002,0.20400000000000001,0.03,1.874,2.4,0.6,9.68,37.08,90.0,0.0,0.0,0.0,0.0,0.0,1.0,17.0,8.6,-49016.4,14507.4,63523.799999999996,55.0,0.4,Chelsea,3.4,1.2000000000000002,Nott'm Forest,Nott'm Forest,1.2,0.6,3.4820679832009396,61014.0,2.0,6.964135966401879
pascal_struijk,2,0,DEF,Brighton,6,0,0,0,3,0,0,4,0.8800000000000001,0.0,0.0,0.0,0.0,0.0,0.0,0.0,0.0,0.0,0.0,0.0,0.0,0.0,0.0,0.0,0.0,0.0,0.0,0.0,0.0,0.0,0.0,-682.8,849.6,1532.3999999999999,50.0,0.0,Chelsea,3.4,1.2000000000000002,Nott'm Forest,Nott'm Forest,1.2,0.6,0.6120322220372948,,2.0,1.2240644440745896
patrick_dorgu,2,1,MID,Man Utd,12,1,0,0,4,0,0,2,1.1800000000000002,0.0,0.0,-2.0000000000000004,0.0,7.5,0.018000000000000002,0.314,0.296,0.968,1.4,0.0,3.76,4.2,24.0,0.0,0.0,0.0,0.0,0.0,0.4,29.799999999999997,0.6,-14311.8,2884.7999999999997,17196.6,60.0,0.4,Ipswich Town,3.0,1.7999999999999998,Coventry City,Coventry City,0.0,0.0,1.6245686047420969,79641.0,1.4783544843089371,2.401688281887992
pau_torres,2,2,DEF,Aston Villa,1,1,0,0,3,0,0,5,1.28,0.0,0.0,-2.000000000000001,0.0,0.76,0.006,0.006,0.0,2.044,2.2,0.0,0.72,6.6,83.2,0.0,0.0,0.0,0.0,0.0,1.0,0.0,1.2,-1937.3999999999999,1098.6,3036.0,45.0,0.0,Arsenal,0.0,0.0,Crystal Palace,Crystal Palace,0.6,0.0,1.9399403399068456,,0.5281965882279315,1.0246698689045295
pedro_lomba_neto,2,7,MID,Chelsea,5,1,0,0,4,0,0,3,3.32,0.0,0.0,22.8,0.0,17.0,0.226,0.484,0.25799999999999995,0.844,1.2,0.6,7.0600000000000005,29.200000000000003,45.8,0.0,0.0,0.0,0.0,0.0,0.6,24.400000000000002,4.6000000000000005,-10636.199999999999,3381.0,14017.199999999999,65.0,0.0,Brighton,3.6,3.0,Liverpool,Liverpool,2.0,1.0,3.096899853468834,,2.0,6.193799706937668
pedro_porro_sauceda,2,1,DEF,Spurs,17,1,0,0,3,0,0,3,0.3,0.0,0.0,0.6,0.0,4.74,0.06,0.258,0.198,0.432,1.2,0.0,2.28,5.64,54.0,0.0,0.0,0.0,0.0,0.0,0.6,12.6,0.6,-178166.4,12344.4,190510.8,55.0,0.0,Newcastle,0.0,0.0,Arsenal,Arsenal,1.8000000000000003,3.0,2.186226706848683,14973.0,0.5,1.0931133534243416
pep_chavarria,2,1,DEF,Chelsea,5,1,0,0,4,0,0,3,1.48,0.0,0.0,1.8000000000000003,0.0,0.26,0.012,0.012,0.0,0.166,0.6,0.0,0.62,4.8,20.799999999999997,0.0,0.0,0.0,0.0,0.0,0.0,0.8,1.0,-886.1999999999999,648.6,1534.8,50.0,0.0,Brighton,3.6,3.0,Liverpool,Liverpool,2.0,1.0,2.057461575835551,,0.6753793248340254,1.3895670099597643
phil_foden,2,9,MID,Man City,8,0,0,0,5,0,0,3,4.0,1.2,0.6,28.8,0.0,47.32,0.43000000000000005,1.0,0.5700000000000001,0.656,1.0,0.0,9.36,29.839999999999996,86.4,0.0,0.0,0.0,0.0,0.0,1.0,16.2,5.8,-15824.4,12088.199999999999,27912.6,70.0,0.4,Crystal Palace,3.2,3.0,Brentford,Brentford,1.8000000000000003,1.8000000000000003,4.3889701044735885,14969.0,0.6579989841304714,2.8879378701226304
piero_hincapie,2,0,DEF,Arsenal,2,0,0,0,5,0,0,3,1.3,0.0,0.0,1.2000000000000002,0.0,0.2,0.0,0.0,0.0,0.06,0.0,0.0,0.04000000000000001,0.16000000000000003,3.6,0.0,0.0,0.0,0.0,0.0,0.0,0.0,0.4,-22281.6,2346.0,24627.6,54.4,0.0,Aston Villa,1.8000000000000003,3.0,Spurs,Spurs,0.0,0.0,1.0072262410787038,79641.0,2.0,2.0144524821574077
promise_david,2,1,FWD,Brighton,6,0,0,0,3,0,0,4,1.1,0.0,0.0,1.7999999999999998,0.0,2.22,0.0,0.0,0.0,0.024,0.0,0.0,0.24,0.0,6.0,0.0,0.0,0.0,0.0,0.0,0.0,0.0,0.6,-973.1999999999999,1511.3999999999999,2484.6,60.0,0.0,Chelsea,3.4,1.2000000000000002,Nott'm Forest,Nott'm Forest,1.2,0.6,1.2353534825743142,14969.0,1.0603524672507252,1.3099101131744497
raphael_borges_rodrigues,2,0,MID,Coventry City,11,1,0,0,2,0,0,2,0.4,0.0,0.0,0.0,0.0,0.0,0.0,0.0,0.0,0.0,0.0,0.0,0.0,0.0,0.0,0.0,0.0,0.0,0.0,0.0,0.0,0.0,0.0,-715.8,408.0,1123.8,45.0,0.0,Hull City,0.0,0.0,Man Utd,Man Utd,3.0,1.7999999999999998,0.2356796213726824,,0.5,0.1178398106863412
rayan_ait_nouri,2,0,DEF,Man City,8,0,0,0,5,0,0,3,1.0,0.0,0.0,0.0,0.0,0.0,0.0,0.0,0.0,0.0,0.0,0.0,0.0,0.0,0.0,0.0,0.0,0.0,0.0,0.0,0.0,0.0,0.0,-8497.8,1569.6,10067.4,55.0,0.0,Crystal Palace,3.2,3.0,Brentford,Brentford,1.8000000000000003,1.8000000000000003,0.8995636305329786,,1.3590020305402573,1.2225088004944837
rayan_cherki,2,14,MID,Man City,8,0,0,0,5,0,0,3,7.64,0.8,2.1999999999999997,47.2,0.0,48.199999999999996,0.53,0.74,0.21,0.43600000000000005,0.6,1.2,13.999999999999998,60.559999999999995,59.400000000000006,0.0,0.0,0.0,0.0,0.0,0.6,31.0,11.600000000000001,97149.59999999999,121990.79999999999,24841.2,75.0,0.6,Crystal Palace,3.2,3.0,Brentford,Brentford,1.8000000000000003,1.8000000000000003,4.560667688957614,14973.0,0.6579989841304714,3.000914706290775
rayan_vitor_simplicio_rocha,2,2,MID,Bournemouth,9,1,0,0,3,0,0,3,2.12,0.0,0.0,6.0,0.0,6.620000000000001,0.024,0.28,0.256,1.9280000000000002,1.0,0.0,4.76,7.64,89.2,0.0,0.0,0.0,0.0,0.0,1.0,33.2,2.0,900.6,14208.0,13307.4,65.0,0.0,Everton,1.0,0.6,Hull City,Hull City,1.4,3.0,3.7428726709384055,14971.0,0.5295769084022708,1.9821389376189105
reece_james,2,1,DEF,Chelsea,5,1,0,0,4,0,0,3,1.3,0.0,0.0,1.4,0.0,6.960000000000001,0.028000000000000004,0.068,0.04000000000000001,0.616,1.4,0.0,2.5400000000000005,9.6,49.2,0.0,0.0,0.0,0.0,0.0,0.4,8.8,0.6,-11275.8,37515.0,48790.799999999996,55.0,0.4,Brighton,3.6,3.0,Liverpool,Liverpool,2.0,1.0,2.794163742952085,50210.0,0.6753793248340254,1.8871204221906925
regan_slater,2,2,MID,Hull City,7,0,0,0,2,0,0,2,2.8,0.4,0.0,11.6,1.0,9.4,0.18200000000000002,0.18200000000000002,0.0,1.5060000000000002,0.0,0.0,2.42,13.239999999999998,90.0,0.0,0.0,0.0,0.0,0.0,1.0,1.2,3.6000000000000005,41998.2,55422.6,13424.4,45.0,0.6,Coventry City,1.4,3.0,Bournemouth,Bournemouth,1.0,0.6,3.0781489187504274,,0.6202718698172655,1.9092891854093215
reinildo_mandava,2,6,DEF,Sunderland,10,1,0,0,2,0,0,3,2.7800000000000002,0.0,0.0,19.2,0.6,14.6,0.122,0.122,0.0,1.29,0.8,0.0,3.64,19.04,90.0,0.0,0.0,0.0,0.0,0.0,1.0,2.8,3.9999999999999996,-1561.8,585.0,2146.7999999999997,45.0,0.0,Fulham,1.0,1.7999999999999998,Newcastle,Newcastle,2.0,2.1999999999999997,2.6619674286906303,,0.6129600023189545,1.6316795612631902
reiss_nelson,2,0,MID,Arsenal,2,0,0,0,5,0,0,3,0.8,0.0,0.0,0.0,0.0,0.0,0.0,0.0,0.0,0.0,0.0,0.0,0.0,0.0,0.0,0.0,0.0,0.0,0.0,0.0,0.0,0.0,0.0,-64.8,38.4,103.2,55.0,0.0,Aston Villa,1.8000000000000003,3.0,Spurs,Spurs,0.0,0.0,0.3824815233738701,,1.754184180184576,0.67094303751534
remi_matthews,2,0,GK,Crystal Palace,15,1,0,0,3,0,0,5,0.4,0.0,0.0,0.0,0.0,0.0,0.0,0.0,0.0,0.0,0.0,0.0,0.0,0.0,0.0,0.0,0.0,0.0,0.0,0.0,0.0,0.0,0.0,-174.0,3567.0,3741.0,40.0,0.0,Man City,0.6,0.0,Aston Villa,Aston Villa,0.0,0.0,-0.4192963217613681,,1.5999999999999999,-0.6708741148181889
riccardo_calafiori,2,11,DEF,Arsenal,2,0,0,0,5,0,0,3,7.0,1.0,1.2,30.4,1.0,12.02,0.312,0.39399999999999996,0.082,0.222,0.0,0.0,4.2,23.119999999999997,86.0,0.0,0.0,0.0,0.0,0.0,1.0,7.0,10.2,161083.19999999998,186063.0,24979.8,55.6,0.0,Aston Villa,1.8000000000000003,3.0,Spurs,Spurs,0.0,0.0,4.346155468042367,15210.0,2.0,8.692310936084734
richarlison_de_andrade,2,0,FWD,Spurs,17,1,0,0,3,0,0,3,1.4,0.0,0.0,2.4000000000000004,0.0,0.8800000000000001,0.0,0.0,0.0,1.2080000000000002,1.2000000000000002,0.0,0.08000000000000002,0.0,26.8,0.0,0.0,0.0,0.0,0.0,0.4,0.0,0.8,-19048.8,8833.8,27882.6,60.0,0.0,Newcastle,0.0,0.0,Arsenal,Arsenal,1.8000000000000003,3.0,1.1492061586337505,14970.0,0.5,0.5746030793168753
rico_henry,2,1,DEF,Brentford,13,0,0,0,3,0,0,2,0.98,0.0,0.0,1.7999999999999998,0.0,0.0,0.0,0.0,0.0,0.0,0.0,0.0,0.0,0.0,1.2,0.0,0.0,0.0,0.0,0.0,0.0,0.0,0.6,-961.1999999999999,326.4,1287.6,45.0,0.0,Leeds,1.8000000000000003,1.8000000000000003,Man City,Man City,3.2,3.0,0.8707472559058318,,0.9439801581273838,0.8219681323189726
rico_lewis,2,0,DEF,Man City,8,0,0,0,5,0,0,3,0.98,0.0,0.0,-0.4,0.0,1.52,0.008,0.07600000000000001,0.068,0.22000000000000003,0.4,0.0,1.8800000000000001,1.52,22.400000000000002,0.0,0.0,0.0,0.0,0.0,0.4,15.600000000000001,0.4,658.1999999999999,2172.0,1513.8,45.0,0.0,Crystal Palace,3.2,3.0,Brentford,Brentford,1.8000000000000003,1.8000000000000003,1.2307865319551627,,1.3590020305402573,1.6726413960886675
rio_cardines,2,0,DEF,Crystal Palace,15,1,0,0,3,0,0,5,0.0,0.0,0.0,0.0,0.0,0.0,0.0,0.0,0.0,0.0,0.0,0.0,0.0,0.0,0.0,0.0,0.0,0.0,0.0,0.0,0.0,0.0,0.0,-39.0,0.0,39.0,45.0,0.0,Man City,0.6,0.0,Aston Villa,Aston Villa,0.0,0.0,0.1578491382191427,,1.4520914507253666,0.22921138411238384
rio_ngumoha,2,1,MID,Liverpool,18,1,0,0,4,0,0,3,1.78,0.0,0.0,6.6,0.0,3.1800000000000006,0.026,0.041999999999999996,0.016,0.24600000000000002,0.8,0.0,0.8200000000000001,2.16,36.2,0.0,0.0,0.0,0.0,0.0,0.4,3.2,1.4,-5598.0,3328.2,8926.199999999999,60.0,0.0,Nott'm Forest,2.0,1.0,Chelsea,Chelsea,3.6,3.0,2.0249330036684645,14970.0,1.613748177982234,3.267731945206077
robert_lynch_sanchez,2,0,GK,Chelsea,5,1,0,0,4,0,0,3,1.6400000000000001,0.0,0.0,2.4000000000000004,0.0,0.0,0.004,0.004,0.0,0.532,0.8,0.0,0.8400000000000001,8.56,36.0,0.0,0.0,0.0,0.0,1.6,0.4,0.0,0.8,-10960.199999999999,5354.4,16314.599999999999,50.0,0.0,Brighton,3.6,3.0,Liverpool,Liverpool,2.0,1.0,1.9648056375337597,,0.5,0.9824028187668798
robin_roefs,2,6,GK,Sunderland,10,1,0,0,2,0,0,3,3.14,0.0,0.0,16.0,0.6,0.0,0.0,0.0,0.0,1.29,0.8,0.0,0.8400000000000001,8.48,90.0,0.0,0.0,0.0,0.0,0.4,1.0,0.0,3.9999999999999996,-15340.8,2859.6,18200.399999999998,50.0,0.0,Fulham,1.0,1.7999999999999998,Newcastle,Newcastle,2.0,2.1999999999999997,3.298605904316978,14974.0,0.9333333333333333,3.0786988440291796
rodrigo_'rodri'_hernandez_cascante,2,0,MID,Man City,8,0,0,0,5,0,0,3,0.0,0.0,0.0,0.0,0.0,0.0,0.0,0.0,0.0,0.0,0.0,0.0,0.0,0.0,0.0,0.0,0.0,0.0,0.0,0.0,0.0,0.0,0.0,-477.59999999999997,0.0,477.59999999999997,65.0,0.0,Crystal Palace,3.2,3.0,Brentford,Brentford,1.8000000000000003,1.8000000000000003,0.5805650312014492,,0.6579989841304714,0.382011200752229
rodrigo_bentancur,2,2,MID,Spurs,17,1,0,0,3,0,0,3,1.7,0.0,0.0,13.399999999999999,0.0,10.14,0.016,0.016,0.0,1.304,1.6,0.0,2.06,10.040000000000001,72.0,0.0,0.0,0.0,0.0,0.0,0.6,0.0,1.6,-857.4,361.2,1218.6,55.0,0.0,Newcastle,0.0,0.0,Arsenal,Arsenal,1.8000000000000003,3.0,2.6401097346213733,,0.5,1.3200548673106867
rodrigo_muniz_carvalho,2,0,FWD,Fulham,20,0,0,0,3,0,0,2,1.02,0.0,0.0,2.4000000000000004,0.0,4.6000000000000005,0.0,0.008,0.008,0.012,0.0,0.0,1.0,2.4000000000000004,3.2,0.0,0.0,0.0,0.0,0.0,0.0,2.8000000000000003,0.4,-2446.7999999999997,1687.2,4134.0,55.0,0.0,Sunderland,0.8,0.0,Everton,Everton,1.4,1.8000000000000003,0.8584359568378339,,0.7934360516727994,0.6811140362073725
romain_esse,2,0,MID,Crystal Palace,15,1,0,0,3,0,0,5,0.6000000000000001,0.0,0.0,0.0,0.0,0.0,0.0,0.0,0.0,0.0,0.0,0.0,0.0,0.0,0.0,0.0,0.0,0.0,0.0,0.0,0.0,0.0,0.0,-227.4,126.6,354.0,50.0,0.0,Man City,0.6,0.0,Aston Villa,Aston Villa,0.0,0.0,0.2640076520612209,,0.9618915152251227,0.25394672047219474
romaine_mundle,2,1,MID,Sunderland,10,1,0,0,2,0,0,3,0.9000000000000001,0.0,0.0,1.2,0.0,0.06,0.0,0.10200000000000001,0.10200000000000001,0.054,0.0,0.0,1.5,4.8,0.6,0.0,0.0,0.0,0.0,0.0,0.0,10.2,0.6,-66.0,24.0,90.0,50.0,0.0,Fulham,1.0,1.7999999999999998,Newcastle,Newcastle,2.0,2.1999999999999997,0.8537204508500053,,1.0902357587030258,0.9307565634527447
romeo_lavia,2,7,MID,Chelsea,5,1,0,0,4,0,0,3,3.0,0.0,0.0,22.4,0.0,9.24,0.012,0.42000000000000004,0.40800000000000003,1.1760000000000002,2.0,0.6,7.140000000000001,28.84,65.8,0.0,0.0,0.0,0.0,0.0,1.0,33.0,4.6000000000000005,152.4,703.8,551.4,50.0,0.4,Brighton,3.6,3.0,Liverpool,Liverpool,2.0,1.0,2.682907240089929,,2.0,5.365814480179858
ronald_araujo,2,0,DEF,Liverpool,18,1,0,0,4,0,0,3,1.3,0.0,0.0,0.6000000000000002,0.0,1.8599999999999999,0.018000000000000002,0.018000000000000002,0.0,0.258,0.0,0.0,1.04,8.76,15.8,0.0,0.0,0.0,0.0,0.0,0.0,0.0,0.4,-5920.2,14344.199999999999,20264.399999999998,55.0,0.6,Nott'm Forest,2.0,1.0,Chelsea,Chelsea,3.6,3.0,1.9559737967169593,,0.5,0.9779868983584796
ross_barkley,2,2,MID,Aston Villa,1,1,0,0,3,0,0,5,1.8,0.0,0.0,18.2,0.0,22.54,0.02,0.078,0.05800000000000001,2.044,2.2,0.0,3.8,11.44,75.4,0.0,0.0,0.0,0.0,0.0,1.0,4.0,2.0,-504.59999999999997,1125.0,1629.6,50.0,0.0,Arsenal,0.0,0.0,Crystal Palace,Crystal Palace,0.6,0.0,2.117796301316619,,0.6308990643584568,1.3361157050024552
ruben_dos_santos_gato_alves_dias,2,2,DEF,Man City,8,0,0,0,5,0,0,3,2.2,0.0,0.0,15.8,0.0,20.54,0.39799999999999996,0.452,0.054,0.656,1.0,0.0,6.800000000000001,25.96,90.0,0.0,0.0,0.0,0.0,0.0,1.0,21.8,2.0,-1619.3999999999999,5914.8,7534.2,55.0,0.0,Crystal Palace,3.2,3.0,Brentford,Brentford,1.8000000000000003,1.8000000000000003,4.368853543358181,79641.0,1.3590020305402573,5.937280836556766
ryan_christie,2,1,MID,Bournemouth,9,1,0,0,3,0,0,3,0.3,0.0,0.0,3.0,0.0,0.18,0.0,0.0,0.0,0.078,0.6,0.0,0.18,1.68,1.7999999999999998,0.0,0.0,0.0,0.0,0.0,0.0,0.0,0.6,218.4,336.0,117.6,50.0,0.0,Everton,1.0,0.6,Hull City,Hull City,1.4,3.0,0.6005236986907108,,0.5295769084022708,0.3180234837749234
ryan_giles,2,6,DEF,Hull City,7,0,0,0,2,0,0,2,3.9999999999999996,0.0,0.0,22.200000000000003,1.0,16.52,0.07,0.078,0.008,1.4780000000000002,0.0,0.0,3.1000000000000005,11.280000000000001,87.6,0.0,0.0,0.0,0.0,0.0,1.0,2.8,6.0,5220.599999999999,7735.2,2514.6,40.0,0.0,Coventry City,1.4,3.0,Bournemouth,Bournemouth,1.0,0.6,2.2747250415383125,,2.0,4.549450083076625
ryan_gravenberch,2,1,MID,Liverpool,18,1,0,0,4,0,0,3,2.6799999999999997,0.4,0.0,14.600000000000001,0.0,13.66,0.026000000000000002,0.05,0.024,0.48200000000000004,0.8,0.0,2.7800000000000002,12.4,42.2,0.0,0.0,0.0,0.0,0.0,0.4,1.6,2.6,-106.8,9003.0,9109.8,60.0,0.0,Nott'm Forest,2.0,1.0,Chelsea,Chelsea,3.6,3.0,2.334905823347577,14970.0,1.613748177982234,3.76795001818726
ryan_mcaidoo,2,1,MID,Man City,8,0,0,0,5,0,0,3,1.0,0.0,0.0,3.0,0.0,0.5,0.0,0.1,0.1,0.0,0.0,0.0,0.1,0.0,8.0,0.0,0.0,0.0,0.0,0.0,0.0,1.0,1.0,0.0,0.0,0.0,45.0,0.0,Crystal Palace,3.2,3.0,Brentford,Brentford,1.8000000000000003,1.8000000000000003,1.0461335686406792,,0.6579989841304714,0.6883548254303516
ryan_sessegnon,2,1,DEF,Fulham,20,0,0,0,3,0,0,2,1.28,0.0,0.0,4.6,0.0,6.8,0.072,0.096,0.024,1.074,0.6,0.0,2.7199999999999998,7.799999999999999,20.0,0.0,0.0,0.0,0.0,0.0,0.0,12.4,1.0,-1233.0,575.4,1808.3999999999999,45.0,0.0,Sunderland,0.8,0.0,Everton,Everton,1.4,1.8000000000000003,1.6329976665702963,,0.9126764726232568,1.4903985501273873
ryan_yates,2,0,MID,Nott'm Forest,14,0,0,0,3,0,0,4,0.0,0.0,0.0,0.0,0.0,0.0,0.0,0.0,0.0,0.0,0.0,0.0,0.0,0.0,0.0,0.0,0.0,0.0,0.0,0.0,0.0,0.0,0.0,-21204.0,1045.8,22249.8,45.0,0.0,Liverpool,1.2,0.6,Brighton,Brighton,3.4,1.2000000000000002,0.18504049035825254,,1.1334375214651566,0.20973183476235496
sam_szmodics,2,0,MID,Ipswich Town,16,0,0,0,2,0,0,4,0.0,0.0,0.0,0.0,0.0,0.0,0.0,0.0,0.0,0.0,0.0,0.0,0.0,0.0,0.0,0.0,0.0,0.0,0.0,0.0,0.0,0.0,0.0,-245.39999999999998,0.0,245.39999999999998,50.0,0.0,Man Utd,2.0,1.2000000000000002,Leeds,Leeds,1.0,1.8000000000000003,0.2169858699466487,,0.7635408209916696,0.1656775692826558
samuel_iling_junior,2,0,MID,Aston Villa,1,1,0,0,3,0,0,5,0.0,0.0,0.0,0.0,0.0,0.0,0.0,0.0,0.0,0.0,0.0,0.0,0.0,0.0,0.0,0.0,0.0,0.0,0.0,0.0,0.0,0.0,0.0,-72.0,0.0,72.0,50.0,0.0,Arsenal,0.0,0.0,Crystal Palace,Crystal Palace,0.6,0.0,0.2381148271609419,,0.6308990643584568,0.1502264216657139
sander_berge,2,2,MID,Fulham,20,0,0,0,3,0,0,2,1.8,0.0,0.0,14.0,0.0,25.979999999999997,0.132,0.144,0.012,1.9940000000000002,1.8000000000000003,0.0,3.9200000000000004,9.04,78.0,0.0,0.0,0.0,0.0,0.0,1.0,4.0,2.0,-1120.8,879.0,1999.8,50.0,0.0,Sunderland,0.8,0.0,Everton,Everton,1.4,1.8000000000000003,2.4709595919518406,,0.5484823121802394,1.3552776302976863
sandro_tonali,2,2,MID,Spurs,17,1,0,0,3,0,0,3,2.0,0.0,0.0,15.2,0.0,18.34,0.036000000000000004,0.08200000000000002,0.046,1.98,2.4000000000000004,0.0,2.9400000000000004,5.48,80.4,0.0,0.0,0.0,0.0,0.0,1.0,5.6,2.0,-22858.2,8471.4,31329.6,55.0,0.0,Newcastle,0.0,0.0,Arsenal,Arsenal,1.8000000000000003,3.0,2.601387831983809,14974.0,0.5,1.3006939159919044
sasa_lukic,2,1,MID,Ipswich Town,16,0,0,0,2,0,0,4,2.4,0.4,0.0,15.4,0.0,13.06,0.02,0.032,0.012,2.6100000000000003,2.8,0.0,3.46,19.799999999999997,79.19999999999999,0.0,0.0,0.0,0.0,0.0,1.0,2.0,2.6,-100.2,706.8,807.0,50.0,0.6,Man Utd,2.0,1.2000000000000002,Leeds,Leeds,1.0,1.8000000000000003,2.1052909101221005,,0.7635408209916696,1.607475549940928
savio_moreira_de_oliveira,2,0,MID,Spurs,17,1,0,0,3,0,0,3,0.9199999999999999,0.0,0.0,0.0,0.0,0.0,0.0,0.0,0.0,0.0,0.0,0.0,0.0,0.0,0.0,0.0,0.0,0.0,0.0,0.0,0.0,0.0,0.0,29329.8,33448.2,4118.4,65.0,0.0,Newcastle,0.0,0.0,Arsenal,Arsenal,1.8000000000000003,3.0,0.7320884909898163,,0.5,0.36604424549490816
sean_longstaff,2,0,MID,Leeds,4,1,0,0,2,0,0,3,0.9000000000000001,0.0,0.0,1.2000000000000002,0.0,0.08000000000000002,0.0,0.0,0.0,0.028000000000000004,0.0,0.0,0.0,0.0,3.2,0.0,0.0,0.0,0.0,0.0,0.0,0.0,0.4,-633.6,345.0,978.5999999999999,50.0,0.0,Brentford,1.0,1.8000000000000003,Ipswich Town,Ipswich Town,2.0,1.2000000000000002,0.6706239043535788,,1.4680959889349916,0.9845402640654124
sean_neave,2,0,FWD,Newcastle,19,0,0,0,3,0,0,3,0.4,0.0,0.0,0.0,0.0,0.0,0.0,0.0,0.0,0.0,0.0,0.0,0.0,0.0,0.0,0.0,0.0,0.0,0.0,0.0,0.0,0.0,0.0,-988.1999999999999,3886.7999999999997,4875.0,45.0,0.0,Spurs,2.0,2.1999999999999997,Sunderland,Sunderland,1.0,1.7999999999999998,0.12545218590680363,,2.0,0.25090437181360725
sean_steur,2,1,MID,Newcastle,19,0,0,0,3,0,0,3,1.2000000000000002,0.0,0.0,3.6,0.0,0.48,0.0,0.0,0.0,0.82,0.4,0.0,0.38,3.16,33.4,0.0,0.0,0.0,0.0,0.0,0.4,0.0,1.0,-142.79999999999998,457.2,600.0,50.0,0.0,Spurs,2.0,2.1999999999999997,Sunderland,Sunderland,1.0,1.7999999999999998,1.2118280986240564,,0.8727780418901161,1.0576569550245265
sebastiaan_bornauw,2,0,DEF,Leeds,4,1,0,0,2,0,0,3,0.0,0.0,0.0,0.0,0.0,0.0,0.0,0.0,0.0,0.0,0.0,0.0,0.0,0.0,0.0,0.0,0.0,0.0,0.0,0.0,0.0,0.0,0.0,-102.0,0.0,102.0,45.0,0.0,Brentford,1.0,1.8000000000000003,Ipswich Town,Ipswich Town,2.0,1.2000000000000002,0.3563801978273229,,1.3455254334027065,0.4795186201377509
semi_ajayi,2,6,DEF,Hull City,7,0,0,0,2,0,0,2,6.4,0.0,0.8,30.0,1.0,0.56,0.0,0.20800000000000002,0.20800000000000002,1.118,0.0,0.4,4.12,27.040000000000003,79.2,0.0,0.0,0.0,0.0,0.0,1.0,14.0,9.2,38287.799999999996,47643.6,9355.8,40.0,0.0,Coventry City,1.4,3.0,Bournemouth,Bournemouth,1.0,0.6,2.3998190822786647,,2.0,4.799638164557329
senne_lammens,2,2,GK,Man Utd,12,1,0,0,4,0,0,2,1.94,0.0,0.0,9.4,0.0,0.0,0.0,0.0,0.0,1.6400000000000001,2.0,0.0,2.42,24.28,90.0,0.0,0.0,0.0,0.0,2.5999999999999996,1.0,0.0,1.6,-32337.6,20828.399999999998,53166.0,50.0,0.0,Ipswich Town,3.0,1.7999999999999998,Coventry City,Coventry City,0.0,0.0,2.893342321142881,14970.0,2.0,5.786684642285762
sepp_van_den_berg,2,0,DEF,Brentford,13,0,0,0,3,0,0,2,0.0,0.0,0.0,0.0,0.0,0.0,0.0,0.0,0.0,0.0,0.0,0.0,0.0,0.0,0.0,0.0,0.0,0.0,0.0,0.0,0.0,0.0,0.0,-2386.7999999999997,87.0,2473.7999999999997,50.0,0.0,Leeds,1.8000000000000003,1.8000000000000003,Man City,Man City,3.2,3.0,0.6511283540839883,,0.9439801581273838,0.6146522466494264
shea_charles,2,1,MID,Fulham,20,0,0,0,3,0,0,2,1.2000000000000002,0.0,0.0,3.2,0.0,2.2,0.018,0.072,0.054,1.074,0.6,0.0,0.74,1.7200000000000002,22.4,0.0,0.0,0.0,0.0,0.0,0.0,3.5999999999999996,1.0,-269.4,215.4,484.79999999999995,50.0,0.0,Sunderland,0.8,0.0,Everton,Everton,1.4,1.8000000000000003,1.6949925234194418,,0.5484823121802394,0.929673418373314
shea_lacey,2,0,MID,Man Utd,12,1,0,0,4,0,0,2,0.9000000000000001,0.0,0.0,1.2000000000000002,0.0,0.24,0.0,0.0,0.0,0.0,0.0,0.0,0.04000000000000001,0.08000000000000002,4.0,0.0,0.0,0.0,0.0,0.0,0.0,0.0,0.4,-157.79999999999998,196.2,354.0,50.0,0.0,Ipswich Town,3.0,1.7999999999999998,Coventry City,Coventry City,0.0,0.0,0.5990382895896864,,1.4783544843089371,0.8855909416876686
shumaira_mheuka,2,0,FWD,Chelsea,5,1,0,0,4,0,0,3,0.4,0.0,0.0,0.0,0.0,0.0,0.0,0.0,0.0,0.0,0.0,0.0,0.0,0.0,0.0,0.0,0.0,0.0,0.0,0.0,0.0,0.0,0.0,-888.0,1757.3999999999999,2645.4,45.0,0.0,Brighton,3.6,3.0,Liverpool,Liverpool,2.0,1.0,0.09291967008452073,,1.438176658793934,0.13363490065839068
sidiki_cherif,2,0,FWD,Coventry City,11,1,0,0,2,0,0,2,0.5599999999999999,0.0,0.0,0.0,0.0,0.0,0.0,0.0,0.0,0.0,0.0,0.0,0.0,0.0,0.0,0.0,0.0,0.0,0.0,0.0,0.0,0.0,0.0,198.0,1034.3999999999999,836.4,50.0,0.0,Hull City,0.0,0.0,Man Utd,Man Utd,3.0,1.7999999999999998,0.11098224024618109,,0.6117242201501663,0.06789052436511352
simon_adingra,2,0,MID,Sunderland,10,1,0,0,2,0,0,3,0.0,0.0,0.0,0.0,0.0,0.0,0.0,0.0,0.0,0.0,0.0,0.0,0.0,0.0,0.0,0.0,0.0,0.0,0.0,0.0,0.0,0.0,0.0,-2103.6,31.799999999999997,2135.4,50.0,0.0,Fulham,1.0,1.7999999999999998,Newcastle,Newcastle,2.0,2.1999999999999997,0.2701850682192546,,1.0902357587030258,0.29456542284024784
sindre_walle_egeli,2,0,FWD,Ipswich Town,16,0,0,0,2,0,0,4,0.7,0.0,0.0,1.2000000000000002,0.0,0.04000000000000001,0.0,0.0,0.0,0.012,0.0,0.0,0.0,0.0,4.0,0.0,0.0,0.0,0.0,0.0,0.0,0.0,0.4,10362.6,24427.2,14064.6,45.0,0.0,Man Utd,2.0,1.2000000000000002,Leeds,Leeds,1.0,1.8000000000000003,0.6631831887389317,,1.047788980559815,0.6948760372531726
stefan_bajcetic_maquieira,2,0,MID,Liverpool,18,1,0,0,4,0,0,3,0.0,0.0,0.0,0.0,0.0,0.0,0.0,0.0,0.0,0.0,0.0,0.0,0.0,0.0,0.0,0.0,0.0,0.0,0.0,0.0,0.0,0.0,0.0,-12.6,4.8,17.4,50.0,0.0,Nott'm Forest,2.0,1.0,Chelsea,Chelsea,3.6,3.0,0.3012259459295339,,1.613748177982234,0.48610282140476024
stefanos_tzimas,2,0,FWD,Brighton,6,0,0,0,3,0,0,4,0.0,0.0,0.0,0.0,0.0,0.0,0.0,0.0,0.0,0.0,0.0,0.0,0.0,0.0,0.0,0.0,0.0,0.0,0.0,0.0,0.0,0.0,0.0,-100.8,50.4,151.2,55.0,0.0,Chelsea,3.4,1.2000000000000002,Nott'm Forest,Nott'm Forest,1.2,0.6,0.28076537775015886,,1.0603524672507252,0.2977102610159628
steven_benda,2,0,GK,Nott'm Forest,14,0,0,0,3,0,0,4,0.76,0.0,0.0,0.0,0.0,0.0,0.0,0.0,0.0,0.0,0.0,0.0,0.0,0.0,0.0,0.0,0.0,0.0,0.0,0.0,0.0,0.0,0.0,48.6,375.0,326.4,45.0,0.0,Liverpool,1.2,0.6,Brighton,Brighton,3.4,1.2000000000000002,0.37419402154401626,,0.5,0.18709701077200813
sven_botman,2,5,DEF,Newcastle,19,0,0,0,3,0,0,3,3.2800000000000002,0.0,0.0,14.799999999999999,0.6,1.2000000000000002,0.004,0.01,0.006,1.8639999999999999,0.8,0.0,2.2199999999999998,19.68,90.0,0.0,0.0,0.0,0.0,0.0,1.0,1.2,4.2,3361.7999999999997,5331.0,1969.1999999999998,50.0,0.6,Spurs,2.0,2.1999999999999997,Sunderland,Sunderland,1.0,1.7999999999999998,2.8398010073874405,,2.0,5.679602014774881
taiwo_awoniyi,2,2,FWD,Coventry City,11,1,0,0,2,0,0,2,1.62,0.0,0.0,5.199999999999999,0.0,14.72,0.018,0.576,0.558,0.548,0.6,0.0,5.98,6.0,62.0,0.0,0.0,0.0,0.0,0.0,0.6,39.0,1.6,-383.4,5192.4,5575.8,55.0,0.0,Hull City,0.0,0.0,Man Utd,Man Utd,3.0,1.7999999999999998,2.9645315139326227,,0.6117242201501663,1.8134757284710254
takehiro_tomiyasu,2,1,DEF,Crystal Palace,15,1,0,0,3,0,0,5,1.28,0.0,0.0,-0.5999999999999996,0.0,1.74,0.004,0.004,0.0,1.2619999999999998,1.7999999999999998,0.0,1.16,8.52,51.0,0.0,0.0,0.0,0.0,0.0,0.6,1.2,1.0,-1102.8,497.4,1600.2,45.0,0.0,Man City,0.6,0.0,Aston Villa,Aston Villa,0.0,0.0,1.533832869649786,,1.4520914507253666,2.22726559686001
tammy_abraham,2,1,FWD,Aston Villa,1,1,0,0,3,0,0,5,0.64,0.0,0.0,1.7999999999999998,0.0,0.78,0.0,0.0,0.0,0.012,0.0,0.0,0.06,0.0,11.4,0.0,0.0,0.0,0.0,0.0,0.0,0.0,0.6,-1251.6,358.2,1609.8,55.0,0.0,Arsenal,0.0,0.0,Crystal Palace,Crystal Palace,0.6,0.0,1.2496914039878808,,1.473418855440044,1.841318878117085
tanaka_ao,2,1,MID,Leeds,4,1,0,0,2,0,0,3,0.9000000000000001,0.0,0.0,3.5999999999999996,0.0,1.08,0.006,0.006,0.0,0.6779999999999999,0.0,0.0,1.32,12.0,27.0,0.0,0.0,0.0,0.0,0.0,0.0,0.0,0.6,-2000.3999999999999,539.4,2539.7999999999997,50.0,0.0,Brentford,1.0,1.8000000000000003,Ipswich Town,Ipswich Town,2.0,1.2000000000000002,1.4553518906729779,,1.4680959889349916,2.136596273185955
tarik_muharemovic,2,4,DEF,Leeds,4,1,0,0,2,0,0,3,3.88,0.0,0.0,20.2,0.4,0.72,0.006,0.041999999999999996,0.036,1.266,0.6,0.0,4.5600000000000005,37.2,90.0,0.0,0.0,0.0,0.0,0.0,1.0,8.0,4.800000000000001,5818.2,12923.4,7105.2,50.0,0.0,Brentford,1.0,1.8000000000000003,Ipswich Town,Ipswich Town,2.0,1.2000000000000002,3.6134190518204448,61014.0,1.3455254334027065,4.8619472357663005
tatsuhiro_sakamoto,2,1,MID,Coventry City,11,1,0,0,2,0,0,2,0.9000000000000001,0.0,0.0,4.8,0.0,3.54,0.012,0.024,0.012,0.414,0.6,0.0,1.14,3.7199999999999998,18.599999999999998,0.0,0.0,0.0,0.0,0.0,0.0,4.2,0.6,-790.8,82.2,873.0,50.0,0.0,Hull City,0.0,0.0,Man Utd,Man Utd,3.0,1.7999999999999998,1.3812600305168001,,0.5,0.6906300152584001
thierno_barry,2,2,FWD,Everton,3,0,0,0,3,0,0,3,3.72,0.0,0.8,18.4,0.4,14.620000000000001,0.036,1.104,1.068,0.9960000000000001,0.6,0.4,8.72,21.200000000000003,72.6,0.0,0.0,0.0,0.0,0.0,1.0,51.2,4.4,76702.2,90159.0,13456.8,55.0,0.0,Bournemouth,1.4,1.8000000000000003,Fulham,Fulham,0.8,0.0,3.1345793007796545,14971.0,2.0,6.269158601559309
thimothee_lo_tutala,2,0,GK,Hull City,7,0,0,0,2,0,0,2,0.0,0.0,0.0,0.0,0.0,0.0,0.0,0.0,0.0,0.0,0.0,0.0,0.0,0.0,0.0,0.0,0.0,0.0,0.0,0.0,0.0,0.0,0.0,-229.79999999999998,0.0,229.79999999999998,40.0,0.0,Coventry City,1.4,3.0,Bournemouth,Bournemouth,1.0,0.6,0.1554942075378447,,2.0,0.3109884150756894
thomas_meunier,2,6,DEF,Sunderland,10,1,0,0,2,0,0,3,2.7800000000000002,0.0,0.0,18.2,0.6,14.120000000000001,0.062,0.10600000000000001,0.044,1.29,0.8,0.0,4.32,19.080000000000002,90.0,0.0,0.0,0.0,0.0,0.0,1.0,9.8,3.9999999999999996,-424.8,606.0,1030.8,45.0,0.0,Fulham,1.0,1.7999999999999998,Newcastle,Newcastle,2.0,2.1999999999999997,2.71918374745305,,0.6129600023189545,1.666750876144485
tijjani_reijnders,2,0,MID,Man City,8,0,0,0,5,0,0,3,0.0,0.0,0.0,0.0,0.0,0.0,0.0,0.0,0.0,0.0,0.0,0.0,0.0,0.0,0.0,0.0,0.0,0.0,0.0,0.0,0.0,0.0,0.0,-3374.4,0.0,3374.4,60.0,0.0,Crystal Palace,3.2,3.0,Brentford,Brentford,1.8000000000000003,1.8000000000000003,0.4603037195109614,,0.6579989841304714,0.30287937982969004
tim_iroegbunam,2,1,MID,Everton,3,0,0,0,3,0,0,3,0.0,0.0,0.0,1.2,0.0,0.0,0.0,0.0,0.0,0.0,0.0,0.0,0.0,0.0,2.4,0.0,0.0,0.0,0.0,0.0,0.0,0.0,0.6,-196.2,12.6,208.79999999999998,50.0,0.0,Bournemouth,1.4,1.8000000000000003,Fulham,Fulham,0.8,0.0,0.6208517446568291,,1.3969740259534618,0.8673137612534813
timothy_castagne,2,6,DEF,Fulham,20,0,0,0,3,0,0,2,4.279999999999999,0.8,0.0,19.2,0.6,11.540000000000001,0.072,0.10800000000000001,0.036,1.052,1.2000000000000002,0.0,3.5600000000000005,15.200000000000001,76.19999999999999,0.0,0.0,0.0,0.0,0.0,1.0,9.200000000000001,6.0,5688.599999999999,7257.599999999999,1569.0,45.0,0.4,Sunderland,0.8,0.0,Everton,Everton,1.4,1.8000000000000003,2.8912287582596496,,0.9126764726232568,2.638756464635336
tino_livramento,2,0,DEF,Newcastle,19,0,0,0,3,0,0,3,0.0,0.0,0.0,0.0,0.0,0.0,0.0,0.0,0.0,0.0,0.0,0.0,0.0,0.0,0.0,0.0,0.0,0.0,0.0,0.0,0.0,0.0,0.0,-682.1999999999999,54.6,736.8,50.0,0.0,Spurs,2.0,2.1999999999999997,Sunderland,Sunderland,1.0,1.7999999999999998,0.508404840052833,,2.0,1.016809680105666
toby_collyer,2,0,MID,Man Utd,12,1,0,0,4,0,0,2,0.6000000000000001,0.0,0.0,0.0,0.0,0.0,0.0,0.0,0.0,0.0,0.0,0.0,0.0,0.0,0.0,0.0,0.0,0.0,0.0,0.0,0.0,0.0,0.0,-104.39999999999999,36.0,140.4,50.0,0.0,Ipswich Town,3.0,1.7999999999999998,Coventry City,Coventry City,0.0,0.0,0.21769268708101897,,1.4783544843089371,0.32182696014748663
tom_cairney,2,0,MID,Fulham,20,0,0,0,3,0,0,2,0.0,0.0,0.0,0.0,0.0,0.0,0.0,0.0,0.0,0.0,0.0,0.0,0.0,0.0,0.0,0.0,0.0,0.0,0.0,0.0,0.0,0.0,0.0,-61.8,7.199999999999999,69.0,50.0,0.0,Sunderland,0.8,0.0,Everton,Everton,1.4,1.8000000000000003,0.2522340242195946,,0.5484823121802394,0.13834590081448975
tom_heaton,2,0,GK,Man Utd,12,1,0,0,4,0,0,2,0.0,0.0,0.0,0.0,0.0,0.0,0.0,0.0,0.0,0.0,0.0,0.0,0.0,0.0,0.0,0.0,0.0,0.0,0.0,0.0,0.0,0.0,0.0,-474.0,129.0,603.0,40.0,0.0,Ipswich Town,3.0,1.7999999999999998,Coventry City,Coventry City,0.0,0.0,-0.08759223155724305,,2.0,-0.1751844631144861
tom_king,2,0,GK,Everton,3,0,0,0,3,0,0,3,0.76,0.0,0.0,0.0,0.0,0.0,0.0,0.0,0.0,0.0,0.0,0.0,0.0,0.0,0.0,0.0,0.0,0.0,0.0,0.0,0.0,0.0,0.0,-81.6,145.79999999999998,227.4,45.0,0.0,Bournemouth,1.4,1.8000000000000003,Fulham,Fulham,0.8,0.0,0.05911220019085528,,2.0,0.11822440038171056
tom_watson,2,0,MID,Brighton,6,0,0,0,3,0,0,4,0.0,0.0,0.0,0.0,0.0,0.0,0.0,0.0,0.0,0.0,0.0,0.0,0.0,0.0,0.0,0.0,0.0,0.0,0.0,0.0,0.0,0.0,0.0,-33.6,0.0,33.6,50.0,0.0,Chelsea,3.4,1.2000000000000002,Nott'm Forest,Nott'm Forest,1.2,0.6,0.19136720709961796,,2.0,0.38273441419923593
tosin_adarabioyo,2,0,DEF,Chelsea,5,1,0,0,4,0,0,3,0.68,0.0,0.0,0.0,0.0,0.0,0.0,0.0,0.0,0.0,0.0,0.0,0.0,0.0,0.0,0.0,0.0,0.0,0.0,0.0,0.0,0.0,0.0,-1114.2,157.79999999999998,1272.0,45.0,0.0,Brighton,3.6,3.0,Liverpool,Liverpool,2.0,1.0,0.5185053601145546,,0.6753793248340254,0.3501878000369911
trai_hume,2,6,DEF,Sunderland,10,1,0,0,2,0,0,3,3.08,0.0,0.0,20.0,0.6,27.22,0.11400000000000002,0.13,0.016,1.246,0.4,0.0,4.880000000000001,14.92,85.6,0.0,0.0,0.0,0.0,0.0,1.0,6.4,4.3999999999999995,-14251.199999999999,8171.4,22422.6,45.0,0.0,Fulham,1.0,1.7999999999999998,Newcastle,Newcastle,2.0,2.1999999999999997,2.63933947358593,61014.0,0.6129600023189545,1.61780952984974
trevoh_chalobah,2,0,DEF,Chelsea,5,1,0,0,4,0,0,3,0.0,0.0,0.0,0.0,0.0,0.0,0.0,0.0,0.0,0.0,0.0,0.0,0.0,0.0,0.0,0.0,0.0,0.0,0.0,0.0,0.0,0.0,0.0,-4834.8,0.0,4834.8,55.0,0.0,Brighton,3.6,3.0,Liverpool,Liverpool,2.0,1.0,0.7911783720866914,,0.6753793248340254,0.5343455147631929
trey_nyoni,2,1,MID,Liverpool,18,1,0,0,4,0,0,3,0.9000000000000001,0.0,0.0,1.7999999999999998,0.0,1.32,0.0,0.0,0.0,0.042,0.0,0.0,0.54,3.84,7.8,0.0,0.0,0.0,0.0,0.0,0.0,0.0,0.6,-320.4,83.39999999999999,403.8,50.0,0.0,Nott'm Forest,2.0,1.0,Chelsea,Chelsea,3.6,3.0,0.9471594497211403,,1.613748177982234,1.5284768362461456
triston_rowe,2,0,DEF,Aston Villa,1,1,0,0,3,0,0,5,0.4,0.0,0.0,0.0,0.0,0.0,0.0,0.0,0.0,0.0,0.0,0.0,0.0,0.0,0.0,0.0,0.0,0.0,0.0,0.0,0.0,0.0,0.0,788.4,936.0,147.6,40.0,0.0,Arsenal,0.0,0.0,Crystal Palace,Crystal Palace,0.6,0.0,0.05446549015983915,,0.5281965882279315,0.028768486078589013
tyler_adams,2,1,MID,Bournemouth,9,1,0,0,3,0,0,3,1.04,0.0,0.0,4.0,0.0,1.02,0.0,0.0,0.0,0.22,1.4,0.0,0.34,2.4000000000000004,18.6,0.0,0.0,0.0,0.0,0.0,0.0,0.0,1.0,106.2,1819.2,1713.0,50.0,0.0,Everton,1.0,0.6,Hull City,Hull City,1.4,3.0,1.459022365085888,,0.5295769084022708,0.7726645533919538
tyler_bindon,2,0,DEF,Nott'm Forest,14,0,0,0,3,0,0,4,0.4,0.0,0.0,0.0,0.0,0.0,0.0,0.0,0.0,0.0,0.0,0.0,0.0,0.0,0.0,0.0,0.0,0.0,0.0,0.0,0.0,0.0,0.0,-631.1999999999999,219.0,850.1999999999999,40.0,0.0,Liverpool,1.2,0.6,Brighton,Brighton,3.4,1.2000000000000002,0.28998484405301617,,0.5,0.14499242202650808
tyler_dibling,2,0,MID,Everton,3,0,0,0,3,0,0,3,0.8,0.0,0.0,0.0,0.0,0.0,0.0,0.0,0.0,0.0,0.0,0.0,0.0,0.0,0.0,0.0,0.0,0.0,0.0,0.0,0.0,0.0,0.0,-330.0,120.6,450.59999999999997,55.0,0.0,Bournemouth,1.4,1.8000000000000003,Fulham,Fulham,0.8,0.0,0.41402775474804443,,1.3969740259534618,0.5783860194068481
tyler_fletcher,2,0,MID,Man Utd,12,1,0,0,4,0,0,2,0.4,0.0,0.0,0.0,0.0,0.0,0.0,0.0,0.0,0.0,0.0,0.0,0.0,0.0,0.0,0.0,0.0,0.0,0.0,0.0,0.0,0.0,0.0,-1593.6,796.8,2390.4,45.0,0.0,Ipswich Town,3.0,1.7999999999999998,Coventry City,Coventry City,0.0,0.0,0.07854124442911581,,1.4783544843089371,0.11611180090498768
tyler_fredricson,2,0,DEF,Man Utd,12,1,0,0,4,0,0,2,0.0,0.0,0.0,0.0,0.0,0.0,0.0,0.0,0.0,0.0,0.0,0.0,0.0,0.0,0.0,0.0,0.0,0.0,0.0,0.0,0.0,0.0,0.0,-408.0,0.0,408.0,40.0,0.0,Ipswich Town,3.0,1.7999999999999998,Coventry City,Coventry City,0.0,0.0,0.07693321537709519,,1.701839290018332,0.13092796863618308
tyrick_mitchell,2,0,DEF,Crystal Palace,15,1,0,0,3,0,0,5,0.98,0.0,0.0,-1.1999999999999997,0.0,18.48,0.1,0.166,0.066,1.774,3.2,0.0,3.48,11.6,90.0,0.0,0.0,0.0,0.0,0.0,1.0,5.0,0.4,-26624.399999999998,3579.0,30203.399999999998,45.0,0.0,Man City,0.6,0.0,Aston Villa,Aston Villa,0.0,0.0,2.256133139376956,15210.0,1.4520914507253666,3.2761116433874595
tyrique_george,2,2,MID,Everton,3,0,0,0,3,0,0,3,2.3,0.0,0.0,12.399999999999999,0.4,16.68,0.038,0.14,0.102,1.016,0.6,0.0,4.24,6.4,69.80000000000001,0.0,0.0,0.0,0.0,0.0,1.0,19.6,2.4000000000000004,-125.39999999999999,1363.8,1489.2,55.0,0.0,Bournemouth,1.4,1.8000000000000003,Fulham,Fulham,0.8,0.0,2.659174378579517,,1.3969740259534618,3.714797537356523
tyrone_mings,2,0,DEF,Aston Villa,1,1,0,0,3,0,0,5,0.98,0.0,0.0,2.0,0.0,0.0,0.0,0.0,0.0,0.08800000000000001,0.0,0.0,0.08000000000000002,0.8,6.4,0.0,0.0,0.0,0.0,0.0,0.0,0.0,0.4,-152.4,1951.8,2104.2,45.0,0.0,Arsenal,0.0,0.0,Crystal Palace,Crystal Palace,0.6,0.0,0.6455946845597066,,0.5281965882279315,0.3410009097625247
valentin_barco,2,1,MID,Chelsea,5,1,0,0,4,0,0,3,1.1,0.0,0.0,0.6,0.0,0.0,0.0,0.024,0.024,0.042,0.6,0.0,0.12,0.0,4.8,0.0,0.0,0.0,0.0,0.0,0.0,2.4,0.6,-679.8,316.8,996.5999999999999,55.0,0.0,Brighton,3.6,3.0,Liverpool,Liverpool,2.0,1.0,0.9489194608392235,,2.0,1.897838921678447
veljko_milosavljevic,2,0,DEF,Bournemouth,9,1,0,0,3,0,0,3,0.0,0.0,0.0,0.0,0.0,0.0,0.0,0.0,0.0,0.0,0.0,0.0,0.0,0.0,0.0,0.0,0.0,0.0,0.0,0.0,0.0,0.0,0.0,-133.2,44.4,177.6,50.0,0.0,Everton,1.0,0.6,Hull City,Hull City,1.4,3.0,0.4890916208742604,,0.7073007680668802,0.34593487909943976
victor_lindelof,2,2,DEF,Aston Villa,1,1,0,0,3,0,0,5,0.68,0.0,0.0,0.7999999999999998,0.0,0.76,0.048,0.048,0.0,2.132,2.2,0.0,1.04,9.72,90.0,0.4,0.0,0.0,0.0,0.0,1.0,0.0,0.3999999999999999,-1341.6,1065.0,2406.6,45.0,0.0,Arsenal,0.0,0.0,Crystal Palace,Crystal Palace,0.6,0.0,2.3349955543264818,,0.5281965882279315,1.2333366853226353
victor_munoz,2,6,MID,Liverpool,18,1,0,0,4,0,0,3,3.92,0.4,0.0,20.4,0.0,13.64,0.13,0.362,0.232,1.8079999999999998,1.2,0.6,6.36,26.92,64.8,0.0,0.0,0.0,0.0,0.0,0.6,23.0,5.199999999999999,343.8,3891.6,3547.7999999999997,65.0,0.6,Nott'm Forest,2.0,1.0,Chelsea,Chelsea,3.6,3.0,3.7847485954845093,,1.613748177982234,6.107631150083946
victor_torp,2,1,MID,Coventry City,11,1,0,0,2,0,0,2,1.4,0.0,0.0,4.4,0.0,8.719999999999999,0.05,0.05,0.0,0.542,0.6,0.0,1.0999999999999999,2.72,22.6,0.0,0.0,0.0,0.0,0.0,0.0,0.0,1.0,-765.0,329.4,1094.3999999999999,55.0,0.0,Hull City,0.0,0.0,Man Utd,Man Utd,3.0,1.7999999999999998,1.919778869784928,,0.5,0.959889434892464
viktor_gyokeres,2,0,FWD,Arsenal,2,0,0,0,5,0,0,3,0.96,0.0,0.0,0.0,0.0,0.0,0.0,0.0,0.0,0.0,0.0,0.0,0.0,0.0,0.0,0.0,0.0,0.0,0.0,0.0,0.0,0.0,0.0,-137611.8,5265.599999999999,142877.4,74.4,0.0,Aston Villa,1.8000000000000003,3.0,Spurs,Spurs,0.0,0.0,0.6275873553086,14969.0,1.0382297024958713,0.6515798331922185
virgil_van_dijk,2,1,DEF,Liverpool,18,1,0,0,4,0,0,3,2.14,0.0,0.0,6.2,0.0,3.2199999999999998,0.022,0.12200000000000001,0.1,2.012,2.0,0.0,3.9,25.0,90.0,0.0,0.0,0.0,0.0,0.0,1.0,10.8,1.4,-2703.6,44768.4,47472.0,65.0,0.4,Nott'm Forest,2.0,1.0,Chelsea,Chelsea,3.6,3.0,3.585766818002785,61014.0,0.5,1.7928834090013925
vitalii_mykolenko,2,4,DEF,Everton,3,0,0,0,3,0,0,3,3.68,0.0,0.0,15.0,0.4,6.12,0.026000000000000002,0.026000000000000002,0.0,2.08,0.6,0.0,3.4399999999999995,27.2,90.0,0.0,0.0,0.0,0.0,0.0,1.0,0.8,4.800000000000001,7628.4,13070.4,5442.0,45.0,0.0,Bournemouth,1.4,1.8000000000000003,Fulham,Fulham,0.8,0.0,2.8612568317253464,,2.0,5.722513663450693
vitaly_janelt,2,1,MID,Brentford,13,0,0,0,3,0,0,2,3.6,0.0,0.0,20.6,0.4,36.76,0.15200000000000002,0.30800000000000005,0.15600000000000003,1.104,0.6,0.4,8.0,31.119999999999997,90.0,0.0,0.0,0.0,0.0,0.0,1.0,12.000000000000002,4.2,17684.399999999998,20255.399999999998,2571.0,50.0,1.0,Leeds,1.8000000000000003,1.8000000000000003,Man City,Man City,3.2,3.0,3.859530967781179,14972.0,1.125077588771921,4.342271795021808
vitezslav_jaros,2,0,GK,Liverpool,18,1,0,0,4,0,0,3,0.0,0.0,0.0,0.0,0.0,0.0,0.0,0.0,0.0,0.0,0.0,0.0,0.0,0.0,0.0,0.0,0.0,0.0,0.0,0.0,0.0,0.0,0.0,-9.6,97.8,107.39999999999999,40.0,0.0,Nott'm Forest,2.0,1.0,Chelsea,Chelsea,3.6,3.0,0.5769059594902,,0.5,0.2884529797451
vitor_de_oliveira_nunes_dos_reis,2,1,DEF,Man City,8,0,0,0,5,0,0,3,0.98,0.0,0.0,1.7999999999999998,0.0,0.54,0.0,0.0,0.0,0.0,0.0,0.0,0.12,0.72,0.6,0.0,0.0,0.0,0.0,0.0,0.0,0.0,0.6,-82.8,61.199999999999996,144.0,45.0,0.0,Crystal Palace,3.2,3.0,Brentford,Brentford,1.8000000000000003,1.8000000000000003,0.8076686497616317,,1.3590020305402573,1.0976233350297653
walter_benitez,2,0,GK,Crystal Palace,15,1,0,0,3,0,0,5,0.76,0.0,0.0,0.0,0.0,0.0,0.0,0.0,0.0,0.0,0.0,0.0,0.0,0.0,0.0,0.0,0.0,0.0,0.0,0.0,0.0,0.0,0.0,-544.8,280.8,825.6,45.0,0.0,Man City,0.6,0.0,Aston Villa,Aston Villa,0.0,0.0,-0.279131895315041,,1.5999999999999999,-0.4466110325040656
wellity_lucky,2,0,DEF,Liverpool,18,1,0,0,4,0,0,3,0.4,0.0,0.0,0.0,0.0,0.0,0.0,0.0,0.0,0.0,0.0,0.0,0.0,0.0,0.0,0.0,0.0,0.0,0.0,0.0,0.0,0.0,0.0,-317.4,364.8,682.1999999999999,40.0,0.0,Nott'm Forest,2.0,1.0,Chelsea,Chelsea,3.6,3.0,0.35458167536511587,,0.5,0.17729083768255793
wes_burns,2,0,MID,Ipswich Town,16,0,0,0,2,0,0,4,0.0,0.0,0.0,0.0,0.0,0.0,0.0,0.0,0.0,0.0,0.0,0.0,0.0,0.0,0.0,0.0,0.0,0.0,0.0,0.0,0.0,0.0,0.0,-114.6,0.0,114.6,50.0,0.0,Man Utd,2.0,1.2000000000000002,Leeds,Leeds,1.0,1.8000000000000003,0.2169858699466487,,0.7635408209916696,0.1656775692826558
wesley_fofana,2,0,DEF,Chelsea,5,1,0,0,4,0,0,3,0.0,0.0,0.0,-1.2,0.0,0.54,0.006,0.006,0.0,0.756,1.2,0.0,1.2,11.639999999999999,40.199999999999996,0.0,0.0,0.0,0.0,0.0,0.6,0.0,0.0,331.2,487.79999999999995,156.6,50.0,0.6,Brighton,3.6,3.0,Liverpool,Liverpool,2.0,1.0,1.3445637468721219,,0.6753793248340254,0.9080905555588011
wilfried_gnonto,2,0,MID,Leeds,4,1,0,0,2,0,0,3,0.0,0.0,0.0,0.0,0.0,0.0,0.0,0.0,0.0,0.0,0.0,0.0,0.0,0.0,0.0,0.0,0.0,0.0,0.0,0.0,0.0,0.0,0.0,-406.8,10.799999999999999,417.59999999999997,50.0,0.0,Brentford,1.0,1.8000000000000003,Ipswich Town,Ipswich Town,2.0,1.2000000000000002,0.26719830424534896,,1.4680959889349916,0.39227275871282835
will_dennis,2,0,GK,Bournemouth,9,1,0,0,3,0,0,3,0.4,0.0,0.0,0.0,0.0,0.0,0.0,0.0,0.0,0.0,0.0,0.0,0.0,0.0,0.0,0.0,0.0,0.0,0.0,0.0,0.0,0.0,0.0,-230.39999999999998,679.8,910.1999999999999,40.0,0.0,Everton,1.0,0.6,Hull City,Hull City,1.4,3.0,0.21674352619247772,,0.6666666666666666,0.14449568412831848
will_hughes,2,0,MID,Crystal Palace,15,1,0,0,3,0,0,5,0.4,0.0,0.0,0.0,0.0,0.0,0.0,0.0,0.0,0.0,0.0,0.0,0.0,0.0,0.0,0.0,0.0,0.0,0.0,0.0,0.0,0.0,0.0,-41998.799999999996,12109.199999999999,54108.0,45.0,0.0,Man City,0.6,0.0,Aston Villa,Aston Villa,0.0,0.0,0.12485620940931774,,0.9618915152251227,0.12009812845399387
william_osula,2,0,FWD,Newcastle,19,0,0,0,3,0,0,3,0.8,0.4,0.0,7.2,0.0,5.48,0.05600000000000001,0.08000000000000002,0.024,0.592,0.4,0.0,2.0,11.280000000000001,22.0,0.0,0.0,0.0,0.0,0.0,0.4,3.2,1.6,-3697.7999999999997,12206.4,15904.199999999999,60.0,0.0,Spurs,2.0,2.1999999999999997,Sunderland,Sunderland,1.0,1.7999999999999998,0.6421120040335493,14974.0,2.0,1.2842240080670986
william_saliba,2,0,DEF,Arsenal,2,0,0,0,5,0,0,3,0.0,0.0,0.0,0.0,0.0,0.0,0.0,0.0,0.0,0.0,0.0,0.0,0.0,0.0,0.0,0.0,0.0,0.0,0.0,0.0,0.0,0.0,0.0,-3582.0,507.59999999999997,4089.6,60.0,0.0,Aston Villa,1.8000000000000003,3.0,Spurs,Spurs,0.0,0.0,0.7889266572373487,14970.0,2.0,1.5778533144746973
wilson_isidor,2,8,FWD,Sunderland,10,1,0,0,2,0,0,3,3.42,0.0,1.7999999999999998,18.599999999999998,0.0,0.14,0.0,0.834,0.834,0.262,0.4,0.6,3.24,17.52,24.8,0.0,0.0,0.0,0.0,0.0,0.0,15.0,5.2,-6270.599999999999,1482.0,7752.599999999999,55.0,0.0,Fulham,1.0,1.7999999999999998,Newcastle,Newcastle,2.0,2.1999999999999997,3.000813393197509,79641.0,0.6603222178300551,1.9815037550903123
wilson_odobert,2,0,MID,Spurs,17,1,0,0,3,0,0,3,0.0,0.0,0.0,0.0,0.0,0.0,0.0,0.0,0.0,0.0,0.0,0.0,0.0,0.0,0.0,0.0,0.0,0.0,0.0,0.0,0.0,0.0,0.0,-1.7999999999999998,9.6,11.4,55.0,0.0,Newcastle,0.0,0.0,Arsenal,Arsenal,1.8000000000000003,3.0,0.40467126518633023,,0.5,0.20233563259316512
xaver_schlager,2,4,MID,Nott'm Forest,14,0,0,0,3,0,0,4,2.1,0.0,0.0,10.2,0.0,0.8200000000000001,0.0,0.03,0.03,1.102,1.6,0.0,1.9,12.959999999999999,60.4,0.0,0.0,0.0,0.0,0.0,0.6,5.0,2.8,-591.6,94.8,686.4,50.0,0.0,Liverpool,1.2,0.6,Brighton,Brighton,3.4,1.2000000000000002,2.851891579289572,,1.1334375214651566,3.232440923117324
xavi_simons,2,0,MID,Spurs,17,1,0,0,3,0,0,3,0.0,0.0,0.0,0.0,0.0,0.0,0.0,0.0,0.0,0.0,0.0,0.0,0.0,0.0,0.0,0.0,0.0,0.0,0.0,0.0,0.0,0.0,0.0,-167.4,46.199999999999996,213.6,60.0,0.0,Newcastle,0.0,0.0,Arsenal,Arsenal,1.8000000000000003,3.0,0.524932576876818,,0.5,0.262466288438409
yankuba_minteh,2,0,MID,Brighton,6,0,0,0,3,0,0,4,0.0,0.0,0.0,0.0,0.0,0.0,0.0,0.0,0.0,0.0,0.0,0.0,0.0,0.0,0.0,0.0,0.0,0.0,0.0,0.0,0.0,0.0,0.0,-2028.6,84.0,2112.6,60.0,0.0,Chelsea,3.4,1.2000000000000002,Nott'm Forest,Nott'm Forest,1.2,0.6,0.4318898304805938,,2.0,0.8637796609611876
yasin_ayari,2,0,MID,Brighton,6,0,0,0,3,0,0,4,1.4,0.0,0.0,3.2,0.4,6.0,0.012,0.05600000000000001,0.044000000000000004,0.07600000000000001,0.0,0.0,0.68,0.0,25.200000000000003,0.0,0.0,0.0,0.0,0.0,0.4,2.4000000000000004,0.8,-2566.2,2000.3999999999999,4566.599999999999,55.0,0.4,Chelsea,3.4,1.2000000000000002,Nott'm Forest,Nott'm Forest,1.2,0.6,1.1009088431211818,,2.0,2.2018176862423635
yehor_yarmoliuk,2,1,MID,Brentford,13,0,0,0,3,0,0,2,1.2000000000000002,0.0,0.0,5.2,0.0,7.82,0.006,0.022,0.016,0.8320000000000001,0.6,0.0,1.44,2.6799999999999997,21.8,0.0,0.0,0.0,0.0,0.0,0.0,3.6,1.0,-7460.4,447.0,7907.4,50.0,0.0,Leeds,1.8000000000000003,1.8000000000000003,Man City,Man City,3.2,3.0,1.7167558841983712,,1.125077588771921,1.9314835707039109
yeremy_pino_santos,2,5,MID,Crystal Palace,15,1,0,0,3,0,0,5,2.5999999999999996,0.6,0.0,17.8,0.0,23.04,0.05,0.104,0.054,1.3139999999999998,1.7999999999999998,0.0,3.8000000000000003,7.28,54.199999999999996,0.0,0.0,0.0,0.0,0.0,0.6,7.8,3.4,-1286.3999999999999,188.4,1474.8,55.0,0.0,Man City,0.6,0.0,Aston Villa,Aston Villa,0.0,0.0,2.5194541132190005,,0.9618915152251227,2.4234415345043923
yoane_wissa,2,8,FWD,Newcastle,19,0,0,0,3,0,0,3,4.3999999999999995,0.4,1.2,25.0,0.6,12.700000000000001,0.008,0.618,0.61,1.32,0.4,0.6,8.08,29.36,84.6,0.0,0.0,0.0,0.0,0.0,1.0,38.8,6.4,80921.4,95374.2,14452.8,60.0,0.4,Spurs,2.0,2.1999999999999997,Sunderland,Sunderland,1.0,1.7999999999999998,4.228664075157566,14971.0,2.0,8.457328150315131
youri_tielemans,2,4,MID,Man Utd,12,1,0,0,4,0,0,2,2.6799999999999997,0.0,0.0,20.8,0.0,32.3,0.11,0.408,0.298,1.612,2.0,0.0,6.8,21.92,80.4,0.0,0.0,0.0,0.0,0.0,1.0,13.6,3.2,-13843.8,7578.599999999999,21422.399999999998,60.0,0.0,Ipswich Town,3.0,1.7999999999999998,Coventry City,Coventry City,0.0,0.0,3.5432384347155654,14974.0,1.4783544843089371,5.238162428937535
zach_abbott,2,0,DEF,Nott'm Forest,14,0,0,0,3,0,0,4,0.4,0.0,0.0,0.0,0.0,0.0,0.0,0.0,0.0,0.0,0.0,0.0,0.0,0.0,0.0,0.0,0.0,0.0,0.0,0.0,0.0,0.0,0.0,-736.1999999999999,597.6,1333.8,40.0,0.0,Liverpool,1.2,0.6,Brighton,Brighton,3.4,1.2000000000000002,0.2899848440530157,,0.5,0.14499242202650786
zadok_yohanna,2,0,MID,Brighton,6,0,0,0,3,0,0,4,0.9000000000000001,0.0,0.0,1.2000000000000002,0.0,0.52,0.012,0.012,0.0,0.0,0.0,0.0,0.08000000000000002,0.08000000000000002,4.800000000000001,0.0,0.0,0.0,0.0,0.0,0.0,0.0,0.4,-303.59999999999997,223.79999999999998,527.4,50.0,0.0,Chelsea,3.4,1.2000000000000002,Nott'm Forest,Nott'm Forest,1.2,0.6,0.6778077293936425,,2.0,1.355615458787285
zavier_gozo,2,1,MID,Crystal Palace,15,1,0,0,3,0,0,5,0.9000000000000001,0.0,0.0,1.7999999999999998,0.0,0.78,0.0,0.0,0.0,0.12,0.6,0.0,0.18,0.84,13.2,0.0,0.0,0.0,0.0,0.0,0.0,0.0,0.6,-43.199999999999996,60.599999999999994,103.8,50.0,0.0,Man City,0.6,0.0,Aston Villa,Aston Villa,0.0,0.0,1.0571089945634822,,0.9618915152251227,1.0168241725387739
zion_suzuki,2,2,GK,Aston Villa,1,1,0,0,3,0,0,5,1.6400000000000001,0.0,0.0,4.8,0.0,0.0,0.0,0.0,0.0,0.624,0.6,0.0,0.84,8.16,54.0,0.0,0.0,0.0,0.0,0.6,0.6,0.0,1.2,-1525.2,2537.4,4062.6,50.0,0.0,Arsenal,0.0,0.0,Crystal Palace,Crystal Palace,0.6,0.0,1.7504846649352377,14971.0,0.9333333333333332,1.6337856872728884
