full_name,gw,total_points,position,team,opponent_team,was_home,team_strength_attack,team_strength_defence,team_strength_overall,opponent_strength_attack,opponent_strength_defence,opponent_strength_overall,xP,assists,bonus,bps,clean_sheets,creativity,expected_assists,expected_goal_involvements,expected_goals,expected_goals_conceded,goals_conceded,goals_scored,ict_index,influence,minutes,own_goals,penalties_missed,penalties_saved,red_cards,saves,starts,threat,ewma_total_points,transfers_balance,transfers_in,transfers_out,value,yellow_cards,opponent_team_name,ewma_team_goals,ewma_team_points,team_name_nw_opponent,team_nw_opponent,ewma_team_goals_nw_opponent,ewma_team_points_nw_opponent,predicted_points,owner,fixture_diff_index,predicted_points_adj
aaron_anselmino,1,0,DEF,Chelsea,10,0,0,0,4,0,0,2,1.7,0.0,0.0,0.0,0.0,0.0,0.0,0.0,0.0,0.0,0.0,0.0,0.0,0.0,0.0,0.0,0.0,0.0,0.0,0.0,0.0,0.0,0.0,0.0,0.0,0.0,45.0,0.0,Fulham,3.0,3.0,Brentford,Brentford,3.0,3.0,0.7183845717821455,,0.7524027359199198,0.5405145172515463
aaron_hickey,1,1,DEF,Brentford,19,1,0,0,3,0,0,3,1.7,0.0,0.0,2.0,0.0,0.3,0.0,0.0,0.0,0.1,0.0,0.0,0.0,0.0,14.0,0.0,0.0,0.0,0.0,0.0,0.0,0.0,1.0,0.0,0.0,0.0,45.0,0.0,Spurs,3.0,3.0,Chelsea,Chelsea,3.0,3.0,1.6405409585206872,,2.0,3.2810819170413743
abdoul_ouattara,1,1,DEF,Ipswich Town,20,1,0,0,2,0,0,3,1.0,0.0,0.0,4.0,0.0,10.0,0.0,0.0,0.0,0.03,0.0,0.0,1.5,5.2,10.0,0.0,0.0,0.0,0.0,0.0,0.0,0.0,1.0,0.0,0.0,0.0,40.0,0.0,Sunderland,2.0,3.0,Everton,Everton,2.0,3.0,1.1163738345780048,,0.5960677016677814,0.6654343857789593
abdukodir_khusanov,1,2,DEF,Man City,3,1,0,0,4,0,0,3,2.5,0.0,0.0,14.0,0.0,3.4,0.02,0.02,0.0,0.65,1.0,0.0,2.0,17.0,90.0,0.0,0.0,0.0,0.0,0.0,1.0,0.0,2.0,0.0,0.0,0.0,55.0,0.0,Bournemouth,2.0,3.0,Sunderland,Sunderland,1.0,0.0,3.275177134672017,14972.0,1.767644018424294,5.78934727138301
abdul_fatawu,1,2,MID,Ipswich Town,20,1,0,0,2,0,0,3,2.0,0.0,0.0,22.0,0.0,28.4,0.41,0.41,0.0,0.63,1.0,0.0,5.5,18.6,65.0,0.0,0.0,0.0,0.0,0.0,1.0,8.0,2.0,0.0,0.0,0.0,55.0,0.0,Sunderland,2.0,3.0,Everton,Everton,2.0,3.0,2.485356953313731,,0.7629143005485817,1.896114361650899
abdulkadir_omur,1,0,MID,Hull City,16,1,0,0,2,0,0,4,1.5,0.0,0.0,0.0,0.0,0.0,0.0,0.0,0.0,0.0,0.0,0.0,0.0,0.0,0.0,0.0,0.0,0.0,0.0,0.0,0.0,0.0,0.0,0.0,0.0,0.0,50.0,0.0,Man Utd,2.0,3.0,Newcastle,Newcastle,2.0,1.0,0.3895104411184227,,1.0548410285986136,0.41087159435925674
abu_kamara,1,0,MID,Hull City,16,1,0,0,2,0,0,4,0.0,0.0,0.0,0.0,0.0,0.0,0.0,0.0,0.0,0.0,0.0,0.0,0.0,0.0,0.0,0.0,0.0,0.0,0.0,0.0,0.0,0.0,0.0,0.0,0.0,0.0,50.0,0.0,Man Utd,2.0,3.0,Newcastle,Newcastle,2.0,1.0,0.24783445890780786,,1.0548410285986136,0.2614259555564929
adam_aznou,1,0,DEF,Everton,8,1,0,0,3,0,0,3,1.0,0.0,0.0,0.0,0.0,0.0,0.0,0.0,0.0,0.0,0.0,0.0,0.0,0.0,0.0,0.0,0.0,0.0,0.0,0.0,0.0,0.0,0.0,0.0,0.0,0.0,40.0,0.0,Crystal Palace,2.0,3.0,Ipswich Town,Ipswich Town,2.0,3.0,0.37451020967948123,,1.0276538737865144,0.3848668677497187
adam_smith,1,1,DEF,Bournemouth,15,0,0,0,3,0,0,4,1.7,0.0,0.0,4.0,0.0,0.6,0.0,0.0,0.0,2.25,2.0,0.0,0.8,7.0,90.0,0.0,0.0,0.0,0.0,0.0,1.0,0.0,1.0,0.0,0.0,0.0,45.0,0.0,Man City,1.0,0.0,Liverpool,Liverpool,2.0,1.0,1.975047701707987,,0.5,0.9875238508539935
adam_wharton,1,4,MID,Crystal Palace,9,0,0,0,3,0,0,3,2.0,0.0,0.0,20.0,0.0,30.9,0.24,0.24,0.0,1.12,2.0,0.0,4.8,16.8,90.0,0.0,0.0,0.0,0.0,0.0,1.0,0.0,4.0,0.0,0.0,0.0,55.0,0.0,Everton,0.0,0.0,Leeds,Leeds,1.0,3.0,4.156533217495913,,0.5,2.0782666087479567
adrien_truffert,1,1,DEF,Bournemouth,15,0,0,0,3,0,0,4,2.5,0.0,0.0,0.0,0.0,1.3,0.0,0.0,0.0,2.25,2.0,0.0,1.7,15.4,90.0,0.0,0.0,0.0,0.0,0.0,1.0,0.0,1.0,0.0,0.0,0.0,55.0,0.0,Man City,1.0,0.0,Liverpool,Liverpool,2.0,1.0,2.515575570366657,61014.0,0.5,1.2577877851833286
aladji_bamba,1,1,MID,Newcastle,14,1,0,0,2,0,0,4,1.5,0.0,0.0,5.0,0.0,0.0,0.0,0.0,0.0,1.04,1.0,0.0,0.4,4.0,14.0,0.0,0.0,0.0,0.0,0.0,0.0,0.0,1.0,0.0,0.0,0.0,50.0,0.0,Liverpool,2.0,1.0,Hull City,Hull City,2.0,3.0,1.242763463313148,,0.5,0.621381731656574
alejandro_garnacho_ferreyra,1,1,MID,Aston Villa,5,0,0,0,4,0,0,2,2.2,0.0,0.0,2.0,0.0,0.0,0.0,0.0,0.0,0.14,0.0,0.0,0.0,0.0,4.0,0.0,0.0,0.0,0.0,0.0,0.0,0.0,1.0,0.0,0.0,0.0,60.0,0.0,Brighton,0.0,0.0,Spurs,Spurs,0.0,0.0,1.3280043546284008,,0.6353654392578061,0.8437680701147532
alex_iwobi,1,2,MID,Fulham,6,1,0,0,2,0,0,4,2.0,0.0,0.0,17.0,0.0,11.3,0.04,0.04,0.0,2.24,3.0,0.0,2.4,12.4,90.0,0.0,0.0,0.0,0.0,0.0,1.0,0.0,2.0,0.0,0.0,0.0,55.0,0.0,Chelsea,2.0,0.0,Man Utd,Man Utd,0.0,0.0,2.5581517948086923,,0.532607108061187,1.3624898294145928
alex_murphy,1,0,DEF,Newcastle,14,1,0,0,2,0,0,4,0.0,0.0,0.0,0.0,0.0,0.0,0.0,0.0,0.0,0.0,0.0,0.0,0.0,0.0,0.0,0.0,0.0,0.0,0.0,0.0,0.0,0.0,0.0,0.0,0.0,0.0,40.0,0.0,Liverpool,2.0,1.0,Hull City,Hull City,2.0,3.0,0.20517994704756015,,0.5,0.10258997352378008
alex_palmer,1,0,GK,Ipswich Town,20,1,0,0,2,0,0,3,1.0,0.0,0.0,0.0,0.0,0.0,0.0,0.0,0.0,0.0,0.0,0.0,0.0,0.0,0.0,0.0,0.0,0.0,0.0,0.0,0.0,0.0,0.0,0.0,0.0,0.0,40.0,0.0,Sunderland,2.0,3.0,Everton,Everton,2.0,3.0,0.6054935706288633,,1.0,0.6054935706288633
alex_scott,1,2,MID,Bournemouth,15,0,0,0,3,0,0,4,2.2,0.0,0.0,17.0,0.0,4.8,0.01,0.01,0.0,2.25,2.0,0.0,1.6,11.4,90.0,0.0,0.0,0.0,0.0,0.0,1.0,0.0,2.0,0.0,0.0,0.0,60.0,0.0,Man City,1.0,0.0,Liverpool,Liverpool,2.0,1.0,2.7221921961651168,14973.0,0.9979037408920849,2.71648577598041
alex_toth,1,1,MID,Bournemouth,15,0,0,0,3,0,0,4,1.5,0.0,0.0,5.0,0.0,0.6,0.0,0.0,0.0,0.31,2.0,0.0,0.3,2.8,15.0,0.0,0.0,0.0,0.0,0.0,0.0,0.0,1.0,0.0,0.0,0.0,50.0,0.0,Man City,1.0,0.0,Liverpool,Liverpool,2.0,1.0,1.3351176509054572,,0.9979037408920849,1.3323188983696084
alexander_isak,1,2,FWD,Liverpool,17,0,0,0,4,0,0,2,2.7,0.0,0.0,6.0,0.0,14.6,0.01,1.1,1.09,1.58,2.0,0.0,9.2,11.4,90.0,0.0,0.0,0.0,0.0,0.0,1.0,66.0,2.0,0.0,0.0,0.0,90.0,0.0,Newcastle,2.0,1.0,Bournemouth,Bournemouth,1.0,0.0,4.13011513515505,14973.0,0.5,2.065057567577525
alexis_mac_allister,1,1,MID,Liverpool,17,0,0,0,4,0,0,2,2.0,0.0,0.0,9.0,0.0,1.4,0.01,0.01,0.0,1.07,0.0,0.0,0.7,5.8,27.0,0.0,0.0,0.0,0.0,0.0,0.0,0.0,1.0,0.0,0.0,0.0,55.0,0.0,Newcastle,2.0,1.0,Bournemouth,Bournemouth,1.0,0.0,1.8122467793706385,,1.37537988837858,2.4925277731252296
alfie_cresswell,1,0,MID,Leeds,18,0,0,0,3,0,0,3,1.0,0.0,0.0,0.0,0.0,0.0,0.0,0.0,0.0,0.0,0.0,0.0,0.0,0.0,0.0,0.0,0.0,0.0,0.0,0.0,0.0,0.0,0.0,0.0,0.0,0.0,45.0,0.0,Nott'm Forest,1.0,3.0,Crystal Palace,Crystal Palace,0.0,0.0,0.17699589865747578,,1.8618918577137376,0.32954722255908003
alfie_mcnally,1,0,GK,Fulham,6,1,0,0,2,0,0,4,1.0,0.0,0.0,0.0,0.0,0.0,0.0,0.0,0.0,0.0,0.0,0.0,0.0,0.0,0.0,0.0,0.0,0.0,0.0,0.0,0.0,0.0,0.0,0.0,0.0,0.0,40.0,0.0,Chelsea,2.0,0.0,Man Utd,Man Utd,0.0,0.0,-0.3481071325861129,,2.0,-0.6962142651722258
ali_al_hamadi,1,0,FWD,Ipswich Town,20,1,0,0,2,0,0,3,1.4,0.0,0.0,0.0,0.0,0.0,0.0,0.0,0.0,0.0,0.0,0.0,0.0,0.0,0.0,0.0,0.0,0.0,0.0,0.0,0.0,0.0,0.0,0.0,0.0,0.0,50.0,0.0,Sunderland,2.0,3.0,Everton,Everton,2.0,3.0,0.2898520394904589,,1.6327160493827158,0.47324607682238495
alisson_becker,1,2,GK,Liverpool,17,0,0,0,4,0,0,2,3.3,0.0,0.0,7.0,0.0,0.0,0.0,0.0,0.0,1.58,2.0,0.0,1.8,17.8,90.0,0.0,0.0,0.0,0.0,3.0,1.0,0.0,2.0,0.0,0.0,0.0,55.0,0.0,Newcastle,2.0,1.0,Bournemouth,Bournemouth,1.0,0.0,2.983395521133536,15210.0,1.5,4.475093281700304
altay_bayindir,1,0,GK,Man Utd,11,0,0,0,4,0,0,2,0.0,0.0,0.0,0.0,0.0,0.0,0.0,0.0,0.0,0.0,0.0,0.0,0.0,0.0,0.0,0.0,0.0,0.0,0.0,0.0,0.0,0.0,0.0,0.0,0.0,0.0,45.0,0.0,Hull City,0.0,0.0,Fulham,Fulham,2.0,0.0,-0.07057511006711459,,0.5,-0.035287555033557294
alvaro_rodriguez,1,0,FWD,Bournemouth,15,0,0,0,3,0,0,4,1.5,0.0,0.0,0.0,0.0,0.0,0.0,0.0,0.0,0.0,0.0,0.0,0.0,0.0,0.0,0.0,0.0,0.0,0.0,0.0,0.0,0.0,0.0,0.0,0.0,0.0,60.0,0.0,Man City,1.0,0.0,Liverpool,Liverpool,2.0,1.0,0.4013088949790251,50210.0,1.6396745447500962,0.6580159796788971
alysson_edward_franco_da_rocha_dos_santos,1,1,MID,Aston Villa,5,0,0,0,4,0,0,2,1.5,0.0,0.0,5.0,0.0,0.0,0.0,0.0,0.0,0.14,0.0,0.0,0.4,4.0,8.0,0.0,0.0,0.0,0.0,0.0,0.0,0.0,1.0,0.0,0.0,0.0,50.0,0.0,Brighton,0.0,0.0,Spurs,Spurs,0.0,0.0,1.0852641314721732,,0.6353654392578061,0.6895393216035587
amad_diallo,1,0,MID,Man Utd,11,0,0,0,4,0,0,2,2.2,0.0,0.0,0.0,0.0,0.0,0.0,0.0,0.0,0.0,0.0,0.0,0.0,0.0,0.0,0.0,0.0,0.0,0.0,0.0,0.0,0.0,0.0,0.0,0.0,0.0,60.0,0.0,Hull City,0.0,0.0,Fulham,Fulham,2.0,0.0,0.7299861979328673,,0.808425802862563,0.5901396781424681
amadou_onana,1,0,MID,Aston Villa,5,0,0,0,4,0,0,2,0.0,0.0,0.0,0.0,0.0,0.0,0.0,0.0,0.0,0.0,0.0,0.0,0.0,0.0,0.0,0.0,0.0,0.0,0.0,0.0,0.0,0.0,0.0,0.0,0.0,0.0,50.0,0.0,Brighton,0.0,0.0,Spurs,Spurs,0.0,0.0,0.21944740995434997,,0.6353654392578061,0.1394293000196334
amar_dedic,1,1,DEF,Newcastle,14,1,0,0,2,0,0,4,1.7,0.0,0.0,-1.0,0.0,1.2,0.0,0.03,0.03,2.98,2.0,0.0,2.3,16.4,90.0,0.0,0.0,0.0,0.0,0.0,1.0,5.0,1.0,0.0,0.0,0.0,45.0,0.0,Liverpool,2.0,1.0,Hull City,Hull City,2.0,3.0,1.9497144393983352,,0.5,0.9748572196991676
amine_adli,1,0,MID,Bournemouth,15,0,0,0,3,0,0,4,0.0,0.0,0.0,0.0,0.0,0.0,0.0,0.0,0.0,0.0,0.0,0.0,0.0,0.0,0.0,0.0,0.0,0.0,0.0,0.0,0.0,0.0,0.0,0.0,0.0,0.0,50.0,0.0,Man City,1.0,0.0,Liverpool,Liverpool,2.0,1.0,0.2644753133212705,,0.9979037408920849,0.2639209045369021
anan_khalaili,1,1,DEF,Crystal Palace,9,0,0,0,3,0,0,3,2.2,0.0,0.0,12.0,0.0,26.5,0.16,0.16,0.0,0.27,0.0,0.0,5.5,24.0,35.0,0.0,0.0,0.0,0.0,0.0,0.0,4.0,1.0,0.0,0.0,0.0,50.0,0.0,Everton,0.0,0.0,Leeds,Leeds,1.0,3.0,2.380574500905589,,0.6698067917101006,1.5945249688784466
andres_garcia,1,0,DEF,Aston Villa,5,0,0,0,4,0,0,2,1.0,0.0,0.0,0.0,0.0,0.0,0.0,0.0,0.0,0.0,0.0,0.0,0.0,0.0,0.0,0.0,0.0,0.0,0.0,0.0,0.0,0.0,0.0,0.0,0.0,0.0,40.0,0.0,Brighton,0.0,0.0,Spurs,Spurs,0.0,0.0,0.08715912985043506,,0.5,0.04357956492521753
andrew_robertson,1,3,DEF,Spurs,4,0,0,0,3,0,0,3,1.7,0.0,0.0,13.0,0.0,19.2,0.06,0.06,0.0,3.87,3.0,0.0,5.3,31.8,90.0,0.0,0.0,0.0,0.0,0.0,1.0,2.0,3.0,0.0,0.0,0.0,45.0,0.0,Brentford,0.0,0.0,Aston Villa,Aston Villa,0.0,0.0,2.2565672012901348,,2.0,4.5131344025802695
andrey_nascimento_dos_santos,1,2,MID,Man Utd,11,0,0,0,4,0,0,2,1.5,0.0,0.0,17.0,0.0,4.2,0.23,0.23,0.0,0.94,2.0,0.0,1.8,11.4,66.0,0.0,0.0,0.0,0.0,0.0,1.0,2.0,2.0,0.0,0.0,0.0,50.0,0.0,Hull City,0.0,0.0,Fulham,Fulham,2.0,0.0,1.9784454793942663,,0.808425802862563,1.5994263750991182
anis_mehmeti,1,0,MID,Ipswich Town,20,1,0,0,2,0,0,3,1.5,0.0,0.0,0.0,0.0,0.0,0.0,0.0,0.0,0.0,0.0,0.0,0.0,0.0,0.0,0.0,0.0,0.0,0.0,0.0,0.0,0.0,0.0,0.0,0.0,0.0,50.0,0.0,Sunderland,2.0,3.0,Everton,Everton,2.0,3.0,0.39548396906623373,,0.7629143005485817,0.30172037563834264
anthony_elanga,1,9,MID,Newcastle,14,1,0,0,2,0,0,4,2.2,0.0,2.0,31.0,0.0,3.5,0.01,0.23,0.22,1.94,1.0,1.0,6.9,37.4,75.0,0.0,0.0,0.0,0.0,0.0,1.0,28.0,9.0,0.0,0.0,0.0,60.0,0.0,Liverpool,2.0,1.0,Hull City,Hull City,2.0,3.0,2.7145366679886465,,0.5,1.3572683339943232
anthony_patterson,1,0,GK,Sunderland,12,0,0,0,3,0,0,2,0.0,0.0,0.0,0.0,0.0,0.0,0.0,0.0,0.0,0.0,0.0,0.0,0.0,0.0,0.0,0.0,0.0,0.0,0.0,0.0,0.0,0.0,0.0,0.0,0.0,0.0,40.0,0.0,Ipswich Town,1.0,0.0,Man City,Man City,2.0,3.0,0.2229305453090873,,0.5,0.11146527265454365
antoine_semenyo,1,2,MID,Man City,3,1,0,0,4,0,0,3,2.9,0.0,0.0,16.0,0.0,8.9,0.02,0.08,0.06,0.65,1.0,0.0,4.6,5.8,90.0,0.0,0.0,0.0,0.0,0.0,1.0,31.0,2.0,0.0,0.0,0.0,85.0,0.0,Bournemouth,2.0,3.0,Sunderland,Sunderland,1.0,0.0,4.181705706077363,14970.0,1.072076798305557,4.483109664827498
anton_stach,1,13,MID,Leeds,18,0,0,0,3,0,0,3,2.2,0.0,3.0,37.0,1.0,2.3,0.05,0.15,0.1,0.66,0.0,1.0,6.6,47.8,90.0,0.0,0.0,0.0,0.0,0.0,1.0,16.0,13.0,0.0,0.0,0.0,60.0,0.0,Nott'm Forest,1.0,3.0,Crystal Palace,Crystal Palace,0.0,0.0,3.988579618289908,50210.0,1.8618918577137376,7.4263039151369465
antonee_robinson,1,1,DEF,Fulham,6,1,0,0,2,0,0,4,1.7,0.0,0.0,4.0,0.0,25.2,0.04,0.17,0.13,2.21,3.0,0.0,5.0,21.6,81.0,0.0,0.0,0.0,0.0,0.0,1.0,3.0,1.0,0.0,0.0,0.0,45.0,0.0,Chelsea,2.0,0.0,Man Utd,Man Utd,0.0,0.0,1.6891060573183154,50210.0,2.0,3.378212114636631
antoni_milambo,1,0,MID,Brentford,19,1,0,0,3,0,0,3,0.0,0.0,0.0,0.0,0.0,0.0,0.0,0.0,0.0,0.0,0.0,0.0,0.0,0.0,0.0,0.0,0.0,0.0,0.0,0.0,0.0,0.0,0.0,0.0,0.0,0.0,50.0,0.0,Spurs,3.0,3.0,Chelsea,Chelsea,3.0,3.0,0.2647367642376477,,1.220788199801859,0.3231875178350471
antonin_kinsky,1,2,GK,Spurs,4,0,0,0,3,0,0,3,1.9,0.0,0.0,15.0,0.0,0.0,0.0,0.0,0.0,3.87,3.0,0.0,4.4,43.6,90.0,0.0,0.0,0.0,0.0,5.0,1.0,0.0,2.0,0.0,0.0,0.0,45.0,0.0,Brentford,0.0,0.0,Aston Villa,Aston Villa,0.0,0.0,1.1856939232743184,61014.0,2.0,2.371387846548637
antonio_joao_pereira_de_albuquerque_tavares_da_silva,1,2,DEF,Bournemouth,15,0,0,0,3,0,0,4,2.2,0.0,0.0,5.0,0.0,0.3,0.0,0.0,0.0,2.25,2.0,0.0,3.2,31.4,90.0,0.0,0.0,0.0,0.0,0.0,1.0,0.0,2.0,0.0,0.0,0.0,50.0,1.0,Man City,1.0,0.0,Liverpool,Liverpool,2.0,1.0,3.115052489669829,,0.5,1.5575262448349145
archie_gray,1,2,MID,Spurs,4,0,0,0,3,0,0,3,1.5,0.0,0.0,15.0,0.0,3.3,0.01,0.01,0.0,3.43,3.0,0.0,1.0,6.2,85.0,0.0,0.0,0.0,0.0,0.0,1.0,0.0,2.0,0.0,0.0,0.0,50.0,0.0,Brentford,0.0,0.0,Aston Villa,Aston Villa,0.0,0.0,2.1580588665188767,,0.6842818080244075,1.4767204230046405
armin_pecsi,1,0,GK,Liverpool,17,0,0,0,4,0,0,2,0.0,0.0,0.0,0.0,0.0,0.0,0.0,0.0,0.0,0.0,0.0,0.0,0.0,0.0,0.0,0.0,0.0,0.0,0.0,0.0,0.0,0.0,0.0,0.0,0.0,0.0,40.0,0.0,Newcastle,2.0,1.0,Bournemouth,Bournemouth,1.0,0.0,-0.11236379014364739,,1.5,-0.16854568521547109
arnaud_kalimuendo,1,1,FWD,Nott'm Forest,13,1,0,0,3,0,0,3,1.8,0.0,0.0,3.0,0.0,0.0,0.0,0.0,0.0,0.0,0.0,0.0,0.0,0.0,1.0,0.0,0.0,0.0,0.0,0.0,0.0,0.0,1.0,0.0,0.0,0.0,55.0,0.0,Leeds,0.0,0.0,Coventry City,Coventry City,0.0,0.0,1.1268513156042923,,1.1854341736694676,1.3358080581617267
arthur_masuaku,1,0,DEF,Sunderland,12,0,0,0,3,0,0,2,0.0,0.0,0.0,0.0,0.0,0.0,0.0,0.0,0.0,0.0,0.0,0.0,0.0,0.0,0.0,0.0,0.0,0.0,0.0,0.0,0.0,0.0,0.0,0.0,0.0,0.0,40.0,0.0,Ipswich Town,1.0,0.0,Man City,Man City,2.0,3.0,0.15895021484612415,,0.5,0.07947510742306207
ashley_phillips,1,0,DEF,Spurs,4,0,0,0,3,0,0,3,0.0,0.0,0.0,0.0,0.0,0.0,0.0,0.0,0.0,0.0,0.0,0.0,0.0,0.0,0.0,0.0,0.0,0.0,0.0,0.0,0.0,0.0,0.0,0.0,0.0,0.0,45.0,0.0,Brentford,0.0,0.0,Aston Villa,Aston Villa,0.0,0.0,0.14542266256398562,,2.0,0.29084532512797123
aurele_amenda,1,1,DEF,Coventry City,1,0,0,0,2,0,0,4,1.0,0.0,0.0,1.0,0.0,0.8,0.01,0.01,0.0,1.88,3.0,0.0,3.0,28.8,90.0,0.0,0.0,0.0,0.0,0.0,1.0,0.0,1.0,0.0,0.0,0.0,40.0,0.0,Arsenal,0.0,0.0,Nott'm Forest,Nott'm Forest,0.0,0.0,2.025777371844922,,1.5837288032687726,3.208281972800918
axel_disasi,1,0,DEF,Chelsea,10,0,0,0,4,0,0,2,1.7,0.0,0.0,0.0,0.0,0.0,0.0,0.0,0.0,0.0,0.0,0.0,0.0,0.0,0.0,0.0,0.0,0.0,0.0,0.0,0.0,0.0,0.0,0.0,0.0,0.0,45.0,0.0,Fulham,3.0,3.0,Brentford,Brentford,3.0,3.0,0.7183845717821455,,0.7524027359199198,0.5405145172515463
ayden_heaven,1,1,DEF,Man Utd,11,0,0,0,4,0,0,2,1.7,0.0,0.0,5.0,0.0,2.6,0.04,0.16,0.12,1.01,2.0,0.0,2.0,6.8,90.0,0.0,0.0,0.0,0.0,0.0,1.0,11.0,1.0,0.0,0.0,0.0,45.0,0.0,Hull City,0.0,0.0,Fulham,Fulham,2.0,0.0,2.7243429382333,,0.5,1.36217146911665
azor_matusiwa,1,0,MID,Ipswich Town,20,1,0,0,2,0,0,3,0.0,0.0,0.0,0.0,0.0,0.0,0.0,0.0,0.0,0.0,0.0,0.0,0.0,0.0,0.0,0.0,0.0,0.0,0.0,0.0,0.0,0.0,0.0,0.0,0.0,0.0,50.0,0.0,Sunderland,2.0,3.0,Everton,Everton,2.0,3.0,0.2538079868556189,,0.7629143005485817,0.1936337427655981
bafode_diakite,1,0,DEF,Bournemouth,15,0,0,0,3,0,0,4,2.2,0.0,0.0,0.0,0.0,0.0,0.0,0.0,0.0,0.0,0.0,0.0,0.0,0.0,0.0,0.0,0.0,0.0,0.0,0.0,0.0,0.0,0.0,0.0,0.0,0.0,50.0,0.0,Man City,1.0,0.0,Liverpool,Liverpool,2.0,1.0,0.7444608203677572,,0.5,0.3722304101838786
bart_verbruggen,1,6,GK,Brighton,2,1,0,0,2,0,0,4,1.9,0.0,0.0,25.0,1.0,0.0,0.0,0.0,0.0,0.29,0.0,0.0,0.7,6.6,90.0,0.0,0.0,0.0,0.0,0.0,1.0,0.0,6.0,0.0,0.0,0.0,45.0,0.0,Aston Villa,4.0,3.0,Arsenal,Arsenal,3.0,3.0,3.972715481486288,61014.0,1.5,5.959073222229432
bazoumana_toure,1,0,MID,Newcastle,14,1,0,0,2,0,0,4,2.2,0.0,0.0,0.0,0.0,0.0,0.0,0.0,0.0,0.0,0.0,0.0,0.0,0.0,0.0,0.0,0.0,0.0,0.0,0.0,0.0,0.0,0.0,0.0,0.0,0.0,60.0,0.0,Liverpool,2.0,1.0,Hull City,Hull City,2.0,3.0,0.6997602306684998,,0.5,0.3498801153342499
ben_davies,1,0,DEF,Spurs,4,0,0,0,3,0,0,3,1.0,0.0,0.0,0.0,0.0,0.0,0.0,0.0,0.0,0.0,0.0,0.0,0.0,0.0,0.0,0.0,0.0,0.0,0.0,0.0,0.0,0.0,0.0,0.0,0.0,0.0,40.0,0.0,Brentford,0.0,0.0,Aston Villa,Aston Villa,0.0,0.0,0.08715912985043506,,2.0,0.17431825970087012
ben_gannon_doak,1,1,MID,Bournemouth,15,0,0,0,3,0,0,4,1.5,0.0,0.0,3.0,0.0,0.1,0.0,0.0,0.0,0.19,1.0,0.0,0.2,0.2,1.0,0.0,0.0,0.0,0.0,0.0,0.0,2.0,1.0,0.0,0.0,0.0,50.0,0.0,Man City,1.0,0.0,Liverpool,Liverpool,2.0,1.0,0.9455250953614269,,0.9979037408920849,0.9435430297685132
ben_johnson,1,0,DEF,Ipswich Town,20,1,0,0,2,0,0,3,1.0,0.0,0.0,0.0,0.0,0.0,0.0,0.0,0.0,0.0,0.0,0.0,0.0,0.0,0.0,0.0,0.0,0.0,0.0,0.0,0.0,0.0,0.0,0.0,0.0,0.0,40.0,0.0,Sunderland,2.0,3.0,Everton,Everton,2.0,3.0,0.37451020967948123,,0.5960677016677814,0.2232334399347673
ben_wilson,1,0,GK,Coventry City,1,0,0,0,2,0,0,4,1.9,0.0,0.0,0.0,0.0,0.0,0.0,0.0,0.0,0.0,0.0,0.0,0.0,0.0,0.0,0.0,0.0,0.0,0.0,0.0,0.0,0.0,0.0,0.0,0.0,0.0,45.0,0.0,Arsenal,0.0,0.0,Nott'm Forest,Nott'm Forest,0.0,0.0,-0.31803130307371386,,2.0,-0.6360626061474277
bendito_mantato,1,0,MID,Man Utd,11,0,0,0,4,0,0,2,1.0,0.0,0.0,0.0,0.0,0.0,0.0,0.0,0.0,0.0,0.0,0.0,0.0,0.0,0.0,0.0,0.0,0.0,0.0,0.0,0.0,0.0,0.0,0.0,0.0,0.0,45.0,0.0,Hull City,0.0,0.0,Fulham,Fulham,2.0,0.0,0.25586147709291174,,0.808425802862563,0.20684502004043845
benjamin_lecomte,1,0,GK,Fulham,6,1,0,0,2,0,0,4,1.0,0.0,0.0,0.0,0.0,0.0,0.0,0.0,0.0,0.0,0.0,0.0,0.0,0.0,0.0,0.0,0.0,0.0,0.0,0.0,0.0,0.0,0.0,0.0,0.0,0.0,40.0,0.0,Chelsea,2.0,0.0,Man Utd,Man Utd,0.0,0.0,-0.3481071325861129,,2.0,-0.6962142651722258
benjamin_sesko,1,1,FWD,Man Utd,11,0,0,0,4,0,0,2,1.7,0.0,0.0,2.0,0.0,0.5,0.0,0.04,0.04,0.07,0.0,0.0,0.9,0.0,23.0,0.0,0.0,0.0,0.0,0.0,0.0,9.0,1.0,0.0,0.0,0.0,70.0,0.0,Hull City,0.0,0.0,Fulham,Fulham,2.0,0.0,2.3729107324838377,50210.0,2.0,4.745821464967675
benjamin_white,1,11,DEF,Arsenal,7,1,0,0,4,0,0,2,2.5,1.0,2.0,37.0,1.0,26.8,0.21,0.39,0.18,0.2,0.0,0.0,7.3,33.2,90.0,0.0,0.0,0.0,0.0,0.0,1.0,13.0,11.0,0.0,0.0,0.0,55.0,0.0,Coventry City,3.0,3.0,Brighton,Brighton,4.0,3.0,4.01943989993936,14971.0,0.5,2.00971994996968
benoit_badiashile_mukinayi,1,0,DEF,Chelsea,10,0,0,0,4,0,0,2,1.7,0.0,0.0,0.0,0.0,0.0,0.0,0.0,0.0,0.0,0.0,0.0,0.0,0.0,0.0,0.0,0.0,0.0,0.0,0.0,0.0,0.0,0.0,0.0,0.0,0.0,45.0,0.0,Fulham,3.0,3.0,Brentford,Brentford,3.0,3.0,0.7183845717821455,,0.7524027359199198,0.5405145172515463
bernd_leno,1,2,GK,Fulham,6,1,0,0,2,0,0,4,1.9,0.0,0.0,11.0,0.0,0.0,0.0,0.0,0.0,2.24,3.0,0.0,3.0,29.6,90.0,0.0,0.0,0.0,0.0,3.0,1.0,0.0,2.0,0.0,0.0,0.0,45.0,0.0,Chelsea,2.0,0.0,Man Utd,Man Utd,0.0,0.0,1.8959449964695374,14973.0,2.0,3.791889992939075
bobby_thomas,1,3,DEF,Coventry City,1,0,0,0,2,0,0,4,1.0,0.0,0.0,11.0,0.0,11.2,0.01,0.03,0.02,1.88,3.0,0.0,3.5,23.2,90.0,0.0,0.0,0.0,0.0,0.0,1.0,1.0,3.0,0.0,0.0,0.0,40.0,0.0,Arsenal,0.0,0.0,Nott'm Forest,Nott'm Forest,0.0,0.0,2.787499555146134,,1.5837288032687726,4.414643334583823
borna_sosa,1,0,DEF,Crystal Palace,9,0,0,0,3,0,0,3,1.7,0.0,0.0,0.0,0.0,0.0,0.0,0.0,0.0,0.0,0.0,0.0,0.0,0.0,0.0,0.0,0.0,0.0,0.0,0.0,0.0,0.0,0.0,0.0,0.0,0.0,45.0,0.0,Everton,0.0,0.0,Leeds,Leeds,1.0,3.0,0.4520894066540122,,0.6698067917101006,0.3028125550370469
boubacar_kamara,1,2,MID,Aston Villa,5,0,0,0,4,0,0,2,1.5,0.0,0.0,9.0,0.0,2.8,0.0,0.0,0.0,3.77,4.0,0.0,1.4,11.2,90.0,0.0,0.0,0.0,0.0,0.0,1.0,0.0,2.0,0.0,0.0,0.0,50.0,0.0,Brighton,0.0,0.0,Spurs,Spurs,0.0,0.0,2.288494073609356,,0.6353654392578061,1.4540300423176944
bradley_burrowes,1,0,MID,Aston Villa,5,0,0,0,4,0,0,2,1.0,0.0,0.0,0.0,0.0,0.0,0.0,0.0,0.0,0.0,0.0,0.0,0.0,0.0,0.0,0.0,0.0,0.0,0.0,0.0,0.0,0.0,0.0,0.0,0.0,0.0,45.0,0.0,Brighton,0.0,0.0,Spurs,Spurs,0.0,0.0,0.19363675307093864,,0.6353654392578061,0.12303010067137225
brandon_austin,1,0,GK,Spurs,4,0,0,0,3,0,0,3,1.0,0.0,0.0,0.0,0.0,0.0,0.0,0.0,0.0,0.0,0.0,0.0,0.0,0.0,0.0,0.0,0.0,0.0,0.0,0.0,0.0,0.0,0.0,0.0,0.0,0.0,40.0,0.0,Brentford,0.0,0.0,Aston Villa,Aston Villa,0.0,0.0,-0.4549530633785406,,2.0,-0.9099061267570812
brandon_thomas_asante,1,2,FWD,Coventry City,1,0,0,0,2,0,0,4,1.4,0.0,0.0,9.0,0.0,1.1,0.02,0.02,0.0,1.6,3.0,0.0,0.6,4.6,69.0,0.0,0.0,0.0,0.0,0.0,1.0,0.0,2.0,0.0,0.0,0.0,50.0,0.0,Arsenal,0.0,0.0,Nott'm Forest,Nott'm Forest,0.0,0.0,2.2013430125297484,,0.5,1.1006715062648742
brenden_aaronson,1,3,MID,Leeds,18,0,0,0,3,0,0,3,2.0,0.0,0.0,16.0,1.0,1.1,0.01,0.02,0.01,0.58,0.0,0.0,1.6,8.0,81.0,0.0,0.0,0.0,0.0,0.0,1.0,7.0,3.0,0.0,0.0,0.0,55.0,0.0,Nott'm Forest,1.0,3.0,Crystal Palace,Crystal Palace,0.0,0.0,2.7336603978092993,,1.8618918577137376,5.089780036435631
brennan_johnson,1,1,MID,Everton,8,1,0,0,3,0,0,3,2.2,0.0,0.0,3.0,0.0,0.3,0.0,0.0,0.0,0.29,0.0,0.0,0.4,4.0,6.0,0.0,0.0,0.0,0.0,0.0,0.0,0.0,1.0,0.0,0.0,0.0,60.0,0.0,Crystal Palace,2.0,3.0,Ipswich Town,Ipswich Town,2.0,3.0,1.3641424410683418,,1.4629706298381981,1.9957003261987691
brian_brobbey,1,2,FWD,Sunderland,12,0,0,0,3,0,0,2,2.0,0.0,0.0,1.0,0.0,1.5,0.0,0.3,0.3,1.69,1.0,0.0,1.1,0.0,66.0,0.0,0.0,0.0,0.0,0.0,1.0,9.0,2.0,0.0,0.0,0.0,60.0,0.0,Ipswich Town,1.0,0.0,Man City,Man City,2.0,3.0,2.5524689534696554,14974.0,1.0017674536043424,2.5569803239214375
brian_madjo,1,0,FWD,Aston Villa,5,0,0,0,4,0,0,2,0.0,0.0,0.0,0.0,0.0,0.0,0.0,0.0,0.0,0.0,0.0,0.0,0.0,0.0,0.0,0.0,0.0,0.0,0.0,0.0,0.0,0.0,0.0,0.0,0.0,0.0,55.0,0.0,Brighton,0.0,0.0,Spurs,Spurs,0.0,0.0,0.19717843784586764,61014.0,,
bruno_borges_fernandes,1,2,MID,Man Utd,11,0,0,0,4,0,0,2,4.0,0.0,0.0,18.0,0.0,55.4,0.26,0.34,0.08,1.01,2.0,0.0,9.3,20.2,90.0,0.0,0.0,0.0,0.0,0.0,1.0,17.0,2.0,0.0,0.0,0.0,120.0,0.0,Hull City,0.0,0.0,Fulham,Fulham,2.0,0.0,5.359808160187582,14969.0,0.808425802862563,4.333007215088963
bruno_guimaraes_rodriguez_moura,1,0,MID,Arsenal,7,1,0,0,4,0,0,2,1.8,0.0,0.0,0.0,0.0,0.0,0.0,0.0,0.0,0.0,0.0,0.0,0.0,0.0,0.0,0.0,0.0,0.0,0.0,0.0,0.0,0.0,0.0,0.0,0.0,0.0,70.0,0.0,Coventry City,3.0,3.0,Brighton,Brighton,4.0,3.0,0.9469055516633238,79641.0,0.573752086684039,0.5432890361595332
bryan_mbeumo,1,2,MID,Man Utd,11,0,0,0,4,0,0,2,2.8,0.0,0.0,12.0,0.0,28.1,0.23,0.73,0.5,1.01,2.0,0.0,8.7,9.6,90.0,0.0,0.0,0.0,0.0,0.0,1.0,49.0,2.0,0.0,0.0,0.0,80.0,0.0,Hull City,0.0,0.0,Fulham,Fulham,2.0,0.0,4.960049039023705,79641.0,0.808425802862563,4.009831626610423
bukayo_saka,1,9,MID,Arsenal,7,1,0,0,4,0,0,2,3.2,0.0,1.0,36.0,1.0,26.1,0.08,0.72,0.64,0.06,0.0,1.0,10.2,42.8,67.0,0.0,0.0,0.0,0.0,0.0,1.0,33.0,9.0,0.0,0.0,0.0,95.0,0.0,Coventry City,3.0,3.0,Brighton,Brighton,4.0,3.0,4.40592627934844,50210.0,0.573752086684039,2.5279093965522117
caleb_yirenkyi,1,1,MID,Coventry City,1,0,0,0,2,0,0,4,1.5,0.0,0.0,2.0,0.0,3.1,0.0,0.0,0.0,1.56,3.0,0.0,0.0,0.0,61.0,0.0,0.0,0.0,0.0,0.0,1.0,0.0,1.0,0.0,0.0,0.0,50.0,1.0,Arsenal,0.0,0.0,Nott'm Forest,Nott'm Forest,0.0,0.0,1.3680593019217007,,0.6637299677961009,0.9080219564076467
callum_hudson_odoi,1,0,MID,Nott'm Forest,13,1,0,0,3,0,0,3,2.2,0.0,0.0,0.0,0.0,0.0,0.0,0.0,0.0,0.0,0.0,0.0,0.0,0.0,0.0,0.0,0.0,0.0,0.0,0.0,0.0,0.0,0.0,0.0,0.0,0.0,60.0,0.0,Leeds,0.0,0.0,Coventry City,Coventry City,0.0,0.0,0.6677614739108941,,0.9294783804281432,0.6206698532830077
callum_olusesi,1,0,MID,Spurs,4,0,0,0,3,0,0,3,1.0,0.0,0.0,0.0,0.0,0.0,0.0,0.0,0.0,0.0,0.0,0.0,0.0,0.0,0.0,0.0,0.0,0.0,0.0,0.0,0.0,0.0,0.0,0.0,0.0,0.0,45.0,0.0,Brentford,0.0,0.0,Aston Villa,Aston Villa,0.0,0.0,0.19363675307093864,,0.6842818080244075,0.13250210749135763
callum_wilson,1,1,FWD,Brentford,19,1,0,0,3,0,0,3,1.8,0.0,0.0,4.0,0.0,10.3,0.04,0.07,0.03,0.07,0.0,0.0,1.8,2.2,7.0,0.0,0.0,0.0,0.0,0.0,0.0,5.0,1.0,0.0,0.0,0.0,55.0,0.0,Spurs,3.0,3.0,Chelsea,Chelsea,3.0,3.0,1.5972352472544338,,0.5,0.7986176236272169
calvin_bassey,1,0,DEF,Fulham,6,1,0,0,2,0,0,4,1.7,0.0,0.0,1.0,0.0,3.8,0.02,0.04,0.02,2.24,3.0,0.0,2.0,13.8,90.0,0.0,0.0,0.0,0.0,0.0,1.0,2.0,0.0,0.0,0.0,0.0,45.0,1.0,Chelsea,2.0,0.0,Man Utd,Man Utd,0.0,0.0,2.1786621824927574,,2.0,4.357324364985515
calvin_ramsay,1,0,DEF,Liverpool,17,0,0,0,4,0,0,2,1.0,0.0,0.0,0.0,0.0,0.0,0.0,0.0,0.0,0.0,0.0,0.0,0.0,0.0,0.0,0.0,0.0,0.0,0.0,0.0,0.0,0.0,0.0,0.0,0.0,0.0,40.0,0.0,Newcastle,2.0,1.0,Bournemouth,Bournemouth,1.0,0.0,0.21790263907237883,,0.662474841040252,0.14435501618172558
cameron_humphreys,1,0,MID,Ipswich Town,20,1,0,0,2,0,0,3,1.0,0.0,0.0,0.0,0.0,0.0,0.0,0.0,0.0,0.0,0.0,0.0,0.0,0.0,0.0,0.0,0.0,0.0,0.0,0.0,0.0,0.0,0.0,0.0,0.0,0.0,45.0,0.0,Sunderland,2.0,3.0,Everton,Everton,2.0,3.0,0.22799732997220756,,0.7629143005485817,0.1739424235226909
caoimhin_kelleher,1,7,GK,Brentford,19,1,0,0,3,0,0,3,2.6,0.0,0.0,34.0,1.0,0.0,0.01,0.01,0.0,0.57,0.0,0.0,3.1,31.4,90.0,0.0,0.0,0.0,0.0,4.0,1.0,0.0,7.0,0.0,0.0,0.0,50.0,0.0,Spurs,3.0,3.0,Chelsea,Chelsea,3.0,3.0,4.156961315854216,14970.0,2.0,8.313922631708431
carl_rushworth,1,1,GK,Coventry City,1,0,0,0,2,0,0,4,1.9,0.0,0.0,0.0,0.0,0.0,0.01,0.01,0.0,1.88,3.0,0.0,1.4,14.2,90.0,0.0,0.0,0.0,0.0,2.0,1.0,0.0,1.0,0.0,0.0,0.0,45.0,0.0,Arsenal,0.0,0.0,Nott'm Forest,Nott'm Forest,0.0,0.0,2.424504778492542,,2.0,4.849009556985084
carlos_alcaraz_duran,1,1,MID,Everton,8,1,0,0,3,0,0,3,1.5,0.0,0.0,7.0,0.0,0.3,0.0,0.02,0.02,0.04,0.0,0.0,2.2,5.0,1.0,0.0,0.0,0.0,0.0,0.0,0.0,17.0,1.0,0.0,0.0,0.0,50.0,0.0,Crystal Palace,2.0,3.0,Ipswich Town,Ipswich Town,2.0,3.0,1.1410431660362736,,1.4629706298381981,1.669312639288659
carlos_baleba,1,0,MID,Brighton,2,1,0,0,2,0,0,4,0.0,0.0,0.0,0.0,0.0,0.0,0.0,0.0,0.0,0.0,0.0,0.0,0.0,0.0,0.0,0.0,0.0,0.0,0.0,0.0,0.0,0.0,0.0,0.0,0.0,0.0,50.0,0.0,Aston Villa,4.0,3.0,Arsenal,Arsenal,3.0,3.0,0.24455317960868972,,0.805569853362067,0.1970046690365994
cathal_mccarthy,1,0,DEF,Hull City,16,1,0,0,2,0,0,4,1.0,0.0,0.0,0.0,0.0,0.0,0.0,0.0,0.0,0.0,0.0,0.0,0.0,0.0,0.0,0.0,0.0,0.0,0.0,0.0,0.0,0.0,0.0,0.0,0.0,0.0,40.0,0.0,Man Utd,2.0,3.0,Newcastle,Newcastle,2.0,1.0,0.34666573803980927,,1.4899357349188793,0.5165096711775389
cedric_kipre,1,0,DEF,Ipswich Town,20,1,0,0,2,0,0,3,1.0,0.0,0.0,0.0,0.0,0.0,0.0,0.0,0.0,0.0,0.0,0.0,0.0,0.0,0.0,0.0,0.0,0.0,0.0,0.0,0.0,0.0,0.0,0.0,0.0,0.0,40.0,0.0,Sunderland,2.0,3.0,Everton,Everton,2.0,3.0,0.37451020967948123,,0.5960677016677814,0.2232334399347673
cesar_palacios,1,2,MID,Fulham,6,1,0,0,2,0,0,4,2.0,0.0,0.0,10.0,0.0,7.3,0.01,0.17,0.16,2.21,3.0,0.0,1.8,2.8,72.0,0.0,0.0,0.0,0.0,0.0,1.0,8.0,2.0,0.0,0.0,0.0,55.0,0.0,Chelsea,2.0,0.0,Man Utd,Man Utd,0.0,0.0,2.2249815754746924,,0.532607108061187,1.1850410024029998
chadi_riad_dnanou,1,1,DEF,Crystal Palace,9,0,0,0,3,0,0,3,1.7,0.0,0.0,7.0,0.0,1.3,0.01,0.01,0.0,0.98,2.0,0.0,1.4,12.6,72.0,0.0,0.0,0.0,0.0,0.0,1.0,0.0,1.0,0.0,0.0,0.0,45.0,0.0,Everton,0.0,0.0,Leeds,Leeds,1.0,3.0,1.7735577024909728,,0.6698067917101006,1.1879409946182156
charalampos_kostoulas,1,1,FWD,Brighton,2,1,0,0,2,0,0,4,1.8,0.0,0.0,-1.0,0.0,0.4,0.0,0.18,0.18,0.1,0.0,0.0,0.9,0.0,26.0,0.0,0.0,0.0,0.0,0.0,0.0,10.0,1.0,0.0,0.0,0.0,55.0,0.0,Aston Villa,4.0,3.0,Arsenal,Arsenal,3.0,3.0,2.5442916971555656,,0.8658882584024441,2.2030723065178313
charlie_hughes,1,0,DEF,Hull City,16,1,0,0,2,0,0,4,0.0,0.0,0.0,0.0,0.0,0.0,0.0,0.0,0.0,0.0,0.0,0.0,0.0,0.0,0.0,0.0,0.0,0.0,0.0,0.0,0.0,0.0,0.0,0.0,0.0,0.0,40.0,0.0,Man Utd,2.0,3.0,Newcastle,Newcastle,2.0,1.0,0.2283733542935702,,1.4899357349188793,0.3402616214652801
cheick_doucoure,1,0,MID,Crystal Palace,9,0,0,0,3,0,0,3,1.5,0.0,0.0,0.0,0.0,0.0,0.0,0.0,0.0,0.0,0.0,0.0,0.0,0.0,0.0,0.0,0.0,0.0,0.0,0.0,0.0,0.0,0.0,0.0,0.0,0.0,50.0,0.0,Everton,0.0,0.0,Leeds,Leeds,1.0,3.0,0.4011960460976678,,0.5,0.2005980230488339
chemsdine_talbi,1,1,MID,Sunderland,12,0,0,0,3,0,0,2,2.0,0.0,0.0,1.0,0.0,0.9,0.0,0.0,0.0,0.14,1.0,0.0,0.0,0.0,31.0,0.0,0.0,0.0,0.0,0.0,0.0,0.0,1.0,0.0,0.0,0.0,55.0,0.0,Ipswich Town,1.0,0.0,Man City,Man City,2.0,3.0,2.201851987752086,,1.0120785099388474,2.2284470788700204
chido_obi,1,0,FWD,Man Utd,11,0,0,0,4,0,0,2,1.0,0.0,0.0,0.0,0.0,0.0,0.0,0.0,0.0,0.0,0.0,0.0,0.0,0.0,0.0,0.0,0.0,0.0,0.0,0.0,0.0,0.0,0.0,0.0,0.0,0.0,45.0,0.0,Hull City,0.0,0.0,Fulham,Fulham,2.0,0.0,0.012825342265649908,,2.0,0.025650684531299817
chiedozie_ogbene,1,0,MID,Ipswich Town,20,1,0,0,2,0,0,3,1.5,0.0,0.0,0.0,0.0,0.0,0.0,0.0,0.0,0.0,0.0,0.0,0.0,0.0,0.0,0.0,0.0,0.0,0.0,0.0,0.0,0.0,0.0,0.0,0.0,0.0,50.0,0.0,Sunderland,2.0,3.0,Everton,Everton,2.0,3.0,0.39548396906623373,,0.7629143005485817,0.30172037563834264
chris_richards,1,3,DEF,Crystal Palace,9,0,0,0,3,0,0,3,2.2,0.0,0.0,13.0,0.0,0.7,0.0,0.0,0.0,1.12,2.0,0.0,4.3,42.6,90.0,0.0,0.0,0.0,0.0,0.0,1.0,0.0,3.0,0.0,0.0,0.0,50.0,0.0,Everton,0.0,0.0,Leeds,Leeds,1.0,3.0,3.475646226268477,14970.0,0.6698067917101006,2.328011447936207
chris_rigg,1,1,MID,Sunderland,12,0,0,0,3,0,0,2,1.5,0.0,0.0,3.0,0.0,0.3,0.0,0.0,0.0,0.1,1.0,0.0,0.0,0.0,10.0,0.0,0.0,0.0,0.0,0.0,0.0,0.0,1.0,0.0,0.0,0.0,50.0,0.0,Ipswich Town,1.0,0.0,Man City,Man City,2.0,3.0,1.2542289994189955,,1.0120785099388474,1.2693782168540684
chris_wood,1,1,FWD,Nott'm Forest,13,1,0,0,3,0,0,3,2.0,0.0,0.0,3.0,0.0,2.4,0.01,0.13,0.12,0.22,1.0,0.0,0.4,0.0,28.0,0.0,0.0,0.0,0.0,0.0,0.0,3.0,1.0,0.0,0.0,0.0,60.0,0.0,Leeds,0.0,0.0,Coventry City,Coventry City,0.0,0.0,2.5284540779348723,14969.0,1.1854341736694676,2.997315870537921
christantus_uche,1,0,FWD,Crystal Palace,9,0,0,0,3,0,0,3,0.0,0.0,0.0,0.0,0.0,0.0,0.0,0.0,0.0,0.0,0.0,0.0,0.0,0.0,0.0,0.0,0.0,0.0,0.0,0.0,0.0,0.0,0.0,0.0,0.0,0.0,50.0,0.0,Everton,0.0,0.0,Leeds,Leeds,1.0,3.0,0.20544303067332237,,0.5,0.10272151533666118
christian_norgaard,1,0,MID,Everton,8,1,0,0,3,0,0,3,0.0,0.0,0.0,0.0,0.0,0.0,0.0,0.0,0.0,0.0,0.0,0.0,0.0,0.0,0.0,0.0,0.0,0.0,0.0,0.0,0.0,0.0,0.0,0.0,0.0,0.0,50.0,0.0,Crystal Palace,2.0,3.0,Ipswich Town,Ipswich Town,2.0,3.0,0.2538079868556189,,1.4629706298381981,0.37131363038812987
christian_walton,1,0,GK,Ipswich Town,20,1,0,0,2,0,0,3,1.9,0.0,0.0,0.0,0.0,0.0,0.0,0.0,0.0,0.0,0.0,0.0,0.0,0.0,0.0,0.0,0.0,0.0,0.0,0.0,0.0,0.0,0.0,0.0,0.0,0.0,45.0,0.0,Sunderland,2.0,3.0,Everton,Everton,2.0,3.0,0.7424153309336904,,1.0,0.7424153309336904
christos_tzolis,1,6,MID,Arsenal,7,1,0,0,4,0,0,2,2.3,1.0,0.0,30.0,1.0,39.8,0.14,0.33,0.19,0.06,0.0,0.0,8.7,17.0,75.0,0.0,0.0,0.0,0.0,0.0,1.0,30.0,6.0,0.0,0.0,0.0,65.0,0.0,Coventry City,3.0,3.0,Brighton,Brighton,4.0,3.0,4.00797561618037,14971.0,0.573752086684039,2.2995843731622343
chuba_akpom,1,1,FWD,Ipswich Town,20,1,0,0,2,0,0,3,1.4,0.0,0.0,3.0,0.0,0.0,0.0,0.0,0.0,0.03,0.0,0.0,0.3,1.4,24.0,0.0,0.0,0.0,0.0,0.0,0.0,2.0,1.0,0.0,0.0,0.0,50.0,0.0,Sunderland,2.0,3.0,Everton,Everton,2.0,3.0,2.247399239435563,,1.6327160493827158,3.6693648075969527
claudio_echeverri,1,0,MID,Man City,3,1,0,0,4,0,0,3,1.5,0.0,0.0,0.0,0.0,0.0,0.0,0.0,0.0,0.0,0.0,0.0,0.0,0.0,0.0,0.0,0.0,0.0,0.0,0.0,0.0,0.0,0.0,0.0,0.0,0.0,50.0,0.0,Bournemouth,2.0,3.0,Sunderland,Sunderland,1.0,0.0,0.35541131513353075,,1.072076798305557,0.381028224809923
cody_drameh,1,1,DEF,Hull City,16,1,0,0,2,0,0,4,1.0,0.0,0.0,4.0,0.0,0.0,0.0,0.05,0.05,0.67,0.0,0.0,0.3,2.2,20.0,0.0,0.0,0.0,0.0,0.0,0.0,1.0,1.0,0.0,0.0,0.0,40.0,0.0,Man Utd,2.0,3.0,Newcastle,Newcastle,2.0,1.0,1.1644148761974082,,1.4899357349188793,1.7349033343176614
cody_gakpo,1,12,MID,Liverpool,17,0,0,0,4,0,0,2,2.5,0.0,3.0,33.0,0.0,34.0,0.15,0.45,0.3,1.58,2.0,1.0,11.5,44.0,90.0,0.0,0.0,0.0,0.0,0.0,1.0,37.0,12.0,0.0,0.0,0.0,70.0,0.0,Newcastle,2.0,1.0,Bournemouth,Bournemouth,1.0,0.0,4.829254263876803,14974.0,1.37537988837858,6.642059190402659
cole_palmer,1,13,MID,Chelsea,10,0,0,0,4,0,0,2,3.2,1.0,3.0,60.0,0.0,41.3,0.19,0.47,0.28,1.24,2.0,1.0,16.1,65.2,82.0,0.0,0.0,0.0,0.0,0.0,1.0,54.0,13.0,0.0,0.0,0.0,95.0,0.0,Fulham,3.0,3.0,Brentford,Brentford,3.0,3.0,4.4602517003534174,15210.0,0.7182901688355359,3.203754946895842
conor_bradley,1,0,DEF,Liverpool,17,0,0,0,4,0,0,2,0.0,0.0,0.0,0.0,0.0,0.0,0.0,0.0,0.0,0.0,0.0,0.0,0.0,0.0,0.0,0.0,0.0,0.0,0.0,0.0,0.0,0.0,0.0,0.0,0.0,0.0,50.0,0.0,Newcastle,2.0,1.0,Bournemouth,Bournemouth,1.0,0.0,0.452722088245719,,0.662474841040252,0.29991699344599365
conor_gallagher,1,0,MID,Spurs,4,0,0,0,3,0,0,3,2.0,0.0,0.0,1.0,0.0,5.5,0.06,0.08,0.02,1.7,2.0,0.0,0.5,0.0,45.0,0.0,0.0,0.0,0.0,0.0,1.0,1.0,0.0,0.0,0.0,0.0,55.0,1.0,Brentford,0.0,0.0,Aston Villa,Aston Villa,0.0,0.0,0.5747432461444515,,0.6842818080244075,0.39328634762154235
cristhian_mosquera,1,6,DEF,Arsenal,7,1,0,0,4,0,0,2,2.5,0.0,0.0,27.0,1.0,0.6,0.0,0.0,0.0,0.2,0.0,0.0,1.5,14.4,90.0,0.0,0.0,0.0,0.0,0.0,1.0,0.0,6.0,0.0,0.0,0.0,55.0,0.0,Coventry City,3.0,3.0,Brighton,Brighton,4.0,3.0,3.3332879561953144,14969.0,0.5,1.6666439780976572
cristian_romero,1,0,DEF,Spurs,4,0,0,0,3,0,0,3,0.0,0.0,0.0,0.0,0.0,0.0,0.0,0.0,0.0,0.0,0.0,0.0,0.0,0.0,0.0,0.0,0.0,0.0,0.0,0.0,0.0,0.0,0.0,0.0,0.0,0.0,50.0,0.0,Brentford,0.0,0.0,Aston Villa,Aston Villa,0.0,0.0,0.32197857902377525,,2.0,0.6439571580475505
curtis_jones,1,0,MID,Liverpool,17,0,0,0,4,0,0,2,1.5,0.0,0.0,0.0,0.0,0.0,0.0,0.0,0.0,0.0,0.0,0.0,0.0,0.0,0.0,0.0,0.0,0.0,0.0,0.0,0.0,0.0,0.0,0.0,0.0,0.0,55.0,0.0,Newcastle,2.0,1.0,Bournemouth,Bournemouth,1.0,0.0,0.4733108066803553,,1.37537988837858,0.6509821644604027
daichi_kamada,1,3,MID,Crystal Palace,9,0,0,0,3,0,0,3,1.5,0.0,0.0,25.0,0.0,29.3,0.27,0.27,0.0,1.12,2.0,0.0,5.0,20.4,90.0,0.0,0.0,0.0,0.0,0.0,1.0,0.0,3.0,0.0,0.0,0.0,50.0,1.0,Everton,0.0,0.0,Leeds,Leeds,1.0,3.0,3.698316938174025,,0.5,1.8491584690870124
daizen_maeda,1,2,MID,Ipswich Town,20,1,0,0,2,0,0,3,2.0,0.0,0.0,7.0,0.0,1.4,0.0,0.61,0.61,0.63,1.0,0.0,2.1,12.6,79.0,0.0,0.0,0.0,0.0,0.0,1.0,7.0,2.0,0.0,0.0,0.0,55.0,0.0,Sunderland,2.0,3.0,Everton,Everton,2.0,3.0,2.7498174027154025,,0.7629143005485817,2.0978750204289387
dan_burn,1,0,DEF,Newcastle,14,1,0,0,2,0,0,4,2.2,0.0,0.0,0.0,0.0,0.0,0.0,0.0,0.0,0.0,0.0,0.0,0.0,0.0,0.0,0.0,0.0,0.0,0.0,0.0,0.0,0.0,0.0,0.0,0.0,0.0,50.0,0.0,Liverpool,2.0,1.0,Hull City,Hull City,2.0,3.0,0.8185350242088653,,0.5,0.40926751210443263
dan_ndoye,1,3,MID,Nott'm Forest,13,1,0,0,3,0,0,3,2.0,0.0,0.0,5.0,1.0,2.5,0.0,0.0,0.0,0.25,0.0,0.0,0.4,1.4,61.0,0.0,0.0,0.0,0.0,0.0,1.0,0.0,3.0,0.0,0.0,0.0,55.0,0.0,Leeds,0.0,0.0,Coventry City,Coventry City,0.0,0.0,2.1342408654211056,,0.9294783804281432,1.983730743035168
dane_scarlett,1,0,FWD,Spurs,4,0,0,0,3,0,0,3,1.0,0.0,0.0,0.0,0.0,0.0,0.0,0.0,0.0,0.0,0.0,0.0,0.0,0.0,0.0,0.0,0.0,0.0,0.0,0.0,0.0,0.0,0.0,0.0,0.0,0.0,45.0,0.0,Brentford,0.0,0.0,Aston Villa,Aston Villa,0.0,0.0,0.09424309272878872,,0.9223169314219293,0.08692200009332875
dango_ouattara,1,3,MID,Brentford,19,1,0,0,3,0,0,3,2.3,0.0,0.0,6.0,1.0,30.8,0.29,0.34,0.05,0.47,0.0,0.0,4.7,1.0,66.0,0.0,0.0,0.0,0.0,0.0,1.0,15.0,3.0,0.0,0.0,0.0,65.0,0.0,Spurs,3.0,3.0,Chelsea,Chelsea,3.0,3.0,3.4575323933572304,14969.0,1.220788199801859,4.220914746243187
daniel_ballard,1,0,DEF,Sunderland,12,0,0,0,3,0,0,2,2.2,0.0,0.0,4.0,0.0,1.2,0.01,0.01,0.0,1.8,2.0,0.0,1.9,18.2,90.0,0.0,0.0,0.0,0.0,0.0,1.0,0.0,0.0,0.0,0.0,0.0,50.0,1.0,Ipswich Town,1.0,0.0,Man City,Man City,2.0,3.0,2.5210276698247345,14974.0,0.5,1.2605138349123672
daniel_james,1,0,MID,Leeds,18,0,0,0,3,0,0,3,1.5,0.0,0.0,0.0,0.0,0.0,0.0,0.0,0.0,0.0,0.0,0.0,0.0,0.0,0.0,0.0,0.0,0.0,0.0,0.0,0.0,0.0,0.0,0.0,0.0,0.0,50.0,0.0,Nott'm Forest,1.0,3.0,Crystal Palace,Crystal Palace,0.0,0.0,0.34448253775150217,,1.8618918577137376,0.641389232164087
daniel_jebbison,1,1,FWD,Bournemouth,15,0,0,0,3,0,0,4,1.4,0.0,0.0,6.0,0.0,0.8,0.0,0.1,0.1,0.31,2.0,0.0,2.1,3.4,15.0,0.0,0.0,0.0,0.0,0.0,0.0,17.0,1.0,0.0,0.0,0.0,50.0,0.0,Man City,1.0,0.0,Liverpool,Liverpool,2.0,1.0,1.4724936082937075,,1.6396745447500962,2.4144102868264112
daniel_munoz_mejia,1,0,DEF,Crystal Palace,9,0,0,0,3,0,0,3,2.5,0.0,0.0,-4.0,0.0,1.8,0.01,0.24,0.23,0.84,2.0,0.0,2.4,1.2,54.0,0.0,0.0,0.0,0.0,0.0,1.0,21.0,0.0,0.0,0.0,0.0,55.0,0.0,Everton,0.0,0.0,Leeds,Leeds,1.0,3.0,1.6382549285155923,14969.0,0.6698067917101006,1.097314277672289
danny_welbeck,1,0,FWD,Chelsea,10,0,0,0,4,0,0,2,1.5,0.0,0.0,0.0,0.0,0.0,0.0,0.0,0.0,0.0,0.0,0.0,0.0,0.0,0.0,0.0,0.0,0.0,0.0,0.0,0.0,0.0,0.0,0.0,0.0,0.0,60.0,0.0,Fulham,3.0,3.0,Brentford,Brentford,3.0,3.0,0.4722833567026159,,2.0,0.9445667134052318
dara_o'shea,1,4,DEF,Ipswich Town,20,1,0,0,2,0,0,3,1.0,0.0,0.0,16.0,0.0,24.5,0.16,0.16,0.0,0.66,1.0,0.0,7.5,48.0,90.0,0.0,0.0,0.0,0.0,0.0,1.0,2.0,4.0,0.0,0.0,0.0,40.0,0.0,Sunderland,2.0,3.0,Everton,Everton,2.0,3.0,3.6873536915428815,,0.5960677016677814,2.197912440154175
dario_luis_essugo,1,0,MID,Chelsea,10,0,0,0,4,0,0,2,1.0,0.0,0.0,0.0,0.0,0.0,0.0,0.0,0.0,0.0,0.0,0.0,0.0,0.0,0.0,0.0,0.0,0.0,0.0,0.0,0.0,0.0,0.0,0.0,0.0,0.0,45.0,0.0,Fulham,3.0,3.0,Brentford,Brentford,3.0,3.0,0.23892610735423636,,0.7182901688355359,0.1716182739906918
darko_gyabi,1,0,MID,Hull City,16,1,0,0,2,0,0,4,0.0,0.0,0.0,0.0,0.0,0.0,0.0,0.0,0.0,0.0,0.0,0.0,0.0,0.0,0.0,0.0,0.0,0.0,0.0,0.0,0.0,0.0,0.0,0.0,0.0,0.0,45.0,0.0,Man Utd,2.0,3.0,Newcastle,Newcastle,2.0,1.0,0.12757314721732005,,1.0548410285986136,0.13456938983228026
darnell_furlong,1,0,DEF,Ipswich Town,20,1,0,0,2,0,0,3,1.0,0.0,0.0,0.0,0.0,0.0,0.0,0.0,0.0,0.0,0.0,0.0,0.0,0.0,0.0,0.0,0.0,0.0,0.0,0.0,0.0,0.0,0.0,0.0,0.0,0.0,40.0,0.0,Sunderland,2.0,3.0,Everton,Everton,2.0,3.0,0.37451020967948123,,0.5960677016677814,0.2232334399347673
david_akintola,1,0,MID,Hull City,16,1,0,0,2,0,0,4,1.5,0.0,0.0,0.0,0.0,0.0,0.0,0.0,0.0,0.0,0.0,0.0,0.0,0.0,0.0,0.0,0.0,0.0,0.0,0.0,0.0,0.0,0.0,0.0,0.0,0.0,50.0,0.0,Man Utd,2.0,3.0,Newcastle,Newcastle,2.0,1.0,0.3895104411184227,,1.0548410285986136,0.41087159435925674
david_brooks,1,0,MID,Bournemouth,15,0,0,0,3,0,0,4,1.1,0.0,0.0,0.0,0.0,0.0,0.0,0.0,0.0,0.0,0.0,0.0,0.0,0.0,0.0,0.0,0.0,0.0,0.0,0.0,0.0,0.0,0.0,0.0,0.0,0.0,50.0,0.0,Man City,1.0,0.0,Liverpool,Liverpool,2.0,1.0,0.36837103360905465,,0.9979037408920849,0.36759883247475955
david_button,1,0,GK,Ipswich Town,20,1,0,0,2,0,0,3,1.0,0.0,0.0,0.0,0.0,0.0,0.0,0.0,0.0,0.0,0.0,0.0,0.0,0.0,0.0,0.0,0.0,0.0,0.0,0.0,0.0,0.0,0.0,0.0,0.0,0.0,40.0,0.0,Sunderland,2.0,3.0,Everton,Everton,2.0,3.0,0.6054935706288633,,1.0,0.6054935706288633
david_raya_martin,1,6,GK,Arsenal,7,1,0,0,4,0,0,2,4.0,0.0,0.0,24.0,1.0,0.0,0.0,0.0,0.0,0.2,0.0,0.0,1.2,11.8,90.0,0.0,0.0,0.0,0.0,1.0,1.0,0.0,6.0,0.0,0.0,0.0,60.0,0.0,Coventry City,3.0,3.0,Brighton,Brighton,4.0,3.0,4.581180161542264,14972.0,1.5,6.871770242313396
dean_henderson,1,2,GK,Crystal Palace,9,0,0,0,3,0,0,3,2.0,0.0,0.0,14.0,0.0,0.0,0.0,0.0,0.0,1.12,2.0,0.0,2.8,28.2,90.0,0.0,0.0,0.0,0.0,3.0,1.0,0.0,2.0,0.0,0.0,0.0,50.0,0.0,Everton,0.0,0.0,Leeds,Leeds,1.0,3.0,3.1426324182660963,15210.0,1.0,3.1426324182660963
declan_rice,1,3,MID,Arsenal,7,1,0,0,4,0,0,2,2.6,0.0,0.0,10.0,1.0,6.4,0.08,0.15,0.07,0.06,0.0,0.0,1.5,6.8,67.0,0.0,0.0,0.0,0.0,0.0,1.0,2.0,3.0,0.0,0.0,0.0,75.0,0.0,Coventry City,3.0,3.0,Brighton,Brighton,4.0,3.0,3.0424951114958283,15210.0,0.573752086684039,1.7456379189467193
dejan_kulusevski,1,0,MID,Spurs,4,0,0,0,3,0,0,3,0.0,0.0,0.0,0.0,0.0,0.0,0.0,0.0,0.0,0.0,0.0,0.0,0.0,0.0,0.0,0.0,0.0,0.0,0.0,0.0,0.0,0.0,0.0,0.0,0.0,0.0,65.0,0.0,Brentford,0.0,0.0,Aston Villa,Aston Villa,0.0,0.0,0.5802313450258136,,0.6842818080244075,0.3970417538466976
destiny_udogie,1,1,DEF,Spurs,4,0,0,0,3,0,0,3,1.7,0.0,0.0,3.0,0.0,0.7,0.02,0.02,0.0,0.44,0.0,0.0,0.0,0.0,4.0,0.0,0.0,0.0,0.0,0.0,0.0,0.0,1.0,0.0,0.0,0.0,45.0,0.0,Brentford,0.0,0.0,Aston Villa,Aston Villa,0.0,0.0,0.7992104323968576,,2.0,1.5984208647937153
diego_coppola,1,0,DEF,Brighton,2,1,0,0,2,0,0,4,1.7,0.0,0.0,0.0,0.0,0.0,0.0,0.0,0.0,0.0,0.0,0.0,0.0,0.0,0.0,0.0,0.0,0.0,0.0,0.0,0.0,0.0,0.0,0.0,0.0,0.0,45.0,0.0,Aston Villa,4.0,3.0,Arsenal,Arsenal,3.0,3.0,0.7390953645407407,,1.7921141721199267,1.3245432773416048
diego_gomez_amarilla,1,6,MID,Brighton,2,1,0,0,2,0,0,4,1.5,1.0,0.0,27.0,1.0,25.1,0.48,0.66,0.18,0.29,0.0,0.0,9.9,33.0,85.0,0.0,0.0,0.0,0.0,0.0,1.0,41.0,6.0,0.0,0.0,0.0,50.0,0.0,Aston Villa,4.0,3.0,Arsenal,Arsenal,3.0,3.0,4.23874512710407,,0.805569853362067,3.414605290480402
dilane_bakwa,1,0,MID,Nott'm Forest,13,1,0,0,3,0,0,3,2.0,0.0,0.0,0.0,0.0,0.0,0.0,0.0,0.0,0.0,0.0,0.0,0.0,0.0,0.0,0.0,0.0,0.0,0.0,0.0,0.0,0.0,0.0,0.0,0.0,0.0,55.0,0.0,Leeds,0.0,0.0,Coventry City,Coventry City,0.0,0.0,0.5286100312589912,,0.9294783804281432,0.4913315957326773
dillon_phillips,1,0,GK,Hull City,16,1,0,0,2,0,0,4,1.0,0.0,0.0,0.0,0.0,0.0,0.0,0.0,0.0,0.0,0.0,0.0,0.0,0.0,0.0,0.0,0.0,0.0,0.0,0.0,0.0,0.0,0.0,0.0,0.0,0.0,40.0,0.0,Man Utd,2.0,3.0,Newcastle,Newcastle,2.0,1.0,0.35055430805954213,,2.0,0.7011086161190843
diogo_dalot_teixeira,1,1,DEF,Man Utd,11,0,0,0,4,0,0,2,2.2,0.0,0.0,6.0,0.0,11.3,0.0,0.0,0.0,0.0,0.0,0.0,1.9,7.6,10.0,0.0,0.0,0.0,0.0,0.0,0.0,0.0,1.0,0.0,0.0,0.0,50.0,0.0,Hull City,0.0,0.0,Fulham,Fulham,2.0,0.0,1.3982031888924995,,0.5,0.6991015944462498
divine_mukasa,1,0,MID,Man City,3,1,0,0,4,0,0,3,1.0,0.0,0.0,0.0,0.0,0.0,0.0,0.0,0.0,0.0,0.0,0.0,0.0,0.0,0.0,0.0,0.0,0.0,0.0,0.0,0.0,0.0,0.0,0.0,0.0,0.0,45.0,0.0,Bournemouth,2.0,3.0,Sunderland,Sunderland,1.0,0.0,0.18792467603950458,,1.072076798305557,0.2014696850110411
djed_spence,1,0,DEF,Spurs,4,0,0,0,3,0,0,3,0.0,0.0,0.0,0.0,0.0,0.0,0.0,0.0,0.0,0.0,0.0,0.0,0.0,0.0,0.0,0.0,0.0,0.0,0.0,0.0,0.0,0.0,0.0,0.0,0.0,0.0,45.0,0.0,Brentford,0.0,0.0,Aston Villa,Aston Villa,0.0,0.0,0.14542266256398562,,2.0,0.29084532512797123
djiamgone_jocelin_ta_bi,1,0,MID,Sunderland,12,0,0,0,3,0,0,2,1.5,0.0,0.0,0.0,0.0,0.0,0.0,0.0,0.0,0.0,0.0,0.0,0.0,0.0,0.0,0.0,0.0,0.0,0.0,0.0,0.0,0.0,0.0,0.0,0.0,0.0,50.0,0.0,Ipswich Town,1.0,0.0,Man City,Man City,2.0,3.0,0.41212482347969637,,1.0120785099388474,0.4171026772561416
dominic_calvert_lewin,1,1,FWD,Leeds,18,0,0,0,3,0,0,3,2.0,0.0,0.0,-2.0,1.0,0.8,0.0,0.13,0.13,0.66,0.0,0.0,0.7,0.0,90.0,0.0,0.0,0.0,0.0,0.0,1.0,11.0,1.0,0.0,0.0,0.0,60.0,1.0,Nott'm Forest,1.0,3.0,Crystal Palace,Crystal Palace,0.0,0.0,4.412543831595087,50210.0,0.59438202247191,2.622736726869439
dominic_solanke_mitchell,1,1,FWD,Spurs,4,0,0,0,3,0,0,3,2.0,0.0,0.0,3.0,0.0,0.0,0.0,0.07,0.07,0.85,0.0,0.0,0.5,0.0,22.0,0.0,0.0,0.0,0.0,0.0,0.0,5.0,1.0,0.0,0.0,0.0,60.0,0.0,Brentford,0.0,0.0,Aston Villa,Aston Villa,0.0,0.0,2.125899871158705,14971.0,0.9223169314219293,1.9607534456773716
dominik_szoboszlai,1,8,MID,Liverpool,17,0,0,0,4,0,0,2,2.5,0.0,1.0,29.0,0.0,47.1,0.27,1.12,0.85,1.58,2.0,1.0,11.9,50.4,90.0,0.0,0.0,0.0,0.0,0.0,1.0,21.0,8.0,0.0,0.0,0.0,70.0,0.0,Newcastle,2.0,1.0,Bournemouth,Bournemouth,1.0,0.0,4.384383320490204,14974.0,1.37537988837858,6.0301926419447245
dorde_petrovic,1,2,GK,Bournemouth,15,0,0,0,3,0,0,4,1.9,0.0,0.0,13.0,0.0,0.0,0.0,0.0,0.0,2.25,2.0,0.0,3.7,36.8,90.0,0.0,0.0,0.0,0.0,4.0,1.0,0.0,2.0,0.0,0.0,0.0,45.0,0.0,Man City,1.0,0.0,Liverpool,Liverpool,2.0,1.0,2.5494888260966766,79641.0,0.5,1.2747444130483383
dwight_mcneil,1,2,MID,Crystal Palace,9,0,0,0,3,0,0,3,2.0,0.0,0.0,11.0,0.0,4.7,0.02,0.07,0.05,0.98,2.0,0.0,1.6,9.6,62.0,0.0,0.0,0.0,0.0,0.0,1.0,2.0,2.0,0.0,0.0,0.0,55.0,0.0,Everton,0.0,0.0,Leeds,Leeds,1.0,3.0,1.8174183019064216,,0.5,0.9087091509532108
eberechi_eze,1,1,MID,Arsenal,7,1,0,0,4,0,0,2,2.3,0.0,0.0,4.0,0.0,1.8,0.0,0.04,0.04,0.15,0.0,0.0,0.1,0.0,14.0,0.0,0.0,0.0,0.0,0.0,0.0,1.0,1.0,0.0,0.0,0.0,65.0,0.0,Coventry City,3.0,3.0,Brighton,Brighton,4.0,3.0,1.8829459306153127,79641.0,0.573752086684039,1.0803441568037553
eddie_nketiah,1,1,FWD,Crystal Palace,9,0,0,0,3,0,0,3,1.8,0.0,0.0,12.0,0.0,24.5,0.58,1.18,0.6,0.84,2.0,0.0,5.8,10.4,55.0,0.0,0.0,0.0,0.0,0.0,1.0,23.0,1.0,0.0,0.0,0.0,55.0,0.0,Everton,0.0,0.0,Leeds,Leeds,1.0,3.0,0.5433904274126784,,0.5,0.2716952137063392
eliot_matazo,1,0,MID,Hull City,16,1,0,0,2,0,0,4,0.0,0.0,0.0,0.0,0.0,0.0,0.0,0.0,0.0,0.0,0.0,0.0,0.0,0.0,0.0,0.0,0.0,0.0,0.0,0.0,0.0,0.0,0.0,0.0,0.0,0.0,45.0,0.0,Man Utd,2.0,3.0,Newcastle,Newcastle,2.0,1.0,0.12757314721732005,,1.0548410285986136,0.13456938983228026
elliot_anderson,1,2,MID,Man City,3,1,0,0,4,0,0,3,2.3,0.0,0.0,14.0,0.0,20.8,0.25,0.25,0.0,0.55,1.0,0.0,2.8,7.2,62.0,0.0,0.0,0.0,0.0,0.0,1.0,0.0,2.0,0.0,0.0,0.0,65.0,0.0,Bournemouth,2.0,3.0,Sunderland,Sunderland,1.0,0.0,2.44007442024405,14971.0,1.072076798305557,2.6159471720825294
elliot_stroud,1,3,MID,Hull City,16,1,0,0,2,0,0,4,1.5,0.0,0.0,11.0,1.0,4.8,0.03,0.03,0.0,1.16,0.0,0.0,1.3,8.4,70.0,0.0,0.0,0.0,0.0,0.0,1.0,0.0,3.0,0.0,0.0,0.0,50.0,0.0,Man Utd,2.0,3.0,Newcastle,Newcastle,2.0,1.0,2.148156374577905,,1.0548410285986136,2.265963479750426
ellis_simms,1,2,FWD,Coventry City,1,0,0,0,2,0,0,4,1.4,0.0,0.0,7.0,0.0,12.3,0.01,0.01,0.0,1.6,3.0,0.0,1.7,2.6,69.0,0.0,0.0,0.0,0.0,0.0,1.0,2.0,2.0,0.0,0.0,0.0,50.0,0.0,Arsenal,0.0,0.0,Nott'm Forest,Nott'm Forest,0.0,0.0,2.418352546224098,,0.5,1.209176273112049
emersonn_correia_da_silva,1,9,FWD,Ipswich Town,20,1,0,0,2,0,0,3,1.8,0.0,3.0,41.0,0.0,26.3,0.06,0.88,0.82,0.63,1.0,1.0,11.2,45.6,65.0,0.0,0.0,0.0,0.0,0.0,1.0,40.0,9.0,0.0,0.0,0.0,55.0,0.0,Sunderland,2.0,3.0,Everton,Everton,2.0,3.0,3.6904872405015032,,1.6327160493827158,6.0255177476089345
emile_smith_rowe,1,0,MID,Fulham,6,1,0,0,2,0,0,4,2.0,0.0,0.0,0.0,0.0,0.0,0.0,0.0,0.0,0.0,0.0,0.0,0.0,0.0,0.0,0.0,0.0,0.0,0.0,0.0,0.0,0.0,0.0,0.0,0.0,0.0,55.0,0.0,Chelsea,2.0,0.0,Man Utd,Man Utd,0.0,0.0,0.48824286200107525,,0.532607108061187,0.2600416187619099
emiliano_buendia_stati,1,2,MID,Aston Villa,5,0,0,0,4,0,0,2,2.2,0.0,0.0,4.0,0.0,16.3,0.09,0.22,0.13,3.62,4.0,0.0,2.2,0.0,85.0,0.0,0.0,0.0,0.0,0.0,1.0,8.0,2.0,0.0,0.0,0.0,60.0,0.0,Brighton,0.0,0.0,Spurs,Spurs,0.0,0.0,2.965410470670972,14972.0,0.6353654392578061,1.8841193262775595
emiliano_martinez_romero,1,0,GK,Aston Villa,5,0,0,0,4,0,0,2,2.6,0.0,0.0,0.0,0.0,0.0,0.0,0.0,0.0,0.0,0.0,0.0,0.0,0.0,0.0,0.0,0.0,0.0,0.0,0.0,0.0,0.0,0.0,0.0,0.0,0.0,50.0,0.0,Brighton,0.0,0.0,Spurs,Spurs,0.0,0.0,-0.17990855530907246,79641.0,1.75,-0.3148399717908768
emmanuel_emegha,1,0,FWD,Chelsea,10,0,0,0,4,0,0,2,1.4,0.0,0.0,0.0,0.0,0.0,0.0,0.0,0.0,0.0,0.0,0.0,0.0,0.0,0.0,0.0,0.0,0.0,0.0,0.0,0.0,0.0,0.0,0.0,0.0,0.0,50.0,0.0,Fulham,3.0,3.0,Brentford,Brentford,3.0,3.0,0.28644035072074336,,2.0,0.5728807014414867
endo_wataru,1,0,MID,Liverpool,17,0,0,0,4,0,0,2,1.5,0.0,0.0,0.0,0.0,0.0,0.0,0.0,0.0,0.0,0.0,0.0,0.0,0.0,0.0,0.0,0.0,0.0,0.0,0.0,0.0,0.0,0.0,0.0,0.0,0.0,50.0,0.0,Newcastle,2.0,1.0,Bournemouth,Bournemouth,1.0,0.0,0.35304949498986726,,1.37537988837858,0.4855771750112777
enes_unal,1,0,FWD,Bournemouth,15,0,0,0,3,0,0,4,0.0,0.0,0.0,0.0,0.0,0.0,0.0,0.0,0.0,0.0,0.0,0.0,0.0,0.0,0.0,0.0,0.0,0.0,0.0,0.0,0.0,0.0,0.0,0.0,0.0,0.0,55.0,0.0,Man City,1.0,0.0,Liverpool,Liverpool,2.0,1.0,0.19910002084813327,,1.6396745447500962,0.3264592360438976
enis_destan,1,0,FWD,Hull City,16,1,0,0,2,0,0,4,0.0,0.0,0.0,0.0,0.0,0.0,0.0,0.0,0.0,0.0,0.0,0.0,0.0,0.0,0.0,0.0,0.0,0.0,0.0,0.0,0.0,0.0,0.0,0.0,0.0,0.0,45.0,0.0,Man Utd,2.0,3.0,Newcastle,Newcastle,2.0,1.0,0.003095931431083665,,0.6530864197530863,0.0020219107741274796
enzo_fernandez,1,1,MID,Chelsea,10,0,0,0,4,0,0,2,2.5,0.0,0.0,6.0,0.0,12.0,0.02,0.02,0.0,0.28,0.0,0.0,1.5,3.4,25.0,0.0,0.0,0.0,0.0,0.0,0.0,0.0,1.0,0.0,0.0,0.0,70.0,0.0,Fulham,3.0,3.0,Brentford,Brentford,3.0,3.0,2.4114707183699067,14970.0,0.7182901688355359,1.7321357094398713
enzo_le_fee,1,2,MID,Sunderland,12,0,0,0,3,0,0,2,2.2,0.0,0.0,13.0,0.0,9.9,0.03,0.03,0.0,1.69,1.0,0.0,1.5,4.6,79.0,0.0,0.0,0.0,0.0,0.0,1.0,0.0,2.0,0.0,0.0,0.0,60.0,0.0,Ipswich Town,1.0,0.0,Man City,Man City,2.0,3.0,2.593996533583403,61014.0,1.0120785099388474,2.625328146495626
ephron_mason_clark,1,0,MID,Coventry City,1,0,0,0,2,0,0,4,2.0,0.0,0.0,0.0,0.0,0.0,0.0,0.0,0.0,0.0,0.0,0.0,0.0,0.0,0.0,0.0,0.0,0.0,0.0,0.0,0.0,0.0,0.0,0.0,0.0,0.0,55.0,0.0,Arsenal,0.0,0.0,Nott'm Forest,Nott'm Forest,0.0,0.0,0.5286100312589912,,0.6637299677961009,0.35085431902422615
erling_haaland,1,2,FWD,Man City,3,1,0,0,4,0,0,3,4.0,0.0,0.0,6.0,0.0,5.2,0.02,0.76,0.74,0.65,1.0,0.0,5.9,3.8,90.0,0.0,0.0,0.0,0.0,0.0,1.0,50.0,2.0,0.0,0.0,0.0,155.0,0.0,Bournemouth,2.0,3.0,Sunderland,Sunderland,1.0,0.0,5.27728328154237,14974.0,1.3061728395061727,6.89304408873065
estevao_almeida_de_oliveira_goncalves,1,1,MID,Chelsea,10,0,0,0,4,0,0,2,2.3,0.0,0.0,3.0,0.0,0.4,0.0,0.0,0.0,0.09,0.0,0.0,0.1,0.2,7.0,0.0,0.0,0.0,0.0,0.0,0.0,0.0,1.0,0.0,0.0,0.0,65.0,0.0,Fulham,3.0,3.0,Brentford,Brentford,3.0,3.0,1.611440444266882,50210.0,0.7182901688355359,1.1574818287808695
ethan_ampadu,1,5,MID,Leeds,18,0,0,0,3,0,0,3,2.0,0.0,0.0,18.0,1.0,23.3,0.04,0.04,0.0,0.66,0.0,0.0,4.2,18.6,90.0,0.0,0.0,0.0,0.0,0.0,1.0,0.0,5.0,0.0,0.0,0.0,55.0,0.0,Nott'm Forest,1.0,3.0,Crystal Palace,Crystal Palace,0.0,0.0,4.091143374473846,61014.0,1.8618918577137376,7.617266537672359
ethan_nwaneri,1,0,MID,Arsenal,7,1,0,0,4,0,0,2,2.0,0.0,0.0,0.0,0.0,0.0,0.0,0.0,0.0,0.0,0.0,0.0,0.0,0.0,0.0,0.0,0.0,0.0,0.0,0.0,0.0,0.0,0.0,0.0,0.0,0.0,55.0,0.0,Coventry City,3.0,3.0,Brighton,Brighton,4.0,3.0,0.6050117475532755,,0.573752086684039,0.34712675262704884
ethan_pinnock,1,0,DEF,Brentford,19,1,0,0,3,0,0,3,1.7,0.0,0.0,0.0,0.0,0.0,0.0,0.0,0.0,0.0,0.0,0.0,0.0,0.0,0.0,0.0,0.0,0.0,0.0,0.0,0.0,0.0,0.0,0.0,0.0,0.0,45.0,0.0,Spurs,3.0,3.0,Chelsea,Chelsea,3.0,3.0,0.7183845717821455,,2.0,1.436769143564291
evan_ferguson,1,0,FWD,Brighton,2,1,0,0,2,0,0,4,0.0,0.0,0.0,0.0,0.0,0.0,0.0,0.0,0.0,0.0,0.0,0.0,0.0,0.0,0.0,0.0,0.0,0.0,0.0,0.0,0.0,0.0,0.0,0.0,0.0,0.0,50.0,0.0,Aston Villa,4.0,3.0,Arsenal,Arsenal,3.0,3.0,0.21821869608195077,,0.8658882584024441,0.1889530067012526
evann_guessand,1,1,MID,Crystal Palace,9,0,0,0,3,0,0,3,2.0,0.0,0.0,3.0,0.0,1.8,0.02,0.05,0.03,0.14,0.0,0.0,1.2,3.2,27.0,0.0,0.0,0.0,0.0,0.0,0.0,7.0,1.0,0.0,0.0,0.0,55.0,0.0,Everton,0.0,0.0,Leeds,Leeds,1.0,3.0,2.1918127883933995,,0.5,1.0959063941966998
ewen_jaouen,1,0,GK,Newcastle,14,1,0,0,2,0,0,4,1.9,0.0,0.0,0.0,0.0,0.0,0.0,0.0,0.0,0.0,0.0,0.0,0.0,0.0,0.0,0.0,0.0,0.0,0.0,0.0,0.0,0.0,0.0,0.0,0.0,0.0,45.0,0.0,Liverpool,2.0,1.0,Hull City,Hull City,2.0,3.0,0.518985332785266,,0.5,0.259492666392633
ezri_konsa_ngoyo,1,0,DEF,Arsenal,7,1,0,0,4,0,0,2,1.7,0.0,0.0,0.0,0.0,0.0,0.0,0.0,0.0,0.0,0.0,0.0,0.0,0.0,0.0,0.0,0.0,0.0,0.0,0.0,0.0,0.0,0.0,0.0,0.0,0.0,45.0,0.0,Coventry City,3.0,3.0,Brighton,Brighton,4.0,3.0,0.7821875560440581,50210.0,0.5,0.39109377802202905
fabian_schar,1,1,DEF,Newcastle,14,1,0,0,2,0,0,4,2.2,0.0,0.0,-1.0,0.0,0.0,0.0,0.0,0.0,0.79,1.0,0.0,0.0,0.0,1.0,0.0,0.0,0.0,0.0,0.0,0.0,0.0,1.0,0.0,0.0,0.0,50.0,0.0,Liverpool,2.0,1.0,Hull City,Hull City,2.0,3.0,1.2083545592644473,,0.5,0.6041772796322237
fabio_ferreira_vieira,1,0,MID,Arsenal,7,1,0,0,4,0,0,2,2.0,0.0,0.0,0.0,0.0,0.0,0.0,0.0,0.0,0.0,0.0,0.0,0.0,0.0,0.0,0.0,0.0,0.0,0.0,0.0,0.0,0.0,0.0,0.0,0.0,0.0,55.0,0.0,Coventry City,3.0,3.0,Brighton,Brighton,4.0,3.0,0.6050117475532755,,0.573752086684039,0.34712675262704884
fabio_freitas_gouveia_carvalho,1,0,MID,Brentford,19,1,0,0,3,0,0,3,1.1,0.0,0.0,0.0,0.0,0.0,0.0,0.0,0.0,0.0,0.0,0.0,0.0,0.0,0.0,0.0,0.0,0.0,0.0,0.0,0.0,0.0,0.0,0.0,0.0,0.0,50.0,0.0,Spurs,3.0,3.0,Chelsea,Chelsea,3.0,3.0,0.36863248452543185,,1.220788199801859,0.4500221871722886
facundo_buonanotte,1,0,MID,Brighton,2,1,0,0,2,0,0,4,0.0,0.0,0.0,0.0,0.0,0.0,0.0,0.0,0.0,0.0,0.0,0.0,0.0,0.0,0.0,0.0,0.0,0.0,0.0,0.0,0.0,0.0,0.0,0.0,0.0,0.0,50.0,0.0,Aston Villa,4.0,3.0,Arsenal,Arsenal,3.0,3.0,0.24455317960868972,,0.805569853362067,0.1970046690365994
federico_chiesa,1,0,MID,Liverpool,17,0,0,0,4,0,0,2,2.0,0.0,0.0,0.0,0.0,0.0,0.0,0.0,0.0,0.0,0.0,0.0,0.0,0.0,0.0,0.0,0.0,0.0,0.0,0.0,0.0,0.0,0.0,0.0,0.0,0.0,55.0,0.0,Newcastle,2.0,1.0,Bournemouth,Bournemouth,1.0,0.0,0.5205361340838937,,1.37537988837858,0.7159349299933232
felipe_rodrigues_da_silva,1,0,DEF,Nott'm Forest,13,1,0,0,3,0,0,3,2.2,0.0,0.0,0.0,0.0,0.0,0.0,0.0,0.0,0.0,0.0,0.0,0.0,0.0,0.0,0.0,0.0,0.0,0.0,0.0,0.0,0.0,0.0,0.0,0.0,0.0,50.0,0.0,Leeds,0.0,0.0,Coventry City,Coventry City,0.0,0.0,0.5822218232655011,,2.0,1.1644436465310022
ferdi_kadioglu,1,0,DEF,Brighton,2,1,0,0,2,0,0,4,1.7,0.0,0.0,0.0,0.0,0.0,0.0,0.0,0.0,0.0,0.0,0.0,0.0,0.0,0.0,0.0,0.0,0.0,0.0,0.0,0.0,0.0,0.0,0.0,0.0,0.0,45.0,0.0,Aston Villa,4.0,3.0,Arsenal,Arsenal,3.0,3.0,0.7390953645407407,14970.0,1.7921141721199267,1.3245432773416048
filip_jorgensen,1,0,GK,Chelsea,10,0,0,0,4,0,0,2,0.0,0.0,0.0,0.0,0.0,0.0,0.0,0.0,0.0,0.0,0.0,0.0,0.0,0.0,0.0,0.0,0.0,0.0,0.0,0.0,0.0,0.0,0.0,0.0,0.0,0.0,50.0,0.0,Fulham,3.0,3.0,Brentford,Brentford,3.0,3.0,1.0675972871413175,,1.0,1.0675972871413175
florentino_ibrain_morris_luis,1,0,MID,Ipswich Town,20,1,0,0,2,0,0,3,1.5,0.0,0.0,0.0,0.0,0.0,0.0,0.0,0.0,0.0,0.0,0.0,0.0,0.0,0.0,0.0,0.0,0.0,0.0,0.0,0.0,0.0,0.0,0.0,0.0,0.0,50.0,0.0,Sunderland,2.0,3.0,Everton,Everton,2.0,3.0,0.39548396906623373,,0.7629143005485817,0.30172037563834264
florian_wirtz,1,2,MID,Liverpool,17,0,0,0,4,0,0,2,2.6,0.0,0.0,16.0,0.0,17.9,0.04,0.3,0.26,0.51,2.0,0.0,5.7,9.8,62.0,0.0,0.0,0.0,0.0,0.0,1.0,29.0,2.0,0.0,0.0,0.0,75.0,0.0,Newcastle,2.0,1.0,Bournemouth,Bournemouth,1.0,0.0,2.963076383863194,61014.0,1.37537988837858,4.075355666094966
francisco_evanilson_de_lima_barbosa,1,4,FWD,Bournemouth,15,0,0,0,3,0,0,4,2.0,1.0,0.0,17.0,1.0,11.9,0.21,0.21,0.0,1.94,0.0,0.0,3.3,19.4,74.0,0.0,0.0,0.0,0.0,0.0,1.0,2.0,4.0,0.0,0.0,0.0,60.0,1.0,Man City,1.0,0.0,Liverpool,Liverpool,2.0,1.0,3.038225561961224,15210.0,1.6396745447500962,4.981701115156875
frank_onyeka,1,2,MID,Coventry City,1,0,0,0,2,0,0,4,1.5,0.0,0.0,8.0,0.0,1.6,0.01,0.01,0.0,1.88,3.0,0.0,0.5,3.6,90.0,0.0,0.0,0.0,0.0,0.0,1.0,0.0,2.0,0.0,0.0,0.0,50.0,0.0,Arsenal,0.0,0.0,Nott'm Forest,Nott'm Forest,0.0,0.0,2.552800515914001,,0.6637299677961009,1.6943702042174695
fraser_forster,1,0,GK,Bournemouth,15,0,0,0,3,0,0,4,1.0,0.0,0.0,0.0,0.0,0.0,0.0,0.0,0.0,0.0,0.0,0.0,0.0,0.0,0.0,0.0,0.0,0.0,0.0,0.0,0.0,0.0,0.0,0.0,0.0,0.0,40.0,0.0,Man City,1.0,0.0,Liverpool,Liverpool,2.0,1.0,-0.03801365455930816,,0.5,-0.01900682727965408
freddie_woodman,1,0,GK,Liverpool,17,0,0,0,4,0,0,2,1.0,0.0,0.0,0.0,0.0,0.0,0.0,0.0,0.0,0.0,0.0,0.0,0.0,0.0,0.0,0.0,0.0,0.0,0.0,0.0,0.0,0.0,0.0,0.0,0.0,0.0,40.0,0.0,Newcastle,2.0,1.0,Bournemouth,Bournemouth,1.0,0.0,-0.11836872744272164,,1.5,-0.17755309116408247
gabriel_dos_santos_magalhaes,1,5,DEF,Arsenal,7,1,0,0,4,0,0,2,4.0,0.0,0.0,21.0,1.0,1.8,0.01,0.06,0.05,0.2,0.0,0.0,0.9,6.6,90.0,0.0,0.0,0.0,0.0,0.0,1.0,1.0,5.0,0.0,0.0,0.0,80.0,1.0,Coventry City,3.0,3.0,Brighton,Brighton,4.0,3.0,4.4841891776433815,14972.0,0.5,2.2420945888216908
gabriel_fernando_de_jesus,1,0,FWD,Arsenal,7,1,0,0,4,0,0,2,2.0,0.0,0.0,0.0,0.0,0.0,0.0,0.0,0.0,0.0,0.0,0.0,0.0,0.0,0.0,0.0,0.0,0.0,0.0,0.0,0.0,0.0,0.0,0.0,0.0,0.0,60.0,0.0,Coventry City,3.0,3.0,Brighton,Brighton,4.0,3.0,0.4692597818641344,,,
gabriel_gudmundsson,1,0,DEF,Leeds,18,0,0,0,3,0,0,3,0.0,0.0,0.0,0.0,0.0,0.0,0.0,0.0,0.0,0.0,0.0,0.0,0.0,0.0,0.0,0.0,0.0,0.0,0.0,0.0,0.0,0.0,0.0,0.0,0.0,0.0,45.0,0.0,Nott'm Forest,1.0,3.0,Crystal Palace,Crystal Palace,0.0,0.0,0.24269027365110363,,2.0,0.48538054730220725
gabriel_martinelli_silva,1,0,MID,Arsenal,7,1,0,0,4,0,0,2,2.3,0.0,0.0,0.0,0.0,0.0,0.0,0.0,0.0,0.0,0.0,0.0,0.0,0.0,0.0,0.0,0.0,0.0,0.0,0.0,0.0,0.0,0.0,0.0,0.0,0.0,65.0,0.0,Coventry City,3.0,3.0,Brighton,Brighton,4.0,3.0,0.8738695673763741,,0.573752086684039,0.501384487771873
george_hemmings,1,2,MID,Aston Villa,5,0,0,0,4,0,0,2,1.0,0.0,0.0,12.0,0.0,11.6,0.0,0.0,0.0,3.77,4.0,0.0,2.4,10.6,90.0,0.0,0.0,0.0,0.0,0.0,1.0,2.0,2.0,0.0,0.0,0.0,45.0,0.0,Brighton,0.0,0.0,Spurs,Spurs,0.0,0.0,2.1837873036615565,,0.6353654392578061,1.3875029794365448
george_hirst,1,0,FWD,Ipswich Town,20,1,0,0,2,0,0,3,0.0,0.0,0.0,0.0,0.0,0.0,0.0,0.0,0.0,0.0,0.0,0.0,0.0,0.0,0.0,0.0,0.0,0.0,0.0,0.0,0.0,0.0,0.0,0.0,0.0,0.0,50.0,0.0,Sunderland,2.0,3.0,Everton,Everton,2.0,3.0,0.18433319838981221,,1.6327160493827158,0.30096377144509456
george_shepherd,1,0,MID,Coventry City,1,0,0,0,2,0,0,4,1.0,0.0,0.0,0.0,0.0,0.0,0.0,0.0,0.0,0.0,0.0,0.0,0.0,0.0,0.0,0.0,0.0,0.0,0.0,0.0,0.0,0.0,0.0,0.0,0.0,0.0,45.0,0.0,Arsenal,0.0,0.0,Nott'm Forest,Nott'm Forest,0.0,0.0,0.19363675307093864,,0.6637299677961009,0.12852251587991564
georginio_rutter,1,5,FWD,Brighton,2,1,0,0,2,0,0,4,1.8,1.0,0.0,22.0,1.0,11.4,0.44,0.52,0.08,0.29,0.0,0.0,4.6,19.8,90.0,0.0,0.0,0.0,0.0,0.0,1.0,15.0,5.0,0.0,0.0,0.0,55.0,0.0,Aston Villa,4.0,3.0,Arsenal,Arsenal,3.0,3.0,3.2618239742068846,14972.0,0.8658882584024441,2.824375080241338
geovany_quenda,1,1,MID,Chelsea,10,0,0,0,4,0,0,2,2.0,0.0,0.0,2.0,0.0,0.3,0.0,0.0,0.0,0.09,0.0,0.0,0.4,1.2,8.0,0.0,0.0,0.0,0.0,0.0,0.0,2.0,1.0,0.0,0.0,0.0,55.0,0.0,Fulham,3.0,3.0,Brentford,Brentford,3.0,3.0,1.417714876653321,,0.7182901688355359,1.0183306581119649
geronimo_rulli,1,0,GK,Man City,3,1,0,0,4,0,0,3,2.6,0.0,0.0,0.0,0.0,0.0,0.0,0.0,0.0,0.0,0.0,0.0,0.0,0.0,0.0,0.0,0.0,0.0,0.0,0.0,0.0,0.0,0.0,0.0,0.0,0.0,50.0,0.0,Bournemouth,2.0,3.0,Sunderland,Sunderland,1.0,0.0,0.3801057787751707,,1.5,0.5701586681627561
gianluigi_donnarumma,1,3,GK,Man City,3,1,0,0,4,0,0,3,3.3,0.0,0.0,12.0,0.0,0.0,0.0,0.0,0.0,0.65,1.0,0.0,2.7,26.8,90.0,0.0,0.0,0.0,0.0,3.0,1.0,0.0,3.0,0.0,0.0,0.0,55.0,0.0,Bournemouth,2.0,3.0,Sunderland,Sunderland,1.0,0.0,3.686958201317548,14969.0,1.5,5.530437301976322
giorgi_mamardashvili,1,0,GK,Liverpool,17,0,0,0,4,0,0,2,2.6,0.0,0.0,0.0,0.0,0.0,0.0,0.0,0.0,0.0,0.0,0.0,0.0,0.0,0.0,0.0,0.0,0.0,0.0,0.0,0.0,0.0,0.0,0.0,0.0,0.0,50.0,0.0,Newcastle,2.0,1.0,Bournemouth,Bournemouth,1.0,0.0,0.1566757806267467,14969.0,1.5,0.23501367094012005
giovanni_leoni,1,0,DEF,Liverpool,17,0,0,0,4,0,0,2,0.0,0.0,0.0,0.0,0.0,0.0,0.0,0.0,0.0,0.0,0.0,0.0,0.0,0.0,0.0,0.0,0.0,0.0,0.0,0.0,0.0,0.0,0.0,0.0,0.0,0.0,40.0,0.0,Newcastle,2.0,1.0,Bournemouth,Bournemouth,1.0,0.0,0.09961025532613976,,0.662474841040252,0.06598928806316336
gonzalo_garcia,1,6,FWD,Fulham,6,1,0,0,2,0,0,4,2.0,0.0,0.0,33.0,0.0,4.3,0.01,0.74,0.73,2.24,3.0,1.0,8.2,37.2,90.0,0.0,0.0,0.0,0.0,0.0,1.0,40.0,6.0,0.0,0.0,0.0,60.0,0.0,Chelsea,2.0,0.0,Man Utd,Man Utd,0.0,0.0,2.9735574265412943,14973.0,2.0,5.947114853082589
granit_xhaka,1,9,MID,Sunderland,12,0,0,0,3,0,0,2,2.0,1.0,2.0,31.0,0.0,31.4,0.09,0.09,0.0,1.8,2.0,0.0,5.0,18.8,90.0,0.0,0.0,0.0,0.0,0.0,1.0,0.0,9.0,0.0,0.0,0.0,55.0,0.0,Ipswich Town,1.0,0.0,Man City,Man City,2.0,3.0,3.7017148309738017,50210.0,1.0120785099388474,3.7464260303504977
guglielmo_vicario,1,0,GK,Spurs,4,0,0,0,3,0,0,3,0.0,0.0,0.0,0.0,0.0,0.0,0.0,0.0,0.0,0.0,0.0,0.0,0.0,0.0,0.0,0.0,0.0,0.0,0.0,0.0,0.0,0.0,0.0,0.0,0.0,0.0,45.0,0.0,Brentford,0.0,0.0,Aston Villa,Aston Villa,0.0,0.0,-0.3066219222054729,,2.0,-0.6132438444109458
gustavo_hamer,1,1,MID,Coventry City,1,0,0,0,2,0,0,4,2.0,0.0,0.0,3.0,0.0,0.3,0.0,0.0,0.0,0.13,0.0,0.0,0.1,0.4,8.0,0.0,0.0,0.0,0.0,0.0,0.0,0.0,1.0,0.0,0.0,0.0,55.0,0.0,Arsenal,0.0,0.0,Nott'm Forest,Nott'm Forest,0.0,0.0,1.3258453942827386,,0.6637299677961009,0.8800033208498909
habib_diarra,1,1,MID,Sunderland,12,0,0,0,3,0,0,2,2.0,0.0,0.0,3.0,0.0,0.6,0.0,0.03,0.03,0.1,1.0,0.0,0.3,0.4,10.0,0.0,0.0,0.0,0.0,0.0,0.0,2.0,1.0,0.0,0.0,0.0,55.0,0.0,Ipswich Town,1.0,0.0,Man City,Man City,2.0,3.0,1.4715960113804505,,1.0120785099388474,1.4893706984298773
haji_wright,1,0,FWD,Coventry City,1,0,0,0,2,0,0,4,0.0,0.0,0.0,0.0,0.0,0.0,0.0,0.0,0.0,0.0,0.0,0.0,0.0,0.0,0.0,0.0,0.0,0.0,0.0,0.0,0.0,0.0,0.0,0.0,0.0,0.0,55.0,0.0,Arsenal,0.0,0.0,Nott'm Forest,Nott'm Forest,0.0,0.0,0.19717843784586764,14973.0,0.5,0.09858921892293382
hakon_rafn_valdimarsson,1,0,GK,Brentford,19,1,0,0,3,0,0,3,1.9,0.0,0.0,0.0,0.0,0.0,0.0,0.0,0.0,0.0,0.0,0.0,0.0,0.0,0.0,0.0,0.0,0.0,0.0,0.0,0.0,0.0,0.0,0.0,0.0,0.0,45.0,0.0,Spurs,3.0,3.0,Chelsea,Chelsea,3.0,3.0,0.9138617023990833,,2.0,1.8277234047981665
harrison_armstrong,1,8,MID,Everton,8,1,0,0,3,0,0,3,1.5,1.0,0.0,25.0,1.0,14.7,0.04,0.04,0.0,1.96,0.0,0.0,4.8,28.8,90.0,0.0,0.0,0.0,0.0,0.0,1.0,4.0,8.0,0.0,0.0,0.0,50.0,0.0,Crystal Palace,2.0,3.0,Ipswich Town,Ipswich Town,2.0,3.0,4.138379595974807,,1.4629706298381981,6.054327804032811
harrison_reed,1,0,MID,Fulham,6,1,0,0,2,0,0,4,1.0,0.0,0.0,0.0,0.0,0.0,0.0,0.0,0.0,0.0,0.0,0.0,0.0,0.0,0.0,0.0,0.0,0.0,0.0,0.0,0.0,0.0,0.0,0.0,0.0,0.0,45.0,0.0,Chelsea,2.0,0.0,Man Utd,Man Utd,0.0,0.0,0.1532695838130227,,0.532607108061187,0.08163246978839574
harry_amass,1,0,DEF,Man Utd,11,0,0,0,4,0,0,2,1.0,0.0,0.0,0.0,0.0,0.0,0.0,0.0,0.0,0.0,0.0,0.0,0.0,0.0,0.0,0.0,0.0,0.0,0.0,0.0,0.0,0.0,0.0,0.0,0.0,0.0,40.0,0.0,Hull City,0.0,0.0,Fulham,Fulham,2.0,0.0,0.21476509837425994,,0.5,0.10738254918712997
harry_howell,1,0,MID,Brighton,2,1,0,0,2,0,0,4,0.0,0.0,0.0,0.0,0.0,0.0,0.0,0.0,0.0,0.0,0.0,0.0,0.0,0.0,0.0,0.0,0.0,0.0,0.0,0.0,0.0,0.0,0.0,0.0,0.0,0.0,45.0,0.0,Aston Villa,4.0,3.0,Arsenal,Arsenal,3.0,3.0,0.1242918679182019,,0.805569853362067,0.1001257818129633
harry_maguire,1,1,DEF,Man Utd,11,0,0,0,4,0,0,2,2.2,0.0,0.0,15.0,0.0,28.6,0.4,0.44,0.04,1.01,2.0,0.0,7.3,25.4,90.0,0.0,0.0,0.0,0.0,0.0,1.0,19.0,1.0,0.0,0.0,0.0,50.0,0.0,Hull City,0.0,0.0,Fulham,Fulham,2.0,0.0,3.5673568088212195,14974.0,0.5,1.7836784044106098
harry_wilson,1,3,MID,Leeds,18,0,0,0,3,0,0,3,2.3,0.0,0.0,8.0,1.0,15.3,0.02,0.02,0.0,0.53,0.0,0.0,2.6,6.2,65.0,0.0,0.0,0.0,0.0,0.0,1.0,4.0,3.0,0.0,0.0,0.0,65.0,0.0,Nott'm Forest,1.0,3.0,Crystal Palace,Crystal Palace,0.0,0.0,2.6156372887026023,15210.0,1.8618918577137376,4.870033770567812
harvey_barnes,1,2,MID,Newcastle,14,1,0,0,2,0,0,4,2.2,0.0,0.0,12.0,0.0,2.4,0.02,0.09,0.07,2.98,2.0,0.0,1.7,5.2,90.0,0.0,0.0,0.0,0.0,0.0,1.0,9.0,2.0,0.0,0.0,0.0,60.0,0.0,Liverpool,2.0,1.0,Hull City,Hull City,2.0,3.0,2.9753823383160114,,0.5,1.4876911691580057
harvey_cartwright,1,0,GK,Hull City,16,1,0,0,2,0,0,4,0.0,0.0,0.0,0.0,0.0,0.0,0.0,0.0,0.0,0.0,0.0,0.0,0.0,0.0,0.0,0.0,0.0,0.0,0.0,0.0,0.0,0.0,0.0,0.0,0.0,0.0,40.0,0.0,Man Utd,2.0,3.0,Newcastle,Newcastle,2.0,1.0,0.3565592453586164,,2.0,0.7131184907172328
harvey_davies,1,0,GK,Liverpool,17,0,0,0,4,0,0,2,1.0,0.0,0.0,0.0,0.0,0.0,0.0,0.0,0.0,0.0,0.0,0.0,0.0,0.0,0.0,0.0,0.0,0.0,0.0,0.0,0.0,0.0,0.0,0.0,0.0,0.0,40.0,0.0,Newcastle,2.0,1.0,Bournemouth,Bournemouth,1.0,0.0,-0.11836872744272164,,1.5,-0.17755309116408247
harvey_elliott,1,0,MID,Liverpool,17,0,0,0,4,0,0,2,2.0,0.0,0.0,0.0,0.0,0.0,0.0,0.0,0.0,0.0,0.0,0.0,0.0,0.0,0.0,0.0,0.0,0.0,0.0,0.0,0.0,0.0,0.0,0.0,0.0,0.0,55.0,0.0,Newcastle,2.0,1.0,Bournemouth,Bournemouth,1.0,0.0,0.5205361340838937,,1.37537988837858,0.7159349299933232
hayden_hackney,1,3,MID,Everton,8,1,0,0,3,0,0,3,2.0,0.0,0.0,16.0,1.0,12.2,0.01,0.02,0.01,1.62,0.0,0.0,2.6,8.6,78.0,0.0,0.0,0.0,0.0,0.0,1.0,5.0,3.0,0.0,0.0,0.0,55.0,0.0,Crystal Palace,2.0,3.0,Ipswich Town,Ipswich Town,2.0,3.0,2.6386018951525925,,1.4629706298381981,3.8601970764436513
hidemasa_morita,1,0,MID,Hull City,16,1,0,0,2,0,0,4,0.8,0.0,0.0,0.0,0.0,0.0,0.0,0.0,0.0,0.0,0.0,0.0,0.0,0.0,0.0,0.0,0.0,0.0,0.0,0.0,0.0,0.0,0.0,0.0,0.0,0.0,50.0,0.0,Man Utd,2.0,3.0,Newcastle,Newcastle,2.0,1.0,0.323394982753469,,1.0548410285986136,0.34113029625130015
hugo_ekitike,1,0,FWD,Liverpool,17,0,0,0,4,0,0,2,0.0,0.0,0.0,0.0,0.0,0.0,0.0,0.0,0.0,0.0,0.0,0.0,0.0,0.0,0.0,0.0,0.0,0.0,0.0,0.0,0.0,0.0,0.0,0.0,0.0,0.0,75.0,0.0,Newcastle,2.0,1.0,Bournemouth,Bournemouth,1.0,0.0,0.5693440506859666,,0.5,0.2846720253429833
ian_maatsen,1,0,DEF,Aston Villa,5,0,0,0,4,0,0,2,1.7,0.0,0.0,-9.0,0.0,0.8,0.0,0.03,0.03,3.62,4.0,0.0,1.3,9.2,81.0,0.0,0.0,0.0,0.0,0.0,1.0,3.0,0.0,0.0,0.0,0.0,45.0,0.0,Brighton,0.0,0.0,Spurs,Spurs,0.0,0.0,1.2162752848861327,,0.5,0.6081376424430663
ibrahim_osman,1,1,MID,Brighton,2,1,0,0,2,0,0,4,1.5,0.0,0.0,7.0,0.0,15.4,0.05,0.05,0.0,0.0,0.0,0.0,2.4,4.2,12.0,0.0,0.0,0.0,0.0,0.0,0.0,4.0,1.0,0.0,0.0,0.0,50.0,0.0,Aston Villa,4.0,3.0,Arsenal,Arsenal,3.0,3.0,1.4907168303283285,,0.805569853362067,1.2008765384119569
ibrahim_sangare,1,2,MID,Nott'm Forest,13,1,0,0,3,0,0,3,1.5,0.0,0.0,10.0,0.0,13.0,0.01,0.04,0.03,0.47,1.0,0.0,3.4,17.8,90.0,0.0,0.0,0.0,0.0,0.0,1.0,3.0,2.0,0.0,0.0,0.0,50.0,0.0,Leeds,0.0,0.0,Coventry City,Coventry City,0.0,0.0,2.6835227030534723,,0.9294783804281432,2.4942763358762945
igor_jesus_maciel_da_cruz,1,2,FWD,Nott'm Forest,13,1,0,0,3,0,0,3,2.0,0.0,0.0,8.0,0.0,6.8,0.02,0.24,0.22,0.47,1.0,0.0,4.3,5.2,90.0,0.0,0.0,0.0,0.0,0.0,1.0,31.0,2.0,0.0,0.0,0.0,60.0,0.0,Leeds,0.0,0.0,Coventry City,Coventry City,0.0,0.0,3.608381719075598,15210.0,1.1854341736694676,4.277499001436394
igor_julio_dos_santos_de_paulo,1,0,DEF,Brighton,2,1,0,0,2,0,0,4,1.7,0.0,0.0,0.0,0.0,0.0,0.0,0.0,0.0,0.0,0.0,0.0,0.0,0.0,0.0,0.0,0.0,0.0,0.0,0.0,0.0,0.0,0.0,0.0,0.0,0.0,45.0,0.0,Aston Villa,4.0,3.0,Arsenal,Arsenal,3.0,3.0,0.7390953645407407,,1.7921141721199267,1.3245432773416048
igor_thiago_nascimento_rodrigues,1,0,FWD,Brentford,19,1,0,0,3,0,0,3,2.5,0.0,0.0,-3.0,1.0,4.0,0.08,1.08,1.0,0.5,0.0,0.0,1.4,2.2,82.0,0.0,1.0,0.0,0.0,0.0,1.0,8.0,0.0,0.0,0.0,0.0,80.0,0.0,Spurs,3.0,3.0,Chelsea,Chelsea,3.0,3.0,4.141380344029012,79641.0,0.5,2.070690172014506
ilia_gruev,1,0,MID,Leeds,18,0,0,0,3,0,0,3,0.0,0.0,0.0,0.0,0.0,0.0,0.0,0.0,0.0,0.0,0.0,0.0,0.0,0.0,0.0,0.0,0.0,0.0,0.0,0.0,0.0,0.0,0.0,0.0,0.0,0.0,50.0,0.0,Nott'm Forest,1.0,3.0,Crystal Palace,Crystal Palace,0.0,0.0,0.20280655554088733,,1.8618918577137376,0.377603874452547
iliman_ndiaye,1,9,MID,Everton,8,1,0,0,3,0,0,3,2.2,1.0,1.0,36.0,1.0,39.8,0.32,0.56,0.24,1.96,0.0,0.0,12.9,40.8,90.0,0.0,0.0,0.0,0.0,0.0,1.0,48.0,9.0,0.0,0.0,0.0,60.0,0.0,Crystal Palace,2.0,3.0,Ipswich Town,Ipswich Town,2.0,3.0,5.31873326736359,14969.0,1.4629706298381981,7.7811505580962885
illan_meslier,1,0,GK,Arsenal,7,1,0,0,4,0,0,2,2.6,0.0,0.0,0.0,0.0,0.0,0.0,0.0,0.0,0.0,0.0,0.0,0.0,0.0,0.0,0.0,0.0,0.0,0.0,0.0,0.0,0.0,0.0,0.0,0.0,0.0,50.0,0.0,Coventry City,3.0,3.0,Brighton,Brighton,4.0,3.0,1.1700078562329037,,1.5,1.7550117843493556
ismaila_sarr,1,0,MID,Crystal Palace,9,0,0,0,3,0,0,3,2.3,0.0,0.0,0.0,0.0,0.0,0.0,0.0,0.0,0.0,0.0,0.0,0.0,0.0,0.0,0.0,0.0,0.0,0.0,0.0,0.0,0.0,0.0,0.0,0.0,0.0,65.0,0.0,Everton,0.0,0.0,Leeds,Leeds,1.0,3.0,0.8375405050147928,14971.0,0.5,0.4187702525073964
issa_diop,1,2,DEF,Ipswich Town,20,1,0,0,2,0,0,3,1.0,0.0,0.0,7.0,0.0,0.8,0.01,0.01,0.0,0.66,1.0,0.0,1.0,7.2,90.0,0.0,0.0,0.0,0.0,0.0,1.0,2.0,2.0,0.0,0.0,0.0,40.0,0.0,Sunderland,2.0,3.0,Everton,Everton,2.0,3.0,2.796915364050211,,0.5960677016677814,1.6671509128087156
jack_butland,1,0,GK,Hull City,16,1,0,0,2,0,0,4,0.0,0.0,0.0,0.0,0.0,0.0,0.0,0.0,0.0,0.0,0.0,0.0,0.0,0.0,0.0,0.0,0.0,0.0,0.0,0.0,0.0,0.0,0.0,0.0,0.0,0.0,45.0,0.0,Man Utd,2.0,3.0,Newcastle,Newcastle,2.0,1.0,0.49888544923261,,2.0,0.99777089846522
jack_clarke,1,7,MID,Ipswich Town,20,1,0,0,2,0,0,3,2.0,0.0,1.0,27.0,0.0,0.6,0.0,0.1,0.1,0.03,0.0,1.0,5.2,33.6,19.0,0.0,0.0,0.0,0.0,0.0,0.0,18.0,7.0,0.0,0.0,0.0,55.0,0.0,Sunderland,2.0,3.0,Everton,Everton,2.0,3.0,2.093592382552144,,0.7629143005485817,1.5972315681686073
jack_fletcher,1,0,MID,Man Utd,11,0,0,0,4,0,0,2,1.5,0.0,0.0,0.0,0.0,0.0,0.0,0.0,0.0,0.0,0.0,0.0,0.0,0.0,0.0,0.0,0.0,0.0,0.0,0.0,0.0,0.0,0.0,0.0,0.0,0.0,50.0,0.0,Hull City,0.0,0.0,Fulham,Fulham,2.0,0.0,0.4233481161869379,,0.808425802862563,0.3422455407187789
jack_grealish,1,1,MID,Man City,3,1,0,0,4,0,0,3,2.3,0.0,0.0,2.0,0.0,0.6,0.0,0.0,0.0,0.0,0.0,0.0,0.2,1.0,8.0,0.0,0.0,0.0,0.0,0.0,0.0,0.0,1.0,0.0,0.0,0.0,65.0,0.0,Bournemouth,2.0,3.0,Sunderland,Sunderland,1.0,0.0,1.6095254611128587,,1.072076798305557,1.7255349031411489
jack_harrison,1,0,MID,Leeds,18,0,0,0,3,0,0,3,0.0,0.0,0.0,0.0,0.0,0.0,0.0,0.0,0.0,0.0,0.0,0.0,0.0,0.0,0.0,0.0,0.0,0.0,0.0,0.0,0.0,0.0,0.0,0.0,0.0,0.0,50.0,0.0,Nott'm Forest,1.0,3.0,Crystal Palace,Crystal Palace,0.0,0.0,0.20280655554088733,,1.8618918577137376,0.377603874452547
jack_hinshelwood,1,16,MID,Brighton,2,1,0,0,2,0,0,4,2.2,0.0,3.0,54.0,1.0,13.4,0.02,1.43,1.41,0.19,0.0,2.0,14.5,72.8,63.0,0.0,0.0,0.0,0.0,0.0,1.0,59.0,16.0,0.0,0.0,0.0,60.0,0.0,Aston Villa,4.0,3.0,Arsenal,Arsenal,3.0,3.0,3.6688861019966437,,0.805569853362067,2.955544039187562
jack_rudoni,1,1,MID,Coventry City,1,0,0,0,2,0,0,4,1.5,0.0,0.0,3.0,0.0,3.8,0.0,0.15,0.15,0.29,0.0,0.0,2.6,5.6,20.0,0.0,0.0,0.0,0.0,0.0,0.0,17.0,1.0,0.0,0.0,0.0,50.0,0.0,Arsenal,0.0,0.0,Nott'm Forest,Nott'm Forest,0.0,0.0,1.8947740565274998,,0.6637299677961009,1.257618323519885
jack_taylor,1,0,MID,Ipswich Town,20,1,0,0,2,0,0,3,0.0,0.0,0.0,0.0,0.0,0.0,0.0,0.0,0.0,0.0,0.0,0.0,0.0,0.0,0.0,0.0,0.0,0.0,0.0,0.0,0.0,0.0,0.0,0.0,0.0,0.0,45.0,0.0,Sunderland,2.0,3.0,Everton,Everton,2.0,3.0,0.13354667516513108,,0.7629143005485817,0.10188466827419462
jacob_greaves,1,2,DEF,Ipswich Town,20,1,0,0,2,0,0,3,1.0,0.0,0.0,12.0,0.0,1.3,0.0,0.0,0.0,0.66,1.0,0.0,1.8,16.4,90.0,0.0,0.0,0.0,0.0,0.0,1.0,0.0,2.0,0.0,0.0,0.0,40.0,0.0,Sunderland,2.0,3.0,Everton,Everton,2.0,3.0,2.6121900783159666,,0.5960677016677814,1.5570421363011802
jacob_murphy,1,0,MID,Newcastle,14,1,0,0,2,0,0,4,2.2,0.0,0.0,-1.0,0.0,0.1,0.0,0.0,0.0,1.04,1.0,0.0,0.1,0.0,14.0,0.0,0.0,0.0,0.0,0.0,0.0,2.0,0.0,0.0,0.0,0.0,60.0,1.0,Liverpool,2.0,1.0,Hull City,Hull City,2.0,3.0,1.471619593868412,,0.5,0.735809796934206
jacob_ramsey,1,0,MID,Newcastle,14,1,0,0,2,0,0,4,1.5,0.0,0.0,1.0,0.0,1.3,0.01,0.07,0.06,1.5,1.0,0.0,1.3,7.8,34.0,0.0,0.0,0.0,0.0,0.0,0.0,4.0,0.0,0.0,0.0,0.0,50.0,1.0,Liverpool,2.0,1.0,Hull City,Hull City,2.0,3.0,1.845011291067888,,0.5,0.922505645533944
jaden_philogene,1,0,MID,Ipswich Town,20,1,0,0,2,0,0,3,2.0,0.0,0.0,0.0,0.0,0.0,0.0,0.0,0.0,0.0,0.0,0.0,0.0,0.0,0.0,0.0,0.0,0.0,0.0,0.0,0.0,0.0,0.0,0.0,0.0,0.0,55.0,0.0,Sunderland,2.0,3.0,Everton,Everton,2.0,3.0,0.5629706081602601,,0.7629143005485817,0.4294983277539945
jahnoah_markelo,1,0,FWD,Coventry City,1,0,0,0,2,0,0,4,0.0,0.0,0.0,0.0,0.0,0.0,0.0,0.0,0.0,0.0,0.0,0.0,0.0,0.0,0.0,0.0,0.0,0.0,0.0,0.0,0.0,0.0,0.0,0.0,0.0,0.0,50.0,0.0,Arsenal,0.0,0.0,Nott'm Forest,Nott'm Forest,0.0,0.0,0.10802546489424003,,0.5,0.054012732447120015
jaidon_anthony,1,1,MID,Brentford,19,1,0,0,3,0,0,3,2.2,0.0,0.0,9.0,0.0,34.9,0.35,0.38,0.03,0.1,0.0,0.0,4.7,10.6,23.0,0.0,0.0,0.0,0.0,0.0,0.0,1.0,1.0,0.0,0.0,0.0,60.0,0.0,Spurs,3.0,3.0,Chelsea,Chelsea,3.0,3.0,2.5912887677459753,,1.220788199801859,3.163414749943387
jair_paula_da_cunha_filho,1,1,DEF,Nott'm Forest,13,1,0,0,3,0,0,3,1.7,0.0,0.0,5.0,0.0,1.3,0.0,0.0,0.0,0.47,1.0,0.0,2.2,20.8,90.0,0.0,0.0,0.0,0.0,0.0,1.0,0.0,1.0,0.0,0.0,0.0,45.0,1.0,Leeds,0.0,0.0,Coventry City,Coventry City,0.0,0.0,2.8239466023359814,,2.0,5.647893204671963
jaka_bijol,1,10,DEF,Leeds,18,0,0,0,3,0,0,3,2.2,0.0,2.0,28.0,1.0,0.4,0.0,0.11,0.11,0.66,0.0,0.0,3.9,23.6,90.0,0.0,0.0,0.0,0.0,0.0,1.0,15.0,10.0,0.0,0.0,0.0,50.0,0.0,Nott'm Forest,1.0,3.0,Crystal Palace,Crystal Palace,0.0,0.0,3.7801050251617903,,2.0,7.5602100503235805
jake_bidwell,1,0,DEF,Coventry City,1,0,0,0,2,0,0,4,1.0,0.0,0.0,0.0,0.0,0.0,0.0,0.0,0.0,0.0,0.0,0.0,0.0,0.0,0.0,0.0,0.0,0.0,0.0,0.0,0.0,0.0,0.0,0.0,0.0,0.0,40.0,0.0,Arsenal,0.0,0.0,Nott'm Forest,Nott'm Forest,0.0,0.0,0.08715912985043506,,1.5837288032687726,0.13803642441197708
jake_o'brien,1,0,DEF,Everton,8,1,0,0,3,0,0,3,2.2,0.0,0.0,0.0,0.0,0.0,0.0,0.0,0.0,0.0,0.0,0.0,0.0,0.0,0.0,0.0,0.0,0.0,0.0,0.0,0.0,0.0,0.0,0.0,0.0,0.0,50.0,0.0,Crystal Palace,2.0,3.0,Ipswich Town,Ipswich Town,2.0,3.0,0.8695729030945473,,1.0276538737865144,0.8936199624048968
james_garner,1,1,MID,Everton,8,1,0,0,3,0,0,3,0.5,0.0,0.0,6.0,0.0,11.8,0.03,0.03,0.0,0.34,0.0,0.0,1.9,4.8,11.0,0.0,0.0,0.0,0.0,0.0,0.0,2.0,1.0,0.0,0.0,0.0,60.0,0.0,Crystal Palace,2.0,3.0,Ipswich Town,Ipswich Town,2.0,3.0,1.5033748635200936,,1.4629706298381981,2.1993932709669064
james_hill,1,1,DEF,Bournemouth,15,0,0,0,3,0,0,4,2.5,0.0,0.0,0.0,0.0,0.3,0.0,0.0,0.0,2.25,2.0,0.0,1.2,11.6,90.0,0.0,0.0,0.0,0.0,0.0,1.0,0.0,1.0,0.0,0.0,0.0,55.0,0.0,Man City,1.0,0.0,Liverpool,Liverpool,2.0,1.0,2.532635628383776,14969.0,0.5,1.266317814191888
james_justin,1,10,DEF,Leeds,18,0,0,0,3,0,0,3,1.7,0.0,2.0,28.0,1.0,2.3,0.01,0.01,0.0,0.66,0.0,0.0,2.9,24.6,90.0,0.0,0.0,0.0,0.0,0.0,1.0,2.0,10.0,0.0,0.0,0.0,45.0,0.0,Nott'm Forest,1.0,3.0,Crystal Palace,Crystal Palace,0.0,0.0,3.3203756551248143,,2.0,6.6407513102496285
james_maddison,1,1,MID,Spurs,4,0,0,0,3,0,0,3,2.3,0.0,0.0,6.0,0.0,8.3,0.01,0.01,0.0,0.85,0.0,0.0,2.1,4.4,22.0,0.0,0.0,0.0,0.0,0.0,0.0,8.0,1.0,0.0,0.0,0.0,65.0,0.0,Brentford,0.0,0.0,Aston Villa,Aston Villa,0.0,0.0,2.178741075791921,14972.0,0.6842818080244075,1.4908728825599382
james_mcatee,1,3,MID,Nott'm Forest,13,1,0,0,3,0,0,3,2.0,0.0,0.0,18.0,1.0,42.5,0.16,0.16,0.0,0.34,0.0,0.0,5.4,11.6,73.0,0.0,0.0,0.0,0.0,0.0,1.0,0.0,3.0,0.0,0.0,0.0,55.0,0.0,Leeds,0.0,0.0,Coventry City,Coventry City,0.0,0.0,2.771223959229912,,0.9294783804281432,2.5757927574286854
james_mcconnell,1,0,MID,Liverpool,17,0,0,0,4,0,0,2,1.0,0.0,0.0,0.0,0.0,0.0,0.0,0.0,0.0,0.0,0.0,0.0,0.0,0.0,0.0,0.0,0.0,0.0,0.0,0.0,0.0,0.0,0.0,0.0,0.0,0.0,45.0,0.0,Newcastle,2.0,1.0,Bournemouth,Bournemouth,1.0,0.0,0.1855628558958411,,1.37537988837858,0.2552194200292324
james_rowswell,1,0,DEF,Spurs,4,0,0,0,3,0,0,3,1.0,0.0,0.0,0.0,0.0,0.0,0.0,0.0,0.0,0.0,0.0,0.0,0.0,0.0,0.0,0.0,0.0,0.0,0.0,0.0,0.0,0.0,0.0,0.0,0.0,0.0,40.0,0.0,Brentford,0.0,0.0,Aston Villa,Aston Villa,0.0,0.0,0.08715912985043506,,2.0,0.17431825970087012
james_tarkowski,1,6,DEF,Everton,8,1,0,0,3,0,0,3,2.8,0.0,0.0,25.0,1.0,0.8,0.0,0.05,0.05,1.96,0.0,0.0,2.0,15.2,90.0,0.0,0.0,0.0,0.0,0.0,1.0,4.0,6.0,0.0,0.0,0.0,60.0,0.0,Crystal Palace,2.0,3.0,Ipswich Town,Ipswich Town,2.0,3.0,2.737733634993927,14973.0,1.0276538737865144,2.8134425753971444
james_trafford,1,9,GK,Leeds,18,0,0,0,3,0,0,3,2.6,0.0,2.0,28.0,1.0,0.0,0.0,0.0,0.0,0.66,0.0,0.0,1.9,19.4,90.0,0.0,0.0,0.0,0.0,3.0,1.0,0.0,9.0,0.0,0.0,0.0,50.0,0.0,Nott'm Forest,1.0,3.0,Crystal Palace,Crystal Palace,0.0,0.0,3.667124209758043,50210.0,2.0,7.334248419516086
jamie_bynoe_gittens,1,0,MID,Chelsea,10,0,0,0,4,0,0,2,2.2,0.0,0.0,0.0,0.0,0.0,0.0,0.0,0.0,0.0,0.0,0.0,0.0,0.0,0.0,0.0,0.0,0.0,0.0,0.0,0.0,0.0,0.0,0.0,0.0,0.0,60.0,0.0,Fulham,3.0,3.0,Brentford,Brentford,3.0,3.0,0.713050828194192,,0.7182901688355359,0.5121773997719248
jan_paul_van_hecke,1,1,DEF,Spurs,4,0,0,0,3,0,0,3,2.2,0.0,0.0,3.0,0.0,2.8,0.03,0.03,0.0,3.87,3.0,0.0,3.3,28.2,90.0,0.0,0.0,0.0,0.0,0.0,1.0,2.0,1.0,0.0,0.0,0.0,50.0,0.0,Brentford,0.0,0.0,Aston Villa,Aston Villa,0.0,0.0,1.7691825783591635,14970.0,2.0,3.538365156718327
jannik_schuster,1,0,DEF,Brentford,19,1,0,0,3,0,0,3,1.7,0.0,0.0,0.0,0.0,0.0,0.0,0.0,0.0,0.0,0.0,0.0,0.0,0.0,0.0,0.0,0.0,0.0,0.0,0.0,0.0,0.0,0.0,0.0,0.0,0.0,45.0,0.0,Spurs,3.0,3.0,Chelsea,Chelsea,3.0,3.0,0.7183845717821455,,2.0,1.436769143564291
jarrad_branthwaite,1,6,DEF,Everton,8,1,0,0,3,0,0,3,2.5,0.0,0.0,27.0,1.0,0.8,0.01,0.01,0.0,1.96,0.0,0.0,2.5,18.6,90.0,0.0,0.0,0.0,0.0,0.0,1.0,6.0,6.0,0.0,0.0,0.0,55.0,0.0,Crystal Palace,2.0,3.0,Ipswich Town,Ipswich Town,2.0,3.0,2.6839611693345153,61014.0,1.0276538737865144,2.7581830927591975
jason_steele,1,0,GK,Brighton,2,1,0,0,2,0,0,4,1.0,0.0,0.0,0.0,0.0,0.0,0.0,0.0,0.0,0.0,0.0,0.0,0.0,0.0,0.0,0.0,0.0,0.0,0.0,0.0,0.0,0.0,0.0,0.0,0.0,0.0,40.0,0.0,Aston Villa,4.0,3.0,Arsenal,Arsenal,3.0,3.0,0.8303629074904703,,1.5,1.2455443612357053
jay_dasilva,1,1,DEF,Coventry City,1,0,0,0,2,0,0,4,1.0,0.0,0.0,-4.0,0.0,3.8,0.02,0.02,0.0,1.88,3.0,0.0,1.8,13.8,90.0,0.0,0.0,0.0,0.0,0.0,1.0,0.0,1.0,0.0,0.0,0.0,40.0,0.0,Arsenal,0.0,0.0,Nott'm Forest,Nott'm Forest,0.0,0.0,2.1052334150847316,,1.5837288032687726,3.334118797073573
jaydee_canvot,1,1,DEF,Crystal Palace,9,0,0,0,3,0,0,3,2.2,0.0,0.0,9.0,0.0,5.7,0.01,0.06,0.05,1.12,2.0,0.0,3.8,27.4,90.0,0.0,0.0,0.0,0.0,0.0,1.0,5.0,1.0,0.0,0.0,0.0,50.0,0.0,Everton,0.0,0.0,Leeds,Leeds,1.0,3.0,2.6931141444684368,,0.6698067917101006,1.803866144815496
jayden_bogle,1,6,DEF,Leeds,18,0,0,0,3,0,0,3,1.7,0.0,0.0,24.0,1.0,1.1,0.0,0.0,0.0,0.66,0.0,0.0,0.8,7.0,90.0,0.0,0.0,0.0,0.0,0.0,1.0,0.0,6.0,0.0,0.0,0.0,45.0,0.0,Nott'm Forest,1.0,3.0,Crystal Palace,Crystal Palace,0.0,0.0,2.407605256171383,,2.0,4.815210512342766
jayden_danns,1,0,FWD,Liverpool,17,0,0,0,4,0,0,2,0.0,0.0,0.0,0.0,0.0,0.0,0.0,0.0,0.0,0.0,0.0,0.0,0.0,0.0,0.0,0.0,0.0,0.0,0.0,0.0,0.0,0.0,0.0,0.0,0.0,0.0,45.0,0.0,Newcastle,2.0,1.0,Bournemouth,Bournemouth,1.0,0.0,0.03442621297620185,,0.5,0.017213106488100927
jayden_lienou,1,0,DEF,Leeds,18,0,0,0,3,0,0,3,1.0,0.0,0.0,0.0,0.0,0.0,0.0,0.0,0.0,0.0,0.0,0.0,0.0,0.0,0.0,0.0,0.0,0.0,0.0,0.0,0.0,0.0,0.0,0.0,0.0,0.0,40.0,0.0,Nott'm Forest,1.0,3.0,Crystal Palace,Crystal Palace,0.0,0.0,0.18442674093755307,,2.0,0.36885348187510614
jean_philippe_mateta,1,2,FWD,Crystal Palace,9,0,0,0,3,0,0,3,2.1,0.0,0.0,-3.0,0.0,12.3,0.02,0.72,0.7,0.98,2.0,0.0,2.5,1.4,62.0,0.0,0.0,0.0,0.0,0.0,1.0,11.0,2.0,0.0,0.0,0.0,65.0,0.0,Everton,0.0,0.0,Leeds,Leeds,1.0,3.0,2.844464671778116,79641.0,0.5,1.422232335889058
jefferson_lerma_solis,1,0,MID,Crystal Palace,9,0,0,0,3,0,0,3,1.5,0.0,0.0,0.0,0.0,0.0,0.0,0.0,0.0,0.0,0.0,0.0,0.0,0.0,0.0,0.0,0.0,0.0,0.0,0.0,0.0,0.0,0.0,0.0,0.0,0.0,50.0,0.0,Everton,0.0,0.0,Leeds,Leeds,1.0,3.0,0.4011960460976678,,0.5,0.2005980230488339
jens_hjerto_dahl,1,0,MID,Hull City,16,1,0,0,2,0,0,4,1.5,0.0,0.0,0.0,0.0,0.0,0.0,0.0,0.0,0.0,0.0,0.0,0.0,0.0,0.0,0.0,0.0,0.0,0.0,0.0,0.0,0.0,0.0,0.0,0.0,0.0,50.0,0.0,Man Utd,2.0,3.0,Newcastle,Newcastle,2.0,1.0,0.3895104411184227,,1.0548410285986136,0.41087159435925674
jenson_seelt,1,0,DEF,Sunderland,12,0,0,0,3,0,0,2,1.7,0.0,0.0,0.0,0.0,0.0,0.0,0.0,0.0,0.0,0.0,0.0,0.0,0.0,0.0,0.0,0.0,0.0,0.0,0.0,0.0,0.0,0.0,0.0,0.0,0.0,45.0,0.0,Ipswich Town,1.0,0.0,Man City,Man City,2.0,3.0,0.5366031836745199,,0.5,0.26830159183725993
jeremie_frimpong,1,0,DEF,Liverpool,17,0,0,0,4,0,0,2,2.5,0.0,0.0,3.0,0.0,37.8,0.09,0.1,0.01,1.58,2.0,0.0,6.1,13.6,90.0,0.0,0.0,0.0,0.0,0.0,1.0,10.0,0.0,0.0,0.0,0.0,55.0,1.0,Newcastle,2.0,1.0,Bournemouth,Bournemouth,1.0,0.0,3.099992697667836,14969.0,0.662474841040252,2.0536671696134414
jeremy_doku,1,0,MID,Man City,3,1,0,0,4,0,0,3,0.0,0.0,0.0,0.0,0.0,0.0,0.0,0.0,0.0,0.0,0.0,0.0,0.0,0.0,0.0,0.0,0.0,0.0,0.0,0.0,0.0,0.0,0.0,0.0,0.0,0.0,75.0,0.0,Bournemouth,2.0,3.0,Sunderland,Sunderland,1.0,0.0,0.8150418913753554,79641.0,1.072076798305557,0.8737875013905967
jeremy_jacquet,1,1,DEF,Liverpool,17,0,0,0,4,0,0,2,2.2,0.0,0.0,9.0,0.0,11.9,0.02,0.02,0.0,1.04,2.0,0.0,2.4,12.4,69.0,0.0,0.0,0.0,0.0,0.0,1.0,0.0,1.0,0.0,0.0,0.0,50.0,0.0,Newcastle,2.0,1.0,Bournemouth,Bournemouth,1.0,0.0,1.8916034519491634,14973.0,0.662474841040252,1.253139696141214
jeremy_monga,1,0,MID,Man City,3,1,0,0,4,0,0,3,1.5,0.0,0.0,0.0,0.0,0.0,0.0,0.0,0.0,0.0,0.0,0.0,0.0,0.0,0.0,0.0,0.0,0.0,0.0,0.0,0.0,0.0,0.0,0.0,0.0,0.0,50.0,0.0,Bournemouth,2.0,3.0,Sunderland,Sunderland,1.0,0.0,0.35541131513353075,,1.072076798305557,0.381028224809923
jesurun_rak_sakyi,1,0,MID,Crystal Palace,9,0,0,0,3,0,0,3,1.5,0.0,0.0,0.0,0.0,0.0,0.0,0.0,0.0,0.0,0.0,0.0,0.0,0.0,0.0,0.0,0.0,0.0,0.0,0.0,0.0,0.0,0.0,0.0,0.0,0.0,50.0,0.0,Everton,0.0,0.0,Leeds,Leeds,1.0,3.0,0.4011960460976678,,0.5,0.2005980230488339
joachim_andersen,1,0,DEF,Fulham,6,1,0,0,2,0,0,4,0.0,0.0,0.0,0.0,0.0,0.0,0.0,0.0,0.0,0.0,0.0,0.0,0.0,0.0,0.0,0.0,0.0,0.0,0.0,0.0,0.0,0.0,0.0,0.0,0.0,0.0,50.0,0.0,Chelsea,2.0,0.0,Man Utd,Man Utd,0.0,0.0,0.36340016454096546,,2.0,0.7268003290819309
joao_gomes,1,-2,MID,Aston Villa,5,0,0,0,4,0,0,2,0.0,0.0,0.0,-2.0,0.0,11.0,0.01,0.01,0.0,2.58,4.0,0.0,1.2,1.0,39.0,0.0,0.0,0.0,1.0,0.0,1.0,0.0,-2.0,0.0,0.0,0.0,55.0,0.0,Brighton,0.0,0.0,Spurs,Spurs,0.0,0.0,-2.104773813675653,,0.6353654392578061,-1.3373005386643588
joao_pedro_junqueira_de_jesus,1,11,FWD,Chelsea,10,0,0,0,4,0,0,2,2.4,1.0,2.0,45.0,0.0,23.0,0.06,0.69,0.63,1.33,2.0,1.0,11.1,51.2,90.0,0.0,0.0,0.0,0.0,0.0,1.0,37.0,11.0,0.0,0.0,0.0,75.0,0.0,Fulham,3.0,3.0,Brentford,Brentford,3.0,3.0,4.4571352448996215,61014.0,2.0,8.914270489799243
joao_pedro_loureiro_da_costa,1,1,DEF,Brighton,2,1,0,0,2,0,0,4,1.7,0.0,0.0,7.0,0.0,1.9,0.0,0.12,0.12,0.1,0.0,0.0,2.8,8.2,26.0,0.0,0.0,0.0,0.0,0.0,0.0,18.0,1.0,0.0,0.0,0.0,45.0,0.0,Aston Villa,4.0,3.0,Arsenal,Arsenal,3.0,3.0,2.3677959675419125,,1.7921141721199267,4.2433607101202755
joao_victor_de_souza_menezes,1,0,DEF,Spurs,4,0,0,0,3,0,0,3,1.0,0.0,0.0,0.0,0.0,0.0,0.0,0.0,0.0,0.0,0.0,0.0,0.0,0.0,0.0,0.0,0.0,0.0,0.0,0.0,0.0,0.0,0.0,0.0,0.0,0.0,40.0,0.0,Brentford,0.0,0.0,Aston Villa,Aston Villa,0.0,0.0,0.08715912985043506,,2.0,0.17431825970087012
joe_gelhardt,1,0,MID,Hull City,16,1,0,0,2,0,0,4,0.0,0.0,0.0,0.0,0.0,0.0,0.0,0.0,0.0,0.0,0.0,0.0,0.0,0.0,0.0,0.0,0.0,0.0,0.0,0.0,0.0,0.0,0.0,0.0,0.0,0.0,50.0,0.0,Man Utd,2.0,3.0,Newcastle,Newcastle,2.0,1.0,0.24783445890780786,,1.0548410285986136,0.2614259555564929
joe_gomez,1,0,DEF,Liverpool,17,0,0,0,4,0,0,2,0.0,0.0,0.0,0.0,0.0,0.0,0.0,0.0,0.0,0.0,0.0,0.0,0.0,0.0,0.0,0.0,0.0,0.0,0.0,0.0,0.0,0.0,0.0,0.0,0.0,0.0,50.0,0.0,Newcastle,2.0,1.0,Bournemouth,Bournemouth,1.0,0.0,0.452722088245719,,0.662474841040252,0.29991699344599365
joe_rodon,1,6,DEF,Leeds,18,0,0,0,3,0,0,3,1.7,0.0,0.0,21.0,1.0,14.4,0.06,0.09,0.03,0.66,0.0,0.0,3.4,14.4,90.0,0.0,0.0,0.0,0.0,0.0,1.0,5.0,6.0,0.0,0.0,0.0,45.0,0.0,Nott'm Forest,1.0,3.0,Crystal Palace,Crystal Palace,0.0,0.0,2.602754000023251,,2.0,5.205508000046502
joe_willock,1,6,MID,Newcastle,14,1,0,0,2,0,0,4,1.5,0.0,0.0,28.0,0.0,13.9,0.17,0.26,0.09,1.5,1.0,1.0,6.1,38.4,34.0,0.0,0.0,0.0,0.0,0.0,0.0,9.0,6.0,0.0,0.0,0.0,50.0,0.0,Liverpool,2.0,1.0,Hull City,Hull City,2.0,3.0,2.663782886150459,,0.5,1.3318914430752296
joel_drakes_thomas,1,0,MID,Crystal Palace,9,0,0,0,3,0,0,3,1.0,0.0,0.0,0.0,0.0,0.0,0.0,0.0,0.0,0.0,0.0,0.0,0.0,0.0,0.0,0.0,0.0,0.0,0.0,0.0,0.0,0.0,0.0,0.0,0.0,0.0,45.0,0.0,Everton,0.0,0.0,Leeds,Leeds,1.0,3.0,0.23370940700364162,,0.5,0.11685470350182081
joel_latibeaudiere,1,0,DEF,Coventry City,1,0,0,0,2,0,0,4,1.0,0.0,0.0,0.0,0.0,0.0,0.0,0.0,0.0,0.0,0.0,0.0,0.0,0.0,0.0,0.0,0.0,0.0,0.0,0.0,0.0,0.0,0.0,0.0,0.0,0.0,40.0,0.0,Arsenal,0.0,0.0,Nott'm Forest,Nott'm Forest,0.0,0.0,0.08715912985043506,,1.5837288032687726,0.13803642441197708
joel_piroe,1,0,FWD,Leeds,18,0,0,0,3,0,0,3,0.0,0.0,0.0,0.0,0.0,0.0,0.0,0.0,0.0,0.0,0.0,0.0,0.0,0.0,0.0,0.0,0.0,0.0,0.0,0.0,0.0,0.0,0.0,0.0,0.0,0.0,50.0,0.0,Nott'm Forest,1.0,3.0,Crystal Palace,Crystal Palace,0.0,0.0,0.09032732138044519,,0.59438202247191,0.053688935966579206
joelinton_cassio_apolinario_de_lira,1,0,MID,Newcastle,14,1,0,0,2,0,0,4,0.0,0.0,0.0,0.0,0.0,0.0,0.0,0.0,0.0,0.0,0.0,0.0,0.0,0.0,0.0,0.0,0.0,0.0,0.0,0.0,0.0,0.0,0.0,0.0,0.0,0.0,55.0,0.0,Liverpool,2.0,1.0,Hull City,Hull City,2.0,3.0,0.37170747840244345,,0.5,0.18585373920122172
johan_manzambi,1,0,MID,Aston Villa,5,0,0,0,4,0,0,2,0.0,0.0,0.0,0.0,0.0,0.0,0.0,0.0,0.0,0.0,0.0,0.0,0.0,0.0,0.0,0.0,0.0,0.0,0.0,0.0,0.0,0.0,0.0,0.0,0.0,0.0,60.0,0.0,Brighton,0.0,0.0,Spurs,Spurs,0.0,0.0,0.4599700333353258,,0.6353654392578061,0.292249062275527
john_egan,1,8,DEF,Hull City,16,1,0,0,2,0,0,4,1.0,0.0,0.0,27.0,1.0,0.1,0.0,0.0,0.0,1.83,0.0,0.0,4.6,43.4,90.0,0.0,0.0,0.0,0.0,0.0,1.0,2.0,8.0,0.0,0.0,0.0,40.0,0.0,Man Utd,2.0,3.0,Newcastle,Newcastle,2.0,1.0,2.7073466709080574,,1.4899357349188793,4.0337725517995775
john_mcginn,1,1,MID,Aston Villa,5,0,0,0,4,0,0,2,2.0,0.0,0.0,8.0,0.0,2.4,0.01,0.05,0.04,3.62,4.0,0.0,0.5,1.6,81.0,0.0,0.0,0.0,0.0,0.0,1.0,1.0,1.0,0.0,0.0,0.0,55.0,1.0,Brighton,0.0,0.0,Spurs,Spurs,0.0,0.0,2.0845034335228108,,0.6353654392578061,1.3244214396746257
john_victor_maciel_furtado,1,0,GK,Nott'm Forest,13,1,0,0,3,0,0,3,1.9,0.0,0.0,0.0,0.0,0.0,0.0,0.0,0.0,0.0,0.0,0.0,0.0,0.0,0.0,0.0,0.0,0.0,0.0,0.0,0.0,0.0,0.0,0.0,0.0,0.0,45.0,0.0,Leeds,0.0,0.0,Coventry City,Coventry City,0.0,0.0,-0.31803130307371386,,2.0,-0.6360626061474277
jonah_kusi_asare,1,0,FWD,Fulham,6,1,0,0,2,0,0,4,1.0,0.0,0.0,0.0,0.0,0.0,0.0,0.0,0.0,0.0,0.0,0.0,0.0,0.0,0.0,0.0,0.0,0.0,0.0,0.0,0.0,0.0,0.0,0.0,0.0,0.0,45.0,0.0,Chelsea,2.0,0.0,Man Utd,Man Utd,0.0,0.0,0.1688374656524969,,2.0,0.3376749313049938
jordan_henderson,1,0,MID,Chelsea,10,0,0,0,4,0,0,2,1.1,0.0,0.0,0.0,0.0,0.0,0.0,0.0,0.0,0.0,0.0,0.0,0.0,0.0,0.0,0.0,0.0,0.0,0.0,0.0,0.0,0.0,0.0,0.0,0.0,0.0,50.0,0.0,Fulham,3.0,3.0,Brentford,Brentford,3.0,3.0,0.36863248452543185,,0.7182901688355359,0.2647850895480355
jordan_pickford,1,7,GK,Everton,8,1,0,0,3,0,0,3,3.3,0.0,0.0,34.0,1.0,0.0,0.02,0.02,0.0,1.96,0.0,0.0,3.2,31.8,90.0,0.0,0.0,0.0,0.0,4.0,1.0,0.0,7.0,0.0,0.0,0.0,55.0,0.0,Crystal Palace,2.0,3.0,Ipswich Town,Ipswich Town,2.0,3.0,3.7860819470778804,14973.0,1.75,6.62564340738629
jorge_cuenca_barreno,1,3,DEF,Fulham,6,1,0,0,2,0,0,4,1.7,0.0,0.0,7.0,0.0,21.3,0.03,0.03,0.0,2.24,3.0,0.0,5.4,32.8,90.0,0.0,0.0,0.0,0.0,0.0,1.0,0.0,3.0,0.0,0.0,0.0,45.0,0.0,Chelsea,2.0,0.0,Man Utd,Man Utd,0.0,0.0,2.9994326096223576,,2.0,5.998865219244715
jorgen_strand_larsen,1,1,FWD,Crystal Palace,9,0,0,0,3,0,0,3,2.0,0.0,0.0,3.0,0.0,3.5,0.01,0.26,0.25,0.14,0.0,0.0,2.2,1.0,27.0,0.0,0.0,0.0,0.0,0.0,0.0,17.0,1.0,0.0,0.0,0.0,60.0,0.0,Everton,0.0,0.0,Leeds,Leeds,1.0,3.0,2.5573435667928726,,0.5,1.2786717833964363
jorrel_hato,1,1,DEF,Chelsea,10,0,0,0,4,0,0,2,1.7,0.0,0.0,5.0,0.0,12.3,0.03,0.04,0.01,1.05,2.0,0.0,3.2,8.4,64.0,0.0,0.0,0.0,0.0,0.0,1.0,11.0,1.0,0.0,0.0,0.0,45.0,0.0,Fulham,3.0,3.0,Brentford,Brentford,3.0,3.0,2.0438335013040767,,0.7524027359199198,1.5377859181459763
josh_acheampong,1,3,DEF,Chelsea,10,0,0,0,4,0,0,2,1.7,0.0,0.0,13.0,0.0,2.2,0.01,0.01,0.0,1.33,2.0,0.0,3.7,33.2,90.0,0.0,0.0,0.0,0.0,0.0,1.0,2.0,3.0,0.0,0.0,0.0,45.0,0.0,Fulham,3.0,3.0,Brentford,Brentford,3.0,3.0,3.4865937751319507,,0.7524027359199198,2.6233226954506415
josh_dasilva,1,0,MID,Brentford,19,1,0,0,3,0,0,3,1.5,0.0,0.0,0.0,0.0,0.0,0.0,0.0,0.0,0.0,0.0,0.0,0.0,0.0,0.0,0.0,0.0,0.0,0.0,0.0,0.0,0.0,0.0,0.0,0.0,0.0,50.0,0.0,Spurs,3.0,3.0,Chelsea,Chelsea,3.0,3.0,0.40641274644826253,,1.220788199801859,0.4961438851131038
josh_eccles,1,0,MID,Coventry City,1,0,0,0,2,0,0,4,1.5,0.0,0.0,0.0,0.0,0.0,0.0,0.0,0.0,0.0,0.0,0.0,0.0,0.0,0.0,0.0,0.0,0.0,0.0,0.0,0.0,0.0,0.0,0.0,0.0,0.0,50.0,0.0,Arsenal,0.0,0.0,Nott'm Forest,Nott'm Forest,0.0,0.0,0.3611233921649648,,0.6637299677961009,0.2396884174520708
josh_king,1,7,MID,Fulham,6,1,0,0,2,0,0,4,2.0,0.0,0.0,34.0,0.0,15.6,0.04,0.21,0.17,2.24,3.0,1.0,9.8,41.6,90.0,0.0,0.0,0.0,0.0,0.0,1.0,41.0,7.0,0.0,0.0,0.0,55.0,0.0,Chelsea,2.0,0.0,Man Utd,Man Utd,0.0,0.0,3.730450886662612,,0.532607108061187,1.9868646585096648
joshua_zirkzee,1,0,FWD,Man Utd,11,0,0,0,4,0,0,2,1.8,0.0,0.0,0.0,0.0,0.0,0.0,0.0,0.0,0.0,0.0,0.0,0.0,0.0,0.0,0.0,0.0,0.0,0.0,0.0,0.0,0.0,0.0,0.0,0.0,0.0,55.0,0.0,Hull City,0.0,0.0,Fulham,Fulham,2.0,0.0,0.25142776879784545,,2.0,0.5028555375956909
josko_gvardiol,1,9,DEF,Man City,3,1,0,0,4,0,0,3,2.5,0.0,1.0,28.0,0.0,13.3,0.05,0.24,0.19,0.65,1.0,1.0,7.8,47.6,90.0,0.0,0.0,0.0,0.0,0.0,1.0,17.0,9.0,0.0,0.0,0.0,55.0,0.0,Bournemouth,2.0,3.0,Sunderland,Sunderland,1.0,0.0,3.436484264783849,14971.0,1.767644018424294,6.074480855054379
juanlu_sanchez,1,0,DEF,Bournemouth,15,0,0,0,3,0,0,4,1.7,0.0,0.0,0.0,0.0,0.0,0.0,0.0,0.0,0.0,0.0,0.0,0.0,0.0,0.0,0.0,0.0,0.0,0.0,0.0,0.0,0.0,0.0,0.0,0.0,0.0,45.0,0.0,Man City,1.0,0.0,Liverpool,Liverpool,2.0,1.0,0.5087587120348479,,0.5,0.25437935601742395
julian_araujo_zuniga,1,0,DEF,Bournemouth,15,0,0,0,3,0,0,4,0.0,0.0,0.0,0.0,0.0,0.0,0.0,0.0,0.0,0.0,0.0,0.0,0.0,0.0,0.0,0.0,0.0,0.0,0.0,0.0,0.0,0.0,0.0,0.0,0.0,0.0,45.0,0.0,Man City,1.0,0.0,Liverpool,Liverpool,2.0,1.0,0.3076616596662418,,0.5,0.1538308298331209
julio_enciso,1,5,MID,Ipswich Town,20,1,0,0,2,0,0,3,2.0,1.0,0.0,24.0,0.0,14.0,0.31,0.54,0.23,0.63,1.0,0.0,5.4,21.6,70.0,0.0,0.0,0.0,0.0,0.0,1.0,18.0,5.0,0.0,0.0,0.0,55.0,0.0,Sunderland,2.0,3.0,Everton,Everton,2.0,3.0,3.096808338961682,,0.7629143005485817,2.3625993678519666
julio_soler_barreto,1,0,DEF,Bournemouth,15,0,0,0,3,0,0,4,0.8,0.0,0.0,0.0,0.0,0.0,0.0,0.0,0.0,0.0,0.0,0.0,0.0,0.0,0.0,0.0,0.0,0.0,0.0,0.0,0.0,0.0,0.0,0.0,0.0,0.0,40.0,0.0,Man City,1.0,0.0,Liverpool,Liverpool,2.0,1.0,0.22573965020344344,,0.5,0.11286982510172172
jun'ai_byfield,1,0,DEF,Spurs,4,0,0,0,3,0,0,3,1.0,0.0,0.0,0.0,0.0,0.0,0.0,0.0,0.0,0.0,0.0,0.0,0.0,0.0,0.0,0.0,0.0,0.0,0.0,0.0,0.0,0.0,0.0,0.0,0.0,0.0,40.0,0.0,Brentford,0.0,0.0,Aston Villa,Aston Villa,0.0,0.0,0.08715912985043506,,2.0,0.17431825970087012
junior_kroupi,1,0,MID,Bournemouth,15,0,0,0,3,0,0,4,0.0,0.0,0.0,0.0,0.0,0.0,0.0,0.0,0.0,0.0,0.0,0.0,0.0,0.0,0.0,0.0,0.0,0.0,0.0,0.0,0.0,0.0,0.0,0.0,0.0,0.0,75.0,0.0,Man City,1.0,0.0,Liverpool,Liverpool,2.0,1.0,0.8657818717737101,,0.9979037408920849,0.8639669686395367
jurrien_timber,1,0,DEF,Arsenal,7,1,0,0,4,0,0,2,0.0,0.0,0.0,0.0,0.0,0.0,0.0,0.0,0.0,0.0,0.0,0.0,0.0,0.0,0.0,0.0,0.0,0.0,0.0,0.0,0.0,0.0,0.0,0.0,0.0,0.0,65.0,0.0,Coventry City,3.0,3.0,Brighton,Brighton,4.0,3.0,1.2873141695146106,,0.5,0.6436570847573053
justin_devenny,1,0,MID,Crystal Palace,9,0,0,0,3,0,0,3,1.5,0.0,0.0,0.0,0.0,0.0,0.0,0.0,0.0,0.0,0.0,0.0,0.0,0.0,0.0,0.0,0.0,0.0,0.0,0.0,0.0,0.0,0.0,0.0,0.0,0.0,50.0,0.0,Everton,0.0,0.0,Leeds,Leeds,1.0,3.0,0.4011960460976678,,0.5,0.2005980230488339
justin_kluivert,1,3,MID,Bournemouth,15,0,0,0,3,0,0,4,2.2,0.0,0.0,15.0,1.0,14.3,0.0,0.11,0.11,1.94,0.0,0.0,4.2,11.0,74.0,0.0,0.0,0.0,0.0,0.0,1.0,17.0,3.0,0.0,0.0,0.0,60.0,0.0,Man City,1.0,0.0,Liverpool,Liverpool,2.0,1.0,2.847386779520488,14969.0,0.9979037408920849,2.841417919050161
kai_havertz,1,6,FWD,Arsenal,7,1,0,0,4,0,0,2,2.4,0.0,0.0,34.0,1.0,13.2,0.03,0.29,0.26,0.2,0.0,1.0,7.5,37.2,90.0,0.0,0.0,0.0,0.0,0.0,1.0,25.0,6.0,0.0,0.0,0.0,75.0,0.0,Coventry City,3.0,3.0,Brighton,Brighton,4.0,3.0,4.086536615511768,14972.0,,
kaine_andrews,1,0,MID,Coventry City,1,0,0,0,2,0,0,4,1.0,0.0,0.0,0.0,0.0,0.0,0.0,0.0,0.0,0.0,0.0,0.0,0.0,0.0,0.0,0.0,0.0,0.0,0.0,0.0,0.0,0.0,0.0,0.0,0.0,0.0,45.0,0.0,Arsenal,0.0,0.0,Nott'm Forest,Nott'm Forest,0.0,0.0,0.19363675307093864,,0.6637299677961009,0.12852251587991564
kaine_kesler_hayden,1,0,DEF,Coventry City,1,0,0,0,2,0,0,4,1.0,0.0,0.0,0.0,0.0,0.0,0.0,0.0,0.0,0.0,0.0,0.0,0.0,0.0,0.0,0.0,0.0,0.0,0.0,0.0,0.0,0.0,0.0,0.0,0.0,0.0,40.0,0.0,Arsenal,0.0,0.0,Nott'm Forest,Nott'm Forest,0.0,0.0,0.08715912985043506,,1.5837288032687726,0.13803642441197708
kalvin_phillips,1,0,MID,Man City,3,1,0,0,4,0,0,3,0.0,0.0,0.0,0.0,0.0,0.0,0.0,0.0,0.0,0.0,0.0,0.0,0.0,0.0,0.0,0.0,0.0,0.0,0.0,0.0,0.0,0.0,0.0,0.0,0.0,0.0,50.0,0.0,Bournemouth,2.0,3.0,Sunderland,Sunderland,1.0,0.0,0.2137353329229159,,1.072076798305557,0.229140691404772
karl_darlow,1,0,GK,Man Utd,11,0,0,0,4,0,0,2,1.4,0.0,0.0,0.0,0.0,0.0,0.0,0.0,0.0,0.0,0.0,0.0,0.0,0.0,0.0,0.0,0.0,0.0,0.0,0.0,0.0,0.0,0.0,0.0,0.0,0.0,45.0,0.0,Hull City,0.0,0.0,Fulham,Fulham,2.0,0.0,-0.07898202228581863,,0.5,-0.039491011142909316
kasey_mcateer,1,1,MID,Ipswich Town,20,1,0,0,2,0,0,3,1.0,0.0,0.0,4.0,0.0,1.3,0.0,0.0,0.0,0.03,0.0,0.0,0.3,1.2,24.0,0.0,0.0,0.0,0.0,0.0,0.0,0.0,1.0,0.0,0.0,0.0,45.0,0.0,Sunderland,2.0,3.0,Everton,Everton,2.0,3.0,1.6048573797058086,,0.7629143005485817,1.2243686453184865
kaye_furo,1,0,FWD,Brentford,19,1,0,0,3,0,0,3,1.0,0.0,0.0,0.0,0.0,0.0,0.0,0.0,0.0,0.0,0.0,0.0,0.0,0.0,0.0,0.0,0.0,0.0,0.0,0.0,0.0,0.0,0.0,0.0,0.0,0.0,45.0,0.0,Spurs,3.0,3.0,Chelsea,Chelsea,3.0,3.0,0.16713913745464537,,0.5,0.08356956872732269
kayne_van_oevelen,1,0,GK,Ipswich Town,20,1,0,0,2,0,0,3,1.9,0.0,0.0,0.0,0.0,0.0,0.0,0.0,0.0,0.0,0.0,0.0,0.0,0.0,0.0,0.0,0.0,0.0,0.0,0.0,0.0,0.0,0.0,0.0,0.0,0.0,45.0,0.0,Sunderland,2.0,3.0,Everton,Everton,2.0,3.0,0.7424153309336904,,1.0,0.7424153309336904
keane_lewis_potter,1,10,MID,Brentford,19,1,0,0,3,0,0,3,2.0,0.0,2.0,37.0,1.0,15.9,0.12,0.89,0.77,0.57,0.0,1.0,8.2,47.2,90.0,0.0,0.0,0.0,0.0,0.0,1.0,19.0,10.0,0.0,0.0,0.0,55.0,0.0,Spurs,3.0,3.0,Chelsea,Chelsea,3.0,3.0,3.5572442028824662,,1.220788199801859,4.342641746692485
kenny_tete,1,0,DEF,Fulham,6,1,0,0,2,0,0,4,1.7,0.0,0.0,0.0,0.0,0.0,0.0,0.0,0.0,0.0,0.0,0.0,0.0,0.0,0.0,0.0,0.0,0.0,0.0,0.0,0.0,0.0,0.0,0.0,0.0,0.0,45.0,0.0,Chelsea,2.0,0.0,Man Utd,Man Utd,0.0,0.0,0.38794130044978203,,2.0,0.7758826008995641
kepa_arrizabalaga_revuelta,1,0,GK,Arsenal,7,1,0,0,4,0,0,2,2.6,0.0,0.0,0.0,0.0,0.0,0.0,0.0,0.0,0.0,0.0,0.0,0.0,0.0,0.0,0.0,0.0,0.0,0.0,0.0,0.0,0.0,0.0,0.0,0.0,0.0,50.0,0.0,Coventry City,3.0,3.0,Brighton,Brighton,4.0,3.0,1.1700078562329037,,1.5,1.7550117843493556
kevin_danso,1,0,DEF,Spurs,4,0,0,0,3,0,0,3,2.2,0.0,0.0,0.0,0.0,0.0,0.0,0.0,0.0,0.0,0.0,0.0,0.0,0.0,0.0,0.0,0.0,0.0,0.0,0.0,0.0,0.0,0.0,0.0,0.0,0.0,50.0,0.0,Brentford,0.0,0.0,Aston Villa,Aston Villa,0.0,0.0,0.5822218232655011,,2.0,1.1644436465310022
kevin_santos_lopes_de_macedo,1,1,MID,Fulham,6,1,0,0,2,0,0,4,2.0,0.0,0.0,2.0,0.0,1.9,0.01,0.01,0.0,0.03,0.0,0.0,0.7,5.2,17.0,0.0,0.0,0.0,0.0,0.0,0.0,0.0,1.0,0.0,0.0,0.0,55.0,0.0,Chelsea,2.0,0.0,Man Utd,Man Utd,0.0,0.0,1.5985785830094006,,0.532607108061187,0.8514143161051871
kevin_schade,1,3,MID,Brentford,19,1,0,0,3,0,0,3,2.2,0.0,0.0,17.0,1.0,11.8,0.01,0.53,0.52,0.57,0.0,0.0,8.5,14.4,90.0,0.0,0.0,0.0,0.0,0.0,1.0,59.0,3.0,0.0,0.0,0.0,60.0,0.0,Spurs,3.0,3.0,Chelsea,Chelsea,3.0,3.0,4.363856081341809,14973.0,1.220788199801859,5.327344009735662
kieran_dowell,1,0,MID,Hull City,16,1,0,0,2,0,0,4,1.0,0.0,0.0,0.0,0.0,0.0,0.0,0.0,0.0,0.0,0.0,0.0,0.0,0.0,0.0,0.0,0.0,0.0,0.0,0.0,0.0,0.0,0.0,0.0,0.0,0.0,45.0,0.0,Man Utd,2.0,3.0,Newcastle,Newcastle,2.0,1.0,0.22202380202439653,,1.0548410285986136,0.2341998157007894
kiernan_dewsbury_hall,1,11,MID,Everton,8,1,0,0,3,0,0,3,2.3,0.0,3.0,40.0,1.0,28.3,0.17,0.29,0.12,1.92,0.0,1.0,9.8,42.8,90.0,0.0,0.0,0.0,0.0,0.0,1.0,27.0,11.0,0.0,0.0,0.0,65.0,0.0,Crystal Palace,2.0,3.0,Ipswich Town,Ipswich Town,2.0,3.0,3.5239972103283272,15210.0,1.4629706298381981,5.155504418342086
kim_ji_soo,1,0,DEF,Brentford,19,1,0,0,3,0,0,3,1.7,0.0,0.0,0.0,0.0,0.0,0.0,0.0,0.0,0.0,0.0,0.0,0.0,0.0,0.0,0.0,0.0,0.0,0.0,0.0,0.0,0.0,0.0,0.0,0.0,0.0,45.0,0.0,Spurs,3.0,3.0,Chelsea,Chelsea,3.0,3.0,0.7183845717821455,,2.0,1.436769143564291
kjell_scherpen,1,2,GK,Ipswich Town,20,1,0,0,2,0,0,3,1.9,0.0,0.0,12.0,0.0,0.0,0.0,0.0,0.0,0.66,1.0,0.0,1.4,14.4,90.0,0.0,0.0,0.0,0.0,2.0,1.0,0.0,2.0,0.0,0.0,0.0,45.0,0.0,Sunderland,2.0,3.0,Everton,Everton,2.0,3.0,3.9610856385447315,,1.0,3.9610856385447315
kobbie_mainoo,1,1,MID,Man Utd,11,0,0,0,4,0,0,2,2.0,0.0,0.0,7.0,0.0,2.5,0.01,0.08,0.07,0.07,0.0,0.0,0.7,2.8,23.0,0.0,0.0,0.0,0.0,0.0,0.0,2.0,1.0,0.0,0.0,0.0,55.0,0.0,Hull City,0.0,0.0,Fulham,Fulham,2.0,0.0,1.939377250412076,,0.808425802862563,1.5678426107177725
konstantinos_tzolakis,1,10,GK,Hull City,16,1,0,0,2,0,0,4,1.9,0.0,3.0,41.0,1.0,0.0,0.0,0.0,0.0,1.83,0.0,0.0,3.5,34.6,90.0,0.0,0.0,0.0,0.0,5.0,1.0,0.0,10.0,0.0,0.0,0.0,45.0,0.0,Man Utd,2.0,3.0,Newcastle,Newcastle,2.0,1.0,3.7440312447969974,,2.0,7.488062489593995
kosta_nedeljkovic,1,0,DEF,Aston Villa,5,0,0,0,4,0,0,2,0.0,0.0,0.0,0.0,0.0,0.0,0.0,0.0,0.0,0.0,0.0,0.0,0.0,0.0,0.0,0.0,0.0,0.0,0.0,0.0,0.0,0.0,0.0,0.0,0.0,0.0,40.0,0.0,Brighton,0.0,0.0,Spurs,Spurs,0.0,0.0,-0.031133253895804014,,0.5,-0.015566626947902007
kostas_tsimikas,1,0,DEF,Liverpool,17,0,0,0,4,0,0,2,2.2,0.0,0.0,0.0,0.0,0.0,0.0,0.0,0.0,0.0,0.0,0.0,0.0,0.0,0.0,0.0,0.0,0.0,0.0,0.0,0.0,0.0,0.0,0.0,0.0,0.0,50.0,0.0,Newcastle,2.0,1.0,Bournemouth,Bournemouth,1.0,0.0,0.7129653324874448,,0.662474841040252,0.4723215953068304
kristoffer_ajer,1,8,DEF,Brentford,19,1,0,0,3,0,0,3,1.7,0.0,0.0,29.0,1.0,0.9,0.02,0.13,0.11,0.57,0.0,0.0,5.6,20.0,90.0,0.0,0.0,0.0,0.0,0.0,1.0,35.0,8.0,0.0,0.0,0.0,45.0,0.0,Spurs,3.0,3.0,Chelsea,Chelsea,3.0,3.0,4.438019831216021,,2.0,8.876039662432042
lamare_bogarde,1,1,MID,Aston Villa,5,0,0,0,4,0,0,2,1.5,0.0,0.0,3.0,0.0,0.5,0.0,0.0,0.0,0.22,0.0,0.0,0.3,2.2,16.0,0.0,0.0,0.0,0.0,0.0,0.0,0.0,1.0,0.0,0.0,0.0,50.0,0.0,Brighton,0.0,0.0,Spurs,Spurs,0.0,0.0,1.4246773105103965,,0.6353654392578061,0.9051907251930679
leif_davis,1,2,DEF,Ipswich Town,20,1,0,0,2,0,0,3,1.0,0.0,0.0,10.0,0.0,2.3,0.01,0.01,0.0,0.66,1.0,0.0,1.8,15.2,90.0,0.0,0.0,0.0,0.0,0.0,1.0,0.0,2.0,0.0,0.0,0.0,40.0,0.0,Sunderland,2.0,3.0,Everton,Everton,2.0,3.0,2.638980745330096,,0.5960677016677814,1.5730111876144393
leny_yoro,1,0,DEF,Man Utd,11,0,0,0,4,0,0,2,2.2,0.0,0.0,0.0,0.0,0.0,0.0,0.0,0.0,0.0,0.0,0.0,0.0,0.0,0.0,0.0,0.0,0.0,0.0,0.0,0.0,0.0,0.0,0.0,0.0,0.0,50.0,0.0,Hull City,0.0,0.0,Fulham,Fulham,2.0,0.0,0.7098277917893261,,0.5,0.35491389589466305
leo_fuhr_hjelde,1,0,DEF,Sunderland,12,0,0,0,3,0,0,2,0.0,0.0,0.0,0.0,0.0,0.0,0.0,0.0,0.0,0.0,0.0,0.0,0.0,0.0,0.0,0.0,0.0,0.0,0.0,0.0,0.0,0.0,0.0,0.0,0.0,0.0,40.0,0.0,Ipswich Town,1.0,0.0,Man City,Man City,2.0,3.0,0.15895021484612415,,0.5,0.07947510742306207
leo_shahar,1,0,DEF,Newcastle,14,1,0,0,2,0,0,4,1.0,0.0,0.0,0.0,0.0,0.0,0.0,0.0,0.0,0.0,0.0,0.0,0.0,0.0,0.0,0.0,0.0,0.0,0.0,0.0,0.0,0.0,0.0,0.0,0.0,0.0,40.0,0.0,Liverpool,2.0,1.0,Hull City,Hull City,2.0,3.0,0.3234723307937992,,0.5,0.1617361653968996
leon_bailey,1,0,MID,Aston Villa,5,0,0,0,4,0,0,2,2.0,0.0,0.0,0.0,0.0,0.0,0.0,0.0,0.0,0.0,0.0,0.0,0.0,0.0,0.0,0.0,0.0,0.0,0.0,0.0,0.0,0.0,0.0,0.0,0.0,0.0,55.0,0.0,Brighton,0.0,0.0,Spurs,Spurs,0.0,0.0,0.5286100312589912,,0.6353654392578061,0.33586054470695154
levi_samuels_colwill,1,0,DEF,Chelsea,10,0,0,0,4,0,0,2,2.2,0.0,0.0,6.0,0.0,1.6,0.03,0.04,0.01,1.33,2.0,0.0,1.5,6.0,90.0,0.0,0.0,0.0,0.0,0.0,1.0,7.0,0.0,0.0,0.0,0.0,50.0,1.0,Fulham,3.0,3.0,Brentford,Brentford,3.0,3.0,2.991357700462782,14971.0,0.7524027359199198,2.2507057179433168
lewie_coyle,1,6,DEF,Hull City,16,1,0,0,2,0,0,4,1.0,0.0,0.0,23.0,1.0,11.3,0.01,0.01,0.0,1.16,0.0,0.0,1.7,5.8,69.0,0.0,0.0,0.0,0.0,0.0,1.0,0.0,6.0,0.0,0.0,0.0,40.0,0.0,Man Utd,2.0,3.0,Newcastle,Newcastle,2.0,1.0,1.3225523751569952,,1.4899357349188793,1.9705180450482471
lewis_cook,1,3,MID,Bournemouth,15,0,0,0,3,0,0,4,1.5,0.0,0.0,8.0,1.0,2.1,0.0,0.0,0.0,1.94,0.0,0.0,0.7,4.6,75.0,0.0,0.0,0.0,0.0,0.0,1.0,0.0,3.0,0.0,0.0,0.0,50.0,0.0,Man City,1.0,0.0,Liverpool,Liverpool,2.0,1.0,2.318413731782816,,0.9979037408920849,2.313553735881651
lewis_dunk,1,6,DEF,Brighton,2,1,0,0,2,0,0,4,1.7,0.0,0.0,24.0,1.0,6.4,0.04,0.04,0.0,0.29,0.0,0.0,2.0,13.4,90.0,0.0,0.0,0.0,0.0,0.0,1.0,0.0,6.0,0.0,0.0,0.0,45.0,0.0,Aston Villa,4.0,3.0,Arsenal,Arsenal,3.0,3.0,2.881290410747781,,1.7921141721199267,5.163601379094343
lewis_hall,1,3,DEF,Newcastle,14,1,0,0,2,0,0,4,2.2,0.0,0.0,8.0,0.0,15.2,0.35,0.35,0.0,2.98,2.0,0.0,3.7,22.0,90.0,0.0,0.0,0.0,0.0,0.0,1.0,0.0,3.0,0.0,0.0,0.0,50.0,0.0,Liverpool,2.0,1.0,Hull City,Hull City,2.0,3.0,3.3298673662698164,14973.0,0.5,1.6649336831349082
lewis_koumas,1,1,MID,Liverpool,17,0,0,0,4,0,0,2,1.5,0.0,0.0,4.0,0.0,0.5,0.0,0.03,0.03,0.48,0.0,0.0,0.9,1.2,12.0,0.0,0.0,0.0,0.0,0.0,0.0,7.0,1.0,0.0,0.0,0.0,50.0,0.0,Newcastle,2.0,1.0,Bournemouth,Bournemouth,1.0,0.0,1.383722392553849,,1.37537988837858,1.9031439498176546
lewis_miley,1,3,MID,Newcastle,14,1,0,0,2,0,0,4,2.0,0.0,0.0,13.0,0.0,21.4,0.01,0.06,0.05,1.94,1.0,0.0,4.0,15.6,75.0,0.0,0.0,0.0,0.0,0.0,1.0,3.0,3.0,0.0,0.0,0.0,55.0,1.0,Liverpool,2.0,1.0,Hull City,Hull City,2.0,3.0,3.1610977114624745,,0.5,1.5805488557312373
liam_delap,1,0,FWD,Chelsea,10,0,0,0,4,0,0,2,1.8,0.0,0.0,0.0,0.0,0.0,0.0,0.0,0.0,0.0,0.0,0.0,0.0,0.0,0.0,0.0,0.0,0.0,0.0,0.0,0.0,0.0,0.0,0.0,0.0,0.0,55.0,0.0,Fulham,3.0,3.0,Brentford,Brentford,3.0,3.0,0.40574156398684114,,2.0,0.8114831279736823
liam_kitching,1,0,DEF,Coventry City,1,0,0,0,2,0,0,4,1.0,0.0,0.0,0.0,0.0,0.0,0.0,0.0,0.0,0.0,0.0,0.0,0.0,0.0,0.0,0.0,0.0,0.0,0.0,0.0,0.0,0.0,0.0,0.0,0.0,0.0,40.0,0.0,Arsenal,0.0,0.0,Nott'm Forest,Nott'm Forest,0.0,0.0,0.08715912985043506,,1.5837288032687726,0.13803642441197708
liam_millar,1,0,MID,Hull City,16,1,0,0,2,0,0,4,1.5,0.0,0.0,2.0,0.0,0.3,0.0,0.0,0.0,0.67,0.0,0.0,0.4,2.0,19.0,0.0,0.0,0.0,0.0,0.0,0.0,2.0,0.0,0.0,0.0,0.0,50.0,1.0,Man Utd,2.0,3.0,Newcastle,Newcastle,2.0,1.0,1.3515840177374092,,1.0548410285986136,1.4257062755075756
lisandro_martinez,1,0,DEF,Man Utd,11,0,0,0,4,0,0,2,2.2,0.0,0.0,0.0,0.0,0.0,0.0,0.0,0.0,0.0,0.0,0.0,0.0,0.0,0.0,0.0,0.0,0.0,0.0,0.0,0.0,0.0,0.0,0.0,0.0,0.0,50.0,0.0,Hull City,0.0,0.0,Fulham,Fulham,2.0,0.0,0.7098277917893261,,0.5,0.35491389589466305
loum_tchaouna,1,2,MID,Coventry City,1,0,0,0,2,0,0,4,2.0,0.0,0.0,11.0,0.0,6.0,0.02,0.06,0.04,1.76,3.0,0.0,1.1,1.8,81.0,0.0,0.0,0.0,0.0,0.0,1.0,3.0,2.0,0.0,0.0,0.0,55.0,0.0,Arsenal,0.0,0.0,Nott'm Forest,Nott'm Forest,0.0,0.0,2.502117560126661,,0.6637299677961009,1.6607304076049274
luc_de_fougerolles,1,0,DEF,Fulham,6,1,0,0,2,0,0,4,1.0,0.0,0.0,0.0,0.0,0.0,0.0,0.0,0.0,0.0,0.0,0.0,0.0,0.0,0.0,0.0,0.0,0.0,0.0,0.0,0.0,0.0,0.0,0.0,0.0,0.0,40.0,0.0,Chelsea,2.0,0.0,Man Utd,Man Utd,0.0,0.0,0.12858071536762528,,2.0,0.25716143073525055
luca_netz,1,1,DEF,Nott'm Forest,13,1,0,0,3,0,0,3,1.7,0.0,0.0,-2.0,0.0,0.9,0.0,0.0,0.0,0.13,1.0,0.0,0.1,0.0,16.0,0.0,0.0,0.0,0.0,0.0,0.0,0.0,1.0,0.0,0.0,0.0,45.0,0.0,Leeds,0.0,0.0,Coventry City,Coventry City,0.0,0.0,1.5826875935928157,,2.0,3.1653751871856315
luca_williams_barnett,1,0,MID,Spurs,4,0,0,0,3,0,0,3,1.0,0.0,0.0,0.0,0.0,0.0,0.0,0.0,0.0,0.0,0.0,0.0,0.0,0.0,0.0,0.0,0.0,0.0,0.0,0.0,0.0,0.0,0.0,0.0,0.0,0.0,45.0,0.0,Brentford,0.0,0.0,Aston Villa,Aston Villa,0.0,0.0,0.19363675307093864,,0.6842818080244075,0.13250210749135763
lucas_bergvall,1,1,MID,Spurs,4,0,0,0,3,0,0,3,2.0,0.0,0.0,2.0,0.0,2.0,0.01,0.01,0.0,1.7,2.0,0.0,0.0,0.0,45.0,0.0,0.0,0.0,0.0,0.0,1.0,2.0,1.0,0.0,0.0,0.0,55.0,0.0,Brentford,0.0,0.0,Aston Villa,Aston Villa,0.0,0.0,0.6510172587494913,,0.6842818080244075,0.44547926687219547
lucas_digne,1,0,DEF,Aston Villa,5,0,0,0,4,0,0,2,0.0,0.0,0.0,0.0,0.0,0.0,0.0,0.0,0.0,0.0,0.0,0.0,0.0,0.0,0.0,0.0,0.0,0.0,0.0,0.0,0.0,0.0,0.0,0.0,0.0,0.0,45.0,0.0,Brighton,0.0,0.0,Spurs,Spurs,0.0,0.0,0.14542266256398562,,0.5,0.07271133128199281
lucas_estella_perri,1,0,GK,Leeds,18,0,0,0,3,0,0,3,1.9,0.0,0.0,0.0,0.0,0.0,0.0,0.0,0.0,0.0,0.0,0.0,0.0,0.0,0.0,0.0,0.0,0.0,0.0,0.0,0.0,0.0,0.0,0.0,0.0,0.0,45.0,0.0,Nott'm Forest,1.0,3.0,Crystal Palace,Crystal Palace,0.0,0.0,0.07053665954513644,,2.0,0.14107331909027288
lucas_gourna_douath,1,0,MID,Hull City,16,1,0,0,2,0,0,4,1.5,0.0,0.0,0.0,0.0,0.0,0.0,0.0,0.0,0.0,0.0,0.0,0.0,0.0,0.0,0.0,0.0,0.0,0.0,0.0,0.0,0.0,0.0,0.0,0.0,0.0,50.0,0.0,Man Utd,2.0,3.0,Newcastle,Newcastle,2.0,1.0,0.3895104411184227,,1.0548410285986136,0.41087159435925674
lucas_herrington,1,1,DEF,Hull City,16,1,0,0,2,0,0,4,1.0,0.0,0.0,4.0,0.0,0.0,0.0,0.0,0.0,0.96,0.0,0.0,0.8,8.0,26.0,0.0,0.0,0.0,0.0,0.0,0.0,0.0,1.0,0.0,0.0,0.0,40.0,0.0,Man Utd,2.0,3.0,Newcastle,Newcastle,2.0,1.0,1.3007415539905152,,1.4899357349188793,1.9380213231843832
luka_lynch,1,0,MID,Aston Villa,5,0,0,0,4,0,0,2,1.0,0.0,0.0,0.0,0.0,0.0,0.0,0.0,0.0,0.0,0.0,0.0,0.0,0.0,0.0,0.0,0.0,0.0,0.0,0.0,0.0,0.0,0.0,0.0,0.0,0.0,45.0,0.0,Brighton,0.0,0.0,Spurs,Spurs,0.0,0.0,0.19363675307093864,,0.6353654392578061,0.12303010067137225
luka_vuskovic,1,6,DEF,Brighton,2,1,0,0,2,0,0,4,2.2,0.0,0.0,19.0,1.0,4.5,0.03,0.16,0.13,0.29,0.0,0.0,2.9,12.4,90.0,0.0,0.0,0.0,0.0,0.0,1.0,12.0,6.0,0.0,0.0,0.0,50.0,0.0,Aston Villa,4.0,3.0,Arsenal,Arsenal,3.0,3.0,3.371838635415156,50210.0,1.7921141721199267,6.042719804629016
lukas_hornicek,1,1,GK,Newcastle,14,1,0,0,2,0,0,4,2.6,0.0,0.0,12.0,0.0,0.0,0.0,0.0,0.0,2.98,2.0,0.0,4.1,41.2,90.0,0.0,0.0,0.0,0.0,5.0,1.0,0.0,1.0,0.0,0.0,0.0,50.0,1.0,Liverpool,2.0,1.0,Hull City,Hull City,2.0,3.0,2.4253354616423657,14972.0,0.5,1.2126677308211828
lukas_nmecha,1,0,FWD,Leeds,18,0,0,0,3,0,0,3,1.8,0.0,0.0,0.0,0.0,0.0,0.0,0.0,0.0,0.0,0.0,0.0,0.0,0.0,0.0,0.0,0.0,0.0,0.0,0.0,0.0,0.0,0.0,0.0,0.0,0.0,55.0,0.0,Nott'm Forest,1.0,3.0,Crystal Palace,Crystal Palace,0.0,0.0,0.3151473757471899,14970.0,0.59438202247191,0.18731793457332965
luke_o'nien,1,1,DEF,Sunderland,12,0,0,0,3,0,0,2,1.0,0.0,0.0,1.0,0.0,1.4,0.01,0.02,0.01,1.69,1.0,0.0,1.7,11.4,66.0,0.0,0.0,0.0,0.0,0.0,1.0,4.0,1.0,0.0,0.0,0.0,40.0,1.0,Ipswich Town,1.0,0.0,Man City,Man City,2.0,3.0,1.4920055036549327,,0.5,0.7460027518274663
luke_shaw,1,1,DEF,Man Utd,11,0,0,0,4,0,0,2,1.7,0.0,0.0,13.0,0.0,59.2,0.26,0.26,0.0,1.01,2.0,0.0,9.0,25.2,90.0,0.0,0.0,0.0,0.0,0.0,1.0,6.0,1.0,0.0,0.0,0.0,45.0,0.0,Hull City,0.0,0.0,Fulham,Fulham,2.0,0.0,2.81955738725319,14969.0,0.5,1.409778693626595
luke_woolfenden,1,0,DEF,Coventry City,1,0,0,0,2,0,0,4,1.0,0.0,0.0,0.0,0.0,0.0,0.0,0.0,0.0,0.0,0.0,0.0,0.0,0.0,0.0,0.0,0.0,0.0,0.0,0.0,0.0,0.0,0.0,0.0,0.0,0.0,40.0,0.0,Arsenal,0.0,0.0,Nott'm Forest,Nott'm Forest,0.0,0.0,0.08715912985043506,,1.5837288032687726,0.13803642441197708
malick_thiaw,1,3,DEF,Newcastle,14,1,0,0,2,0,0,4,2.2,0.0,0.0,0.0,0.0,0.2,0.0,0.0,0.0,2.98,2.0,0.0,3.8,37.8,90.0,0.0,0.0,0.0,0.0,0.0,1.0,0.0,3.0,0.0,0.0,0.0,50.0,0.0,Liverpool,2.0,1.0,Hull City,Hull City,2.0,3.0,3.0259416007982693,14974.0,0.5,1.5129708003991347
malick_yalcouye,1,1,MID,Brighton,2,1,0,0,2,0,0,4,1.0,0.0,0.0,3.0,0.0,2.7,0.01,0.01,0.0,0.0,0.0,0.0,0.3,0.6,4.0,0.0,0.0,0.0,0.0,0.0,0.0,0.0,1.0,0.0,0.0,0.0,45.0,0.0,Aston Villa,4.0,3.0,Arsenal,Arsenal,3.0,3.0,0.8967780156730493,,0.805569853362067,0.7224173345840638
malo_gusto,1,1,DEF,Chelsea,10,0,0,0,4,0,0,2,2.2,0.0,0.0,2.0,0.0,9.8,0.03,0.03,0.0,1.11,2.0,0.0,2.3,7.2,75.0,0.0,0.0,0.0,0.0,0.0,1.0,6.0,1.0,0.0,0.0,0.0,50.0,0.0,Fulham,3.0,3.0,Brentford,Brentford,3.0,3.0,2.618959574665695,,0.7524027359199198,1.9705123492421384
mamadou_sangare,1,14,MID,Brentford,19,1,0,0,3,0,0,3,2.0,2.0,3.0,41.0,1.0,21.8,0.33,0.38,0.05,0.47,0.0,0.0,7.4,31.6,75.0,0.0,0.0,0.0,0.0,0.0,1.0,21.0,14.0,0.0,0.0,0.0,55.0,0.0,Spurs,3.0,3.0,Chelsea,Chelsea,3.0,3.0,4.0584393620870065,14974.0,1.220788199801859,4.954494882847202
mamadou_sarr,1,0,DEF,Chelsea,10,0,0,0,4,0,0,2,1.7,0.0,0.0,0.0,0.0,0.0,0.0,0.0,0.0,0.0,0.0,0.0,0.0,0.0,0.0,0.0,0.0,0.0,0.0,0.0,0.0,0.0,0.0,0.0,0.0,0.0,45.0,0.0,Fulham,3.0,3.0,Brentford,Brentford,3.0,3.0,0.7183845717821455,,0.7524027359199198,0.5405145172515463
manuel_ugarte_ribeiro,1,0,MID,Man Utd,11,0,0,0,4,0,0,2,0.0,0.0,0.0,0.0,0.0,0.0,0.0,0.0,0.0,0.0,0.0,0.0,0.0,0.0,0.0,0.0,0.0,0.0,0.0,0.0,0.0,0.0,0.0,0.0,0.0,0.0,50.0,0.0,Hull City,0.0,0.0,Fulham,Fulham,2.0,0.0,0.28167213397632307,,0.808425802862563,0.2277110210538204
marc_guehi,1,10,DEF,Man City,3,1,0,0,4,0,0,3,2.8,0.0,2.0,31.0,0.0,17.5,0.32,1.21,0.89,0.65,1.0,1.0,8.9,43.6,90.0,0.0,0.0,0.0,0.0,0.0,1.0,28.0,10.0,0.0,0.0,0.0,60.0,0.0,Bournemouth,2.0,3.0,Sunderland,Sunderland,1.0,0.0,3.2448765713938403,14970.0,1.767644018424294,5.7357866619494535
marc_guiu_paz,1,0,FWD,Chelsea,10,0,0,0,4,0,0,2,1.4,0.0,0.0,0.0,0.0,0.0,0.0,0.0,0.0,0.0,0.0,0.0,0.0,0.0,0.0,0.0,0.0,0.0,0.0,0.0,0.0,0.0,0.0,0.0,0.0,0.0,50.0,0.0,Fulham,3.0,3.0,Brentford,Brentford,3.0,3.0,0.28644035072074336,,2.0,0.5728807014414867
marcelino_nunez,1,4,MID,Ipswich Town,20,1,0,0,2,0,0,3,1.5,0.0,0.0,26.0,0.0,7.3,0.03,0.06,0.03,0.63,1.0,0.0,2.4,13.0,79.0,0.0,0.0,0.0,0.0,0.0,1.0,4.0,4.0,0.0,0.0,0.0,50.0,0.0,Sunderland,2.0,3.0,Everton,Everton,2.0,3.0,3.24534348760592,,0.7629143005485817,2.475918956886765
marco_bizot,1,1,GK,Aston Villa,5,0,0,0,4,0,0,2,1.9,0.0,0.0,1.0,0.0,0.0,0.0,0.0,0.0,3.77,4.0,0.0,2.8,28.2,90.0,0.0,0.0,0.0,0.0,3.0,1.0,0.0,1.0,0.0,0.0,0.0,45.0,0.0,Brighton,0.0,0.0,Spurs,Spurs,0.0,0.0,1.1623208040680337,,1.75,2.034061407119059
marco_palestra,1,0,DEF,Chelsea,10,0,0,0,4,0,0,2,2.5,0.0,0.0,0.0,0.0,0.0,0.0,0.0,0.0,0.0,0.0,0.0,0.0,0.0,0.0,0.0,0.0,0.0,0.0,0.0,0.0,0.0,0.0,0.0,0.0,0.0,55.0,0.0,Fulham,3.0,3.0,Brentford,Brentford,3.0,3.0,1.166130311698716,79641.0,0.7524027359199198,0.8773996369612628
marcos_senesi_baron,1,3,DEF,Spurs,4,0,0,0,3,0,0,3,2.8,0.0,0.0,10.0,0.0,2.2,0.02,0.02,0.0,3.87,3.0,0.0,3.9,36.6,90.0,0.0,0.0,0.0,0.0,0.0,1.0,0.0,3.0,0.0,0.0,0.0,60.0,0.0,Brentford,0.0,0.0,Aston Villa,Aston Villa,0.0,0.0,2.877316603252183,14974.0,2.0,5.754633206504366
marcus_bettinelli,1,0,GK,Man City,3,1,0,0,4,0,0,3,1.9,0.0,0.0,0.0,0.0,0.0,0.0,0.0,0.0,0.0,0.0,0.0,0.0,0.0,0.0,0.0,0.0,0.0,0.0,0.0,0.0,0.0,0.0,0.0,0.0,0.0,45.0,0.0,Bournemouth,2.0,3.0,Sunderland,Sunderland,1.0,0.0,0.24198303101052931,,1.5,0.36297454651579397
marcus_rashford,1,1,MID,Man Utd,11,0,0,0,4,0,0,2,2.5,0.0,0.0,9.0,0.0,48.6,0.1,0.1,0.0,0.09,0.0,0.0,6.4,11.6,45.0,0.0,0.0,0.0,0.0,0.0,0.0,4.0,1.0,0.0,0.0,0.0,70.0,0.0,Hull City,0.0,0.0,Fulham,Fulham,2.0,0.0,3.4824272598751955,14972.0,0.808425802862563,2.8152840534750805
marcus_tavernier,1,10,MID,Bournemouth,15,0,0,0,3,0,0,4,2.2,0.0,3.0,32.0,0.0,17.2,0.08,0.48,0.4,2.25,2.0,1.0,7.5,40.0,90.0,0.0,0.0,0.0,0.0,0.0,1.0,18.0,10.0,0.0,0.0,0.0,60.0,0.0,Man City,1.0,0.0,Liverpool,Liverpool,2.0,1.0,3.0025656614688407,,0.9979037408920849,2.9962715058538736
mark_gillespie,1,0,GK,Newcastle,14,1,0,0,2,0,0,4,1.9,0.0,0.0,0.0,0.0,0.0,0.0,0.0,0.0,0.0,0.0,0.0,0.0,0.0,0.0,0.0,0.0,0.0,0.0,0.0,0.0,0.0,0.0,0.0,0.0,0.0,45.0,0.0,Liverpool,2.0,1.0,Hull City,Hull City,2.0,3.0,0.518985332785266,,0.5,0.259492666392633
mark_travers,1,0,GK,Everton,8,1,0,0,3,0,0,3,2.6,0.0,0.0,0.0,0.0,0.0,0.0,0.0,0.0,0.0,0.0,0.0,0.0,0.0,0.0,0.0,0.0,0.0,0.0,0.0,0.0,0.0,0.0,0.0,0.0,0.0,50.0,0.0,Crystal Palace,2.0,3.0,Ipswich Town,Ipswich Town,2.0,3.0,0.8805380786983318,,1.75,1.5409416377220806
martin_dubravka,1,0,GK,Spurs,4,0,0,0,3,0,0,3,1.0,0.0,0.0,0.0,0.0,0.0,0.0,0.0,0.0,0.0,0.0,0.0,0.0,0.0,0.0,0.0,0.0,0.0,0.0,0.0,0.0,0.0,0.0,0.0,0.0,0.0,40.0,0.0,Brentford,0.0,0.0,Aston Villa,Aston Villa,0.0,0.0,-0.4549530633785406,,2.0,-0.9099061267570812
martin_odegaard,1,11,MID,Arsenal,7,1,0,0,4,0,0,2,2.3,0.0,3.0,41.0,1.0,41.5,0.1,0.31,0.21,0.06,0.0,1.0,12.3,50.6,75.0,0.0,0.0,0.0,0.0,0.0,1.0,31.0,11.0,0.0,0.0,0.0,65.0,0.0,Coventry City,3.0,3.0,Brighton,Brighton,4.0,3.0,3.1781323973224085,14972.0,0.573752086684039,1.823460094721879
martin_zubimendi_ibanez,1,1,MID,Arsenal,7,1,0,0,4,0,0,2,2.0,0.0,0.0,3.0,0.0,2.3,0.02,0.02,0.0,0.15,0.0,0.0,0.6,3.8,22.0,0.0,0.0,0.0,0.0,0.0,0.0,0.0,1.0,0.0,0.0,0.0,55.0,0.0,Coventry City,3.0,3.0,Brighton,Brighton,4.0,3.0,1.905646176019883,,0.573752086684039,1.0933684699728674
mason_burstow,1,0,FWD,Hull City,16,1,0,0,2,0,0,4,0.0,0.0,0.0,0.0,0.0,0.0,0.0,0.0,0.0,0.0,0.0,0.0,0.0,0.0,0.0,0.0,0.0,0.0,0.0,0.0,0.0,0.0,0.0,0.0,0.0,0.0,45.0,0.0,Man Utd,2.0,3.0,Newcastle,Newcastle,2.0,1.0,0.003095931431083665,,0.6530864197530863,0.0020219107741274796
mason_mount,1,0,MID,Man Utd,11,0,0,0,4,0,0,2,1.0,0.0,0.0,0.0,0.0,0.0,0.0,0.0,0.0,0.0,0.0,0.0,0.0,0.0,0.0,0.0,0.0,0.0,0.0,0.0,0.0,0.0,0.0,0.0,0.0,0.0,55.0,0.0,Hull City,0.0,0.0,Fulham,Fulham,2.0,0.0,0.4963841004738876,,0.808425802862563,0.4012897149538137
mateo_joseph_fernandez_regatillo,1,0,FWD,Leeds,18,0,0,0,3,0,0,3,0.0,0.0,0.0,0.0,0.0,0.0,0.0,0.0,0.0,0.0,0.0,0.0,0.0,0.0,0.0,0.0,0.0,0.0,0.0,0.0,0.0,0.0,0.0,0.0,0.0,0.0,45.0,0.0,Nott'm Forest,1.0,3.0,Crystal Palace,Crystal Palace,0.0,0.0,0.0011743484288180284,,0.59438202247191,0.0006980115942075696
mateo_kovacic,1,1,MID,Man City,3,1,0,0,4,0,0,3,2.0,0.0,0.0,3.0,0.0,2.1,0.01,0.01,0.0,0.1,0.0,0.0,0.4,2.2,27.0,0.0,0.0,0.0,0.0,0.0,0.0,0.0,1.0,0.0,0.0,0.0,55.0,0.0,Bournemouth,2.0,3.0,Sunderland,Sunderland,1.0,0.0,2.0088958427132573,,1.072076798305557,2.1536906231853727
mateus_fernandes,1,1,MID,Spurs,4,0,0,0,3,0,0,3,2.2,0.0,0.0,16.0,0.0,27.2,0.06,0.06,0.0,2.18,1.0,0.0,3.6,7.2,45.0,0.0,0.0,0.0,0.0,0.0,0.0,2.0,1.0,0.0,0.0,0.0,60.0,0.0,Brentford,0.0,0.0,Aston Villa,Aston Villa,0.0,0.0,2.6801866507623595,,0.6842818080244075,1.8340029672265488
matheus_franca_de_oliveira,1,0,MID,Crystal Palace,9,0,0,0,3,0,0,3,1.5,0.0,0.0,0.0,0.0,0.0,0.0,0.0,0.0,0.0,0.0,0.0,0.0,0.0,0.0,0.0,0.0,0.0,0.0,0.0,0.0,0.0,0.0,0.0,0.0,0.0,50.0,0.0,Everton,0.0,0.0,Leeds,Leeds,1.0,3.0,0.4011960460976678,,0.5,0.2005980230488339
matheus_nunes,1,1,DEF,Man City,3,1,0,0,4,0,0,3,2.8,0.0,0.0,4.0,0.0,1.5,0.04,0.04,0.0,0.1,0.0,0.0,0.9,3.8,33.0,0.0,0.0,0.0,0.0,0.0,0.0,4.0,1.0,0.0,0.0,0.0,60.0,0.0,Bournemouth,2.0,3.0,Sunderland,Sunderland,1.0,0.0,2.963944087684167,14973.0,1.767644018424294,5.239198037538969
matheus_santos_carneiro_da_cunha,1,2,MID,Man Utd,11,0,0,0,4,0,0,2,2.8,0.0,0.0,14.0,0.0,28.2,0.21,0.45,0.24,1.01,2.0,0.0,6.9,5.4,79.0,0.0,0.0,0.0,0.0,0.0,1.0,35.0,2.0,0.0,0.0,0.0,80.0,0.0,Hull City,0.0,0.0,Fulham,Fulham,2.0,0.0,4.213718441876303,14973.0,0.808425802862563,3.406478714410638
mathias_jensen,1,6,MID,Brentford,19,1,0,0,3,0,0,3,2.0,1.0,0.0,22.0,1.0,46.2,0.34,0.42,0.08,0.47,0.0,0.0,7.2,12.6,66.0,0.0,0.0,0.0,0.0,0.0,1.0,13.0,6.0,0.0,0.0,0.0,55.0,0.0,Spurs,3.0,3.0,Chelsea,Chelsea,3.0,3.0,3.454330652650654,,1.220788199801859,4.217006098969772
mathys_tel,1,2,MID,Spurs,4,0,0,0,3,0,0,3,2.2,0.0,0.0,17.0,0.0,26.0,0.06,0.12,0.06,3.87,3.0,0.0,4.5,10.4,90.0,0.0,0.0,0.0,0.0,0.0,1.0,9.0,2.0,0.0,0.0,0.0,60.0,0.0,Brentford,0.0,0.0,Aston Villa,Aston Villa,0.0,0.0,2.9320525155439867,,0.6842818080244075,2.0063501965589516
mats_wieffer,1,7,DEF,Brighton,2,1,0,0,2,0,0,4,2.2,0.0,1.0,32.0,1.0,26.3,0.05,0.14,0.09,0.29,0.0,0.0,4.9,16.6,77.0,0.0,0.0,0.0,0.0,0.0,1.0,6.0,7.0,0.0,0.0,0.0,50.0,0.0,Aston Villa,4.0,3.0,Arsenal,Arsenal,3.0,3.0,2.52272970650659,,1.7921141721199267,4.521019659458403
matt_crooks,1,2,MID,Hull City,16,1,0,0,2,0,0,4,1.0,0.0,0.0,9.0,1.0,2.4,0.0,0.0,0.0,1.83,0.0,0.0,2.1,19.0,90.0,0.0,0.0,0.0,0.0,0.0,1.0,0.0,2.0,0.0,0.0,0.0,45.0,1.0,Man Utd,2.0,3.0,Newcastle,Newcastle,2.0,1.0,2.296360744241502,,1.0548410285986136,2.422295529489184
matt_grimes,1,2,MID,Coventry City,1,0,0,0,2,0,0,4,1.5,0.0,0.0,14.0,0.0,3.7,0.01,0.01,0.0,1.88,3.0,0.0,1.7,13.4,90.0,0.0,0.0,0.0,0.0,0.0,1.0,0.0,2.0,0.0,0.0,0.0,50.0,0.0,Arsenal,0.0,0.0,Nott'm Forest,Nott'm Forest,0.0,0.0,2.38700946198698,,0.6637299677961009,1.5843297133336065
matt_o'riley,1,0,MID,Brighton,2,1,0,0,2,0,0,4,2.0,0.0,0.0,0.0,0.0,0.0,0.0,0.0,0.0,0.0,0.0,0.0,0.0,0.0,0.0,0.0,0.0,0.0,0.0,0.0,0.0,0.0,0.0,0.0,0.0,0.0,55.0,0.0,Aston Villa,4.0,3.0,Arsenal,Arsenal,3.0,3.0,0.553715800913331,,0.805569853362067,0.4460567565460115
matt_targett,1,1,DEF,Hull City,16,1,0,0,2,0,0,4,1.0,0.0,0.0,3.0,0.0,0.0,0.0,0.0,0.0,0.07,0.0,0.0,0.0,0.4,5.0,0.0,0.0,0.0,0.0,0.0,0.0,0.0,1.0,0.0,0.0,0.0,40.0,0.0,Man Utd,2.0,3.0,Newcastle,Newcastle,2.0,1.0,0.9371081156278427,,1.4899357349188793,1.396230868956416
matteo_ruggeri,1,1,DEF,Aston Villa,5,0,0,0,4,0,0,2,1.7,0.0,0.0,3.0,0.0,0.0,0.0,0.0,0.0,0.14,0.0,0.0,0.4,4.0,8.0,0.0,0.0,0.0,0.0,0.0,0.0,0.0,1.0,0.0,0.0,0.0,45.0,0.0,Brighton,0.0,0.0,Spurs,Spurs,0.0,0.0,0.9846604001129587,,0.5,0.4923302000564794
matthijs_de_ligt,1,0,DEF,Man Utd,11,0,0,0,4,0,0,2,0.0,0.0,0.0,0.0,0.0,0.0,0.0,0.0,0.0,0.0,0.0,0.0,0.0,0.0,0.0,0.0,0.0,0.0,0.0,0.0,0.0,0.0,0.0,0.0,0.0,0.0,50.0,0.0,Hull City,0.0,0.0,Fulham,Fulham,2.0,0.0,0.44958454754760013,,0.5,0.22479227377380007
matty_cash,1,-1,DEF,Aston Villa,5,0,0,0,4,0,0,2,1.7,0.0,0.0,-8.0,0.0,1.1,0.0,0.0,0.0,3.77,4.0,0.0,1.3,12.0,90.0,0.0,0.0,0.0,0.0,0.0,1.0,0.0,-1.0,0.0,0.0,0.0,45.0,1.0,Brighton,0.0,0.0,Spurs,Spurs,0.0,0.0,1.425919929401791,,0.5,0.7129599647008955
matty_jacob,1,0,DEF,Hull City,16,1,0,0,2,0,0,4,0.0,0.0,0.0,0.0,0.0,0.0,0.0,0.0,0.0,0.0,0.0,0.0,0.0,0.0,0.0,0.0,0.0,0.0,0.0,0.0,0.0,0.0,0.0,0.0,0.0,0.0,40.0,0.0,Man Utd,2.0,3.0,Newcastle,Newcastle,2.0,1.0,0.2283733542935702,,1.4899357349188793,0.3402616214652801
matz_sels,1,2,GK,Nott'm Forest,13,1,0,0,3,0,0,3,2.6,0.0,0.0,11.0,0.0,0.0,0.0,0.0,0.0,0.47,1.0,0.0,1.4,14.2,90.0,0.0,0.0,0.0,0.0,2.0,1.0,0.0,2.0,0.0,0.0,0.0,50.0,0.0,Leeds,0.0,0.0,Coventry City,Coventry City,0.0,0.0,3.1428498270188667,50210.0,2.0,6.2856996540377335
max_alleyne,1,0,DEF,Man City,3,1,0,0,4,0,0,3,0.0,0.0,0.0,0.0,0.0,0.0,0.0,0.0,0.0,0.0,0.0,0.0,0.0,0.0,0.0,0.0,0.0,0.0,0.0,0.0,0.0,0.0,0.0,0.0,0.0,0.0,50.0,0.0,Bournemouth,2.0,3.0,Sunderland,Sunderland,1.0,0.0,0.503759967131401,,1.767644018424294,0.89046829262144
max_dowman,1,0,MID,Arsenal,7,1,0,0,4,0,0,2,2.0,0.0,0.0,0.0,0.0,0.0,0.0,0.0,0.0,0.0,0.0,0.0,0.0,0.0,0.0,0.0,0.0,0.0,0.0,0.0,0.0,0.0,0.0,0.0,0.0,0.0,55.0,0.0,Coventry City,3.0,3.0,Brighton,Brighton,4.0,3.0,0.6050117475532755,,0.573752086684039,0.34712675262704884
maxence_lacroix,1,6,DEF,Chelsea,10,0,0,0,4,0,0,2,2.8,1.0,0.0,25.0,0.0,11.2,0.2,0.2,0.0,1.33,2.0,0.0,5.7,44.2,90.0,0.0,0.0,0.0,0.0,0.0,1.0,2.0,6.0,0.0,0.0,0.0,60.0,0.0,Fulham,3.0,3.0,Brentford,Brentford,3.0,3.0,4.658422374122171,14974.0,0.7524027359199198,3.50500973936009
maxim_de_cuyper,1,17,DEF,Brighton,2,1,0,0,2,0,0,4,1.7,1.0,2.0,46.0,1.0,45.3,0.21,1.68,1.47,0.29,0.0,1.0,12.9,40.6,77.0,0.0,0.0,0.0,0.0,0.0,1.0,43.0,17.0,0.0,0.0,0.0,45.0,0.0,Aston Villa,4.0,3.0,Arsenal,Arsenal,3.0,3.0,1.913419172166082,14971.0,1.7921141721199267,3.429065615644814
melker_ellborg,1,0,GK,Sunderland,12,0,0,0,3,0,0,2,1.9,0.0,0.0,0.0,0.0,0.0,0.0,0.0,0.0,0.0,0.0,0.0,0.0,0.0,0.0,0.0,0.0,0.0,0.0,0.0,0.0,0.0,0.0,0.0,0.0,0.0,45.0,0.0,Ipswich Town,1.0,0.0,Man City,Man City,2.0,3.0,0.3538473683148402,14974.0,0.5,0.1769236841574201
merlin_rohl,1,3,MID,Everton,8,1,0,0,3,0,0,3,1.5,0.0,0.0,12.0,1.0,13.0,0.06,0.06,0.0,1.96,0.0,0.0,2.9,13.8,90.0,0.0,0.0,0.0,0.0,0.0,1.0,2.0,3.0,0.0,0.0,0.0,50.0,0.0,Crystal Palace,2.0,3.0,Ipswich Town,Ipswich Town,2.0,3.0,2.8888048538613837,,1.4629706298381981,4.226236656533232
michael_kayode,1,13,DEF,Brentford,19,1,0,0,3,0,0,3,1.7,0.0,1.0,36.0,1.0,1.5,0.0,0.5,0.5,0.47,0.0,1.0,8.1,33.8,75.0,0.0,0.0,0.0,0.0,0.0,1.0,46.0,13.0,0.0,0.0,0.0,45.0,0.0,Spurs,3.0,3.0,Chelsea,Chelsea,3.0,3.0,2.84526189923404,,2.0,5.69052379846808
michael_keane,1,0,DEF,Everton,8,1,0,0,3,0,0,3,2.2,0.0,0.0,0.0,0.0,0.0,0.0,0.0,0.0,0.0,0.0,0.0,0.0,0.0,0.0,0.0,0.0,0.0,0.0,0.0,0.0,0.0,0.0,0.0,0.0,0.0,50.0,0.0,Crystal Palace,2.0,3.0,Ipswich Town,Ipswich Town,2.0,3.0,0.8695729030945473,79641.0,1.0276538737865144,0.8936199624048968
michael_svoboda,1,0,DEF,Brighton,2,1,0,0,2,0,0,4,2.2,0.0,0.0,0.0,0.0,0.0,0.0,0.0,0.0,0.0,0.0,0.0,0.0,0.0,0.0,0.0,0.0,0.0,0.0,0.0,0.0,0.0,0.0,0.0,0.0,0.0,50.0,0.0,Aston Villa,4.0,3.0,Arsenal,Arsenal,3.0,3.0,0.9747974728736499,,1.7921141721199267,1.7469483660835579
micky_van_de_ven,1,0,DEF,Spurs,4,0,0,0,3,0,0,3,0.0,0.0,0.0,0.0,0.0,0.0,0.0,0.0,0.0,0.0,0.0,0.0,0.0,0.0,0.0,0.0,0.0,0.0,0.0,0.0,0.0,0.0,0.0,0.0,0.0,0.0,50.0,0.0,Brentford,0.0,0.0,Aston Villa,Aston Villa,0.0,0.0,0.32197857902377525,50210.0,2.0,0.6439571580475505
miguel_brau,1,0,DEF,Coventry City,1,0,0,0,2,0,0,4,1.0,0.0,0.0,0.0,0.0,0.0,0.0,0.0,0.0,0.0,0.0,0.0,0.0,0.0,0.0,0.0,0.0,0.0,0.0,0.0,0.0,0.0,0.0,0.0,0.0,0.0,40.0,0.0,Arsenal,0.0,0.0,Nott'm Forest,Nott'm Forest,0.0,0.0,0.08715912985043506,,1.5837288032687726,0.13803642441197708
mike_penders,1,0,GK,Chelsea,10,0,0,0,4,0,0,2,1.9,0.0,0.0,0.0,0.0,0.0,0.0,0.0,0.0,0.0,0.0,0.0,0.0,0.0,0.0,0.0,0.0,0.0,0.0,0.0,0.0,0.0,0.0,0.0,0.0,0.0,45.0,0.0,Fulham,3.0,3.0,Brentford,Brentford,3.0,3.0,0.9138617023990833,14971.0,1.0,0.9138617023990833
mikel_merino_zazon,1,1,MID,Arsenal,7,1,0,0,4,0,0,2,2.2,0.0,0.0,5.0,0.0,1.2,0.02,0.16,0.14,0.15,0.0,0.0,1.9,3.6,14.0,0.0,0.0,0.0,0.0,0.0,0.0,14.0,1.0,0.0,0.0,0.0,60.0,0.0,Coventry City,3.0,3.0,Brighton,Brighton,4.0,3.0,2.0268121533447196,,0.573752086684039,1.1628877022981032
mikey_moore,1,2,MID,Spurs,4,0,0,0,3,0,0,3,1.5,0.0,0.0,10.0,0.0,5.9,0.02,0.4,0.38,3.02,3.0,0.0,7.5,14.2,67.0,0.0,0.0,0.0,0.0,0.0,1.0,55.0,2.0,0.0,0.0,0.0,50.0,0.0,Brentford,0.0,0.0,Aston Villa,Aston Villa,0.0,0.0,2.6459879361835315,,0.6842818080244075,1.8106014089824376
mikkel_damsgaard,1,1,MID,Brentford,19,1,0,0,3,0,0,3,2.0,0.0,0.0,6.0,0.0,26.3,0.11,0.11,0.0,0.1,0.0,0.0,3.4,7.6,14.0,0.0,0.0,0.0,0.0,0.0,0.0,0.0,1.0,0.0,0.0,0.0,55.0,0.0,Spurs,3.0,3.0,Chelsea,Chelsea,3.0,3.0,1.7968108336703885,50210.0,1.220788199801859,2.193525463020951
milan_van_ewijk,1,1,DEF,Coventry City,1,0,0,0,2,0,0,4,1.0,0.0,0.0,-8.0,0.0,2.0,0.01,0.01,0.0,1.88,3.0,0.0,1.5,10.6,90.0,0.0,0.0,0.0,0.0,0.0,1.0,2.0,1.0,0.0,0.0,0.0,40.0,0.0,Arsenal,0.0,0.0,Nott'm Forest,Nott'm Forest,0.0,0.0,2.2247016950979086,,1.5837288032687726,3.5233241532074207
milos_kerkez,1,0,DEF,Liverpool,17,0,0,0,4,0,0,2,2.5,0.0,0.0,3.0,0.0,13.8,0.02,0.04,0.02,1.58,2.0,0.0,4.4,18.0,90.0,0.0,0.0,0.0,0.0,0.0,1.0,12.0,0.0,0.0,0.0,0.0,55.0,1.0,Newcastle,2.0,1.0,Bournemouth,Bournemouth,1.0,0.0,3.044418964653704,15210.0,0.662474841040252,2.016850969668891
mitoma_kaoru,1,0,MID,Brighton,2,1,0,0,2,0,0,4,0.0,0.0,0.0,0.0,0.0,0.0,0.0,0.0,0.0,0.0,0.0,0.0,0.0,0.0,0.0,0.0,0.0,0.0,0.0,0.0,0.0,0.0,0.0,0.0,0.0,0.0,60.0,0.0,Aston Villa,4.0,3.0,Arsenal,Arsenal,3.0,3.0,0.48507580298966557,,0.805569853362067,0.3907624434838718
mohamed_belloumi,1,3,MID,Hull City,16,1,0,0,2,0,0,4,1.5,0.0,0.0,8.0,1.0,2.2,0.03,0.08,0.05,1.83,0.0,0.0,2.0,10.6,90.0,0.0,0.0,0.0,0.0,0.0,1.0,7.0,3.0,0.0,0.0,0.0,50.0,0.0,Man Utd,2.0,3.0,Newcastle,Newcastle,2.0,1.0,2.9704254057271324,,1.0548410285986136,3.1333265903526626
mohammed_kudus,1,0,MID,Spurs,4,0,0,0,3,0,0,3,0.6,0.0,0.0,0.0,0.0,0.0,0.0,0.0,0.0,0.0,0.0,0.0,0.0,0.0,0.0,0.0,0.0,0.0,0.0,0.0,0.0,0.0,0.0,0.0,0.0,0.0,65.0,0.0,Brentford,0.0,0.0,Aston Villa,Aston Villa,0.0,0.0,0.6369017379100594,,0.6842818080244075,0.4358202727509828
moises_caicedo_corozo,1,0,MID,Chelsea,10,0,0,0,4,0,0,2,2.0,0.0,0.0,0.0,0.0,0.0,0.0,0.0,0.0,0.0,0.0,0.0,0.0,0.0,0.0,0.0,0.0,0.0,0.0,0.0,0.0,0.0,0.0,0.0,0.0,0.0,55.0,0.0,Fulham,3.0,3.0,Brentford,Brentford,3.0,3.0,0.5738993855422889,61014.0,0.7182901688355359,0.41222628653578103
morgan_gibbs_white,1,2,MID,Nott'm Forest,13,1,0,0,3,0,0,3,2.8,0.0,0.0,10.0,0.0,9.3,0.06,0.19,0.13,0.47,1.0,0.0,2.4,0.0,90.0,0.0,0.0,0.0,0.0,0.0,1.0,16.0,2.0,0.0,0.0,0.0,80.0,0.0,Leeds,0.0,0.0,Coventry City,Coventry City,0.0,0.0,3.9939801516275084,14971.0,0.9294783804281432,3.7123182027968866
morgan_rogers,1,8,MID,Chelsea,10,0,0,0,4,0,0,2,2.6,0.0,1.0,37.0,0.0,53.5,0.1,1.06,0.96,1.24,2.0,1.0,13.1,48.8,81.0,0.0,0.0,0.0,0.0,0.0,1.0,29.0,8.0,0.0,0.0,0.0,75.0,0.0,Fulham,3.0,3.0,Brentford,Brentford,3.0,3.0,4.18018624217236,14970.0,0.7182901688355359,3.002586681653969
murillo_costa_dos_santos,1,4,DEF,Nott'm Forest,13,1,0,0,3,0,0,3,2.5,0.0,0.0,15.0,0.0,25.9,0.28,0.28,0.0,0.47,1.0,0.0,5.8,32.2,90.0,0.0,0.0,0.0,0.0,0.0,1.0,0.0,4.0,0.0,0.0,0.0,55.0,0.0,Leeds,0.0,0.0,Coventry City,Coventry City,0.0,0.0,4.3466134345017835,15210.0,2.0,8.693226869003567
mykhailo_mudryk,1,0,MID,Chelsea,10,0,0,0,4,0,0,2,2.0,0.0,0.0,0.0,0.0,0.0,0.0,0.0,0.0,0.0,0.0,0.0,0.0,0.0,0.0,0.0,0.0,0.0,0.0,0.0,0.0,0.0,0.0,0.0,0.0,0.0,55.0,0.0,Fulham,3.0,3.0,Brentford,Brentford,3.0,3.0,0.5738993855422889,,0.7182901688355359,0.41222628653578103
myles_lewis_skelly,1,3,MID,Arsenal,7,1,0,0,4,0,0,2,2.0,0.0,0.0,15.0,1.0,22.9,0.11,0.17,0.06,0.2,0.0,0.0,4.1,11.0,90.0,0.0,0.0,0.0,0.0,0.0,1.0,7.0,3.0,0.0,0.0,0.0,55.0,0.0,Coventry City,3.0,3.0,Brighton,Brighton,4.0,3.0,3.4684347289272512,,0.573752086684039,1.9900216632493994
nathan_collins,1,6,DEF,Brentford,19,1,0,0,3,0,0,3,2.5,0.0,0.0,21.0,1.0,21.5,0.04,0.38,0.34,0.57,0.0,0.0,5.0,11.6,90.0,0.0,0.0,0.0,0.0,0.0,1.0,17.0,6.0,0.0,0.0,0.0,55.0,0.0,Spurs,3.0,3.0,Chelsea,Chelsea,3.0,3.0,3.236860496768678,14972.0,2.0,6.473720993537356
nathan_patterson,1,0,DEF,Everton,8,1,0,0,3,0,0,3,1.7,0.0,0.0,0.0,0.0,0.0,0.0,0.0,0.0,0.0,0.0,0.0,0.0,0.0,0.0,0.0,0.0,0.0,0.0,0.0,0.0,0.0,0.0,0.0,0.0,0.0,45.0,0.0,Crystal Palace,2.0,3.0,Ipswich Town,Ipswich Town,2.0,3.0,0.633870794761638,,1.0276538737865144,0.6513997777169339
neco_williams,1,2,DEF,Nott'm Forest,13,1,0,0,3,0,0,3,2.2,0.0,0.0,13.0,0.0,5.8,0.02,0.02,0.0,0.47,1.0,0.0,2.7,15.2,90.0,0.0,0.0,0.0,0.0,0.0,1.0,6.0,2.0,0.0,0.0,0.0,50.0,0.0,Leeds,0.0,0.0,Coventry City,Coventry City,0.0,0.0,3.109578657179962,14971.0,2.0,6.219157314359924
nehemiah_oriola,1,0,MID,Brighton,2,1,0,0,2,0,0,4,1.0,0.0,0.0,0.0,0.0,0.0,0.0,0.0,0.0,0.0,0.0,0.0,0.0,0.0,0.0,0.0,0.0,0.0,0.0,0.0,0.0,0.0,0.0,0.0,0.0,0.0,45.0,0.0,Aston Villa,4.0,3.0,Arsenal,Arsenal,3.0,3.0,0.2187425227252784,,0.805569853362067,0.17621238195585112
nick_pope,1,0,GK,Newcastle,14,1,0,0,2,0,0,4,2.6,0.0,0.0,0.0,0.0,0.0,0.0,0.0,0.0,0.0,0.0,0.0,0.0,0.0,0.0,0.0,0.0,0.0,0.0,0.0,0.0,0.0,0.0,0.0,0.0,0.0,50.0,0.0,Liverpool,2.0,1.0,Hull City,Hull City,2.0,3.0,0.6571080805499075,,0.5,0.3285540402749538
nick_woltemade,1,0,FWD,Newcastle,14,1,0,0,2,0,0,4,2.0,0.0,0.0,0.0,0.0,0.0,0.0,0.0,0.0,0.0,0.0,0.0,0.0,0.0,0.0,0.0,0.0,0.0,0.0,0.0,0.0,0.0,0.0,0.0,0.0,0.0,60.0,0.0,Liverpool,2.0,1.0,Hull City,Hull City,2.0,3.0,0.5500438991825187,14970.0,1.2689655172413792,0.6979867410316098
nico_elvedi,1,0,DEF,Leeds,18,0,0,0,3,0,0,3,1.7,0.0,0.0,0.0,0.0,0.0,0.0,0.0,0.0,0.0,0.0,0.0,0.0,0.0,0.0,0.0,0.0,0.0,0.0,0.0,0.0,0.0,0.0,0.0,0.0,0.0,45.0,0.0,Nott'm Forest,1.0,3.0,Crystal Palace,Crystal Palace,0.0,0.0,0.4437873260197098,,2.0,0.8875746520394197
nico_gonzalez_iglesias,1,0,MID,Man City,3,1,0,0,4,0,0,3,2.0,0.0,0.0,0.0,0.0,0.0,0.0,0.0,0.0,0.0,0.0,0.0,0.0,0.0,0.0,0.0,0.0,0.0,0.0,0.0,0.0,0.0,0.0,0.0,0.0,0.0,55.0,0.0,Bournemouth,2.0,3.0,Sunderland,Sunderland,1.0,0.0,0.5228979542275571,,1.072076798305557,0.5605867646088052
nico_o'reilly,1,2,DEF,Man City,3,1,0,0,4,0,0,3,3.1,0.0,0.0,5.0,0.0,30.4,0.41,0.48,0.07,0.55,1.0,0.0,5.0,8.8,62.0,0.0,0.0,0.0,0.0,0.0,1.0,11.0,2.0,0.0,0.0,0.0,65.0,0.0,Bournemouth,2.0,3.0,Sunderland,Sunderland,1.0,0.0,3.533634707525021,14972.0,1.767644018424294,6.246208254053083
nicolas_dominguez,1,0,MID,Nott'm Forest,13,1,0,0,3,0,0,3,1.5,0.0,0.0,0.0,0.0,0.0,0.0,0.0,0.0,0.0,0.0,0.0,0.0,0.0,0.0,0.0,0.0,0.0,0.0,0.0,0.0,0.0,0.0,0.0,0.0,0.0,50.0,0.0,Leeds,0.0,0.0,Coventry City,Coventry City,0.0,0.0,0.3611233921649648,,0.9294783804281432,0.33565638568420875
nicolas_jackson,1,0,FWD,Chelsea,10,0,0,0,4,0,0,2,2.1,0.0,0.0,0.0,0.0,0.0,0.0,0.0,0.0,0.0,0.0,0.0,0.0,0.0,0.0,0.0,0.0,0.0,0.0,0.0,0.0,0.0,0.0,0.0,0.0,0.0,65.0,0.0,Fulham,3.0,3.0,Brentford,Brentford,3.0,3.0,0.606658690125949,,2.0,1.213317380251898
nicolo_savona,1,0,DEF,Nott'm Forest,13,1,0,0,3,0,0,3,0.0,0.0,0.0,0.0,0.0,0.0,0.0,0.0,0.0,0.0,0.0,0.0,0.0,0.0,0.0,0.0,0.0,0.0,0.0,0.0,0.0,0.0,0.0,0.0,0.0,0.0,45.0,0.0,Leeds,0.0,0.0,Coventry City,Coventry City,0.0,0.0,0.14542266256398562,,2.0,0.29084532512797123
nikola_milenkovic,1,2,DEF,Nott'm Forest,13,1,0,0,3,0,0,3,2.5,0.0,0.0,4.0,0.0,0.6,0.02,0.13,0.11,0.47,1.0,0.0,2.2,7.6,90.0,0.0,0.0,0.0,0.0,0.0,1.0,14.0,2.0,0.0,0.0,0.0,55.0,0.0,Leeds,0.0,0.0,Coventry City,Coventry City,0.0,0.0,3.5812645319161405,14972.0,2.0,7.162529063832281
nilson_angulo,1,5,MID,Sunderland,12,0,0,0,3,0,0,2,1.5,0.0,0.0,23.0,0.0,3.3,0.01,0.16,0.15,1.66,1.0,1.0,5.2,32.8,58.0,0.0,0.0,0.0,0.0,0.0,1.0,16.0,5.0,0.0,0.0,0.0,50.0,1.0,Ipswich Town,1.0,0.0,Man City,Man City,2.0,3.0,1.4780442107042864,,1.0120785099388474,1.495896782393334
noah_okafor,1,1,MID,Leeds,18,0,0,0,3,0,0,3,2.2,0.0,0.0,10.0,0.0,14.0,0.16,0.16,0.0,0.13,0.0,0.0,2.8,10.0,24.0,0.0,0.0,0.0,0.0,0.0,0.0,4.0,1.0,0.0,0.0,0.0,60.0,0.0,Nott'm Forest,1.0,3.0,Crystal Palace,Crystal Palace,0.0,0.0,2.2014581297801223,,1.8618918577137376,4.098876966935323
noah_sadiki,1,2,MID,Sunderland,12,0,0,0,3,0,0,2,1.5,0.0,0.0,18.0,0.0,32.1,0.03,0.09,0.06,1.8,2.0,0.0,7.2,14.6,90.0,0.0,0.0,0.0,0.0,0.0,1.0,25.0,2.0,0.0,0.0,0.0,50.0,0.0,Ipswich Town,1.0,0.0,Man City,Man City,2.0,3.0,3.104781411665182,,1.0120785099388474,3.1422825448039284
nobel_mendy,1,15,DEF,Hull City,16,1,0,0,2,0,0,4,1.0,0.0,1.0,35.0,1.0,0.6,0.0,0.28,0.28,0.86,0.0,1.0,8.5,51.8,63.0,0.0,0.0,0.0,0.0,0.0,1.0,33.0,15.0,0.0,0.0,0.0,40.0,0.0,Man Utd,2.0,3.0,Newcastle,Newcastle,2.0,1.0,2.7502796185719856,,1.4899357349188793,4.097739884729466
noni_madueke,1,1,MID,Arsenal,7,1,0,0,4,0,0,2,2.3,0.0,0.0,8.0,0.0,43.1,0.04,0.04,0.0,0.15,0.0,0.0,5.3,9.4,22.0,0.0,0.0,0.0,0.0,0.0,0.0,0.0,1.0,0.0,0.0,0.0,65.0,0.0,Coventry City,3.0,3.0,Brighton,Brighton,4.0,3.0,2.3797162453760823,,0.573752086684039,1.3653671615004337
norberto_bercique_gomes_betuncal,1,1,FWD,Everton,8,1,0,0,3,0,0,3,1.8,0.0,0.0,3.0,0.0,0.0,0.0,0.05,0.05,0.34,0.0,0.0,0.2,0.0,11.0,0.0,0.0,0.0,0.0,0.0,0.0,2.0,1.0,0.0,0.0,0.0,55.0,0.0,Crystal Palace,2.0,3.0,Ipswich Town,Ipswich Town,2.0,3.0,1.641280961511785,15210.0,1.8031814164878166,2.959527329033306
nordi_mukiele,1,0,DEF,Sunderland,12,0,0,0,3,0,0,2,2.5,0.0,0.0,0.0,0.0,0.0,0.0,0.0,0.0,0.0,0.0,0.0,0.0,0.0,0.0,0.0,0.0,0.0,0.0,0.0,0.0,0.0,0.0,0.0,0.0,0.0,55.0,0.0,Ipswich Town,1.0,0.0,Man City,Man City,2.0,3.0,0.9843489235910905,79641.0,0.5,0.49217446179554525
norman_bassette,1,0,FWD,Coventry City,1,0,0,0,2,0,0,4,0.0,0.0,0.0,0.0,0.0,0.0,0.0,0.0,0.0,0.0,0.0,0.0,0.0,0.0,0.0,0.0,0.0,0.0,0.0,0.0,0.0,0.0,0.0,0.0,0.0,0.0,45.0,0.0,Arsenal,0.0,0.0,Nott'm Forest,Nott'm Forest,0.0,0.0,0.018872491942612868,,0.5,0.009436245971306434
noussair_mazraoui,1,1,DEF,Man Utd,11,0,0,0,4,0,0,2,1.7,0.0,0.0,8.0,0.0,29.4,0.05,0.27,0.22,1.01,2.0,0.0,5.6,17.4,79.0,0.0,0.0,0.0,0.0,0.0,1.0,9.0,1.0,0.0,0.0,0.0,45.0,0.0,Hull City,0.0,0.0,Fulham,Fulham,2.0,0.0,1.9564772147105949,,0.5,0.9782386073552974
ola_aina,1,5,DEF,Nott'm Forest,13,1,0,0,3,0,0,3,1.7,0.0,0.0,24.0,1.0,35.6,0.17,0.21,0.04,0.34,0.0,0.0,6.3,16.0,73.0,0.0,0.0,0.0,0.0,0.0,1.0,11.0,5.0,0.0,0.0,0.0,45.0,1.0,Leeds,0.0,0.0,Coventry City,Coventry City,0.0,0.0,2.1901428121906497,,2.0,4.380285624381299
oli_mcburnie,1,5,FWD,Hull City,16,1,0,0,2,0,0,4,1.8,1.0,0.0,21.0,1.0,21.1,0.01,0.17,0.16,1.83,0.0,0.0,9.0,17.2,90.0,0.0,0.0,0.0,0.0,0.0,1.0,52.0,5.0,0.0,0.0,0.0,55.0,0.0,Man Utd,2.0,3.0,Newcastle,Newcastle,2.0,1.0,3.34582043497454,61014.0,0.6530864197530863,2.1851098890142366
oliver_dovin,1,0,GK,Coventry City,1,0,0,0,2,0,0,4,1.0,0.0,0.0,0.0,0.0,0.0,0.0,0.0,0.0,0.0,0.0,0.0,0.0,0.0,0.0,0.0,0.0,0.0,0.0,0.0,0.0,0.0,0.0,0.0,0.0,0.0,40.0,0.0,Arsenal,0.0,0.0,Nott'm Forest,Nott'm Forest,0.0,0.0,-0.4549530633785406,,2.0,-0.9099061267570812
olivier_boscagli,1,6,DEF,Brighton,2,1,0,0,2,0,0,4,1.7,0.0,0.0,29.0,1.0,7.3,0.04,0.04,0.0,0.29,0.0,0.0,2.9,15.2,90.0,0.0,0.0,0.0,0.0,0.0,1.0,6.0,6.0,0.0,0.0,0.0,45.0,0.0,Aston Villa,4.0,3.0,Arsenal,Arsenal,3.0,3.0,2.941657303949823,,1.7921141721199267,5.2717857439285725
ollie_watkins,1,0,FWD,Aston Villa,5,0,0,0,4,0,0,2,2.5,0.0,0.0,0.0,0.0,0.0,0.0,0.0,0.0,0.0,0.0,0.0,0.0,0.0,0.0,0.0,0.0,0.0,0.0,0.0,0.0,0.0,0.0,0.0,0.0,0.0,80.0,0.0,Brighton,0.0,0.0,Spurs,Spurs,0.0,0.0,0.8313698045694452,14971.0,,
omar_alderete,1,1,DEF,Sunderland,12,0,0,0,3,0,0,2,2.2,0.0,0.0,2.0,0.0,0.6,0.01,0.01,0.0,0.1,1.0,0.0,0.0,0.0,23.0,0.0,0.0,0.0,0.0,0.0,0.0,0.0,1.0,0.0,0.0,0.0,50.0,0.0,Ipswich Town,1.0,0.0,Man City,Man City,2.0,3.0,2.2943775610240595,,0.5,1.1471887805120298
omar_marmoush,1,0,FWD,Man City,3,1,0,0,4,0,0,3,2.2,0.0,0.0,0.0,0.0,0.0,0.0,0.0,0.0,0.0,0.0,0.0,0.0,0.0,0.0,0.0,0.0,0.0,0.0,0.0,0.0,0.0,0.0,0.0,0.0,0.0,70.0,0.0,Bournemouth,2.0,3.0,Sunderland,Sunderland,1.0,0.0,0.6093428461468271,14972.0,1.3061728395061727,0.7959070755843741
omar_richards,1,0,DEF,Nott'm Forest,13,1,0,0,3,0,0,3,1.0,0.0,0.0,0.0,0.0,0.0,0.0,0.0,0.0,0.0,0.0,0.0,0.0,0.0,0.0,0.0,0.0,0.0,0.0,0.0,0.0,0.0,0.0,0.0,0.0,0.0,40.0,0.0,Leeds,0.0,0.0,Coventry City,Coventry City,0.0,0.0,0.08715912985043506,,2.0,0.17431825970087012
omari_hutchinson,1,0,MID,Nott'm Forest,13,1,0,0,3,0,0,3,2.0,0.0,0.0,0.0,0.0,0.0,0.0,0.0,0.0,0.0,0.0,0.0,0.0,0.0,0.0,0.0,0.0,0.0,0.0,0.0,0.0,0.0,0.0,0.0,0.0,0.0,55.0,0.0,Leeds,0.0,0.0,Coventry City,Coventry City,0.0,0.0,0.5286100312589912,,0.9294783804281432,0.4913315957326773
oscar_bobb,1,2,MID,Fulham,6,1,0,0,2,0,0,4,2.0,0.0,0.0,10.0,0.0,13.8,0.26,0.26,0.0,2.21,3.0,0.0,3.0,9.8,66.0,0.0,0.0,0.0,0.0,0.0,1.0,6.0,2.0,0.0,0.0,0.0,55.0,0.0,Chelsea,2.0,0.0,Man Utd,Man Utd,0.0,0.0,2.2067685652682405,,0.532607108061187,1.1753406237078525
oscar_mingueza,1,0,DEF,Crystal Palace,9,0,0,0,3,0,0,3,1.7,0.0,0.0,0.0,0.0,0.0,0.0,0.0,0.0,0.0,0.0,0.0,0.0,0.0,0.0,0.0,0.0,0.0,0.0,0.0,0.0,0.0,0.0,0.0,0.0,0.0,45.0,0.0,Everton,0.0,0.0,Leeds,Leeds,1.0,3.0,0.4520894066540122,,0.6698067917101006,0.3028125550370469
oscar_zambrano,1,0,MID,Hull City,16,1,0,0,2,0,0,4,0.0,0.0,0.0,0.0,0.0,0.0,0.0,0.0,0.0,0.0,0.0,0.0,0.0,0.0,0.0,0.0,0.0,0.0,0.0,0.0,0.0,0.0,0.0,0.0,0.0,0.0,45.0,0.0,Man Utd,2.0,3.0,Newcastle,Newcastle,2.0,1.0,0.12757314721732005,,1.0548410285986136,0.13456938983228026
ousmane_diomande,1,0,DEF,Nott'm Forest,13,1,0,0,3,0,0,3,2.5,0.0,0.0,0.0,0.0,0.0,0.0,0.0,0.0,0.0,0.0,0.0,0.0,0.0,0.0,0.0,0.0,0.0,0.0,0.0,0.0,0.0,0.0,0.0,0.0,0.0,55.0,0.0,Leeds,0.0,0.0,Coventry City,Coventry City,0.0,0.0,0.7942654548491623,,2.0,1.5885309096983247
paddy_mcnair,1,1,DEF,Hull City,16,1,0,0,2,0,0,4,1.0,0.0,0.0,3.0,0.0,0.0,0.0,0.0,0.0,0.96,0.0,0.0,0.4,4.2,26.0,0.0,0.0,0.0,0.0,0.0,0.0,0.0,1.0,0.0,0.0,0.0,40.0,0.0,Man Utd,2.0,3.0,Newcastle,Newcastle,2.0,1.0,1.3340378661270136,,1.4899357349188793,1.9876306884775656
pape_matar_sarr,1,0,MID,Spurs,4,0,0,0,3,0,0,3,0.0,0.0,0.0,0.0,0.0,0.0,0.0,0.0,0.0,0.0,0.0,0.0,0.0,0.0,0.0,0.0,0.0,0.0,0.0,0.0,0.0,0.0,0.0,0.0,0.0,0.0,50.0,0.0,Brentford,0.0,0.0,Aston Villa,Aston Villa,0.0,0.0,0.21944740995434997,,0.6842818080244075,0.15016387044983595
pascal_gross,1,2,MID,Brighton,2,1,0,0,2,0,0,4,2.0,0.0,0.0,18.0,1.0,56.9,0.27,0.27,0.0,0.29,0.0,0.0,8.6,21.0,90.0,0.0,0.0,0.0,0.0,0.0,1.0,8.0,2.0,0.0,0.0,0.0,55.0,1.0,Aston Villa,4.0,3.0,Arsenal,Arsenal,3.0,3.0,3.491174977003688,61014.0,0.805569853362067,2.8123853142861788
pascal_struijk,1,0,DEF,Brighton,2,1,0,0,2,0,0,4,2.2,0.0,0.0,0.0,0.0,0.0,0.0,0.0,0.0,0.0,0.0,0.0,0.0,0.0,0.0,0.0,0.0,0.0,0.0,0.0,0.0,0.0,0.0,0.0,0.0,0.0,50.0,0.0,Aston Villa,4.0,3.0,Arsenal,Arsenal,3.0,3.0,0.9747974728736499,,1.7921141721199267,1.7469483660835579
patrick_dorgu,1,0,MID,Man Utd,11,0,0,0,4,0,0,2,2.2,0.0,0.0,-11.0,0.0,1.2,0.03,0.5,0.47,0.92,2.0,0.0,0.7,0.0,45.0,0.0,0.0,0.0,0.0,0.0,1.0,16.0,0.0,0.0,0.0,0.0,60.0,1.0,Hull City,0.0,0.0,Fulham,Fulham,2.0,0.0,1.1887409197219716,79641.0,0.808425802862563,0.9610088324218165
pau_torres,1,0,DEF,Aston Villa,5,0,0,0,4,0,0,2,1.7,0.0,0.0,-14.0,0.0,0.7,0.0,0.0,0.0,3.55,4.0,0.0,0.0,0.0,73.0,0.0,0.0,0.0,0.0,0.0,1.0,0.0,0.0,0.0,0.0,0.0,45.0,0.0,Brighton,0.0,0.0,Spurs,Spurs,0.0,0.0,1.0507090430647743,,0.5,0.5253545215323872
pedro_lomba_neto,1,1,MID,Chelsea,10,0,0,0,4,0,0,2,2.3,0.0,0.0,9.0,0.0,4.1,0.07,0.1,0.03,0.22,0.0,0.0,1.3,5.2,14.0,0.0,0.0,0.0,0.0,0.0,0.0,4.0,1.0,0.0,0.0,0.0,65.0,0.0,Fulham,3.0,3.0,Brentford,Brentford,3.0,3.0,1.9079888839168286,14973.0,0.7182901688355359,1.3704896575649446
pedro_porro_sauceda,1,0,DEF,Spurs,4,0,0,0,3,0,0,3,0.0,0.0,0.0,0.0,0.0,0.0,0.0,0.0,0.0,0.0,0.0,0.0,0.0,0.0,0.0,0.0,0.0,0.0,0.0,0.0,0.0,0.0,0.0,0.0,0.0,0.0,55.0,0.0,Brentford,0.0,0.0,Aston Villa,Aston Villa,0.0,0.0,0.498534495483565,14973.0,2.0,0.99706899096713
pep_chavarria,1,1,DEF,Chelsea,10,0,0,0,4,0,0,2,2.2,0.0,0.0,3.0,0.0,0.2,0.0,0.0,0.0,0.28,0.0,0.0,0.5,2.4,25.0,0.0,0.0,0.0,0.0,0.0,0.0,2.0,1.0,0.0,0.0,0.0,50.0,0.0,Fulham,3.0,3.0,Brentford,Brentford,3.0,3.0,2.1881568681815757,,0.7524027359199198,1.646375214241781
phil_foden,1,1,MID,Man City,3,1,0,0,4,0,0,3,2.5,0.0,0.0,15.0,0.0,49.6,0.4,0.52,0.12,0.65,1.0,0.0,7.5,10.4,81.0,0.0,0.0,0.0,0.0,0.0,1.0,15.0,1.0,0.0,0.0,0.0,70.0,1.0,Bournemouth,2.0,3.0,Sunderland,Sunderland,1.0,0.0,3.7068287767493757,14969.0,1.072076798305557,3.974005126844375
piero_hincapie,1,1,DEF,Arsenal,7,1,0,0,4,0,0,2,2.5,0.0,0.0,3.0,0.0,0.5,0.0,0.0,0.0,0.15,0.0,0.0,0.1,0.4,9.0,0.0,0.0,0.0,0.0,0.0,0.0,0.0,1.0,0.0,0.0,0.0,55.0,0.0,Coventry City,3.0,3.0,Brighton,Brighton,4.0,3.0,1.8855885744761511,79641.0,0.5,0.9427942872380756
promise_david,1,0,FWD,Brighton,2,1,0,0,2,0,0,4,2.0,0.0,0.0,0.0,0.0,0.0,0.0,0.0,0.0,0.0,0.0,0.0,0.0,0.0,0.0,0.0,0.0,0.0,0.0,0.0,0.0,0.0,0.0,0.0,0.0,0.0,60.0,0.0,Aston Villa,4.0,3.0,Arsenal,Arsenal,3.0,3.0,0.5472658435575581,14969.0,0.8658882584024441,0.47387106816119845
raphael_borges_rodrigues,1,0,MID,Coventry City,1,0,0,0,2,0,0,4,1.0,0.0,0.0,0.0,0.0,0.0,0.0,0.0,0.0,0.0,0.0,0.0,0.0,0.0,0.0,0.0,0.0,0.0,0.0,0.0,0.0,0.0,0.0,0.0,0.0,0.0,45.0,0.0,Arsenal,0.0,0.0,Nott'm Forest,Nott'm Forest,0.0,0.0,0.19363675307093864,,0.6637299677961009,0.12852251587991564
rayan_ait_nouri,1,0,DEF,Man City,3,1,0,0,4,0,0,3,2.5,0.0,0.0,0.0,0.0,0.0,0.0,0.0,0.0,0.0,0.0,0.0,0.0,0.0,0.0,0.0,0.0,0.0,0.0,0.0,0.0,0.0,0.0,0.0,0.0,0.0,55.0,0.0,Bournemouth,2.0,3.0,Sunderland,Sunderland,1.0,0.0,0.976046842956788,,1.767644018424294,1.7253033636544826
rayan_cherki,1,8,MID,Man City,3,1,0,0,4,0,0,3,2.6,2.0,1.0,28.0,0.0,48.8,0.5,0.5,0.0,0.1,0.0,0.0,9.2,39.2,27.0,0.0,0.0,0.0,0.0,0.0,0.0,4.0,8.0,0.0,0.0,0.0,75.0,0.0,Bournemouth,2.0,3.0,Sunderland,Sunderland,1.0,0.0,3.4960987478789725,14973.0,1.072076798305557,3.7480863521861556
rayan_vitor_simplicio_rocha,1,2,MID,Bournemouth,15,0,0,0,3,0,0,4,2.3,0.0,0.0,9.0,0.0,11.3,0.03,0.07,0.04,2.06,1.0,0.0,3.5,6.2,88.0,0.0,0.0,0.0,0.0,0.0,1.0,17.0,2.0,0.0,0.0,0.0,65.0,0.0,Man City,1.0,0.0,Liverpool,Liverpool,2.0,1.0,3.376938194245862,14971.0,0.9979037408920849,3.369859256799308
reece_james,1,0,DEF,Chelsea,10,0,0,0,4,0,0,2,2.5,0.0,0.0,5.0,0.0,16.8,0.07,0.17,0.1,1.33,2.0,0.0,5.9,23.4,90.0,0.0,0.0,0.0,0.0,0.0,1.0,19.0,0.0,0.0,0.0,0.0,55.0,1.0,Fulham,3.0,3.0,Brentford,Brentford,3.0,3.0,3.5534513845210323,50210.0,0.7524027359199198,2.6736265436720514
regan_slater,1,6,MID,Hull City,16,1,0,0,2,0,0,4,1.0,1.0,0.0,20.0,1.0,19.3,0.44,0.44,0.0,1.83,0.0,0.0,3.8,18.4,90.0,0.0,0.0,0.0,0.0,0.0,1.0,0.0,6.0,0.0,0.0,0.0,45.0,0.0,Man Utd,2.0,3.0,Newcastle,Newcastle,2.0,1.0,3.5082746702196967,,1.0548410285986136,3.700672061741007
reinildo_mandava,1,1,DEF,Sunderland,12,0,0,0,3,0,0,2,1.7,0.0,0.0,9.0,0.0,27.5,0.29,0.29,0.0,1.8,2.0,0.0,5.5,23.0,90.0,0.0,0.0,0.0,0.0,0.0,1.0,4.0,1.0,0.0,0.0,0.0,45.0,0.0,Ipswich Town,1.0,0.0,Man City,Man City,2.0,3.0,2.5765302014279006,,0.5,1.2882651007139503
reiss_nelson,1,0,MID,Arsenal,7,1,0,0,4,0,0,2,2.0,0.0,0.0,0.0,0.0,0.0,0.0,0.0,0.0,0.0,0.0,0.0,0.0,0.0,0.0,0.0,0.0,0.0,0.0,0.0,0.0,0.0,0.0,0.0,0.0,0.0,55.0,0.0,Coventry City,3.0,3.0,Brighton,Brighton,4.0,3.0,0.6050117475532755,,0.573752086684039,0.34712675262704884
remi_matthews,1,0,GK,Crystal Palace,9,0,0,0,3,0,0,3,1.0,0.0,0.0,0.0,0.0,0.0,0.0,0.0,0.0,0.0,0.0,0.0,0.0,0.0,0.0,0.0,0.0,0.0,0.0,0.0,0.0,0.0,0.0,0.0,0.0,0.0,40.0,0.0,Everton,0.0,0.0,Leeds,Leeds,1.0,3.0,0.04547923654462016,,1.0,0.04547923654462016
riccardo_calafiori,1,9,DEF,Arsenal,7,1,0,0,4,0,0,2,2.5,1.0,0.0,31.0,1.0,12.2,0.09,0.13,0.04,0.06,0.0,0.0,4.2,26.0,80.0,0.0,0.0,0.0,0.0,0.0,1.0,4.0,9.0,0.0,0.0,0.0,55.0,0.0,Coventry City,3.0,3.0,Brighton,Brighton,4.0,3.0,3.6136107259467245,15210.0,0.5,1.8068053629733623
richarlison_de_andrade,1,2,FWD,Spurs,4,0,0,0,3,0,0,3,2.0,0.0,0.0,6.0,0.0,2.2,0.0,0.0,0.0,3.02,3.0,0.0,0.2,0.0,67.0,0.0,0.0,0.0,0.0,0.0,1.0,0.0,2.0,0.0,0.0,0.0,60.0,0.0,Brentford,0.0,0.0,Aston Villa,Aston Villa,0.0,0.0,2.168336215224303,14970.0,0.9223169314219293,1.999893204316719
rico_henry,1,0,DEF,Brentford,19,1,0,0,3,0,0,3,1.7,0.0,0.0,0.0,0.0,0.0,0.0,0.0,0.0,0.0,0.0,0.0,0.0,0.0,0.0,0.0,0.0,0.0,0.0,0.0,0.0,0.0,0.0,0.0,0.0,0.0,45.0,0.0,Spurs,3.0,3.0,Chelsea,Chelsea,3.0,3.0,0.7183845717821455,,2.0,1.436769143564291
rico_lewis,1,1,DEF,Man City,3,1,0,0,4,0,0,3,1.7,0.0,0.0,-1.0,0.0,3.8,0.02,0.19,0.17,0.55,1.0,0.0,4.7,3.8,56.0,0.0,0.0,0.0,0.0,0.0,1.0,39.0,1.0,0.0,0.0,0.0,45.0,0.0,Bournemouth,2.0,3.0,Sunderland,Sunderland,1.0,0.0,2.2450525580819383,,1.767644018424294,3.968453725341698
rio_cardines,1,0,DEF,Crystal Palace,9,0,0,0,3,0,0,3,0.0,0.0,0.0,0.0,0.0,0.0,0.0,0.0,0.0,0.0,0.0,0.0,0.0,0.0,0.0,0.0,0.0,0.0,0.0,0.0,0.0,0.0,0.0,0.0,0.0,0.0,45.0,0.0,Everton,0.0,0.0,Leeds,Leeds,1.0,3.0,0.2509923542854062,,0.6698067917101006,0.16811638356767286
rio_ngumoha,1,2,MID,Liverpool,17,0,0,0,4,0,0,2,2.2,0.0,0.0,9.0,0.0,6.0,0.02,0.06,0.04,0.51,2.0,0.0,1.3,2.4,62.0,0.0,0.0,0.0,0.0,0.0,1.0,5.0,2.0,0.0,0.0,0.0,60.0,0.0,Newcastle,2.0,1.0,Bournemouth,Bournemouth,1.0,0.0,2.1050252060421655,14970.0,1.37537988837858,2.8952093329203707
robert_lynch_sanchez,1,2,GK,Chelsea,10,0,0,0,4,0,0,2,2.6,0.0,0.0,6.0,0.0,0.0,0.01,0.01,0.0,1.33,2.0,0.0,2.1,21.4,90.0,0.0,0.0,0.0,0.0,4.0,1.0,0.0,2.0,0.0,0.0,0.0,50.0,0.0,Fulham,3.0,3.0,Brentford,Brentford,3.0,3.0,4.171897792572963,14971.0,1.0,4.171897792572963
robin_roefs,1,1,GK,Sunderland,12,0,0,0,3,0,0,2,2.6,0.0,0.0,7.0,0.0,0.0,0.0,0.0,0.0,1.8,2.0,0.0,1.5,15.2,90.0,0.0,0.0,0.0,0.0,1.0,1.0,0.0,1.0,0.0,0.0,0.0,50.0,0.0,Ipswich Town,1.0,0.0,Man City,Man City,2.0,3.0,3.1527985366717077,14974.0,0.5,1.5763992683358539
rodrigo_'rodri'_hernandez_cascante,1,0,MID,Man City,3,1,0,0,4,0,0,3,0.0,0.0,0.0,0.0,0.0,0.0,0.0,0.0,0.0,0.0,0.0,0.0,0.0,0.0,0.0,0.0,0.0,0.0,0.0,0.0,0.0,0.0,0.0,0.0,0.0,0.0,65.0,0.0,Bournemouth,2.0,3.0,Sunderland,Sunderland,1.0,0.0,0.5745192679943796,,1.072076798305557,0.6159287773962667
rodrigo_bentancur,1,1,MID,Spurs,4,0,0,0,3,0,0,3,2.0,0.0,0.0,8.0,0.0,14.7,0.01,0.01,0.0,2.18,1.0,0.0,1.7,2.0,45.0,0.0,0.0,0.0,0.0,0.0,0.0,0.0,1.0,0.0,0.0,0.0,55.0,0.0,Brentford,0.0,0.0,Aston Villa,Aston Villa,0.0,0.0,2.525276585047874,,0.6842818080244075,1.7280008273782608
rodrigo_muniz_carvalho,1,1,FWD,Fulham,6,1,0,0,2,0,0,4,1.8,0.0,0.0,6.0,0.0,11.5,0.0,0.02,0.02,0.03,0.0,0.0,2.5,6.0,8.0,0.0,0.0,0.0,0.0,0.0,0.0,7.0,1.0,0.0,0.0,0.0,55.0,0.0,Chelsea,2.0,0.0,Man Utd,Man Utd,0.0,0.0,1.7290856865306676,,2.0,3.4581713730613353
romain_esse,1,0,MID,Crystal Palace,9,0,0,0,3,0,0,3,1.5,0.0,0.0,0.0,0.0,0.0,0.0,0.0,0.0,0.0,0.0,0.0,0.0,0.0,0.0,0.0,0.0,0.0,0.0,0.0,0.0,0.0,0.0,0.0,0.0,0.0,50.0,0.0,Everton,0.0,0.0,Leeds,Leeds,1.0,3.0,0.4011960460976678,,0.5,0.2005980230488339
romaine_mundle,1,0,MID,Sunderland,12,0,0,0,3,0,0,2,1.5,0.0,0.0,0.0,0.0,0.0,0.0,0.0,0.0,0.0,0.0,0.0,0.0,0.0,0.0,0.0,0.0,0.0,0.0,0.0,0.0,0.0,0.0,0.0,0.0,0.0,50.0,0.0,Ipswich Town,1.0,0.0,Man City,Man City,2.0,3.0,0.41212482347969637,,1.0120785099388474,0.4171026772561416
romeo_lavia,1,1,MID,Chelsea,10,0,0,0,4,0,0,2,1.5,0.0,0.0,8.0,0.0,21.9,0.03,0.24,0.21,1.05,2.0,0.0,6.9,13.6,64.0,0.0,0.0,0.0,0.0,0.0,1.0,33.0,1.0,0.0,0.0,0.0,50.0,1.0,Fulham,3.0,3.0,Brentford,Brentford,3.0,3.0,2.263538921787071,,0.7182901688355359,1.6258777542962422
ronald_araujo,1,1,DEF,Liverpool,17,0,0,0,4,0,0,2,2.5,0.0,0.0,3.0,0.0,1.2,0.03,0.03,0.0,0.54,0.0,0.0,1.4,13.2,20.0,0.0,0.0,0.0,0.0,0.0,0.0,0.0,1.0,0.0,0.0,0.0,55.0,0.0,Newcastle,2.0,1.0,Bournemouth,Bournemouth,1.0,0.0,1.9350838880935775,15210.0,0.662474841040252,1.2819443911643456
ross_barkley,1,2,MID,Aston Villa,5,0,0,0,4,0,0,2,1.5,0.0,0.0,11.0,0.0,21.4,0.02,0.12,0.1,3.55,4.0,0.0,3.8,9.4,73.0,0.0,0.0,0.0,0.0,0.0,1.0,7.0,2.0,0.0,0.0,0.0,50.0,0.0,Brighton,0.0,0.0,Spurs,Spurs,0.0,0.0,2.0034302810922164,,0.6353654392578061,1.2729103605685461
ruben_dos_santos_gato_alves_dias,1,2,DEF,Man City,3,1,0,0,4,0,0,3,2.5,0.0,0.0,11.0,0.0,17.9,0.14,0.14,0.0,0.65,1.0,0.0,4.4,24.4,90.0,0.0,0.0,0.0,0.0,0.0,1.0,2.0,2.0,0.0,0.0,0.0,55.0,0.0,Bournemouth,2.0,3.0,Sunderland,Sunderland,1.0,0.0,3.525550143432047,79641.0,1.767644018424294,6.23191762269257
ryan_christie,1,0,MID,Bournemouth,15,0,0,0,3,0,0,4,0.0,0.0,0.0,0.0,0.0,0.0,0.0,0.0,0.0,0.0,0.0,0.0,0.0,0.0,0.0,0.0,0.0,0.0,0.0,0.0,0.0,0.0,0.0,0.0,0.0,0.0,50.0,0.0,Man City,1.0,0.0,Liverpool,Liverpool,2.0,1.0,0.2644753133212705,,0.9979037408920849,0.2639209045369021
ryan_giles,1,6,DEF,Hull City,16,1,0,0,2,0,0,4,1.0,0.0,0.0,24.0,1.0,18.8,0.07,0.09,0.02,1.76,0.0,0.0,3.7,13.8,84.0,0.0,0.0,0.0,0.0,0.0,1.0,4.0,6.0,0.0,0.0,0.0,40.0,0.0,Man Utd,2.0,3.0,Newcastle,Newcastle,2.0,1.0,1.7316028278759357,,1.4899357349188793,2.579976931938942
ryan_gravenberch,1,5,MID,Liverpool,17,0,0,0,4,0,0,2,2.2,1.0,0.0,26.0,0.0,16.0,0.05,0.11,0.06,1.1,2.0,0.0,4.4,24.4,77.0,0.0,0.0,0.0,0.0,0.0,1.0,4.0,5.0,0.0,0.0,0.0,60.0,0.0,Newcastle,2.0,1.0,Bournemouth,Bournemouth,1.0,0.0,2.6964235199545916,14970.0,1.37537988837858,3.708606679896524
ryan_sessegnon,1,1,DEF,Fulham,6,1,0,0,2,0,0,4,1.7,0.0,0.0,7.0,0.0,0.5,0.0,0.03,0.03,0.03,0.0,0.0,2.6,6.6,17.0,0.0,0.0,0.0,0.0,0.0,0.0,19.0,1.0,0.0,0.0,0.0,45.0,0.0,Chelsea,2.0,0.0,Man Utd,Man Utd,0.0,0.0,1.8772824112458286,,2.0,3.7545648224916572
ryan_yates,1,0,MID,Nott'm Forest,13,1,0,0,3,0,0,3,0.0,0.0,0.0,0.0,0.0,0.0,0.0,0.0,0.0,0.0,0.0,0.0,0.0,0.0,0.0,0.0,0.0,0.0,0.0,0.0,0.0,0.0,0.0,0.0,0.0,0.0,45.0,0.0,Leeds,0.0,0.0,Coventry City,Coventry City,0.0,0.0,0.09918609826386215,,0.9294783804281432,0.09219133397528126
sam_szmodics,1,0,MID,Ipswich Town,20,1,0,0,2,0,0,3,0.0,0.0,0.0,0.0,0.0,0.0,0.0,0.0,0.0,0.0,0.0,0.0,0.0,0.0,0.0,0.0,0.0,0.0,0.0,0.0,0.0,0.0,0.0,0.0,0.0,0.0,50.0,0.0,Sunderland,2.0,3.0,Everton,Everton,2.0,3.0,0.2538079868556189,,0.7629143005485817,0.1936337427655981
samuel_iling_junior,1,0,MID,Aston Villa,5,0,0,0,4,0,0,2,0.0,0.0,0.0,0.0,0.0,0.0,0.0,0.0,0.0,0.0,0.0,0.0,0.0,0.0,0.0,0.0,0.0,0.0,0.0,0.0,0.0,0.0,0.0,0.0,0.0,0.0,50.0,0.0,Brighton,0.0,0.0,Spurs,Spurs,0.0,0.0,0.21944740995434997,,0.6353654392578061,0.1394293000196334
sander_berge,1,2,MID,Fulham,6,1,0,0,2,0,0,4,1.5,0.0,0.0,14.0,0.0,23.1,0.03,0.06,0.03,2.21,3.0,0.0,4.4,13.6,72.0,0.0,0.0,0.0,0.0,0.0,1.0,7.0,2.0,0.0,0.0,0.0,50.0,0.0,Chelsea,2.0,0.0,Man Utd,Man Utd,0.0,0.0,1.9708709502835227,,0.532607108061187,1.0496998771923105
sandro_tonali,1,2,MID,Spurs,4,0,0,0,3,0,0,3,2.0,0.0,0.0,14.0,0.0,6.4,0.06,0.1,0.04,3.87,3.0,0.0,2.1,6.2,90.0,0.0,0.0,0.0,0.0,0.0,1.0,8.0,2.0,0.0,0.0,0.0,55.0,0.0,Brentford,0.0,0.0,Aston Villa,Aston Villa,0.0,0.0,2.7257800580073392,14974.0,0.6842818080244075,1.8652017063701365
sasa_lukic,1,5,MID,Ipswich Town,20,1,0,0,2,0,0,3,1.5,1.0,0.0,22.0,0.0,14.8,0.02,0.02,0.0,0.66,1.0,0.0,4.0,23.4,90.0,0.0,0.0,0.0,0.0,0.0,1.0,2.0,5.0,0.0,0.0,0.0,50.0,0.0,Sunderland,2.0,3.0,Everton,Everton,2.0,3.0,2.9253077418738482,,0.7629143005485817,2.231759109781038
savio_moreira_de_oliveira,1,0,MID,Man City,3,1,0,0,4,0,0,3,2.3,0.0,0.0,0.0,0.0,0.0,0.0,0.0,0.0,0.0,0.0,0.0,0.0,0.0,0.0,0.0,0.0,0.0,0.0,0.0,0.0,0.0,0.0,0.0,0.0,0.0,65.0,0.0,Bournemouth,2.0,3.0,Sunderland,Sunderland,1.0,0.0,0.7917557740506557,15210.0,1.072076798305557,0.8488229952841649
sean_longstaff,1,1,MID,Leeds,18,0,0,0,3,0,0,3,1.5,0.0,0.0,3.0,0.0,0.2,0.0,0.0,0.0,0.07,0.0,0.0,0.0,0.0,8.0,0.0,0.0,0.0,0.0,0.0,0.0,0.0,1.0,0.0,0.0,0.0,50.0,0.0,Nott'm Forest,1.0,3.0,Crystal Palace,Crystal Palace,0.0,0.0,1.1405325647061546,,1.8618918577137376,2.1235482956837557
sean_neave,1,0,FWD,Newcastle,14,1,0,0,2,0,0,4,1.0,0.0,0.0,0.0,0.0,0.0,0.0,0.0,0.0,0.0,0.0,0.0,0.0,0.0,0.0,0.0,0.0,0.0,0.0,0.0,0.0,0.0,0.0,0.0,0.0,0.0,45.0,0.0,Liverpool,2.0,1.0,Hull City,Hull City,2.0,3.0,0.20721437954146027,,1.2689655172413792,0.26294790231468057
sean_steur,1,1,MID,Newcastle,14,1,0,0,2,0,0,4,1.5,0.0,0.0,3.0,0.0,1.2,0.0,0.0,0.0,1.48,1.0,0.0,0.2,0.4,55.0,0.0,0.0,0.0,0.0,0.0,1.0,0.0,1.0,0.0,0.0,0.0,50.0,0.0,Liverpool,2.0,1.0,Hull City,Hull City,2.0,3.0,0.9317514600740153,,0.5,0.46587573003700766
sebastiaan_bornauw,1,0,DEF,Leeds,18,0,0,0,3,0,0,3,0.0,0.0,0.0,0.0,0.0,0.0,0.0,0.0,0.0,0.0,0.0,0.0,0.0,0.0,0.0,0.0,0.0,0.0,0.0,0.0,0.0,0.0,0.0,0.0,0.0,0.0,45.0,0.0,Nott'm Forest,1.0,3.0,Crystal Palace,Crystal Palace,0.0,0.0,0.24269027365110363,,2.0,0.48538054730220725
semi_ajayi,1,14,DEF,Hull City,16,1,0,0,2,0,0,4,1.0,0.0,2.0,39.0,1.0,0.2,0.0,0.52,0.52,0.86,0.0,1.0,7.9,44.2,63.0,0.0,0.0,0.0,0.0,0.0,1.0,35.0,14.0,0.0,0.0,0.0,40.0,0.0,Man Utd,2.0,3.0,Newcastle,Newcastle,2.0,1.0,1.4765804614353992,,1.4899357349188793,2.2000099949756096
senne_lammens,1,1,GK,Man Utd,11,0,0,0,4,0,0,2,2.6,0.0,0.0,7.0,0.0,0.0,0.0,0.0,0.0,1.01,2.0,0.0,2.0,20.2,90.0,0.0,0.0,0.0,0.0,2.0,1.0,0.0,1.0,0.0,0.0,0.0,50.0,0.0,Hull City,0.0,0.0,Fulham,Fulham,2.0,0.0,3.1385400128935057,14970.0,0.5,1.5692700064467529
sepp_van_den_berg,1,0,DEF,Brentford,19,1,0,0,3,0,0,3,0.0,0.0,0.0,0.0,0.0,0.0,0.0,0.0,0.0,0.0,0.0,0.0,0.0,0.0,0.0,0.0,0.0,0.0,0.0,0.0,0.0,0.0,0.0,0.0,0.0,0.0,50.0,0.0,Spurs,3.0,3.0,Chelsea,Chelsea,3.0,3.0,0.6938434358733291,,2.0,1.3876868717466582
shea_charles,1,1,MID,Fulham,6,1,0,0,2,0,0,4,1.5,0.0,0.0,5.0,0.0,1.3,0.0,0.0,0.0,0.03,0.0,0.0,0.5,3.4,23.0,0.0,0.0,0.0,0.0,0.0,0.0,0.0,1.0,0.0,0.0,0.0,50.0,0.0,Chelsea,2.0,0.0,Man Utd,Man Utd,0.0,0.0,1.6208884768982033,,0.532607108061187,0.8632967241704542
shea_lacey,1,1,MID,Man Utd,11,0,0,0,4,0,0,2,1.5,0.0,0.0,3.0,0.0,0.6,0.0,0.0,0.0,0.0,0.0,0.0,0.1,0.2,10.0,0.0,0.0,0.0,0.0,0.0,0.0,0.0,1.0,0.0,0.0,0.0,50.0,0.0,Hull City,0.0,0.0,Fulham,Fulham,2.0,0.0,1.305874131353299,,0.808425802862563,1.055702343076743
shumaira_mheuka,1,0,FWD,Chelsea,10,0,0,0,4,0,0,2,1.0,0.0,0.0,0.0,0.0,0.0,0.0,0.0,0.0,0.0,0.0,0.0,0.0,0.0,0.0,0.0,0.0,0.0,0.0,0.0,0.0,0.0,0.0,0.0,0.0,0.0,45.0,0.0,Fulham,3.0,3.0,Brentford,Brentford,3.0,3.0,0.16713913745464537,,2.0,0.33427827490929074
sidiki_cherif,1,0,FWD,Coventry City,1,0,0,0,2,0,0,4,1.4,0.0,0.0,0.0,0.0,0.0,0.0,0.0,0.0,0.0,0.0,0.0,0.0,0.0,0.0,0.0,0.0,0.0,0.0,0.0,0.0,0.0,0.0,0.0,0.0,0.0,50.0,0.0,Arsenal,0.0,0.0,Nott'm Forest,Nott'm Forest,0.0,0.0,0.21354430599488694,,0.5,0.10677215299744347
simon_adingra,1,0,MID,Sunderland,12,0,0,0,3,0,0,2,0.0,0.0,0.0,0.0,0.0,0.0,0.0,0.0,0.0,0.0,0.0,0.0,0.0,0.0,0.0,0.0,0.0,0.0,0.0,0.0,0.0,0.0,0.0,0.0,0.0,0.0,50.0,0.0,Ipswich Town,1.0,0.0,Man City,Man City,2.0,3.0,0.27044884126908153,,1.0120785099388474,0.2737154602862999
sindre_walle_egeli,1,1,FWD,Ipswich Town,20,1,0,0,2,0,0,3,1.0,0.0,0.0,3.0,0.0,0.1,0.0,0.0,0.0,0.03,0.0,0.0,0.0,0.0,10.0,0.0,0.0,0.0,0.0,0.0,0.0,0.0,1.0,0.0,0.0,0.0,45.0,0.0,Sunderland,2.0,3.0,Everton,Everton,2.0,3.0,1.4125209410686752,,1.6327160493827158,2.3062456105720033
stefan_bajcetic_maquieira,1,0,MID,Liverpool,17,0,0,0,4,0,0,2,0.0,0.0,0.0,0.0,0.0,0.0,0.0,0.0,0.0,0.0,0.0,0.0,0.0,0.0,0.0,0.0,0.0,0.0,0.0,0.0,0.0,0.0,0.0,0.0,0.0,0.0,50.0,0.0,Newcastle,2.0,1.0,Bournemouth,Bournemouth,1.0,0.0,0.21137351277925243,,1.37537988837858,0.29071887841251653
stefanos_tzimas,1,0,FWD,Brighton,2,1,0,0,2,0,0,4,0.0,0.0,0.0,0.0,0.0,0.0,0.0,0.0,0.0,0.0,0.0,0.0,0.0,0.0,0.0,0.0,0.0,0.0,0.0,0.0,0.0,0.0,0.0,0.0,0.0,0.0,55.0,0.0,Aston Villa,4.0,3.0,Arsenal,Arsenal,3.0,3.0,0.3073716690335784,,0.8658882584024441,0.2661495191817376
steven_benda,1,0,GK,Nott'm Forest,13,1,0,0,3,0,0,3,1.9,0.0,0.0,0.0,0.0,0.0,0.0,0.0,0.0,0.0,0.0,0.0,0.0,0.0,0.0,0.0,0.0,0.0,0.0,0.0,0.0,0.0,0.0,0.0,0.0,0.0,45.0,0.0,Leeds,0.0,0.0,Coventry City,Coventry City,0.0,0.0,-0.31803130307371386,,2.0,-0.6360626061474277
sven_botman,1,3,DEF,Newcastle,14,1,0,0,2,0,0,4,2.2,0.0,0.0,4.0,0.0,0.3,0.01,0.01,0.0,2.98,2.0,0.0,3.3,32.4,90.0,0.0,0.0,0.0,0.0,0.0,1.0,0.0,3.0,0.0,0.0,0.0,50.0,0.0,Liverpool,2.0,1.0,Hull City,Hull City,2.0,3.0,2.9292457329431034,,0.5,1.4646228664715517
taiwo_awoniyi,1,1,FWD,Coventry City,1,0,0,0,2,0,0,4,1.8,0.0,0.0,4.0,0.0,1.4,0.0,0.0,0.0,0.29,0.0,0.0,0.1,0.0,20.0,0.0,0.0,0.0,0.0,0.0,0.0,0.0,1.0,0.0,0.0,0.0,55.0,0.0,Arsenal,0.0,0.0,Nott'm Forest,Nott'm Forest,0.0,0.0,2.0259892080429114,,0.5,1.0129946040214557
takehiro_tomiyasu,1,1,DEF,Crystal Palace,9,0,0,0,3,0,0,3,1.7,0.0,0.0,3.0,0.0,2.4,0.01,0.01,0.0,0.14,0.0,0.0,0.5,2.4,18.0,0.0,0.0,0.0,0.0,0.0,0.0,0.0,1.0,0.0,0.0,0.0,45.0,0.0,Everton,0.0,0.0,Leeds,Leeds,1.0,3.0,1.4515964567435635,,0.6698067917101006,0.9722891655491561
tammy_abraham,1,0,FWD,Aston Villa,5,0,0,0,4,0,0,2,1.3,0.0,0.0,0.0,0.0,0.0,0.0,0.0,0.0,0.0,0.0,0.0,0.0,0.0,0.0,0.0,0.0,0.0,0.0,0.0,0.0,0.0,0.0,0.0,0.0,0.0,55.0,0.0,Brighton,0.0,0.0,Spurs,Spurs,0.0,0.0,0.2951602188678968,,,
tanaka_ao,1,0,MID,Leeds,18,0,0,0,3,0,0,3,1.5,0.0,0.0,0.0,0.0,0.0,0.0,0.0,0.0,0.0,0.0,0.0,0.0,0.0,0.0,0.0,0.0,0.0,0.0,0.0,0.0,0.0,0.0,0.0,0.0,0.0,50.0,0.0,Nott'm Forest,1.0,3.0,Crystal Palace,Crystal Palace,0.0,0.0,0.34448253775150217,,1.8618918577137376,0.641389232164087
tarik_muharemovic,1,6,DEF,Leeds,18,0,0,0,3,0,0,3,2.2,0.0,0.0,25.0,1.0,0.6,0.0,0.09,0.09,0.66,0.0,0.0,3.3,15.6,90.0,0.0,0.0,0.0,0.0,0.0,1.0,17.0,6.0,0.0,0.0,0.0,50.0,0.0,Nott'm Forest,1.0,3.0,Crystal Palace,Crystal Palace,0.0,0.0,3.023904866109784,61014.0,2.0,6.047809732219568
tatsuhiro_sakamoto,1,0,MID,Coventry City,1,0,0,0,2,0,0,4,1.5,0.0,0.0,0.0,0.0,0.0,0.0,0.0,0.0,0.0,0.0,0.0,0.0,0.0,0.0,0.0,0.0,0.0,0.0,0.0,0.0,0.0,0.0,0.0,0.0,0.0,50.0,0.0,Arsenal,0.0,0.0,Nott'm Forest,Nott'm Forest,0.0,0.0,0.3611233921649648,,0.6637299677961009,0.2396884174520708
thierno_barry,1,8,FWD,Everton,8,1,0,0,3,0,0,3,1.8,0.0,2.0,37.0,1.0,19.0,0.09,0.54,0.45,1.62,0.0,1.0,9.8,38.0,78.0,0.0,0.0,0.0,0.0,0.0,1.0,41.0,8.0,0.0,0.0,0.0,55.0,0.0,Crystal Palace,2.0,3.0,Ipswich Town,Ipswich Town,2.0,3.0,3.7872284362615773,,1.8031814164878166,6.82905993626109
thimothee_lo_tutala,1,0,GK,Hull City,16,1,0,0,2,0,0,4,0.0,0.0,0.0,0.0,0.0,0.0,0.0,0.0,0.0,0.0,0.0,0.0,0.0,0.0,0.0,0.0,0.0,0.0,0.0,0.0,0.0,0.0,0.0,0.0,0.0,0.0,40.0,0.0,Man Utd,2.0,3.0,Newcastle,Newcastle,2.0,1.0,0.3565592453586164,,2.0,0.7131184907172328
thomas_meunier,1,1,DEF,Sunderland,12,0,0,0,3,0,0,2,1.7,0.0,0.0,5.0,0.0,5.3,0.08,0.16,0.08,1.8,2.0,0.0,3.0,13.8,90.0,0.0,0.0,0.0,0.0,0.0,1.0,11.0,1.0,0.0,0.0,0.0,45.0,0.0,Ipswich Town,1.0,0.0,Man City,Man City,2.0,3.0,2.543887384616872,,0.5,1.271943692308436
tijjani_reijnders,1,0,MID,Man City,3,1,0,0,4,0,0,3,0.0,0.0,0.0,0.0,0.0,0.0,0.0,0.0,0.0,0.0,0.0,0.0,0.0,0.0,0.0,0.0,0.0,0.0,0.0,0.0,0.0,0.0,0.0,0.0,0.0,0.0,60.0,0.0,Bournemouth,2.0,3.0,Sunderland,Sunderland,1.0,0.0,0.45425795630389176,,1.072076798305557,0.4869994153991019
tim_iroegbunam,1,0,MID,Everton,8,1,0,0,3,0,0,3,0.0,0.0,0.0,0.0,0.0,0.0,0.0,0.0,0.0,0.0,0.0,0.0,0.0,0.0,0.0,0.0,0.0,0.0,0.0,0.0,0.0,0.0,0.0,0.0,0.0,0.0,50.0,0.0,Crystal Palace,2.0,3.0,Ipswich Town,Ipswich Town,2.0,3.0,0.2538079868556189,,1.4629706298381981,0.37131363038812987
timothy_castagne,1,6,DEF,Fulham,6,1,0,0,2,0,0,4,1.7,2.0,0.0,21.0,0.0,27.8,0.18,0.27,0.09,2.24,3.0,0.0,8.9,38.0,90.0,0.0,0.0,0.0,0.0,0.0,1.0,23.0,6.0,0.0,0.0,0.0,45.0,1.0,Chelsea,2.0,0.0,Man Utd,Man Utd,0.0,0.0,3.511280361178656,,2.0,7.022560722357312
tino_livramento,1,0,DEF,Newcastle,14,1,0,0,2,0,0,4,0.0,0.0,0.0,0.0,0.0,0.0,0.0,0.0,0.0,0.0,0.0,0.0,0.0,0.0,0.0,0.0,0.0,0.0,0.0,0.0,0.0,0.0,0.0,0.0,0.0,0.0,50.0,0.0,Liverpool,2.0,1.0,Hull City,Hull City,2.0,3.0,0.5582917799671395,,0.5,0.27914588998356976
toby_collyer,1,0,MID,Man Utd,11,0,0,0,4,0,0,2,1.5,0.0,0.0,0.0,0.0,0.0,0.0,0.0,0.0,0.0,0.0,0.0,0.0,0.0,0.0,0.0,0.0,0.0,0.0,0.0,0.0,0.0,0.0,0.0,0.0,0.0,50.0,0.0,Hull City,0.0,0.0,Fulham,Fulham,2.0,0.0,0.4233481161869379,,0.808425802862563,0.3422455407187789
tom_cairney,1,0,MID,Fulham,6,1,0,0,2,0,0,4,0.0,0.0,0.0,0.0,0.0,0.0,0.0,0.0,0.0,0.0,0.0,0.0,0.0,0.0,0.0,0.0,0.0,0.0,0.0,0.0,0.0,0.0,0.0,0.0,0.0,0.0,50.0,0.0,Chelsea,2.0,0.0,Man Utd,Man Utd,0.0,0.0,0.17908024069643402,,0.532607108061187,0.09537940910822902
tom_heaton,1,0,GK,Man Utd,11,0,0,0,4,0,0,2,0.0,0.0,0.0,0.0,0.0,0.0,0.0,0.0,0.0,0.0,0.0,0.0,0.0,0.0,0.0,0.0,0.0,0.0,0.0,0.0,0.0,0.0,0.0,0.0,0.0,0.0,40.0,0.0,Hull City,0.0,0.0,Fulham,Fulham,2.0,0.0,-0.21290131394110823,,0.5,-0.10645065697055411
tom_king,1,0,GK,Everton,8,1,0,0,3,0,0,3,1.9,0.0,0.0,0.0,0.0,0.0,0.0,0.0,0.0,0.0,0.0,0.0,0.0,0.0,0.0,0.0,0.0,0.0,0.0,0.0,0.0,0.0,0.0,0.0,0.0,0.0,45.0,0.0,Crystal Palace,2.0,3.0,Ipswich Town,Ipswich Town,2.0,3.0,0.7424153309336904,,1.75,1.2992268291339581
tom_watson,1,0,MID,Brighton,2,1,0,0,2,0,0,4,0.0,0.0,0.0,0.0,0.0,0.0,0.0,0.0,0.0,0.0,0.0,0.0,0.0,0.0,0.0,0.0,0.0,0.0,0.0,0.0,0.0,0.0,0.0,0.0,0.0,0.0,50.0,0.0,Aston Villa,4.0,3.0,Arsenal,Arsenal,3.0,3.0,0.24455317960868972,,0.805569853362067,0.1970046690365994
tosin_adarabioyo,1,0,DEF,Chelsea,10,0,0,0,4,0,0,2,1.7,0.0,0.0,0.0,0.0,0.0,0.0,0.0,0.0,0.0,0.0,0.0,0.0,0.0,0.0,0.0,0.0,0.0,0.0,0.0,0.0,0.0,0.0,0.0,0.0,0.0,45.0,0.0,Fulham,3.0,3.0,Brentford,Brentford,3.0,3.0,0.7183845717821455,,0.7524027359199198,0.5405145172515463
trai_hume,1,2,DEF,Sunderland,12,0,0,0,3,0,0,2,1.7,0.0,0.0,14.0,0.0,39.4,0.27,0.31,0.04,1.69,1.0,0.0,6.2,9.4,79.0,0.0,0.0,0.0,0.0,0.0,1.0,13.0,2.0,0.0,0.0,0.0,45.0,0.0,Ipswich Town,1.0,0.0,Man City,Man City,2.0,3.0,2.517571983995235,61014.0,0.5,1.2587859919976174
trevoh_chalobah,1,0,DEF,Chelsea,10,0,0,0,4,0,0,2,0.0,0.0,0.0,0.0,0.0,0.0,0.0,0.0,0.0,0.0,0.0,0.0,0.0,0.0,0.0,0.0,0.0,0.0,0.0,0.0,0.0,0.0,0.0,0.0,0.0,0.0,55.0,0.0,Fulham,3.0,3.0,Brentford,Brentford,3.0,3.0,0.8703993523331187,,0.7524027359199198,0.6548908540383648
trey_nyoni,1,0,MID,Liverpool,17,0,0,0,4,0,0,2,1.5,0.0,0.0,0.0,0.0,0.0,0.0,0.0,0.0,0.0,0.0,0.0,0.0,0.0,0.0,0.0,0.0,0.0,0.0,0.0,0.0,0.0,0.0,0.0,0.0,0.0,50.0,0.0,Newcastle,2.0,1.0,Bournemouth,Bournemouth,1.0,0.0,0.35304949498986726,,1.37537988837858,0.4855771750112777
triston_rowe,1,0,DEF,Aston Villa,5,0,0,0,4,0,0,2,1.0,0.0,0.0,0.0,0.0,0.0,0.0,0.0,0.0,0.0,0.0,0.0,0.0,0.0,0.0,0.0,0.0,0.0,0.0,0.0,0.0,0.0,0.0,0.0,0.0,0.0,40.0,0.0,Brighton,0.0,0.0,Spurs,Spurs,0.0,0.0,0.08715912985043506,,0.5,0.04357956492521753
tyler_adams,1,1,MID,Bournemouth,15,0,0,0,3,0,0,4,1.1,0.0,0.0,4.0,0.0,0.6,0.0,0.0,0.0,0.31,2.0,0.0,0.4,3.6,15.0,0.0,0.0,0.0,0.0,0.0,0.0,0.0,1.0,0.0,0.0,0.0,50.0,0.0,Man City,1.0,0.0,Liverpool,Liverpool,2.0,1.0,1.305383989156918,,0.9979037408920849,1.3026475660803212
tyler_bindon,1,0,DEF,Nott'm Forest,13,1,0,0,3,0,0,3,1.0,0.0,0.0,0.0,0.0,0.0,0.0,0.0,0.0,0.0,0.0,0.0,0.0,0.0,0.0,0.0,0.0,0.0,0.0,0.0,0.0,0.0,0.0,0.0,0.0,0.0,40.0,0.0,Leeds,0.0,0.0,Coventry City,Coventry City,0.0,0.0,0.08715912985043506,,2.0,0.17431825970087012
tyler_dibling,1,0,MID,Everton,8,1,0,0,3,0,0,3,2.0,0.0,0.0,0.0,0.0,0.0,0.0,0.0,0.0,0.0,0.0,0.0,0.0,0.0,0.0,0.0,0.0,0.0,0.0,0.0,0.0,0.0,0.0,0.0,0.0,0.0,55.0,0.0,Crystal Palace,2.0,3.0,Ipswich Town,Ipswich Town,2.0,3.0,0.5629706081602601,,1.4629706298381981,0.8236094652006092
tyler_fletcher,1,0,MID,Man Utd,11,0,0,0,4,0,0,2,1.0,0.0,0.0,0.0,0.0,0.0,0.0,0.0,0.0,0.0,0.0,0.0,0.0,0.0,0.0,0.0,0.0,0.0,0.0,0.0,0.0,0.0,0.0,0.0,0.0,0.0,45.0,0.0,Hull City,0.0,0.0,Fulham,Fulham,2.0,0.0,0.25586147709291174,,0.808425802862563,0.20684502004043845
tyler_fredricson,1,0,DEF,Man Utd,11,0,0,0,4,0,0,2,0.0,0.0,0.0,0.0,0.0,0.0,0.0,0.0,0.0,0.0,0.0,0.0,0.0,0.0,0.0,0.0,0.0,0.0,0.0,0.0,0.0,0.0,0.0,0.0,0.0,0.0,40.0,0.0,Hull City,0.0,0.0,Fulham,Fulham,2.0,0.0,0.09647271462802087,,0.5,0.048236357314010436
tyrick_mitchell,1,1,DEF,Crystal Palace,9,0,0,0,3,0,0,3,1.7,0.0,0.0,9.0,0.0,13.8,0.01,0.01,0.0,1.12,2.0,0.0,2.7,11.6,90.0,0.0,0.0,0.0,0.0,0.0,1.0,2.0,1.0,0.0,0.0,0.0,45.0,0.0,Everton,0.0,0.0,Leeds,Leeds,1.0,3.0,2.4354272564162125,15210.0,0.6698067917101006,1.631265717063476
tyrique_george,1,3,MID,Everton,8,1,0,0,3,0,0,3,2.0,0.0,0.0,13.0,1.0,23.4,0.08,0.26,0.18,1.67,0.0,0.0,5.5,7.0,83.0,0.0,0.0,0.0,0.0,0.0,1.0,25.0,3.0,0.0,0.0,0.0,55.0,0.0,Crystal Palace,2.0,3.0,Ipswich Town,Ipswich Town,2.0,3.0,3.445964830370393,,1.4629706298381981,5.041345338287253
tyrone_mings,1,1,DEF,Aston Villa,5,0,0,0,4,0,0,2,1.7,0.0,0.0,5.0,0.0,0.0,0.0,0.0,0.0,0.22,0.0,0.0,0.2,2.0,16.0,0.0,0.0,0.0,0.0,0.0,0.0,0.0,1.0,0.0,0.0,0.0,45.0,0.0,Brighton,0.0,0.0,Spurs,Spurs,0.0,0.0,1.2114289533507405,,0.5,0.6057144766753703
valentin_barco,1,0,MID,Chelsea,10,0,0,0,4,0,0,2,2.0,0.0,0.0,0.0,0.0,0.0,0.0,0.0,0.0,0.0,0.0,0.0,0.0,0.0,0.0,0.0,0.0,0.0,0.0,0.0,0.0,0.0,0.0,0.0,0.0,0.0,55.0,0.0,Fulham,3.0,3.0,Brentford,Brentford,3.0,3.0,0.5738993855422889,,0.7182901688355359,0.41222628653578103
veljko_milosavljevic,1,0,DEF,Bournemouth,15,0,0,0,3,0,0,4,0.0,0.0,0.0,0.0,0.0,0.0,0.0,0.0,0.0,0.0,0.0,0.0,0.0,0.0,0.0,0.0,0.0,0.0,0.0,0.0,0.0,0.0,0.0,0.0,0.0,0.0,50.0,0.0,Man City,1.0,0.0,Liverpool,Liverpool,2.0,1.0,0.48421757612603145,,0.5,0.24210878806301572
victor_lindelof,1,-2,DEF,Aston Villa,5,0,0,0,4,0,0,2,1.7,0.0,0.0,-13.0,0.0,0.1,0.0,0.0,0.0,3.77,4.0,0.0,0.2,1.8,90.0,1.0,0.0,0.0,0.0,0.0,1.0,0.0,-2.0,0.0,0.0,0.0,45.0,0.0,Brighton,0.0,0.0,Spurs,Spurs,0.0,0.0,2.114459509802871,,0.5,1.0572297549014356
victor_munoz,1,4,MID,Liverpool,17,0,0,0,4,0,0,2,2.3,1.0,0.0,15.0,0.0,8.9,0.04,0.14,0.1,1.07,0.0,0.0,2.7,4.0,27.0,0.0,0.0,0.0,0.0,0.0,0.0,14.0,4.0,0.0,0.0,0.0,65.0,0.0,Newcastle,2.0,1.0,Bournemouth,Bournemouth,1.0,0.0,2.852625287274491,14972.0,1.37537988837858,3.923443449197504
victor_torp,1,1,MID,Coventry City,1,0,0,0,2,0,0,4,2.0,0.0,0.0,8.0,0.0,16.4,0.11,0.11,0.0,0.32,0.0,0.0,2.3,6.8,28.0,0.0,0.0,0.0,0.0,0.0,0.0,0.0,1.0,0.0,0.0,0.0,55.0,0.0,Arsenal,0.0,0.0,Nott'm Forest,Nott'm Forest,0.0,0.0,2.150065322448467,,0.6637299677961009,1.4270627872282344
viktor_gyokeres,1,0,FWD,Arsenal,7,1,0,0,4,0,0,2,2.4,0.0,0.0,0.0,0.0,0.0,0.0,0.0,0.0,0.0,0.0,0.0,0.0,0.0,0.0,0.0,0.0,0.0,0.0,0.0,0.0,0.0,0.0,0.0,0.0,0.0,75.0,0.0,Coventry City,3.0,3.0,Brighton,Brighton,4.0,3.0,0.7668669410334874,14969.0,,
virgil_van_dijk,1,2,DEF,Liverpool,17,0,0,0,4,0,0,2,3.1,0.0,0.0,8.0,0.0,1.6,0.01,0.26,0.25,1.58,2.0,0.0,5.1,25.6,90.0,0.0,0.0,0.0,0.0,0.0,1.0,24.0,2.0,0.0,0.0,0.0,65.0,1.0,Newcastle,2.0,1.0,Bournemouth,Bournemouth,1.0,0.0,4.344463667613475,61014.0,0.662474841040252,2.878097877607387
vitalii_mykolenko,1,6,DEF,Everton,8,1,0,0,3,0,0,3,1.7,0.0,0.0,27.0,1.0,13.8,0.05,0.05,0.0,1.96,0.0,0.0,2.9,12.8,90.0,0.0,0.0,0.0,0.0,0.0,1.0,2.0,6.0,0.0,0.0,0.0,45.0,0.0,Crystal Palace,2.0,3.0,Ipswich Town,Ipswich Town,2.0,3.0,2.0559798431518854,,1.0276538737865144,2.112835650242025
vitaly_janelt,1,9,MID,Brentford,19,1,0,0,3,0,0,3,1.5,0.0,0.0,35.0,1.0,38.8,0.17,0.56,0.39,0.57,0.0,1.0,11.6,53.2,90.0,0.0,0.0,0.0,0.0,0.0,1.0,24.0,9.0,0.0,0.0,0.0,50.0,1.0,Spurs,3.0,3.0,Chelsea,Chelsea,3.0,3.0,4.923078302711393,,1.220788199801859,6.010035898650633
vitezslav_jaros,1,0,GK,Liverpool,17,0,0,0,4,0,0,2,0.0,0.0,0.0,0.0,0.0,0.0,0.0,0.0,0.0,0.0,0.0,0.0,0.0,0.0,0.0,0.0,0.0,0.0,0.0,0.0,0.0,0.0,0.0,0.0,0.0,0.0,40.0,0.0,Newcastle,2.0,1.0,Bournemouth,Bournemouth,1.0,0.0,-0.11236379014364739,,1.5,-0.16854568521547109
vitor_de_oliveira_nunes_dos_reis,1,0,DEF,Man City,3,1,0,0,4,0,0,3,1.7,0.0,0.0,0.0,0.0,0.0,0.0,0.0,0.0,0.0,0.0,0.0,0.0,0.0,0.0,0.0,0.0,0.0,0.0,0.0,0.0,0.0,0.0,0.0,0.0,0.0,45.0,0.0,Bournemouth,2.0,3.0,Sunderland,Sunderland,1.0,0.0,0.5283011030402175,,1.767644018424294,0.9338482847159971
walter_benitez,1,0,GK,Crystal Palace,9,0,0,0,3,0,0,3,1.9,0.0,0.0,0.0,0.0,0.0,0.0,0.0,0.0,0.0,0.0,0.0,0.0,0.0,0.0,0.0,0.0,0.0,0.0,0.0,0.0,0.0,0.0,0.0,0.0,0.0,45.0,0.0,Everton,0.0,0.0,Leeds,Leeds,1.0,3.0,0.1824009968494471,,1.0,0.1824009968494471
wellity_lucky,1,0,DEF,Liverpool,17,0,0,0,4,0,0,2,1.0,0.0,0.0,0.0,0.0,0.0,0.0,0.0,0.0,0.0,0.0,0.0,0.0,0.0,0.0,0.0,0.0,0.0,0.0,0.0,0.0,0.0,0.0,0.0,0.0,0.0,40.0,0.0,Newcastle,2.0,1.0,Bournemouth,Bournemouth,1.0,0.0,0.21790263907237883,,0.662474841040252,0.14435501618172558
wes_burns,1,0,MID,Ipswich Town,20,1,0,0,2,0,0,3,0.0,0.0,0.0,0.0,0.0,0.0,0.0,0.0,0.0,0.0,0.0,0.0,0.0,0.0,0.0,0.0,0.0,0.0,0.0,0.0,0.0,0.0,0.0,0.0,0.0,0.0,50.0,0.0,Sunderland,2.0,3.0,Everton,Everton,2.0,3.0,0.2538079868556189,,0.7629143005485817,0.1936337427655981
wesley_fofana,1,0,DEF,Chelsea,10,0,0,0,4,0,0,2,0.0,0.0,0.0,0.0,0.0,0.0,0.0,0.0,0.0,0.0,0.0,0.0,0.0,0.0,0.0,0.0,0.0,0.0,0.0,0.0,0.0,0.0,0.0,0.0,0.0,0.0,50.0,0.0,Fulham,3.0,3.0,Brentford,Brentford,3.0,3.0,0.6938434358733291,,0.7524027359199198,0.5220496994511702
wilfried_gnonto,1,0,MID,Leeds,18,0,0,0,3,0,0,3,0.0,0.0,0.0,0.0,0.0,0.0,0.0,0.0,0.0,0.0,0.0,0.0,0.0,0.0,0.0,0.0,0.0,0.0,0.0,0.0,0.0,0.0,0.0,0.0,0.0,0.0,50.0,0.0,Nott'm Forest,1.0,3.0,Crystal Palace,Crystal Palace,0.0,0.0,0.20280655554088733,,1.8618918577137376,0.377603874452547
will_dennis,1,0,GK,Bournemouth,15,0,0,0,3,0,0,4,1.0,0.0,0.0,0.0,0.0,0.0,0.0,0.0,0.0,0.0,0.0,0.0,0.0,0.0,0.0,0.0,0.0,0.0,0.0,0.0,0.0,0.0,0.0,0.0,0.0,0.0,40.0,0.0,Man City,1.0,0.0,Liverpool,Liverpool,2.0,1.0,-0.03801365455930816,,0.5,-0.01900682727965408
will_hughes,1,0,MID,Crystal Palace,9,0,0,0,3,0,0,3,1.0,0.0,0.0,0.0,0.0,0.0,0.0,0.0,0.0,0.0,0.0,0.0,0.0,0.0,0.0,0.0,0.0,0.0,0.0,0.0,0.0,0.0,0.0,0.0,0.0,0.0,45.0,0.0,Everton,0.0,0.0,Leeds,Leeds,1.0,3.0,0.23370940700364162,,0.5,0.11685470350182081
william_osula,1,4,FWD,Newcastle,14,1,0,0,2,0,0,4,2.0,1.0,0.0,18.0,0.0,13.7,0.14,0.2,0.06,1.48,1.0,0.0,5.0,28.2,55.0,0.0,0.0,0.0,0.0,0.0,1.0,8.0,4.0,0.0,0.0,0.0,60.0,0.0,Liverpool,2.0,1.0,Hull City,Hull City,2.0,3.0,1.0976755465759993,14974.0,1.2689655172413792,1.3929124177240266
william_saliba,1,0,DEF,Arsenal,7,1,0,0,4,0,0,2,0.0,0.0,0.0,0.0,0.0,0.0,0.0,0.0,0.0,0.0,0.0,0.0,0.0,0.0,0.0,0.0,0.0,0.0,0.0,0.0,0.0,0.0,0.0,0.0,0.0,0.0,60.0,0.0,Coventry City,3.0,3.0,Brighton,Brighton,4.0,3.0,1.1107582530548208,14970.0,0.5,0.5553791265274104
wilson_isidor,1,1,FWD,Sunderland,12,0,0,0,3,0,0,2,1.8,0.0,0.0,3.0,0.0,0.2,0.0,0.0,0.0,0.1,1.0,0.0,0.0,0.0,23.0,0.0,0.0,0.0,0.0,0.0,0.0,0.0,1.0,0.0,0.0,0.0,55.0,0.0,Ipswich Town,1.0,0.0,Man City,Man City,2.0,3.0,2.284119391162064,79641.0,1.0017674536043424,2.2881564662127216
wilson_odobert,1,0,MID,Spurs,4,0,0,0,3,0,0,3,0.0,0.0,0.0,0.0,0.0,0.0,0.0,0.0,0.0,0.0,0.0,0.0,0.0,0.0,0.0,0.0,0.0,0.0,0.0,0.0,0.0,0.0,0.0,0.0,0.0,0.0,55.0,0.0,Brentford,0.0,0.0,Aston Villa,Aston Villa,0.0,0.0,0.339708721644838,,0.6842818080244075,0.23245649824878994
xaver_schlager,1,1,MID,Nott'm Forest,13,1,0,0,3,0,0,3,1.5,0.0,0.0,3.0,0.0,1.0,0.0,0.0,0.0,0.13,1.0,0.0,0.4,0.6,16.0,0.0,0.0,0.0,0.0,0.0,0.0,2.0,1.0,0.0,0.0,0.0,50.0,0.0,Leeds,0.0,0.0,Coventry City,Coventry City,0.0,0.0,1.466511702458662,,0.9294783804281432,1.3630909220801963
xavi_simons,1,0,MID,Spurs,4,0,0,0,3,0,0,3,0.0,0.0,0.0,0.0,0.0,0.0,0.0,0.0,0.0,0.0,0.0,0.0,0.0,0.0,0.0,0.0,0.0,0.0,0.0,0.0,0.0,0.0,0.0,0.0,0.0,0.0,60.0,0.0,Brentford,0.0,0.0,Aston Villa,Aston Villa,0.0,0.0,0.4599700333353258,,0.6842818080244075,0.31474912604774374
yankuba_minteh,1,0,MID,Brighton,2,1,0,0,2,0,0,4,0.0,0.0,0.0,0.0,0.0,0.0,0.0,0.0,0.0,0.0,0.0,0.0,0.0,0.0,0.0,0.0,0.0,0.0,0.0,0.0,0.0,0.0,0.0,0.0,0.0,0.0,60.0,0.0,Aston Villa,4.0,3.0,Arsenal,Arsenal,3.0,3.0,0.48507580298966557,,0.805569853362067,0.3907624434838718
yasin_ayari,1,2,MID,Brighton,2,1,0,0,2,0,0,4,2.0,0.0,0.0,8.0,1.0,15.0,0.03,0.14,0.11,0.19,0.0,0.0,1.7,0.0,63.0,0.0,0.0,0.0,0.0,0.0,1.0,6.0,2.0,0.0,0.0,0.0,55.0,1.0,Aston Villa,4.0,3.0,Arsenal,Arsenal,3.0,3.0,2.196339319916252,,0.805569853362067,1.7693047438782772
yehor_yarmoliuk,1,1,MID,Brentford,19,1,0,0,3,0,0,3,1.5,0.0,0.0,7.0,0.0,0.8,0.0,0.04,0.04,0.1,0.0,0.0,0.6,2.2,23.0,0.0,0.0,0.0,0.0,0.0,0.0,3.0,1.0,0.0,0.0,0.0,50.0,0.0,Spurs,3.0,3.0,Chelsea,Chelsea,3.0,3.0,1.7467598120109025,,1.220788199801859,2.1324237663910233
yeremy_pino_santos,1,1,MID,Crystal Palace,9,0,0,0,3,0,0,3,2.0,0.0,0.0,4.0,0.0,6.3,0.02,0.08,0.06,0.27,0.0,0.0,1.4,2.0,35.0,0.0,0.0,0.0,0.0,0.0,0.0,6.0,1.0,0.0,0.0,0.0,55.0,0.0,Everton,0.0,0.0,Leeds,Leeds,1.0,3.0,2.4929394953252735,,0.5,1.2464697476626367
yoane_wissa,1,4,FWD,Newcastle,14,1,0,0,2,0,0,4,2.0,1.0,0.0,7.0,0.0,16.3,0.02,1.02,1.0,2.19,1.0,0.0,6.4,20.0,90.0,0.0,0.0,0.0,0.0,0.0,1.0,28.0,4.0,0.0,0.0,0.0,60.0,1.0,Liverpool,2.0,1.0,Hull City,Hull City,2.0,3.0,4.09698381943692,14971.0,1.2689655172413792,5.198931191561332
youri_tielemans,1,2,MID,Man Utd,11,0,0,0,4,0,0,2,2.2,0.0,0.0,13.0,0.0,11.3,0.11,0.15,0.04,0.94,2.0,0.0,2.0,5.0,66.0,0.0,0.0,0.0,0.0,0.0,1.0,4.0,2.0,0.0,0.0,0.0,60.0,0.0,Hull City,0.0,0.0,Fulham,Fulham,2.0,0.0,2.3431426728808296,14974.0,0.808425802862563,1.8942569965452165
zach_abbott,1,0,DEF,Nott'm Forest,13,1,0,0,3,0,0,3,1.0,0.0,0.0,0.0,0.0,0.0,0.0,0.0,0.0,0.0,0.0,0.0,0.0,0.0,0.0,0.0,0.0,0.0,0.0,0.0,0.0,0.0,0.0,0.0,0.0,0.0,40.0,0.0,Leeds,0.0,0.0,Coventry City,Coventry City,0.0,0.0,0.08715912985043461,,2.0,0.17431825970086923
zadok_yohanna,1,1,MID,Brighton,2,1,0,0,2,0,0,4,1.5,0.0,0.0,3.0,0.0,1.3,0.03,0.03,0.0,0.0,0.0,0.0,0.2,0.2,12.0,0.0,0.0,0.0,0.0,0.0,0.0,0.0,1.0,0.0,0.0,0.0,50.0,0.0,Aston Villa,4.0,3.0,Arsenal,Arsenal,3.0,3.0,1.3898164942384432,,0.805569853362067,1.1195942694638448
zavier_gozo,1,0,MID,Crystal Palace,9,0,0,0,3,0,0,3,1.5,0.0,0.0,0.0,0.0,0.0,0.0,0.0,0.0,0.0,0.0,0.0,0.0,0.0,0.0,0.0,0.0,0.0,0.0,0.0,0.0,0.0,0.0,0.0,0.0,0.0,50.0,0.0,Everton,0.0,0.0,Leeds,Leeds,1.0,3.0,0.4011960460976678,,0.5,0.2005980230488339
zion_suzuki,1,0,GK,Aston Villa,5,0,0,0,4,0,0,2,2.6,0.0,0.0,0.0,0.0,0.0,0.0,0.0,0.0,0.0,0.0,0.0,0.0,0.0,0.0,0.0,0.0,0.0,0.0,0.0,0.0,0.0,0.0,0.0,0.0,0.0,50.0,0.0,Brighton,0.0,0.0,Spurs,Spurs,0.0,0.0,-0.17990855530907246,,1.75,-0.3148399717908768
