full_name,gw,total_points,position,team,opponent_team,was_home,team_strength_attack,team_strength_defence,team_strength_overall,opponent_strength_attack,opponent_strength_defence,opponent_strength_overall,xP,assists,bonus,bps,clean_sheets,creativity,expected_assists,expected_goal_involvements,expected_goals,expected_goals_conceded,goals_conceded,goals_scored,ict_index,influence,minutes,own_goals,penalties_missed,penalties_saved,red_cards,saves,starts,threat,ewma_total_points,transfers_balance,transfers_in,transfers_out,value,yellow_cards,opponent_team_name,ewma_team_goals,ewma_team_points,team_name_nw_opponent,team_nw_opponent,ewma_team_goals_nw_opponent,ewma_team_points_nw_opponent,predicted_points,owner,fixture_diff_index,predicted_points_adj
aaron_anselmino,4,0,DEF,Chelsea,11,1,0,0,4,0,0,2,0.10880000000000001,0.0,0.0,0.0,0.0,0.0,0.0,0.0,0.0,0.0,0.0,0.0,0.0,0.0,0.0,0.0,0.0,0.0,0.0,0.0,0.0,0.0,0.0,-36.864000000000004,198.91199999999998,235.776,45.0,0.0,Hull City,2.016,1.08,Everton,Everton,0.704,1.1280000000000001,0.4708518989042436,,0.5424745596985056,0.2554251765412848
aaron_hickey,4,1,DEF,Brentford,3,0,0,0,3,0,0,3,1.0448,0.0,0.0,3.104,0.0,0.6527999999999999,0.01992,0.037919999999999995,0.018,1.1308,1.44,0.0,0.2928,2.2079999999999997,53.888,0.0,0.0,0.0,0.0,0.0,0.6,0.0,1.0,-290.592,401.928,692.52,45.0,0.0,Bournemouth,1.7280000000000002,1.1280000000000001,Liverpool,Liverpool,0.8,1.48,1.5045852288590682,,1.175631190499806,1.7688373238120094
aaron_wan_bissaka,4,3,DEF,Aston Villa,18,1,0,0,3,0,0,3,1.532,0.0,0.0,7.96,0.0,0.3440000000000001,0.036,0.036,0.0,1.452,1.2,0.0,0.16000000000000003,1.2480000000000002,57.12,0.0,0.0,0.0,0.0,0.0,0.6,0.0,2.1999999999999997,2529.3599999999997,4285.36,1756.0,45.0,0.0,Nott'm Forest,0.6,0.24,Newcastle,Newcastle,1.4,0.592,1.6484150572033776,,0.5,0.8242075286016888
abdoul_ouattara,4,1,DEF,Ipswich Town,8,0,0,0,2,0,0,3,1.0,0.0,0.0,4.12,0.0,4.0576,0.0048000000000000004,0.0048000000000000004,0.0,0.08448000000000001,0.096,0.0,0.5376000000000001,1.2544000000000002,6.352,0.0,0.0,0.0,0.0,0.0,0.0,0.0,1.0,-2510.712,3149.6639999999998,5660.376,40.0,0.0,Crystal Palace,2.12,1.992,Man City,Man City,1.3520000000000003,3.0,0.6012664984882015,,0.5,0.30063324924410073
abdukodir_khusanov,4,0,DEF,Man City,16,0,0,0,5,0,0,4,2.392,0.0,0.0,7.808,0.24,1.6623999999999999,0.008,0.008,0.0,0.43376000000000003,0.16000000000000003,0.0,0.8480000000000001,6.368,35.80800000000001,0.0,0.0,0.0,0.0,0.0,0.4,0.384,1.52,-9122.136,6603.336,15725.472000000002,55.0,0.24,Man Utd,1.3520000000000003,3.0,Ipswich Town,Ipswich Town,2.12,1.992,1.734624103682326,14972.0,1.3387159533208166,2.322168960614352
abdul_fatawu,4,1,MID,Ipswich Town,8,0,0,0,2,0,0,3,2.3840000000000003,0.096,0.0,10.768,0.0,13.774399999999998,0.11336000000000002,0.12056000000000001,0.0072,0.76656,1.624,0.0,2.1616,6.192,67.352,0.0,0.0,0.0,0.0,0.0,1.0,1.6640000000000001,1.592,-693.168,1746.96,2440.1279999999997,55.0,0.696,Crystal Palace,2.12,1.992,Man City,Man City,1.3520000000000003,3.0,2.3560994920477762,,0.568072032915532,1.3384342281988326
abdulkadir_omur,4,0,MID,Hull City,6,0,0,0,2,0,0,4,0.09600000000000003,0.0,0.0,0.0,0.0,0.0,0.0,0.0,0.0,0.0,0.0,0.0,0.0,0.0,0.0,0.0,0.0,0.0,0.0,0.0,0.0,0.0,0.0,-66.52799999999999,276.384,342.912,49.16,0.0,Chelsea,1.424,1.3200000000000003,Fulham,Fulham,0.6080000000000001,0.6,0.44463952139580143,,1.0059024978061435,0.44726400519536486
abu_kamara,4,0,MID,Hull City,6,0,0,0,2,0,0,4,0.0,0.0,0.0,0.0,0.0,0.0,0.0,0.0,0.0,0.0,0.0,0.0,0.0,0.0,0.0,0.0,0.0,0.0,0.0,0.0,0.0,0.0,0.0,-70.152,0.0,70.152,50.0,0.0,Chelsea,1.424,1.3200000000000003,Fulham,Fulham,0.6080000000000001,0.6,0.4518367028110868,,1.0059024978061435,0.4545036679581643
adam_aznou,4,0,DEF,Everton,19,0,0,0,3,0,0,3,0.06400000000000002,0.0,0.0,0.0,0.0,0.0,0.0,0.0,0.0,0.0,0.0,0.0,0.0,0.0,0.0,0.0,0.0,0.0,0.0,0.0,0.0,0.0,0.0,-2742.864,269.424,3012.288,40.0,0.0,Spurs,0.704,1.1280000000000001,Chelsea,Chelsea,2.016,1.08,0.31971581669575344,,0.8639872652827262,0.2762303941345974
adam_smith,4,0,DEF,Bournemouth,4,1,0,0,3,0,0,3,0.6728000000000001,0.0,0.0,0.856,0.0,7.6176,0.01752,0.01992,0.0024000000000000002,0.79104,1.904,0.0,1.2848,4.2496,90.0,0.0,0.0,0.0,0.0,0.0,1.0,0.96,0.16000000000000003,-75.04799999999996,1567.3200000000002,1642.368,45.0,0.9359999999999999,Brentford,1.84,0.9359999999999999,Sunderland,Sunderland,0.4,0.5279999999999999,2.0716221489094386,,0.5,1.0358110744547193
adam_wharton,4,2,MID,Crystal Palace,12,1,0,0,3,0,0,2,2.564,0.0,0.0,13.496,0.0,5.0208,0.04848,0.09648,0.048,1.7154399999999999,2.192,0.0,1.1808,6.1824,81.6,0.0,0.0,0.0,0.0,0.0,1.0,0.48,2.128,-2059.8,8338.8,10398.6,55.0,0.0,Ipswich Town,2.016,0.72,Brighton,Brighton,3.784,2.2319999999999998,2.5642042035597195,,0.7196973863863351,1.845451063462784
adrien_truffert,4,3,DEF,Bournemouth,4,1,0,0,3,0,0,3,2.008,0.0,0.192,15.671999999999999,0.0,6.1264,0.08112,0.13152,0.0504,0.79104,1.904,0.0,1.3184000000000002,6.1024,90.0,0.0,0.0,0.0,0.0,0.0,1.0,0.8640000000000001,2.2479999999999998,-27556.92,12550.056,40106.976,55.0,0.24,Brentford,1.84,0.9359999999999999,Sunderland,Sunderland,0.4,0.5279999999999999,2.63163912125317,61014.0,0.5,1.315819560626585
ainsley_maitland_niles,4,6,DEF,Everton,19,0,0,0,3,0,0,3,4.62,0.0,0.0,19.0,0.6,0.32000000000000006,0.084,0.114,0.03,0.374,0.4,0.4,1.64,13.36,49.6,0.0,0.0,0.0,0.0,0.0,0.6,2.8000000000000003,6.4,8994.199999999999,11266.6,2272.3999999999996,45.0,0.0,Spurs,0.704,1.1280000000000001,Chelsea,Chelsea,2.016,1.08,2.2052470245327727,,0.8639872652827262,1.9053053459989393
aladji_bamba,4,1,MID,Newcastle,13,0,0,0,3,0,0,2,0.516,0.0,0.0,2.7199999999999998,0.0,0.0,0.0,0.0,0.0,0.13256,0.06400000000000002,0.0,0.025600000000000008,0.25600000000000006,6.896,0.0,0.0,0.0,0.0,0.0,0.0,0.0,0.664,-1181.712,589.8,1771.512,49.4,0.0,Leeds,1.4,0.592,Aston Villa,Aston Villa,0.6,0.24,0.6498305180194497,,1.1791258443887787,0.766231958269281
alejandro_garnacho_ferreyra,4,0,MID,Aston Villa,18,1,0,0,3,0,0,3,0.9568,0.0,0.0,1.376,0.0,0.576,0.0,0.0,0.0,0.09296,0.0,0.0,0.0912,0.25920000000000004,5.008,0.0,0.0,0.0,0.0,0.0,0.0,0.0,0.4,-7441.9439999999995,1726.296,9168.239999999998,59.16,0.0,Nott'm Forest,0.6,0.24,Newcastle,Newcastle,1.4,0.592,0.8495057179967755,,0.7819204265435558,0.6642458733672283
alex_cairns,4,0,GK,Leeds,17,1,0,0,2,0,0,3,0.16000000000000003,0.0,0.0,0.0,0.0,0.0,0.0,0.0,0.0,0.0,0.0,0.0,0.0,0.0,0.0,0.0,0.0,0.0,0.0,0.0,0.0,0.0,0.0,4182.24,5902.2,1719.96,40.0,0.0,Newcastle,2.8,2.328,Man Utd,Man Utd,0.9600000000000002,0.5279999999999999,0.23231018342755738,,1.9098143236074272,0.44366931582981783
alex_iwobi,4,3,MID,Fulham,14,0,0,0,3,0,0,4,2.12,0.0,0.0,15.608,0.6,9.819200000000002,0.16936,0.26992,0.10056,1.29608,1.008,0.0,1.6416000000000002,3.7696,79.68,0.0,0.0,0.0,0.0,0.0,1.0,2.8320000000000003,2.5999999999999996,-11072.376,3787.68,14860.056,54.4,0.0,Liverpool,0.6080000000000001,0.6,Hull City,Hull City,1.424,1.3200000000000003,2.7208698211271134,,0.6109909626509489,1.66242687125837
alex_murphy,4,0,DEF,Newcastle,13,0,0,0,3,0,0,2,0.0,0.0,0.0,0.0,0.0,0.0,0.0,0.0,0.0,0.0,0.0,0.0,0.0,0.0,0.0,0.0,0.0,0.0,0.0,0.0,0.0,0.0,0.0,-1326.936,0.0,1326.936,40.0,0.0,Leeds,1.4,0.592,Aston Villa,Aston Villa,0.6,0.24,0.3116643123295426,,1.8630940939647067,0.5806599396007426
alex_palmer,4,0,GK,Ipswich Town,8,0,0,0,2,0,0,3,0.06400000000000002,0.0,0.0,0.0,0.0,0.0,0.0,0.0,0.0,0.0,0.0,0.0,0.0,0.0,0.0,0.0,0.0,0.0,0.0,0.0,0.0,0.0,0.0,-6514.632,22289.256,28803.888,40.0,0.0,Crystal Palace,2.12,1.992,Man City,Man City,1.3520000000000003,3.0,0.22872437893946906,,0.5,0.11436218946973453
alex_scott,4,4,MID,Bournemouth,4,1,0,0,3,0,0,3,6.9328,0.48,0.768,25.112000000000002,0.096,8.884799999999998,0.06136,0.21711999999999998,0.15576,0.7785600000000001,1.808,0.096,2.2239999999999998,8.515199999999998,89.616,0.0,0.0,0.0,0.0,0.0,1.0,4.896,6.08,203389.824,246331.32,42941.496,60.6,0.096,Brentford,1.84,0.9359999999999999,Sunderland,Sunderland,0.4,0.5279999999999999,3.552324080229652,14973.0,1.1514852922976395,4.090448931859184
alex_toth,4,0,MID,Bournemouth,4,1,0,0,3,0,0,3,0.336,0.0,0.0,0.32000000000000006,0.0,0.038400000000000004,0.0,0.0,0.0,0.019840000000000003,0.12800000000000003,0.0,0.019200000000000002,0.1792,0.9600000000000002,0.0,0.0,0.0,0.0,0.0,0.0,0.0,0.06400000000000002,-113.136,82.32,195.45600000000002,50.0,0.0,Brentford,1.84,0.9359999999999999,Sunderland,Sunderland,0.4,0.5279999999999999,0.5073667321823154,,1.1514852922976395,0.5842253299090516
alexander_isak,4,2,FWD,Liverpool,10,1,0,0,4,0,0,3,6.2208000000000006,0.0,0.9119999999999999,20.904000000000003,0.84,3.4592,0.012639999999999998,0.52784,0.5152,0.88112,0.32000000000000006,0.576,4.039999999999999,20.0736,83.52,0.0,0.0,0.0,0.0,0.0,1.0,16.992,5.216,365390.808,490176.336,124785.528,90.6,0.0,Fulham,0.8,1.48,Brentford,Brentford,1.7280000000000002,1.1280000000000001,4.339696379814626,14973.0,1.953872260038563,8.479212373509574
alexis_mac_allister,4,1,MID,Liverpool,10,1,0,0,4,0,0,3,1.58,0.0,0.0,9.096,0.24,3.9008,0.05488,0.08608,0.031200000000000002,0.52256,0.192,0.0,1.3648,5.564800000000001,46.944,0.0,0.0,0.0,0.0,0.0,0.336,4.319999999999999,1.336,-10309.176,10977.312,21286.487999999998,54.4,0.24,Fulham,0.8,1.48,Brentford,Brentford,1.7280000000000002,1.1280000000000001,1.8160539609834818,,0.8050630177392176,1.4620378822066213
alfie_cresswell,4,0,MID,Leeds,17,1,0,0,2,0,0,3,0.06400000000000002,0.0,0.0,0.0,0.0,0.0,0.0,0.0,0.0,0.0,0.0,0.0,0.0,0.0,0.0,0.0,0.0,0.0,0.0,0.0,0.0,0.0,0.0,1868.5439999999999,3777.8639999999996,1909.32,45.0,0.0,Newcastle,2.8,2.328,Man Utd,Man Utd,0.9600000000000002,0.5279999999999999,0.357353726298125,,0.7674984210824493,0.2742684207017407
alfie_mcnally,4,0,GK,Fulham,14,0,0,0,3,0,0,4,0.06400000000000002,0.0,0.0,0.0,0.0,0.0,0.0,0.0,0.0,0.0,0.0,0.0,0.0,0.0,0.0,0.0,0.0,0.0,0.0,0.0,0.0,0.0,0.0,-1302.84,505.44,1808.2799999999997,40.0,0.0,Liverpool,0.6080000000000001,0.6,Hull City,Hull City,1.424,1.3200000000000003,0.22672850461831406,,1.193633952254642,0.27063084105634305
ali_al_hamadi,4,0,FWD,Ipswich Town,8,0,0,0,2,0,0,3,0.0896,0.0,0.0,0.0,0.0,0.0,0.0,0.0,0.0,0.0,0.0,0.0,0.0,0.0,0.0,0.0,0.0,0.0,0.0,0.0,0.0,0.0,0.0,-2152.992,72.48,2225.4719999999998,50.0,0.0,Crystal Palace,2.12,1.992,Man City,Man City,1.3520000000000003,3.0,0.4554476796867062,,1.7032456767995168,0.7757392914347534
alisson_becker,4,9,GK,Liverpool,10,1,0,0,4,0,0,3,3.9791999999999996,0.0,1.44,25.768,0.84,0.0,0.0,0.0,0.0,0.9219200000000001,0.32000000000000006,0.0,0.9119999999999999,9.1648,90.0,0.0,0.0,0.0,0.0,3.2880000000000003,1.0,0.0,7.4479999999999995,6034.703999999999,39887.112,33852.407999999996,55.0,0.096,Fulham,0.8,1.48,Brentford,Brentford,1.7280000000000002,1.1280000000000001,3.3992780376278775,15210.0,0.8063660477453581,2.7410623963895886
allan_andrade_elias,4,0,MID,Man City,16,0,0,0,5,0,0,4,0.8800000000000001,0.0,0.0,0.0,0.0,0.0,0.0,0.0,0.0,0.0,0.0,0.0,0.0,0.0,0.0,0.0,0.0,0.0,0.0,0.0,0.0,0.0,0.0,155.4,305.4,150.0,60.0,0.0,Man Utd,1.3520000000000003,3.0,Ipswich Town,Ipswich Town,2.12,1.992,0.7433900046076948,,1.4193214841518227,1.0551094046434237
altay_bayindir,4,0,GK,Man Utd,15,1,0,0,4,0,0,5,0.0,0.0,0.0,0.0,0.0,0.0,0.0,0.0,0.0,0.0,0.0,0.0,0.0,0.0,0.0,0.0,0.0,0.0,0.0,0.0,0.0,0.0,0.0,-208.728,0.0,208.728,45.0,0.0,Man City,0.9600000000000002,0.5279999999999999,Leeds,Leeds,2.8,2.328,0.368859722602076,,0.5,0.184429861301038
alvaro_rodriguez,4,1,FWD,Bournemouth,4,1,0,0,3,0,0,3,0.516,0.0,0.0,2.1839999999999997,0.0,0.0,0.0,0.0,0.0,0.027360000000000002,0.096,0.0,0.0,0.0,1.464,0.0,0.0,0.0,0.0,0.0,0.0,0.0,0.696,-358.392,1209.2399999999998,1567.632,60.0,0.0,Brentford,1.84,0.9359999999999999,Sunderland,Sunderland,0.4,0.5279999999999999,0.730848099519837,50210.0,0.8698625778849031,0.6357374118906076
alysson_edward_franco_da_rocha_dos_santos,4,6,MID,Aston Villa,18,1,0,0,3,0,0,3,1.512,0.0,0.0,15.631999999999998,0.0,0.5088,0.0,0.036,0.036,1.22888,1.2,0.6,0.11200000000000002,0.4192,32.936,0.0,0.0,0.0,0.0,0.0,0.0,0.192,3.904,-171.768,536.2080000000001,707.976,50.0,0.096,Nott'm Forest,0.6,0.24,Newcastle,Newcastle,1.4,0.592,1.4280161349466693,,0.7819204265435558,1.1165949853485795
amad_diallo,4,0,MID,Man Utd,15,1,0,0,4,0,0,5,0.14080000000000004,0.0,0.0,0.0,0.0,0.0,0.0,0.0,0.0,0.0,0.0,0.0,0.0,0.0,0.0,0.0,0.0,0.0,0.0,0.0,0.0,0.0,0.0,-23830.368,298.416,24128.784,58.224000000000004,0.0,Man City,0.9600000000000002,0.5279999999999999,Leeds,Leeds,2.8,2.328,0.6322853399480843,,0.7187245153676758,0.45443897452827303
amadou_onana,4,0,MID,Aston Villa,18,1,0,0,3,0,0,3,0.0,0.0,0.0,0.0,0.0,0.0,0.0,0.0,0.0,0.0,0.0,0.0,0.0,0.0,0.0,0.0,0.0,0.0,0.0,0.0,0.0,0.0,0.0,-234.912,113.47200000000001,348.384,50.0,0.0,Nott'm Forest,0.6,0.24,Newcastle,Newcastle,1.4,0.592,0.4518367028110868,,0.7819204265435558,0.3533003473900788
amar_dedic,4,0,DEF,Newcastle,13,0,0,0,3,0,0,2,3.1568,0.096,0.192,2.4080000000000004,0.096,4.5312,0.01056,0.038880000000000005,0.02832,1.77304,2.408,0.0,1.2560000000000002,5.2832,70.19999999999999,0.0,0.0,0.0,0.0,0.0,1.0,2.72,1.3600000000000003,60924.168,141982.464,81058.29599999999,45.0,0.0,Leeds,1.4,0.592,Aston Villa,Aston Villa,0.6,0.24,2.115197171079558,,1.8630940939647067,3.9408113570091796
amario_cozier_duberry,4,0,MID,Brighton,7,0,0,0,3,0,0,2,0.24000000000000005,0.0,0.0,0.0,0.0,0.0,0.0,0.0,0.0,0.0,0.0,0.0,0.0,0.0,0.0,0.0,0.0,0.0,0.0,0.0,0.0,0.0,0.0,-9.36,28.080000000000002,37.44,50.0,0.0,Coventry City,3.784,2.2319999999999998,Crystal Palace,Crystal Palace,2.016,0.72,0.4762622620422021,,1.9562523122035174,0.9316891513353354
amine_adli,4,0,MID,Bournemouth,4,1,0,0,3,0,0,3,0.0,0.0,0.0,0.0,0.0,0.0,0.0,0.0,0.0,0.0,0.0,0.0,0.0,0.0,0.0,0.0,0.0,0.0,0.0,0.0,0.0,0.0,0.0,-371.352,70.224,441.576,49.16,0.0,Brentford,1.84,0.9359999999999999,Sunderland,Sunderland,0.4,0.5279999999999999,0.43486929770335503,,1.1514852922976395,0.5007456003772169
anan_khalaili,4,7,DEF,Crystal Palace,12,1,0,0,3,0,0,2,2.6848,0.0,0.0,5.4719999999999995,0.0,2.3920000000000003,0.09664,0.40336,0.30672,1.9718399999999998,2.5679999999999996,0.6,1.4176000000000002,9.254400000000002,84.944,0.0,0.0,0.0,0.0,0.0,0.9359999999999999,2.4640000000000004,5.176,10777.919999999998,14437.271999999999,3659.352,50.0,0.096,Ipswich Town,2.016,0.72,Brighton,Brighton,3.784,2.2319999999999998,2.609898276301543,14969.0,0.5,1.3049491381507714
andres_garcia,4,0,DEF,Aston Villa,18,1,0,0,3,0,0,3,0.06400000000000002,0.0,0.0,0.0,0.0,0.0,0.0,0.0,0.0,0.0,0.0,0.0,0.0,0.0,0.0,0.0,0.0,0.0,0.0,0.0,0.0,0.0,0.0,-3359.3039999999996,12255.984,15615.287999999999,40.0,0.0,Nott'm Forest,0.6,0.24,Newcastle,Newcastle,1.4,0.592,0.31971581669575344,,0.5,0.15985790834787672
andrew_robertson,4,7,DEF,Spurs,9,1,0,0,3,0,0,3,2.7488,0.0,0.6,20.224,0.6,2.9135999999999997,0.05976,0.10752,0.047760000000000004,1.0629600000000001,0.2880000000000001,0.0,0.992,4.550400000000001,73.152,0.0,0.0,0.0,0.0,0.0,0.76,2.5280000000000005,4.824,-46147.03199999999,8805.816,54952.848,44.4,0.0,Everton,0.0,0.84,Coventry City,Coventry City,0.0,0.0,2.1980549169786707,,2.0,4.3961098339573415
andrey_nascimento_dos_santos,4,0,MID,Man Utd,15,1,0,0,4,0,0,5,1.1520000000000001,0.0,0.0,2.2399999999999998,0.0,0.4800000000000001,0.017120000000000003,0.017120000000000003,0.0,0.17776000000000003,0.46399999999999997,0.0,0.5184000000000001,3.052800000000001,6.624000000000001,0.0,0.0,0.0,0.0,0.0,0.06400000000000002,1.568,0.46399999999999997,-12715.608,4595.016,17310.624,49.16,0.0,Man City,0.9600000000000002,0.5279999999999999,Leeds,Leeds,2.8,2.328,0.7484698594858876,,0.7187245153676758,0.537943637026307
anis_mehmeti,4,0,MID,Ipswich Town,8,0,0,0,2,0,0,3,0.09600000000000003,0.0,0.0,0.0,0.0,0.0,0.0,0.0,0.0,0.0,0.0,0.0,0.0,0.0,0.0,0.0,0.0,0.0,0.0,0.0,0.0,0.0,0.0,-490.46399999999994,84.672,575.136,49.16,0.0,Crystal Palace,2.12,1.992,Man City,Man City,1.3520000000000003,3.0,0.44463952139580143,,0.568072032915532,0.2525872768339021
anthony_elanga,4,0,MID,Newcastle,13,0,0,0,3,0,0,2,5.0968,0.0,0.12800000000000003,6.976000000000001,0.096,9.3248,0.06544000000000001,0.09872000000000002,0.033280000000000004,0.5144000000000001,0.5439999999999999,0.16000000000000003,2.2752000000000003,7.942400000000001,30.816,0.0,0.0,0.0,0.0,0.0,0.4,5.536000000000001,1.5840000000000003,258348.048,399366.216,141018.168,61.44,0.24,Leeds,1.4,0.592,Aston Villa,Aston Villa,0.6,0.24,2.0940556845648457,14973.0,1.1791258443887787,2.4691551772596454
anthony_patterson,4,0,GK,Sunderland,1,1,0,0,2,0,0,5,0.0,0.0,0.0,0.0,0.0,0.0,0.0,0.0,0.0,0.0,0.0,0.0,0.0,0.0,0.0,0.0,0.0,0.0,0.0,0.0,0.0,0.0,0.0,-1200.912,0.0,1200.912,40.0,0.0,Arsenal,0.4,0.5279999999999999,Bournemouth,Bournemouth,1.84,0.9359999999999999,0.22466181386178663,,0.6419098143236074,0.1442126232216243
antoine_semenyo,4,3,MID,Man City,16,0,0,0,5,0,0,4,3.9536,0.336,0.0,14.632000000000001,0.84,15.7136,0.1736,0.1952,0.0216,1.03376,0.16000000000000003,0.0,3.2896,8.598400000000002,90.0,0.0,0.0,0.0,0.0,0.0,1.0,8.464,3.8479999999999994,-294373.68,42642.72,337016.4,84.4,0.0,Man Utd,1.3520000000000003,3.0,Ipswich Town,Ipswich Town,2.12,1.992,3.8758211212715095,14970.0,1.4193214841518227,5.501036186150061
anton_stach,4,3,MID,Leeds,17,1,0,0,2,0,0,3,5.7688,0.0,0.19200000000000006,14.896,0.664,5.7392,0.07016,0.41808,0.34792,1.08216,0.336,0.06400000000000002,2.088,9.116800000000001,88.19999999999999,0.0,0.0,0.0,0.0,0.0,1.0,5.968000000000001,3.496,-2094.6000000000004,40563.864,42658.464,60.0,0.0,Newcastle,2.8,2.328,Man Utd,Man Utd,0.9600000000000002,0.5279999999999999,3.420359426036777,50210.0,0.7674984210824493,2.625120459017699
antonee_robinson,4,6,DEF,Fulham,14,0,0,0,3,0,0,4,2.0648,0.0,0.0,17.896,0.6,8.0064,0.058480000000000004,0.116,0.05752,1.57616,1.008,0.0,1.6064,5.8272,86.54400000000001,0.0,0.0,0.0,0.0,0.0,1.0,2.352,4.096,-13167.648000000001,7512.216,20679.864,45.0,0.0,Liverpool,0.6080000000000001,0.6,Hull City,Hull City,1.424,1.3200000000000003,2.356388183992145,50210.0,0.8213375320134982,1.9353900555058774
antoni_milambo,4,0,MID,Brentford,3,0,0,0,3,0,0,3,0.0,0.0,0.0,0.0,0.0,0.0,0.0,0.0,0.0,0.0,0.0,0.0,0.0,0.0,0.0,0.0,0.0,0.0,0.0,0.0,0.0,0.0,0.0,-6.552,27.048,33.6,50.0,0.0,Bournemouth,1.7280000000000002,1.1280000000000001,Liverpool,Liverpool,0.8,1.48,0.4518367028110868,,1.32357378499298,0.5980392149384184
antonin_kinsky,4,7,GK,Spurs,9,1,0,0,3,0,0,3,3.3856,0.0,0.0,24.503999999999998,0.84,2.4000000000000004,0.0,0.0,0.0,1.2036000000000002,0.3840000000000001,0.0,0.8,5.651200000000001,90.0,0.0,0.0,0.0,0.0,2.36,1.0,0.0,5.864,-108866.856,102880.2,211747.05599999998,45.0,0.0,Everton,0.0,0.84,Coventry City,Coventry City,0.0,0.0,3.0236756538529583,61014.0,2.0,6.047351307705917
antonio_joao_pereira_de_albuquerque_tavares_da_silva,4,3,DEF,Bournemouth,4,1,0,0,3,0,0,3,2.4808,0.0,0.0,2.096,0.0,0.4800000000000001,0.14328000000000002,0.52008,0.37679999999999997,0.79104,1.904,0.0,1.5296,9.507200000000001,90.0,0.0,0.0,0.0,0.0,0.0,1.0,5.328,2.552,1048.92,6462.12,5413.2,50.0,0.06400000000000002,Brentford,1.84,0.9359999999999999,Sunderland,Sunderland,0.4,0.5279999999999999,2.6446173418295826,,0.5,1.3223086709147913
archie_gray,4,3,MID,Spurs,9,1,0,0,3,0,0,3,1.6800000000000002,0.0,0.0,9.623999999999999,0.6,0.35519999999999996,0.01864,0.07264,0.054,0.9136000000000001,0.2880000000000001,0.0,0.09280000000000002,0.5696000000000002,62.272,0.0,0.0,0.0,0.0,0.0,0.76,0.0,2.12,-1995.768,1208.496,3204.264,50.0,0.0,Everton,0.0,0.84,Coventry City,Coventry City,0.0,0.0,1.9608381900962275,,0.9454694944698857,1.853912692327526
armin_pecsi,4,0,GK,Liverpool,10,1,0,0,4,0,0,3,0.0,0.0,0.0,0.0,0.0,0.0,0.0,0.0,0.0,0.0,0.0,0.0,0.0,0.0,0.0,0.0,0.0,0.0,0.0,0.0,0.0,0.0,0.0,-222.768,0.0,222.768,40.0,0.0,Fulham,0.8,1.48,Brentford,Brentford,1.7280000000000002,1.1280000000000001,0.22518982294145728,,0.8063660477453581,0.1815854275177799
arnaud_kalimuendo,4,0,FWD,Nott'm Forest,2,0,0,0,3,0,0,3,0.35520000000000007,0.0,0.0,0.19200000000000006,0.0,0.0,0.0,0.0,0.0,0.0,0.0,0.0,0.0,0.0,0.06400000000000002,0.0,0.0,0.0,0.0,0.0,0.0,0.0,0.06400000000000002,29.831999999999994,923.664,893.832,54.16,0.0,Aston Villa,1.392,2.1359999999999997,Arsenal,Arsenal,1.968,3.0,0.54451948693562,,0.5,0.27225974346781
arthur_masuaku,4,0,DEF,Sunderland,1,1,0,0,2,0,0,5,0.0,0.0,0.0,0.0,0.0,0.0,0.0,0.0,0.0,0.0,0.0,0.0,0.0,0.0,0.0,0.0,0.0,0.0,0.0,0.0,0.0,0.0,0.0,-2235.528,0.0,2235.528,40.0,0.0,Arsenal,0.4,0.5279999999999999,Bournemouth,Bournemouth,1.84,0.9359999999999999,0.3116643123295426,,0.8299837771311113,0.25867632314424416
ashley_phillips,4,0,DEF,Spurs,9,1,0,0,3,0,0,3,0.0,0.0,0.0,0.0,0.0,0.0,0.0,0.0,0.0,0.0,0.0,0.0,0.0,0.0,0.0,0.0,0.0,0.0,0.0,0.0,0.0,0.0,0.0,-221.44799999999998,0.0,221.44799999999998,45.0,0.0,Everton,0.0,0.84,Coventry City,Coventry City,0.0,0.0,0.45716434148168505,,2.0,0.9143286829633701
aurele_amenda,4,0,DEF,Coventry City,5,1,0,0,2,0,0,3,1.072,0.0,0.0,-5.792,0.0,0.5648000000000001,0.08608,0.08800000000000001,0.0019200000000000003,2.38424,3.528,0.0,0.6624,3.9936000000000003,90.0,0.0,0.0,0.0,0.0,0.0,1.0,1.92,0.6400000000000001,-2523.288,3226.848,5750.136,40.0,0.096,Brighton,0.0,0.0,Spurs,Spurs,0.0,0.84,2.000769631158101,,1.2834843802576474,2.567956570085277
axel_disasi,4,-3,DEF,Crystal Palace,12,1,0,0,3,0,0,2,0.5888000000000001,0.0,0.0,-7.631999999999999,0.0,3.192,0.009600000000000001,0.009600000000000001,0.0,1.0008,2.376,0.0,1.1376,7.6512,42.93600000000001,0.0,0.0,0.0,0.6,0.0,0.84,0.48,-0.9839999999999998,2922.312,4737.84,1815.528,45.0,0.0,Ipswich Town,2.016,0.72,Brighton,Brighton,3.784,2.2319999999999998,0.9237756532614078,,0.5,0.4618878266307039
ayden_heaven,4,0,DEF,Man Utd,15,1,0,0,4,0,0,5,0.3488,0.0,0.0,0.32000000000000006,0.0,0.16640000000000002,0.00256,0.01024,0.007680000000000001,0.06464000000000002,0.12800000000000003,0.0,0.12800000000000003,0.43520000000000003,5.760000000000001,0.0,0.0,0.0,0.0,0.0,0.06400000000000002,0.7040000000000002,0.06400000000000002,-4961.928,1069.848,6031.776,44.4,0.0,Man City,0.9600000000000002,0.5279999999999999,Leeds,Leeds,2.8,2.328,0.5914129986901027,,0.5722487534816909,0.3384353512932802
ayyoub_bouaddi,4,0,MID,Man City,16,0,0,0,5,0,0,4,0.98,0.0,0.0,1.6800000000000002,0.0,0.808,0.019200000000000002,0.019200000000000002,0.0,0.0888,0.0,0.0,0.384,2.976,4.640000000000001,0.0,0.0,0.0,0.0,0.0,0.0,0.0,0.4,2445.0,5659.96,3214.96,55.0,0.0,Man Utd,1.3520000000000003,3.0,Ipswich Town,Ipswich Town,2.12,1.992,0.7860669538580399,,1.4193214841518227,1.1156817155924956
azor_matusiwa,4,0,MID,Ipswich Town,8,0,0,0,2,0,0,3,0.0,0.0,0.0,0.0,0.0,0.0,0.0,0.0,0.0,0.0,0.0,0.0,0.0,0.0,0.0,0.0,0.0,0.0,0.0,0.0,0.0,0.0,0.0,-26.784,27.648,54.432,49.4,0.0,Crystal Palace,2.12,1.992,Man City,Man City,1.3520000000000003,3.0,0.4397171277341356,,0.568072032915532,0.24979100265970908
bafode_diakite,4,0,DEF,Bournemouth,4,1,0,0,3,0,0,3,0.14080000000000004,0.0,0.0,0.0,0.0,0.0,0.0,0.0,0.0,0.0,0.0,0.0,0.0,0.0,0.0,0.0,0.0,0.0,0.0,0.0,0.0,0.0,0.0,-1284.024,1457.712,2741.736,50.0,0.0,Brentford,1.84,0.9359999999999999,Sunderland,Sunderland,0.4,0.5279999999999999,0.6203776802394916,,0.5,0.3101888401197458
bart_verbruggen,4,8,GK,Brighton,7,0,0,0,3,0,0,2,3.6496,0.0,0.0,28.983999999999998,0.664,0.72,0.048,0.048,0.0,1.69544,0.6240000000000001,0.0,0.9087999999999999,8.409600000000001,90.0,0.0,0.0,0.0,0.0,4.4159999999999995,1.0,0.0,5.904,62178.695999999996,222383.49599999998,160204.8,45.0,0.0,Coventry City,3.784,2.2319999999999998,Crystal Palace,Crystal Palace,2.016,0.72,3.731075277872114,61014.0,0.8116710875331564,3.0284059284585325
bazoumana_toure,4,6,MID,Newcastle,13,0,0,0,3,0,0,2,1.3408000000000002,0.0,0.0,14.687999999999999,0.0,0.0,0.006,0.174,0.168,0.096,0.6,0.6,0.0,0.0,19.896,0.0,0.0,0.0,0.0,0.0,0.0,0.0,3.6959999999999997,-3534.8399999999997,432.528,3967.368,58.56,0.0,Leeds,1.4,0.592,Aston Villa,Aston Villa,0.6,0.24,1.3419355899505039,,1.1791258443887787,1.5823109356157417
ben_chilwell,4,1,DEF,Crystal Palace,12,1,0,0,3,0,0,2,3.12,0.0,0.0,8.6,0.0,0.27999999999999997,0.006,0.138,0.132,0.558,0.6,0.4,2.04,13.280000000000001,14.2,0.0,0.0,0.0,0.0,0.0,0.0,6.800000000000001,3.4000000000000004,19983.399999999998,23418.4,3435.0,45.0,0.0,Ipswich Town,2.016,0.72,Brighton,Brighton,3.784,2.2319999999999998,1.3793049856709632,,0.5,0.6896524928354816
ben_davies,4,0,DEF,Spurs,9,1,0,0,3,0,0,3,0.06400000000000002,0.0,0.0,0.0,0.0,0.0,0.0,0.0,0.0,0.0,0.0,0.0,0.0,0.0,0.0,0.0,0.0,0.0,0.0,0.0,0.0,0.0,0.0,-6208.0560000000005,2851.392,9059.448,40.0,0.0,Everton,0.0,0.84,Coventry City,Coventry City,0.0,0.0,0.31971581669575344,,2.0,0.6394316333915069
ben_gannon_doak,4,1,MID,Bournemouth,4,1,0,0,3,0,0,3,0.792,0.0,0.0,4.512,0.0,0.1264,0.018,0.0828,0.0648,0.09016,0.06400000000000002,0.0,0.2048,0.4928,5.104,0.0,0.0,0.0,0.0,0.0,0.0,1.3280000000000003,0.904,-691.7280000000001,375.0,1066.728,49.4,0.0,Brentford,1.84,0.9359999999999999,Sunderland,Sunderland,0.4,0.5279999999999999,0.7165279354259754,,1.1514852922976395,0.8250713791634035
ben_johnson,4,0,DEF,Ipswich Town,8,0,0,0,2,0,0,3,0.06400000000000002,0.0,0.0,0.0,0.0,0.0,0.0,0.0,0.0,0.0,0.0,0.0,0.0,0.0,0.0,0.0,0.0,0.0,0.0,0.0,0.0,0.0,0.0,-1643.04,211.39200000000002,1854.432,40.0,0.0,Crystal Palace,2.12,1.992,Man City,Man City,1.3520000000000003,3.0,0.31971581669575344,,0.5,0.15985790834787672
ben_wilson,4,0,GK,Coventry City,5,1,0,0,2,0,0,3,0.12160000000000003,0.0,0.0,0.0,0.0,0.0,0.0,0.0,0.0,0.0,0.0,0.0,0.0,0.0,0.0,0.0,0.0,0.0,0.0,0.0,0.0,0.0,0.0,-2497.728,230.59199999999998,2728.3199999999997,45.0,0.0,Brighton,0.0,0.0,Spurs,Spurs,0.0,0.84,0.37099754027755427,,0.6896551724137931,0.2558603726052099
bendito_mantato,4,0,MID,Man Utd,15,1,0,0,4,0,0,5,0.06400000000000002,0.0,0.0,0.0,0.0,0.0,0.0,0.0,0.0,0.0,0.0,0.0,0.0,0.0,0.0,0.0,0.0,0.0,0.0,0.0,0.0,0.0,0.0,-775.92,1305.336,2081.256,45.0,0.0,Man City,0.9600000000000002,0.5279999999999999,Leeds,Leeds,2.8,2.328,0.357353726298125,,0.7187245153676758,0.25683888374845293
benjamin_lecomte,4,0,GK,Fulham,14,0,0,0,3,0,0,4,0.06400000000000002,0.0,0.0,0.0,0.0,0.0,0.0,0.0,0.0,0.0,0.0,0.0,0.0,0.0,0.0,0.0,0.0,0.0,0.0,0.0,0.0,0.0,0.0,719.3040000000001,7301.831999999999,6582.528,40.0,0.0,Liverpool,0.6080000000000001,0.6,Hull City,Hull City,1.424,1.3200000000000003,0.22672850461831406,,1.193633952254642,0.27063084105634305
benjamin_sesko,4,1,FWD,Man Utd,15,1,0,0,4,0,0,5,1.9567999999999999,0.0,0.0,9.728,0.0,1.088,0.0009600000000000001,0.10912,0.10815999999999998,0.52888,0.576,0.24,1.4496000000000002,7.699199999999999,21.032,0.0,0.0,0.0,0.0,0.0,0.0,5.808,1.96,-4243.272,22479.624,26722.896,70.0,0.0,Man City,0.9600000000000002,0.5279999999999999,Leeds,Leeds,2.8,2.328,1.6328380737204953,50210.0,1.0817453082263337,1.7663149253404702
benjamin_white,4,1,DEF,Arsenal,20,0,0,0,5,0,0,2,5.752000000000001,0.06400000000000002,0.22399999999999998,9.904,0.16000000000000003,4.888,0.025440000000000004,0.03696000000000001,0.01152,0.27608,0.24,0.0,1.5664000000000002,7.491200000000001,63.0,0.0,0.0,0.0,0.0,0.0,1.0,3.232,2.4560000000000004,26369.015999999996,127118.136,100749.12,55.0,0.0,Sunderland,1.968,3.0,Nott'm Forest,Nott'm Forest,1.392,2.1359999999999997,2.6856836088955465,14971.0,2.0,5.371367217791093
benoit_badiashile_mukinayi,4,0,DEF,Chelsea,11,1,0,0,4,0,0,2,0.10880000000000001,0.0,0.0,0.0,0.0,0.0,0.0,0.0,0.0,0.0,0.0,0.0,0.0,0.0,0.0,0.0,0.0,0.0,0.0,0.0,0.0,0.0,0.0,-377.088,22.272000000000002,399.36,45.0,0.0,Hull City,2.016,1.08,Everton,Everton,0.704,1.1280000000000001,0.4708518989042436,,0.5424745596985056,0.2554251765412848
bernd_leno,4,9,GK,Fulham,14,0,0,0,3,0,0,4,3.1216,0.0,1.2,21.08,0.6,0.0,0.0,0.0,0.0,1.57808,1.008,0.0,0.8303999999999999,8.2496,90.0,0.0,0.0,0.0,0.0,2.76,1.0,0.0,6.055999999999999,-5602.5599999999995,23017.104,28619.663999999997,45.0,0.0,Liverpool,0.6080000000000001,0.6,Hull City,Hull City,1.424,1.3200000000000003,3.0256926174056424,14973.0,1.193633952254642,3.6115694372215894
bobby_thomas,4,0,DEF,Coventry City,5,1,0,0,2,0,0,3,4.072,0.0,0.192,-2.2479999999999976,0.096,5.776000000000001,0.0844,0.25248000000000004,0.16808,2.3324,3.432,0.0,1.9568000000000003,8.0608,88.75200000000001,0.0,0.0,0.0,0.0,0.0,1.0,5.824,1.9200000000000004,54616.056,123589.17599999999,68973.12,40.0,0.0,Brighton,0.0,0.0,Spurs,Spurs,0.0,0.84,2.504309991745699,,1.2834843802576474,3.214242757728763
borna_sosa,4,0,DEF,Crystal Palace,12,1,0,0,3,0,0,2,0.10880000000000001,0.0,0.0,0.0,0.0,0.0,0.0,0.0,0.0,0.0,0.0,0.0,0.0,0.0,0.0,0.0,0.0,0.0,0.0,0.0,0.0,0.0,0.0,-547.656,38.496,586.152,45.0,0.0,Ipswich Town,2.016,0.72,Brighton,Brighton,3.784,2.2319999999999998,0.4708518989042436,,0.5,0.2354259494521218
boubacar_kamara,4,2,MID,Aston Villa,18,1,0,0,3,0,0,3,2.16,0.0,0.0,16.824,0.24,7.830400000000001,0.04968,0.04968,0.0,1.84592,1.552,0.0,1.2896,4.9984,90.0,0.0,0.0,0.0,0.0,0.0,1.0,0.0,2.2399999999999998,-1002.5999999999999,3656.184,4658.784,50.0,0.0,Nott'm Forest,0.6,0.24,Newcastle,Newcastle,1.4,0.592,2.5957432748113662,,0.7819204265435558,2.0296646886380696
bradley_barcola,4,3,MID,Liverpool,10,1,0,0,4,0,0,3,2.32,0.0,0.0,7.3999999999999995,0.6,4.2,0.046,0.172,0.126,0.428,0.0,0.0,0.6400000000000001,1.2000000000000002,53.0,0.0,0.0,0.0,0.0,0.0,0.6,0.8,2.1999999999999997,89033.4,124397.6,35364.2,80.0,0.0,Fulham,0.8,1.48,Brentford,Brentford,1.7280000000000002,1.1280000000000001,2.5414210761042337,79641.0,0.8050630177392176,2.046004120874524
bradley_burrowes,4,0,MID,Aston Villa,18,1,0,0,3,0,0,3,0.06400000000000002,0.0,0.0,0.0,0.0,0.0,0.0,0.0,0.0,0.0,0.0,0.0,0.0,0.0,0.0,0.0,0.0,0.0,0.0,0.0,0.0,0.0,0.0,-1590.6000000000001,6414.048,8004.648,45.0,0.0,Nott'm Forest,0.6,0.24,Newcastle,Newcastle,1.4,0.592,0.357353726298125,,0.7819204265435558,0.279422178093959
braiden_graham,4,0,MID,Everton,19,0,0,0,3,0,0,3,0.4,0.0,0.0,0.0,0.0,0.0,0.0,0.0,0.0,0.0,0.0,0.0,0.0,0.0,0.0,0.0,0.0,0.0,0.0,0.0,0.0,0.0,0.0,4440.0,5676.599999999999,1236.6,45.0,0.0,Spurs,0.704,1.1280000000000001,Chelsea,Chelsea,2.016,1.08,0.3915495092216865,,1.1080549312337,0.43385836451522486
brandon_austin,4,0,GK,Spurs,9,1,0,0,3,0,0,3,0.06400000000000002,0.0,0.0,0.0,0.0,0.0,0.0,0.0,0.0,0.0,0.0,0.0,0.0,0.0,0.0,0.0,0.0,0.0,0.0,0.0,0.0,0.0,0.0,2687.52,7790.232,5102.7119999999995,40.0,0.0,Everton,0.0,0.84,Coventry City,Coventry City,0.0,0.0,0.2259259308172148,,2.0,0.4518518616344296
brandon_thomas_asante,4,1,FWD,Coventry City,5,1,0,0,2,0,0,3,1.2656,0.0,0.0,6.696000000000001,0.0,0.33440000000000003,0.01928,0.14528,0.126,0.78064,1.488,0.0,0.20640000000000003,0.9376,22.247999999999998,0.0,0.0,0.0,0.0,0.0,0.06400000000000002,0.672,1.064,-534.624,12026.784,12561.408,50.0,0.0,Brighton,0.0,0.0,Spurs,Spurs,0.0,0.84,1.2438664045883732,,0.5,0.6219332022941866
brenden_aaronson,4,1,MID,Leeds,17,1,0,0,2,0,0,3,1.6280000000000001,0.0,0.0,5.2,0.06400000000000002,0.36800000000000005,0.0016,0.0022400000000000002,0.00064,0.7379200000000001,0.9359999999999999,0.0,0.15520000000000003,0.7232000000000002,27.024,0.0,0.0,0.0,0.0,0.0,0.16000000000000003,0.44800000000000006,1.1280000000000001,-10127.16,1392.1680000000001,11519.328,54.4,0.0,Newcastle,2.8,2.328,Man Utd,Man Utd,0.9600000000000002,0.5279999999999999,1.288239564196918,,0.7674984210824493,0.988721831497077
brennan_johnson,4,3,MID,Everton,19,0,0,0,3,0,0,3,1.3767999999999998,0.0,0.0,8.808,0.6,5.5152,0.1176,0.22560000000000002,0.108,0.51704,0.24,0.0,0.9712000000000001,1.9552,63.072,0.0,0.0,0.0,0.0,0.0,0.84,2.1599999999999997,2.1999999999999997,-1500.048,900.3119999999999,2400.3599999999997,59.16,0.24,Spurs,0.704,1.1280000000000001,Chelsea,Chelsea,2.016,1.08,2.304323230980709,,1.1080549312337,2.5533167192445467
brian_brobbey,4,1,FWD,Sunderland,1,1,0,0,2,0,0,5,1.8800000000000001,0.0,0.0,5.584,0.096,9.2688,0.0204,0.10488000000000001,0.08448,1.5822399999999999,1.504,0.0,1.8416000000000001,1.056,85.872,0.0,0.0,0.0,0.0,0.0,1.0,8.112,1.4,-232917.888,18558.984,251476.872,58.56,0.6,Arsenal,0.4,0.5279999999999999,Bournemouth,Bournemouth,1.84,0.9359999999999999,3.4197730215146116,15210.0,0.5,1.7098865107573058
brian_madjo,4,0,FWD,Aston Villa,18,1,0,0,3,0,0,3,0.0,0.0,0.0,0.0,0.0,0.0,0.0,0.0,0.0,0.0,0.0,0.0,0.0,0.0,0.0,0.0,0.0,0.0,0.0,0.0,0.0,0.0,0.0,-6069.192000000001,540.696,6609.888,55.0,0.0,Nott'm Forest,0.6,0.24,Newcastle,Newcastle,1.4,0.592,0.5185651804111857,,0.5,0.25928259020559286
brooke_norton_cuffy,4,0,DEF,Hull City,6,0,0,0,2,0,0,4,0.7,0.0,0.0,1.2000000000000002,0.0,0.12,0.0,0.03,0.03,0.156,0.0,0.0,0.2,0.8800000000000001,15.2,0.0,0.0,0.0,0.0,0.0,0.0,0.8,0.4,8675.6,11070.4,2394.8,40.0,0.6,Chelsea,1.424,1.3200000000000003,Fulham,Fulham,0.6080000000000001,0.6,0.6711483631560815,,2.0,1.342296726312163
bruno_borges_fernandes,4,2,MID,Man Utd,15,1,0,0,4,0,0,5,7.936,0.096,0.288,22.344,0.0,17.6096,0.27512000000000003,0.5281600000000001,0.25304000000000004,1.1648,1.4,0.288,4.324800000000001,14.819200000000002,90.0,0.0,0.0,0.0,0.0,0.0,1.0,10.784,4.016,-377950.152,167710.608,545660.76,120.0,0.0,Man City,0.9600000000000002,0.5279999999999999,Leeds,Leeds,2.8,2.328,5.188929807912529,14969.0,0.7187245153676758,3.729411061468819
bruno_guimaraes_rodriguez_moura,4,7,MID,Arsenal,20,0,0,0,5,0,0,2,1.4016,0.0,0.6,17.784,0.0,0.07680000000000001,0.08496000000000001,0.13896,0.054,0.942,0.0,0.6,0.038400000000000004,0.13440000000000002,28.824,0.0,0.0,0.0,0.0,0.0,0.0,0.192,4.296,-47105.520000000004,2823.24,49928.759999999995,68.224,0.0,Sunderland,1.968,3.0,Nott'm Forest,Nott'm Forest,1.392,2.1359999999999997,1.7989941006558363,79641.0,1.390749422481213,2.5019500065342135
bryan_mbeumo,4,2,MID,Man Utd,15,1,0,0,4,0,0,5,5.9632000000000005,0.096,0.43200000000000005,16.68,0.0,9.2432,0.09008000000000001,0.59704,0.5069600000000001,1.1648,1.4,0.336,3.4752000000000005,14.544,90.0,0.0,0.0,0.0,0.0,0.0,1.0,10.816,4.304,-411439.608,124114.31999999999,535553.928,79.4,0.096,Man City,0.9600000000000002,0.5279999999999999,Leeds,Leeds,2.8,2.328,4.03766895491277,79641.0,0.7187245153676758,2.9019716628347907
bukayo_saka,4,8,MID,Arsenal,20,0,0,0,5,0,0,2,7.4168,0.0,0.352,26.64,0.76,9.1104,0.11216000000000001,1.0968,0.98464,1.20912,0.24,0.76,4.137600000000001,9.219199999999999,88.28800000000001,0.0,0.0,0.0,0.0,0.0,1.0,23.136000000000003,6.912,57183.407999999996,173917.728,116734.31999999999,95.0,0.0,Sunderland,1.968,3.0,Nott'm Forest,Nott'm Forest,1.392,2.1359999999999997,5.011938171214132,50210.0,1.390749422481213,6.970350117127601
caleb_yirenkyi,4,1,MID,Coventry City,5,1,0,0,2,0,0,3,1.596,0.0,0.0,4.5200000000000005,0.096,1.8064,0.018480000000000003,0.021360000000000004,0.00288,0.7137600000000001,1.392,0.0,0.33120000000000005,1.1424,27.304000000000002,0.0,0.0,0.0,0.0,0.0,0.16000000000000003,0.6720000000000002,1.192,-2470.008,667.0319999999999,3137.04,49.4,0.06400000000000002,Brighton,0.0,0.0,Spurs,Spurs,0.0,0.84,1.2237366958287061,,0.5922224071854413,0.7247242917648345
callum_hudson_odoi,4,0,MID,Nott'm Forest,2,0,0,0,3,0,0,3,0.3808000000000001,0.0,0.0,0.192,0.0,0.0288,0.0,0.0,0.0,0.0,0.0,0.0,0.0,0.0,0.096,0.0,0.0,0.0,0.0,0.0,0.0,0.0,0.096,-2803.968,920.256,3724.224,59.16,0.0,Aston Villa,1.392,2.1359999999999997,Arsenal,Arsenal,1.968,3.0,0.6813887670989991,,0.5,0.34069438354949955
callum_olusesi,4,0,MID,Spurs,9,1,0,0,3,0,0,3,0.06400000000000002,0.0,0.0,0.0,0.0,0.0,0.0,0.0,0.0,0.0,0.0,0.0,0.0,0.0,0.0,0.0,0.0,0.0,0.0,0.0,0.0,0.0,0.0,820.2719999999995,8838.264,8017.992,44.4,0.0,Everton,0.0,0.84,Coventry City,Coventry City,0.0,0.0,0.34523415122117385,,0.9454694944698857,0.3264083584288233
callum_wilson,4,0,FWD,Brentford,3,0,0,0,3,0,0,3,0.9312,0.0,0.0,1.024,0.0,0.6688000000000001,0.00256,0.008320000000000001,0.005760000000000001,0.023680000000000003,0.0,0.0,0.20640000000000003,0.3808,1.6,0.0,0.0,0.0,0.0,0.0,0.0,0.9920000000000002,0.4,-2356.0319999999997,3412.2960000000003,5768.3279999999995,55.0,0.0,Bournemouth,1.7280000000000002,1.1280000000000001,Liverpool,Liverpool,0.8,1.48,0.68471389691293,,0.5,0.342356948456465
calvin_bassey,4,6,DEF,Fulham,14,0,0,0,3,0,0,4,1.7648000000000001,0.0,0.0,17.991999999999997,0.6,2.0288,0.011840000000000002,0.04312,0.03128,1.57808,1.008,0.0,0.8192,6.057600000000001,90.0,0.0,0.0,0.0,0.0,0.0,1.0,0.12800000000000003,4.032,-4620.624,4003.008,8623.632,45.0,0.06400000000000002,Liverpool,0.6080000000000001,0.6,Hull City,Hull City,1.424,1.3200000000000003,2.290079179637427,,0.8213375320134982,1.880927981518901
calvin_ramsay,4,0,DEF,Liverpool,10,1,0,0,4,0,0,3,0.06400000000000002,0.0,0.0,0.0,0.0,0.0,0.0,0.0,0.0,0.0,0.0,0.0,0.0,0.0,0.0,0.0,0.0,0.0,0.0,0.0,0.0,0.0,0.0,-2790.744,61.248000000000005,2851.992,40.0,0.0,Fulham,0.8,1.48,Brentford,Brentford,1.7280000000000002,1.1280000000000001,0.31971581669575344,,0.7595468433242368,0.24283913933208987
cameron_humphreys,4,0,MID,Ipswich Town,8,0,0,0,2,0,0,3,0.06400000000000002,0.0,0.0,0.0,0.0,0.0,0.0,0.0,0.0,0.0,0.0,0.0,0.0,0.0,0.0,0.0,0.0,0.0,0.0,0.0,0.0,0.0,0.0,-398.688,503.03999999999996,901.728,45.0,0.0,Crystal Palace,2.12,1.992,Man City,Man City,1.3520000000000003,3.0,0.357353726298125,,0.568072032915532,0.2030026577681165
caoimhin_kelleher,4,3,GK,Brentford,3,0,0,0,3,0,0,3,3.5864000000000003,0.0,0.0,16.648000000000003,0.06400000000000002,0.0,0.00064,0.00064,0.0,1.63704,1.536,0.0,0.6928000000000001,6.944,90.0,0.0,0.0,0.0,0.0,5.632,1.0,0.0,2.92,3991.0800000000017,55058.784,51067.704,50.0,0.0,Bournemouth,1.7280000000000002,1.1280000000000001,Liverpool,Liverpool,0.8,1.48,3.0523084503907594,14970.0,0.9655172413793104,2.947056434860044
carl_rushworth,4,0,GK,Coventry City,5,1,0,0,2,0,0,3,1.3936000000000002,0.0,0.0,1.08,0.0,0.0,0.00664,0.00664,0.0,2.38424,3.528,0.0,0.6512,6.438400000000001,90.0,0.0,0.0,0.0,0.0,1.904,1.0,0.0,0.7360000000000001,-9948.936,5060.496,15009.431999999999,45.0,0.0,Brighton,0.0,0.0,Spurs,Spurs,0.0,0.84,2.833914818639618,14971.0,0.6896551724137931,1.954424012854909
carlos_alcaraz_duran,4,0,MID,Everton,19,0,0,0,3,0,0,3,0.336,0.0,0.0,0.25600000000000006,0.0,0.06720000000000001,0.0019200000000000003,0.00608,0.00416,0.00256,0.0,0.0,0.18880000000000005,0.32000000000000006,0.44799999999999995,0.0,0.0,0.0,0.0,0.0,0.0,1.8560000000000003,0.06400000000000002,-745.3199999999999,624.288,1369.6080000000002,49.4,0.096,Spurs,0.704,1.1280000000000001,Chelsea,Chelsea,2.016,1.08,0.5179966950432269,,1.1080549312337,0.5739687923054066
carlos_baleba,4,0,MID,Man Utd,15,1,0,0,4,0,0,5,0.0,0.0,0.0,0.0,0.0,0.0,0.0,0.0,0.0,0.0,0.0,0.0,0.0,0.0,0.0,0.0,0.0,0.0,0.0,0.0,0.0,0.0,0.0,-2036.232,1099.944,3136.1760000000004,50.0,0.0,Man City,0.9600000000000002,0.5279999999999999,Leeds,Leeds,2.8,2.328,0.4518367028110868,,0.7187245153676758,0.3247461152532269
cathal_mccarthy,4,0,DEF,Hull City,6,0,0,0,2,0,0,4,0.06400000000000002,0.0,0.0,0.0,0.0,0.0,0.0,0.0,0.0,0.0,0.0,0.0,0.0,0.0,0.0,0.0,0.0,0.0,0.0,0.0,0.0,0.0,0.0,11.136000000000003,1018.0799999999999,1006.944,40.0,0.0,Chelsea,1.424,1.3200000000000003,Fulham,Fulham,0.6080000000000001,0.6,0.31971581669575344,,2.0,0.6394316333915069
cedric_kipre,4,0,DEF,Ipswich Town,8,0,0,0,2,0,0,3,0.06400000000000002,0.0,0.0,0.0,0.0,0.0,0.0,0.0,0.0,0.0,0.0,0.0,0.0,0.0,0.0,0.0,0.0,0.0,0.0,0.0,0.0,0.0,0.0,-3717.7200000000003,536.952,4254.6720000000005,40.0,0.0,Crystal Palace,2.12,1.992,Man City,Man City,1.3520000000000003,3.0,0.31971581669575344,,0.5,0.15985790834787672
cesar_palacios,4,0,MID,Fulham,14,0,0,0,3,0,0,4,2.84,0.0,0.24,7.696,0.0,3.88,0.00544,0.20959999999999998,0.20416,0.57056,0.7680000000000001,0.24,2.5584000000000007,8.579199999999998,26.208,0.0,0.0,0.0,0.0,0.0,0.4,13.04,2.1439999999999997,-1056.264,1199.6399999999999,2255.904,55.0,0.096,Liverpool,0.6080000000000001,0.6,Hull City,Hull City,1.424,1.3200000000000003,1.755700524193338,,0.6109909626509489,1.0727171534036632
chadi_riad_dnanou,4,0,DEF,Crystal Palace,12,1,0,0,3,0,0,2,0.10880000000000001,0.0,0.0,0.44800000000000006,0.0,0.08320000000000001,0.00064,0.00064,0.0,0.06272000000000001,0.12800000000000003,0.0,0.0896,0.8064,4.6080000000000005,0.0,0.0,0.0,0.0,0.0,0.06400000000000002,0.0,0.06400000000000002,-974.328,111.84000000000002,1086.1680000000001,44.16,0.0,Ipswich Town,2.016,0.72,Brighton,Brighton,3.784,2.2319999999999998,0.5293480713756075,,0.5,0.26467403568780373
charalampos_kostoulas,4,10,FWD,Brighton,7,0,0,0,3,0,0,2,3.7512,0.696,0.6,27.728,0.6,2.7472,0.012720000000000002,0.37776,0.36504000000000003,1.66144,0.6240000000000001,0.6,1.3488,2.7840000000000003,80.648,0.0,0.0,0.0,0.0,0.0,0.9359999999999999,8.032,7.024,9946.368,17118.384,7172.016,55.0,0.0,Coventry City,3.784,2.2319999999999998,Crystal Palace,Crystal Palace,2.016,0.72,3.6805757786687656,14969.0,2.0,7.361151557337531
charlie_hughes,4,0,DEF,Hull City,6,0,0,0,2,0,0,4,0.0,0.0,0.0,0.0,0.0,0.0,0.0,0.0,0.0,0.0,0.0,0.0,0.0,0.0,0.0,0.0,0.0,0.0,0.0,0.0,0.0,0.0,0.0,-1226.496,147.024,1373.52,40.0,0.0,Chelsea,1.424,1.3200000000000003,Fulham,Fulham,0.6080000000000001,0.6,0.3116643123295426,,2.0,0.6233286246590852
cheick_doucoure,4,0,MID,Crystal Palace,12,1,0,0,3,0,0,2,0.09600000000000003,0.0,0.0,0.0,0.0,0.0,0.0,0.0,0.0,0.0,0.0,0.0,0.0,0.0,0.0,0.0,0.0,0.0,0.0,0.0,0.0,0.0,0.0,-439.29600000000005,541.9680000000001,981.264,49.16,0.0,Ipswich Town,2.016,0.72,Brighton,Brighton,3.784,2.2319999999999998,0.44463952139580143,,0.7196973863863351,0.3200059014326292
chemsdine_talbi,4,0,MID,Sunderland,1,1,0,0,2,0,0,5,0.36800000000000005,0.0,0.0,0.06400000000000002,0.0,0.05760000000000001,0.0,0.0,0.0,0.008960000000000001,0.06400000000000002,0.0,0.0,0.0,1.9840000000000004,0.0,0.0,0.0,0.0,0.0,0.0,0.0,0.06400000000000002,-2536.56,258.144,2794.7039999999997,54.16,0.0,Arsenal,0.4,0.5279999999999999,Bournemouth,Bournemouth,1.84,0.9359999999999999,0.6125845431646382,,0.8791417891862328,0.538548671305591
chido_obi,4,0,FWD,Man Utd,15,1,0,0,4,0,0,5,0.06400000000000002,0.0,0.0,0.0,0.0,0.0,0.0,0.0,0.0,0.0,0.0,0.0,0.0,0.0,0.0,0.0,0.0,0.0,0.0,0.0,0.0,0.0,0.0,747.912,14223.455999999998,13475.543999999998,45.0,0.0,Man City,0.9600000000000002,0.5279999999999999,Leeds,Leeds,2.8,2.328,0.3823192981568104,,1.0817453082263337,0.4135721070255145
chiedozie_ogbene,4,0,MID,Ipswich Town,8,0,0,0,2,0,0,3,0.09600000000000003,0.0,0.0,0.0,0.0,0.0,0.0,0.0,0.0,0.0,0.0,0.0,0.0,0.0,0.0,0.0,0.0,0.0,0.0,0.0,0.0,0.0,0.0,-299.616,19.632,319.248,49.16,0.0,Crystal Palace,2.12,1.992,Man City,Man City,1.3520000000000003,3.0,0.44463952139580143,,0.568072032915532,0.2525872768339021
chris_richards,4,2,DEF,Crystal Palace,12,1,0,0,3,0,0,2,1.4968,0.0,0.0,3.5679999999999996,0.0,0.1744,0.036,0.04944,0.013440000000000002,2.04544,2.792,0.0,1.4464000000000001,11.078400000000002,90.0,0.0,0.0,0.0,0.0,0.0,1.0,3.3120000000000007,1.6320000000000001,-1219.656,7245.768,8465.423999999999,50.0,0.6,Ipswich Town,2.016,0.72,Brighton,Brighton,3.784,2.2319999999999998,2.4239475902696155,14970.0,0.5,1.2119737951348077
chris_rigg,4,0,MID,Sunderland,1,1,0,0,2,0,0,5,0.6600000000000001,0.0,0.0,0.4800000000000001,0.0,0.019200000000000002,0.0,0.0,0.0,0.03904000000000001,0.06400000000000002,0.0,0.0,0.0,1.312,0.0,0.0,0.0,0.0,0.0,0.0,0.0,0.16000000000000003,-524.976,121.82400000000001,646.8,49.4,0.0,Arsenal,0.4,0.5279999999999999,Bournemouth,Bournemouth,1.84,0.9359999999999999,0.5387447482366305,,0.8791417891862328,0.4736330218794379
chris_wood,4,1,FWD,Nott'm Forest,2,0,0,0,3,0,0,3,0.8240000000000001,0.0,0.0,2.7119999999999997,0.0,0.1776,0.00064,0.008320000000000001,0.007680000000000001,0.11127999999999999,0.06400000000000002,0.0,0.025600000000000008,0.048,6.232,0.0,0.0,0.0,0.0,0.0,0.0,0.19200000000000006,0.904,-21267.792,5044.224,26312.016000000003,59.16,0.0,Aston Villa,1.392,2.1359999999999997,Arsenal,Arsenal,1.968,3.0,0.8886054577998661,,0.5,0.44430272889993305
christantus_uche,4,0,FWD,Crystal Palace,12,1,0,0,3,0,0,2,0.0,0.0,0.0,0.0,0.0,0.0,0.0,0.0,0.0,0.0,0.0,0.0,0.0,0.0,0.0,0.0,0.0,0.0,0.0,0.0,0.0,0.0,0.0,0.0,0.0,0.0,50.0,0.0,Ipswich Town,2.016,0.72,Brighton,Brighton,3.784,2.2319999999999998,0.4476614390602711,,0.762822411993354,0.34148617870037185
christian_norgaard,4,0,MID,Everton,19,0,0,0,3,0,0,3,0.0,0.0,0.0,0.0,0.0,0.0,0.0,0.0,0.0,0.0,0.0,0.0,0.0,0.0,0.0,0.0,0.0,0.0,0.0,0.0,0.0,0.0,0.0,-1455.624,109.752,1565.376,49.16,0.0,Spurs,0.704,1.1280000000000001,Chelsea,Chelsea,2.016,1.08,0.43486929770335503,,1.1080549312337,0.4818590697623385
christian_walton,4,0,GK,Ipswich Town,8,0,0,0,2,0,0,3,0.12160000000000003,0.0,0.0,0.0,0.0,0.0,0.0,0.0,0.0,0.0,0.0,0.0,0.0,0.0,0.0,0.0,0.0,0.0,0.0,0.0,0.0,0.0,0.0,-2851.008,321.864,3172.8720000000003,44.4,0.0,Crystal Palace,2.12,1.992,Man City,Man City,1.3520000000000003,3.0,0.3565809448763584,,0.5,0.1782904724381792
christos_mouzakitis,4,0,MID,Hull City,6,0,0,0,2,0,0,4,0.6000000000000001,0.0,0.0,0.0,0.0,0.0,0.0,0.0,0.0,0.0,0.0,0.0,0.0,0.0,0.0,0.0,0.0,0.0,0.0,0.0,0.0,0.0,0.0,182.4,246.0,63.6,50.0,0.0,Chelsea,1.424,1.3200000000000003,Fulham,Fulham,0.6080000000000001,0.6,0.512900600888875,,1.0059024978061435,0.5159279955603913
christos_tzolis,4,3,MID,Arsenal,20,0,0,0,5,0,0,2,3.4232,0.30400000000000005,0.24,15.456,0.664,15.680000000000001,0.13591999999999999,0.14808,0.012160000000000004,0.95304,0.24,0.0,2.7504,8.432,78.72,0.0,0.0,0.0,0.0,0.0,1.0,3.2640000000000002,3.384,-324223.848,94268.712,418492.55999999994,64.4,0.336,Sunderland,1.968,3.0,Nott'm Forest,Nott'm Forest,1.392,2.1359999999999997,3.0550949346323213,14971.0,1.390749422481213,4.24887151596518
chuba_akpom,4,0,FWD,Ipswich Town,8,0,0,0,2,0,0,3,1.7576,0.0,0.0,3.072,0.0,0.1632,0.0,0.09312000000000001,0.09312000000000001,0.38688,0.384,0.096,0.5184000000000001,3.2768,5.856000000000001,0.0,0.0,0.0,0.0,0.0,0.0,1.7600000000000002,0.544,21018.36,37363.56,16345.2,50.0,0.0,Crystal Palace,2.12,1.992,Man City,Man City,1.3520000000000003,3.0,0.8136164877671852,,1.7032456767995168,1.3857887653622651
claudio_echeverri,4,0,MID,Man City,16,0,0,0,5,0,0,4,0.09600000000000003,0.0,0.0,0.0,0.0,0.0,0.0,0.0,0.0,0.0,0.0,0.0,0.0,0.0,0.0,0.0,0.0,0.0,0.0,0.0,0.0,0.0,0.0,-313.344,46.608000000000004,359.952,49.16,0.0,Man Utd,1.3520000000000003,3.0,Ipswich Town,Ipswich Town,2.12,1.992,0.44463952139580143,,1.4193214841518227,0.631086425420045
cody_drameh,4,0,DEF,Hull City,6,0,0,0,2,0,0,4,0.16000000000000003,0.0,0.0,0.6400000000000001,0.0,0.038400000000000004,0.0,0.003200000000000001,0.003200000000000001,0.06208,0.0,0.0,0.06720000000000001,0.5440000000000002,5.6000000000000005,0.0,0.0,0.0,0.0,0.0,0.0,0.06400000000000002,0.16000000000000003,-994.1999999999999,348.76800000000003,1342.968,40.0,0.0,Chelsea,1.424,1.3200000000000003,Fulham,Fulham,0.6080000000000001,0.6,0.4310119590759929,,2.0,0.8620239181519858
cody_gakpo,4,1,MID,Liverpool,10,1,0,0,4,0,0,3,6.448,0.576,0.6720000000000002,16.248,0.24,15.0928,0.18000000000000005,0.2616,0.0816,0.5912000000000001,0.32000000000000006,0.06400000000000002,3.8032,16.947200000000002,52.080000000000005,0.0,0.0,0.0,0.0,0.0,0.4,6.064,4.488,256502.56799999997,478169.30399999995,221666.73599999998,71.44,0.0,Fulham,0.8,1.48,Brentford,Brentford,1.7280000000000002,1.1280000000000001,3.143206276160485,14974.0,0.8050630177392176,2.5304791300626084
cole_palmer,4,5,MID,Chelsea,11,1,0,0,4,0,0,2,6.7448,0.664,0.19200000000000006,25.968000000000004,0.0,8.864,0.18424000000000001,0.36992,0.18568,1.53472,2.096,0.16000000000000003,3.2336,9.769600000000002,89.488,0.0,0.0,0.0,0.0,0.0,1.0,13.632,4.744,585197.8319999999,696913.392,111715.56,96.44,0.24,Hull City,2.016,1.08,Everton,Everton,0.704,1.1280000000000001,4.490392262854339,15210.0,1.157584013742825,5.1980062989146525
conor_bradley,4,0,DEF,Liverpool,10,1,0,0,4,0,0,3,0.0,0.0,0.0,0.0,0.0,0.0,0.0,0.0,0.0,0.0,0.0,0.0,0.0,0.0,0.0,0.0,0.0,0.0,0.0,0.0,0.0,0.0,0.0,-94.80000000000001,75.14399999999999,169.944,50.0,0.0,Fulham,0.8,1.48,Brentford,Brentford,1.7280000000000002,1.1280000000000001,0.6026643706338275,,0.7595468433242368,0.4577518202989116
conor_gallagher,4,0,MID,Spurs,9,1,0,0,3,0,0,3,0.8480000000000001,0.0,0.0,5.584,0.24,1.4080000000000004,0.018240000000000003,0.01952,0.00128,0.32000000000000006,0.12800000000000003,0.0,0.44000000000000006,2.448,22.8,0.0,0.0,0.0,0.0,0.0,0.30400000000000005,0.5439999999999999,0.72,-2711.6639999999998,848.928,3560.5919999999996,54.16,0.06400000000000002,Everton,0.0,0.84,Coventry City,Coventry City,0.0,0.0,1.136835990386228,,0.9454694944698857,1.0748437491256388
cristhian_mosquera,4,0,DEF,Arsenal,20,0,0,0,5,0,0,2,2.356,0.0,0.0,4.128,0.16000000000000003,0.17280000000000004,0.0009600000000000001,0.0009600000000000001,0.0,0.04448000000000001,0.0,0.0,0.21120000000000003,1.9008,13.248,0.0,0.0,0.0,0.0,0.0,0.16000000000000003,0.0,0.9600000000000002,-151570.224,5170.200000000001,156740.424,54.4,0.0,Sunderland,1.968,3.0,Nott'm Forest,Nott'm Forest,1.392,2.1359999999999997,1.2824996775488475,,2.0,2.564999355097695
cristian_romero,4,0,DEF,Spurs,9,1,0,0,3,0,0,3,0.0,0.0,0.0,0.0,0.0,0.0,0.0,0.0,0.0,0.0,0.0,0.0,0.0,0.0,0.0,0.0,0.0,0.0,0.0,0.0,0.0,0.0,0.0,-2755.1040000000003,0.0,2755.1040000000003,50.0,0.0,Everton,0.0,0.84,Coventry City,Coventry City,0.0,0.0,0.6026643706338275,,2.0,1.205328741267655
curtis_jones,4,0,MID,Liverpool,10,1,0,0,4,0,0,3,0.09600000000000003,0.0,0.0,0.0,0.0,0.0,0.0,0.0,0.0,0.0,0.0,0.0,0.0,0.0,0.0,0.0,0.0,0.0,0.0,0.0,0.0,0.0,0.0,-551.28,3.408000000000001,554.6880000000001,55.0,0.0,Fulham,0.8,1.48,Brentford,Brentford,1.7280000000000002,1.1280000000000001,0.5626033854781254,,0.8050630177392176,0.45293117930331994
daichi_kamada,4,8,MID,Crystal Palace,12,1,0,0,3,0,0,2,3.8279999999999994,1.44,0.0,26.656,0.0,7.712000000000001,0.05160000000000001,0.056400000000000006,0.0048000000000000004,1.72624,2.192,0.0,1.7552,7.699199999999999,85.32,0.0,0.0,0.0,0.0,0.0,1.0,2.1119999999999997,6.384,7018.44,12082.344,5063.904,50.0,0.06400000000000002,Ipswich Town,2.016,0.72,Brighton,Brighton,3.784,2.2319999999999998,2.8667891104209815,,0.7196973863863351,2.063220630090787
daizen_maeda,4,1,MID,Ipswich Town,8,0,0,0,2,0,0,3,1.8800000000000001,0.0,0.0,4.168,0.0,0.24799999999999997,0.0009600000000000001,0.05536,0.0544,0.81048,1.528,0.0,1.0032,3.5423999999999993,43.768,0.0,0.0,0.0,0.0,0.0,0.4,6.352,1.4,-3695.832,804.36,4500.191999999999,54.4,0.0,Crystal Palace,2.12,1.992,Man City,Man City,1.3520000000000003,3.0,1.7440921529883726,,0.568072032915532,0.9907699749401319
dan_bentley,4,0,GK,Coventry City,5,1,0,0,2,0,0,3,0.16000000000000003,0.0,0.0,0.0,0.0,0.0,0.0,0.0,0.0,0.0,0.0,0.0,0.0,0.0,0.0,0.0,0.0,0.0,0.0,0.0,0.0,0.0,0.0,19674.12,27009.0,7334.879999999999,40.0,0.0,Brighton,0.0,0.0,Spurs,Spurs,0.0,0.84,0.22861411986986302,,0.6896551724137931,0.15766491025507795
dan_burn,4,0,DEF,Newcastle,13,0,0,0,3,0,0,2,0.14080000000000004,0.0,0.0,0.0,0.0,0.0,0.0,0.0,0.0,0.0,0.0,0.0,0.0,0.0,0.0,0.0,0.0,0.0,0.0,0.0,0.0,0.0,0.0,-29960.903999999995,874.872,30835.776000000005,49.16,0.0,Leeds,1.4,0.592,Aston Villa,Aston Villa,0.6,0.24,0.5959336753419315,,1.8630940939647067,1.1102805109242335
dan_ndoye,4,1,MID,Nott'm Forest,2,0,0,0,3,0,0,3,3.8360000000000003,0.0,0.192,5.0,0.06400000000000002,2.44,0.21048,0.66408,0.4536,0.7847200000000001,0.696,0.096,0.9616000000000002,3.6224,68.464,0.0,0.0,0.0,0.0,0.0,1.0,3.4559999999999995,1.8960000000000004,3105.0240000000013,14135.616000000002,11030.592,55.0,0.6,Aston Villa,1.392,2.1359999999999997,Arsenal,Arsenal,1.968,3.0,2.7401110588857707,14970.0,0.5,1.3700555294428853
dane_scarlett,4,0,FWD,Spurs,9,1,0,0,3,0,0,3,0.06400000000000002,0.0,0.0,0.0,0.0,0.0,0.0,0.0,0.0,0.0,0.0,0.0,0.0,0.0,0.0,0.0,0.0,0.0,0.0,0.0,0.0,0.0,0.0,-20340.935999999998,8307.503999999999,28648.44,45.0,0.0,Everton,0.0,0.84,Coventry City,Coventry City,0.0,0.0,0.3823192981568104,,0.8263012687811556,0.3159109211464934
dango_ouattara,4,1,MID,Brentford,3,0,0,0,3,0,0,3,1.6472,0.0,0.0,5.76,0.06400000000000002,6.171200000000001,0.03464,0.05176,0.01712,0.54464,0.096,0.0,1.0496,3.1744000000000003,35.808,0.0,0.0,0.0,0.0,0.0,0.30400000000000005,1.1520000000000001,1.1280000000000001,-19552.344,2637.288,22189.631999999998,64.4,0.0,Bournemouth,1.7280000000000002,1.1280000000000001,Liverpool,Liverpool,0.8,1.48,1.7379611560281276,,1.32357378499298,2.300319825454924
daniel_ballard,4,0,DEF,Sunderland,1,1,0,0,2,0,0,5,3.2847999999999997,0.0,0.0,5.728000000000001,0.096,2.664,0.040240000000000005,0.10552,0.06528,1.6248,1.568,0.0,1.4607999999999999,9.4304,90.0,0.0,0.0,0.0,0.0,0.0,1.0,2.5920000000000005,1.7280000000000002,-80206.656,9281.328000000001,89487.984,49.4,0.664,Arsenal,0.4,0.5279999999999999,Bournemouth,Bournemouth,1.84,0.9359999999999999,2.6254705354983843,14974.0,0.8299837771311113,2.1790979517993905
daniel_james,4,1,MID,Leeds,17,1,0,0,2,0,0,3,0.516,0.0,0.0,2.592,0.0,0.10560000000000001,0.0009600000000000001,0.09,0.08904000000000001,0.25728000000000006,0.6,0.0,0.10560000000000001,0.0,6.312,0.0,0.0,0.0,0.0,0.0,0.0,1.152,0.696,-974.088,938.208,1912.2959999999998,50.0,0.0,Newcastle,2.8,2.328,Man Utd,Man Utd,0.9600000000000002,0.5279999999999999,0.7083087951961129,,0.7674984210824493,0.5436258819518286
daniel_jebbison,4,0,FWD,Bournemouth,4,1,0,0,3,0,0,3,0.6056,0.0,0.0,1.3440000000000003,0.0,0.051200000000000016,0.0,0.006400000000000002,0.006400000000000002,0.03184,0.12800000000000003,0.0,0.13440000000000005,0.21760000000000002,1.2000000000000002,0.0,0.0,0.0,0.0,0.0,0.0,1.0880000000000003,0.30400000000000005,1701.4560000000001,3354.192,1652.7359999999999,50.0,0.0,Brentford,1.84,0.9359999999999999,Sunderland,Sunderland,0.4,0.5279999999999999,0.5582481829535546,,0.8698625778849031,0.485599203523542
daniel_munoz_mejia,4,2,DEF,Nott'm Forest,2,0,0,0,3,0,0,3,0.712,0.0,0.0,14.744,0.0,0.30720000000000003,0.10864,0.26256,0.15392,0.6081599999999999,0.728,0.0,0.32160000000000005,0.6528,64.896,0.0,0.0,0.0,0.0,0.0,0.664,2.304,1.44,-98653.296,13817.52,112470.816,54.16,0.0,Aston Villa,1.392,2.1359999999999997,Arsenal,Arsenal,1.968,3.0,1.9763355787003762,14969.0,0.5,0.9881677893501881
danny_welbeck,4,1,FWD,Chelsea,11,1,0,0,4,0,0,2,0.468,0.0,0.0,3.12,0.0,0.072,0.036,0.036,0.0,0.324,0.0,0.0,0.048,0.0,7.919999999999999,0.0,0.0,0.0,0.0,0.0,0.0,0.48,0.84,-8879.664,7001.376,15881.04,59.16,0.0,Hull City,2.016,1.08,Everton,Everton,0.704,1.1280000000000001,0.9030710285845204,,2.0,1.8061420571690407
dara_o'shea,4,1,DEF,Ipswich Town,8,0,0,0,2,0,0,3,2.008,0.0,0.0,3.88,0.0,2.7008000000000005,0.0616,0.06832,0.006720000000000001,1.03776,2.224,0.0,1.3344000000000003,8.784,90.0,0.0,0.0,0.0,0.0,0.0,1.0,1.952,1.576,-16865.16,17734.224000000002,34599.384,40.0,0.0,Crystal Palace,2.12,1.992,Man City,Man City,1.3520000000000003,3.0,2.185079014732264,,0.5,1.092539507366132
dario_luis_essugo,4,0,MID,Chelsea,11,1,0,0,4,0,0,2,0.06400000000000002,0.0,0.0,0.0,0.0,0.0,0.0,0.0,0.0,0.0,0.0,0.0,0.0,0.0,0.0,0.0,0.0,0.0,0.0,0.0,0.0,0.0,0.0,-3416.6400000000003,467.23199999999997,3883.8720000000003,45.0,0.0,Hull City,2.016,1.08,Everton,Everton,0.704,1.1280000000000001,0.357353726298125,,1.157584013742825,0.41366696081413845
dario_osorio,4,0,MID,Crystal Palace,12,1,0,0,3,0,0,2,1.1,0.0,0.0,0.8,0.0,0.12,0.0,0.0,0.0,0.052000000000000005,0.0,0.0,0.08000000000000002,0.8,0.4,0.0,0.0,0.0,0.0,0.0,0.0,0.0,0.4,322.2,411.2,89.0,55.0,0.0,Ipswich Town,2.016,0.72,Brighton,Brighton,3.784,2.2319999999999998,0.6923064850653199,,0.7196973863863351,0.49825116787982104
darko_gyabi,4,0,MID,Hull City,6,0,0,0,2,0,0,4,0.0,0.0,0.0,0.0,0.0,0.0,0.0,0.0,0.0,0.0,0.0,0.0,0.0,0.0,0.0,0.0,0.0,0.0,0.0,0.0,0.0,0.0,0.0,-212.23199999999997,113.78399999999999,326.016,45.0,0.0,Chelsea,1.424,1.3200000000000003,Fulham,Fulham,0.6080000000000001,0.6,0.35084024383649415,,1.0059024978061435,0.3529110776060459
darnell_furlong,4,0,DEF,Ipswich Town,8,0,0,0,2,0,0,3,0.304,0.0,0.0,-0.096,0.0,0.048,0.0,0.0,0.0,0.08256000000000002,0.096,0.0,0.0576,0.4800000000000001,1.6320000000000001,0.0,0.0,0.0,0.0,0.0,0.0,0.0,0.096,-3313.7520000000004,431.304,3745.0559999999996,40.0,0.0,Crystal Palace,2.12,1.992,Man City,Man City,1.3520000000000003,3.0,0.3833012958971267,,0.5,0.19165064794856335
david_affengruber,4,8,DEF,Fulham,14,0,0,0,3,0,0,4,3.12,0.0,0.0,13.799999999999999,0.6,0.0,0.0,0.0,0.0,0.768,0.0,0.0,0.0,0.0,54.0,0.0,0.0,0.0,0.0,0.0,0.6,0.0,4.8,174.0,246.0,72.0,45.0,0.0,Liverpool,0.6080000000000001,0.6,Hull City,Hull City,1.424,1.3200000000000003,1.8378082547467436,,0.8213375320134982,1.5094608962677247
david_akintola,4,0,MID,Hull City,6,0,0,0,2,0,0,4,0.09600000000000003,0.0,0.0,0.0,0.0,0.0,0.0,0.0,0.0,0.0,0.0,0.0,0.0,0.0,0.0,0.0,0.0,0.0,0.0,0.0,0.0,0.0,0.0,-380.37600000000003,705.264,1085.6399999999999,50.0,0.0,Chelsea,1.424,1.3200000000000003,Fulham,Fulham,0.6080000000000001,0.6,0.46160692650353297,,1.0059024978061435,0.4643315603745207
david_brooks,4,0,MID,Bournemouth,4,1,0,0,3,0,0,3,0.5864,0.0,0.0,0.16800000000000004,0.0,0.15360000000000001,0.0009600000000000001,0.0009600000000000001,0.0,0.13656000000000001,0.336,0.0,0.009600000000000001,0.0,8.424,0.0,0.0,0.0,0.0,0.0,0.0,0.0,0.336,12.552,837.432,824.88,50.0,0.6,Brentford,1.84,0.9359999999999999,Sunderland,Sunderland,0.4,0.5279999999999999,0.6851275936184762,,1.1514852922976395,0.7889143473989494
david_button,4,0,GK,Ipswich Town,8,0,0,0,2,0,0,3,0.06400000000000002,0.0,0.0,0.0,0.0,0.0,0.0,0.0,0.0,0.0,0.0,0.0,0.0,0.0,0.0,0.0,0.0,0.0,0.0,0.0,0.0,0.0,0.0,7919.879999999999,12513.144,4593.264,40.0,0.0,Crystal Palace,2.12,1.992,Man City,Man City,1.3520000000000003,3.0,0.22872437893946906,,0.5,0.11436218946973453
david_raya_martin,4,14,GK,Arsenal,20,0,0,0,5,0,0,2,6.352,0.0,1.7999999999999998,29.952,0.76,0.0,0.0024000000000000002,0.0024000000000000002,0.0,1.21808,0.24,0.0,0.8304,8.2048,90.0,0.0,0.0,0.6,0.0,2.224,1.0,0.0,10.08,17338.775999999998,208905.384,191566.608,60.0,0.0,Sunderland,1.968,3.0,Nott'm Forest,Nott'm Forest,1.392,2.1359999999999997,3.7633689309255676,14972.0,2.0,7.526737861851135
dayann_methalie,4,0,DEF,Sunderland,1,1,0,0,2,0,0,5,0.0,0.0,0.0,0.0,0.0,0.0,0.0,0.0,0.0,0.0,0.0,0.0,0.0,0.0,0.0,0.0,0.0,0.0,0.0,0.0,0.0,0.0,0.0,64.16,214.28,150.12,45.0,0.0,Arsenal,0.4,0.5279999999999999,Bournemouth,Bournemouth,1.84,0.9359999999999999,0.45716434148168505,,0.8299837771311113,0.3794389869126261
dean_henderson,4,0,GK,Crystal Palace,12,1,0,0,3,0,0,2,1.4,0.0,0.0,5.840000000000001,0.0,0.0,0.0,0.0,0.0,1.03744,0.9920000000000002,0.0,1.3792,13.92,36.0,0.0,0.0,0.0,0.0,1.7760000000000002,0.4,0.0,0.704,8722.56,24571.464,15848.903999999999,50.0,0.0,Ipswich Town,2.016,0.72,Brighton,Brighton,3.784,2.2319999999999998,1.5038379164566442,15210.0,0.5,0.7519189582283221
declan_rice,4,6,MID,Arsenal,20,0,0,0,5,0,0,2,4.4624,0.84,0.0,23.944,0.76,7.8352,0.25592,0.2676,0.011680000000000001,0.97512,0.24,0.0,1.9392,10.851199999999999,81.952,0.0,0.0,0.0,0.0,0.0,1.0,0.6080000000000001,5.4719999999999995,-142240.2,24168.552,166408.75199999998,74.4,0.0,Sunderland,1.968,3.0,Nott'm Forest,Nott'm Forest,1.392,2.1359999999999997,3.536291610045309,15210.0,1.390749422481213,4.918095514395672
dejan_kulusevski,4,0,MID,Spurs,9,1,0,0,3,0,0,3,0.0,0.0,0.0,0.0,0.0,0.0,0.0,0.0,0.0,0.0,0.0,0.0,0.0,0.0,0.0,0.0,0.0,0.0,0.0,0.0,0.0,0.0,0.0,-81.336,76.68,158.01600000000002,65.0,0.0,Everton,0.0,0.84,Coventry City,Coventry City,0.0,0.0,0.7548260797348644,,0.9454694944698857,0.7136650320196078
destiny_udogie,4,0,DEF,Spurs,9,1,0,0,3,0,0,3,1.5968,0.0,0.0,4.224,0.24,1.4608,0.024320000000000005,0.024320000000000005,0.0,0.1688,0.096,0.0,0.3744,1.6032000000000002,16.768,0.0,0.0,0.0,0.0,0.0,0.24,0.672,1.36,-3395.4719999999998,1319.04,4714.512,45.0,0.24,Everton,0.0,0.84,Coventry City,Coventry City,0.0,0.0,1.0052074850586408,,2.0,2.0104149701172815
diego_coppola,4,0,DEF,Brighton,7,0,0,0,3,0,0,2,0.10880000000000001,0.0,0.0,0.0,0.0,0.0,0.0,0.0,0.0,0.0,0.0,0.0,0.0,0.0,0.0,0.0,0.0,0.0,0.0,0.0,0.0,0.0,0.0,-41.568,188.976,230.544,45.0,0.0,Coventry City,3.784,2.2319999999999998,Crystal Palace,Crystal Palace,2.016,0.72,0.4708518989042436,,1.6233233946334027,0.7643449028988205
diego_gomez_amarilla,4,3,MID,Brighton,7,0,0,0,3,0,0,2,4.056,0.16000000000000003,0.0,9.888,0.664,9.8912,0.09504000000000001,0.24864000000000003,0.15360000000000001,1.67744,0.6240000000000001,0.0,3.0048000000000004,6.2016,85.47999999999999,0.0,0.0,0.0,0.0,0.0,1.0,13.856000000000002,3.144,31898.639999999996,109505.832,77607.192,50.0,0.0,Coventry City,3.784,2.2319999999999998,Crystal Palace,Crystal Palace,2.016,0.72,3.104826793984419,14972.0,1.9562523122035174,6.073824594723454
dilane_bakwa,4,0,MID,Nott'm Forest,2,0,0,0,3,0,0,3,0.12800000000000003,0.0,0.0,0.0,0.0,0.0,0.0,0.0,0.0,0.0,0.0,0.0,0.0,0.0,0.0,0.0,0.0,0.0,0.0,0.0,0.0,0.0,0.0,-243.288,10.272000000000002,253.56,55.0,0.0,Aston Villa,1.392,2.1359999999999997,Arsenal,Arsenal,1.968,3.0,0.5658601267089407,,0.5,0.28293006335447035
dillon_phillips,4,0,GK,Hull City,6,0,0,0,2,0,0,4,0.06400000000000002,0.0,0.0,0.0,0.0,0.0,0.0,0.0,0.0,0.0,0.0,0.0,0.0,0.0,0.0,0.0,0.0,0.0,0.0,0.0,0.0,0.0,0.0,-1573.464,7692.96,9266.423999999999,40.0,0.0,Chelsea,1.424,1.3200000000000003,Fulham,Fulham,0.6080000000000001,0.6,0.22780564314084217,,2.0,0.45561128628168435
diogo_dalot_teixeira,4,2,DEF,Man Utd,15,1,0,0,4,0,0,5,1.4968,0.0,0.0,8.856,0.0,10.2224,0.04392,0.07272,0.0288,0.9825600000000001,0.9359999999999999,0.0,1.8208,3.2128,81.568,0.0,0.0,0.0,0.0,0.0,0.9359999999999999,4.608,1.6960000000000002,-28836.192,5278.08,34114.272,49.4,0.24,Man City,0.9600000000000002,0.5279999999999999,Leeds,Leeds,2.8,2.328,2.2767622914060217,,0.5722487534816909,1.3028743832312142
divine_mukasa,4,0,MID,Man City,16,0,0,0,5,0,0,4,0.06400000000000002,0.0,0.0,0.0,0.0,0.0,0.0,0.0,0.0,0.0,0.0,0.0,0.0,0.0,0.0,0.0,0.0,0.0,0.0,0.0,0.0,0.0,0.0,-2981.904,255.55200000000002,3237.456,45.0,0.0,Man Utd,1.3520000000000003,3.0,Ipswich Town,Ipswich Town,2.12,1.992,0.357353726298125,,1.4193214841518227,0.507199821176639
djed_spence,4,0,DEF,Spurs,9,1,0,0,3,0,0,3,0.0,0.0,0.0,0.0,0.0,0.0,0.0,0.0,0.0,0.0,0.0,0.0,0.0,0.0,0.0,0.0,0.0,0.0,0.0,0.0,0.0,0.0,0.0,-11039.832000000002,0.0,11039.832000000002,45.0,0.0,Everton,0.0,0.84,Coventry City,Coventry City,0.0,0.0,0.45716434148168505,,2.0,0.9143286829633701
djiamgone_jocelin_ta_bi,4,0,MID,Sunderland,1,1,0,0,2,0,0,5,0.09600000000000003,0.0,0.0,0.0,0.0,0.0,0.0,0.0,0.0,0.0,0.0,0.0,0.0,0.0,0.0,0.0,0.0,0.0,0.0,0.0,0.0,0.0,0.0,-17.04,71.49600000000001,88.536,50.0,0.0,Arsenal,0.4,0.5279999999999999,Bournemouth,Bournemouth,1.84,0.9359999999999999,0.46160692650353297,,0.8791417891862328,0.4058179392670738
dominic_calvert_lewin,4,10,FWD,Leeds,17,1,0,0,2,0,0,3,4.352,0.6,1.392,25.048,0.664,3.1472,0.016319999999999998,0.76936,0.75304,0.76536,0.336,0.696,1.6720000000000004,4.7424,77.88,0.0,0.0,0.0,0.0,0.0,1.0,9.104,7.072,-271262.592,115932.38399999999,387194.97599999997,60.0,0.904,Newcastle,2.8,2.328,Man Utd,Man Utd,0.9600000000000002,0.5279999999999999,4.03479048010546,50210.0,1.4375545782572372,5.80023152698432
dominic_solanke_mitchell,4,2,FWD,Spurs,9,1,0,0,3,0,0,3,1.184,0.0,0.0,2.928,0.6,0.1008,0.006,0.07048000000000001,0.06448000000000001,0.466,0.0,0.0,0.22400000000000003,0.30720000000000003,41.488,0.0,0.0,0.0,0.0,0.0,0.6,1.8559999999999999,1.6,-16319.016,6049.632,22368.648,59.16,0.0,Everton,0.0,0.84,Coventry City,Coventry City,0.0,0.0,1.9657465188893686,,0.8263012687811556,1.6242988426604252
dominik_szoboszlai,4,3,MID,Liverpool,10,1,0,0,4,0,0,3,4.635999999999999,0.0,0.06400000000000002,23.96,0.84,14.0976,0.22080000000000002,0.40096000000000004,0.18016000000000001,0.9219200000000001,0.32000000000000006,0.06400000000000002,3.0752000000000006,9.936,90.0,0.0,0.0,0.0,0.0,0.0,1.0,6.768000000000001,3.4159999999999995,-153546.672,255749.328,409296.0,70.0,0.0,Fulham,0.8,1.48,Brentford,Brentford,1.7280000000000002,1.1280000000000001,3.6986936682920577,14974.0,0.8050630177392176,2.977681486288141
dorde_petrovic,4,1,GK,Bournemouth,4,1,0,0,3,0,0,3,1.9216000000000002,0.0,0.0,2.7520000000000002,0.0,0.0,0.0,0.0,0.0,0.79104,1.904,0.0,0.6352000000000002,6.416,90.0,0.0,0.0,0.0,0.0,0.736,1.0,0.0,1.2559999999999998,-2038.7999999999997,29974.368,32013.167999999998,45.0,0.0,Brentford,1.84,0.9359999999999999,Sunderland,Sunderland,0.4,0.5279999999999999,2.778543781053728,79641.0,0.7798408488063661,2.166821940662589
dwight_mcneil,4,0,MID,Crystal Palace,12,1,0,0,3,0,0,2,0.992,0.0,0.0,0.8960000000000001,0.0,0.32960000000000006,0.00128,0.0044800000000000005,0.003200000000000001,0.08192,0.22399999999999998,0.0,0.11200000000000004,0.6528,6.080000000000001,0.0,0.0,0.0,0.0,0.0,0.06400000000000002,0.12800000000000003,0.22399999999999998,-1406.256,480.91200000000003,1887.1680000000001,54.4,0.0,Ipswich Town,2.016,0.72,Brighton,Brighton,3.784,2.2319999999999998,0.7722327621131388,,0.7196973863863351,0.5557739005747264
eberechi_eze,4,1,MID,Arsenal,20,0,0,0,5,0,0,2,0.8912,0.0,0.0,2.6319999999999997,0.0,0.30720000000000003,0.006720000000000001,0.009280000000000002,0.00256,0.27264,0.0,0.0,0.06400000000000002,0.15360000000000001,10.616,0.0,0.0,0.0,0.0,0.0,0.0,0.25600000000000006,0.76,-26974.536,4877.376,31851.911999999997,63.56,0.0,Sunderland,1.968,3.0,Nott'm Forest,Nott'm Forest,1.392,2.1359999999999997,1.063859201063286,,1.390749422481213,1.4795615694800894
eddie_nketiah,4,0,FWD,Crystal Palace,12,1,0,0,3,0,0,2,1.8912,0.24,0.0,5.376000000000001,0.0,5.153600000000001,0.03712,0.14368,0.10656000000000002,0.6307200000000001,0.8959999999999999,0.0,1.7968000000000002,6.0032,20.752,0.0,0.0,0.0,0.0,0.0,0.4,6.800000000000001,1.2160000000000002,12748.368,21053.807999999997,8305.439999999999,55.0,0.0,Ipswich Town,2.016,0.72,Brighton,Brighton,3.784,2.2319999999999998,1.4131138614466647,,0.762822411993354,1.077954924209987
el_hadji_malick_diouf,4,1,DEF,Brentford,3,0,0,0,3,0,0,3,0.452,0.0,0.0,2.4,0.0,0.0,0.006,0.006,0.0,0.3,0.0,0.0,0.0,0.0,18.0,0.0,0.0,0.0,0.0,0.0,0.0,0.0,0.6,1645.88,3550.08,1904.1999999999998,45.0,0.0,Bournemouth,1.7280000000000002,1.1280000000000001,Liverpool,Liverpool,0.8,1.48,0.8190033549559141,,1.175631190499806,0.9628458892101566
eliot_matazo,4,0,MID,Hull City,6,0,0,0,2,0,0,4,0.0,0.0,0.0,0.0,0.0,0.0,0.0,0.0,0.0,0.0,0.0,0.0,0.0,0.0,0.0,0.0,0.0,0.0,0.0,0.0,0.0,0.0,0.0,-10.392000000000001,101.06400000000001,111.45599999999999,45.0,0.0,Chelsea,1.424,1.3200000000000003,Fulham,Fulham,0.6080000000000001,0.6,0.35084024383649415,,1.0059024978061435,0.3529110776060459
elliot_anderson,4,5,MID,Man City,16,0,0,0,5,0,0,4,2.9552,0.0,0.0,19.616,0.84,10.014400000000002,0.08392000000000002,0.09544000000000002,0.011520000000000002,1.02736,0.16000000000000003,0.0,2.1759999999999997,9.244800000000001,87.344,0.0,0.0,0.0,0.0,0.0,1.0,2.4480000000000004,4.136,-81795.984,20684.856,102480.84,63.464,0.096,Man Utd,1.3520000000000003,3.0,Ipswich Town,Ipswich Town,2.12,1.992,3.0917201743823037,14971.0,1.4193214841518227,4.3881448664864235
elliot_stroud,4,1,MID,Hull City,6,0,0,0,2,0,0,4,1.8,0.0,0.0,3.512,0.30400000000000005,3.5520000000000005,0.005280000000000001,0.02184,0.01656,0.7692800000000001,0.6,0.0,0.5056,0.5376000000000002,60.327999999999996,0.0,0.0,0.0,0.0,0.0,1.0,1.6320000000000001,1.512,-385.87200000000007,694.6800000000001,1080.5520000000001,50.0,0.096,Chelsea,1.424,1.3200000000000003,Fulham,Fulham,0.6080000000000001,0.6,1.905625450682147,,1.0059024978061435,1.9168734007241297
ellis_simms,4,0,FWD,Coventry City,5,1,0,0,2,0,0,3,0.9056,0.0,0.0,1.168,0.0,3.1872000000000003,0.00064,0.07264,0.072,0.3304,0.19200000000000006,0.0,1.3088000000000002,1.3664,8.976,0.0,0.0,0.0,0.0,0.0,0.06400000000000002,8.528,0.36800000000000005,-7024.392,7691.136,14715.528,50.0,0.0,Brighton,0.0,0.0,Spurs,Spurs,0.0,0.84,0.8471164720171994,,0.5,0.4235582360085997
emersonn_correia_da_silva,4,12,FWD,Ipswich Town,8,0,0,0,2,0,0,3,5.1552,0.6,1.992,32.216,0.0,2.7488,0.03384,0.40312000000000003,0.36928,0.38304,1.2400000000000002,0.664,1.1152,3.782400000000001,61.28,0.0,0.0,0.0,0.0,0.0,1.0,4.672,8.351999999999999,-518.4479999999996,28005.672,28524.12,55.0,0.0,Crystal Palace,2.12,1.992,Man City,Man City,1.3520000000000003,3.0,3.3193213314629046,14970.0,1.7032456767995168,5.6536197077226085
emile_smith_rowe,4,1,MID,Fulham,14,0,0,0,3,0,0,4,0.8240000000000001,0.0,0.0,3.0,0.0,2.3088,0.0019200000000000003,0.007680000000000001,0.00576,0.31536000000000003,0.0,0.0,0.40800000000000003,0.5472000000000001,11.784,0.0,0.0,0.0,0.0,0.0,0.0,1.152,0.9359999999999999,-4014.504,943.9440000000001,4958.448,54.4,0.0,Liverpool,0.6080000000000001,0.6,Hull City,Hull City,1.424,1.3200000000000003,0.9276347906686113,,0.6109909626509489,0.5667764737391263
emiliano_buendia_stati,4,2,MID,Aston Villa,18,1,0,0,3,0,0,3,2.2048,0.0,0.0,6.4,0.24,4.9024,0.02568,0.18424000000000001,0.15856,1.23632,0.9520000000000001,0.0,0.736,0.4800000000000001,69.03999999999999,0.0,0.0,0.0,0.0,0.0,1.0,3.0560000000000005,2.2399999999999998,-6003.696,15002.04,21005.736,59.4,0.0,Nott'm Forest,0.6,0.24,Newcastle,Newcastle,1.4,0.592,2.4382926065871047,,0.7819204265435558,1.9065507949805873
emiliano_martinez_romero,4,2,GK,Chelsea,11,1,0,0,4,0,0,2,1.7504000000000002,0.0,0.0,13.968,0.0,1.9200000000000004,0.0009600000000000001,0.0009600000000000001,0.0,1.4553599999999998,1.968,0.0,2.0496,18.643200000000004,84.24,0.0,0.0,0.0,0.0,4.103999999999999,0.9359999999999999,0.0,2.112,40129.056,89252.016,44414.159999999996,50.0,0.0,Hull City,2.016,1.08,Everton,Everton,0.704,1.1280000000000001,2.8225794562466247,79641.0,0.6684350132625995,1.8867109362709533
emmanuel_emegha,4,0,FWD,Chelsea,11,1,0,0,4,0,0,2,0.0896,0.0,0.0,0.0,0.0,0.0,0.0,0.0,0.0,0.0,0.0,0.0,0.0,0.0,0.0,0.0,0.0,0.0,0.0,0.0,0.0,0.0,0.0,-1069.224,1820.7599999999998,2889.984,50.0,0.0,Hull City,2.016,1.08,Everton,Everton,0.704,1.1280000000000001,0.4554476796867062,,2.0,0.9108953593734124
endo_wataru,4,0,MID,Liverpool,10,1,0,0,4,0,0,3,0.09600000000000003,0.0,0.0,0.0,0.0,0.0,0.0,0.0,0.0,0.0,0.0,0.0,0.0,0.0,0.0,0.0,0.0,0.0,0.0,0.0,0.0,0.0,0.0,-544.32,556.68,1101.0,49.4,0.0,Fulham,0.8,1.48,Brentford,Brentford,1.7280000000000002,1.1280000000000001,0.4494873514265818,,0.8050630177392176,0.36186564357509216
enes_unal,4,0,FWD,Bournemouth,4,1,0,0,3,0,0,3,0.0,0.0,0.0,0.0,0.0,0.0,0.0,0.0,0.0,0.0,0.0,0.0,0.0,0.0,0.0,0.0,0.0,0.0,0.0,0.0,0.0,0.0,0.0,-359.4,0.0,359.4,55.0,0.0,Brentford,1.84,0.9359999999999999,Sunderland,Sunderland,0.4,0.5279999999999999,0.5185651804111857,,0.8698625778849031,0.45108044463382385
enis_destan,4,0,FWD,Hull City,6,0,0,0,2,0,0,4,0.0,0.0,0.0,0.0,0.0,0.0,0.0,0.0,0.0,0.0,0.0,0.0,0.0,0.0,0.0,0.0,0.0,0.0,0.0,0.0,0.0,0.0,0.0,-4440.096,0.0,4440.096,45.0,0.0,Chelsea,1.424,1.3200000000000003,Fulham,Fulham,0.6080000000000001,0.6,0.37675769770935674,,1.0045167920597216,0.37845943388680936
enzo_fernandez,4,2,MID,Man City,16,0,0,0,5,0,0,4,1.42,0.0,0.0,14.664,0.84,5.303999999999999,0.10808,0.24728,0.1392,0.55792,0.0,0.0,1.2240000000000002,2.6656,68.2,0.0,0.0,0.0,0.0,0.0,0.84,4.319999999999999,1.984,-39209.376000000004,32384.303999999996,71593.68,69.16,0.6,Man Utd,1.3520000000000003,3.0,Ipswich Town,Ipswich Town,2.12,1.992,2.6513054024763836,14970.0,1.4193214841518227,3.7630547187825263
enzo_le_fee,4,0,MID,Sunderland,1,1,0,0,2,0,0,5,3.3327999999999998,0.0,0.24,11.68,0.096,3.556800000000001,0.37944,1.12656,0.74712,1.6091199999999999,1.504,0.24,2.2560000000000002,10.2208,89.2,0.0,0.6,0.0,0.0,0.0,1.0,8.639999999999999,2.336,-153984.50400000002,8324.856,162309.36,58.56,0.0,Arsenal,0.4,0.5279999999999999,Bournemouth,Bournemouth,1.84,0.9359999999999999,3.557434959737691,61014.0,0.8791417891862328,3.1274897354174476
ephron_mason_clark,4,1,MID,Coventry City,5,1,0,0,2,0,0,3,1.016,0.0,0.0,4.344,0.0,1.7280000000000002,0.01176,0.30576,0.294,1.1047200000000001,1.44,0.0,0.21600000000000003,0.4032,57.672,0.0,0.0,0.0,0.0,0.0,0.9359999999999999,0.48,1.176,-1018.9440000000001,234.86399999999998,1253.808,54.16,0.0,Brighton,0.0,0.0,Spurs,Spurs,0.0,0.84,1.912127590179254,,0.5922224071854413,1.1324048043016548
erling_haaland,4,9,FWD,Man City,16,0,0,0,5,0,0,4,7.815999999999999,0.0,2.808,37.343999999999994,0.84,3.6064000000000003,0.12247999999999999,1.0096,0.8871200000000001,1.03376,0.16000000000000003,1.032,4.5296,18.5792,90.0,0.0,0.0,0.0,0.0,0.0,1.0,23.215999999999998,8.936,110314.608,209731.8,99417.192,155.0,0.0,Man Utd,1.3520000000000003,3.0,Ipswich Town,Ipswich Town,2.12,1.992,5.93728069826185,14974.0,2.0,11.8745613965237
estevao_almeida_de_oliveira_goncalves,4,1,MID,Chelsea,11,1,0,0,4,0,0,2,0.8432,0.0,0.0,4.992,0.0,0.1216,0.042,0.0696,0.0276,0.29975999999999997,0.0,0.0,0.5104000000000001,0.7808,5.008,0.0,0.0,0.0,0.0,0.0,0.0,4.08,0.904,-15362.759999999998,3690.984,19053.744,64.16,0.0,Hull City,2.016,1.08,Everton,Everton,0.704,1.1280000000000001,1.0796876030314362,,1.157584013742825,1.2498291091054998
ethan_ampadu,4,7,MID,Leeds,17,1,0,0,2,0,0,3,3.5839999999999996,0.6,0.0,20.424,0.06400000000000002,3.3968000000000007,0.0256,0.06856,0.042960000000000005,1.25616,0.9359999999999999,0.0,1.2240000000000002,8.736000000000002,90.0,0.0,0.0,0.0,0.0,0.0,1.0,0.096,5.192,-12928.68,2813.0159999999996,15741.696,54.4,0.0,Newcastle,2.8,2.328,Man Utd,Man Utd,0.9600000000000002,0.5279999999999999,2.8843461543509217,61014.0,0.7674984210824493,2.213731119319567
ethan_nwaneri,4,0,MID,Arsenal,20,0,0,0,5,0,0,2,0.12800000000000003,0.0,0.0,0.0,0.0,0.0,0.0,0.0,0.0,0.0,0.0,0.0,0.0,0.0,0.0,0.0,0.0,0.0,0.0,0.0,0.0,0.0,0.0,-288.408,44.976,333.384,54.16,0.0,Sunderland,1.968,3.0,Nott'm Forest,Nott'm Forest,1.392,2.1359999999999997,0.5488927216012092,,1.390749422481213,0.7633722355710229
ethan_pinnock,4,2,DEF,Coventry City,5,1,0,0,2,0,0,3,1.3688,0.0,0.0,-5.976,0.0,0.06720000000000001,0.0,0.032400000000000005,0.032400000000000005,2.24664,3.336,0.0,0.6240000000000001,4.7328,76.75200000000001,0.0,0.0,0.0,0.0,0.0,0.84,1.44,2.016,-281.952,589.104,871.056,45.0,0.24,Brighton,0.0,0.0,Spurs,Spurs,0.0,0.84,1.962198085757059,,1.2834843802576474,2.5184505940406408
evan_ferguson,4,0,FWD,Brighton,7,0,0,0,3,0,0,2,0.0,0.0,0.0,0.0,0.0,0.0,0.0,0.0,0.0,0.0,0.0,0.0,0.0,0.0,0.0,0.0,0.0,0.0,0.0,0.0,0.0,0.0,0.0,-177.6,368.928,546.528,50.0,0.0,Coventry City,3.784,2.2319999999999998,Crystal Palace,Crystal Palace,2.016,0.72,0.4476614390602711,,2.0,0.8953228781205422
evann_guessand,4,0,MID,Crystal Palace,12,1,0,0,3,0,0,2,0.692,0.0,0.0,0.4800000000000001,0.0,0.14400000000000004,0.0022400000000000002,0.0041600000000000005,0.0019200000000000003,0.028160000000000004,0.096,0.0,0.10559999999999999,0.41600000000000015,4.32,0.0,0.0,0.0,0.0,0.0,0.0,0.44800000000000006,0.16000000000000003,-134.52,740.808,875.328,55.0,0.0,Ipswich Town,2.016,0.72,Brighton,Brighton,3.784,2.2319999999999998,0.7211356979900976,,0.7196973863863351,0.5189994770733587
ewen_jaouen,4,0,GK,Newcastle,13,0,0,0,3,0,0,2,0.12160000000000003,0.0,0.0,0.0,0.0,0.0,0.0,0.0,0.0,0.0,0.0,0.0,0.0,0.0,0.0,0.0,0.0,0.0,0.0,0.0,0.0,0.0,0.0,-234.86400000000003,113.78399999999999,348.64799999999997,45.0,0.0,Leeds,1.4,0.592,Aston Villa,Aston Villa,0.6,0.24,0.37284557205640145,,1.2254641909814323,0.45690889732110734
exequiel_palacios,4,4,MID,Ipswich Town,8,0,0,0,2,0,0,3,2.6399999999999997,0.0,0.0,15.92,0.0,7.32,0.0304,0.0304,0.0,0.8448,2.0,0.0,1.368,6.0,76.96000000000001,0.0,0.0,0.0,0.0,0.0,0.84,0.32000000000000006,3.5199999999999996,1093.2,1722.68,629.48,50.0,0.0,Crystal Palace,2.12,1.992,Man City,Man City,1.3520000000000003,3.0,2.3891276220931665,,0.568072032915532,1.357196585177116
ezri_konsa_ngoyo,4,6,DEF,Arsenal,20,0,0,0,5,0,0,2,2.2447999999999997,0.0,0.0,13.488,0.6,0.3456,0.0024000000000000002,0.0024000000000000002,0.0,1.1736,0.24,0.0,0.6288,4.9632000000000005,76.656,0.0,0.0,0.0,0.0,0.0,0.84,0.96,4.656,367561.704,495504.096,127942.39199999999,44.760000000000005,0.0,Sunderland,1.968,3.0,Nott'm Forest,Nott'm Forest,1.392,2.1359999999999997,2.136024197987608,50210.0,2.0,4.272048395975216
fabian_schar,4,0,DEF,Newcastle,13,0,0,0,3,0,0,2,0.3808000000000001,0.0,0.0,-0.06400000000000002,0.0,0.0,0.0,0.0,0.0,0.05056000000000002,0.06400000000000002,0.0,0.0,0.0,0.06400000000000002,0.0,0.0,0.0,0.0,0.0,0.0,0.0,0.06400000000000002,-2009.7599999999998,1539.12,3548.88,50.0,0.0,Leeds,1.4,0.592,Aston Villa,Aston Villa,0.6,0.24,0.653356601856536,,1.8630940939647067,1.2172648261717625
fabio_ferreira_vieira,4,0,MID,Arsenal,20,0,0,0,5,0,0,2,0.12800000000000003,0.0,0.0,0.0,0.0,0.0,0.0,0.0,0.0,0.0,0.0,0.0,0.0,0.0,0.0,0.0,0.0,0.0,0.0,0.0,0.0,0.0,0.0,-204.6,49.68000000000001,254.28,55.0,0.0,Sunderland,1.968,3.0,Nott'm Forest,Nott'm Forest,1.392,2.1359999999999997,0.5658601267089407,,1.390749422481213,0.7869696444256052
fabio_freitas_gouveia_carvalho,4,0,MID,Brentford,3,0,0,0,3,0,0,3,0.07040000000000002,0.0,0.0,0.0,0.0,0.0,0.0,0.0,0.0,0.0,0.0,0.0,0.0,0.0,0.0,0.0,0.0,0.0,0.0,0.0,0.0,0.0,0.0,37.464,346.20000000000005,308.736,50.0,0.0,Bournemouth,1.7280000000000002,1.1280000000000001,Liverpool,Liverpool,0.8,1.48,0.4590015335188806,,1.32357378499298,0.607522397037167
facundo_buonanotte,4,0,MID,Brighton,7,0,0,0,3,0,0,2,0.0,0.0,0.0,0.0,0.0,0.0,0.0,0.0,0.0,0.0,0.0,0.0,0.0,0.0,0.0,0.0,0.0,0.0,0.0,0.0,0.0,0.0,0.0,-62.568000000000005,0.0,62.568000000000005,50.0,0.0,Coventry City,3.784,2.2319999999999998,Crystal Palace,Crystal Palace,2.016,0.72,0.4518367028110868,,1.9562523122035174,0.883906594612602
federico_chiesa,4,0,MID,Liverpool,10,1,0,0,4,0,0,3,0.12800000000000003,0.0,0.0,0.0,0.0,0.0,0.0,0.0,0.0,0.0,0.0,0.0,0.0,0.0,0.0,0.0,0.0,0.0,0.0,0.0,0.0,0.0,0.0,-2111.28,76.56000000000002,2187.84,54.16,0.0,Fulham,0.8,1.48,Brentford,Brentford,1.7280000000000002,1.1280000000000001,0.5488927216012092,,0.8050630177392176,0.4418932308673617
felipe_rodrigues_da_silva,4,0,DEF,Nott'm Forest,2,0,0,0,3,0,0,3,0.14080000000000004,0.0,0.0,0.0,0.0,0.0,0.0,0.0,0.0,0.0,0.0,0.0,0.0,0.0,0.0,0.0,0.0,0.0,0.0,0.0,0.0,0.0,0.0,-996.4319999999999,68.64,1065.0720000000001,50.0,0.0,Aston Villa,1.392,2.1359999999999997,Arsenal,Arsenal,1.968,3.0,0.6203776802394916,,0.5,0.3101888401197458
femi_azeez,4,0,MID,Brighton,7,0,0,0,3,0,0,2,0.0,0.0,0.0,0.0,0.0,0.0,0.0,0.0,0.0,0.0,0.0,0.0,0.0,0.0,0.0,0.0,0.0,0.0,0.0,0.0,0.0,0.0,0.0,122.80000000000001,171.8,49.0,55.0,0.0,Coventry City,3.784,2.2319999999999998,Crystal Palace,Crystal Palace,2.016,0.72,0.5528331617856792,,1.9562523122035174,1.081481151006016
ferdi_kadioglu,4,6,DEF,Brighton,7,0,0,0,3,0,0,2,1.4768,0.0,0.0,15.935999999999998,0.6,4.6032,0.05736,0.07368,0.016319999999999998,1.6552800000000003,0.6240000000000001,0.0,1.3248000000000002,3.2927999999999997,81.12,0.0,0.0,0.0,0.0,0.0,0.9359999999999999,5.328,4.08,-20513.664,7400.64,27914.303999999996,44.16,0.0,Coventry City,3.784,2.2319999999999998,Crystal Palace,Crystal Palace,2.016,0.72,2.1677765961944537,14969.0,1.6233233946334027,3.5190024629412235
filip_jorgensen,4,0,GK,Chelsea,11,1,0,0,4,0,0,2,0.0,0.0,0.0,0.0,0.0,0.0,0.0,0.0,0.0,0.0,0.0,0.0,0.0,0.0,0.0,0.0,0.0,0.0,0.0,0.0,0.0,0.0,0.0,-169.89600000000002,0.0,169.89600000000002,50.0,0.0,Hull City,2.016,1.08,Everton,Everton,0.704,1.1280000000000001,0.5137123626011568,,0.6684350132625995,0.34338332990846554
florentino_ibrain_morris_luis,4,1,MID,Ipswich Town,8,0,0,0,2,0,0,3,0.21600000000000003,0.0,0.0,4.8,0.0,0.0,0.006,0.006,0.0,0.162,0.0,0.0,0.0,0.0,7.8,0.0,0.0,0.0,0.0,0.0,0.0,0.0,0.6,-1245.6480000000001,270.264,1515.912,49.16,0.0,Crystal Palace,2.12,1.992,Man City,Man City,1.3520000000000003,3.0,0.6345814030785064,,0.568072032915532,0.3604879476971978
florian_wirtz,4,3,MID,Liverpool,10,1,0,0,4,0,0,3,2.9744,0.096,0.0,14.992,0.84,11.6384,0.06976,0.21768,0.14792,0.82944,0.32000000000000006,0.0,2.5872,4.88,88.208,0.0,0.0,0.0,0.0,0.0,1.0,9.248000000000001,3.032,-158319.504,37306.608,195626.112,74.4,0.096,Fulham,0.8,1.48,Brentford,Brentford,1.7280000000000002,1.1280000000000001,3.4249125663208777,61014.0,0.8050630177392176,2.757270446135254
floyd_samba,4,0,MID,Man City,16,0,0,0,5,0,0,4,0.4,0.0,0.0,0.0,0.0,0.0,0.0,0.0,0.0,0.0,0.0,0.0,0.0,0.0,0.0,0.0,0.0,0.0,0.0,0.0,0.0,0.0,0.0,1254.0,1738.8,484.79999999999995,45.0,0.0,Man Utd,1.3520000000000003,3.0,Ipswich Town,Ipswich Town,2.12,1.992,0.3915495092216865,,1.4193214841518227,0.5557346305474419
francisco_evanilson_de_lima_barbosa,4,5,FWD,Bournemouth,4,1,0,0,3,0,0,3,3.848,0.76,0.0,16.304,0.16000000000000003,4.1168,0.16968,0.25656,0.08688000000000001,0.74288,1.68,0.0,1.4736000000000002,3.4495999999999998,88.01599999999999,0.0,0.0,0.0,0.0,0.0,1.0,7.28,4.216,13510.464,52985.64,39475.17600000001,60.0,0.06400000000000002,Brentford,1.84,0.9359999999999999,Sunderland,Sunderland,0.4,0.5279999999999999,3.6136709807484984,15210.0,0.8698625778849031,3.1433971549417548
frank_onyeka,4,2,MID,Coventry City,5,1,0,0,2,0,0,3,1.404,0.0,0.0,8.312,0.0,0.19840000000000002,0.00664,0.024640000000000002,0.018,1.69712,2.2319999999999998,0.0,0.05600000000000001,0.3264,63.839999999999996,0.0,0.0,0.0,0.0,0.0,0.904,0.0,1.808,-1486.464,704.136,2190.6,49.4,0.0,Brighton,0.0,0.0,Spurs,Spurs,0.0,0.84,1.8936470373443968,,0.5922224071854413,1.1214602068156778
fraser_forster,4,0,GK,Bournemouth,4,1,0,0,3,0,0,3,0.06400000000000002,0.0,0.0,0.0,0.0,0.0,0.0,0.0,0.0,0.0,0.0,0.0,0.0,0.0,0.0,0.0,0.0,0.0,0.0,0.0,0.0,0.0,0.0,12713.784,33388.872,20675.088,40.0,0.0,Brentford,1.84,0.9359999999999999,Sunderland,Sunderland,0.4,0.5279999999999999,0.22835477258369963,,0.7798408488063661,0.178080379680657
freddie_woodman,4,0,GK,Liverpool,10,1,0,0,4,0,0,3,0.06400000000000002,0.0,0.0,0.0,0.0,0.0,0.0,0.0,0.0,0.0,0.0,0.0,0.0,0.0,0.0,0.0,0.0,0.0,0.0,0.0,0.0,0.0,0.0,-2203.5599999999995,4393.128000000001,6596.688,40.0,0.0,Fulham,0.8,1.48,Brentford,Brentford,1.7280000000000002,1.1280000000000001,0.2269819489765561,,0.8063660477453581,0.18303053710576409
gabriel_dos_santos_magalhaes,4,9,DEF,Arsenal,20,0,0,0,5,0,0,2,5.68,0.0,1.2,23.952,0.76,0.9984000000000001,0.01336,0.11544000000000001,0.10208,1.21808,0.24,0.0,2.7647999999999997,7.833600000000001,90.0,0.0,0.0,0.0,0.0,0.0,1.0,18.880000000000003,6.968,-196635.288,50830.56,247465.848,80.0,0.664,Sunderland,1.968,3.0,Nott'm Forest,Nott'm Forest,1.392,2.1359999999999997,4.126175653187123,14972.0,2.0,8.252351306374246
gabriel_fernando_de_jesus,4,0,FWD,Arsenal,20,0,0,0,5,0,0,2,0.12800000000000003,0.0,0.0,0.0,0.0,0.0,0.0,0.0,0.0,0.0,0.0,0.0,0.0,0.0,0.0,0.0,0.0,0.0,0.0,0.0,0.0,0.0,0.0,-7249.103999999999,723.744,7972.847999999999,59.16,0.0,Sunderland,1.968,3.0,Nott'm Forest,Nott'm Forest,1.392,2.1359999999999997,0.5886802941100537,,0.6456799449698504,0.38009905990581483
gabriel_gudmundsson,4,6,DEF,Leeds,17,1,0,0,2,0,0,3,1.3679999999999999,0.0,0.0,17.759999999999998,0.6,0.288,0.108,0.108,0.0,0.8735999999999999,0.24,0.0,0.384,3.024,64.8,0.0,0.0,0.0,0.0,0.0,0.84,0.48,4.08,344.424,849.6959999999999,505.272,45.0,0.0,Newcastle,2.8,2.328,Man Utd,Man Utd,0.9600000000000002,0.5279999999999999,1.863028463627062,,2.0,3.726056927254124
gabriel_martinelli_silva,4,0,MID,Arsenal,20,0,0,0,5,0,0,2,0.1472,0.0,0.0,0.0,0.0,0.0,0.0,0.0,0.0,0.0,0.0,0.0,0.0,0.0,0.0,0.0,0.0,0.0,0.0,0.0,0.0,0.0,0.0,-5550.768,406.128,5956.896000000001,63.224000000000004,0.0,Sunderland,1.968,3.0,Nott'm Forest,Nott'm Forest,1.392,2.1359999999999997,0.73393314716884,,1.390749422481213,1.0207171005648832
george_hemmings,4,1,MID,Aston Villa,18,1,0,0,3,0,0,3,2.008,0.0,0.0,5.928,0.24,4.3952,0.04056,0.05736000000000001,0.016800000000000002,0.62504,0.3520000000000001,0.0,1.2912,3.4432000000000005,57.239999999999995,0.0,0.0,0.0,0.0,0.0,1.0,5.168,1.6399999999999997,24017.064,41651.928,17634.864,45.0,0.0,Nott'm Forest,0.6,0.24,Newcastle,Newcastle,1.4,0.592,1.8670617483808016,,0.7819204265435558,1.4598937186770733
george_hirst,4,0,FWD,Ipswich Town,8,0,0,0,2,0,0,3,0.0,0.0,0.0,0.0,0.0,0.0,0.0,0.0,0.0,0.0,0.0,0.0,0.0,0.0,0.0,0.0,0.0,0.0,0.0,0.0,0.0,0.0,0.0,-3185.5200000000004,0.0,3185.5200000000004,50.0,0.0,Crystal Palace,2.12,1.992,Man City,Man City,1.3520000000000003,3.0,0.4476614390602711,,1.7032456767995168,0.7624774107492571
george_shepherd,4,0,MID,Coventry City,5,1,0,0,2,0,0,3,0.06400000000000002,0.0,0.0,0.0,0.0,0.0,0.0,0.0,0.0,0.0,0.0,0.0,0.0,0.0,0.0,0.0,0.0,0.0,0.0,0.0,0.0,0.0,0.0,-1717.248,1285.728,3002.976,45.0,0.0,Brighton,0.0,0.0,Spurs,Spurs,0.0,0.84,0.357353726298125,,0.5922224071854413,0.2116328840049629
georginio_rutter,4,0,FWD,Brighton,7,0,0,0,3,0,0,2,1.1496,0.06400000000000002,0.0,1.4080000000000004,0.06400000000000002,0.7296000000000001,0.028160000000000004,0.033280000000000004,0.00512,0.01856,0.0,0.0,0.2944,1.2672000000000003,5.760000000000001,0.0,0.0,0.0,0.0,0.0,0.06400000000000002,0.9600000000000002,0.32000000000000006,-14857.919999999998,4133.592,18991.512000000002,54.4,0.0,Coventry City,3.784,2.2319999999999998,Crystal Palace,Crystal Palace,2.016,0.72,0.8025522273091844,14972.0,2.0,1.6051044546183688
geovany_quenda,4,0,MID,Chelsea,11,1,0,0,4,0,0,2,0.36800000000000005,0.0,0.0,0.12800000000000003,0.0,0.019200000000000002,0.0,0.0,0.0,0.00576,0.0,0.0,0.025600000000000008,0.07680000000000001,0.5120000000000001,0.0,0.0,0.0,0.0,0.0,0.0,0.12800000000000003,0.06400000000000002,-583.704,184.656,768.36,54.16,0.0,Hull City,2.016,1.08,Everton,Everton,0.704,1.1280000000000001,0.5878075991247211,,1.157584013742825,0.6804366799033282
geronimo_rulli,4,0,GK,Man City,16,0,0,0,5,0,0,4,0.16640000000000002,0.0,0.0,0.0,0.0,0.0,0.0,0.0,0.0,0.0,0.0,0.0,0.0,0.0,0.0,0.0,0.0,0.0,0.0,0.0,0.0,0.0,0.0,-135.0,121.704,256.704,50.0,0.0,Man Utd,1.3520000000000003,3.0,Ipswich Town,Ipswich Town,2.12,1.992,0.5174953952201609,,1.1724137931034482,0.6067187392236368
gianluigi_donnarumma,4,7,GK,Man City,16,0,0,0,5,0,0,4,3.6672,0.0,0.0,25.607999999999997,0.84,0.0,0.0,0.0,0.0,1.03376,0.16000000000000003,0.0,0.8880000000000001,8.8,90.0,0.096,0.0,0.0,0.0,2.808,1.0,0.0,6.072000000000001,-40537.824,39678.768,80216.592,55.0,0.0,Man Utd,1.3520000000000003,3.0,Ipswich Town,Ipswich Town,2.12,1.992,3.32958722327108,14969.0,1.1724137931034482,3.9036539859040245
giorgi_mamardashvili,4,0,GK,Liverpool,10,1,0,0,4,0,0,3,0.16640000000000002,0.0,0.0,0.0,0.0,0.0,0.0,0.0,0.0,0.0,0.0,0.0,0.0,0.0,0.0,0.0,0.0,0.0,0.0,0.0,0.0,0.0,0.0,-1378.8,611.448,1990.248,49.16,0.0,Fulham,0.8,1.48,Brentford,Brentford,1.7280000000000002,1.1280000000000001,0.4926656817573851,14969.0,0.8063660477453581,0.39726887865847504
giovanni_leoni,4,0,DEF,Liverpool,10,1,0,0,4,0,0,3,0.0,0.0,0.0,0.0,0.0,0.0,0.0,0.0,0.0,0.0,0.0,0.0,0.0,0.0,0.0,0.0,0.0,0.0,0.0,0.0,0.0,0.0,0.0,-278.952,193.752,472.704,40.0,0.0,Fulham,0.8,1.48,Brentford,Brentford,1.7280000000000002,1.1280000000000001,0.3116643123295426,,0.7595468433242368,0.23672364460672313
gonzalo_garcia,4,2,FWD,Fulham,14,0,0,0,3,0,0,4,3.104,0.0,0.0,7.704000000000001,0.6,3.904,0.06760000000000001,0.36584000000000005,0.29824,1.29608,1.008,0.06400000000000002,2.2479999999999998,4.3104000000000005,81.6,0.0,0.0,0.0,0.0,0.0,1.0,14.224000000000002,2.2560000000000002,-17306.303999999996,68644.968,85951.272,60.0,0.0,Liverpool,0.6080000000000001,0.6,Hull City,Hull City,1.424,1.3200000000000003,3.2973305963231874,14973.0,0.8043386576697441,2.6521704657399696
granit_xhaka,4,1,MID,Sunderland,1,1,0,0,2,0,0,5,5.167999999999999,0.06400000000000002,0.4159999999999999,19.048000000000002,0.096,12.488,0.29112,0.30552,0.0144,1.6248,1.568,0.0,2.0048000000000004,6.8096000000000005,90.0,0.0,0.0,0.0,0.0,0.0,1.0,0.72,2.472,-20777.303999999996,29039.376000000004,49816.67999999999,55.0,0.84,Arsenal,0.4,0.5279999999999999,Bournemouth,Bournemouth,1.84,0.9359999999999999,3.274552051624916,50210.0,0.8791417891862328,2.8787955494489776
guglielmo_vicario,4,0,GK,Spurs,9,1,0,0,3,0,0,3,0.0,0.0,0.0,0.0,0.0,0.0,0.0,0.0,0.0,0.0,0.0,0.0,0.0,0.0,0.0,0.0,0.0,0.0,0.0,0.0,0.0,0.0,0.0,-3978.9120000000003,0.0,3978.9120000000003,45.0,0.0,Everton,0.0,0.84,Coventry City,Coventry City,0.0,0.0,0.3675925008108665,,2.0,0.735185001621733
gustavo_hamer,4,0,MID,Coventry City,5,1,0,0,2,0,0,3,0.944,0.0,0.0,0.6240000000000001,0.0,0.1632,0.0019200000000000003,0.0019200000000000003,0.0,0.07456,0.096,0.0,0.0256,0.044800000000000006,3.536,0.0,0.0,0.0,0.0,0.0,0.0,0.0,0.4,-1295.4719999999998,161.976,1457.4479999999999,54.4,0.0,Brighton,0.0,0.0,Spurs,Spurs,0.0,0.84,0.7231237974342369,,0.5922224071854413,0.42825011600958124
gustavo_nunes_fernandes_gomes,4,0,MID,Brentford,3,0,0,0,3,0,0,3,1.1,0.0,0.0,0.0,0.0,0.0,0.0,0.0,0.0,0.0,0.0,0.0,0.0,0.0,0.0,0.0,0.0,0.0,0.0,0.0,0.0,0.0,0.0,0.0,0.0,0.0,45.0,0.0,Bournemouth,1.7280000000000002,1.1280000000000001,Liverpool,Liverpool,0.8,1.48,0.4627907236457729,,1.32357378499298,0.6125376697554759
habib_diarra,4,0,MID,Sunderland,1,1,0,0,2,0,0,5,0.368,0.096,0.0,1.6320000000000001,0.0,1.0272000000000003,0.015360000000000002,0.01728,0.0019200000000000003,0.008320000000000001,0.06400000000000002,0.0,0.2688000000000001,1.4848,2.368,0.0,0.0,0.0,0.0,0.0,0.0,0.12800000000000003,0.44799999999999995,-1495.5120000000002,87.72000000000001,1583.232,54.4,0.0,Arsenal,0.4,0.5279999999999999,Bournemouth,Bournemouth,1.84,0.9359999999999999,0.6670146766493985,,0.8791417891862328,0.5864004762430287
haji_wright,4,0,FWD,Coventry City,5,1,0,0,2,0,0,3,0.0,0.0,0.0,0.0,0.0,0.0,0.0,0.0,0.0,0.0,0.0,0.0,0.0,0.0,0.0,0.0,0.0,0.0,0.0,0.0,0.0,0.0,0.0,-2328.4079999999994,139.512,2467.92,54.16,0.0,Brighton,0.0,0.0,Spurs,Spurs,0.0,0.84,0.506653351864232,,0.5,0.253326675932116
hakon_rafn_valdimarsson,4,0,GK,Brentford,3,0,0,0,3,0,0,3,0.12160000000000003,0.0,0.0,0.0,0.0,0.0,0.0,0.0,0.0,0.0,0.0,0.0,0.0,0.0,0.0,0.0,0.0,0.0,0.0,0.0,0.0,0.0,0.0,-390.288,674.232,1064.52,45.0,0.0,Bournemouth,1.7280000000000002,1.1280000000000001,Liverpool,Liverpool,0.8,1.48,0.3732785395017313,,0.9655172413793104,0.36040686572580954
harrison_armstrong,4,3,MID,Everton,19,0,0,0,3,0,0,3,3.564,0.06400000000000002,0.0,7.552,0.664,3.7296,0.024640000000000002,0.04624,0.0216,0.9124,0.576,0.0,1.0416,4.1664,89.616,0.0,0.0,0.0,0.0,0.0,1.0,2.416,2.7439999999999998,6379.224,14129.376,7750.152,50.0,0.24,Spurs,0.704,1.1280000000000001,Chelsea,Chelsea,2.016,1.08,2.742657017515313,,1.1080549312337,3.039014632940555
harrison_reed,4,0,MID,Fulham,14,0,0,0,3,0,0,4,0.06400000000000002,0.0,0.0,0.0,0.0,0.0,0.0,0.0,0.0,0.0,0.0,0.0,0.0,0.0,0.0,0.0,0.0,0.0,0.0,0.0,0.0,0.0,0.0,-10925.256,4645.872,15571.128,45.0,0.0,Liverpool,0.6080000000000001,0.6,Hull City,Hull City,1.424,1.3200000000000003,0.357353726298125,,0.6109909626509489,0.2183398972377951
harry_amass,4,0,DEF,Man Utd,15,1,0,0,4,0,0,5,0.06400000000000002,0.0,0.0,0.0,0.0,0.0,0.0,0.0,0.0,0.0,0.0,0.0,0.0,0.0,0.0,0.0,0.0,0.0,0.0,0.0,0.0,0.0,0.0,-384.288,1559.328,1943.616,40.0,0.0,Man City,0.9600000000000002,0.5279999999999999,Leeds,Leeds,2.8,2.328,0.31971581669575344,,0.5722487534816909,0.1829569775725257
harry_howell,4,0,MID,Brighton,7,0,0,0,3,0,0,2,0.0,0.0,0.0,0.0,0.0,0.0,0.0,0.0,0.0,0.0,0.0,0.0,0.0,0.0,0.0,0.0,0.0,0.0,0.0,0.0,0.0,0.0,0.0,-726.312,0.0,726.312,45.0,0.0,Coventry City,3.784,2.2319999999999998,Crystal Palace,Crystal Palace,2.016,0.72,0.35084024383649415,,1.9562523122035174,0.6863320382191875
harry_maguire,4,1,DEF,Man Utd,15,1,0,0,4,0,0,5,2.1328,0.096,0.0,4.848000000000001,0.0,2.2864000000000004,0.03496000000000001,0.1124,0.07744,1.1648,1.4,0.0,1.3312,8.748800000000001,90.0,0.0,0.0,0.0,0.0,0.0,1.0,2.272,1.528,-278300.68799999997,27402.888,305703.576,49.4,0.84,Man City,0.9600000000000002,0.5279999999999999,Leeds,Leeds,2.8,2.328,2.4603874933187324,14974.0,0.5722487534816909,1.4079536761335867
harry_wilson,4,1,MID,Leeds,17,1,0,0,2,0,0,3,1.3712,0.0,0.0,3.584,0.06400000000000002,7.0128,0.023119999999999998,0.024079999999999997,0.0009600000000000001,0.6392,0.6,0.0,1.0016,1.5392000000000001,23.36,0.0,0.0,0.0,0.0,0.0,0.06400000000000002,1.3119999999999998,0.8880000000000001,-112613.66399999999,5146.464,117760.128,63.56,0.24,Newcastle,2.8,2.328,Man Utd,Man Utd,0.9600000000000002,0.5279999999999999,1.4491668694844888,,0.7674984210824493,1.112233284214341
harvey_barnes,4,2,MID,Newcastle,13,0,0,0,3,0,0,2,4.6288,0.24,0.48,18.312,0.096,2.9472,0.19544,0.40415999999999996,0.20872,1.87504,3.008,0.24,1.8704,8.944,90.0,0.0,0.0,0.0,0.0,0.0,1.0,6.768,4.4959999999999996,92635.68000000001,133800.6,41164.92,60.0,0.0,Leeds,1.4,0.592,Aston Villa,Aston Villa,0.6,0.24,3.425373923612529,15210.0,1.1791258443887787,4.038946920026927
harvey_cartwright,4,0,GK,Hull City,6,0,0,0,2,0,0,4,0.0,0.0,0.0,0.0,0.0,0.0,0.0,0.0,0.0,0.0,0.0,0.0,0.0,0.0,0.0,0.0,0.0,0.0,0.0,0.0,0.0,0.0,0.0,-70.776,0.0,70.776,40.0,0.0,Chelsea,1.424,1.3200000000000003,Fulham,Fulham,0.6080000000000001,0.6,0.22601351710574336,,2.0,0.4520270342114867
harvey_davies,4,0,GK,Liverpool,10,1,0,0,4,0,0,3,0.06400000000000002,0.0,0.0,0.0,0.0,0.0,0.0,0.0,0.0,0.0,0.0,0.0,0.0,0.0,0.0,0.0,0.0,0.0,0.0,0.0,0.0,0.0,0.0,172.296,1190.904,1018.608,40.0,0.0,Fulham,0.8,1.48,Brentford,Brentford,1.7280000000000002,1.1280000000000001,0.2269819489765561,,0.8063660477453581,0.18303053710576409
harvey_elliott,4,0,MID,Liverpool,10,1,0,0,4,0,0,3,0.12800000000000003,0.0,0.0,0.0,0.0,0.0,0.0,0.0,0.0,0.0,0.0,0.0,0.0,0.0,0.0,0.0,0.0,0.0,0.0,0.0,0.0,0.0,0.0,-1546.416,162.96,1709.376,54.16,0.0,Fulham,0.8,1.48,Brentford,Brentford,1.7280000000000002,1.1280000000000001,0.5488927216012092,,0.8050630177392176,0.4418932308673617
hayden_hackney,4,1,MID,Everton,19,0,0,0,3,0,0,3,2.192,0.24,0.0,6.4719999999999995,0.06400000000000002,7.0352,0.035199999999999995,0.04544000000000001,0.01024,0.48096000000000005,0.24,0.0,1.616,6.243200000000001,20.28,0.0,0.0,0.0,0.0,0.0,0.06400000000000002,2.9120000000000004,1.8480000000000003,-1285.968,1089.984,2375.952,55.0,0.0,Spurs,0.704,1.1280000000000001,Chelsea,Chelsea,2.016,1.08,1.3860177644378437,,1.1080549312337,1.5357838186628616
hidemasa_morita,4,0,MID,Hull City,6,0,0,0,2,0,0,4,0.17120000000000002,0.0,0.0,0.576,0.0,1.2864,0.0,0.0,0.0,0.10464000000000001,0.0,0.0,0.2304,1.056,4.32,0.0,0.0,0.0,0.0,0.0,0.096,0.0,0.096,-216.60000000000002,196.96800000000002,413.568,50.0,0.0,Chelsea,1.424,1.3200000000000003,Fulham,Fulham,0.6080000000000001,0.6,0.5663788956870837,,1.0059024978061435,0.5697219458763226
honest_ahanor,4,3,DEF,Crystal Palace,12,1,0,0,3,0,0,2,1.62,0.0,0.0,6.0,0.0,0.0,0.006,0.006,0.0,1.008,1.7999999999999998,0.0,0.0,0.0,54.0,0.0,0.0,0.0,0.0,0.0,0.6,0.0,1.7999999999999998,474.8,595.5999999999999,120.8,45.0,0.0,Ipswich Town,2.016,0.72,Brighton,Brighton,3.784,2.2319999999999998,1.5693178393753133,,0.5,0.7846589196876567
hugo_ekitike,4,0,FWD,Liverpool,10,1,0,0,4,0,0,3,0.0,0.0,0.0,0.0,0.0,0.0,0.0,0.0,0.0,0.0,0.0,0.0,0.0,0.0,0.0,0.0,0.0,0.0,0.0,0.0,0.0,0.0,0.0,-1894.248,519.504,2413.7519999999995,74.4,0.0,Fulham,0.8,1.48,Brentford,Brentford,1.7280000000000002,1.1280000000000001,0.7936716968527338,,1.953872260038563,1.5507331120582921
hugo_larsson,4,1,MID,Fulham,14,0,0,0,3,0,0,4,1.2000000000000002,0.0,0.0,3.0,0.0,0.52,0.09400000000000001,0.146,0.052000000000000005,0.276,0.0,0.0,0.5599999999999999,1.4400000000000002,12.2,0.0,0.0,0.0,0.0,0.0,0.0,3.6,1.0,215.4,274.8,59.400000000000006,50.0,0.0,Liverpool,0.6080000000000001,0.6,Hull City,Hull City,1.424,1.3200000000000003,1.0180816483769561,,0.6109909626509489,0.6220386863991013
ian_maatsen,4,1,DEF,Aston Villa,18,1,0,0,3,0,0,3,2.1248,0.0,0.24,10.104,0.24,4.8512,0.1188,0.23544,0.11664,1.38032,1.552,0.0,1.0624,3.5936000000000003,85.584,0.0,0.0,0.0,0.0,0.0,1.0,2.304,2.3760000000000003,6300.527999999999,13428.096000000001,7127.568,45.0,0.096,Nott'm Forest,0.6,0.24,Newcastle,Newcastle,1.4,0.592,2.2967382322644734,,0.5,1.1483691161322367
ibrahim_mbaye,4,1,MID,Aston Villa,18,1,0,0,3,0,0,3,1.1800000000000002,0.0,0.0,3.5999999999999996,0.0,0.0,0.078,0.09,0.012,0.516,0.6,0.0,0.0,0.0,16.2,0.0,0.0,0.0,0.0,0.0,0.0,0.0,0.6,2094.6,3294.6000000000004,1200.0,60.0,0.0,Nott'm Forest,0.6,0.24,Newcastle,Newcastle,1.4,0.592,1.1900989527218009,50210.0,0.7819204265435558,0.9305626807412696
ibrahim_osman,4,1,MID,Brighton,7,0,0,0,3,0,0,2,0.8400000000000001,0.0,0.0,2.224,0.0,1.1104,0.01016,0.04016,0.03,0.1416,0.096,0.0,0.21119999999999997,0.5568000000000001,9.504,0.0,0.0,0.0,0.0,0.0,0.0,0.44799999999999995,0.76,-74.39999999999999,187.608,262.008,50.0,0.0,Coventry City,3.784,2.2319999999999998,Crystal Palace,Crystal Palace,2.016,0.72,0.7823367765066973,,1.9562523122035174,1.530448127963073
ibrahim_sangare,4,1,MID,Nott'm Forest,2,0,0,0,3,0,0,3,0.744,0.0,0.0,1.84,0.0,0.8320000000000001,0.00664,0.04456,0.037919999999999995,0.08408,0.06400000000000002,0.0,0.21760000000000002,1.1392000000000004,10.56,0.0,0.0,0.0,0.0,0.0,0.06400000000000002,0.19200000000000006,0.728,-13522.872,2308.6800000000003,15831.552,49.16,0.0,Aston Villa,1.392,2.1359999999999997,Arsenal,Arsenal,1.968,3.0,0.7660411706634999,,0.5,0.38302058533174993
igor_jesus_maciel_da_cruz,4,7,FWD,Nott'm Forest,2,0,0,0,3,0,0,3,2.264,0.0,1.2,22.016,0.0,1.8080000000000003,0.011120000000000001,0.17424,0.16312000000000001,0.31448,0.25600000000000006,0.6,0.8992,1.4464,30.84,0.0,0.0,0.0,0.0,0.0,0.16000000000000003,5.6320000000000014,4.664,-54998.328,14767.991999999998,69766.32,59.16,0.096,Aston Villa,1.392,2.1359999999999997,Arsenal,Arsenal,1.968,3.0,2.0481906235521645,15210.0,0.5,1.0240953117760823
igor_julio_dos_santos_de_paulo,4,0,DEF,Brighton,7,0,0,0,3,0,0,2,0.10880000000000001,0.0,0.0,0.0,0.0,0.0,0.0,0.0,0.0,0.0,0.0,0.0,0.0,0.0,0.0,0.0,0.0,0.0,0.0,0.0,0.0,0.0,0.0,-1581.0240000000001,151.77599999999998,1732.8000000000002,45.0,0.0,Coventry City,3.784,2.2319999999999998,Crystal Palace,Crystal Palace,2.016,0.72,0.4708518989042436,,1.6233233946334027,0.7643449028988205
igor_thiago_nascimento_rodrigues,4,1,FWD,Brentford,3,0,0,0,3,0,0,3,1.288,0.0,0.0,3.9599999999999995,0.06400000000000002,1.1872,0.026479999999999997,0.35328000000000004,0.32680000000000003,1.6325600000000002,1.536,0.0,2.1439999999999997,4.211200000000001,89.488,0.0,0.06400000000000002,0.0,0.0,0.0,1.0,16.112000000000002,1.272,-240637.91999999998,40596.432,281234.35199999996,79.4,0.6,Bournemouth,1.7280000000000002,1.1280000000000001,Liverpool,Liverpool,0.8,1.48,3.6148694885549593,79641.0,0.5,1.8074347442774796
ilia_gruev,4,0,MID,Leeds,17,1,0,0,2,0,0,3,0.0,0.0,0.0,0.0,0.0,0.0,0.0,0.0,0.0,0.0,0.0,0.0,0.0,0.0,0.0,0.0,0.0,0.0,0.0,0.0,0.0,0.0,0.0,-47.64,16.584,64.224,50.0,0.0,Newcastle,2.8,2.328,Man Utd,Man Utd,0.9600000000000002,0.5279999999999999,0.4518367028110868,,0.7674984210824493,0.346783955994609
iliman_ndiaye,4,1,MID,Man City,16,0,0,0,5,0,0,4,4.5568,0.06400000000000002,0.06400000000000002,15.72,0.30400000000000005,8.235199999999999,0.0428,0.06488000000000002,0.022080000000000002,1.1368,0.096,0.0,2.0208000000000004,5.5008,62.04,0.0,0.0,0.0,0.0,0.0,0.4,6.432000000000001,2.2800000000000002,-268344.31200000003,57188.688,325533.0,59.4,0.0,Man Utd,1.3520000000000003,3.0,Ipswich Town,Ipswich Town,2.12,1.992,2.609171381843411,14969.0,1.4193214841518227,3.7032529980844524
illan_meslier,4,0,GK,Arsenal,20,0,0,0,5,0,0,2,0.16640000000000002,0.0,0.0,0.0,0.0,0.0,0.0,0.0,0.0,0.0,0.0,0.0,0.0,0.0,0.0,0.0,0.0,0.0,0.0,0.0,0.0,0.0,0.0,-226.416,115.776,342.192,49.4,0.0,Sunderland,1.968,3.0,Nott'm Forest,Nott'm Forest,1.392,2.1359999999999997,0.5010934856794036,,2.0,1.0021869713588072
ilyas_ansah,4,0,FWD,Hull City,6,0,0,0,2,0,0,4,0.5599999999999999,0.0,0.0,0.0,0.0,0.0,0.0,0.0,0.0,0.0,0.0,0.0,0.0,0.0,0.0,0.0,0.0,0.0,0.0,0.0,0.0,0.0,0.0,1478.0,2493.2,1015.1999999999999,50.0,0.0,Chelsea,1.424,1.3200000000000003,Fulham,Fulham,0.6080000000000001,0.6,0.4963254429754904,,1.0045167920597216,0.4985672417953599
ismaila_sarr,4,0,MID,Crystal Palace,12,1,0,0,3,0,0,2,0.1472,0.0,0.0,0.0,0.0,0.0,0.0,0.0,0.0,0.0,0.0,0.0,0.0,0.0,0.0,0.0,0.0,0.0,0.0,0.0,0.0,0.0,0.0,-70099.656,388.392,70488.04800000001,63.224000000000004,0.0,Ipswich Town,2.016,0.72,Brighton,Brighton,3.784,2.2319999999999998,0.73393314716884,14971.0,0.7196973863863351,0.5282097677997115
issa_diop,4,1,DEF,Ipswich Town,8,0,0,0,2,0,0,3,2.008,0.0,0.0,8.32,0.0,2.6720000000000006,0.08104,0.08104,0.0,1.03776,2.224,0.0,1.3696,10.9056,90.0,0.0,0.0,0.0,0.0,0.0,1.0,0.12800000000000003,1.6399999999999997,-86415.696,36590.208,123005.90400000001,40.0,0.0,Crystal Palace,2.12,1.992,Man City,Man City,1.3520000000000003,3.0,2.194595194506478,,0.5,1.097297597253239
jack_butland,4,0,GK,Hull City,6,0,0,0,2,0,0,4,0.0,0.0,0.0,0.0,0.0,0.0,0.0,0.0,0.0,0.0,0.0,0.0,0.0,0.0,0.0,0.0,0.0,0.0,0.0,0.0,0.0,0.0,0.0,-868.5840000000001,153.744,1022.328,45.0,0.0,Chelsea,1.424,1.3200000000000003,Fulham,Fulham,0.6080000000000001,0.6,0.36947221313449385,,2.0,0.7389444262689877
jack_clarke,4,1,MID,Ipswich Town,8,0,0,0,2,0,0,3,2.4320000000000004,0.0,0.06400000000000002,7.248,0.0,2.8464,0.016800000000000002,0.1252,0.1084,0.13632,0.6,0.06400000000000002,0.7888000000000001,2.9664000000000006,44.175999999999995,0.0,0.0,0.0,0.0,0.0,0.6,2.112,1.2880000000000003,-2973.696,868.2719999999999,3841.968,54.4,0.6,Crystal Palace,2.12,1.992,Man City,Man City,1.3520000000000003,3.0,1.7621315046590873,,0.568072032915532,1.001017626116193
jack_fletcher,4,0,MID,Man Utd,15,1,0,0,4,0,0,5,0.09600000000000003,0.0,0.0,0.0,0.0,0.0,0.0,0.0,0.0,0.0,0.0,0.0,0.0,0.0,0.0,0.0,0.0,0.0,0.0,0.0,0.0,0.0,0.0,-76.96799999999999,84.696,161.664,49.4,0.0,Man City,0.9600000000000002,0.5279999999999999,Leeds,Leeds,2.8,2.328,0.4494873514265818,,0.7187245153676758,0.3230575788179702
jack_grealish,4,1,MID,Everton,19,0,0,0,3,0,0,3,0.8432,0.0,0.0,4.448,0.0,2.9904,0.037200000000000004,0.041999999999999996,0.0048000000000000004,0.2544,0.24,0.0,0.6848000000000001,1.504,21.272,0.0,0.0,0.0,0.0,0.0,0.0,2.4000000000000004,0.904,6660.264,12005.232,5344.968,65.0,0.0,Spurs,0.704,1.1280000000000001,Chelsea,Chelsea,2.016,1.08,1.3719619383991775,14974.0,1.1080549312337,1.5202091913081544
jack_harrison,4,0,MID,Leeds,17,1,0,0,2,0,0,3,0.0,0.0,0.0,0.0,0.0,0.0,0.0,0.0,0.0,0.0,0.0,0.0,0.0,0.0,0.0,0.0,0.0,0.0,0.0,0.0,0.0,0.0,0.0,-14.136,0.0,14.136,50.0,0.0,Newcastle,2.8,2.328,Man Utd,Man Utd,0.9600000000000002,0.5279999999999999,0.4518367028110868,,0.7674984210824493,0.346783955994609
jack_hinshelwood,4,0,MID,Brighton,7,0,0,0,3,0,0,2,0.9568000000000002,0.0,0.19200000000000006,3.4560000000000004,0.06400000000000002,0.8576000000000001,0.00128,0.09152,0.09024,0.012160000000000004,0.0,0.12800000000000003,0.9280000000000002,4.659200000000001,4.032000000000001,0.0,0.0,0.0,0.0,0.0,0.06400000000000002,3.7760000000000007,1.0240000000000002,-39170.952,15638.208000000002,54809.16,60.0,0.0,Coventry City,3.784,2.2319999999999998,Crystal Palace,Crystal Palace,2.016,0.72,0.9799483744905364,79641.0,1.9562523122035174,1.9170262734371901
jack_rudoni,4,2,MID,Coventry City,5,1,0,0,2,0,0,3,1.968,0.0,0.0,10.104,0.096,9.7424,0.46824,0.7512,0.28296,1.59728,2.04,0.0,2.3648000000000002,4.467200000000001,66.08,0.0,0.0,0.0,0.0,0.0,0.9359999999999999,9.392000000000001,2.032,-939.024,868.44,1807.464,50.0,0.0,Brighton,0.0,0.0,Spurs,Spurs,0.0,0.84,2.7735635122196114,,0.5922224071854413,1.6425664596884053
jack_taylor,4,0,MID,Ipswich Town,8,0,0,0,2,0,0,3,0.0,0.0,0.0,0.0,0.0,0.0,0.0,0.0,0.0,0.0,0.0,0.0,0.0,0.0,0.0,0.0,0.0,0.0,0.0,0.0,0.0,0.0,0.0,-362.11199999999997,161.856,523.968,45.0,0.0,Crystal Palace,2.12,1.992,Man City,Man City,1.3520000000000003,3.0,0.35084024383649415,,0.568072032915532,0.19930253054477817
jacob_greaves,4,1,DEF,Ipswich Town,8,0,0,0,2,0,0,3,0.76,0.0,0.0,5.16,0.0,3.16,0.01656,0.01656,0.0,1.03776,2.224,0.0,1.0512000000000001,6.416,88.19999999999999,0.096,0.0,0.0,0.0,0.0,1.0,0.96,0.872,-7092.0,1997.376,9089.376,40.0,0.096,Crystal Palace,2.12,1.992,Man City,Man City,1.3520000000000003,3.0,1.9241965923568651,,0.5,0.9620982961784326
jacob_murphy,4,0,MID,Newcastle,13,0,0,0,3,0,0,2,0.6568,0.0,0.0,2.624,0.0,0.376,0.10320000000000001,0.10320000000000001,0.0,1.25864,1.8639999999999999,0.0,0.0976,0.25920000000000004,38.384,0.0,0.0,0.0,0.0,0.0,0.6,0.32000000000000006,0.336,-1416.1200000000001,973.632,2389.7520000000004,59.16,0.664,Leeds,1.4,0.592,Aston Villa,Aston Villa,0.6,0.24,1.567711510461305,,1.1791258443887787,1.848529158530694
jacob_ramsey,4,0,MID,Newcastle,13,0,0,0,3,0,0,2,1.7760000000000002,0.0,0.0,5.632,0.0,0.6784000000000001,0.017920000000000002,0.04816000000000001,0.030240000000000003,0.14208000000000004,0.06400000000000002,0.24,1.3216,8.2944,9.424000000000001,0.0,0.0,0.0,0.0,0.0,0.0,4.336,1.536,2472.432,7479.7919999999995,5007.36,49.4,0.06400000000000002,Leeds,1.4,0.592,Aston Villa,Aston Villa,0.6,0.24,0.9766575795137726,,1.1791258443887787,1.151602193122878
jaden_philogene,4,1,MID,Ipswich Town,8,0,0,0,2,0,0,3,0.24800000000000003,0.0,0.0,3.5999999999999996,0.0,0.0,0.0,0.006,0.012,0.24599999999999997,0.6,0.0,0.0,0.0,16.8,0.0,0.0,0.0,0.0,0.0,0.0,0.0,0.6,-1966.8719999999998,42.816,2009.688,54.16,0.0,Crystal Palace,2.12,1.992,Man City,Man City,1.3520000000000003,3.0,0.901976812207321,,0.568072032915532,0.5123878013532839
jahnoah_markelo,4,0,FWD,Coventry City,5,1,0,0,2,0,0,3,0.0,0.0,0.0,0.0,0.0,0.0,0.0,0.0,0.0,0.0,0.0,0.0,0.0,0.0,0.0,0.0,0.0,0.0,0.0,0.0,0.0,0.0,0.0,-209.28,0.0,209.28,50.0,0.0,Brighton,0.0,0.0,Spurs,Spurs,0.0,0.84,0.4476614390602711,,0.5,0.22383071953013556
jaidon_anthony,4,1,MID,Brentford,3,0,0,0,3,0,0,3,1.3168,0.0,0.0,8.879999999999999,0.096,5.248000000000001,0.09056,0.11504,0.024480000000000002,1.09144,1.44,0.0,0.8192,0.9856000000000003,53.432,0.0,0.0,0.0,0.0,0.0,0.696,2.224,1.096,-1531.848,1039.128,2570.976,60.0,0.096,Bournemouth,1.7280000000000002,1.1280000000000001,Liverpool,Liverpool,0.8,1.48,2.018837281698266,,1.32357378499298,2.672080102222313
jair_paula_da_cunha_filho,4,0,DEF,Nott'm Forest,2,0,0,0,3,0,0,3,2.4968,0.0,0.0,6.655999999999999,0.24,0.2896,0.0024000000000000002,0.009600000000000001,0.0072,0.45248,0.25600000000000006,0.0,0.8128000000000001,7.532800000000001,36.0,0.0,0.0,0.0,0.0,0.0,0.4,0.24,2.08,1949.4,5105.424,3156.024,45.0,0.06400000000000002,Aston Villa,1.392,2.1359999999999997,Arsenal,Arsenal,1.968,3.0,1.474023229781896,,0.5,0.737011614890948
jaka_bijol,4,0,DEF,Leeds,17,1,0,0,2,0,0,3,3.4288,0.0,0.12800000000000003,2.032,0.06400000000000002,0.044800000000000006,0.0,0.007040000000000001,0.007040000000000001,0.56304,0.336,0.0,0.4800000000000001,3.8048,17.040000000000003,0.0,0.0,0.0,0.0,0.0,0.16000000000000003,0.9600000000000002,0.976,-3354.0,10541.544,13895.544,50.0,0.0,Newcastle,2.8,2.328,Man Utd,Man Utd,0.9600000000000002,0.5279999999999999,1.3777796594561322,,2.0,2.7555593189122645
jake_bidwell,4,0,DEF,Coventry City,5,1,0,0,2,0,0,3,0.06400000000000002,0.0,0.0,0.0,0.0,0.0,0.0,0.0,0.0,0.0,0.0,0.0,0.0,0.0,0.0,0.0,0.0,0.0,0.0,0.0,0.0,0.0,0.0,-194.448,594.696,789.144,40.0,0.0,Brighton,0.0,0.0,Spurs,Spurs,0.0,0.84,0.31971581669575344,,1.2834843802576474,0.41035025685031673
jake_o'brien,4,1,DEF,Everton,19,0,0,0,3,0,0,3,0.26080000000000003,0.0,0.0,1.2,0.0,0.0,0.0,0.0,0.0,0.156,0.0,0.0,0.0,0.0,9.0,0.0,0.0,0.0,0.0,0.0,0.0,0.0,0.6,-4727.735999999999,757.248,5484.984,49.16,0.0,Spurs,0.704,1.1280000000000001,Chelsea,Chelsea,2.016,1.08,0.7701810065434095,,0.8639872652827262,0.6654265816161378
james_garner,4,4,MID,Everton,19,0,0,0,3,0,0,3,1.6400000000000001,0.0,0.0,19.607999999999997,0.6,8.324800000000002,0.03312,0.05712,0.024,0.58744,0.336,0.0,1.1535999999999997,2.9375999999999998,78.8,0.0,0.0,0.0,0.0,0.0,0.9359999999999999,0.12800000000000003,3.04,-706.1759999999999,2471.688,3177.8639999999996,60.0,0.696,Spurs,0.704,1.1280000000000001,Chelsea,Chelsea,2.016,1.08,2.5491907531156066,,1.1080549312337,2.8246433846450976
james_hill,4,2,DEF,Bournemouth,4,1,0,0,3,0,0,3,2.08,0.0,0.0,5.784000000000001,0.0,9.5952,0.08184000000000002,0.08184000000000002,0.0,0.79104,1.904,0.0,1.7664000000000002,7.231999999999999,90.0,0.0,0.0,0.0,0.0,0.0,1.0,0.8640000000000001,1.888,-2295.4080000000004,7485.048000000001,9780.456,55.0,0.6,Brentford,1.84,0.9359999999999999,Sunderland,Sunderland,0.4,0.5279999999999999,2.6588537791965043,14969.0,0.5,1.3294268895982522
james_justin,4,2,DEF,Leeds,17,1,0,0,2,0,0,3,4.6568,0.0,0.12800000000000003,11.703999999999999,0.06400000000000002,1.64,0.1696,0.20608,0.036480000000000005,1.25616,0.9359999999999999,0.0,1.5535999999999999,7.968000000000001,90.0,0.0,0.0,0.0,0.0,0.0,1.0,6.032,2.992,10062.288,29382.144,19319.856,45.0,0.0,Newcastle,2.8,2.328,Man Utd,Man Utd,0.9600000000000002,0.5279999999999999,2.7997059244139044,14970.0,2.0,5.599411848827809
james_maddison,4,1,MID,Spurs,9,1,0,0,3,0,0,3,0.5336,0.0,0.0,2.184,0.0,0.5312000000000001,0.00664,0.00664,0.0,0.0724,0.0,0.0,0.13440000000000005,0.2816000000000001,9.208,0.0,0.0,0.0,0.0,0.0,0.0,0.5120000000000001,0.664,-20482.32,568.056,21050.376,63.56,0.0,Everton,0.0,0.84,Coventry City,Coventry City,0.0,0.0,0.9956497150254732,,0.9454694944698857,0.9413564327342199
james_mcatee,4,3,MID,Nott'm Forest,2,0,0,0,3,0,0,3,2.42,0.0,0.0,18.768,0.30400000000000005,18.776,0.3064,0.35559999999999997,0.0492,0.88216,0.792,0.0,2.6208000000000005,4.9376,83.512,0.0,0.0,0.0,0.0,0.0,1.0,2.4000000000000004,2.6639999999999997,794.304,2052.624,1258.32,55.0,0.84,Aston Villa,1.392,2.1359999999999997,Arsenal,Arsenal,1.968,3.0,2.9668336010281378,,0.5,1.4834168005140689
james_mcconnell,4,0,MID,Liverpool,10,1,0,0,4,0,0,3,0.06400000000000002,0.0,0.0,0.0,0.0,0.0,0.0,0.0,0.0,0.0,0.0,0.0,0.0,0.0,0.0,0.0,0.0,0.0,0.0,0.0,0.0,0.0,0.0,-1700.5919999999999,943.7280000000001,2644.3199999999997,45.0,0.0,Fulham,0.8,1.48,Brentford,Brentford,1.7280000000000002,1.1280000000000001,0.357353726298125,,0.8050630177392176,0.28769226929392294
james_rowswell,4,0,DEF,Spurs,9,1,0,0,3,0,0,3,0.06400000000000002,0.0,0.0,0.0,0.0,0.0,0.0,0.0,0.0,0.0,0.0,0.0,0.0,0.0,0.0,0.0,0.0,0.0,0.0,0.0,0.0,0.0,0.0,-2.1600000000000037,742.0799999999999,744.24,40.0,0.0,Everton,0.0,0.84,Coventry City,Coventry City,0.0,0.0,0.31971581669575344,,2.0,0.6394316333915069
james_tarkowski,4,8,DEF,Everton,19,0,0,0,3,0,0,3,7.043200000000001,0.0,1.392,26.032,0.664,1.3760000000000003,0.00936,0.026960000000000005,0.0176,0.9124,0.576,0.096,1.688,12.089599999999999,90.0,0.0,0.0,0.0,0.0,0.0,1.0,3.5200000000000005,7.055999999999999,73887.95999999999,153037.176,79149.216,60.0,0.0,Spurs,0.704,1.1280000000000001,Chelsea,Chelsea,2.016,1.08,3.5663434502023383,14973.0,0.8639872652827262,3.0812753245992806
james_trafford,4,3,GK,Leeds,17,1,0,0,2,0,0,3,4.6424,0.0,0.12800000000000003,18.232,0.06400000000000002,0.0,0.0,0.0,0.0,1.25616,0.9359999999999999,0.0,1.3264000000000002,13.203199999999999,90.0,0.0,0.0,0.0,0.0,3.936,1.0,0.0,3.384,21663.72,64304.304,42640.584,50.0,0.0,Newcastle,2.8,2.328,Man Utd,Man Utd,0.9600000000000002,0.5279999999999999,3.094850705521406,50210.0,1.9098143236074272,5.9105902068313325
jamie_bynoe_gittens,4,0,MID,Chelsea,11,1,0,0,4,0,0,2,0.14080000000000004,0.0,0.0,0.0,0.0,0.0,0.0,0.0,0.0,0.0,0.0,0.0,0.0,0.0,0.0,0.0,0.0,0.0,0.0,0.0,0.0,0.0,0.0,-354.79200000000003,238.416,593.2080000000001,59.16,0.0,Hull City,2.016,1.08,Everton,Everton,0.704,1.1280000000000001,0.651191877068128,,1.157584013742825,0.7538093067732479
jan_paul_van_hecke,4,8,DEF,Spurs,9,1,0,0,3,0,0,3,3.7287999999999997,0.0,0.48,24.216,0.84,4.5664,0.0372,0.15336,0.11616000000000001,1.2036000000000002,0.3840000000000001,0.0,1.8719999999999999,8.342400000000001,90.0,0.0,0.0,0.0,0.0,0.0,1.0,5.936,6.88,-80896.224,31142.064,112038.288,49.16,0.0,Everton,0.0,0.84,Coventry City,Coventry City,0.0,0.0,2.8564466947103524,15210.0,2.0,5.712893389420705
jannik_schuster,4,3,DEF,Brentford,3,0,0,0,3,0,0,3,1.5008000000000001,0.0,0.0,5.640000000000001,0.0,0.048,0.008400000000000001,0.032400000000000005,0.024,1.4364000000000001,1.44,0.0,0.504,4.127999999999999,71.52,0.0,0.0,0.0,0.0,0.0,0.6,0.96,2.76,-313.58400000000006,596.472,910.056,45.0,0.0,Bournemouth,1.7280000000000002,1.1280000000000001,Liverpool,Liverpool,0.8,1.48,1.9090749296216996,,1.175631190499806,2.244368032264492
jaouen_hadjam,4,0,DEF,Brighton,7,0,0,0,3,0,0,2,0.272,0.0,0.0,0.0,0.0,0.0,0.0,0.0,0.0,0.0,0.0,0.0,0.0,0.0,0.0,0.0,0.0,0.0,0.0,0.0,0.0,0.0,0.0,385.72,846.7600000000001,461.04,45.0,0.0,Coventry City,3.784,2.2319999999999998,Crystal Palace,Crystal Palace,2.016,0.72,0.49138323503808157,,1.6233233946334027,0.7976739011679618
jarrad_branthwaite,4,6,DEF,Everton,19,0,0,0,3,0,0,3,4.552,0.0,0.0,20.904,0.664,0.3392,0.0016,0.02944,0.02784,0.9124,0.576,0.0,2.5312,13.344000000000001,90.0,0.0,0.0,0.0,0.0,0.0,1.0,11.712000000000002,5.088,8267.4,26837.328,18569.928,55.0,0.0,Spurs,0.704,1.1280000000000001,Chelsea,Chelsea,2.016,1.08,3.156349536400165,61014.0,0.8639872652827262,2.727045804230779
jason_steele,4,0,GK,Brighton,7,0,0,0,3,0,0,2,0.06400000000000002,0.0,0.0,0.0,0.0,0.0,0.0,0.0,0.0,0.0,0.0,0.0,0.0,0.0,0.0,0.0,0.0,0.0,0.0,0.0,0.0,0.0,0.0,12910.079999999998,44104.464,31194.384,40.0,0.0,Coventry City,3.784,2.2319999999999998,Crystal Palace,Crystal Palace,2.016,0.72,0.23092089671089888,,0.8116710875331564,0.18743181536746698
jay_dasilva,4,0,DEF,Coventry City,5,1,0,0,2,0,0,3,1.336,0.0,0.0,-0.6159999999999997,0.0,4.5200000000000005,0.22328,0.24056000000000002,0.01728,2.38424,3.528,0.0,1.3872000000000002,7.574400000000001,88.56,0.0,0.0,0.0,0.0,0.0,1.0,1.6320000000000001,0.7360000000000001,-2557.5599999999995,2444.0640000000003,5001.624,40.0,0.0,Brighton,0.0,0.0,Spurs,Spurs,0.0,0.84,2.1387374948398965,,1.2834843802576474,2.745036168098378
jaydee_canvot,4,0,DEF,Crystal Palace,12,1,0,0,3,0,0,2,0.6568,0.0,0.0,1.4400000000000002,0.0,0.8687999999999999,0.00064,0.0038400000000000005,0.003200000000000001,1.03744,0.9920000000000002,0.0,0.8239999999999998,7.062400000000001,36.0,0.0,0.0,0.0,0.0,0.0,0.4,0.32000000000000006,0.30400000000000005,-2237.28,2021.136,4258.415999999999,49.16,0.0,Ipswich Town,2.016,0.72,Brighton,Brighton,3.784,2.2319999999999998,1.3127551263347021,,0.5,0.6563775631673511
jayden_bogle,4,15,DEF,Leeds,17,1,0,0,2,0,0,3,7.764799999999999,0.0,2.5199999999999996,36.6,0.904,1.5632000000000001,0.03576,0.49776000000000004,0.46199999999999997,0.52488,0.096,0.84,2.0576000000000003,10.7296,75.792,0.0,0.0,0.0,0.0,0.0,1.0,8.304,12.936,58979.015999999996,74963.76,15984.743999999999,45.0,0.24,Newcastle,2.8,2.328,Man Utd,Man Utd,0.9600000000000002,0.5279999999999999,3.2211209177633076,,2.0,6.442241835526615
jayden_danns,4,0,FWD,Liverpool,10,1,0,0,4,0,0,3,0.0,0.0,0.0,0.0,0.0,0.0,0.0,0.0,0.0,0.0,0.0,0.0,0.0,0.0,0.0,0.0,0.0,0.0,0.0,0.0,0.0,0.0,0.0,3199.872,4938.864,1738.992,45.0,0.0,Fulham,0.8,1.48,Brentford,Brentford,1.7280000000000002,1.1280000000000001,0.37675769770935674,,1.953872260038563,0.7361364143103065
jayden_lienou,4,0,DEF,Leeds,17,1,0,0,2,0,0,3,0.06400000000000002,0.0,0.0,0.0,0.0,0.0,0.0,0.0,0.0,0.0,0.0,0.0,0.0,0.0,0.0,0.0,0.0,0.0,0.0,0.0,0.0,0.0,0.0,681.024,1607.088,926.0640000000001,40.0,0.0,Newcastle,2.8,2.328,Man Utd,Man Utd,0.9600000000000002,0.5279999999999999,0.31971581669575344,,2.0,0.6394316333915069
jean_matteo_bahoya,4,0,MID,Leeds,17,1,0,0,2,0,0,3,0.6000000000000001,0.0,0.0,0.0,0.0,0.0,0.0,0.0,0.0,0.0,0.0,0.0,0.0,0.0,0.0,0.0,0.0,0.0,0.0,0.0,0.0,0.0,0.0,562.8,858.4,295.6,50.0,0.0,Newcastle,2.8,2.328,Man Utd,Man Utd,0.9600000000000002,0.5279999999999999,0.512900600888875,,0.7674984210824493,0.39365040135445106
jean_philippe_mateta,4,0,FWD,Crystal Palace,12,1,0,0,3,0,0,2,0.2304,0.0,0.0,-0.19200000000000006,0.0,0.7872000000000002,0.00128,0.04608,0.0448,0.06272000000000001,0.12800000000000003,0.0,0.16000000000000003,0.0896,3.968000000000001,0.0,0.0,0.0,0.0,0.0,0.06400000000000002,0.7040000000000002,0.12800000000000003,-112875.91200000001,2799.5760000000005,115675.48799999998,64.16,0.0,Ipswich Town,2.016,0.72,Brighton,Brighton,3.784,2.2319999999999998,0.7932638865944708,79641.0,0.762822411993354,0.6051194713192166
jefferson_lerma_solis,4,1,MID,Crystal Palace,12,1,0,0,3,0,0,2,0.21600000000000003,0.0,0.0,1.7999999999999998,0.0,0.0,0.0,0.0,0.0,0.288,0.6,0.0,0.0,0.0,3.5999999999999996,0.0,0.0,0.0,0.0,0.0,0.0,0.0,0.6,-902.2560000000001,334.82399999999996,1237.08,49.16,0.0,Ipswich Town,2.016,0.72,Brighton,Brighton,3.784,2.2319999999999998,0.5572015273972049,,0.7196973863863351,0.4010164829582422
jens_hjerto_dahl,4,0,MID,Hull City,6,0,0,0,2,0,0,4,0.28800000000000003,0.0,0.0,0.96,0.0,0.0,0.0,0.0,0.0,0.0,0.0,0.0,0.0,0.0,1.92,0.0,0.0,0.0,0.0,0.0,0.0,0.0,0.24,-589.5120000000001,372.912,962.424,49.4,0.0,Chelsea,1.424,1.3200000000000003,Fulham,Fulham,0.6080000000000001,0.6,0.5136345726095775,,1.0059024978061435,0.5166662995475649
jenson_seelt,4,0,DEF,Sunderland,1,1,0,0,2,0,0,5,0.10880000000000001,0.0,0.0,0.0,0.0,0.0,0.0,0.0,0.0,0.0,0.0,0.0,0.0,0.0,0.0,0.0,0.0,0.0,0.0,0.0,0.0,0.0,0.0,-152.304,6.288,158.592,45.0,0.0,Arsenal,0.4,0.5279999999999999,Bournemouth,Bournemouth,1.84,0.9359999999999999,0.4708518989042436,,0.8299837771311113,0.3907994375219003
jeremie_frimpong,4,1,DEF,Liverpool,10,1,0,0,4,0,0,3,0.58,0.0,0.0,8.256,0.0,3.7439999999999998,0.07968,0.08032,0.00064,0.37520000000000003,0.32000000000000006,0.0,0.6880000000000001,2.0992000000000006,23.28,0.0,0.0,0.0,0.0,0.0,0.16000000000000003,1.0240000000000002,0.696,-60871.344,11213.880000000001,72085.224,54.4,0.06400000000000002,Fulham,0.8,1.48,Brentford,Brentford,1.7280000000000002,1.1280000000000001,1.2866919340675838,,0.7595468433242368,0.9773027968517903
jeremy_doku,4,0,MID,Man City,16,0,0,0,5,0,0,4,0.0,0.0,0.0,0.0,0.0,0.0,0.0,0.0,0.0,0.0,0.0,0.0,0.0,0.0,0.0,0.0,0.0,0.0,0.0,0.0,0.0,0.0,0.0,-23502.336,305.544,23807.879999999997,74.16,0.0,Man Utd,1.3520000000000003,3.0,Ipswich Town,Ipswich Town,2.12,1.992,0.9398515925763179,79641.0,1.4193214841518227,1.3339515572578737
jeremy_jacquet,4,9,DEF,Liverpool,10,1,0,0,4,0,0,3,3.7527999999999997,0.0,1.7999999999999998,30.144,0.84,5.211200000000001,0.02528,0.02528,0.0,0.88064,0.32000000000000006,0.0,1.5024000000000002,9.2224,87.31200000000001,0.0,0.0,0.0,0.0,0.0,1.0,0.672,6.952,14097.216,44973.672,30876.456,50.0,0.24,Fulham,0.8,1.48,Brentford,Brentford,1.7280000000000002,1.1280000000000001,2.7832258710924895,14973.0,0.7595468433242368,2.1139904246466497
jeremy_monga,4,0,MID,Man City,16,0,0,0,5,0,0,4,0.09600000000000003,0.0,0.0,0.0,0.0,0.0,0.0,0.0,0.0,0.0,0.0,0.0,0.0,0.0,0.0,0.0,0.0,0.0,0.0,0.0,0.0,0.0,0.0,-311.832,41.616,353.448,49.16,0.0,Man Utd,1.3520000000000003,3.0,Ipswich Town,Ipswich Town,2.12,1.992,0.44463952139580143,,1.4193214841518227,0.631086425420045
jesurun_rak_sakyi,4,0,MID,Crystal Palace,12,1,0,0,3,0,0,2,0.09600000000000003,0.0,0.0,0.0,0.0,0.0,0.0,0.0,0.0,0.0,0.0,0.0,0.0,0.0,0.0,0.0,0.0,0.0,0.0,0.0,0.0,0.0,0.0,-70.296,48.983999999999995,119.28,49.4,0.0,Ipswich Town,2.016,0.72,Brighton,Brighton,3.784,2.2319999999999998,0.4494873514265818,,0.7196973863863351,0.32349487203542704
joachim_andersen,4,0,DEF,Fulham,14,0,0,0,3,0,0,4,0.516,0.0,0.0,2.304,0.0,6.7344,0.018240000000000003,0.018240000000000003,0.0,0.66672,0.8160000000000001,0.0,1.5888,7.5648,30.24,0.0,0.0,0.0,0.0,0.0,0.336,1.6320000000000001,0.336,223.82400000000007,2756.424,2532.6,50.0,0.096,Liverpool,0.6080000000000001,0.6,Hull City,Hull City,1.424,1.3200000000000003,1.2899364917640492,,0.8213375320134982,1.0594732545996344
joao_gomes,4,0,MID,Aston Villa,18,1,0,0,3,0,0,3,0.0,0.0,0.0,-0.12800000000000003,0.0,0.7040000000000002,0.00064,0.00064,0.0,0.16512000000000004,0.25600000000000006,0.0,0.07680000000000001,0.06400000000000002,2.4960000000000004,0.0,0.0,0.0,0.06400000000000002,0.0,0.06400000000000002,0.0,-0.12800000000000003,-658.5840000000001,114.98400000000001,773.568,55.0,0.0,Nott'm Forest,0.6,0.24,Newcastle,Newcastle,1.4,0.592,0.5662962534935603,,0.7819204265435558,0.44279860808170224
joao_pedro_junqueira_de_jesus,4,12,FWD,Chelsea,11,1,0,0,4,0,0,2,7.7136,0.76,2.12,35.424,0.0,10.544000000000002,0.043680000000000004,0.38088,0.3372,1.5404799999999998,2.096,0.76,2.7600000000000002,8.345600000000001,90.0,0.096,0.0,0.0,0.0,0.0,1.0,8.944,9.008,275702.088,387045.168,111343.08,76.776,0.24,Hull City,2.016,1.08,Everton,Everton,0.704,1.1280000000000001,4.881499300962295,61014.0,2.0,9.76299860192459
joao_pedro_loureiro_da_costa,4,1,DEF,Brighton,7,0,0,0,3,0,0,2,0.8048,0.0,0.0,3.832,0.0,3.6304,0.038400000000000004,0.04608,0.007680000000000001,0.05824,0.0,0.0,0.6592,1.9168,9.104,0.0,0.0,0.0,0.0,0.0,0.0,1.1520000000000001,0.904,-81.816,245.76,327.576,45.0,0.096,Coventry City,3.784,2.2319999999999998,Crystal Palace,Crystal Palace,2.016,0.72,0.798764316270401,,1.6233233946334027,1.2966528014000962
joao_victor_de_souza_menezes,4,0,DEF,Spurs,9,1,0,0,3,0,0,3,0.06400000000000002,0.0,0.0,0.0,0.0,0.0,0.0,0.0,0.0,0.0,0.0,0.0,0.0,0.0,0.0,0.0,0.0,0.0,0.0,0.0,0.0,0.0,0.0,-4146.696,441.408,4588.104,40.0,0.0,Everton,0.0,0.84,Coventry City,Coventry City,0.0,0.0,0.31971581669575344,,2.0,0.6394316333915069
joe_gelhardt,4,0,MID,Hull City,6,0,0,0,2,0,0,4,0.0,0.0,0.0,0.0,0.0,0.0,0.0,0.0,0.0,0.0,0.0,0.0,0.0,0.0,0.0,0.0,0.0,0.0,0.0,0.0,0.0,0.0,0.0,-39.88799999999999,139.08,178.968,50.0,0.0,Chelsea,1.424,1.3200000000000003,Fulham,Fulham,0.6080000000000001,0.6,0.4518367028110868,,1.0059024978061435,0.4545036679581643
joe_gomez,4,0,DEF,Liverpool,10,1,0,0,4,0,0,3,0.0,0.0,0.0,0.0,0.0,0.0,0.0,0.0,0.0,0.0,0.0,0.0,0.0,0.0,0.0,0.0,0.0,0.0,0.0,0.0,0.0,0.0,0.0,-175.07999999999998,68.78399999999999,243.86399999999998,50.0,0.0,Fulham,0.8,1.48,Brentford,Brentford,1.7280000000000002,1.1280000000000001,0.6026643706338275,,0.7595468433242368,0.4577518202989116
joe_rodon,4,0,DEF,Leeds,17,1,0,0,2,0,0,3,0.4448000000000001,0.0,0.0,1.7280000000000002,0.06400000000000002,0.9504000000000001,0.0038400000000000005,0.00576,0.0019200000000000003,0.07584,0.0,0.0,0.32320000000000004,1.7472000000000003,8.928,0.0,0.0,0.0,0.0,0.0,0.16000000000000003,0.5120000000000001,0.4800000000000001,-96152.78399999999,3391.2000000000003,99543.984,44.4,0.0,Newcastle,2.8,2.328,Man Utd,Man Utd,0.9600000000000002,0.5279999999999999,0.6798234169479004,,2.0,1.3596468338958008
joe_willock,4,1,MID,Newcastle,13,0,0,0,3,0,0,2,3.216,0.0,0.0,8.032,0.096,1.8304000000000002,0.051199999999999996,0.22208,0.17088,0.58224,1.144,0.06400000000000002,0.8944,3.8976,42.976,0.0,0.0,0.0,0.0,0.0,0.336,3.9840000000000004,1.7519999999999998,8116.176,16094.328000000001,7978.152,50.0,0.0,Leeds,1.4,0.592,Aston Villa,Aston Villa,0.6,0.24,1.8521357835634593,,1.1791258443887787,2.183901169716936
joel_drakes_thomas,4,0,MID,Crystal Palace,12,1,0,0,3,0,0,2,0.06400000000000002,0.0,0.0,0.0,0.0,0.0,0.0,0.0,0.0,0.0,0.0,0.0,0.0,0.0,0.0,0.0,0.0,0.0,0.0,0.0,0.0,0.0,0.0,-252.62399999999997,773.664,1026.288,45.0,0.0,Ipswich Town,2.016,0.72,Brighton,Brighton,3.784,2.2319999999999998,0.357353726298125,,0.7196973863863351,0.2571865428321783
joel_latibeaudiere,4,0,DEF,Coventry City,5,1,0,0,2,0,0,3,0.06400000000000002,0.0,0.0,0.0,0.0,0.0,0.0,0.0,0.0,0.0,0.0,0.0,0.0,0.0,0.0,0.0,0.0,0.0,0.0,0.0,0.0,0.0,0.0,-124.19999999999999,258.12,382.32,40.0,0.0,Brighton,0.0,0.0,Spurs,Spurs,0.0,0.84,0.31971581669575344,,1.2834843802576474,0.41035025685031673
joel_piroe,4,0,FWD,Leeds,17,1,0,0,2,0,0,3,0.0,0.0,0.0,0.0,0.0,0.0,0.0,0.0,0.0,0.0,0.0,0.0,0.0,0.0,0.0,0.0,0.0,0.0,0.0,0.0,0.0,0.0,0.0,-2130.096,0.0,2130.096,50.0,0.0,Newcastle,2.8,2.328,Man Utd,Man Utd,0.9600000000000002,0.5279999999999999,0.4476614390602711,,1.4375545782572372,0.643537751230316
joelinton_cassio_apolinario_de_lira,4,0,MID,Newcastle,13,0,0,0,3,0,0,2,0.0,0.0,0.0,0.0,0.0,0.0,0.0,0.0,0.0,0.0,0.0,0.0,0.0,0.0,0.0,0.0,0.0,0.0,0.0,0.0,0.0,0.0,0.0,-378.36,45.048,423.408,54.16,0.0,Leeds,1.4,0.592,Aston Villa,Aston Villa,0.6,0.24,0.5358657566779477,,1.1791258443887787,0.6318531628219168
johan_manzambi,4,1,MID,Aston Villa,18,1,0,0,3,0,0,3,0.06,0.0,0.0,1.7999999999999998,0.0,0.0,0.048,0.048,0.0,0.516,0.6,0.0,0.0,0.0,16.2,0.0,0.0,0.0,0.0,0.0,0.0,0.0,0.6,-2683.488,446.11199999999997,3129.6,59.16,0.0,Nott'm Forest,0.6,0.24,Newcastle,Newcastle,1.4,0.592,1.0263439714701827,,0.7819204265435558,0.8025193159523724
john_egan,4,2,DEF,Hull City,6,0,0,0,2,0,0,4,6.448,0.0,0.096,7.847999999999999,0.4,0.06880000000000001,0.0,0.024,0.024,1.2501600000000002,1.2,0.0,0.9088000000000002,8.7584,90.0,0.0,0.0,0.0,0.0,0.0,1.0,0.12800000000000003,4.016,159886.08000000002,218932.392,59046.312,40.599999999999994,0.6,Chelsea,1.424,1.3200000000000003,Fulham,Fulham,0.6080000000000001,0.6,2.7595965864873957,14974.0,2.0,5.519193172974791
john_mcginn,4,6,MID,Aston Villa,18,1,0,0,3,0,0,3,2.3120000000000003,0.6,0.6,20.144,0.24,2.6496000000000004,0.07864,0.2492,0.17056000000000002,1.83632,1.552,0.0,0.45920000000000005,0.43840000000000007,89.424,0.0,0.0,0.0,0.0,0.0,1.0,1.9840000000000004,4.4799999999999995,-17810.951999999997,17096.016,34906.968,54.16,0.16000000000000003,Nott'm Forest,0.6,0.24,Newcastle,Newcastle,1.4,0.592,2.849733201623362,,0.7819204265435558,2.228264600548672
john_victor_maciel_furtado,4,0,GK,Nott'm Forest,2,0,0,0,3,0,0,3,0.12160000000000003,0.0,0.0,0.0,0.0,0.0,0.0,0.0,0.0,0.0,0.0,0.0,0.0,0.0,0.0,0.0,0.0,0.0,0.0,0.0,0.0,0.0,0.0,-264.528,183.048,447.576,45.0,0.0,Aston Villa,1.392,2.1359999999999997,Arsenal,Arsenal,1.968,3.0,0.37283501187480805,,0.5092838196286472,0.1898788389388943
jonah_kusi_asare,4,0,FWD,Fulham,14,0,0,0,3,0,0,4,0.06400000000000002,0.0,0.0,0.0,0.0,0.0,0.0,0.0,0.0,0.0,0.0,0.0,0.0,0.0,0.0,0.0,0.0,0.0,0.0,0.0,0.0,0.0,0.0,-32139.504,37821.288,69960.792,45.0,0.0,Liverpool,0.6080000000000001,0.6,Hull City,Hull City,1.424,1.3200000000000003,0.3823192981568104,,0.8043386576697441,0.30751419108068756
jordan_henderson,4,0,MID,Chelsea,11,1,0,0,4,0,0,2,0.07040000000000002,0.0,0.0,0.0,0.0,0.0,0.0,0.0,0.0,0.0,0.0,0.0,0.0,0.0,0.0,0.0,0.0,0.0,0.0,0.0,0.0,0.0,0.0,-445.87199999999996,157.704,603.576,49.4,0.0,Hull City,2.016,1.08,Everton,Everton,0.704,1.1280000000000001,0.44688195844192946,,1.157584013742825,0.517303411122463
jordan_pickford,4,6,GK,Everton,19,0,0,0,3,0,0,3,4.0992,0.0,0.0,20.728,0.664,0.0,0.00128,0.00128,0.0,0.9124,0.576,0.0,0.7280000000000002,7.276800000000001,90.0,0.0,0.0,0.0,0.0,2.08,1.0,0.0,4.576,-2238.336,61517.064,63755.4,55.0,0.0,Spurs,0.704,1.1280000000000001,Chelsea,Chelsea,2.016,1.08,3.2922523691590975,14973.0,0.6312997347480105,2.078398047373647
jorge_cuenca_barreno,4,0,DEF,Fulham,14,0,0,0,3,0,0,4,0.9728000000000001,0.0,0.0,0.44800000000000006,0.0,1.3632000000000004,0.0019200000000000003,0.0019200000000000003,0.0,0.14336000000000002,0.19200000000000006,0.0,0.3456000000000001,2.0992,5.760000000000001,0.0,0.0,0.0,0.0,0.0,0.06400000000000002,0.0,0.19200000000000006,-299.20799999999997,258.816,558.024,45.0,0.0,Liverpool,0.6080000000000001,0.6,Hull City,Hull City,1.424,1.3200000000000003,0.7033803725928458,,0.8213375320134982,0.5777126992921429
jorgen_strand_larsen,4,8,FWD,Crystal Palace,12,1,0,0,3,0,0,2,2.384,0.0,1.2,25.799999999999997,0.0,0.4448000000000001,0.01264,0.08744,0.0748,1.2915199999999998,1.488,0.6,0.3088,1.1392,68.28,0.0,0.0,0.0,0.0,0.0,0.696,1.4720000000000004,5.296,5979.504,14550.72,8571.216,60.0,0.0,Ipswich Town,2.016,0.72,Brighton,Brighton,3.784,2.2319999999999998,3.048549452487608,14973.0,0.762822411993354,2.3255018464276156
jorrel_hato,4,0,DEF,Chelsea,11,1,0,0,4,0,0,2,2.1968,0.336,0.0,-2.1279999999999997,0.0,5.4624,0.07248,0.07311999999999999,0.00064,0.9249600000000001,2.096,0.0,1.8464,11.7696,53.896,0.0,0.0,0.0,0.0,0.0,1.0,1.184,1.168,28667.064,41014.608,12347.544,45.0,0.0,Hull City,2.016,1.08,Everton,Everton,0.704,1.1280000000000001,1.810064535545539,,0.5424745596985056,0.9819139619459462
jose_maria_andres_baixauli,4,4,MID,Brighton,7,0,0,0,3,0,0,2,2.0,0.6,0.0,6.0,0.0,0.0,0.006,0.15,0.144,0.132,0.0,0.0,0.0,0.0,15.0,0.0,0.0,0.0,0.0,0.0,0.0,0.0,2.4,278.4,412.20000000000005,133.8,55.0,0.0,Coventry City,3.784,2.2319999999999998,Crystal Palace,Crystal Palace,2.016,0.72,1.1884061340568262,,1.9562523122035174,2.3248222475855096
josh_acheampong,4,0,DEF,Chelsea,11,1,0,0,4,0,0,2,1.4288,0.0,0.0,0.01600000000000019,0.0,0.5824000000000001,0.00304,0.00304,0.0,0.5905599999999999,0.704,0.0,0.4864000000000001,3.2480000000000007,29.472000000000005,0.0,0.0,0.0,0.0,0.0,0.30400000000000005,1.0879999999999999,0.5280000000000001,1025.616,5719.92,4694.304,45.0,0.0,Hull City,2.016,1.08,Everton,Everton,0.704,1.1280000000000001,1.165875083306443,,0.5424745596985056,0.6324575724801211
josh_dasilva,4,0,MID,Brentford,3,0,0,0,3,0,0,3,0.09600000000000003,0.0,0.0,0.0,0.0,0.0,0.0,0.0,0.0,0.0,0.0,0.0,0.0,0.0,0.0,0.0,0.0,0.0,0.0,0.0,0.0,0.0,0.0,-475.104,80.54400000000001,555.648,49.4,0.0,Bournemouth,1.7280000000000002,1.1280000000000001,Liverpool,Liverpool,0.8,1.48,0.4494873514265818,,1.32357378499298,0.5949296750341506
josh_eccles,4,0,MID,Coventry City,5,1,0,0,2,0,0,3,0.09600000000000003,0.0,0.0,0.0,0.0,0.0,0.0,0.0,0.0,0.0,0.0,0.0,0.0,0.0,0.0,0.0,0.0,0.0,0.0,0.0,0.0,0.0,0.0,-164.28,166.584,330.864,49.16,0.0,Brighton,0.0,0.0,Spurs,Spurs,0.0,0.84,0.44463952139580143,,0.5922224071854413,0.26332548769080405
josh_king,4,3,MID,Fulham,14,0,0,0,3,0,0,4,5.372,0.0,0.72,23.464000000000002,0.6,7.6704,0.12424000000000002,0.38064000000000003,0.25639999999999996,1.29608,1.008,0.30400000000000005,3.4928,14.384,81.6,0.0,0.0,0.0,0.0,0.0,1.0,12.8,4.84,33517.704,57839.928,24322.224000000002,55.0,0.0,Liverpool,0.6080000000000001,0.6,Hull City,Hull City,1.424,1.3200000000000003,3.3672208938079806,,0.6109909626509489,2.0573415353661266
joshua_zirkzee,4,1,FWD,Man Utd,15,1,0,0,4,0,0,5,0.23520000000000002,0.0,0.0,2.4,0.0,0.0,0.006,0.006,0.0,0.012,0.0,0.0,0.0,0.0,4.2,0.0,0.0,0.0,0.0,0.0,0.0,0.0,0.6,-5723.496,3712.32,9435.815999999999,54.16,0.0,Man City,0.9600000000000002,0.5279999999999999,Leeds,Leeds,2.8,2.328,0.6826866705583592,,1.0817453082263337,0.7384931028651618
josko_gvardiol,4,11,DEF,Man City,16,0,0,0,5,0,0,4,7.504,0.696,2.344,32.56,0.84,5.464,0.011840000000000002,0.038400000000000004,0.026560000000000004,1.03376,0.16000000000000003,0.06400000000000002,1.8672000000000002,10.208000000000002,88.464,0.0,0.0,0.0,0.0,0.0,1.0,2.9600000000000004,9.576,212849.376,342965.80799999996,130116.43199999999,55.84,0.6,Man Utd,1.3520000000000003,3.0,Ipswich Town,Ipswich Town,2.12,1.992,3.547921105780373,14971.0,1.3387159533208166,4.749658585431818
juan_angulo,4,0,FWD,Sunderland,1,1,0,0,2,0,0,5,0.4,0.0,0.0,0.0,0.0,0.0,0.0,0.0,0.0,0.0,0.0,0.0,0.0,0.0,0.0,0.0,0.0,0.0,0.0,0.0,0.0,0.0,0.0,19350.6,25806.6,6456.0,45.0,0.0,Arsenal,0.4,0.5279999999999999,Bournemouth,Bournemouth,1.84,0.9359999999999999,0.41151770050594205,,0.5,0.20575885025297103
juanlu_sanchez,4,0,DEF,Bournemouth,4,1,0,0,3,0,0,3,0.10880000000000001,0.0,0.0,0.0,0.0,0.0,0.0,0.0,0.0,0.0,0.0,0.0,0.0,0.0,0.0,0.0,0.0,0.0,0.0,0.0,0.0,0.0,0.0,-1351.248,302.952,1654.1999999999998,45.0,0.0,Brentford,1.84,0.9359999999999999,Sunderland,Sunderland,0.4,0.5279999999999999,0.4708518989042436,,0.5,0.2354259494521218
jules_ahoka,4,0,MID,Sunderland,1,1,0,0,2,0,0,5,0.16000000000000003,0.0,0.0,0.0,0.0,0.0,0.0,0.0,0.0,0.0,0.0,0.0,0.0,0.0,0.0,0.0,0.0,0.0,0.0,0.0,0.0,0.0,0.0,3994.48,7719.4800000000005,3724.9999999999995,45.0,0.0,Arsenal,0.4,0.5279999999999999,Bournemouth,Bournemouth,1.84,0.9359999999999999,0.3671239499905712,,0.8791417891862328,0.3227540062478278
julian_araujo_zuniga,4,0,DEF,Bournemouth,4,1,0,0,3,0,0,3,0.0,0.0,0.0,0.0,0.0,0.0,0.0,0.0,0.0,0.0,0.0,0.0,0.0,0.0,0.0,0.0,0.0,0.0,0.0,0.0,0.0,0.0,0.0,-175.128,90.888,266.01599999999996,44.4,0.0,Brentford,1.84,0.9359999999999999,Sunderland,Sunderland,0.4,0.5279999999999999,0.4397043379834278,,0.5,0.2198521689917139
julio_enciso,4,2,MID,Ipswich Town,8,0,0,0,2,0,0,3,3.4160000000000004,0.16000000000000003,0.0,11.976,0.0,7.486400000000001,0.1744,0.31512000000000007,0.14072,1.0358399999999999,2.224,0.0,2.2176000000000005,5.9232000000000005,88.72,0.0,0.0,0.0,0.0,0.0,1.0,8.688,2.24,15075.48,27431.304,12355.824,55.0,0.24,Crystal Palace,2.12,1.992,Man City,Man City,1.3520000000000003,3.0,3.0597028784468225,14972.0,0.568072032915532,1.7381316342767914
julio_soler_barreto,4,0,DEF,Bournemouth,4,1,0,0,3,0,0,3,0.051200000000000016,0.0,0.0,0.0,0.0,0.0,0.0,0.0,0.0,0.0,0.0,0.0,0.0,0.0,0.0,0.0,0.0,0.0,0.0,0.0,0.0,0.0,0.0,1642.584,4060.176,2417.5919999999996,40.0,0.0,Brentford,1.84,0.9359999999999999,Sunderland,Sunderland,0.4,0.5279999999999999,0.31810551582251145,,0.5,0.15905275791125573
jun'ai_byfield,4,0,DEF,Spurs,9,1,0,0,3,0,0,3,0.06400000000000002,0.0,0.0,0.0,0.0,0.0,0.0,0.0,0.0,0.0,0.0,0.0,0.0,0.0,0.0,0.0,0.0,0.0,0.0,0.0,0.0,0.0,0.0,27.695999999999998,575.784,548.088,40.0,0.0,Everton,0.0,0.84,Coventry City,Coventry City,0.0,0.0,0.31971581669575344,,2.0,0.6394316333915069
junior_kroupi,4,0,MID,Bournemouth,4,1,0,0,3,0,0,3,0.0,0.0,0.0,0.0,0.0,0.0,0.0,0.0,0.0,0.0,0.0,0.0,0.0,0.0,0.0,0.0,0.0,0.0,0.0,0.0,0.0,0.0,0.0,-4968.576,221.59199999999998,5190.168,74.16,0.0,Brentford,1.84,0.9359999999999999,Sunderland,Sunderland,0.4,0.5279999999999999,0.9398515925763179,,1.1514852922976395,1.0822252857941435
jurrien_timber,4,1,DEF,Arsenal,20,0,0,0,5,0,0,2,0.06,0.0,0.0,1.7999999999999998,0.0,0.0,0.006,0.006,0.0,0.942,0.0,0.0,0.0,0.0,27.0,0.0,0.0,0.0,0.0,0.0,0.0,0.0,0.6,-1176.768,541.056,1717.824,65.0,0.0,Sunderland,1.968,3.0,Nott'm Forest,Nott'm Forest,1.392,2.1359999999999997,1.4942245116746342,14969.0,2.0,2.9884490233492684
justin_devenny,4,0,MID,Crystal Palace,12,1,0,0,3,0,0,2,0.09600000000000003,0.0,0.0,0.0,0.0,0.0,0.0,0.0,0.0,0.0,0.0,0.0,0.0,0.0,0.0,0.0,0.0,0.0,0.0,0.0,0.0,0.0,0.0,-241.872,21.744,263.616,50.0,0.0,Ipswich Town,2.016,0.72,Brighton,Brighton,3.784,2.2319999999999998,0.46160692650353297,,0.7196973863863351,0.3322172985424217
justin_kluivert,4,8,MID,Bournemouth,4,1,0,0,3,0,0,3,3.2607999999999997,0.0,0.6,22.151999999999997,0.16000000000000003,3.9776,0.019200000000000002,0.2252,0.20600000000000002,0.63368,1.44,0.6,1.2288000000000003,1.7792000000000003,69.416,0.0,0.0,0.0,0.0,0.0,1.0,7.280000000000001,5.52,-9615.503999999999,9365.016,18980.52,60.0,0.24,Brentford,1.84,0.9359999999999999,Sunderland,Sunderland,0.4,0.5279999999999999,2.743920545150438,14969.0,1.1514852922976395,3.1595841509740503
kaden_braithwaite,4,0,DEF,Man City,16,0,0,0,5,0,0,4,0.45999999999999996,0.0,0.0,0.4800000000000001,0.0,0.12800000000000003,0.0,0.0,0.0,0.0,0.0,0.0,0.016000000000000004,0.096,0.16000000000000003,0.0,0.0,0.0,0.0,0.0,0.0,0.0,0.16000000000000003,2838.3599999999997,5000.16,2161.8,40.0,0.0,Man Utd,1.3520000000000003,3.0,Ipswich Town,Ipswich Town,2.12,1.992,0.377709134853327,,1.3387159533208166,0.5056452445431525
kai_andrews,4,0,MID,Coventry City,5,1,0,0,2,0,0,3,0.0,0.0,0.0,0.0,0.0,0.0,0.0,0.0,0.0,0.0,0.0,0.0,0.0,0.0,0.0,0.0,0.0,0.0,0.0,0.0,0.0,0.0,0.0,-9974.2,446.24000000000007,10420.44,45.0,0.0,Brighton,0.0,0.0,Spurs,Spurs,0.0,0.84,0.35084024383649415,,0.5922224071854413,0.20777545374237574
kai_havertz,4,1,FWD,Arsenal,20,0,0,0,5,0,0,2,4.3296,0.0,0.48,11.776000000000002,0.76,10.051200000000001,0.0816,0.36896,0.28736,1.1892800000000001,0.24,0.30400000000000005,4.0464,12.931200000000002,86.88,0.0,0.0,0.0,0.0,0.0,1.0,17.488,3.0960000000000005,68840.568,152873.328,84032.76,75.0,0.6,Sunderland,1.968,3.0,Nott'm Forest,Nott'm Forest,1.392,2.1359999999999997,4.1482486936892515,14972.0,0.6456799449698504,2.6784409882625297
kaine_andrews,1,0,MID,Coventry City,1,0,0,0,2,0,0,4,1.0,0.0,0.0,0.0,0.0,0.0,0.0,0.0,0.0,0.0,0.0,0.0,0.0,0.0,0.0,0.0,0.0,0.0,0.0,0.0,0.0,0.0,0.0,0.0,0.0,0.0,45.0,0.0,Arsenal,0.0,0.0,Spurs,Spurs,0.0,0.84,0.45261340729947475,,0.5922224071854413,0.2680478015952995
kaine_kesler_hayden,4,0,DEF,Coventry City,5,1,0,0,2,0,0,3,0.06400000000000002,0.0,0.0,0.0,0.0,0.0,0.0,0.0,0.0,0.0,0.0,0.0,0.0,0.0,0.0,0.0,0.0,0.0,0.0,0.0,0.0,0.0,0.0,-684.912,115.96799999999999,800.88,40.0,0.0,Brighton,0.0,0.0,Spurs,Spurs,0.0,0.84,0.31971581669575344,,1.2834843802576474,0.41035025685031673
kalvin_phillips,4,0,MID,Man City,16,0,0,0,5,0,0,4,0.0,0.0,0.0,0.0,0.0,0.0,0.0,0.0,0.0,0.0,0.0,0.0,0.0,0.0,0.0,0.0,0.0,0.0,0.0,0.0,0.0,0.0,0.0,-102.12,0.0,102.12,50.0,0.0,Man Utd,1.3520000000000003,3.0,Ipswich Town,Ipswich Town,2.12,1.992,0.4518367028110868,,1.4193214841518227,0.6413015396280978
karl_darlow,4,0,GK,Man Utd,15,1,0,0,4,0,0,5,0.0896,0.0,0.0,0.0,0.0,0.0,0.0,0.0,0.0,0.0,0.0,0.0,0.0,0.0,0.0,0.0,0.0,0.0,0.0,0.0,0.0,0.0,0.0,-84.12,258.432,342.552,45.0,0.0,Man City,0.9600000000000002,0.5279999999999999,Leeds,Leeds,2.8,2.328,0.3713686990512144,,0.5,0.1856843495256072
kasey_mcateer,4,0,MID,Ipswich Town,8,0,0,0,2,0,0,3,0.88,0.0,0.0,1.7440000000000002,0.0,0.20320000000000002,0.0,0.012,0.012,0.019200000000000002,0.0,0.0,0.28320000000000006,0.8640000000000001,4.848000000000001,0.0,0.0,0.0,0.0,0.0,0.0,1.6800000000000002,0.4,-5915.4,7601.28,13516.68,45.0,0.0,Crystal Palace,2.12,1.992,Man City,Man City,1.3520000000000003,3.0,0.5797057577492053,,0.568072032915532,0.32931462829742997
kaye_furo,4,0,FWD,Brentford,3,0,0,0,3,0,0,3,0.06400000000000002,0.0,0.0,0.0,0.0,0.0,0.0,0.0,0.0,0.0,0.0,0.0,0.0,0.0,0.0,0.0,0.0,0.0,0.0,0.0,0.0,0.0,0.0,5930.2080000000005,18773.735999999997,12843.528,45.0,0.0,Bournemouth,1.7280000000000002,1.1280000000000001,Liverpool,Liverpool,0.8,1.48,0.3823192981568104,,0.5,0.1911596490784052
kayne_van_oevelen,4,0,GK,Ipswich Town,8,0,0,0,2,0,0,3,0.12160000000000003,0.0,0.0,0.0,0.0,0.0,0.0,0.0,0.0,0.0,0.0,0.0,0.0,0.0,0.0,0.0,0.0,0.0,0.0,0.0,0.0,0.0,0.0,-404.688,5.184000000000001,409.872,45.0,0.0,Crystal Palace,2.12,1.992,Man City,Man City,1.3520000000000003,3.0,0.37379598839980854,,0.5,0.18689799419990427
keane_lewis_potter,4,1,MID,Brentford,3,0,0,0,3,0,0,3,5.215999999999999,0.096,0.22399999999999998,6.112000000000002,0.06400000000000002,14.875200000000001,0.19416,0.32096,0.1268,1.33704,1.536,0.06400000000000002,3.016,8.6752,71.112,0.0,0.0,0.0,0.0,0.0,1.0,6.688,2.2960000000000003,18655.176,45319.992,26664.816,55.0,0.0,Bournemouth,1.7280000000000002,1.1280000000000001,Liverpool,Liverpool,0.8,1.48,2.979090710203428,14972.0,1.32357378499298,3.9430463671413762
kenny_tete,4,0,DEF,Fulham,14,0,0,0,3,0,0,4,0.10880000000000001,0.0,0.0,-0.6,0.0,0.0,0.0,0.0,0.0,0.39,0.0,0.0,0.0,0.0,16.2,0.0,0.0,0.0,0.0,0.0,0.0,0.0,0.0,-2020.848,277.84799999999996,2298.696,44.4,0.6,Liverpool,0.6080000000000001,0.6,Hull City,Hull City,1.424,1.3200000000000003,0.7099576032417325,,0.8213375320134982,0.583114825680783
kepa_arrizabalaga_revuelta,4,0,GK,Arsenal,20,0,0,0,5,0,0,2,0.16640000000000002,0.0,0.0,0.0,0.0,0.0,0.0,0.0,0.0,0.0,0.0,0.0,0.0,0.0,0.0,0.0,0.0,0.0,0.0,0.0,0.0,0.0,0.0,-595.632,339.672,935.304,49.4,0.0,Sunderland,1.968,3.0,Nott'm Forest,Nott'm Forest,1.392,2.1359999999999997,0.5010934856794036,,2.0,1.0021869713588072
kevin_danso,4,1,DEF,Sunderland,1,1,0,0,2,0,0,5,0.7888,0.0,0.0,5.76,0.0,2.616,0.06720000000000001,0.06720000000000001,0.0,1.4183999999999999,1.44,0.0,0.768,4.992000000000001,75.6,0.0,0.0,0.0,0.0,0.0,0.84,0.0,1.08,-724.152,1352.4,2076.552,50.0,0.0,Arsenal,0.4,0.5279999999999999,Bournemouth,Bournemouth,1.84,0.9359999999999999,2.025542391233089,,0.8299837771311113,1.6811673246148224
kevin_santos_lopes_de_macedo,4,1,MID,Fulham,14,0,0,0,3,0,0,4,0.872,0.0,0.0,2.7199999999999998,0.0,0.2656,0.04648,0.06448,0.018,0.34224,0.0,0.0,0.0544,0.33280000000000004,12.559999999999999,0.0,0.0,0.0,0.0,0.0,0.0,0.0,0.76,-727.488,314.544,1042.032,54.16,0.0,Liverpool,0.6080000000000001,0.6,Hull City,Hull City,1.424,1.3200000000000003,0.949273469714122,,0.6109909626509489,0.5799975110796377
kevin_schade,4,15,MID,Brentford,3,0,0,0,3,0,0,3,6.4648,0.0,2.0879999999999996,36.391999999999996,0.06400000000000002,5.0128,0.10336000000000001,0.28664,0.18328,1.63704,1.536,1.296,2.0176000000000003,6.2592,89.712,0.0,0.0,0.0,0.0,0.0,1.0,8.96,10.632,-13304.855999999996,53462.92800000001,66767.784,60.0,0.0,Bournemouth,1.7280000000000002,1.1280000000000001,Liverpool,Liverpool,0.8,1.48,3.7911253979512187,14973.0,1.32357378499298,5.017834192349312
kieran_dowell,4,0,MID,Hull City,6,0,0,0,2,0,0,4,0.06400000000000002,0.0,0.0,0.0,0.0,0.0,0.0,0.0,0.0,0.0,0.0,0.0,0.0,0.0,0.0,0.0,0.0,0.0,0.0,0.0,0.0,0.0,0.0,-1602.432,3181.416,4783.848,45.0,0.0,Chelsea,1.424,1.3200000000000003,Fulham,Fulham,0.6080000000000001,0.6,0.357353726298125,,1.0059024978061435,0.3594630058836169
kiernan_dewsbury_hall,4,2,MID,Everton,19,0,0,0,3,0,0,3,4.4912,0.0,0.19200000000000006,19.264000000000003,0.664,14.032,0.09704,0.27728,0.18024,0.90984,0.576,0.06400000000000002,3.4928,10.3616,90.0,0.0,0.0,0.0,0.0,0.0,1.0,10.512,2.5760000000000005,27181.536,112024.75200000001,84843.216,65.0,0.6,Spurs,0.704,1.1280000000000001,Chelsea,Chelsea,2.016,1.08,3.4776428422346397,15210.0,1.1080549312337,3.8534193004076727
kim_ji_soo,4,0,DEF,Brentford,3,0,0,0,3,0,0,3,0.10880000000000001,0.0,0.0,0.0,0.0,0.0,0.0,0.0,0.0,0.0,0.0,0.0,0.0,0.0,0.0,0.0,0.0,0.0,0.0,0.0,0.0,0.0,0.0,-115.176,108.192,223.368,45.0,0.0,Bournemouth,1.7280000000000002,1.1280000000000001,Liverpool,Liverpool,0.8,1.48,0.4708518989042436,,1.175631190499806,0.5535481784578903
kjell_scherpen,4,1,GK,Ipswich Town,8,0,0,0,2,0,0,3,1.8736000000000002,0.0,0.0,8.352,0.0,0.0,0.0009600000000000001,0.0009600000000000001,0.0,1.03776,2.224,0.0,1.2032,12.048000000000002,90.0,0.0,0.0,0.0,0.0,3.104,1.0,0.0,1.4,-679.6320000000001,4744.9439999999995,5424.576,45.0,0.0,Crystal Palace,2.12,1.992,Man City,Man City,1.3520000000000003,3.0,2.7978888557590365,,0.5,1.3989444278795182
kobbie_mainoo,4,4,MID,Man Utd,15,1,0,0,4,0,0,5,4.196,0.24,0.48,22.528,0.0,6.7312,0.08536,0.12128,0.03592,0.9870400000000001,0.9359999999999999,0.0,1.7584,9.846400000000001,82.976,0.0,0.0,0.0,0.0,0.0,0.9359999999999999,0.992,5.008,11323.271999999999,23102.04,11778.768,55.0,0.0,Man City,0.9600000000000002,0.5279999999999999,Leeds,Leeds,2.8,2.328,2.9024390785630274,,0.7187245153676758,2.086054120124415
konstantinos_tzolakis,4,2,GK,Hull City,6,0,0,0,2,0,0,4,7.3696,0.0,0.4800000000000001,20.696,0.4,0.0,0.0,0.0,0.0,1.2501600000000002,1.2,0.0,0.7616,7.513600000000001,90.0,0.0,0.0,0.0,0.0,3.848,1.0,0.0,4.24,184921.44,241371.59999999998,56450.159999999996,45.839999999999996,0.0,Chelsea,1.424,1.3200000000000003,Fulham,Fulham,0.6080000000000001,0.6,3.0884161620354593,,2.0,6.176832324070919
kosta_nedeljkovic,4,0,DEF,Aston Villa,18,1,0,0,3,0,0,3,0.0,0.0,0.0,0.0,0.0,0.0,0.0,0.0,0.0,0.0,0.0,0.0,0.0,0.0,0.0,0.0,0.0,0.0,0.0,0.0,0.0,0.0,0.0,-2963.568,0.0,2963.568,40.0,0.0,Nott'm Forest,0.6,0.24,Newcastle,Newcastle,1.4,0.592,0.3116643123295426,,0.5,0.1558321561647713
kostas_tsimikas,4,1,DEF,Liverpool,10,1,0,0,4,0,0,3,0.5608000000000001,0.0,0.0,1.584,0.0,0.12480000000000002,0.00696,0.0108,0.0038400000000000005,0.24672,0.0,0.0,0.13440000000000002,0.3456000000000001,28.824,0.0,0.0,0.0,0.0,0.0,0.6,0.8639999999999999,0.696,-766.128,366.624,1132.752,49.4,0.0,Fulham,0.8,1.48,Brentford,Brentford,1.7280000000000002,1.1280000000000001,1.149897843663657,,0.7595468433242368,0.8734012773000775
kristoffer_ajer,4,1,DEF,Brentford,3,0,0,0,3,0,0,3,3.7688,0.0,0.0,4.448,0.06400000000000002,2.1456,0.0022400000000000002,0.02128,0.01904,1.63704,1.536,0.0,1.2320000000000002,7.740799999999999,90.0,0.0,0.0,0.0,0.0,0.0,1.0,2.4320000000000004,1.8800000000000003,1320.2160000000076,79852.008,78531.792,45.0,0.096,Bournemouth,1.7280000000000002,1.1280000000000001,Liverpool,Liverpool,0.8,1.48,2.5219976820867887,,1.175631190499806,2.9649391374294427
lamare_bogarde,4,0,MID,Aston Villa,18,1,0,0,3,0,0,3,0.336,0.0,0.0,0.19200000000000006,0.0,0.03200000000000001,0.0,0.0,0.0,0.014080000000000002,0.0,0.0,0.019200000000000002,0.14080000000000004,1.0240000000000002,0.0,0.0,0.0,0.0,0.0,0.0,0.0,0.06400000000000002,-372.144,699.4559999999999,1071.6,50.0,0.0,Nott'm Forest,0.6,0.24,Newcastle,Newcastle,1.4,0.592,0.5082854054947354,,0.7819204265435558,0.39743874107030774
leif_davis,4,14,DEF,Ipswich Town,8,0,0,0,2,0,0,3,4.648,1.2,0.6,22.696,0.0,6.7184,0.15496,0.5452,0.39024000000000003,1.03776,2.224,0.696,2.5824,9.660800000000002,90.0,0.0,0.0,0.0,0.0,0.0,1.0,9.36,9.344000000000001,-4778.448,43171.032,47949.479999999996,40.0,0.0,Crystal Palace,2.12,1.992,Man City,Man City,1.3520000000000003,3.0,2.905019206050658,,0.5,1.452509603025329
leny_yoro,4,0,DEF,Man Utd,15,1,0,0,4,0,0,5,0.6568,0.0,0.0,0.048,0.0,0.3168,0.0033600000000000006,0.0033600000000000006,0.0,0.1176,0.336,0.0,0.2544,1.6128,2.976,0.0,0.0,0.0,0.0,0.0,0.0,0.48,0.336,-6796.008,1100.2559999999999,7896.264,49.16,0.0,Man City,0.9600000000000002,0.5279999999999999,Leeds,Leeds,2.8,2.328,0.7421610108565231,,0.5722487534816909,0.42470071334535703
leo_fuhr_hjelde,4,0,DEF,Sunderland,1,1,0,0,2,0,0,5,0.0,0.0,0.0,0.0,0.0,0.0,0.0,0.0,0.0,0.0,0.0,0.0,0.0,0.0,0.0,0.0,0.0,0.0,0.0,0.0,0.0,0.0,0.0,-500.03999999999996,0.0,500.03999999999996,40.0,0.0,Arsenal,0.4,0.5279999999999999,Bournemouth,Bournemouth,1.84,0.9359999999999999,0.3116643123295426,,0.8299837771311113,0.25867632314424416
leo_shahar,4,0,DEF,Newcastle,13,0,0,0,3,0,0,2,0.06400000000000002,0.0,0.0,0.0,0.0,0.0,0.0,0.0,0.0,0.0,0.0,0.0,0.0,0.0,0.0,0.0,0.0,0.0,0.0,0.0,0.0,0.0,0.0,1508.208,5015.567999999999,3507.36,40.0,0.0,Leeds,1.4,0.592,Aston Villa,Aston Villa,0.6,0.24,0.31971581669575344,,1.8630940939647067,0.595660649832961
leon_bailey,4,0,MID,Aston Villa,18,1,0,0,3,0,0,3,0.12800000000000003,0.0,0.0,0.0,0.0,0.0,0.0,0.0,0.0,0.0,0.0,0.0,0.0,0.0,0.0,0.0,0.0,0.0,0.0,0.0,0.0,0.0,0.0,-3611.2799999999997,358.752,3970.032,54.16,0.0,Nott'm Forest,0.6,0.24,Newcastle,Newcastle,1.4,0.592,0.5488927216012092,,0.7819204265435558,0.4291904310010707
leon_goretzka,4,0,MID,Aston Villa,18,1,0,0,3,0,0,3,0.3520000000000001,0.0,0.0,0.0,0.0,0.0,0.0,0.0,0.0,0.0,0.0,0.0,0.0,0.0,0.0,0.0,0.0,0.0,0.0,0.0,0.0,0.0,0.0,-61.879999999999995,1402.2800000000002,1464.16,60.0,0.0,Nott'm Forest,0.6,0.24,Newcastle,Newcastle,1.4,0.592,0.689653774299241,,0.7819204265435558,0.5392543733674356
levi_samuels_colwill,4,1,DEF,Chelsea,11,1,0,0,4,0,0,2,0.5608000000000001,0.0,0.0,5.376,0.0,0.14080000000000004,0.00792,0.00856,0.00064,1.03888,1.52,0.0,0.2304,1.6512000000000002,66.576,0.0,0.0,0.0,0.0,0.0,0.76,0.44800000000000006,0.696,-17301.288,6084.816,23386.104,49.4,0.06400000000000002,Hull City,2.016,1.08,Everton,Everton,0.704,1.1280000000000001,1.7554681053691474,,0.5424745596985056,0.952296787524898
lewie_coyle,4,1,DEF,Hull City,6,0,0,0,2,0,0,4,2.992,0.0,0.0,7.424,0.30400000000000005,1.8559999999999999,0.00904,0.08704,0.078,1.04528,1.2,0.0,0.3008,1.1488,72.456,0.0,0.0,0.0,0.0,0.0,1.0,0.0,2.424,903.0720000000001,6312.2880000000005,5409.215999999999,40.0,0.096,Chelsea,1.424,1.3200000000000003,Fulham,Fulham,0.6080000000000001,0.6,1.927822321279281,,2.0,3.855644642558562
lewis_cook,4,0,MID,Bournemouth,4,1,0,0,3,0,0,3,2.016,0.0,0.0,1.6400000000000001,0.16000000000000003,1.4352,0.0009600000000000001,0.0009600000000000001,0.0,0.40568000000000004,0.24,0.0,0.20800000000000002,0.6591999999999999,19.488,0.0,0.0,0.0,0.0,0.0,0.16000000000000003,0.0,0.7200000000000002,-4.127999999999929,3177.264,3181.392,50.0,0.6,Brentford,1.84,0.9359999999999999,Sunderland,Sunderland,0.4,0.5279999999999999,1.0796680534320333,,1.1514852922976395,1.2432218840906084
lewis_dunk,4,12,DEF,Brighton,7,0,0,0,3,0,0,2,4.440799999999999,0.0,0.24,29.352,0.664,1.0576,0.02392,0.04192,0.018,1.69544,0.6240000000000001,0.6,1.1792000000000002,9.6704,90.0,0.0,0.0,0.0,0.0,0.0,1.0,0.96,8.687999999999999,7989.887999999999,18026.568,10036.68,45.0,0.096,Coventry City,3.784,2.2319999999999998,Crystal Palace,Crystal Palace,2.016,0.72,2.801228515675092,,1.6233233946334027,4.547299783209578
lewis_hall,4,0,DEF,Newcastle,13,0,0,0,3,0,0,2,4.9528,0.24,0.288,15.704,0.096,6.8096000000000005,0.060559999999999996,0.07784,0.01728,1.8702400000000001,3.008,0.0,1.9648000000000003,11.872000000000002,89.76,0.0,0.0,0.0,0.0,0.0,1.0,1.1039999999999999,2.2079999999999997,391257.83999999997,481715.136,90457.29599999999,51.44,0.0,Leeds,1.4,0.592,Aston Villa,Aston Villa,0.6,0.24,2.9404234739701027,14973.0,1.8630940939647067,5.478285608108884
lewis_koumas,4,0,MID,Liverpool,10,1,0,0,4,0,0,3,0.6120000000000001,0.0,0.0,0.976,0.0,0.03200000000000001,0.0,0.0019200000000000003,0.0019200000000000003,0.054720000000000005,0.0,0.0,0.05760000000000001,0.07680000000000001,1.0080000000000002,0.0,0.0,0.0,0.0,0.0,0.0,0.44800000000000006,0.30400000000000005,-155.064,146.61599999999999,301.67999999999995,50.0,0.0,Fulham,0.8,1.48,Brentford,Brentford,1.7280000000000002,1.1280000000000001,0.5549920265638353,,0.8050630177392176,0.4468035557266853
lewis_miley,4,0,MID,Newcastle,13,0,0,0,3,0,0,2,2.2640000000000002,0.0,0.0,10.408,0.096,3.0448000000000004,0.02728,0.03048,0.003200000000000001,1.7328800000000002,2.944,0.0,0.6496000000000001,2.8416000000000006,75.72,0.6,0.0,0.0,0.0,0.0,1.0,0.6720000000000002,0.9600000000000002,-83.56800000000004,1291.176,1374.744,55.0,0.06400000000000002,Leeds,1.4,0.592,Aston Villa,Aston Villa,0.6,0.24,2.3339006592855442,,1.1791258443887787,2.7519625855995944
liam_delap,4,5,FWD,Nott'm Forest,2,0,0,0,3,0,0,3,1.6032,0.0,0.0,17.304,0.24,5.961600000000001,0.0624,0.46152,0.39912000000000003,0.6832800000000001,0.696,0.6,0.8736000000000002,0.96,73.824,0.0,0.0,0.0,0.0,0.0,0.84,1.8719999999999999,3.576,10612.560000000001,21668.28,11055.72,55.0,0.6,Aston Villa,1.392,2.1359999999999997,Arsenal,Arsenal,1.968,3.0,3.1562982813094536,14974.0,0.5,1.5781491406547268
liam_kitching,4,0,DEF,Coventry City,5,1,0,0,2,0,0,3,0.06400000000000002,0.0,0.0,0.0,0.0,0.0,0.0,0.0,0.0,0.0,0.0,0.0,0.0,0.0,0.0,0.0,0.0,0.0,0.0,0.0,0.0,0.0,0.0,-9123.576000000001,160.56,9284.136,40.0,0.0,Brighton,0.0,0.0,Spurs,Spurs,0.0,0.84,0.31971581669575344,,1.2834843802576474,0.41035025685031673
liam_millar,4,0,MID,Hull City,6,0,0,0,2,0,0,4,0.384,0.0,0.0,2.4320000000000004,0.0,0.096,0.0,0.05568,0.05568,0.06208,0.0,0.096,0.4864000000000001,3.3920000000000003,4.192,0.0,0.0,0.0,0.0,0.0,0.0,1.3760000000000001,0.576,-1527.0720000000001,718.8000000000001,2245.8720000000003,50.0,0.06400000000000002,Chelsea,1.424,1.3200000000000003,Fulham,Fulham,0.6080000000000001,0.6,0.6418601260699375,,1.0059024978061435,0.6456487040559162
lisandro_martinez,4,2,DEF,Man Utd,15,1,0,0,4,0,0,5,1.4008,0.0,0.0,10.272,0.0,0.24480000000000005,0.05376,0.07464,0.02088,1.10016,1.272,0.0,0.792,7.4208,84.24,0.0,0.0,0.0,0.0,0.0,0.9359999999999999,0.288,2.016,-7218.96,7088.759999999999,14307.720000000001,50.0,0.0,Man City,0.9600000000000002,0.5279999999999999,Leeds,Leeds,2.8,2.328,2.270832465212853,,0.5722487534816909,1.2994810475838103
loum_tchaouna,4,0,MID,Coventry City,5,1,0,0,2,0,0,3,1.184,0.0,0.0,3.536,0.0,8.112,0.020960000000000003,0.052320000000000005,0.03136,0.34256000000000003,0.19200000000000006,0.0,1.6640000000000001,2.7552,17.232,0.0,0.0,0.0,0.0,0.0,0.16000000000000003,5.712,0.46399999999999997,-1577.904,408.072,1985.9759999999997,54.4,0.0,Brighton,0.0,0.0,Spurs,Spurs,0.0,0.84,1.1893610797425285,,0.5922224071854413,0.7043662816577958
luc_de_fougerolles,4,0,DEF,Fulham,14,0,0,0,3,0,0,4,0.06400000000000002,0.0,0.0,0.0,0.0,0.0,0.0,0.0,0.0,0.0,0.0,0.0,0.0,0.0,0.0,0.0,0.0,0.0,0.0,0.0,0.0,0.0,0.0,-110.92799999999994,1134.9360000000001,1245.864,40.0,0.0,Liverpool,0.6080000000000001,0.6,Hull City,Hull City,1.424,1.3200000000000003,0.31971581669575344,,0.8213375320134982,0.26259459983057015
luca_netz,4,0,DEF,Nott'm Forest,2,0,0,0,3,0,0,3,0.6728000000000001,0.0,0.0,0.3520000000000001,0.0,0.05760000000000001,0.0,0.0,0.0,0.008320000000000001,0.06400000000000002,0.0,0.0256,0.192,1.4080000000000004,0.0,0.0,0.0,0.0,0.0,0.0,0.0,0.16000000000000003,-248.25600000000003,113.47200000000001,361.72799999999995,45.0,0.0,Aston Villa,1.392,2.1359999999999997,Arsenal,Arsenal,1.968,3.0,0.5706232382351781,,0.5,0.28531161911758907
luca_williams_barnett,4,0,MID,Spurs,9,1,0,0,3,0,0,3,0.06400000000000002,0.0,0.0,0.0,0.0,0.0,0.0,0.0,0.0,0.0,0.0,0.0,0.0,0.0,0.0,0.0,0.0,0.0,0.0,0.0,0.0,0.0,0.0,991.0319999999999,2719.536,1728.504,45.0,0.0,Everton,0.0,0.84,Coventry City,Coventry City,0.0,0.0,0.357353726298125,,0.9454694944698857,0.3378670469500182
lucas_bergvall,4,1,MID,Spurs,9,1,0,0,3,0,0,3,0.548,0.0,0.0,4.928,0.0,0.12800000000000003,0.15064,0.18664,0.036,0.3728,0.12800000000000003,0.0,0.0,0.0,19.08,0.0,0.0,0.0,0.0,0.0,0.06400000000000002,0.12800000000000003,0.664,-1871.424,368.04,2239.464,54.16,0.0,Everton,0.0,0.84,Coventry City,Coventry City,0.0,0.0,1.1374884626582162,,0.9454694944698857,1.0754606417547912
lucas_digne,4,0,DEF,Aston Villa,18,1,0,0,3,0,0,3,0.0,0.0,0.0,0.0,0.0,0.0,0.0,0.0,0.0,0.0,0.0,0.0,0.0,0.0,0.0,0.0,0.0,0.0,0.0,0.0,0.0,0.0,0.0,-1534.032,0.0,1534.032,45.0,0.0,Nott'm Forest,0.6,0.24,Newcastle,Newcastle,1.4,0.592,0.45716434148168505,,0.5,0.22858217074084253
lucas_estella_perri,4,0,GK,Leeds,17,1,0,0,2,0,0,3,0.12160000000000003,0.0,0.0,0.0,0.0,0.0,0.0,0.0,0.0,0.0,0.0,0.0,0.0,0.0,0.0,0.0,0.0,0.0,0.0,0.0,0.0,0.0,0.0,-6858.696,80.44800000000001,6939.144,45.0,0.0,Newcastle,2.8,2.328,Man Utd,Man Utd,0.9600000000000002,0.5279999999999999,0.37469360383524863,,1.9098143236074272,0.7155952115686447
lucas_gourna_douath,4,0,MID,Hull City,6,0,0,0,2,0,0,4,0.8640000000000001,0.0,0.0,2.2560000000000002,0.24,5.2704,0.0033600000000000006,0.0033600000000000006,0.0,0.4824,0.0,0.0,0.9744,4.4448,23.760000000000005,0.0,0.0,0.0,0.0,0.0,0.24,0.0,0.576,-115.84799999999998,167.28,283.128,50.0,0.24,Chelsea,1.424,1.3200000000000003,Fulham,Fulham,0.6080000000000001,0.6,1.0793819834362421,,1.0059024978061435,1.0857530332254655
lucas_herrington,4,1,DEF,Hull City,6,0,0,0,2,0,0,4,1.0,0.0,0.0,0.42400000000000004,0.0,0.0432,0.006,0.006,0.0,0.49344,0.6,0.0,0.248,2.384,27.799999999999997,0.0,0.0,0.0,0.0,0.0,0.0,0.0,1.0,-1952.9759999999999,2371.776,4324.752,40.0,0.0,Chelsea,1.424,1.3200000000000003,Fulham,Fulham,0.6080000000000001,0.6,0.9310232680737482,,2.0,1.8620465361474965
luka_lynch,4,0,MID,Aston Villa,18,1,0,0,3,0,0,3,0.06400000000000002,0.0,0.0,0.0,0.0,0.0,0.0,0.0,0.0,0.0,0.0,0.0,0.0,0.0,0.0,0.0,0.0,0.0,0.0,0.0,0.0,0.0,0.0,-1204.7040000000002,1185.888,2390.592,45.0,0.0,Nott'm Forest,0.6,0.24,Newcastle,Newcastle,1.4,0.592,0.357353726298125,,0.7819204265435558,0.279422178093959
luka_vuskovic,4,6,DEF,Brighton,7,0,0,0,3,0,0,2,5.4688,0.0,0.48,23.704,0.664,1.5168000000000001,0.012240000000000001,0.13504,0.12279999999999999,1.56344,0.6240000000000001,0.24,2.8832000000000004,16.4704,82.19999999999999,0.0,0.0,0.0,0.0,0.0,1.0,10.848,6.864,50373.744,86345.976,35972.232,50.0,0.0,Coventry City,3.784,2.2319999999999998,Crystal Palace,Crystal Palace,2.016,0.72,3.082081829892954,50210.0,1.6233233946334027,5.003215538639759
lukas_hornicek,4,1,GK,Newcastle,13,0,0,0,3,0,0,2,3.0224,0.0,0.0,7.920000000000001,0.096,0.0,0.0,0.0,0.0,1.87504,3.008,0.0,1.3904,13.974400000000001,90.0,0.0,0.0,0.0,0.0,3.464,1.0,0.0,1.8160000000000003,27199.343999999997,49363.992,22164.648,50.0,0.06400000000000002,Leeds,1.4,0.592,Aston Villa,Aston Villa,0.6,0.24,2.9773497213671143,14972.0,1.2254641909814323,3.6486354675639436
lukas_nmecha,4,1,FWD,Leeds,17,1,0,0,2,0,0,3,1.6152,0.096,0.0,4.608,0.0,2.3808000000000002,0.0396,0.09000000000000001,0.0504,0.57408,0.6,0.0,0.648,1.7472000000000003,13.296,0.0,0.0,0.0,0.0,0.0,0.0,2.736,1.2240000000000002,-2111.472,5460.312,7571.784,54.4,0.0,Newcastle,2.8,2.328,Man Utd,Man Utd,0.9600000000000002,0.5279999999999999,1.1497777015951343,14970.0,1.4375545782572372,1.6528681989061687
luke_o'nien,4,0,DEF,Sunderland,1,1,0,0,2,0,0,5,0.304,0.0,0.0,0.06400000000000002,0.0,0.0896,0.00064,0.00128,0.00064,0.10816000000000002,0.06400000000000002,0.0,0.10880000000000001,0.7296000000000001,4.224000000000001,0.0,0.0,0.0,0.0,0.0,0.06400000000000002,0.25600000000000006,0.06400000000000002,-26733.311999999998,3323.8320000000003,30057.144,40.0,0.06400000000000002,Arsenal,0.4,0.5279999999999999,Bournemouth,Bournemouth,1.84,0.9359999999999999,0.4293024070419358,,0.8299837771311113,0.35631403332814365
luke_shaw,4,0,DEF,Man Utd,15,1,0,0,4,0,0,5,1.6448,0.24,0.0,7.264,0.0,9.894400000000001,0.07376,0.07856,0.0048000000000000004,0.392,0.46399999999999997,0.0,2.4864,13.5552,34.272,0.0,0.0,0.0,0.0,0.0,0.4,1.4880000000000002,1.2160000000000002,-317644.392,24553.752,342198.144,44.4,0.24,Man City,0.9600000000000002,0.5279999999999999,Leeds,Leeds,2.8,2.328,1.4568780872683469,,0.5722487534816909,0.8336966694141016
luke_woolfenden,4,0,DEF,Coventry City,5,1,0,0,2,0,0,3,0.06400000000000002,0.0,0.0,0.0,0.0,0.0,0.0,0.0,0.0,0.0,0.0,0.0,0.0,0.0,0.0,0.0,0.0,0.0,0.0,0.0,0.0,0.0,0.0,-1596.5520000000001,473.976,2070.5280000000002,40.0,0.0,Brighton,0.0,0.0,Spurs,Spurs,0.0,0.84,0.31971581669575344,,1.2834843802576474,0.41035025685031673
macaulay_zepa,4,0,MID,Fulham,14,0,0,0,3,0,0,4,0.0,0.0,0.0,0.0,0.0,0.0,0.0,0.0,0.0,0.0,0.0,0.0,0.0,0.0,0.0,0.0,0.0,0.0,0.0,0.0,0.0,0.0,0.0,4635.0,11161.0,6526.0,45.0,0.0,Liverpool,0.6080000000000001,0.6,Hull City,Hull City,1.424,1.3200000000000003,0.35084024383649415,,0.6109909626509489,0.2143602183183532
macauley_zepa,3,0,MID,Fulham,8,1,0,0,2,0,0,3,0.4,0.0,0.0,0.0,0.0,0.0,0.0,0.0,0.0,0.0,0.0,0.0,0.0,0.0,0.0,0.0,0.0,0.0,0.0,0.0,0.0,0.0,0.0,10307.4,13206.0,2898.6,45.0,0.0,Crystal Palace,1.52,0.0,Hull City,Hull City,1.424,1.3200000000000003,0.3915495092216865,,0.6109909626509489,0.23923321156486482
malick_fofana,4,1,MID,Sunderland,1,1,0,0,2,0,0,5,1.4,0.0,0.0,2.4000000000000004,0.0,0.2,0.0,0.0,0.0,0.63,0.6,0.0,0.04000000000000001,0.0,14.8,0.0,0.0,0.0,0.0,0.0,0.0,0.0,1.0,1114.4,1544.2,429.8,55.0,0.0,Arsenal,0.4,0.5279999999999999,Bournemouth,Bournemouth,1.84,0.9359999999999999,1.029821598425321,,0.8791417891862328,0.9053592025822628
malick_thiaw,4,2,DEF,Newcastle,13,0,0,0,3,0,0,2,2.7208000000000006,0.0,0.0,-1.1999999999999993,0.096,3.1088000000000005,0.01392,0.01392,0.0,1.87504,3.008,0.0,0.8480000000000001,4.896,90.0,0.24,0.0,0.0,0.0,0.0,1.0,0.48,1.7279999999999998,12317.16,48215.687999999995,35898.528,50.0,0.0,Leeds,1.4,0.592,Aston Villa,Aston Villa,0.6,0.24,2.4926293333987917,14974.0,1.8630940939647067,4.644002989498473
malick_yalcouye,4,8,MID,Brighton,7,0,0,0,3,0,0,2,4.264,0.0,0.096,25.176,0.6,7.958400000000001,0.0436,0.5248,0.4812,1.5352800000000002,0.5279999999999999,0.696,2.376,6.8831999999999995,67.264,0.0,0.0,0.0,0.0,0.0,0.9359999999999999,8.831999999999999,6.112,117356.35200000001,161702.06399999998,44345.712,45.0,0.0,Coventry City,3.784,2.2319999999999998,Crystal Palace,Crystal Palace,2.016,0.72,2.780629166523916,,1.9562523122035174,5.43961223639295
malo_gusto,4,1,DEF,Chelsea,11,1,0,0,4,0,0,2,1.0768,0.0,0.0,5.192,0.0,1.5104000000000004,0.04728,0.08088000000000001,0.033600000000000005,0.744,1.6159999999999999,0.0,0.4016,1.9296,66.84,0.0,0.0,0.0,0.0,0.0,0.76,0.6240000000000001,1.0,-6547.512000000001,8142.839999999999,14690.352,50.0,0.0,Hull City,2.016,1.08,Everton,Everton,0.704,1.1280000000000001,1.8832689883842548,79641.0,0.5424745596985056,1.0216255152675986
mamadou_sangare,4,4,MID,Brentford,3,0,0,0,3,0,0,3,5.732,0.12800000000000003,0.19200000000000006,15.56,0.06400000000000002,4.136,0.19440000000000002,0.25376000000000004,0.05936,1.30424,1.296,0.0,1.2032,4.364800000000001,78.24000000000001,0.0,0.0,0.0,0.0,0.0,1.0,4.32,3.68,38006.35200000003,260206.872,222200.52000000002,56.775999999999996,0.24,Bournemouth,1.7280000000000002,1.1280000000000001,Liverpool,Liverpool,0.8,1.48,3.106305525424508,14974.0,1.32357378499298,4.111424561630724
mamadou_sarr,4,0,DEF,Chelsea,11,1,0,0,4,0,0,2,0.10880000000000001,0.0,0.0,0.0,0.0,0.0,0.0,0.0,0.0,0.0,0.0,0.0,0.0,0.0,0.0,0.0,0.0,0.0,0.0,0.0,0.0,0.0,0.0,-1488.024,44.64,1532.664,45.0,0.0,Hull City,2.016,1.08,Everton,Everton,0.704,1.1280000000000001,0.4708518989042436,,0.5424745596985056,0.2554251765412848
manuel_angel_moran_ibanez,4,0,MID,Fulham,14,0,0,0,3,0,0,4,0.6000000000000001,0.0,0.0,0.0,0.0,0.0,0.0,0.0,0.0,0.0,0.0,0.0,0.0,0.0,0.0,0.0,0.0,0.0,0.0,0.0,0.0,0.0,0.0,89.80000000000001,127.8,38.0,50.0,0.0,Liverpool,0.6080000000000001,0.6,Hull City,Hull City,1.424,1.3200000000000003,0.512900600888875,,0.6109909626509489,0.3133776318813439
manuel_ugarte_ribeiro,4,0,MID,Man Utd,15,1,0,0,4,0,0,5,0.0,0.0,0.0,0.0,0.0,0.0,0.0,0.0,0.0,0.0,0.0,0.0,0.0,0.0,0.0,0.0,0.0,0.0,0.0,0.0,0.0,0.0,0.0,-28.224,24.984,53.208,50.0,0.0,Man City,0.9600000000000002,0.5279999999999999,Leeds,Leeds,2.8,2.328,0.4518367028110868,,0.7187245153676758,0.3247461152532269
marc_guehi,4,6,DEF,Man City,16,0,0,0,5,0,0,4,6.263199999999999,0.0,0.6080000000000001,26.776,0.84,4.9408,0.029120000000000004,0.08608000000000002,0.05696000000000001,1.03376,0.16000000000000003,0.06400000000000002,1.9136000000000004,12.0256,90.0,0.0,0.0,0.0,0.0,0.0,1.0,2.2720000000000002,6.352,-15790.967999999999,101179.8,116970.768,60.0,0.0,Man Utd,1.3520000000000003,3.0,Ipswich Town,Ipswich Town,2.12,1.992,3.462041178191055,14970.0,1.3387159533208166,4.634689756297961
marc_guiu_paz,4,0,FWD,Chelsea,11,1,0,0,4,0,0,2,0.0896,0.0,0.0,0.0,0.0,0.0,0.0,0.0,0.0,0.0,0.0,0.0,0.0,0.0,0.0,0.0,0.0,0.0,0.0,0.0,0.0,0.0,0.0,-8214.048,670.848,8884.896,50.0,0.0,Hull City,2.016,1.08,Everton,Everton,0.704,1.1280000000000001,0.4554476796867062,,2.0,0.9108953593734124
marcelino_nunez,4,0,MID,Ipswich Town,8,0,0,0,2,0,0,3,1.764,0.0,0.0,2.24,0.0,1.6288,0.0038400000000000005,0.005760000000000001,0.0019200000000000003,0.31392000000000003,0.352,0.0,0.4032,1.9456000000000004,10.912,0.0,0.0,0.0,0.0,0.0,0.16000000000000003,0.44799999999999995,0.44799999999999995,-1120.776,606.552,1727.328,50.0,0.0,Crystal Palace,2.12,1.992,Man City,Man City,1.3520000000000003,3.0,0.8859226182046729,,0.568072032915532,0.5032678627293792
marco_bizot,4,0,GK,Aston Villa,18,1,0,0,3,0,0,3,0.36160000000000003,0.0,0.0,0.06400000000000002,0.0,0.0,0.0,0.0,0.0,0.24128000000000005,0.25600000000000006,0.0,0.1792,1.8048000000000002,5.760000000000001,0.0,0.0,0.0,0.0,0.19200000000000006,0.06400000000000002,0.0,0.06400000000000002,-380.616,1250.7599999999998,1631.376,45.0,0.0,Nott'm Forest,0.6,0.24,Newcastle,Newcastle,1.4,0.592,0.5284772569122995,,0.5570291777188329,0.2943772518609626
marco_palestra,4,0,DEF,Chelsea,11,1,0,0,4,0,0,2,0.16000000000000003,0.0,0.0,0.0,0.0,0.0,0.0,0.0,0.0,0.0,0.0,0.0,0.0,0.0,0.0,0.0,0.0,0.0,0.0,0.0,0.0,0.0,0.0,-52395.672,924.6,53320.272,54.16,0.0,Hull City,2.016,1.08,Everton,Everton,0.704,1.1280000000000001,0.7438491558039374,,0.5424745596985056,0.403519243276846
marcos_senesi_baron,4,0,DEF,Spurs,9,1,0,0,3,0,0,3,1.0432000000000001,0.0,0.0,0.6400000000000001,0.0,0.14080000000000004,0.00128,0.00128,0.0,0.24768000000000004,0.19200000000000006,0.0,0.24960000000000004,2.3424000000000005,5.760000000000001,0.0,0.0,0.0,0.0,0.0,0.06400000000000002,0.0,0.19200000000000006,-111865.60800000001,5408.7119999999995,117274.32,59.16,0.0,Everton,0.0,0.84,Coventry City,Coventry City,0.0,0.0,1.1199164780876658,,2.0,2.2398329561753316
marcus_bettinelli,4,0,GK,Man City,16,0,0,0,5,0,0,4,0.12160000000000003,0.0,0.0,0.0,0.0,0.0,0.0,0.0,0.0,0.0,0.0,0.0,0.0,0.0,0.0,0.0,0.0,0.0,0.0,0.0,0.0,0.0,0.0,-125.736,131.04,256.776,45.0,0.0,Man Utd,1.3520000000000003,3.0,Ipswich Town,Ipswich Town,2.12,1.992,0.37278221096684105,,1.1724137931034482,0.43705500596112395
marcus_rashford,4,2,MID,Man Utd,15,1,0,0,4,0,0,5,1.984,0.0,0.0,8.448,0.24,9.4032,0.0736,0.17056,0.09695999999999999,0.9115200000000001,0.696,0.0,2.0224000000000006,3.1904,76.22399999999999,0.0,0.0,0.0,0.0,0.0,0.9359999999999999,7.744,2.176,-6371.304,21779.184,28150.488,70.0,0.0,Man City,0.9600000000000002,0.5279999999999999,Leeds,Leeds,2.8,2.328,2.882107357060515,14972.0,0.7187245153676758,2.0714412134409317
marcus_tavernier,4,8,MID,Bournemouth,4,1,0,0,3,0,0,3,6.668800000000001,0.0,2.112,40.688,0.0,7.945599999999999,0.31927999999999995,0.7159200000000001,0.39664,0.71304,1.904,0.904,4.3824,15.184000000000001,84.72,0.0,0.0,0.0,0.0,0.0,1.0,20.688000000000002,7.936,77574.096,121606.992,44032.896,60.0,0.696,Brentford,1.84,0.9359999999999999,Sunderland,Sunderland,0.4,0.5279999999999999,4.079103303199112,15210.0,1.1514852922976395,4.697027459396496
mark_gillespie,4,0,GK,Newcastle,13,0,0,0,3,0,0,2,0.12160000000000003,0.0,0.0,0.0,0.0,0.0,0.0,0.0,0.0,0.0,0.0,0.0,0.0,0.0,0.0,0.0,0.0,0.0,0.0,0.0,0.0,0.0,0.0,-130.94400000000002,157.512,288.456,45.0,0.0,Leeds,1.4,0.592,Aston Villa,Aston Villa,0.6,0.24,0.37284557205640145,,1.2254641909814323,0.45690889732110734
mark_travers,4,0,GK,Everton,19,0,0,0,3,0,0,3,0.16640000000000002,0.0,0.0,0.0,0.0,0.0,0.0,0.0,0.0,0.0,0.0,0.0,0.0,0.0,0.0,0.0,0.0,0.0,0.0,0.0,0.0,0.0,0.0,-94.488,341.52,436.008,50.0,0.0,Spurs,0.704,1.1280000000000001,Chelsea,Chelsea,2.016,1.08,0.5166400205110944,,0.6312997347480105,0.3261547079088606
martin_dubravka,4,0,GK,Spurs,9,1,0,0,3,0,0,3,0.06400000000000002,0.0,0.0,0.0,0.0,0.0,0.0,0.0,0.0,0.0,0.0,0.0,0.0,0.0,0.0,0.0,0.0,0.0,0.0,0.0,0.0,0.0,0.0,11892.264,121635.936,109743.67199999999,40.0,0.0,Everton,0.0,0.84,Coventry City,Coventry City,0.0,0.0,0.2259259308172148,,2.0,0.4518518616344296
martin_odegaard,4,3,MID,Arsenal,20,0,0,0,5,0,0,2,6.8192,0.0,0.9119999999999999,30.752000000000002,0.76,16.3168,0.37432000000000004,0.56824,0.19392,1.18032,0.24,0.30400000000000005,4.065600000000001,14.691200000000002,80.16,0.0,0.0,0.0,0.0,0.0,1.0,9.664000000000001,5.192,432915.144,548653.5839999999,115738.44,66.536,0.0,Sunderland,1.968,3.0,Nott'm Forest,Nott'm Forest,1.392,2.1359999999999997,3.9687824527589672,14972.0,1.390749422481213,5.519581904128105
martin_zubimendi_ibanez,4,1,MID,Arsenal,20,0,0,0,5,0,0,2,1.064,0.0,0.0,3.912,0.0,0.42560000000000003,0.00608,0.025279999999999997,0.019200000000000002,0.2808,0.0,0.0,0.40800000000000003,1.04,12.808,0.0,0.0,0.0,0.0,0.0,0.0,2.64,1.0,-12671.928,1892.184,14564.112000000001,54.16,0.0,Sunderland,1.968,3.0,Nott'm Forest,Nott'm Forest,1.392,2.1359999999999997,0.987380471513977,,1.390749422481213,1.3731988205272911
mason_burstow,4,0,FWD,Hull City,6,0,0,0,2,0,0,4,0.0,0.0,0.0,0.0,0.0,0.0,0.0,0.0,0.0,0.0,0.0,0.0,0.0,0.0,0.0,0.0,0.0,0.0,0.0,0.0,0.0,0.0,0.0,-601.08,0.0,601.08,45.0,0.0,Chelsea,1.424,1.3200000000000003,Fulham,Fulham,0.6080000000000001,0.6,0.37675769770935674,,1.0045167920597216,0.37845943388680936
mason_miley,4,0,MID,Newcastle,13,0,0,0,3,0,0,2,1.1,0.0,0.0,0.0,0.0,0.0,0.0,0.0,0.0,0.0,0.0,0.0,0.0,0.0,0.0,0.0,0.0,0.0,0.0,0.0,0.0,0.0,0.0,0.0,0.0,0.0,45.0,0.0,Leeds,1.4,0.592,Aston Villa,Aston Villa,0.6,0.24,0.4627907236457729,,1.1791258443887787,0.5456885027941158
mason_mount,4,0,MID,Man Utd,15,1,0,0,4,0,0,5,0.06400000000000002,0.0,0.0,0.0,0.0,0.0,0.0,0.0,0.0,0.0,0.0,0.0,0.0,0.0,0.0,0.0,0.0,0.0,0.0,0.0,0.0,0.0,0.0,-158.16,180.95999999999998,339.12,54.16,0.0,Man City,0.9600000000000002,0.5279999999999999,Leeds,Leeds,2.8,2.328,0.5423792391395785,,0.7187245153676758,0.3898212557960823
mateo_joseph_fernandez_regatillo,4,0,FWD,Leeds,17,1,0,0,2,0,0,3,0.0,0.0,0.0,0.0,0.0,0.0,0.0,0.0,0.0,0.0,0.0,0.0,0.0,0.0,0.0,0.0,0.0,0.0,0.0,0.0,0.0,0.0,0.0,-256.296,723.48,979.776,45.0,0.0,Newcastle,2.8,2.328,Man Utd,Man Utd,0.9600000000000002,0.5279999999999999,0.37675769770935674,,1.4375545782572372,0.541609753235742
mateo_kovacic,4,0,MID,Man City,16,0,0,0,5,0,0,4,0.692,0.0,0.0,1.056,0.0,0.43200000000000005,0.0016,0.0016,0.0,0.006400000000000002,0.0,0.0,0.07360000000000001,0.33280000000000004,3.1680000000000006,0.0,0.0,0.0,0.0,0.0,0.0,0.0,0.16000000000000003,-1001.76,489.86400000000003,1491.624,54.4,0.0,Man Utd,1.3520000000000003,3.0,Ipswich Town,Ipswich Town,2.12,1.992,0.6805202220938826,,1.4193214841518227,0.9658769716176175
mateus_fernandes,4,3,MID,Spurs,9,1,0,0,3,0,0,3,1.4247999999999998,0.0,0.0,11.512,0.6,6.2816,0.03816,0.10512,0.06696,0.6202400000000001,0.25600000000000006,0.0,0.8160000000000001,1.8048000000000002,50.4,0.0,0.0,0.0,0.0,0.0,0.696,0.22399999999999998,2.056,-28489.32,2724.264,31213.584,58.56,0.24,Everton,0.0,0.84,Coventry City,Coventry City,0.0,0.0,1.9482933652928014,,0.9454694944698857,1.8420519431624174
matheus_franca_de_oliveira,4,0,MID,Crystal Palace,12,1,0,0,3,0,0,2,0.09600000000000003,0.0,0.0,0.0,0.0,0.0,0.0,0.0,0.0,0.0,0.0,0.0,0.0,0.0,0.0,0.0,0.0,0.0,0.0,0.0,0.0,0.0,0.0,-546.432,259.752,806.184,49.16,0.0,Ipswich Town,2.016,0.72,Brighton,Brighton,3.784,2.2319999999999998,0.44463952139580143,,0.7196973863863351,0.3200059014326292
matheus_nunes,4,9,DEF,Man City,16,0,0,0,5,0,0,4,1.7896,0.0,0.6,20.656,0.6,0.09600000000000003,0.00856,0.00856,0.0,0.6063999999999999,0.0,0.0,0.05760000000000001,0.24320000000000006,56.112,0.0,0.0,0.0,0.0,0.0,0.6,0.25600000000000006,5.4639999999999995,-15657.552,1846.536,17504.088,59.16,0.0,Man Utd,1.3520000000000003,3.0,Ipswich Town,Ipswich Town,2.12,1.992,2.1448126994488885,14973.0,1.3387159533208166,2.871294977637313
matheus_santos_carneiro_da_cunha,4,2,MID,Man Utd,15,1,0,0,4,0,0,5,4.2352,0.192,0.096,11.072,0.24,5.942400000000001,0.05784,0.17856000000000002,0.12072000000000001,0.9824,0.824,0.0,1.6272000000000002,2.9376,83.2,0.0,0.0,0.0,0.0,0.0,1.0,7.328,2.912,-121652.808,15288.743999999999,136941.552,79.4,0.0,Man City,0.9600000000000002,0.5279999999999999,Leeds,Leeds,2.8,2.328,3.4232103578064317,14973.0,0.7187245153676758,2.4603452054160355
mathias_jensen,4,0,MID,Brentford,3,0,0,0,3,0,0,3,0.4159999999999999,0.06400000000000002,0.0,1.4080000000000004,0.06400000000000002,2.9568000000000003,0.02176,0.026880000000000005,0.00512,0.030080000000000003,0.0,0.0,0.4608000000000001,0.8064,4.224000000000001,0.0,0.0,0.0,0.0,0.0,0.06400000000000002,0.8320000000000001,0.3840000000000001,-3828.9840000000004,532.128,4361.112,54.4,0.0,Bournemouth,1.7280000000000002,1.1280000000000001,Liverpool,Liverpool,0.8,1.48,0.7391114060354848,,1.32357378499298,0.9782684812178699
mathys_tel,4,1,MID,Spurs,9,1,0,0,3,0,0,3,2.0848,0.0,0.0,6.488,0.24,6.8288,0.07271999999999999,0.096,0.023280000000000002,0.7401599999999999,0.2880000000000001,0.0,1.8096,2.6624000000000003,45.912000000000006,0.0,0.0,0.0,0.0,0.0,0.4,8.64,1.6399999999999997,-8795.472000000002,1979.664,10775.135999999999,58.56,0.0,Everton,0.0,0.84,Coventry City,Coventry City,0.0,0.0,2.050662176508811,,0.9454694944698857,1.938838531352301
matias_fernandez_pardo,4,1,FWD,Newcastle,13,0,0,0,3,0,0,2,1.44,0.0,0.0,4.6,0.0,0.32000000000000006,0.006,0.006,0.0,1.162,1.7999999999999998,0.0,0.27999999999999997,0.0,45.0,0.0,0.0,0.0,0.0,0.0,0.6,2.4000000000000004,1.0,4420.0,5823.799999999999,1403.8,60.0,0.0,Leeds,1.4,0.592,Aston Villa,Aston Villa,0.6,0.24,1.9791090186859381,14970.0,1.0316010152520008,2.0416508729708047
mats_wieffer,4,0,DEF,Brighton,7,0,0,0,3,0,0,2,0.4768000000000001,0.0,0.06400000000000002,2.624,0.06400000000000002,2.5664000000000002,0.01088,0.019520000000000006,0.00864,0.29600000000000004,0.384,0.0,0.6400000000000001,3.0208,12.512,0.0,0.0,0.0,0.0,0.0,0.16000000000000003,0.7680000000000002,0.44800000000000006,-10225.704,4296.768,14522.472000000002,50.0,0.0,Coventry City,3.784,2.2319999999999998,Crystal Palace,Crystal Palace,2.016,0.72,0.9298677905889068,,1.6233233946334027,1.5094761383790463
matt_crooks,4,1,MID,Hull City,6,0,0,0,2,0,0,4,0.76,0.0,0.0,1.776,0.06400000000000002,0.15360000000000001,0.0,0.0,0.0,0.4471200000000001,1.2,0.0,0.13440000000000005,1.2160000000000002,46.559999999999995,0.0,0.0,0.0,0.0,0.0,0.664,0.0,0.728,-6575.904,3020.1360000000004,9596.04,45.0,0.664,Chelsea,1.424,1.3200000000000003,Fulham,Fulham,0.6080000000000001,0.6,1.3287015950897438,,1.0059024978061435,1.3365442533397804
matt_grimes,4,2,MID,Coventry City,5,1,0,0,2,0,0,3,1.968,0.0,0.0,9.559999999999999,0.0,2.7952000000000004,0.01648,0.05704000000000001,0.04056,2.2582400000000002,2.928,0.0,0.9920000000000002,6.6848,85.8,0.0,0.0,0.0,0.0,0.0,1.0,0.43200000000000005,2.0,-2022.216,654.48,2676.696,50.0,0.0,Brighton,0.0,0.0,Spurs,Spurs,0.0,0.84,2.4453416928335074,,0.5922224071854413,1.4481861437207817
matt_o'riley,4,1,MID,Brighton,7,0,0,0,3,0,0,2,0.24800000000000003,0.0,0.0,2.4,0.0,0.0,0.006,0.006,0.0,0.024,0.0,0.0,0.0,0.0,3.5999999999999996,0.0,0.0,0.0,0.0,0.0,0.0,0.0,0.6,-593.976,853.176,1447.152,55.0,0.0,Coventry City,3.784,2.2319999999999998,Crystal Palace,Crystal Palace,2.016,0.72,0.6743642523791595,,1.9562523122035174,1.3192266279841272
matt_targett,4,0,DEF,Hull City,6,0,0,0,2,0,0,4,0.304,0.0,0.0,0.19200000000000006,0.0,0.0,0.0,0.0,0.0,0.0044800000000000005,0.0,0.0,0.0,0.025600000000000008,0.32000000000000006,0.0,0.0,0.0,0.0,0.0,0.0,0.0,0.06400000000000002,-12415.367999999999,6161.088,18576.456,40.0,0.0,Chelsea,1.424,1.3200000000000003,Fulham,Fulham,0.6080000000000001,0.6,0.35685020979599424,,2.0,0.7137004195919885
matteo_ruggeri,4,0,DEF,Aston Villa,18,1,0,0,3,0,0,3,0.6248,0.0,0.0,0.9119999999999999,0.0,0.6240000000000001,0.0024000000000000002,0.0024000000000000002,0.0,0.09296,0.0,0.0,0.1456,0.8800000000000001,4.112000000000001,0.0,0.0,0.0,0.0,0.0,0.0,0.0,0.30400000000000005,-856.728,422.01599999999996,1278.7440000000001,45.0,0.0,Nott'm Forest,0.6,0.24,Newcastle,Newcastle,1.4,0.592,0.6216615392728783,,0.5,0.31083076963643913
matthijs_de_ligt,4,0,DEF,Man Utd,15,1,0,0,4,0,0,5,0.0,0.0,0.0,0.0,0.0,0.0,0.0,0.0,0.0,0.0,0.0,0.0,0.0,0.0,0.0,0.0,0.0,0.0,0.0,0.0,0.0,0.0,0.0,-230.856,86.472,317.32800000000003,50.0,0.0,Man City,0.9600000000000002,0.5279999999999999,Leeds,Leeds,2.8,2.328,0.6026643706338275,,0.5722487534816909,0.3448739348630355
matty_cash,4,0,DEF,Aston Villa,18,1,0,0,3,0,0,3,1.5488,0.0,0.0,5.776,0.24,4.1552,0.008159999999999999,0.022560000000000004,0.0144,0.39392000000000005,0.3520000000000001,0.0,1.0,3.6480000000000006,33.312000000000005,0.0,0.0,0.0,0.0,0.0,0.4,2.1119999999999997,1.5679999999999998,-64709.664,23849.208,88558.872,45.0,0.06400000000000002,Nott'm Forest,0.6,0.24,Newcastle,Newcastle,1.4,0.592,1.3090111694234499,,0.5,0.6545055847117249
matty_jacob,4,0,DEF,Hull City,6,0,0,0,2,0,0,4,0.0,0.0,0.0,0.0,0.0,0.0,0.0,0.0,0.0,0.0,0.0,0.0,0.0,0.0,0.0,0.0,0.0,0.0,0.0,0.0,0.0,0.0,0.0,-128.136,19.151999999999997,147.288,40.0,0.0,Chelsea,1.424,1.3200000000000003,Fulham,Fulham,0.6080000000000001,0.6,0.3116643123295426,,2.0,0.6233286246590852
matz_sels,4,3,GK,Nott'm Forest,2,0,0,0,3,0,0,3,2.8304,0.0,0.0,17.72,0.24,0.0,0.0009600000000000001,0.0009600000000000001,0.0,0.94448,0.8560000000000001,0.0,0.30080000000000007,3.0784000000000002,90.0,0.0,0.0,0.0,0.0,3.3200000000000003,1.0,0.0,3.4639999999999995,-1835.976,11406.359999999999,13242.336,50.0,0.0,Aston Villa,1.392,2.1359999999999997,Arsenal,Arsenal,1.968,3.0,3.059703138185969,50210.0,0.5092838196286472,1.558257301145109
max_alleyne,4,0,DEF,Man City,16,0,0,0,5,0,0,4,0.0,0.0,0.0,0.0,0.0,0.0,0.0,0.0,0.0,0.0,0.0,0.0,0.0,0.0,0.0,0.0,0.0,0.0,0.0,0.0,0.0,0.0,0.0,-104.352,0.0,104.352,50.0,0.0,Man Utd,1.3520000000000003,3.0,Ipswich Town,Ipswich Town,2.12,1.992,0.6026643706338275,,1.3387159533208166,0.8067964074655544
max_dowman,4,0,MID,Arsenal,20,0,0,0,5,0,0,2,0.12800000000000003,0.0,0.0,0.0,0.0,0.0,0.0,0.0,0.0,0.0,0.0,0.0,0.0,0.0,0.0,0.0,0.0,0.0,0.0,0.0,0.0,0.0,0.0,-939.432,568.7280000000001,1508.1599999999999,53.464,0.0,Sunderland,1.968,3.0,Nott'm Forest,Nott'm Forest,1.392,2.1359999999999997,0.5348340145119459,,1.390749422481213,0.7438200968057974
maxence_lacroix,4,1,DEF,Chelsea,11,1,0,0,4,0,0,2,2.7352,0.06400000000000002,0.0,4.432,0.0,1.0384,0.015200000000000003,0.017120000000000003,0.0019200000000000003,1.0064799999999998,0.8959999999999999,0.0,1.2432,10.3168,38.4,0.0,0.0,0.0,0.0,0.0,0.4,1.184,1.56,-37836.59999999999,50442.672,88279.272,60.0,0.24,Hull City,2.016,1.08,Everton,Everton,0.704,1.1280000000000001,2.0112785579382355,14974.0,0.5424745596985056,1.0910674501485895
maxim_de_cuyper,4,11,DEF,Brighton,7,0,0,0,3,0,0,2,7.4048,0.904,1.328,31.432,0.664,10.4784,0.07583999999999999,0.19080000000000003,0.11496,1.6738400000000002,0.6240000000000001,0.06400000000000002,2.2464,8.147200000000002,85.808,0.0,0.0,0.0,0.0,0.0,1.0,3.7119999999999997,8.648,534300.48,641326.848,107026.368,47.376,0.24,Coventry City,3.784,2.2319999999999998,Crystal Palace,Crystal Palace,2.016,0.72,3.2734150960636397,14971.0,1.6233233946334027,5.3138113057862535
melker_ellborg,4,0,GK,Sunderland,1,1,0,0,2,0,0,5,0.12160000000000003,0.0,0.0,0.0,0.0,0.0,0.0,0.0,0.0,0.0,0.0,0.0,0.0,0.0,0.0,0.0,0.0,0.0,0.0,0.0,0.0,0.0,0.0,-487.55999999999995,258.264,745.8240000000001,45.0,0.0,Arsenal,0.4,0.5279999999999999,Bournemouth,Bournemouth,1.84,0.9359999999999999,0.3715255493572249,14974.0,0.6419098143236074,0.23848589640437248
melvin_bard,4,1,DEF,Leeds,17,1,0,0,2,0,0,3,1.02,0.0,0.0,0.6,0.0,0.0,0.0,0.0,0.0,0.18,0.6,0.0,0.0,0.0,10.799999999999999,0.0,0.0,0.0,0.0,0.0,0.0,0.0,0.6,189.79999999999998,264.0,74.2,45.0,0.0,Newcastle,2.8,2.328,Man Utd,Man Utd,0.9600000000000002,0.5279999999999999,0.7731432537036431,,2.0,1.5462865074072862
merlin_rohl,4,0,MID,Everton,19,0,0,0,3,0,0,3,1.716,0.0,0.0,4.416,0.06400000000000002,5.0848,0.036,0.036,0.0,0.42880000000000007,0.336,0.0,0.7952,2.7456000000000005,31.680000000000003,0.0,0.0,0.0,0.0,0.0,0.4,0.12800000000000003,0.6240000000000001,-433.60799999999995,532.1279999999999,965.736,50.0,0.24,Spurs,0.704,1.1280000000000001,Chelsea,Chelsea,2.016,1.08,1.3249004664169073,,1.1080549312337,1.4680624952070833
michael_kayode,4,1,DEF,Brentford,3,0,0,0,3,0,0,3,4.6208,0.0,0.06400000000000002,6.648000000000001,0.06400000000000002,1.704,0.11016,0.15128,0.04112000000000001,0.50024,0.096,0.06400000000000002,1.1232,5.3696,35.352,0.0,0.0,0.0,0.0,0.0,0.4,4.192,1.8640000000000003,21838.248000000007,109487.80799999999,87649.56,45.93599999999999,0.0,Bournemouth,1.7280000000000002,1.1280000000000001,Liverpool,Liverpool,0.8,1.48,1.8472766916018406,79641.0,1.175631190499806,2.1717160961304147
michael_keane,4,0,DEF,Everton,19,0,0,0,3,0,0,3,0.14080000000000004,0.0,0.0,0.0,0.0,0.0,0.0,0.0,0.0,0.0,0.0,0.0,0.0,0.0,0.0,0.0,0.0,0.0,0.0,0.0,0.0,0.0,0.0,-18706.199999999997,1624.3200000000002,20330.52,49.16,0.0,Spurs,0.704,1.1280000000000001,Chelsea,Chelsea,2.016,1.08,0.5959336753419315,,0.8639872652827262,0.5148791064485594
michael_svoboda,4,0,DEF,Brighton,7,0,0,0,3,0,0,2,0.14080000000000004,0.0,0.0,0.0,0.0,0.0,0.0,0.0,0.0,0.0,0.0,0.0,0.0,0.0,0.0,0.0,0.0,0.0,0.0,0.0,0.0,0.0,0.0,-19.296,819.6479999999999,838.944,50.0,0.0,Coventry City,3.784,2.2319999999999998,Crystal Palace,Crystal Palace,2.016,0.72,0.6203776802394916,,1.6233233946334027,1.007073601841167
michael_zetterer,4,0,GK,Leeds,17,1,0,0,2,0,0,3,0.4,0.0,0.0,0.0,0.0,0.0,0.0,0.0,0.0,0.0,0.0,0.0,0.0,0.0,0.0,0.0,0.0,0.0,0.0,0.0,0.0,0.0,0.0,15654.0,19235.6,3581.6,40.0,0.0,Newcastle,2.8,2.328,Man Utd,Man Utd,0.9600000000000002,0.5279999999999999,0.2390306560591784,,1.9098143236074272,0.45650417072309935
michele_di_gregorio,4,0,GK,Bournemouth,4,1,0,0,3,0,0,3,0.32000000000000006,0.0,0.0,0.0,0.0,0.0,0.0,0.0,0.0,0.0,0.0,0.0,0.0,0.0,0.0,0.0,0.0,0.0,0.0,0.0,0.0,0.0,0.0,399.4,828.52,429.12,45.0,0.0,Brentford,1.84,0.9359999999999999,Sunderland,Sunderland,0.4,0.5279999999999999,0.3789819727528456,,0.7798408488063661,0.2955456233138902
micky_van_de_ven,4,6,DEF,Spurs,9,1,0,0,3,0,0,3,3.0,0.0,0.72,23.88,0.84,0.48960000000000004,0.01392,0.15072000000000002,0.1368,0.9559200000000001,0.192,0.0,1.0512000000000001,6.5952,84.24,0.0,0.0,0.0,0.0,0.0,0.9359999999999999,3.3600000000000003,5.76,-19845.744000000002,25101.384,44947.128000000004,50.0,0.096,Everton,0.0,0.84,Coventry City,Coventry City,0.0,0.0,2.5861530572935068,,2.0,5.1723061145870135
miguel_brau,4,0,DEF,Coventry City,5,1,0,0,2,0,0,3,0.06400000000000002,0.0,0.0,0.0,0.0,0.0,0.0,0.0,0.0,0.0,0.0,0.0,0.0,0.0,0.0,0.0,0.0,0.0,0.0,0.0,0.0,0.0,0.0,-523.512,29.136000000000003,552.648,40.0,0.0,Brighton,0.0,0.0,Spurs,Spurs,0.0,0.84,0.31971581669575344,,1.2834843802576474,0.41035025685031673
mike_penders,4,0,GK,Chelsea,11,1,0,0,4,0,0,2,0.12160000000000003,0.0,0.0,0.0,0.0,0.0,0.0,0.0,0.0,0.0,0.0,0.0,0.0,0.0,0.0,0.0,0.0,0.0,0.0,0.0,0.0,0.0,0.0,-509.28000000000003,317.64,826.92,44.4,0.0,Hull City,2.016,1.08,Everton,Everton,0.704,1.1280000000000001,0.35644366251564397,,0.6684350132625995,0.23825942428101402
mikel_merino_zazon,4,1,MID,Arsenal,20,0,0,0,5,0,0,2,0.8848,0.0,0.0,2.792,0.0,0.4368000000000001,0.00128,0.01024,0.008960000000000001,0.036,0.0,0.0,0.18400000000000002,0.4992000000000001,8.84,0.0,0.0,0.0,0.0,0.0,0.0,0.8960000000000001,0.76,-8590.68,2112.5519999999997,10703.232,58.56,0.24,Sunderland,1.968,3.0,Nott'm Forest,Nott'm Forest,1.392,2.1359999999999997,0.9302361181467385,,1.390749422481213,1.293725344083742
mikey_moore,4,0,MID,Spurs,9,1,0,0,3,0,0,3,0.24000000000000005,0.0,0.0,0.736,0.0,0.41600000000000015,0.00128,0.027520000000000006,0.02624000000000001,0.21632000000000004,0.2880000000000001,0.0,0.4800000000000001,0.9087999999999999,6.4,0.0,0.0,0.0,0.0,0.0,0.06400000000000002,3.6160000000000005,0.22399999999999998,-4660.272,433.58400000000006,5093.856,50.0,0.0,Everton,0.0,0.84,Coventry City,Coventry City,0.0,0.0,0.682205185975213,,0.9454694944698857,0.645004192308719
mikkel_damsgaard,4,1,MID,Brentford,3,0,0,0,3,0,0,3,3.2,0.24,0.72,11.304000000000002,0.096,11.633600000000001,0.06992000000000001,0.1328,0.06287999999999999,0.71008,0.24,0.0,2.008,4.4799999999999995,45.824,0.0,0.0,0.0,0.0,0.0,0.336,3.84,2.872,-913.6560000000002,4606.848,5520.504,55.0,0.0,Bournemouth,1.7280000000000002,1.1280000000000001,Liverpool,Liverpool,0.8,1.48,2.100480103624418,50210.0,1.32357378499298,2.780140401056618
milan_van_ewijk,4,0,DEF,Coventry City,5,1,0,0,2,0,0,3,1.5879999999999999,0.0,0.0,-0.8719999999999999,0.0,4.630400000000001,0.05728,0.05728,0.0,2.38424,3.528,0.0,1.2000000000000002,6.1888000000000005,90.0,0.0,0.0,0.0,0.0,0.0,1.0,1.184,0.976,-84535.872,32867.976,117403.848,40.0,0.24,Brighton,0.0,0.0,Spurs,Spurs,0.0,0.84,2.090506935571562,,1.2834843802576474,2.68313299862638
milos_kerkez,4,1,DEF,Liverpool,10,1,0,0,4,0,0,3,1.7680000000000002,0.0,0.0,10.175999999999998,0.24,4.824000000000001,0.01544,0.01672,0.00128,0.6752,0.32000000000000006,0.0,1.2368000000000003,6.768,61.080000000000005,0.0,0.0,0.0,0.0,0.0,0.4,0.7680000000000002,1.8960000000000004,-27326.112,12264.48,39590.592000000004,54.4,0.30400000000000005,Fulham,0.8,1.48,Brentford,Brentford,1.7280000000000002,1.1280000000000001,2.0779288837900314,15210.0,0.7595468433242368,1.5782843243349733
mitoma_kaoru,4,0,MID,Brighton,7,0,0,0,3,0,0,2,0.0,0.0,0.0,0.0,0.0,0.0,0.0,0.0,0.0,0.0,0.0,0.0,0.0,0.0,0.0,0.0,0.0,0.0,0.0,0.0,0.0,0.0,0.0,-530.328,90.864,621.192,59.4,0.0,Coventry City,3.784,2.2319999999999998,Crystal Palace,Crystal Palace,2.016,0.72,0.6417100456833207,,1.9562523122035174,1.2553467606322208
mohamed_ali_cho,4,1,MID,Hull City,6,0,0,0,2,0,0,4,1.08,0.0,0.0,3.48,0.0,0.048,0.096,0.39,0.294,0.4128,0.6,0.0,0.496,0.784,21.04,0.0,0.0,0.0,0.0,0.0,0.0,4.08,1.0,207.56,368.44,160.88,50.0,0.0,Chelsea,1.424,1.3200000000000003,Fulham,Fulham,0.6080000000000001,0.6,1.2635427578591065,,1.0059024978061435,1.2710008162153383
mohamed_belloumi,4,13,MID,Hull City,6,0,0,0,2,0,0,4,5.736,0.096,1.2,32.120000000000005,0.4,4.2784,0.04224,0.16616000000000003,0.12392,0.8428800000000001,0.6,1.2,1.6496,8.3776,68.47200000000001,0.0,0.0,0.0,0.0,0.0,1.0,3.904,9.768,13760.784,23647.92,9887.136,50.0,0.0,Chelsea,1.424,1.3200000000000003,Fulham,Fulham,0.6080000000000001,0.6,2.9295474292972514,,1.0059024978061435,2.946839076571672
mohammed_kudus,4,1,MID,Spurs,9,1,0,0,3,0,0,3,0.7248,0.0,0.0,8.304,0.0,3.9407999999999994,0.06936,0.0732,0.0038400000000000005,0.39024000000000003,0.096,0.0,0.6816000000000001,1.3632,25.272,0.0,0.0,0.0,0.0,0.0,0.0,1.536,0.9359999999999999,728.088,3048.384,2320.296,65.0,0.0,Everton,0.0,0.84,Coventry City,Coventry City,0.0,0.0,1.4616989181532534,,0.9454694944698857,1.3819917372135353
moises_caicedo_corozo,4,0,MID,Chelsea,11,1,0,0,4,0,0,2,0.21440000000000003,0.0,0.0,0.288,0.0,0.009600000000000001,0.0,0.0,0.0,0.006720000000000001,0.0,0.0,0.0,0.0,1.2480000000000002,0.0,0.0,0.0,0.0,0.0,0.0,0.0,0.096,-59183.832,2490.816,61674.648,54.16,0.0,Hull City,2.016,1.08,Everton,Everton,0.704,1.1280000000000001,0.5845488693190752,61014.0,1.157584013742825,0.6766644263752052
morgan_gibbs_white,4,8,MID,Nott'm Forest,2,0,0,0,3,0,0,3,6.2392,0.696,2.0879999999999996,30.016,0.24,2.5152,0.55608,0.85144,0.29536,0.94448,0.8560000000000001,0.096,1.5072,6.758400000000001,90.0,0.0,0.0,0.0,0.0,0.0,1.0,5.776000000000001,6.896,14388.792,157551.12,143162.32799999998,79.16,0.0,Aston Villa,1.392,2.1359999999999997,Arsenal,Arsenal,1.968,3.0,4.400598183384811,14971.0,0.5,2.2002990916924055
morgan_rogers,4,8,MID,Chelsea,11,1,0,0,4,0,0,2,6.3824000000000005,0.096,0.664,28.936,0.0,11.152000000000001,0.12256000000000002,0.34264000000000006,0.22008,1.53472,2.096,0.904,3.2,12.944,88.464,0.0,0.0,0.0,0.0,0.0,1.0,7.904,7.232,614748.4319999999,776054.4959999999,161306.064,75.6,0.24,Hull City,2.016,1.08,Everton,Everton,0.704,1.1280000000000001,3.999004564011326,14970.0,1.157584013742825,4.6291837541841065
murillo_costa_dos_santos,4,6,DEF,Nott'm Forest,2,0,0,0,3,0,0,3,4.311999999999999,0.6,0.0,17.951999999999998,0.24,1.9744000000000002,0.023920000000000004,0.08200000000000002,0.05808,0.94448,0.8560000000000001,0.0,1.2591999999999999,7.408,89.76,0.0,0.0,0.0,0.0,0.0,1.0,3.168,5.872,690.0479999999993,12578.279999999999,11888.232,55.0,0.6,Aston Villa,1.392,2.1359999999999997,Arsenal,Arsenal,1.968,3.0,3.005345698092627,15210.0,0.5,1.5026728490463135
mykhailo_mudryk,4,0,MID,Spurs,9,1,0,0,3,0,0,3,0.2,0.0,0.0,0.72,0.0,0.024,0.0,0.0,0.0,0.038400000000000004,0.0,0.0,0.024,0.0,3.84,0.0,0.0,0.0,0.0,0.0,0.0,0.48,0.24,-19.151999999999987,1842.624,1861.776,54.16,0.0,Everton,0.0,0.84,Coventry City,Coventry City,0.0,0.0,0.6444371431490021,,0.9454694944698857,0.6092956599507044
myles_lewis_skelly,4,1,MID,Arsenal,20,0,0,0,5,0,0,2,2.3840000000000003,0.0,0.0,4.8,0.16000000000000003,4.8208,0.03296,0.05072,0.01776,0.24488000000000001,0.24,0.0,0.6848,1.7216000000000002,55.32000000000001,0.0,0.0,0.0,0.0,0.0,1.0,1.8880000000000003,1.56,-3579.408,7199.088,10778.496,55.0,0.0,Sunderland,1.968,3.0,Nott'm Forest,Nott'm Forest,1.392,2.1359999999999997,1.986621199278352,,1.390749422481213,2.762892285585303
nathan_collins,4,0,DEF,Brentford,3,0,0,0,3,0,0,3,1.3840000000000001,0.0,0.0,3.6480000000000006,0.06400000000000002,1.4624000000000004,0.0035200000000000006,0.041600000000000005,0.03808,0.20064000000000004,0.096,0.0,0.9488,3.6704000000000003,18.240000000000002,0.0,0.0,0.0,0.0,0.0,0.4,4.352,0.9120000000000001,-41763.024,10881.144000000002,52644.168,55.0,0.096,Bournemouth,1.7280000000000002,1.1280000000000001,Liverpool,Liverpool,0.8,1.48,1.3334063968084022,,1.175631190499806,1.5675941496999186
nathan_patterson,4,0,DEF,Everton,19,0,0,0,3,0,0,3,0.10880000000000001,0.0,0.0,0.0,0.0,0.0,0.0,0.0,0.0,0.0,0.0,0.0,0.0,0.0,0.0,0.0,0.0,0.0,0.0,0.0,0.0,0.0,0.0,-633.552,59.232,692.784,45.0,0.0,Spurs,0.704,1.1280000000000001,Chelsea,Chelsea,2.016,1.08,0.4708518989042436,,0.8639872652827262,0.4068100444874561
neco_williams,4,2,DEF,Nott'm Forest,2,0,0,0,3,0,0,3,4.2448,0.096,0.24,14.488,0.24,5.416,0.12848,0.26,0.13152,0.94448,0.8560000000000001,0.0,1.4304,7.0112,90.0,0.0,0.0,0.0,0.0,0.0,1.0,1.9200000000000004,3.5839999999999996,-10534.464000000004,69334.32,79868.784,50.0,0.0,Aston Villa,1.392,2.1359999999999997,Arsenal,Arsenal,1.968,3.0,2.8474868486269935,14971.0,0.5,1.4237434243134968
nehemiah_oriola,4,0,MID,Brighton,7,0,0,0,3,0,0,2,0.06400000000000002,0.0,0.0,0.0,0.0,0.0,0.0,0.0,0.0,0.0,0.0,0.0,0.0,0.0,0.0,0.0,0.0,0.0,0.0,0.0,0.0,0.0,0.0,-793.992,2347.2479999999996,3141.24,45.0,0.0,Coventry City,3.784,2.2319999999999998,Crystal Palace,Crystal Palace,2.016,0.72,0.357353726298125,,1.9562523122035174,0.69907405334525
nick_pope,4,0,GK,Newcastle,13,0,0,0,3,0,0,2,0.16640000000000002,0.0,0.0,0.0,0.0,0.0,0.0,0.0,0.0,0.0,0.0,0.0,0.0,0.0,0.0,0.0,0.0,0.0,0.0,0.0,0.0,0.0,0.0,-9725.687999999998,3250.656,12976.344000000001,49.4,0.0,Leeds,1.4,0.592,Aston Villa,Aston Villa,0.6,0.24,0.5003437127862713,,1.2254641909814323,0.6131533032022741
nick_woltemade,4,0,FWD,Newcastle,13,0,0,0,3,0,0,2,0.32000000000000006,0.096,0.0,1.7279999999999998,0.0,1.008,0.0009600000000000001,0.00288,0.0019200000000000003,0.036480000000000005,0.0,0.0,0.384,1.7472000000000003,1.8240000000000003,0.0,0.0,0.0,0.0,0.0,0.0,1.056,0.384,-37736.496,2449.0080000000003,40185.504,59.16,0.0,Leeds,1.4,0.592,Aston Villa,Aston Villa,0.6,0.24,0.700730717555152,,1.0316010152520008,0.7228745196481579
nico_elvedi,4,2,DEF,Leeds,17,1,0,0,2,0,0,3,1.6448,0.0,0.0,8.544,0.0,5.1696,0.1368,0.1668,0.03,1.18032,0.9359999999999999,0.0,1.5408,8.16,80.976,0.0,0.0,0.0,0.0,0.0,0.84,2.0159999999999996,2.256,954.24,1873.3439999999998,919.104,45.0,0.0,Newcastle,2.8,2.328,Man Utd,Man Utd,0.9600000000000002,0.5279999999999999,2.210725813581611,,2.0,4.421451627163222
nico_gonzalez_iglesias,4,1,MID,Newcastle,13,0,0,0,3,0,0,2,1.2559999999999998,0.0,0.0,5.304,0.096,5.808,0.0216,0.0216,0.0,0.5522400000000001,0.48,0.0,0.8592000000000001,2.1792000000000002,35.760000000000005,0.0,0.0,0.0,0.0,0.0,0.9359999999999999,0.48,1.272,1910.0400000000002,4962.192,3052.152,55.0,0.096,Leeds,1.4,0.592,Aston Villa,Aston Villa,0.6,0.24,1.4825383057368056,,1.1791258443887787,1.74809923159062
nico_o'reilly,4,1,DEF,Man City,16,0,0,0,5,0,0,4,1.4224,0.0,0.0,3.176,0.0,2.6944000000000004,0.028160000000000004,0.03456,0.006400000000000002,0.39856,0.16000000000000003,0.0,0.4736,0.9088000000000002,17.216,0.0,0.0,0.0,0.0,0.0,0.16000000000000003,1.1840000000000002,0.92,-373363.89599999995,35040.984,408404.88,64.4,0.0,Man Utd,1.3520000000000003,3.0,Ipswich Town,Ipswich Town,2.12,1.992,1.5509148836894213,14972.0,1.3387159533208166,2.076234497037727
nicolas_dominguez,4,0,MID,Nott'm Forest,2,0,0,0,3,0,0,3,0.336,0.0,0.0,0.288,0.0,0.0,0.0,0.0,0.0,0.0,0.0,0.0,0.0,0.019200000000000002,0.096,0.0,0.0,0.0,0.0,0.0,0.0,0.0,0.096,-611.9279999999999,293.664,905.5920000000001,49.4,0.0,Aston Villa,1.392,2.1359999999999997,Arsenal,Arsenal,1.968,3.0,0.47954155231272444,,0.5,0.23977077615636222
nicolas_jackson,4,0,FWD,Aston Villa,18,1,0,0,3,0,0,3,1.1423999999999999,0.0,0.0,3.4560000000000004,0.24,4.7664,0.13920000000000002,0.19680000000000003,0.0576,0.38376,0.096,0.0,1.0512,0.6912,53.88,0.0,0.0,0.0,0.0,0.0,0.9359999999999999,4.992000000000001,0.672,26118.072,42175.224,13686.720000000001,65.0,0.6,Nott'm Forest,0.6,0.24,Newcastle,Newcastle,1.4,0.592,2.484201554415015,14969.0,0.5,1.2421007772075074
nicolo_savona,4,0,DEF,Nott'm Forest,2,0,0,0,3,0,0,3,0.0,0.0,0.0,0.0,0.0,0.0,0.0,0.0,0.0,0.0,0.0,0.0,0.0,0.0,0.0,0.0,0.0,0.0,0.0,0.0,0.0,0.0,0.0,-7.4399999999999995,52.608000000000004,60.047999999999995,45.0,0.0,Aston Villa,1.392,2.1359999999999997,Arsenal,Arsenal,1.968,3.0,0.45716434148168505,,0.5,0.22858217074084253
nikola_milenkovic,4,0,DEF,Nott'm Forest,2,0,0,0,3,0,0,3,3.16,0.0,0.0,7.024,0.24,0.2304,0.00368,0.010720000000000002,0.007040000000000001,0.45248,0.25600000000000006,0.0,1.048,8.9824,36.0,0.0,0.0,0.0,0.0,0.0,0.4,1.3760000000000003,2.096,-4527.84,7274.0160000000005,11801.856,55.0,0.24,Aston Villa,1.392,2.1359999999999997,Arsenal,Arsenal,1.968,3.0,1.8757116481340794,14972.0,0.5,0.9378558240670397
nilson_angulo,4,2,MID,Sunderland,1,1,0,0,2,0,0,5,3.072,0.0,0.0,9.56,0.096,3.1824000000000003,0.021280000000000004,0.030880000000000005,0.009600000000000001,0.83032,0.904,0.06400000000000002,1.2832000000000001,4.8544,66.376,0.0,0.0,0.0,0.0,0.0,1.0,4.864000000000001,2.288,-242.01599999999996,2527.248,2769.264,50.0,0.06400000000000002,Arsenal,0.4,0.5279999999999999,Bournemouth,Bournemouth,1.84,0.9359999999999999,2.2338510801939044,,0.8791417891862328,1.963871835417268
noah_okafor,4,9,MID,Leeds,17,1,0,0,2,0,0,3,3.0448,0.0,0.6,24.856,0.84,1.7600000000000007,0.0616,0.11127999999999999,0.04968,0.48496,0.096,0.6,0.5055999999999999,1.5904,65.304,0.0,0.0,0.0,0.0,0.0,0.9359999999999999,1.6960000000000002,6.3759999999999994,-5522.3279999999995,1971.2399999999998,7493.568,59.16,0.0,Newcastle,2.8,2.328,Man Utd,Man Utd,0.9600000000000002,0.5279999999999999,2.5925411436437105,,0.7674984210824493,1.989771234337835
noah_sadiki,4,2,MID,Sunderland,1,1,0,0,2,0,0,5,2.016,0.0,0.0,13.608,0.096,6.403200000000002,0.04704,0.14400000000000002,0.09696000000000002,1.5312,1.568,0.0,2.4960000000000004,4.8128,85.92,0.0,0.0,0.0,0.0,0.0,1.0,13.695999999999998,1.8559999999999999,-3250.3920000000003,1218.7200000000003,4469.112,49.4,0.24,Arsenal,0.4,0.5279999999999999,Bournemouth,Bournemouth,1.84,0.9359999999999999,2.696702068613092,,0.8791417891862328,2.3707834815027287
nobel_mendy,4,1,DEF,Hull City,6,0,0,0,2,0,0,4,6.4719999999999995,0.0,0.06400000000000002,10.184000000000001,0.30400000000000005,0.1824,0.0,0.026080000000000006,0.026080000000000006,0.7500800000000001,0.6,0.06400000000000002,1.6240000000000003,9.8528,61.2,0.0,0.0,0.0,0.0,0.0,1.0,6.144000000000001,3.576,186517.32,247166.4,60649.079999999994,40.599999999999994,0.0,Chelsea,1.424,1.3200000000000003,Fulham,Fulham,0.6080000000000001,0.6,2.3790458263123737,50210.0,2.0,4.758091652624747
noni_madueke,4,0,MID,Arsenal,20,0,0,0,5,0,0,2,0.6632,0.0,0.0,1.2320000000000002,0.0,2.9504000000000006,0.004960000000000001,0.004960000000000001,0.0,0.009600000000000001,0.0,0.0,0.4112,1.1296000000000002,1.6480000000000001,0.0,0.0,0.0,0.0,0.0,0.0,0.0,0.30400000000000005,-4134.504,1281.192,5415.696,63.224000000000004,0.0,Sunderland,1.968,3.0,Nott'm Forest,Nott'm Forest,1.392,2.1359999999999997,0.8563706932170261,,1.390749422481213,1.190997047021415
norberto_bercique_gomes_betuncal,4,0,FWD,Everton,19,0,0,0,3,0,0,3,0.21120000000000003,0.0,0.0,0.3840000000000001,0.0,0.0288,0.0,0.007040000000000001,0.007040000000000001,0.17344000000000004,0.0,0.0,0.0704,0.288,2.624,0.0,0.0,0.0,0.0,0.0,0.0,0.4159999999999999,0.16000000000000003,-58276.512,2783.184,61059.696,54.16,0.0,Spurs,0.704,1.1280000000000001,Chelsea,Chelsea,2.016,1.08,0.6127478183092063,,1.1769528027919345,0.7211752621636635
nordi_mukiele,4,0,DEF,Sunderland,1,1,0,0,2,0,0,5,3.5439999999999996,0.0,0.096,3.5280000000000005,0.096,1.968,0.01776,0.43776,0.42,1.5095999999999998,1.44,0.0,1.3968,11.8656,84.24,0.0,0.0,0.0,0.0,0.0,0.9359999999999999,0.192,1.8239999999999998,-17091.983999999997,9823.968,26915.951999999997,55.0,0.6,Arsenal,0.4,0.5279999999999999,Bournemouth,Bournemouth,1.84,0.9359999999999999,2.7091898916614574,79641.0,0.8299837771311113,2.2485836592466026
norman_bassette,4,0,FWD,Coventry City,5,1,0,0,2,0,0,3,0.0,0.0,0.0,0.0,0.0,0.0,0.0,0.0,0.0,0.0,0.0,0.0,0.0,0.0,0.0,0.0,0.0,0.0,0.0,0.0,0.0,0.0,0.0,-417.168,0.0,417.168,45.0,0.0,Brighton,0.0,0.0,Spurs,Spurs,0.0,0.84,0.37675769770935674,,0.5,0.18837884885467837
noussair_mazraoui,4,0,DEF,Man Utd,15,1,0,0,4,0,0,5,0.9248000000000001,0.0,0.0,0.17600000000000005,0.0,2.1264,0.005600000000000001,0.019680000000000003,0.014080000000000002,0.17744000000000001,0.46399999999999997,0.0,0.5072,1.7760000000000002,6.928000000000001,0.0,0.0,0.0,0.0,0.0,0.06400000000000002,1.056,0.4,-7742.208,2601.7439999999997,10343.952,44.4,0.0,Man City,0.9600000000000002,0.5279999999999999,Leeds,Leeds,2.8,2.328,0.7208669140826416,,0.5722487534816909,0.41251519300998485
ola_aina,4,2,DEF,Nott'm Forest,2,0,0,0,3,0,0,3,2.0288,0.0,0.0,10.248000000000001,0.06400000000000002,3.8864000000000005,0.05048000000000001,0.05304,0.00256,0.8761599999999999,0.792,0.0,1.0368000000000002,5.276800000000001,80.752,0.0,0.0,0.0,0.0,0.0,1.0,1.0880000000000003,1.7599999999999998,-33586.512,11642.04,45228.551999999996,45.0,0.16000000000000003,Aston Villa,1.392,2.1359999999999997,Arsenal,Arsenal,1.968,3.0,2.150211606070724,,0.5,1.075105803035362
oli_mcburnie,4,4,FWD,Hull City,6,0,0,0,2,0,0,4,2.8512,0.664,0.0,12.696,0.4,5.339200000000002,0.0376,0.33704,0.29944000000000004,1.13616,1.2,0.0,1.4832,1.8015999999999999,84.6,0.0,0.0,0.0,0.0,0.0,1.0,7.6960000000000015,3.2960000000000003,-6954.72,31014.216,37968.936,55.0,0.696,Chelsea,1.424,1.3200000000000003,Fulham,Fulham,0.6080000000000001,0.6,3.578915460264813,61014.0,1.0045167920597216,3.595080677198152
oliver_dovin,4,0,GK,Coventry City,5,1,0,0,2,0,0,3,0.06400000000000002,0.0,0.0,0.0,0.0,0.0,0.0,0.0,0.0,0.0,0.0,0.0,0.0,0.0,0.0,0.0,0.0,0.0,0.0,0.0,0.0,0.0,0.0,-14093.591999999999,1762.464,15856.056,40.0,0.0,Brighton,0.0,0.0,Spurs,Spurs,0.0,0.84,0.2259259308172148,,0.6896551724137931,0.15581098677049296
olivier_boscagli,4,6,DEF,Brighton,7,0,0,0,3,0,0,2,2.8207999999999998,0.0,0.0,20.744,0.664,17.9728,0.11032000000000002,0.12112,0.0108,1.56344,0.6240000000000001,0.0,2.696,7.529600000000001,82.19999999999999,0.0,0.0,0.0,0.0,0.0,1.0,1.4400000000000002,4.367999999999999,444.744,3367.6079999999997,2922.8639999999996,45.0,0.096,Coventry City,3.784,2.2319999999999998,Crystal Palace,Crystal Palace,2.016,0.72,2.475399340390243,14972.0,1.6233233946334027,4.018373660315575
ollie_watkins,4,0,FWD,Aston Villa,18,1,0,0,3,0,0,3,0.16000000000000003,0.0,0.0,0.0,0.0,0.0,0.0,0.0,0.0,0.0,0.0,0.0,0.0,0.0,0.0,0.0,0.0,0.0,0.0,0.0,0.0,0.0,0.0,-174525.648,2040.6720000000003,176566.32,78.224,0.0,Nott'm Forest,0.6,0.24,Newcastle,Newcastle,1.4,0.592,0.8618028793565472,,0.5,0.4309014396782736
omar_alderete,4,0,DEF,Sunderland,1,1,0,0,2,0,0,5,0.3808000000000001,0.0,0.0,0.12800000000000003,0.0,0.038400000000000004,0.00064,0.00064,0.0,0.006400000000000002,0.06400000000000002,0.0,0.0,0.0,1.4720000000000004,0.0,0.0,0.0,0.0,0.0,0.0,0.0,0.06400000000000002,-6124.392,844.152,6968.544,49.4,0.0,Arsenal,0.4,0.5279999999999999,Bournemouth,Bournemouth,1.84,0.9359999999999999,0.6585463624903167,,0.8299837771311113,0.5465827973556671
omar_marmoush,4,2,FWD,Spurs,9,1,0,0,3,0,0,3,1.4487999999999999,0.0,0.0,8.184,0.84,3.9455999999999998,0.02712,0.09624,0.06912,0.92832,0.192,0.0,0.9312000000000001,0.8832,74.16,0.0,0.0,0.0,0.0,0.0,0.9359999999999999,5.088000000000001,1.8719999999999999,21208.392,56113.968,34905.576,70.0,0.0,Everton,0.0,0.84,Coventry City,Coventry City,0.0,0.0,3.097853519792601,14972.0,0.8263012687811556,2.5597602939027952
omar_richards,4,0,DEF,Nott'm Forest,2,0,0,0,3,0,0,3,0.06400000000000002,0.0,0.0,0.0,0.0,0.0,0.0,0.0,0.0,0.0,0.0,0.0,0.0,0.0,0.0,0.0,0.0,0.0,0.0,0.0,0.0,0.0,0.0,-849.768,904.44,1754.208,40.0,0.0,Aston Villa,1.392,2.1359999999999997,Arsenal,Arsenal,1.968,3.0,0.31971581669575344,,0.5,0.15985790834787672
omari_hutchinson,4,0,MID,Nott'm Forest,2,0,0,0,3,0,0,3,0.12800000000000003,0.0,0.0,0.0,0.0,0.0,0.0,0.0,0.0,0.0,0.0,0.0,0.0,0.0,0.0,0.0,0.0,0.0,0.0,0.0,0.0,0.0,0.0,-2856.672,71.664,2928.336,54.16,0.0,Aston Villa,1.392,2.1359999999999997,Arsenal,Arsenal,1.968,3.0,0.5488927216012092,,0.5,0.2744463608006046
oscar_bobb,4,3,MID,Fulham,14,0,0,0,3,0,0,4,2.42,0.0,0.0,12.687999999999999,0.696,16.1856,0.25160000000000005,0.3284,0.07680000000000001,1.0171999999999999,0.9119999999999999,0.0,3.3840000000000003,3.9872,66.576,0.0,0.0,0.0,0.0,0.0,1.0,13.68,2.6959999999999997,-2659.392,2809.92,5469.312,55.0,0.0,Liverpool,0.6080000000000001,0.6,Hull City,Hull City,1.424,1.3200000000000003,2.812853898331616,,0.6109909626509489,1.7186283111381082
oscar_mingueza,4,0,DEF,Crystal Palace,12,1,0,0,3,0,0,2,0.6248,0.0,0.0,1.0559999999999998,0.0,0.0816,0.0,0.0,0.0,0.0504,0.096,0.0,0.0432,0.45120000000000005,1.6800000000000002,0.0,0.0,0.0,0.0,0.0,0.0,0.0,0.336,-423.216,618.5039999999999,1041.72,44.16,0.0,Ipswich Town,2.016,0.72,Brighton,Brighton,3.784,2.2319999999999998,0.5512596916464345,,0.5,0.27562984582321726
oscar_zambrano,4,0,MID,Hull City,6,0,0,0,2,0,0,4,0.0,0.0,0.0,0.0,0.0,0.0,0.0,0.0,0.0,0.0,0.0,0.0,0.0,0.0,0.0,0.0,0.0,0.0,0.0,0.0,0.0,0.0,0.0,-307.48800000000006,1029.336,1336.824,45.0,0.0,Chelsea,1.424,1.3200000000000003,Fulham,Fulham,0.6080000000000001,0.6,0.35084024383649415,,1.0059024978061435,0.3529110776060459
ousmane_diomande,4,4,DEF,Nott'm Forest,2,0,0,0,3,0,0,3,0.952,0.0,0.0,6.72,0.0,0.0,0.0,0.066,0.066,0.49199999999999994,0.6,0.0,0.0,0.0,54.24,0.0,0.0,0.0,0.0,0.0,0.6,0.0,2.6399999999999997,-7829.832,1980.1439999999998,9809.975999999999,54.16,0.0,Aston Villa,1.392,2.1359999999999997,Arsenal,Arsenal,1.968,3.0,1.7756092490155861,,0.5,0.8878046245077931
paddy_mcnair,4,0,DEF,Hull City,6,0,0,0,2,0,0,4,0.304,0.0,0.0,0.19200000000000006,0.0,0.0,0.0,0.0,0.0,0.06144000000000001,0.0,0.0,0.025600000000000008,0.2688000000000001,1.6640000000000001,0.0,0.0,0.0,0.0,0.0,0.0,0.0,0.06400000000000002,-499.46399999999994,648.336,1147.8,40.0,0.0,Chelsea,1.424,1.3200000000000003,Fulham,Fulham,0.6080000000000001,0.6,0.3804258052777121,,2.0,0.7608516105554242
pape_matar_sarr,4,0,MID,Spurs,9,1,0,0,3,0,0,3,0.0,0.0,0.0,0.0,0.0,0.0,0.0,0.0,0.0,0.0,0.0,0.0,0.0,0.0,0.0,0.0,0.0,0.0,0.0,0.0,0.0,0.0,0.0,-4210.1759999999995,976.848,5187.023999999999,49.064,0.0,Everton,0.0,0.84,Coventry City,Coventry City,0.0,0.0,0.43293016569104315,,0.9454694944698857,0.4093222648966744
pascal_gross,4,17,MID,Brighton,7,0,0,0,3,0,0,2,7.039999999999999,1.296,2.0879999999999996,38.928000000000004,0.664,10.788800000000002,0.15144,0.8378399999999999,0.6863999999999999,1.69544,0.6240000000000001,0.696,2.3168,5.9328,90.0,0.0,0.0,0.0,0.0,0.0,1.0,7.280000000000001,11.815999999999999,117369.216,280070.784,162701.568,55.6,0.30400000000000005,Coventry City,3.784,2.2319999999999998,Crystal Palace,Crystal Palace,2.016,0.72,4.099394495037954,61014.0,1.9562523122035174,8.019449959552368
pascal_struijk,4,1,DEF,Brighton,7,0,0,0,3,0,0,2,0.5128,0.0,0.0,3.12,0.0,0.024,0.006,0.006,0.0,0.132,0.0,0.0,0.0,0.048,7.4399999999999995,0.0,0.0,0.0,0.0,0.0,0.0,0.0,0.84,-1224.1680000000001,1403.856,2628.024,50.0,0.0,Coventry City,3.784,2.2319999999999998,Crystal Palace,Crystal Palace,2.016,0.72,0.811744746078357,,1.6233233946334027,1.317724236779748
patrick_dorgu,4,4,MID,Man Utd,15,1,0,0,4,0,0,5,1.2568,0.0,0.0,11.8,0.0,1.5120000000000002,0.02328,0.07064000000000001,0.047360000000000006,0.9012800000000001,1.3039999999999998,0.0,0.7936000000000001,1.6800000000000002,62.64,0.0,0.0,0.0,0.0,0.0,0.664,5.248,2.7359999999999998,-20476.127999999997,2507.3279999999995,22983.456,58.56,0.06400000000000002,Man City,0.9600000000000002,0.5279999999999999,Leeds,Leeds,2.8,2.328,2.1705434810463453,,0.7187245153676758,1.5600228114995025
pau_torres,4,1,DEF,Aston Villa,18,1,0,0,3,0,0,3,0.8528,0.0,0.0,2.0799999999999996,0.0,0.12160000000000003,0.0009600000000000001,0.0009600000000000001,0.0,0.44704000000000005,0.3520000000000001,0.0,0.1152,1.056,27.712,0.0,0.0,0.0,0.0,0.0,0.76,0.0,0.792,-1119.624,3758.976,4878.6,45.0,0.0,Nott'm Forest,0.6,0.24,Newcastle,Newcastle,1.4,0.592,1.035947268467497,,0.5,0.5179736342337485
pedro_lomba_neto,4,2,MID,Chelsea,11,1,0,0,4,0,0,2,3.1231999999999998,0.0,0.0,16.248,0.0,8.432,0.10336000000000001,0.18184,0.07848,1.1610399999999998,1.8719999999999999,0.096,2.1856000000000004,6.160000000000001,77.52799999999999,0.0,0.0,0.0,0.0,0.0,0.9359999999999999,7.264000000000002,2.4160000000000004,9123.768,25967.88,16844.112,65.0,0.0,Hull City,2.016,1.08,Everton,Everton,0.704,1.1280000000000001,2.934560060538401,,1.157584013742825,3.3969998134474295
pedro_porro_sauceda,4,0,DEF,Spurs,9,1,0,0,3,0,0,3,1.596,0.0,0.24,6.816,0.24,9.350399999999999,0.024,0.06288,0.038880000000000005,0.28992000000000007,0.192,0.0,1.6848,4.070399999999999,30.24,0.0,0.0,0.0,0.0,0.0,0.336,3.4560000000000004,1.7760000000000002,-120079.22399999999,42674.904,162754.12800000003,55.0,0.0,Everton,0.0,0.84,Coventry City,Coventry City,0.0,0.0,1.6186386904844665,14973.0,2.0,3.237277380968933
pep_chavarria,4,1,DEF,Chelsea,11,1,0,0,4,0,0,2,1.0768,0.0,0.0,3.168,0.0,0.5216000000000001,0.00792,0.00792,0.0,0.6241599999999999,0.096,0.0,0.2912,1.344,37.528,0.0,0.0,0.0,0.0,0.0,0.0,1.0879999999999999,1.0,-1927.5119999999997,674.7359999999999,2602.248,49.4,0.0,Hull City,2.016,1.08,Everton,Everton,0.704,1.1280000000000001,1.375303734320449,,0.5424745596985056,0.7460672877271961
phil_foden,4,-2,MID,Man City,16,0,0,0,5,0,0,4,2.8480000000000003,0.192,0.096,2.9280000000000004,0.0,11.1232,0.08320000000000002,0.32320000000000004,0.24000000000000005,0.28496,0.16000000000000003,0.0,2.1216000000000004,5.830400000000001,32.784000000000006,0.0,0.0,0.0,0.6,0.0,0.76,4.272,-0.03200000000000003,-72274.22399999999,75974.952,148249.176,70.0,0.06400000000000002,Man Utd,1.3520000000000003,3.0,Ipswich Town,Ipswich Town,2.12,1.992,1.7118861330523407,14969.0,1.4193214841518227,2.429716767062773
piero_hincapie,4,0,DEF,Arsenal,20,0,0,0,5,0,0,2,0.6759999999999999,0.0,0.0,0.9119999999999999,0.0,0.15200000000000002,0.0,0.0,0.0,0.0408,0.0,0.0,0.22240000000000004,1.4656,6.096,0.0,0.0,0.0,0.0,0.0,0.0,0.48,0.30400000000000005,-20327.496,3792.36,24119.856,53.464,0.0,Sunderland,1.968,3.0,Nott'm Forest,Nott'm Forest,1.392,2.1359999999999997,0.9142647250820848,,2.0,1.8285294501641696
promise_david,4,0,FWD,Brighton,7,0,0,0,3,0,0,2,0.36800000000000005,0.0,0.0,-1.3920000000000003,0.0,0.35520000000000007,0.0,0.1008,0.1008,0.02784,0.0,0.0,0.038400000000000004,0.0,4.08,0.0,0.0,0.0,0.0,0.0,0.0,0.96,0.096,-1911.432,2987.7839999999997,4899.216,60.0,0.24,Coventry City,3.784,2.2319999999999998,Crystal Palace,Crystal Palace,2.016,0.72,0.8171282848297873,,2.0,1.6342565696595746
quinten_timber,4,4,MID,Crystal Palace,12,1,0,0,3,0,0,2,2.4,0.0,0.0,17.599999999999998,0.0,0.08000000000000002,0.018,0.086,0.068,2.036,2.5999999999999996,0.0,0.2,1.6800000000000002,83.2,0.0,0.0,0.0,0.0,0.0,1.0,0.4,3.2,998.1999999999999,1316.6000000000001,318.4,50.0,0.0,Ipswich Town,2.016,0.72,Brighton,Brighton,3.784,2.2319999999999998,2.464400502794213,,0.7196973863863351,1.773622600870165
raphael_borges_rodrigues,4,0,MID,Coventry City,5,1,0,0,2,0,0,3,0.06400000000000002,0.0,0.0,0.0,0.0,0.0,0.0,0.0,0.0,0.0,0.0,0.0,0.0,0.0,0.0,0.0,0.0,0.0,0.0,0.0,0.0,0.0,0.0,-2693.328,368.40000000000003,3061.728,45.0,0.0,Brighton,0.0,0.0,Spurs,Spurs,0.0,0.84,0.357353726298125,,0.5922224071854413,0.2116328840049629
rayan_ait_nouri,4,0,DEF,Man City,16,0,0,0,5,0,0,4,0.16000000000000003,0.0,0.0,0.0,0.0,0.0,0.0,0.0,0.0,0.0,0.0,0.0,0.0,0.0,0.0,0.0,0.0,0.0,0.0,0.0,0.0,0.0,0.0,-12876.288,1548.9360000000001,14425.223999999998,53.56,0.0,Man Utd,1.3520000000000003,3.0,Ipswich Town,Ipswich Town,2.12,1.992,0.7263891523056805,,1.3387159533208166,0.9724287465107989
rayan_cherki,4,1,MID,Man City,16,0,0,0,5,0,0,4,7.114400000000001,0.12800000000000003,0.352,15.472000000000001,0.24,20.240000000000002,0.19280000000000003,0.2948,0.10200000000000001,0.39616,0.096,0.192,4.256,11.465600000000002,52.104,0.0,0.0,0.0,0.0,0.0,0.9359999999999999,10.719999999999999,3.1760000000000006,360043.0560000001,656301.528,296258.472,77.28,0.096,Man Utd,1.3520000000000003,3.0,Ipswich Town,Ipswich Town,2.12,1.992,3.3879946727766406,14973.0,1.4193214841518227,4.80865362726381
rayan_vitor_simplicio_rocha,4,2,MID,Bournemouth,4,1,0,0,3,0,0,3,2.0192,0.0,0.0,7.08,0.0,1.2752000000000003,0.01824,0.30279999999999996,0.28456,0.7008800000000002,1.84,0.0,1.0736,1.6064,83.99199999999999,0.0,0.0,0.0,0.0,0.0,1.0,7.712000000000001,2.0,-31482.143999999997,10212.6,41694.744,64.4,0.0,Brentford,1.84,0.9359999999999999,Sunderland,Sunderland,0.4,0.5279999999999999,2.836116056008997,14971.0,1.1514852922976395,3.2657459257435484
reece_james,4,1,DEF,Chelsea,11,1,0,0,4,0,0,2,0.856,0.0,0.0,8.984,0.0,4.7136000000000005,0.10048000000000001,0.21968,0.1192,1.4185599999999998,1.904,0.0,1.3904,4.56,83.47200000000001,0.0,0.0,0.0,0.0,0.0,0.904,4.5280000000000005,0.9359999999999999,-64554.047999999995,48757.56,113311.608,54.4,0.06400000000000002,Hull City,2.016,1.08,Everton,Everton,0.704,1.1280000000000001,2.3641407637785603,50210.0,0.5424745596985056,1.2824862198960632
regan_slater,4,2,MID,Hull City,6,0,0,0,2,0,0,4,3.2560000000000002,0.06400000000000002,0.0,17.456,0.4,4.456,0.09152000000000002,0.12512,0.033600000000000005,1.2501600000000002,1.2,0.0,1.1312,4.6624,90.0,0.0,0.0,0.0,0.0,0.0,1.0,2.1119999999999997,2.4960000000000004,77536.152,148868.736,71332.584,45.0,0.096,Chelsea,1.424,1.3200000000000003,Fulham,Fulham,0.6080000000000001,0.6,2.6684224795764315,,1.0059024978061435,2.684172837407995
reinildo_mandava,4,-2,DEF,Sunderland,1,1,0,0,2,0,0,5,2.2448,0.0,0.0,-0.7679999999999998,0.096,2.696,0.02792,0.02792,0.0,1.1508,1.568,0.0,0.9664000000000001,6.502400000000001,90.0,0.0,0.0,0.0,0.6,0.0,1.0,0.44799999999999995,-0.08000000000000007,-3425.328,1034.88,4460.208,45.0,0.0,Arsenal,0.4,0.5279999999999999,Bournemouth,Bournemouth,1.84,0.9359999999999999,1.8988914221730924,,0.8299837771311113,1.5760490749370908
reiss_nelson,4,0,MID,Arsenal,20,0,0,0,5,0,0,2,0.12800000000000003,0.0,0.0,0.0,0.0,0.0,0.0,0.0,0.0,0.0,0.0,0.0,0.0,0.0,0.0,0.0,0.0,0.0,0.0,0.0,0.0,0.0,0.0,-149.928,7.103999999999999,157.03199999999998,55.0,0.0,Sunderland,1.968,3.0,Nott'm Forest,Nott'm Forest,1.392,2.1359999999999997,0.5658601267089407,,1.390749422481213,0.7869696444256052
remi_matthews,4,0,GK,Crystal Palace,12,1,0,0,3,0,0,2,0.06400000000000002,0.0,0.0,0.0,0.0,0.0,0.0,0.0,0.0,0.0,0.0,0.0,0.0,0.0,0.0,0.0,0.0,0.0,0.0,0.0,0.0,0.0,0.0,-1813.3200000000002,5513.76,7327.08,40.0,0.0,Ipswich Town,2.016,0.72,Brighton,Brighton,3.784,2.2319999999999998,0.22858709657875464,,0.5,0.11429354828937732
riccardo_calafiori,4,6,DEF,Arsenal,20,0,0,0,5,0,0,2,7.072,0.16000000000000003,0.192,15.664,0.76,2.6912000000000003,0.06312000000000001,0.20584,0.14271999999999999,1.17792,0.24,0.0,1.4880000000000002,4.7552,83.6,0.0,0.0,0.0,0.0,0.0,1.0,7.359999999999999,5.712,356720.23199999996,445999.43999999994,89279.208,57.376,0.0,Sunderland,1.968,3.0,Nott'm Forest,Nott'm Forest,1.392,2.1359999999999997,3.3727529609757134,15210.0,2.0,6.745505921951427
richarlison_de_andrade,4,0,FWD,Spurs,9,1,0,0,3,0,0,3,0.22399999999999998,0.0,0.0,0.3840000000000001,0.0,0.14080000000000004,0.0,0.0,0.0,0.19328000000000004,0.19200000000000006,0.0,0.012800000000000004,0.0,4.288,0.0,0.0,0.0,0.0,0.0,0.06400000000000002,0.0,0.12800000000000003,-72871.728,3025.248,75896.976,59.16,0.0,Everton,0.0,0.84,Coventry City,Coventry City,0.0,0.0,0.726066090223529,,0.8263012687811556,0.599949331570675
rico_henry,4,0,DEF,Brentford,3,0,0,0,3,0,0,3,0.3488,0.0,0.0,0.288,0.0,0.0,0.0,0.0,0.0,0.0,0.0,0.0,0.0,0.0,0.192,0.0,0.0,0.0,0.0,0.0,0.0,0.0,0.096,-1563.4319999999998,372.264,1935.6960000000001,45.0,0.0,Bournemouth,1.7280000000000002,1.1280000000000001,Liverpool,Liverpool,0.8,1.48,0.506744100022932,,1.175631190499806,0.5957441695887123
rico_lewis,4,0,DEF,Man City,16,0,0,0,5,0,0,4,0.3488,0.0,0.0,-0.06400000000000002,0.0,0.24320000000000006,0.00128,0.012160000000000004,0.01088,0.03520000000000001,0.06400000000000002,0.0,0.30080000000000007,0.24320000000000006,3.5840000000000005,0.0,0.0,0.0,0.0,0.0,0.06400000000000002,2.4960000000000004,0.06400000000000002,-2579.328,1486.1999999999998,4065.5280000000002,44.4,0.0,Man Utd,1.3520000000000003,3.0,Ipswich Town,Ipswich Town,2.12,1.992,0.5773525948803324,,1.3387159533208166,0.7729111294574714
rio_cardines,4,0,DEF,Crystal Palace,12,1,0,0,3,0,0,2,0.0,0.0,0.0,0.0,0.0,0.0,0.0,0.0,0.0,0.0,0.0,0.0,0.0,0.0,0.0,0.0,0.0,0.0,0.0,0.0,0.0,0.0,0.0,-23.400000000000002,0.0,23.400000000000002,45.0,0.0,Ipswich Town,2.016,0.72,Brighton,Brighton,3.784,2.2319999999999998,0.45716434148168505,,0.5,0.22858217074084253
rio_ngumoha,4,1,MID,Liverpool,10,1,0,0,4,0,0,3,1.1248,0.0,0.0,0.45600000000000007,0.0,0.5088000000000001,0.00416,0.07272,0.06856000000000001,0.09936,0.12800000000000003,0.0,0.13120000000000004,0.3456000000000001,16.592,0.0,0.0,0.0,0.0,0.0,0.06400000000000002,0.5120000000000001,0.824,-20794.92,3179.232,23974.152,58.56,0.0,Fulham,0.8,1.48,Brentford,Brentford,1.7280000000000002,1.1280000000000001,1.1185963827421492,,0.8050630177392176,0.9005405795225676
robert_lynch_sanchez,4,0,GK,Chelsea,11,1,0,0,4,0,0,2,0.2624000000000001,0.0,0.0,0.3840000000000001,0.0,0.0,0.00064,0.00064,0.0,0.08512000000000002,0.12800000000000003,0.0,0.13440000000000005,1.3696000000000002,5.760000000000001,0.0,0.0,0.0,0.0,0.25600000000000006,0.06400000000000002,0.0,0.12800000000000003,-48243.192,1318.224,49561.416,49.16,0.0,Hull City,2.016,1.08,Everton,Everton,0.704,1.1280000000000001,0.6590381391053648,,0.6684350132625995,0.4405241672534534
robin_roefs,4,2,GK,Sunderland,1,1,0,0,2,0,0,5,2.9024,0.0,0.0,10.6,0.096,0.0,0.0,0.0,0.0,1.6248,1.568,0.0,0.4464000000000001,4.3808,90.0,0.0,0.0,0.0,0.0,2.104,1.0,0.0,2.32,-40588.008,4286.616,44874.623999999996,50.0,0.0,Arsenal,0.4,0.5279999999999999,Bournemouth,Bournemouth,1.84,0.9359999999999999,2.995262600173843,14974.0,0.6419098143236074,1.922688459528037
robinio_vaz,4,1,FWD,Hull City,6,0,0,0,2,0,0,4,0.8599999999999999,0.0,0.0,1.7999999999999998,0.0,0.0,0.0,0.0,0.0,0.108,0.0,0.0,0.0,0.0,4.8,0.0,0.0,0.0,0.0,0.0,0.0,0.0,0.6,2008.6,2630.0,621.4000000000001,50.0,0.0,Chelsea,1.424,1.3200000000000003,Fulham,Fulham,0.6080000000000001,0.6,0.6976364072412073,,1.0045167920597216,0.7007874858260071
rodrigo_'rodri'_hernandez_cascante,4,0,MID,Man City,16,0,0,0,5,0,0,4,0.0,0.0,0.0,0.0,0.0,0.0,0.0,0.0,0.0,0.0,0.0,0.0,0.0,0.0,0.0,0.0,0.0,0.0,0.0,0.0,0.0,0.0,0.0,-193.176,0.0,193.176,65.0,0.0,Man Utd,1.3520000000000003,3.0,Ipswich Town,Ipswich Town,2.12,1.992,0.7548260797348644,,1.4193214841518227,1.0713408717657897
rodrigo_bentancur,4,3,MID,Spurs,9,1,0,0,3,0,0,3,2.6,0.0,0.0,14.504000000000001,0.84,2.4144,0.02896,0.03376,0.0048000000000000004,0.8314400000000001,0.25600000000000006,0.0,1.0016,6.022400000000001,70.32,0.0,0.0,0.0,0.0,0.0,0.9359999999999999,1.44,3.2560000000000002,-669.744,992.232,1661.976,55.0,0.0,Everton,0.0,0.84,Coventry City,Coventry City,0.0,0.0,2.4031747768834077,,0.9454694944698857,2.272128441422736
rodrigo_muniz_carvalho,4,1,FWD,Fulham,14,0,0,0,3,0,0,4,0.8112,0.0,0.0,3.984,0.0,3.16,0.0,0.09248,0.09248,0.27792,0.0,0.0,1.1199999999999999,1.152,9.992,0.0,0.0,0.0,0.0,0.0,0.0,6.928000000000001,0.904,-4615.248,3502.512,8117.759999999999,54.4,0.0,Liverpool,0.6080000000000001,0.6,Hull City,Hull City,1.424,1.3200000000000003,0.9686867736637219,,0.8043386576697441,0.7791522192311133
romain_esse,4,0,MID,Crystal Palace,12,1,0,0,3,0,0,2,0.09600000000000003,0.0,0.0,0.0,0.0,0.0,0.0,0.0,0.0,0.0,0.0,0.0,0.0,0.0,0.0,0.0,0.0,0.0,0.0,0.0,0.0,0.0,0.0,-845.784,65.376,911.16,50.0,0.0,Ipswich Town,2.016,0.72,Brighton,Brighton,3.784,2.2319999999999998,0.46160692650353297,,0.7196973863863351,0.3322172985424217
romaine_mundle,4,0,MID,Sunderland,1,1,0,0,2,0,0,5,0.21600000000000003,0.0,0.0,0.192,0.0,0.009600000000000001,0.0,0.01632,0.01632,0.00864,0.0,0.0,0.24000000000000005,0.768,0.096,0.0,0.0,0.0,0.0,0.0,0.0,1.6320000000000001,0.096,-110.39999999999999,55.56,165.95999999999998,49.4,0.0,Arsenal,0.4,0.5279999999999999,Bournemouth,Bournemouth,1.84,0.9359999999999999,0.5010279258217434,,0.8791417891862328,0.4404745871391946
romeo_lavia,4,2,MID,Chelsea,11,1,0,0,4,0,0,2,2.88,0.0,0.0,13.664000000000001,0.0,1.8384,0.04632,0.11160000000000003,0.06528,1.15056,2.0,0.096,1.3104000000000002,6.006400000000001,65.488,0.0,0.0,0.0,0.0,0.0,1.0,5.280000000000001,2.176,4532.423999999999,7934.568,3402.144,50.0,0.06400000000000002,Hull City,2.016,1.08,Everton,Everton,0.704,1.1280000000000001,2.2415777863414745,,1.157584013742825,2.594814611029921
ronald_araujo,4,6,DEF,Liverpool,10,1,0,0,4,0,0,3,3.2079999999999997,0.0,0.0,20.976,0.84,0.8736000000000002,0.005280000000000001,0.005280000000000001,0.0,0.58128,0.0,0.0,0.7424,6.2016,66.72800000000001,0.0,0.0,0.0,0.0,0.0,0.84,0.48,5.584,7637.567999999996,40941.672,33304.104,54.16,0.096,Fulham,0.8,1.48,Brentford,Brentford,1.7280000000000002,1.1280000000000001,2.40812037071564,14970.0,0.7595468433242368,1.8290802259218553
ross_barkley,4,2,MID,Aston Villa,18,1,0,0,3,0,0,3,2.16,0.0,0.0,14.912,0.24,11.7904,0.0308,0.11088,0.08008,1.3158400000000001,0.9520000000000001,0.0,2.12,5.0944,70.864,0.0,0.0,0.0,0.0,0.0,1.0,4.24,2.2399999999999998,1233.2640000000001,4704.96,3471.696,50.0,0.0,Nott'm Forest,0.6,0.24,Newcastle,Newcastle,1.4,0.592,2.334183397241702,,0.7819204265435558,1.8251456776021178
ruben_dos_santos_gato_alves_dias,4,6,DEF,Man City,16,0,0,0,5,0,0,4,3.5439999999999996,0.0,0.0,22.927999999999997,0.84,4.8704,0.07088,0.07952000000000001,0.00864,1.03376,0.16000000000000003,0.0,1.7360000000000004,9.0976,90.0,0.0,0.0,0.0,0.0,0.0,1.0,3.4880000000000004,5.359999999999999,-5015.184,12465.047999999999,17480.232,55.0,0.0,Man Utd,1.3520000000000003,3.0,Ipswich Town,Ipswich Town,2.12,1.992,2.957824439112791,79641.0,1.3387159533208166,3.9596867637624897
ryan_christie,4,1,MID,Bournemouth,4,1,0,0,3,0,0,3,0.696,0.0,0.0,5.4,0.0,0.0288,0.072,0.072,0.0,0.07848000000000001,0.096,0.0,0.0288,0.26880000000000004,14.927999999999999,0.0,0.0,0.0,0.0,0.0,0.0,0.0,0.9359999999999999,485.424,972.48,487.056,50.0,0.0,Brentford,1.84,0.9359999999999999,Sunderland,Sunderland,0.4,0.5279999999999999,0.9038466248534338,,1.1514852922976395,1.0407660950115911
ryan_giles,4,4,DEF,Hull City,6,0,0,0,2,0,0,4,5.847999999999999,0.6,0.48,22.752000000000002,0.4,8.9792,0.1228,0.12408000000000001,0.00128,1.2456800000000001,1.2,0.0,1.48,5.356800000000001,89.616,0.0,0.0,0.0,0.0,0.0,1.0,0.44799999999999995,5.28,40661.856,53219.712,12557.856,40.0,0.0,Chelsea,1.424,1.3200000000000003,Fulham,Fulham,0.6080000000000001,0.6,2.781403528473213,,2.0,5.562807056946426
ryan_gravenberch,4,1,MID,Liverpool,10,1,0,0,4,0,0,3,2.1808,0.06400000000000002,0.0,10.616,0.0,2.5936000000000003,0.01016,0.038,0.02784,0.44192000000000004,0.12800000000000003,0.0,0.5408000000000001,2.5120000000000005,48.392,0.0,0.0,0.0,0.0,0.0,0.664,0.25600000000000006,1.2560000000000002,-28094.328,7119.24,35213.568,59.4,0.0,Fulham,0.8,1.48,Brentford,Brentford,1.7280000000000002,1.1280000000000001,1.8569402359616973,14970.0,0.8050630177392176,1.494953910124699
ryan_mcaidoo,4,0,MID,Man City,16,0,0,0,5,0,0,4,0.8200000000000001,0.0,0.0,1.6800000000000002,0.0,0.08000000000000002,0.0,0.016000000000000004,0.016000000000000004,0.0048000000000000004,0.0,0.0,0.184,1.2480000000000002,2.0,0.0,0.0,0.0,0.0,0.0,0.0,0.6400000000000001,0.4,1957.08,3754.3199999999997,1797.24,45.0,0.0,Man Utd,1.3520000000000003,3.0,Ipswich Town,Ipswich Town,2.12,1.992,0.5056672010737779,,1.4193214841518227,0.7177043223149326
ryan_sessegnon,4,0,DEF,Fulham,14,0,0,0,3,0,0,4,0.9248000000000001,0.0,0.0,1.456,0.0,4.640000000000001,0.08832000000000001,0.11136,0.02304,0.17184000000000002,0.096,0.0,0.9392,1.7279999999999998,5.84,0.0,0.0,0.0,0.0,0.0,0.0,2.944000000000001,0.4,-3655.92,526.3439999999999,4182.264,44.4,0.0,Liverpool,0.6080000000000001,0.6,Hull City,Hull City,1.424,1.3200000000000003,0.7847917560675717,,0.8213375320134982,0.6445789240730787
ryan_yates,4,0,MID,Nott'm Forest,2,0,0,0,3,0,0,3,0.0,0.0,0.0,0.0,0.0,0.0,0.0,0.0,0.0,0.0,0.0,0.0,0.0,0.0,0.0,0.0,0.0,0.0,0.0,0.0,0.0,0.0,0.0,-8608.8,8910.887999999999,17519.688000000002,45.0,0.0,Aston Villa,1.392,2.1359999999999997,Arsenal,Arsenal,1.968,3.0,0.35084024383649415,,0.5,0.17542012191824707
sam_szmodics,4,0,MID,Ipswich Town,8,0,0,0,2,0,0,3,0.0,0.0,0.0,0.0,0.0,0.0,0.0,0.0,0.0,0.0,0.0,0.0,0.0,0.0,0.0,0.0,0.0,0.0,0.0,0.0,0.0,0.0,0.0,-137.304,0.0,137.304,50.0,0.0,Crystal Palace,2.12,1.992,Man City,Man City,1.3520000000000003,3.0,0.4518367028110868,,0.568072032915532,0.25667579431174514
samuel_iling_junior,4,0,MID,Aston Villa,18,1,0,0,3,0,0,3,0.0,0.0,0.0,0.0,0.0,0.0,0.0,0.0,0.0,0.0,0.0,0.0,0.0,0.0,0.0,0.0,0.0,0.0,0.0,0.0,0.0,0.0,0.0,-39.84,0.0,39.84,50.0,0.0,Nott'm Forest,0.6,0.24,Newcastle,Newcastle,1.4,0.592,0.4518367028110868,,0.7819204265435558,0.3533003473900788
sander_berge,4,3,MID,Fulham,14,0,0,0,3,0,0,4,1.8960000000000001,0.0,0.0,12.8,0.6,4.8528,0.051120000000000006,0.05304,0.0019200000000000003,1.28864,0.5280000000000001,0.0,0.7712000000000002,2.2144,73.44,0.0,0.0,0.0,0.0,0.0,0.76,0.6400000000000001,2.36,-3550.488,1039.44,4589.928,49.4,0.0,Liverpool,0.6080000000000001,0.6,Hull City,Hull City,1.424,1.3200000000000003,2.2538037585794384,,0.6109909626509489,1.3770537280807778
sandro_tonali,4,3,MID,Spurs,9,1,0,0,3,0,0,3,2.84,0.0,0.0,17.312,0.84,4.8544,0.19416,0.25551999999999997,0.06136,1.2036000000000002,0.3840000000000001,0.0,1.2144000000000001,6.348800000000001,88.464,0.0,0.0,0.0,0.0,0.0,1.0,0.8959999999999999,3.32,-42405.312,12462.264,54867.576,54.16,0.0,Everton,0.0,0.84,Coventry City,Coventry City,0.0,0.0,2.94258313507457,,0.9454694944698857,2.7821225891545653
sasa_lukic,4,1,MID,Ipswich Town,8,0,0,0,2,0,0,3,2.3520000000000003,0.06400000000000002,0.0,10.384,0.0,5.4976,0.068,0.06992,0.0019200000000000003,0.7932,2.128,0.0,1.1536000000000002,5.664000000000001,79.872,0.0,0.0,0.0,0.0,0.0,1.0,0.32000000000000006,1.496,-642.312,770.448,1412.7599999999998,50.0,0.696,Crystal Palace,2.12,1.992,Man City,Man City,1.3520000000000003,3.0,2.352160187485584,,0.568072032915532,1.3361964194479146
savio_moreira_de_oliveira,4,3,MID,Spurs,9,1,0,0,3,0,0,3,1.2872,0.0,0.0,16.8,0.84,4.152,0.2208,0.28559999999999997,0.0648,0.7836000000000001,0.0,0.0,0.9359999999999999,1.488,68.4,0.0,0.0,0.0,0.0,0.0,0.84,3.6,2.5199999999999996,-1337.832,16919.352,18257.184,65.0,0.0,Everton,0.0,0.84,Coventry City,Coventry City,0.0,0.0,2.6463862097787922,,0.9454694944698857,2.5020774319316317
sean_longstaff,4,1,MID,Leeds,17,1,0,0,2,0,0,3,0.516,0.0,0.0,2.592,0.0,0.012800000000000004,0.0,0.0,0.0,0.17248000000000002,0.6,0.0,0.0,0.0,1.7120000000000002,0.0,0.0,0.0,0.0,0.0,0.0,0.0,0.664,-1240.7759999999998,624.36,1865.136,49.4,0.0,Newcastle,2.8,2.328,Man Utd,Man Utd,0.9600000000000002,0.5279999999999999,0.5566491159583811,,0.7674984210824493,0.42722731759499866
sean_neave,4,0,FWD,Newcastle,13,0,0,0,3,0,0,2,0.06400000000000002,0.0,0.0,0.0,0.0,0.0,0.0,0.0,0.0,0.0,0.0,0.0,0.0,0.0,0.0,0.0,0.0,0.0,0.0,0.0,0.0,0.0,0.0,-9927.792,4780.3679999999995,14708.16,45.0,0.0,Leeds,1.4,0.592,Aston Villa,Aston Villa,0.6,0.24,0.3823192981568104,,1.0316010152520008,0.39440097612899805
sean_steur,4,2,MID,Newcastle,13,0,0,0,3,0,0,2,1.1520000000000001,0.0,0.0,9.696000000000002,0.0,0.1968,0.018,0.018,0.0,1.2268000000000001,2.464,0.0,0.1328,0.9856000000000003,51.064,0.0,0.0,0.0,0.0,0.0,0.06400000000000002,0.0,1.6,-1084.368,447.312,1531.68,49.4,0.0,Leeds,1.4,0.592,Aston Villa,Aston Villa,0.6,0.24,1.615799479334918,,1.1791258443887787,1.905230925433734
sebastiaan_bornauw,4,0,DEF,Leeds,17,1,0,0,2,0,0,3,0.0,0.0,0.0,0.0,0.0,0.0,0.0,0.0,0.0,0.0,0.0,0.0,0.0,0.0,0.0,0.0,0.0,0.0,0.0,0.0,0.0,0.0,0.0,-54.839999999999996,0.0,54.839999999999996,45.0,0.0,Newcastle,2.8,2.328,Man Utd,Man Utd,0.9600000000000002,0.5279999999999999,0.45716434148168505,,2.0,0.9143286829633701
semi_ajayi,4,1,DEF,Hull City,6,0,0,0,2,0,0,4,6.916,0.0,0.12800000000000003,5.280000000000001,0.4,0.2576,0.0,0.11128,0.11128,1.18808,1.2,0.06400000000000002,0.9472000000000002,6.966400000000002,88.272,0.0,0.0,0.0,0.0,0.0,1.0,2.24,3.2720000000000002,304037.088,369279.576,65242.488,41.44,0.24,Chelsea,1.424,1.3200000000000003,Fulham,Fulham,0.6080000000000001,0.6,2.8050531545943684,,2.0,5.610106309188737
senne_lammens,4,2,GK,Man Utd,15,1,0,0,4,0,0,5,1.7984,0.0,0.0,7.6240000000000006,0.0,0.0,0.0,0.0,0.0,1.1648,1.4,0.0,1.1552,11.516800000000002,90.0,0.0,0.0,0.0,0.0,1.976,1.0,0.0,1.936,-179803.296,17887.944000000003,197691.24,50.0,0.0,Man City,0.9600000000000002,0.5279999999999999,Leeds,Leeds,2.8,2.328,2.9478738194871905,14970.0,0.5,1.4739369097435953
sepp_van_den_berg,4,0,DEF,Brentford,3,0,0,0,3,0,0,3,0.0,0.0,0.0,0.0,0.0,0.0,0.0,0.0,0.0,0.0,0.0,0.0,0.0,0.0,0.0,0.0,0.0,0.0,0.0,0.0,0.0,0.0,0.0,-1654.368,84.96000000000001,1739.328,49.16,0.0,Bournemouth,1.7280000000000002,1.1280000000000001,Liverpool,Liverpool,0.8,1.48,0.5782203657362673,,1.175631190499806,0.6797738969417613
shea_charles,4,5,MID,Fulham,14,0,0,0,3,0,0,4,1.8240000000000003,0.0,0.0,16.232,0.6,8.8,0.03648,0.04512000000000001,0.00864,1.4126400000000001,0.8160000000000001,0.0,1.4624,3.2512000000000003,76.304,0.0,0.0,0.0,0.0,0.0,0.84,2.4960000000000004,3.64,-643.104,291.624,934.7280000000001,50.0,0.0,Liverpool,0.6080000000000001,0.6,Hull City,Hull City,1.424,1.3200000000000003,2.414448619425097,,0.6109909626509489,1.4752062862537947
shea_lacey,4,0,MID,Man Utd,15,1,0,0,4,0,0,5,0.336,0.0,0.0,0.19200000000000006,0.0,0.038400000000000004,0.0,0.0,0.0,0.0,0.0,0.0,0.006400000000000002,0.012800000000000004,0.6400000000000001,0.0,0.0,0.0,0.0,0.0,0.0,0.0,0.06400000000000002,-549.048,221.11199999999997,770.16,49.4,0.0,Man City,0.9600000000000002,0.5279999999999999,Leeds,Leeds,2.8,2.328,0.4884491081296314,,0.7187245153676758,0.35106034852224277
shumaira_mheuka,4,0,FWD,Chelsea,11,1,0,0,4,0,0,2,0.06400000000000002,0.0,0.0,0.0,0.0,0.0,0.0,0.0,0.0,0.0,0.0,0.0,0.0,0.0,0.0,0.0,0.0,0.0,0.0,0.0,0.0,0.0,0.0,1192.56,6436.9439999999995,5244.384,45.0,0.0,Hull City,2.016,1.08,Everton,Everton,0.704,1.1280000000000001,0.3823192981568104,,2.0,0.7646385963136209
sidiki_cherif,4,1,FWD,Coventry City,5,1,0,0,2,0,0,3,0.2096,0.0,0.0,1.7999999999999998,0.0,0.0,0.0,0.0,0.0,0.858,1.7999999999999998,0.0,0.0,0.0,18.0,0.0,0.0,0.0,0.0,0.0,0.0,0.0,0.6,-169.07999999999998,1493.784,1662.864,50.0,0.0,Brighton,0.0,0.0,Spurs,Spurs,0.0,0.84,1.0059581270567324,,0.5,0.5029790635283662
simon_adingra,4,0,MID,Sunderland,1,1,0,0,2,0,0,5,0.0,0.0,0.0,0.0,0.0,0.0,0.0,0.0,0.0,0.0,0.0,0.0,0.0,0.0,0.0,0.0,0.0,0.0,0.0,0.0,0.0,0.0,0.0,-1409.136,49.968,1459.104,49.16,0.0,Arsenal,0.4,0.5279999999999999,Bournemouth,Bournemouth,1.84,0.9359999999999999,0.43486929770335503,,0.8791417891862328,0.382311772445088
sindre_walle_egeli,4,0,FWD,Ipswich Town,8,0,0,0,2,0,0,3,0.304,0.0,0.0,0.19200000000000006,0.0,0.006400000000000002,0.0,0.0,0.0,0.0019200000000000003,0.0,0.0,0.0,0.0,0.6400000000000001,0.0,0.0,0.0,0.0,0.0,0.0,0.0,0.06400000000000002,34057.776,83808.67199999999,49750.896,45.0,0.0,Crystal Palace,2.12,1.992,Man City,Man City,1.3520000000000003,3.0,0.424670602351928,,1.7032456767995168,0.7233183675197681
sorba_thomas,4,1,MID,Hull City,6,0,0,0,2,0,0,4,1.4,0.0,0.0,5.6,0.0,4.32,0.034,0.046,0.012,0.432,0.6,0.0,0.5599999999999999,1.2800000000000002,28.8,0.0,0.0,0.0,0.0,0.0,0.0,0.0,1.0,518.8,708.1999999999999,189.39999999999998,55.0,0.0,Chelsea,1.424,1.3200000000000003,Fulham,Fulham,0.6080000000000001,0.6,1.3440778975061796,,1.0059024978061435,1.3520113143474957
stefan_bajcetic_maquieira,4,0,MID,Liverpool,10,1,0,0,4,0,0,3,0.0,0.0,0.0,0.0,0.0,0.0,0.0,0.0,0.0,0.0,0.0,0.0,0.0,0.0,0.0,0.0,0.0,0.0,0.0,0.0,0.0,0.0,0.0,-23.496,3.408,26.903999999999996,50.0,0.0,Fulham,0.8,1.48,Brentford,Brentford,1.7280000000000002,1.1280000000000001,0.4518367028110868,,0.8050630177392176,0.36375701949043154
stefanos_tzimas,4,0,FWD,Brighton,7,0,0,0,3,0,0,2,0.0,0.0,0.0,0.0,0.0,0.0,0.0,0.0,0.0,0.0,0.0,0.0,0.0,0.0,0.0,0.0,0.0,0.0,0.0,0.0,0.0,0.0,0.0,-96.52799999999999,69.264,165.792,55.0,0.0,Coventry City,3.784,2.2319999999999998,Crystal Palace,Crystal Palace,2.016,0.72,0.5185651804111857,,2.0,1.0371303608223714
stephen_mfuni,4,0,DEF,Coventry City,5,1,0,0,2,0,0,3,1.1,0.0,0.0,0.0,0.0,0.0,0.0,0.0,0.0,0.0,0.0,0.0,0.0,0.0,0.0,0.0,0.0,0.0,0.0,0.0,0.0,0.0,0.0,2544.0,2811.0,267.0,40.0,0.0,Brighton,0.0,0.0,Spurs,Spurs,0.0,0.84,0.45004954362379346,,1.2834843802576474,0.5776315595832217
steven_benda,4,0,GK,Nott'm Forest,2,0,0,0,3,0,0,3,0.12160000000000003,0.0,0.0,0.0,0.0,0.0,0.0,0.0,0.0,0.0,0.0,0.0,0.0,0.0,0.0,0.0,0.0,0.0,0.0,0.0,0.0,0.0,0.0,-21.263999999999996,613.8,635.0640000000001,45.0,0.0,Aston Villa,1.392,2.1359999999999997,Arsenal,Arsenal,1.968,3.0,0.37283501187480805,,0.5092838196286472,0.1898788389388943
sven_botman,4,2,DEF,Newcastle,13,0,0,0,3,0,0,2,2.9248000000000003,0.0,0.0,4.288,0.096,0.40800000000000003,0.039040000000000005,0.04000000000000001,0.0009600000000000001,1.87504,3.008,0.0,1.0992,9.388800000000002,90.0,0.0,0.0,0.0,0.0,0.0,1.0,1.152,2.112,3329.3280000000004,10544.64,7215.312,50.0,0.096,Leeds,1.4,0.592,Aston Villa,Aston Villa,0.6,0.24,2.5783152896040225,79641.0,1.8630940939647067,4.8036439884401565
taiwo_awoniyi,4,-2,FWD,Coventry City,5,1,0,0,2,0,0,3,1.1472000000000002,0.0,0.0,-0.7280000000000002,0.0,4.827200000000001,0.00888,0.20856000000000002,0.19968000000000002,1.19048,3.336,0.0,1.3648000000000002,1.8240000000000003,57.92,0.0,0.0,0.0,0.6,0.0,0.9359999999999999,6.960000000000001,-0.46399999999999986,-5121.504,6307.464,11428.968,55.0,0.0,Brighton,0.0,0.0,Spurs,Spurs,0.0,0.84,1.8677211540488745,14971.0,0.5,0.9338605770244373
takehiro_tomiyasu,4,0,DEF,Crystal Palace,12,1,0,0,3,0,0,2,0.6728000000000001,0.0,0.0,3.5039999999999996,0.0,0.27840000000000004,0.00664,0.00664,0.0,0.97592,1.488,0.0,0.1856,1.3632,39.96,0.0,0.0,0.0,0.0,0.0,0.096,0.192,0.16000000000000003,-2213.328,785.3040000000001,2998.6319999999996,45.0,0.0,Ipswich Town,2.016,0.72,Brighton,Brighton,3.784,2.2319999999999998,1.1991415508308534,,0.5,0.5995707754154267
tammy_abraham,4,1,FWD,Aston Villa,18,1,0,0,3,0,0,3,0.7504,0.0,0.0,3.4079999999999995,0.0,0.3648,0.0,0.0,0.0,1.21992,1.2,0.0,0.0816,0.48,30.024,0.0,0.0,0.0,0.0,0.0,0.0,0.0,0.9359999999999999,1142.904,3750.9120000000003,2608.008,55.0,0.0,Nott'm Forest,0.6,0.24,Newcastle,Newcastle,1.4,0.592,1.4743944289323703,,0.5,0.7371972144661851
tanaka_ao,4,6,MID,Leeds,17,1,0,0,2,0,0,3,2.424,0.84,0.0,19.296,0.6,3.1008,0.02136,0.18456,0.1632,0.66528,0.24,0.0,1.3152,6.912000000000001,64.2,0.0,0.0,0.0,0.0,0.0,0.84,3.12,4.896,978.9359999999999,4366.344,3387.4080000000004,49.16,0.0,Newcastle,2.8,2.328,Man Utd,Man Utd,0.9600000000000002,0.5279999999999999,2.2805188957217126,,0.7674984210824493,1.7502946517151052
tarik_muharemovic,4,7,DEF,Leeds,17,1,0,0,2,0,0,3,4.8688,0.6,0.0,21.832,0.06400000000000002,0.30720000000000003,0.01536,0.02112,0.00576,1.25616,0.9359999999999999,0.0,1.4976000000000003,12.960000000000003,90.0,0.0,0.0,0.0,0.0,0.0,1.0,1.7600000000000002,5.928000000000001,40417.152,92880.504,52463.352,50.0,0.0,Newcastle,2.8,2.328,Man Utd,Man Utd,0.9600000000000002,0.5279999999999999,2.9547386190816516,61014.0,2.0,5.909477238163303
tatsuhiro_sakamoto,4,0,MID,Coventry City,5,1,0,0,2,0,0,3,0.336,0.0,0.0,0.768,0.0,0.5664000000000001,0.0019200000000000003,0.0038400000000000005,0.0019200000000000003,0.06624000000000001,0.096,0.0,0.1824,0.5952000000000001,2.976,0.0,0.0,0.0,0.0,0.0,0.0,0.6720000000000002,0.096,-1032.888,234.31199999999998,1267.1999999999998,49.16,0.0,Brighton,0.0,0.0,Spurs,Spurs,0.0,0.84,0.54774180532064,,0.5922224071854413,0.3243849704630888
taylor_harwood_bellis,4,0,DEF,Aston Villa,18,1,0,0,3,0,0,3,0.7200000000000001,0.0,0.0,0.0,0.0,0.0,0.0,0.0,0.0,0.0,0.0,0.0,0.0,0.0,0.0,0.0,0.0,0.0,0.0,0.0,0.0,0.0,0.0,534.8,769.8,235.0,45.0,0.0,Nott'm Forest,0.6,0.24,Newcastle,Newcastle,1.4,0.592,0.5477437656015585,,0.5,0.27387188280077923
thierno_barry,4,2,FWD,Everton,19,0,0,0,3,0,0,3,3.6552000000000002,0.0,0.12800000000000003,7.624,0.664,5.9392000000000005,0.02856,0.6926399999999999,0.66408,0.7389600000000001,0.576,0.06400000000000002,2.3312000000000004,3.440000000000001,87.21600000000001,0.0,0.0,0.0,0.0,0.0,1.0,13.952000000000002,2.384,129585.19200000001,225705.6,96120.408,55.6,0.0,Spurs,0.704,1.1280000000000001,Chelsea,Chelsea,2.016,1.08,3.4514497952736445,14971.0,1.1769528027919345,4.062193510242964
thimothee_lo_tutala,4,0,GK,Hull City,6,0,0,0,2,0,0,4,0.0,0.0,0.0,0.0,0.0,0.0,0.0,0.0,0.0,0.0,0.0,0.0,0.0,0.0,0.0,0.0,0.0,0.0,0.0,0.0,0.0,0.0,0.0,-224.44799999999998,0.0,224.44799999999998,40.0,0.0,Chelsea,1.424,1.3200000000000003,Fulham,Fulham,0.6080000000000001,0.6,0.22601351710574336,,2.0,0.4520270342114867
thomas_meunier,4,2,DEF,Sunderland,1,1,0,0,2,0,0,5,2.8448,0.0,0.0,5.912000000000001,0.096,2.6192,0.009920000000000002,0.12136000000000001,0.11144000000000001,1.0428000000000002,0.968,0.0,1.0032,4.3008000000000015,74.52,0.0,0.0,0.0,0.0,0.0,1.0,3.008,2.32,-1066.728,1198.92,2265.648,45.0,0.0,Arsenal,0.4,0.5279999999999999,Bournemouth,Bournemouth,1.84,0.9359999999999999,2.155656209669014,,0.8299837771311113,1.7891596830972232
tijjani_reijnders,4,0,MID,Man City,16,0,0,0,5,0,0,4,0.0,0.0,0.0,0.0,0.0,0.0,0.0,0.0,0.0,0.0,0.0,0.0,0.0,0.0,0.0,0.0,0.0,0.0,0.0,0.0,0.0,0.0,0.0,-1271.544,0.0,1271.544,60.0,0.0,Man Utd,1.3520000000000003,3.0,Ipswich Town,Ipswich Town,2.12,1.992,0.6538296207602718,,1.4193214841518227,0.9279944277198924
tim_iroegbunam,4,0,MID,Hull City,6,0,0,0,2,0,0,4,0.192,0.0,0.0,1.392,0.0,0.0,0.0,0.0,0.0,0.21,0.0,0.0,0.0,0.0,12.984,0.0,0.0,0.0,0.0,0.0,0.0,0.0,0.096,74.688,276.576,201.888,50.0,0.6,Chelsea,1.424,1.3200000000000003,Fulham,Fulham,0.6080000000000001,0.6,0.7190147785200015,,1.0059024978061435,0.7232587616728006
timothy_castagne,4,6,DEF,Fulham,14,0,0,0,3,0,0,4,4.5968,0.12800000000000003,0.0,16.631999999999998,0.696,7.630400000000001,0.06312,0.20808000000000001,0.14496,1.08512,0.9119999999999999,0.0,2.3696,7.376000000000001,76.392,0.0,0.0,0.0,0.0,0.0,1.0,8.672,4.8,2045.3759999999993,15494.376,13449.0,45.0,0.06400000000000002,Liverpool,0.6080000000000001,0.6,Hull City,Hull City,1.424,1.3200000000000003,2.627385674525415,,0.8213375320134982,2.157970465562325
tino_livramento,4,3,DEF,Newcastle,13,0,0,0,3,0,0,2,0.6,0.6,0.0,6.119999999999999,0.0,0.0,0.006,0.006,0.0,0.1008,0.6,0.0,0.0,0.048,19.439999999999998,0.0,0.0,0.0,0.0,0.0,0.0,0.0,2.04,1183.248,2132.1359999999995,948.888,49.16,0.6,Leeds,1.4,0.592,Aston Villa,Aston Villa,0.6,0.24,1.0215481006739624,,1.8630940939647067,1.903240233066523
toby_collyer,4,0,MID,Man Utd,15,1,0,0,4,0,0,5,0.09600000000000003,0.0,0.0,0.0,0.0,0.0,0.0,0.0,0.0,0.0,0.0,0.0,0.0,0.0,0.0,0.0,0.0,0.0,0.0,0.0,0.0,0.0,0.0,-240.74399999999997,27.360000000000003,268.104,50.0,0.0,Man City,0.9600000000000002,0.5279999999999999,Leeds,Leeds,2.8,2.328,0.46160692650353297,,0.7187245153676758,0.3317682145416141
tom_cairney,4,0,MID,Fulham,14,0,0,0,3,0,0,4,0.0,0.0,0.0,0.0,0.0,0.0,0.0,0.0,0.0,0.0,0.0,0.0,0.0,0.0,0.0,0.0,0.0,0.0,0.0,0.0,0.0,0.0,0.0,-25.608,36.912,62.519999999999996,50.0,0.0,Liverpool,0.6080000000000001,0.6,Hull City,Hull City,1.424,1.3200000000000003,0.4518367028110868,,0.6109909626509489,0.2760681420115766
tom_heaton,4,0,GK,Man Utd,15,1,0,0,4,0,0,5,0.0,0.0,0.0,0.0,0.0,0.0,0.0,0.0,0.0,0.0,0.0,0.0,0.0,0.0,0.0,0.0,0.0,0.0,0.0,0.0,0.0,0.0,0.0,-229.32,590.4,819.72,40.0,0.0,Man City,0.9600000000000002,0.5279999999999999,Leeds,Leeds,2.8,2.328,0.2254010265733255,,0.5,0.11270051328666275
tom_king,4,0,GK,Everton,19,0,0,0,3,0,0,3,0.12160000000000003,0.0,0.0,0.0,0.0,0.0,0.0,0.0,0.0,0.0,0.0,0.0,0.0,0.0,0.0,0.0,0.0,0.0,0.0,0.0,0.0,0.0,0.0,-123.696,262.84799999999996,386.544,45.0,0.0,Spurs,0.704,1.1280000000000001,Chelsea,Chelsea,2.016,1.08,0.37192683625777456,,0.6312997347480105,0.2347973130751998
tom_watson,4,0,MID,Brighton,7,0,0,0,3,0,0,2,0.0,0.0,0.0,0.0,0.0,0.0,0.0,0.0,0.0,0.0,0.0,0.0,0.0,0.0,0.0,0.0,0.0,0.0,0.0,0.0,0.0,0.0,0.0,-27.816000000000003,0.0,27.816000000000003,50.0,0.0,Coventry City,3.784,2.2319999999999998,Crystal Palace,Crystal Palace,2.016,0.72,0.4518367028110868,,1.9562523122035174,0.883906594612602
tosin_adarabioyo,4,1,DEF,Spurs,9,1,0,0,3,0,0,3,0.2288,0.0,0.0,3.0,0.0,0.0,0.0,0.0,0.0,0.018,0.0,0.0,0.0,0.0,3.0,0.0,0.0,0.0,0.0,0.0,0.0,0.0,0.6,-1258.632,541.3679999999999,1800.0,44.4,0.0,Everton,0.0,0.84,Coventry City,Coventry City,0.0,0.0,0.5326148903720029,,2.0,1.0652297807440059
trai_hume,4,0,DEF,Sunderland,1,1,0,0,2,0,0,5,2.5328,0.0,0.0,5.120000000000001,0.096,4.3792,0.018240000000000003,0.020800000000000003,0.00256,0.30736,0.06400000000000002,0.0,0.8768000000000001,3.2992,19.936000000000003,0.0,0.0,0.0,0.0,0.0,0.16000000000000003,1.0240000000000002,0.944,-108642.67199999999,7703.664000000001,116346.336,44.4,0.0,Arsenal,0.4,0.5279999999999999,Bournemouth,Bournemouth,1.84,0.9359999999999999,1.1761468501080894,61014.0,0.8299837771311113,0.976182805113571
trevoh_chalobah,4,0,DEF,Chelsea,11,1,0,0,4,0,0,2,0.0,0.0,0.0,0.0,0.0,0.0,0.0,0.0,0.0,0.0,0.0,0.0,0.0,0.0,0.0,0.0,0.0,0.0,0.0,0.0,0.0,0.0,0.0,-2423.3280000000004,0.0,2423.3280000000004,55.0,0.0,Hull City,2.016,1.08,Everton,Everton,0.704,1.1280000000000001,0.7481643997859699,,0.5424745596985056,0.40586015335599074
trey_nyoni,4,0,MID,Liverpool,10,1,0,0,4,0,0,3,0.6120000000000001,0.0,0.0,1.0079999999999998,0.0,0.23520000000000005,0.0,0.0,0.0,0.04272000000000001,0.0,0.0,0.08640000000000002,0.6624000000000001,2.688,0.0,0.0,0.0,0.0,0.0,0.0,0.0,0.336,-298.824,390.264,689.088,49.4,0.0,Fulham,0.8,1.48,Brentford,Brentford,1.7280000000000002,1.1280000000000001,0.5688740848449514,,0.8050630177392176,0.4579794874589123
triston_rowe,4,0,DEF,Aston Villa,18,1,0,0,3,0,0,3,0.06400000000000002,0.0,0.0,0.0,0.0,0.0,0.0,0.0,0.0,0.0,0.0,0.0,0.0,0.0,0.0,0.0,0.0,0.0,0.0,0.0,0.0,0.0,0.0,1970.424,3434.16,1463.736,40.0,0.0,Nott'm Forest,0.6,0.24,Newcastle,Newcastle,1.4,0.592,0.31971581669575344,,0.5,0.15985790834787672
tyler_adams,4,2,MID,Bournemouth,4,1,0,0,3,0,0,3,1.8464,0.0,0.0,13.84,0.0,2.9232,0.0144,0.0324,0.018,0.38439999999999996,1.664,0.0,0.6304000000000001,3.312,69.576,0.0,0.0,0.0,0.0,0.0,0.84,0.0,2.32,1441.272,4988.592000000001,3547.32,50.0,0.0,Brentford,1.84,0.9359999999999999,Sunderland,Sunderland,0.4,0.5279999999999999,2.059275563088559,,1.1514852922976395,2.3712255236844153
tyler_bindon,4,0,DEF,Nott'm Forest,2,0,0,0,3,0,0,3,0.06400000000000002,0.0,0.0,0.0,0.0,0.0,0.0,0.0,0.0,0.0,0.0,0.0,0.0,0.0,0.0,0.0,0.0,0.0,0.0,0.0,0.0,0.0,0.0,-2127.672,139.20000000000002,2266.872,40.0,0.0,Aston Villa,1.392,2.1359999999999997,Arsenal,Arsenal,1.968,3.0,0.31971581669575344,,0.5,0.15985790834787672
tyler_dibling,4,0,MID,Everton,19,0,0,0,3,0,0,3,0.12800000000000003,0.0,0.0,0.0,0.0,0.0,0.0,0.0,0.0,0.0,0.0,0.0,0.0,0.0,0.0,0.0,0.0,0.0,0.0,0.0,0.0,0.0,0.0,-352.68,230.736,583.4159999999999,54.16,0.0,Spurs,0.704,1.1280000000000001,Chelsea,Chelsea,2.016,1.08,0.5488927216012092,,1.1080549312337,0.6082032868885062
tyler_fletcher,4,0,MID,Man Utd,15,1,0,0,4,0,0,5,0.06400000000000002,0.0,0.0,0.0,0.0,0.0,0.0,0.0,0.0,0.0,0.0,0.0,0.0,0.0,0.0,0.0,0.0,0.0,0.0,0.0,0.0,0.0,0.0,-1954.416,1371.6480000000001,3326.0640000000003,45.0,0.0,Man City,0.9600000000000002,0.5279999999999999,Leeds,Leeds,2.8,2.328,0.357353726298125,,0.7187245153676758,0.25683888374845293
tyler_fredricson,4,0,DEF,Man Utd,15,1,0,0,4,0,0,5,0.0,0.0,0.0,0.0,0.0,0.0,0.0,0.0,0.0,0.0,0.0,0.0,0.0,0.0,0.0,0.0,0.0,0.0,0.0,0.0,0.0,0.0,0.0,-235.44,0.0,235.44,40.0,0.0,Man City,0.9600000000000002,0.5279999999999999,Leeds,Leeds,2.8,2.328,0.3116643123295426,,0.5722487534816909,0.17834951423530915
tyrick_mitchell,4,1,DEF,Crystal Palace,12,1,0,0,3,0,0,2,3.9488,0.0,0.48,10.847999999999999,0.0,5.5248,0.054400000000000004,0.22336000000000003,0.16896,1.57864,2.192,0.48,3.8208,20.576,77.52000000000001,0.0,0.0,0.0,0.0,0.0,1.0,12.08,4.264,107079.21599999999,158587.68,51508.464,45.0,0.0,Ipswich Town,2.016,0.72,Brighton,Brighton,3.784,2.2319999999999998,2.696121272916013,15210.0,0.5,1.3480606364580066
tyrique_george,4,3,MID,Everton,19,0,0,0,3,0,0,3,4.268,0.0,0.72,18.184,0.664,10.9248,0.11288,0.1688,0.05592,0.56216,0.576,0.24,3.1744000000000003,11.632,71.168,0.0,0.0,0.0,0.0,0.0,1.0,9.136000000000001,4.584,21238.536,30683.807999999997,9445.272,55.0,0.0,Spurs,0.704,1.1280000000000001,Chelsea,Chelsea,2.016,1.08,2.908617803240195,,1.1080549312337,3.2229082999544296
tyrone_mings,4,0,DEF,Aston Villa,18,1,0,0,3,0,0,3,1.7888000000000002,0.0,0.0,7.040000000000001,0.24,1.056,0.0048000000000000004,0.0852,0.0804,1.3988800000000001,1.2,0.0,0.7808,3.6800000000000006,61.624,0.0,0.0,0.0,0.0,0.0,0.24,3.12,1.504,1117.056,4128.768,3011.7119999999995,45.0,0.6,Nott'm Forest,0.6,0.24,Newcastle,Newcastle,1.4,0.592,1.77996823696674,,0.5,0.88998411848337
valentin_barco,4,0,MID,Chelsea,11,1,0,0,4,0,0,2,0.36800000000000005,0.0,0.0,4.296,0.0,0.0,0.054,0.05784,0.0038400000000000005,0.33072,0.096,0.0,0.019200000000000002,0.0,13.368,0.0,0.0,0.0,0.0,0.0,0.0,0.384,0.096,-707.688,821.688,1529.3760000000002,55.0,0.6,Hull City,2.016,1.08,Everton,Everton,0.704,1.1280000000000001,0.9077678361380989,,1.157584013742825,1.0508175353033795
veljko_milosavljevic,4,0,DEF,Bournemouth,4,1,0,0,3,0,0,3,0.0,0.0,0.0,0.0,0.0,0.0,0.0,0.0,0.0,0.0,0.0,0.0,0.0,0.0,0.0,0.0,0.0,0.0,0.0,0.0,0.0,0.0,0.0,-114.672,70.224,184.89600000000002,50.0,0.0,Brentford,1.84,0.9359999999999999,Sunderland,Sunderland,0.4,0.5279999999999999,0.6026643706338275,,0.5,0.30133218531691375
victor_lindelof,4,1,DEF,Aston Villa,18,1,0,0,3,0,0,3,1.6688,0.0,0.0,8.048,0.24,6.0976,0.032880000000000006,0.29688000000000003,0.264,1.84592,1.552,0.0,1.3424,6.9312000000000005,90.0,0.06400000000000002,0.0,0.0,0.0,0.0,1.0,0.48,2.104,1644.384,4008.24,2363.8559999999998,45.0,0.0,Nott'm Forest,0.6,0.24,Newcastle,Newcastle,1.4,0.592,2.2693015676157233,,0.5,1.1346507838078617
victor_munoz,4,1,MID,Liverpool,10,1,0,0,4,0,0,3,3.7592,0.06400000000000002,0.0,8.424,0.24,3.2144,0.0256,0.12272000000000001,0.09712000000000001,0.75248,0.192,0.096,1.2816000000000003,4.499200000000001,60.888,0.0,0.0,0.0,0.0,0.0,0.9359999999999999,5.120000000000001,2.1519999999999997,8485.608,32991.696,24506.088000000003,65.0,0.096,Fulham,0.8,1.48,Brentford,Brentford,1.7280000000000002,1.1280000000000001,2.548933847085201,14969.0,0.8050630177392176,2.052052374952045
victor_torp,4,1,MID,Coventry City,5,1,0,0,2,0,0,3,0.872,0.0,0.0,2.504,0.0,1.3952,0.008000000000000002,0.008000000000000002,0.0,0.21272000000000002,0.696,0.0,0.176,0.43520000000000003,7.216,0.0,0.0,0.0,0.0,0.0,0.0,0.0,0.76,-1736.88,107.904,1844.784,54.16,0.0,Brighton,0.0,0.0,Spurs,Spurs,0.0,0.84,0.8123044212325351,,0.5922224071854413,0.4810648797097086
viktor_gyokeres,4,0,FWD,Arsenal,20,0,0,0,5,0,0,2,0.3456,0.0,0.0,0.48,0.0,0.024,0.0,0.0,0.0,0.026400000000000003,0.0,0.0,0.0,0.0,2.88,0.0,0.0,0.0,0.0,0.0,0.0,0.0,0.24,-123525.888,6479.136,130005.024,72.624,0.0,Sunderland,1.968,3.0,Nott'm Forest,Nott'm Forest,1.392,2.1359999999999997,0.8919942967469167,14969.0,0.6456799449698504,0.5759428284369695
virgil_van_dijk,4,8,DEF,Liverpool,10,1,0,0,4,0,0,3,3.5824,0.0,0.0,23.672,0.84,0.9472000000000002,0.01432,0.030320000000000007,0.016000000000000004,0.9219200000000001,0.32000000000000006,0.0,1.2240000000000002,9.568000000000001,90.0,0.0,0.0,0.0,0.0,0.0,1.0,1.7280000000000002,6.4639999999999995,-78803.976,71263.944,150067.91999999998,65.0,0.06400000000000002,Fulham,0.8,1.48,Brentford,Brentford,1.7280000000000002,1.1280000000000001,3.215838660408136,61014.0,0.7595468433242368,2.442580103153042
vitalii_mykolenko,4,11,DEF,Everton,19,0,0,0,3,0,0,3,4.7768,0.0,1.7999999999999998,27.12,0.664,1.5792000000000002,0.048560000000000006,0.048560000000000006,0.0,0.9124,0.576,0.0,0.9104,7.424000000000001,90.0,0.0,0.0,0.0,0.0,0.0,1.0,0.12800000000000003,7.608,24754.104,54129.263999999996,29375.16,45.0,0.0,Spurs,0.704,1.1280000000000001,Chelsea,Chelsea,2.016,1.08,2.798279868728039,,0.8639872652827262,2.417678171278044
vitaly_janelt,4,4,MID,Brentford,3,0,0,0,3,0,0,3,5.976,0.0,0.72,22.496000000000002,0.06400000000000002,6.6256,0.07472000000000001,0.12608000000000003,0.05136000000000001,1.63704,1.536,0.30400000000000005,2.9120000000000004,16.4992,90.0,0.0,0.0,0.0,0.0,0.0,1.0,6.0,5.712,90077.304,116222.66399999999,26145.359999999997,50.0,0.4,Bournemouth,1.7280000000000002,1.1280000000000001,Liverpool,Liverpool,0.8,1.48,3.254990227489049,,1.32357378499298,4.308219735512842
vitezslav_jaros,4,0,GK,Liverpool,10,1,0,0,4,0,0,3,0.0,0.0,0.0,0.0,0.0,0.0,0.0,0.0,0.0,0.0,0.0,0.0,0.0,0.0,0.0,0.0,0.0,0.0,0.0,0.0,0.0,0.0,0.0,143.784,487.60799999999995,343.824,40.0,0.0,Fulham,0.8,1.48,Brentford,Brentford,1.7280000000000002,1.1280000000000001,0.22518982294145728,,0.8063660477453581,0.1815854275177799
vitor_de_oliveira_nunes_dos_reis,4,0,DEF,Man City,16,0,0,0,5,0,0,4,0.3488,0.0,0.0,0.288,0.0,0.08640000000000002,0.0,0.0,0.0,0.0,0.0,0.0,0.019200000000000002,0.1152,0.096,0.0,0.0,0.0,0.0,0.0,0.0,0.0,0.096,-160.248,95.47200000000001,255.71999999999997,45.0,0.0,Man Utd,1.3520000000000003,3.0,Ipswich Town,Ipswich Town,2.12,1.992,0.506675931781877,,1.3387159533208166,0.6782951530400885
walter_benitez,4,2,GK,Crystal Palace,12,1,0,0,3,0,0,2,0.42160000000000003,0.0,0.0,1.7999999999999998,0.0,0.0,0.0,0.0,0.0,1.008,1.7999999999999998,0.0,0.0,0.0,54.0,0.0,0.0,0.0,0.0,1.7999999999999998,0.6,0.0,1.2,-475.60799999999995,538.248,1013.8559999999999,45.0,0.0,Ipswich Town,2.016,0.72,Brighton,Brighton,3.784,2.2319999999999998,1.8148986743199451,,0.5,0.9074493371599726
wellity_lucky,4,0,DEF,Liverpool,10,1,0,0,4,0,0,3,0.06400000000000002,0.0,0.0,0.0,0.0,0.0,0.0,0.0,0.0,0.0,0.0,0.0,0.0,0.0,0.0,0.0,0.0,0.0,0.0,0.0,0.0,0.0,0.0,-439.704,898.368,1338.072,40.0,0.0,Fulham,0.8,1.48,Brentford,Brentford,1.7280000000000002,1.1280000000000001,0.31971581669575344,,0.7595468433242368,0.24283913933208987
wes_burns,4,0,MID,Ipswich Town,8,0,0,0,2,0,0,3,0.0,0.0,0.0,0.0,0.0,0.0,0.0,0.0,0.0,0.0,0.0,0.0,0.0,0.0,0.0,0.0,0.0,0.0,0.0,0.0,0.0,0.0,0.0,-62.856,0.0,62.856,50.0,0.0,Crystal Palace,2.12,1.992,Man City,Man City,1.3520000000000003,3.0,0.4518367028110868,,0.568072032915532,0.25667579431174514
wesley_fofana,4,1,DEF,Chelsea,11,1,0,0,4,0,0,2,0.84,0.0,0.0,9.648,0.0,5.5584,0.02856,0.02856,0.0,1.14696,1.8719999999999999,0.0,1.704,11.4144,79.032,0.0,0.0,0.0,0.0,0.0,0.9359999999999999,0.0,1.3199999999999998,4801.632,6323.208,1521.576,50.0,0.096,Hull City,2.016,1.08,Everton,Everton,0.704,1.1280000000000001,2.1457889281620766,14971.0,0.5424745596985056,1.1640359040106507
wilfried_gnonto,4,0,MID,Leeds,17,1,0,0,2,0,0,3,0.0,0.0,0.0,0.0,0.0,0.0,0.0,0.0,0.0,0.0,0.0,0.0,0.0,0.0,0.0,0.0,0.0,0.0,0.0,0.0,0.0,0.0,0.0,-379.368,55.967999999999996,435.336,50.0,0.0,Newcastle,2.8,2.328,Man Utd,Man Utd,0.9600000000000002,0.5279999999999999,0.4518367028110868,,0.7674984210824493,0.346783955994609
will_dennis,4,0,GK,Bournemouth,4,1,0,0,3,0,0,3,0.06400000000000002,0.0,0.0,0.0,0.0,0.0,0.0,0.0,0.0,0.0,0.0,0.0,0.0,0.0,0.0,0.0,0.0,0.0,0.0,0.0,0.0,0.0,0.0,-1669.824,108.76800000000001,1778.5919999999999,40.0,0.0,Brentford,1.84,0.9359999999999999,Sunderland,Sunderland,0.4,0.5279999999999999,0.22835477258369963,,0.7798408488063661,0.178080379680657
will_hughes,4,1,MID,Crystal Palace,12,1,0,0,3,0,0,2,0.436,0.0,0.0,4.319999999999999,0.0,0.072,0.024,0.024,0.0,0.4668,0.6,0.0,0.072,0.576,11.64,0.0,0.0,0.0,0.0,0.0,0.0,0.0,0.84,-82127.928,26929.392,109057.31999999999,45.0,0.0,Ipswich Town,2.016,0.72,Brighton,Brighton,3.784,2.2319999999999998,0.6825607747277525,,0.7196973863863351,0.49123720562139545
william_osula,4,0,FWD,Newcastle,13,0,0,0,3,0,0,2,0.12800000000000003,0.06400000000000002,0.0,1.1520000000000001,0.0,0.8768000000000001,0.008960000000000001,0.012800000000000004,0.0038400000000000005,0.09472000000000001,0.06400000000000002,0.0,0.32000000000000006,1.8048000000000002,3.5200000000000005,0.0,0.0,0.0,0.0,0.0,0.06400000000000002,0.5120000000000001,0.25600000000000006,-17228.928,2227.1040000000003,19456.032,59.16,0.0,Leeds,1.4,0.592,Aston Villa,Aston Villa,0.6,0.24,0.716122942548147,14974.0,1.0316010152520008,0.7387531545779187
william_saliba,4,0,DEF,Arsenal,20,0,0,0,5,0,0,2,0.0,0.0,0.0,0.0,0.0,0.0,0.0,0.0,0.0,0.0,0.0,0.0,0.0,0.0,0.0,0.0,0.0,0.0,0.0,0.0,0.0,0.0,0.0,-3133.92,786.6959999999999,3920.616,59.4,0.0,Sunderland,1.968,3.0,Nott'm Forest,Nott'm Forest,1.392,2.1359999999999997,0.8762044254398553,14970.0,2.0,1.7524088508797107
wilson_isidor,4,1,FWD,Sunderland,1,1,0,0,2,0,0,5,3.6792,0.24,0.288,7.175999999999999,0.0,0.0944,0.0024000000000000002,0.15984,0.15744000000000002,0.7919200000000001,0.664,0.096,0.7824000000000002,2.8512000000000004,22.208000000000002,0.0,0.0,0.0,0.0,0.0,0.0,4.800000000000001,2.3920000000000003,19289.424,37370.520000000004,18081.095999999998,55.0,0.0,Arsenal,0.4,0.5279999999999999,Bournemouth,Bournemouth,1.84,0.9359999999999999,1.6420616329055957,79641.0,0.5,0.8210308164527979
wilson_odobert,4,0,MID,Spurs,9,1,0,0,3,0,0,3,0.0,0.0,0.0,0.0,0.0,0.0,0.0,0.0,0.0,0.0,0.0,0.0,0.0,0.0,0.0,0.0,0.0,0.0,0.0,0.0,0.0,0.0,0.0,7.871999999999999,29.616,21.744,55.0,0.0,Everton,0.0,0.84,Coventry City,Coventry City,0.0,0.0,0.5528331617856792,,0.9454694944698857,0.5226868899996947
xaver_schlager,4,3,MID,Nott'm Forest,2,0,0,0,3,0,0,3,2.6639999999999997,0.0,0.0,16.752,0.24,0.6832,0.0264,0.07440000000000001,0.048,0.92272,0.8560000000000001,0.0,0.664,4.7616000000000005,85.264,0.0,0.0,0.0,0.0,0.0,0.9359999999999999,1.04,2.968,-205.296,979.7280000000001,1185.024,50.0,0.6,Aston Villa,1.392,2.1359999999999997,Arsenal,Arsenal,1.968,3.0,2.518394713701454,,0.5,1.259197356850727
xavi_simons,4,0,MID,Spurs,9,1,0,0,3,0,0,3,0.0,0.0,0.0,0.0,0.0,0.0,0.0,0.0,0.0,0.0,0.0,0.0,0.0,0.0,0.0,0.0,0.0,0.0,0.0,0.0,0.0,0.0,0.0,-161.424,77.712,239.13600000000002,59.4,0.0,Everton,0.0,0.84,Coventry City,Coventry City,0.0,0.0,0.6417100456833207,,0.9454694944698857,0.6067172724884564
yankuba_minteh,4,0,MID,Brighton,7,0,0,0,3,0,0,2,0.0,0.0,0.0,0.0,0.0,0.0,0.0,0.0,0.0,0.0,0.0,0.0,0.0,0.0,0.0,0.0,0.0,0.0,0.0,0.0,0.0,0.0,0.0,-1195.536,55.32,1250.856,59.16,0.0,Coventry City,3.784,2.2319999999999998,Crystal Palace,Crystal Palace,2.016,0.72,0.6368622156525403,,1.9562523122035174,1.2458631819253372
yann_gboho,4,0,MID,Coventry City,5,1,0,0,2,0,0,3,2.0,0.0,0.0,0.0,0.0,0.0,0.0,0.0,0.0,0.0,0.0,0.0,0.0,0.0,0.0,0.0,0.0,0.0,0.0,0.0,0.0,0.0,0.0,58.0,65.0,7.0,55.0,0.0,Brighton,0.0,0.0,Spurs,Spurs,0.0,0.84,0.7563794887116405,,0.5922224071854413,0.44794488155050105
yasin_ayari,4,8,MID,Brighton,7,0,0,0,3,0,0,2,2.264,0.0,0.0,27.632,0.664,4.5120000000000005,0.029519999999999998,0.26336000000000004,0.23384,1.4077600000000001,0.24,0.6,1.1648,2.736,79.632,0.0,0.0,0.0,0.0,0.0,0.904,4.704,5.4079999999999995,-7708.271999999999,1872.984,9581.256000000001,54.16,0.06400000000000002,Coventry City,3.784,2.2319999999999998,Crystal Palace,Crystal Palace,2.016,0.72,2.7581070094844087,,1.9562523122035174,5.395553214608603
yehor_yarmoliuk,4,4,MID,Brentford,3,0,0,0,3,0,0,3,1.26,0.6,0.0,12.472000000000001,0.0,2.0672,0.13176,0.14152,0.00976,1.20952,1.536,0.0,0.42240000000000005,1.0048,49.688,0.0,0.0,0.0,0.0,0.0,0.6,1.056,2.56,-14994.264,753.36,15747.624,49.16,0.24,Bournemouth,1.7280000000000002,1.1280000000000001,Liverpool,Liverpool,0.8,1.48,1.7763290019217324,,1.32357378499298,2.3511025004663497
yeremy_pino_santos,4,1,MID,Crystal Palace,12,1,0,0,3,0,0,2,3.104,0.336,0.0,11.248000000000001,0.0,13.9104,0.08600000000000002,0.15464000000000003,0.06864,1.16064,1.3679999999999999,0.0,1.9760000000000002,3.0848,51.391999999999996,0.0,0.0,0.0,0.0,0.0,0.9359999999999999,2.688,2.3440000000000003,17075.736,23448.983999999997,6373.248,55.0,0.0,Ipswich Town,2.016,0.72,Brighton,Brighton,3.784,2.2319999999999998,2.19174136841876,,0.7196973863863351,1.577390534485791
yoane_wissa,4,2,FWD,Newcastle,13,0,0,0,3,0,0,2,4.016,0.06400000000000002,0.192,7.4799999999999995,0.096,3.7840000000000007,0.00848,0.20208,0.1936,1.788,2.944,0.096,1.4608,4.6976,89.136,0.0,0.0,0.0,0.0,0.0,1.0,6.208,2.4640000000000004,451732.464,630956.8319999999,179224.36800000002,61.44,0.30400000000000005,Leeds,1.4,0.592,Aston Villa,Aston Villa,0.6,0.24,3.650002841119634,14971.0,1.0316010152520008,3.7653466365717017
younes_ibrahim,4,0,MID,Brighton,7,0,0,0,3,0,0,2,1.1,0.0,0.0,0.0,0.0,0.0,0.0,0.0,0.0,0.0,0.0,0.0,0.0,0.0,0.0,0.0,0.0,0.0,0.0,0.0,0.0,0.0,0.0,0.0,0.0,0.0,45.0,0.0,Coventry City,3.784,2.2319999999999998,Crystal Palace,Crystal Palace,2.016,0.72,0.4627907236457729,,1.9562523122035174,0.9053354231983822
youri_tielemans,4,2,MID,Man Utd,15,1,0,0,4,0,0,5,2.5768000000000004,0.0,0.0,16.408,0.0,9.704,0.056,0.11568,0.059680000000000004,0.8183199999999999,1.4,0.0,2.216,7.9712000000000005,74.064,0.0,0.0,0.0,0.0,0.0,1.0,4.336,2.192,-29726.088000000003,9004.416000000001,38730.504,59.16,0.0,Man City,0.9600000000000002,0.5279999999999999,Leeds,Leeds,2.8,2.328,2.5905391108746487,14974.0,0.7187245153676758,1.8618839670043916
zach_abbott,4,0,DEF,Nott'm Forest,2,0,0,0,3,0,0,3,0.06400000000000002,0.0,0.0,0.0,0.0,0.0,0.0,0.0,0.0,0.0,0.0,0.0,0.0,0.0,0.0,0.0,0.0,0.0,0.0,0.0,0.0,0.0,0.0,-3383.4719999999998,446.736,3830.2079999999996,40.0,0.0,Aston Villa,1.392,2.1359999999999997,Arsenal,Arsenal,1.968,3.0,0.31971581669575344,,0.5,0.15985790834787672
zadok_yohanna,4,0,MID,Brighton,7,0,0,0,3,0,0,2,0.21600000000000003,0.0,0.0,0.19200000000000006,0.0,0.08320000000000001,0.0019200000000000003,0.0019200000000000003,0.0,0.0,0.0,0.0,0.012800000000000004,0.012800000000000004,0.7680000000000002,0.0,0.0,0.0,0.0,0.0,0.0,0.0,0.06400000000000002,-984.4559999999999,350.688,1335.144,49.4,0.0,Coventry City,3.784,2.2319999999999998,Crystal Palace,Crystal Palace,2.016,0.72,0.48073255732566667,,1.9562523122035174,0.9404341768198454
zavier_gozo,4,1,MID,Crystal Palace,12,1,0,0,3,0,0,2,0.516,0.0,0.0,2.0879999999999996,0.0,0.12480000000000002,0.0,0.0,0.0,0.3072,0.696,0.0,0.0288,0.13440000000000002,5.712,0.0,0.0,0.0,0.0,0.0,0.0,0.0,0.696,-75.55199999999999,113.616,189.168,50.0,0.0,Ipswich Town,2.016,0.72,Brighton,Brighton,3.784,2.2319999999999998,0.648859012413957,,0.7196973863863351,0.4669821353675434
zian_flemming,4,5,FWD,Ipswich Town,8,0,0,0,2,0,0,3,2.52,0.0,0.0,20.8,0.0,0.2,0.004,0.324,0.32,0.26999999999999996,0.6,0.6,0.44000000000000006,1.2800000000000002,25.8,0.0,0.0,0.0,0.0,0.0,0.0,2.8000000000000003,3.4,1712.2,2218.8,506.59999999999997,55.0,0.0,Crystal Palace,2.12,1.992,Man City,Man City,1.3520000000000003,3.0,1.682265600101665,61014.0,1.7032456767995168,2.8653116106017054
zion_suzuki,4,2,GK,Aston Villa,18,1,0,0,3,0,0,3,3.3224,0.0,0.72,20.088,0.24,0.0,0.006,0.006,0.0,1.6046399999999998,1.296,0.0,0.7824000000000001,7.833600000000001,84.24,0.0,0.0,0.0,0.0,4.056,0.9359999999999999,0.0,3.7920000000000007,43783.368,58541.544,14758.176,50.0,0.0,Nott'm Forest,0.6,0.24,Newcastle,Newcastle,1.4,0.592,3.012827857613134,14971.0,0.5570291777188329,1.6782330241346368
